step,year,live,pullers,N,free_slots,compact_slot,compact_phase,compact_mass_earth,compact_R,merge_compact,merge_other,merge_unattr,roche_events,roche_fragments,roche_zero_frag,belt_frac_compact,belt_frac_other,belt_frac_roche_escaped,belt_frac_reservoir,belt_frac_sublimated,belt_frac_alive_bound,belt_frac_alive_unbound,cloud_n,cloud_E,cloud_E_plus_merged,roche_dissipated,peri_min_Rc,peri_p01_Rc,peri_p10_Rc,peri_p50_Rc,peri_lt10Rc,peri_lt100Rc,peri_lt1000Rc,ms_per_step
0,0.17894830970484318,5251,11,5251,261,5250,NeutronStar,466700,0.000237092,0,0,0,0,0,0,0,0,0,0,0,1,0,5000,-8.378949352071334E-06,-8.378949352071334E-06,0,0.110828,76.2604,8242.05,696655,20,59,204,0.000
50,0.2721505543427825,5512,11,5512,0,5250,NeutronStar,466700,0.000237092,0,5,9,527,625,366,0,5.91155E-11,6.29976E-09,0.0422378,0,0.942349,0.0151921,4966,-4.991482971970138E-06,-4.991482971970138E-06,0.00012191729626647322,0.110602,130.698,9109.35,527480,13,45,154,14.852
100,0.36535279898072076,5511,11,5512,1,5250,NeutronStar,466700,0.000237092,0,5,60,901,849,656,0,5.91155E-11,7.15718E-09,0.0757793,0,0.615497,0.308342,3526,-3.229569915878303E-06,-3.229569915878303E-06,0.0008166884572111231,0.761023,142.083,6567.15,131892,3,33,61,12.666
150,0.458555043618659,5512,11,5512,0,5250,NeutronStar,466700,0.000237092,1,5,94,1259,1105,899,1.73202E-15,5.91155E-11,0.000166744,0.0997704,0,0.386026,0.513513,2500,-2.010510295195569E-06,-2.0105102952302594E-06,0.0012984868984828343,0.647837,242.031,3760.99,61220.6,5,15,59,11.579
200,0.5517572882565988,5342,9,5512,170,5250,NeutronStar,466700,0.000237092,74,190,94,1355,1273,962,8.01821E-06,0.0046024,0.00610589,0.104474,0,0.0117678,0.872376,511,-5.468062544247256E-07,-5.498675705766225E-07,0.001300028466489352,1810.46,2008.9,2830.98,8914.23,0,0,0,8.672
250,0.6449595328945398,5512,7,5512,0,5250,BlackHole,800033,8.40193E-05,205,190,96,1523,1727,1053,9.28675E-05,0.0046024,0.006111,0.109719,0,0.861753,0.0170559,4813,-8.69193657930838E-06,-8.714080431557109E-06,0.0024273992629671014,8094.22,15957.4,76747.5,1.11391E+06,0,0,0,7.983
300,0.7381617775324808,5511,7,5512,1,5250,BlackHole,800033,8.40193E-05,205,191,96,1531,1735,1057,9.28675E-05,0.0046024,0.006111,0.110078,0,0.861394,0.0170559,4813,-8.67899177642133E-06,-8.701135628670059E-06,0.002427399312457185,9355.32,15639.5,76601.3,1.11372E+06,0,0,0,7.462
350,0.8313640221704218,5502,7,5512,10,5250,BlackHole,800033,8.40193E-05,205,198,96,1535,1737,1060,9.28675E-05,0.00578619,0.006111,0.111153,0,0.859135,0.0170559,4805,-8.626633989538951E-06,-8.64877784178768E-06,0.002427399312457185,9183.46,14448.3,76608.3,1.11457E+06,0,0,0,7.518
400,0.9245662668083628,5499,7,5512,13,5250,BlackHole,800033,8.40193E-05,205,200,96,1536,1737,1061,9.28675E-05,0.00605748,0.006111,0.111657,0,0.858361,0.0170559,4802,-8.606621538800515E-06,-8.628765391049244E-06,0.002427399312457185,8874.5,14699.9,76619.3,1.11479E+06,0,0,0,7.427
450,1.0177685114463029,5510,7,5512,2,5250,BlackHole,800033,8.40193E-05,205,200,96,1539,1751,1063,9.28675E-05,0.00605748,0.006111,0.111783,0,0.858234,0.0170559,4813,-8.603535704359403E-06,-8.625679556608132E-06,0.002427399312457185,11920,15422.7,69807.3,1.1136E+06,0,0,0,7.479
500,1.1109707560842383,5512,7,5512,0,5250,BlackHole,800033,8.40193E-05,205,201,96,1540,1755,1063,9.28675E-05,0.00605748,0.006111,0.111783,0,0.858234,0.0170559,4815,-8.604043086604804E-06,-8.626186938853533E-06,0.002427399312457185,9734.75,15663.2,67325.7,1.11359E+06,0,0,0,7.430
550,1.2041730007221738,5509,7,5512,3,5250,BlackHole,800033,8.40193E-05,205,204,96,1540,1755,1063,9.28675E-05,0.00681689,0.006111,0.111783,0,0.857475,0.0170559,4812,-8.587494274959752E-06,-8.60963812720848E-06,0.002427399312457185,8974.67,15981,67435.3,1.11424E+06,0,0,0,7.503
600,1.2973752453601093,5508,7,5512,4,5250,BlackHole,800033,8.40193E-05,205,205,96,1540,1755,1063,9.28675E-05,0.00721143,0.006111,0.111783,0,0.85708,0.0170559,4811,-8.574350611760697E-06,-8.596494464009426E-06,0.002427399312457185,9770.97,15673.9,67149.2,1.11425E+06,0,0,0,7.500
650,1.3905774899980448,5508,7,5512,4,5250,BlackHole,800033,8.40193E-05,205,205,96,1540,1755,1063,9.28675E-05,0.00721143,0.006111,0.111783,0,0.85708,0.0170559,4811,-8.57264671719107E-06,-8.594790569439798E-06,0.002427399312457185,10388.3,14763.7,67351.8,1.11445E+06,0,0,0,7.488
700,1.4837797346359802,5506,7,5512,6,5250,BlackHole,800033,8.40193E-05,205,207,96,1540,1755,1063,9.28675E-05,0.00760992,0.006111,0.111783,0,0.856682,0.0170559,4809,-8.561562228436848E-06,-8.583706080685577E-06,0.002427399312457185,11110.2,14510.4,65942.5,1.11642E+06,0,0,0,7.518
750,1.5769819792739157,5505,7,5512,7,5250,BlackHole,800033,8.40193E-05,205,208,96,1540,1755,1063,9.28675E-05,0.00822653,0.006111,0.111783,0,0.856065,0.0170559,4808,-8.54861893566151E-06,-8.57076278791024E-06,0.002427399312457185,9490.29,15185.3,65939.4,1.11973E+06,0,0,0,7.465
800,1.6701842239118512,5504,7,5512,8,5250,BlackHole,800033,8.40193E-05,205,209,96,1540,1755,1063,9.28675E-05,0.00834521,0.006111,0.111783,0,0.855947,0.0170559,4807,-8.544584691701244E-06,-8.566728543949973E-06,0.002427399312457185,9211.25,15693.7,66103.5,1.1209E+06,0,0,0,7.595
850,1.7633864685497866,5504,7,5512,8,5250,BlackHole,800033,8.40193E-05,205,209,96,1540,1755,1063,9.28675E-05,0.00834521,0.006111,0.111783,0,0.855947,0.0170559,4807,-8.54464262120126E-06,-8.56678647344999E-06,0.002427399312457185,9335.09,16011.3,66094.2,1.12069E+06,0,0,0,7.500
900,1.8565887131877221,5504,7,5512,8,5250,BlackHole,800033,8.40193E-05,205,209,96,1540,1755,1063,9.28675E-05,0.00834521,0.006111,0.111783,0,0.855947,0.0170559,4807,-8.546164450944372E-06,-8.568308303193101E-06,0.002427399312457185,10074.1,15702.6,65727.5,1.11971E+06,0,0,0,7.479
950,1.9497909578256576,5504,7,5512,8,5250,BlackHole,800033,8.40193E-05,205,209,96,1540,1755,1063,9.28675E-05,0.00834521,0.006111,0.111783,0,0.855947,0.0170559,4807,-8.548064780888812E-06,-8.570208633137541E-06,0.002427399312457185,10667.1,15410.9,65904.4,1.11918E+06,0,0,0,7.479
1000,2.042993202463593,5503,7,5512,9,5250,BlackHole,800033,8.40193E-05,205,210,96,1540,1755,1063,9.28675E-05,0.00838372,0.006111,0.111783,0,0.855908,0.0170559,4806,-8.548670475915625E-06,-8.570814328164355E-06,0.002427399312457185,9293.39,14395.7,66559,1.11887E+06,0,0,0,7.461
1050,2.1361954471015285,5503,7,5512,9,5250,BlackHole,800033,8.40193E-05,205,210,96,1540,1755,1063,9.28675E-05,0.00838372,0.006111,0.111783,0,0.855908,0.0170559,4806,-8.550627194811596E-06,-8.572771047060325E-06,0.002427399312457185,10813.4,14951.8,66558,1.1187E+06,0,0,0,7.418
1100,2.229397691739464,5503,7,5512,9,5250,BlackHole,800033,8.40193E-05,205,210,96,1540,1755,1063,9.28675E-05,0.00838372,0.006111,0.111783,0,0.855908,0.0170559,4806,-8.551860307839302E-06,-8.574004160088032E-06,0.002427399312457185,8934.79,15699.4,66337.7,1.11846E+06,0,0,0,7.436
1150,2.3225999363773995,5502,7,5512,10,5250,BlackHole,800033,8.40193E-05,205,211,96,1540,1755,1063,9.28675E-05,0.00838792,0.006111,0.111783,0,0.855904,0.0170559,4805,-8.552030486723989E-06,-8.574174338972718E-06,0.002427399312457185,9709.74,16048.4,65886.2,1.11834E+06,0,0,0,7.452
1200,2.415802181015335,5502,7,5512,10,5250,BlackHole,800033,8.40193E-05,205,211,96,1540,1755,1063,9.28675E-05,0.00838792,0.006111,0.111783,0,0.855904,0.0170559,4805,-8.552324195945025E-06,-8.574468048193754E-06,0.002427399312457185,10341,15725.2,66008.4,1.11822E+06,0,0,0,7.439
1250,2.5090044256532704,5502,7,5512,10,5250,BlackHole,800033,8.40193E-05,205,211,96,1540,1755,1063,9.28675E-05,0.00838792,0.006111,0.111783,0,0.855904,0.0170559,4805,-8.552223093236471E-06,-8.5743669454852E-06,0.002427399312457185,9280.74,16063,66669.1,1.11811E+06,0,0,0,7.471
1300,2.602206670291206,5500,7,5512,12,5250,BlackHole,800033,8.40193E-05,205,213,96,1540,1755,1063,9.28675E-05,0.00847894,0.006111,0.111783,0,0.855813,0.0170559,4803,-8.551325420628346E-06,-8.573469272877075E-06,0.002427399312457185,10639.1,14429.1,65727.7,1.11797E+06,0,0,0,7.551
1350,2.6954089149291414,5500,7,5512,12,5250,BlackHole,800033,8.40193E-05,205,213,96,1540,1755,1063,9.28675E-05,0.00847894,0.006111,0.111783,0,0.855813,0.0170559,4803,-8.551299293344196E-06,-8.573443145592925E-06,0.002427399312457185,9400.45,14728,65880.2,1.1177E+06,0,0,0,7.506
1400,2.788611159567077,5500,7,5512,12,5250,BlackHole,800033,8.40193E-05,205,213,96,1540,1755,1063,9.28675E-05,0.00847894,0.006111,0.111783,0,0.855813,0.0170559,4803,-8.551062154195515E-06,-8.573206006444245E-06,0.002427399312457185,9263.07,15454.4,66663.4,1.11735E+06,0,0,0,7.544
1450,2.8818134042050123,5500,7,5512,12,5250,BlackHole,800033,8.40193E-05,205,213,96,1540,1755,1063,9.28675E-05,0.00847894,0.006111,0.111783,0,0.855813,0.0170559,4803,-8.551475433516458E-06,-8.573619285765187E-06,0.002427399312457185,10023,16096.4,66422.6,1.117E+06,0,0,0,7.539
1500,2.975015648842948,5499,7,5512,13,5250,BlackHole,800033,8.40193E-05,205,214,96,1540,1755,1063,9.28675E-05,0.00876461,0.006111,0.111783,0,0.855527,0.0170559,4802,-8.5501252343884E-06,-8.57226908663713E-06,0.002427399312457185,9692.23,15744.1,65972.1,1.11708E+06,0,0,0,7.478
1550,3.0682178934808833,5499,7,5512,13,5250,BlackHole,800033,8.40193E-05,205,214,96,1540,1755,1063,9.28675E-05,0.00876461,0.006111,0.111783,0,0.855527,0.0170559,4802,-8.548470665308233E-06,-8.570614517556962E-06,0.002427399312457185,10464.5,16115.6,65840.2,1.11686E+06,0,0,0,7.581
1600,3.1614201381188187,5498,7,5512,14,5250,BlackHole,800033,8.40193E-05,205,215,96,1540,1755,1063,9.28675E-05,0.00879078,0.006111,0.111783,0,0.855501,0.0170559,4801,-8.547409787351643E-06,-8.569553639600372E-06,0.002427399312457185,11944,14707.4,65955.8,1.1169E+06,0,0,0,7.582
1650,3.254622382756754,5494,7,5512,18,5250,BlackHole,800033,8.40193E-05,205,218,96,1541,1755,1064,9.28675E-05,0.00910401,0.006111,0.112158,0,0.854813,0.0170559,4797,-8.539623616462912E-06,-8.56176746871164E-06,0.002427399312457185,8913.09,14532.4,66176.5,1.117E+06,0,0,0,7.519
1700,3.3478246273946897,5494,7,5512,18,5250,BlackHole,800033,8.40193E-05,205,218,96,1541,1755,1064,9.28675E-05,0.00910401,0.006111,0.112158,0,0.854813,0.0170559,4797,-8.540101077121065E-06,-8.562244929369794E-06,0.002427399312457185,9646.18,15216.3,65442.9,1.11702E+06,0,0,0,7.407
1750,3.441026872032625,5492,7,5512,20,5250,BlackHole,800033,8.40193E-05,205,219,96,1542,1755,1065,9.28675E-05,0.00935009,0.006111,0.112644,0,0.854081,0.0170559,4795,-8.523292985045045E-06,-8.545436837293774E-06,0.002427399312457185,10293.8,15995.8,65891.3,1.11723E+06,0,0,0,7.371
1800,3.5342291166705606,5489,7,5512,23,5250,BlackHole,800033,8.40193E-05,205,221,96,1543,1755,1066,9.28675E-05,0.00962479,0.006111,0.112657,0,0.853792,0.0170559,4792,-8.515743640403424E-06,-8.537887492652153E-06,0.002427399312457185,10279.7,15760.1,66749.8,1.11818E+06,0,0,0,7.384
1850,3.627431361308496,5486,7,5512,26,5250,BlackHole,800033,8.40193E-05,205,223,96,1544,1755,1067,9.28675E-05,0.0105533,0.006111,0.112673,0,0.852849,0.0170559,4789,-8.484581695935652E-06,-8.506725548184381E-06,0.002427399312457185,12107,16186.1,65719.6,1.11846E+06,0,0,0,7.385
1900,3.7206336059464316,5485,7,5512,27,5250,BlackHole,800033,8.40193E-05,205,224,96,1544,1755,1067,9.28675E-05,0.0106538,0.006111,0.112673,0,0.852748,0.0170559,4788,-8.482965587588618E-06,-8.505109439837347E-06,0.002427399312457185,9330.11,15309.9,65992.3,1.12019E+06,0,0,0,7.400
1950,3.813835850584367,5511,7,5512,1,5250,BlackHole,800033,8.40193E-05,205,226,96,1546,1785,1068,9.28675E-05,0.0106559,0.006111,0.11268,0,0.852739,0.0170559,4814,-8.481733893266978E-06,-8.503877745515707E-06,0.002427399312457185,9191.89,14404.5,69533.4,1.11666E+06,0,0,0,7.334
2000,3.9070380952223025,5511,7,5512,1,5250,BlackHole,800033,8.40193E-05,205,226,96,1546,1785,1068,9.28675E-05,0.0106559,0.006111,0.11268,0,0.852739,0.0170559,4814,-8.482870648204068E-06,-8.505014500452797E-06,0.002427399312457185,9970.24,14982.9,69411.3,1.11718E+06,0,0,0,7.444
3000,5.771082987981434,5467,7,5512,45,5250,BlackHole,800033,8.40193E-05,205,302,96,1558,1829,1079,9.28675E-05,0.0150702,0.006111,0.116103,0,0.844901,0.0170559,4770,-8.367207657935474E-06,-8.389351510184203E-06,0.002427399312457185,10289.5,15766.1,66286.9,1.12073E+06,0,0,0,6.821
4000,7.635127880740588,5503,7,5512,9,5250,BlackHole,800033,8.40193E-05,205,319,96,1563,1887,1081,9.28675E-05,0.0188482,0.006111,0.11644,0,0.840787,0.0170559,4806,-8.293462246688106E-06,-8.315606098936835E-06,0.002427399312457185,10696.4,15836.1,65882.3,1.11299E+06,0,0,0,6.819
5000,9.49917277349974,5510,7,5512,2,5250,BlackHole,800033,8.40193E-05,205,336,96,1567,1915,1083,9.28675E-05,0.0231479,0.006111,0.116678,0,0.836249,0.0170559,4813,-8.19688887854623E-06,-8.21903273079496E-06,0.002427399312457185,9228.82,15863.2,65022.9,1.11053E+06,0,0,0,6.841
6000,11.363217666258894,5488,7,5512,24,5250,BlackHole,800033,8.40193E-05,205,354,96,1571,1915,1087,9.28675E-05,0.0261973,0.006111,0.118164,0,0.831713,0.0170559,4791,-8.096504028764858E-06,-8.118647881013587E-06,0.002427399312457185,9255.89,15736.2,65946.7,1.11654E+06,0,0,0,6.842
7000,13.227262559018047,5446,7,5512,66,5250,BlackHole,800033,8.40193E-05,205,393,96,1574,1915,1090,9.28675E-05,0.0277882,0.006111,0.119489,0,0.828798,0.0170559,4749,-8.046262446693515E-06,-8.068406298942244E-06,0.002427399312457185,10126,14387.3,64417.9,1.11988E+06,0,0,0,6.803
8000,15.091307451777201,5508,7,5512,4,5250,BlackHole,800033,8.40193E-05,205,409,96,1586,2005,1099,9.28675E-05,0.0289947,0.006111,0.121757,0,0.825323,0.0170559,4811,-7.990910771606404E-06,-8.013054623855133E-06,0.002427399312457185,9283.48,14934.9,66047.1,1.11102E+06,0,0,0,6.762
9000,16.955352344536355,5484,7,5512,28,5250,BlackHole,800033,8.40193E-05,205,428,96,1591,2005,1104,9.28675E-05,0.0307902,0.006111,0.123571,0,0.821714,0.0170559,4787,-7.94098728749581E-06,-7.963131139744539E-06,0.002427399312457185,10620.3,15714.2,65677.8,1.11774E+06,0,0,0,6.854
10000,18.819397237295508,5468,7,5512,44,5250,BlackHole,800033,8.40193E-05,205,441,96,1594,2005,1107,9.28675E-05,0.0342696,0.006111,0.125105,0,0.8167,0.0170559,4771,-7.836092935783653E-06,-7.858236788032382E-06,0.002427399312457185,9446.55,16708.4,66255.1,1.11296E+06,0,0,0,6.853
11000,20.68344213005466,5511,7,5512,1,5250,BlackHole,800033,8.40193E-05,205,453,96,1597,2063,1109,9.28675E-05,0.0352753,0.006111,0.126015,0,0.814785,0.0170559,4814,-7.81263522522061E-06,-7.83477907746934E-06,0.002427399312457185,9422.59,15805.6,65782.6,1.10895E+06,0,0,0,6.802
12000,22.547487022813815,5494,7,5512,18,5250,BlackHole,800033,8.40193E-05,205,467,96,1600,2063,1112,9.28675E-05,0.0360708,0.006111,0.126881,0,0.813123,0.0170559,4796,-7.786304292703439E-06,-7.808448144952168E-06,0.002427399312457185,10273.2,14770.4,66710.7,1.11044E+06,0,0,0,6.926
13000,24.41153191557297,5508,7,5512,4,5250,BlackHole,800033,8.40193E-05,205,490,96,1611,2111,1118,9.28675E-05,0.0386406,0.006111,0.127525,0,0.809909,0.0170559,4811,-7.707518989977809E-06,-7.729662842226538E-06,0.002427399312457185,8925.89,14388.2,65848.9,1.10759E+06,0,0,0,6.903
14000,26.275576808332122,5503,7,5512,9,5250,BlackHole,800033,8.40193E-05,205,512,96,1616,2133,1122,9.28675E-05,0.0442855,0.006111,0.128323,0,0.803466,0.0170559,4806,-7.581487253753003E-06,-7.6036311060017325E-06,0.002427399312457185,10477.5,14887.9,65591.6,1.10839E+06,0,0,0,6.916
15000,28.139621701091276,5511,7,5512,1,5250,BlackHole,800033,8.40193E-05,205,532,96,1624,2169,1129,9.28675E-05,0.046139,0.006111,0.129613,0,0.800323,0.0170559,4814,-7.528208344628875E-06,-7.5503521968776045E-06,0.002427399312457185,9622.53,15662.8,65903.9,1.10869E+06,0,0,0,6.918
16000,30.00366659385043,5496,7,5512,16,5250,BlackHole,800033,8.40193E-05,205,545,96,1638,2181,1137,9.28675E-05,0.0489102,0.006111,0.130421,0,0.796743,0.0170559,4799,-7.477389709979561E-06,-7.49953356222829E-06,0.002427399312457185,9915.22,15777.8,65157.4,1.10817E+06,0,0,0,6.928
17000,31.867711486609583,5500,7,5512,12,5250,BlackHole,800033,8.40193E-05,205,558,96,1645,2205,1143,9.28675E-05,0.0522431,0.006111,0.131679,0,0.792153,0.0170559,4803,-7.398033201744771E-06,-7.4201770539935E-06,0.002427399312457185,10417.4,15813,64377.3,1.10715E+06,0,0,0,6.948
18000,33.731756379365436,5506,7,5512,6,5250,BlackHole,800033,8.40193E-05,205,571,96,1656,2235,1150,9.28675E-05,0.0557331,0.006111,0.132638,0,0.787704,0.0170559,4809,-7.301046906970842E-06,-7.323190759219571E-06,0.002427399312457185,8923.79,15840.7,65014.8,1.10621E+06,0,0,0,6.968
19000,35.59580127212104,5488,7,5512,24,5250,BlackHole,800033,8.40193E-05,205,587,96,1658,2235,1152,9.28675E-05,0.0573553,0.006111,0.133226,0,0.785493,0.0170559,4791,-7.2647866832976325E-06,-7.286930535546362E-06,0.002427399312457185,10328.4,14400.7,64472.6,1.10757E+06,0,0,0,6.930
20000,37.45984616487664,5440,7,5512,72,5250,BlackHole,800033,8.40193E-05,205,633,96,1660,2235,1154,9.28675E-05,0.0601888,0.006111,0.134249,0,0.781636,0.0170559,4743,-7.1956516697448896E-06,-7.217795521993619E-06,0.002427399312457185,9428.1,14841.4,63764.6,1.11493E+06,0,0,0,6.963
21000,39.32389105763224,5404,7,5512,108,5250,BlackHole,800033,8.40193E-05,205,665,96,1664,2235,1158,9.28675E-05,0.0628319,0.006111,0.136249,0,0.776994,0.0170559,4707,-7.126538498862942E-06,-7.148682351111671E-06,0.002427399312457185,10699.5,15610.3,66361.6,1.1155E+06,0,0,0,6.888
22000,41.18793595038784,5452,7,5512,60,5250,BlackHole,800033,8.40193E-05,205,679,96,1666,2299,1159,9.28675E-05,0.0652047,0.006111,0.136433,0,0.774437,0.0170559,4755,-7.0743932055625715E-06,-7.096537057811301E-06,0.002427399312457185,10568,16070,65804.3,1.11161E+06,0,0,0,6.821
23000,43.05198084314344,5404,7,5512,108,5250,BlackHole,800033,8.40193E-05,205,721,96,1672,2299,1165,9.28675E-05,0.0685535,0.006111,0.138012,0,0.769509,0.0170559,4707,-6.998767410346481E-06,-7.0209112625952104E-06,0.002427399312457185,9066.59,16346,66775.9,1.12217E+06,0,0,0,6.929
24000,44.91602573589904,5389,7,5512,123,5250,BlackHole,800033,8.40193E-05,205,732,96,1676,2299,1169,9.28675E-05,0.0710771,0.006111,0.139263,0,0.765735,0.0170559,4692,-6.930229078270698E-06,-6.952372930519427E-06,0.002427399312457185,10167.8,16490.3,65863.5,1.11648E+06,0,0,0,6.863
25000,46.78007062865464,5496,7,5512,16,5250,BlackHole,800033,8.40193E-05,205,743,96,1686,2427,1176,9.28675E-05,0.07246,0.006111,0.139672,0,0.763943,0.0170559,4799,-6.898311422729484E-06,-6.920455274978213E-06,0.002427399312457185,9281.82,14426.9,65102.7,1.10384E+06,0,0,0,7.026
26000,48.64411552141024,5510,7,5512,2,5250,BlackHole,800033,8.40193E-05,205,748,96,1687,2447,1176,9.28675E-05,0.0733328,0.006111,0.139672,0,0.76307,0.0170559,4813,-6.884474159034049E-06,-6.906618011282778E-06,0.002427399312457185,9504.95,14795.5,65922.1,1.10015E+06,0,0,0,6.995
27000,50.50816041416584,5494,7,5512,18,5250,BlackHole,800033,8.40193E-05,205,766,96,1691,2453,1179,9.28675E-05,0.0769182,0.006111,0.141277,0,0.75788,0.0170559,4797,-6.814090499204689E-06,-6.836234351453418E-06,0.002427399312457185,10734.1,15464,65298.1,1.10116E+06,0,0,0,7.050
28000,52.372205306921444,5476,7,5512,36,5250,BlackHole,800033,8.40193E-05,205,776,96,1699,2453,1187,9.28675E-05,0.0773605,0.006111,0.143586,0,0.755129,0.0170559,4778,-6.772100431165633E-06,-6.7942442834143625E-06,0.002427399312457185,9275.46,15651.5,65997.8,1.10677E+06,0,0,0,7.018
29000,54.236250199677045,5459,7,5512,53,5250,BlackHole,800033,8.40193E-05,205,788,96,1704,2453,1192,9.28675E-05,0.0774365,0.006111,0.145203,0,0.753435,0.0170559,4762,-6.745312234511657E-06,-6.767456086760386E-06,0.002427399312457185,9992.31,15737.9,65609.2,1.10691E+06,0,0,0,7.013
30000,56.100295092432646,5454,7,5512,58,5250,BlackHole,800033,8.40193E-05,205,839,96,1712,2507,1199,9.28675E-05,0.0794651,0.006111,0.146668,0,0.749941,0.0170559,4757,-6.692452210854039E-06,-6.714596063102768E-06,0.002427399312457185,9251.08,15785.8,66144.1,1.10468E+06,0,0,0,7.033
31000,57.964339985188246,5483,7,5512,29,5250,BlackHole,800033,8.40193E-05,205,874,96,1716,2575,1200,9.28675E-05,0.0806247,0.006111,0.146733,0,0.748717,0.0170559,4786,-6.675627903288292E-06,-6.697771755537021E-06,0.002427399312457185,8974.46,14475.4,65747.9,1.09995E+06,0,0,0,7.059
32000,59.82838487794385,5504,7,5512,8,5250,BlackHole,800033,8.40193E-05,205,949,96,1734,2689,1208,9.28675E-05,0.0825306,0.006111,0.146919,0,0.746625,0.0170559,4807,-6.640193179545987E-06,-6.662337031794716E-06,0.002427399312457185,10929.4,14750.5,61653.1,1.09656E+06,0,0,0,7.065
33000,61.69242977069945,5495,7,5512,17,5250,BlackHole,800033,8.40193E-05,205,971,96,1757,2725,1221,9.28675E-05,0.0851866,0.006111,0.147,0,0.743888,0.0170559,4798,-6.589925074666147E-06,-6.612068926914876E-06,0.002427399312457185,9491.86,15509,61978,1.09917E+06,0,0,0,7.078
34000,63.55647466345505,5510,7,5512,2,5250,BlackHole,800033,8.40193E-05,205,982,96,1761,2755,1224,9.28675E-05,0.087296,0.006111,0.147291,0,0.741488,0.0170559,4813,-6.547929534811961E-06,-6.57007338706069E-06,0.002427399312457185,9801.41,15914,60583.5,1.0959E+06,0,0,0,7.108
35000,65.42051955621065,5511,7,5512,1,5250,BlackHole,800033,8.40193E-05,205,989,96,1779,2781,1237,9.28675E-05,0.0883356,0.006111,0.149816,0,0.737923,0.0170559,4814,-6.48646232583079E-06,-6.5086061780795195E-06,0.002427399312457185,9349.75,15977.5,62767.9,1.09303E+06,0,0,0,7.129
36000,67.28456444896625,5512,7,5512,0,5250,BlackHole,800033,8.40193E-05,205,1009,96,1836,2859,1290,9.28675E-05,0.089273,0.006111,0.150846,0,0.735955,0.0170559,4865,-6.452877998998196E-06,-6.475021851246925E-06,0.002427399312457185,8934.5,16103.8,60346,1.08739E+06,0,0,0,7.137
37000,69.14860934172185,5489,7,5512,23,5250,BlackHole,800033,8.40193E-05,205,1026,96,1842,2859,1296,9.28675E-05,0.0933839,0.006111,0.153771,0,0.72892,0.0170559,4842,-6.360287623664067E-06,-6.382431475912796E-06,0.002427399312457185,11176,14525.3,63571.6,1.0863E+06,0,0,0,7.188
38000,71.01265423447745,5468,7,5512,44,5250,BlackHole,800033,8.40193E-05,205,1037,96,1852,2859,1306,9.28675E-05,0.0956965,0.006111,0.156159,0,0.724219,0.0170559,4821,-6.291986635796338E-06,-6.314130488045067E-06,0.002427399312457185,9693.24,14716,60265,1.08796E+06,0,0,0,7.093
39000,72.87669912723305,5499,7,5512,13,5250,BlackHole,800033,8.40193E-05,205,1050,96,1858,2909,1311,9.28675E-05,0.0984613,0.006111,0.157816,0,0.719798,0.0170559,4852,-6.219703646936366E-06,-6.241847499185095E-06,0.002427399312457185,9600.23,14452,62825.6,1.08026E+06,0,0,0,7.177
40000,74.74074401998865,5506,7,5512,6,5250,BlackHole,800033,8.40193E-05,205,1060,96,1897,2965,1331,9.28675E-05,0.100368,0.006111,0.159349,0,0.716357,0.0170559,4859,-6.133187202847533E-06,-6.155331055096262E-06,0.002427399312457185,9743.78,15096.4,60355.7,1.08141E+06,0,0,0,7.247
41000,76.60478891274425,5498,7,5512,14,5250,BlackHole,800033,8.40193E-05,205,1066,96,1899,2965,1333,9.28675E-05,0.101302,0.006111,0.159814,0,0.714958,0.0170559,4851,-6.109559398780044E-06,-6.131703251028773E-06,0.002427399312457185,8943.58,15515.8,59446.9,1.08245E+06,0,0,0,7.174
42000,78.46883380549986,5459,7,5512,53,5250,BlackHole,800033,8.40193E-05,205,1102,96,1902,2965,1336,9.28675E-05,0.10449,0.006111,0.160651,0,0.710934,0.0170559,4812,-6.037064644724203E-06,-6.059208496972932E-06,0.002427399312457185,11033.8,15673.8,60640.7,1.08702E+06,0,0,0,7.216
43000,80.33287869825546,5497,7,5512,15,5250,BlackHole,800033,8.40193E-05,205,1118,96,1912,3029,1344,9.28675E-05,0.1066,0.006111,0.162767,0,0.706707,0.0170559,4850,-5.992852167462567E-06,-6.014996019711296E-06,0.002427399312457185,9874.45,14600.5,49420.2,1.08088E+06,0,0,0,7.205
44000,82.19692359101106,5498,7,5512,14,5250,BlackHole,800033,8.40193E-05,205,1126,96,1919,3045,1350,9.28675E-05,0.108398,0.006111,0.164727,0,0.702949,0.0170559,4851,-5.945072736886421E-06,-5.96721658913515E-06,0.002427399312457185,9408.43,14663.6,47640.8,1.07884E+06,0,0,0,7.266
45000,84.06096848376666,5511,7,5512,1,5250,BlackHole,800033,8.40193E-05,205,1132,96,1926,3071,1355,9.28675E-05,0.109361,0.006111,0.165509,0,0.701205,0.0170559,4864,-5.9055456631423166E-06,-5.927689515391046E-06,0.002427399312457185,10513,15412.4,46805.4,1.07579E+06,0,0,0,7.243
46000,85.92501337652226,5384,7,5512,128,5250,BlackHole,800033,8.40193E-05,205,1255,96,1930,3071,1359,9.28675E-05,0.109972,0.006111,0.167107,0,0.698996,0.0170559,4737,-5.8761493054074135E-06,-5.898293157656143E-06,0.002427399312457185,9108.45,15852.5,63342.8,1.09086E+06,0,0,0,7.031
47000,87.78905826927786,5433,7,5512,79,5250,BlackHole,800033,8.40193E-05,205,1266,96,1934,3135,1362,9.28675E-05,0.112287,0.006111,0.167587,0,0.6962,0.0170559,4786,-5.822298954745856E-06,-5.844442806994585E-06,0.002427399312457185,10876.1,15881.8,63364.1,1.08587E+06,0,0,0,7.122
48000,89.65310316203346,5411,7,5512,101,5250,BlackHole,800033,8.40193E-05,205,1285,96,1937,3135,1365,9.28675E-05,0.114004,0.006111,0.168387,0,0.693684,0.0170559,4764,-5.770386466117359E-06,-5.792530318366088E-06,0.002427399312457185,10038.6,15924.7,62546.5,1.08788E+06,0,0,0,7.124
49000,91.51714805478906,5511,7,5512,1,5250,BlackHole,800033,8.40193E-05,205,1294,96,1940,3247,1366,9.28675E-05,0.114839,0.006111,0.168588,0,0.692647,0.0170559,4864,-5.751556853709055E-06,-5.773700705957784E-06,0.002427399312457185,9064.4,14719.7,60055,1.07345E+06,0,0,0,7.167
50000,93.38119294754466,5512,7,5512,0,5250,BlackHole,800033,8.40193E-05,205,1308,96,1975,3291,1388,9.28675E-05,0.116465,0.006111,0.169556,0,0.690054,0.0170559,4865,-5.713698569688723E-06,-5.735842421937452E-06,0.002427399312457185,10773.1,14634,59500.6,1.07242E+06,0,0,0,7.286
51000,95.24523784030026,5485,7,5512,27,5250,BlackHole,800033,8.40193E-05,205,1333,96,1981,3295,1392,9.28675E-05,0.117857,0.006111,0.169777,0,0.688441,0.0170559,4838,-5.672455192463042E-06,-5.694599044711771E-06,0.002427399312457185,9322.35,15363.3,59854.7,1.07186E+06,0,0,0,7.289
52000,97.10928273305586,5501,7,5512,11,5250,BlackHole,800033,8.40193E-05,205,1341,96,2001,3339,1403,9.28675E-05,0.118593,0.006111,0.170328,0,0.687153,0.0170559,4854,-5.655423112999001E-06,-5.67756696524773E-06,0.002427399312457185,10730.3,16213.1,59660.9,1.06887E+06,0,0,0,7.300
53000,98.97332762581146,5503,7,5512,9,5250,BlackHole,800033,8.40193E-05,205,1355,96,2027,3381,1416,9.28675E-05,0.120599,0.006111,0.171757,0,0.683718,0.0170559,4856,-5.604662307503937E-06,-5.626806159752666E-06,0.002427399312457185,9971.91,14424.6,49001.1,1.06947E+06,0,0,0,7.244
54000,100.83737251856707,5507,7,5512,5,5250,BlackHole,800033,8.40193E-05,205,1371,96,2051,3425,1429,9.28675E-05,0.121997,0.006111,0.172748,0,0.681331,0.0170559,4860,-5.552697958453066E-06,-5.574841810701795E-06,0.002427399312457185,8913.03,15218.8,48641.5,1.06643E+06,0,0,0,7.309
55000,102.70141741132267,5509,7,5512,3,5250,BlackHole,800033,8.40193E-05,205,1394,96,2098,3497,1455,9.28675E-05,0.122295,0.006111,0.173944,0,0.679836,0.0170559,4862,-5.533794025681355E-06,-5.555937877930084E-06,0.002427399312457185,10976.8,14808.9,44903.4,1.0675E+06,0,0,0,7.322
56000,104.56546230407827,5507,7,5512,5,5250,BlackHole,800033,8.40193E-05,205,1463,96,2101,3567,1456,9.28675E-05,0.124214,0.006111,0.173949,0,0.677912,0.0170559,4860,-5.5041694885988566E-06,-5.526313340847586E-06,0.002427399312457185,9536.42,14595.3,47602.2,1.06824E+06,0,0,0,7.309
57000,106.42950719683387,5512,7,5512,0,5250,BlackHole,800033,8.40193E-05,205,1471,96,2110,3589,1461,9.28675E-05,0.125564,0.006111,0.174337,0,0.676174,0.0170559,4865,-5.487346911506334E-06,-5.509490763755063E-06,0.002427399312457185,10589,15330.4,45629.2,1.06593E+06,0,0,0,7.339
58000,108.29355208958947,5473,7,5512,39,5250,BlackHole,800033,8.40193E-05,205,1506,96,2134,3609,1475,9.28675E-05,0.125969,0.006111,0.175174,0,0.674932,0.0170559,4826,-5.451903040260357E-06,-5.474046892509086E-06,0.002427399312457185,9779.47,15799.2,46524.5,1.06844E+06,0,0,0,7.326
59000,110.15759698234507,5509,7,5512,3,5250,BlackHole,800033,8.40193E-05,205,1530,96,2186,3721,1502,9.28675E-05,0.12655,0.006111,0.176431,0,0.673094,0.0170559,4862,-5.4292825237845914E-06,-5.4514263760333206E-06,0.002427399312457185,8917.96,15830.4,37817.7,1.06155E+06,0,0,0,7.318
60000,112.02164187510067,5473,7,5512,39,5250,BlackHole,800033,8.40193E-05,205,1601,96,2295,3865,1565,9.28675E-05,0.128311,0.00611197,0.177645,0,0.670117,0.0170559,4826,-5.3782409429463815E-06,-5.400384795195111E-06,0.002427399312457185,11237.7,15857.2,39444.6,1.06732E+06,0,0,0,7.306
61000,113.88568676785627,5499,7,5512,13,5250,BlackHole,800033,8.40193E-05,205,1679,96,2369,4043,1603,9.28675E-05,0.129125,0.00611197,0.178815,0,0.668134,0.0170559,4852,-5.350380748499159E-06,-5.372524600747888E-06,0.002427399312457185,9733.75,14943.9,41089.9,1.06185E+06,0,0,0,7.324
62000,115.74973166061187,5511,7,5512,1,5250,BlackHole,800033,8.40193E-05,205,1680,96,2430,4117,1635,9.28675E-05,0.129132,0.00611197,0.180224,0,0.666717,0.0170559,4864,-5.344208083185592E-06,-5.366351935434321E-06,0.002427399312457185,10122.7,14545.5,39586.1,1.05769E+06,0,0,0,7.347
63000,117.61377655336747,5511,7,5512,1,5250,BlackHole,800033,8.40193E-05,205,1734,96,2730,4426,1851,9.28675E-05,0.130038,0.0061121,0.181058,0,0.664977,0.0170561,4617,-5.30843778917645E-06,-5.330581641425179E-06,0.0024273995290926163,9578.01,15261,46314.1,1.09267E+06,0,0,0,7.323
64000,119.47782144612307,5512,7,5512,0,5250,BlackHole,800033,8.40193E-05,205,1744,96,2777,4484,1875,9.28675E-05,0.132396,0.0061121,0.181984,0,0.661693,0.0170561,4618,-5.249512468030917E-06,-5.271656320279646E-06,0.0024273995290926163,8970.44,16091.7,44569.7,1.09479E+06,0,0,0,7.150
65000,121.34186633887867,5503,7,5512,9,5250,BlackHole,800033,8.40193E-05,205,1748,96,2782,4484,1880,9.28675E-05,0.13325,0.0061121,0.183032,0,0.659791,0.0170561,4609,-5.223757836041172E-06,-5.2459016882899015E-06,0.0024273995290926163,11591,16763.1,42942.7,1.09222E+06,0,0,0,7.156
66000,123.20591123163427,5480,7,5512,32,5250,BlackHole,800033,8.40193E-05,205,1784,96,2833,4548,1905,9.28675E-05,0.134753,0.0061121,0.183539,0,0.657782,0.0170561,4586,-5.181095975106945E-06,-5.203239827355674E-06,0.0024273995290926163,9910.81,16988.8,42543.4,1.09477E+06,0,0,0,7.160
67000,125.06995612438988,5512,7,5512,0,5250,BlackHole,800033,8.40193E-05,205,1791,96,2884,4638,1931,9.28675E-05,0.137318,0.0061121,0.185267,0,0.653488,0.0170561,4618,-5.118494449942691E-06,-5.14063830219142E-06,0.0024273995290926163,9203.89,14572.6,41574.6,1.09149E+06,0,0,0,7.183
68000,126.93400101714548,5509,7,5512,3,5250,BlackHole,800033,8.40193E-05,205,1795,96,2945,4700,1962,9.28675E-05,0.137759,0.0061121,0.18623,0,0.652084,0.0170561,4615,-5.097670054965885E-06,-5.119813907214614E-06,0.0024273995290926163,9389.36,14510.8,40187.4,1.08996E+06,0,0,0,7.209
69000,128.79804590990108,5507,7,5512,5,5250,BlackHole,800033,8.40193E-05,205,1818,96,2982,4758,1981,9.28675E-05,0.139494,0.0061121,0.186261,0,0.650318,0.0170561,4613,-5.0712589003408685E-06,-5.093402752589598E-06,0.0024273995290926163,9152.31,15212,38743.3,1.09168E+06,0,0,0,7.173
70000,130.66209080265668,5512,7,5512,0,5250,BlackHole,800033,8.40193E-05,205,1857,96,3018,4838,1999,9.28675E-05,0.139742,0.0061121,0.186734,0,0.649597,0.0170561,4618,-5.060845249588683E-06,-5.082989101837412E-06,0.0024273995290926163,11993.2,15709.2,39690.8,1.09075E+06,0,0,0,7.233
71000,132.52613569541228,5512,7,5512,0,5250,BlackHole,800033,8.40193E-05,205,1866,96,3075,4904,2029,9.28675E-05,0.14088,0.0061121,0.18829,0,0.646903,0.0170561,4618,-5.012186185634965E-06,-5.034330037883694E-06,0.0024273995290926163,10071.7,15768.9,42100.7,1.09196E+06,0,0,0,7.218
72000,134.39018058816788,5510,7,5512,2,5250,BlackHole,800033,8.40193E-05,205,1873,96,3108,4942,2045,9.28675E-05,0.142487,0.0061121,0.188857,0,0.64473,0.0170561,4616,-4.977774621197241E-06,-4.99991847344597E-06,0.0024273995290926163,8915.49,15806.4,41774.9,1.0893E+06,0,0,0,7.196
73000,136.25422548092348,5512,7,5512,0,5250,BlackHole,800033,8.40193E-05,205,1875,96,3130,4968,2054,9.28675E-05,0.142956,0.0061121,0.189008,0,0.644109,0.0170561,4618,-4.960123158952217E-06,-4.982267011200946E-06,0.0024273995290926163,9263.59,15260.4,41724.4,1.08776E+06,0,0,0,7.211
74000,138.11827037367908,5511,7,5512,1,5250,BlackHole,800033,8.40193E-05,205,1925,96,3205,5092,2090,9.28675E-05,0.143924,0.0061121,0.189757,0,0.642393,0.0170561,4617,-4.938899088734833E-06,-4.961042940983562E-06,0.0024273995290926163,9369.12,14475.9,33029.1,1.08678E+06,0,0,0,7.215
75000,139.98231526643468,5510,7,5512,2,5250,BlackHole,800033,8.40193E-05,205,1930,96,3315,5206,2145,9.28675E-05,0.14469,0.00611232,0.190279,0,0.641104,0.0170561,4616,-4.910006324648399E-06,-4.932150176897128E-06,0.0024273995290926163,11643.1,15168.5,33215.6,1.08648E+06,0,0,0,7.241
76000,141.84636015919028,5494,7,5512,18,5250,BlackHole,800033,8.40193E-05,205,1935,96,3414,5294,2203,9.28675E-05,0.145404,0.00611317,0.191015,0,0.639653,0.0170561,4600,-4.8850721455217555E-06,-4.907215997770485E-06,0.0024273995290926163,10221,15946.2,38925.3,1.08855E+06,0,0,0,7.203
77000,143.71040505194588,5511,7,5512,1,5250,BlackHole,800033,8.40193E-05,205,1968,96,3630,5538,2322,9.28675E-05,0.146355,0.00611374,0.192087,0,0.637627,0.0170586,4551,-4.852198893885803E-06,-4.8743427461345325E-06,0.0024274012341366923,8149.49,8187.09,43206.8,1.0943E+06,0,0,0,7.209
78000,145.57444994470148,5512,7,5512,0,5250,BlackHole,800033,8.40193E-05,205,1975,96,3794,5684,2418,9.28675E-05,0.147553,0.00611375,0.192215,0,0.636301,0.0170586,4525,-4.830264593081799E-06,-4.852408445330528E-06,0.0024274014674588095,9277.3,12607.9,43909.9,1.09632E+06,0,0,0,7.191
79000,147.43849483745709,5490,7,5512,22,5250,BlackHole,800033,8.40193E-05,205,1986,96,3813,5692,2433,9.28675E-05,0.148361,0.00611375,0.196005,0,0.631704,0.0170586,4503,-4.7809930238798515E-06,-4.803136876128581E-06,0.0024274014674588095,9580.19,12866.1,41881.2,1.09647E+06,0,0,0,7.142
80000,149.3025397302127,5508,7,5512,4,5250,BlackHole,800033,8.40193E-05,205,1992,96,3833,5736,2443,9.28675E-05,0.148975,0.00611375,0.196264,0,0.63083,0.0170586,4521,-4.765832625854642E-06,-4.787976478103371E-06,0.0024274014674588095,10512.1,12716.7,43018.9,1.09343E+06,0,0,0,7.114
81000,151.1665846229683,5506,7,5512,6,5250,BlackHole,800033,8.40193E-05,205,1996,96,3861,5766,2459,9.28675E-05,0.149742,0.00611375,0.197056,0,0.629271,0.0170586,4519,-4.74759273661778E-06,-4.769736588866509E-06,0.0024274014674588095,10365.4,11557,42820,1.0934E+06,0,0,0,7.205
82000,153.0306295157239,5510,7,5512,2,5250,BlackHole,800033,8.40193E-05,205,2080,96,3891,5868,2483,9.28675E-05,0.151041,0.00611375,0.198026,0,0.627002,0.0170586,4523,-4.719983797196284E-06,-4.742127649445013E-06,0.0024274014674588095,8910.85,12332.2,42736.1,1.09291E+06,0,0,0,7.125
83000,154.8946744084795,5497,7,5512,15,5250,BlackHole,800033,8.40193E-05,205,2090,96,3894,5868,2486,9.28675E-05,0.152871,0.00611375,0.198283,0,0.624916,0.0170586,4510,-4.6879846562809635E-06,-4.7101285085296926E-06,0.0024274014674588095,9267.52,12318.5,41841.2,1.09369E+06,0,0,0,7.213
84000,156.7587193012351,5510,7,5512,2,5250,BlackHole,800033,8.40193E-05,205,2105,96,3906,5908,2494,9.28675E-05,0.154291,0.00611375,0.199033,0,0.622744,0.0170586,4523,-4.657090866820464E-06,-4.679234719069193E-06,0.0024274014674588095,9773.26,12556.8,40128.5,1.09042E+06,0,0,0,7.139
85000,158.6227641939907,5509,7,5512,3,5250,BlackHole,800033,8.40193E-05,205,2158,96,3910,5964,2497,9.28675E-05,0.154852,0.00611375,0.199728,0,0.621489,0.0170586,4522,-4.6402062849582445E-06,-4.662350137206974E-06,0.0024274014674588095,9399.39,11569.8,38576.3,1.09194E+06,0,0,0,7.245
86000,160.4868090867463,5510,7,5512,2,5250,BlackHole,800033,8.40193E-05,205,2171,96,3920,5988,2503,9.28675E-05,0.155981,0.00611375,0.200234,0,0.619854,0.0170586,4523,-4.6147980876589965E-06,-4.636941939907726E-06,0.0024274014674588095,10429,13338.3,39752.8,1.08812E+06,0,0,0,7.236
87000,162.3508539795019,5507,7,5512,5,5250,BlackHole,800033,8.40193E-05,205,2178,96,3928,6000,2509,9.28675E-05,0.156852,0.00611375,0.201974,0,0.617242,0.0170586,4520,-4.588101994437419E-06,-4.610245846686148E-06,0.0024274014674588095,9002.92,12962.9,39409.4,1.08745E+06,0,0,0,7.180
88000,164.2148988722575,5505,7,5512,7,5250,BlackHole,800033,8.40193E-05,205,2187,96,3939,6018,2514,9.28675E-05,0.157841,0.00611375,0.202192,0,0.616036,0.0170586,4518,-4.5694934737255705E-06,-4.5916373259743E-06,0.0024274014674588095,9485.72,12097,39258.9,1.08706E+06,0,0,0,7.265
89000,166.0789437650131,5509,7,5512,3,5250,BlackHole,800033,8.40193E-05,205,2198,96,3966,6060,2527,9.28675E-05,0.15874,0.00611375,0.202947,0,0.614383,0.0170586,4522,-4.542096453173578E-06,-4.564240305422307E-06,0.0024274014674588095,9946.49,12139.7,37923.8,1.08457E+06,0,0,0,7.248
90000,167.9429886577687,5512,7,5512,0,5250,BlackHole,800033,8.40193E-05,205,2203,96,4010,6112,2551,9.28675E-05,0.159379,0.00611375,0.205511,0,0.611179,0.0170586,4525,-4.514658525375521E-06,-4.5368023776242505E-06,0.0024274014674588095,8948.3,12211.1,36718.1,1.08198E+06,0,0,0,7.252
91000,169.8070335505243,5510,7,5512,2,5250,BlackHole,800033,8.40193E-05,205,2208,96,4019,6124,2557,9.28675E-05,0.160638,0.00611375,0.206855,0,0.608576,0.0170586,4523,-4.483755258467892E-06,-4.505899110716621E-06,0.0024274014674588095,10276.5,11839.9,33591.7,1.08249E+06,0,0,0,7.271
92000,171.6710784432799,5510,7,5512,2,5250,BlackHole,800033,8.40193E-05,205,2210,96,4023,6130,2560,9.28675E-05,0.161184,0.00611375,0.208298,0,0.606587,0.0170586,4523,-4.469219385036617E-06,-4.491363237285346E-06,0.0024274014674588095,9197.6,11432.3,34229.4,1.08366E+06,0,0,0,7.222
93000,173.5351233360355,5453,7,5512,59,5250,BlackHole,800033,8.40193E-05,205,2268,96,4060,6168,2580,9.28675E-05,0.161471,0.00611375,0.208906,0,0.605693,0.0170586,4466,-4.4640450020187325E-06,-4.486188854267462E-06,0.0024274014674588095,10047.7,12024,34158.8,1.08897E+06,0,0,0,7.268
94000,175.3991682287911,5509,7,5512,3,5250,BlackHole,800033,8.40193E-05,205,2273,96,4123,6292,2612,9.28675E-05,0.161701,0.00611375,0.209815,0,0.604553,0.0170586,4522,-4.450351841026004E-06,-4.472495693274733E-06,0.0024274014674588095,10104.2,12124,33691.1,1.07871E+06,0,0,0,7.278
95000,177.2632131215467,5508,7,5512,4,5250,BlackHole,800033,8.40193E-05,205,2280,96,4209,6348,2680,9.28675E-05,0.16352,0.00611375,0.210888,0,0.60166,0.0170589,4473,-4.410030247545384E-06,-4.432174099794113E-06,0.002427401551080926,8757.44,11818.1,33989.3,1.08453E+06,0,0,0,7.227
96000,179.1272580143023,5481,7,5512,31,5250,BlackHole,800033,8.40193E-05,205,2319,96,4237,6382,2696,9.28675E-05,0.165085,0.00611375,0.211217,0,0.599767,0.0170589,4428,-4.379009685957656E-06,-4.401153538206385E-06,0.002427401551080926,9010.4,12696.1,38039.1,1.09092E+06,0,0,0,7.261
97000,180.9913029070579,5510,7,5512,2,5250,BlackHole,800033,8.40193E-05,205,2326,96,4245,6426,2700,9.28675E-05,0.16509,0.00611375,0.212263,0,0.598715,0.0170589,4458,-4.371652006174134E-06,-4.393795858422863E-06,0.002427401551080926,9027.98,12548,38107.9,1.08805E+06,0,0,0,7.223
98000,182.8553477998135,5512,7,5512,0,5250,BlackHole,800033,8.40193E-05,205,2331,96,4266,6454,2711,9.28675E-05,0.166388,0.00611375,0.212887,0,0.596794,0.0170589,4459,-4.351030403619411E-06,-4.37317425586814E-06,0.002427401551080926,8743.18,12289.8,38073.7,1.08674E+06,0,0,0,7.234
99000,184.7193926925691,5511,7,5512,1,5250,BlackHole,800033,8.40193E-05,205,2335,96,4295,6486,2726,9.28675E-05,0.166776,0.00611375,0.213573,0,0.595721,0.0170589,4459,-4.3364267981238164E-06,-4.3585706503725455E-06,0.002427401551080926,8085.44,12612.1,38708.5,1.08916E+06,0,0,0,7.238
100000,186.5834375853247,5503,7,5512,9,5250,BlackHole,800033,8.40193E-05,205,2340,96,4298,6486,2729,9.28675E-05,0.168001,0.00611375,0.214199,0,0.593869,0.0170589,4451,-4.3118028338415835E-06,-4.333946686090313E-06,0.002427401551080926,9008.23,12508.4,39242.3,1.087E+06,0,0,0,7.253
101000,188.4474824780803,5484,7,5512,28,5250,BlackHole,800033,8.40193E-05,205,2366,96,4307,6502,2734,9.28675E-05,0.168744,0.00611375,0.214589,0,0.592736,0.0170589,4432,-4.296772866698582E-06,-4.318916718947311E-06,0.002427401551080926,9046.71,12183.6,38794.9,1.08944E+06,0,0,0,7.242
102000,190.3115273708359,5511,7,5512,1,5250,BlackHole,800033,8.40193E-05,205,2370,96,4366,6592,2766,9.28675E-05,0.169549,0.00611375,0.215626,0,0.590895,0.0170589,4459,-4.270428977261767E-06,-4.292572829510496E-06,0.002427401551080926,9017.2,11802.8,35058.4,1.08438E+06,0,0,0,7.224
103000,192.1755722635915,5508,7,5512,4,5250,BlackHole,800033,8.40193E-05,205,2435,96,4418,6704,2794,9.28675E-05,0.169906,0.00611375,0.216533,0,0.58963,0.0170589,4456,-4.251329436267686E-06,-4.273473288516415E-06,0.002427401551080926,9653.76,11981.7,36118.4,1.08417E+06,0,0,0,7.274
104000,194.0396171563471,5509,7,5512,3,5250,BlackHole,800033,8.40193E-05,205,2475,96,4499,6826,2835,9.28675E-05,0.170596,0.00611375,0.217642,0,0.58783,0.0170589,4457,-4.214654582654301E-06,-4.23679843490303E-06,0.002427401551080926,10396.3,12701.9,33559.9,1.08293E+06,0,0,0,7.245
105000,195.9036620491027,5509,7,5512,3,5250,BlackHole,800033,8.40193E-05,205,2478,96,4532,6862,2852,9.28675E-05,0.171585,0.00611375,0.217942,0,0.586542,0.0170589,4457,-4.19804045317374E-06,-4.2201843054224695E-06,0.002427401551080926,8915.21,12348.1,32875.1,1.08127E+06,0,0,0,7.283
106000,197.7677069418583,5510,7,5512,2,5250,BlackHole,800033,8.40193E-05,205,2484,96,4537,6874,2854,9.28675E-05,0.171952,0.00611375,0.218947,0,0.585169,0.0170589,4458,-4.1869772506405485E-06,-4.209121102889278E-06,0.002427401551080926,9735.19,12378.9,31791.6,1.08044E+06,0,0,0,7.260
107000,199.6317518346139,5499,7,5512,13,5250,BlackHole,800033,8.40193E-05,205,2498,96,4540,6880,2855,9.28675E-05,0.173518,0.00611375,0.218966,0,0.583585,0.0170589,4447,-4.1620660197087455E-06,-4.184209871957475E-06,0.002427401551080926,9252.81,12737.2,31000.9,1.08238E+06,0,0,0,7.219
108000,201.4957967273695,5508,7,5512,4,5250,BlackHole,800033,8.40193E-05,205,2499,96,4656,7000,2925,9.28675E-05,0.173625,0.00611378,0.219754,0,0.582689,0.0170589,4456,-4.147216243441001E-06,-4.1693600956897305E-06,0.002427401551080926,9018.85,12935.2,29434.9,1.07912E+06,0,0,0,7.298
109000,203.3598416201251,5509,7,5512,3,5250,BlackHole,800033,8.40193E-05,205,2501,96,4663,7010,2928,9.28675E-05,0.173691,0.00611378,0.220012,0,0.582366,0.0170589,4457,-4.144130894300704E-06,-4.166274746549433E-06,0.002427401551080926,10545.7,12482,29697.4,1.07846E+06,0,0,0,7.282
110000,205.2238865128807,5510,7,5512,2,5250,BlackHole,800033,8.40193E-05,205,2507,96,4680,7034,2937,9.28675E-05,0.174595,0.00611378,0.220687,0,0.580787,0.0170589,4458,-4.126242314894835E-06,-4.148386167143564E-06,0.002427401551080926,9039.74,12001.8,29410.7,1.0759E+06,0,0,0,7.303
111000,207.0879314056363,5509,7,5512,3,5250,BlackHole,800033,8.40193E-05,205,2536,96,4694,7076,2946,9.28675E-05,0.175331,0.00611378,0.221204,0,0.579534,0.0170589,4457,-4.107513103640024E-06,-4.129656955888753E-06,0.002427401551080926,9534.02,12519.8,29664.6,1.07585E+06,0,0,0,7.301
112000,208.9519762983919,5510,7,5512,2,5250,BlackHole,800033,8.40193E-05,205,2570,96,4769,7178,2989,9.28675E-05,0.176312,0.00611378,0.222082,0,0.577675,0.0170589,4456,-4.089398315151107E-06,-4.1115421673998365E-06,0.002427401551080926,9396.53,12153.4,29340.8,1.07586E+06,0,0,0,7.305
113000,210.8160211911475,5511,7,5512,1,5250,BlackHole,800033,8.40193E-05,205,2616,96,4800,7256,3009,9.28675E-05,0.177484,0.00611394,0.222897,0,0.575688,0.0170589,4459,-4.062647744120422E-06,-4.084791596369151E-06,0.002427401551080926,8919.96,11773,29924.7,1.07457E+06,0,0,0,7.310
114000,212.6800660839031,5502,7,5512,10,5250,BlackHole,800033,8.40193E-05,205,2626,96,4803,7260,3010,9.28675E-05,0.17768,0.00611394,0.22297,0,0.575418,0.0170589,4450,-4.059335591738275E-06,-4.081479443987004E-06,0.002427401551080926,10708.5,11540.7,26981.9,1.07694E+06,0,0,0,7.279
115000,214.54411097665871,5505,7,5512,7,5250,BlackHole,800033,8.40193E-05,205,2635,96,4821,7290,3020,9.28675E-05,0.177891,0.00611394,0.222985,0,0.575193,0.0170589,4453,-4.051835486399591E-06,-4.07397933864832E-06,0.002427401551080926,9243.85,12078.1,26674.8,1.07348E+06,0,0,0,7.287
116000,216.40815586941432,5508,7,5512,4,5250,BlackHole,800033,8.40193E-05,205,2683,96,4872,7392,3047,9.28675E-05,0.179111,0.00611394,0.224144,0,0.572814,0.0170589,4456,-4.021992541905792E-06,-4.044136394154521E-06,0.002427401551080926,9353.5,12235.8,26221.4,1.07241E+06,0,0,0,7.328
117000,218.27220076216992,5511,7,5512,1,5250,BlackHole,800033,8.40193E-05,205,2685,96,4963,7486,3095,9.28675E-05,0.179328,0.00611394,0.226108,0,0.570632,0.0170589,4458,-4.006622755856694E-06,-4.028766608105423E-06,0.002427401551080926,9856.78,12001.9,26178.9,1.07018E+06,0,0,0,7.341
118000,220.13624565492552,5512,7,5512,0,5250,BlackHole,800033,8.40193E-05,205,2790,96,5031,7650,3139,9.28675E-05,0.179769,0.00611397,0.226115,0,0.570185,0.0170589,4460,-3.99925363989007E-06,-4.021397492138799E-06,0.002427401551080926,9080.27,11500.8,21871.7,1.06962E+06,0,0,0,7.319
119000,222.00029054768112,5511,7,5512,1,5250,BlackHole,800033,8.40193E-05,205,2793,96,5047,7668,3151,9.28675E-05,0.180047,0.00611399,0.226119,0,0.569902,0.0170589,4459,-3.998756317297113E-06,-4.020900169545842E-06,0.002427401551080926,10731.9,11418.7,21485.8,1.06757E+06,0,0,0,7.359
120000,223.86433544043672,5511,7,5512,1,5250,BlackHole,800033,8.40193E-05,205,2802,96,5064,7694,3162,9.28675E-05,0.180755,0.00611399,0.227636,0,0.567677,0.0170589,4459,-3.980238467571256E-06,-4.002382319819985E-06,0.002427401551080926,9461.27,11047.5,22863.9,1.06581E+06,0,0,0,7.354
121000,225.72838033319232,5509,7,5512,3,5250,BlackHole,800033,8.40193E-05,205,2804,96,5100,7730,3182,9.28675E-05,0.180828,0.00611399,0.227977,0,0.567263,0.0170589,4455,-3.979943874408436E-06,-4.002087726657165E-06,0.002427401551080926,9253.03,11223.6,23843.4,1.06427E+06,0,0,0,7.320
122000,227.59242522594792,5509,7,5512,3,5250,BlackHole,800033,8.40193E-05,205,2828,96,5140,7785,3210,9.28675E-05,0.181934,0.00611399,0.230147,0,0.563987,0.017059,4432,-3.949379153876233E-06,-3.971523006124962E-06,0.002427401551080926,8852.03,11690.1,24207.4,1.0631E+06,0,0,0,7.310
123000,229.45647011870352,5477,7,5512,35,5250,BlackHole,800033,8.40193E-05,205,2864,96,5158,7807,3219,9.28675E-05,0.182258,0.00611399,0.23015,0,0.56366,0.0170589,4410,-3.942196696431993E-06,-3.964340548680722E-06,0.002427401551080926,8960.78,11748,24545.3,1.06664E+06,0,0,0,7.353
124000,231.32051501145912,5511,7,5512,1,5250,BlackHole,800033,8.40193E-05,205,2883,96,5173,7875,3225,9.28675E-05,0.18259,0.00611399,0.230355,0,0.563123,0.0170589,4443,-3.9340836636486204E-06,-3.9562275158973496E-06,0.002427401551080926,7738.18,11490.7,25539.9,1.05916E+06,0,0,0,7.294
125000,233.18455990421472,5509,7,5512,3,5250,BlackHole,800033,8.40193E-05,205,2942,96,5194,7953,3242,9.28675E-05,0.18298,0.006114,0.231287,0,0.561801,0.0170589,4442,-3.921291107205749E-06,-3.943434959454478E-06,0.002427401551080926,8478.29,11571.2,25602.7,1.05631E+06,0,0,0,7.386
126000,235.04860479697032,5509,7,5512,3,5250,BlackHole,800033,8.40193E-05,205,2952,96,5198,7967,3243,9.28675E-05,0.183838,0.006114,0.231288,0,0.560942,0.0170589,4442,-3.897979331565915E-06,-3.920123183814644E-06,0.002427401551080926,8732,11719.1,25149.2,1.05518E+06,0,0,0,7.351
127000,236.91264968972592,5511,7,5512,1,5250,BlackHole,800033,8.40193E-05,205,2988,96,5204,8011,3246,9.28675E-05,0.184164,0.006114,0.231646,0,0.560258,0.0170589,4444,-3.893211945632892E-06,-3.915355797881621E-06,0.002427401551080926,8370.71,11564.5,23973.6,1.05536E+06,0,0,0,7.396
128000,238.77669458248153,5505,7,5512,7,5250,BlackHole,800033,8.40193E-05,205,2996,96,5226,8035,3258,9.28675E-05,0.184656,0.00611401,0.232748,0,0.558665,0.0170589,4438,-3.876212918186439E-06,-3.898356770435168E-06,0.002427401551080926,8134.63,11734.1,25445.2,1.05266E+06,0,0,0,7.374
129000,240.64073947523713,5503,7,5512,9,5250,BlackHole,800033,8.40193E-05,205,3004,96,5252,8067,3273,9.28675E-05,0.185563,0.00611401,0.234814,0,0.555692,0.0170589,4436,-3.852107438667998E-06,-3.874251290916727E-06,0.002427401551080926,8633.11,12157.9,26001.5,1.04974E+06,0,0,0,7.381
130000,242.50478436799273,5511,7,5512,1,5250,BlackHole,800033,8.40193E-05,205,3021,96,5301,8141,3298,9.28675E-05,0.186942,0.00611401,0.235139,0,0.553987,0.0170589,4444,-3.838409947938502E-06,-3.860553800187231E-06,0.002427401551080926,8700.31,11884.1,25814.7,1.04801E+06,0,0,0,7.391
131000,244.36882926074833,5505,7,5512,7,5250,BlackHole,800033,8.40193E-05,205,3027,96,5347,8187,3323,9.28675E-05,0.187539,0.00611401,0.236862,0,0.551668,0.0170589,4434,-3.8194436871639136E-06,-3.841587539412643E-06,0.002427401551080926,8717.49,11976.9,24963.8,1.04704E+06,0,0,0,7.306
132000,246.23287415350393,5510,7,5512,2,5250,BlackHole,800033,8.40193E-05,205,3034,96,5377,8229,3340,9.28675E-05,0.188202,0.00611409,0.238818,0,0.549049,0.0170589,4439,-3.795104350464448E-06,-3.817248202713177E-06,0.002427401551080926,7922.12,12744.3,24699.1,1.04462E+06,0,0,0,7.384
133000,248.09691904625953,5512,7,5512,0,5250,BlackHole,800033,8.40193E-05,205,3035,96,5404,8259,3359,9.28675E-05,0.188257,0.0061141,0.240401,0,0.547411,0.0170589,4441,-3.7767029496378473E-06,-3.798846801886576E-06,0.002427401551080926,9079.85,12483,26102.1,1.04242E+06,0,0,0,7.426
134000,249.96096393901513,5499,7,5512,13,5250,BlackHole,800033,8.40193E-05,205,3041,96,5411,8259,3366,9.28675E-05,0.189315,0.0061141,0.241922,0,0.544832,0.0170589,4428,-3.737283703699431E-06,-3.75942755594816E-06,0.002427401551080926,10396.2,11994,25882.8,1.04379E+06,0,0,0,7.367
135000,251.82500883177073,5510,7,5512,2,5250,BlackHole,800033,8.40193E-05,205,3043,96,5468,8329,3394,9.28675E-05,0.189383,0.0061141,0.243142,0,0.543544,0.0170589,4439,-3.7262078747582706E-06,-3.7483517270069993E-06,0.002427401551080926,9512.33,11959.5,25300.6,1.04068E+06,0,0,0,7.428
136000,253.68905372452633,5509,7,5512,3,5250,BlackHole,800033,8.40193E-05,205,3049,96,5573,8439,3448,9.28675E-05,0.190438,0.00611426,0.24414,0,0.541491,0.0170589,4438,-3.701939805866288E-06,-3.7240836581150168E-06,0.002427401551080926,9020.07,11931,25040,1.03848E+06,0,0,0,7.409
137000,255.55309861728193,5511,7,5512,1,5250,BlackHole,800033,8.40193E-05,205,3125,96,5639,8583,3489,9.28675E-05,0.191088,0.00611496,0.244752,0,0.540228,0.0170589,4440,-3.686585436995593E-06,-3.7087292892443216E-06,0.002427401551080926,10746.6,11980.1,21673.8,1.03587E+06,0,0,0,7.350
138000,257.41714351005913,5475,7,5512,37,5250,BlackHole,800033,8.40193E-05,205,3269,96,5705,8757,3526,9.28675E-05,0.191327,0.00611502,0.245765,0,0.538976,0.0170589,4404,-3.6736323951257816E-06,-3.6957762473745103E-06,0.002427401551080926,7977.95,11496.2,24223.2,1.04175E+06,0,0,0,7.340
139000,259.28118840284316,5490,6,5512,22,5250,BlackHole,800033,8.40193E-05,205,3298,96,5725,8821,3538,9.28675E-05,0.191799,0.00611502,0.24619,0,0.538078,0.0170589,4376,-3.668182577827543E-06,-3.6903264300762715E-06,0.002427401551080926,10241.1,12428.8,25106.1,1.04543E+06,0,0,0,7.272
140000,261.1452332956272,5512,6,5512,0,5250,BlackHole,800033,8.40193E-05,205,3319,96,5752,8891,3552,9.28675E-05,0.191899,0.00611502,0.24715,0,0.537019,0.0170589,4397,-3.659676466394655E-06,-3.6818203186433836E-06,0.002427401551080926,9336.89,12530.1,24903.1,1.0386E+06,0,0,0,6.667
141000,263.0092781884112,5504,6,5512,8,5250,BlackHole,800033,8.40193E-05,205,3329,96,5768,8909,3560,9.28675E-05,0.191903,0.00611502,0.247246,0,0.536919,0.0170589,4386,-3.658847333126767E-06,-3.6809911853754957E-06,0.002427401551080926,9235.85,12680.3,23549.8,1.0448E+06,0,0,0,6.703
142000,264.8733230811952,5510,6,5512,2,5250,BlackHole,800033,8.40193E-05,205,3330,96,5791,8939,3571,9.28675E-05,0.191914,0.00611502,0.247981,0,0.536173,0.0170589,4396,-3.653061200889832E-06,-3.6752050531385606E-06,0.002427401551080926,10944.4,12723.1,22400.9,1.03846E+06,0,0,0,6.677
143000,266.73736797397925,5490,6,5512,22,5250,BlackHole,800033,8.40193E-05,205,3349,96,5808,8953,3582,9.28675E-05,0.192131,0.00611509,0.248227,0,0.535709,0.0170589,4376,-3.6506621257714973E-06,-3.672805978020226E-06,0.002427401551080926,9506.35,12690.9,22028.2,1.04146E+06,0,0,0,6.728
144000,268.60141286676327,5511,6,5512,1,5250,BlackHole,800033,8.40193E-05,205,3350,96,5818,8985,3589,9.28675E-05,0.192568,0.00611518,0.248354,0,0.535145,0.0170589,4397,-3.6398481178800255E-06,-3.6619919701287542E-06,0.002427401551080926,9305.48,12328.1,21214.1,1.0324E+06,0,0,0,6.745
145000,270.4654577595473,5498,6,5512,14,5250,BlackHole,800033,8.40193E-05,205,3367,96,5842,9013,3601,9.28675E-05,0.193222,0.00611518,0.248709,0,0.534136,0.0170589,4384,-3.623122379461486E-06,-3.6452662317102147E-06,0.002427401551080926,9251.06,12065.8,19913.1,1.03537E+06,0,0,0,6.740
146000,272.3295026523313,5510,6,5512,2,5250,BlackHole,800033,8.40193E-05,205,3371,96,5902,9087,3631,9.28675E-05,0.193739,0.00611522,0.249495,0,0.532833,0.0170589,4396,-3.599061966594516E-06,-3.621205818843245E-06,0.002427401551080926,8930.2,11917.4,18168.1,1.032E+06,0,0,0,6.744
147000,274.19354754511534,5511,6,5512,1,5250,BlackHole,800033,8.40193E-05,205,3487,96,5985,9287,3677,9.28675E-05,0.19387,0.00611538,0.249498,0,0.532699,0.0170589,4397,-3.5957877533628E-06,-3.617931605611529E-06,0.002427401551080926,9518.11,11523.4,15685.1,1.03186E+06,0,0,0,6.730
148000,276.05759243789936,5409,6,5512,103,5250,BlackHole,800033,8.40193E-05,205,3842,96,6008,9563,3688,9.28675E-05,0.194671,0.0061154,0.250223,0,0.531173,0.0170589,4295,-3.5861382584202206E-06,-3.6082821106689493E-06,0.002427401551080926,9706.43,11507.3,24921.8,1.06302E+06,0,0,0,6.589
149000,277.9216373306834,5397,6,5512,115,5250,BlackHole,800033,8.40193E-05,205,3849,96,6013,9563,3693,9.28675E-05,0.195036,0.0061154,0.250999,0,0.530032,0.0170589,4283,-3.578077883797032E-06,-3.600221736045761E-06,0.002427401551080926,8929.55,11804.5,26340.7,1.05893E+06,0,0,0,6.562
150000,279.7856822234674,5507,6,5512,5,5250,BlackHole,800033,8.40193E-05,205,3851,96,6075,9737,3726,9.28675E-05,0.195557,0.00611553,0.251501,0,0.529009,0.0170589,4393,-3.5617711261335665E-06,-3.5839149783822952E-06,0.002427401551080926,9369.89,12412,25870.6,1.03031E+06,0,0,0,6.752
151000,281.6497271162514,5470,6,5512,42,5250,BlackHole,800033,8.40193E-05,205,3894,96,6107,9775,3743,9.28675E-05,0.196405,0.00611553,0.252303,0,0.527359,0.0170589,4356,-3.5392794648523953E-06,-3.561423317101124E-06,0.002427401551080926,8951.56,12163.3,24934.1,1.03975E+06,0,0,0,6.751
152000,283.51377200903545,5509,6,5512,3,5250,BlackHole,800033,8.40193E-05,205,3900,96,6122,9835,3751,9.28675E-05,0.196537,0.00611553,0.252307,0,0.527224,0.0170589,4391,-3.537272780724607E-06,-3.5594166329733357E-06,0.002427401551080926,11034.2,12370,23610.3,1.02767E+06,0,0,0,6.732
153000,285.3778169018195,5511,6,5512,1,5250,BlackHole,800033,8.40193E-05,205,4029,96,6153,9997,3766,9.28675E-05,0.196591,0.00611553,0.253042,0,0.526434,0.0170589,4397,-3.5312321231872603E-06,-3.553375975435989E-06,0.002427401551080926,9886.28,12235.5,22204.9,1.02668E+06,0,0,0,6.685
154000,287.2418617946035,5511,6,5512,1,5250,BlackHole,800033,8.40193E-05,205,4032,96,6262,10104,3829,9.28675E-05,0.196644,0.0061159,0.253836,0,0.525587,0.0170594,4389,-3.527940942819277E-06,-3.550084795068006E-06,0.002427401551080926,8968.88,12638.7,20550.4,1.02717E+06,0,0,0,6.796
155000,289.1059066873875,5509,6,5512,3,5250,BlackHole,800033,8.40193E-05,205,4116,96,6284,10208,3840,9.28675E-05,0.197161,0.00611594,0.254383,0,0.524522,0.0170589,4395,-3.5150232162578743E-06,-3.537167068506603E-06,0.002427401551080926,9263.8,11873.6,18296.1,1.02735E+06,0,0,0,6.782
156000,290.96995158017154,5504,6,5512,8,5250,BlackHole,800033,8.40193E-05,205,4124,96,6305,10232,3852,9.28675E-05,0.197306,0.00611594,0.255052,0,0.523709,0.0170589,4390,-3.5106408660852942E-06,-3.532784718334023E-06,0.002427401551080926,9122.43,12080.2,15841.3,1.02516E+06,0,0,0,6.804
157000,292.83399647295556,5512,6,5512,0,5250,BlackHole,800033,8.40193E-05,205,4126,96,6443,10370,3928,9.28675E-05,0.197319,0.00611596,0.255502,0,0.523246,0.0170589,4396,-3.5063317989015663E-06,-3.528475651150295E-06,0.002427401551080926,10748.4,11701.6,16179.7,1.01972E+06,0,0,0,6.787
158000,294.6980413657396,5510,6,5512,2,5250,BlackHole,800033,8.40193E-05,205,4216,96,6531,10531,4004,9.28675E-05,0.198264,0.00611612,0.255666,0,0.522137,0.0170589,4369,-3.4847251811472732E-06,-3.506869033396002E-06,0.0024274015764535325,4582.28,9623.06,16755.3,1.02365E+06,0,0,0,6.734
159000,296.5620862585236,5509,6,5512,3,5250,BlackHole,800033,8.40193E-05,205,4253,96,6537,10573,4007,9.28675E-05,0.198891,0.00611612,0.256237,0,0.520939,0.0170589,4368,-3.464359364701428E-06,-3.486503216950157E-06,0.0024274015764535325,8401.74,8401.74,17534.7,1.02223E+06,0,0,0,6.731
160000,298.42613115130763,5509,6,5512,3,5250,BlackHole,800033,8.40193E-05,205,4257,96,6549,10589,4014,9.28675E-05,0.199663,0.00611612,0.256784,0,0.51962,0.0170589,4368,-3.455950203691419E-06,-3.4780940559401476E-06,0.0024274015764535325,9286.84,12081.5,17556.4,1.02025E+06,0,0,0,6.771
161000,300.29017604409165,5507,6,5512,5,5250,BlackHole,800033,8.40193E-05,205,4259,96,6549,10589,4014,9.28675E-05,0.199751,0.00611612,0.256784,0,0.519532,0.0170589,4366,-3.4554077851277603E-06,-3.477551637376489E-06,0.0024274015764535325,9337.48,9855.97,17284.2,1.02293E+06,0,0,0,6.784
162000,302.1542209368757,5474,6,5512,38,5250,BlackHole,800033,8.40193E-05,205,4290,96,6551,10589,4016,9.28675E-05,0.200638,0.00611612,0.257022,0,0.518406,0.0170589,4332,-3.439878061706212E-06,-3.4620219139549405E-06,0.0024274015764535325,8782.96,8782.97,17606.4,1.02991E+06,0,0,0,6.736
163000,304.0182658296597,5511,6,5512,1,5250,BlackHole,800033,8.40193E-05,205,4322,96,6564,10671,4022,9.28675E-05,0.200638,0.00611612,0.25734,0,0.518089,0.0170589,4370,-3.437379774991009E-06,-3.4595236272397378E-06,0.0024274015764535325,10199.7,11820.1,17390.1,1.0195E+06,0,0,0,6.784
164000,305.8823107224437,5510,6,5512,2,5250,BlackHole,800033,8.40193E-05,205,4344,96,6577,10705,4027,9.28675E-05,0.200638,0.00611614,0.257593,0,0.517835,0.0170589,4369,-3.4363608789021307E-06,-3.4585047311508594E-06,0.0024274015764535325,9132.05,10118.1,16951.7,1.01899E+06,0,0,0,6.800
165000,307.74635561522774,5511,6,5512,1,5250,BlackHole,800033,8.40193E-05,205,4345,96,6613,10739,4048,9.28675E-05,0.200638,0.00611614,0.259055,0,0.516373,0.0170589,4370,-3.4260376707692524E-06,-3.448181523017981E-06,0.0024274015764535325,9138.58,9138.59,16783.3,1.01801E+06,0,0,0,6.804
166000,309.61040050801176,5508,6,5512,4,5250,BlackHole,800033,8.40193E-05,205,4346,96,6615,10739,4050,9.28675E-05,0.20074,0.00611614,0.259213,0,0.516114,0.0170589,4367,-3.423858679947661E-06,-3.4460025321963897E-06,0.0024274015764535325,9277.56,9277.61,17259.2,1.01707E+06,0,0,0,6.815
167000,311.4744454007958,5504,6,5512,8,5250,BlackHole,800033,8.40193E-05,205,4356,96,6649,10775,4069,9.28675E-05,0.200977,0.00611614,0.259506,0,0.515584,0.0170589,4363,-3.4206913278371075E-06,-3.4428351800858362E-06,0.0024274015764535325,8982.38,10481.3,17351,1.01726E+06,0,0,0,6.817
168000,313.3384902935798,5510,6,5512,2,5250,BlackHole,800033,8.40193E-05,205,4390,96,6661,10827,4074,9.28675E-05,0.201137,0.00611614,0.259518,0,0.515412,0.0170589,4335,-3.4179382405019396E-06,-3.4400820927506683E-06,0.0024274015764535325,9424.96,9424.97,17648.2,1.02293E+06,0,0,0,6.764
169000,315.20253518636383,5512,6,5512,0,5250,BlackHole,800033,8.40193E-05,205,4392,96,6679,10849,4084,9.28675E-05,0.201168,0.00611614,0.260366,0,0.514532,0.0170589,4337,-3.4106281744065245E-06,-3.432772026655253E-06,0.0024274015764535325,8301.38,8301.39,17533.5,1.02207E+06,0,0,0,6.749
170000,317.06658007914785,5509,6,5512,3,5250,BlackHole,800033,8.40193E-05,205,4394,96,6680,10849,4085,9.28675E-05,0.201204,0.00611614,0.2604,0,0.514463,0.0170589,4334,-3.408552470848599E-06,-3.430696323097328E-06,0.0024274015764535325,9610.79,11103.8,16713.5,1.02017E+06,0,0,0,6.799
171000,318.9306249719319,5512,6,5512,0,5250,BlackHole,800033,8.40193E-05,205,4401,96,6708,10887,4099,9.28675E-05,0.201612,0.00611614,0.261303,0,0.513152,0.0170589,4337,-3.400643110721969E-06,-3.4227869629706976E-06,0.0024274015764535325,9667.2,9667.21,16904.7,1.01618E+06,0,0,0,6.807
172000,320.7946698647159,5510,6,5512,2,5250,BlackHole,800033,8.40193E-05,205,4403,96,6712,10891,4102,9.28675E-05,0.201709,0.00611614,0.261756,0,0.512602,0.0170589,4335,-3.3964706365272977E-06,-3.4186144887760264E-06,0.0024274015764535325,8467.71,8467.73,17258.6,1.01556E+06,0,0,0,6.797
173000,322.6587147574999,5490,6,5512,22,5250,BlackHole,800033,8.40193E-05,205,4420,96,6715,10891,4105,9.28675E-05,0.201752,0.00611614,0.26317,0,0.511145,0.0170589,4315,-3.3882784400338885E-06,-3.410422292282617E-06,0.0024274015764535325,9867.15,11989.5,17262,1.01832E+06,0,0,0,6.785
174000,324.52275965028394,5512,6,5512,0,5250,BlackHole,800033,8.40193E-05,205,4420,96,6717,10915,4106,9.28675E-05,0.201752,0.00611614,0.263463,0,0.510851,0.017059,4320,-3.3861739305850918E-06,-3.4083177828338205E-06,0.0024274015764535325,8980.39,9901.87,17514.9,1.01416E+06,0,0,0,6.794
175000,326.38680454306797,5506,6,5512,6,5250,BlackHole,800033,8.40193E-05,205,4426,96,6717,10915,4106,9.28675E-05,0.202079,0.00611614,0.263463,0,0.510524,0.017059,4314,-3.3839586276779072E-06,-3.406102479926636E-06,0.0024274015764535325,8856.15,8856.17,17896,1.01652E+06,0,0,0,6.779
176000,328.250849435852,5512,6,5512,0,5250,BlackHole,800033,8.40193E-05,205,4430,96,6731,10939,4113,9.28675E-05,0.202127,0.00611614,0.264215,0,0.509724,0.017059,4320,-3.377361992746814E-06,-3.3995058449955426E-06,0.0024274015764535325,9922.41,11276.2,17534,1.01556E+06,0,0,0,6.775
177000,330.114894328636,5442,6,5512,70,5250,BlackHole,800033,8.40193E-05,205,4496,96,6735,10939,4117,9.28675E-05,0.202514,0.00611619,0.264216,0,0.509337,0.017059,4250,-3.3678731350482796E-06,-3.3900169872970083E-06,0.0024274015764535325,9108.98,10176.3,17291.8,1.03239E+06,0,0,0,6.774
178000,331.97893922142003,5506,6,5512,6,5250,BlackHole,800033,8.40193E-05,205,4532,96,6745,11049,4121,9.28675E-05,0.202514,0.00611619,0.264316,0,0.509236,0.017059,4314,-3.367444254457016E-06,-3.389588106705745E-06,0.0024274015764535325,9198.3,9198.33,17255.7,1.01239E+06,0,0,0,6.762
179000,333.84298411420406,5501,6,5512,11,5250,BlackHole,800033,8.40193E-05,205,4535,96,6747,11049,4123,9.28675E-05,0.202684,0.00611619,0.264376,0,0.509006,0.017059,4290,-3.361295483495774E-06,-3.3834393357445027E-06,0.0024274015764535325,8950.39,8950.51,16299.7,1.01589E+06,0,0,0,6.743
180000,335.7070290069881,5456,6,5512,56,5250,BlackHole,800033,8.40193E-05,205,4576,96,6751,11049,4127,9.28675E-05,0.203122,0.0061162,0.264887,0,0.508057,0.017059,4243,-3.3520462706494966E-06,-3.3741901228982253E-06,0.0024274015764535325,9820.66,10572.4,17040.5,1.02546E+06,0,0,0,6.771
181000,337.5710738997721,5502,6,5512,10,5250,BlackHole,800033,8.40193E-05,205,4584,96,6769,11111,4144,9.28675E-05,0.204144,0.0061162,0.265318,0,0.506604,0.017059,4291,-3.3406129534162194E-06,-3.362756805664948E-06,0.0024274015764535325,9473.93,9473.95,17466.3,1.01101E+06,0,0,0,6.779
182000,339.4351187925561,5504,6,5512,8,5250,BlackHole,800033,8.40193E-05,205,4588,96,6807,11155,4168,9.28675E-05,0.204283,0.00611624,0.265821,0,0.505962,0.017059,4293,-3.334481588618209E-06,-3.3566254408669375E-06,0.0024274015764535325,8284.64,8284.64,15887.7,1.00941E+06,0,0,0,6.789
183000,341.29916368534015,5509,6,5512,3,5250,BlackHole,800033,8.40193E-05,205,4673,96,6821,11259,4176,9.28675E-05,0.205498,0.00611625,0.265821,0,0.504747,0.017059,4265,-3.3107843622277866E-06,-3.3329282144765153E-06,0.0024274015764535325,9469.81,11279.2,17421.7,1.0167E+06,0,0,0,6.757
184000,343.16320857812417,5508,6,5512,4,5250,BlackHole,800033,8.40193E-05,205,4686,96,6841,11285,4189,9.28675E-05,0.205778,0.00611625,0.266275,0,0.504014,0.017059,4265,-3.3009267620446453E-06,-3.323070614293374E-06,0.0024274015764535325,9261.09,9711.94,17359.6,1.01306E+06,0,0,0,6.789
185000,345.0272534709082,5494,6,5512,18,5250,BlackHole,800033,8.40193E-05,205,4693,96,6924,11361,4247,9.28675E-05,0.206265,0.00611987,0.266996,0,0.502802,0.017059,4245,-3.2829619077910578E-06,-3.3051057600397865E-06,0.0024274015764535325,8540.02,8540.06,17701.3,1.01576E+06,0,0,0,6.744
186000,346.8912983636922,5503,6,5512,9,5250,BlackHole,800033,8.40193E-05,205,4705,96,6993,11449,4287,9.28675E-05,0.206971,0.00612092,0.266998,0,0.502092,0.017059,4198,-3.2607023744631914E-06,-3.28284622671192E-06,0.0024274015764535325,10231.1,12261.7,18618.4,1.03274E+06,0,0,0,6.694
187000,348.75534325647624,5507,6,5512,5,5250,BlackHole,800033,8.40193E-05,205,4712,96,7056,11523,4321,9.28675E-05,0.207189,0.00612135,0.267153,0,0.501719,0.017059,4202,-3.2580725451901212E-06,-3.28021639743885E-06,0.0024274015764535325,8973.48,9950.2,15994.6,1.02834E+06,0,0,0,6.736
188000,350.61938814926026,5506,6,5512,6,5250,BlackHole,800033,8.40193E-05,205,4717,96,7100,11571,4347,9.28675E-05,0.208085,0.00612153,0.267465,0,0.500511,0.017059,4201,-3.250242417865558E-06,-3.2723862701142865E-06,0.0024274015764535325,8927.63,8927.67,18905.4,1.02549E+06,0,0,0,6.740
189000,352.4834330420443,5509,5,5512,3,5250,BlackHole,800033,8.40193E-05,205,4720,96,7161,11639,4380,9.28675E-05,0.208357,0.00612154,0.267494,0,0.50021,0.017059,4205,-3.247560928153401E-06,-3.2697047804021295E-06,0.0024274015764535325,9454.27,10744.3,19202.3,1.02289E+06,0,0,0,6.171
190000,354.3474779348283,5491,5,5512,21,5250,BlackHole,800033,8.40193E-05,205,4727,96,7238,11705,4432,9.28675E-05,0.20938,0.00612192,0.269077,0,0.497604,0.017059,4187,-3.224266344632089E-06,-3.246410196880818E-06,0.0024274015764535325,8911.99,10240,19526.2,1.02758E+06,0,0,0,6.121
191000,356.2115228276123,5501,5,5512,11,5250,BlackHole,800033,8.40193E-05,205,4735,96,7248,11727,4441,9.28675E-05,0.209714,0.00612192,0.269262,0,0.497085,0.017059,4197,-3.219804741898773E-06,-3.2419485941475016E-06,0.0024274015764535325,9255.98,9256.01,19533.9,1.02229E+06,0,0,0,6.121
192000,358.07556772039635,5510,5,5512,2,5250,BlackHole,800033,8.40193E-05,205,4746,96,7254,11753,4445,9.28675E-05,0.209714,0.00612192,0.269875,0,0.496471,0.017059,4206,-3.214669697048307E-06,-3.236813549297036E-06,0.0024274015764535325,8692.33,8692.48,19652.7,1.01846E+06,0,0,0,6.113
193000,359.9396126131804,5510,5,5512,2,5250,BlackHole,800033,8.40193E-05,205,4747,96,7257,11757,4447,9.28675E-05,0.209718,0.00612192,0.270211,0,0.496132,0.017059,4206,-3.212573103066151E-06,-3.2347169553148797E-06,0.0024274015764535325,9254.68,10675.7,20276.9,1.01713E+06,0,0,0,6.105
194000,361.8036575059644,5409,5,5512,103,5250,BlackHole,800033,8.40193E-05,205,4849,96,7270,11771,4453,9.28675E-05,0.210117,0.00612192,0.27027,0,0.495674,0.017059,4105,-3.205550795109222E-06,-3.227694647357951E-06,0.0024274015764535325,9521.87,9521.9,19458.6,1.0491E+06,0,0,0,6.116
195000,363.6677023987484,5414,5,5512,98,5250,BlackHole,800033,8.40193E-05,205,4946,96,7276,11879,4456,9.28675E-05,0.210128,0.00612192,0.270753,0,0.495179,0.017059,4110,-3.2026006720680717E-06,-3.2247445243168004E-06,0.0024274015764535325,8298.52,8298.54,19707.7,1.04339E+06,0,0,0,6.023
196000,365.53174729153244,5511,5,5512,1,5250,BlackHole,800033,8.40193E-05,205,4948,96,7287,11989,4461,9.28675E-05,0.210179,0.00612192,0.270837,0,0.495045,0.017059,4207,-3.201723370031765E-06,-3.2238672222804938E-06,0.0024274015764535325,10335.7,11485.7,20694.2,1.01617E+06,0,0,0,6.018
197000,367.39579218431646,5509,5,5512,3,5250,BlackHole,800033,8.40193E-05,205,4950,96,7323,12023,4480,9.28675E-05,0.210863,0.00612208,0.271101,0,0.494096,0.017059,4205,-3.1918755018856287E-06,-3.2140193541343574E-06,0.0024274015764535325,9014.4,9756.91,18232.7,1.01762E+06,0,0,0,6.141
198000,369.2598370771005,5507,5,5512,5,5250,BlackHole,800033,8.40193E-05,205,4957,96,7370,12072,4506,9.28675E-05,0.211067,0.00612209,0.271698,0,0.493296,0.017059,4203,-3.1865164371213164E-06,-3.208660289370045E-06,0.002427403186292908,8615.29,8615.35,19606.4,1.01546E+06,0,0,0,6.151
199000,371.1238819698845,5508,5,5512,4,5250,BlackHole,800033,8.40193E-05,205,4962,96,7376,12084,4509,9.28675E-05,0.211451,0.00612209,0.272095,0,0.492514,0.017059,4204,-3.178595576941769E-06,-3.2007394291904976E-06,0.002427403186292908,9957.87,12069.1,19740.5,1.01245E+06,0,0,0,6.149
200000,372.98792686266853,5507,5,5512,5,5250,BlackHole,800033,8.40193E-05,205,4993,96,7382,12120,4513,9.28675E-05,0.212289,0.0061221,0.272935,0,0.490837,0.017059,4203,-3.166095069031389E-06,-3.188238921280118E-06,0.002427403186292908,9279.07,10000.5,18685.1,1.01068E+06,0,0,0,6.129
201000,374.85197175545255,5505,5,5512,7,5250,BlackHole,800033,8.40193E-05,205,5000,96,7385,12128,4515,9.28675E-05,0.212293,0.0061221,0.273097,0,0.49067,0.017059,4201,-3.162483096794532E-06,-3.1846269490432607E-06,0.002427403186292908,8996.45,8996.5,20347.5,1.01086E+06,0,0,0,6.090
202000,376.7160166482366,5511,5,5512,1,5250,BlackHole,800033,8.40193E-05,205,5019,96,7388,12156,4517,9.28675E-05,0.212294,0.0061221,0.273543,0,0.490224,0.017059,4207,-3.1591704811925197E-06,-3.1813143334412484E-06,0.002427403186292908,9212.46,10237,20155,1.00799E+06,0,0,0,6.111
203000,378.5800615410206,5508,5,5512,4,5250,BlackHole,800033,8.40193E-05,205,5021,96,7393,12160,4521,9.28675E-05,0.212294,0.0061221,0.274494,0,0.489273,0.017059,4204,-3.150955934965017E-06,-3.1730997872137457E-06,0.002427403186292908,9223.08,10308.8,20360.1,1.00644E+06,0,0,0,6.167
204000,380.4441064338046,5503,5,5512,9,5250,BlackHole,800033,8.40193E-05,205,5042,96,7443,12226,4560,9.28675E-05,0.212328,0.00612276,0.275348,0,0.488383,0.017059,4199,-3.1451446066344124E-06,-3.167288458883141E-06,0.002427403186292908,9311.01,9311.06,17060.8,1.00658E+06,0,0,0,6.099
205000,382.30815132658864,5512,5,5512,0,5250,BlackHole,800033,8.40193E-05,205,5053,96,7463,12266,4570,9.28675E-05,0.212334,0.00612276,0.275383,0,0.488343,0.017059,4208,-3.1386668909076793E-06,-3.160810743156408E-06,0.002427403186292908,8503.47,8503.62,18585.2,1.00057E+06,0,0,0,6.158
206000,384.17219621937267,5511,5,5512,1,5250,BlackHole,800033,8.40193E-05,205,5057,96,7496,12302,4587,9.28675E-05,0.212633,0.00612276,0.275648,0,0.487779,0.017059,4207,-3.1287612603164757E-06,-3.1509051125652044E-06,0.002427403186292908,9654.74,10791.7,18239.6,999600,0,0,0,6.166
207000,386.0362411121567,5508,5,5512,4,5250,BlackHole,800033,8.40193E-05,205,5057,96,7525,12328,4604,9.28675E-05,0.212633,0.00612279,0.276445,0,0.486982,0.017059,4204,-3.1232219544052805E-06,-3.1453658066540092E-06,0.002427403186292908,9430.37,9568.17,16826.8,1.00075E+06,0,0,0,6.177
208000,387.9002860049407,5474,5,5512,38,5250,BlackHole,800033,8.40193E-05,205,5096,96,7548,12356,4615,9.28675E-05,0.212818,0.00612279,0.276707,0,0.486534,0.0170593,4132,-3.1204685485074103E-06,-3.142612400756139E-06,0.002427403186292908,8334.96,8335.01,19738.5,1.02196E+06,0,0,0,6.092
209000,389.76433089772473,5511,5,5512,1,5250,BlackHole,800033,8.40193E-05,205,5097,96,7614,12456,4650,9.28675E-05,0.212822,0.00612279,0.277489,0,0.485748,0.0170593,4169,-3.115825956483821E-06,-3.1379698087325497E-06,0.0024274070734447402,10130.5,11727.3,20149,1.00875E+06,0,0,0,6.074
210000,391.62837579050876,5511,5,5512,1,5250,BlackHole,800033,8.40193E-05,205,5102,96,7663,12510,4681,9.28675E-05,0.212906,0.00612539,0.277586,0,0.485565,0.0170593,4169,-3.1155133441599907E-06,-3.1376571964087194E-06,0.0024274070734447402,8990.91,9801.35,20009.3,1.00898E+06,0,0,0,6.109
211000,393.4924206832928,5512,5,5512,0,5250,BlackHole,800033,8.40193E-05,205,5103,96,7703,12552,4700,9.28675E-05,0.212906,0.00612539,0.278539,0,0.484612,0.0170598,4131,-3.110130950549151E-06,-3.1322748027978796E-06,0.0024274070734447402,7618.28,8691.01,19949.6,1.02217E+06,0,0,0,6.107
212000,395.3564655760768,5500,5,5512,12,5250,BlackHole,800033,8.40193E-05,205,5111,96,7719,12558,4713,9.28675E-05,0.21324,0.00612539,0.278539,0,0.484278,0.0170598,4119,-3.106644215173341E-06,-3.1287880674220698E-06,0.0024274070734447402,9293.86,11634.2,19634.2,1.02332E+06,0,0,0,6.121
213000,397.2205104688608,5510,5,5512,2,5250,BlackHole,800033,8.40193E-05,205,5115,96,7767,12613,4739,9.28675E-05,0.213464,0.00612539,0.279283,0,0.483309,0.0170598,4129,-3.0993277367289743E-06,-3.121471588977703E-06,0.0024274070734447402,8990.22,10051.9,18806.6,1.0193E+06,0,0,0,6.149
214000,399.08455536164485,5509,5,5512,3,5250,BlackHole,800033,8.40193E-05,205,5117,96,7798,12643,4757,9.28675E-05,0.214036,0.00612539,0.280375,0,0.481645,0.0170598,4128,-3.0902604117991395E-06,-3.1124042640478682E-06,0.0024274070734447402,5241.48,9061.99,18578.8,1.01394E+06,0,0,0,6.135
215000,400.94860025442887,5496,5,5512,16,5250,BlackHole,800033,8.40193E-05,205,5188,96,7878,12777,4801,9.28675E-05,0.214873,0.00612542,0.281652,0,0.479531,0.0170598,4111,-3.0743276548471986E-06,-3.0964715070959273E-06,0.002427407080344273,8918.78,9771.72,18747.3,1.01793E+06,0,0,0,6.111
216000,402.8126451472129,5507,5,5512,5,5250,BlackHole,800033,8.40193E-05,205,5192,96,7911,12825,4818,9.28675E-05,0.214895,0.00612542,0.282005,0,0.479156,0.0170598,4126,-3.0710796663148488E-06,-3.0932235185635775E-06,0.002427407080344273,8587.06,10382.2,19316.5,1.00961E+06,0,0,0,6.130
217000,404.6766900399969,5511,5,5512,1,5250,BlackHole,800033,8.40193E-05,205,5194,96,7935,12855,4835,9.28675E-05,0.214907,0.00612563,0.282261,0,0.478887,0.0170598,4113,-3.0695914336144665E-06,-3.091735285863195E-06,0.002427407080344273,9260.67,9363.29,19064.2,1.01356E+06,0,0,0,6.094
218000,406.54073493278094,5496,5,5512,16,5250,BlackHole,800033,8.40193E-05,205,5196,96,7956,12861,4855,9.28675E-05,0.215399,0.00612567,0.282842,0,0.477816,0.0170598,4098,-3.050929650002203E-06,-3.073073502250932E-06,0.002427407080344273,8379.43,8379.55,18539.9,1.01682E+06,0,0,0,6.056
219000,408.40477982556496,5508,5,5512,4,5250,BlackHole,800033,8.40193E-05,205,5208,96,8018,12947,4894,9.28675E-05,0.215878,0.00612573,0.283248,0,0.47693,0.0170598,4109,-3.041641326383892E-06,-3.0637851786326206E-06,0.002427407080344273,10556.3,10921,16532.3,1.00465E+06,0,0,0,6.073
220000,410.268824718349,5511,5,5512,1,5250,BlackHole,800033,8.40193E-05,205,5214,96,8027,12965,4900,9.28675E-05,0.215907,0.0061258,0.283259,0,0.47689,0.0170599,4103,-3.039656367701168E-06,-3.0618002199498967E-06,0.002427407080344273,9052.39,9612.81,16467,1.00647E+06,0,0,0,6.157
221000,412.132869611133,5512,5,5512,0,5250,BlackHole,800033,8.40193E-05,205,5281,96,8089,13095,4931,9.28675E-05,0.217065,0.0061258,0.283331,0,0.47566,0.0170599,4090,-3.017483722818777E-06,-3.039627575067506E-06,0.002427407080344273,8387.66,8387.73,16637.4,1.00812E+06,0,0,0,6.105
222000,413.996914503917,5503,5,5512,9,5250,BlackHole,800033,8.40193E-05,205,5292,96,8139,13147,4956,9.28675E-05,0.217106,0.00612582,0.283331,0,0.475619,0.0170599,4095,-3.0160674933526884E-06,-3.038211345601417E-06,0.002427407080344273,9481.05,11587.5,16642.3,1.00719E+06,0,0,0,6.128
223000,415.86095939670105,5492,5,5512,20,5250,BlackHole,800033,8.40193E-05,205,5389,96,8161,13255,4969,9.28675E-05,0.217122,0.00612582,0.28445,0,0.474484,0.0170599,4081,-3.0079462381876973E-06,-3.030090090436426E-06,0.002427407080344273,8639.39,9845.57,17715,1.01112E+06,0,0,0,6.073
224000,417.72500428948507,5496,5,5512,16,5250,BlackHole,800033,8.40193E-05,205,5410,96,8188,13307,4991,9.28675E-05,0.217146,0.00612582,0.284805,0,0.474105,0.0170599,4052,-3.0043802349890288E-06,-3.0265240872377575E-06,0.00242740708103579,8765.69,8765.78,18736.1,1.02402E+06,0,0,0,6.073
225000,419.5890491822691,5500,5,5512,12,5250,BlackHole,800033,8.40193E-05,205,5418,96,8218,13347,5009,9.28675E-05,0.217772,0.00612582,0.285436,0,0.472848,0.0170599,4056,-2.986638520804493E-06,-3.008782373053222E-06,0.00242740708103579,9258.92,11215.5,15841.2,1.02234E+06,0,0,0,6.079
226000,421.4530940750531,5508,5,5512,4,5250,BlackHole,800033,8.40193E-05,205,5523,96,8259,13501,5028,9.28675E-05,0.21837,0.00612583,0.28547,0,0.472216,0.0170599,4062,-2.982719387871349E-06,-3.004863240120078E-06,0.0024274084392440437,8954.23,10105.2,15868.8,1.01872E+06,0,0,0,5.983
227000,423.31713896783714,5511,5,5512,1,5250,BlackHole,800033,8.40193E-05,205,5528,96,8341,13591,5070,9.28675E-05,0.218378,0.00612583,0.286565,0,0.471113,0.0170599,4065,-2.973660586839519E-06,-2.9958044390882476E-06,0.0024274084392440437,9124.36,9124.43,15905.5,1.01614E+06,0,0,0,6.093
228000,425.18118386062116,5510,5,5512,2,5250,BlackHole,800033,8.40193E-05,205,5531,96,8349,13601,5073,9.28675E-05,0.219641,0.00612583,0.286584,0,0.469831,0.0170599,4055,-2.947261947658437E-06,-2.969405799907166E-06,0.0024274084392440437,9319.81,9363.45,16586.9,1.01852E+06,0,0,0,6.070
229000,427.0452287534052,5509,5,5512,3,5250,BlackHole,800033,8.40193E-05,205,5534,96,8351,13605,5074,9.28675E-05,0.219733,0.00612583,0.286606,0,0.469716,0.0170599,4054,-2.944537872002941E-06,-2.9666817242516697E-06,0.0024274084392440437,10377.6,10461.7,17291.2,1.01853E+06,0,0,0,6.110
230000,428.9092736461892,5511,5,5512,1,5250,BlackHole,800033,8.40193E-05,205,5561,96,8354,13637,5076,9.28675E-05,0.220721,0.00612583,0.286744,0,0.468591,0.0170599,4047,-2.933732445215386E-06,-2.9558762974641146E-06,0.0024274084392440437,8143.03,9413.48,18183.8,1.02098E+06,0,0,0,6.086
231000,430.77331853897323,5511,5,5512,1,5250,BlackHole,800033,8.40193E-05,205,5563,96,8386,13671,5092,9.28675E-05,0.220795,0.00612583,0.286788,0,0.468473,0.0170599,4047,-2.9319531108110463E-06,-2.954096963059775E-06,0.0024274084392440437,8310.67,8310.74,17267.3,1.02057E+06,0,0,0,6.090
232000,432.63736343175725,5509,5,5512,3,5250,BlackHole,800033,8.40193E-05,205,5564,96,8399,13683,5099,9.28675E-05,0.2208,0.00612583,0.287513,0,0.467743,0.0170599,4045,-2.9265102566239916E-06,-2.9486541088727203E-06,0.0024274084392440437,8454.3,11066.9,17317.3,1.02313E+06,0,0,0,6.100
233000,434.5014083245413,5491,5,5512,21,5250,BlackHole,800033,8.40193E-05,205,5575,96,8410,13683,5110,9.28675E-05,0.220808,0.00612584,0.287822,0,0.467425,0.0170599,4027,-2.9258316265240273E-06,-2.947975478772756E-06,0.0024274084392440437,8949.16,9656.91,17226.9,1.02532E+06,0,0,0,6.078
234000,436.3654532173253,5511,5,5512,1,5250,BlackHole,800033,8.40193E-05,205,5576,96,8417,13711,5114,9.28675E-05,0.220808,0.00612584,0.288352,0,0.466896,0.0170599,4047,-2.9230436001835177E-06,-2.9451874524322464E-06,0.0024274084392440437,8451.61,8451.7,17024.9,1.01436E+06,0,0,0,6.064
235000,438.2294981101093,5507,5,5512,5,5250,BlackHole,800033,8.40193E-05,205,5580,96,8417,13711,5114,9.28675E-05,0.220809,0.00612584,0.288352,0,0.466895,0.0170599,4043,-2.922223483282335E-06,-2.9443673355310637E-06,0.0024274084392440437,9678.67,11852.1,18246.5,1.01651E+06,0,0,0,6.021
236000,440.09354300289334,5504,5,5512,8,5250,BlackHole,800033,8.40193E-05,205,5582,96,8418,13711,5115,9.28675E-05,0.220821,0.00612584,0.288538,0,0.466696,0.0170599,4040,-2.9218977864043415E-06,-2.94404163865307E-06,0.0024274084392440437,9138.59,9890.99,18001.6,1.01658E+06,0,0,0,6.075
237000,441.95758789567736,5500,5,5512,12,5250,BlackHole,800033,8.40193E-05,205,5596,96,8442,13745,5126,9.28675E-05,0.220825,0.00612584,0.288855,0,0.466376,0.0170599,4036,-2.918092373826607E-06,-2.9402362260753357E-06,0.0024274084392440437,8839.19,8839.29,16749.3,1.01782E+06,0,0,0,6.073
238000,443.8216327884614,5511,5,5512,1,5250,BlackHole,800033,8.40193E-05,205,5598,96,8451,13767,5130,9.28675E-05,0.220825,0.00612584,0.289549,0,0.465681,0.0170599,4046,-2.914318118895485E-06,-2.9364619711442137E-06,0.0024274084392440437,8658.57,11401.7,17159,1.01175E+06,0,0,0,6.073
239000,445.6856776812454,5510,5,5512,2,5250,BlackHole,800033,8.40193E-05,205,5599,96,8455,13771,5132,9.28675E-05,0.220829,0.00612584,0.289558,0,0.465669,0.0170599,4046,-2.9139341152589133E-06,-2.936077967507642E-06,0.0024274084392440437,9686.2,10162.3,16837.5,1.0116E+06,0,0,0,6.146
240000,447.54972257402943,5479,5,5512,33,5250,BlackHole,800033,8.40193E-05,205,5628,96,8457,13771,5134,9.28675E-05,0.220829,0.00612584,0.289743,0,0.465484,0.0170599,4015,-2.9135356924841954E-06,-2.935679544732924E-06,0.0024274084392440437,9184.53,9184.62,16175,1.0204E+06,0,0,0,6.094
241000,449.41376746681345,5506,5,5512,6,5250,BlackHole,800033,8.40193E-05,205,5629,96,8477,13819,5148,9.28675E-05,0.220834,0.00612594,0.29054,0,0.464682,0.0170599,4042,-2.9078597488307846E-06,-2.9300036010795133E-06,0.0024274084392440437,9020.08,9020.62,17013.7,1.01176E+06,0,0,0,6.101
242000,451.2778123595975,5511,5,5512,1,5250,BlackHole,800033,8.40193E-05,205,5631,96,8484,13833,5151,9.28675E-05,0.22086,0.00612594,0.290556,0,0.464639,0.0170599,4047,-2.9078117090524707E-06,-2.9299555613011994E-06,0.0024274084392440437,9648.56,10550.2,17376.1,1.00989E+06,0,0,0,6.092
243000,453.1418572523815,5511,5,5512,1,5250,BlackHole,800033,8.40193E-05,205,5701,96,8514,13933,5166,9.28675E-05,0.221066,0.00612594,0.290893,0,0.464097,0.0170599,4047,-2.902047767673297E-06,-2.9241916199220255E-06,0.0024274084392440437,8978.84,9462.63,17979.8,1.00675E+06,0,0,0,6.067
244000,455.0059021451655,5510,5,5512,2,5250,BlackHole,800033,8.40193E-05,205,5711,96,8519,13947,5169,9.28675E-05,0.221879,0.00612594,0.292182,0,0.461995,0.0170599,4046,-2.8772517572621027E-06,-2.8993956095108314E-06,0.0024274084392440437,8285.45,8285.47,16444.8,1.00881E+06,0,0,0,6.097
245000,456.86994703794954,5507,5,5512,5,5250,BlackHole,800033,8.40193E-05,205,5714,96,8519,13947,5169,9.28675E-05,0.22189,0.00612594,0.292182,0,0.461984,0.0170599,4043,-2.877032985797598E-06,-2.8991768380463265E-06,0.0024274084392440437,9192.67,11235.7,17291.1,1.01272E+06,0,0,0,6.086
246000,458.73399193073357,5510,5,5512,2,5250,BlackHole,800033,8.40193E-05,205,5742,96,8580,14039,5200,9.28675E-05,0.222483,0.00612594,0.292283,0,0.46129,0.0170599,4046,-2.871007163416456E-06,-2.8931510156651847E-06,0.0024274084392440437,7697.95,9701.48,17244.3,1.00094E+06,0,0,0,6.074
247000,460.5980368235176,5501,5,5512,11,5250,BlackHole,800033,8.40193E-05,205,5747,96,8590,14039,5210,9.28675E-05,0.222504,0.00612594,0.292283,0,0.461269,0.0170599,4037,-2.871167517658244E-06,-2.8933113699069728E-06,0.0024274084392440437,4858.85,8522.87,16300.3,1.00831E+06,0,0,0,6.106
248000,462.4620817163016,5509,5,5512,3,5250,BlackHole,800033,8.40193E-05,205,5751,96,8624,14079,5236,9.28675E-05,0.222898,0.00612594,0.292283,0,0.460874,0.0170599,4045,-2.864322599234872E-06,-2.8864664514836005E-06,0.002427408441220095,2680.2,12350.4,15732.4,1.00254E+06,0,0,0,6.099
249000,464.32612660908563,5498,5,5512,14,5250,BlackHole,800033,8.40193E-05,205,5752,96,8640,14079,5252,9.28675E-05,0.222898,0.00612614,0.292707,0,0.46045,0.0170599,4034,-2.8613989772022226E-06,-2.8835428294509513E-06,0.0024274084516380245,8917.77,9938.76,15672.8,1.00598E+06,0,0,0,6.114
250000,466.19017150186966,5495,5,5512,17,5250,BlackHole,800033,8.40193E-05,205,5753,96,8642,14079,5254,9.28675E-05,0.22358,0.00612614,0.2928,0,0.459675,0.0170599,4031,-2.8554345987769153E-06,-2.877578451025644E-06,0.0024274084516380245,8168.76,8911.24,16512.2,1.00338E+06,0,0,0,6.096
251000,468.0542163946537,5503,5,5512,9,5250,BlackHole,800033,8.40193E-05,205,5754,96,8665,14109,5270,9.28675E-05,0.224185,0.00612614,0.2928,0,0.45907,0.0170599,3993,-2.851888877588257E-06,-2.874032729836986E-06,0.002427408459682817,8248.43,10866.3,16352.5,1.01485E+06,0,0,0,6.071
252000,469.9182612874377,5508,5,5512,4,5250,BlackHole,800033,8.40193E-05,205,5766,96,8694,14155,5285,9.28675E-05,0.224195,0.00612614,0.294071,0,0.457789,0.0170599,4008,-2.8425608267305974E-06,-2.864704678979326E-06,0.002427408459682817,10224.6,10224.7,16330.2,1.00954E+06,0,0,0,6.051
253000,471.7823061802217,5448,5,5512,64,5250,BlackHole,800033,8.40193E-05,205,5828,96,8702,14165,5289,9.28675E-05,0.224203,0.00612614,0.294505,0,0.457348,0.0170599,3948,-2.839862016421979E-06,-2.8620058686707078E-06,0.002427408459682817,9242.73,9242.82,16803.7,1.02658E+06,0,0,0,6.009
254000,473.64635107300575,5435,5,5512,77,5250,BlackHole,800033,8.40193E-05,205,5840,96,8703,14165,5290,9.28675E-05,0.224203,0.00612614,0.294523,0,0.457329,0.0170599,3906,-2.8389221124372844E-06,-2.861065964686013E-06,0.002427408459682817,8745.9,8746.33,18063.5,1.04608E+06,0,0,0,6.001
255000,475.51039596578977,5433,5,5512,79,5250,BlackHole,800033,8.40193E-05,205,5842,96,8703,14165,5290,9.28675E-05,0.224203,0.00612614,0.294523,0,0.457329,0.0170599,3932,-2.839500945374577E-06,-2.8616447976233057E-06,0.002427408459682817,9409.13,10650.5,16785.9,1.0331E+06,0,0,0,5.995
256000,477.3744408585738,5503,5,5512,9,5250,BlackHole,800033,8.40193E-05,205,5851,96,8782,14323,5329,9.28675E-05,0.224203,0.00612614,0.294879,0,0.456973,0.0170599,4003,-2.8360872903238483E-06,-2.858231142572577E-06,0.002427408459682817,8923.55,9510.89,17172.9,1.00342E+06,0,0,0,6.109
257000,479.2384857513578,5509,5,5512,3,5250,BlackHole,800033,8.40193E-05,205,5885,96,8784,14365,5330,9.28675E-05,0.224923,0.00612614,0.295619,0,0.455513,0.0170599,4009,-2.8283694780039865E-06,-2.850513330252715E-06,0.002427408459682817,8293,8293.04,16927.4,1.00033E+06,0,0,0,6.072
258000,481.10253064414184,5512,5,5512,0,5250,BlackHole,800033,8.40193E-05,205,5897,96,8833,14415,5362,9.28675E-05,0.225505,0.00612614,0.296298,0,0.454253,0.0170599,3993,-2.814105182370866E-06,-2.8362490346195947E-06,0.002427408706278094,7548.46,11434.4,17132.3,1.0025E+06,0,0,0,6.146
259000,482.96657553692586,5510,5,5512,2,5250,BlackHole,800033,8.40193E-05,205,5899,96,8835,14417,5363,9.28675E-05,0.225518,0.00612614,0.297001,0,0.453536,0.0170599,4010,-2.808851089109765E-06,-2.830994941358494E-06,0.002427408706278094,9310.9,9746.48,18261.2,995610,0,0,0,6.111
260000,484.8306204297099,5506,5,5512,6,5250,BlackHole,800033,8.40193E-05,205,5901,96,8837,14417,5365,9.28675E-05,0.225518,0.00612614,0.297257,0,0.453281,0.0170599,4006,-2.808140822904836E-06,-2.8302846751535648E-06,0.002427408706278094,8597.61,8597.75,18386.7,993785,0,0,0,6.078
261000,486.6946653224939,5512,5,5512,0,5250,BlackHole,800033,8.40193E-05,205,5906,96,8878,14469,5385,9.28675E-05,0.226301,0.00612614,0.297557,0,0.452197,0.0170599,4003,-2.800803602585681E-06,-2.8229474548344097E-06,0.002427408706278094,8960.23,11842.9,17862.2,993103,0,0,0,6.104
262000,488.5587102152779,5506,5,5512,6,5250,BlackHole,800033,8.40193E-05,205,5911,96,8885,14475,5389,9.28675E-05,0.226339,0.00612614,0.297645,0,0.452071,0.0170599,3997,-2.7984133071574154E-06,-2.820557159406144E-06,0.002427408706278094,9151.85,9988.67,17866.9,994118,0,0,0,6.144
263000,490.42275510806195,5506,5,5512,6,5250,BlackHole,800033,8.40193E-05,205,5915,96,8889,14483,5392,9.28675E-05,0.226557,0.00612615,0.298032,0,0.451467,0.0170599,3997,-2.786870429350708E-06,-2.809014281599437E-06,0.002427408706278094,8980.67,8980.79,17070.5,993253,0,0,0,6.117
264000,492.286800000846,5504,5,5512,8,5250,BlackHole,800033,8.40193E-05,205,5915,96,8891,14483,5394,9.28675E-05,0.226557,0.00612615,0.298739,0,0.450759,0.0170599,3995,-2.782253714540004E-06,-2.8043975667887326E-06,0.002427408706278094,9505.92,10351.8,18464.2,994453,0,0,0,6.114
265000,494.15084489363,5511,5,5512,1,5250,BlackHole,800033,8.40193E-05,205,5924,96,8963,14571,5437,9.28675E-05,0.226596,0.00612859,0.298799,0,0.450658,0.0170599,4002,-2.782535220577614E-06,-2.804679072826343E-06,0.002427408706278094,6742.92,10292.4,17973.1,992089,0,0,0,6.144
266000,496.014889786414,5512,5,5512,0,5250,BlackHole,800033,8.40193E-05,205,5953,96,9093,14731,5512,9.28675E-05,0.226966,0.00612988,0.298804,0,0.450282,0.0170599,4001,-2.780181919464027E-06,-2.8023257717127556E-06,0.002427408706278094,9136.61,9298.53,18680.7,992489,0,0,0,6.140
267000,497.87893467919804,5511,5,5512,1,5250,BlackHole,800033,8.40193E-05,205,5953,96,9176,14813,5556,9.28675E-05,0.226966,0.00613002,0.299096,0,0.449989,0.0170599,4000,-2.779239258583289E-06,-2.8013831108320175E-06,0.002427408706278094,8541.19,8541.58,17147.3,993159,0,0,0,6.105
268000,499.74297957198206,5506,5,5512,6,5250,BlackHole,800033,8.40193E-05,205,5959,96,9259,14897,5612,9.28675E-05,0.22787,0.00613091,0.299684,0,0.448498,0.0170599,3995,-2.7623457435876933E-06,-2.784489595836422E-06,0.002427408706278094,10060,10763.6,17697.7,992270,0,0,0,6.108
269000,501.6070244647661,5499,5,5512,13,5250,BlackHole,800033,8.40193E-05,205,5966,96,9429,15058,5714,9.28675E-05,0.22787,0.0061318,0.30024,0,0.44794,0.0170599,3988,-2.759740379228432E-06,-2.781884231477161E-06,0.002427408706278094,9557.5,9557.59,16791.5,991514,0,0,0,6.089
270000,503.4710693575501,5505,5,5512,7,5250,BlackHole,800033,8.40193E-05,205,5992,96,9495,15152,5760,9.28675E-05,0.228205,0.006132,0.300742,0,0.447103,0.0170599,3994,-2.7549273357687546E-06,-2.7770711880174833E-06,0.002427408706278094,8324.79,8324.87,18038.5,986862,0,0,0,6.037
271000,505.33511425033413,5512,5,5512,0,5250,BlackHole,800033,8.40193E-05,205,6038,96,9502,15212,5762,9.28675E-05,0.22834,0.006132,0.301075,0,0.446634,0.0170599,4001,-2.7524565112865693E-06,-2.774600363535298E-06,0.002427408706278094,9003.5,11667.5,18219.9,981991,0,0,0,6.074
272000,507.19915914311815,5511,5,5512,1,5250,BlackHole,800033,8.40193E-05,205,6038,96,9509,15218,5766,9.28675E-05,0.22834,0.006132,0.301583,0,0.446126,0.0170599,3996,-2.7510239505787203E-06,-2.773167802827449E-06,0.002427408706278094,6175.75,9791.06,18629.1,984135,0,0,0,6.140
273000,509.0632040359022,5512,5,5512,0,5250,BlackHole,800033,8.40193E-05,205,6064,96,9768,15446,5950,9.28675E-05,0.228751,0.00613214,0.30207,0,0.445228,0.01706,3938,-2.744615772322401E-06,-2.7667596245711297E-06,0.002427409018788219,6365.43,8673.34,16971.6,1.01172E+06,0,0,0,6.096
274000,510.9272489286862,5510,5,5512,2,5250,BlackHole,800033,8.40193E-05,205,6079,96,9777,15468,5957,9.28675E-05,0.228762,0.00613216,0.302776,0,0.444511,0.01706,3911,-2.740866060093951E-06,-2.76300991234268E-06,0.002427409018788219,7381.2,8781.9,14605.7,1.0171E+06,0,0,0,6.055
275000,512.7912938214461,5503,5,5512,9,5250,BlackHole,800033,8.40193E-05,205,6083,96,9782,15470,5961,9.28675E-05,0.228884,0.00613216,0.302846,0,0.44432,0.01706,3894,-2.738111004825354E-06,-2.760254857074083E-06,0.002427409018788219,7188.7,8820.18,15303.1,1.01752E+06,0,0,0,6.063
276000,514.6553387141732,5509,5,5512,3,5250,BlackHole,800033,8.40193E-05,205,6088,96,9819,15518,5989,9.28675E-05,0.228889,0.00613217,0.303263,0,0.443897,0.01706,3898,-2.734304458455502E-06,-2.7564483107042305E-06,0.002427409018788219,8151.93,9046.97,15593.2,1.01576E+06,0,0,0,6.036
277000,516.5193836069004,5512,5,5512,0,5250,BlackHole,800033,8.40193E-05,205,6089,96,9891,15594,6037,9.28675E-05,0.228889,0.0061324,0.303517,0,0.443644,0.01706,3901,-2.7343327958529587E-06,-2.7564766481016874E-06,0.002427409018788219,7978.49,9874.69,15921.3,1.01417E+06,0,0,0,6.030
278000,518.3834284996276,5511,5,5512,1,5250,BlackHole,800033,8.40193E-05,205,6089,96,9914,15616,6050,9.28675E-05,0.228889,0.00613242,0.303518,0,0.443643,0.01706,3900,-2.7338356370066483E-06,-2.755979489255377E-06,0.002427409018788219,7967.7,10364.6,16050.8,1.0121E+06,0,0,0,6.040
279000,520.2474733923548,5511,5,5512,1,5250,BlackHole,800033,8.40193E-05,205,6109,96,9936,15646,6068,9.28675E-05,0.228897,0.00613242,0.303519,0,0.443633,0.01706,3900,-2.732309878073337E-06,-2.7544537303220658E-06,0.0024274090261150413,7564.99,9351.28,15806.4,1.01405E+06,0,0,0,6.046
280000,522.111518285082,5510,5,5512,2,5250,BlackHole,800033,8.40193E-05,205,6128,96,9940,15668,6071,9.28675E-05,0.228897,0.00613242,0.304177,0,0.442975,0.01706,3899,-2.7270800021916304E-06,-2.749223854440359E-06,0.0024274090261150413,7405.24,8403.06,15739.7,1.01096E+06,0,0,0,6.072
281000,523.9755631778091,5508,5,5512,4,5250,BlackHole,800033,8.40193E-05,205,6129,96,9941,15668,6072,9.28675E-05,0.228926,0.00613242,0.304199,0,0.442924,0.01706,3897,-2.72658948596864E-06,-2.7487333382173686E-06,0.0024274090261150413,8803.26,10889.4,15859.8,1.00954E+06,0,0,0,6.053
282000,525.8396080705363,5502,5,5512,10,5250,BlackHole,800033,8.40193E-05,205,6132,96,9944,15668,6075,9.28675E-05,0.228944,0.00613242,0.304693,0,0.442412,0.01706,3889,-2.718561354500174E-06,-2.740705206748903E-06,0.0024274090261150413,8300.53,9602.45,15895.6,1.01136E+06,0,0,0,6.115
283000,527.7036529632635,5491,5,5512,21,5250,BlackHole,800033,8.40193E-05,205,6150,96,9979,15706,6103,9.28675E-05,0.228944,0.00613258,0.30541,0,0.441695,0.01706,3878,-2.713397050655942E-06,-2.735540902904671E-06,0.0024274090261150413,8133.78,8374.22,15791.1,1.01331E+06,0,0,0,6.067
284000,529.5676978559907,5505,5,5512,7,5250,BlackHole,800033,8.40193E-05,205,6160,96,9997,15748,6120,9.28675E-05,0.228944,0.00613271,0.305904,0,0.441201,0.01706,3892,-2.7099301921926173E-06,-2.732074044441346E-06,0.0024274090261150413,8112.49,10720.3,16035.2,1.00892E+06,0,0,0,6.038
285000,531.4317427487179,5502,5,5512,10,5250,BlackHole,800033,8.40193E-05,205,6162,96,9998,15748,6121,9.28675E-05,0.229161,0.00613271,0.305913,0,0.440976,0.01706,3889,-2.7067819802528596E-06,-2.7289258325015883E-06,0.0024274090261150413,7455.82,9835.16,15899.2,1.00886E+06,0,0,0,6.079
286000,533.295787641445,5451,5,5512,61,5250,BlackHole,800033,8.40193E-05,205,6211,96,10000,15748,6123,9.28675E-05,0.229696,0.00613271,0.306468,0,0.439885,0.01706,3838,-2.702038363024555E-06,-2.724182215273284E-06,0.0024274090261150413,7954.25,8748.37,15568.7,1.02202E+06,0,0,0,6.002
287000,535.1598325341722,5511,5,5512,1,5250,BlackHole,800033,8.40193E-05,205,6213,96,10016,15826,6131,9.28675E-05,0.229704,0.00613271,0.307491,0,0.438854,0.01706,3898,-2.6965996718358965E-06,-2.718743524084625E-06,0.0024274090261150413,8616.09,10652.2,14693.9,1.00543E+06,0,0,0,6.000
288000,537.0238774268994,5505,5,5512,7,5250,BlackHole,800033,8.40193E-05,205,6223,96,10058,15861,6163,9.28675E-05,0.230246,0.00613283,0.307853,0,0.437949,0.01706,3857,-2.6876074794280795E-06,-2.709751331676808E-06,0.0024274090261150413,8050.68,10092.5,14756.4,1.01464E+06,0,0,0,6.044
289000,538.8879223196266,5483,5,5512,29,5250,BlackHole,800033,8.40193E-05,205,6243,96,10060,15861,6165,9.28675E-05,0.23026,0.00613283,0.308013,0,0.437775,0.01706,3830,-2.68939803185042E-06,-2.7115418840991487E-06,0.0024274090261150413,8546.7,9110.06,15394.2,1.02086E+06,0,0,0,6.051
290000,540.7519672123537,5512,5,5512,0,5250,BlackHole,800033,8.40193E-05,205,6250,96,10062,15899,6165,9.28675E-05,0.230264,0.00613283,0.308013,0,0.437772,0.01706,3859,-2.6873673063454002E-06,-2.709511158594129E-06,0.0024274090261150413,7597.62,9452.23,15620.8,1.0119E+06,0,0,0,6.033
291000,542.6160121050809,5501,5,5512,11,5250,BlackHole,800033,8.40193E-05,205,6258,96,10065,15899,6168,9.28675E-05,0.230264,0.00613284,0.308446,0,0.437338,0.01706,3848,-2.6837503713351355E-06,-2.705894223583864E-06,0.0024274090261150413,8130.67,10260.6,15721.7,1.01361E+06,0,0,0,6.065
292000,544.4800569978081,5491,5,5512,21,5250,BlackHole,800033,8.40193E-05,205,6259,96,10074,15899,6177,9.28675E-05,0.230264,0.00613287,0.308874,0,0.43691,0.01706,3838,-2.680546220733301E-06,-2.7026900729820296E-06,0.0024274090261150413,6606.02,9401.85,15475,1.01639E+06,0,0,0,6.053
293000,546.3441018905353,5482,5,5512,30,5250,BlackHole,800033,8.40193E-05,205,6261,96,10081,15899,6184,9.28675E-05,0.230303,0.00613294,0.309777,0,0.435969,0.01706,3829,-2.67293845517227E-06,-2.695082307420999E-06,0.0024274090261150413,7725.57,8322.34,15666.3,1.02027E+06,0,0,0,5.992
294000,548.2081467832625,5477,5,5512,35,5250,BlackHole,800033,8.40193E-05,205,6263,96,10084,15899,6187,9.28675E-05,0.23093,0.00613294,0.310475,0,0.434644,0.01706,3824,-2.664181550584524E-06,-2.6863254028332526E-06,0.0024274090261150413,9172.38,10158,15840.1,1.01959E+06,0,0,0,5.991
295000,550.0721916759896,5476,5,5512,36,5250,BlackHole,800033,8.40193E-05,205,6264,96,10084,15899,6187,9.28675E-05,0.231291,0.00613294,0.310475,0,0.434283,0.01706,3823,-2.6623409522088315E-06,-2.6844848044575602E-06,0.0024274090261150413,7840.29,9646.57,15867.9,1.01623E+06,0,0,0,5.927
296000,551.9362365687168,5472,5,5512,40,5250,BlackHole,800033,8.40193E-05,205,6267,96,10085,15899,6188,9.28675E-05,0.231739,0.00613294,0.310575,0,0.433735,0.0170601,3814,-2.6586531578636194E-06,-2.680797010112348E-06,0.0024274090261150413,8435.89,8436.05,15905.4,1.01644E+06,0,0,0,6.038
297000,553.800281461444,5471,5,5512,41,5250,BlackHole,800033,8.40193E-05,205,6268,96,10085,15899,6188,9.28675E-05,0.232341,0.00613294,0.310575,0,0.433133,0.0170601,3813,-2.6571798468151008E-06,-2.6793236990638294E-06,0.0024274090261150413,8151.89,10763.1,15957.7,1.01422E+06,0,0,0,6.023
298000,555.6643263541712,5511,5,5512,1,5250,BlackHole,800033,8.40193E-05,205,6270,96,10133,15989,6212,9.28675E-05,0.232609,0.00613294,0.311137,0,0.432302,0.0170601,3853,-2.643342518215059E-06,-2.665486370463788E-06,0.0024274090261150413,7837.18,9880.17,15783.8,999789,0,0,0,6.050
299000,557.5283712468984,5500,5,5512,12,5250,BlackHole,800033,8.40193E-05,205,6282,96,10172,16029,6232,9.28675E-05,0.233133,0.00613294,0.311287,0,0.431629,0.0170601,3842,-2.638173057787703E-06,-2.6603169100364316E-06,0.0024274090261150413,6260.54,8822.19,16326.5,1.00264E+06,0,0,0,6.069
300000,559.3924161396255,5495,5,5512,17,5250,BlackHole,800033,8.40193E-05,205,6291,96,10204,16065,6256,9.28675E-05,0.23331,0.00613294,0.31129,0,0.431448,0.0170601,3835,-2.6362089276027276E-06,-2.6583527798514563E-06,0.0024274090261150413,7427.2,11127,16637.8,1.00698E+06,0,0,0,6.049
301000,561.2564610323527,5509,5,5512,3,5250,BlackHole,800033,8.40193E-05,205,6293,96,10220,16097,6264,9.28675E-05,0.233366,0.00613294,0.311293,0,0.431389,0.0170601,3843,-2.6358574732593905E-06,-2.6580013255081192E-06,0.0024274090261150413,8239.14,10148.5,15887.6,999989,0,0,0,6.036
302000,563.1205059250799,5509,5,5512,3,5250,BlackHole,800033,8.40193E-05,205,6304,96,10243,16131,6276,9.28675E-05,0.23337,0.00613294,0.311368,0,0.43131,0.0170601,3849,-2.635125971406341E-06,-2.6572698236550697E-06,0.0024274090261150413,8912.46,9170.79,16562.5,992538,0,0,0,6.022
303000,564.9845508178071,5506,5,5512,6,5250,BlackHole,800033,8.40193E-05,205,6307,96,10249,16137,6280,9.28675E-05,0.233374,0.00613294,0.312059,0,0.430616,0.0170601,3846,-2.6301581442133604E-06,-2.652301996462089E-06,0.0024274090261150413,7726.53,9094.26,15970,989126,0,0,0,6.049
304000,566.8485957105343,5512,5,5512,0,5250,BlackHole,800033,8.40193E-05,205,6310,96,10266,16163,6288,9.28675E-05,0.233937,0.00613294,0.312226,0,0.429885,0.0170601,3852,-2.6274660542796146E-06,-2.6496099065283433E-06,0.0024274090261150413,8121.19,10528.5,15650.7,983628,0,0,0,6.108
305000,568.7126406032614,5510,5,5512,2,5250,BlackHole,800033,8.40193E-05,205,6313,96,10293,16191,6301,9.28675E-05,0.234316,0.00613294,0.312298,0,0.429434,0.0170601,3850,-2.6217084251497734E-06,-2.643852277398502E-06,0.0024274090261150413,8519.58,9451.25,15734.4,981512,0,0,0,6.123
306000,570.5766854959886,5511,5,5512,1,5250,BlackHole,800033,8.40193E-05,205,6324,96,10305,16215,6308,9.28675E-05,0.234746,0.00613294,0.312337,0,0.428966,0.0170601,3851,-2.619249800910767E-06,-2.641393653159496E-06,0.0024274090261150413,8166.27,8288.05,15784.5,977867,0,0,0,6.081
307000,572.4407303887158,5505,5,5512,7,5250,BlackHole,800033,8.40193E-05,205,6327,96,10308,16215,6311,9.28675E-05,0.234746,0.00613295,0.312905,0,0.428397,0.0170601,3830,-2.617732842370406E-06,-2.6398766946191348E-06,0.0024274090261150413,6743.06,11173.8,15939.9,984396,0,0,0,6.117
308000,574.304775281443,5488,5,5512,24,5250,BlackHole,800033,8.40193E-05,205,6342,96,10310,16215,6313,9.28675E-05,0.235175,0.00613295,0.313461,0,0.427412,0.0170601,3828,-2.611925945861092E-06,-2.6340697981098206E-06,0.0024274090261150413,7631,9691.06,16591.7,981567,0,0,0,6.057
309000,576.1688201741702,5511,5,5512,1,5250,BlackHole,800033,8.40193E-05,205,6343,96,10312,16241,6313,9.28675E-05,0.235175,0.00613295,0.313461,0,0.427412,0.0170601,3841,-2.610929239854084E-06,-2.6330730921028125E-06,0.0024274090261150413,8505.69,8505.88,16515.7,969903,0,0,0,6.074
310000,578.0328650668973,5510,5,5512,2,5250,BlackHole,800033,8.40193E-05,205,6346,96,10318,16249,6315,9.28675E-05,0.235476,0.00613295,0.314234,0,0.426338,0.0170601,3844,-2.6043166645140525E-06,-2.6264605167627812E-06,0.0024274090261150413,8779.92,11298,15913.5,965914,0,0,0,6.089
311000,579.8969099596245,5510,5,5512,2,5250,BlackHole,800033,8.40193E-05,205,6346,96,10352,16283,6332,9.28675E-05,0.235476,0.00613295,0.314857,0,0.425715,0.0170601,3850,-2.60015583025767E-06,-2.622299682506399E-06,0.0024274090261150413,8446.45,9927.44,15973.4,959375,0,0,0,6.104
312000,581.7609548523517,5507,5,5512,5,5250,BlackHole,800033,8.40193E-05,205,6347,96,10364,16293,6340,9.28675E-05,0.23548,0.00613295,0.316154,0,0.424414,0.0170601,3847,-2.592774014938177E-06,-2.6149178671869057E-06,0.0024274090261150413,7874.61,8894.67,16021.9,956486,0,0,0,6.069
313000,583.6249997450789,5512,5,5512,0,5250,BlackHole,800033,8.40193E-05,205,6347,96,10369,16303,6342,9.28675E-05,0.23548,0.00613295,0.316154,0,0.424414,0.0170601,3852,-2.5930742178514724E-06,-2.615218070100201E-06,0.0024274090261150413,7536.73,10988.8,16424.5,955311,0,0,0,6.073
314000,585.489044637806,5489,5,5512,23,5250,BlackHole,800033,8.40193E-05,205,6367,96,10372,16303,6345,9.28675E-05,0.23548,0.00613295,0.316792,0,0.423776,0.0170601,3829,-2.5911340179488523E-06,-2.613277870197581E-06,0.0024274090261150413,6901.31,10209.7,17284.1,968509,0,0,0,6.096
315000,587.3530895305332,5484,5,5512,28,5250,BlackHole,800033,8.40193E-05,205,6369,96,10375,16303,6348,9.28675E-05,0.235491,0.00613295,0.317383,0,0.423174,0.0170601,3824,-2.588558535756402E-06,-2.6107023880051305E-06,0.0024274090261150413,8113.7,9229.48,16037.6,968001,0,0,0,6.048
316000,589.2171344232604,5508,5,5512,4,5250,BlackHole,800033,8.40193E-05,205,6370,96,10402,16355,6363,9.28675E-05,0.235933,0.00613318,0.317383,0,0.422732,0.0170601,3848,-2.5828321377102355E-06,-2.604975989958964E-06,0.0024274090261150413,8384.98,8803.94,15086,955806,0,0,0,6.083
317000,591.0811793159876,5490,5,5512,22,5250,BlackHole,800033,8.40193E-05,205,6388,96,10402,16355,6363,9.28675E-05,0.23632,0.00613318,0.317383,0,0.422345,0.0170601,3830,-2.578510102006735E-06,-2.600653954255464E-06,0.0024274090261150413,9092.56,10626,15505.8,964450,0,0,0,6.095
318000,592.9452242087148,5510,4,5512,2,5250,BlackHole,800033,8.40193E-05,205,6393,96,10405,16383,6365,9.28675E-05,0.236331,0.00613318,0.317477,0,0.422241,0.0170601,3851,-3.2413671887183195E-06,-3.263511040967048E-06,0.0024274090261150413,7451.33,9499.77,15669.3,948322,0,0,0,5.753
319000,594.8092691014419,5506,4,5512,6,5250,BlackHole,800033,8.40193E-05,205,6396,96,10406,16383,6366,9.28675E-05,0.236376,0.00613318,0.31788,0,0.421792,0.0170601,3847,-3.2385970698581554E-06,-3.260740922106884E-06,0.0024274090261150413,8288.8,8288.84,15748.2,948460,0,0,0,5.446
320000,596.6733139941691,5505,4,5512,7,5250,BlackHole,800033,8.40193E-05,205,6400,96,10409,16389,6368,9.28675E-05,0.236565,0.00613318,0.318564,0,0.420919,0.0170601,3840,-3.233950723204241E-06,-3.25609457545297E-06,0.0024274090261150413,8975.34,11385.3,15956.1,954440,0,0,0,5.492
321000,598.5373588868963,5504,4,5512,8,5250,BlackHole,800033,8.40193E-05,205,6401,96,10409,16389,6368,9.28675E-05,0.236577,0.00613318,0.318564,0,0.420907,0.0170601,3839,-3.2327510033569494E-06,-3.254894855605678E-06,0.0024274090261150413,8314.4,9736.04,15823.9,955175,0,0,0,5.527
322000,600.4014037796235,5502,4,5512,10,5250,BlackHole,800033,8.40193E-05,205,6403,96,10409,16389,6368,9.28675E-05,0.236577,0.00613318,0.318564,0,0.420907,0.0170601,3837,-3.233514771738226E-06,-3.2556586239869547E-06,0.0024274090261150413,8579.94,8580.29,15850.7,955834,0,0,0,5.552
323000,602.2654486723507,5502,4,5512,10,5250,BlackHole,800033,8.40193E-05,205,6403,96,10409,16389,6368,9.28675E-05,0.236577,0.00613318,0.318564,0,0.420907,0.0170601,3836,-3.2330590735097805E-06,-3.2552029257585092E-06,0.0024274090261150413,7404.22,11193.6,15719.5,956426,0,0,0,5.559
324000,604.1294935650778,5496,4,5512,16,5250,BlackHole,800033,8.40193E-05,205,6409,96,10409,16389,6368,9.28675E-05,0.236577,0.00613318,0.318564,0,0.420907,0.0170601,3831,-3.232008138531929E-06,-3.2541519907806576E-06,0.0024274090261150413,8847.1,9976.9,15910.6,958413,0,0,0,5.545
325000,605.993538457805,5495,4,5512,17,5250,BlackHole,800033,8.40193E-05,205,6410,96,10409,16389,6368,9.28675E-05,0.236581,0.00613318,0.318564,0,0.420903,0.0170601,3821,-3.231761179018282E-06,-3.2539050312670106E-06,0.0024274090261150413,8923.5,8965.05,15994.1,962217,0,0,0,5.505
326000,607.8575833505322,5492,4,5512,20,5250,BlackHole,800033,8.40193E-05,205,6413,96,10409,16389,6368,9.28675E-05,0.236628,0.00613318,0.318564,0,0.420856,0.0170601,3827,-3.2308961009659734E-06,-3.253039953214702E-06,0.0024274090261150413,8224.58,10466.9,16435.6,958313,0,0,0,5.474
327000,609.7216282432594,5489,4,5512,23,5250,BlackHole,800033,8.40193E-05,205,6413,96,10412,16389,6371,9.28675E-05,0.236628,0.00613318,0.318634,0,0.420786,0.0170601,3824,-3.2306557850660663E-06,-3.252799637314795E-06,0.0024274090261150413,9155.32,10276.2,16582.6,959546,0,0,0,5.447
328000,611.5856731359866,5485,4,5512,27,5250,BlackHole,800033,8.40193E-05,205,6414,96,10415,16389,6374,9.28675E-05,0.236899,0.00613318,0.319241,0,0.419909,0.0170601,3820,-3.2204629167576003E-06,-3.242606769006329E-06,0.0024274090261150413,7417.53,9286.06,17402.3,959233,0,0,0,5.478
329000,613.4497180287137,5484,4,5512,28,5250,BlackHole,800033,8.40193E-05,205,6414,96,10416,16389,6375,9.28675E-05,0.236899,0.00613318,0.319689,0,0.41946,0.0170601,3819,-3.2191007521493357E-06,-3.2412446043980644E-06,0.0024274090261150413,8141.39,8583.01,14685.1,955176,0,0,0,5.512
330000,615.3137629214409,5480,4,5512,32,5250,BlackHole,800033,8.40193E-05,205,6417,96,10417,16389,6376,9.28675E-05,0.236899,0.00613318,0.319991,0,0.419158,0.0170601,3815,-3.2177946831679237E-06,-3.2399385354166523E-06,0.0024274090261150413,9066.13,10736.4,15281.7,959198,0,0,0,5.508
331000,617.1778078141681,5479,4,5512,33,5250,BlackHole,800033,8.40193E-05,205,6418,96,10417,16389,6376,9.28675E-05,0.237068,0.00613318,0.319991,0,0.418989,0.0170601,3814,-3.2152186612072694E-06,-3.237362513455998E-06,0.0024274090261150413,8135.02,9546.98,15558.9,960676,0,0,0,5.503
332000,619.0418527068953,5469,4,5512,43,5250,BlackHole,800033,8.40193E-05,205,6428,96,10417,16389,6376,9.28675E-05,0.237079,0.00613318,0.319991,0,0.418978,0.0170601,3804,-3.2144903191612327E-06,-3.2366341714099614E-06,0.0024274090261150413,8248.21,8315.9,16096.8,962454,0,0,0,5.498
333000,620.9058975996224,5469,4,5512,43,5250,BlackHole,800033,8.40193E-05,205,6428,96,10417,16389,6376,9.28675E-05,0.237079,0.00613318,0.319991,0,0.418978,0.0170601,3804,-3.214109407040355E-06,-3.2362532592890837E-06,0.0024274090261150413,7423.32,11143.3,15759.3,961872,0,0,0,5.492
334000,622.7699424923496,5466,4,5512,46,5250,BlackHole,800033,8.40193E-05,205,6429,96,10419,16389,6378,9.28675E-05,0.237082,0.00613319,0.320087,0,0.41888,0.0170601,3801,-3.2122678091044766E-06,-3.2344116613532053E-06,0.0024274090261150413,8745.19,9780.95,15799.7,961869,0,0,0,5.455
335000,624.6339873850768,5427,4,5512,85,5250,BlackHole,800033,8.40193E-05,205,6466,96,10421,16389,6380,9.28675E-05,0.237339,0.00613319,0.320573,0,0.418136,0.0170601,3762,-3.2071743707259055E-06,-3.229318222974634E-06,0.0024274090261150413,8613.93,8656.43,15829,982287,0,0,0,5.412
336000,626.498032277804,5424,4,5512,88,5250,BlackHole,800033,8.40193E-05,205,6468,96,10422,16389,6381,9.28675E-05,0.237376,0.00613319,0.320598,0,0.418075,0.0170601,3758,-3.2063806652296293E-06,-3.228524517478358E-06,0.0024274090261150413,8052.64,11245.5,15856.7,985182,0,0,0,5.419
337000,628.3620771705312,5421,4,5512,91,5250,BlackHole,800033,8.40193E-05,205,6471,96,10422,16389,6381,9.28675E-05,0.237395,0.00613319,0.320598,0,0.418056,0.0170601,3755,-3.206558648033895E-06,-3.228702500282624E-06,0.0024274090261150413,9171.83,10027.8,15889.5,989393,0,0,0,5.383
338000,630.2261220632583,5420,4,5512,92,5250,BlackHole,800033,8.40193E-05,205,6471,96,10423,16389,6382,9.28675E-05,0.237395,0.00613319,0.321142,0,0.417511,0.0170601,3747,-3.2044188822023734E-06,-3.226562734451102E-06,0.0024274090261150413,7400.88,9032.33,16031.7,995686,0,0,0,5.412
339000,632.0901669559855,5417,4,5512,95,5250,BlackHole,800033,8.40193E-05,205,6471,96,10426,16389,6385,9.28675E-05,0.237395,0.00613319,0.322635,0,0.416018,0.0170601,3751,-3.1943827651752896E-06,-3.2165266174240183E-06,0.0024274090261150413,8686.44,9978.94,16016.4,983916,0,0,0,5.454
340000,633.9542118487127,5477,4,5512,35,5250,BlackHole,800033,8.40193E-05,205,6473,96,10428,16453,6386,9.28675E-05,0.237412,0.00613319,0.322732,0,0.415905,0.0170601,3811,-3.194406381525998E-06,-3.216550233774727E-06,0.0024274090261150413,8150.46,10347.7,16191,941856,0,0,0,5.458
341000,635.8182567414399,5477,4,5512,35,5250,BlackHole,800033,8.40193E-05,205,6473,96,10428,16453,6386,9.28675E-05,0.237412,0.00613319,0.322732,0,0.415905,0.0170601,3811,-3.1943055043259765E-06,-3.216449356574705E-06,0.0024274090261150413,7957.47,9339.68,16387.3,943556,0,0,0,5.501
342000,637.6823016341671,5474,4,5512,38,5250,BlackHole,800033,8.40193E-05,205,6474,96,10430,16453,6388,9.28675E-05,0.237535,0.00613319,0.323492,0,0.415022,0.0170601,3808,-3.186438074396913E-06,-3.2085819266456415E-06,0.0024274090261150413,8426.83,8429.65,15979,944450,0,0,0,5.521
343000,639.5463465268942,5474,4,5512,38,5250,BlackHole,800033,8.40193E-05,205,6474,96,10430,16453,6388,9.28675E-05,0.237535,0.00613319,0.323492,0,0.415022,0.0170601,3808,-3.1854866307710548E-06,-3.2076304830197834E-06,0.0024274090261150413,7420.31,10858.3,15607,943019,0,0,0,5.453
344000,641.4103914196214,5472,4,5512,40,5250,BlackHole,800033,8.40193E-05,205,6475,96,10431,16453,6389,9.28675E-05,0.237538,0.00613319,0.323496,0,0.415014,0.0170601,3806,-3.1850645541190888E-06,-3.2072084063678175E-06,0.0024274090261150413,8638.7,9592.56,16073.8,943465,0,0,0,5.394
345000,643.2744363123486,5471,4,5512,41,5250,BlackHole,800033,8.40193E-05,205,6476,96,10431,16453,6389,9.28675E-05,0.237544,0.00613319,0.323496,0,0.415008,0.0170601,3805,-3.1850404136401138E-06,-3.2071842658888425E-06,0.0024274090261150413,8360.75,8362.15,16188.9,942579,0,0,0,5.461
346000,645.1384812050758,5467,4,5512,45,5250,BlackHole,800033,8.40193E-05,205,6478,96,10433,16453,6391,9.28675E-05,0.237599,0.00613319,0.324274,0,0.414175,0.0170601,3800,-3.1801052320813183E-06,-3.202249084330047E-06,0.0024274090261150413,7841.71,11180.4,15710.6,944694,0,0,0,5.518
347000,647.002526097803,5448,4,5512,64,5250,BlackHole,800033,8.40193E-05,205,6497,96,10433,16453,6391,9.28675E-05,0.237599,0.00613319,0.324274,0,0.414175,0.0170601,3781,-3.1800728641925696E-06,-3.2022167164412983E-06,0.0024274090261150413,9105.37,9825.34,15767.9,953192,0,0,0,5.474
348000,648.8665709905301,5448,4,5512,64,5250,BlackHole,800033,8.40193E-05,205,6497,96,10433,16453,6391,9.28675E-05,0.237599,0.00613319,0.324274,0,0.414175,0.0170601,3781,-3.1798851699008286E-06,-3.2020290221495573E-06,0.0024274090261150413,7506.41,8731.89,15755.2,953402,0,0,0,5.462
349000,650.7306158832573,5446,4,5512,66,5250,BlackHole,800033,8.40193E-05,205,6498,96,10434,16453,6392,9.28675E-05,0.237633,0.00613319,0.324866,0,0.413549,0.0170601,3779,-3.1764250888774056E-06,-3.1985689411261343E-06,0.0024274090261150413,8587.5,11488.9,15834.8,953656,0,0,0,5.488
350000,652.5946607759845,5444,4,5512,68,5250,BlackHole,800033,8.40193E-05,205,6498,96,10436,16453,6394,9.28675E-05,0.237633,0.00613319,0.325279,0,0.413137,0.0170601,3777,-3.1740520438714813E-06,-3.19619589612021E-06,0.0024274090261150413,9875.16,10080.3,15863.8,953288,0,0,0,5.451
351000,654.4587056687117,5419,4,5512,93,5250,BlackHole,800033,8.40193E-05,205,6522,96,10437,16453,6395,9.28675E-05,0.237639,0.00613319,0.32577,0,0.41264,0.0170601,3743,-3.171102560763362E-06,-3.193246413012091E-06,0.0024274090261150413,7731.03,9096.4,15897.7,969331,0,0,0,5.411
352000,656.3227505614389,5417,4,5512,95,5250,BlackHole,800033,8.40193E-05,205,6522,96,10439,16453,6397,9.28675E-05,0.237639,0.00613319,0.32635,0,0.41206,0.0170601,3741,-3.1665365321259115E-06,-3.18868038437464E-06,0.0024274090261150413,8983.92,9541.08,15946.3,968451,0,0,0,5.383
353000,658.186795454166,5415,4,5512,97,5250,BlackHole,800033,8.40193E-05,205,6523,96,10440,16453,6398,9.28675E-05,0.237654,0.00613319,0.326472,0,0.411923,0.0170601,3739,-3.1659830522907705E-06,-3.188126904539499E-06,0.0024274090261150413,7691.49,10424.7,15387.5,968384,0,0,0,5.411
354000,660.0508403468932,5413,4,5512,99,5250,BlackHole,800033,8.40193E-05,205,6525,96,10440,16453,6398,9.28675E-05,0.237728,0.00613319,0.326472,0,0.411849,0.0170601,3737,-3.1655106898637734E-06,-3.187654542112502E-06,0.0024274090261150413,8113.89,9390.88,15552.6,965526,0,0,0,5.399
355000,661.9148852396204,5412,4,5512,100,5250,BlackHole,800033,8.40193E-05,205,6525,96,10441,16453,6399,9.28675E-05,0.237728,0.00613319,0.326582,0,0.411739,0.0170601,3736,-3.164468225717802E-06,-3.186612077966531E-06,0.0024274090261150413,8334.21,8336.47,16309.8,961740,0,0,0,5.418
356000,663.7789301323476,5412,4,5512,100,5250,BlackHole,800033,8.40193E-05,205,6525,96,10441,16453,6399,9.28675E-05,0.237728,0.00613319,0.326582,0,0.411739,0.0170601,3736,-3.1664783047736085E-06,-3.188622157022337E-06,0.0024274090261150413,7635.81,10994.4,15987,961881,0,0,0,5.426
357000,665.6429750250747,5411,4,5512,101,5250,BlackHole,800033,8.40193E-05,205,6525,96,10442,16453,6400,9.28675E-05,0.237728,0.00613319,0.326839,0,0.411481,0.0170601,3735,-3.1643912024598535E-06,-3.1865350547085822E-06,0.0024274090261150413,8130.47,9636.58,16343.1,960192,0,0,0,5.418
358000,667.5070199178019,5409,4,5512,103,5250,BlackHole,800033,8.40193E-05,205,6526,96,10443,16453,6401,9.28675E-05,0.237731,0.00613319,0.326843,0,0.411475,0.0170601,3731,-3.164059072664568E-06,-3.186202924913297E-06,0.0024274090261150413,7966.91,8421.79,15406.6,961904,0,0,0,5.408
359000,669.3710648105291,5404,4,5512,108,5250,BlackHole,800033,8.40193E-05,205,6530,96,10444,16453,6402,9.28675E-05,0.237731,0.00613319,0.326862,0,0.411456,0.0170601,3710,-3.164027581496682E-06,-3.1861714337454107E-06,0.0024274090261150413,8450.04,11664.5,15624.5,978544,0,0,0,5.421
360000,671.2351097032563,5404,4,5512,108,5250,BlackHole,800033,8.40193E-05,205,6530,96,10444,16453,6402,9.28675E-05,0.237731,0.00613319,0.326862,0,0.411456,0.0170601,3728,-3.1639777198556755E-06,-3.186121572104404E-06,0.0024274090261150413,8440.34,9870.24,15723.7,964343,0,0,0,5.394
361000,673.0991545959835,5404,4,5512,108,5250,BlackHole,800033,8.40193E-05,205,6530,96,10444,16453,6402,9.28675E-05,0.237731,0.00613319,0.326862,0,0.411456,0.0170601,3728,-3.1645931686548043E-06,-3.186737020903533E-06,0.0024274090261150413,7542.4,8806.36,15778.5,964100,0,0,0,5.370
362000,674.9631994887106,5396,4,5512,116,5250,BlackHole,800033,8.40193E-05,205,6538,96,10444,16453,6402,9.28675E-05,0.237762,0.00613319,0.326862,0,0.411424,0.0170601,3720,-3.1627997004121474E-06,-3.184943552660876E-06,0.0024274090261150413,8951.96,11631.9,15855.4,971064,0,0,0,5.376
363000,676.8272443814378,5395,4,5512,117,5250,BlackHole,800033,8.40193E-05,205,6538,96,10445,16453,6403,9.28675E-05,0.237762,0.00613319,0.326866,0,0.411421,0.0170601,3719,-3.1645699446093E-06,-3.1867137968580287E-06,0.0024274090261150413,8298.12,10135.4,16261.7,969082,0,0,0,5.390
364000,678.691289274165,5392,4,5512,120,5250,BlackHole,800033,8.40193E-05,205,6540,96,10446,16453,6404,9.28675E-05,0.238271,0.00613319,0.32735,0,0.410427,0.0170601,3716,-3.1540003428035213E-06,-3.17614419505225E-06,0.0024274090261150413,8388.89,9157.83,15870.2,968458,0,0,0,5.427
365000,680.5553341668922,5389,4,5512,123,5250,BlackHole,800033,8.40193E-05,205,6542,96,10447,16453,6405,9.28675E-05,0.238935,0.00613319,0.327899,0,0.409214,0.0170601,3698,-3.1482240260277042E-06,-3.170367878276433E-06,0.0024274090261150413,8236.13,9170.04,15905,978748,0,0,0,5.419
366000,682.4193790596194,5387,4,5512,125,5250,BlackHole,800033,8.40193E-05,205,6543,96,10448,16453,6406,9.28675E-05,0.238935,0.00613319,0.327947,0,0.409166,0.0170601,3711,-3.147879008123312E-06,-3.1700228603720406E-06,0.0024274090261150413,7456.17,10507.8,15960.8,965376,0,0,0,5.411
367000,684.2834239523465,5386,4,5512,126,5250,BlackHole,800033,8.40193E-05,205,6544,96,10448,16453,6406,9.28675E-05,0.238935,0.00613319,0.327947,0,0.409166,0.0170601,3710,-3.1479701914987675E-06,-3.170114043747496E-06,0.0024274090261150413,8861.75,9440.12,16068.8,967040,0,0,0,5.399
368000,686.1474688450737,5385,4,5512,127,5250,BlackHole,800033,8.40193E-05,205,6544,96,10449,16453,6407,9.28675E-05,0.238935,0.00613319,0.327995,0,0.409118,0.0170601,3709,-3.1481374162781997E-06,-3.1702812685269284E-06,0.0024274090261150413,8190.18,8292.41,16360,966441,0,0,0,5.344
369000,688.0115137378009,5385,4,5512,127,5250,BlackHole,800033,8.40193E-05,205,6544,96,10449,16453,6407,9.28675E-05,0.238935,0.00613319,0.327995,0,0.409118,0.0170601,3706,-3.147967563997385E-06,-3.1701114162461137E-06,0.0024274090261150413,8319.83,11150.5,17275.6,966762,0,0,0,5.300
370000,689.8755586305281,5384,4,5512,128,5250,BlackHole,800033,8.40193E-05,205,6545,96,10449,16453,6407,9.28675E-05,0.238939,0.00613319,0.327995,0,0.409114,0.0170601,3708,-3.149275629558797E-06,-3.1714194818075257E-06,0.0024274090261150413,8844.17,9681.5,15505.2,966089,0,0,0,5.372
371000,691.7396035232553,5383,4,5512,129,5250,BlackHole,800033,8.40193E-05,205,6545,96,10450,16453,6408,9.28675E-05,0.238939,0.00613319,0.328321,0,0.408788,0.0170601,3707,-3.1461132959332417E-06,-3.1682571481819704E-06,0.0024274090261150413,7405.75,8490.46,14973.9,965469,0,0,0,5.432
372000,693.6036484159824,5381,4,5512,131,5250,BlackHole,800033,8.40193E-05,205,6546,96,10451,16453,6409,9.28675E-05,0.238946,0.00613319,0.328892,0,0.40821,0.0170601,3705,-3.1421113529586546E-06,-3.1642552052073833E-06,0.0024274090261150413,8849.75,12070.2,15473.4,965612,0,0,0,5.408
373000,695.4676933087096,5367,4,5512,145,5250,BlackHole,800033,8.40193E-05,205,6558,96,10453,16453,6411,9.28675E-05,0.238946,0.00613319,0.32895,0,0.408153,0.0170601,3691,-3.141573974270786E-06,-3.1637178265195145E-06,0.0024274090261150413,8828.61,9916.36,15656,971206,0,0,0,5.413
374000,697.3317382014368,5359,4,5512,153,5250,BlackHole,800033,8.40193E-05,205,6565,96,10454,16453,6412,9.28675E-05,0.239134,0.00613319,0.329207,0,0.407708,0.0170601,3683,-3.1385179843140626E-06,-3.1606618365627913E-06,0.0024274090261150413,8230.94,8879.36,15739.6,972897,0,0,0,5.418
375000,699.195783094164,5357,4,5512,155,5250,BlackHole,800033,8.40193E-05,205,6567,96,10454,16453,6412,9.28675E-05,0.239137,0.00613319,0.329207,0,0.407704,0.0170601,3681,-3.138166840749719E-06,-3.1603106929984476E-06,0.0024274090261150413,9318.26,10721.1,16292.1,972026,0,0,0,5.367
376000,701.0598279868912,5355,4,5512,157,5250,BlackHole,800033,8.40193E-05,205,6569,96,10454,16453,6412,9.28675E-05,0.23916,0.00613319,0.329207,0,0.407681,0.0170601,3664,-3.1383997576401597E-06,-3.1605436098888884E-06,0.0024274090261150413,7414.09,10195.2,15875,978794,0,0,0,5.316
377000,702.9238728796183,5353,4,5512,159,5250,BlackHole,800033,8.40193E-05,205,6570,96,10455,16453,6413,9.28675E-05,0.239161,0.00613319,0.329391,0,0.407497,0.0170601,3662,-3.138635190318216E-06,-3.160779042566945E-06,0.0024274090261150413,8807.32,9217.16,15847.4,979212,0,0,0,5.325
378000,704.7879177723455,5351,4,5512,161,5250,BlackHole,800033,8.40193E-05,205,6570,96,10457,16453,6415,9.28675E-05,0.239161,0.00613319,0.329879,0,0.407009,0.0170601,3660,-3.1354762006325324E-06,-3.157620052881261E-06,0.0024274090261150413,8849.37,8864.03,15875.8,980354,0,0,0,5.359
379000,706.6519626650727,5349,4,5512,163,5250,BlackHole,800033,8.40193E-05,205,6571,96,10458,16453,6416,9.28675E-05,0.239221,0.00613319,0.330253,0,0.406574,0.0170601,3626,-3.132725136424118E-06,-3.1548689886728468E-06,0.0024274090261150413,8113.26,10601.1,15914.5,1.00322E+06,0,0,0,5.353
380000,708.5160075577999,5349,4,5512,163,5250,BlackHole,800033,8.40193E-05,205,6571,96,10458,16453,6416,9.28675E-05,0.239221,0.00613319,0.330253,0,0.406574,0.0170601,3658,-3.1331807730988203E-06,-3.155324625347549E-06,0.0024274090261150413,9034.52,9488.83,15980.5,979669,0,0,0,5.359
381000,710.380052450527,5349,4,5512,163,5250,BlackHole,800033,8.40193E-05,205,6571,96,10458,16453,6416,9.28675E-05,0.239221,0.00613319,0.330253,0,0.406574,0.0170601,3658,-3.133073370858385E-06,-3.155217223107114E-06,0.0024274090261150413,7522.15,8286.24,16112.8,978092,0,0,0,5.376
382000,712.2440973432542,5349,4,5512,163,5250,BlackHole,800033,8.40193E-05,205,6571,96,10458,16453,6416,9.28675E-05,0.239221,0.00613319,0.330253,0,0.406574,0.0170601,3658,-3.1332304172526945E-06,-3.1553742695014232E-06,0.0024274090261150413,8129.28,11332.8,16455.4,979062,0,0,0,5.359
383000,714.1081422359814,5348,4,5512,164,5250,BlackHole,800033,8.40193E-05,205,6572,96,10458,16453,6416,9.28675E-05,0.239221,0.00613319,0.330253,0,0.406574,0.0170601,3657,-3.133916036755694E-06,-3.1560598890044226E-06,0.0024274090261150413,9406.33,9726.62,15748.2,979188,0,0,0,5.347
384000,715.9721871287086,5345,4,5512,167,5250,BlackHole,800033,8.40193E-05,205,6572,96,10461,16453,6419,9.28675E-05,0.239221,0.00613319,0.331239,0,0.405588,0.0170601,3654,-3.1295745123715632E-06,-3.151718364620292E-06,0.0024274090261150413,8058.35,8564.47,14843.3,978197,0,0,0,5.375
385000,717.8362320214358,5344,4,5512,168,5250,BlackHole,800033,8.40193E-05,205,6572,96,10462,16453,6420,9.28675E-05,0.239221,0.00613319,0.331485,0,0.405343,0.0170601,3653,-3.128515605586373E-06,-3.1506594578351016E-06,0.0024274090261150413,8270.79,11667.9,15392.5,976500,0,0,0,5.350
386000,719.7002769141629,5341,4,5512,171,5250,BlackHole,800033,8.40193E-05,205,6574,96,10463,16453,6421,9.28675E-05,0.239221,0.00613319,0.331512,0,0.405315,0.0170601,3650,-3.1265514397591355E-06,-3.148695292007864E-06,0.0024274090261150413,7517.63,9964.61,15685.7,979451,0,0,0,5.326
387000,721.5643218068901,5335,4,5512,177,5250,BlackHole,800033,8.40193E-05,205,6574,96,10469,16453,6427,9.28675E-05,0.239221,0.00613319,0.331531,0,0.405296,0.0170601,3644,-3.1263960962857187E-06,-3.1485399485344474E-06,0.0024274090261150413,8690.02,8950.56,16074,980694,0,0,0,5.341
388000,723.4283666996173,5316,4,5512,196,5250,BlackHole,800033,8.40193E-05,205,6593,96,10469,16453,6427,9.28675E-05,0.239545,0.00613319,0.331531,0,0.404972,0.0170601,3625,-3.124639861536808E-06,-3.146783713785537E-06,0.0024274090261150413,8638.78,10574.1,15760.4,992902,0,0,0,5.328
389000,725.2924115923445,5379,4,5512,133,5250,BlackHole,800033,8.40193E-05,205,6593,96,10470,16517,6427,9.28675E-05,0.239545,0.00613319,0.331531,0,0.404972,0.0170601,3688,-3.125080307678411E-06,-3.1472241599271396E-06,0.0024274090261150413,7964.67,10260.7,15794.6,954111,0,0,0,5.346
390000,727.1564564850717,5377,4,5512,135,5250,BlackHole,800033,8.40193E-05,205,6594,96,10471,16517,6428,9.28675E-05,0.239856,0.00613319,0.331568,0,0.404625,0.0170601,3686,-3.1231677085664785E-06,-3.145311560815207E-06,0.0024274090261150413,8383.94,9274.34,15825.7,954673,0,0,0,5.403
391000,729.0205013777988,5376,4,5512,136,5250,BlackHole,800033,8.40193E-05,205,6595,96,10471,16517,6428,9.28675E-05,0.239856,0.00613319,0.331568,0,0.404625,0.0170601,3684,-3.122938514492668E-06,-3.145082366741397E-06,0.0024274090261150413,7451.89,8626.93,15853.3,956441,0,0,0,5.410
392000,730.884546270526,5374,4,5512,138,5250,BlackHole,800033,8.40193E-05,205,6597,96,10471,16517,6428,9.28675E-05,0.239959,0.00613319,0.331568,0,0.404521,0.0170601,3683,-3.1211591360955376E-06,-3.1433029883442662E-06,0.0024274090261150413,8641.8,10707.7,16099.7,956521,0,0,0,5.380
393000,732.7485911632532,5370,4,5512,142,5250,BlackHole,800033,8.40193E-05,205,6601,96,10471,16517,6428,9.28675E-05,0.239959,0.00613319,0.331568,0,0.404521,0.0170601,3679,-3.1223008994210242E-06,-3.144444751669753E-06,0.0024274090261150413,8142.44,9537.37,16321.7,963174,0,0,0,5.326
394000,734.6126360559804,5370,4,5512,142,5250,BlackHole,800033,8.40193E-05,205,6601,96,10471,16517,6428,9.28675E-05,0.239959,0.00613319,0.331568,0,0.404521,0.0170601,3679,-3.122332622114404E-06,-3.144476474363133E-06,0.0024274090261150413,7849.72,8308.42,16000.4,962024,0,0,0,5.320
395000,736.4766809487076,5366,4,5512,146,5250,BlackHole,800033,8.40193E-05,205,6605,96,10471,16517,6428,9.28675E-05,0.239959,0.00613319,0.331568,0,0.404521,0.0170601,3675,-3.1223722745853226E-06,-3.1445161268340513E-06,0.0024274090261150413,9109.31,11545.3,16160.1,963713,0,0,0,5.381
396000,738.3407258414347,5355,4,5512,157,5250,BlackHole,800033,8.40193E-05,205,6616,96,10471,16517,6428,9.28675E-05,0.23996,0.00613319,0.331568,0,0.404521,0.0170601,3664,-3.121700177990321E-06,-3.1438440302390498E-06,0.0024274090261150413,7410.01,9770.73,16603,969917,0,0,0,5.405
397000,740.2047707341619,5355,4,5512,157,5250,BlackHole,800033,8.40193E-05,205,6616,96,10471,16517,6428,9.28675E-05,0.23996,0.00613319,0.331568,0,0.404521,0.0170601,3664,-3.1228308864940324E-06,-3.144974738742761E-06,0.0024274090261150413,8591.48,8640.45,17054.8,970341,0,0,0,5.378
398000,742.0688156268891,5355,4,5512,157,5250,BlackHole,800033,8.40193E-05,205,6616,96,10471,16517,6428,9.28675E-05,0.23996,0.00613319,0.331568,0,0.404521,0.0170601,3664,-3.1224093189290847E-06,-3.1445531711778134E-06,0.0024274090261150413,9156.62,11116.2,16194.7,970036,0,0,0,5.379
399000,743.9328605196163,5354,4,5512,158,5250,BlackHole,800033,8.40193E-05,205,6616,96,10472,16517,6429,9.28675E-05,0.23996,0.00613319,0.331947,0,0.404141,0.0170601,3663,-3.119794780298527E-06,-3.1419386325472556E-06,0.0024274090261150413,7737.92,10016.2,16658.3,968518,0,0,0,5.384
400000,745.7969054123434,5353,4,5512,159,5250,BlackHole,800033,8.40193E-05,205,6617,96,10472,16517,6429,9.28675E-05,0.23996,0.00613319,0.331947,0,0.404141,0.0170602,3659,-3.1195029678970018E-06,-3.1416468201457305E-06,0.0024274090261150413,8763.16,9018.63,16251.2,974121,0,0,0,5.352
401000,747.6609503050706,5327,4,5512,185,5250,BlackHole,800033,8.40193E-05,205,6643,96,10472,16517,6429,9.28675E-05,0.23996,0.00613319,0.331947,0,0.404141,0.0170601,3636,-3.1199224703314994E-06,-3.142066322580228E-06,0.0024274090261150413,7402.76,10077.1,15698.4,983868,0,0,0,5.273
402000,749.5249951977978,5325,4,5512,187,5250,BlackHole,800033,8.40193E-05,205,6644,96,10473,16517,6430,9.28675E-05,0.240083,0.00613319,0.332435,0,0.40353,0.0170601,3634,-3.116995174464813E-06,-3.139139026713542E-06,0.0024274090261150413,8524.4,10331,15760.6,984506,0,0,0,5.304
403000,751.389040090525,5322,4,5512,190,5250,BlackHole,800033,8.40193E-05,205,6647,96,10473,16517,6430,9.28675E-05,0.240085,0.00613319,0.332435,0,0.403528,0.0170601,3631,-3.1162872410477565E-06,-3.138431093296485E-06,0.0024274090261150413,8762.96,9328.75,15801.9,986552,0,0,0,5.344
404000,753.2530849832522,5362,4,5512,150,5250,BlackHole,800033,8.40193E-05,205,6668,96,10476,16581,6432,9.28675E-05,0.240132,0.00613319,0.332685,0,0.403231,0.0170601,3668,-3.116942655303628E-06,-3.1390865075523566E-06,0.0024274090261150413,7642.05,8458.53,15659.3,963266,0,0,0,5.378
405000,755.1171298759793,5361,4,5512,151,5250,BlackHole,800033,8.40193E-05,205,6668,96,10477,16581,6433,9.28675E-05,0.240132,0.00613319,0.333171,0,0.402745,0.0170601,3638,-3.1128350221802404E-06,-3.134978874428969E-06,0.0024274090261150413,9015.81,10825,15866.5,980783,0,0,0,5.380
406000,756.9811747687065,5504,4,5512,8,5250,BlackHole,800033,8.40193E-05,205,6675,96,10481,16735,6434,9.28675E-05,0.240132,0.00613319,0.333331,0,0.402585,0.0170601,3813,-3.1112860967531712E-06,-3.1334299490019E-06,0.0024274090261150413,7445.11,9583.23,12955,846408,0,0,0,5.594
407000,758.8452196614337,5503,4,5512,9,5250,BlackHole,800033,8.40193E-05,205,6675,96,10482,16735,6435,9.28675E-05,0.240132,0.00613319,0.333739,0,0.402177,0.0170601,3812,-3.108516311276756E-06,-3.130660163525485E-06,0.0024274090261150413,8253.55,8351.16,12955.7,846511,0,0,0,5.567
408000,760.7092645541609,5500,4,5512,12,5250,BlackHole,800033,8.40193E-05,205,6676,96,10484,16735,6437,9.28675E-05,0.240132,0.00613319,0.334044,0,0.401872,0.0170601,3809,-3.1064361489570137E-06,-3.1285800012057424E-06,0.0024274090261150413,9012.55,11106.3,12697.1,845146,0,0,0,5.557
409000,762.5733094468881,5496,4,5512,16,5250,BlackHole,800033,8.40193E-05,205,6678,96,10486,16735,6439,9.28675E-05,0.240132,0.00613319,0.334088,0,0.401828,0.0170601,3805,-3.106196125213556E-06,-3.1283399774622846E-06,0.0024274090261150413,7548.74,9816.1,12769.6,845089,0,0,0,5.560
410000,764.4373543396152,5496,4,5512,16,5250,BlackHole,800033,8.40193E-05,205,6678,96,10486,16735,6439,9.28675E-05,0.240132,0.00613319,0.334088,0,0.401828,0.0170601,3805,-3.105471144667177E-06,-3.1276149969159057E-06,0.0024274090261150413,8142.32,8716.33,15012.2,845708,0,0,0,5.547
411000,766.3013992323424,5494,4,5512,18,5250,BlackHole,800033,8.40193E-05,205,6679,96,10487,16735,6440,9.28675E-05,0.240132,0.00613319,0.334134,0,0.401782,0.0170601,3802,-3.1057286687351988E-06,-3.1278725209839274E-06,0.0024274090261150413,7568.52,11279.4,14484.2,847231,0,0,0,5.495
412000,768.1654441250696,5493,4,5512,19,5250,BlackHole,800033,8.40193E-05,205,6680,96,10487,16735,6440,9.28675E-05,0.240191,0.00613319,0.334134,0,0.401724,0.0170601,3802,-3.104425632553224E-06,-3.1265694848019527E-06,0.0024274090261150413,8393.02,10069.5,14606.7,848126,0,0,0,5.559
413000,770.0294890177968,5493,4,5512,19,5250,BlackHole,800033,8.40193E-05,205,6680,96,10487,16735,6440,9.28675E-05,0.240191,0.00613319,0.334134,0,0.401724,0.0170601,3802,-3.1042142258735926E-06,-3.1263580781223213E-06,0.0024274090261150413,8465.93,9083.4,14385.8,847796,0,0,0,5.582
414000,771.893533910524,5474,4,5512,38,5250,BlackHole,800033,8.40193E-05,205,6699,96,10487,16735,6440,9.28675E-05,0.240196,0.00613319,0.334134,0,0.401718,0.0170601,3783,-3.1037537164013285E-06,-3.125897568650057E-06,0.0024274090261150413,7461.19,9638.49,14419.4,856125,0,0,0,5.582
415000,773.7575788032511,5472,4,5512,40,5250,BlackHole,800033,8.40193E-05,205,6699,96,10489,16735,6442,9.28675E-05,0.240196,0.00613319,0.334318,0,0.401534,0.0170601,3781,-3.1025830013982175E-06,-3.124726853646946E-06,0.0024274090261150413,8602.64,10406.2,13658.8,855019,0,0,0,5.535
416000,775.6216236959783,5470,4,5512,42,5250,BlackHole,800033,8.40193E-05,205,6700,96,10490,16735,6443,9.28675E-05,0.240196,0.00613319,0.334381,0,0.401472,0.0170601,3779,-3.103359865805513E-06,-3.1255037180542416E-06,0.0024274090261150413,7794.57,9380.36,14195.4,854471,0,0,0,5.577
417000,777.4856685887055,5468,4,5512,44,5250,BlackHole,800033,8.40193E-05,205,6702,96,10490,16735,6443,9.28675E-05,0.240765,0.00613319,0.334381,0,0.400903,0.0170601,3777,-3.09799178825746E-06,-3.1201356405061887E-06,0.0024274090261150413,8325.15,8352.82,14390.4,853021,0,0,0,5.535
418000,779.3497134814327,5466,4,5512,46,5250,BlackHole,800033,8.40193E-05,205,6703,96,10491,16735,6444,9.28675E-05,0.24077,0.00613319,0.334388,0,0.40089,0.0170601,3775,-3.0988392960078894E-06,-3.120983148256618E-06,0.0024274090261150413,8114.31,10957.1,13646.4,852505,0,0,0,5.481
419000,781.2137583741599,5463,4,5512,49,5250,BlackHole,800033,8.40193E-05,205,6704,96,10493,16735,6446,9.28675E-05,0.241039,0.00613319,0.335369,0,0.399641,0.0170601,3772,-3.09048856512124E-06,-3.1126324173699686E-06,0.0024274090261150413,7407.55,9627.71,13406.7,852060,0,0,0,5.471
420000,783.077803266887,5462,4,5512,50,5250,BlackHole,800033,8.40193E-05,205,6704,96,10494,16735,6447,9.28675E-05,0.241039,0.00613319,0.335616,0,0.399393,0.0170601,3771,-3.0883080078702955E-06,-3.110451860119024E-06,0.0024274090261150413,8402.66,8408.48,13946,849480,0,0,0,5.543
421000,784.9418481596142,5460,4,5512,52,5250,BlackHole,800033,8.40193E-05,205,6705,96,10495,16735,6448,9.28675E-05,0.24104,0.00613319,0.335948,0,0.399061,0.0170601,3769,-3.0854764677672088E-06,-3.1076203200159375E-06,0.0024274090261150413,8095.05,11263,13911,847937,0,0,0,5.556
422000,786.8058930523414,5460,4,5512,52,5250,BlackHole,800033,8.40193E-05,205,6705,96,10495,16735,6448,9.28675E-05,0.24104,0.00613319,0.335948,0,0.399061,0.0170601,3769,-3.0848631917646733E-06,-3.107007044013402E-06,0.0024274090261150413,8237.29,9858.22,13704,848343,0,0,0,5.544
423000,788.6699379450686,5459,4,5512,53,5250,BlackHole,800033,8.40193E-05,205,6706,96,10495,16735,6448,9.28675E-05,0.24104,0.00613319,0.335948,0,0.399061,0.0170601,3768,-3.0844465117916377E-06,-3.1065903640403664E-06,0.0024274090261150413,8783.95,8791.07,14586,849450,0,0,0,5.535
424000,790.5339828377957,5458,4,5512,54,5250,BlackHole,800033,8.40193E-05,205,6706,96,10496,16735,6449,9.28675E-05,0.24104,0.00613319,0.336426,0,0.398582,0.0170601,3767,-3.0828173632509224E-06,-3.104961215499651E-06,0.0024274090261150413,7411.09,11426.5,14969.6,848560,0,0,0,5.533
425000,792.3980277305229,5456,4,5512,56,5250,BlackHole,800033,8.40193E-05,205,6706,96,10498,16735,6451,9.28675E-05,0.24104,0.00613319,0.337032,0,0.397976,0.0170601,3765,-3.0789444805804914E-06,-3.10108833282922E-06,0.0024274090261150413,8810.61,10124.1,14183.1,847412,0,0,0,5.512
426000,794.2620726232501,5454,4,5512,58,5250,BlackHole,800033,8.40193E-05,205,6708,96,10498,16735,6451,9.28675E-05,0.24104,0.00613319,0.337032,0,0.397976,0.0170601,3763,-3.0793809335509414E-06,-3.10152478579967E-06,0.0024274090261150413,8449.6,9145.18,13776,846978,0,0,0,5.492
427000,796.1261175159773,5453,4,5512,59,5250,BlackHole,800033,8.40193E-05,205,6709,96,10498,16735,6451,9.28675E-05,0.241225,0.00613319,0.337032,0,0.397791,0.0170601,3762,-3.0779372999895095E-06,-3.100081152238238E-06,0.0024274090261150413,8146.46,9249.28,14393.2,847225,0,0,0,5.500
428000,797.9901624087045,5451,4,5512,61,5250,BlackHole,800033,8.40193E-05,205,6709,96,10500,16735,6453,9.28675E-05,0.241225,0.00613319,0.337664,0,0.397159,0.0170601,3760,-3.0746009500333007E-06,-3.0967448022820294E-06,0.0024274090261150413,9264.17,10485.4,13854.4,846402,0,0,0,5.537
429000,799.8542073014316,5450,4,5512,62,5250,BlackHole,800033,8.40193E-05,205,6709,96,10501,16735,6454,9.28675E-05,0.241225,0.00613319,0.337802,0,0.397021,0.0170601,3759,-3.0737125757442128E-06,-3.0958564279929415E-06,0.0024274090261150413,7510.28,9430.37,13833.4,846549,0,0,0,5.516
430000,801.7182521941588,5449,4,5512,63,5250,BlackHole,800033,8.40193E-05,205,6709,96,10502,16735,6455,9.28675E-05,0.241225,0.00613319,0.338085,0,0.396738,0.0170601,3758,-3.072043319502659E-06,-3.094187171751388E-06,0.0024274090261150413,8295.72,8298.75,13362.6,846213,0,0,0,5.517
431000,803.582297086886,5512,4,5512,0,5250,BlackHole,800033,8.40193E-05,205,6709,96,10503,16799,6455,9.28675E-05,0.241225,0.00613319,0.338085,0,0.396737,0.0170608,3801,-3.0729850373130387E-06,-3.0951288895617674E-06,0.0024274090261150413,8897,11111.5,13890.6,815914,0,0,0,5.579
432000,805.4463419796132,5510,4,5512,2,5250,BlackHole,800033,8.40193E-05,205,6709,96,10505,16799,6457,9.28675E-05,0.241225,0.00613319,0.33817,0,0.396653,0.0170601,3819,-3.0723080136590047E-06,-3.0944518659077334E-06,0.0024274090261150413,8064,9672.12,13677.2,773259,0,0,0,5.637
433000,807.3103868723404,5507,4,5512,5,5250,BlackHole,800033,8.40193E-05,205,6711,96,10506,16799,6458,9.28675E-05,0.241225,0.00613319,0.338297,0,0.396526,0.0170601,3816,-3.0709737252503E-06,-3.093117577499029E-06,0.0024274090261150413,8468.28,8475.73,13960.3,772834,0,0,0,5.628
434000,809.1744317650675,5511,4,5512,1,5250,BlackHole,800033,8.40193E-05,205,6711,96,10510,16807,6460,9.28675E-05,0.241225,0.00613319,0.338317,0,0.396506,0.0170601,3820,-3.0706488517711267E-06,-3.0927927040198554E-06,0.0024274090261150413,7710.15,11592,13816.3,765983,0,0,0,5.615
435000,811.0384766577947,5511,4,5512,1,5250,BlackHole,800033,8.40193E-05,205,6711,96,10510,16807,6460,9.28675E-05,0.241225,0.00613319,0.338317,0,0.396506,0.0170601,3812,-3.070840159314809E-06,-3.0929840115635378E-06,0.0024274090261150413,8118.58,9905.61,15352.4,790824,0,0,0,5.593
436000,812.9025215505219,5512,4,5512,0,5250,BlackHole,800033,8.40193E-05,205,6715,96,10519,16821,6467,9.28675E-05,0.241225,0.00613333,0.338809,0,0.396013,0.0170601,3821,-3.0683744216409282E-06,-3.090518273889657E-06,0.0024274090261150413,8830.07,8864.48,14077.1,758190,0,0,0,5.559
437000,814.7665664432491,5512,4,5512,0,5250,BlackHole,800033,8.40193E-05,205,6715,96,10519,16821,6467,9.28675E-05,0.241225,0.00613333,0.338809,0,0.396013,0.0170601,3821,-3.067703076859126E-06,-3.0898469291078547E-06,0.0024274090261150413,7971.76,11184.7,13885.8,758836,0,0,0,5.613
438000,816.6306113359763,5512,4,5512,0,5250,BlackHole,800033,8.40193E-05,205,6715,96,10519,16821,6467,9.28675E-05,0.241225,0.00613333,0.338809,0,0.396013,0.0170601,3821,-3.0690643196700385E-06,-3.091208171918767E-06,0.0024274090261150413,8294.21,10181.1,14298.3,759196,0,0,0,5.655
439000,818.4946562287034,5506,4,5512,6,5250,BlackHole,800033,8.40193E-05,205,6715,96,10525,16821,6473,9.28675E-05,0.241225,0.00613355,0.338809,0,0.396013,0.0170601,3815,-3.0681218862748786E-06,-3.0902657385236073E-06,0.0024274090261150413,7635.58,9204.97,14387.1,769601,0,0,0,5.629
440000,820.3587011214306,5503,4,5512,9,5250,BlackHole,800033,8.40193E-05,205,6715,96,10528,16821,6476,9.28675E-05,0.241225,0.00613359,0.339521,0,0.395302,0.0170601,3812,-3.0639733737372288E-06,-3.0861172259859575E-06,0.0024274090261150413,8644.89,8927.62,13579.7,766868,0,0,0,5.635
441000,822.2227460141578,5502,4,5512,10,5250,BlackHole,800033,8.40193E-05,205,6715,96,10529,16821,6477,9.28675E-05,0.241225,0.00613362,0.339521,0,0.395302,0.0170601,3811,-3.063505625230443E-06,-3.0856494774791716E-06,0.0024274090261150413,8663.46,10576.7,13357.2,766728,0,0,0,5.653
442000,824.086790906885,5502,4,5512,10,5250,BlackHole,800033,8.40193E-05,205,6715,96,10529,16821,6477,9.28675E-05,0.241225,0.00613362,0.339521,0,0.395302,0.0170601,3809,-3.063648023524047E-06,-3.0857918757727757E-06,0.0024274090261150413,7857.75,9479.49,13946.2,769132,0,0,0,5.624
443000,825.9508357996122,5465,4,5512,47,5250,BlackHole,800033,8.40193E-05,205,6751,96,10530,16821,6478,9.28675E-05,0.241792,0.00613362,0.339526,0,0.39473,0.0170601,3742,-3.0575026779862558E-06,-3.0796465302349844E-06,0.0024274090261150413,8112.85,8284.86,14416.2,842684,0,0,0,5.558
444000,827.8148806923393,5462,4,5512,50,5250,BlackHole,800033,8.40193E-05,205,6753,96,10531,16821,6479,9.28675E-05,0.242554,0.00613362,0.339654,0,0.393841,0.0170601,3771,-3.051736574219817E-06,-3.073880426468546E-06,0.0024274090261150413,7561.66,11283.1,14411.7,819528,0,0,0,5.559
445000,829.6789255850665,5462,4,5512,50,5250,BlackHole,800033,8.40193E-05,205,6753,96,10531,16821,6479,9.28675E-05,0.242554,0.00613362,0.339654,0,0.393841,0.0170601,3771,-3.0533084047734927E-06,-3.0754522570222214E-06,0.0024274090261150413,8595.37,9717.13,13859.1,818650,0,0,0,5.575
446000,831.5429704777937,5460,4,5512,52,5250,BlackHole,800033,8.40193E-05,205,6755,96,10531,16821,6479,9.28675E-05,0.242556,0.00613362,0.339654,0,0.393839,0.0170601,3769,-3.0532959692044832E-06,-3.075439821453212E-06,0.0024274090261150413,8326.15,8548.9,14823.2,822670,0,0,0,5.582
447000,833.4070153705209,5460,4,5512,52,5250,BlackHole,800033,8.40193E-05,205,6755,96,10531,16821,6479,9.28675E-05,0.242556,0.00613362,0.339654,0,0.393839,0.0170601,3769,-3.052790180155534E-06,-3.0749340324042628E-06,0.0024274090261150413,7744.89,11528.9,14008.3,822904,0,0,0,5.590
448000,835.271060263248,5451,4,5512,61,5250,BlackHole,800033,8.40193E-05,205,6764,96,10531,16821,6479,9.28675E-05,0.242556,0.00613362,0.339654,0,0.393838,0.0170601,3760,-3.0531095945765913E-06,-3.07525344682532E-06,0.0024274090261150413,8875.54,9954.17,14049.8,825918,0,0,0,5.579
449000,837.1351051559752,5450,4,5512,62,5250,BlackHole,800033,8.40193E-05,205,6764,96,10532,16821,6480,9.28675E-05,0.242556,0.00613362,0.339726,0,0.393766,0.0170601,3759,-3.0527968654547108E-06,-3.0749407177034395E-06,0.0024274090261150413,7489.06,8935.86,13723.3,825068,0,0,0,5.570
450000,838.9991500487024,5450,4,5512,62,5250,BlackHole,800033,8.40193E-05,205,6764,96,10532,16821,6480,9.28675E-05,0.242556,0.00613362,0.339726,0,0.393766,0.0170601,3759,-3.0533040472863954E-06,-3.075447899535124E-06,0.0024274090261150413,8529.31,10664.6,14668.1,825431,0,0,0,5.606
451000,840.8631949414296,5478,4,5512,34,5250,BlackHole,800033,8.40193E-05,205,6798,96,10534,16885,6481,9.28675E-05,0.242556,0.00613365,0.339726,0,0.393766,0.0170601,3787,-3.051957294657003E-06,-3.0741011469057315E-06,0.0024274090261150413,8887.89,10245.4,14463.4,796585,0,0,0,5.528
452000,842.7272398341568,5478,4,5512,34,5250,BlackHole,800033,8.40193E-05,205,6798,96,10534,16885,6481,9.28675E-05,0.242556,0.00613365,0.339726,0,0.393766,0.0170601,3787,-3.0538085389995465E-06,-3.075952391248275E-06,0.0024274090261150413,7648.29,9262.64,14828.2,787633,0,0,0,5.612
453000,844.5912847268839,5478,4,5512,34,5250,BlackHole,800033,8.40193E-05,205,6798,96,10534,16885,6481,9.28675E-05,0.242556,0.00613365,0.339726,0,0.393766,0.0170601,3787,-3.0528915800546632E-06,-3.075035432303392E-06,0.0024274090261150413,8648.98,8674.9,14402.7,782068,0,0,0,5.648
454000,846.4553296196111,5477,4,5512,35,5250,BlackHole,800033,8.40193E-05,205,6799,96,10534,16885,6481,9.28675E-05,0.24256,0.00613365,0.339726,0,0.393762,0.0170601,3786,-3.052878308930019E-06,-3.0750221611787477E-06,0.0024274090261150413,7431.34,10680.5,14754.9,781204,0,0,0,5.605
455000,848.3193745123383,5477,4,5512,35,5250,BlackHole,800033,8.40193E-05,205,6799,96,10534,16885,6481,9.28675E-05,0.24256,0.00613365,0.339726,0,0.393762,0.0170601,3786,-3.051599390934957E-06,-3.0737432431836856E-06,0.0024274090261150413,8458.81,9527.5,14496.5,780758,0,0,0,5.603
456000,850.1834194050655,5477,4,5512,35,5250,BlackHole,800033,8.40193E-05,205,6799,96,10534,16885,6481,9.28675E-05,0.24256,0.00613365,0.339726,0,0.393762,0.0170601,3786,-3.051955848540407E-06,-3.074099700789136E-06,0.0024274090261150413,8298.41,8301.93,14546.2,780385,0,0,0,5.594
457000,852.0474642977927,5476,4,5512,36,5250,BlackHole,800033,8.40193E-05,205,6800,96,10534,16885,6481,9.28675E-05,0.243286,0.00613365,0.339726,0,0.393035,0.0170601,3782,-3.0399978661897373E-06,-3.062141718438466E-06,0.0024274090261150413,7555.1,10066.4,14662.6,800531,0,0,0,5.602
458000,853.9115091905198,5397,4,5512,115,5250,BlackHole,800033,8.40193E-05,205,6879,96,10534,16885,6481,9.28675E-05,0.243861,0.00613365,0.339726,0,0.392461,0.0170601,3706,-3.036800033505415E-06,-3.058943885754144E-06,0.0024274090261150413,8956.41,9760.52,14688.7,848305,0,0,0,5.528
459000,855.775554083247,5396,4,5512,116,5250,BlackHole,800033,8.40193E-05,205,6880,96,10534,16885,6481,9.28675E-05,0.243938,0.00613365,0.339726,0,0.392384,0.0170601,3705,-3.037987636193141E-06,-3.0601314884418696E-06,0.0024274090261150413,7402.35,8624.71,14851.2,848320,0,0,0,5.497
460000,857.6395989759742,5396,4,5512,116,5250,BlackHole,800033,8.40193E-05,205,6880,96,10534,16885,6481,9.28675E-05,0.243938,0.00613365,0.339726,0,0.392384,0.0170601,3705,-3.0379118148990226E-06,-3.0600556671477513E-06,0.0024274090261150413,8303.86,9983.45,15079.3,849487,0,0,0,5.522
461000,859.5036438687014,5383,4,5512,129,5250,BlackHole,800033,8.40193E-05,205,6892,96,10535,16885,6482,9.28675E-05,0.243938,0.00613365,0.339951,0,0.39216,0.0170601,3692,-3.0360512444312014E-06,-3.05819509667993E-06,0.0024274090261150413,9317.29,9963.07,14390,858504,0,0,0,5.478
462000,861.3676887614286,5382,4,5512,130,5250,BlackHole,800033,8.40193E-05,205,6892,96,10536,16885,6483,9.28675E-05,0.243938,0.00613365,0.340189,0,0.391921,0.0170601,3691,-3.0336532085832054E-06,-3.055797060831934E-06,0.0024274090261150413,7466.37,9004.62,14511.8,858142,0,0,0,5.485
463000,863.2317336541557,5511,4,5512,1,5250,BlackHole,800033,8.40193E-05,205,6894,96,10555,17035,6493,9.28675E-05,0.243938,0.00613372,0.340198,0,0.391912,0.0170601,3711,-3.033407158530247E-06,-3.0555510107789755E-06,0.0024274090261150413,8156.35,10175.7,15652.6,843182,0,0,0,5.457
464000,865.0957785468829,5512,4,5512,0,5250,BlackHole,800033,8.40193E-05,205,6926,96,10562,17075,6496,9.28675E-05,0.243938,0.00613372,0.341131,0,0.390979,0.0170601,3712,-3.0269511329708287E-06,-3.0490949852195574E-06,0.0024274090261150413,7412.54,10314.6,16164.9,841948,0,0,0,5.538
465000,866.9598234396101,5500,4,5512,12,5250,BlackHole,800033,8.40193E-05,205,6938,96,10562,17075,6496,9.28675E-05,0.243938,0.00613372,0.341131,0,0.390979,0.0170601,3700,-3.0275410474519257E-06,-3.0496848997006544E-06,0.0024274090261150413,8330.36,9317.61,16650.3,847833,0,0,0,5.596
466000,868.8238683323373,5500,4,5512,12,5250,BlackHole,800033,8.40193E-05,205,6938,96,10562,17075,6496,9.28675E-05,0.243938,0.00613372,0.341131,0,0.390979,0.0170601,3700,-3.028572947542349E-06,-3.050716799791078E-06,0.0024274090261150413,8471.88,8491.26,17097.4,847437,0,0,0,5.548
467000,870.6879132250644,5498,4,5512,14,5250,BlackHole,800033,8.40193E-05,205,6938,96,10564,17075,6498,9.28675E-05,0.243938,0.00613372,0.341531,0,0.390579,0.0170601,3698,-3.0264132547399116E-06,-3.0485571069886403E-06,0.0024274090261150413,7409.6,10801.6,15591.8,846493,0,0,0,5.530
468000,872.5519581177916,5498,4,5512,14,5250,BlackHole,800033,8.40193E-05,205,6938,96,10564,17075,6498,9.28675E-05,0.243938,0.00613372,0.341531,0,0.390579,0.0170601,3698,-3.0272609609884943E-06,-3.049404813237223E-06,0.0024274090261150413,8147.34,9571.89,15537.1,846003,0,0,0,5.570
469000,874.4160030105188,5496,4,5512,16,5250,BlackHole,800033,8.40193E-05,205,6938,96,10566,17075,6500,9.28675E-05,0.243938,0.00613372,0.342155,0,0.389955,0.0170601,3696,-3.023779507345622E-06,-3.045923359594351E-06,0.0024274090261150413,7483.23,8340.79,15582.8,846039,0,0,0,5.527
470000,876.280047903246,5451,4,5512,61,5250,BlackHole,800033,8.40193E-05,205,6983,96,10566,17075,6500,9.28675E-05,0.243959,0.00613372,0.342155,0,0.389935,0.0170601,3651,-3.023999309158744E-06,-3.0461431614074725E-06,0.0024274090261150413,8243.63,11103.2,15703.8,889023,0,0,0,5.519
471000,878.1440927959732,5450,4,5512,62,5250,BlackHole,800033,8.40193E-05,205,6983,96,10567,17075,6501,9.28675E-05,0.243959,0.00613372,0.342202,0,0.389887,0.0170601,3650,-3.0239876854951186E-06,-3.0461315377438473E-06,0.0024274090261150413,8255.36,9803.13,15765.5,888590,0,0,0,5.472
472000,880.0081376887003,5450,4,5512,62,5250,BlackHole,800033,8.40193E-05,205,6983,96,10567,17075,6501,9.28675E-05,0.243959,0.00613372,0.342202,0,0.389887,0.0170601,3650,-3.0250355554833595E-06,-3.0471794077320882E-06,0.0024274090261150413,7408.5,8700.46,15914.3,887193,0,0,0,5.485
473000,881.8721825814275,5446,4,5512,66,5250,BlackHole,800033,8.40193E-05,205,6987,96,10567,17075,6501,9.28675E-05,0.243959,0.00613372,0.342202,0,0.389887,0.0170601,3646,-3.024761929739287E-06,-3.0469057819880158E-06,0.0024274090261150413,8813.82,11221.4,15832.1,893285,0,0,0,5.505
474000,883.7362274741547,5445,4,5512,67,5250,BlackHole,800033,8.40193E-05,205,6987,96,10568,17075,6502,9.28675E-05,0.243959,0.00613372,0.342273,0,0.389816,0.0170601,3645,-3.024516473115255E-06,-3.0466603253639836E-06,0.0024274090261150413,7648.31,10056.2,15859.9,887672,0,0,0,5.464
475000,885.6002723668819,5444,4,5512,68,5250,BlackHole,800033,8.40193E-05,205,6988,96,10568,17075,6502,9.28675E-05,0.244273,0.00613372,0.342273,0,0.389502,0.0170601,3629,-3.0220485389937794E-06,-3.044192391242508E-06,0.0024274090261150413,8152.26,9069.99,15661.9,910507,0,0,0,5.509
476000,887.4643172596091,5444,4,5512,68,5250,BlackHole,800033,8.40193E-05,205,6988,96,10568,17075,6502,9.28675E-05,0.244273,0.00613372,0.342273,0,0.389502,0.0170601,3644,-3.0222349628877744E-06,-3.044378815136503E-06,0.0024274090261150413,8912.62,9735.29,15793,894475,0,0,0,5.469
477000,889.3283621523362,5440,4,5512,72,5250,BlackHole,800033,8.40193E-05,205,6990,96,10570,17075,6504,9.28675E-05,0.244292,0.00613372,0.342654,0,0.389102,0.0170601,3639,-3.0193929216681975E-06,-3.041536773916926E-06,0.0024274090261150413,7499.16,10385.2,16026,887785,0,0,0,5.456
478000,891.1924070450634,5438,4,5512,74,5250,BlackHole,800033,8.40193E-05,205,6991,96,10571,17075,6505,9.28675E-05,0.244292,0.00613372,0.342689,0,0.389067,0.0170601,3638,-3.018991070548158E-06,-3.0411349227968867E-06,0.0024274090261150413,8757.96,9369.74,16224.8,888452,0,0,0,5.437
479000,893.0564519377906,5418,4,5512,94,5250,BlackHole,800033,8.40193E-05,205,7011,96,10571,17075,6505,9.28675E-05,0.244293,0.00613372,0.342689,0,0.389066,0.0170601,3618,-3.020015384440993E-06,-3.0421592366897218E-06,0.0024274090261150413,7909.7,8371.92,16861.9,913440,0,0,0,5.460
480000,894.9204968305178,5417,4,5512,95,5250,BlackHole,800033,8.40193E-05,205,7011,96,10572,17075,6506,9.28675E-05,0.244293,0.00613372,0.342696,0,0.389058,0.0170601,3617,-3.0194796803549212E-06,-3.04162353260365E-06,0.0024274090261150413,8069.61,10932.1,16192.8,912316,0,0,0,5.467
481000,896.784541723245,5416,4,5512,96,5250,BlackHole,800033,8.40193E-05,205,7011,96,10573,17075,6507,9.28675E-05,0.244293,0.00613372,0.343376,0,0.388379,0.0170601,3616,-3.0133168712960735E-06,-3.035460723544802E-06,0.0024274090261150413,8987.44,9616.69,15179.2,913330,0,0,0,5.453
482000,898.6485866159721,5415,4,5512,97,5250,BlackHole,800033,8.40193E-05,205,7011,96,10574,17075,6508,9.28675E-05,0.244293,0.00613372,0.343402,0,0.388353,0.0170601,3615,-3.0137213999191975E-06,-3.035865252167926E-06,0.0024274090261150413,7741.99,8395.39,15416.5,912611,0,0,0,5.448
483000,900.5126315086993,5415,4,5512,97,5250,BlackHole,800033,8.40193E-05,205,7011,96,10574,17075,6508,9.28675E-05,0.244293,0.00613372,0.343402,0,0.388353,0.0170601,3614,-3.01341678179441E-06,-3.035560634043139E-06,0.0024274090261150413,8697.35,11433.7,15657,912465,0,0,0,5.458
484000,902.3766764014265,5411,4,5512,101,5250,BlackHole,800033,8.40193E-05,205,7012,96,10577,17075,6511,9.28675E-05,0.24439,0.00613372,0.344085,0,0.387572,0.0170601,3611,-3.0083603960470804E-06,-3.030504248295809E-06,0.0024274090261150413,8231.21,9849.26,16071,911426,0,0,0,5.415
485000,904.2407212941537,5411,4,5512,101,5250,BlackHole,800033,8.40193E-05,205,7012,96,10577,17075,6511,9.28675E-05,0.24439,0.00613372,0.344085,0,0.387572,0.0170601,3611,-3.007929597665269E-06,-3.030073449913998E-06,0.0024274090261150413,7978.73,8775.35,15775,910225,0,0,0,5.385
486000,906.1047661868809,5410,4,5512,102,5250,BlackHole,800033,8.40193E-05,205,7012,96,10578,17075,6512,9.28675E-05,0.24439,0.00613372,0.344114,0,0.387544,0.0170601,3610,-3.0092723618663594E-06,-3.031416214115088E-06,0.0024274090261150413,9177.07,11327.6,15809.2,910563,0,0,0,5.406
487000,907.968811079608,5410,4,5512,102,5250,BlackHole,800033,8.40193E-05,205,7012,96,10578,17075,6512,9.28675E-05,0.24439,0.00613372,0.344114,0,0.387544,0.0170601,3610,-3.0081533617067185E-06,-3.030297213955447E-06,0.0024274090261150413,7848.18,10107.3,15838,910954,0,0,0,5.471
488000,909.8328559723352,5410,4,5512,102,5250,BlackHole,800033,8.40193E-05,205,7012,96,10578,17075,6512,9.28675E-05,0.24439,0.00613372,0.344114,0,0.387544,0.0170601,3610,-3.0081788966009702E-06,-3.030322748849699E-06,0.0024274090261150413,8112.2,9132.38,15866.2,910866,0,0,0,5.456
489000,911.6969008650624,5409,4,5512,103,5250,BlackHole,800033,8.40193E-05,205,7013,96,10578,17075,6512,9.28675E-05,0.244394,0.00613372,0.344114,0,0.38754,0.0170601,3609,-3.0081467050216992E-06,-3.030290557270428E-06,0.0024274090261150413,8616.06,9332.34,15902.9,910539,0,0,0,5.439
490000,913.5609457577896,5408,4,5512,104,5250,BlackHole,800033,8.40193E-05,205,7014,96,10578,17075,6512,9.28675E-05,0.244711,0.00613372,0.344114,0,0.387223,0.0170601,3608,-3.0062638367271566E-06,-3.0284076889758853E-06,0.0024274090261150413,7865.8,10464.5,15957.2,911702,0,0,0,5.489
491000,915.4249906505167,5407,4,5512,105,5250,BlackHole,800033,8.40193E-05,205,7014,96,10579,17075,6513,9.28675E-05,0.244711,0.00613372,0.344204,0,0.387133,0.0170601,3607,-3.006191813049914E-06,-3.0283356652986426E-06,0.0024274090261150413,8318.31,9419.98,16061.1,910970,0,0,0,5.431
492000,917.2890355432439,5405,4,5512,107,5250,BlackHole,800033,8.40193E-05,205,7015,96,10580,17075,6514,9.28675E-05,0.244711,0.00613372,0.344576,0,0.386761,0.0170601,3605,-3.0027558444815647E-06,-3.0248996967302934E-06,0.0024274090261150413,7758.21,8307.12,16301.2,911487,0,0,0,5.415
493000,919.1530804359711,5373,4,5512,139,5250,BlackHole,800033,8.40193E-05,205,7047,96,10580,17075,6514,9.28675E-05,0.244711,0.00613372,0.344576,0,0.386761,0.0170601,3573,-3.005600102871481E-06,-3.0277439551202098E-06,0.0024274090261150413,8230.02,11066.4,17133.9,932582,0,0,0,5.384
494000,921.0171253286983,5371,4,5512,141,5250,BlackHole,800033,8.40193E-05,205,7047,96,10582,17075,6516,9.28675E-05,0.244711,0.00613372,0.345176,0,0.386161,0.0170601,3569,-3.0021395958126923E-06,-3.024283448061421E-06,0.0024274090261150413,8687.96,9660.66,15666.8,932310,0,0,0,5.384
495000,922.8811702214255,5370,4,5512,142,5250,BlackHole,800033,8.40193E-05,205,7048,96,10582,17075,6516,9.28675E-05,0.245047,0.00613372,0.345176,0,0.385825,0.0170601,3567,-3.001228755441141E-06,-3.0233726076898698E-06,0.0024274090261150413,7751.96,8460.9,15967,932163,0,0,0,5.404
496000,924.7452151141526,5369,4,5512,143,5250,BlackHole,800033,8.40193E-05,205,7049,96,10582,17075,6516,9.28675E-05,0.245047,0.00613372,0.345176,0,0.385825,0.0170601,3569,-3.001419520633766E-06,-3.0235633728824947E-06,0.0024274090261150413,8193.21,11193.9,16654.4,932115,0,0,0,5.407
497000,926.6092600068798,5369,4,5512,143,5250,BlackHole,800033,8.40193E-05,205,7049,96,10582,17075,6516,9.28675E-05,0.245047,0.00613372,0.345176,0,0.385825,0.0170601,3569,-3.0010452389677607E-06,-3.0231890912164894E-06,0.0024274090261150413,7679.37,9894.96,15759,931527,0,0,0,5.402
498000,928.473304899607,5363,4,5512,149,5250,BlackHole,800033,8.40193E-05,205,7054,96,10583,17075,6517,9.28675E-05,0.245107,0.00613372,0.34518,0,0.38576,0.0170601,3563,-3.0000347036903313E-06,-3.02217855593906E-06,0.0024274090261150413,8534.2,8849.12,16049.3,933704,0,0,0,5.382
499000,930.3373497923342,5361,4,5512,151,5250,BlackHole,800033,8.40193E-05,205,7054,96,10585,17075,6519,9.28675E-05,0.245107,0.00613372,0.34531,0,0.38563,0.0170601,3561,-2.998707102406177E-06,-3.020850954654906E-06,0.0024274090261150413,8482.11,11299,15783.7,933808,0,0,0,5.354
500000,932.2013946850614,5423,4,5512,89,5250,BlackHole,800033,8.40193E-05,205,7054,96,10587,17139,6520,9.28675E-05,0.245107,0.00613372,0.345349,0,0.385591,0.0170601,3623,-2.999134124058937E-06,-3.0212779763076656E-06,0.0024274090261150413,7654.54,10167.3,15817.1,869851,0,0,0,5.384
501000,934.0654395777885,5423,4,5512,89,5250,BlackHole,800033,8.40193E-05,205,7054,96,10587,17139,6520,9.28675E-05,0.245107,0.00613372,0.345349,0,0.385591,0.0170602,3548,-2.998678787781744E-06,-3.0208226400304728E-06,0.0024274090261150413,9022.5,9192.66,16033.9,944606,0,0,0,5.444
502000,935.9294844705157,5420,4,5512,92,5250,BlackHole,800033,8.40193E-05,205,7054,96,10590,17139,6523,9.28675E-05,0.245107,0.00613372,0.346008,0,0.384932,0.0170601,3620,-2.9947522625033E-06,-3.016896114752029E-06,0.0024274090261150413,7605.85,8994.26,16088.9,870599,0,0,0,5.497
503000,937.7935293632429,5420,4,5512,92,5250,BlackHole,800033,8.40193E-05,205,7054,96,10590,17139,6523,9.28675E-05,0.245107,0.00613372,0.346008,0,0.384932,0.0170601,3620,-2.9953399645889162E-06,-3.017483816837645E-06,0.0024274090261150413,8463.27,10553.3,15912.3,870593,0,0,0,5.460
504000,939.6575742559701,5418,4,5512,94,5250,BlackHole,800033,8.40193E-05,205,7054,96,10592,17139,6525,9.28675E-05,0.245107,0.00613372,0.346394,0,0.384546,0.0170601,3618,-2.9935751724778072E-06,-3.015719024726536E-06,0.0024274090261150413,8885.69,9469.33,15973.5,865205,0,0,0,5.449
505000,941.5216191486973,5418,4,5512,94,5250,BlackHole,800033,8.40193E-05,205,7054,96,10592,17139,6525,9.28675E-05,0.245107,0.00613372,0.346394,0,0.384546,0.0170601,3618,-2.9930319323858E-06,-3.0151757846345287E-06,0.0024274090261150413,7561.47,8284.97,16083.8,864330,0,0,0,5.497
506000,943.3856640414244,5416,4,5512,96,5250,BlackHole,800033,8.40193E-05,205,7056,96,10592,17139,6525,9.28675E-05,0.245401,0.00613372,0.346394,0,0.384252,0.0170601,3616,-2.98843278559699E-06,-3.0105766378457186E-06,0.0024274090261150413,8965.04,11231.5,16400.1,863742,0,0,0,5.444
507000,945.2497089341516,5413,4,5512,99,5250,BlackHole,800033,8.40193E-05,205,7059,96,10592,17139,6525,9.28675E-05,0.245401,0.00613372,0.346394,0,0.384252,0.0170601,3613,-2.9900184270566633E-06,-3.012162279305392E-06,0.0024274090261150413,7531.52,9705.35,17106.6,863648,0,0,0,5.430
508000,947.1137538268788,5412,4,5512,100,5250,BlackHole,800033,8.40193E-05,205,7059,96,10593,17139,6526,9.28675E-05,0.245401,0.00613372,0.346771,0,0.383875,0.0170601,3612,-2.9870680944221907E-06,-3.0092119466709194E-06,0.0024274090261150413,8401.21,8533.12,15778.7,863629,0,0,0,5.453
509000,948.977798719606,5411,4,5512,101,5250,BlackHole,800033,8.40193E-05,205,7060,96,10593,17139,6526,9.28675E-05,0.245405,0.00613372,0.346771,0,0.383871,0.0170601,3596,-2.9878335360016497E-06,-3.0099773882503784E-06,0.0024274090261150413,9224.57,11284,15789.6,883064,0,0,0,5.453
510000,950.8418436123332,5410,4,5512,102,5250,BlackHole,800033,8.40193E-05,205,7060,96,10594,17139,6527,9.28675E-05,0.245405,0.00613372,0.347315,0,0.383328,0.0170601,3610,-2.985865151928153E-06,-3.0080090041768815E-06,0.0024274090261150413,7471.7,9942.98,15673.2,864396,0,0,0,5.456
511000,952.7058885050603,5409,4,5512,103,5250,BlackHole,800033,8.40193E-05,205,7060,96,10595,17139,6528,9.28675E-05,0.245405,0.00613372,0.347696,0,0.382947,0.0170601,3609,-2.9837227481964056E-06,-3.0058666004451343E-06,0.0024274090261150413,8903.84,8921.16,15670.3,858153,0,0,0,5.437
512000,954.5699333977875,5408,4,5512,104,5250,BlackHole,800033,8.40193E-05,205,7061,96,10595,17139,6528,9.28675E-05,0.245405,0.00613372,0.347696,0,0.382947,0.0170601,3608,-2.9841746541832123E-06,-3.006318506431941E-06,0.0024274090261150413,7462.96,10791,15747,862632,0,0,0,5.477
513000,956.4339782905147,5406,4,5512,106,5250,BlackHole,800033,8.40193E-05,205,7063,96,10595,17139,6528,9.28675E-05,0.245421,0.00613372,0.347696,0,0.38293,0.0170601,3606,-2.9847525383976885E-06,-3.006896390646417E-06,0.0024274090261150413,8258.08,10230.2,16151.1,858605,0,0,0,5.439
514000,958.2980231832419,5403,4,5512,109,5250,BlackHole,800033,8.40193E-05,205,7065,96,10596,17139,6529,9.28675E-05,0.245425,0.00613372,0.347772,0,0.382851,0.0170601,3603,-2.9840415190954984E-06,-3.006185371344227E-06,0.0024274090261150413,8966.59,9250.84,16674,857478,0,0,0,5.434
515000,960.162068075969,5403,4,5512,109,5250,BlackHole,800033,8.40193E-05,205,7065,96,10596,17139,6529,9.28675E-05,0.245425,0.00613372,0.347772,0,0.382851,0.0170601,3603,-2.9844901315302116E-06,-3.0066339837789403E-06,0.0024274090261150413,7411.91,8726.11,16567.7,857713,0,0,0,5.437
516000,962.0261129686962,5403,4,5512,109,5250,BlackHole,800033,8.40193E-05,205,7065,96,10596,17139,6529,9.28675E-05,0.245425,0.00613372,0.347772,0,0.382851,0.0170601,3603,-2.9844454900392187E-06,-3.0065893422879474E-06,0.0024274090261150413,8172.33,10653.9,15881.3,858467,0,0,0,5.440
517000,963.8901578614234,5403,4,5512,109,5250,BlackHole,800033,8.40193E-05,205,7065,96,10596,17139,6529,9.28675E-05,0.245425,0.00613372,0.347772,0,0.38285,0.0170602,3528,-2.9848737595876645E-06,-3.007017611836393E-06,0.0024274090261150413,7415.58,9515.01,15920.1,936744,0,0,0,5.448
518000,965.7542027541506,5403,4,5512,109,5250,BlackHole,800033,8.40193E-05,205,7065,96,10596,17139,6529,9.28675E-05,0.245425,0.00613372,0.347772,0,0.382851,0.0170601,3603,-2.98514394690818E-06,-3.0072877991569085E-06,0.0024274090261150413,8249.96,8296.27,15992.2,858938,0,0,0,5.458
519000,967.6182476468778,5402,4,5512,110,5250,BlackHole,800033,8.40193E-05,205,7065,96,10597,17139,6530,9.28675E-05,0.245425,0.00613372,0.348395,0,0.382227,0.0170601,3602,-2.9815622517876114E-06,-3.00370610403634E-06,0.0024274090261150413,8517,11061.2,16140.3,858455,0,0,0,5.453
520000,969.4822925396049,5402,4,5512,110,5250,BlackHole,800033,8.40193E-05,205,7065,96,10597,17139,6530,9.28675E-05,0.245425,0.00613372,0.348395,0,0.382227,0.0170601,3602,-2.983277144739092E-06,-3.005420996987821E-06,0.0024274090261150413,7406.31,9750.22,16935.3,856129,0,0,0,5.457
521000,971.3463374323321,5400,4,5512,112,5250,BlackHole,800033,8.40193E-05,205,7066,96,10598,17139,6531,9.28675E-05,0.245433,0.00613372,0.348405,0,0.38221,0.0170601,3600,-2.9822006171492E-06,-3.0043444693979285E-06,0.0024274090261150413,8144.57,8608.63,17576,856690,0,0,0,5.452
522000,973.2103823250593,5381,4,5512,131,5250,BlackHole,800033,8.40193E-05,205,7085,96,10598,17139,6531,9.28675E-05,0.245433,0.00613372,0.348405,0,0.38221,0.0170601,3581,-2.9815912783799183E-06,-3.003735130628647E-06,0.0024274090261150413,7400.98,11196,16243.6,885293,0,0,0,5.436
523000,975.0744272177865,5380,4,5512,132,5250,BlackHole,800033,8.40193E-05,205,7086,96,10598,17139,6531,9.28675E-05,0.245446,0.00613372,0.348405,0,0.382197,0.0170601,3580,-2.9814494204680163E-06,-3.003593272716745E-06,0.0024274090261150413,8158.11,9992.96,15267.2,883043,0,0,0,5.406
524000,976.9384721105137,5380,4,5512,132,5250,BlackHole,800033,8.40193E-05,205,7086,96,10598,17139,6531,9.28675E-05,0.245446,0.00613372,0.348405,0,0.382197,0.0170601,3579,-2.9802204251757036E-06,-3.0023642774244323E-06,0.0024274090261150413,8482.12,8990.6,15571.3,882590,0,0,0,5.427
525000,978.8025170032408,5379,4,5512,133,5250,BlackHole,800033,8.40193E-05,205,7087,96,10598,17139,6531,9.28675E-05,0.245466,0.00613372,0.348405,0,0.382176,0.0170601,3579,-2.9805315967696268E-06,-3.0026754490183555E-06,0.0024274090261150413,7488.78,10250.1,15880.6,877449,0,0,0,5.389
526000,980.666561895968,5377,4,5512,135,5250,BlackHole,800033,8.40193E-05,205,7089,96,10598,17139,6531,9.28675E-05,0.245466,0.00613372,0.348405,0,0.382176,0.0170601,3577,-2.9796442187446787E-06,-3.0017880709934074E-06,0.0024274090261150413,8762.18,10294.6,16234.5,883360,0,0,0,5.404
527000,982.5306067886952,5371,4,5512,141,5250,BlackHole,800033,8.40193E-05,205,7095,96,10598,17139,6531,9.28675E-05,0.245466,0.00613372,0.348405,0,0.382176,0.0170601,3571,-2.9813073598655832E-06,-3.003451212114312E-06,0.0024274090261150413,7432,9303.27,16478.3,887830,0,0,0,5.437
528000,984.3946516814224,5370,4,5512,142,5250,BlackHole,800033,8.40193E-05,205,7095,96,10599,17139,6532,9.28675E-05,0.245466,0.00613372,0.348439,0,0.382142,0.0170601,3554,-2.9801613097134817E-06,-3.0023051619622104E-06,0.0024274090261150413,8075.17,8526.99,15940.4,904498,0,0,0,5.413
529000,986.2586965741496,5369,4,5512,143,5250,BlackHole,800033,8.40193E-05,205,7095,96,10600,17139,6533,9.28675E-05,0.245466,0.00613372,0.348785,0,0.381796,0.0170601,3569,-2.9752964868365813E-06,-2.99744033908531E-06,0.0024274090261150413,8921,10762.1,15857,884134,0,0,0,5.407
530000,988.1227414668767,5366,4,5512,146,5250,BlackHole,800033,8.40193E-05,205,7097,96,10601,17139,6534,9.28675E-05,0.245497,0.00613372,0.348813,0,0.381738,0.0170601,3566,-2.974977107539067E-06,-2.9971209597877957E-06,0.0024274090261150413,7720.56,9561.6,15888.8,882699,0,0,0,5.406
531000,989.9867863596039,5366,4,5512,146,5250,BlackHole,800033,8.40193E-05,205,7097,96,10601,17139,6534,9.28675E-05,0.245497,0.00613372,0.348813,0,0.381738,0.0170601,3551,-2.9751261367425388E-06,-2.9972699889912675E-06,0.0024274090261150413,8322.98,8331.2,16023.9,900914,0,0,0,5.416
532000,991.8508312523311,5359,4,5512,153,5250,BlackHole,800033,8.40193E-05,205,7097,96,10608,17139,6541,9.28675E-05,0.245497,0.00613382,0.349298,0,0.381253,0.0170601,3559,-2.9729133801078046E-06,-2.9950572323565333E-06,0.0024274090261150413,7537.24,11290.8,16033.3,888797,0,0,0,5.366
533000,993.7148761450583,5359,4,5512,153,5250,BlackHole,800033,8.40193E-05,205,7097,96,10608,17139,6541,9.28675E-05,0.245497,0.00613382,0.349298,0,0.381253,0.0170601,3559,-2.9720438911405907E-06,-2.9941877433893194E-06,0.0024274090261150413,7985.59,9794.86,16194.5,888869,0,0,0,5.387
534000,995.5789210377854,5357,4,5512,155,5250,BlackHole,800033,8.40193E-05,205,7098,96,10609,17139,6542,9.28675E-05,0.245528,0.00613382,0.349416,0,0.381103,0.0170601,3557,-2.9735974905531013E-06,-2.99574134280183E-06,0.0024274090261150413,8669.89,8684.7,16702.8,883821,0,0,0,5.424
535000,997.4429659305126,5355,4,5512,157,5250,BlackHole,800033,8.40193E-05,205,7099,96,10610,17139,6543,9.28675E-05,0.24555,0.00613382,0.349614,0,0.380884,0.0170601,3555,-2.971302538682061E-06,-2.9934463909307896E-06,0.0024274090261150413,8062.05,11508.9,16993.9,883904,0,0,0,5.408
536000,999.3070108232398,5355,4,5512,157,5250,BlackHole,800033,8.40193E-05,205,7099,96,10610,17139,6543,9.28675E-05,0.24555,0.00613382,0.349614,0,0.380884,0.0170601,3555,-2.9720762809170748E-06,-2.9942201331658035E-06,0.0024274090261150413,8651.07,10044.2,15501.7,884463,0,0,0,5.391
537000,1001.171055715967,5354,4,5512,158,5250,BlackHole,800033,8.40193E-05,205,7100,96,10610,17139,6543,9.28675E-05,0.24555,0.00613382,0.349614,0,0.380884,0.0170601,3554,-2.972941813064015E-06,-2.9950856653127435E-06,0.0024274090261150413,7744.59,9056.7,15636.1,884927,0,0,0,5.436
538000,1003.0351006086942,5353,4,5512,159,5250,BlackHole,800033,8.40193E-05,205,7100,96,10611,17139,6544,9.28675E-05,0.24555,0.00613382,0.350181,0,0.380317,0.0170601,3553,-2.970323364483836E-06,-2.9924672167325647E-06,0.0024274090261150413,7873.84,9782.54,15976.2,884083,0,0,0,5.380
539000,1004.8991455014213,5414,4,5512,98,5250,BlackHole,800033,8.40193E-05,205,7100,96,10614,17203,6546,9.28675E-05,0.24555,0.00613382,0.350593,0,0.379905,0.0170601,3614,-2.965780533543057E-06,-2.9879243857917857E-06,0.0024274090261150413,8911.67,10363.1,16222.2,829369,0,0,0,5.364
540000,1006.7631903941485,5413,4,5512,99,5250,BlackHole,800033,8.40193E-05,205,7100,96,10615,17203,6547,9.28675E-05,0.24555,0.00613382,0.350874,0,0.379624,0.0170601,3613,-2.963750683234789E-06,-2.9858945354835176E-06,0.0024274090261150413,7990.44,9358.98,15768.5,828782,0,0,0,5.433
541000,1008.6272352868757,5380,4,5512,132,5250,BlackHole,800033,8.40193E-05,205,7133,96,10615,17203,6547,9.28675E-05,0.246155,0.00613382,0.350874,0,0.379019,0.0170601,3580,-2.963084293536707E-06,-2.9852281457854356E-06,0.0024274090261150413,8109.75,8393.83,15806.1,850021,0,0,0,5.450
542000,1010.4912801796029,5380,4,5512,132,5250,BlackHole,800033,8.40193E-05,205,7133,96,10615,17203,6547,9.28675E-05,0.246155,0.00613382,0.350874,0,0.379019,0.0170601,3579,-2.962999879013781E-06,-2.98514373126251E-06,0.0024274090261150413,8034.06,10893.1,15835.2,850988,0,0,0,5.472
543000,1012.3553250723301,5371,4,5512,141,5250,BlackHole,800033,8.40193E-05,205,7142,96,10615,17203,6547,9.28675E-05,0.246158,0.00613382,0.350874,0,0.379016,0.0170601,3571,-2.9632395227769963E-06,-2.985383375025725E-06,0.0024274090261150413,7759.11,9606.48,16438.3,855346,0,0,0,5.429
544000,1014.2193699650572,5368,4,5512,144,5250,BlackHole,800033,8.40193E-05,205,7145,96,10615,17203,6547,9.28675E-05,0.246162,0.00613382,0.350874,0,0.379012,0.0170601,3568,-2.9629059695547528E-06,-2.9850498218034815E-06,0.0024274090261150413,8342.93,8383.03,17035.9,856094,0,0,0,5.419
545000,1016.0834148577844,5367,4,5512,145,5250,BlackHole,800033,8.40193E-05,205,7145,96,10616,17203,6548,9.28675E-05,0.246162,0.00613382,0.351349,0,0.378536,0.0170601,3567,-2.9604366391254135E-06,-2.982580491374142E-06,0.0024274090261150413,7904.08,11556.6,16575.2,854799,0,0,0,5.401
546000,1017.9474597505116,5366,4,5512,146,5250,BlackHole,800033,8.40193E-05,205,7145,96,10617,17203,6549,9.28675E-05,0.246162,0.00613382,0.351689,0,0.378197,0.0170601,3566,-2.9586017948814368E-06,-2.9807456471301655E-06,0.0024274090261150413,8115.22,9841.93,16272.6,854427,0,0,0,5.438
547000,1019.8115046432388,5366,4,5512,146,5250,BlackHole,800033,8.40193E-05,205,7145,96,10617,17203,6549,9.28675E-05,0.246162,0.00613382,0.351689,0,0.378197,0.0170601,3566,-2.957415717146665E-06,-2.9795595693953937E-06,0.0024274090261150413,8377.06,8759.72,16263,854765,0,0,0,5.427
548000,1021.675549535966,5366,4,5512,146,5250,BlackHole,800033,8.40193E-05,205,7145,96,10617,17203,6549,9.28675E-05,0.246162,0.00613382,0.351689,0,0.378197,0.0170601,3566,-2.958756872202719E-06,-2.9809007244514476E-06,0.0024274090261150413,7660.8,11606.7,16931.2,854749,0,0,0,5.420
549000,1023.5395944286931,5349,4,5512,163,5250,BlackHole,800033,8.40193E-05,205,7161,96,10618,17203,6550,9.28675E-05,0.246162,0.00613382,0.352265,0,0.37762,0.0170601,3549,-2.956352235715017E-06,-2.978496087963746E-06,0.0024274090261150413,8405.47,10097.4,16123.8,873455,0,0,0,5.441
550000,1025.4036393214203,5349,4,5512,163,5250,BlackHole,800033,8.40193E-05,205,7161,96,10618,17203,6550,9.28675E-05,0.246162,0.00613382,0.352265,0,0.37762,0.0170601,3549,-2.956359004895333E-06,-2.9785028571440617E-06,0.0024274090261150413,7810.55,9115.68,16556.1,873992,0,0,0,5.387
551000,1027.2676842141475,5348,4,5512,164,5250,BlackHole,800033,8.40193E-05,205,7161,96,10619,17203,6551,9.28675E-05,0.246162,0.00613382,0.352403,0,0.377483,0.0170601,3547,-2.95555712495946E-06,-2.9777009772081888E-06,0.0024274090261150413,8467.79,9417.57,16664.2,874118,0,0,0,5.377
552000,1029.1317291068747,5348,4,5512,164,5250,BlackHole,800033,8.40193E-05,205,7161,96,10619,17203,6551,9.28675E-05,0.246162,0.00613382,0.352403,0,0.377483,0.0170601,3548,-2.955097272714493E-06,-2.977241124963222E-06,0.0024274090261150413,8413.49,10444.5,17111,873828,0,0,0,5.360
553000,1030.9957739996019,5348,4,5512,164,5250,BlackHole,800033,8.40193E-05,205,7161,96,10619,17203,6551,9.28675E-05,0.246162,0.00613382,0.352403,0,0.377483,0.0170601,3548,-2.954837007121926E-06,-2.9769808593706546E-06,0.0024274090261150413,7567.83,9406.42,15920.9,871435,0,0,0,5.377
554000,1032.859818892329,5346,4,5512,166,5250,BlackHole,800033,8.40193E-05,205,7162,96,10620,17203,6552,9.28675E-05,0.246162,0.00613382,0.352814,0,0.377071,0.0170601,3546,-2.9524261877725886E-06,-2.9745700400213173E-06,0.0024274090261150413,8307.81,8317.68,15834.2,872504,0,0,0,5.424
555000,1034.7238637850562,5345,4,5512,167,5250,BlackHole,800033,8.40193E-05,205,7163,96,10620,17203,6552,9.28675E-05,0.246168,0.00613382,0.352814,0,0.377065,0.0170601,3544,-2.95377630497473E-06,-2.9759201572234586E-06,0.0024274090261150413,7725.05,11026.4,16435.9,873410,0,0,0,5.374
556000,1036.5879086777834,5345,4,5512,167,5250,BlackHole,800033,8.40193E-05,205,7163,96,10620,17203,6552,9.28675E-05,0.246168,0.00613382,0.352814,0,0.377065,0.0170601,3545,-2.953441269602917E-06,-2.9755851218516455E-06,0.0024274090261150413,8405.28,9650.48,16233.3,871401,0,0,0,5.379
557000,1038.4519535705106,5345,4,5512,167,5250,BlackHole,800033,8.40193E-05,205,7163,96,10620,17203,6552,9.28675E-05,0.246168,0.00613382,0.352814,0,0.377065,0.0170601,3545,-2.9536784487957645E-06,-2.9758223010444932E-06,0.0024274090261150413,8227.03,8446.59,16356.1,880390,0,0,0,5.365
558000,1040.3159984632377,5345,4,5512,167,5250,BlackHole,800033,8.40193E-05,205,7163,96,10620,17203,6552,9.28675E-05,0.246168,0.00613382,0.352814,0,0.377065,0.0170601,3545,-2.9534954750962403E-06,-2.975639327344969E-06,0.0024274090261150413,7477.17,11308.8,16072.3,881233,0,0,0,5.392
559000,1042.180043355965,5337,4,5512,175,5250,BlackHole,800033,8.40193E-05,205,7170,96,10621,17203,6553,9.28675E-05,0.246168,0.00613382,0.352887,0,0.376993,0.0170601,3537,-2.952500730198163E-06,-2.9746445824468916E-06,0.0024274090261150413,8850.22,9884.33,16066.5,889587,0,0,0,5.410
560000,1044.044088248692,5336,4,5512,176,5250,BlackHole,800033,8.40193E-05,205,7170,96,10622,17203,6554,9.28675E-05,0.246168,0.00613382,0.353078,0,0.376801,0.0170601,3520,-2.950753982263848E-06,-2.972897834512577E-06,0.0024274090261150413,7649.47,8833.67,16071.4,902267,0,0,0,5.397
561000,1045.9081331414193,5336,4,5512,176,5250,BlackHole,800033,8.40193E-05,205,7170,96,10622,17203,6554,9.28675E-05,0.246168,0.00613382,0.353078,0,0.376801,0.0170601,3536,-2.952406760613319E-06,-2.9745506128620477E-06,0.0024274090261150413,8340.46,10884.3,16349.5,890808,0,0,0,5.396
562000,1047.7721780341465,5335,4,5512,177,5250,BlackHole,800033,8.40193E-05,205,7171,96,10622,17203,6554,9.28675E-05,0.246172,0.00613382,0.353078,0,0.376798,0.0170601,3530,-2.9521046253032876E-06,-2.9742484775520163E-06,0.0024274090261150413,8844.5,10153.6,17218.1,892981,0,0,0,5.386
563000,1049.6362229268736,5333,4,5512,179,5250,BlackHole,800033,8.40193E-05,205,7171,96,10624,17203,6556,9.28675E-05,0.246172,0.00613382,0.35316,0,0.376716,0.0170601,3533,-2.9515877779019345E-06,-2.973731630150663E-06,0.0024274090261150413,7414.46,9176.22,16092.6,892421,0,0,0,5.388
564000,1051.5002678196008,5329,4,5512,183,5250,BlackHole,800033,8.40193E-05,205,7175,96,10624,17203,6556,9.28675E-05,0.246172,0.00613382,0.35316,0,0.376716,0.0170601,3529,-2.9508477930291187E-06,-2.9729916452778474E-06,0.0024274090261150413,8860.48,9065.37,16007.3,891930,0,0,0,5.374
565000,1053.364312712328,5327,4,5512,185,5250,BlackHole,800033,8.40193E-05,205,7176,96,10625,17203,6557,9.28675E-05,0.246753,0.00613382,0.353669,0,0.375626,0.0170601,3527,-2.9456265629473198E-06,-2.9677704151960485E-06,0.0024274090261150413,7575.82,10536.6,15809.4,891281,0,0,0,5.360
566000,1055.2283576050552,5327,4,5512,185,5250,BlackHole,800033,8.40193E-05,205,7176,96,10625,17203,6557,9.28675E-05,0.246753,0.00613382,0.353669,0,0.375626,0.0170601,3527,-2.9456322555318126E-06,-2.9677761077805413E-06,0.0024274090261150413,8219.49,9455.75,15653.9,891528,0,0,0,5.417
567000,1057.0924024977824,5327,4,5512,185,5250,BlackHole,800033,8.40193E-05,205,7176,96,10625,17203,6557,9.28675E-05,0.246753,0.00613382,0.353669,0,0.375626,0.0170601,3527,-2.9456922885552724E-06,-2.967836140804001E-06,0.0024274090261150413,8284.99,8286.84,15866.5,891104,0,0,0,5.382
568000,1058.9564473905095,5310,4,5512,202,5250,BlackHole,800033,8.40193E-05,205,7192,96,10626,17203,6558,9.28675E-05,0.246753,0.00613382,0.353764,0,0.375531,0.0170601,3510,-2.9472195678677567E-06,-2.9693634201164854E-06,0.0024274090261150413,7404.51,11182.6,15861,901824,0,0,0,5.354
569000,1060.8204922832367,5310,4,5512,202,5250,BlackHole,800033,8.40193E-05,205,7192,96,10626,17203,6558,9.28675E-05,0.246753,0.00613382,0.353764,0,0.375531,0.0170601,3510,-2.947084487348735E-06,-2.969228339597464E-06,0.0024274090261150413,8190.04,9692.1,15988.7,901600,0,0,0,5.336
570000,1062.684537175964,5308,4,5512,204,5250,BlackHole,800033,8.40193E-05,205,7193,96,10627,17203,6559,9.28675E-05,0.247071,0.00613382,0.3544,0,0.374576,0.0170601,3508,-2.9421269426417273E-06,-2.964270794890456E-06,0.0024274090261150413,7502.2,8517.7,16037.4,901217,0,0,0,5.352
571000,1064.548582068691,5307,4,5512,205,5250,BlackHole,800033,8.40193E-05,205,7193,96,10628,17203,6560,9.28675E-05,0.247071,0.00613382,0.354721,0,0.374255,0.0170601,3507,-2.940581385378097E-06,-2.9627252376268255E-06,0.0024274090261150413,8112.11,11236.1,15876.4,900705,0,0,0,5.403
572000,1066.4126269614183,5305,4,5512,207,5250,BlackHole,800033,8.40193E-05,205,7194,96,10629,17203,6561,9.28675E-05,0.247481,0.00613382,0.355175,0,0.373392,0.0170601,3505,-2.93577325206322E-06,-2.9579171043119486E-06,0.0024274090261150413,8542.38,9931.9,15912.7,899403,0,0,0,5.371
573000,1068.2766718541454,5305,4,5512,207,5250,BlackHole,800033,8.40193E-05,205,7194,96,10629,17203,6561,9.28675E-05,0.247481,0.00613382,0.355175,0,0.373392,0.0170601,3505,-2.935744074753593E-06,-2.9578879270023217E-06,0.0024274090261150413,7479.12,8906.1,16020.9,899399,0,0,0,5.363
574000,1070.1407167468726,5305,4,5512,207,5250,BlackHole,800033,8.40193E-05,205,7194,96,10629,17203,6561,9.28675E-05,0.247481,0.00613382,0.355175,0,0.373392,0.0170601,3505,-2.9347325747449937E-06,-2.9568764269937224E-06,0.0024274090261150413,8330.14,10837.8,16438.1,899886,0,0,0,5.378
575000,1072.0047616395998,5304,4,5512,208,5250,BlackHole,800033,8.40193E-05,205,7194,96,10630,17203,6562,9.28675E-05,0.247481,0.00613382,0.355182,0,0.373385,0.0170601,3504,-2.936355369904729E-06,-2.958499222153458E-06,0.0024274090261150413,7440.41,10211.1,16679.5,900907,0,0,0,5.385
576000,1073.868806532327,5508,4,5512,4,5250,BlackHole,800033,8.40193E-05,205,7197,96,10655,17435,6582,9.28675E-05,0.247481,0.00613404,0.355193,0,0.373373,0.0170601,3708,-2.935429453356721E-06,-2.9575733056054497E-06,0.0024274090261150413,8080.71,9238.93,17565.2,584604,0,0,0,5.433
577000,1075.7328514250542,5500,4,5512,12,5250,BlackHole,800033,8.40193E-05,205,7198,96,10662,17435,6589,9.28675E-05,0.247481,0.00613411,0.355617,0,0.37295,0.0170601,3700,-2.9327657542211914E-06,-2.95490960646992E-06,0.0024274090261150413,8710.88,8781.41,16238,600447,0,0,0,5.624
578000,1077.5968963177813,5499,4,5512,13,5250,BlackHole,800033,8.40193E-05,205,7198,96,10663,17435,6590,9.28675E-05,0.247481,0.00613411,0.355664,0,0.372903,0.0170601,3699,-2.931993056002926E-06,-2.9541369082516546E-06,0.0024274090261150413,7699.77,10635.3,15951.7,599243,0,0,0,5.656
579000,1079.4609412105085,5498,4,5512,14,5250,BlackHole,800033,8.40193E-05,205,7198,96,10664,17435,6591,9.28675E-05,0.247481,0.00613411,0.355976,0,0.372591,0.0170601,3690,-2.9301016437110433E-06,-2.952245495959772E-06,0.0024274090261150413,8704.95,9507.7,16216.6,621448,0,0,0,5.625
580000,1081.3249861032357,5498,4,5512,14,5250,BlackHole,800033,8.40193E-05,205,7198,96,10664,17435,6591,9.28675E-05,0.247481,0.00613411,0.355976,0,0.372591,0.0170601,3698,-2.929920923941569E-06,-2.9520647761902976E-06,0.0024274090261150413,7405.2,8291.69,17009.2,599192,0,0,0,5.586
581000,1083.1890309959629,5497,4,5512,15,5250,BlackHole,800033,8.40193E-05,205,7199,96,10664,17435,6591,9.28675E-05,0.247501,0.00613411,0.355976,0,0.372571,0.0170601,3697,-2.929079502005817E-06,-2.9512233542545457E-06,0.0024274090261150413,7992.32,11373,17541.3,592527,0,0,0,5.578
582000,1085.05307588869,5497,4,5512,15,5250,BlackHole,800033,8.40193E-05,205,7199,96,10664,17435,6591,9.28675E-05,0.247501,0.00613411,0.355976,0,0.372571,0.0170601,3697,-2.92975245176696E-06,-2.9518963040156885E-06,0.0024274090261150413,8369.37,9743.52,17091.9,593949,0,0,0,5.599
583000,1086.9171207814172,5495,4,5512,17,5250,BlackHole,800033,8.40193E-05,205,7200,96,10665,17435,6592,9.28675E-05,0.247506,0.00613411,0.356122,0,0.372419,0.0170601,3695,-2.927833503524655E-06,-2.9499773557733837E-06,0.0024274090261150413,8059.81,8592.51,17243.7,584194,0,0,0,5.680
584000,1088.7811656741444,5494,4,5512,18,5250,BlackHole,800033,8.40193E-05,205,7201,96,10665,17435,6592,9.28675E-05,0.247948,0.00613411,0.356122,0,0.371977,0.0170601,3694,-2.9245015273336847E-06,-2.9466453795824133E-06,0.0024274090261150413,8654.18,11274.3,16229.7,584696,0,0,0,5.622
585000,1090.6452105668716,5493,4,5512,19,5250,BlackHole,800033,8.40193E-05,205,7201,96,10666,17435,6593,9.28675E-05,0.247948,0.00613411,0.356288,0,0.371812,0.0170601,3693,-2.9232033499597383E-06,-2.945347202208467E-06,0.0024274090261150413,7406.88,9981.39,16320.1,566699,0,0,0,5.657
586000,1092.5092554595988,5492,4,5512,20,5250,BlackHole,800033,8.40193E-05,205,7201,96,10667,17435,6594,9.28675E-05,0.247948,0.00613411,0.356372,0,0.371727,0.0170601,3692,-2.922862599046326E-06,-2.9450064512950546E-06,0.0024274090261150413,7881.87,8971.29,17068.8,567586,0,0,0,5.651
587000,1094.373300352326,5491,4,5512,21,5250,BlackHole,800033,8.40193E-05,205,7202,96,10667,17435,6594,9.28675E-05,0.248235,0.00613411,0.356372,0,0.37144,0.0170601,3691,-2.9194259015347562E-06,-2.941569753783485E-06,0.0024274090261150413,9126.25,10380.5,16854.3,567357,0,0,0,5.617
588000,1096.2373452450531,5485,4,5512,27,5250,BlackHole,800033,8.40193E-05,205,7208,96,10667,17435,6594,9.28675E-05,0.248276,0.00613411,0.356372,0,0.371399,0.0170601,3685,-2.9187920469855364E-06,-2.940935899234265E-06,0.0024274090261150413,8167.39,10277.4,16678.6,594607,0,0,0,5.628
589000,1098.1013901377803,5485,4,5512,27,5250,BlackHole,800033,8.40193E-05,205,7208,96,10667,17435,6594,9.28675E-05,0.248276,0.00613411,0.356372,0,0.371399,0.0170601,3685,-2.9195628360365857E-06,-2.9417066882853144E-06,0.0024274090261150413,8606.49,9294.88,16832,594056,0,0,0,5.615
590000,1099.9654350305075,5483,4,5512,29,5250,BlackHole,800033,8.40193E-05,205,7209,96,10668,17435,6595,9.28675E-05,0.248477,0.00613411,0.356389,0,0.371182,0.0170601,3683,-2.918647421000463E-06,-2.940791273249192E-06,0.0024274090261150413,7463.54,8566.2,17484.7,585462,0,0,0,5.619
591000,1101.8294799232347,5482,4,5512,30,5250,BlackHole,800033,8.40193E-05,205,7209,96,10669,17435,6596,9.28675E-05,0.248477,0.00613411,0.35689,0,0.37068,0.0170601,3682,-2.9150889239687283E-06,-2.937232776217457E-06,0.0024274090261150413,7766.36,10746.6,16473.3,586199,0,0,0,5.651
592000,1103.6935248159618,5481,4,5512,31,5250,BlackHole,800033,8.40193E-05,205,7210,96,10669,17435,6596,9.28675E-05,0.249072,0.00613411,0.35689,0,0.370085,0.0170601,3681,-2.90060358646391E-06,-2.922747438712639E-06,0.0024274090261150413,8799.23,9551.22,16354,585508,0,0,0,5.616
593000,1105.557569708689,5478,4,5512,34,5250,BlackHole,800033,8.40193E-05,205,7211,96,10671,17435,6598,9.28675E-05,0.249076,0.00613411,0.357365,0,0.369605,0.0170601,3678,-2.897732839226023E-06,-2.919876691474752E-06,0.0024274090261150413,8100.7,8322.34,16437.1,566643,0,0,0,5.603
594000,1107.4216146014162,5464,4,5512,48,5250,BlackHole,800033,8.40193E-05,205,7225,96,10671,17435,6598,9.28675E-05,0.249076,0.00613411,0.357365,0,0.369605,0.0170601,3664,-2.8976649985085333E-06,-2.919808850757262E-06,0.0024274090261150413,8110.83,11508.2,16485.3,628017,0,0,0,5.587
595000,1109.2856594941434,5458,4,5512,54,5250,BlackHole,800033,8.40193E-05,205,7230,96,10672,17435,6599,9.28675E-05,0.24908,0.00613411,0.357573,0,0.369394,0.0170601,3658,-2.898255071647616E-06,-2.9203989238963447E-06,0.0024274090261150413,7608.76,9784.94,16031.4,629560,0,0,0,5.653
596000,1111.1497043868706,5456,4,5512,56,5250,BlackHole,800033,8.40193E-05,205,7231,96,10673,17435,6600,9.28675E-05,0.249081,0.00613411,0.35768,0,0.369286,0.0170601,3656,-2.897636522364023E-06,-2.919780374612752E-06,0.0024274090261150413,7667.09,8668.9,15801.3,629065,0,0,0,5.650
597000,1113.0137492795977,5453,4,5512,59,5250,BlackHole,800033,8.40193E-05,205,7232,96,10675,17435,6602,9.28675E-05,0.249392,0.00613411,0.358797,0,0.367859,0.0170601,3653,-2.8883695021632384E-06,-2.910513354411967E-06,0.0024274090261150413,8367.94,11844.1,16038.2,628273,0,0,0,5.625
598000,1114.877794172325,5421,4,5512,91,5250,BlackHole,800033,8.40193E-05,205,7264,96,10675,17435,6602,9.28675E-05,0.249392,0.00613411,0.358797,0,0.367859,0.0170601,3621,-2.8883265254623046E-06,-2.9104703777110333E-06,0.0024274090261150413,8034.53,10032.4,15944.1,679775,0,0,0,5.635
599000,1116.741839065052,5421,4,5512,91,5250,BlackHole,800033,8.40193E-05,205,7264,96,10675,17435,6602,9.28675E-05,0.249392,0.00613411,0.358797,0,0.367859,0.0170601,3621,-2.888625028179699E-06,-2.9107688804284275E-06,0.0024274090261150413,8259.01,9043.22,16208.9,679622,0,0,0,5.568
600000,1118.6058839577793,5511,4,5512,1,5250,BlackHole,800033,8.40193E-05,205,7264,96,10679,17529,6604,9.28675E-05,0.249392,0.00613411,0.359311,0,0.367345,0.0170601,3711,-2.8867398525152687E-06,-2.9088837047639974E-06,0.0024274090261150413,7854.48,9900.92,16464.3,495245,0,0,0,5.620
601000,1120.4699288505064,5511,4,5512,1,5250,BlackHole,800033,8.40193E-05,205,7264,96,10679,17529,6604,9.28675E-05,0.249392,0.00613411,0.359311,0,0.367345,0.0170601,3710,-2.8848695619362023E-06,-2.907013414184931E-06,0.0024274090261150413,7574.19,10348.8,16021.7,494593,0,0,0,5.744
602000,1122.3339737432336,5503,4,5512,9,5250,BlackHole,800033,8.40193E-05,205,7277,96,10682,17537,6606,9.28675E-05,0.249569,0.00613411,0.359356,0,0.367122,0.0170601,3703,-2.885218296611646E-06,-2.907362148860375E-06,0.0024274090261150413,8637.43,9348.36,16213.7,494943,0,0,0,5.737
603000,1124.1980186359608,5512,4,5512,0,5250,BlackHole,800033,8.40193E-05,205,7277,96,10683,17547,6606,9.28675E-05,0.249569,0.00613411,0.359356,0,0.367122,0.0170601,3712,-2.8842255275717657E-06,-2.9063693798204944E-06,0.0024274090261150413,7957.23,8418.94,16759.1,494644,0,0,0,5.728
604000,1126.062063528688,5512,4,5512,0,5250,BlackHole,800033,8.40193E-05,205,7277,96,10683,17547,6606,9.28675E-05,0.249569,0.00613411,0.359356,0,0.367122,0.0170601,3712,-2.8850386724418276E-06,-2.9071825246905563E-06,0.0024274090261150413,8409.33,10861.3,16664,494595,0,0,0,5.683
605000,1127.9261084214152,5479,4,5512,33,5250,BlackHole,800033,8.40193E-05,205,7310,96,10683,17547,6606,9.28675E-05,0.249608,0.00613411,0.359356,0,0.367083,0.0170601,3679,-2.8855023378975962E-06,-2.907646190146325E-06,0.0024274090261150413,8166.37,9599.81,16452.5,512537,0,0,0,5.614
606000,1129.7901533141423,5479,4,5512,33,5250,BlackHole,800033,8.40193E-05,205,7310,96,10683,17547,6606,9.28675E-05,0.249608,0.00613411,0.359356,0,0.367083,0.0170601,3679,-2.885280361040405E-06,-2.907424213289134E-06,0.0024274090261150413,7482.77,8371.12,16265.6,494924,0,0,0,5.605
607000,1131.6541982068695,5478,4,5512,34,5250,BlackHole,800033,8.40193E-05,205,7310,96,10684,17547,6607,9.28675E-05,0.249608,0.00613411,0.359434,0,0.367006,0.0170601,3678,-2.8849597038850503E-06,-2.907103556133779E-06,0.0024274090261150413,8582.17,11096.8,15922.5,495196,0,0,0,5.639
608000,1133.5182430995967,5478,4,5512,34,5250,BlackHole,800033,8.40193E-05,205,7310,96,10684,17547,6607,9.28675E-05,0.249608,0.00613411,0.359434,0,0.367006,0.0170601,3678,-2.88426486067075E-06,-2.9064087129194785E-06,0.0024274090261150413,7866.08,9832.58,15765.3,495508,0,0,0,5.631
609000,1135.3822879923239,5477,4,5512,35,5250,BlackHole,800033,8.40193E-05,205,7311,96,10684,17547,6607,9.28675E-05,0.249629,0.00613411,0.359434,0,0.366985,0.0170601,3677,-2.885541354524469E-06,-2.9076852067731975E-06,0.0024274090261150413,8345.35,8744.36,15771.4,496392,0,0,0,5.624
610000,1137.246332885051,5476,4,5512,36,5250,BlackHole,800033,8.40193E-05,205,7311,96,10685,17547,6608,9.28675E-05,0.249629,0.00613411,0.359944,0,0.366474,0.0170601,3676,-2.882354693344414E-06,-2.904498545593143E-06,0.0024274090261150413,8115.71,11368.3,15808.1,496528,0,0,0,5.651
611000,1139.1103777777782,5326,4,5512,186,5250,BlackHole,800033,8.40193E-05,205,7460,96,10686,17547,6609,9.28675E-05,0.250017,0.00613411,0.360158,0,0.365872,0.0170601,3526,-2.8781425524351943E-06,-2.900286404683923E-06,0.0024274090261150413,7417.25,10084.8,15837,811704,0,0,0,5.475
612000,1140.9744226705054,5326,4,5512,186,5250,BlackHole,800033,8.40193E-05,205,7460,96,10686,17547,6609,9.28675E-05,0.250017,0.00613411,0.360158,0,0.365872,0.0170601,3526,-2.877893361712372E-06,-2.9000372139611007E-06,0.0024274090261150413,8863.23,9106.77,15865.2,811169,0,0,0,5.406
613000,1142.8384675632326,5325,4,5512,187,5250,BlackHole,800033,8.40193E-05,205,7461,96,10686,17547,6609,9.28675E-05,0.250166,0.00613411,0.360158,0,0.365724,0.0170601,3525,-2.876516023227531E-06,-2.8986598754762596E-06,0.0024274090261150413,7774.45,9506.63,15899.5,809953,0,0,0,5.364
614000,1144.7025124559598,5324,4,5512,188,5250,BlackHole,800033,8.40193E-05,205,7462,96,10686,17547,6609,9.28675E-05,0.250256,0.00613411,0.360158,0,0.365633,0.0170601,3524,-2.875574242590668E-06,-2.8977180948393965E-06,0.0024274090261150413,8262.51,10431.1,15947.4,808107,0,0,0,5.398
615000,1146.566557348687,5323,4,5512,189,5250,BlackHole,800033,8.40193E-05,205,7463,96,10686,17547,6609,9.28675E-05,0.250269,0.00613411,0.360158,0,0.36562,0.0170601,3523,-2.874244482725646E-06,-2.8963883349743748E-06,0.0024274090261150413,9011.38,9399.05,16043.3,802341,0,0,0,5.438
616000,1148.4306022414141,5449,4,5512,63,5250,BlackHole,800033,8.40193E-05,205,7463,96,10688,17675,6609,9.28675E-05,0.250269,0.00613411,0.360158,0,0.36562,0.0170601,3649,-2.875763452410205E-06,-2.8979073046589337E-06,0.0024274090261150413,7403.07,8330.55,16287.5,544178,0,0,0,5.517
617000,1150.2946471341413,5448,4,5512,64,5250,BlackHole,800033,8.40193E-05,205,7463,96,10689,17675,6610,9.28675E-05,0.250269,0.00613411,0.360195,0,0.365583,0.0170601,3648,-2.875329058344123E-06,-2.897472910592852E-06,0.0024274090261150413,8822.96,10998.2,17004.1,544998,0,0,0,5.550
618000,1152.1586920268685,5346,4,5512,166,5250,BlackHole,800033,8.40193E-05,205,7564,96,10690,17675,6611,9.28675E-05,0.250269,0.00613411,0.360795,0,0.364983,0.0170601,3546,-2.872863812160081E-06,-2.8950076644088095E-06,0.0024274090261150413,7693.64,9640.63,15796.6,757686,0,0,0,5.520
619000,1154.0227369195957,5345,4,5512,167,5250,BlackHole,800033,8.40193E-05,205,7564,96,10691,17675,6612,9.28675E-05,0.250269,0.00613411,0.360815,0,0.364963,0.0170601,3545,-2.872531139769654E-06,-2.8946749920183826E-06,0.0024274090261150413,8169.99,8432.3,15279.4,757257,0,0,0,5.443
620000,1155.8867818123229,5345,4,5512,167,5250,BlackHole,800033,8.40193E-05,205,7564,96,10691,17675,6612,9.28675E-05,0.250269,0.00613411,0.360815,0,0.364963,0.0170601,3545,-2.8722907246140644E-06,-2.894434576862793E-06,0.0024274090261150413,9341.5,11309.4,15422.3,757239,0,0,0,5.456
621000,1157.75082670505,5342,4,5512,170,5250,BlackHole,800033,8.40193E-05,205,7564,96,10694,17675,6615,9.28675E-05,0.250269,0.00613413,0.360815,0,0.364963,0.0170601,3542,-2.871877220725201E-06,-2.89402107297393E-06,0.0024274090261150413,7470.16,9874.03,15635.4,761566,0,0,0,5.455
622000,1159.6148715977772,5341,4,5512,171,5250,BlackHole,800033,8.40193E-05,205,7565,96,10694,17675,6615,9.28675E-05,0.250281,0.00613413,0.360815,0,0.364951,0.0170601,3541,-2.8717904419733863E-06,-2.893934294222115E-06,0.0024274090261150413,8209.27,8818.26,15729.1,758926,0,0,0,5.446
623000,1161.4789164905044,5338,4,5512,174,5250,BlackHole,800033,8.40193E-05,205,7565,96,10697,17675,6618,9.28675E-05,0.250281,0.00613413,0.361123,0,0.364643,0.0170601,3538,-2.87148633293791E-06,-2.893630185186639E-06,0.0024274090261150413,7619.81,11455.6,16037.5,757815,0,0,0,5.435
624000,1163.3429613832316,5330,4,5512,182,5250,BlackHole,800033,8.40193E-05,205,7571,96,10699,17675,6620,9.28675E-05,0.250281,0.00613413,0.361198,0,0.364568,0.0170601,3530,-2.870420647847459E-06,-2.892564500096188E-06,0.0024274090261150413,8086.23,10140.3,15815.5,762297,0,0,0,5.415
625000,1165.2070062759587,5329,4,5512,183,5250,BlackHole,800033,8.40193E-05,205,7571,96,10700,17675,6621,9.28675E-05,0.250281,0.00613413,0.361204,0,0.364561,0.0170601,3529,-2.8716253218040837E-06,-2.8937691740528124E-06,0.0024274090261150413,8567.63,9167.54,15842.8,757785,0,0,0,5.376
626000,1167.071051168686,5328,4,5512,184,5250,BlackHole,800033,8.40193E-05,205,7572,96,10700,17675,6621,9.28675E-05,0.250285,0.00613413,0.361204,0,0.364557,0.0170601,3528,-2.8719095371183662E-06,-2.894053389367095E-06,0.0024274090261150413,7679.66,9138.68,15871.7,758171,0,0,0,5.405
627000,1168.935096061413,5325,4,5512,187,5250,BlackHole,800033,8.40193E-05,205,7574,96,10701,17675,6622,9.28675E-05,0.250285,0.00613413,0.361327,0,0.364435,0.0170601,3525,-2.87123389889407E-06,-2.8933777511427987E-06,0.0024274090261150413,8562.45,10516.1,15905.8,757316,0,0,0,5.457
628000,1170.7991409541403,5325,4,5512,187,5250,BlackHole,800033,8.40193E-05,205,7574,96,10701,17675,6622,9.28675E-05,0.250285,0.00613413,0.361327,0,0.364435,0.0170601,3525,-2.8715558689253506E-06,-2.8936997211740793E-06,0.0024274090261150413,7545.59,9448.66,15962.1,757854,0,0,0,5.427
629000,1172.6631858468675,5325,4,5512,187,5250,BlackHole,800033,8.40193E-05,205,7574,96,10701,17675,6622,9.28675E-05,0.250285,0.00613413,0.361327,0,0.364435,0.0170601,3525,-2.8714237771594822E-06,-2.893567629408211E-06,0.0024274090261150413,7998.93,8290.46,16071.8,757493,0,0,0,5.392
630000,1174.5272307395946,5317,4,5512,195,5250,BlackHole,800033,8.40193E-05,205,7582,96,10701,17675,6622,9.28675E-05,0.250285,0.00613413,0.361327,0,0.364435,0.0170601,3517,-2.8720701827409946E-06,-2.8942140349897233E-06,0.0024274090261150413,8917.34,11154.6,16352.1,769564,0,0,0,5.412
631000,1176.3912756323218,5315,4,5512,197,5250,BlackHole,800033,8.40193E-05,205,7582,96,10703,17675,6624,9.28675E-05,0.250285,0.00613413,0.36176,0,0.364002,0.0170601,3515,-2.8694575075748236E-06,-2.8916013598235523E-06,0.0024274090261150413,8032.64,9684.92,17132.6,769627,0,0,0,5.406
632000,1178.255320525049,5315,4,5512,197,5250,BlackHole,800033,8.40193E-05,205,7582,96,10703,17675,6624,9.28675E-05,0.250285,0.00613413,0.36176,0,0.364002,0.0170601,3515,-2.8686941895779E-06,-2.8908380418266285E-06,0.0024274090261150413,8481.9,8502.46,15186.8,769232,0,0,0,5.439
633000,1180.1193654177762,5315,4,5512,197,5250,BlackHole,800033,8.40193E-05,205,7582,96,10703,17675,6624,9.28675E-05,0.250285,0.00613413,0.36176,0,0.364002,0.0170601,3515,-2.868512091038224E-06,-2.890655943286953E-06,0.0024274090261150413,7474.8,12063.7,15310.1,768513,0,0,0,5.425
634000,1181.9834103105034,5299,4,5512,213,5250,BlackHole,800033,8.40193E-05,205,7597,96,10704,17675,6625,9.28675E-05,0.250353,0.00613413,0.361807,0,0.363888,0.0170601,3499,-2.8670670921650034E-06,-2.889210944413732E-06,0.0024274090261150413,7889.87,9916.78,15670.4,786178,0,0,0,5.411
635000,1183.8474552032305,5298,4,5512,214,5250,BlackHole,800033,8.40193E-05,205,7597,96,10705,17675,6626,9.28675E-05,0.250353,0.00613413,0.361973,0,0.363722,0.0170601,3498,-2.8659525615880653E-06,-2.888096413836794E-06,0.0024274090261150413,8111.78,8891.06,15986,786010,0,0,0,5.404
636000,1185.7115000959577,5297,4,5512,215,5250,BlackHole,800033,8.40193E-05,205,7597,96,10706,17675,6627,9.28675E-05,0.250353,0.00613413,0.362074,0,0.363621,0.0170601,3497,-2.8656218687524815E-06,-2.88776572100121E-06,0.0024274090261150413,8296.02,10934.6,16227.7,785905,0,0,0,5.389
637000,1187.575544988685,5360,4,5512,152,5250,BlackHole,800033,8.40193E-05,205,7597,96,10707,17739,6627,9.28675E-05,0.250353,0.00613413,0.362074,0,0.363621,0.0170601,3560,-2.865925342518493E-06,-2.888069194767222E-06,0.0024274090261150413,8610.03,10195.5,16384.9,690148,0,0,0,5.439
638000,1189.439589881412,5351,4,5512,161,5250,BlackHole,800033,8.40193E-05,205,7605,96,10708,17739,6628,9.28675E-05,0.250353,0.00613413,0.362592,0,0.363103,0.0170601,3551,-2.8619817989861476E-06,-2.8841256512348763E-06,0.0024274090261150413,7422.32,9226.61,15906.2,699461,0,0,0,5.475
639000,1191.3036347741393,5350,4,5512,162,5250,BlackHole,800033,8.40193E-05,205,7605,96,10709,17739,6629,9.28675E-05,0.250353,0.00613413,0.362973,0,0.362722,0.0170601,3550,-2.859065333642113E-06,-2.8812091858908417E-06,0.0024274090261150413,7773.7,8838.66,15848.7,699340,0,0,0,5.496
640000,1193.1676796668664,5348,4,5512,164,5250,BlackHole,800033,8.40193E-05,205,7605,96,10711,17739,6631,9.28675E-05,0.250353,0.00613413,0.363603,0,0.362092,0.0170601,3548,-2.8553583525589934E-06,-2.877502204807722E-06,0.0024274090261150413,8765.21,10612,15878.6,696623,0,0,0,5.462
641000,1195.0317245595936,5347,4,5512,165,5250,BlackHole,800033,8.40193E-05,205,7606,96,10711,17739,6631,9.28675E-05,0.250353,0.00613413,0.363603,0,0.362092,0.0170601,3547,-2.8547322377679615E-06,-2.87687609001669E-06,0.0024274090261150413,8283.8,9493.04,15918.5,696588,0,0,0,5.417
642000,1196.8957694523208,5346,4,5512,166,5250,BlackHole,800033,8.40193E-05,205,7607,96,10711,17739,6631,9.28675E-05,0.250357,0.00613413,0.363603,0,0.362087,0.0170601,3546,-2.8553324657350306E-06,-2.8774763179837592E-06,0.0024274090261150413,8285.24,8288.2,16055.5,696884,0,0,0,5.367
643000,1198.759814345048,5345,4,5512,167,5250,BlackHole,800033,8.40193E-05,205,7607,96,10712,17739,6632,9.28675E-05,0.250357,0.00613413,0.364184,0,0.361506,0.0170601,3545,-2.8529401181895963E-06,-2.875083970438325E-06,0.0024274090261150413,7400.79,11320,16158.6,694300,0,0,0,5.433
644000,1200.6238592377752,5344,4,5512,168,5250,BlackHole,800033,8.40193E-05,205,7608,96,10712,17739,6632,9.28675E-05,0.250378,0.00613413,0.364184,0,0.361485,0.0170601,3534,-2.8518371139080564E-06,-2.873980966156785E-06,0.0024274090261150413,7673.4,9729.87,16508.3,706925,0,0,0,5.469
645000,1202.4879041305023,5344,4,5512,168,5250,BlackHole,800033,8.40193E-05,205,7608,96,10712,17739,6632,9.28675E-05,0.250378,0.00613413,0.364184,0,0.361485,0.0170601,3544,-2.8512789488220052E-06,-2.873422801070734E-06,0.0024274090261150413,8554.55,8576.99,17496.3,695000,0,0,0,5.444
646000,1204.3519490232295,5343,4,5512,169,5250,BlackHole,800033,8.40193E-05,205,7608,96,10713,17739,6633,9.28675E-05,0.250378,0.00613413,0.364229,0,0.361441,0.0170601,3543,-2.8521159609971717E-06,-2.8742598132459004E-06,0.0024274090261150413,8210.32,11554.8,15541.6,689573,0,0,0,5.427
647000,1206.2159939159567,5341,4,5512,171,5250,BlackHole,800033,8.40193E-05,205,7608,96,10715,17739,6635,9.28675E-05,0.250378,0.00613413,0.365001,0,0.360669,0.0170601,3541,-2.846405715162971E-06,-2.8685495674116996E-06,0.0024274090261150413,8115.11,9969.82,16379.3,685402,0,0,0,5.456
648000,1208.0800388086839,5339,4,5512,173,5250,BlackHole,800033,8.40193E-05,205,7608,96,10717,17739,6637,9.28675E-05,0.250378,0.00613413,0.365229,0,0.360441,0.0170601,3539,-2.845504903080628E-06,-2.8676487553293567E-06,0.0024274090261150413,7421.54,8962.06,16215.1,681482,0,0,0,5.446
649000,1209.944083701411,5338,4,5512,174,5250,BlackHole,800033,8.40193E-05,205,7608,96,10718,17739,6638,9.28675E-05,0.250378,0.00613413,0.365252,0,0.360417,0.0170601,3538,-2.8460610660877015E-06,-2.8682049183364302E-06,0.0024274090261150413,7580.54,10446.5,15964.9,681682,0,0,0,5.469
650000,1211.8081285941382,5337,4,5512,175,5250,BlackHole,800033,8.40193E-05,205,7608,96,10719,17739,6639,9.28675E-05,0.250378,0.00613413,0.365991,0,0.359678,0.0170601,3537,-2.843533264465272E-06,-2.865677116714001E-06,0.0024274090261150413,8393.22,10266.9,15754.2,679140,0,0,0,5.441
651000,1213.6721734868654,5334,4,5512,178,5250,BlackHole,800033,8.40193E-05,205,7610,96,10720,17739,6640,9.28675E-05,0.25072,0.00613413,0.366086,0,0.359241,0.0170601,3534,-2.8406905388559657E-06,-2.8628343911046944E-06,0.0024274090261150413,8139.65,9283.63,15796.3,679249,0,0,0,5.430
652000,1215.5362183795926,5334,4,5512,178,5250,BlackHole,800033,8.40193E-05,205,7610,96,10720,17739,6640,9.28675E-05,0.25072,0.00613413,0.366086,0,0.359241,0.0170601,3534,-2.839902077723012E-06,-2.8620459299717407E-06,0.0024274090261150413,8413.39,8608.29,15827.1,679042,0,0,0,5.448
653000,1217.4002632723198,5333,4,5512,179,5250,BlackHole,800033,8.40193E-05,205,7610,96,10721,17739,6641,9.28675E-05,0.25072,0.00613413,0.366821,0,0.358507,0.0170601,3533,-2.83213326743499E-06,-2.8542771196837187E-06,0.0024274090261150413,7509.82,10709.9,15954.8,676168,0,0,0,5.435
654000,1219.264308165047,5458,4,5512,54,5250,BlackHole,800033,8.40193E-05,205,7610,96,10724,17867,6642,9.28675E-05,0.25072,0.00613413,0.367305,0,0.358023,0.0170601,3658,-2.8275810321028167E-06,-2.8497248843515454E-06,0.0024274090261150413,7488.5,9545.1,15691.1,498959,0,0,0,5.525
655000,1221.1283530577741,5457,4,5512,55,5250,BlackHole,800033,8.40193E-05,205,7610,96,10725,17867,6643,9.28675E-05,0.25072,0.00613413,0.367586,0,0.357741,0.0170601,3657,-2.826477978575074E-06,-2.8486218308238026E-06,0.0024274090261150413,8303.91,8314.3,15694.2,497894,0,0,0,5.594
656000,1222.9923979505013,5455,4,5512,57,5250,BlackHole,800033,8.40193E-05,205,7611,96,10726,17867,6644,9.28675E-05,0.251399,0.00613413,0.367704,0,0.356944,0.0170601,3655,-2.820951183600525E-06,-2.8430950358492537E-06,0.0024274090261150413,8074.51,11412.2,16024.8,497347,0,0,0,5.599
657000,1224.8564428432285,5455,4,5512,57,5250,BlackHole,800033,8.40193E-05,205,7611,96,10726,17867,6644,9.28675E-05,0.251399,0.00613413,0.367704,0,0.356944,0.0170601,3655,-2.8236587834471972E-06,-2.845802635695926E-06,0.0024274090261150413,8350.14,9778.84,16155.7,495003,0,0,0,5.595
658000,1226.7204877359557,5454,4,5512,58,5250,BlackHole,800033,8.40193E-05,205,7611,96,10727,17867,6645,9.28675E-05,0.251399,0.00613413,0.367724,0,0.356924,0.0170601,3654,-2.823153763668204E-06,-2.8452976159169327E-06,0.0024274090261150413,7697.59,8653.07,16546.4,494565,0,0,0,5.533
659000,1228.5845326286828,5452,4,5512,60,5250,BlackHole,800033,8.40193E-05,205,7612,96,10728,17867,6646,9.28675E-05,0.251399,0.00613413,0.367728,0,0.35692,0.0170601,3620,-2.8238320620668343E-06,-2.845975914315563E-06,0.0024274090261150413,7420.27,11190.2,16550.5,492717,0,0,0,5.479
660000,1230.44857752141,5450,4,5512,62,5250,BlackHole,800033,8.40193E-05,205,7613,96,10729,17867,6647,9.28675E-05,0.251778,0.00613413,0.368085,0,0.356184,0.0170601,3650,-2.8198666890961536E-06,-2.8420105413448822E-06,0.0024274090261150413,8142.93,10020.7,15705.4,490163,0,0,0,5.551
661000,1232.3126224141372,5448,4,5512,64,5250,BlackHole,800033,8.40193E-05,205,7614,96,10730,17867,6648,9.28675E-05,0.251823,0.00613413,0.368715,0,0.355509,0.0170601,3648,-2.813242339244359E-06,-2.8353861914930875E-06,0.0024274090261150413,8005.08,9029.23,15410.6,481426,0,0,0,5.597
662000,1234.1766673068644,5448,4,5512,64,5250,BlackHole,800033,8.40193E-05,205,7614,96,10730,17867,6648,9.28675E-05,0.251823,0.00613413,0.368715,0,0.355509,0.0170601,3648,-2.8132540033754778E-06,-2.8353978556242065E-06,0.0024274090261150413,8268.71,9998.11,15580,480453,0,0,0,5.570
663000,1236.0407121995916,5448,4,5512,64,5250,BlackHole,800033,8.40193E-05,205,7614,96,10730,17867,6648,9.28675E-05,0.251823,0.00613413,0.368715,0,0.355509,0.0170601,3648,-2.8122499426212127E-06,-2.8343937948699414E-06,0.0024274090261150413,7974.78,10337.7,15702.5,480142,0,0,0,5.534
664000,1237.9047570923187,5448,4,5512,64,5250,BlackHole,800033,8.40193E-05,205,7614,96,10730,17867,6648,9.28675E-05,0.251823,0.00613413,0.368715,0,0.355509,0.0170601,3648,-2.8151258133797993E-06,-2.837269665628528E-06,0.0024274090261150413,7401.98,9337.19,15764.8,478950,0,0,0,5.568
665000,1239.768801985046,5448,4,5512,64,5250,BlackHole,800033,8.40193E-05,205,7614,96,10730,17867,6648,9.28675E-05,0.251823,0.00613413,0.368715,0,0.355509,0.0170601,3648,-2.8146551194135607E-06,-2.8367989716622894E-06,0.0024274090261150413,8409.38,8447.06,15803.5,478455,0,0,0,5.568
666000,1241.632846877773,5448,4,5512,64,5250,BlackHole,800033,8.40193E-05,205,7614,96,10730,17867,6648,9.28675E-05,0.251823,0.00613413,0.368715,0,0.355509,0.0170601,3648,-2.814649323325112E-06,-2.8367931755738407E-06,0.0024274090261150413,7921.5,10828.8,16040.5,477865,0,0,0,5.585
667000,1243.4968917705003,5448,4,5512,64,5250,BlackHole,800033,8.40193E-05,205,7614,96,10730,17867,6648,9.28675E-05,0.251823,0.00613413,0.368715,0,0.355509,0.0170601,3648,-2.8144027387177665E-06,-2.836546590966495E-06,0.0024274090261150413,8176.01,9586.19,16448.6,476436,0,0,0,5.588
668000,1245.3609366632274,5448,4,5512,64,5250,BlackHole,800033,8.40193E-05,205,7614,96,10730,17867,6648,9.28675E-05,0.251823,0.00613413,0.368715,0,0.355509,0.0170601,3648,-2.8142910371673943E-06,-2.836434889416123E-06,0.0024274090261150413,8307.35,8359.75,16670.1,476454,0,0,0,5.563
669000,1247.2249815559546,5432,4,5512,80,5250,BlackHole,800033,8.40193E-05,205,7614,96,10746,17867,6664,9.28675E-05,0.251823,0.00613447,0.368715,0,0.355509,0.0170601,3632,-2.814614488869564E-06,-2.836758341118293E-06,0.0024274090261150413,7461.87,11327.3,15942.1,491127,0,0,0,5.561
670000,1249.0890264486818,5431,4,5512,81,5250,BlackHole,800033,8.40193E-05,205,7614,96,10747,17867,6665,9.28675E-05,0.251823,0.00613447,0.36872,0,0.355504,0.0170601,3631,-2.813710983215297E-06,-2.835854835464026E-06,0.0024274090261150413,8764.23,9819.04,16029.8,491174,0,0,0,5.559
671000,1250.953071341409,5431,4,5512,81,5250,BlackHole,800033,8.40193E-05,205,7614,96,10747,17867,6665,9.28675E-05,0.251823,0.00613447,0.36872,0,0.355504,0.0170601,3631,-2.814750400624321E-06,-2.8368942528730498E-06,0.0024274090261150413,7828.04,8728.74,16235,491927,0,0,0,5.552
672000,1252.8171162341362,5429,4,5512,83,5250,BlackHole,800033,8.40193E-05,205,7616,96,10747,17867,6665,9.28675E-05,0.251902,0.00613447,0.36872,0,0.355425,0.0170601,3629,-2.814127992564637E-06,-2.8362718448133657E-06,0.0024274090261150413,8091.73,11311.6,16898.4,492092,0,0,0,5.578
673000,1254.6811611268633,5429,4,5512,83,5250,BlackHole,800033,8.40193E-05,205,7616,96,10747,17867,6665,9.28675E-05,0.251902,0.00613447,0.36872,0,0.355425,0.0170601,3629,-2.812994030249492E-06,-2.8351378824982207E-06,0.0024274090261150413,8712.21,10071.5,16667,492516,0,0,0,5.577
674000,1256.5452060195905,5428,4,5512,84,5250,BlackHole,800033,8.40193E-05,205,7616,96,10748,17867,6666,9.28675E-05,0.251902,0.00613447,0.368899,0,0.355245,0.0170601,3628,-2.8117379830414766E-06,-2.8338818352902053E-06,0.0024274090261150413,7660.24,9093.4,16709.8,492732,0,0,0,5.557
675000,1258.4092509123177,5428,4,5512,84,5250,BlackHole,800033,8.40193E-05,205,7616,96,10748,17867,6666,9.28675E-05,0.251902,0.00613447,0.368899,0,0.355245,0.0170601,3628,-2.811231975632019E-06,-2.8333758278807478E-06,0.0024274090261150413,8229.84,9592.97,15776.5,493096,0,0,0,5.566
676000,1260.2732958050449,5428,4,5512,84,5250,BlackHole,800033,8.40193E-05,205,7616,96,10748,17867,6666,9.28675E-05,0.251902,0.00613447,0.368899,0,0.355245,0.0170601,3628,-2.811118476184324E-06,-2.8332623284330526E-06,0.0024274090261150413,7740.34,10413.5,15656.7,493394,0,0,0,5.496
677000,1262.137340697772,5427,4,5512,85,5250,BlackHole,800033,8.40193E-05,205,7617,96,10748,17867,6666,9.28675E-05,0.251906,0.00613447,0.368899,0,0.355242,0.0170601,3627,-2.81090624833819E-06,-2.8330501005869187E-06,0.0024274090261150413,8005.42,9383.76,16661.3,493881,0,0,0,5.559
678000,1264.0013855904992,5426,4,5512,86,5250,BlackHole,800033,8.40193E-05,205,7617,96,10749,17867,6667,9.28675E-05,0.251906,0.00613447,0.369001,0,0.35514,0.0170601,3626,-2.811716129721952E-06,-2.8338599819706808E-06,0.0024274090261150413,8324.97,8346.21,16353.1,494433,0,0,0,5.567
679000,1265.8654304832264,5425,4,5512,87,5250,BlackHole,800033,8.40193E-05,205,7617,96,10750,17867,6668,9.28675E-05,0.251906,0.00613447,0.369475,0,0.354666,0.0170601,3625,-2.8088068222551455E-06,-2.830950674503874E-06,0.0024274090261150413,8005.82,10951.7,16580.5,495144,0,0,0,5.552
680000,1267.7294753759536,5424,4,5512,88,5250,BlackHole,800033,8.40193E-05,205,7617,96,10751,17867,6669,9.28675E-05,0.251906,0.00613447,0.369704,0,0.354437,0.0170601,3624,-2.8067881563672796E-06,-2.8289320086160083E-06,0.0024274090261150413,8660.45,9634.84,15883,495176,0,0,0,5.469
681000,1269.5935202686808,5423,4,5512,89,5250,BlackHole,800033,8.40193E-05,205,7617,96,10752,17867,6670,9.28675E-05,0.251906,0.00613447,0.369708,0,0.354432,0.0170601,3623,-2.8069132852603957E-06,-2.8290571375091244E-06,0.0024274090261150413,7663.41,8418.98,15952.4,495742,0,0,0,5.493
682000,1271.457565161408,5389,4,5512,123,5250,BlackHole,800033,8.40193E-05,205,7649,96,10754,17867,6672,9.28675E-05,0.251906,0.00613447,0.369801,0,0.35434,0.0170601,3589,-2.8063687604424147E-06,-2.8285126126911434E-06,0.0024274090261150413,7897.84,11345.8,15913,496279,0,0,0,5.525
683000,1273.3216100541351,5388,4,5512,124,5250,BlackHole,800033,8.40193E-05,205,7649,96,10755,17867,6673,9.28675E-05,0.251906,0.00613447,0.369808,0,0.354332,0.0170601,3588,-2.806521922444297E-06,-2.8286657746930257E-06,0.0024274090261150413,8822.08,9859.24,16044.7,496262,0,0,0,5.529
684000,1275.1856549468623,5387,4,5512,125,5250,BlackHole,800033,8.40193E-05,205,7649,96,10756,17867,6674,9.28675E-05,0.251906,0.00613447,0.370127,0,0.354014,0.0170601,3587,-2.804917386815336E-06,-2.8270612390640646E-06,0.0024274090261150413,8442.56,8802.79,16420.7,497708,0,0,0,5.500
685000,1277.0496998395895,5386,4,5512,126,5250,BlackHole,800033,8.40193E-05,205,7650,96,10756,17867,6674,9.28675E-05,0.25191,0.00613447,0.370127,0,0.35401,0.0170601,3586,-2.805114538530543E-06,-2.8272583907792716E-06,0.0024274090261150413,8221.19,11255.6,16331.7,497449,0,0,0,5.450
686000,1278.9137447323167,5386,4,5512,126,5250,BlackHole,800033,8.40193E-05,205,7650,96,10756,17867,6674,9.28675E-05,0.25191,0.00613447,0.370127,0,0.35401,0.0170601,3586,-2.8040639970697033E-06,-2.826207849318432E-06,0.0024274090261150413,7589.93,10121.9,17085.1,498487,0,0,0,5.491
687000,1280.7777896250439,5385,4,5512,127,5250,BlackHole,800033,8.40193E-05,205,7651,96,10756,17867,6674,9.28675E-05,0.252062,0.00613447,0.370127,0,0.353859,0.0170601,3585,-2.8036224679075352E-06,-2.825766320156264E-06,0.0024274090261150413,7781.12,9154.9,16049.8,498265,0,0,0,5.516
688000,1282.641834517771,5385,4,5512,127,5250,BlackHole,800033,8.40193E-05,205,7651,96,10756,17867,6674,9.28675E-05,0.252062,0.00613447,0.370127,0,0.353859,0.0170601,3585,-2.803080794171123E-06,-2.8252246464198517E-06,0.0024274090261150413,8197.82,9216.11,15900.3,498458,0,0,0,5.521
689000,1284.5058794104982,5379,4,5512,133,5250,BlackHole,800033,8.40193E-05,205,7656,96,10757,17867,6675,9.28675E-05,0.252069,0.00613447,0.370146,0,0.353832,0.0170601,3579,-2.8032557643979703E-06,-2.825399616646699E-06,0.0024274090261150413,8320.16,10495.5,16217.9,498239,0,0,0,5.516
690000,1286.3699243032254,5362,4,5512,150,5250,BlackHole,800033,8.40193E-05,205,7673,96,10757,17867,6675,9.28675E-05,0.252085,0.00613447,0.370146,0,0.353817,0.0170601,3562,-2.8034240523081422E-06,-2.825567904556871E-06,0.0024274090261150413,8553.38,9438.63,16201.6,497799,0,0,0,5.496
691000,1288.2339691959526,5362,4,5512,150,5250,BlackHole,800033,8.40193E-05,205,7673,96,10757,17867,6675,9.28675E-05,0.252085,0.00613447,0.370146,0,0.353817,0.0170601,3562,-2.804908047782556E-06,-2.8270519000312847E-06,0.0024274090261150413,7515.77,8295.95,15878.4,496245,0,0,0,5.476
692000,1290.0980140886797,5362,4,5512,150,5250,BlackHole,800033,8.40193E-05,205,7673,96,10757,17867,6675,9.28675E-05,0.252085,0.00613447,0.370146,0,0.353817,0.0170601,3552,-2.804466776425943E-06,-2.8266106286746717E-06,0.0024274090261150413,7679.74,11103.1,16443.2,504789,0,0,0,5.481
693000,1291.962058981407,5287,4,5512,225,5250,BlackHole,800033,8.40193E-05,205,7748,96,10757,17867,6675,9.28675E-05,0.252085,0.00613447,0.370146,0,0.353817,0.0170601,3477,-2.8052111127487127E-06,-2.8273549649974414E-06,0.0024274090261150413,8932.18,9674.92,15977.4,676460,0,0,0,5.469
694000,1293.826103874134,5281,4,5512,231,5250,BlackHole,800033,8.40193E-05,205,7753,96,10758,17867,6676,9.28675E-05,0.252085,0.00613447,0.37083,0,0.353132,0.0170601,3471,-2.8017005181069317E-06,-2.8238443703556604E-06,0.0024274090261150413,8378.77,8486.95,15893.2,683290,0,0,0,5.385
695000,1295.6901487668613,5279,4,5512,233,5250,BlackHole,800033,8.40193E-05,205,7754,96,10759,17867,6677,9.28675E-05,0.252327,0.00613447,0.371477,0,0.352243,0.0170601,3437,-2.796760733075195E-06,-2.818904585323924E-06,0.0024274090261150413,8481.67,11440.1,16287,738501,0,0,0,5.399
696000,1297.5541936595885,5279,4,5512,233,5250,BlackHole,800033,8.40193E-05,205,7754,96,10759,17867,6677,9.28675E-05,0.252327,0.00613447,0.371477,0,0.352243,0.0170601,3469,-2.7970339597177377E-06,-2.8191778119664664E-06,0.0024274090261150413,7450.47,9909.72,16412.9,678497,0,0,0,5.383
697000,1299.4182385523156,5276,4,5512,236,5250,BlackHole,800033,8.40193E-05,205,7754,96,10762,17867,6680,9.28675E-05,0.252327,0.00613447,0.371768,0,0.351952,0.0170601,3466,-2.7963334346807436E-06,-2.8184772869294723E-06,0.0024274090261150413,7586.88,8868.75,16131.7,677392,0,0,0,5.406
698000,1301.2822834450428,5274,4,5512,238,5250,BlackHole,800033,8.40193E-05,205,7755,96,10763,17867,6681,9.28675E-05,0.252377,0.00613447,0.371801,0,0.351868,0.0170601,3464,-2.7976392555572836E-06,-2.8197831078060123E-06,0.0024274090261150413,8785.14,11025.7,16687.9,677746,0,0,0,5.374
699000,1303.14632833777,5274,4,5512,238,5250,BlackHole,800033,8.40193E-05,205,7755,96,10763,17867,6681,9.28675E-05,0.252377,0.00613447,0.371801,0,0.351868,0.0170601,3464,-2.797175964362939E-06,-2.8193198166116676E-06,0.0024274090261150413,8111.47,10186.8,16572.9,675535,0,0,0,5.387
700000,1305.0103732304972,5274,4,5512,238,5250,BlackHole,800033,8.40193E-05,205,7755,96,10763,17867,6681,9.28675E-05,0.252377,0.00613447,0.371801,0,0.351868,0.0170601,3464,-2.7970947914842883E-06,-2.819238643733017E-06,0.0024274090261150413,8122.3,9208.53,17390.3,675801,0,0,0,5.421
701000,1306.8744181232244,5273,4,5512,239,5250,BlackHole,800033,8.40193E-05,205,7755,96,10764,17867,6682,9.28675E-05,0.252377,0.00613447,0.372174,0,0.351496,0.0170601,3463,-2.7930110464703284E-06,-2.815154898719057E-06,0.0024274090261150413,7409.36,8900.48,16772.5,672802,0,0,0,5.379
702000,1308.7384630159515,5272,4,5512,240,5250,BlackHole,800033,8.40193E-05,205,7755,96,10765,17867,6683,9.28675E-05,0.252377,0.00613447,0.372194,0,0.351476,0.0170601,3462,-2.7931119341582197E-06,-2.8152557864069484E-06,0.0024274090261150413,7494.33,10578.6,16844.4,673330,0,0,0,5.347
703000,1310.6025079086787,5271,4,5512,241,5250,BlackHole,800033,8.40193E-05,205,7755,96,10766,17867,6684,9.28675E-05,0.252377,0.00613447,0.372862,0,0.350807,0.0170601,3461,-2.787266859042523E-06,-2.8094107112912516E-06,0.0024274090261150413,8418.67,9482.4,16814.4,671361,0,0,0,5.365
704000,1312.466552801406,5271,4,5512,241,5250,BlackHole,800033,8.40193E-05,205,7755,96,10766,17867,6684,9.28675E-05,0.252377,0.00613447,0.372862,0,0.350807,0.0170601,3461,-2.786512870149153E-06,-2.8086567223978817E-06,0.0024274090261150413,8254.52,8285.8,16941.2,671147,0,0,0,5.381
705000,1314.330597694133,5271,4,5512,241,5250,BlackHole,800033,8.40193E-05,205,7755,96,10766,17867,6684,9.28675E-05,0.252377,0.00613447,0.372862,0,0.350807,0.0170601,3461,-2.7880152723939768E-06,-2.8101591246427055E-06,0.0024274090261150413,8354.84,11266.2,17023.3,671481,0,0,0,5.427
706000,1316.1946425868603,5266,4,5512,246,5250,BlackHole,800033,8.40193E-05,205,7759,96,10767,17867,6685,9.28675E-05,0.252377,0.00613447,0.373524,0,0.350146,0.0170601,3456,-2.784174504190457E-06,-2.8063183564391855E-06,0.0024274090261150413,7403.13,9719.43,16459.1,660778,0,0,0,5.369
707000,1318.0586874795874,5265,4,5512,247,5250,BlackHole,800033,8.40193E-05,205,7759,96,10768,17867,6686,9.28675E-05,0.252377,0.00613447,0.373692,0,0.349977,0.0170601,3455,-2.7833219070776624E-06,-2.805465759326391E-06,0.0024274090261150413,7423.53,8560.74,17139.2,645993,0,0,0,5.307
708000,1319.9227323723146,5265,4,5512,247,5250,BlackHole,800033,8.40193E-05,205,7759,96,10768,17867,6686,9.28675E-05,0.252377,0.00613447,0.373692,0,0.349977,0.0170601,3455,-2.783223685778256E-06,-2.805367538026985E-06,0.0024274090261150413,8868.87,11437.2,17127.8,646464,0,0,0,5.339
709000,1321.7867772650418,5264,4,5512,248,5250,BlackHole,800033,8.40193E-05,205,7759,96,10769,17867,6687,9.28675E-05,0.252377,0.00613447,0.373767,0,0.349903,0.0170601,3454,-2.7829649327543346E-06,-2.8051087850030633E-06,0.0024274090261150413,8180.82,9958.47,17146.7,646317,0,0,0,5.399
710000,1323.650822157769,5264,4,5512,248,5250,BlackHole,800033,8.40193E-05,205,7759,96,10769,17867,6687,9.28675E-05,0.252377,0.00613447,0.373767,0,0.349903,0.0170601,3454,-2.782876841428266E-06,-2.8050206936769947E-06,0.0024274090261150413,8274.85,8939.94,17086.5,646900,0,0,0,5.395
711000,1325.5148670504962,5264,4,5512,248,5250,BlackHole,800033,8.40193E-05,205,7759,96,10769,17867,6687,9.28675E-05,0.252377,0.00613447,0.373767,0,0.349903,0.0170601,3454,-2.782029942097071E-06,-2.8041737943457997E-06,0.0024274090261150413,7447.09,10541.8,16902,646972,0,0,0,5.386
712000,1327.3789119432233,5263,4,5512,249,5250,BlackHole,800033,8.40193E-05,205,7759,96,10770,17867,6688,9.28675E-05,0.252377,0.00613447,0.373771,0,0.349899,0.0170601,3453,-2.7833262354006153E-06,-2.805470087649344E-06,0.0024274090261150413,7401.23,10251.2,16137.3,646856,0,0,0,5.376
713000,1329.2429568359505,5263,4,5512,249,5250,BlackHole,800033,8.40193E-05,205,7759,96,10770,17867,6688,9.28675E-05,0.252377,0.00613447,0.373771,0,0.349899,0.0170601,3453,-2.782934471456323E-06,-2.805078323705052E-06,0.0024274090261150413,8147.89,9265.87,16608.7,646962,0,0,0,5.376
714000,1331.1070017286777,5263,4,5512,249,5250,BlackHole,800033,8.40193E-05,205,7759,96,10770,17867,6688,9.28675E-05,0.252377,0.00613447,0.373771,0,0.349899,0.0170601,3453,-2.7827782318593045E-06,-2.8049220841080332E-06,0.0024274090261150413,8112.98,8654.32,17331.9,646700,0,0,0,5.427
715000,1332.9710466214049,5261,4,5512,251,5250,BlackHole,800033,8.40193E-05,205,7760,96,10771,17867,6689,9.28675E-05,0.252381,0.00613447,0.373891,0,0.349775,0.0170601,3451,-2.7820212046590467E-06,-2.8041650569077754E-06,0.0024274090261150413,8182.09,10681.7,16503,642066,0,0,0,5.406
716000,1334.835091514132,5260,4,5512,252,5250,BlackHole,800033,8.40193E-05,205,7760,96,10772,17867,6690,9.28675E-05,0.252381,0.00613447,0.373904,0,0.349761,0.0170601,3450,-2.781639995206909E-06,-2.8037838474556378E-06,0.0024274090261150413,7573.04,9529.76,16814.8,641697,0,0,0,5.409
717000,1336.6991364068592,5259,4,5512,253,5250,BlackHole,800033,8.40193E-05,205,7760,96,10773,17867,6691,9.28675E-05,0.252381,0.00613447,0.373934,0,0.349732,0.0170601,3449,-2.781111992054978E-06,-2.803255844303707E-06,0.0024274090261150413,7454.23,8306.78,16198.1,636851,0,0,0,5.435
718000,1338.5631812995864,5258,4,5512,254,5250,BlackHole,800033,8.40193E-05,205,7760,96,10774,17867,6692,9.28675E-05,0.252381,0.00613447,0.374125,0,0.349541,0.0170601,3448,-2.7782278353036946E-06,-2.8003716875524232E-06,0.0024274090261150413,8778.62,11391.8,16022.6,637129,0,0,0,5.393
719000,1340.4272261923136,5256,4,5512,256,5250,BlackHole,800033,8.40193E-05,205,7761,96,10775,17867,6693,9.28675E-05,0.252592,0.00613447,0.374737,0,0.348718,0.0170601,3446,-2.775205283295434E-06,-2.7973491355441627E-06,0.0024274090261150413,8047.61,9764.76,15900.4,634355,0,0,0,5.436
720000,1342.2912710850408,5252,4,5512,260,5250,BlackHole,800033,8.40193E-05,205,7763,96,10777,17867,6695,9.28675E-05,0.252596,0.00613447,0.374769,0,0.348681,0.0170601,3442,-2.774487228984039E-06,-2.7966310812327676E-06,0.0024274090261150413,8097.22,8636.68,15796.3,628956,0,0,0,5.408
721000,1344.155315977768,5251,4,5512,261,5250,BlackHole,800033,8.40193E-05,205,7764,96,10777,17867,6695,9.28675E-05,0.252601,0.00613447,0.374769,0,0.348676,0.0170601,3441,-2.774470834576127E-06,-2.7966146868248557E-06,0.0024274090261150413,7801.52,11268.8,15827,628464,0,0,0,5.407
722000,1346.0193608704951,5249,4,5512,263,5250,BlackHole,800033,8.40193E-05,205,7765,96,10778,17867,6696,9.28675E-05,0.252638,0.00613447,0.374874,0,0.348535,0.0170601,3439,-2.773578185576008E-06,-2.795722037824737E-06,0.0024274090261150413,7641.54,10008.9,15594.2,622545,0,0,0,5.436
723000,1347.8834057632223,5248,4,5512,264,5250,BlackHole,800033,8.40193E-05,205,7765,96,10779,17867,6697,9.28675E-05,0.252638,0.00613447,0.374941,0,0.348468,0.0170601,3438,-2.772976372103164E-06,-2.795120224351893E-06,0.0024274090261150413,8716.8,9015.34,15425.8,620420,0,0,0,5.395
724000,1349.7474506559495,5245,4,5512,267,5250,BlackHole,800033,8.40193E-05,205,7767,96,10780,17867,6698,9.28675E-05,0.253312,0.00613447,0.375149,0,0.347586,0.0170601,3435,-2.7675394614852123E-06,-2.789683313733941E-06,0.0024274090261150413,7973.12,10092.3,15674.2,616238,0,0,0,5.360
725000,1351.6114955486767,5245,4,5512,267,5250,BlackHole,800033,8.40193E-05,205,7767,96,10780,17867,6698,9.28675E-05,0.253312,0.00613447,0.375149,0,0.347586,0.0170601,3435,-2.7682832812549083E-06,-2.790427133503637E-06,0.0024274090261150413,8011.81,10320.8,16005,616205,0,0,0,5.392
726000,1353.4755404414038,5245,4,5512,267,5250,BlackHole,800033,8.40193E-05,205,7767,96,10780,17867,6698,9.28675E-05,0.253312,0.00613447,0.375149,0,0.347586,0.0170601,3435,-2.7693329350915004E-06,-2.791476787340229E-06,0.0024274090261150413,8103.41,9326.12,15796.6,615818,0,0,0,5.415
727000,1355.339585334131,5243,4,5512,269,5250,BlackHole,800033,8.40193E-05,205,7767,96,10782,17867,6700,9.28675E-05,0.253312,0.00613447,0.3757,0,0.347035,0.0170601,3433,-2.7660667440987553E-06,-2.788210596347484E-06,0.0024274090261150413,7979.36,8477.13,15922.6,609622,0,0,0,5.428
728000,1357.2036302268582,5241,4,5512,271,5250,BlackHole,800033,8.40193E-05,205,7767,96,10784,17867,6702,9.28675E-05,0.253312,0.00613447,0.376821,0,0.345914,0.0170601,3431,-2.7609722598724966E-06,-2.7831161121212253E-06,0.0024274090261150413,8251.58,10789.4,16341.3,605404,0,0,0,5.370
729000,1359.0676751195854,5241,4,5512,271,5250,BlackHole,800033,8.40193E-05,205,7767,96,10784,17867,6702,9.28675E-05,0.253312,0.00613447,0.376821,0,0.345914,0.0170601,3431,-2.7610803109849456E-06,-2.7832241632336743E-06,0.0024274090261150413,7883.96,9576.16,14707.7,604567,0,0,0,5.342
730000,1360.9317200123126,5176,4,5512,336,5250,BlackHole,800033,8.40193E-05,205,7831,96,10785,17867,6703,9.28675E-05,0.253312,0.00613447,0.377394,0,0.345341,0.0170601,3366,-2.758009731228337E-06,-2.780153583477066E-06,0.0024274090261150413,7905.75,8348.6,16141.2,729731,0,0,0,5.360
731000,1362.7957649050397,5175,4,5512,337,5250,BlackHole,800033,8.40193E-05,205,7832,96,10785,17867,6703,9.28675E-05,0.253316,0.00613447,0.377394,0,0.345336,0.0170601,3365,-2.757171890361582E-06,-2.779315742610311E-06,0.0024274090261150413,8459.63,11705.4,16141.3,729770,0,0,0,5.332
732000,1364.659809797767,5175,4,5512,337,5250,BlackHole,800033,8.40193E-05,205,7832,96,10785,17867,6703,9.28675E-05,0.253316,0.00613447,0.377394,0,0.345336,0.0170601,3365,-2.760149760710877E-06,-2.782293612959606E-06,0.0024274090261150413,8409.74,9803.96,17015.9,729364,0,0,0,5.304
733000,1366.523854690494,5172,4,5512,340,5250,BlackHole,800033,8.40193E-05,205,7833,96,10787,17867,6705,9.28675E-05,0.253903,0.00613447,0.37819,0,0.343954,0.0170601,3362,-2.753213371856642E-06,-2.775357224105371E-06,0.0024274090261150413,8616.89,8712.5,16544.5,728504,0,0,0,5.303
734000,1368.3878995832213,5172,4,5512,340,5250,BlackHole,800033,8.40193E-05,205,7833,96,10787,17867,6705,9.28675E-05,0.253903,0.00613447,0.37819,0,0.343954,0.0170601,3362,-2.75365482875691E-06,-2.7757986810056386E-06,0.0024274090261150413,7791.12,11214.5,16257.4,727151,0,0,0,5.339
735000,1370.2519444759484,5167,4,5512,345,5250,BlackHole,800033,8.40193E-05,205,7838,96,10787,17867,6705,9.28675E-05,0.253916,0.00613447,0.37819,0,0.343941,0.0170601,3357,-2.753537917409797E-06,-2.7756817696585255E-06,0.0024274090261150413,7788.64,10055,16242.5,731048,0,0,0,5.291
736000,1372.1159893686756,5164,4,5512,348,5250,BlackHole,800033,8.40193E-05,205,7838,96,10790,17867,6708,9.28675E-05,0.253916,0.00613447,0.379226,0,0.342905,0.0170601,3354,-2.7471977182653345E-06,-2.769341570514063E-06,0.0024274090261150413,8722.13,9073.26,15598.3,727957,0,0,0,5.328
737000,1373.9800342614028,5160,4,5512,352,5250,BlackHole,800033,8.40193E-05,205,7839,96,10793,17867,6711,9.28675E-05,0.253921,0.00613447,0.380197,0,0.34193,0.0170601,3350,-2.740449612442514E-06,-2.762593464691243E-06,0.0024274090261150413,8567.87,9644.35,15608.8,723637,0,0,0,5.296
738000,1375.84407915413,5160,4,5512,352,5250,BlackHole,800033,8.40193E-05,205,7839,96,10793,17867,6711,9.28675E-05,0.253921,0.00613447,0.380197,0,0.34193,0.0170601,3350,-2.7396495029284707E-06,-2.7617933551771994E-06,0.0024274090261150413,8116.73,10387.1,15633.9,722926,0,0,0,5.288
739000,1377.7081240468572,5159,4,5512,353,5250,BlackHole,800033,8.40193E-05,205,7839,96,10794,17867,6712,9.28675E-05,0.253921,0.00613447,0.38022,0,0.341906,0.0170601,3349,-2.7413832399849227E-06,-2.7635270922336514E-06,0.0024274090261150413,7708.17,9372.16,15544.4,721913,0,0,0,5.319
740000,1379.5721689395843,5158,4,5512,354,5250,BlackHole,800033,8.40193E-05,205,7839,96,10795,17867,6713,9.28675E-05,0.253921,0.00613447,0.380305,0,0.341821,0.0170601,3348,-2.7398134590114326E-06,-2.7619573112601613E-06,0.0024274090261150413,7686.12,8363.55,15347.5,721773,0,0,0,5.280
741000,1381.4362138323115,5158,4,5512,354,5250,BlackHole,800033,8.40193E-05,205,7839,96,10795,17867,6713,9.28675E-05,0.253921,0.00613447,0.380305,0,0.341821,0.0170601,3348,-2.7393466516414696E-06,-2.7614905038901983E-06,0.0024274090261150413,8411.67,10928.9,15396.9,721092,0,0,0,5.291
742000,1383.3002587250387,5158,4,5512,354,5250,BlackHole,800033,8.40193E-05,205,7839,96,10795,17867,6713,9.28675E-05,0.253921,0.00613447,0.380305,0,0.341821,0.0170601,3348,-2.7392447209308807E-06,-2.7613885731796094E-06,0.0024274090261150413,8344.82,9620.5,15302.7,720723,0,0,0,5.298
743000,1385.1643036177659,5158,4,5512,354,5250,BlackHole,800033,8.40193E-05,205,7839,96,10795,17867,6713,9.28675E-05,0.253921,0.00613447,0.380305,0,0.341821,0.0170601,3348,-2.7392425299622396E-06,-2.7613863822109683E-06,0.0024274090261150413,8382.33,8405.27,15133.5,720637,0,0,0,5.294
744000,1387.028348510493,5158,4,5512,354,5250,BlackHole,800033,8.40193E-05,205,7839,96,10795,17867,6713,9.28675E-05,0.253921,0.00613447,0.380305,0,0.341821,0.0170601,3348,-2.739508061108397E-06,-2.7616519133571257E-06,0.0024274090261150413,7633.71,11362.5,15341.8,719945,0,0,0,5.303
745000,1388.8923934032202,5140,4,5512,372,5250,BlackHole,800033,8.40193E-05,205,7856,96,10796,17867,6714,9.28675E-05,0.253924,0.00613447,0.380456,0,0.341666,0.0170601,3330,-2.7372873000104114E-06,-2.75943115225914E-06,0.0024274090261150413,7593.2,9853.06,15441.4,736760,0,0,0,5.256
746000,1390.7564382959474,5108,4,5512,404,5250,BlackHole,800033,8.40193E-05,205,7888,96,10796,17867,6714,9.28675E-05,0.253924,0.00613447,0.380456,0,0.341666,0.0170601,3298,-2.7387875026179844E-06,-2.760931354866713E-06,0.0024274090261150413,8758.83,8787.25,15724,792119,0,0,0,5.162
747000,1392.6204831886746,5106,4,5512,406,5250,BlackHole,800033,8.40193E-05,205,7889,96,10797,17867,6715,9.28675E-05,0.253928,0.00613447,0.380924,0,0.341195,0.0170601,3296,-2.7358213735924314E-06,-2.75796522584116E-06,0.0024274090261150413,8456.61,11294.9,15777.3,790688,0,0,0,5.198
748000,1394.4845280814018,5106,4,5512,406,5250,BlackHole,800033,8.40193E-05,205,7889,96,10797,17867,6715,9.28675E-05,0.253928,0.00613447,0.380924,0,0.341195,0.0170601,3296,-2.7344051949992274E-06,-2.756549047247956E-06,0.0024274090261150413,8421.53,10114.5,15810.1,790488,0,0,0,5.235
749000,1396.348572974129,5105,4,5512,407,5250,BlackHole,800033,8.40193E-05,205,7890,96,10797,17867,6715,9.28675E-05,0.253991,0.00613447,0.380924,0,0.341133,0.0170601,3295,-2.732511118005318E-06,-2.7546549702540468E-06,0.0024274090261150413,7559.75,9135.12,15838.7,789735,0,0,0,5.219
750000,1398.2126178668561,5104,4,5512,408,5250,BlackHole,800033,8.40193E-05,205,7890,96,10798,17867,6716,9.28675E-05,0.253991,0.00613447,0.381654,0,0.340403,0.0170601,3294,-2.7297130852977806E-06,-2.7518569375465093E-06,0.0024274090261150413,7500.26,9253.39,15869.4,793211,0,0,0,5.208
751000,1400.0766627595833,5104,4,5512,408,5250,BlackHole,800033,8.40193E-05,205,7890,96,10798,17867,6716,9.28675E-05,0.253991,0.00613447,0.381654,0,0.340403,0.0170601,3294,-2.729222804721644E-06,-2.7513666569703726E-06,0.0024274090261150413,8822.38,10465.6,15905.2,793508,0,0,0,5.193
752000,1401.9407076523105,5103,4,5512,409,5250,BlackHole,800033,8.40193E-05,205,7891,96,10798,17867,6716,9.28675E-05,0.253994,0.00613447,0.381654,0,0.340399,0.0170601,3293,-2.728206693240313E-06,-2.7503505454890417E-06,0.0024274090261150413,8199.37,9421.78,15955.8,786538,0,0,0,5.199
753000,1403.8047525450377,5103,4,5512,409,5250,BlackHole,800033,8.40193E-05,205,7891,96,10798,17867,6716,9.28675E-05,0.253994,0.00613447,0.381654,0,0.340399,0.0170601,3293,-2.730039487031294E-06,-2.7521833392800226E-06,0.0024274090261150413,8132.12,8299.32,15569.5,788073,0,0,0,5.252
754000,1405.6687974377649,5055,4,5512,457,5250,BlackHole,800033,8.40193E-05,205,7939,96,10798,17867,6716,9.28675E-05,0.254,0.00613447,0.381654,0,0.340393,0.0170601,3245,-2.729249290712802E-06,-2.7513931429615306E-06,0.0024274090261150413,7487.32,11060.3,16312.4,845949,0,0,0,5.212
755000,1407.532842330492,5053,4,5512,459,5250,BlackHole,800033,8.40193E-05,205,7940,96,10799,17867,6717,9.28675E-05,0.254109,0.00613447,0.381666,0,0.340272,0.0170601,3243,-2.728565492786258E-06,-2.750709345034987E-06,0.0024274090261150413,7427.01,9664.42,16252.1,846635,0,0,0,5.153
756000,1409.3968872232192,5052,4,5512,460,5250,BlackHole,800033,8.40193E-05,205,7940,96,10800,17867,6718,9.28675E-05,0.254109,0.00613447,0.382131,0,0.339806,0.0170601,3242,-2.726382114695366E-06,-2.748525966944095E-06,0.0024274090261150413,8444.23,8464.04,15493.8,845328,0,0,0,5.167
757000,1411.2609321159464,5051,4,5512,461,5250,BlackHole,800033,8.40193E-05,205,7940,96,10801,17867,6719,9.28675E-05,0.254109,0.00613447,0.382139,0,0.339798,0.0170601,3241,-2.7260204229481755E-06,-2.748164275196904E-06,0.0024274090261150413,8357.78,11256.5,15693.7,843777,0,0,0,5.150
758000,1413.1249770086736,5050,4,5512,462,5250,BlackHole,800033,8.40193E-05,205,7940,96,10802,17867,6720,9.28675E-05,0.254109,0.00613447,0.382668,0,0.33927,0.0170601,3240,-2.7238328169785896E-06,-2.7459766692273182E-06,0.0024274090261150413,8280.93,9893.77,15772.6,843830,0,0,0,5.166
759000,1414.9890219014007,5049,4,5512,463,5250,BlackHole,800033,8.40193E-05,205,7940,96,10803,17867,6721,9.28675E-05,0.254109,0.00613447,0.38283,0,0.339108,0.0170601,3239,-2.7224072076578926E-06,-2.7445510599066213E-06,0.0024274090261150413,7430.19,8852.33,15936.6,840937,0,0,0,5.167
760000,1416.853066794128,5046,4,5512,466,5250,BlackHole,800033,8.40193E-05,205,7942,96,10804,17867,6722,9.28675E-05,0.254109,0.00613447,0.382838,0,0.3391,0.0170601,3236,-2.7232902189848864E-06,-2.745434071233615E-06,0.0024274090261150413,7400.8,11098.1,15881.1,844517,0,0,0,5.155
761000,1418.717111686855,5046,4,5512,466,5250,BlackHole,800033,8.40193E-05,205,7942,96,10804,17867,6722,9.28675E-05,0.254109,0.00613447,0.382838,0,0.3391,0.0170601,3236,-2.723730347959704E-06,-2.7458742002084326E-06,0.0024274090261150413,8831.52,10172.4,16057,844321,0,0,0,5.164
762000,1420.5811565795823,5045,4,5512,467,5250,BlackHole,800033,8.40193E-05,205,7943,96,10804,17867,6722,9.28675E-05,0.254114,0.00613447,0.382838,0,0.339095,0.0170601,3235,-2.7240296224559923E-06,-2.746173474704721E-06,0.0024274090261150413,8296.94,9195.22,16071.5,841298,0,0,0,5.135
763000,1422.4452014723095,5045,4,5512,467,5250,BlackHole,800033,8.40193E-05,205,7943,96,10804,17867,6722,9.28675E-05,0.254114,0.00613447,0.382838,0,0.339095,0.0170601,3235,-2.7247179393005E-06,-2.7468617915492288E-06,0.0024274090261150413,8111.19,8929.47,15872.1,841472,0,0,0,5.112
764000,1424.3092463650366,5045,4,5512,467,5250,BlackHole,800033,8.40193E-05,205,7943,96,10804,17867,6722,9.28675E-05,0.254114,0.00613447,0.382838,0,0.339095,0.0170601,3235,-2.7245428038129766E-06,-2.7466866560617053E-06,0.0024274090261150413,7402.07,10554.3,16058.1,842172,0,0,0,5.133
765000,1426.1732912577638,5043,4,5512,469,5250,BlackHole,800033,8.40193E-05,205,7943,96,10806,17867,6724,9.28675E-05,0.254114,0.00613447,0.382871,0,0.339062,0.0170601,3233,-2.7242868553580054E-06,-2.746430707606734E-06,0.0024274090261150413,7447.22,9470.92,16011,828571,0,0,0,5.185
766000,1428.037336150491,5043,4,5512,469,5250,BlackHole,800033,8.40193E-05,205,7943,96,10806,17867,6724,9.28675E-05,0.254114,0.00613447,0.382871,0,0.339062,0.0170601,3233,-2.7262520203926185E-06,-2.748395872641347E-06,0.0024274090261150413,8284.68,8285.72,15978.1,829017,0,0,0,5.156
767000,1429.9013810432182,5042,4,5512,470,5250,BlackHole,800033,8.40193E-05,205,7943,96,10807,17867,6725,9.28675E-05,0.254114,0.00613447,0.38333,0,0.338603,0.0170601,3232,-2.723234956217982E-06,-2.7453788084667107E-06,0.0024274090261150413,8191.45,11138.6,15989.2,828752,0,0,0,5.127
768000,1431.7654259359454,5039,4,5512,473,5250,BlackHole,800033,8.40193E-05,205,7943,96,10810,17867,6728,9.28675E-05,0.254114,0.00613447,0.38378,0,0.338153,0.0170601,3229,-2.719976947197448E-06,-2.742120799446177E-06,0.0024274090261150413,8102.72,9709.43,16395.7,825357,0,0,0,5.127
769000,1433.6294708286725,5039,4,5512,473,5250,BlackHole,800033,8.40193E-05,205,7943,96,10810,17867,6728,9.28675E-05,0.254114,0.00613447,0.38378,0,0.338153,0.0170601,3229,-2.719981909611597E-06,-2.7421257618603256E-06,0.0024274090261150413,7413.46,8536.21,16351.9,824525,0,0,0,5.132
770000,1435.4935157213997,5039,4,5512,473,5250,BlackHole,800033,8.40193E-05,205,7943,96,10810,17867,6728,9.28675E-05,0.254114,0.00613447,0.38378,0,0.338153,0.0170601,3229,-2.7198272924873244E-06,-2.741971144736053E-06,0.0024274090261150413,7623.6,11121.7,16261,825441,0,0,0,5.195
771000,1437.357560614127,5038,4,5512,474,5250,BlackHole,800033,8.40193E-05,205,7943,96,10811,17867,6729,9.28675E-05,0.254114,0.00613447,0.383789,0,0.338144,0.0170601,3228,-2.719971299630783E-06,-2.7421151518795116E-06,0.0024274090261150413,8720.86,9947.13,15930.5,828411,0,0,0,5.150
772000,1439.221605506854,5037,4,5512,475,5250,BlackHole,800033,8.40193E-05,205,7944,96,10811,17867,6729,9.28675E-05,0.254149,0.00613447,0.383789,0,0.338108,0.0170601,3227,-2.7198576110676526E-06,-2.7420014633163813E-06,0.0024274090261150413,8152.49,8924.02,15886.3,822457,0,0,0,5.159
773000,1441.0856503995813,5036,4,5512,476,5250,BlackHole,800033,8.40193E-05,205,7944,96,10812,17867,6730,9.28675E-05,0.254149,0.00613447,0.384114,0,0.337783,0.0170601,3226,-2.720799961261889E-06,-2.7429438135106178E-06,0.0024274090261150413,8018.08,10638.5,15676.1,822168,0,0,0,5.164
774000,1442.9496952923084,5036,4,5512,476,5250,BlackHole,800033,8.40193E-05,205,7944,96,10812,17867,6730,9.28675E-05,0.254149,0.00613447,0.384114,0,0.337783,0.0170601,3226,-2.7200074334115233E-06,-2.742151285660252E-06,0.0024274090261150413,7486.15,10235.9,15750.2,822178,0,0,0,5.163
775000,1444.8137401850356,5036,4,5512,476,5250,BlackHole,800033,8.40193E-05,205,7944,96,10812,17867,6730,9.28675E-05,0.254149,0.00613447,0.384114,0,0.337783,0.0170601,3226,-2.7191599941536523E-06,-2.741303846402381E-06,0.0024274090261150413,7953.26,9252.52,15793.7,821773,0,0,0,5.202
776000,1446.6777850777628,5036,4,5512,476,5250,BlackHole,800033,8.40193E-05,205,7944,96,10812,17867,6730,9.28675E-05,0.254149,0.00613447,0.384114,0,0.337783,0.0170601,3226,-2.718699736919977E-06,-2.740843589168706E-06,0.0024274090261150413,8618.12,8677.31,15824.9,822050,0,0,0,5.172
777000,1448.54182997049,5034,4,5512,478,5250,BlackHole,800033,8.40193E-05,205,7944,96,10814,17867,6732,9.28675E-05,0.254149,0.00613447,0.384269,0,0.337629,0.0170601,3224,-2.7175346732751054E-06,-2.739678525523834E-06,0.0024274090261150413,8086.81,10655.7,15852.6,819979,0,0,0,5.167
778000,1450.4058748632172,5034,4,5512,478,5250,BlackHole,800033,8.40193E-05,205,7944,96,10814,17867,6732,9.28675E-05,0.254149,0.00613447,0.384269,0,0.337629,0.0170601,3224,-2.7172368522702504E-06,-2.739380704518979E-06,0.0024274090261150413,7913.61,9518.99,15880.6,820379,0,0,0,5.173
779000,1452.2699197559443,5034,4,5512,478,5250,BlackHole,800033,8.40193E-05,205,7944,96,10814,17867,6732,9.28675E-05,0.254149,0.00613447,0.384269,0,0.337629,0.0170601,3224,-2.7170203770953536E-06,-2.7391642293440823E-06,0.0024274090261150413,7653.94,8297.23,15921.5,818559,0,0,0,5.150
780000,1454.1339646486715,5034,4,5512,478,5250,BlackHole,800033,8.40193E-05,205,7944,96,10814,17867,6732,9.28675E-05,0.254149,0.00613447,0.384269,0,0.337629,0.0170601,3224,-2.7182664490181558E-06,-2.7404103012668845E-06,0.0024274090261150413,8377.54,11411.3,15997.7,817484,0,0,0,5.156
781000,1455.9980095413987,5034,4,5512,478,5250,BlackHole,800033,8.40193E-05,205,7944,96,10814,17867,6732,9.28675E-05,0.254149,0.00613447,0.384269,0,0.337629,0.0170601,3224,-2.7173075642530648E-06,-2.7394514165017935E-06,0.0024274090261150413,8274.3,9748.95,16135.2,818100,0,0,0,5.155
782000,1457.8620544341259,5032,4,5512,480,5250,BlackHole,800033,8.40193E-05,205,7945,96,10815,17867,6733,9.28675E-05,0.254153,0.00613447,0.384349,0,0.337545,0.0170601,3222,-2.716647078400614E-06,-2.7387909306493425E-06,0.0024274090261150413,8019.15,8611.5,16162.1,817507,0,0,0,5.181
783000,1459.726099326853,5031,4,5512,481,5250,BlackHole,800033,8.40193E-05,205,7946,96,10815,17867,6733,9.28675E-05,0.254158,0.00613447,0.384349,0,0.33754,0.0170601,3221,-2.716223575052029E-06,-2.7383674273007577E-06,0.0024274090261150413,7796.24,11147.5,16876.7,817269,0,0,0,5.168
784000,1461.5901442195802,5015,4,5512,497,5250,BlackHole,800033,8.40193E-05,205,7961,96,10816,17867,6734,9.28675E-05,0.254158,0.00613447,0.384354,0,0.337535,0.0170601,3205,-2.715991181081637E-06,-2.7381350333303657E-06,0.0024274090261150413,7917.32,9997.7,15138.4,828061,0,0,0,5.121
785000,1463.4541891123074,5015,4,5512,497,5250,BlackHole,800033,8.40193E-05,205,7961,96,10816,17867,6734,9.28675E-05,0.254158,0.00613447,0.384354,0,0.337535,0.0170601,3205,-2.7156420544023213E-06,-2.73778590665105E-06,0.0024274090261150413,8673.45,8992.87,15237.9,828069,0,0,0,5.076
786000,1465.3182340050346,5015,4,5512,497,5250,BlackHole,800033,8.40193E-05,205,7961,96,10816,17867,6734,9.28675E-05,0.254158,0.00613447,0.384354,0,0.337535,0.0170601,3205,-2.7149549739923777E-06,-2.7370988262411064E-06,0.0024274090261150413,8562.62,10197.2,15550.3,829009,0,0,0,5.121
787000,1467.1822788977618,5014,4,5512,498,5250,BlackHole,800033,8.40193E-05,205,7961,96,10817,17867,6735,9.28675E-05,0.254158,0.00613447,0.384878,0,0.33701,0.0170601,3204,-2.7134575876637413E-06,-2.73560143991247E-06,0.0024274090261150413,7938.52,10295.7,15689,828928,0,0,0,5.176
788000,1469.046323790489,5014,4,5512,498,5250,BlackHole,800033,8.40193E-05,205,7961,96,10817,17867,6735,9.28675E-05,0.254158,0.00613447,0.384878,0,0.33701,0.0170601,3204,-2.7124201438100324E-06,-2.734563996058761E-06,0.0024274090261150413,7692.55,9307.78,15761.2,828845,0,0,0,5.132
789000,1470.9103686832161,5013,4,5512,499,5250,BlackHole,800033,8.40193E-05,205,7961,96,10818,17867,6736,9.28675E-05,0.254158,0.00613447,0.384896,0,0.336993,0.0170601,3203,-2.7119378099050035E-06,-2.7340816621537322E-06,0.0024274090261150413,8240.12,8492.4,15798.4,827926,0,0,0,5.116
790000,1472.7744135759433,5013,4,5512,499,5250,BlackHole,800033,8.40193E-05,205,7961,96,10818,17867,6736,9.28675E-05,0.254158,0.00613447,0.384896,0,0.336993,0.0170601,3203,-2.711738365244764E-06,-2.733882217493493E-06,0.0024274090261150413,8636.47,10769.1,15828.7,827345,0,0,0,5.117
791000,1474.6384584686705,5013,4,5512,499,5250,BlackHole,800033,8.40193E-05,205,7961,96,10818,17867,6736,9.28675E-05,0.254158,0.00613447,0.384896,0,0.336993,0.0170601,3203,-2.7119858687930914E-06,-2.73412972104182E-06,0.0024274090261150413,8264.53,9565.75,15858.7,827487,0,0,0,5.117
792000,1476.5025033613977,5012,4,5512,500,5250,BlackHole,800033,8.40193E-05,205,7962,96,10818,17867,6736,9.28675E-05,0.254365,0.00613447,0.384896,0,0.336785,0.0170601,3202,-2.71070103199342E-06,-2.7328448842421486E-06,0.0024274090261150413,7845.77,8332.75,15891,827411,0,0,0,5.159
793000,1478.3665482541248,5012,4,5512,500,5250,BlackHole,800033,8.40193E-05,205,7962,96,10818,17867,6736,9.28675E-05,0.254365,0.00613447,0.384896,0,0.336785,0.0170601,3202,-2.7094022137364665E-06,-2.731546065985195E-06,0.0024274090261150413,7599.5,11198.9,15937.5,827648,0,0,0,5.130
794000,1480.230593146852,5012,4,5512,500,5250,BlackHole,800033,8.40193E-05,205,7962,96,10818,17867,6736,9.28675E-05,0.254365,0.00613447,0.384896,0,0.336785,0.0170601,3202,-2.711377361873793E-06,-2.733521214122522E-06,0.0024274090261150413,8627.2,9798.99,16020.8,828160,0,0,0,5.121
795000,1482.0946380395792,4979,4,5512,533,5250,BlackHole,800033,8.40193E-05,205,7994,96,10819,17867,6737,9.28675E-05,0.254366,0.00613447,0.384904,0,0.336777,0.0170601,3169,-2.711082378883574E-06,-2.7332262311323026E-06,0.0024274090261150413,8369.85,8687.02,16187.9,860021,0,0,0,5.087
796000,1483.9586829323064,4979,4,5512,533,5250,BlackHole,800033,8.40193E-05,205,7994,96,10819,17867,6737,9.28675E-05,0.254366,0.00613447,0.384904,0,0.336777,0.0170601,3169,-2.710670949899728E-06,-2.7328148021484565E-06,0.0024274090261150413,8425.63,11491.5,16730.3,862057,0,0,0,5.071
797000,1485.8227278250336,4931,4,5512,581,5250,BlackHole,800033,8.40193E-05,205,8041,96,10820,17867,6738,9.28675E-05,0.254366,0.00613447,0.384908,0,0.336773,0.0170601,3121,-2.711243273533448E-06,-2.7333871257821766E-06,0.0024274090261150413,7756.06,10042.6,16547.7,913317,0,0,0,5.081
798000,1487.6867727177607,4929,4,5512,583,5250,BlackHole,800033,8.40193E-05,205,8041,96,10822,17867,6740,9.28675E-05,0.254366,0.00613447,0.385245,0,0.336437,0.0170601,3119,-2.7095940800266066E-06,-2.7317379322753353E-06,0.0024274090261150413,7506.28,9058.62,14639.5,913620,0,0,0,5.014
799000,1489.550817610488,4927,4,5512,585,5250,BlackHole,800033,8.40193E-05,205,8043,96,10822,17867,6740,9.28675E-05,0.254582,0.00613447,0.385245,0,0.336221,0.0170601,3117,-2.7033273267180263E-06,-2.725471178966755E-06,0.0024274090261150413,8562.18,9729.36,15339.4,913330,0,0,0,5.024
800000,1491.414862503215,4926,4,5512,586,5250,BlackHole,800033,8.40193E-05,205,8043,96,10823,17867,6741,9.28675E-05,0.254582,0.00613447,0.385515,0,0.33595,0.0170601,3116,-2.7027397236796696E-06,-2.7248835759283983E-06,0.0024274090261150413,8545.88,10367.5,15603.4,912997,0,0,0,5.008
801000,1493.2789073959423,4925,4,5512,587,5250,BlackHole,800033,8.40193E-05,205,8044,96,10823,17867,6741,9.28675E-05,0.254658,0.00613447,0.385515,0,0.335874,0.0170601,3115,-2.7029794568035224E-06,-2.725123309052251E-06,0.0024274090261150413,8363.97,9360.14,15713.5,912855,0,0,0,4.991
802000,1495.1429522886694,4924,4,5512,588,5250,BlackHole,800033,8.40193E-05,205,8044,96,10824,17867,6742,9.28675E-05,0.254658,0.00613447,0.385572,0,0.335816,0.0170601,3114,-2.703066920422724E-06,-2.7252107726714526E-06,0.0024274090261150413,7677.46,8371.5,15767.5,912141,0,0,0,4.946
803000,1497.0069971813966,4924,4,5512,588,5250,BlackHole,800033,8.40193E-05,205,8044,96,10824,17867,6742,9.28675E-05,0.254658,0.00613447,0.385572,0,0.335816,0.0170601,3114,-2.7029795611277928E-06,-2.7251234133765215E-06,0.0024274090261150413,7430.7,10879.9,15805.4,913084,0,0,0,4.979
804000,1498.8710420741238,4924,4,5512,588,5250,BlackHole,800033,8.40193E-05,205,8044,96,10824,17867,6742,9.28675E-05,0.254658,0.00613447,0.385572,0,0.335816,0.0170601,3114,-2.703458909699909E-06,-2.725602761948638E-06,0.0024274090261150413,8874.72,9610.49,15834.6,912804,0,0,0,5.014
805000,1500.735086966851,4924,4,5512,588,5250,BlackHole,800033,8.40193E-05,205,8044,96,10824,17867,6742,9.28675E-05,0.254658,0.00613447,0.385572,0,0.335816,0.0170601,3114,-2.702893163928549E-06,-2.725037016177278E-06,0.0024274090261150413,8367.29,8384.86,15862.6,914660,0,0,0,4.978
806000,1502.5991318595782,4924,4,5512,588,5250,BlackHole,800033,8.40193E-05,205,8044,96,10824,17867,6742,9.28675E-05,0.254658,0.00613447,0.385572,0,0.335816,0.0170601,3114,-2.702775370958749E-06,-2.7249192232074777E-06,0.0024274090261150413,8144.32,11792.1,15896,914571,0,0,0,4.940
807000,1504.4631767523053,4924,4,5512,588,5250,BlackHole,800033,8.40193E-05,205,8044,96,10824,17867,6742,9.28675E-05,0.254658,0.00613447,0.385572,0,0.335816,0.0170601,3114,-2.702606882936659E-06,-2.724750735185388E-06,0.0024274090261150413,7603.96,9842.84,15951,914168,0,0,0,4.915
808000,1506.3272216450325,4924,4,5512,588,5250,BlackHole,800033,8.40193E-05,205,8044,96,10824,17867,6742,9.28675E-05,0.254658,0.00613447,0.385572,0,0.335816,0.0170601,3114,-2.702826033833196E-06,-2.7249698860819246E-06,0.0024274090261150413,7400.69,8762.17,16037.1,914809,0,0,0,4.975
809000,1508.1912665377597,4923,4,5512,589,5250,BlackHole,800033,8.40193E-05,205,8045,96,10824,17867,6742,9.28675E-05,0.254667,0.00613447,0.385572,0,0.335808,0.0170601,3113,-2.7024333111748894E-06,-2.724577163423618E-06,0.0024274090261150413,8469.81,11527.3,16254.3,914750,0,0,0,5.004
810000,1510.0553114304869,4923,4,5512,589,5250,BlackHole,800033,8.40193E-05,205,8045,96,10824,17867,6742,9.28675E-05,0.254667,0.00613447,0.385572,0,0.335808,0.0170601,3113,-2.7025328191600254E-06,-2.724676671408754E-06,0.0024274090261150413,8436.2,10102.4,16197.9,915999,0,0,0,4.984
811000,1511.919356323214,4923,4,5512,589,5250,BlackHole,800033,8.40193E-05,205,8045,96,10824,17867,6742,9.28675E-05,0.254667,0.00613447,0.385572,0,0.335808,0.0170601,3113,-2.701934576512825E-06,-2.7240784287615538E-06,0.0024274090261150413,8194.4,9120.77,15745.6,916429,0,0,0,4.973
812000,1513.7834012159412,4922,4,5512,590,5250,BlackHole,800033,8.40193E-05,205,8045,96,10825,17867,6743,9.28675E-05,0.254667,0.00613447,0.385706,0,0.335675,0.0170601,3112,-2.701245797489446E-06,-2.723389649738175E-06,0.0024274090261150413,7529.63,9329.42,15152.4,915899,0,0,0,4.977
813000,1515.6474461086684,4920,4,5512,592,5250,BlackHole,800033,8.40193E-05,205,8047,96,10825,17867,6743,9.28675E-05,0.254697,0.00613447,0.385706,0,0.335645,0.0170601,3110,-2.700757317321423E-06,-2.7229011695701516E-06,0.0024274090261150413,7440.81,10445.2,15419.9,912244,0,0,0,4.983
814000,1517.5114910013956,4918,4,5512,594,5250,BlackHole,800033,8.40193E-05,205,8047,96,10827,17867,6745,9.28675E-05,0.254697,0.00613447,0.385725,0,0.335625,0.0170601,3108,-2.701907841883653E-06,-2.7240516941323817E-06,0.0024274090261150413,8786.47,9410.53,15622.1,910908,0,0,0,4.991
815000,1519.3755358941228,4917,4,5512,595,5250,BlackHole,800033,8.40193E-05,205,8047,96,10828,17867,6746,9.28675E-05,0.254697,0.00613447,0.386433,0,0.334917,0.0170601,3107,-2.697576971733133E-06,-2.7197208239818618E-06,0.0024274090261150413,8296.32,8307.16,15723,907983,0,0,0,4.981
816000,1521.23958078685,4916,4,5512,596,5250,BlackHole,800033,8.40193E-05,205,8047,96,10829,17867,6747,9.28675E-05,0.254697,0.00613447,0.386438,0,0.334912,0.0170601,3106,-2.6972308124592186E-06,-2.7193746647079473E-06,0.0024274090261150413,8108.23,11020.9,15776.7,907166,0,0,0,4.991
817000,1523.1036256795771,4916,4,5512,596,5250,BlackHole,800033,8.40193E-05,205,8047,96,10829,17867,6747,9.28675E-05,0.254697,0.00613447,0.386438,0,0.334912,0.0170601,3106,-2.6972641762374264E-06,-2.719408028486155E-06,0.0024274090261150413,7461.41,9648.8,15812,905573,0,0,0,4.981
818000,1524.9676705723043,4915,4,5512,597,5250,BlackHole,800033,8.40193E-05,205,8048,96,10829,17867,6747,9.28675E-05,0.255322,0.00613447,0.386438,0,0.334287,0.0170601,3105,-2.6930481304768188E-06,-2.7151919827255475E-06,0.0024274090261150413,7606.41,8448.45,15840.4,905734,0,0,0,4.971
819000,1526.8317154650315,4909,4,5512,603,5250,BlackHole,800033,8.40193E-05,205,8053,96,10830,17867,6748,9.28675E-05,0.255322,0.00613447,0.386485,0,0.33424,0.0170601,3099,-2.6925625647572847E-06,-2.7147064170060134E-06,0.0024274090261150413,8568.58,11460,15868.9,889659,0,0,0,4.937
820000,1528.6957603577587,4909,4,5512,603,5250,BlackHole,800033,8.40193E-05,205,8053,96,10830,17867,6748,9.28675E-05,0.255322,0.00613447,0.386485,0,0.33424,0.0170601,3099,-2.6921355937471198E-06,-2.7142794459958485E-06,0.0024274090261150413,8210.79,9882.48,15904.7,889541,0,0,0,4.968
821000,1530.5598052504859,4908,4,5512,604,5250,BlackHole,800033,8.40193E-05,205,8053,96,10831,17867,6749,9.28675E-05,0.255322,0.00613447,0.38695,0,0.333775,0.0170601,3098,-2.689567314109375E-06,-2.711711166358104E-06,0.0024274090261150413,8024.25,8835.6,15960.1,889513,0,0,0,4.993
822000,1532.423850143213,4908,4,5512,604,5250,BlackHole,800033,8.40193E-05,205,8053,96,10831,17867,6749,9.28675E-05,0.255322,0.00613447,0.38695,0,0.333775,0.0170601,3098,-2.6881073432527925E-06,-2.7102511955015212E-06,0.0024274090261150413,7414.75,11124.7,16067.4,886045,0,0,0,4.975
823000,1534.2878950359402,4908,4,5512,604,5250,BlackHole,800033,8.40193E-05,205,8053,96,10831,17867,6749,9.28675E-05,0.255322,0.00613447,0.38695,0,0.333775,0.0170601,3098,-2.6884271581159923E-06,-2.710571010364721E-06,0.0024274090261150413,7927.53,10151,16339.5,885351,0,0,0,4.921
824000,1536.1519399286674,4906,4,5512,606,5250,BlackHole,800033,8.40193E-05,205,8053,96,10833,17867,6751,9.28675E-05,0.255322,0.00613447,0.388006,0,0.332719,0.0170601,3096,-2.6804929766512925E-06,-2.702636828900021E-06,0.0024274090261150413,8670.1,9181.12,16199.3,884386,0,0,0,4.936
825000,1538.0159848213946,4906,4,5512,606,5250,BlackHole,800033,8.40193E-05,205,8053,96,10833,17867,6751,9.28675E-05,0.255322,0.00613447,0.388006,0,0.332719,0.0170601,3096,-2.6806491820137657E-06,-2.7027930342624944E-06,0.0024274090261150413,8268.41,8991.23,14903.3,884954,0,0,0,4.967
826000,1539.8800297141217,4905,4,5512,607,5250,BlackHole,800033,8.40193E-05,205,8053,96,10834,17867,6752,9.28675E-05,0.255322,0.00613447,0.388032,0,0.332693,0.0170601,3095,-2.6804521002981025E-06,-2.7025959525468312E-06,0.0024274090261150413,7921.39,10532.2,15005.3,881651,0,0,0,4.998
827000,1541.744074606849,4905,4,5512,607,5250,BlackHole,800033,8.40193E-05,205,8053,96,10834,17867,6752,9.28675E-05,0.255322,0.00613447,0.388032,0,0.332693,0.0170601,3095,-2.6803122955115217E-06,-2.7024561477602504E-06,0.0024274090261150413,7401.13,9459.78,15484.3,881838,0,0,0,4.984
828000,1543.608119499576,4905,4,5512,607,5250,BlackHole,800033,8.40193E-05,205,8053,96,10834,17867,6752,9.28675E-05,0.255322,0.00613447,0.388032,0,0.332693,0.0170601,3095,-2.6819622254365536E-06,-2.7041060776852823E-06,0.0024274090261150413,8284.64,8285.09,15660.7,882639,0,0,0,5.011
829000,1545.4721643923033,4905,4,5512,607,5250,BlackHole,800033,8.40193E-05,205,8053,96,10834,17867,6752,9.28675E-05,0.255322,0.00613447,0.388032,0,0.332693,0.0170601,3095,-2.682498240134272E-06,-2.704642092383001E-06,0.0024274090261150413,8623.51,11170.4,15742,882386,0,0,0,5.022
830000,1547.3362092850305,4904,4,5512,608,5250,BlackHole,800033,8.40193E-05,205,8053,96,10835,17867,6753,9.28675E-05,0.255322,0.00613447,0.388226,0,0.332498,0.0170601,3094,-2.6809182066981125E-06,-2.703062058946841E-06,0.0024274090261150413,8194.51,9692.87,15788.4,883162,0,0,0,5.028
831000,1549.2002541777576,4901,4,5512,611,5250,BlackHole,800033,8.40193E-05,205,8055,96,10836,17867,6754,9.28675E-05,0.255367,0.00613447,0.388601,0,0.332079,0.0170601,3091,-2.6773672130249133E-06,-2.699511065273642E-06,0.0024274090261150413,7803.91,8519.18,15818.4,878154,0,0,0,4.959
832000,1551.0642990704848,4900,4,5512,612,5250,BlackHole,800033,8.40193E-05,205,8055,96,10837,17867,6755,9.28675E-05,0.255367,0.00613447,0.388787,0,0.331893,0.0170601,3090,-2.676721272069182E-06,-2.6988651243179108E-06,0.0024274090261150413,7433.61,11065.7,15846.3,878176,0,0,0,4.992
833000,1552.928343963212,4900,4,5512,612,5250,BlackHole,800033,8.40193E-05,205,8055,96,10837,17867,6755,9.28675E-05,0.255367,0.00613447,0.388787,0,0.331893,0.0170601,3090,-2.676506298117587E-06,-2.698650150366316E-06,0.0024274090261150413,8718.7,9935.84,15875.6,874898,0,0,0,5.052
834000,1554.7923888559392,4891,4,5512,621,5250,BlackHole,800033,8.40193E-05,205,8062,96,10839,17867,6757,9.28675E-05,0.255367,0.00613447,0.389148,0,0.331532,0.0170601,3081,-2.6735171591799488E-06,-2.6956610114286774E-06,0.0024274090261150413,8297.83,8907.7,15914.2,879343,0,0,0,5.019
835000,1556.6564337486664,4891,4,5512,621,5250,BlackHole,800033,8.40193E-05,205,8062,96,10839,17867,6757,9.28675E-05,0.255367,0.00613447,0.389148,0,0.331532,0.0170601,3049,-2.675277562899429E-06,-2.6974214151481576E-06,0.0024274090261150413,8125.37,10684.5,15976.8,913544,0,0,0,5.006
836000,1558.5204786413935,4858,4,5512,654,5250,BlackHole,800033,8.40193E-05,205,8094,96,10840,17867,6758,9.28675E-05,0.255367,0.00613447,0.389403,0,0.331277,0.0170601,3048,-2.673340778814432E-06,-2.695484631063161E-06,0.0024274090261150413,7699.02,10212.2,16104.2,914318,0,0,0,5.009
837000,1560.3845235341207,4858,4,5512,654,5250,BlackHole,800033,8.40193E-05,205,8094,96,10840,17867,6758,9.28675E-05,0.255367,0.00613447,0.389403,0,0.331277,0.0170601,3048,-2.6725929624298495E-06,-2.694736814678578E-06,0.0024274090261150413,7541.24,9239.5,16450.5,915156,0,0,0,4.953
838000,1562.248568426848,4857,4,5512,655,5250,BlackHole,800033,8.40193E-05,205,8095,96,10840,17867,6758,9.28675E-05,0.255552,0.00613447,0.389403,0,0.331092,0.0170603,3036,-2.6703189365275213E-06,-2.69246278877625E-06,0.0024274090261150413,8350.68,8722.54,16662.5,923425,0,0,0,4.935
839000,1564.112613319575,4856,4,5512,656,5250,BlackHole,800033,8.40193E-05,205,8095,96,10841,17867,6759,9.28675E-05,0.255552,0.00613447,0.39004,0,0.330455,0.0170601,3046,-2.6666899832352507E-06,-2.6888338354839794E-06,0.0024274090261150413,8495.98,10628.9,15787.7,917570,0,0,0,4.908
840000,1565.9766582123023,4854,4,5512,658,5250,BlackHole,800033,8.40193E-05,205,8096,96,10842,17867,6760,9.28675E-05,0.2556,0.00613447,0.39007,0,0.330377,0.0170601,3044,-2.6661983477622636E-06,-2.6883422000109923E-06,0.0024274090261150413,8060.35,9508.13,15169.3,913244,0,0,0,4.931
841000,1567.8407031050294,4853,4,5512,659,5250,BlackHole,800033,8.40193E-05,205,8096,96,10843,17867,6761,9.28675E-05,0.2556,0.00613447,0.39036,0,0.330087,0.0170601,3043,-2.6636222410835207E-06,-2.6857660933322494E-06,0.0024274090261150413,7605.79,8292.03,15821.5,910816,0,0,0,4.961
842000,1569.7047479977566,4853,4,5512,659,5250,BlackHole,800033,8.40193E-05,205,8096,96,10843,17867,6761,9.28675E-05,0.2556,0.00613447,0.39036,0,0.330087,0.0170601,3043,-2.6655694284977623E-06,-2.687713280746491E-06,0.0024274090261150413,7751.17,11266.7,15682.9,910488,0,0,0,4.942
843000,1571.5687928904838,4852,4,5512,660,5250,BlackHole,800033,8.40193E-05,205,8097,96,10843,17867,6761,9.28675E-05,0.255604,0.00613447,0.39036,0,0.330083,0.0170601,3042,-2.664925000311561E-06,-2.6870688525602896E-06,0.0024274090261150413,8698.08,9743.89,15753.8,911838,0,0,0,4.946
844000,1573.432837783211,4852,4,5512,660,5250,BlackHole,800033,8.40193E-05,205,8097,96,10843,17867,6761,9.28675E-05,0.255604,0.00613447,0.39036,0,0.330083,0.0170601,3042,-2.6644580831765917E-06,-2.6866019354253204E-06,0.0024274090261150413,8429.75,8594.02,15793.1,910818,0,0,0,4.962
845000,1575.2968826759381,4851,4,5512,661,5250,BlackHole,800033,8.40193E-05,205,8097,96,10844,17867,6762,9.28675E-05,0.255604,0.00613447,0.390497,0,0.329946,0.0170601,3041,-2.664220294624335E-06,-2.6863641468730635E-06,0.0024274090261150413,7988.42,11420.8,15824.5,909755,0,0,0,4.954
846000,1577.1609275686653,4846,4,5512,666,5250,BlackHole,800033,8.40193E-05,205,8101,96,10845,17867,6763,9.28675E-05,0.255604,0.00613447,0.390886,0,0.329557,0.0170601,3036,-2.6616343348704635E-06,-2.683778187119192E-06,0.0024274090261150413,7512.38,9984.96,15760.7,918372,0,0,0,4.928
847000,1579.0249724613925,4846,4,5512,666,5250,BlackHole,800033,8.40193E-05,205,8101,96,10845,17867,6763,9.28675E-05,0.255604,0.00613447,0.390886,0,0.329557,0.0170601,3036,-2.6616411146205507E-06,-2.6837849668692793E-06,0.0024274090261150413,8042.2,8976.79,15882.7,920588,0,0,0,4.938
848000,1580.8890173541197,4845,4,5512,667,5250,BlackHole,800033,8.40193E-05,205,8102,96,10845,17867,6763,9.28675E-05,0.255608,0.00613447,0.390886,0,0.329553,0.0170601,3035,-2.661552430303393E-06,-2.6836962825521216E-06,0.0024274090261150413,8395.14,10227.3,15924.7,918278,0,0,0,4.962
849000,1582.7530622468469,4844,4,5512,668,5250,BlackHole,800033,8.40193E-05,205,8102,96,10846,17867,6764,9.28675E-05,0.255608,0.00613447,0.391197,0,0.329242,0.0170601,3034,-2.659705829992768E-06,-2.6818496822414966E-06,0.0024274090261150413,8368.41,10278,15996,918423,0,0,0,4.920
850000,1584.617107139574,4843,4,5512,669,5250,BlackHole,800033,8.40193E-05,205,8103,96,10846,17867,6764,9.28675E-05,0.255634,0.00613447,0.391197,0,0.329216,0.0170601,3033,-2.659597459340517E-06,-2.681741311589246E-06,0.0024274090261150413,7901.7,9295.41,16149.3,918167,0,0,0,4.929
851000,1586.4811520323012,4842,4,5512,670,5250,BlackHole,800033,8.40193E-05,205,8103,96,10847,17867,6765,9.28675E-05,0.255634,0.00613447,0.391389,0,0.329024,0.0170601,3032,-2.6598886132865214E-06,-2.68203246553525E-06,0.0024274090261150413,7434.62,8523.88,16035.9,918582,0,0,0,4.938
852000,1588.3451969250284,4841,4,5512,671,5250,BlackHole,800033,8.40193E-05,205,8104,96,10847,17867,6765,9.28675E-05,0.255937,0.00613447,0.391389,0,0.328721,0.0170601,3031,-2.6588550976559823E-06,-2.680998949904711E-06,0.0024274090261150413,8138.83,10727.9,16309,916573,0,0,0,4.903
853000,1590.2092418177556,4841,4,5512,671,5250,BlackHole,800033,8.40193E-05,205,8104,96,10847,17867,6765,9.28675E-05,0.255937,0.00613447,0.391389,0,0.328721,0.0170601,3031,-2.6591021754894055E-06,-2.681246027738134E-06,0.0024274090261150413,8621.31,9554.97,15238.3,915962,0,0,0,4.917
854000,1592.0732867104828,4838,4,5512,674,5250,BlackHole,800033,8.40193E-05,205,8105,96,10849,17867,6767,9.28675E-05,0.255942,0.00613447,0.391713,0,0.328392,0.0170601,3028,-2.656088944932361E-06,-2.6782327971810896E-06,0.0024274090261150413,8292.83,8322.9,15273.2,911918,0,0,0,4.913
855000,1593.93733160321,4836,4,5512,676,5250,BlackHole,800033,8.40193E-05,205,8106,96,10850,17867,6768,9.28675E-05,0.255946,0.00613447,0.391809,0,0.328292,0.0170601,3026,-2.6569885980736614E-06,-2.67913245032239E-06,0.0024274090261150413,7808.21,11549.1,15578.9,909024,0,0,0,4.917
856000,1595.8013764959371,4836,4,5512,676,5250,BlackHole,800033,8.40193E-05,205,8106,96,10850,17867,6768,9.28675E-05,0.255946,0.00613447,0.391809,0,0.328292,0.0170601,3026,-2.6573094274749796E-06,-2.6794532797237083E-06,0.0024274090261150413,7400.88,9782.62,15694.6,907995,0,0,0,4.932
857000,1597.6654213886643,4835,4,5512,677,5250,BlackHole,800033,8.40193E-05,205,8106,96,10851,17867,6769,9.28675E-05,0.255946,0.00613447,0.391813,0,0.328288,0.0170601,3025,-2.657398449973406E-06,-2.6795423022221347E-06,0.0024274090261150413,8644.19,8670.15,15764.5,908034,0,0,0,4.906
858000,1599.5294662813915,4834,4,5512,678,5250,BlackHole,800033,8.40193E-05,205,8106,96,10852,17867,6770,9.28675E-05,0.255946,0.00613447,0.39183,0,0.328271,0.0170601,3024,-2.6572705602896957E-06,-2.6794144125384244E-06,0.0024274090261150413,8577.55,11301.4,15803.3,904715,0,0,0,4.907
859000,1601.3935111741187,4834,4,5512,678,5250,BlackHole,800033,8.40193E-05,205,8106,96,10852,17867,6770,9.28675E-05,0.255946,0.00613447,0.39183,0,0.328271,0.0170601,3024,-2.6573736751930618E-06,-2.6795175274417904E-06,0.0024274090261150413,8158.66,10036.8,15832.8,905463,0,0,0,4.896
860000,1603.2575560668458,4834,4,5512,678,5250,BlackHole,800033,8.40193E-05,205,8106,96,10852,17867,6770,9.28675E-05,0.255946,0.00613447,0.39183,0,0.328271,0.0170601,3024,-2.6571759274624048E-06,-2.6793197797111335E-06,0.0024274090261150413,7723.02,9044.01,15860.7,905629,0,0,0,4.934
861000,1605.121600959573,4833,4,5512,679,5250,BlackHole,800033,8.40193E-05,205,8106,96,10853,17867,6771,9.28675E-05,0.255946,0.00613447,0.391958,0,0.328143,0.0170601,3023,-2.6565622168442473E-06,-2.678706069092976E-06,0.0024274090261150413,7434.96,9825.92,15893.5,903676,0,0,0,4.922
862000,1606.9856458523002,4833,4,5512,679,5250,BlackHole,800033,8.40193E-05,205,8106,96,10853,17867,6771,9.28675E-05,0.255946,0.00613447,0.391958,0,0.328143,0.0170601,3023,-2.6587875756683253E-06,-2.680931427917054E-06,0.0024274090261150413,8495.37,10349.2,15941.7,903769,0,0,0,4.903
863000,1608.8496907450274,4833,4,5512,679,5250,BlackHole,800033,8.40193E-05,205,8106,96,10853,17867,6771,9.28675E-05,0.255946,0.00613447,0.391958,0,0.328143,0.0170601,3023,-2.6574431978132605E-06,-2.6795870500619892E-06,0.0024274090261150413,8522.73,9348.92,16018.6,903205,0,0,0,4.945
864000,1610.7137356377546,4833,4,5512,679,5250,BlackHole,800033,8.40193E-05,205,8106,96,10853,17867,6771,9.28675E-05,0.255946,0.00613447,0.391958,0,0.328143,0.0170601,3023,-2.6576934331027474E-06,-2.679837285351476E-06,0.0024274090261150413,8113.75,8391.52,16205.5,903622,0,0,0,4.896
865000,1612.5777805304817,4832,4,5512,680,5250,BlackHole,800033,8.40193E-05,205,8106,96,10854,17867,6772,9.28675E-05,0.255946,0.00613447,0.391994,0,0.328108,0.0170601,3022,-2.6567668812995877E-06,-2.6789107335483164E-06,0.0024274090261150413,7647.59,10849.2,16517.7,905017,0,0,0,4.879
866000,1614.441825423209,4831,4,5512,681,5250,BlackHole,800033,8.40193E-05,205,8107,96,10854,17867,6772,9.28675E-05,0.25595,0.00613447,0.391994,0,0.328104,0.0170601,3021,-2.6568414443488722E-06,-2.678985296597601E-06,0.0024274090261150413,7590,9593.99,16320,904185,0,0,0,4.896
867000,1616.305870315936,4831,4,5512,681,5250,BlackHole,800033,8.40193E-05,205,8107,96,10854,17867,6772,9.28675E-05,0.25595,0.00613447,0.391994,0,0.328104,0.0170601,3021,-2.65619071962495E-06,-2.678334571873679E-06,0.0024274090261150413,8353.16,8371.87,14852,904534,0,0,0,4.909
868000,1618.1699152086633,4831,4,5512,681,5250,BlackHole,800033,8.40193E-05,205,8107,96,10854,17867,6772,9.28675E-05,0.25595,0.00613447,0.391994,0,0.328104,0.0170601,3021,-2.6563622950165085E-06,-2.678506147265237E-06,0.0024274090261150413,8466.56,11220.3,15367.3,904224,0,0,0,4.924
869000,1620.0339601013904,4831,4,5512,681,5250,BlackHole,800033,8.40193E-05,205,8107,96,10854,17867,6772,9.28675E-05,0.25595,0.00613447,0.391994,0,0.328104,0.0170601,3021,-2.6576114693296154E-06,-2.679755321578344E-06,0.0024274090261150413,8030.32,9826.71,15614,904693,0,0,0,4.931
870000,1621.8980049941176,4831,4,5512,681,5250,BlackHole,800033,8.40193E-05,205,8107,96,10854,17867,6772,9.28675E-05,0.25595,0.00613447,0.391994,0,0.328104,0.0170601,3021,-2.656979565320834E-06,-2.6791234175695628E-06,0.0024274090261150413,7573.91,8745.02,15718.6,904522,0,0,0,4.930
871000,1623.7620498868448,4831,4,5512,681,5250,BlackHole,800033,8.40193E-05,205,8107,96,10854,17867,6772,9.28675E-05,0.25595,0.00613447,0.391994,0,0.328104,0.0170601,3021,-2.6564137986831418E-06,-2.6785576509318705E-06,0.0024274090261150413,7902.19,11315.7,15774.1,903871,0,0,0,4.910
872000,1625.626094779572,4767,4,5512,745,5250,BlackHole,800033,8.40193E-05,205,8171,96,10854,17867,6772,9.28675E-05,0.255951,0.00613447,0.391994,0,0.328103,0.0170601,2957,-2.6560497611983565E-06,-2.6781936134470852E-06,0.0024274090261150413,8673.41,10081.7,15807.3,958108,0,0,0,4.838
873000,1627.4901396722992,4767,4,5512,745,5250,BlackHole,800033,8.40193E-05,205,8171,96,10854,17867,6772,9.28675E-05,0.255951,0.00613447,0.391994,0,0.328103,0.0170601,2957,-2.6565574252826893E-06,-2.678701277531418E-06,0.0024274090261150413,8231.46,9106.69,15836.3,956620,0,0,0,4.792
874000,1629.3541845650263,4766,4,5512,746,5250,BlackHole,800033,8.40193E-05,205,8171,96,10855,17867,6773,9.28675E-05,0.255951,0.00613447,0.392002,0,0.328094,0.0170601,2956,-2.656065665068012E-06,-2.6782095173167405E-06,0.0024274090261150413,7929.08,9408.21,15864.4,956506,0,0,0,4.797
875000,1631.2182294577535,4765,4,5512,747,5250,BlackHole,800033,8.40193E-05,205,8171,96,10856,17867,6774,9.28675E-05,0.255951,0.00613447,0.392088,0,0.328008,0.0170601,2955,-2.6546339795919177E-06,-2.6767778318406464E-06,0.0024274090261150413,7500.4,10426.1,15898.4,958221,0,0,0,4.857
876000,1633.0822743504807,4764,4,5512,748,5250,BlackHole,800033,8.40193E-05,205,8171,96,10857,17867,6775,9.28675E-05,0.255951,0.00613447,0.392216,0,0.327881,0.0170601,2954,-2.6549596960027943E-06,-2.677103548251523E-06,0.0024274090261150413,8314.82,9399.16,15696,958476,0,0,0,4.824
877000,1634.9463192432079,4761,4,5512,751,5250,BlackHole,800033,8.40193E-05,205,8173,96,10858,17867,6776,9.28675E-05,0.256702,0.00613447,0.392249,0,0.327096,0.0170601,2951,-2.650546217492019E-06,-2.672690069740748E-06,0.0024274090261150413,8212.76,8316.32,15802.7,954782,0,0,0,4.814
878000,1636.810364135935,4760,4,5512,752,5250,BlackHole,800033,8.40193E-05,205,8173,96,10859,17867,6777,9.28675E-05,0.256702,0.00613447,0.392296,0,0.327048,0.0170601,2950,-2.6504931543967598E-06,-2.6726370066454885E-06,0.0024274090261150413,8367.81,10984.7,16133.6,954853,0,0,0,4.842
879000,1638.6744090286622,4760,4,5512,752,5250,BlackHole,800033,8.40193E-05,205,8173,96,10859,17867,6777,9.28675E-05,0.256702,0.00613447,0.392296,0,0.327048,0.0170601,2950,-2.6502862082320436E-06,-2.6724300604807723E-06,0.0024274090261150413,7811.67,9638.05,15878.5,955709,0,0,0,4.795
880000,1640.5384539213894,4760,4,5512,752,5250,BlackHole,800033,8.40193E-05,205,8173,96,10859,17867,6777,9.28675E-05,0.256702,0.00613447,0.392296,0,0.327048,0.0170601,2950,-2.6501313689555083E-06,-2.672275221204237E-06,0.0024274090261150413,7439.12,8432.37,15372.8,957426,0,0,0,4.775
881000,1642.4024988141166,4759,4,5512,753,5250,BlackHole,800033,8.40193E-05,205,8173,96,10860,17867,6778,9.28675E-05,0.256702,0.00613447,0.392875,0,0.32647,0.0170601,2949,-2.6445703521585464E-06,-2.666714204407275E-06,0.0024274090261150413,8814.2,11498.7,14885.1,955202,0,0,0,4.791
882000,1644.2665437068438,4757,4,5512,755,5250,BlackHole,800033,8.40193E-05,205,8175,96,10860,17867,6778,9.28675E-05,0.257411,0.00613447,0.392875,0,0.325761,0.0170601,2947,-2.639512209682177E-06,-2.6616560619309058E-06,0.0024274090261150413,8571.54,9877.72,15442.2,954332,0,0,0,4.831
883000,1646.130588599571,4756,4,5512,756,5250,BlackHole,800033,8.40193E-05,205,8176,96,10860,17867,6778,9.28675E-05,0.257632,0.00613447,0.392875,0,0.32554,0.0170601,2946,-2.638768869262788E-06,-2.6609127215115165E-06,0.0024274090261150413,8309.6,8818.28,15631.6,953465,0,0,0,4.827
884000,1647.9946334922981,4639,4,5512,873,5250,BlackHole,800033,8.40193E-05,205,8292,96,10861,17867,6779,9.28675E-05,0.257632,0.00613447,0.393246,0,0.325169,0.0170601,2829,-2.635973741712124E-06,-2.6581175939608528E-06,0.0024274090261150413,7705.56,11280.4,15727.2,1.04559E+06,0,0,0,4.743
885000,1649.8586783850253,4639,4,5512,873,5250,BlackHole,800033,8.40193E-05,205,8292,96,10861,17867,6779,9.28675E-05,0.257632,0.00613447,0.393246,0,0.325169,0.0170601,2829,-2.6358211453156635E-06,-2.6579649975643922E-06,0.0024274090261150413,7404.74,10136.8,14415.6,1.04349E+06,0,0,0,4.678
886000,1651.7227232777525,4586,4,5512,926,5250,BlackHole,800033,8.40193E-05,205,8329,96,10877,17867,6795,9.28675E-05,0.257632,0.00613449,0.393246,0,0.325169,0.0170601,2776,-2.6368134819486583E-06,-2.658957334197387E-06,0.0024274090261150413,8849.67,9167.41,14824.2,1.07988E+06,0,0,0,4.607
887000,1653.5867681704797,4585,4,5512,927,5250,BlackHole,800033,8.40193E-05,205,8329,96,10878,17867,6796,9.28675E-05,0.257632,0.00613449,0.393455,0,0.32496,0.0170601,2775,-2.6348114021440683E-06,-2.656955254392797E-06,0.0024274090261150413,8322.02,9052,14813.4,1.07948E+06,0,0,0,4.547
888000,1655.4508130632069,4573,4,5512,939,5250,BlackHole,800033,8.40193E-05,205,8341,96,10878,17867,6796,9.28675E-05,0.257637,0.00613449,0.393455,0,0.324955,0.0170601,2763,-2.635082670921227E-06,-2.657226523169956E-06,0.0024274090261150413,8238.54,10500.1,14620.7,1.08686E+06,0,0,0,4.549
889000,1657.314857955934,4573,4,5512,939,5250,BlackHole,800033,8.40193E-05,205,8341,96,10878,17867,6796,9.28675E-05,0.257637,0.00613449,0.393455,0,0.324955,0.0170601,2763,-2.634356496329482E-06,-2.656500348578211E-06,0.0024274090261150413,7612.06,9441.65,14656.5,1.08744E+06,0,0,0,4.541
890000,1659.1789028486612,4572,4,5512,940,5250,BlackHole,800033,8.40193E-05,205,8341,96,10879,17867,6797,9.28675E-05,0.257637,0.00613449,0.393466,0,0.324944,0.0170601,2762,-2.6360954054219895E-06,-2.658239257670718E-06,0.0024274090261150413,7407.53,8286.48,15175.7,1.0887E+06,0,0,0,4.569
891000,1661.0429477413884,4572,4,5512,940,5250,BlackHole,800033,8.40193E-05,205,8341,96,10879,17867,6797,9.28675E-05,0.257637,0.00613449,0.393466,0,0.324944,0.0170601,2762,-2.6355286398409015E-06,-2.65767249208963E-06,0.0024274090261150413,8110.7,11125.5,14534,1.09225E+06,0,0,0,4.557
892000,1662.9069926341156,4571,4,5512,941,5250,BlackHole,800033,8.40193E-05,205,8341,96,10880,17867,6798,9.28675E-05,0.257637,0.00613449,0.393839,0,0.324571,0.0170601,2761,-2.6338642487206516E-06,-2.6560081009693803E-06,0.0024274090261150413,8433.9,9688.55,14680.3,1.09016E+06,0,0,0,4.561
893000,1664.7710375268427,4570,4,5512,942,5250,BlackHole,800033,8.40193E-05,205,8341,96,10881,17867,6799,9.28675E-05,0.257637,0.00613449,0.394388,0,0.324022,0.0170601,2760,-2.628849813331052E-06,-2.650993665579781E-06,0.0024274090261150413,8165.59,8501.91,14880.8,1.09124E+06,0,0,0,4.563
894000,1666.63508241957,4569,4,5512,943,5250,BlackHole,800033,8.40193E-05,205,8341,96,10882,17867,6800,9.28675E-05,0.257637,0.00613449,0.394392,0,0.324018,0.0170601,2759,-2.628753730341562E-06,-2.6508975825902907E-06,0.0024274090261150413,7518.54,11354.9,14517.8,1.09157E+06,0,0,0,4.558
895000,1668.499127312297,4569,4,5512,943,5250,BlackHole,800033,8.40193E-05,205,8341,96,10882,17867,6800,9.28675E-05,0.257637,0.00613449,0.394392,0,0.324018,0.0170601,2759,-2.627935256424521E-06,-2.6500791086732496E-06,0.0024274090261150413,7466.01,9916.96,14419.2,1.0914E+06,0,0,0,4.558
896000,1670.3631722050243,4568,4,5512,944,5250,BlackHole,800033,8.40193E-05,205,8341,96,10883,17867,6801,9.28675E-05,0.257637,0.00613449,0.394475,0,0.323935,0.0170601,2758,-2.628787406026354E-06,-2.650931258275083E-06,0.0024274090261150413,8775.02,8890.8,14696.4,1.08961E+06,0,0,0,4.542
897000,1672.2272170977515,4568,4,5512,944,5250,BlackHole,800033,8.40193E-05,205,8341,96,10883,17867,6801,9.28675E-05,0.257637,0.00613449,0.394475,0,0.323935,0.0170601,2758,-2.6281498330998725E-06,-2.650293685348601E-06,0.0024274090261150413,8372.79,10782.8,14569.3,1.09094E+06,0,0,0,4.560
898000,1674.0912619904786,4567,4,5512,945,5250,BlackHole,800033,8.40193E-05,205,8342,96,10883,17867,6801,9.28675E-05,0.257637,0.00613449,0.394475,0,0.323935,0.0170601,2757,-2.627969763018241E-06,-2.6501136152669697E-06,0.0024274090261150413,8099.05,10189.4,14656.9,1.09009E+06,0,0,0,4.531
899000,1675.9553068832058,4564,4,5512,948,5250,BlackHole,800033,8.40193E-05,205,8343,96,10885,17867,6803,9.28675E-05,0.258379,0.00613449,0.394902,0,0.322766,0.0170601,2754,-2.6196871127874267E-06,-2.6418309650361554E-06,0.0024274090261150413,7438.74,9226.35,14527.8,1.08903E+06,0,0,0,4.536
900000,1677.819351775933,4564,4,5512,948,5250,BlackHole,800033,8.40193E-05,205,8343,96,10885,17867,6803,9.28675E-05,0.258379,0.00613449,0.394902,0,0.322766,0.0170601,2754,-2.6198293471879796E-06,-2.6419731994367083E-06,0.0024274090261150413,7613.9,8772.52,14591.3,1.08866E+06,0,0,0,4.586
901000,1679.6833966686602,4562,4,5512,950,5250,BlackHole,800033,8.40193E-05,205,8343,96,10887,17867,6805,9.28675E-05,0.258379,0.00613449,0.395113,0,0.322555,0.0170601,2752,-2.6183919195256773E-06,-2.640535771774406E-06,0.0024274090261150413,8420.61,10591.9,14883.1,1.08913E+06,0,0,0,4.547
902000,1681.5474415613874,4562,4,5512,950,5250,BlackHole,800033,8.40193E-05,205,8343,96,10887,17867,6805,9.28675E-05,0.258379,0.00613449,0.395113,0,0.322555,0.0170601,2752,-2.61691880268292E-06,-2.6390626549316487E-06,0.0024274090261150413,8298.64,9497.13,14600.8,1.09072E+06,0,0,0,4.554
903000,1683.4114864541145,4562,4,5512,950,5250,BlackHole,800033,8.40193E-05,205,8343,96,10887,17867,6805,9.28675E-05,0.258379,0.00613449,0.395113,0,0.322555,0.0170601,2752,-2.6190511066902776E-06,-2.6411949589390063E-06,0.0024274090261150413,8032.72,8288.05,14767,1.09012E+06,0,0,0,4.557
904000,1685.2755313468417,4561,4,5512,951,5250,BlackHole,800033,8.40193E-05,205,8343,96,10888,17867,6806,9.28675E-05,0.258379,0.00613449,0.395138,0,0.32253,0.0170601,2751,-2.617827281659735E-06,-2.6399711339084635E-06,0.0024274090261150413,7401.36,11311.4,14531.1,1.09003E+06,0,0,0,4.537
905000,1687.139576239569,4559,4,5512,953,5250,BlackHole,800033,8.40193E-05,205,8345,96,10888,17867,6806,9.28675E-05,0.258393,0.00613449,0.395138,0,0.322515,0.0170601,2749,-2.6170731345068146E-06,-2.6392169867555433E-06,0.0024274090261150413,7861.83,9726.61,14758.1,1.08921E+06,0,0,0,4.496
906000,1689.003621132296,4559,4,5512,953,5250,BlackHole,800033,8.40193E-05,205,8345,96,10888,17867,6806,9.28675E-05,0.258393,0.00613449,0.395138,0,0.322515,0.0170601,2749,-2.6168185114130696E-06,-2.6389623636617983E-06,0.0024274090261150413,8549.08,8576.11,14577.7,1.08944E+06,0,0,0,4.520
907000,1690.8676660250233,4559,4,5512,953,5250,BlackHole,800033,8.40193E-05,205,8345,96,10888,17867,6806,9.28675E-05,0.258393,0.00613449,0.395138,0,0.322515,0.0170601,2744,-2.61726386667311E-06,-2.6394077189218386E-06,0.0024274090261150413,8206.88,11414.7,14571.1,1.09117E+06,0,0,0,4.570
908000,1692.7317109177504,4559,4,5512,953,5250,BlackHole,800033,8.40193E-05,205,8345,96,10888,17867,6806,9.28675E-05,0.258393,0.00613449,0.395138,0,0.322515,0.0170601,2739,-2.616628006260861E-06,-2.6387718585095897E-06,0.0024274090261150413,7955.04,9966.51,14409.4,1.094E+06,0,0,0,4.545
909000,1694.5957558104776,4558,4,5512,954,5250,BlackHole,800033,8.40193E-05,205,8345,96,10889,17867,6807,9.28675E-05,0.258393,0.00613449,0.395381,0,0.322272,0.0170601,2743,-2.6147451028882268E-06,-2.6368889551369555E-06,0.0024274090261150413,7429.67,8961.12,14957.5,1.09352E+06,0,0,0,4.532
910000,1696.4598007032048,4557,4,5512,955,5250,BlackHole,800033,8.40193E-05,205,8346,96,10889,17867,6807,9.28675E-05,0.258402,0.00613449,0.395381,0,0.322264,0.0170601,2742,-2.615594110900905E-06,-2.637737963149634E-06,0.0024274090261150413,8175.03,10317.1,14568.2,1.09227E+06,0,0,0,4.572
911000,1698.323845595932,4556,4,5512,956,5250,BlackHole,800033,8.40193E-05,205,8347,96,10889,17867,6807,9.28675E-05,0.258406,0.00613449,0.395381,0,0.32226,0.0170601,2741,-2.6144326921100325E-06,-2.636576544358761E-06,0.0024274090261150413,8643.37,10261.1,15083.8,1.09421E+06,0,0,0,4.530
912000,1700.1878904886591,4556,4,5512,956,5250,BlackHole,800033,8.40193E-05,205,8347,96,10889,17867,6807,9.28675E-05,0.258406,0.00613449,0.395381,0,0.32226,0.0170601,2741,-2.614203686703261E-06,-2.6363475389519896E-06,0.0024274090261150413,8119.3,9282.82,14777.9,1.09367E+06,0,0,0,4.499
913000,1702.0519353813863,4555,4,5512,957,5250,BlackHole,800033,8.40193E-05,205,8348,96,10889,17867,6807,9.28675E-05,0.258954,0.00613449,0.395381,0,0.321712,0.0170601,2740,-2.6115222091193523E-06,-2.633666061368081E-06,0.0024274090261150413,7863.65,8559.42,14488.5,1.09266E+06,0,0,0,4.487
914000,1703.9159802741135,4554,4,5512,958,5250,BlackHole,800033,8.40193E-05,205,8348,96,10890,17867,6808,9.28675E-05,0.258954,0.00613449,0.395402,0,0.321691,0.0170601,2739,-2.6116145521368187E-06,-2.6337584043855473E-06,0.0024274090261150413,7574.38,10699.3,14722.3,1.09273E+06,0,0,0,4.534
915000,1705.7800251668407,4554,4,5512,958,5250,BlackHole,800033,8.40193E-05,205,8348,96,10890,17867,6808,9.28675E-05,0.258954,0.00613449,0.395402,0,0.321691,0.0170601,2739,-2.6114607245165107E-06,-2.6336045767652394E-06,0.0024274090261150413,8520.86,9537.21,14649.6,1.09313E+06,0,0,0,4.562
916000,1707.6440700595679,4552,4,5512,960,5250,BlackHole,800033,8.40193E-05,205,8349,96,10891,17867,6809,9.28675E-05,0.259142,0.00613449,0.395771,0,0.321134,0.0170601,2737,-2.607606372894222E-06,-2.6297502251429508E-06,0.0024274090261150413,8137.53,8313.72,14724.3,1.09208E+06,0,0,0,4.544
917000,1709.508114952295,4551,4,5512,961,5250,BlackHole,800033,8.40193E-05,205,8350,96,10891,17867,6809,9.28675E-05,0.25916,0.00613449,0.395771,0,0.321116,0.0170601,2736,-2.608440169306164E-06,-2.6305840215548928E-06,0.0024274090261150413,8036.3,11086.5,14755,1.09288E+06,0,0,0,4.550
918000,1711.3721598450222,4551,4,5512,961,5250,BlackHole,800033,8.40193E-05,205,8350,96,10891,17867,6809,9.28675E-05,0.25916,0.00613449,0.395771,0,0.321116,0.0170601,2736,-2.6071887637944976E-06,-2.6293326160432263E-06,0.0024274090261150413,7772.22,9778.34,15077.1,1.09279E+06,0,0,0,4.543
919000,1713.2362047377494,4551,4,5512,961,5250,BlackHole,800033,8.40193E-05,205,8350,96,10891,17867,6809,9.28675E-05,0.25916,0.00613449,0.395771,0,0.321116,0.0170601,2736,-2.6070418411503355E-06,-2.629185693399064E-06,0.0024274090261150413,7877.26,8651.8,14507,1.09166E+06,0,0,0,4.489
920000,1715.1002496304766,4543,4,5512,969,5250,BlackHole,800033,8.40193E-05,205,8358,96,10891,17867,6809,9.28675E-05,0.259191,0.00613449,0.395771,0,0.321085,0.0170601,2728,-2.60615626656615E-06,-2.628300118814879E-06,0.0024274090261150413,8676.76,11232.7,14809.2,1.09672E+06,0,0,0,4.473
921000,1716.9642945232038,4542,4,5512,970,5250,BlackHole,800033,8.40193E-05,205,8359,96,10891,17867,6809,9.28675E-05,0.259427,0.00613449,0.395771,0,0.320849,0.0170601,2727,-2.604908875867336E-06,-2.6270527281160645E-06,0.0024274090261150413,8556.37,10016.9,14623.6,1.09434E+06,0,0,0,4.504
922000,1718.828339415931,4542,4,5512,970,5250,BlackHole,800033,8.40193E-05,205,8359,96,10891,17867,6809,9.28675E-05,0.259427,0.00613449,0.395771,0,0.320849,0.0170601,2727,-2.605127421925459E-06,-2.6272712741741877E-06,0.0024274090261150413,7936.69,9028.43,14471.6,1.09486E+06,0,0,0,4.553
923000,1720.6923843086581,4542,4,5512,970,5250,BlackHole,800033,8.40193E-05,205,8359,96,10891,17867,6809,9.28675E-05,0.259427,0.00613449,0.395771,0,0.320849,0.0170601,2727,-2.6047071968003513E-06,-2.62685104904908E-06,0.0024274090261150413,7691.69,9846.5,14612.3,1.09318E+06,0,0,0,4.517
924000,1722.5564292013853,4542,4,5512,970,5250,BlackHole,800033,8.40193E-05,205,8359,96,10891,17867,6809,9.28675E-05,0.259427,0.00613449,0.395771,0,0.320849,0.0170601,2727,-2.6063172022827755E-06,-2.628461054531504E-06,0.0024274090261150413,8284.22,10323.8,14902.2,1.09472E+06,0,0,0,4.514
925000,1724.4204740941125,4542,4,5512,970,5250,BlackHole,800033,8.40193E-05,205,8359,96,10891,17867,6809,9.28675E-05,0.259427,0.00613449,0.395771,0,0.320849,0.0170601,2727,-2.6068887730661175E-06,-2.629032625314846E-06,0.0024274090261150413,8629.93,9336.49,14497,1.09411E+06,0,0,0,4.552
926000,1726.2845189868397,4541,4,5512,971,5250,BlackHole,800033,8.40193E-05,205,8360,96,10891,17867,6809,9.28675E-05,0.25965,0.00613449,0.395771,0,0.320626,0.0170601,2726,-2.606272848547839E-06,-2.6284167007965677E-06,0.0024274090261150413,8253.27,8413.88,14751.1,1.09381E+06,0,0,0,4.500
927000,1728.1485638795668,4540,4,5512,972,5250,BlackHole,800033,8.40193E-05,205,8361,96,10891,17867,6809,9.28675E-05,0.259654,0.00613449,0.395771,0,0.320622,0.0170601,2725,-2.606211378117626E-06,-2.6283552303663546E-06,0.0024274090261150413,7819.49,10817.5,14787.6,1.09446E+06,0,0,0,4.502
928000,1730.012608772294,4540,4,5512,972,5250,BlackHole,800033,8.40193E-05,205,8361,96,10891,17867,6809,9.28675E-05,0.259654,0.00613449,0.395771,0,0.320622,0.0170601,2725,-2.6063503796575985E-06,-2.628494231906327E-06,0.0024274090261150413,7617.92,9583.12,14559.1,1.0947E+06,0,0,0,4.497
929000,1731.8766536650212,4539,4,5512,973,5250,BlackHole,800033,8.40193E-05,205,8361,96,10892,17867,6810,9.28675E-05,0.259654,0.00613449,0.395899,0,0.320494,0.0170601,2724,-2.6057388900854454E-06,-2.627882742334174E-06,0.0024274090261150413,8340.03,8358.76,14591.5,1.09398E+06,0,0,0,4.527
930000,1733.7406985577484,4539,4,5512,973,5250,BlackHole,800033,8.40193E-05,205,8361,96,10892,17867,6810,9.28675E-05,0.259654,0.00613449,0.395899,0,0.320494,0.0170601,2724,-2.605283853683437E-06,-2.6274277059321657E-06,0.0024274090261150413,8118.4,11038.3,14697.9,1.09442E+06,0,0,0,4.533
931000,1735.6047434504756,4537,4,5512,975,5250,BlackHole,800033,8.40193E-05,205,8362,96,10893,17867,6811,9.28675E-05,0.259993,0.00613449,0.395934,0,0.320119,0.0170601,2722,-2.602359178734411E-06,-2.6245030309831395E-06,0.0024274090261150413,8445.62,9815.96,14681.6,1.09317E+06,0,0,0,4.507
932000,1737.4687883432027,4537,4,5512,975,5250,BlackHole,800033,8.40193E-05,205,8362,96,10893,17867,6811,9.28675E-05,0.259993,0.00613449,0.395934,0,0.320119,0.0170601,2722,-2.6024253629602467E-06,-2.6245692152089754E-06,0.0024274090261150413,7712.15,8727.26,14510.5,1.09266E+06,0,0,0,4.558
933000,1739.33283323593,4536,4,5512,976,5250,BlackHole,800033,8.40193E-05,205,8363,96,10893,17867,6811,9.28675E-05,0.259997,0.00613449,0.395934,0,0.320115,0.0170601,2721,-2.602315416414099E-06,-2.6244592686628275E-06,0.0024274090261150413,7543.68,11244.3,14854.9,1.08975E+06,0,0,0,4.508
934000,1741.196878128657,4536,4,5512,976,5250,BlackHole,800033,8.40193E-05,205,8363,96,10893,17867,6811,9.28675E-05,0.259997,0.00613449,0.395934,0,0.320115,0.0170601,2721,-2.6020380709528274E-06,-2.624181923201556E-06,0.0024274090261150413,8714.85,10062.3,14475.6,1.08902E+06,0,0,0,4.527
935000,1743.0609230213843,4536,4,5512,976,5250,BlackHole,800033,8.40193E-05,205,8363,96,10893,17867,6811,9.28675E-05,0.259997,0.00613449,0.395934,0,0.320115,0.0170601,2721,-2.6024200961349204E-06,-2.624563948383649E-06,0.0024274090261150413,8505.71,9092.48,14742.6,1.08936E+06,0,0,0,4.531
936000,1744.9249679141114,4536,4,5512,976,5250,BlackHole,800033,8.40193E-05,205,8363,96,10893,17867,6811,9.28675E-05,0.259997,0.00613449,0.395934,0,0.320115,0.0170601,2721,-2.60177698908609E-06,-2.6239208413348187E-06,0.0024274090261150413,8397.3,9484.65,14659.3,1.08941E+06,0,0,0,4.509
937000,1746.7890128068386,4536,4,5512,976,5250,BlackHole,800033,8.40193E-05,205,8363,96,10893,17867,6811,9.28675E-05,0.259997,0.00613449,0.395934,0,0.320115,0.0170601,2721,-2.6023247875382868E-06,-2.6244686397870155E-06,0.0024274090261150413,7618.32,10406,14747,1.09106E+06,0,0,0,4.495
938000,1748.6530576995658,4535,4,5512,977,5250,BlackHole,800033,8.40193E-05,205,8363,96,10894,17867,6812,9.28675E-05,0.259997,0.00613449,0.396041,0,0.320009,0.0170601,2720,-2.601086461989553E-06,-2.6232303142382816E-06,0.0024274090261150413,7473.16,9387.66,14633.3,1.09088E+06,0,0,0,4.505
939000,1750.517102592293,4535,4,5512,977,5250,BlackHole,800033,8.40193E-05,205,8363,96,10894,17867,6812,9.28675E-05,0.259997,0.00613449,0.396041,0,0.320009,0.0170601,2720,-2.5993667284137685E-06,-2.621510580662497E-06,0.0024274090261150413,8308.69,8327.81,14820.5,1.09034E+06,0,0,0,4.528
940000,1752.3811474850202,4532,4,5512,980,5250,BlackHole,800033,8.40193E-05,205,8366,96,10894,17867,6812,9.28675E-05,0.259997,0.00613449,0.396041,0,0.320009,0.0170601,2717,-2.5991522813534017E-06,-2.6212961336021304E-06,0.0024274090261150413,8346.71,10949.1,14661.2,1.09054E+06,0,0,0,4.524
941000,1754.2451923777473,4532,4,5512,980,5250,BlackHole,800033,8.40193E-05,205,8366,96,10894,17867,6812,9.28675E-05,0.259997,0.00613449,0.396041,0,0.320009,0.0170601,2717,-2.599134921277542E-06,-2.6212787735262706E-06,0.0024274090261150413,8210.04,9634.04,14519.3,1.08899E+06,0,0,0,4.510
942000,1756.1092372704745,4526,4,5512,986,5250,BlackHole,800033,8.40193E-05,205,8371,96,10895,17867,6813,9.28675E-05,0.259997,0.00613449,0.396156,0,0.319894,0.0170601,2711,-2.5986485274856916E-06,-2.6207923797344203E-06,0.0024274090261150413,7524.76,8417.51,14762.6,1.09177E+06,0,0,0,4.524
943000,1757.9732821632017,4526,4,5512,986,5250,BlackHole,800033,8.40193E-05,205,8371,96,10895,17867,6813,9.28675E-05,0.259997,0.00613449,0.396156,0,0.319894,0.0170601,2711,-2.598452827348005E-06,-2.6205966795967337E-06,0.0024274090261150413,7421.34,11501.6,14626.8,1.09185E+06,0,0,0,4.497
944000,1759.8373270559289,4524,4,5512,988,5250,BlackHole,800033,8.40193E-05,205,8373,96,10895,17867,6813,9.28675E-05,0.260589,0.00613449,0.396156,0,0.319302,0.0170601,2709,-2.5978638890489334E-06,-2.620007741297662E-06,0.0024274090261150413,8204.09,9859.31,14652.8,1.09169E+06,0,0,0,4.452
945000,1761.701371948656,4523,4,5512,989,5250,BlackHole,800033,8.40193E-05,205,8374,96,10895,17867,6813,9.28675E-05,0.260593,0.00613449,0.396156,0,0.319298,0.0170601,2708,-2.5973777511104457E-06,-2.6195216033591744E-06,0.0024274090261150413,8377.1,8801.49,14693,1.08989E+06,0,0,0,4.443
946000,1763.5654168413832,4523,4,5512,989,5250,BlackHole,800033,8.40193E-05,205,8374,96,10895,17867,6813,9.28675E-05,0.260593,0.00613449,0.396156,0,0.319298,0.0170601,2708,-2.597120947766652E-06,-2.6192648000153807E-06,0.0024274090261150413,8281.99,11203.1,14544.9,1.09287E+06,0,0,0,4.484
947000,1765.4294617341104,4523,4,5512,989,5250,BlackHole,800033,8.40193E-05,205,8374,96,10895,17867,6813,9.28675E-05,0.260593,0.00613449,0.396156,0,0.319298,0.0170601,2708,-2.5974888353404314E-06,-2.61963268758916E-06,0.0024274090261150413,7443.06,10122.2,14712,1.09235E+06,0,0,0,4.529
948000,1767.2935066268376,4523,4,5512,989,5250,BlackHole,800033,8.40193E-05,205,8374,96,10895,17867,6813,9.28675E-05,0.260593,0.00613449,0.396156,0,0.319298,0.0170601,2708,-2.597541093396392E-06,-2.6196849456451206E-06,0.0024274090261150413,7400.73,9153.69,15104.8,1.09218E+06,0,0,0,4.512
949000,1769.1575515195648,4522,4,5512,990,5250,BlackHole,800033,8.40193E-05,205,8374,96,10896,17867,6814,9.28675E-05,0.260593,0.00613449,0.396204,0,0.31925,0.0170601,2707,-2.596796194612154E-06,-2.6189400468608826E-06,0.0024274090261150413,8837.03,9123.49,14560.1,1.09135E+06,0,0,0,4.514
950000,1771.021596412292,4521,4,5512,991,5250,BlackHole,800033,8.40193E-05,205,8374,96,10897,17867,6815,9.28675E-05,0.260593,0.00613449,0.396571,0,0.318883,0.0170601,2706,-2.5940483612091037E-06,-2.6161922134578324E-06,0.0024274090261150413,8304.36,10488.8,14440.4,1.09093E+06,0,0,0,4.517
951000,1772.8856413050191,4515,4,5512,997,5250,BlackHole,800033,8.40193E-05,205,8380,96,10897,17867,6815,9.28675E-05,0.260593,0.00613449,0.396571,0,0.318883,0.0170601,2700,-2.5960730178250083E-06,-2.618216870073737E-06,0.0024274090261150413,8132.97,9433.64,14766.9,1.09369E+06,0,0,0,4.484
952000,1774.7496861977463,4514,4,5512,998,5250,BlackHole,800033,8.40193E-05,205,8380,96,10898,17867,6816,9.28675E-05,0.260593,0.00613449,0.396582,0,0.318872,0.0170601,2699,-2.594423290159674E-06,-2.6165671424084025E-06,0.0024274090261150413,7402.13,8289.28,14590.4,1.09457E+06,0,0,0,4.486
953000,1776.6137310904735,4513,4,5512,999,5250,BlackHole,800033,8.40193E-05,205,8380,96,10899,17867,6817,9.28675E-05,0.260593,0.00613449,0.396929,0,0.318525,0.0170601,2698,-2.592642997231541E-06,-2.6147868494802698E-06,0.0024274090261150413,7422.81,11086.6,14543.1,1.09531E+06,0,0,0,4.473
954000,1778.4777759832007,4513,4,5512,999,5250,BlackHole,800033,8.40193E-05,205,8380,96,10899,17867,6817,9.28675E-05,0.260593,0.00613449,0.396929,0,0.318525,0.0170601,2698,-2.5911392851585724E-06,-2.613283137407301E-06,0.0024274090261150413,8446.18,9670.92,14642.8,1.09221E+06,0,0,0,4.516
955000,1780.3418208759279,4513,4,5512,999,5250,BlackHole,800033,8.40193E-05,205,8380,96,10899,17867,6817,9.28675E-05,0.260593,0.00613449,0.396929,0,0.318525,0.0170601,2698,-2.59127525271638E-06,-2.6134191049651086E-06,0.0024274090261150413,8110.49,8485.38,15086.6,1.09362E+06,0,0,0,4.489
956000,1782.205865768655,4513,4,5512,999,5250,BlackHole,800033,8.40193E-05,205,8380,96,10899,17867,6817,9.28675E-05,0.260593,0.00613449,0.396929,0,0.318525,0.0170601,2698,-2.591000941854773E-06,-2.6131447941035016E-06,0.0024274090261150413,8137.93,11047.5,14412.8,1.09485E+06,0,0,0,4.479
957000,1784.0699106613822,4511,4,5512,1001,5250,BlackHole,800033,8.40193E-05,205,8380,96,10901,17867,6819,9.28675E-05,0.260593,0.00613449,0.397831,0,0.317623,0.0170601,2696,-2.5843108333575387E-06,-2.6064546856062674E-06,0.0024274090261150413,7424.89,9905.24,14751.4,1.09338E+06,0,0,0,4.526
958000,1785.9339555541094,4509,4,5512,1003,5250,BlackHole,800033,8.40193E-05,205,8380,96,10903,17867,6821,9.28675E-05,0.260593,0.00613449,0.398382,0,0.317072,0.0170601,2630,-2.5822894568426137E-06,-2.6044333090913424E-06,0.0024274090261150413,7513.32,8862.98,15910,1.12326E+06,0,0,0,4.485
959000,1787.7980004468366,4507,4,5512,1005,5250,BlackHole,800033,8.40193E-05,205,8381,96,10904,17867,6822,9.28675E-05,0.260605,0.00613449,0.398492,0,0.31695,0.0170601,2692,-2.5810345964888016E-06,-2.6031784487375303E-06,0.0024274090261150413,8755.2,10869.8,15179.6,1.09152E+06,0,0,0,4.501
960000,1789.6620453395637,4506,4,5512,1006,5250,BlackHole,800033,8.40193E-05,205,8382,96,10904,17867,6822,9.28675E-05,0.260609,0.00613449,0.398492,0,0.316946,0.0170601,2691,-2.5803215369494243E-06,-2.602465389198153E-06,0.0024274090261150413,8124.88,10174.1,14753.6,1.09075E+06,0,0,0,4.505
961000,1791.526090232291,4506,4,5512,1006,5250,BlackHole,800033,8.40193E-05,205,8382,96,10904,17867,6822,9.28675E-05,0.260609,0.00613449,0.398492,0,0.316946,0.0170601,2691,-2.579817611825827E-06,-2.6019614640745556E-06,0.0024274090261150413,8072.83,9203.81,14713.1,1.0897E+06,0,0,0,4.487
962000,1793.390135125018,4506,4,5512,1006,5250,BlackHole,800033,8.40193E-05,205,8382,96,10904,17867,6822,9.28675E-05,0.260609,0.00613449,0.398492,0,0.316946,0.0170601,2691,-2.5798673763166123E-06,-2.602011228565341E-06,0.0024274090261150413,7559.53,8822.07,14385.6,1.09204E+06,0,0,0,4.446
963000,1795.2541800177453,4506,4,5512,1006,5250,BlackHole,800033,8.40193E-05,205,8382,96,10904,17867,6822,9.28675E-05,0.260609,0.00613449,0.398492,0,0.316946,0.0170601,2691,-2.5801264746741952E-06,-2.602270326922924E-06,0.0024274090261150413,7703.78,10566.6,14439.3,1.09011E+06,0,0,0,4.461
964000,1797.1182249104725,4505,4,5512,1007,5250,BlackHole,800033,8.40193E-05,205,8383,96,10904,17867,6822,9.28675E-05,0.260617,0.00613449,0.398492,0,0.316938,0.0170601,2690,-2.5788392433338533E-06,-2.600983095582582E-06,0.0024274090261150413,8706.57,9478.46,14408.1,1.09094E+06,0,0,0,4.514
965000,1798.9822698031996,4504,4,5512,1008,5250,BlackHole,800033,8.40193E-05,205,8383,96,10905,17867,6823,9.28675E-05,0.260617,0.00613449,0.398874,0,0.316556,0.0170601,2689,-2.579093834055511E-06,-2.6012376863042397E-06,0.0024274090261150413,8042.21,8285.6,14946.9,1.08732E+06,0,0,0,4.495
966000,1800.8463146959268,4504,4,5512,1008,5250,BlackHole,800033,8.40193E-05,205,8383,96,10905,17867,6823,9.28675E-05,0.260617,0.00613449,0.398874,0,0.316556,0.0170601,2689,-2.579049132427586E-06,-2.601192984676315E-06,0.0024274090261150413,8003.13,11172.1,15102.4,1.08789E+06,0,0,0,4.499
967000,1802.710359588654,4503,4,5512,1009,5250,BlackHole,800033,8.40193E-05,205,8383,96,10906,17867,6824,9.28675E-05,0.260617,0.00613449,0.398891,0,0.316539,0.0170601,2688,-2.57854311950984E-06,-2.6006869717585686E-06,0.0024274090261150413,7852.75,9715.71,14539.3,1.08736E+06,0,0,0,4.529
968000,1804.5744044813812,4502,4,5512,1010,5250,BlackHole,800033,8.40193E-05,205,8383,96,10907,17867,6825,9.28675E-05,0.260617,0.00613449,0.398916,0,0.316514,0.0170601,2687,-2.578322343794535E-06,-2.6004661960432636E-06,0.0024274090261150413,7982.73,8558.8,14585.3,1.08893E+06,0,0,0,4.471
969000,1806.4384493741084,4502,4,5512,1010,5250,BlackHole,800033,8.40193E-05,205,8383,96,10907,17867,6825,9.28675E-05,0.260617,0.00613449,0.398916,0,0.316514,0.0170601,2687,-2.5781751090251556E-06,-2.6003189612738843E-06,0.0024274090261150413,8152.49,11195.4,14636.4,1.08902E+06,0,0,0,4.416
970000,1808.3024942668355,4502,4,5512,1010,5250,BlackHole,800033,8.40193E-05,205,8383,96,10907,17867,6825,9.28675E-05,0.260617,0.00613449,0.398916,0,0.316514,0.0170601,2687,-2.5782845771051424E-06,-2.600428429353871E-06,0.0024274090261150413,7944.21,9953.59,14523.8,1.08881E+06,0,0,0,4.445
971000,1810.1665391595627,4501,4,5512,1011,5250,BlackHole,800033,8.40193E-05,205,8383,96,10908,17867,6826,9.28675E-05,0.260617,0.00613449,0.399041,0,0.316389,0.0170601,2686,-2.576178399528949E-06,-2.5983222517776776E-06,0.0024274090261150413,7919.16,8945.25,14398,1.08865E+06,0,0,0,4.481
972000,1812.03058405229,4500,4,5512,1012,5250,BlackHole,800033,8.40193E-05,205,8383,96,10909,17867,6827,9.28675E-05,0.260617,0.00613449,0.399059,0,0.31637,0.0170601,2685,-2.5774417589136514E-06,-2.59958561116238E-06,0.0024274090261150413,8254.09,10352,14621.4,1.08833E+06,0,0,0,4.500
973000,1813.894628945017,4498,4,5512,1014,5250,BlackHole,800033,8.40193E-05,205,8383,96,10911,17867,6829,9.28675E-05,0.260617,0.00613449,0.399137,0,0.316293,0.0170601,2683,-2.5761552743957666E-06,-2.5982991266444953E-06,0.0024274090261150413,8316.66,10244.6,14940.1,1.08792E+06,0,0,0,4.492
974000,1815.7586738377443,4498,4,5512,1014,5250,BlackHole,800033,8.40193E-05,205,8383,96,10911,17867,6829,9.28675E-05,0.260617,0.00613449,0.399137,0,0.316293,0.0170601,2683,-2.576194229733867E-06,-2.5983380819825956E-06,0.0024274090261150413,8628.51,9270.12,14403.7,1.08811E+06,0,0,0,4.509
975000,1817.6227187304714,4498,4,5512,1014,5250,BlackHole,800033,8.40193E-05,205,8383,96,10911,17867,6829,9.28675E-05,0.260617,0.00613449,0.399137,0,0.316293,0.0170601,2683,-2.5763620435322836E-06,-2.5985058957810123E-06,0.0024274090261150413,7827.38,8595.43,14545,1.08792E+06,0,0,0,4.482
976000,1819.4867636231986,4497,4,5512,1015,5250,BlackHole,800033,8.40193E-05,205,8383,96,10912,17867,6830,9.28675E-05,0.260617,0.00613449,0.399378,0,0.316052,0.0170601,2682,-2.573120326013466E-06,-2.5952641782621946E-06,0.0024274090261150413,7825.65,10670.9,14523.2,1.08888E+06,0,0,0,4.465
977000,1821.3508085159258,4497,4,5512,1015,5250,BlackHole,800033,8.40193E-05,205,8383,96,10912,17867,6830,9.28675E-05,0.260617,0.00613449,0.399378,0,0.316052,0.0170601,2682,-2.5730661786759085E-06,-2.595210030924637E-06,0.0024274090261150413,8764.43,9526.16,14403.5,1.0883E+06,0,0,0,4.472
978000,1823.214853408653,4497,4,5512,1015,5250,BlackHole,800033,8.40193E-05,205,8383,96,10912,17867,6830,9.28675E-05,0.260617,0.00613449,0.399378,0,0.316052,0.0170601,2682,-2.5726070715870363E-06,-2.594750923835765E-06,0.0024274090261150413,8294.82,8305.91,14716.1,1.08823E+06,0,0,0,4.475
979000,1825.0788983013801,4495,4,5512,1017,5250,BlackHole,800033,8.40193E-05,205,8383,96,10914,17867,6832,9.28675E-05,0.260617,0.00613449,0.399836,0,0.315594,0.0170601,2680,-2.571791605318709E-06,-2.5939354575674376E-06,0.0024274090261150413,8276.06,11173.5,14386.2,1.08795E+06,0,0,0,4.515
980000,1826.9429431941073,4495,4,5512,1017,5250,BlackHole,800033,8.40193E-05,205,8383,96,10914,17867,6832,9.28675E-05,0.260617,0.00613449,0.399836,0,0.315594,0.0170601,2680,-2.570941389321744E-06,-2.593085241570473E-06,0.0024274090261150413,7718.83,9760.54,14594.3,1.08747E+06,0,0,0,4.482
981000,1828.8069880868345,4495,4,5512,1017,5250,BlackHole,800033,8.40193E-05,205,8383,96,10914,17867,6832,9.28675E-05,0.260617,0.00613449,0.399836,0,0.315594,0.0170601,2680,-2.5712851541664136E-06,-2.5934290064151423E-06,0.0024274090261150413,7738.24,8634.48,14778.5,1.08729E+06,0,0,0,4.481
982000,1830.6710329795617,4495,4,5512,1017,5250,BlackHole,800033,8.40193E-05,205,8383,96,10914,17867,6832,9.28675E-05,0.260617,0.00613449,0.399836,0,0.315594,0.0170601,2680,-2.570353959960446E-06,-2.5924978122091746E-06,0.0024274090261150413,8644.42,11384,14388.8,1.08751E+06,0,0,0,4.522
983000,1832.5350778722889,4494,4,5512,1018,5250,BlackHole,800033,8.40193E-05,205,8383,96,10915,17867,6833,9.28675E-05,0.260617,0.00613449,0.39984,0,0.31559,0.0170601,2679,-2.5710609025665173E-06,-2.593204754815246E-06,0.0024274090261150413,8270.1,10004.6,14447.1,1.08702E+06,0,0,0,4.484
984000,1834.399122765016,4494,4,5512,1018,5250,BlackHole,800033,8.40193E-05,205,8383,96,10915,17867,6833,9.28675E-05,0.260617,0.00613449,0.39984,0,0.31559,0.0170601,2679,-2.5708635011566027E-06,-2.5930073534053314E-06,0.0024274090261150413,8533.65,9013.32,14580.9,1.08633E+06,0,0,0,4.483
985000,1836.2631676577432,4494,4,5512,1018,5250,BlackHole,800033,8.40193E-05,205,8383,96,10915,17867,6833,9.28675E-05,0.260617,0.00613449,0.39984,0,0.31559,0.0170601,2679,-2.5714692029853527E-06,-2.5936130552340814E-06,0.0024274090261150413,7624.57,9875.18,14787.1,1.08697E+06,0,0,0,4.474
986000,1838.1272125504704,4492,4,5512,1020,5250,BlackHole,800033,8.40193E-05,205,8383,96,10917,17867,6835,9.28675E-05,0.260617,0.00613449,0.399995,0,0.315435,0.0170601,2677,-2.570731275091356E-06,-2.592875127340085E-06,0.0024274090261150413,7661.51,10314.6,14442.5,1.08598E+06,0,0,0,4.478
987000,1839.9912574431976,4490,4,5512,1022,5250,BlackHole,800033,8.40193E-05,205,8384,96,10918,17867,6836,9.28675E-05,0.260678,0.00613449,0.400009,0,0.31536,0.0170601,2675,-2.571166880390688E-06,-2.593310732639417E-06,0.0024274090261150413,8623.65,9315.8,14642.5,1.08477E+06,0,0,0,4.444
988000,1841.8553023359248,4489,4,5512,1023,5250,BlackHole,800033,8.40193E-05,205,8384,96,10919,17867,6837,9.28675E-05,0.260678,0.00613449,0.400036,0,0.315333,0.0170601,2674,-2.5709345190763763E-06,-2.593078371325105E-06,0.0024274090261150413,8393.18,8438.91,14592,1.08513E+06,0,0,0,4.461
989000,1843.719347228652,4489,4,5512,1023,5250,BlackHole,800033,8.40193E-05,205,8384,96,10919,17867,6837,9.28675E-05,0.260678,0.00613449,0.400036,0,0.315333,0.0170601,2674,-2.570670316808408E-06,-2.5928141690571366E-06,0.0024274090261150413,8476.78,10785.8,14207.1,1.08359E+06,0,0,0,4.505
990000,1845.5833921213791,4489,4,5512,1023,5250,BlackHole,800033,8.40193E-05,205,8384,96,10919,17867,6837,9.28675E-05,0.260678,0.00613449,0.400036,0,0.315333,0.0170601,2674,-2.5710829656233817E-06,-2.5932268178721104E-06,0.0024274090261150413,7531.03,9572.15,14388.6,1.08415E+06,0,0,0,4.475
991000,1847.4474370141063,4489,4,5512,1023,5250,BlackHole,800033,8.40193E-05,205,8384,96,10919,17867,6837,9.28675E-05,0.260678,0.00613449,0.400036,0,0.315333,0.0170601,2674,-2.5700676565094227E-06,-2.5922115087581514E-06,0.0024274090261150413,7588.02,8347.02,14484.6,1.08602E+06,0,0,0,4.482
992000,1849.3114819068335,4487,4,5512,1025,5250,BlackHole,800033,8.40193E-05,205,8386,96,10919,17867,6837,9.28675E-05,0.260689,0.00613449,0.400036,0,0.315323,0.0170601,2672,-2.570414222397839E-06,-2.5925580746465675E-06,0.0024274090261150413,8985.43,11344.2,14446,1.08769E+06,0,0,0,4.509
993000,1851.1755267995607,4487,4,5512,1025,5250,BlackHole,800033,8.40193E-05,205,8386,96,10919,17867,6837,9.28675E-05,0.260689,0.00613449,0.400036,0,0.315323,0.0170601,2672,-2.570250923454055E-06,-2.592394775702784E-06,0.0024274090261150413,8371.77,9804.15,13604.7,1.08508E+06,0,0,0,4.475
994000,1853.0395716922878,4485,4,5512,1027,5250,BlackHole,800033,8.40193E-05,205,8386,96,10921,17867,6839,9.28675E-05,0.260689,0.00613449,0.400806,0,0.314553,0.0170601,2670,-2.5646501616656927E-06,-2.5867940139144213E-06,0.0024274090261150413,8119,8710.01,13435.4,1.08414E+06,0,0,0,4.426
995000,1854.903616585015,4485,4,5512,1027,5250,BlackHole,800033,8.40193E-05,205,8386,96,10921,17867,6839,9.28675E-05,0.260689,0.00613449,0.400806,0,0.314553,0.0170601,2670,-2.564198044363504E-06,-2.5863418966122325E-06,0.0024274090261150413,7447.58,11099,13333.9,1.08452E+06,0,0,0,4.450
996000,1856.7676614777422,4483,4,5512,1029,5250,BlackHole,800033,8.40193E-05,205,8387,96,10922,17867,6840,9.28675E-05,0.260701,0.00613449,0.40085,0,0.314497,0.0170601,2668,-2.5638107538740354E-06,-2.585954606122764E-06,0.0024274090261150413,7513.9,10048.9,13683.7,1.08453E+06,0,0,0,4.506
997000,1858.6317063704694,4483,4,5512,1029,5250,BlackHole,800033,8.40193E-05,205,8387,96,10922,17867,6840,9.28675E-05,0.260701,0.00613449,0.40085,0,0.314497,0.0170601,2668,-2.5634631853769566E-06,-2.5856070376256853E-06,0.0024274090261150413,8419.93,9078.03,13440.2,1.08452E+06,0,0,0,4.489
998000,1860.4957512631966,4483,4,5512,1029,5250,BlackHole,800033,8.40193E-05,205,8387,96,10922,17867,6840,9.28675E-05,0.260701,0.00613449,0.40085,0,0.314497,0.0170601,2668,-2.5631544404574497E-06,-2.5852982927061783E-06,0.0024274090261150413,8309.98,9505.9,14370.2,1.08496E+06,0,0,0,4.473
999000,1862.3597961559237,4482,4,5512,1030,5250,BlackHole,800033,8.40193E-05,205,8387,96,10923,17867,6841,9.28675E-05,0.260701,0.00613449,0.400863,0,0.314483,0.0170601,2667,-2.5643025218726797E-06,-2.5864463741214084E-06,0.0024274090261150413,8377.48,10387,13648.4,1.08401E+06,0,0,0,4.509
1000000,1864.223841048651,4482,4,5512,1030,5250,BlackHole,800033,8.40193E-05,205,8387,96,10923,17867,6841,9.28675E-05,0.260701,0.00613449,0.400863,0,0.314483,0.0170601,2667,-2.562664146249155E-06,-2.5848079984978836E-06,0.0024274090261150413,7403.18,9367.23,13326.3,1.08406E+06,0,0,0,4.470
