step,year,live,pullers,N,free_slots,compact_slot,compact_phase,compact_mass_earth,compact_R,merge_compact,merge_other,merge_unattr,roche_events,roche_fragments,roche_zero_frag,belt_frac_compact,belt_frac_other,belt_frac_roche_escaped,belt_frac_reservoir,belt_frac_sublimated,belt_frac_alive_bound,belt_frac_alive_unbound,cloud_n,cloud_E,cloud_E_plus_merged,roche_dissipated,peri_min_Rc,peri_p01_Rc,peri_p10_Rc,peri_p50_Rc,peri_lt10Rc,peri_lt100Rc,peri_lt1000Rc,ms_per_step
0,0.17894830970484318,5251,11,5251,261,5250,NeutronStar,466700,0.000237092,0,0,0,0,0,0,0,0,0,0,0,1,0,5000,-8.373798844911849E-06,-8.373798844911849E-06,0,0.153978,96.4233,8383.66,705158,20,52,189,0.000
50,0.2721505543427825,5511,10,5512,1,5250,NeutronStar,466700,0.000237092,0,1,11,524,675,317,0,8.3689E-11,7.32451E-10,0.0472485,0,0.928707,0.0238019,5074,-4.344597085746723E-06,-4.344597085746723E-06,0.16478888836944383,0.097642,98.9462,4638.22,497166,14,51,159,12.280
100,0.36535279898072076,5512,10,5512,0,5250,NeutronStar,466700,0.000237092,0,1,72,864,893,571,0,8.3689E-11,8.23007E-10,0.0793587,0,0.605804,0.314415,3602,-2.9673545975251093E-06,-2.9673545975251093E-06,0.16566986326197922,1.43566,181.599,3560.29,109982,9,28,68,10.087
150,0.458555043618659,5509,10,5512,3,5250,NeutronStar,466700,0.000237092,0,3,110,1301,1187,870,0,8.3689E-11,4.28538E-09,0.109511,0,0.38641,0.503503,2605,-1.715806267908296E-06,-1.715806267908296E-06,0.16624053815184756,0.0264438,174.413,2795.11,52275.1,5,21,57,10.141
200,0.5517572882565988,5396,10,5512,116,5250,NeutronStar,466700,0.000237092,50,137,112,1448,1391,960,4.99939E-06,0.00490063,0.00462354,0.112511,0,0.0087828,0.868448,645,-3.2757520451935697E-07,-3.292587467100574E-07,0.16624116740991954,1758.08,1758.08,2221.54,4884.77,0,0,0,8.895
250,0.6449595328945398,5512,8,5512,0,5250,BlackHole,800033,8.40193E-05,242,139,118,1617,1862,1050,0.00013733,0.00541083,0.00462566,0.116332,0,0.861568,0.0111968,4879,-7.97263152554443E-06,-7.998686717468933E-06,0.16624220268789222,366.853,8065.24,61425.9,1.10575E+06,0,0,1,8.928
300,0.7381617775324808,5511,8,5512,1,5250,BlackHole,800033,8.40193E-05,242,141,118,1626,1872,1054,0.00013733,0.00602199,0.00462566,0.116901,0,0.860388,0.0111968,4878,-7.935433274007688E-06,-7.961488465932191E-06,0.1662422027705245,366.842,8020.78,61430.4,1.10584E+06,0,0,1,7.517
350,0.8313640221704218,5509,8,5512,3,5250,BlackHole,800033,8.40193E-05,242,142,118,1629,1874,1056,0.00013733,0.00607966,0.00462566,0.117466,0,0.859765,0.0111968,4876,-7.916775695602808E-06,-7.94283088752731E-06,0.1662422027705245,6967.04,7975.41,61439.5,1.10588E+06,0,0,0,7.644
400,0.9245662668083628,5509,8,5512,3,5250,BlackHole,800033,8.40193E-05,242,142,118,1629,1874,1056,0.00013733,0.00607966,0.00462566,0.117466,0,0.859765,0.0111968,4875,-7.916322020588463E-06,-7.942377212512966E-06,0.1662422027705245,6366.19,7933.94,61400.6,1.10563E+06,0,0,0,6.893
450,1.0177685114463029,5511,7,5512,1,5250,BlackHole,800033,8.40193E-05,242,149,118,1630,1884,1056,0.00013733,0.00716815,0.00462566,0.117466,0,0.858677,0.0111968,5119,-8.007863253020299E-06,-8.033918444944802E-06,0.18100837248873852,6626.17,7905.25,79345,1.06482E+06,0,0,0,7.503
500,1.1109707560842383,5511,7,5512,1,5250,BlackHole,800033,8.40193E-05,242,151,118,1696,1948,1090,0.00013733,0.00716815,0.00462566,0.117579,0,0.858564,0.0111968,5117,-8.004867856309755E-06,-8.030923048234258E-06,0.18100837248873852,6975.62,8369.02,75238.5,1.06527E+06,0,0,0,6.947
550,1.2041730007221738,5510,7,5512,2,5250,BlackHole,800033,8.40193E-05,242,152,118,1696,1948,1090,0.00013733,0.00717321,0.00462566,0.117579,0,0.858559,0.0111968,5115,-8.005990690360794E-06,-8.032045882285296E-06,0.18100837248873852,6947.08,9209.73,79392,1.06535E+06,0,0,0,7.226
600,1.2973752453601093,5511,7,5512,1,5250,BlackHole,800033,8.40193E-05,242,152,118,1699,1952,1092,0.00013733,0.00717321,0.00462566,0.117579,0,0.858559,0.0111968,5117,-8.004608247026713E-06,-8.030663438951216E-06,0.18100837248873852,6865.34,9081.87,75249.8,1.0653E+06,0,0,0,7.642
650,1.3905774899980448,5511,7,5512,1,5250,BlackHole,800033,8.40193E-05,242,152,118,1699,1952,1092,0.00013733,0.00717321,0.00462566,0.117579,0,0.858559,0.0111968,5117,-8.004185811333328E-06,-8.030241003257831E-06,0.18100837248873852,6934.58,8811.13,75256.1,1.0653E+06,0,0,0,6.815
700,1.4837797346359802,5511,7,5512,1,5250,BlackHole,800033,8.40193E-05,242,152,118,1699,1952,1092,0.00013733,0.00717321,0.00462566,0.117579,0,0.858559,0.0111968,5117,-8.004421200868619E-06,-8.030476392793121E-06,0.18100837248873852,6946.9,9022.44,74915.7,1.0653E+06,0,0,0,6.875
750,1.5769819792739157,5509,7,5512,3,5250,BlackHole,800033,8.40193E-05,242,155,118,1700,1954,1092,0.00013733,0.00734579,0.00462566,0.117579,0,0.858387,0.0111968,5115,-7.99925547037398E-06,-8.025310662298483E-06,0.18100837248873852,6961.29,9122.14,71321.7,1.0654E+06,0,0,0,6.989
800,1.6701842239118512,5506,7,5512,6,5250,BlackHole,800033,8.40193E-05,242,157,118,1701,1954,1093,0.00013733,0.00736043,0.00462566,0.117691,0,0.85826,0.0111968,5112,-7.994353560953853E-06,-8.020408752878356E-06,0.18100837248873852,6439.23,8800.42,71324.6,1.06832E+06,0,0,0,6.457
850,1.7633864685497866,5506,7,5512,6,5250,BlackHole,800033,8.40193E-05,242,157,118,1701,1954,1093,0.00013733,0.00736043,0.00462566,0.117691,0,0.85826,0.0111968,5112,-7.993663672886924E-06,-8.019718864811427E-06,0.18100837248873852,6573.11,8639.75,71330.4,1.06831E+06,0,0,0,6.862
900,1.8565887131877221,5506,7,5512,6,5250,BlackHole,800033,8.40193E-05,242,157,118,1701,1954,1093,0.00013733,0.00736043,0.00462566,0.117691,0,0.85826,0.0111968,5112,-7.994232542613732E-06,-8.020287734538235E-06,0.18100837248873852,6892.69,9152.71,71845.2,1.06831E+06,0,0,0,7.021
950,1.9497909578256576,5505,7,5512,7,5250,BlackHole,800033,8.40193E-05,242,158,118,1701,1954,1093,0.00013733,0.00737012,0.00462566,0.117691,0,0.85825,0.0111968,5111,-7.993672180395407E-06,-8.01972737231991E-06,0.18100837248873852,6908.63,9127.17,71320.8,1.06833E+06,0,0,0,7.201
1000,2.042993202463593,5505,7,5512,7,5250,BlackHole,800033,8.40193E-05,242,158,118,1701,1954,1093,0.00013733,0.00737012,0.00462566,0.117691,0,0.85825,0.0111968,5111,-7.99413245831558E-06,-8.020187650240083E-06,0.18100837248873852,6870.27,9083.61,71327,1.06833E+06,0,0,0,7.607
1050,2.1361954471015285,5505,7,5512,7,5250,BlackHole,800033,8.40193E-05,242,158,118,1701,1954,1093,0.00013733,0.00737012,0.00462566,0.117691,0,0.85825,0.0111968,5111,-7.993616380788115E-06,-8.019671572712618E-06,0.18100837248873852,6448.1,9058.36,71328.6,1.06833E+06,0,0,0,6.585
1100,2.229397691739464,5505,7,5512,7,5250,BlackHole,800033,8.40193E-05,242,158,118,1701,1954,1093,0.00013733,0.00737012,0.00462566,0.117691,0,0.85825,0.0111968,5111,-7.993571580011338E-06,-8.019626771935841E-06,0.18100837248873852,6468.97,8805.14,71341.4,1.06834E+06,0,0,0,6.991
1150,2.3225999363773995,5504,7,5512,8,5250,BlackHole,800033,8.40193E-05,242,159,118,1701,1954,1093,0.00013733,0.00740015,0.00462566,0.117691,0,0.85822,0.0111968,5110,-7.993886914771932E-06,-8.019942106696435E-06,0.18100837248873852,6869.45,8906.49,71274.8,1.06844E+06,0,0,0,6.681
1200,2.415802181015335,5504,7,5512,8,5250,BlackHole,800033,8.40193E-05,242,159,118,1701,1954,1093,0.00013733,0.00740015,0.00462566,0.117691,0,0.85822,0.0111968,5110,-7.992737027154338E-06,-8.018792219078841E-06,0.18100837248873852,6317.38,8900.08,71323.9,1.06843E+06,0,0,0,6.272
1250,2.5090044256532704,5503,7,5512,9,5250,BlackHole,800033,8.40193E-05,242,160,118,1701,1954,1093,0.00013733,0.00740479,0.00462566,0.117691,0,0.858215,0.0111968,5109,-7.994041733298268E-06,-8.02009692522277E-06,0.18100837248873852,6601.13,9036.2,70519.2,1.06846E+06,0,0,0,6.581
1300,2.602206670291206,5503,7,5512,9,5250,BlackHole,800033,8.40193E-05,242,160,118,1701,1954,1093,0.00013733,0.00740479,0.00462566,0.117691,0,0.858215,0.0111968,5108,-7.993547279817735E-06,-8.019602471742238E-06,0.18100837248873852,6948.6,8720.51,71331.4,1.06893E+06,0,0,0,6.916
1350,2.6954089149291414,5503,7,5512,9,5250,BlackHole,800033,8.40193E-05,242,160,118,1701,1954,1093,0.00013733,0.00740479,0.00462566,0.117691,0,0.858215,0.0111968,5108,-7.993303710701815E-06,-8.019358902626318E-06,0.18100837248873852,6423.66,8807.95,71384.6,1.06896E+06,0,0,0,7.088
1400,2.788611159567077,5503,7,5512,9,5250,BlackHole,800033,8.40193E-05,242,160,118,1701,1954,1093,0.00013733,0.00740479,0.00462566,0.117691,0,0.858215,0.0111968,5108,-7.993218377493808E-06,-8.019273569418311E-06,0.18100837248873852,6875.15,9014.7,71312.2,1.06896E+06,0,0,0,7.348
1450,2.8818134042050123,5503,7,5512,9,5250,BlackHole,800033,8.40193E-05,242,160,118,1701,1954,1093,0.00013733,0.00740479,0.00462566,0.117691,0,0.858215,0.0111968,5108,-7.993897398900392E-06,-8.019952590824895E-06,0.18100837248873852,6429.63,8582.58,71325.1,1.06893E+06,0,0,0,6.637
1500,2.975015648842948,5512,7,5512,0,5250,BlackHole,800033,8.40193E-05,242,160,118,1702,1964,1093,0.00013733,0.00740479,0.00462566,0.117691,0,0.858215,0.0111968,5117,-7.993070651078944E-06,-8.019125843003446E-06,0.18100837248873852,6693.67,8770.56,63735.7,1.06538E+06,0,0,0,6.984
1550,3.0682178934808833,5511,7,5512,1,5250,BlackHole,800033,8.40193E-05,242,161,118,1702,1964,1093,0.00013733,0.00742251,0.00462566,0.117691,0,0.858198,0.0111968,5116,-7.992913014081597E-06,-8.0189682060061E-06,0.18100837248873852,7092.28,9551.37,63713.5,1.06545E+06,0,0,0,6.765
1600,3.1614201381188187,5512,7,5512,0,5250,BlackHole,800033,8.40193E-05,242,163,118,1703,1968,1093,0.00013733,0.0079244,0.00462566,0.117691,0,0.857696,0.0111968,5117,-7.97952077771258E-06,-8.005575969637084E-06,0.18100837248873852,6876.72,8829.01,62033.8,1.06543E+06,0,0,0,6.583
1650,3.254622382756754,5512,7,5512,0,5250,BlackHole,800033,8.40193E-05,242,163,118,1703,1968,1093,0.00013733,0.0079244,0.00462566,0.117691,0,0.857696,0.0111968,5117,-7.979135789070893E-06,-8.005190980995396E-06,0.18100837248873852,6335.87,8547.04,62179.9,1.06541E+06,0,0,0,6.488
1700,3.3478246273946897,5512,7,5512,0,5250,BlackHole,800033,8.40193E-05,242,163,118,1703,1968,1093,0.00013733,0.0079244,0.00462566,0.117691,0,0.857696,0.0111968,5117,-7.97927878244009E-06,-8.005333974364593E-06,0.18100837248873852,5789.08,8750.39,62168,1.06542E+06,0,0,0,6.974
1750,3.441026872032625,5511,7,5512,1,5250,BlackHole,800033,8.40193E-05,242,164,118,1703,1968,1093,0.00013733,0.00797102,0.00462566,0.117691,0,0.857649,0.0111968,5114,-7.979223365965068E-06,-8.005278557889571E-06,0.18100837248873852,7034.85,9391.76,63187.2,1.06555E+06,0,0,0,6.987
1800,3.5342291166705606,5510,7,5512,2,5250,BlackHole,800033,8.40193E-05,242,165,118,1703,1968,1093,0.00013733,0.00797561,0.00462566,0.117691,0,0.857645,0.0111968,5113,-7.978283503559039E-06,-8.004338695483542E-06,0.18100837248873852,6535.36,8715.45,62612.9,1.06552E+06,0,0,0,7.305
1850,3.627431361308496,5509,7,5512,3,5250,BlackHole,800033,8.40193E-05,242,165,118,1704,1968,1094,0.00013733,0.00797561,0.00462566,0.118254,0,0.857082,0.0111968,5112,-7.973479163309762E-06,-7.999534355234264E-06,0.18100837248873852,5614.27,8714.77,62711.5,1.06848E+06,0,0,0,6.838
1900,3.7206336059464316,5506,7,5512,6,5250,BlackHole,800033,8.40193E-05,242,168,118,1704,1968,1094,0.00013733,0.00825693,0.00462566,0.118254,0,0.856801,0.0111968,5109,-7.964263740287795E-06,-7.990318932212298E-06,0.18100837248873852,5614.63,8805.44,62279.7,1.06861E+06,0,0,0,6.985
1950,3.813835850584367,5506,7,5512,6,5250,BlackHole,800033,8.40193E-05,242,168,118,1704,1968,1094,0.00013733,0.00825693,0.00462566,0.118254,0,0.856801,0.0111968,5109,-7.963382586384673E-06,-7.989437778309176E-06,0.18100837248873852,5613.97,9000.88,62221.5,1.06864E+06,0,0,0,6.814
2000,3.9070380952223025,5506,7,5512,6,5250,BlackHole,800033,8.40193E-05,242,168,118,1704,1968,1094,0.00013733,0.00825693,0.00462566,0.118254,0,0.856801,0.0111968,5109,-7.964797047690852E-06,-7.990852239615355E-06,0.18100837248873852,5613.86,8829.59,62278.4,1.06867E+06,0,0,0,6.238
3000,5.771082987981434,5492,7,5512,20,5250,BlackHole,800033,8.40193E-05,242,184,118,1716,1982,1105,0.00013733,0.0100562,0.00462566,0.119649,0,0.853606,0.0111968,5081,-7.897310149430746E-06,-7.923365341355249E-06,0.18100837248873852,5614.98,8584.09,66548.5,1.07252E+06,0,0,0,6.314
4000,7.635127880740588,5478,7,5512,34,5250,BlackHole,800033,8.40193E-05,242,194,118,1720,1982,1109,0.00013733,0.0110359,0.00462566,0.119653,0,0.852622,0.0111968,5067,-7.855765077046562E-06,-7.881820268971065E-06,0.18100837248873852,6712.8,8907.2,70744.4,1.07433E+06,0,0,0,6.300
5000,9.49917277349974,5465,7,5512,47,5250,BlackHole,800033,8.40193E-05,242,204,118,1723,1982,1112,0.00013733,0.0112655,0.00462566,0.119653,0,0.852393,0.0111968,5054,-7.816681593962332E-06,-7.842736785886835E-06,0.18100837248873852,6923.18,9220.63,79457.9,1.07537E+06,0,0,0,6.241
6000,11.363217666258894,5442,7,5512,70,5250,BlackHole,800033,8.40193E-05,242,223,118,1727,1982,1116,0.00013733,0.0127927,0.00462566,0.120211,0,0.850307,0.0111968,5031,-7.768241342303395E-06,-7.794296534227898E-06,0.18100837248873852,6913.85,8971.35,85620.6,1.07989E+06,0,0,0,6.279
7000,13.227262559018047,5435,7,5512,77,5250,BlackHole,800033,8.40193E-05,242,230,118,1727,1982,1116,0.00013733,0.0129461,0.00462566,0.120211,0,0.850154,0.0111968,5024,-7.764064620123628E-06,-7.79011981204813E-06,0.18100837248873852,6966.42,8715.44,85653.3,1.07999E+06,0,0,0,6.319
8000,15.091307451777201,5426,7,5512,86,5250,BlackHole,800033,8.40193E-05,242,237,118,1729,1982,1118,0.00013733,0.0140584,0.00462566,0.120541,0,0.848712,0.0111968,5015,-7.728364621962048E-06,-7.754419813886551E-06,0.18100837248873852,6714.25,8565.68,79745,1.08008E+06,0,0,0,6.279
9000,16.955352344536355,5413,7,5512,99,5250,BlackHole,800033,8.40193E-05,242,248,118,1731,1982,1120,0.00013733,0.0170087,0.00462566,0.121412,0,0.844891,0.0111968,5002,-7.635637462043814E-06,-7.661692653968317E-06,0.18100837248873852,6761,9004.83,79618.5,1.08227E+06,0,0,0,6.183
10000,18.819397237295508,5401,7,5512,111,5250,BlackHole,800033,8.40193E-05,242,259,118,1732,1982,1121,0.00013733,0.0175416,0.00462566,0.121412,0,0.844358,0.0111968,4990,-7.613490582948381E-06,-7.639545774872884E-06,0.18100837248873852,7012.38,8960.42,85582.5,1.0837E+06,0,0,0,6.214
11000,20.68344213005466,5382,7,5512,130,5250,BlackHole,800033,8.40193E-05,242,273,118,1737,1982,1126,0.00013733,0.0182588,0.00462566,0.123069,0,0.841984,0.0111968,4971,-7.562851952939891E-06,-7.588907144864393E-06,0.18100837248873852,6925.1,9133.58,99310.9,1.08719E+06,0,0,0,6.195
12000,22.547487022813815,5373,7,5512,139,5250,BlackHole,800033,8.40193E-05,242,282,118,1737,1982,1126,0.00013733,0.0193147,0.00462566,0.123069,0,0.840928,0.0111968,4962,-7.534253763859692E-06,-7.560308955784194E-06,0.18100837248873852,6882.16,9524.59,99857.3,1.09104E+06,0,0,0,6.112
13000,24.41153191557297,5361,7,5512,151,5250,BlackHole,800033,8.40193E-05,242,290,118,1741,1982,1130,0.00013733,0.0204871,0.00462566,0.12374,0,0.839084,0.0111968,4950,-7.476603128319109E-06,-7.502658320243611E-06,0.18100837248873852,6864.41,9169.58,100013,1.09256E+06,0,0,0,5.989
14000,26.275576808332122,5343,7,5512,169,5250,BlackHole,800033,8.40193E-05,242,305,118,1744,1982,1133,0.00013733,0.020868,0.00462566,0.124688,0,0.837755,0.0111968,4932,-7.462172958124725E-06,-7.4882281500492266E-06,0.18100837248873852,6819.13,8602.99,115597,1.09505E+06,0,0,0,6.137
15000,28.139621701091276,5342,7,5512,170,5250,BlackHole,800033,8.40193E-05,242,306,118,1744,1982,1133,0.00013733,0.0208736,0.00462566,0.124688,0,0.83775,0.0111968,4931,-7.462172684697691E-06,-7.488227876622193E-06,0.18100837248873852,6830.55,8720.78,115608,1.09488E+06,0,0,0,6.103
16000,30.00366659385043,5335,7,5512,177,5250,BlackHole,800033,8.40193E-05,242,313,118,1744,1982,1133,0.00013733,0.0215211,0.00462566,0.124688,0,0.837102,0.0111968,4924,-7.4436614098772895E-06,-7.4697166018017914E-06,0.18100837248873852,6872.42,8944.65,115582,1.09577E+06,0,0,0,6.105
17000,31.867711486609583,5329,7,5512,183,5250,BlackHole,800033,8.40193E-05,242,317,118,1746,1982,1135,0.00013733,0.0215308,0.00462566,0.125225,0,0.836555,0.0111968,4918,-7.428217261477582E-06,-7.454272453402084E-06,0.18100837248873852,6943.87,8807,117041,1.09795E+06,0,0,0,6.156
18000,33.731756379365436,5323,7,5512,189,5250,BlackHole,800033,8.40193E-05,242,321,118,1748,1982,1137,0.00013733,0.0219191,0.00462566,0.12527,0,0.836123,0.0111968,4912,-7.425570906070109E-06,-7.451626097994611E-06,0.18100837248873852,6936.89,8965.36,119244,1.09798E+06,0,0,0,6.126
19000,35.59580127212104,5254,7,5512,258,5250,BlackHole,800033,8.40193E-05,242,388,118,1750,1982,1139,0.00013733,0.0219498,0.00462566,0.125274,0,0.836088,0.0111968,4843,-7.412815949393797E-06,-7.438871141318299E-06,0.18100837248873852,6873.52,8770.4,183722,1.10827E+06,0,0,0,6.099
20000,37.45984616487664,5246,7,5512,266,5250,BlackHole,800033,8.40193E-05,242,392,118,1754,1982,1143,0.00013733,0.0219546,0.00462566,0.126928,0,0.834429,0.0111968,4835,-7.377117736184172E-06,-7.403172928108674E-06,0.18100837248873852,6886.81,8480.45,184296,1.10893E+06,0,0,0,6.008
21000,39.32389105763224,5237,7,5512,275,5250,BlackHole,800033,8.40193E-05,242,396,118,1759,1982,1148,0.00013733,0.0227725,0.00462566,0.127276,0,0.833263,0.0111968,4826,-7.339933877678627E-06,-7.365989069603129E-06,0.18100837248873852,6864.46,9231.3,184824,1.1107E+06,0,0,0,5.987
22000,41.18793595038784,5234,7,5512,278,5250,BlackHole,800033,8.40193E-05,242,398,118,1760,1982,1149,0.00013733,0.0227761,0.00462566,0.127684,0,0.832851,0.0111968,4823,-7.326931301861293E-06,-7.352986493785795E-06,0.18100837248873852,6943.57,9023.03,184814,1.11075E+06,0,0,0,5.941
23000,43.05198084314344,5224,7,5512,288,5250,BlackHole,800033,8.40193E-05,242,408,118,1760,1982,1149,0.00013733,0.0232312,0.00462566,0.127684,0,0.832396,0.0111968,4813,-7.31373151239425E-06,-7.339786704318752E-06,0.18100837248873852,6898.19,8669.1,185499,1.11169E+06,0,0,0,5.997
24000,44.91602573589904,5215,7,5512,297,5250,BlackHole,800033,8.40193E-05,242,414,118,1763,1982,1152,0.00013733,0.0240335,0.00462566,0.129295,0,0.829982,0.0111968,4804,-7.258961006549598E-06,-7.2850161984741E-06,0.18100837248873852,6745.91,8785.84,186361,1.11432E+06,0,0,0,6.001
25000,46.78007062865464,5260,6,5512,252,5250,BlackHole,800033,8.40193E-05,242,429,118,1767,2046,1155,0.00013733,0.0267302,0.00462566,0.129787,0,0.826794,0.0111968,4850,-1.7382912566760257E-05,-1.740896775868476E-05,0.18100837248873852,6892.79,8769.33,149548,1.1049E+06,0,0,0,5.756
26000,48.64411552141024,5248,6,5512,264,5250,BlackHole,800033,8.40193E-05,242,438,118,1770,2046,1158,0.00013733,0.0282604,0.00462566,0.129921,0,0.82513,0.0111968,4838,-1.7321605601492137E-05,-1.734766079341664E-05,0.18100837248873852,6938.48,8864.69,149175,1.107E+06,0,0,0,5.506
27000,50.50816041416584,5237,6,5512,275,5250,BlackHole,800033,8.40193E-05,242,446,118,1773,2046,1161,0.00013733,0.0296241,0.00462566,0.130545,0,0.823142,0.0111968,4827,-1.723795619411386E-05,-1.7264011386038362E-05,0.18100837248873852,6955.75,9043.88,149163,1.1088E+06,0,0,0,5.447
28000,52.372205306921444,5230,6,5512,282,5250,BlackHole,800033,8.40193E-05,242,451,118,1775,2046,1163,0.00013733,0.0296693,0.00462566,0.130637,0,0.823005,0.0111968,4820,-1.7247646648514848E-05,-1.727370184043935E-05,0.18100837248873852,6892.63,8843.4,149554,1.1098E+06,0,0,0,5.498
29000,54.236250199677045,5225,6,5512,287,5250,BlackHole,800033,8.40193E-05,242,454,118,1777,2046,1165,0.00013733,0.0302339,0.00462566,0.130882,0,0.822195,0.0111968,4815,-1.7391761177721043E-05,-1.7417816369645546E-05,0.18100837248873852,6890.84,8581.71,149170,1.10981E+06,0,0,0,5.473
30000,56.100295092432646,5212,6,5512,300,5250,BlackHole,800033,8.40193E-05,242,463,118,1781,2046,1169,0.00013733,0.0308073,0.00462566,0.131383,0,0.821121,0.0111968,4802,-1.733835568043308E-05,-1.7364410872357582E-05,0.18100837248873852,6905.25,9272.78,149140,1.11096E+06,0,0,0,5.494
31000,57.964339985188246,5206,6,5512,306,5250,BlackHole,800033,8.40193E-05,242,468,118,1782,2046,1170,0.00013733,0.0313115,0.00462566,0.131403,0,0.820596,0.0111968,4796,-1.7296106040845814E-05,-1.7322161232770317E-05,0.18100837248873852,6874.2,8908.35,149183,1.11178E+06,0,0,0,5.382
32000,59.82838487794385,5200,6,5512,312,5250,BlackHole,800033,8.40193E-05,242,473,118,1783,2046,1171,0.00013733,0.031886,0.00462566,0.13141,0,0.820015,0.0111968,4790,-1.7267505316510656E-05,-1.729356050843516E-05,0.18100837248873852,6895.92,8779.86,149580,1.11243E+06,0,0,0,5.418
33000,61.69242977069945,5195,6,5512,317,5250,BlackHole,800033,8.40193E-05,242,477,118,1784,2046,1172,0.00013733,0.0319298,0.00462566,0.13199,0,0.819392,0.0111968,4785,-1.7252410831944463E-05,-1.7278466023868966E-05,0.18100837248873852,6684.27,9323.71,149557,1.11248E+06,0,0,0,5.446
34000,63.55647466345505,5194,6,5512,318,5250,BlackHole,800033,8.40193E-05,242,478,118,1784,2046,1172,0.00013733,0.0319355,0.00462566,0.13199,0,0.819386,0.0111968,4784,-1.7244627534301984E-05,-1.7270682726226487E-05,0.18100837248873852,6866.22,8665.96,156171,1.11262E+06,0,0,0,5.478
35000,65.42051955621065,5185,6,5512,327,5250,BlackHole,800033,8.40193E-05,242,482,118,1789,2046,1177,0.00013733,0.0320522,0.00462566,0.132518,0,0.818741,0.0111968,4775,-1.7228810107711323E-05,-1.7254865299635825E-05,0.18100837248873852,6873.02,8466.86,156214,1.11342E+06,0,0,0,5.397
36000,67.28456444896625,5175,6,5512,337,5250,BlackHole,800033,8.40193E-05,242,487,118,1794,2046,1182,0.00013733,0.0337242,0.00462566,0.132887,0,0.8167,0.0111968,4765,-1.716661275807181E-05,-1.7192667949996313E-05,0.18100837248873852,6865.89,8921.24,156664,1.11354E+06,0,0,0,5.473
37000,69.14860934172185,5174,6,5512,338,5250,BlackHole,800033,8.40193E-05,242,488,118,1794,2046,1182,0.00013733,0.0340769,0.00462566,0.132887,0,0.816347,0.0111968,4764,-1.7132110629185972E-05,-1.7158165821110475E-05,0.18100837248873852,6986.13,9117.89,161176,1.11451E+06,0,0,0,5.408
38000,71.01265423447745,5140,6,5512,372,5250,BlackHole,800033,8.40193E-05,242,520,118,1796,2046,1184,0.00013733,0.0340769,0.00462566,0.13291,0,0.816325,0.0111968,4730,-1.2037766773375429E-05,-1.2063821965299931E-05,0.18100837248873852,6897.32,8578.06,183463,1.11948E+06,0,0,0,5.344
39000,72.87669912723305,5136,6,5512,376,5250,BlackHole,800033,8.40193E-05,242,523,118,1797,2046,1185,0.00013733,0.0345404,0.00462566,0.132913,0,0.815858,0.0111968,4726,-1.2024367197662524E-05,-1.2050422389587027E-05,0.18100837248873852,6893.74,8599.12,183406,1.11995E+06,0,0,0,5.314
40000,74.74074401998865,5132,6,5512,380,5250,BlackHole,800033,8.40193E-05,242,526,118,1798,2046,1186,0.00013733,0.0350136,0.00462566,0.133225,0,0.815073,0.0111968,4722,-1.2090468609707727E-05,-1.211652380163223E-05,0.18100837248873852,6903.23,9237.82,183479,1.1201E+06,0,0,0,5.322
41000,76.60478891274425,5128,6,5512,384,5250,BlackHole,800033,8.40193E-05,242,528,118,1800,2046,1188,0.00013733,0.0350256,0.00462566,0.133342,0,0.814943,0.0111968,4718,-1.2074892953028079E-05,-1.2100948144952582E-05,0.18100837248873852,6933.41,8826.88,183425,1.12015E+06,0,0,0,5.325
42000,78.46883380549986,5120,6,5512,392,5250,BlackHole,800033,8.40193E-05,242,531,118,1805,2046,1193,0.00013733,0.0350495,0.00462566,0.133825,0,0.814437,0.0111968,4710,-1.2055097713906842E-05,-1.2081152905831344E-05,0.18100837248873852,6641.33,8778.96,183488,1.12034E+06,0,0,0,5.256
43000,80.33287869825546,5114,6,5512,398,5250,BlackHole,800033,8.40193E-05,242,536,118,1806,2046,1194,0.00013733,0.0357561,0.00462566,0.134569,0,0.812986,0.0111968,4704,-1.2010455948293032E-05,-1.2036511140217535E-05,0.18100837248873852,6900.07,9058.95,183447,1.12071E+06,0,0,0,5.311
44000,82.19692359101106,5106,6,5512,406,5250,BlackHole,800033,8.40193E-05,242,544,118,1806,2046,1194,0.00013733,0.0373947,0.00462566,0.134569,0,0.811348,0.0111968,4696,-1.1966620278356664E-05,-1.1992675470281167E-05,0.18100837248873852,6907.23,9351.46,183727,1.12252E+06,0,0,0,5.217
45000,84.06096848376666,5104,6,5512,408,5250,BlackHole,800033,8.40193E-05,242,545,118,1807,2046,1195,0.00013733,0.0373984,0.00462566,0.134687,0,0.811226,0.0111968,4694,-1.1962829859295295E-05,-1.1988885051219798E-05,0.18100837248873852,6904.98,9054.19,183730,1.12235E+06,0,0,0,5.264
46000,85.92501337652226,5099,6,5512,413,5250,BlackHole,800033,8.40193E-05,242,549,118,1808,2046,1196,0.00013733,0.0375878,0.00462566,0.134687,0,0.811037,0.0111968,4689,-1.1944723479937998E-05,-1.19707786718625E-05,0.18100837248873852,6897.82,8647.97,183728,1.12389E+06,0,0,0,5.238
47000,87.78905826927786,5096,6,5512,416,5250,BlackHole,800033,8.40193E-05,242,551,118,1809,2046,1197,0.00013733,0.0376809,0.00462566,0.135255,0,0.810375,0.0111968,4686,-1.193474110228569E-05,-1.1960796294210192E-05,0.18100837248873852,6878.54,9016.92,183887,1.12372E+06,0,0,0,5.283
48000,89.65310316203346,5089,6,5512,423,5250,BlackHole,800033,8.40193E-05,242,557,118,1810,2046,1198,0.00013733,0.0379211,0.00462566,0.135722,0,0.809668,0.0111968,4679,-1.191887705130387E-05,-1.1944932243228373E-05,0.18100837248873852,6911.45,8794.92,183693,1.12389E+06,0,0,0,5.271
49000,91.51714805478906,5084,6,5512,428,5250,BlackHole,800033,8.40193E-05,242,560,118,1812,2046,1200,0.00013733,0.0380905,0.00462566,0.135781,0,0.809439,0.0111968,4674,-1.1898342751488562E-05,-1.1924397943413064E-05,0.18100837248873852,6928.87,8757.91,183703,1.12464E+06,0,0,0,5.268
50000,93.38119294754466,5082,6,5512,430,5250,BlackHole,800033,8.40193E-05,242,561,118,1813,2046,1201,0.00013733,0.0381088,0.00462566,0.136355,0,0.808847,0.0111968,4672,-1.1875542029450927E-05,-1.190159722137543E-05,0.18100837248873852,6875.3,8800.23,183705,1.12494E+06,0,0,0,5.200
51000,95.24523784030026,5078,6,5512,434,5250,BlackHole,800033,8.40193E-05,242,563,118,1815,2046,1203,0.00013733,0.0381945,0.00462566,0.136359,0,0.808758,0.0111968,4668,-1.1959941921964256E-05,-1.1985997113888759E-05,0.18100837248873852,6609.65,8739.87,184273,1.12596E+06,0,0,0,5.181
52000,97.10928273305586,5075,6,5512,437,5250,BlackHole,800033,8.40193E-05,242,564,118,1817,2046,1205,0.00013733,0.0383552,0.00462566,0.136571,0,0.808385,0.0111968,4665,-1.1959476631355285E-05,-1.1985531823279787E-05,0.18100837248873852,6915.9,8580.19,184523,1.125E+06,0,0,0,5.167
53000,98.97332762581146,5073,6,5512,439,5250,BlackHole,800033,8.40193E-05,242,565,118,1818,2046,1206,0.00013733,0.0388346,0.00462566,0.136575,0,0.807902,0.0111968,4663,-1.1930627322249012E-05,-1.1956682514173515E-05,0.18100837248873852,6976.23,8952.68,183819,1.12598E+06,0,0,0,5.237
54000,100.83737251856707,5066,6,5512,446,5250,BlackHole,800033,8.40193E-05,242,570,118,1820,2046,1208,0.00013733,0.0397027,0.00462566,0.137012,0,0.806596,0.0111968,4656,-1.1894302859460748E-05,-1.192035805138525E-05,0.18100837248873852,6864.31,8836.34,184470,1.1277E+06,0,0,0,5.209
55000,102.70141741132267,5064,6,5512,448,5250,BlackHole,800033,8.40193E-05,242,571,118,1821,2046,1209,0.00013733,0.0397036,0.00462566,0.137016,0,0.806592,0.0111968,4654,-1.1888481998815669E-05,-1.1914537190740172E-05,0.18100837248873852,6889.93,8851.07,184532,1.12789E+06,0,0,0,5.192
56000,104.56546230407827,5055,6,5512,457,5250,BlackHole,800033,8.40193E-05,242,574,118,1827,2046,1215,0.00013733,0.0398555,0.00462566,0.138364,0,0.805092,0.0111968,4645,-1.185654156875873E-05,-1.1882596760683233E-05,0.18100837248873852,6873.18,8754.55,184488,1.12844E+06,0,0,0,5.153
57000,106.42950719683387,5050,6,5512,462,5250,BlackHole,800033,8.40193E-05,242,578,118,1828,2046,1216,0.00013733,0.0399625,0.00462566,0.138395,0,0.804953,0.0111968,4640,-1.1851154380415905E-05,-1.1877209572340408E-05,0.18100837248873852,6965.66,8750.62,184469,1.13008E+06,0,0,0,5.127
58000,108.29355208958947,5108,6,5512,404,5250,BlackHole,800033,8.40193E-05,242,578,118,1834,2110,1221,0.00013733,0.0399625,0.00462566,0.138712,0,0.804636,0.0111968,4698,-1.184264477794973E-05,-1.1868699969874233E-05,0.18100837248873852,6900.26,8929.89,185441,1.11719E+06,0,0,0,5.195
59000,110.15759698234507,5105,6,5512,407,5250,BlackHole,800033,8.40193E-05,242,580,118,1835,2110,1222,0.00013733,0.0400713,0.00462566,0.138791,0,0.804449,0.0111968,4695,-1.1833626316849275E-05,-1.1859681508773778E-05,0.18100837248873852,6870.65,9145.17,185611,1.11771E+06,0,0,0,5.281
60000,112.02164187510067,5100,6,5512,412,5250,BlackHole,800033,8.40193E-05,242,583,118,1837,2110,1224,0.00013733,0.0410164,0.00462566,0.139343,0,0.802952,0.0111968,4690,-1.1792587547777299E-05,-1.1818642739701801E-05,0.18100837248873852,6579.21,8615.82,186676,1.11948E+06,0,0,0,5.221
61000,113.88568676785627,5100,6,5512,412,5250,BlackHole,800033,8.40193E-05,242,583,118,1837,2110,1224,0.00013733,0.0410164,0.00462566,0.139343,0,0.802952,0.0111968,4690,-1.1773681597086549E-05,-1.1799736789011051E-05,0.18100837248873852,6919.82,8507.74,186692,1.11946E+06,0,0,0,5.236
62000,115.74973166061187,5094,6,5512,418,5250,BlackHole,800033,8.40193E-05,242,588,118,1838,2110,1225,0.00013733,0.0413495,0.00462566,0.139568,0,0.802393,0.0111968,4684,-1.1762127219733756E-05,-1.1788182411658259E-05,0.18100837248873852,6863.62,8832.96,186868,1.11974E+06,0,0,0,5.243
63000,117.61377655336747,5092,6,5512,420,5250,BlackHole,800033,8.40193E-05,242,588,118,1840,2110,1227,0.00013733,0.0413495,0.00462566,0.139817,0,0.802145,0.0111968,4682,-1.1846507888298942E-05,-1.1872563080223445E-05,0.18100837248873852,6899.4,8791.34,186721,1.11999E+06,0,0,0,5.234
64000,119.47782144612307,5088,6,5512,424,5250,BlackHole,800033,8.40193E-05,242,591,118,1841,2110,1228,0.00013733,0.0414152,0.00462566,0.139859,0,0.802037,0.0111968,4678,-1.1838180647018068E-05,-1.1864235838942571E-05,0.18100837248873852,6892.9,8779.5,186735,1.12034E+06,0,0,0,5.163
65000,121.34186633887867,5084,6,5512,428,5250,BlackHole,800033,8.40193E-05,242,592,118,1844,2110,1231,0.00013733,0.0414156,0.00462566,0.140533,0,0.801363,0.0111968,4674,-1.1806327420003255E-05,-1.1832382611927758E-05,0.18100837248873852,6906.49,8867.63,187372,1.1203E+06,0,0,0,5.119
66000,123.20591123163427,5067,6,5512,445,5250,BlackHole,800033,8.40193E-05,242,608,118,1845,2110,1232,0.00013733,0.0431929,0.00462566,0.140536,0,0.799582,0.0111968,4656,-1.1747489542751046E-05,-1.1773544734675548E-05,0.18100837248873852,6863.97,8802.14,185636,1.12411E+06,0,0,0,5.128
67000,125.06995612438988,5062,6,5512,450,5250,BlackHole,800033,8.40193E-05,242,613,118,1845,2110,1232,0.00013733,0.0439624,0.00462566,0.140536,0,0.798812,0.0111968,4652,-1.172842938929559E-05,-1.1754484581220094E-05,0.18100837248873852,6948.31,8762.28,185508,1.12507E+06,0,0,0,5.161
68000,126.93400101714548,5059,6,5512,453,5250,BlackHole,800033,8.40193E-05,242,616,118,1845,2110,1232,0.00013733,0.0441395,0.00462566,0.140536,0,0.798635,0.0111968,4649,-1.172256185476558E-05,-1.1748617046690084E-05,0.18100837248873852,6935.9,8782.76,185244,1.12516E+06,0,0,0,5.183
69000,128.79804590990108,5051,6,5512,461,5250,BlackHole,800033,8.40193E-05,242,669,528,1864,2174,1250,0.00013733,0.0461478,0.00462566,0.140714,0,0.796449,0.0111968,4641,-1.1694122022775705E-05,-1.1720177214700208E-05,0.18100837248873852,6563.99,8760.8,185507,1.12514E+06,0,0,0,5.254
70000,130.66209080265668,5047,6,5512,465,5250,BlackHole,800033,8.40193E-05,242,672,528,1865,2174,1251,0.00013733,0.0468503,0.00462566,0.140738,0,0.795723,0.0111968,4637,-1.1675141568835004E-05,-1.1701196760759507E-05,0.18100837248873852,6943.83,9151.56,185524,1.12595E+06,0,0,0,5.256
71000,132.52613569541228,5086,4,5512,426,5250,BlackHole,800033,8.40193E-05,242,675,528,1886,2238,1271,0.00013733,0.0475305,0.00462566,0.142284,0,0.793496,0.0111968,4630,-1.1648034474606066E-05,-1.1674089666530569E-05,0.30637557175414687,6713.35,8674.47,185570,1.12646E+06,0,0,0,5.090
72000,134.39018058816788,5086,4,5512,426,5250,BlackHole,800033,8.40193E-05,242,675,528,1886,2238,1271,0.00013733,0.0475305,0.00462566,0.142284,0,0.793496,0.0111968,4630,-1.1638045894157397E-05,-1.16641010860819E-05,0.30637557175414687,6866.08,8965.11,185536,1.12648E+06,0,0,0,4.074
73000,136.25422548092348,5082,4,5512,430,5250,BlackHole,800033,8.40193E-05,242,676,528,1889,2238,1274,0.00013733,0.047531,0.00462566,0.14306,0,0.79272,0.0111968,4626,-1.1615586573851228E-05,-1.164164176577573E-05,0.30637557175414687,6877.55,8722.7,185696,1.12668E+06,0,0,0,4.170
74000,138.11827037367908,5081,4,5512,431,5250,BlackHole,800033,8.40193E-05,242,676,528,1890,2238,1275,0.00013733,0.047531,0.00462566,0.143527,0,0.792254,0.0111968,4625,-1.1607038544119593E-05,-1.1633093736044095E-05,0.30637557175414687,6873.33,8754.68,185590,1.12625E+06,0,0,0,4.106
75000,139.98231526643468,5080,4,5512,432,5250,BlackHole,800033,8.40193E-05,242,677,528,1890,2238,1275,0.00013733,0.0477935,0.00462566,0.143527,0,0.791991,0.0111968,4624,-1.1689010536779627E-05,-1.171506572870413E-05,0.30637557175414687,6947.64,8907,185962,1.1264E+06,0,0,0,4.061
76000,141.84636015919028,5078,4,5512,434,5250,BlackHole,800033,8.40193E-05,242,677,528,1892,2238,1277,0.00013733,0.0477935,0.00462566,0.143646,0,0.791872,0.0111968,4622,-1.1690252486579216E-05,-1.1716307678503719E-05,0.30637557175414687,6767.37,9017.95,185557,1.12635E+06,0,0,0,4.093
77000,143.71040505194588,5077,4,5512,435,5250,BlackHole,800033,8.40193E-05,242,677,528,1893,2238,1278,0.00013733,0.0477935,0.00462566,0.143653,0,0.791864,0.0111968,4621,-1.1672314983790362E-05,-1.1698370175714865E-05,0.30637557175414687,7026.55,9123.25,185575,1.12514E+06,0,0,0,4.050
78000,145.57444994470148,5076,4,5512,436,5250,BlackHole,800033,8.40193E-05,242,677,528,1894,2238,1279,0.00013733,0.0477935,0.00462566,0.143684,0,0.791834,0.0111968,4620,-1.16617339846772E-05,-1.1687789176601702E-05,0.30637557175414687,6840.63,8765.02,185597,1.1252E+06,0,0,0,4.108
79000,147.43849483745709,5073,4,5512,439,5250,BlackHole,800033,8.40193E-05,242,679,528,1895,2238,1280,0.00013733,0.0481321,0.00462566,0.143951,0,0.791229,0.0111968,4617,-1.165340835352585E-05,-1.1679463545450352E-05,0.30637557175414687,6912.58,9087.38,185528,1.12538E+06,0,0,0,4.129
80000,149.3025397302127,5072,4,5512,440,5250,BlackHole,800033,8.40193E-05,242,679,528,1896,2238,1281,0.00013733,0.0481321,0.00462566,0.143954,0,0.791225,0.0111968,4616,-1.1649407179784054E-05,-1.1675462371708557E-05,0.30637557175414687,6573.61,8731.47,185552,1.12522E+06,0,0,0,4.232
81000,151.1665846229683,5071,4,5512,441,5250,BlackHole,800033,8.40193E-05,242,679,528,1897,2238,1282,0.00013733,0.0481321,0.00462566,0.144002,0,0.791177,0.0111968,4615,-1.1645446186299355E-05,-1.1671501378223858E-05,0.30637557175414687,6824.42,8628.82,185600,1.12548E+06,0,0,0,4.145
82000,153.0306295157239,5068,4,5512,444,5250,BlackHole,800033,8.40193E-05,242,679,528,1900,2238,1285,0.00013733,0.0481321,0.00462566,0.144659,0,0.79052,0.0111968,4612,-1.1638008260871218E-05,-1.166406345279572E-05,0.30637557175414687,6877.78,9150.13,185609,1.12587E+06,0,0,0,4.225
83000,154.8946744084795,5067,4,5512,445,5250,BlackHole,800033,8.40193E-05,242,680,528,1900,2238,1285,0.00013733,0.048153,0.00462566,0.144659,0,0.790499,0.0111968,4611,-1.1632913899937204E-05,-1.1658969091861707E-05,0.30637557175414687,6989.73,8666.66,185650,1.1259E+06,0,0,0,4.162
84000,156.7587193012351,5066,4,5512,446,5250,BlackHole,800033,8.40193E-05,242,681,528,1900,2238,1285,0.00013733,0.048159,0.00462566,0.144659,0,0.790493,0.0111968,4610,-1.1624734134260847E-05,-1.165078932618535E-05,0.30637557175414687,6892.34,8714.24,185511,1.12606E+06,0,0,0,4.105
85000,158.6227641939907,5065,4,5512,447,5250,BlackHole,800033,8.40193E-05,242,681,528,1901,2238,1286,0.00013733,0.048159,0.00462566,0.144663,0,0.790489,0.0111968,4609,-1.161021281831627E-05,-1.1636268010240772E-05,0.30637557175414687,6936.09,8951.9,184600,1.12613E+06,0,0,0,4.149
86000,160.4868090867463,5064,4,5512,448,5250,BlackHole,800033,8.40193E-05,242,681,528,1902,2238,1287,0.00013733,0.048159,0.00462566,0.144968,0,0.790184,0.0111968,4608,-1.158999446771093E-05,-1.1616049659635433E-05,0.30637557175414687,6869.55,8474.74,184582,1.12605E+06,0,0,0,4.129
87000,162.3508539795019,5064,4,5512,448,5250,BlackHole,800033,8.40193E-05,242,681,528,1902,2238,1287,0.00013733,0.048159,0.00462566,0.144968,0,0.790184,0.0111968,4608,-1.1645434405828533E-05,-1.1671489597753036E-05,0.30637557175414687,6978.78,8715.92,184573,1.12588E+06,0,0,0,4.216
88000,164.2148988722575,5064,4,5512,448,5250,BlackHole,800033,8.40193E-05,242,681,528,1902,2238,1287,0.00013733,0.048159,0.00462566,0.144968,0,0.790184,0.0111968,4608,-1.1686635287450636E-05,-1.1712690479375139E-05,0.30637557175414687,6883.45,8973.43,184793,1.12621E+06,0,0,0,4.144
89000,166.0789437650131,5064,4,5512,448,5250,BlackHole,800033,8.40193E-05,242,681,528,1902,2238,1287,0.00013733,0.048159,0.00462566,0.144968,0,0.790184,0.0111968,4608,-1.1667372140987231E-05,-1.1693427332911734E-05,0.30637557175414687,6895.01,8792.76,184517,1.12606E+06,0,0,0,4.231
90000,167.9429886577687,5063,4,5512,449,5250,BlackHole,800033,8.40193E-05,242,681,528,1903,2238,1288,0.00013733,0.048159,0.00462566,0.14518,0,0.789972,0.0111968,4607,-1.165401762022833E-05,-1.1680072812152832E-05,0.30637557175414687,6888.39,8519.51,184497,1.12555E+06,0,0,0,4.163
91000,169.8070335505243,5063,4,5512,449,5250,BlackHole,800033,8.40193E-05,242,681,528,1903,2238,1288,0.00013733,0.048159,0.00462566,0.14518,0,0.789972,0.0111968,4607,-1.1647136214726863E-05,-1.1673191406651366E-05,0.30637557175414687,6581.19,8966.67,184439,1.12546E+06,0,0,0,4.192
92000,171.6710784432799,5058,4,5512,454,5250,BlackHole,800033,8.40193E-05,242,682,528,1907,2238,1292,0.00013733,0.0482517,0.00462566,0.146151,0,0.788908,0.0111968,4602,-1.1636660792258446E-05,-1.1662715984182949E-05,0.30637557175414687,6886.94,9050.23,184465,1.12488E+06,0,0,0,4.221
93000,173.5351233360355,5057,4,5512,455,5250,BlackHole,800033,8.40193E-05,242,683,528,1907,2238,1292,0.00013733,0.0489575,0.00462566,0.146151,0,0.788202,0.0111968,4601,-1.1619280157273433E-05,-1.1645335349197936E-05,0.30637557175414687,6956.36,8990.88,184446,1.12409E+06,0,0,0,4.161
94000,175.3991682287911,5056,4,5512,456,5250,BlackHole,800033,8.40193E-05,242,684,528,1907,2238,1292,0.00013733,0.0493243,0.00462566,0.146151,0,0.787836,0.0111968,4600,-1.1606848710228177E-05,-1.163290390215268E-05,0.30637557175414687,7104.24,8655.45,184546,1.12433E+06,0,0,0,4.080
95000,177.2632131215467,5056,4,5512,456,5250,BlackHole,800033,8.40193E-05,242,684,528,1907,2238,1292,0.00013733,0.0493243,0.00462566,0.146151,0,0.787836,0.0111968,4600,-1.1601489252694555E-05,-1.1627544444619058E-05,0.30637557175414687,6870.22,9025.05,184562,1.12449E+06,0,0,0,4.067
96000,179.1272580143023,5053,4,5512,459,5250,BlackHole,800033,8.40193E-05,242,684,528,1910,2238,1295,0.00013733,0.0493243,0.00462566,0.147352,0,0.786635,0.0111968,4597,-1.1589893453182295E-05,-1.1615948645106798E-05,0.30637557175414687,6908.9,8847.57,184445,1.1241E+06,0,0,0,4.047
97000,180.9913029070579,5053,4,5512,459,5250,BlackHole,800033,8.40193E-05,242,684,528,1910,2238,1295,0.00013733,0.0493243,0.00462566,0.147352,0,0.786635,0.0111968,4597,-1.1578827872789178E-05,-1.1604883064713681E-05,0.30637557175414687,6872.83,8632.11,184443,1.12423E+06,0,0,0,4.045
98000,182.8553477998135,5052,4,5512,460,5250,BlackHole,800033,8.40193E-05,242,684,528,1911,2238,1296,0.00013733,0.0493243,0.00462566,0.147361,0,0.786626,0.0111968,4596,-1.1559034280393659E-05,-1.1585089472318162E-05,0.30637557175414687,6869.58,9110.37,184162,1.12463E+06,0,0,0,4.066
99000,184.7193926925691,5052,4,5512,460,5250,BlackHole,800033,8.40193E-05,242,684,528,1911,2238,1296,0.00013733,0.0493243,0.00462566,0.147361,0,0.786626,0.0111968,4596,-1.1572737389383099E-05,-1.1598792581307602E-05,0.30637557175414687,6875.6,8797.5,184372,1.12453E+06,0,0,0,4.090
100000,186.5834375853247,5052,4,5512,460,5250,BlackHole,800033,8.40193E-05,242,684,528,1911,2238,1296,0.00013733,0.0493243,0.00462566,0.147361,0,0.786626,0.0111968,4596,-1.1649669300098974E-05,-1.1675724492023477E-05,0.30637557175414687,7013.65,8575.12,184367,1.12452E+06,0,0,0,4.070
101000,188.4474824780803,5052,4,5512,460,5250,BlackHole,800033,8.40193E-05,242,684,528,1911,2238,1296,0.00013733,0.0493243,0.00462566,0.147361,0,0.786626,0.0111968,4596,-1.1637804942869003E-05,-1.1663860134793505E-05,0.30637557175414687,6880.1,8757.44,184328,1.12464E+06,0,0,0,4.158
102000,190.3115273708359,5051,4,5512,461,5250,BlackHole,800033,8.40193E-05,242,685,528,1911,2238,1296,0.00013733,0.0493579,0.00462566,0.147361,0,0.786592,0.0111968,4595,-1.1621376712421527E-05,-1.164743190434603E-05,0.30637557175414687,6627.69,9050.65,184404,1.12368E+06,0,0,0,4.122
103000,192.1755722635915,5051,4,5512,461,5250,BlackHole,800033,8.40193E-05,242,685,528,1911,2238,1296,0.00013733,0.0493579,0.00462566,0.147361,0,0.786592,0.0111968,4594,-1.1609462260862831E-05,-1.1635517452787334E-05,0.30637557175414687,7025.07,8525.86,184409,1.1236E+06,0,0,0,4.056
104000,194.0396171563471,5051,4,5512,461,5250,BlackHole,800033,8.40193E-05,242,685,528,1911,2238,1296,0.00013733,0.0493579,0.00462566,0.147361,0,0.786592,0.0111968,4594,-1.1604243120478928E-05,-1.1630298312403431E-05,0.30637557175414687,6941.9,8575.73,184396,1.12351E+06,0,0,0,3.955
105000,195.9036620491027,5049,4,5512,463,5250,BlackHole,800033,8.40193E-05,242,685,528,1913,2238,1298,0.00013733,0.0493579,0.00462566,0.148217,0,0.785736,0.0111968,4593,-1.1600266973384173E-05,-1.1626322165308676E-05,0.30637557175414687,6868.14,8969.33,184442,1.12339E+06,0,0,0,4.113
106000,197.7677069418583,5049,4,5512,463,5250,BlackHole,800033,8.40193E-05,242,685,528,1913,2238,1298,0.00013733,0.0493579,0.00462566,0.148217,0,0.785736,0.0111968,4593,-1.1596777224174873E-05,-1.1622832416099376E-05,0.30637557175414687,6896.85,8725.92,184404,1.12342E+06,0,0,0,4.077
107000,199.6317518346139,5049,4,5512,463,5250,BlackHole,800033,8.40193E-05,242,685,528,1913,2238,1298,0.00013733,0.0493579,0.00462566,0.148217,0,0.785736,0.0111968,4593,-1.1593745289903787E-05,-1.161980048182829E-05,0.30637557175414687,6979.24,8712.77,184400,1.12334E+06,0,0,0,4.045
108000,201.4957967273695,5047,4,5512,465,5250,BlackHole,800033,8.40193E-05,242,686,528,1914,2238,1299,0.00013733,0.0493616,0.00462566,0.148451,0,0.785499,0.0111968,4591,-1.1587470132291003E-05,-1.1613525324215506E-05,0.30637557175414687,6868.4,8895.43,184587,1.1234E+06,0,0,0,4.078
109000,203.3598416201251,5045,4,5512,467,5250,BlackHole,800033,8.40193E-05,242,686,528,1916,2238,1301,0.00013733,0.0493616,0.00462566,0.149147,0,0.784803,0.0111968,4589,-1.1574456735500838E-05,-1.1600511927425341E-05,0.30637557175414687,6914.92,8781.32,184335,1.12342E+06,0,0,0,4.076
110000,205.2238865128807,5044,4,5512,468,5250,BlackHole,800033,8.40193E-05,242,686,528,1917,2238,1302,0.00013733,0.0493616,0.00462566,0.149538,0,0.784412,0.0111968,4588,-1.1555334088649844E-05,-1.1581389280574347E-05,0.30637557175414687,6927.86,8625.35,184329,1.12334E+06,0,0,0,4.043
111000,207.0879314056363,5044,4,5512,468,5250,BlackHole,800033,8.40193E-05,242,686,528,1917,2238,1302,0.00013733,0.0493616,0.00462566,0.149538,0,0.784412,0.0111968,4588,-1.1543442029374711E-05,-1.1569497221299214E-05,0.30637557175414687,6908.91,8666.07,184244,1.1233E+06,0,0,0,4.014
112000,208.9519762983919,5044,4,5512,468,5250,BlackHole,800033,8.40193E-05,242,686,528,1917,2238,1302,0.00013733,0.0493616,0.00462566,0.149538,0,0.784412,0.0111968,4588,-1.1620325038497716E-05,-1.164638023042222E-05,0.30637557175414687,6872.87,8513.33,184368,1.12318E+06,0,0,0,4.077
113000,210.8160211911475,5044,4,5512,468,5250,BlackHole,800033,8.40193E-05,242,686,528,1917,2238,1302,0.00013733,0.0493616,0.00462566,0.149538,0,0.784412,0.0111968,4588,-1.1635135854092815E-05,-1.1661191046017318E-05,0.30637557175414687,6688.67,9083.8,184363,1.1232E+06,0,0,0,4.014
114000,212.6800660839031,5043,4,5512,469,5250,BlackHole,800033,8.40193E-05,242,687,528,1917,2238,1302,0.00013733,0.0493652,0.00462566,0.149538,0,0.784408,0.0111968,4587,-1.1615570993953208E-05,-1.1641626185877711E-05,0.30637557175414687,6951.89,8721.4,184366,1.12298E+06,0,0,0,4.092
115000,214.54411097665871,5042,4,5512,470,5250,BlackHole,800033,8.40193E-05,242,687,528,1918,2238,1303,0.00013733,0.0493652,0.00462566,0.149552,0,0.784394,0.0111968,4586,-1.1604875023213608E-05,-1.1630930215138111E-05,0.30637557175414687,6929.97,8873.53,184418,1.12332E+06,0,0,0,3.978
116000,216.40815586941432,5041,4,5512,471,5250,BlackHole,800033,8.40193E-05,242,687,528,1919,2238,1304,0.00013733,0.0493652,0.00462566,0.149557,0,0.784389,0.0111968,4585,-1.1598294806952228E-05,-1.1624349998876731E-05,0.30637557175414687,6990.19,8646.78,184387,1.12341E+06,0,0,0,4.078
117000,218.27220076216992,5041,4,5512,471,5250,BlackHole,800033,8.40193E-05,242,687,528,1919,2238,1304,0.00013733,0.0493652,0.00462566,0.149557,0,0.784389,0.0111968,4585,-1.1593916139334326E-05,-1.1619971331258829E-05,0.30637557175414687,6911.37,8801.26,184377,1.12331E+06,0,0,0,3.982
118000,220.13624565492552,5040,4,5512,472,5250,BlackHole,800033,8.40193E-05,242,687,528,1920,2238,1305,0.00013733,0.0493652,0.00462566,0.14974,0,0.784206,0.0111968,4584,-1.1589193303020738E-05,-1.161524849494524E-05,0.30637557175414687,6871.03,8439.75,184341,1.12341E+06,0,0,0,4.084
119000,222.00029054768112,5039,4,5512,473,5250,BlackHole,800033,8.40193E-05,242,687,528,1921,2238,1306,0.00013733,0.0493652,0.00462566,0.149838,0,0.784108,0.0111968,4583,-1.1585657883729412E-05,-1.1611713075653915E-05,0.30637557175414687,6914.62,8804.16,184365,1.12204E+06,0,0,0,4.013
120000,223.86433544043672,5038,4,5512,474,5250,BlackHole,800033,8.40193E-05,242,687,528,1922,2238,1307,0.00013733,0.0493652,0.00462566,0.149842,0,0.784104,0.0111968,4582,-1.158133292661882E-05,-1.1607388118543322E-05,0.30637557175414687,6915.99,8902.38,184366,1.12344E+06,0,0,0,4.073
121000,225.72838033319232,5037,4,5512,475,5250,BlackHole,800033,8.40193E-05,242,687,528,1923,2238,1308,0.00013733,0.0493652,0.00462566,0.149954,0,0.783992,0.0111968,4581,-1.1574365214549476E-05,-1.1600420406473979E-05,0.30637557175414687,6884.65,8638.61,184373,1.12345E+06,0,0,0,3.993
122000,227.59242522594792,5034,4,5512,478,5250,BlackHole,800033,8.40193E-05,242,688,528,1925,2238,1310,0.00013733,0.049959,0.00462566,0.150041,0,0.783311,0.0111968,4578,-1.154194340013198E-05,-1.1567998592056484E-05,0.30637557175414687,6975.44,8793.72,184388,1.1237E+06,0,0,0,3.978
123000,229.45647011870352,5097,4,5512,415,5250,BlackHole,800033,8.40193E-05,242,688,528,1926,2302,1310,0.00013733,0.049959,0.00462566,0.150188,0,0.783164,0.0111968,4576,-1.1521208110546633E-05,-1.1547263302471136E-05,0.306375571782455,6898.81,8619.58,184401,1.12346E+06,0,0,0,4.075
124000,231.32051501145912,5097,4,5512,415,5250,BlackHole,800033,8.40193E-05,242,688,528,1926,2302,1310,0.00013733,0.049959,0.00462566,0.150188,0,0.783164,0.0111968,4576,-1.1560620088095918E-05,-1.158667528002042E-05,0.306375571782455,6796.41,8571.06,184356,1.12343E+06,0,0,0,4.046
125000,233.18455990421472,5097,4,5512,415,5250,BlackHole,800033,8.40193E-05,242,688,528,1926,2302,1310,0.00013733,0.049959,0.00462566,0.150188,0,0.783164,0.0111968,4576,-1.161897071958671E-05,-1.1645025911511212E-05,0.306375571782455,6886.61,8817.43,184417,1.12361E+06,0,0,0,4.214
126000,235.04860479697032,5094,4,5512,418,5250,BlackHole,800033,8.40193E-05,242,688,528,1929,2302,1313,0.00013733,0.049959,0.00462566,0.15039,0,0.782963,0.0111968,4573,-1.1598869469677398E-05,-1.16249246616019E-05,0.306375571782455,6612.27,8532.77,184409,1.12321E+06,0,0,0,4.135
127000,236.91264968972592,5092,4,5512,420,5250,BlackHole,800033,8.40193E-05,242,688,528,1931,2302,1315,0.00013733,0.049959,0.00462566,0.150636,0,0.782716,0.0111968,4571,-1.1583300984907446E-05,-1.1609356176831949E-05,0.306375571782455,6879.49,8805.86,184405,1.12204E+06,0,0,0,4.120
128000,238.77669458248153,5091,4,5512,421,5250,BlackHole,800033,8.40193E-05,242,689,528,1931,2302,1315,0.00013733,0.050303,0.00462566,0.150636,0,0.782373,0.0111968,4570,-1.1574569204297043E-05,-1.1600624396221546E-05,0.306375571782455,6937.39,8768.37,184412,1.12215E+06,0,0,0,3.992
129000,240.64073947523713,5089,4,5512,423,5250,BlackHole,800033,8.40193E-05,242,689,528,1933,2302,1317,0.00013733,0.050303,0.00462566,0.151279,0,0.781729,0.0111968,4568,-1.1566868561575417E-05,-1.159292375349992E-05,0.306375571782455,6914.53,8379.58,184402,1.12197E+06,0,0,0,4.154
130000,242.50478436799273,5089,4,5512,423,5250,BlackHole,800033,8.40193E-05,242,689,528,1933,2302,1317,0.00013733,0.050303,0.00462566,0.151279,0,0.781729,0.0111968,4568,-1.1563390595735224E-05,-1.1589445787659727E-05,0.306375571782455,6877.29,8573.16,184391,1.1216E+06,0,0,0,4.092
131000,244.36882926074833,5088,4,5512,424,5250,BlackHole,800033,8.40193E-05,242,689,528,1934,2302,1318,0.00013733,0.050303,0.00462566,0.151657,0,0.781351,0.0111968,4567,-1.1558132862510151E-05,-1.1584188054434654E-05,0.306375571782455,6882.93,9167.16,184381,1.12173E+06,0,0,0,4.115
132000,246.23287415350393,5086,4,5512,426,5250,BlackHole,800033,8.40193E-05,242,690,528,1935,2302,1319,0.00013733,0.0503076,0.00462566,0.15213,0,0.780873,0.0111968,4565,-1.1551658916073957E-05,-1.157771410799846E-05,0.306375571782455,6873.38,9091.46,184438,1.12183E+06,0,0,0,4.053
133000,248.09691904625953,5083,4,5512,429,5250,BlackHole,800033,8.40193E-05,242,690,528,1938,2302,1322,0.00013733,0.0503076,0.00462566,0.15281,0,0.780194,0.0111968,4561,-1.154157263672899E-05,-1.1567627828653492E-05,0.306375571782455,6870.05,8739.79,184356,1.12172E+06,0,0,0,4.134
134000,249.96096393901513,5083,4,5512,429,5250,BlackHole,800033,8.40193E-05,242,690,528,1938,2302,1322,0.00013733,0.0503076,0.00462566,0.15281,0,0.780194,0.0111968,4562,-1.1531368709931846E-05,-1.1557423901856348E-05,0.306375571782455,6877.8,8775.22,184348,1.12244E+06,0,0,0,4.102
135000,251.82500883177073,5081,4,5512,431,5250,BlackHole,800033,8.40193E-05,242,692,528,1938,2302,1322,0.00013733,0.0507319,0.00462566,0.15281,0,0.77977,0.0111968,4560,-1.1505552236120025E-05,-1.1531607428044528E-05,0.306375571782455,6898.6,8728.48,184460,1.12229E+06,0,0,0,4.018
136000,253.68905372452633,5080,4,5512,432,5250,BlackHole,800033,8.40193E-05,242,693,528,1938,2302,1322,0.00013733,0.0512519,0.00462566,0.15281,0,0.77925,0.0111968,4559,-1.1503629673201589E-05,-1.1529684865126091E-05,0.306375571782455,6886.97,8820.29,184378,1.12225E+06,0,0,0,4.185
137000,255.55309861728193,5079,4,5512,433,5250,BlackHole,800033,8.40193E-05,242,693,528,1939,2302,1323,0.00013733,0.0512519,0.00462566,0.153345,0,0.778714,0.0111968,4558,-1.1583286761686868E-05,-1.160934195361137E-05,0.306375571782455,6569.07,8710.88,184291,1.12193E+06,0,0,0,4.077
138000,257.41714351005913,5078,4,5512,434,5250,BlackHole,800033,8.40193E-05,242,693,528,1940,2302,1324,0.00013733,0.0512519,0.00462566,0.153494,0,0.778566,0.0111968,4557,-1.157860026962669E-05,-1.1604655461551193E-05,0.306375571782455,6878.24,8640.06,184175,1.12127E+06,0,0,0,4.177
139000,259.28118840284316,5077,4,5512,435,5250,BlackHole,800033,8.40193E-05,242,693,528,1941,2302,1325,0.00013733,0.0512519,0.00462566,0.153585,0,0.778474,0.0111968,4556,-1.1560350520371374E-05,-1.1586405712295877E-05,0.306375571782455,6885.95,8851.69,184248,1.12146E+06,0,0,0,4.076
140000,261.1452332956272,5077,4,5512,435,5250,BlackHole,800033,8.40193E-05,242,693,528,1941,2302,1325,0.00013733,0.0512519,0.00462566,0.153585,0,0.778474,0.0111968,4555,-1.1551401986351936E-05,-1.1577457178276439E-05,0.306375571782455,6900.88,8601.84,184242,1.12133E+06,0,0,0,4.139
141000,263.0092781884112,5076,4,5512,436,5250,BlackHole,800033,8.40193E-05,242,693,528,1942,2302,1326,0.00013733,0.0512519,0.00462566,0.15359,0,0.778469,0.0111968,4554,-1.15452948783733E-05,-1.1571350070297803E-05,0.306375571782455,6897.18,8955.14,184225,1.12135E+06,0,0,0,4.048
142000,264.8733230811952,5074,4,5512,438,5250,BlackHole,800033,8.40193E-05,242,693,528,1944,2302,1328,0.00013733,0.0512519,0.00462566,0.154376,0,0.777683,0.0111968,4553,-1.1537348685928926E-05,-1.1563403877853429E-05,0.306375571782455,6922.13,9141.69,184280,1.12126E+06,0,0,0,4.161
143000,266.73736797397925,5072,4,5512,440,5250,BlackHole,800033,8.40193E-05,242,693,528,1946,2302,1330,0.00013733,0.0512519,0.00462566,0.154887,0,0.777173,0.0111968,4551,-1.153158046856917E-05,-1.1557635660493673E-05,0.306375571782455,6876.66,8530.7,184292,1.12115E+06,0,0,0,4.034
144000,268.60141286676327,5069,4,5512,443,5250,BlackHole,800033,8.40193E-05,242,1119,544,1981,2760,1353,0.00013733,0.0514382,0.00462566,0.155684,0,0.776189,0.0111968,4548,-1.1523216325179134E-05,-1.1549271517103637E-05,0.306375571782455,6922.17,8397.08,184220,1.12075E+06,0,0,0,4.105
145000,270.4654577595473,5069,4,5512,443,5250,BlackHole,800033,8.40193E-05,242,1119,544,1981,2760,1353,0.00013733,0.0514382,0.00462566,0.155684,0,0.776189,0.0111968,4547,-1.151858803069268E-05,-1.1544643222617183E-05,0.306375571782455,7029.55,9272.41,184261,1.1206E+06,0,0,0,3.988
146000,272.3295026523313,5068,4,5512,444,5250,BlackHole,800033,8.40193E-05,242,1119,544,1982,2760,1354,0.00013733,0.0514382,0.00462566,0.155687,0,0.776186,0.0111968,4546,-1.1510417819926535E-05,-1.1536473011851038E-05,0.306375571782455,6985.8,8807.08,184238,1.12107E+06,0,0,0,4.113
147000,274.19354754511534,5067,4,5512,445,5250,BlackHole,800033,8.40193E-05,242,1119,544,1983,2760,1355,0.00013733,0.0514382,0.00462566,0.155693,0,0.77618,0.0111968,4546,-1.1495737522315849E-05,-1.1521792714240352E-05,0.306375571782455,6917.28,8527.61,184233,1.1212E+06,0,0,0,3.945
148000,276.05759243789936,5067,4,5512,445,5250,BlackHole,800033,8.40193E-05,242,1119,544,1983,2760,1355,0.00013733,0.0514382,0.00462566,0.155693,0,0.77618,0.0111968,4546,-1.1477659845304461E-05,-1.1503715037228964E-05,0.306375571782455,6611.11,8757.34,184158,1.12113E+06,0,0,0,4.035
149000,277.9216373306834,5065,4,5512,447,5250,BlackHole,800033,8.40193E-05,242,1120,544,1984,2760,1356,0.00013733,0.0515502,0.00462566,0.156247,0,0.775514,0.0111968,4544,-1.1538285936712947E-05,-1.156434112863745E-05,0.306375571782455,6902.51,8782.46,184194,1.12162E+06,0,0,0,4.030
150000,279.7856822234674,5062,4,5512,450,5250,BlackHole,800033,8.40193E-05,242,1121,544,1986,2760,1358,0.00013733,0.051555,0.00462566,0.156301,0,0.775455,0.0111968,4540,-1.1567932677203825E-05,-1.1593987869128327E-05,0.306375571782455,6884.75,8672.68,184162,1.12159E+06,0,0,0,3.977
151000,281.6497271162514,5060,4,5512,452,5250,BlackHole,800033,8.40193E-05,242,1121,544,1988,2760,1360,0.00013733,0.051555,0.00462566,0.15636,0,0.775396,0.0111968,4539,-1.1547413592181795E-05,-1.1573468784106298E-05,0.306375571782455,6959.76,8779.77,184147,1.12156E+06,0,0,0,4.057
152000,283.51377200903545,5059,4,5512,453,5250,BlackHole,800033,8.40193E-05,242,1122,544,1988,2760,1360,0.00013733,0.0520071,0.00462566,0.15636,0,0.774944,0.0111968,4538,-1.152774982687857E-05,-1.1553805018803072E-05,0.306375571782455,6930.3,8828.46,184077,1.1218E+06,0,0,0,3.949
153000,285.3778169018195,5057,4,5512,455,5250,BlackHole,800033,8.40193E-05,242,1122,544,1990,2760,1362,0.00013733,0.0520071,0.00462566,0.15663,0,0.774675,0.0111968,4536,-1.151983729217517E-05,-1.1545892484099672E-05,0.306375571782455,6869.48,8651.54,184180,1.1217E+06,0,0,0,4.086
154000,287.2418617946035,5056,4,5512,456,5250,BlackHole,800033,8.40193E-05,242,1122,544,1991,2760,1363,0.00013733,0.0520071,0.00462566,0.156641,0,0.774663,0.0111968,4535,-1.1515449600140794E-05,-1.1541504792065297E-05,0.306375571782455,6912.53,8907.7,183751,1.12155E+06,0,0,0,4.035
155000,289.1059066873875,5054,4,5512,458,5250,BlackHole,800033,8.40193E-05,242,1122,544,1993,2760,1365,0.00013733,0.0520071,0.00462566,0.156658,0,0.774646,0.0111968,4533,-1.1512023394036402E-05,-1.1538078585960905E-05,0.306375571782455,6901.94,8595.75,184179,1.12173E+06,0,0,0,4.175
156000,290.96995158017154,5053,4,5512,459,5250,BlackHole,800033,8.40193E-05,242,1122,544,1994,2760,1366,0.00013733,0.0520071,0.00462566,0.156704,0,0.7746,0.0111968,4532,-1.1508049448478073E-05,-1.1534104640402576E-05,0.306375571782455,6897.46,8767.54,184213,1.12172E+06,0,0,0,4.048
157000,292.83399647295556,5051,4,5512,461,5250,BlackHole,800033,8.40193E-05,242,1122,544,1996,2760,1368,0.00013733,0.0520071,0.00462566,0.157888,0,0.773416,0.0111968,4530,-1.1499511912577528E-05,-1.152556710450203E-05,0.306375571782455,6902.34,8643.47,184183,1.12155E+06,0,0,0,4.128
158000,294.6980413657396,5050,4,5512,462,5250,BlackHole,800033,8.40193E-05,242,1122,544,1997,2760,1369,0.00013733,0.0520071,0.00462566,0.157892,0,0.773412,0.0111968,4529,-1.1492952562945593E-05,-1.1519007754870096E-05,0.306375571782455,6943.17,8732.61,183674,1.12134E+06,0,0,0,4.163
159000,296.5620862585236,5046,4,5512,466,5250,BlackHole,800033,8.40193E-05,242,1123,544,2000,2760,1372,0.00013733,0.0523904,0.00462566,0.158224,0,0.772697,0.0111968,4525,-1.1472271177073626E-05,-1.1498326368998129E-05,0.306375571782455,6662.73,8764.03,183660,1.12155E+06,0,0,0,4.001
160000,298.42613115130763,5045,4,5512,467,5250,BlackHole,800033,8.40193E-05,242,1123,544,2001,2760,1373,0.00013733,0.0523904,0.00462566,0.158883,0,0.772037,0.0111968,4524,-1.1449408592980544E-05,-1.1475463784905047E-05,0.306375571782455,6930.46,8716.35,183659,1.12153E+06,0,0,0,4.130
161000,300.29017604409165,5044,4,5512,468,5250,BlackHole,800033,8.40193E-05,242,1123,544,2002,2760,1374,0.00013733,0.0523904,0.00462566,0.158887,0,0.772034,0.0111968,4523,-1.1472568662851718E-05,-1.149862385477622E-05,0.306375571782455,6879.48,8675.68,183672,1.12206E+06,0,0,0,4.037
162000,302.1542209368757,5043,4,5512,469,5250,BlackHole,800033,8.40193E-05,242,1124,544,2002,2760,1374,0.00013733,0.0525106,0.00462566,0.158887,0,0.771914,0.0111968,4522,-1.1541838117922918E-05,-1.1567893309847421E-05,0.306375571782455,6868.25,8795.43,183666,1.12276E+06,0,0,0,4.104
163000,304.0182658296597,5040,4,5512,472,5250,BlackHole,800033,8.40193E-05,242,1125,544,2004,2760,1376,0.00013733,0.0525147,0.00462566,0.15896,0,0.771836,0.0111968,4519,-1.1525832851824684E-05,-1.1551888043749186E-05,0.306375571782455,6970.69,9345.16,183648,1.12243E+06,0,0,0,3.977
164000,305.8823107224437,5037,4,5512,475,5250,BlackHole,800033,8.40193E-05,242,1126,544,2006,2760,1378,0.00013733,0.0525193,0.00462566,0.159836,0,0.770956,0.0111968,4516,-1.1504820129004272E-05,-1.1530875320928774E-05,0.306375571782455,6928.29,8788.85,183638,1.12254E+06,0,0,0,4.077
165000,307.74635561522774,5033,4,5512,479,5250,BlackHole,800033,8.40193E-05,242,1127,544,2009,2760,1381,0.00013733,0.052526,0.00462566,0.160846,0,0.769939,0.0111968,4512,-1.1487204062396946E-05,-1.151325925432145E-05,0.306375571782455,6869.67,8882.98,183571,1.12257E+06,0,0,0,3.973
166000,309.61040050801176,5033,4,5512,479,5250,BlackHole,800033,8.40193E-05,242,1127,544,2009,2760,1381,0.00013733,0.052526,0.00462566,0.160846,0,0.769939,0.0111968,4512,-1.1482433488788898E-05,-1.15084886807134E-05,0.306375571782455,6899.73,8655.86,184099,1.12216E+06,0,0,0,4.067
167000,311.4744454007958,5032,4,5512,480,5250,BlackHole,800033,8.40193E-05,242,1127,544,2010,2760,1382,0.00013733,0.052526,0.00462566,0.16085,0,0.769935,0.0111968,4511,-1.1478858013759011E-05,-1.1504913205683514E-05,0.306375571782455,6886.91,9112.74,183688,1.1216E+06,0,0,0,3.972
168000,313.3384902935798,5031,4,5512,481,5250,BlackHole,800033,8.40193E-05,242,1127,544,2011,2760,1383,0.00013733,0.052526,0.00462566,0.160859,0,0.769926,0.0111968,4510,-1.1475297766720426E-05,-1.1501352958644929E-05,0.306375571782455,6908.95,9126.04,183655,1.12189E+06,0,0,0,3.986
169000,315.20253518636383,5030,4,5512,482,5250,BlackHole,800033,8.40193E-05,242,1128,544,2011,2760,1383,0.00013733,0.0525422,0.00462566,0.160859,0,0.76991,0.0111968,4509,-1.14712275992231E-05,-1.1497282791147602E-05,0.306375571782455,6863.97,8816.31,183388,1.12172E+06,0,0,0,4.108
170000,317.06658007914785,5029,4,5512,483,5250,BlackHole,800033,8.40193E-05,242,1128,544,2012,2760,1384,0.00013733,0.0525422,0.00462566,0.161337,0,0.769432,0.0111968,4508,-1.1463532494819398E-05,-1.14895876867439E-05,0.306375571782455,6750.17,8299.81,183476,1.12206E+06,0,0,0,4.020
171000,318.9306249719319,5028,4,5512,484,5250,BlackHole,800033,8.40193E-05,242,1128,544,2013,2760,1385,0.00013733,0.0525422,0.00462566,0.161851,0,0.768918,0.0111968,4507,-1.1451488646211758E-05,-1.1477543838136261E-05,0.306375571782455,6867.82,8992.8,183417,1.1217E+06,0,0,0,4.039
172000,320.7946698647159,5028,4,5512,484,5250,BlackHole,800033,8.40193E-05,242,1128,544,2013,2760,1385,0.00013733,0.0525422,0.00462566,0.161851,0,0.768918,0.0111968,4507,-1.143397993844807E-05,-1.1460035130372573E-05,0.306375571782455,6699.31,8828.23,183403,1.12191E+06,0,0,0,4.046
173000,322.6587147574999,5025,4,5512,487,5250,BlackHole,800033,8.40193E-05,242,1128,544,2016,2760,1388,0.00013733,0.0525422,0.00462566,0.162407,0,0.768362,0.0111968,4504,-1.1422654490967017E-05,-1.144870968289152E-05,0.306375571782455,6879.32,9126,183338,1.12227E+06,0,0,0,4.088
174000,324.52275965028394,5024,4,5512,488,5250,BlackHole,800033,8.40193E-05,242,1129,544,2016,2760,1388,0.00013733,0.0525458,0.00462566,0.162407,0,0.768359,0.0111968,4503,-1.1504436568261455E-05,-1.1530491760185957E-05,0.306375571782455,6899.76,8961.87,183405,1.12173E+06,0,0,0,4.117
175000,326.38680454306797,5023,4,5512,489,5250,BlackHole,800033,8.40193E-05,242,1129,544,2017,2760,1389,0.00013733,0.0525458,0.00462566,0.162635,0,0.768131,0.0111968,4502,-1.150928364469337E-05,-1.1535338836617873E-05,0.306375571782455,6911.68,8547.64,183377,1.12184E+06,0,0,0,4.085
176000,328.250849435852,5023,4,5512,489,5250,BlackHole,800033,8.40193E-05,242,1129,544,2017,2760,1389,0.00013733,0.0525458,0.00462566,0.162635,0,0.768131,0.0111968,4502,-1.1490961973316074E-05,-1.1517017165240576E-05,0.306375571782455,6880.19,8973.45,183439,1.12167E+06,0,0,0,4.055
177000,330.114894328636,5022,4,5512,490,5250,BlackHole,800033,8.40193E-05,242,1129,544,2018,2760,1390,0.00013733,0.0525458,0.00462566,0.162675,0,0.76809,0.0111968,4501,-1.1479678299980426E-05,-1.1505733491904929E-05,0.306375571782455,6871.91,8527.46,183336,1.12156E+06,0,0,0,4.044
178000,331.97893922142003,5021,4,5512,491,5250,BlackHole,800033,8.40193E-05,242,1129,544,2019,2760,1391,0.00013733,0.0525458,0.00462566,0.162679,0,0.768086,0.0111968,4500,-1.1474348387540795E-05,-1.1500403579465298E-05,0.306375571782455,6933.5,8785.97,183330,1.1218E+06,0,0,0,3.999
179000,333.84298411420406,5019,4,5512,493,5250,BlackHole,800033,8.40193E-05,242,1129,544,2021,2760,1393,0.00013733,0.0525458,0.00462566,0.163013,0,0.767752,0.0111968,4498,-1.1468576552826698E-05,-1.1494631744751201E-05,0.306375571782455,6876.67,8869.31,183306,1.12195E+06,0,0,0,3.998
180000,335.7070290069881,5019,4,5512,493,5250,BlackHole,800033,8.40193E-05,242,1129,544,2021,2760,1393,0.00013733,0.0525458,0.00462566,0.163013,0,0.767752,0.0111968,4498,-1.146624023899913E-05,-1.1492295430923632E-05,0.306375571782455,6883.89,8777.05,183310,1.12204E+06,0,0,0,4.033
181000,337.5710738997721,5019,4,5512,493,5250,BlackHole,800033,8.40193E-05,242,1129,544,2021,2760,1393,0.00013733,0.0525458,0.00462566,0.163013,0,0.767752,0.0111968,4498,-1.1462201400309017E-05,-1.148825659223352E-05,0.306375571782455,6876.02,8627.12,183140,1.12199E+06,0,0,0,4.022
182000,339.4351187925561,5019,4,5512,493,5250,BlackHole,800033,8.40193E-05,242,1129,544,2021,2760,1393,0.00013733,0.0525458,0.00462566,0.163013,0,0.767752,0.0111968,4498,-1.145773688477518E-05,-1.1483792076699684E-05,0.306375571782455,6889.03,8664.27,183331,1.12191E+06,0,0,0,4.063
183000,341.29916368534015,5018,4,5512,494,5250,BlackHole,800033,8.40193E-05,242,1129,544,2022,2760,1394,0.00013733,0.0525458,0.00462566,0.163017,0,0.767749,0.0111968,4497,-1.14505105844008E-05,-1.1476565776325302E-05,0.306375571782455,6564.07,8664.61,183333,1.12177E+06,0,0,0,3.978
184000,343.16320857812417,5017,4,5512,495,5250,BlackHole,800033,8.40193E-05,242,1129,544,2023,2760,1395,0.00013733,0.0525458,0.00462566,0.163438,0,0.767328,0.0111968,4496,-1.1433809663124839E-05,-1.1459864855049342E-05,0.306375571782455,6892.89,8735.26,183327,1.12167E+06,0,0,0,3.968
185000,345.0272534709082,5016,4,5512,496,5250,BlackHole,800033,8.40193E-05,242,1129,544,2024,2760,1396,0.00013733,0.0525458,0.00462566,0.163576,0,0.76719,0.0111968,4495,-1.141410224044954E-05,-1.1440157432374043E-05,0.306375571782455,6890.94,8676.21,183206,1.12158E+06,0,0,0,4.016
186000,346.8912983636922,5012,4,5512,500,5250,BlackHole,800033,8.40193E-05,242,1129,544,2028,2760,1400,0.00013733,0.0525458,0.00462566,0.163671,0,0.767095,0.0111968,4491,-1.1463979206143857E-05,-1.149003439806836E-05,0.306375571782455,7026.11,8792.91,183308,1.12153E+06,0,0,0,4.020
187000,348.75534325647624,5011,4,5512,501,5250,BlackHole,800033,8.40193E-05,242,1129,544,2029,2760,1401,0.00013733,0.0525458,0.00462566,0.164154,0,0.766612,0.0111968,4490,-1.150816515910179E-05,-1.1534220351026293E-05,0.306375571782455,6877.03,8801.8,183303,1.12143E+06,0,0,0,3.989
188000,350.61938814926026,5011,4,5512,501,5250,BlackHole,800033,8.40193E-05,242,1129,544,2029,2760,1401,0.00013733,0.0525458,0.00462566,0.164154,0,0.766612,0.0111968,4490,-1.148947698804673E-05,-1.1515532179971233E-05,0.306375571782455,6934.4,8971.54,183291,1.12149E+06,0,0,0,4.013
189000,352.4834330420443,5005,4,5512,507,5250,BlackHole,800033,8.40193E-05,242,1130,544,2034,2760,1406,0.00013733,0.0525495,0.00462566,0.164712,0,0.766049,0.0111968,4484,-1.147328223504725E-05,-1.1499337426971753E-05,0.306375571782455,6924.68,8863.41,183206,1.12145E+06,0,0,0,4.001
190000,354.3474779348283,5005,4,5512,507,5250,BlackHole,800033,8.40193E-05,242,1130,544,2034,2760,1406,0.00013733,0.0525495,0.00462566,0.164712,0,0.766049,0.0111968,4484,-1.1465390085482289E-05,-1.1491445277406791E-05,0.306375571782455,6866.37,8559.46,183270,1.12147E+06,0,0,0,3.995
191000,356.2115228276123,5000,4,5512,512,5250,BlackHole,800033,8.40193E-05,242,1131,544,2038,2760,1410,0.00013733,0.052638,0.00462566,0.164736,0,0.765937,0.0111968,4479,-1.1459201095022389E-05,-1.1485256286946891E-05,0.306375571782455,6907.78,8669.16,183176,1.12146E+06,0,0,0,4.108
192000,358.07556772039635,4997,4,5512,515,5250,BlackHole,800033,8.40193E-05,242,1133,544,2039,2760,1411,0.00013733,0.0536308,0.00462566,0.165025,0,0.764656,0.0111968,4476,-1.1445217792447644E-05,-1.1471272984372146E-05,0.306375571782455,6872.1,8655.28,183164,1.12142E+06,0,0,0,4.049
193000,359.9396126131804,4995,4,5512,517,5250,BlackHole,800033,8.40193E-05,242,1133,544,2041,2760,1413,0.00013733,0.0536308,0.00462566,0.165049,0,0.764632,0.0111968,4474,-1.1442342517832214E-05,-1.1468397709756717E-05,0.306375571782455,6920.06,8674.58,183127,1.12104E+06,0,0,0,4.137
194000,361.8036575059644,4995,4,5512,517,5250,BlackHole,800033,8.40193E-05,242,1133,544,2041,2760,1413,0.00013733,0.0536308,0.00462566,0.165049,0,0.764632,0.0111968,4474,-1.1438375965225262E-05,-1.1464431157149765E-05,0.306375571782455,6593.65,8564.92,183195,1.12052E+06,0,0,0,3.970
195000,363.6677023987484,4993,4,5512,519,5250,BlackHole,800033,8.40193E-05,242,1134,544,2042,2760,1414,0.00013733,0.0536394,0.00462566,0.165669,0,0.764003,0.0111968,4472,-1.1429530410136906E-05,-1.1455585602061408E-05,0.306375571782455,6874.13,8554.08,183153,1.12053E+06,0,0,0,3.987
196000,365.53174729153244,4988,4,5512,524,5250,BlackHole,800033,8.40193E-05,242,1135,544,2046,2760,1418,0.00013733,0.0536872,0.00462566,0.165995,0,0.763629,0.0111968,4467,-1.1415873888617286E-05,-1.1441929080541789E-05,0.306375571782455,6897.41,8447.48,182879,1.12041E+06,0,0,0,4.019
197000,367.39579218431646,4986,4,5512,526,5250,BlackHole,800033,8.40193E-05,242,1135,544,2048,2760,1420,0.00013733,0.0536872,0.00462566,0.166147,0,0.763477,0.0111968,4465,-1.1395983112152987E-05,-1.142203830407749E-05,0.306375571782455,6964.49,9024.77,183019,1.12053E+06,0,0,0,4.018
198000,369.2598370771005,4985,4,5512,527,5250,BlackHole,800033,8.40193E-05,242,1136,544,2048,2760,1420,0.00013733,0.0537047,0.00462566,0.166147,0,0.763459,0.0111968,4464,-1.1404454554638756E-05,-1.1430509746563259E-05,0.306375571782455,6889.52,8770.43,183008,1.12049E+06,0,0,0,4.030
199000,371.1238819698845,4982,4,5512,530,5250,BlackHole,800033,8.40193E-05,242,1137,544,2050,2760,1422,0.00013733,0.054298,0.00462566,0.166181,0,0.762832,0.0111968,4461,-1.1475128149575554E-05,-1.1501183341500057E-05,0.306375571782455,6931.63,8590.61,182994,1.12041E+06,0,0,0,3.937
200000,372.98792686266853,4981,4,5512,531,5250,BlackHole,800033,8.40193E-05,242,1137,544,2051,2760,1423,0.00013733,0.054298,0.00462566,0.166287,0,0.762726,0.0111968,4460,-1.1465656742885887E-05,-1.149171193481039E-05,0.306375571782455,6883.9,8788.13,183051,1.12061E+06,0,0,0,4.059
201000,374.85197175545255,4981,4,5512,531,5250,BlackHole,800033,8.40193E-05,242,1137,544,2051,2760,1423,0.00013733,0.054298,0.00462566,0.166287,0,0.762726,0.0111968,4460,-1.144806912424565E-05,-1.1474124316170153E-05,0.306375571782455,6945.83,8638.26,183022,1.12058E+06,0,0,0,3.932
202000,376.7160166482366,4981,4,5512,531,5250,BlackHole,800033,8.40193E-05,242,1137,544,2051,2760,1423,0.00013733,0.054298,0.00462566,0.166287,0,0.762726,0.0111968,4460,-1.1439701679526315E-05,-1.1465756871450818E-05,0.306375571782455,6929.77,8716.47,183002,1.1206E+06,0,0,0,4.036
203000,378.5800615410206,4979,4,5512,533,5250,BlackHole,800033,8.40193E-05,242,1138,544,2052,2760,1424,0.00013733,0.0547352,0.00462566,0.166404,0,0.762172,0.0111968,4458,-1.1431034958623278E-05,-1.145709015054778E-05,0.306375571782455,6873.67,8796.34,182786,1.1204E+06,0,0,0,3.958
204000,380.4441064338046,4979,4,5512,533,5250,BlackHole,800033,8.40193E-05,242,1138,544,2052,2760,1424,0.00013733,0.0547352,0.00462566,0.166404,0,0.762172,0.0111968,4458,-1.1427739576558133E-05,-1.1453794768482636E-05,0.306375571782455,6913.45,8838.26,182768,1.12036E+06,0,0,0,4.011
205000,382.30815132658864,4978,4,5512,534,5250,BlackHole,800033,8.40193E-05,242,1138,544,2053,2760,1425,0.00013733,0.0547352,0.00462566,0.166484,0,0.762092,0.0111968,4457,-1.1424067222934199E-05,-1.1450122414858702E-05,0.306375571782455,6641.83,8779.11,183016,1.12018E+06,0,0,0,4.044
206000,384.17219621937267,4976,4,5512,536,5250,BlackHole,800033,8.40193E-05,242,1138,544,2055,2760,1427,0.00013733,0.0547352,0.00462566,0.167188,0,0.761388,0.0111968,4455,-1.1416628189069877E-05,-1.144268338099438E-05,0.306375571782455,6879.03,8751.31,182951,1.12031E+06,0,0,0,4.017
207000,386.0362411121567,4976,4,5512,536,5250,BlackHole,800033,8.40193E-05,242,1138,544,2055,2760,1427,0.00013733,0.0547352,0.00462566,0.167188,0,0.761388,0.0111968,4455,-1.1412123865723825E-05,-1.1438179057648328E-05,0.306375571782455,6909.02,8768.32,182808,1.12028E+06,0,0,0,4.045
208000,387.9002860049407,4975,4,5512,537,5250,BlackHole,800033,8.40193E-05,242,1138,544,2056,2760,1428,0.00013733,0.0547352,0.00462566,0.167425,0,0.761151,0.0111968,4454,-1.1401459086712874E-05,-1.1427514278637377E-05,0.306375571782455,6897.05,8734.96,182805,1.1203E+06,0,0,0,4.007
209000,389.76433089772473,4970,4,5512,542,5250,BlackHole,800033,8.40193E-05,242,1138,544,2061,2760,1433,0.00013733,0.0547352,0.00462566,0.168948,0,0.759628,0.0111968,4449,-1.137654039635075E-05,-1.1402595588275252E-05,0.306375571782455,6891.73,8786.84,182656,1.12029E+06,0,0,0,3.963
210000,391.62837579050876,4970,4,5512,542,5250,BlackHole,800033,8.40193E-05,242,1138,544,2061,2760,1433,0.00013733,0.0547352,0.00462566,0.168948,0,0.759628,0.0111968,4449,-1.1361884966900459E-05,-1.1387940158824962E-05,0.306375571782455,6912.57,8799.31,182630,1.11995E+06,0,0,0,4.040
211000,393.4924206832928,5031,4,5512,481,5250,BlackHole,800033,8.40193E-05,242,1139,544,2063,2824,1434,0.00013733,0.0547401,0.00462566,0.169252,0,0.759319,0.0111968,4446,-1.1426802174569102E-05,-1.1452857366493605E-05,0.306375571782455,6927.19,9156.46,182962,1.12051E+06,0,0,0,4.072
212000,395.3564655760768,5031,4,5512,481,5250,BlackHole,800033,8.40193E-05,242,1139,544,2063,2824,1434,0.00013733,0.0547401,0.00462566,0.169252,0,0.759319,0.0111968,4446,-1.1447377616872009E-05,-1.1473432808796511E-05,0.306375571782455,6901.29,8717.91,182860,1.12081E+06,0,0,0,4.116
213000,397.2205104688608,5030,4,5512,482,5250,BlackHole,800033,8.40193E-05,242,1139,544,2064,2824,1435,0.00013733,0.0547401,0.00462566,0.169913,0,0.758658,0.0111968,4445,-1.142380517997356E-05,-1.1449860371898063E-05,0.306375571782455,6900.79,8657.99,182691,1.12021E+06,0,0,0,4.233
214000,399.08455536164485,5027,4,5512,485,5250,BlackHole,800033,8.40193E-05,242,1141,544,2065,2824,1436,0.00013733,0.0550986,0.00462566,0.169941,0,0.758272,0.0111968,4442,-1.1408620303898148E-05,-1.143467549582265E-05,0.306375571782455,6868.85,8819.48,182860,1.12093E+06,0,0,0,4.107
215000,400.94860025442887,5025,4,5512,487,5250,BlackHole,800033,8.40193E-05,242,1141,544,2067,2824,1438,0.00013733,0.0550986,0.00462566,0.170757,0,0.757456,0.0111968,4440,-1.1396865939123503E-05,-1.1422921131048006E-05,0.306375571782455,6924.22,8654.53,182875,1.12128E+06,0,0,0,4.102
216000,402.8126451472129,5025,4,5512,487,5250,BlackHole,800033,8.40193E-05,242,1141,544,2067,2824,1438,0.00013733,0.0550986,0.00462566,0.170757,0,0.757456,0.0111968,4440,-1.139354759635629E-05,-1.1419602788280793E-05,0.306375571782455,6712.99,8754.31,182824,1.1212E+06,0,0,0,4.148
217000,404.6766900399969,5021,4,5512,491,5250,BlackHole,800033,8.40193E-05,242,1144,544,2068,2824,1439,0.00013733,0.0553516,0.00462566,0.170784,0,0.757176,0.0111968,4435,-1.1382179374521212E-05,-1.1408234566445714E-05,0.306375571782455,6943.74,8797.22,182816,1.12119E+06,0,0,0,4.000
218000,406.54073493278094,5020,4,5512,492,5250,BlackHole,800033,8.40193E-05,242,1144,544,2069,2824,1440,0.00013733,0.0553516,0.00462566,0.170786,0,0.757174,0.0111968,4435,-1.137867928836671E-05,-1.1404734480291212E-05,0.306375571782455,6820.5,8749,182751,1.12146E+06,0,0,0,4.084
219000,408.40477982556496,5019,4,5512,493,5250,BlackHole,800033,8.40193E-05,242,1144,544,2070,2824,1441,0.00013733,0.0553516,0.00462566,0.170894,0,0.757066,0.0111968,4434,-1.1373668792913165E-05,-1.1399723984837667E-05,0.306375571782455,6850.91,8607.3,182769,1.12171E+06,0,0,0,3.998
220000,410.268824718349,5019,4,5512,493,5250,BlackHole,800033,8.40193E-05,242,1144,544,2070,2824,1441,0.00013733,0.0553516,0.00462566,0.170894,0,0.757066,0.0111968,4434,-1.1366974696927122E-05,-1.1393029888851625E-05,0.306375571782455,6869.42,9069.11,182772,1.12187E+06,0,0,0,4.098
221000,412.132869611133,5018,4,5512,494,5250,BlackHole,800033,8.40193E-05,242,1145,544,2070,2824,1441,0.00013733,0.0553642,0.00462566,0.170894,0,0.757053,0.0111968,4433,-1.1354458851522941E-05,-1.1380514043447444E-05,0.306375571782455,6867.93,8687.86,182786,1.12145E+06,0,0,0,4.118
222000,413.996914503917,5016,4,5512,496,5250,BlackHole,800033,8.40193E-05,242,1146,544,2071,2824,1442,0.00013733,0.0553642,0.00462566,0.170897,0,0.75705,0.0111968,4431,-1.1334069608854593E-05,-1.1360124800779096E-05,0.306375571782455,6886.81,8573.15,182669,1.1219E+06,0,0,0,4.035
223000,415.86095939670105,5016,4,5512,496,5250,BlackHole,800033,8.40193E-05,242,1146,544,2071,2824,1442,0.00013733,0.0553642,0.00462566,0.170897,0,0.75705,0.0111968,4431,-1.1367059375800922E-05,-1.1393114567725425E-05,0.306375571782455,6979.63,8741.07,182663,1.12199E+06,0,0,0,4.027
224000,417.72500428948507,5016,4,5512,496,5250,BlackHole,800033,8.40193E-05,242,1146,544,2071,2824,1442,0.00013733,0.0553642,0.00462566,0.170897,0,0.75705,0.0111968,4431,-1.1430369680994784E-05,-1.1456424872919287E-05,0.306375571782455,6831.67,8793.03,182896,1.1219E+06,0,0,0,4.017
225000,419.5890491822691,5015,4,5512,497,5250,BlackHole,800033,8.40193E-05,242,1146,544,2072,2824,1443,0.00013733,0.0553642,0.00462566,0.170908,0,0.757039,0.0111968,4430,-1.141358129181089E-05,-1.1439636483735393E-05,0.306375571782455,6880.93,8546.44,182823,1.12198E+06,0,0,0,4.107
226000,421.4530940750531,5014,4,5512,498,5250,BlackHole,800033,8.40193E-05,242,1146,544,2073,2824,1444,0.00013733,0.0553642,0.00462566,0.170911,0,0.757036,0.0111968,4429,-1.1398260057066386E-05,-1.1424315248990889E-05,0.306375571782455,6919.12,8769.96,182587,1.12183E+06,0,0,0,4.099
227000,423.31713896783714,5012,4,5512,500,5250,BlackHole,800033,8.40193E-05,242,1146,544,2075,2824,1446,0.00013733,0.0553642,0.00462566,0.171422,0,0.756525,0.0111968,4427,-1.1387465894873687E-05,-1.141352108679819E-05,0.306375571782455,6832.4,8768.47,182651,1.12176E+06,0,0,0,4.115
228000,425.18118386062116,5010,4,5512,502,5250,BlackHole,800033,8.40193E-05,242,1146,544,2077,2824,1448,0.00013733,0.0553642,0.00462566,0.172018,0,0.755929,0.0111968,4425,-1.1380659035355191E-05,-1.1406714227279694E-05,0.306375571782455,6948.63,9200.91,182469,1.12098E+06,0,0,0,4.007
229000,427.0452287534052,5010,4,5512,502,5250,BlackHole,800033,8.40193E-05,242,1146,544,2077,2824,1448,0.00013733,0.0553642,0.00462566,0.172018,0,0.755929,0.0111968,4425,-1.137680630370813E-05,-1.1402861495632632E-05,0.306375571782455,6578.3,8654.03,182465,1.12101E+06,0,0,0,4.083
230000,428.9092736461892,5008,4,5512,504,5250,BlackHole,800033,8.40193E-05,242,1146,544,2079,2824,1450,0.00013733,0.0553642,0.00462566,0.172186,0,0.755761,0.0111968,4423,-1.1372651310640544E-05,-1.1398706502565047E-05,0.306375571782455,6924.71,8755.44,182626,1.12046E+06,0,0,0,4.103
231000,430.77331853897323,5007,4,5512,505,5250,BlackHole,800033,8.40193E-05,242,1147,544,2079,2824,1450,0.00013733,0.0553681,0.00462566,0.172186,0,0.755757,0.0111968,4422,-1.1369424324480726E-05,-1.139547951640523E-05,0.306375571782455,6887.52,8923.05,182598,1.12088E+06,0,0,0,4.105
232000,432.63736343175725,5005,4,5512,507,5250,BlackHole,800033,8.40193E-05,242,1147,544,2081,2824,1452,0.00013733,0.0553681,0.00462566,0.17258,0,0.755363,0.0111968,4420,-1.136087748182325E-05,-1.1386932673747754E-05,0.306375571782455,6869.76,8621.88,182695,1.12103E+06,0,0,0,4.181
233000,434.5014083245413,5004,4,5512,508,5250,BlackHole,800033,8.40193E-05,242,1147,544,2082,2824,1453,0.00013733,0.0553681,0.00462566,0.173309,0,0.754634,0.0111968,4419,-1.1346170627296307E-05,-1.137222581922081E-05,0.306375571782455,6898.69,8538.8,182487,1.1204E+06,0,0,0,4.025
234000,436.3654532173253,4962,3,5512,550,5250,BlackHole,800033,8.40193E-05,242,1187,544,2084,2824,1455,0.00013733,0.0554153,0.00462566,0.173312,0,0.754584,0.0111968,4418,-1.1328355238983475E-05,-1.1354410430907978E-05,0.306375571782455,6791.04,8657.3,182471,1.12046E+06,0,0,0,3.432
235000,438.2294981101093,4961,3,5512,551,5250,BlackHole,800033,8.40193E-05,242,1187,544,2085,2824,1456,0.00013733,0.0554153,0.00462566,0.173739,0,0.754157,0.0111968,4417,-1.1323291505457227E-05,-1.134934669738173E-05,0.306375571782455,6896.83,8930.98,182586,1.12035E+06,0,0,0,3.403
236000,440.09354300289334,4960,3,5512,552,5250,BlackHole,800033,8.40193E-05,242,1187,544,2086,2824,1457,0.00013733,0.0554153,0.00462566,0.173749,0,0.754147,0.0111968,4416,-1.140587806461599E-05,-1.1431933256540493E-05,0.306375571782455,7035.71,8834.91,182495,1.12039E+06,0,0,0,3.322
237000,441.95758789567736,4958,3,5512,554,5250,BlackHole,800033,8.40193E-05,242,1187,544,2088,2824,1459,0.00013733,0.0554153,0.00462566,0.174072,0,0.753824,0.0111968,4414,-1.1402933740365283E-05,-1.1428988932289785E-05,0.306375571782455,6892.67,8737.28,182488,1.12043E+06,0,0,0,3.393
238000,443.8216327884614,4958,3,5512,554,5250,BlackHole,800033,8.40193E-05,242,1187,544,2088,2824,1459,0.00013733,0.0554153,0.00462566,0.174072,0,0.753824,0.0111968,4414,-1.1385304254469865E-05,-1.1411359446394368E-05,0.306375571782455,6887.09,8453.6,182479,1.12052E+06,0,0,0,3.409
239000,445.6856776812454,4958,3,5512,554,5250,BlackHole,800033,8.40193E-05,242,1187,544,2088,2824,1459,0.00013733,0.0554153,0.00462566,0.174072,0,0.753824,0.0111968,4414,-1.1375079581241752E-05,-1.1401134773166255E-05,0.306375571782455,6769.43,8450.06,182250,1.12041E+06,0,0,0,3.402
240000,447.54972257402943,4957,3,5512,555,5250,BlackHole,800033,8.40193E-05,242,1187,544,2089,2824,1460,0.00013733,0.0554153,0.00462566,0.174197,0,0.753699,0.0111968,4413,-1.1369049642034668E-05,-1.1395104833959171E-05,0.306375571782455,6578.59,8826.27,182473,1.12015E+06,0,0,0,3.357
241000,449.41376746681345,4957,3,5512,555,5250,BlackHole,800033,8.40193E-05,242,1187,544,2089,2824,1460,0.00013733,0.0554153,0.00462566,0.174197,0,0.753699,0.0111968,4413,-1.136500120403891E-05,-1.1391056395963413E-05,0.306375571782455,6865.57,8662.28,182463,1.12023E+06,0,0,0,3.429
242000,451.2778123595975,4956,3,5512,556,5250,BlackHole,800033,8.40193E-05,242,1187,544,2090,2824,1461,0.00013733,0.0554153,0.00462566,0.174261,0,0.753635,0.0111968,4412,-1.136118936989541E-05,-1.1387244561819912E-05,0.306375571782455,6886.89,8774.86,182458,1.1201E+06,0,0,0,3.420
243000,453.1418572523815,4953,3,5512,559,5250,BlackHole,800033,8.40193E-05,242,1189,544,2091,2824,1462,0.00013733,0.0557393,0.00462566,0.174262,0,0.75331,0.0111968,4409,-1.1353439400711037E-05,-1.137949459263554E-05,0.306375571782455,6907.11,8767.04,182392,1.12065E+06,0,0,0,3.355
244000,455.0059021451655,4953,3,5512,559,5250,BlackHole,800033,8.40193E-05,242,1189,544,2091,2824,1462,0.00013733,0.0557393,0.00462566,0.174262,0,0.75331,0.0111968,4409,-1.1348057824893456E-05,-1.1374113016817958E-05,0.306375571782455,6749.11,8778.32,182486,1.12053E+06,0,0,0,3.357
245000,456.86994703794954,4951,3,5512,561,5250,BlackHole,800033,8.40193E-05,242,1189,544,2093,2824,1464,0.00013733,0.0557393,0.00462566,0.174976,0,0.752596,0.0111968,4407,-1.1336720908995529E-05,-1.1362776100920032E-05,0.306375571782455,6876.66,8665.76,182470,1.12015E+06,0,0,0,3.405
246000,458.73399193073357,4949,3,5512,563,5250,BlackHole,800033,8.40193E-05,242,1189,544,2095,2824,1466,0.00013733,0.0557393,0.00462566,0.175646,0,0.751926,0.0111968,4405,-1.131818648457325E-05,-1.1344241676497754E-05,0.306375571782455,6901.81,8983.01,182487,1.12005E+06,0,0,0,3.374
247000,460.5980368235176,4949,3,5512,563,5250,BlackHole,800033,8.40193E-05,242,1189,544,2095,2824,1466,0.00013733,0.0557393,0.00462566,0.175646,0,0.751926,0.0111968,4405,-1.1300126473713686E-05,-1.1326181665638188E-05,0.306375571782455,7130.17,8619.7,182332,1.12005E+06,0,0,0,3.373
248000,462.4620817163016,4947,3,5512,565,5250,BlackHole,800033,8.40193E-05,242,1189,544,2097,2824,1468,0.00013733,0.0557393,0.00462566,0.175902,0,0.75167,0.0111968,4403,-1.1358834680773131E-05,-1.1384889872697634E-05,0.306375571782455,6936.78,8536.63,182583,1.12025E+06,0,0,0,3.356
249000,464.32612660908563,4947,3,5512,565,5250,BlackHole,800033,8.40193E-05,242,1189,544,2097,2824,1468,0.00013733,0.0557393,0.00462566,0.175902,0,0.75167,0.0111968,4403,-1.139559928107211E-05,-1.1421654472996613E-05,0.306375571782455,6731.02,9007.9,182499,1.12031E+06,0,0,0,3.320
250000,466.19017150186966,4947,3,5512,565,5250,BlackHole,800033,8.40193E-05,242,1189,544,2097,2824,1468,0.00013733,0.0557393,0.00462566,0.175902,0,0.75167,0.0111968,4403,-1.1375363571594394E-05,-1.1401418763518897E-05,0.306375571782455,6906.63,8675.05,182506,1.12035E+06,0,0,0,3.366
251000,468.0542163946537,4945,3,5512,567,5250,BlackHole,800033,8.40193E-05,242,1189,544,2099,2824,1470,0.00013733,0.0557393,0.00462566,0.175909,0,0.751662,0.0111968,4401,-1.136297617328303E-05,-1.1389031365207532E-05,0.306375571782455,6624.51,8638.9,182484,1.12036E+06,0,0,0,3.379
252000,469.9182612874377,4943,3,5512,569,5250,BlackHole,800033,8.40193E-05,242,1189,544,2101,2824,1472,0.00013733,0.0557393,0.00462566,0.177169,0,0.750403,0.0111968,4399,-1.1348794234961994E-05,-1.1374849426886496E-05,0.306375571782455,6884.67,8575.83,182203,1.12033E+06,0,0,0,3.349
253000,471.7823061802217,4943,3,5512,569,5250,BlackHole,800033,8.40193E-05,242,1189,544,2101,2824,1472,0.00013733,0.0557393,0.00462566,0.177169,0,0.750403,0.0111968,4399,-1.1344501936144045E-05,-1.1370557128068547E-05,0.306375571782455,6895.92,8744.42,182202,1.12034E+06,0,0,0,3.389
254000,473.64635107300575,4943,3,5512,569,5250,BlackHole,800033,8.40193E-05,242,1189,544,2101,2824,1472,0.00013733,0.0557393,0.00462566,0.177169,0,0.750403,0.0111968,4399,-1.134041546205363E-05,-1.1366470653978133E-05,0.306375571782455,6715.19,8660.47,182210,1.12033E+06,0,0,0,3.350
255000,475.51039596578977,4943,3,5512,569,5250,BlackHole,800033,8.40193E-05,242,1189,544,2101,2824,1472,0.00013733,0.0557393,0.00462566,0.177169,0,0.750403,0.0111968,4399,-1.1337363380817244E-05,-1.1363418572741747E-05,0.306375571782455,6883.91,8538,182191,1.12032E+06,0,0,0,3.409
256000,477.3744408585738,4943,3,5512,569,5250,BlackHole,800033,8.40193E-05,242,1189,544,2101,2824,1472,0.00013733,0.0557393,0.00462566,0.177169,0,0.750403,0.0111968,4399,-1.1333536102672822E-05,-1.1359591294597325E-05,0.306375571782455,6896.93,8573.81,182404,1.12035E+06,0,0,0,3.434
257000,479.2384857513578,4942,3,5512,570,5250,BlackHole,800033,8.40193E-05,242,1189,544,2102,2824,1473,0.00013733,0.0557393,0.00462566,0.177697,0,0.749875,0.0111968,4398,-1.1323700843130036E-05,-1.1349756035054539E-05,0.306375571782455,6882.41,8851.49,182222,1.12029E+06,0,0,0,3.437
258000,481.10253064414184,4941,3,5512,571,5250,BlackHole,800033,8.40193E-05,242,1189,544,2103,2824,1474,0.00013733,0.0557393,0.00462566,0.178484,0,0.749088,0.0111968,4397,-1.1308076510055387E-05,-1.133413170197989E-05,0.306375571782455,6870.94,8668.75,182320,1.12013E+06,0,0,0,3.432
259000,482.96657553692586,4939,3,5512,573,5250,BlackHole,800033,8.40193E-05,242,1189,544,2105,2824,1476,0.00013733,0.0557393,0.00462566,0.179478,0,0.748094,0.0111968,4395,-1.1282105798968342E-05,-1.1308160990892845E-05,0.306375571782455,6700.97,8678.81,182230,1.12002E+06,0,0,0,3.373
260000,484.8306204297099,4938,3,5512,574,5250,BlackHole,800033,8.40193E-05,242,1189,544,2106,2824,1477,0.00013733,0.0557393,0.00462566,0.179551,0,0.748021,0.0111968,4394,-1.1299290635448879E-05,-1.1325345827373382E-05,0.306375571782455,6895.79,8727.09,182409,1.12101E+06,0,0,0,3.444
261000,486.6946653224939,4938,3,5512,574,5250,BlackHole,800033,8.40193E-05,242,1189,544,2106,2824,1477,0.00013733,0.0557393,0.00462566,0.179551,0,0.748021,0.0111968,4394,-1.1374531156701398E-05,-1.14005863486259E-05,0.306375571782455,7025.79,8628.51,182199,1.12087E+06,0,0,0,3.440
262000,488.5587102152779,4938,3,5512,574,5250,BlackHole,800033,8.40193E-05,242,1189,544,2106,2824,1477,0.00013733,0.0557393,0.00462566,0.179551,0,0.748021,0.0111968,4394,-1.1361173826952796E-05,-1.1387229018877299E-05,0.306375571782455,6683.32,8527.84,182489,1.1209E+06,0,0,0,3.448
263000,490.42275510806195,4936,3,5512,576,5250,BlackHole,800033,8.40193E-05,242,1189,544,2108,2824,1479,0.00013733,0.0557393,0.00462566,0.179978,0,0.747594,0.0111968,4392,-1.134283055213955E-05,-1.1368885744064052E-05,0.306375571782455,6922.4,9167,182244,1.12001E+06,0,0,0,3.395
264000,492.286800000846,4933,3,5512,579,5250,BlackHole,800033,8.40193E-05,242,1189,544,2111,2824,1482,0.00013733,0.0557393,0.00462566,0.180366,0,0.747206,0.0111968,4389,-1.1332513461731396E-05,-1.1358568653655899E-05,0.306375571782455,6687.79,8650.13,182233,1.11999E+06,0,0,0,3.385
265000,494.15084489363,4932,3,5512,580,5250,BlackHole,800033,8.40193E-05,242,1189,544,2112,2824,1483,0.00013733,0.0557393,0.00462566,0.180665,0,0.746907,0.0111968,4388,-1.1325182646158825E-05,-1.1351237838083328E-05,0.306375571782455,6876.31,8451.18,182241,1.12E+06,0,0,0,3.430
266000,496.014889786414,4932,3,5512,580,5250,BlackHole,800033,8.40193E-05,242,1189,544,2112,2824,1483,0.00013733,0.0557393,0.00462566,0.180665,0,0.746907,0.0111968,4388,-1.1321374082882047E-05,-1.134742927480655E-05,0.306375571782455,6864.75,9007.77,182245,1.12003E+06,0,0,0,3.410
267000,497.87893467919804,4931,3,5512,581,5250,BlackHole,800033,8.40193E-05,242,1189,544,2113,2824,1484,0.00013733,0.0557393,0.00462566,0.180893,0,0.746679,0.0111968,4387,-1.1317110555941585E-05,-1.1343165747866088E-05,0.306375571782455,6979.59,8697.43,182238,1.11987E+06,0,0,0,3.389
268000,499.74297957198206,4930,3,5512,582,5250,BlackHole,800033,8.40193E-05,242,1189,544,2114,2824,1485,0.00013733,0.0557393,0.00462566,0.180897,0,0.746675,0.0111968,4386,-1.1313918109931757E-05,-1.133997330185626E-05,0.306375571782455,6923.67,8787.09,182413,1.1197E+06,0,0,0,3.423
269000,501.6070244647661,4929,3,5512,583,5250,BlackHole,800033,8.40193E-05,242,1190,544,2114,2824,1485,0.00013733,0.0558216,0.00462566,0.180897,0,0.746592,0.0111968,4385,-1.130768428116352E-05,-1.1333739473088023E-05,0.306375571782455,6675.43,8841.58,182263,1.11974E+06,0,0,0,3.375
270000,503.4710693575501,4929,3,5512,583,5250,BlackHole,800033,8.40193E-05,242,1190,544,2114,2824,1485,0.00013733,0.0558216,0.00462566,0.180897,0,0.746592,0.0111968,4385,-1.1298799795650321E-05,-1.1324854987574824E-05,0.306375571782455,6907.2,8774.04,182252,1.11979E+06,0,0,0,3.505
271000,505.33511425033413,4929,3,5512,583,5250,BlackHole,800033,8.40193E-05,242,1190,544,2114,2824,1485,0.00013733,0.0558216,0.00462566,0.180897,0,0.746592,0.0111968,4385,-1.1282089013978295E-05,-1.1308144205902798E-05,0.306375571782455,6890.9,8671.97,182251,1.11968E+06,0,0,0,3.454
272000,507.19915914311815,4925,3,5512,587,5250,BlackHole,800033,8.40193E-05,242,1191,544,2117,2824,1488,0.00013733,0.0558255,0.00462566,0.181144,0,0.746341,0.0111968,4381,-1.1267247056549097E-05,-1.12933022484736E-05,0.306375571782455,6871.5,8472.41,182260,1.1199E+06,0,0,0,3.472
273000,509.0632040359022,4923,3,5512,589,5250,BlackHole,800033,8.40193E-05,242,1191,544,2119,2824,1490,0.00013733,0.0558255,0.00462566,0.181743,0,0.745743,0.0111968,4379,-1.1343477568243922E-05,-1.1369532760168425E-05,0.306375571782455,6787.39,8622,182217,1.11966E+06,0,0,0,3.464
274000,510.9272489286862,4923,3,5512,589,5250,BlackHole,800033,8.40193E-05,242,1191,544,2119,2824,1490,0.00013733,0.0558255,0.00462566,0.181743,0,0.745743,0.0111968,4379,-1.135386850673309E-05,-1.1379923698657593E-05,0.306375571782455,6664.04,9094.37,182375,1.11965E+06,0,0,0,3.377
275000,512.7912938214461,4923,3,5512,589,5250,BlackHole,800033,8.40193E-05,242,1191,544,2119,2824,1490,0.00013733,0.0558255,0.00462566,0.181743,0,0.745743,0.0111968,4379,-1.1334993654119842E-05,-1.1361048846044344E-05,0.306375571782455,6624.67,8815.57,182277,1.11964E+06,0,0,0,3.424
276000,514.6553387141732,4923,3,5512,589,5250,BlackHole,800033,8.40193E-05,242,1191,544,2119,2824,1490,0.00013733,0.0558255,0.00462566,0.181743,0,0.745743,0.0111968,4379,-1.1324635651175871E-05,-1.1350690843100374E-05,0.306375571782455,6868.48,8641.88,182268,1.11975E+06,0,0,0,3.482
277000,516.5193836069004,4921,3,5512,591,5250,BlackHole,800033,8.40193E-05,242,1192,544,2120,2824,1491,0.00013733,0.0558273,0.00462566,0.181747,0,0.745737,0.0111968,4377,-1.1318321262375632E-05,-1.1344376454300135E-05,0.306375571782455,6955.19,8938.38,182263,1.1199E+06,0,0,0,3.501
278000,518.3834284996276,4921,3,5512,591,5250,BlackHole,800033,8.40193E-05,242,1192,544,2120,2824,1491,0.00013733,0.0558273,0.00462566,0.181747,0,0.745737,0.0111968,4377,-1.1315128726388084E-05,-1.1341183918312587E-05,0.306375571782455,6909.77,8600.07,182256,1.11988E+06,0,0,0,3.517
279000,520.2474733923548,4920,3,5512,592,5250,BlackHole,800033,8.40193E-05,242,1192,544,2121,2824,1492,0.00013733,0.0558273,0.00462566,0.182328,0,0.745156,0.0111968,4376,-1.1307772642665832E-05,-1.1333827834590335E-05,0.306375571782455,6653.84,8683.26,182207,1.1198E+06,0,0,0,3.435
280000,522.111518285082,4919,3,5512,593,5250,BlackHole,800033,8.40193E-05,242,1192,544,2122,2824,1493,0.00013733,0.0558273,0.00462566,0.182331,0,0.745153,0.0111968,4375,-1.1304302637869174E-05,-1.1330357829793677E-05,0.306375571782455,6886.09,8822.07,182476,1.11977E+06,0,0,0,3.449
281000,523.9755631778091,4918,3,5512,594,5250,BlackHole,800033,8.40193E-05,242,1192,544,2123,2824,1494,0.00013733,0.0558273,0.00462566,0.182359,0,0.745125,0.0111968,4374,-1.1300128259280402E-05,-1.1326183451204905E-05,0.306375571782455,6874.76,8604.31,182284,1.12005E+06,0,0,0,3.428
282000,525.8396080705363,4917,3,5512,595,5250,BlackHole,800033,8.40193E-05,242,1193,544,2123,2824,1494,0.00013733,0.0558318,0.00462566,0.182359,0,0.745121,0.0111968,4373,-1.1292904947796885E-05,-1.1318960139721388E-05,0.306375571782455,6881.47,8573.75,182276,1.12003E+06,0,0,0,3.463
283000,527.7036529632635,4915,3,5512,597,5250,BlackHole,800033,8.40193E-05,242,1195,544,2123,2824,1494,0.00013733,0.0569349,0.00462566,0.182359,0,0.744017,0.0111968,4371,-1.1260980499930175E-05,-1.1287035691854678E-05,0.306375571782455,6868.81,9059.95,182272,1.11998E+06,0,0,0,3.455
284000,529.5676978559907,4913,3,5512,599,5250,BlackHole,800033,8.40193E-05,242,1195,544,2125,2824,1496,0.00013733,0.0569349,0.00462566,0.183074,0,0.743303,0.0111968,4369,-1.1237020534879262E-05,-1.1263075726803765E-05,0.306375571782455,6644.51,8637.52,182097,1.12011E+06,0,0,0,3.482
285000,531.4317427487179,4910,3,5512,602,5250,BlackHole,800033,8.40193E-05,242,1195,544,2128,2824,1499,0.00013733,0.0569349,0.00462566,0.183555,0,0.742822,0.0111968,4366,-1.127837337743349E-05,-1.1304428569357993E-05,0.306375571782455,6867.07,8457.98,182162,1.11998E+06,0,0,0,3.445
286000,533.295787641445,4910,3,5512,602,5250,BlackHole,800033,8.40193E-05,242,1195,544,2128,2824,1499,0.00013733,0.0569349,0.00462566,0.183555,0,0.742822,0.0111968,4366,-1.1331224843242405E-05,-1.1357280035166908E-05,0.306375571782455,6567.25,8792.22,182139,1.11992E+06,0,0,0,3.449
287000,535.1598325341722,4909,3,5512,603,5250,BlackHole,800033,8.40193E-05,242,1195,544,2129,2824,1500,0.00013733,0.0569349,0.00462566,0.183948,0,0.742429,0.0111968,4365,-1.131111854685969E-05,-1.1337173738784193E-05,0.306375571782455,6869.36,8767.17,182129,1.11985E+06,0,0,0,3.407
288000,537.0238774268994,4908,3,5512,604,5250,BlackHole,800033,8.40193E-05,242,1196,544,2129,2824,1500,0.00013733,0.0569445,0.00462566,0.183948,0,0.742419,0.0111968,4364,-1.1296029616145418E-05,-1.132208480806992E-05,0.306375571782455,6864.74,8756.55,182115,1.1199E+06,0,0,0,3.419
289000,538.8879223196266,4907,3,5512,605,5250,BlackHole,800033,8.40193E-05,242,1196,544,2130,2824,1501,0.00013733,0.0569445,0.00462566,0.184163,0,0.742204,0.0111968,4363,-1.1286390817985015E-05,-1.1312446009909518E-05,0.306375571782455,6636.15,8421.48,182267,1.11994E+06,0,0,0,3.401
290000,540.7519672123537,4907,3,5512,605,5250,BlackHole,800033,8.40193E-05,242,1196,544,2130,2824,1501,0.00013733,0.0569445,0.00462566,0.184163,0,0.742204,0.0111968,4363,-1.1281436065355265E-05,-1.1307491257279768E-05,0.306375571782455,6893.24,8885.65,182096,1.12003E+06,0,0,0,3.402
291000,542.6160121050809,4904,3,5512,608,5250,BlackHole,800033,8.40193E-05,242,1197,544,2132,2824,1503,0.00013733,0.0569565,0.00462566,0.184346,0,0.742009,0.0111968,4360,-1.1277423516203932E-05,-1.1303478708128435E-05,0.306375571782455,6867.51,8568.9,182108,1.12072E+06,0,0,0,3.399
292000,544.4800569978081,4904,3,5512,608,5250,BlackHole,800033,8.40193E-05,242,1197,544,2132,2824,1503,0.00013733,0.0569565,0.00462566,0.184346,0,0.742009,0.0111968,4360,-1.1273760881663709E-05,-1.1299816073588212E-05,0.306375571782455,6938.78,9073.11,182110,1.12073E+06,0,0,0,3.366
293000,546.3441018905353,4902,3,5512,610,5250,BlackHole,800033,8.40193E-05,242,1197,544,2134,2824,1505,0.00013733,0.0569565,0.00462566,0.184464,0,0.74189,0.0111968,4358,-1.1269436108160833E-05,-1.1295491300085336E-05,0.306375571782455,6921,8542.59,181985,1.1209E+06,0,0,0,3.373
294000,548.2081467832625,4901,3,5512,611,5250,BlackHole,800033,8.40193E-05,242,1197,544,2135,2824,1506,0.00013733,0.0569565,0.00462566,0.184504,0,0.74185,0.0111968,4357,-1.1263192194703456E-05,-1.1289247386627959E-05,0.306375571782455,6628.34,8579.31,182081,1.12033E+06,0,0,0,3.321
295000,550.0721916759896,4901,3,5512,611,5250,BlackHole,800033,8.40193E-05,242,1197,544,2135,2824,1506,0.00013733,0.0569565,0.00462566,0.184504,0,0.74185,0.0111968,4357,-1.1252818746764312E-05,-1.1278873938688815E-05,0.306375571782455,6949.54,8660.82,182064,1.1202E+06,0,0,0,3.345
296000,551.9362365687168,4901,3,5512,611,5250,BlackHole,800033,8.40193E-05,242,1197,544,2135,2824,1506,0.00013733,0.0569565,0.00462566,0.184504,0,0.74185,0.0111968,4357,-1.123391403973612E-05,-1.1259969231660624E-05,0.306375571782455,6958.21,8753.61,182059,1.12101E+06,0,0,0,3.337
297000,553.800281461444,4900,3,5512,612,5250,BlackHole,800033,8.40193E-05,242,1197,544,2136,2824,1507,0.00013733,0.0569565,0.00462566,0.184618,0,0.741736,0.0111968,4356,-1.1236968326375845E-05,-1.1263023518300348E-05,0.306375571782455,6607.82,8845.52,182046,1.12182E+06,0,0,0,3.389
298000,555.6643263541712,4900,3,5512,612,5250,BlackHole,800033,8.40193E-05,242,1197,544,2136,2824,1507,0.00013733,0.0569565,0.00462566,0.184618,0,0.741736,0.0111968,4356,-1.1319091824102451E-05,-1.1345147016026954E-05,0.306375571782455,6881.12,8750.34,182166,1.12164E+06,0,0,0,3.351
299000,557.5283712468984,4900,3,5512,612,5250,BlackHole,800033,8.40193E-05,242,1197,544,2136,2824,1507,0.00013733,0.0569565,0.00462566,0.184618,0,0.741736,0.0111968,4356,-1.1312372318914361E-05,-1.1338427510838864E-05,0.306375571782455,6620.89,8474.7,182100,1.12142E+06,0,0,0,3.258
300000,559.3924161396255,4900,3,5512,612,5250,BlackHole,800033,8.40193E-05,242,1197,544,2136,2824,1507,0.00013733,0.0569565,0.00462566,0.184618,0,0.741736,0.0111968,4356,-1.129495640523929E-05,-1.1321011597163793E-05,0.306375571782455,6891.61,8817.08,182218,1.1216E+06,0,0,0,3.360
301000,561.2564610323527,4900,3,5512,612,5250,BlackHole,800033,8.40193E-05,242,1197,544,2136,2824,1507,0.00013733,0.0569565,0.00462566,0.184618,0,0.741736,0.0111968,4356,-1.1285886168133331E-05,-1.1311941360057834E-05,0.306375571782455,6876.52,8703.69,182085,1.12164E+06,0,0,0,3.369
302000,563.1205059250799,4898,3,5512,614,5250,BlackHole,800033,8.40193E-05,242,1197,544,2138,2824,1509,0.00013733,0.0569565,0.00462566,0.185498,0,0.740857,0.0111968,4354,-1.1270844627627703E-05,-1.1296899819552206E-05,0.306375571782455,6895.68,8787.57,182025,1.12195E+06,0,0,0,3.374
303000,564.9845508178071,4898,3,5512,614,5250,BlackHole,800033,8.40193E-05,242,1197,544,2138,2824,1509,0.00013733,0.0569565,0.00462566,0.185498,0,0.740857,0.0111968,4354,-1.1266865467153578E-05,-1.129292065907808E-05,0.306375571782455,6905.63,9141.78,182007,1.12275E+06,0,0,0,3.415
304000,566.8485957105343,4896,3,5512,616,5250,BlackHole,800033,8.40193E-05,242,1197,544,2140,2824,1511,0.00013733,0.0569565,0.00462566,0.186344,0,0.740011,0.0111968,4352,-1.1259240076398447E-05,-1.128529526832295E-05,0.306375571782455,6613.3,8621.14,182067,1.12185E+06,0,0,0,3.352
305000,568.7126406032614,4896,3,5512,616,5250,BlackHole,800033,8.40193E-05,242,1197,544,2140,2824,1511,0.00013733,0.0569565,0.00462566,0.186344,0,0.740011,0.0111968,4352,-1.1255512280102187E-05,-1.128156747202669E-05,0.306375571782455,6916.97,8807.51,182066,1.12178E+06,0,0,0,3.368
306000,570.5766854959886,4895,3,5512,617,5250,BlackHole,800033,8.40193E-05,242,1197,544,2141,2824,1512,0.00013733,0.0569565,0.00462566,0.186852,0,0.739502,0.0111968,4351,-1.1246906722406122E-05,-1.1272961914330625E-05,0.306375571782455,6970.54,9073.25,182045,1.12175E+06,0,0,0,3.382
307000,572.4407303887158,4895,3,5512,617,5250,BlackHole,800033,8.40193E-05,242,1197,544,2141,2824,1512,0.00013733,0.0569565,0.00462566,0.186852,0,0.739502,0.0111968,4351,-1.1238658516182374E-05,-1.1264713708106877E-05,0.306375571782455,6980,8678.53,182157,1.12181E+06,0,0,0,3.376
308000,574.304775281443,4895,3,5512,617,5250,BlackHole,800033,8.40193E-05,242,1197,544,2141,2824,1512,0.00013733,0.0569565,0.00462566,0.186852,0,0.739502,0.0111968,4351,-1.1222893040273323E-05,-1.1248948232197826E-05,0.306375571782455,6658.38,8915.68,182074,1.12168E+06,0,0,0,3.329
309000,576.1688201741702,4894,3,5512,618,5250,BlackHole,800033,8.40193E-05,242,1197,544,2142,2824,1513,0.00013733,0.0569565,0.00462566,0.187222,0,0.739133,0.0111968,4350,-1.1204673573808095E-05,-1.1230728765732598E-05,0.306375571782455,6605.51,9394.44,181987,1.12127E+06,0,0,0,3.392
310000,578.0328650668973,4893,3,5512,619,5250,BlackHole,800033,8.40193E-05,242,1197,544,2143,2824,1514,0.00013733,0.0569565,0.00462566,0.187403,0,0.738951,0.0111968,4349,-1.1273158841521408E-05,-1.1299214033445911E-05,0.306375571782455,6888.95,8562.26,181986,1.12114E+06,0,0,0,3.381
311000,579.8969099596245,4891,3,5512,621,5250,BlackHole,800033,8.40193E-05,242,1197,544,2145,2824,1516,0.00013733,0.0569565,0.00462566,0.188105,0,0.73825,0.0111968,4347,-1.1294763501958751E-05,-1.1320818693883254E-05,0.306375571782455,6868.73,8703.65,181790,1.12091E+06,0,0,0,3.337
312000,581.7609548523517,4888,3,5512,624,5250,BlackHole,800033,8.40193E-05,242,1198,544,2147,2824,1518,0.00013733,0.0571033,0.00462566,0.189163,0,0.737045,0.0111968,4344,-1.1266710526760946E-05,-1.1292765718685449E-05,0.306375571782455,6985.61,8704.85,181995,1.1209E+06,0,0,0,3.348
313000,583.6249997450789,4888,3,5512,624,5250,BlackHole,800033,8.40193E-05,242,1198,544,2147,2824,1518,0.00013733,0.0571033,0.00462566,0.189163,0,0.737045,0.0111968,4344,-1.1254646390751508E-05,-1.128070158267601E-05,0.306375571782455,6941.05,8849.27,181993,1.12102E+06,0,0,0,3.307
314000,585.489044637806,4887,3,5512,625,5250,BlackHole,800033,8.40193E-05,242,1198,544,2148,2824,1519,0.00013733,0.0571033,0.00462566,0.189279,0,0.736928,0.0111968,4343,-1.1247350513216187E-05,-1.127340570514069E-05,0.306375571782455,6597.4,8880.04,181989,1.12071E+06,0,0,0,3.323
315000,587.3530895305332,4887,3,5512,625,5250,BlackHole,800033,8.40193E-05,242,1198,544,2148,2824,1519,0.00013733,0.0571033,0.00462566,0.189279,0,0.736928,0.0111968,4343,-1.1243613477846498E-05,-1.1269668669771E-05,0.306375571782455,6920.86,8747.44,181984,1.12081E+06,0,0,0,3.394
316000,589.2171344232604,4886,3,5512,626,5250,BlackHole,800033,8.40193E-05,242,1199,544,2148,2824,1519,0.00013733,0.0574911,0.00462566,0.189279,0,0.736541,0.0111968,4342,-1.1236821907912756E-05,-1.1262877099837258E-05,0.306375571782455,6927.27,8859.37,181974,1.12099E+06,0,0,0,3.375
317000,591.0811793159876,4883,3,5512,629,5250,BlackHole,800033,8.40193E-05,242,1200,544,2150,2824,1521,0.00013733,0.0576255,0.00462566,0.189699,0,0.735987,0.0111968,4339,-1.1228556323335418E-05,-1.125461151525992E-05,0.306375571782455,6886.86,8578.34,181927,1.12103E+06,0,0,0,3.353
318000,592.9452242087148,4882,3,5512,630,5250,BlackHole,800033,8.40193E-05,242,1200,544,2151,2824,1522,0.00013733,0.0576255,0.00462566,0.190004,0,0.735682,0.0111968,4338,-1.1222832961585417E-05,-1.124888815350992E-05,0.306375571782455,6959.32,8791.35,181860,1.12087E+06,0,0,0,3.332
319000,594.8092691014419,4879,3,5512,633,5250,BlackHole,800033,8.40193E-05,242,1200,544,2154,2824,1525,0.00013733,0.0576255,0.00462566,0.19092,0,0.734766,0.0111968,4335,-1.1210997591794924E-05,-1.1237052783719426E-05,0.306375571782455,6589.74,8829.4,181568,1.12066E+06,0,0,0,3.318
320000,596.6733139941691,4878,3,5512,634,5250,BlackHole,800033,8.40193E-05,242,1200,544,2155,2824,1526,0.00013733,0.0576255,0.00462566,0.190923,0,0.734762,0.0111968,4334,-1.1198701278290167E-05,-1.122475647021467E-05,0.306375571782455,6944.04,8646.92,181674,1.12103E+06,0,0,0,3.387
321000,598.5373588868963,4877,3,5512,635,5250,BlackHole,800033,8.40193E-05,242,1200,544,2156,2824,1527,0.00013733,0.0576255,0.00462566,0.19102,0,0.734666,0.0111968,4333,-1.1178158437652033E-05,-1.1204213629576536E-05,0.306375571782455,6721.18,8655.88,182060,1.12059E+06,0,0,0,3.344
322000,600.4014037796235,4877,3,5512,635,5250,BlackHole,800033,8.40193E-05,242,1200,544,2156,2824,1527,0.00013733,0.0576255,0.00462566,0.19102,0,0.734666,0.0111968,4333,-1.1206026034941404E-05,-1.1232081226865906E-05,0.306375571782455,6942.82,8702.74,182012,1.12053E+06,0,0,0,3.300
323000,602.2654486723507,4877,3,5512,635,5250,BlackHole,800033,8.40193E-05,242,1200,544,2156,2824,1527,0.00013733,0.0576255,0.00462566,0.19102,0,0.734666,0.0111968,4333,-1.1273722412650529E-05,-1.1299777604575031E-05,0.306375571782455,6882.5,8774.98,182002,1.12052E+06,0,0,0,3.248
324000,604.1294935650778,4877,3,5512,635,5250,BlackHole,800033,8.40193E-05,242,1200,544,2156,2824,1527,0.00013733,0.0576255,0.00462566,0.19102,0,0.734666,0.0111968,4333,-1.1256826969067959E-05,-1.1282882160992461E-05,0.306375571782455,6582.79,8865.87,181985,1.12069E+06,0,0,0,3.340
325000,605.993538457805,4876,3,5512,636,5250,BlackHole,800033,8.40193E-05,242,1200,544,2157,2824,1528,0.00013733,0.0576255,0.00462566,0.191608,0,0.734078,0.0111968,4332,-1.1239605970959175E-05,-1.1265661162883678E-05,0.306375571782455,6891.44,8624.19,181982,1.12056E+06,0,0,0,3.262
326000,607.8575833505322,4875,3,5512,637,5250,BlackHole,800033,8.40193E-05,242,1200,544,2158,2824,1529,0.00013733,0.0576255,0.00462566,0.191803,0,0.733883,0.0111968,4329,-1.1230021861400295E-05,-1.1256077053324798E-05,0.306375571782455,6903.96,9144.12,181979,1.12029E+06,0,0,0,3.331
327000,609.7216282432594,4875,3,5512,637,5250,BlackHole,800033,8.40193E-05,242,1200,544,2158,2824,1529,0.00013733,0.0576255,0.00462566,0.191803,0,0.733883,0.0111968,4330,-1.122546320605008E-05,-1.1251518397974583E-05,0.306375571782455,6931.13,8743.7,181976,1.12032E+06,0,0,0,3.302
328000,611.5856731359866,4875,3,5512,637,5250,BlackHole,800033,8.40193E-05,242,1200,544,2158,2824,1529,0.00013733,0.0576255,0.00462566,0.191803,0,0.733883,0.0111968,4330,-1.1221912108312852E-05,-1.1247967300237355E-05,0.306375571782455,6945.85,8826.71,181975,1.12037E+06,0,0,0,3.338
329000,613.4497180287137,4874,3,5512,638,5250,BlackHole,800033,8.40193E-05,242,1201,544,2158,2824,1529,0.00013733,0.0576292,0.00462566,0.191803,0,0.733879,0.0111968,4329,-1.1218802777280735E-05,-1.1244857969205238E-05,0.306375571782455,6576.66,8795.43,181626,1.1205E+06,0,0,0,3.352
330000,615.3137629214409,4870,3,5512,642,5250,BlackHole,800033,8.40193E-05,242,1202,544,2161,2824,1532,0.00013733,0.0576331,0.00462566,0.192024,0,0.733654,0.0111968,4326,-1.1214321767501706E-05,-1.1240376959426209E-05,0.306375571782455,6867.38,8977.06,181663,1.12103E+06,0,0,0,3.363
331000,617.1778078141681,4869,3,5512,643,5250,BlackHole,800033,8.40193E-05,242,1202,544,2162,2824,1533,0.00013733,0.0576331,0.00462566,0.19206,0,0.733618,0.0111968,4325,-1.1208419754907946E-05,-1.1234474946832449E-05,0.306375571782455,6967.89,8689.01,181627,1.12085E+06,0,0,0,3.276
332000,619.0418527068953,4869,3,5512,643,5250,BlackHole,800033,8.40193E-05,242,1202,544,2162,2824,1533,0.00013733,0.0576331,0.00462566,0.19206,0,0.733618,0.0111968,4325,-1.1199063550194421E-05,-1.1225118742118924E-05,0.306375571782455,6564.99,8885.55,181663,1.12081E+06,0,0,0,3.219
333000,620.9058975996224,4868,3,5512,644,5250,BlackHole,800033,8.40193E-05,242,1202,544,2163,2824,1534,0.00013733,0.0576331,0.00462566,0.192079,0,0.733599,0.0111968,4324,-1.118057143505208E-05,-1.1206626626976583E-05,0.306375571782455,6868.59,8468.25,181628,1.12079E+06,0,0,0,3.303
334000,622.7699424923496,4867,3,5512,645,5250,BlackHole,800033,8.40193E-05,242,1202,544,2164,2824,1535,0.00013733,0.0576331,0.00462566,0.192087,0,0.733592,0.0111968,4323,-1.1175102275270493E-05,-1.1201157467194996E-05,0.306375571782455,6571.22,8779.9,181636,1.12076E+06,0,0,0,3.313
335000,624.6339873850768,4867,3,5512,645,5250,BlackHole,800033,8.40193E-05,242,1202,544,2164,2824,1535,0.00013733,0.0576331,0.00462566,0.192087,0,0.733592,0.0111968,4323,-1.1257428789599116E-05,-1.1283483981523619E-05,0.306375571782455,6912.56,8778.63,181601,1.12015E+06,0,0,0,3.280
336000,626.498032277804,4866,3,5512,646,5250,BlackHole,800033,8.40193E-05,242,1202,544,2165,2824,1536,0.00013733,0.0576331,0.00462566,0.192092,0,0.733586,0.0111968,4322,-1.1260241548327608E-05,-1.1286296740252111E-05,0.306375571782455,6899.82,8473.47,181638,1.12006E+06,0,0,0,3.316
337000,628.3620771705312,4865,3,5512,647,5250,BlackHole,800033,8.40193E-05,242,1202,544,2166,2824,1537,0.00013733,0.0576331,0.00462566,0.192578,0,0.7331,0.0111968,4321,-1.1239001746673771E-05,-1.1265056938598274E-05,0.306375571782455,6983.15,8333.31,181604,1.11988E+06,0,0,0,3.229
338000,630.2261220632583,4865,3,5512,647,5250,BlackHole,800033,8.40193E-05,242,1202,544,2166,2824,1537,0.00013733,0.0576331,0.00462566,0.192578,0,0.7331,0.0111968,4321,-1.1228688577164744E-05,-1.1254743769089247E-05,0.306375571782455,6902.5,8782.3,181646,1.11969E+06,0,0,0,3.323
339000,632.0901669559855,4863,3,5512,649,5250,BlackHole,800033,8.40193E-05,242,1202,544,2168,2824,1539,0.00013733,0.0576331,0.00462566,0.19261,0,0.733068,0.0111968,4319,-1.122306067440199E-05,-1.1249115866326492E-05,0.306375571782455,6566.67,8888.71,181188,1.11972E+06,0,0,0,3.306
340000,633.9542118487127,4861,3,5512,651,5250,BlackHole,800033,8.40193E-05,242,1203,544,2169,2824,1540,0.00013733,0.0578611,0.00462566,0.193069,0,0.732381,0.0111968,4317,-1.1213632076374172E-05,-1.1239687268298675E-05,0.306375571782455,6887.22,8905.51,181552,1.1195E+06,0,0,0,3.314
341000,635.8182567414399,4860,3,5512,652,5250,BlackHole,800033,8.40193E-05,242,1203,544,2170,2824,1541,0.00013733,0.0578611,0.00462566,0.193334,0,0.732116,0.0111968,4316,-1.1209100224901582E-05,-1.1235155416826085E-05,0.306375571782455,6898.78,8783.51,181547,1.11951E+06,0,0,0,3.283
342000,637.6823016341671,4860,3,5512,652,5250,BlackHole,800033,8.40193E-05,242,1203,544,2170,2824,1541,0.00013733,0.0578611,0.00462566,0.193334,0,0.732116,0.0111968,4316,-1.1205485645875238E-05,-1.1231540837799741E-05,0.306375571782455,6896.79,8502.83,181544,1.11948E+06,0,0,0,3.284
343000,639.5463465268942,4856,3,5512,656,5250,BlackHole,800033,8.40193E-05,242,1205,544,2172,2824,1543,0.00013733,0.058079,0.00462566,0.193345,0,0.731887,0.0111968,4312,-1.1197334422926344E-05,-1.1223389614850847E-05,0.306375571782455,6590.47,8799.89,181532,1.1201E+06,0,0,0,3.331
344000,641.4103914196214,4856,3,5512,656,5250,BlackHole,800033,8.40193E-05,242,1205,544,2172,2824,1543,0.00013733,0.058079,0.00462566,0.193345,0,0.731887,0.0111968,4312,-1.1190088932374473E-05,-1.1216144124298976E-05,0.306375571782455,6563.84,8655.31,181472,1.12012E+06,0,0,0,3.346
345000,643.2744363123486,4856,3,5512,656,5250,BlackHole,800033,8.40193E-05,242,1205,544,2172,2824,1543,0.00013733,0.058079,0.00462566,0.193345,0,0.731887,0.0111968,4312,-1.117591230364862E-05,-1.1201967495573123E-05,0.306375571782455,6871.42,8773.97,181542,1.1201E+06,0,0,0,3.379
346000,645.1384812050758,4856,3,5512,656,5250,BlackHole,800033,8.40193E-05,242,1205,544,2172,2824,1543,0.00013733,0.058079,0.00462566,0.193345,0,0.731887,0.0111968,4312,-1.1156781829451809E-05,-1.1182837021376312E-05,0.306375571782455,6902.53,8793.5,181556,1.12E+06,0,0,0,3.343
347000,647.002526097803,4855,3,5512,657,5250,BlackHole,800033,8.40193E-05,242,1205,544,2173,2824,1544,0.00013733,0.058079,0.00462566,0.194141,0,0.731091,0.0111968,4311,-1.1209280421885611E-05,-1.1235335613810114E-05,0.306375571782455,6876.65,8580.39,181543,1.11987E+06,0,0,0,3.336
348000,648.8665709905301,4855,3,5512,657,5250,BlackHole,800033,8.40193E-05,242,1205,544,2173,2824,1544,0.00013733,0.058079,0.00462566,0.194141,0,0.731091,0.0111968,4311,-1.1250995107831408E-05,-1.1277050299755911E-05,0.306375571782455,6898.46,8926.01,181545,1.11966E+06,0,0,0,3.394
349000,650.7306158832573,4853,3,5512,659,5250,BlackHole,800033,8.40193E-05,242,1207,544,2173,2824,1544,0.00013733,0.0582354,0.00462566,0.194141,0,0.730934,0.0111968,4309,-1.12285324438186E-05,-1.1254587635743103E-05,0.306375571782455,6564.25,8662.19,181445,1.12002E+06,0,0,0,3.372
350000,652.5946607759845,4850,3,5512,662,5250,BlackHole,800033,8.40193E-05,242,1207,544,2176,2824,1547,0.00013733,0.0582354,0.00462566,0.194326,0,0.730749,0.0111968,4306,-1.1215078563838083E-05,-1.1241133755762586E-05,0.306375571782455,7012.4,8828.53,181650,1.11985E+06,0,0,0,3.332
351000,654.4587056687117,4850,3,5512,662,5250,BlackHole,800033,8.40193E-05,242,1207,544,2176,2824,1547,0.00013733,0.0582354,0.00462566,0.194326,0,0.730749,0.0111968,4306,-1.1207610410499959E-05,-1.1233665602424462E-05,0.306375571782455,6933.87,8618.61,181331,1.12003E+06,0,0,0,3.303
352000,656.3227505614389,4850,3,5512,662,5250,BlackHole,800033,8.40193E-05,242,1207,544,2176,2824,1547,0.00013733,0.0582354,0.00462566,0.194326,0,0.730749,0.0111968,4306,-1.120361641599473E-05,-1.1229671607919233E-05,0.306375571782455,6871.06,9003.95,181446,1.12001E+06,0,0,0,3.260
353000,658.186795454166,4850,3,5512,662,5250,BlackHole,800033,8.40193E-05,242,1207,544,2176,2824,1547,0.00013733,0.0582354,0.00462566,0.194326,0,0.730749,0.0111968,4306,-1.1200081622689543E-05,-1.1226136814614046E-05,0.306375571782455,7005.07,8639.09,181330,1.12005E+06,0,0,0,3.316
354000,660.0508403468932,4849,3,5512,663,5250,BlackHole,800033,8.40193E-05,242,1207,544,2177,2824,1548,0.00013733,0.0582354,0.00462566,0.194746,0,0.73033,0.0111968,4305,-1.1195218098859145E-05,-1.1221273290783648E-05,0.306375571782455,6569.01,8618.63,181433,1.11995E+06,0,0,0,3.352
355000,661.9148852396204,4848,3,5512,664,5250,BlackHole,800033,8.40193E-05,242,1207,544,2178,2824,1549,0.00013733,0.0582354,0.00462566,0.195124,0,0.729952,0.0111968,4304,-1.118518112990739E-05,-1.1211236321831893E-05,0.306375571782455,6865.81,8819.55,181266,1.12016E+06,0,0,0,3.360
356000,663.7789301323476,4845,3,5512,667,5250,BlackHole,800033,8.40193E-05,242,1207,544,2181,2824,1552,0.00013733,0.0582354,0.00462566,0.195768,0,0.729308,0.0111968,4300,-1.1172165502864007E-05,-1.119822069478851E-05,0.306375571782455,6897.52,8561.31,181444,1.11997E+06,0,0,0,3.375
357000,665.6429750250747,4844,3,5512,668,5250,BlackHole,800033,8.40193E-05,242,1207,544,2182,2824,1553,0.00013733,0.0582354,0.00462566,0.195933,0,0.729143,0.0111968,4300,-1.1162818004865922E-05,-1.1188873196790424E-05,0.306375571782455,6909.88,8681.89,181331,1.12034E+06,0,0,0,3.363
358000,667.5070199178019,4844,3,5512,668,5250,BlackHole,800033,8.40193E-05,242,1207,544,2182,2824,1553,0.00013733,0.0582354,0.00462566,0.195933,0,0.729143,0.0111968,4300,-1.114414445852987E-05,-1.1170199650454373E-05,0.306375571782455,6876.26,8739.64,181417,1.12032E+06,0,0,0,3.346
359000,669.3710648105291,4843,3,5512,669,5250,BlackHole,800033,8.40193E-05,242,1207,544,2183,2824,1554,0.00013733,0.0582354,0.00462566,0.196568,0,0.728508,0.0111968,4299,-1.1145261082496786E-05,-1.1171316274421288E-05,0.306375571782455,6578.87,8620.06,178221,1.12031E+06,0,0,0,3.353
360000,671.2351097032563,4842,3,5512,670,5250,BlackHole,800033,8.40193E-05,242,1208,544,2183,2824,1554,0.00013733,0.058633,0.00462566,0.196568,0,0.72811,0.0111968,4297,-1.1218041358928794E-05,-1.1244096550853297E-05,0.306375571782455,6980.14,8489.38,178242,1.11996E+06,0,0,0,3.316
361000,673.0991545959835,4842,3,5512,670,5250,BlackHole,800033,8.40193E-05,242,1208,544,2183,2824,1554,0.00013733,0.058633,0.00462566,0.196568,0,0.72811,0.0111968,4297,-1.1206929217280833E-05,-1.1232984409205336E-05,0.306375571782455,6902.1,8870.24,178154,1.11993E+06,0,0,0,3.303
362000,674.9631994887106,4842,3,5512,670,5250,BlackHole,800033,8.40193E-05,242,1208,544,2183,2824,1554,0.00013733,0.058633,0.00462566,0.196568,0,0.72811,0.0111968,4298,-1.1194248214139545E-05,-1.1220303406064047E-05,0.306375571782455,6957.86,8888.16,178221,1.12038E+06,0,0,0,3.379
363000,676.8272443814378,4841,3,5512,671,5250,BlackHole,800033,8.40193E-05,242,1208,544,2184,2824,1555,0.00013733,0.058633,0.00462566,0.196752,0,0.727927,0.0111968,4297,-1.118454794672584E-05,-1.1210603138650343E-05,0.306375571782455,6867.75,8424.62,178407,1.12047E+06,0,0,0,3.352
364000,678.691289274165,4841,3,5512,671,5250,BlackHole,800033,8.40193E-05,242,1208,544,2184,2824,1555,0.00013733,0.058633,0.00462566,0.196752,0,0.727927,0.0111968,4297,-1.1178377024752373E-05,-1.1204432216676876E-05,0.306375571782455,6595.11,8703.12,178125,1.12049E+06,0,0,0,3.403
365000,680.5553341668922,4841,3,5512,671,5250,BlackHole,800033,8.40193E-05,242,1208,544,2184,2824,1555,0.00013733,0.058633,0.00462566,0.196752,0,0.727927,0.0111968,4296,-1.1174544379245017E-05,-1.120059957116952E-05,0.306375571782455,6706.89,8915.19,178217,1.12047E+06,0,0,0,3.361
366000,682.4193790596194,4840,3,5512,672,5250,BlackHole,800033,8.40193E-05,242,1208,544,2185,2824,1556,0.00013733,0.058633,0.00462566,0.19692,0,0.727758,0.0111968,4296,-1.1171879220550123E-05,-1.1197934412474626E-05,0.306375571782455,6869.93,8935.1,178234,1.12049E+06,0,0,0,3.374
367000,684.2834239523465,4840,3,5512,672,5250,BlackHole,800033,8.40193E-05,242,1208,544,2185,2824,1556,0.00013733,0.058633,0.00462566,0.19692,0,0.727758,0.0111968,4296,-1.1168090017441684E-05,-1.1194145209366187E-05,0.306375571782455,6845.32,8488.22,178075,1.12035E+06,0,0,0,3.346
368000,686.1474688450737,4839,3,5512,673,5250,BlackHole,800033,8.40193E-05,242,1209,544,2185,2824,1556,0.00013733,0.0586348,0.00462566,0.19692,0,0.727756,0.0111968,4295,-1.1162850401851134E-05,-1.1188905593775637E-05,0.306375571782455,6867.78,8504.61,178216,1.12031E+06,0,0,0,3.279
369000,688.0115137378009,4838,3,5512,674,5250,BlackHole,800033,8.40193E-05,242,1209,544,2186,2824,1557,0.00013733,0.0586348,0.00462566,0.197585,0,0.727092,0.0111968,4294,-1.115028794352671E-05,-1.1176343135451213E-05,0.306375571782455,6620.14,8663.77,178228,1.12028E+06,0,0,0,3.365
370000,689.8755586305281,4838,3,5512,674,5250,BlackHole,800033,8.40193E-05,242,1209,544,2186,2824,1557,0.00013733,0.0586348,0.00462566,0.197585,0,0.727092,0.0111968,4294,-1.1134364122608545E-05,-1.1160419314533048E-05,0.306375571782455,6939.81,8867.98,177983,1.12032E+06,0,0,0,3.565
371000,691.7396035232553,4838,3,5512,674,5250,BlackHole,800033,8.40193E-05,242,1209,544,2186,2824,1557,0.00013733,0.0586348,0.00462566,0.197585,0,0.727092,0.0111968,4294,-1.112082185276451E-05,-1.1146877044689013E-05,0.306375571782455,6883.97,8722.2,178213,1.12034E+06,0,0,0,3.390
372000,693.6036484159824,4837,3,5512,675,5250,BlackHole,800033,8.40193E-05,242,1209,544,2187,2824,1558,0.00013733,0.0586348,0.00462566,0.197836,0,0.72684,0.0111968,4293,-1.1196440370902036E-05,-1.1222495562826538E-05,0.306375571782455,6883.34,8936.29,178227,1.12013E+06,0,0,0,3.304
373000,695.4676933087096,4837,3,5512,675,5250,BlackHole,800033,8.40193E-05,242,1209,544,2187,2824,1558,0.00013733,0.0586348,0.00462566,0.197836,0,0.72684,0.0111968,4293,-1.1212236828791137E-05,-1.123829202071564E-05,0.306375571782455,6948.57,8510.95,178040,1.12021E+06,0,0,0,3.342
374000,697.3317382014368,4837,3,5512,675,5250,BlackHole,800033,8.40193E-05,242,1209,544,2187,2824,1558,0.00013733,0.0586348,0.00462566,0.197836,0,0.72684,0.0111968,4293,-1.1193053881070212E-05,-1.1219109072994715E-05,0.306375571782455,6656.11,8569.64,178289,1.11971E+06,0,0,0,3.369
375000,699.195783094164,4836,3,5512,676,5250,BlackHole,800033,8.40193E-05,242,1209,544,2188,2824,1559,0.00013733,0.0586348,0.00462566,0.19784,0,0.726836,0.0111968,4292,-1.118129215265778E-05,-1.1207347344582284E-05,0.306375571782455,6932.06,8941.6,178226,1.11966E+06,0,0,0,3.329
376000,701.0598279868912,4835,3,5512,677,5250,BlackHole,800033,8.40193E-05,242,1209,544,2189,2824,1560,0.00013733,0.0586348,0.00462566,0.197844,0,0.726833,0.0111968,4291,-1.1175206867236825E-05,-1.1201262059161328E-05,0.306375571782455,6824.1,8690.9,177862,1.11937E+06,0,0,0,3.298
377000,702.9238728796183,4835,3,5512,677,5250,BlackHole,800033,8.40193E-05,242,1209,544,2189,2824,1560,0.00013733,0.0586348,0.00462566,0.197844,0,0.726833,0.0111968,4291,-1.1171313842727648E-05,-1.119736903465215E-05,0.306375571782455,6943.75,8519.34,178205,1.11955E+06,0,0,0,3.272
378000,704.7879177723455,4833,3,5512,679,5250,BlackHole,800033,8.40193E-05,242,1210,544,2190,2824,1561,0.00013733,0.0586402,0.00462566,0.198459,0,0.726212,0.0111968,4289,-1.1165160317135063E-05,-1.1191215509059566E-05,0.306375571782455,6584.11,8792.67,177944,1.11959E+06,0,0,0,3.328
379000,706.6519626650727,4833,3,5512,679,5250,BlackHole,800033,8.40193E-05,242,1210,544,2190,2824,1561,0.00013733,0.0586402,0.00462566,0.198459,0,0.726212,0.0111968,4289,-1.1162088309882874E-05,-1.1188143501807376E-05,0.306375571782455,6703.44,8476.72,177954,1.11962E+06,0,0,0,3.323
380000,708.5160075577999,4833,3,5512,679,5250,BlackHole,800033,8.40193E-05,242,1210,544,2190,2824,1561,0.00013733,0.0586402,0.00462566,0.198459,0,0.726212,0.0111968,4289,-1.1157537343297833E-05,-1.1183592535222336E-05,0.306375571782455,6871.24,8675.79,177960,1.1198E+06,0,0,0,3.287
381000,710.380052450527,4832,3,5512,680,5250,BlackHole,800033,8.40193E-05,242,1211,544,2190,2824,1561,0.00013733,0.0586419,0.00462566,0.198459,0,0.72621,0.0111968,4288,-1.1150336386885501E-05,-1.1176391578810004E-05,0.306375571782455,6876.8,8964.03,177965,1.12006E+06,0,0,0,3.292
382000,712.2440973432542,4831,3,5512,681,5250,BlackHole,800033,8.40193E-05,242,1211,544,2191,2824,1562,0.00013733,0.0586419,0.00462566,0.199011,0,0.725658,0.0111968,4287,-1.1133613100909983E-05,-1.1159668292834486E-05,0.306375571782455,6917.8,8440.61,177972,1.12004E+06,0,0,0,3.306
383000,714.1081422359814,4830,3,5512,682,5250,BlackHole,800033,8.40193E-05,242,1211,544,2192,2824,1563,0.00013733,0.0586419,0.00462566,0.199802,0,0.724867,0.0111968,4286,-1.1109173756030983E-05,-1.1135228947955486E-05,0.306375571782455,6959.13,8615.4,177986,1.12009E+06,0,0,0,3.320
384000,715.9721871287086,4829,3,5512,683,5250,BlackHole,800033,8.40193E-05,242,1212,544,2192,2824,1563,0.00013733,0.0586456,0.00462566,0.199802,0,0.724863,0.0111968,4285,-1.1147832573791814E-05,-1.1173887765716317E-05,0.306375571782455,6756.62,8670.17,178023,1.11992E+06,0,0,0,3.357
385000,717.8362320214358,4827,3,5512,685,5250,BlackHole,800033,8.40193E-05,242,1213,544,2193,2824,1564,0.00013733,0.0592336,0.00462566,0.199806,0,0.724272,0.0111968,4283,-1.1194275660672667E-05,-1.122033085259717E-05,0.306375571782455,6987.97,8513.15,178191,1.12003E+06,0,0,0,3.330
386000,719.7002769141629,4827,3,5512,685,5250,BlackHole,800033,8.40193E-05,242,1213,544,2193,2824,1564,0.00013733,0.0592336,0.00462566,0.199806,0,0.724272,0.0111968,4283,-1.1175879091925597E-05,-1.12019342838501E-05,0.306375571782455,6906.17,8481.15,177550,1.1202E+06,0,0,0,3.315
387000,721.5643218068901,4825,3,5512,687,5250,BlackHole,800033,8.40193E-05,242,1214,544,2194,2824,1565,0.00013733,0.0592354,0.00462566,0.199922,0,0.724153,0.0111968,4281,-1.1160667869606783E-05,-1.1186723061531286E-05,0.306375571782455,6881.1,8902.93,177829,1.12041E+06,0,0,0,3.347
388000,723.4283666996173,4825,3,5512,687,5250,BlackHole,800033,8.40193E-05,242,1214,544,2194,2824,1565,0.00013733,0.0592354,0.00462566,0.199922,0,0.724153,0.0111968,4281,-1.115338383096539E-05,-1.1179439022889893E-05,0.306375571782455,6921.03,8720.88,177916,1.12026E+06,0,0,0,3.371
389000,725.2924115923445,4823,3,5512,689,5250,BlackHole,800033,8.40193E-05,242,1214,544,2196,2824,1567,0.00013733,0.0592354,0.00462566,0.200001,0,0.724075,0.0111968,4279,-1.1148021347409443E-05,-1.1174076539333946E-05,0.306375571782455,6576.11,8540.27,176002,1.12003E+06,0,0,0,3.338
390000,727.1564564850717,4822,3,5512,690,5250,BlackHole,800033,8.40193E-05,242,1214,544,2197,2824,1568,0.00013733,0.0592354,0.00462566,0.200084,0,0.723992,0.0111968,4278,-1.1144323519639398E-05,-1.11703787115639E-05,0.306375571782455,6868.7,8557.26,175924,1.12003E+06,0,0,0,3.296
391000,729.0205013777988,4817,3,5512,695,5250,BlackHole,800033,8.40193E-05,242,1219,544,2197,2824,1568,0.00013733,0.0592354,0.00462566,0.200084,0,0.723992,0.0111968,4273,-1.1141206915744987E-05,-1.116726210766949E-05,0.306375571782455,6892.49,8618.88,181496,1.12038E+06,0,0,0,3.263
392000,730.884546270526,4815,3,5512,697,5250,BlackHole,800033,8.40193E-05,242,1219,544,2199,2824,1570,0.00013733,0.0592354,0.00462566,0.200955,0,0.723121,0.0111968,4271,-1.1124433030922457E-05,-1.115048822284696E-05,0.306375571782455,6886.83,8872.65,181475,1.12038E+06,0,0,0,3.300
393000,732.7485911632532,4814,3,5512,698,5250,BlackHole,800033,8.40193E-05,242,1220,544,2199,2824,1570,0.00013733,0.0597217,0.00462566,0.200955,0,0.722635,0.0111968,4270,-1.1104072170951082E-05,-1.1130127362875585E-05,0.306375571782455,6890.36,8726.28,181925,1.12044E+06,0,0,0,3.300
394000,734.6126360559804,4814,3,5512,698,5250,BlackHole,800033,8.40193E-05,242,1220,544,2199,2824,1570,0.00013733,0.0597217,0.00462566,0.200955,0,0.722635,0.0111968,4270,-1.1093731400384463E-05,-1.1119786592308966E-05,0.306375571782455,6871.98,8829.89,181919,1.12037E+06,0,0,0,3.271
395000,736.4766809487076,4813,3,5512,699,5250,BlackHole,800033,8.40193E-05,242,1220,544,2200,2824,1571,0.00013733,0.0597217,0.00462566,0.201562,0,0.722027,0.0111968,4269,-1.106422077637652E-05,-1.1090275968301022E-05,0.306375571782455,6942.5,8742.97,181520,1.12025E+06,0,0,0,3.254
396000,738.3407258414347,4813,3,5512,699,5250,BlackHole,800033,8.40193E-05,242,1220,544,2200,2824,1571,0.00013733,0.0597217,0.00462566,0.201562,0,0.722027,0.0111968,4269,-1.1064012367817822E-05,-1.1090067559742325E-05,0.306375571782455,6911.2,8557.48,181525,1.12022E+06,0,0,0,3.308
397000,740.2047707341619,4812,3,5512,700,5250,BlackHole,800033,8.40193E-05,242,1221,544,2200,2824,1571,0.00013733,0.05986,0.00462566,0.201562,0,0.721889,0.0111968,4268,-1.1144185858340823E-05,-1.1170241050265326E-05,0.306375571782455,6929.78,8517.43,181517,1.12046E+06,0,0,0,3.248
398000,742.0688156268891,4812,3,5512,700,5250,BlackHole,800033,8.40193E-05,242,1221,544,2200,2824,1571,0.00013733,0.05986,0.00462566,0.201562,0,0.721889,0.0111968,4268,-1.1140601651620999E-05,-1.1166656843545501E-05,0.306375571782455,6945.71,9210.94,181422,1.12045E+06,0,0,0,3.250
399000,743.9328605196163,4812,3,5512,700,5250,BlackHole,800033,8.40193E-05,242,1221,544,2200,2824,1571,0.00013733,0.05986,0.00462566,0.201562,0,0.721889,0.0111968,4268,-1.1122507595073312E-05,-1.1148562786997815E-05,0.306375571782455,6935.67,8564.82,181563,1.12049E+06,0,0,0,3.239
400000,745.7969054123434,4811,3,5512,701,5250,BlackHole,800033,8.40193E-05,242,1222,544,2200,2824,1571,0.00013733,0.0598637,0.00462566,0.201562,0,0.721885,0.0111968,4267,-1.1112466673116046E-05,-1.1138521865040548E-05,0.306375571782455,6621.36,8607.19,181531,1.1205E+06,0,0,0,3.257
401000,747.6609503050706,4810,3,5512,702,5250,BlackHole,800033,8.40193E-05,242,1223,544,2200,2824,1571,0.00013733,0.0602958,0.00462566,0.201562,0,0.721453,0.0111968,4266,-1.1104158366682068E-05,-1.1130213558606571E-05,0.306375571782455,6890.38,8569.77,181527,1.12081E+06,0,0,0,3.275
402000,749.5249951977978,4810,3,5512,702,5250,BlackHole,800033,8.40193E-05,242,1223,544,2200,2824,1571,0.00013733,0.0602958,0.00462566,0.201562,0,0.721453,0.0111968,4266,-1.1100300775550786E-05,-1.1126355967475289E-05,0.306375571782455,6898.32,8719.22,181531,1.12065E+06,0,0,0,3.280
403000,751.389040090525,4810,3,5512,702,5250,BlackHole,800033,8.40193E-05,242,1223,544,2200,2824,1571,0.00013733,0.0602958,0.00462566,0.201562,0,0.721453,0.0111968,4266,-1.1097240622580567E-05,-1.112329581450507E-05,0.306375571782455,6880.31,8378.56,181509,1.12065E+06,0,0,0,3.276
404000,753.2530849832522,4810,3,5512,702,5250,BlackHole,800033,8.40193E-05,242,1223,544,2200,2824,1571,0.00013733,0.0602958,0.00462566,0.201562,0,0.721453,0.0111968,4266,-1.1093448864017348E-05,-1.111950405594185E-05,0.306375571782455,6865.55,8842.65,181882,1.12064E+06,0,0,0,3.307
405000,755.1171298759793,4808,3,5512,704,5250,BlackHole,800033,8.40193E-05,242,1223,544,2202,2824,1573,0.00013733,0.0602958,0.00462566,0.202333,0,0.720683,0.0111968,4264,-1.1085778243982168E-05,-1.1111833435906671E-05,0.306375571782455,6864.91,8492.13,181548,1.12036E+06,0,0,0,3.329
406000,756.9811747687065,4807,3,5512,705,5250,BlackHole,800033,8.40193E-05,242,1223,544,2203,2824,1574,0.00013733,0.0602958,0.00462566,0.202337,0,0.720679,0.0111968,4263,-1.1077500690232241E-05,-1.1103555882156744E-05,0.306375571782455,6878.68,8645.84,181539,1.12041E+06,0,0,0,3.304
407000,758.8452196614337,4807,3,5512,705,5250,BlackHole,800033,8.40193E-05,242,1223,544,2203,2824,1574,0.00013733,0.0602958,0.00462566,0.202337,0,0.720679,0.0111968,4263,-1.1062040724235458E-05,-1.1088095916159961E-05,0.306375571782455,6875.41,8679.08,181536,1.12033E+06,0,0,0,3.349
408000,760.7092645541609,4807,3,5512,705,5250,BlackHole,800033,8.40193E-05,242,1223,544,2203,2824,1574,0.00013733,0.0602958,0.00462566,0.202337,0,0.720679,0.0111968,4263,-1.1045218193485867E-05,-1.107127338541037E-05,0.306375571782455,6969.51,8416.45,181506,1.12026E+06,0,0,0,3.329
409000,762.5733094468881,4806,3,5512,706,5250,BlackHole,800033,8.40193E-05,242,1223,544,2204,2824,1575,0.00013733,0.0602958,0.00462566,0.202518,0,0.720497,0.0111968,4262,-1.1108359613523968E-05,-1.113441480544847E-05,0.306375571782455,6896.66,8590.5,181314,1.12026E+06,0,0,0,3.344
410000,764.4373543396152,4806,3,5512,706,5250,BlackHole,800033,8.40193E-05,242,1223,544,2204,2824,1575,0.00013733,0.0602958,0.00462566,0.202518,0,0.720497,0.0111968,4262,-1.1140267279486097E-05,-1.11663224714106E-05,0.306375571782455,6920.22,8598.83,181547,1.12028E+06,0,0,0,3.299
411000,766.3013992323424,4806,3,5512,706,5250,BlackHole,800033,8.40193E-05,242,1223,544,2204,2824,1575,0.00013733,0.0602958,0.00462566,0.202518,0,0.720497,0.0111968,4262,-1.1120041639176414E-05,-1.1146096831100917E-05,0.306375571782455,6678.12,8625.29,181528,1.12046E+06,0,0,0,3.291
412000,768.1654441250696,4806,3,5512,706,5250,BlackHole,800033,8.40193E-05,242,1223,544,2204,2824,1575,0.00013733,0.0602958,0.00462566,0.202518,0,0.720497,0.0111968,4262,-1.110802241169034E-05,-1.1134077603614843E-05,0.306375571782455,6886.08,8600.21,181527,1.11977E+06,0,0,0,3.327
413000,770.0294890177968,4806,3,5512,706,5250,BlackHole,800033,8.40193E-05,242,1223,544,2204,2824,1575,0.00013733,0.0602958,0.00462566,0.202518,0,0.720497,0.0111968,4262,-1.1101537445402673E-05,-1.1127592637327176E-05,0.306375571782455,6875.48,8754.25,181521,1.11983E+06,0,0,0,3.345
414000,771.893533910524,4806,3,5512,706,5250,BlackHole,800033,8.40193E-05,242,1223,544,2204,2824,1575,0.00013733,0.0602958,0.00462566,0.202518,0,0.720497,0.0111968,4262,-1.1097108487896078E-05,-1.112316367982058E-05,0.306375571782455,6870.03,8685.05,181480,1.12026E+06,0,0,0,3.300
415000,773.7575788032511,4806,3,5512,706,5250,BlackHole,800033,8.40193E-05,242,1223,544,2204,2824,1575,0.00013733,0.0602958,0.00462566,0.202518,0,0.720497,0.0111968,4262,-1.109354964410047E-05,-1.1119604836024973E-05,0.306375571782455,6874.51,8654.43,181556,1.1201E+06,0,0,0,3.331
416000,775.6216236959783,4806,3,5512,706,5250,BlackHole,800033,8.40193E-05,242,1223,544,2204,2824,1575,0.00013733,0.0602958,0.00462566,0.202518,0,0.720497,0.0111968,4262,-1.1090921791225168E-05,-1.1116976983149671E-05,0.306375571782455,6877.84,8567.95,181498,1.11991E+06,0,0,0,3.332
417000,777.4856685887055,4803,3,5512,709,5250,BlackHole,800033,8.40193E-05,242,1224,544,2206,2824,1577,0.00013733,0.0603135,0.00462566,0.202628,0,0.72037,0.0111968,4259,-1.1085779195770145E-05,-1.1111834387694648E-05,0.306375571782455,6880.54,8557.29,181411,1.1199E+06,0,0,0,3.251
418000,779.3497134814327,4802,3,5512,710,5250,BlackHole,800033,8.40193E-05,242,1224,544,2207,2824,1578,0.00013733,0.0603135,0.00462566,0.203381,0,0.719617,0.0111968,4258,-1.1076371329164208E-05,-1.1102426521088711E-05,0.306375571782455,6923.89,8776.44,181407,1.11993E+06,0,0,0,3.319
419000,781.2137583741599,4801,3,5512,711,5250,BlackHole,800033,8.40193E-05,242,1224,544,2208,2824,1579,0.00013733,0.0603135,0.00462566,0.203406,0,0.719591,0.0111968,4257,-1.1064596404668415E-05,-1.1090651596592918E-05,0.306375571782455,6880.36,8768.04,181396,1.11979E+06,0,0,0,3.341
420000,783.077803266887,4801,3,5512,711,5250,BlackHole,800033,8.40193E-05,242,1224,544,2208,2824,1579,0.00013733,0.0603135,0.00462566,0.203406,0,0.719591,0.0111968,4257,-1.1043926769559665E-05,-1.1069981961484168E-05,0.306375571782455,6961,8729.69,181011,1.11964E+06,0,0,0,3.351
421000,784.9418481596142,4801,3,5512,711,5250,BlackHole,800033,8.40193E-05,242,1224,544,2208,2824,1579,0.00013733,0.0603135,0.00462566,0.203406,0,0.719591,0.0111968,4257,-1.1066544438867308E-05,-1.109259963079181E-05,0.306375571782455,6869.23,9269.13,181429,1.11945E+06,0,0,0,3.319
422000,786.8058930523414,4801,3,5512,711,5250,BlackHole,800033,8.40193E-05,242,1224,544,2208,2824,1579,0.00013733,0.0603135,0.00462566,0.203406,0,0.719591,0.0111968,4257,-1.113787158447649E-05,-1.1163926776400994E-05,0.306375571782455,6778.27,8738.61,181414,1.1194E+06,0,0,0,3.334
423000,788.6699379450686,4800,3,5512,712,5250,BlackHole,800033,8.40193E-05,242,1224,544,2209,2824,1580,0.00013733,0.0603135,0.00462566,0.203955,0,0.719043,0.0111968,4256,-1.1115632272453516E-05,-1.1141687464378019E-05,0.306375571782455,6904,8425.39,181411,1.11988E+06,0,0,0,3.336
424000,790.5339828377957,4799,3,5512,713,5250,BlackHole,800033,8.40193E-05,242,1224,544,2210,2824,1581,0.00013733,0.0603135,0.00462566,0.204082,0,0.718916,0.0111968,4255,-1.10998638364465E-05,-1.1125919028371003E-05,0.306375571782455,6639.11,8990.14,181405,1.11929E+06,0,0,0,3.312
425000,792.3980277305229,4799,3,5512,713,5250,BlackHole,800033,8.40193E-05,242,1224,544,2210,2824,1581,0.00013733,0.0603135,0.00462566,0.204082,0,0.718916,0.0111968,4255,-1.1091276958828932E-05,-1.1117332150753435E-05,0.306375571782455,6926.5,8801.65,181356,1.11938E+06,0,0,0,3.283
426000,794.2620726232501,4799,3,5512,713,5250,BlackHole,800033,8.40193E-05,242,1224,544,2210,2824,1581,0.00013733,0.0603135,0.00462566,0.204082,0,0.718916,0.0111968,4255,-1.1086534959512805E-05,-1.1112590151437308E-05,0.306375571782455,6886.59,8601.46,181475,1.11944E+06,0,0,0,3.271
427000,796.1261175159773,4798,3,5512,714,5250,BlackHole,800033,8.40193E-05,242,1225,544,2210,2824,1581,0.00013733,0.0606423,0.00462566,0.204082,0,0.718587,0.0111968,4253,-1.1080847393638573E-05,-1.1106902585563076E-05,0.306375571782455,6882.33,8620.03,181424,1.11902E+06,0,0,0,3.273
428000,797.9901624087045,4796,3,5512,716,5250,BlackHole,800033,8.40193E-05,242,1225,544,2212,2824,1583,0.00013733,0.0606423,0.00462566,0.204693,0,0.717976,0.0111968,4252,-1.1074778642782401E-05,-1.1100833834706904E-05,0.306375571782455,6870.96,8642.34,181437,1.11945E+06,0,0,0,3.248
429000,799.8542073014316,4796,3,5512,716,5250,BlackHole,800033,8.40193E-05,242,1225,544,2212,2824,1583,0.00013733,0.0606423,0.00462566,0.204693,0,0.717976,0.0111968,4252,-1.1071302097585872E-05,-1.1097357289510375E-05,0.306375571782455,6904.94,8525.17,181434,1.11943E+06,0,0,0,3.276
430000,801.7182521941588,4795,3,5512,717,5250,BlackHole,800033,8.40193E-05,242,1226,544,2212,2824,1583,0.00013733,0.0607267,0.00462566,0.204693,0,0.717892,0.0111968,4251,-1.1064378894148613E-05,-1.1090434086073116E-05,0.306375571782455,6974.94,8925,181418,1.11947E+06,0,0,0,3.271
431000,803.582297086886,4794,3,5512,718,5250,BlackHole,800033,8.40193E-05,242,1226,544,2213,2824,1584,0.00013733,0.0607267,0.00462566,0.204759,0,0.717825,0.0111968,4250,-1.1055143009653116E-05,-1.1081198201577618E-05,0.306375571782455,6924.34,8617.35,181664,1.11951E+06,0,0,0,3.254
432000,805.4463419796132,4794,3,5512,718,5250,BlackHole,800033,8.40193E-05,242,1226,544,2213,2824,1584,0.00013733,0.0607267,0.00462566,0.204759,0,0.717825,0.0111968,4250,-1.1037153122328735E-05,-1.1063208314253238E-05,0.306375571782455,6870.78,8720.6,181454,1.11954E+06,0,0,0,3.252
433000,807.3103868723404,4794,3,5512,718,5250,BlackHole,800033,8.40193E-05,242,1226,544,2213,2824,1584,0.00013733,0.0607267,0.00462566,0.204759,0,0.717825,0.0111968,4250,-1.1029057236874358E-05,-1.105511242879886E-05,0.306375571782455,6870.02,8630.79,181444,1.11957E+06,0,0,0,3.247
434000,809.1744317650675,4792,3,5512,720,5250,BlackHole,800033,8.40193E-05,242,1226,544,2215,2824,1586,0.00013733,0.0607267,0.00462566,0.205381,0,0.717204,0.0111968,4248,-1.1105192529416015E-05,-1.1131247721340518E-05,0.306375571782455,6922.56,8703.83,178458,1.11982E+06,0,0,0,3.299
435000,811.0384766577947,4792,3,5512,720,5250,BlackHole,800033,8.40193E-05,242,1226,544,2215,2824,1586,0.00013733,0.0607267,0.00462566,0.205381,0,0.717204,0.0111968,4248,-1.1112668398699193E-05,-1.1138723590623696E-05,0.306375571782455,6565.72,9040.84,178179,1.1196E+06,0,0,0,3.284
436000,812.9025215505219,4792,3,5512,720,5250,BlackHole,800033,8.40193E-05,242,1226,544,2215,2824,1586,0.00013733,0.0607267,0.00462566,0.205381,0,0.717204,0.0111968,4248,-1.1093698557596966E-05,-1.1119753749521469E-05,0.306375571782455,6920.97,8757.28,178194,1.11952E+06,0,0,0,3.281
437000,814.7665664432491,4792,3,5512,720,5250,BlackHole,800033,8.40193E-05,242,1226,544,2215,2824,1586,0.00013733,0.0607267,0.00462566,0.205381,0,0.717204,0.0111968,4248,-1.1083268263121263E-05,-1.1109323455045766E-05,0.306375571782455,6975.97,8721.38,178355,1.11948E+06,0,0,0,3.238
438000,816.6306113359763,4791,3,5512,721,5250,BlackHole,800033,8.40193E-05,242,1227,544,2215,2824,1586,0.00013733,0.0607346,0.00462566,0.205381,0,0.717196,0.0111968,4247,-1.107705321166381E-05,-1.1103108403588313E-05,0.306375571782455,7024.8,8578.24,178177,1.11937E+06,0,0,0,3.298
439000,818.4946562287034,4790,3,5512,722,5250,BlackHole,800033,8.40193E-05,242,1227,544,2216,2824,1587,0.00013733,0.0607346,0.00462566,0.205392,0,0.717185,0.0111968,4246,-1.1073279564187559E-05,-1.1099334756112062E-05,0.306375571782455,6967.2,8857.04,178193,1.11956E+06,0,0,0,3.311
440000,820.3587011214306,4786,3,5512,726,5250,BlackHole,800033,8.40193E-05,242,1228,544,2219,2824,1590,0.00013733,0.0611825,0.00462566,0.205622,0,0.716506,0.0111968,4242,-1.106196069221961E-05,-1.1088015884144112E-05,0.306375571782455,6906.51,8762.6,178297,1.11971E+06,0,0,0,3.317
441000,822.2227460141578,4784,3,5512,728,5250,BlackHole,800033,8.40193E-05,242,1228,544,2221,2824,1592,0.00013733,0.0611825,0.00462566,0.205911,0,0.716218,0.0111968,4240,-1.1056717339716259E-05,-1.1082772531640761E-05,0.306375571782455,6952.17,9115.5,178168,1.11969E+06,0,0,0,3.319
442000,824.086790906885,4784,3,5512,728,5250,BlackHole,800033,8.40193E-05,242,1228,544,2221,2824,1592,0.00013733,0.0611825,0.00462566,0.205911,0,0.716218,0.0111968,4240,-1.1052391894993835E-05,-1.1078447086918337E-05,0.306375571782455,6887.35,8560.41,178188,1.11971E+06,0,0,0,3.324
443000,825.9508357996122,4784,3,5512,728,5250,BlackHole,800033,8.40193E-05,242,1228,544,2221,2824,1592,0.00013733,0.0611825,0.00462566,0.205911,0,0.716218,0.0111968,4240,-1.1045457245137984E-05,-1.1071512437062487E-05,0.306375571782455,6921.08,8772.74,178260,1.11973E+06,0,0,0,3.317
444000,827.8148806923393,4783,3,5512,729,5250,BlackHole,800033,8.40193E-05,242,1228,544,2222,2824,1593,0.00013733,0.0611825,0.00462566,0.206,0,0.716128,0.0111968,4239,-1.1030456324846917E-05,-1.105651151677142E-05,0.306375571782455,6878.73,8780.56,177903,1.11965E+06,0,0,0,3.340
445000,829.6789255850665,4783,3,5512,729,5250,BlackHole,800033,8.40193E-05,242,1228,544,2222,2824,1593,0.00013733,0.0611825,0.00462566,0.206,0,0.716128,0.0111968,4239,-1.101053423781944E-05,-1.1036589429743943E-05,0.306375571782455,6869.38,8444.66,177928,1.11934E+06,0,0,0,3.303
446000,831.5429704777937,4783,3,5512,729,5250,BlackHole,800033,8.40193E-05,242,1228,544,2222,2824,1593,0.00013733,0.0611825,0.00462566,0.206,0,0.716128,0.0111968,4239,-1.106006395624867E-05,-1.1086119148173173E-05,0.306375571782455,6604.46,8665.3,177939,1.11939E+06,0,0,0,3.266
447000,833.4070153705209,4782,3,5512,730,5250,BlackHole,800033,8.40193E-05,242,1229,544,2222,2824,1593,0.00013733,0.0611862,0.00462566,0.206,0,0.716125,0.0111968,4238,-1.1107891593144447E-05,-1.113394678506895E-05,0.306375571782455,6868.82,8848.23,177944,1.11929E+06,0,0,0,3.311
448000,835.271060263248,4782,3,5512,730,5250,BlackHole,800033,8.40193E-05,242,1229,544,2222,2824,1593,0.00013733,0.0611862,0.00462566,0.206,0,0.716125,0.0111968,4238,-1.1089065784428515E-05,-1.1115120976353017E-05,0.306375571782455,6895.38,8515.94,177951,1.11933E+06,0,0,0,3.366
449000,837.1351051559752,4780,3,5512,732,5250,BlackHole,800033,8.40193E-05,242,1230,544,2223,2824,1594,0.00013733,0.0611898,0.00462566,0.206004,0,0.716117,0.0111968,4236,-1.1075378426397855E-05,-1.1101433618322358E-05,0.306375571782455,6876.65,8634.55,177958,1.11943E+06,0,0,0,3.324
450000,838.9991500487024,4779,3,5512,733,5250,BlackHole,800033,8.40193E-05,242,1230,544,2224,2824,1595,0.00013733,0.0611898,0.00462566,0.206038,0,0.716083,0.0111968,4235,-1.1068135327566285E-05,-1.1094190519490787E-05,0.306375571782455,6909.49,8857.56,177969,1.11908E+06,0,0,0,3.279
451000,840.8631949414296,4779,3,5512,733,5250,BlackHole,800033,8.40193E-05,242,1230,544,2224,2824,1595,0.00013733,0.0611898,0.00462566,0.206038,0,0.716083,0.0111968,4235,-1.106354938414025E-05,-1.1089604576064753E-05,0.306375571782455,6887.7,8569.24,177996,1.11919E+06,0,0,0,3.297
452000,842.7272398341568,4779,3,5512,733,5250,BlackHole,800033,8.40193E-05,242,1230,544,2224,2824,1595,0.00013733,0.0611898,0.00462566,0.206038,0,0.716083,0.0111968,4235,-1.106005898744466E-05,-1.1086114179369163E-05,0.306375571782455,6863.94,8613.89,178094,1.11925E+06,0,0,0,3.263
453000,844.5912847268839,4841,3,5512,671,5250,BlackHole,800033,8.40193E-05,242,1230,544,2226,2888,1596,0.00013733,0.0611898,0.00462566,0.206817,0,0.715304,0.0111968,4233,-1.1052209517916566E-05,-1.1078264709841069E-05,0.306375571791343,6912.24,8927.99,178147,1.11869E+06,0,0,0,3.315
454000,846.4553296196111,4840,3,5512,672,5250,BlackHole,800033,8.40193E-05,242,1230,544,2227,2888,1597,0.00013733,0.0611898,0.00462566,0.207029,0,0.715093,0.0111968,4232,-1.1047211235308651E-05,-1.1073266427233154E-05,0.306375571791343,6905.73,8867.33,177747,1.11906E+06,0,0,0,3.338
455000,848.3193745123383,4840,3,5512,672,5250,BlackHole,800033,8.40193E-05,242,1230,544,2227,2888,1597,0.00013733,0.0611898,0.00462566,0.207029,0,0.715093,0.0111968,4232,-1.104113710289943E-05,-1.1067192294823933E-05,0.306375571791343,6932.2,8534.13,177890,1.11906E+06,0,0,0,3.363
456000,850.1834194050655,4839,3,5512,673,5250,BlackHole,800033,8.40193E-05,242,1231,544,2227,2888,1597,0.00013733,0.0613099,0.00462566,0.207029,0,0.714973,0.0111968,4231,-1.1029520110950223E-05,-1.1055575302874726E-05,0.306375571791343,6884.52,8774.99,177922,1.11875E+06,0,0,0,3.393
457000,852.0474642977927,4838,3,5512,674,5250,BlackHole,800033,8.40193E-05,242,1231,544,2228,2888,1598,0.00013733,0.0613099,0.00462566,0.207396,0,0.714605,0.0111968,4230,-1.100874686153428E-05,-1.1034802053458782E-05,0.306375571791343,6654.2,8947.85,177935,1.11882E+06,0,0,0,3.403
458000,853.9115091905198,4837,3,5512,675,5250,BlackHole,800033,8.40193E-05,242,1232,544,2228,2888,1598,0.00013733,0.0613728,0.00462566,0.207396,0,0.714542,0.0111968,4229,-1.1015044627698168E-05,-1.104109981962267E-05,0.306375571791343,6965.01,8623.54,176027,1.11869E+06,0,0,0,3.421
459000,855.775554083247,4837,3,5512,675,5250,BlackHole,800033,8.40193E-05,242,1232,544,2228,2888,1598,0.00013733,0.0613728,0.00462566,0.207396,0,0.714542,0.0111968,4229,-1.1095731117210472E-05,-1.1121786309134975E-05,0.306375571791343,7033.16,8628.29,175951,1.11879E+06,0,0,0,3.398
460000,857.6395989759742,4837,3,5512,675,5250,BlackHole,800033,8.40193E-05,242,1232,544,2228,2888,1598,0.00013733,0.0613728,0.00462566,0.207396,0,0.714542,0.0111968,4229,-1.1086602705546079E-05,-1.1112657897470581E-05,0.306375571791343,6872.28,8549.82,175938,1.11895E+06,0,0,0,3.413
461000,859.5036438687014,4836,3,5512,676,5250,BlackHole,800033,8.40193E-05,242,1232,544,2229,2888,1599,0.00013733,0.0613728,0.00462566,0.2074,0,0.714538,0.0111968,4228,-1.1069424750320973E-05,-1.1095479942245476E-05,0.306375571791343,6970.28,9188.04,175929,1.11903E+06,0,0,0,3.405
462000,861.3676887614286,4835,3,5512,677,5250,BlackHole,800033,8.40193E-05,242,1232,544,2230,2888,1600,0.00013733,0.0613728,0.00462566,0.207404,0,0.714535,0.0111968,4227,-1.1060573106587585E-05,-1.1086628298512088E-05,0.306375571791343,6866.3,8690.12,175900,1.1189E+06,0,0,0,3.421
463000,863.2317336541557,4833,3,5512,679,5250,BlackHole,800033,8.40193E-05,242,1232,544,2232,2888,1602,0.00013733,0.0613728,0.00462566,0.207418,0,0.71452,0.0111968,4225,-1.105500367248473E-05,-1.1081058864409233E-05,0.306375571791343,6900.94,8722.07,175505,1.11821E+06,0,0,0,3.374
464000,865.0957785468829,4833,3,5512,679,5250,BlackHole,800033,8.40193E-05,242,1232,544,2232,2888,1602,0.00013733,0.0613728,0.00462566,0.207418,0,0.71452,0.0111968,4224,-1.1051565371006532E-05,-1.1077620562931034E-05,0.306375571791343,6875.03,8760.42,175989,1.11824E+06,0,0,0,3.384
465000,866.9598234396101,4833,3,5512,679,5250,BlackHole,800033,8.40193E-05,242,1232,544,2232,2888,1602,0.00013733,0.0613728,0.00462566,0.207418,0,0.71452,0.0111968,4225,-1.104841432982412E-05,-1.1074469521748623E-05,0.306375571791343,6963.84,8585.21,175947,1.11812E+06,0,0,0,3.409
466000,868.8238683323373,4833,3,5512,679,5250,BlackHole,800033,8.40193E-05,242,1232,544,2232,2888,1602,0.00013733,0.0613728,0.00462566,0.207418,0,0.71452,0.0111968,4225,-1.104473773657476E-05,-1.1070792928499262E-05,0.306375571791343,6886,8669.12,175936,1.11831E+06,0,0,0,3.369
467000,870.6879132250644,4833,3,5512,679,5250,BlackHole,800033,8.40193E-05,242,1232,544,2232,2888,1602,0.00013733,0.0613728,0.00462566,0.207418,0,0.71452,0.0111968,4225,-1.1039488203807739E-05,-1.1065543395732242E-05,0.306375571791343,6886.8,8676.9,175925,1.1182E+06,0,0,0,3.363
468000,872.5519581177916,4832,3,5512,680,5250,BlackHole,800033,8.40193E-05,242,1232,544,2233,2888,1603,0.00013733,0.0613728,0.00462566,0.208114,0,0.713824,0.0111968,4224,-1.102655199887125E-05,-1.1052607190795753E-05,0.306375571791343,6734.67,8517.26,175877,1.11816E+06,0,0,0,3.369
469000,874.4160030105188,4832,3,5512,680,5250,BlackHole,800033,8.40193E-05,242,1232,544,2233,2888,1603,0.00013733,0.0613728,0.00462566,0.208114,0,0.713824,0.0111968,4224,-1.101073508382126E-05,-1.1036790275745762E-05,0.306375571791343,6880.51,8814.25,176393,1.11825E+06,0,0,0,3.414
470000,876.280047903246,4830,3,5512,682,5250,BlackHole,800033,8.40193E-05,242,1232,544,2235,2888,1605,0.00013733,0.0613728,0.00462566,0.208151,0,0.713787,0.0111968,4222,-1.0995770898343429E-05,-1.1021826090267931E-05,0.306375571791343,6743.86,8842.14,175968,1.11791E+06,0,0,0,3.372
471000,878.1440927959732,4829,3,5512,683,5250,BlackHole,800033,8.40193E-05,242,1232,544,2236,2888,1606,0.00013733,0.0613728,0.00462566,0.208557,0,0.713381,0.0111968,4221,-1.1066221313377066E-05,-1.1092276505301569E-05,0.306375571791343,6989.87,8657.05,175942,1.11793E+06,0,0,0,3.364
472000,880.0081376887003,4828,3,5512,684,5250,BlackHole,800033,8.40193E-05,242,1232,544,2237,2888,1607,0.00013733,0.0613728,0.00462566,0.209049,0,0.71289,0.0111968,4220,-1.1084058465166083E-05,-1.1110113657090586E-05,0.306375571791343,6874.34,8591.47,175933,1.11799E+06,0,0,0,3.361
473000,881.8721825814275,4827,3,5512,685,5250,BlackHole,800033,8.40193E-05,242,1232,544,2238,2888,1608,0.00013733,0.0613728,0.00462566,0.209079,0,0.712859,0.0111968,4219,-1.1064391896547384E-05,-1.1090447088471887E-05,0.306375571791343,6947.12,8577.44,172857,1.11821E+06,0,0,0,3.359
474000,883.7362274741547,4827,3,5512,685,5250,BlackHole,800033,8.40193E-05,242,1232,544,2238,2888,1608,0.00013733,0.0613728,0.00462566,0.209079,0,0.712859,0.0111968,4219,-1.1052345627926187E-05,-1.107840081985069E-05,0.306375571791343,6869.01,8580.1,172915,1.11824E+06,0,0,0,3.316
475000,885.6002723668819,4827,3,5512,685,5250,BlackHole,800033,8.40193E-05,242,1232,544,2238,2888,1608,0.00013733,0.0613728,0.00462566,0.209079,0,0.712859,0.0111968,4219,-1.1046820638392576E-05,-1.107287583031708E-05,0.306375571791343,6877.89,8804.93,172935,1.11825E+06,0,0,0,3.356
476000,887.4643172596091,4826,3,5512,686,5250,BlackHole,800033,8.40193E-05,242,1232,544,2239,2888,1609,0.00013733,0.0613728,0.00462566,0.209083,0,0.712855,0.0111968,4218,-1.1042607602990315E-05,-1.1068662794914818E-05,0.306375571791343,6881.25,9015.91,173155,1.11839E+06,0,0,0,3.374
477000,889.3283621523362,4825,3,5512,687,5250,BlackHole,800033,8.40193E-05,242,1232,544,2240,2888,1610,0.00013733,0.0613728,0.00462566,0.209366,0,0.712572,0.0111968,4217,-1.1037280453406222E-05,-1.1063335645330725E-05,0.306375571791343,6890.06,8448.5,172868,1.11838E+06,0,0,0,3.321
478000,891.1924070450634,4825,3,5512,687,5250,BlackHole,800033,8.40193E-05,242,1232,544,2240,2888,1610,0.00013733,0.0613728,0.00462566,0.209366,0,0.712572,0.0111968,4217,-1.103449424161902E-05,-1.1060549433543524E-05,0.306375571791343,7020.44,8558.66,172916,1.11821E+06,0,0,0,3.352
479000,893.0564519377906,4825,3,5512,687,5250,BlackHole,800033,8.40193E-05,242,1232,544,2240,2888,1610,0.00013733,0.0613728,0.00462566,0.209366,0,0.712572,0.0111968,4217,-1.1030440599437193E-05,-1.1056495791361696E-05,0.306375571791343,6858.91,8731.79,172938,1.11843E+06,0,0,0,3.298
480000,894.9204968305178,4888,3,5512,624,5250,BlackHole,800033,8.40193E-05,242,1232,544,2241,2952,1610,0.00013733,0.0613728,0.00462566,0.209366,0,0.712572,0.0111968,4280,-1.1023788313469673E-05,-1.1049843505394176E-05,0.306375571791343,6873.29,8577.62,181887,1.10627E+06,0,0,0,3.430
481000,896.784541723245,4887,3,5512,625,5250,BlackHole,800033,8.40193E-05,242,1232,544,2242,2952,1611,0.00013733,0.0613728,0.00462566,0.209518,0,0.712421,0.0111968,4278,-1.1009915293992233E-05,-1.1035970485916736E-05,0.306375571791343,6566.71,8593.57,181792,1.10602E+06,0,0,0,3.491
482000,898.6485866159721,4887,3,5512,625,5250,BlackHole,800033,8.40193E-05,242,1232,544,2242,2952,1611,0.00013733,0.0613728,0.00462566,0.209518,0,0.712421,0.0111968,4278,-1.0989755180294505E-05,-1.1015810372219008E-05,0.306375571791343,6904.85,8642.26,181915,1.10601E+06,0,0,0,3.453
483000,900.5126315086993,4887,3,5512,625,5250,BlackHole,800033,8.40193E-05,242,1232,544,2242,2952,1611,0.00013733,0.0613728,0.00462566,0.209518,0,0.712421,0.0111968,4279,-1.1022660185327181E-05,-1.1048715377251684E-05,0.306375571791343,6920.13,8431.01,181891,1.10592E+06,0,0,0,3.433
484000,902.3766764014265,4887,3,5512,625,5250,BlackHole,800033,8.40193E-05,242,1232,544,2242,2952,1611,0.00013733,0.0613728,0.00462566,0.209518,0,0.712421,0.0111968,4279,-1.1086689220391732E-05,-1.1112744412316235E-05,0.306375571791343,6925.52,8504.41,181887,1.10598E+06,0,0,0,3.554
485000,904.2407212941537,4886,3,5512,626,5250,BlackHole,800033,8.40193E-05,242,1233,544,2242,2952,1611,0.00013733,0.0617837,0.00462566,0.209518,0,0.71201,0.0111968,4278,-1.106354142639071E-05,-1.1089596618315212E-05,0.306375571791343,6985.24,8580,181871,1.10639E+06,0,0,0,3.566
486000,906.1047661868809,4883,3,5512,629,5250,BlackHole,800033,8.40193E-05,242,1233,544,2245,2952,1614,0.00013733,0.0617837,0.00462566,0.210362,0,0.711165,0.0111968,4275,-1.1043524414651817E-05,-1.106957960657632E-05,0.306375571791343,6901.56,8603.57,181839,1.10621E+06,0,0,0,3.485
487000,907.968811079608,4883,3,5512,629,5250,BlackHole,800033,8.40193E-05,242,1233,544,2245,2952,1614,0.00013733,0.0617837,0.00462566,0.210362,0,0.711165,0.0111968,4275,-1.1036012736749363E-05,-1.1062067928673866E-05,0.306375571791343,6917.82,9203.96,181876,1.1063E+06,0,0,0,3.426
488000,909.8328559723352,4883,3,5512,629,5250,BlackHole,800033,8.40193E-05,242,1233,544,2245,2952,1614,0.00013733,0.0617837,0.00462566,0.210362,0,0.711165,0.0111968,4275,-1.1031008054202917E-05,-1.105706324612742E-05,0.306375571791343,6869.17,8503.12,181869,1.10641E+06,0,0,0,3.460
489000,911.6969008650624,4883,3,5512,629,5250,BlackHole,800033,8.40193E-05,242,1233,544,2245,2952,1614,0.00013733,0.0617837,0.00462566,0.210362,0,0.711165,0.0111968,4275,-1.1027778757122509E-05,-1.1053833949047011E-05,0.306375571791343,6946.78,8940.86,181820,1.10644E+06,0,0,0,3.541
490000,913.5609457577896,4883,3,5512,629,5250,BlackHole,800033,8.40193E-05,242,1233,544,2245,2952,1614,0.00013733,0.0617837,0.00462566,0.210362,0,0.711165,0.0111968,4275,-1.102445880002991E-05,-1.1050513991954412E-05,0.306375571791343,6868.35,8641.86,181747,1.10656E+06,0,0,0,3.498
491000,915.4249906505167,4883,3,5512,629,5250,BlackHole,800033,8.40193E-05,242,1233,544,2245,2952,1614,0.00013733,0.0617837,0.00462566,0.210362,0,0.711165,0.0111968,4275,-1.1021083496754089E-05,-1.1047138688678591E-05,0.306375571791343,6939.98,8854.77,181895,1.10626E+06,0,0,0,3.495
492000,917.2890355432439,4883,3,5512,629,5250,BlackHole,800033,8.40193E-05,242,1233,544,2245,2952,1614,0.00013733,0.0617837,0.00462566,0.210362,0,0.711165,0.0111968,4275,-1.1015027198473305E-05,-1.1041082390397808E-05,0.306375571791343,6587.43,8381.54,181881,1.10647E+06,0,0,0,3.500
493000,919.1530804359711,4883,3,5512,629,5250,BlackHole,800033,8.40193E-05,242,1233,544,2245,2952,1614,0.00013733,0.0617837,0.00462566,0.210362,0,0.711165,0.0111968,4275,-1.1005468605791957E-05,-1.103152379771646E-05,0.306375571791343,6924.01,8832.25,181888,1.10623E+06,0,0,0,3.531
494000,921.0171253286983,4882,3,5512,630,5250,BlackHole,800033,8.40193E-05,242,1233,544,2246,2952,1615,0.00013733,0.0617837,0.00462566,0.210396,0,0.711132,0.0111968,4274,-1.0987190033913798E-05,-1.10132452258383E-05,0.306375571791343,7086.44,8660.63,181871,1.10561E+06,0,0,0,3.507
495000,922.8811702214255,4882,3,5512,630,5250,BlackHole,800033,8.40193E-05,242,1233,544,2246,2952,1615,0.00013733,0.0617837,0.00462566,0.210396,0,0.711132,0.0111968,4274,-1.0983350328752324E-05,-1.1009405520676826E-05,0.306375571791343,6936.06,8663.57,181871,1.10541E+06,0,0,0,3.469
496000,924.7452151141526,4882,3,5512,630,5250,BlackHole,800033,8.40193E-05,242,1233,544,2246,2952,1615,0.00013733,0.0617837,0.00462566,0.210396,0,0.711132,0.0111968,4274,-1.1065827073999811E-05,-1.1091882265924314E-05,0.306375571791343,6888.03,8829.46,181765,1.10619E+06,0,0,0,3.495
497000,926.6092600068798,4880,3,5512,632,5250,BlackHole,800033,8.40193E-05,242,1234,544,2247,2952,1616,0.00013733,0.0617903,0.00462566,0.21112,0,0.710401,0.0111968,4272,-1.105408372325595E-05,-1.1080138915180453E-05,0.306375571791343,6870.12,8527.3,181889,1.10648E+06,0,0,0,3.475
498000,928.473304899607,4879,3,5512,633,5250,BlackHole,800033,8.40193E-05,242,1234,544,2248,2952,1617,0.00013733,0.0617903,0.00462566,0.211769,0,0.709752,0.0111968,4271,-1.1031706855382684E-05,-1.1057762047307187E-05,0.306375571791343,6916.47,8584.38,181648,1.10658E+06,0,0,0,3.470
499000,930.3373497923342,4878,3,5512,634,5250,BlackHole,800033,8.40193E-05,242,1234,544,2249,2952,1618,0.00013733,0.0617903,0.00462566,0.211773,0,0.709748,0.0111968,4270,-1.1021689562762937E-05,-1.104774475468744E-05,0.306375571791343,6881.73,8811.1,181680,1.10648E+06,0,0,0,3.463
500000,932.2013946850614,4878,3,5512,634,5250,BlackHole,800033,8.40193E-05,242,1234,544,2249,2952,1618,0.00013733,0.0617903,0.00462566,0.211773,0,0.709748,0.0111968,4270,-1.1015746477648453E-05,-1.1041801669572956E-05,0.306375571791343,6870.11,8662.1,181868,1.10639E+06,0,0,0,3.487
501000,934.0654395777885,4878,3,5512,634,5250,BlackHole,800033,8.40193E-05,242,1234,544,2249,2952,1618,0.00013733,0.0617903,0.00462566,0.211773,0,0.709748,0.0111968,4270,-1.1012306559463355E-05,-1.1038361751387858E-05,0.306375571791343,6924.09,8560.03,181853,1.10644E+06,0,0,0,3.448
502000,935.9294844705157,4878,3,5512,634,5250,BlackHole,800033,8.40193E-05,242,1234,544,2249,2952,1618,0.00013733,0.0617903,0.00462566,0.211773,0,0.709748,0.0111968,4270,-1.1009450457106677E-05,-1.103550564903118E-05,0.306375571791343,6912.52,8852.36,181847,1.10619E+06,0,0,0,3.501
503000,937.7935293632429,4876,3,5512,636,5250,BlackHole,800033,8.40193E-05,242,1235,544,2250,2952,1619,0.00013733,0.0618462,0.00462566,0.21178,0,0.709685,0.0111968,4268,-1.1004430939274452E-05,-1.1030486131198955E-05,0.306375571791343,6634.9,8711.83,181526,1.10634E+06,0,0,0,3.418
504000,939.6575742559701,4875,3,5512,637,5250,BlackHole,800033,8.40193E-05,242,1235,544,2251,2952,1620,0.00013733,0.0618462,0.00462566,0.211962,0,0.709503,0.0111968,4266,-1.0998519779229468E-05,-1.102457497115397E-05,0.306375571791343,6868.94,8542.16,181938,1.10644E+06,0,0,0,3.454
505000,941.5216191486973,4875,3,5512,637,5250,BlackHole,800033,8.40193E-05,242,1235,544,2251,2952,1620,0.00013733,0.0618462,0.00462566,0.211962,0,0.709503,0.0111968,4267,-1.0990779162373466E-05,-1.1016834354297968E-05,0.306375571791343,6943.95,8546.13,181513,1.10644E+06,0,0,0,3.600
506000,943.3856640414244,4875,3,5512,637,5250,BlackHole,800033,8.40193E-05,242,1235,544,2251,2952,1620,0.00013733,0.0618462,0.00462566,0.211962,0,0.709503,0.0111968,4267,-1.097619576959376E-05,-1.1002250961518262E-05,0.306375571791343,7033.54,8675.61,181354,1.10607E+06,0,0,0,3.571
507000,945.2497089341516,4875,3,5512,637,5250,BlackHole,800033,8.40193E-05,242,1235,544,2251,2952,1620,0.00013733,0.0618462,0.00462566,0.211962,0,0.709503,0.0111968,4267,-1.0958299637927052E-05,-1.0984354829851555E-05,0.306375571791343,6937.71,8845.77,181509,1.10615E+06,0,0,0,3.526
508000,947.1137538268788,4875,3,5512,637,5250,BlackHole,800033,8.40193E-05,242,1235,544,2251,2952,1620,0.00013733,0.0618462,0.00462566,0.211962,0,0.709503,0.0111968,4267,-1.1017485688291414E-05,-1.1043540880215917E-05,0.306375571791343,6897.85,8680.51,181489,1.10614E+06,0,0,0,3.503
509000,948.977798719606,4875,3,5512,637,5250,BlackHole,800033,8.40193E-05,242,1235,544,2251,2952,1620,0.00013733,0.0618462,0.00462566,0.211962,0,0.709503,0.0111968,4267,-1.1055119590332347E-05,-1.108117478225685E-05,0.306375571791343,6938.63,8261.18,181490,1.10613E+06,0,0,0,3.542
510000,950.8418436123332,4875,3,5512,637,5250,BlackHole,800033,8.40193E-05,242,1235,544,2251,2952,1620,0.00013733,0.0618462,0.00462566,0.211962,0,0.709503,0.0111968,4267,-1.1034784357448198E-05,-1.10608395493727E-05,0.306375571791343,6913.45,8642.55,181484,1.10616E+06,0,0,0,3.504
511000,952.7058885050603,4873,3,5512,639,5250,BlackHole,800033,8.40193E-05,242,1236,544,2252,2952,1621,0.00013733,0.0618498,0.00462566,0.212111,0,0.70935,0.0111968,4265,-1.102151951990248E-05,-1.1047574711826983E-05,0.306375571791343,6904.26,8720.73,181441,1.10647E+06,0,0,0,3.400
512000,954.5699333977875,4873,3,5512,639,5250,BlackHole,800033,8.40193E-05,242,1236,544,2252,2952,1621,0.00013733,0.0618498,0.00462566,0.212111,0,0.70935,0.0111968,4265,-1.1014463067530684E-05,-1.1040518259455187E-05,0.306375571791343,6870.65,8604.96,181567,1.10625E+06,0,0,0,3.493
513000,956.4339782905147,4872,3,5512,640,5250,BlackHole,800033,8.40193E-05,242,1236,544,2253,2952,1622,0.00013733,0.0618498,0.00462566,0.212352,0,0.70911,0.0111968,4264,-1.1008767167801635E-05,-1.1034822359726138E-05,0.306375571791343,6937.7,9175.36,181506,1.10648E+06,0,0,0,3.504
514000,958.2980231832419,4871,3,5512,641,5250,BlackHole,800033,8.40193E-05,242,1237,544,2253,2952,1622,0.00013733,0.0622308,0.00462566,0.212352,0,0.708729,0.0111968,4263,-1.0996459648415585E-05,-1.1022514840340088E-05,0.306375571791343,6701.01,8376.43,181499,1.10647E+06,0,0,0,3.494
515000,960.162068075969,4871,3,5512,641,5250,BlackHole,800033,8.40193E-05,242,1237,544,2253,2952,1622,0.00013733,0.0622308,0.00462566,0.212352,0,0.708729,0.0111968,4263,-1.099314746781956E-05,-1.1019202659744062E-05,0.306375571791343,6936.81,8845.87,181494,1.10651E+06,0,0,0,3.431
516000,962.0261129686962,4871,3,5512,641,5250,BlackHole,800033,8.40193E-05,242,1237,544,2253,2952,1622,0.00013733,0.0622308,0.00462566,0.212352,0,0.708729,0.0111968,4263,-1.098898539767948E-05,-1.1015040589603983E-05,0.306375571791343,6870.76,8769.02,181479,1.10638E+06,0,0,0,3.505
517000,963.8901578614234,4871,3,5512,641,5250,BlackHole,800033,8.40193E-05,242,1237,544,2253,2952,1622,0.00013733,0.0622308,0.00462566,0.212352,0,0.708729,0.0111968,4263,-1.098266459925457E-05,-1.1008719791179073E-05,0.306375571791343,6895.93,8908.59,181543,1.10648E+06,0,0,0,3.563
518000,965.7542027541506,4867,3,5512,645,5250,BlackHole,800033,8.40193E-05,242,1238,544,2256,2952,1625,0.00013733,0.062231,0.00462566,0.213048,0,0.708032,0.0111968,4259,-1.0960985506573583E-05,-1.0987040698498086E-05,0.306375571791343,6904.36,8832.56,181511,1.10749E+06,0,0,0,3.547
519000,967.6182476468778,4865,3,5512,647,5250,BlackHole,800033,8.40193E-05,242,1239,544,2257,2952,1626,0.00013733,0.0622807,0.00462566,0.213108,0,0.707922,0.0111968,4257,-1.0938775403022868E-05,-1.0964830594947371E-05,0.306375571791343,6886.02,8618.31,181518,1.10857E+06,0,0,0,3.466
520000,969.4822925396049,4863,3,5512,649,5250,BlackHole,800033,8.40193E-05,242,1239,544,2259,2952,1628,0.00013733,0.0622807,0.00462566,0.21313,0,0.7079,0.0111968,4255,-1.0955500466224482E-05,-1.0981555658148985E-05,0.306375571791343,6873.66,8707.86,181515,1.10727E+06,0,0,0,3.535
521000,971.3463374323321,4862,3,5512,650,5250,BlackHole,800033,8.40193E-05,242,1240,544,2259,2952,1628,0.00013733,0.0623221,0.00462566,0.21313,0,0.707859,0.0111968,4254,-1.1030358631729934E-05,-1.1056413823654437E-05,0.306375571791343,6864.84,8609.88,181507,1.10844E+06,0,0,0,3.495
522000,973.2103823250593,4862,3,5512,650,5250,BlackHole,800033,8.40193E-05,242,1240,544,2259,2952,1628,0.00013733,0.0623221,0.00462566,0.21313,0,0.707859,0.0111968,4254,-1.1017674324587071E-05,-1.1043729516511574E-05,0.306375571791343,6869.25,8676.38,181393,1.10848E+06,0,0,0,3.475
523000,975.0744272177865,4862,3,5512,650,5250,BlackHole,800033,8.40193E-05,242,1240,544,2259,2952,1628,0.00013733,0.0623221,0.00462566,0.21313,0,0.707859,0.0111968,4254,-1.100131441148177E-05,-1.1027369603406272E-05,0.306375571791343,6892.31,8763.56,181693,1.10853E+06,0,0,0,3.493
524000,976.9384721105137,4859,3,5512,653,5250,BlackHole,800033,8.40193E-05,242,1240,544,2262,2952,1631,0.00013733,0.0623221,0.00462566,0.213456,0,0.707533,0.0111968,4251,-1.0990463408511115E-05,-1.1016518600435618E-05,0.306375571791343,6939.42,8483.18,181524,1.10737E+06,0,0,0,3.502
525000,978.8025170032408,4858,3,5512,654,5250,BlackHole,800033,8.40193E-05,242,1240,544,2263,2952,1632,0.00013733,0.0623221,0.00462566,0.214001,0,0.706989,0.0111968,4250,-1.098162288955847E-05,-1.1007678081482973E-05,0.306375571791343,6815.66,8733.38,181522,1.10841E+06,0,0,0,3.545
526000,980.666561895968,4857,3,5512,655,5250,BlackHole,800033,8.40193E-05,242,1240,544,2264,2952,1633,0.00013733,0.0623221,0.00462566,0.214109,0,0.70688,0.0111968,4249,-1.097761517284165E-05,-1.1003670364766152E-05,0.306375571791343,6945.02,8676.28,181427,1.10747E+06,0,0,0,3.559
527000,982.5306067886952,4857,3,5512,655,5250,BlackHole,800033,8.40193E-05,242,1240,544,2264,2952,1633,0.00013733,0.0623221,0.00462566,0.214109,0,0.70688,0.0111968,4248,-1.0974420952249238E-05,-1.100047614417374E-05,0.306375571791343,6591.21,8543.25,181418,1.10731E+06,0,0,0,3.564
528000,984.3946516814224,4856,3,5512,656,5250,BlackHole,800033,8.40193E-05,242,1240,544,2265,2952,1634,0.00013733,0.0623221,0.00462566,0.214113,0,0.706876,0.0111968,4248,-1.0970562146052404E-05,-1.0996617337976907E-05,0.306375571791343,6940.52,8671.18,181220,1.10735E+06,0,0,0,3.450
529000,986.2586965741496,4855,3,5512,657,5250,BlackHole,800033,8.40193E-05,242,1241,544,2265,2952,1634,0.00013733,0.0623531,0.00462566,0.214113,0,0.706845,0.0111968,4247,-1.096533538874821E-05,-1.0991390580672712E-05,0.306375571791343,6875.52,9065,181449,1.10738E+06,0,0,0,3.481
530000,988.1227414668767,4854,3,5512,658,5250,BlackHole,800033,8.40193E-05,242,1242,544,2265,2952,1634,0.00013733,0.0623549,0.00462566,0.214113,0,0.706843,0.0111968,4246,-1.0956445316870128E-05,-1.0982500508794631E-05,0.306375571791343,6899.89,8847.52,181427,1.10704E+06,0,0,0,3.445
531000,989.9867863596039,4852,3,5512,660,5250,BlackHole,800033,8.40193E-05,242,1242,544,2267,2952,1636,0.00013733,0.0623549,0.00462566,0.214646,0,0.706311,0.0111968,4244,-1.0936605482044612E-05,-1.0962660673969115E-05,0.306375571791343,6886.55,8722.51,181421,1.10664E+06,0,0,0,3.476
532000,991.8508312523311,4849,3,5512,663,5250,BlackHole,800033,8.40193E-05,242,1244,544,2268,2952,1637,0.00013733,0.0623723,0.00462566,0.214667,0,0.706272,0.0111968,4241,-1.0924776805829399E-05,-1.0950831997753902E-05,0.306375571791343,6835.41,8434.12,181412,1.10645E+06,0,0,0,3.479
533000,993.7148761450583,4849,3,5512,663,5250,BlackHole,800033,8.40193E-05,242,1244,544,2268,2952,1637,0.00013733,0.0623723,0.00462566,0.214667,0,0.706272,0.0111968,4241,-1.1003454803868937E-05,-1.102950999579344E-05,0.306375571791343,6905.27,8615.22,181382,1.10642E+06,0,0,0,3.435
534000,995.5789210377854,4849,3,5512,663,5250,BlackHole,800033,8.40193E-05,242,1244,544,2268,2952,1637,0.00013733,0.0623723,0.00462566,0.214667,0,0.706272,0.0111968,4240,-1.1014960600615827E-05,-1.104101579254033E-05,0.306375571791343,7035.6,8771.15,181523,1.10637E+06,0,0,0,3.418
535000,997.4429659305126,4912,3,5512,600,5250,BlackHole,800033,8.40193E-05,242,1244,544,2269,3016,1637,0.00013733,0.0623723,0.00462566,0.214667,0,0.706272,0.0111968,4240,-1.0995993906183374E-05,-1.1022049098107877E-05,0.306375571791343,6919.64,8764.25,181429,1.10641E+06,0,0,0,3.525
536000,999.3070108232398,4911,3,5512,601,5250,BlackHole,800033,8.40193E-05,242,1244,544,2270,3016,1638,0.00013733,0.0623723,0.00462566,0.21488,0,0.706059,0.0111968,4303,-1.0983947483985538E-05,-1.101000267591004E-05,0.306375571791343,6902.82,8788.81,182192,1.11974E+06,0,0,0,3.446
537000,1001.171055715967,4911,3,5512,601,5250,BlackHole,800033,8.40193E-05,242,1244,544,2270,3016,1638,0.00013733,0.0623723,0.00462566,0.21488,0,0.706059,0.0111968,4303,-1.0977540615274647E-05,-1.100359580719915E-05,0.306375571791343,6815.74,8762.04,182183,1.11983E+06,0,0,0,3.483
538000,1003.0351006086942,4911,3,5512,601,5250,BlackHole,800033,8.40193E-05,242,1244,544,2270,3016,1638,0.00013733,0.0623723,0.00462566,0.21488,0,0.706059,0.0111968,4303,-1.097373977584081E-05,-1.0999794967765313E-05,0.306375571791343,6573.77,8719.29,182072,1.12004E+06,0,0,0,3.455
539000,1004.8991455014213,4910,3,5512,602,5250,BlackHole,800033,8.40193E-05,242,1244,544,2271,3016,1639,0.00013733,0.0623723,0.00462566,0.214885,0,0.706053,0.0111968,4302,-1.0970984323120545E-05,-1.0997039515045048E-05,0.306375571791343,6928.11,8918.41,182137,1.12055E+06,0,0,0,3.485
540000,1006.7631903941485,4908,3,5512,604,5250,BlackHole,800033,8.40193E-05,242,1245,544,2272,3016,1640,0.00013733,0.0624267,0.00462566,0.215061,0,0.705823,0.0111968,4300,-1.0965680219141646E-05,-1.0991735411066149E-05,0.306375571791343,6982.31,8469.23,182152,1.12049E+06,0,0,0,3.515
541000,1008.6272352868757,4908,3,5512,604,5250,BlackHole,800033,8.40193E-05,242,1245,544,2272,3016,1640,0.00013733,0.0624267,0.00462566,0.215061,0,0.705823,0.0111968,4300,-1.0961504463145648E-05,-1.098755965507015E-05,0.306375571791343,6870.44,8740.83,182146,1.12049E+06,0,0,0,3.470
542000,1010.4912801796029,4907,3,5512,605,5250,BlackHole,800033,8.40193E-05,242,1245,544,2273,3016,1641,0.00013733,0.0624267,0.00462566,0.215448,0,0.705437,0.0111968,4299,-1.0952671124226191E-05,-1.0978726316150694E-05,0.306375571791343,6795.15,8760.23,182075,1.11929E+06,0,0,0,3.446
543000,1012.3553250723301,4906,3,5512,606,5250,BlackHole,800033,8.40193E-05,242,1245,544,2274,3016,1642,0.00013733,0.0624267,0.00462566,0.215882,0,0.705003,0.0111968,4298,-1.0936454428123406E-05,-1.096250962004791E-05,0.306375571791343,6896.4,8460.96,182153,1.11937E+06,0,0,0,3.449
544000,1014.2193699650572,4905,3,5512,607,5250,BlackHole,800033,8.40193E-05,242,1245,544,2275,3016,1643,0.00013733,0.0624267,0.00462566,0.216409,0,0.704476,0.0111968,4297,-1.0913461823495192E-05,-1.0939517015419695E-05,0.306375571791343,6869.08,8861.43,182117,1.11961E+06,0,0,0,3.437
545000,1016.0834148577844,4904,3,5512,608,5250,BlackHole,800033,8.40193E-05,242,1245,544,2276,3016,1644,0.00013733,0.0624267,0.00462566,0.216412,0,0.704472,0.0111968,4296,-1.0956473509928492E-05,-1.0982528701852994E-05,0.306375571791343,6929.34,8605.58,182094,1.12002E+06,0,0,0,3.443
546000,1017.9474597505116,4904,3,5512,608,5250,BlackHole,800033,8.40193E-05,242,1245,544,2276,3016,1644,0.00013733,0.0624267,0.00462566,0.216412,0,0.704472,0.0111968,4296,-1.1009848599790292E-05,-1.1035903791714795E-05,0.306375571791343,6972.03,8611.94,182113,1.11998E+06,0,0,0,3.448
547000,1019.8115046432388,4904,3,5512,608,5250,BlackHole,800033,8.40193E-05,242,1245,544,2276,3016,1644,0.00013733,0.0624267,0.00462566,0.216412,0,0.704472,0.0111968,4296,-1.0991768363846676E-05,-1.101782355577118E-05,0.306375571791343,6773.63,8737.35,182147,1.11996E+06,0,0,0,3.418
548000,1021.675549535966,4904,3,5512,608,5250,BlackHole,800033,8.40193E-05,242,1245,544,2276,3016,1644,0.00013733,0.0624267,0.00462566,0.216412,0,0.704472,0.0111968,4296,-1.0977596143458635E-05,-1.1003651335383138E-05,0.306375571791343,6982.97,8622.02,182134,1.11964E+06,0,0,0,3.441
549000,1023.5395944286931,4904,3,5512,608,5250,BlackHole,800033,8.40193E-05,242,1245,544,2276,3016,1644,0.00013733,0.0624267,0.00462566,0.216412,0,0.704472,0.0111968,4296,-1.0969569546971664E-05,-1.0995624738896167E-05,0.306375571791343,6618.2,8428.58,182126,1.11963E+06,0,0,0,3.496
550000,1025.4036393214203,4904,3,5512,608,5250,BlackHole,800033,8.40193E-05,242,1245,544,2276,3016,1644,0.00013733,0.0624267,0.00462566,0.216412,0,0.704472,0.0111968,4296,-1.0965541103354422E-05,-1.0991596295278925E-05,0.306375571791343,6887.15,8608.82,182120,1.11968E+06,0,0,0,3.472
551000,1027.2676842141475,4903,3,5512,609,5250,BlackHole,800033,8.40193E-05,242,1245,544,2277,3016,1645,0.00013733,0.0624267,0.00462566,0.216932,0,0.703952,0.0111968,4295,-1.0958193966070982E-05,-1.0984249157995485E-05,0.306375571791343,6876.65,8779.49,181998,1.11932E+06,0,0,0,3.510
552000,1029.1317291068747,4902,3,5512,610,5250,BlackHole,800033,8.40193E-05,242,1246,544,2277,3016,1645,0.00013733,0.0624303,0.00462566,0.216932,0,0.703948,0.0111968,4294,-1.0954366449559752E-05,-1.0980421641484255E-05,0.306375571791343,6752.86,8497.12,182105,1.1192E+06,0,0,0,3.522
553000,1030.9957739996019,4901,3,5512,611,5250,BlackHole,800033,8.40193E-05,242,1247,544,2277,3016,1645,0.00013733,0.0626043,0.00462566,0.216932,0,0.703774,0.0111968,4293,-1.0947887312997529E-05,-1.0973942504922032E-05,0.306375571791343,6881.76,8826.28,182090,1.11924E+06,0,0,0,3.501
554000,1032.859818892329,4898,3,5512,614,5250,BlackHole,800033,8.40193E-05,242,1247,544,2280,3016,1648,0.00013733,0.0626043,0.00462566,0.217748,0,0.702959,0.0111968,4290,-1.093685655741604E-05,-1.0962911749340543E-05,0.306375571791343,6872.66,8805.33,182085,1.11927E+06,0,0,0,3.533
555000,1034.7238637850562,4898,3,5512,614,5250,BlackHole,800033,8.40193E-05,242,1247,544,2280,3016,1648,0.00013733,0.0626043,0.00462566,0.217748,0,0.702959,0.0111968,4290,-1.092575968637333E-05,-1.0951814878297834E-05,0.306375571791343,6869.1,9019.28,182097,1.11954E+06,0,0,0,3.533
556000,1036.5879086777834,4898,3,5512,614,5250,BlackHole,800033,8.40193E-05,242,1247,544,2280,3016,1648,0.00013733,0.0626043,0.00462566,0.217748,0,0.702959,0.0111968,4290,-1.090701092906019E-05,-1.0933066120984693E-05,0.306375571791343,6879.33,8726.51,182116,1.1195E+06,0,0,0,3.518
557000,1038.4519535705106,4898,3,5512,614,5250,BlackHole,800033,8.40193E-05,242,1247,544,2280,3016,1648,0.00013733,0.0626043,0.00462566,0.217748,0,0.702959,0.0111968,4290,-1.0910520098908283E-05,-1.0936575290832785E-05,0.306375571791343,6734.37,8695.58,182064,1.11993E+06,0,0,0,3.507
558000,1040.3159984632377,4897,3,5512,615,5250,BlackHole,800033,8.40193E-05,242,1247,544,2281,3016,1649,0.00013733,0.0626043,0.00462566,0.217754,0,0.702953,0.0111968,4288,-1.0993086330303505E-05,-1.1019141522228007E-05,0.306375571791343,6884.44,9195.42,182068,1.11966E+06,0,0,0,3.467
559000,1042.180043355965,4897,3,5512,615,5250,BlackHole,800033,8.40193E-05,242,1247,544,2281,3016,1649,0.00013733,0.0626043,0.00462566,0.217754,0,0.702953,0.0111968,4289,-1.0986312491818838E-05,-1.1012367683743341E-05,0.306375571791343,6988.35,9008.05,182053,1.1197E+06,0,0,0,3.460
560000,1044.044088248692,4896,3,5512,616,5250,BlackHole,800033,8.40193E-05,242,1247,544,2282,3016,1650,0.00013733,0.0626043,0.00462566,0.218361,0,0.702346,0.0111968,4288,-1.0966288672708843E-05,-1.0992343864633346E-05,0.306375571791343,6673.09,8622.58,182048,1.11958E+06,0,0,0,3.462
561000,1045.9081331414193,4896,3,5512,616,5250,BlackHole,800033,8.40193E-05,242,1247,544,2282,3016,1650,0.00013733,0.0626043,0.00462566,0.218361,0,0.702346,0.0111968,4288,-1.0957425259355693E-05,-1.0983480451280195E-05,0.306375571791343,6869.05,8905.05,182044,1.11964E+06,0,0,0,3.408
562000,1047.7721780341465,4896,3,5512,616,5250,BlackHole,800033,8.40193E-05,242,1247,544,2282,3016,1650,0.00013733,0.0626043,0.00462566,0.218361,0,0.702346,0.0111968,4288,-1.0952166009629062E-05,-1.0978221201553565E-05,0.306375571791343,6718.09,8582.9,182079,1.11965E+06,0,0,0,3.431
563000,1049.6362229268736,4896,3,5512,616,5250,BlackHole,800033,8.40193E-05,242,1247,544,2282,3016,1650,0.00013733,0.0626043,0.00462566,0.218361,0,0.702346,0.0111968,4288,-1.0948251856533036E-05,-1.0974307048457539E-05,0.306375571791343,7086.32,8708.84,182018,1.11969E+06,0,0,0,3.472
564000,1051.5002678196008,4894,3,5512,618,5250,BlackHole,800033,8.40193E-05,242,1247,544,2284,3016,1652,0.00013733,0.0626043,0.00462566,0.218439,0,0.702268,0.0111968,4286,-1.094431777975562E-05,-1.0970372971680123E-05,0.306375571791343,6919.57,8580.11,182014,1.11971E+06,0,0,0,3.474
565000,1053.364312712328,4894,3,5512,618,5250,BlackHole,800033,8.40193E-05,242,1247,544,2284,3016,1652,0.00013733,0.0626043,0.00462566,0.218439,0,0.702268,0.0111968,4286,-1.094103434150973E-05,-1.0967089533434234E-05,0.306375571791343,6900.35,8925.92,182038,1.11975E+06,0,0,0,3.414
566000,1055.2283576050552,4894,3,5512,618,5250,BlackHole,800033,8.40193E-05,242,1247,544,2284,3016,1652,0.00013733,0.0626043,0.00462566,0.218439,0,0.702268,0.0111968,4286,-1.093586408701542E-05,-1.0961919278939923E-05,0.306375571791343,6910.75,8671.26,182037,1.11963E+06,0,0,0,3.453
567000,1057.0924024977824,4892,3,5512,620,5250,BlackHole,800033,8.40193E-05,242,1248,544,2285,3016,1653,0.00013733,0.0626082,0.00462566,0.218452,0,0.702251,0.0111968,4284,-1.0927619266780574E-05,-1.0953674458705077E-05,0.306375571791343,6703.66,8585.92,182035,1.11934E+06,0,0,0,3.483
568000,1058.9564473905095,4892,3,5512,620,5250,BlackHole,800033,8.40193E-05,242,1248,544,2285,3016,1653,0.00013733,0.0626082,0.00462566,0.218452,0,0.702251,0.0111968,4284,-1.0912423548714049E-05,-1.0938478740638552E-05,0.306375571791343,6886.97,8815.65,182032,1.11921E+06,0,0,0,3.460
569000,1060.8204922832367,4891,3,5512,621,5250,BlackHole,800033,8.40193E-05,242,1249,544,2285,3016,1653,0.00013733,0.0626082,0.00462566,0.218452,0,0.702251,0.0111968,4282,-1.0895616910898442E-05,-1.0921672102822945E-05,0.306375571791343,6897.55,8625.53,182009,1.11957E+06,0,0,0,3.424
570000,1062.684537175964,4890,3,5512,622,5250,BlackHole,800033,8.40193E-05,242,1249,544,2286,3016,1654,0.00013733,0.0626082,0.00462566,0.218489,0,0.702214,0.0111968,4282,-1.0964562653891869E-05,-1.0990617845816372E-05,0.306375571791343,6886.43,8503.33,182029,1.11964E+06,0,0,0,3.428
571000,1064.548582068691,4888,3,5512,624,5250,BlackHole,800033,8.40193E-05,242,1250,544,2287,3016,1655,0.00013733,0.0627127,0.00462566,0.219021,0,0.701577,0.0111968,4280,-1.0988042385420098E-05,-1.1014097577344601E-05,0.306375571791343,6769.18,8696.9,182067,1.11824E+06,0,0,0,3.488
572000,1066.4126269614183,4887,3,5512,625,5250,BlackHole,800033,8.40193E-05,242,1250,544,2288,3016,1656,0.00013733,0.0627127,0.00462566,0.219026,0,0.701573,0.0111968,4279,-1.0968316307227552E-05,-1.0994371499152055E-05,0.306375571791343,6690.27,8678.6,181955,1.11808E+06,0,0,0,3.477
573000,1068.2766718541454,4886,3,5512,626,5250,BlackHole,800033,8.40193E-05,242,1250,544,2289,3016,1657,0.00013733,0.0627127,0.00462566,0.219356,0,0.701242,0.0111968,4278,-1.095144714338377E-05,-1.0977502335308273E-05,0.306375571791343,6655.74,8797.73,181835,1.11824E+06,0,0,0,3.475
574000,1070.1407167468726,4886,3,5512,626,5250,BlackHole,800033,8.40193E-05,242,1250,544,2289,3016,1657,0.00013733,0.0627127,0.00462566,0.219356,0,0.701242,0.0111968,4278,-1.0945091047817609E-05,-1.0971146239742111E-05,0.306375571791343,6879.33,8743.22,181982,1.11824E+06,0,0,0,3.428
575000,1072.0047616395998,4884,3,5512,628,5250,BlackHole,800033,8.40193E-05,242,1251,544,2290,3016,1658,0.00013733,0.0627255,0.00462566,0.21936,0,0.701226,0.0111968,4276,-1.0941232275436372E-05,-1.0967287467360875E-05,0.306375571791343,7012.27,8588.56,181958,1.11806E+06,0,0,0,3.512
576000,1073.868806532327,4883,3,5512,629,5250,BlackHole,800033,8.40193E-05,242,1251,544,2291,3016,1659,0.00013733,0.0627255,0.00462566,0.220112,0,0.700473,0.0111968,4275,-1.0933863332095585E-05,-1.0959918524020088E-05,0.306375571791343,6961.77,8960.14,182064,1.11817E+06,0,0,0,3.453
577000,1075.7328514250542,4881,3,5512,631,5250,BlackHole,800033,8.40193E-05,242,1251,544,2293,3016,1661,0.00013733,0.0627255,0.00462566,0.220318,0,0.700267,0.0111968,4273,-1.0929449004234699E-05,-1.0955504196159201E-05,0.306375571791343,6677.79,8815.36,181969,1.11798E+06,0,0,0,3.445
578000,1077.5968963177813,4881,3,5512,631,5250,BlackHole,800033,8.40193E-05,242,1251,544,2293,3016,1661,0.00013733,0.0627255,0.00462566,0.220318,0,0.700267,0.0111968,4273,-1.092561724599934E-05,-1.0951672437923842E-05,0.306375571791343,6995.6,8351.88,182050,1.11802E+06,0,0,0,3.473
579000,1079.4609412105085,4880,3,5512,632,5250,BlackHole,800033,8.40193E-05,242,1252,544,2293,3016,1661,0.00013733,0.0627325,0.00462566,0.220318,0,0.70026,0.0111968,4272,-1.0918571845892238E-05,-1.094462703781674E-05,0.306375571791343,6883.18,8729.2,182037,1.11815E+06,0,0,0,3.490
580000,1081.3249861032357,4879,3,5512,633,5250,BlackHole,800033,8.40193E-05,242,1252,544,2294,3016,1662,0.00013733,0.0627325,0.00462566,0.220694,0,0.699884,0.0111968,4271,-1.0900934698748668E-05,-1.0926989890673171E-05,0.306375571791343,6897.64,8681.82,182042,1.11816E+06,0,0,0,3.426
581000,1083.1890309959629,4879,3,5512,633,5250,BlackHole,800033,8.40193E-05,242,1252,544,2294,3016,1662,0.00013733,0.0627325,0.00462566,0.220694,0,0.699884,0.0111968,4271,-1.0880795412397498E-05,-1.0906850604322001E-05,0.306375571791343,6947.75,8625.65,181878,1.11824E+06,0,0,0,3.483
582000,1085.05307588869,4879,3,5512,633,5250,BlackHole,800033,8.40193E-05,242,1252,544,2294,3016,1662,0.00013733,0.0627325,0.00462566,0.220694,0,0.699884,0.0111968,4271,-1.0907264534645473E-05,-1.0933319726569976E-05,0.306375571791343,6666.14,8712.52,182040,1.11808E+06,0,0,0,3.421
583000,1086.9171207814172,4879,3,5512,633,5250,BlackHole,800033,8.40193E-05,242,1252,544,2294,3016,1662,0.00013733,0.0627325,0.00462566,0.220694,0,0.699884,0.0111968,4271,-1.0975275011007432E-05,-1.1001330202931935E-05,0.306375571791343,6914.17,8574.76,182039,1.11827E+06,0,0,0,3.474
584000,1088.7811656741444,4879,3,5512,633,5250,BlackHole,800033,8.40193E-05,242,1252,544,2294,3016,1662,0.00013733,0.0627325,0.00462566,0.220694,0,0.699884,0.0111968,4271,-1.0959376000172705E-05,-1.0985431192097208E-05,0.306375571791343,6564.57,8639.56,181983,1.11815E+06,0,0,0,3.496
585000,1090.6452105668716,4877,3,5512,635,5250,BlackHole,800033,8.40193E-05,242,1253,544,2295,3016,1663,0.00013733,0.0627365,0.00462566,0.221236,0,0.699338,0.0111968,4269,-1.0940864176880541E-05,-1.0966919368805044E-05,0.306375571791343,7004.19,9026.26,181908,1.11811E+06,0,0,0,3.471
586000,1092.5092554595988,4876,3,5512,636,5250,BlackHole,800033,8.40193E-05,242,1253,544,2296,3016,1664,0.00013733,0.0627365,0.00462566,0.222015,0,0.698559,0.0111968,4268,-1.0930054422973935E-05,-1.0956109614898438E-05,0.306375571791343,6875.28,8838.63,181817,1.11821E+06,0,0,0,3.406
587000,1094.373300352326,4876,3,5512,636,5250,BlackHole,800033,8.40193E-05,242,1253,544,2296,3016,1664,0.00013733,0.0627365,0.00462566,0.222015,0,0.698559,0.0111968,4268,-1.0925377374377473E-05,-1.0951432566301975E-05,0.306375571791343,6655.76,8669.08,181793,1.11826E+06,0,0,0,3.465
588000,1096.2373452450531,4876,3,5512,636,5250,BlackHole,800033,8.40193E-05,242,1253,544,2296,3016,1664,0.00013733,0.0627365,0.00462566,0.222015,0,0.698559,0.0111968,4268,-1.0921439351060578E-05,-1.094749454298508E-05,0.306375571791343,6906.47,8585.6,181919,1.1189E+06,0,0,0,3.477
589000,1098.1013901377803,4875,3,5512,637,5250,BlackHole,800033,8.40193E-05,242,1253,544,2297,3016,1665,0.00013733,0.0627365,0.00462566,0.222646,0,0.697929,0.0111968,4267,-1.090941318030155E-05,-1.0935468372226053E-05,0.306375571791343,6943.51,8475.85,181967,1.11898E+06,0,0,0,3.456
590000,1099.9654350305075,4875,3,5512,637,5250,BlackHole,800033,8.40193E-05,242,1253,544,2297,3016,1665,0.00013733,0.0627365,0.00462566,0.222646,0,0.697929,0.0111968,4267,-1.0906496918865445E-05,-1.0932552110789947E-05,0.306375571791343,6883.77,8693.96,181881,1.1192E+06,0,0,0,3.417
591000,1101.8294799232347,4875,3,5512,637,5250,BlackHole,800033,8.40193E-05,242,1253,544,2297,3016,1665,0.00013733,0.0627365,0.00462566,0.222646,0,0.697929,0.0111968,4267,-1.0900671109846266E-05,-1.0926726301770769E-05,0.306375571791343,6920.62,8919.28,181870,1.1194E+06,0,0,0,3.357
592000,1103.6935248159618,4873,3,5512,639,5250,BlackHole,800033,8.40193E-05,242,1255,544,2297,3016,1665,0.00013733,0.0634735,0.00462566,0.222646,0,0.697192,0.0111968,4265,-1.0878452746346706E-05,-1.0904507938271209E-05,0.306375571791343,6646.24,8695.25,181863,1.11941E+06,0,0,0,3.433
593000,1105.557569708689,4871,3,5512,641,5250,BlackHole,800033,8.40193E-05,242,1255,544,2299,3016,1667,0.00013733,0.0634735,0.00462566,0.222733,0,0.697105,0.0111968,4263,-1.0861176565703566E-05,-1.0887231757628069E-05,0.306375571791343,6893.47,8602.36,181735,1.11946E+06,0,0,0,3.453
594000,1107.4216146014162,4871,3,5512,641,5250,BlackHole,800033,8.40193E-05,242,1255,544,2299,3016,1667,0.00013733,0.0634735,0.00462566,0.222733,0,0.697105,0.0111968,4263,-1.0854328474725669E-05,-1.0880383666650171E-05,0.306375571791343,6945.8,8769.64,181858,1.11941E+06,0,0,0,3.480
595000,1109.2856594941434,4871,3,5512,641,5250,BlackHole,800033,8.40193E-05,242,1255,544,2299,3016,1667,0.00013733,0.0634735,0.00462566,0.222733,0,0.697105,0.0111968,4263,-1.0936239336313407E-05,-1.096229452823791E-05,0.306375571791343,6601.06,8595.64,181881,1.11944E+06,0,0,0,3.465
596000,1111.1497043868706,4870,3,5512,642,5250,BlackHole,800033,8.40193E-05,242,1255,544,2300,3016,1668,0.00013733,0.0634735,0.00462566,0.222737,0,0.697101,0.0111968,4262,-1.0940151771235723E-05,-1.0966206963160226E-05,0.306375571791343,6951.56,8781.69,181841,1.11942E+06,0,0,0,3.378
597000,1113.0137492795977,4870,3,5512,642,5250,BlackHole,800033,8.40193E-05,242,1255,544,2300,3016,1668,0.00013733,0.0634735,0.00462566,0.222737,0,0.697101,0.0111968,4262,-1.0921730715453607E-05,-1.094778590737811E-05,0.306375571791343,6637.73,8759.38,181925,1.11928E+06,0,0,0,3.419
598000,1114.877794172325,4870,3,5512,642,5250,BlackHole,800033,8.40193E-05,242,1255,544,2300,3016,1668,0.00013733,0.0634735,0.00462566,0.222737,0,0.697101,0.0111968,4262,-1.0911638181730842E-05,-1.0937693373655345E-05,0.306375571791343,6934.93,8837.92,181980,1.11936E+06,0,0,0,3.355
599000,1116.741839065052,4868,3,5512,644,5250,BlackHole,800033,8.40193E-05,242,1255,544,2302,3016,1670,0.00013733,0.0634735,0.00462566,0.223152,0,0.696686,0.0111968,4260,-1.0903340665839597E-05,-1.09293958577641E-05,0.306375571791343,6875.29,9091.63,181829,1.11917E+06,0,0,0,3.393
600000,1118.6058839577793,4868,3,5512,644,5250,BlackHole,800033,8.40193E-05,242,1255,544,2302,3016,1670,0.00013733,0.0634735,0.00462566,0.223152,0,0.696686,0.0111968,4260,-1.0899784226887241E-05,-1.0925839418811744E-05,0.306375571791343,6888.21,8608.94,181883,1.11921E+06,0,0,0,3.411
601000,1120.4699288505064,4868,3,5512,644,5250,BlackHole,800033,8.40193E-05,242,1255,544,2302,3016,1670,0.00013733,0.0634735,0.00462566,0.223152,0,0.696686,0.0111968,4260,-1.0896347363237318E-05,-1.092240255516182E-05,0.306375571791343,6995.98,8890.72,181976,1.11926E+06,0,0,0,3.450
602000,1122.3339737432336,4868,3,5512,644,5250,BlackHole,800033,8.40193E-05,242,1255,544,2302,3016,1670,0.00013733,0.0634735,0.00462566,0.223152,0,0.696686,0.0111968,4260,-1.0893122727290045E-05,-1.0919177919214548E-05,0.306375571791343,6629.82,8929.7,181913,1.11936E+06,0,0,0,3.430
603000,1124.1980186359608,4866,3,5512,646,5250,BlackHole,800033,8.40193E-05,242,1255,544,2304,3016,1672,0.00013733,0.0634735,0.00462566,0.223384,0,0.696454,0.0111968,4258,-1.0886920587387192E-05,-1.0912975779311694E-05,0.306375571791343,6902.19,8649.01,181870,1.11947E+06,0,0,0,3.436
604000,1126.062063528688,4866,3,5512,646,5250,BlackHole,800033,8.40193E-05,242,1255,544,2304,3016,1672,0.00013733,0.0634735,0.00462566,0.223384,0,0.696454,0.0111968,4258,-1.0878774619828821E-05,-1.0904829811753324E-05,0.306375571791343,6912.2,8446.34,181854,1.11953E+06,0,0,0,3.415
605000,1127.9261084214152,4866,3,5512,646,5250,BlackHole,800033,8.40193E-05,242,1255,544,2304,3016,1672,0.00013733,0.0634735,0.00462566,0.223384,0,0.696454,0.0111968,4258,-1.0864822886274408E-05,-1.0890878078198911E-05,0.306375571791343,6886.72,8567.58,181684,1.11941E+06,0,0,0,3.366
606000,1129.7901533141423,4866,3,5512,646,5250,BlackHole,800033,8.40193E-05,242,1255,544,2304,3016,1672,0.00013733,0.0634735,0.00462566,0.223384,0,0.696454,0.0111968,4258,-1.0845822119830893E-05,-1.0871877311755396E-05,0.306375571791343,6650.17,8628.89,181831,1.11947E+06,0,0,0,3.383
607000,1131.6541982068695,4864,3,5512,648,5250,BlackHole,800033,8.40193E-05,242,1255,544,2306,3016,1674,0.00013733,0.0634735,0.00462566,0.223571,0,0.696266,0.0111968,4256,-1.0897229966299805E-05,-1.0923285158224308E-05,0.306375571791343,6622.33,8584.59,181849,1.11947E+06,0,0,0,3.441
608000,1133.5182430995967,4864,3,5512,648,5250,BlackHole,800033,8.40193E-05,242,1255,544,2306,3016,1674,0.00013733,0.0634735,0.00462566,0.223571,0,0.696266,0.0111968,4256,-1.0940426005809195E-05,-1.0966481197733698E-05,0.306375571791343,6905.84,8778.45,181845,1.11948E+06,0,0,0,3.348
609000,1135.3822879923239,4863,3,5512,649,5250,BlackHole,800033,8.40193E-05,242,1256,544,2306,3016,1674,0.00013733,0.0640772,0.00462566,0.223571,0,0.695663,0.0111968,4255,-1.0909238418836647E-05,-1.093529361076115E-05,0.306375571791343,6996.98,8572.94,181829,1.11956E+06,0,0,0,3.340
610000,1137.246332885051,4863,3,5512,649,5250,BlackHole,800033,8.40193E-05,242,1256,544,2306,3016,1674,0.00013733,0.0640772,0.00462566,0.223571,0,0.695663,0.0111968,4255,-1.0895893213758132E-05,-1.0921948405682635E-05,0.306375571791343,6895.77,8504.64,181829,1.11965E+06,0,0,0,3.383
611000,1139.1103777777782,4863,3,5512,649,5250,BlackHole,800033,8.40193E-05,242,1256,544,2306,3016,1674,0.00013733,0.0640772,0.00462566,0.223571,0,0.695663,0.0111968,4255,-1.0888900957872059E-05,-1.0914956149796561E-05,0.306375571791343,6941.39,8785.61,181665,1.11961E+06,0,0,0,3.418
612000,1140.9744226705054,4862,3,5512,650,5250,BlackHole,800033,8.40193E-05,242,1256,544,2307,3016,1675,0.00013733,0.0640772,0.00462566,0.223825,0,0.695409,0.0111968,4254,-1.0883324994297642E-05,-1.0909380186222145E-05,0.306375571791343,6614.79,8754.52,181745,1.11966E+06,0,0,0,3.434
613000,1142.8384675632326,4862,3,5512,650,5250,BlackHole,800033,8.40193E-05,242,1256,544,2307,3016,1675,0.00013733,0.0640772,0.00462566,0.223825,0,0.695409,0.0111968,4254,-1.0880336711889828E-05,-1.0906391903814331E-05,0.306375571791343,6935.44,8669.96,181644,1.11963E+06,0,0,0,3.435
614000,1144.7025124559598,4862,3,5512,650,5250,BlackHole,800033,8.40193E-05,242,1256,544,2307,3016,1675,0.00013733,0.0640772,0.00462566,0.223825,0,0.695409,0.0111968,4254,-1.0876452430528431E-05,-1.0902507622452934E-05,0.306375571791343,6869.72,8718.85,181473,1.11967E+06,0,0,0,3.524
615000,1146.566557348687,4861,3,5512,651,5250,BlackHole,800033,8.40193E-05,242,1256,544,2308,3016,1676,0.00013733,0.0640772,0.00462566,0.22455,0,0.694684,0.0111968,4253,-1.0868360443052272E-05,-1.0894415634976775E-05,0.306375571791343,6917.85,8510.21,181812,1.11942E+06,0,0,0,3.413
616000,1148.4306022414141,4859,3,5512,653,5250,BlackHole,800033,8.40193E-05,242,1256,544,2310,3016,1678,0.00013733,0.0640772,0.00462566,0.225219,0,0.694015,0.0111968,4251,-1.0858244018468861E-05,-1.0884299210393364E-05,0.306375571791343,6880.45,8519.34,181849,1.11953E+06,0,0,0,3.393
617000,1150.2946471341413,4859,3,5512,653,5250,BlackHole,800033,8.40193E-05,242,1256,544,2310,3016,1678,0.00013733,0.0640772,0.00462566,0.225219,0,0.694015,0.0111968,4251,-1.0847851807401127E-05,-1.087390699932563E-05,0.306375571791343,6607.05,8575.8,181847,1.11834E+06,0,0,0,3.422
618000,1152.1586920268685,4858,3,5512,654,5250,BlackHole,800033,8.40193E-05,242,1256,544,2311,3016,1679,0.00013733,0.0640772,0.00462566,0.225616,0,0.693618,0.0111968,4250,-1.082476153442697E-05,-1.0850816726351472E-05,0.306375571791343,6868.21,8583.66,181819,1.11857E+06,0,0,0,3.386
619000,1154.0227369195957,4857,3,5512,655,5250,BlackHole,800033,8.40193E-05,242,1256,544,2312,3016,1680,0.00013733,0.0640772,0.00462566,0.22564,0,0.693594,0.0111968,4249,-1.0836952638904049E-05,-1.0863007830828551E-05,0.306375571791343,6767.23,8869,181399,1.11855E+06,0,0,0,3.424
620000,1155.8867818123229,4857,3,5512,655,5250,BlackHole,800033,8.40193E-05,242,1256,544,2312,3016,1680,0.00013733,0.0640772,0.00462566,0.22564,0,0.693594,0.0111968,4249,-1.0915927163936822E-05,-1.0941982355861325E-05,0.306375571791343,6893,8677.38,181112,1.11872E+06,0,0,0,3.447
621000,1157.75082670505,4857,3,5512,655,5250,BlackHole,800033,8.40193E-05,242,1256,544,2312,3016,1680,0.00013733,0.0640772,0.00462566,0.22564,0,0.693594,0.0111968,4249,-1.090429836911161E-05,-1.0930353561036112E-05,0.306375571791343,6972.89,8535.26,181434,1.11852E+06,0,0,0,3.483
622000,1159.6148715977772,4856,3,5512,656,5250,BlackHole,800033,8.40193E-05,242,1256,544,2313,3016,1681,0.00013733,0.0640772,0.00462566,0.226099,0,0.693135,0.0111968,4248,-1.0885279683513311E-05,-1.0911334875437814E-05,0.306375571791343,6598.97,8532.05,181414,1.11966E+06,0,0,0,3.415
623000,1161.4789164905044,4852,3,5512,660,5250,BlackHole,800033,8.40193E-05,242,1257,544,2316,3016,1684,0.00013733,0.0641313,0.00462566,0.226448,0,0.692732,0.0111968,4244,-1.0873405607831521E-05,-1.0899460799756024E-05,0.306375571791343,6878.48,8637.48,181415,1.1198E+06,0,0,0,3.441
624000,1163.3429613832316,4852,3,5512,660,5250,BlackHole,800033,8.40193E-05,242,1257,544,2316,3016,1684,0.00013733,0.0641313,0.00462566,0.226448,0,0.692732,0.0111968,4244,-1.086819129744181E-05,-1.0894246489366313E-05,0.306375571791343,6916.35,8832.56,181409,1.11965E+06,0,0,0,3.471
625000,1165.2070062759587,4852,3,5512,660,5250,BlackHole,800033,8.40193E-05,242,1257,544,2316,3016,1684,0.00013733,0.0641313,0.00462566,0.226448,0,0.692732,0.0111968,4244,-1.0864886219555782E-05,-1.0890941411480284E-05,0.306375571791343,6961.84,8830.05,181370,1.11985E+06,0,0,0,3.504
626000,1167.071051168686,4851,3,5512,661,5250,BlackHole,800033,8.40193E-05,242,1258,544,2316,3016,1684,0.00013733,0.0641352,0.00462566,0.226448,0,0.692728,0.0111968,4243,-1.0861635266098015E-05,-1.0887690458022517E-05,0.306375571791343,6877.79,8607.81,181497,1.12033E+06,0,0,0,3.497
627000,1168.935096061413,4851,3,5512,661,5250,BlackHole,800033,8.40193E-05,242,1258,544,2316,3016,1684,0.00013733,0.0641352,0.00462566,0.226448,0,0.692728,0.0111968,4243,-1.0857947143352966E-05,-1.0884002335277469E-05,0.306375571791343,6591.17,8670.94,181424,1.12037E+06,0,0,0,3.454
628000,1170.7991409541403,4850,3,5512,662,5250,BlackHole,800033,8.40193E-05,242,1258,544,2317,3016,1685,0.00013733,0.0641352,0.00462566,0.226614,0,0.692562,0.0111968,4241,-1.0851630027256528E-05,-1.087768521918103E-05,0.306375571791343,6850.56,8567,181419,1.12023E+06,0,0,0,3.364
629000,1172.6631858468675,4850,3,5512,662,5250,BlackHole,800033,8.40193E-05,242,1258,544,2317,3016,1685,0.00013733,0.0641352,0.00462566,0.226614,0,0.692562,0.0111968,4242,-1.084293134832938E-05,-1.0868986540253882E-05,0.306375571791343,6892.02,8570.17,181386,1.12039E+06,0,0,0,3.431
630000,1174.5272307395946,4849,3,5512,663,5250,BlackHole,800033,8.40193E-05,242,1904,560,2350,3694,1704,0.00013733,0.0643675,0.00462566,0.226695,0,0.692248,0.0111968,4241,-1.0825604826296233E-05,-1.0851660018220736E-05,0.306375571791343,6569.28,8613.33,181376,1.12022E+06,0,0,0,3.447
631000,1176.3912756323218,4849,3,5512,663,5250,BlackHole,800033,8.40193E-05,242,1904,560,2350,3694,1704,0.00013733,0.0643675,0.00462566,0.226695,0,0.692248,0.0111968,4241,-1.0812208383827638E-05,-1.0838263575752141E-05,0.306375571791343,6927.81,8878.67,181486,1.12015E+06,0,0,0,3.410
632000,1178.255320525049,4848,3,5512,664,5250,BlackHole,800033,8.40193E-05,242,1904,560,2351,3694,1705,0.00013733,0.0643675,0.00462566,0.226973,0,0.69197,0.0111968,4240,-1.0886282320460733E-05,-1.0912337512385236E-05,0.306375571791343,6584.09,8504.2,181409,1.12E+06,0,0,0,3.482
633000,1180.1193654177762,4848,3,5512,664,5250,BlackHole,800033,8.40193E-05,242,1904,560,2351,3694,1705,0.00013733,0.0643675,0.00462566,0.226973,0,0.69197,0.0111968,4240,-1.0903199458955803E-05,-1.0929254650880306E-05,0.306375571791343,6953.39,8827.92,181394,1.11998E+06,0,0,0,3.480
634000,1181.9834103105034,4848,3,5512,664,5250,BlackHole,800033,8.40193E-05,242,1904,560,2351,3694,1705,0.00013733,0.0643675,0.00462566,0.226973,0,0.69197,0.0111968,4240,-1.0883656838121463E-05,-1.0909712030045966E-05,0.306375571791343,6870.29,8722.01,181392,1.12012E+06,0,0,0,3.419
635000,1183.8474552032305,4848,3,5512,664,5250,BlackHole,800033,8.40193E-05,242,1904,560,2351,3694,1705,0.00013733,0.0643675,0.00462566,0.226973,0,0.69197,0.0111968,4240,-1.0872591764813953E-05,-1.0898646956738456E-05,0.306375571791343,6880.57,8555.14,181385,1.12025E+06,0,0,0,3.427
636000,1185.7115000959577,4848,3,5512,664,5250,BlackHole,800033,8.40193E-05,242,1904,560,2351,3694,1705,0.00013733,0.0643675,0.00462566,0.226973,0,0.69197,0.0111968,4240,-1.0866474464711681E-05,-1.0892529656636184E-05,0.306375571791343,6880.72,8497.79,181273,1.12007E+06,0,0,0,3.458
637000,1187.575544988685,4848,3,5512,664,5250,BlackHole,800033,8.40193E-05,242,1904,560,2351,3694,1705,0.00013733,0.0643675,0.00462566,0.226973,0,0.69197,0.0111968,4240,-1.0862568462812508E-05,-1.0888623654737011E-05,0.306375571791343,6577.79,8762.75,181404,1.12007E+06,0,0,0,3.455
638000,1189.439589881412,4848,3,5512,664,5250,BlackHole,800033,8.40193E-05,242,1904,560,2351,3694,1705,0.00013733,0.0643675,0.00462566,0.226973,0,0.69197,0.0111968,4240,-1.085915895747921E-05,-1.0885214149403714E-05,0.306375571791343,6864.79,8469.73,181366,1.12018E+06,0,0,0,3.460
639000,1191.3036347741393,4848,3,5512,664,5250,BlackHole,800033,8.40193E-05,242,1904,560,2351,3694,1705,0.00013733,0.0643675,0.00462566,0.226973,0,0.69197,0.0111968,4240,-1.0855953514366966E-05,-1.088200870629147E-05,0.306375571791343,6866.18,8626.16,181360,1.11976E+06,0,0,0,3.377
640000,1193.1676796668664,4848,3,5512,664,5250,BlackHole,800033,8.40193E-05,242,1904,560,2351,3694,1705,0.00013733,0.0643675,0.00462566,0.226973,0,0.69197,0.0111968,4240,-1.0851480513693705E-05,-1.0877535705618208E-05,0.306375571791343,6911.35,8734.22,181355,1.11977E+06,0,0,0,3.411
641000,1195.0317245595936,4847,3,5512,665,5250,BlackHole,800033,8.40193E-05,242,1905,560,2351,3694,1705,0.00013733,0.0644707,0.00462566,0.226973,0,0.691867,0.0111968,4239,-1.0843638974656128E-05,-1.086969416658063E-05,0.306375571791343,6584.52,8656.44,178121,1.1198E+06,0,0,0,3.472
642000,1196.8957694523208,4909,3,5512,603,5250,BlackHole,800033,8.40193E-05,242,1905,560,2353,3758,1706,0.00013733,0.0644707,0.00462566,0.227664,0,0.691177,0.0111968,4237,-1.08272115293137E-05,-1.0853266721238202E-05,0.3063755717920119,6572.23,8805.94,178194,1.11975E+06,0,0,0,3.396
643000,1198.759814345048,4907,3,5512,605,5250,BlackHole,800033,8.40193E-05,242,1906,560,2354,3758,1707,0.00013733,0.0644774,0.00462566,0.227717,0,0.691117,0.0111968,4235,-1.0806506906076558E-05,-1.0832562098001061E-05,0.3063755717920119,6875.04,8524.16,178175,1.11905E+06,0,0,0,3.392
644000,1200.6238592377752,4906,3,5512,606,5250,BlackHole,800033,8.40193E-05,242,1906,560,2355,3758,1708,0.00013733,0.0644774,0.00462566,0.227721,0,0.691113,0.0111968,4234,-1.0843900710538912E-05,-1.0869955902463415E-05,0.3063755717920119,6931.76,8653.24,178122,1.11915E+06,0,0,0,3.424
645000,1202.4879041305023,4906,3,5512,606,5250,BlackHole,800033,8.40193E-05,242,1906,560,2355,3758,1708,0.00013733,0.0644774,0.00462566,0.227721,0,0.691113,0.0111968,4234,-1.0903295780110298E-05,-1.09293509720348E-05,0.3063755717920119,7020.48,8654.51,178176,1.119E+06,0,0,0,3.445
646000,1204.3519490232295,4905,3,5512,607,5250,BlackHole,800033,8.40193E-05,242,1906,560,2356,3758,1709,0.00013733,0.0644774,0.00462566,0.227726,0,0.691108,0.0111968,4233,-1.0885968057927507E-05,-1.091202324985201E-05,0.3063755717920119,6868.04,8467.16,178098,1.11811E+06,0,0,0,3.480
647000,1206.2159939159567,4904,3,5512,608,5250,BlackHole,800033,8.40193E-05,242,1906,560,2357,3758,1710,0.00013733,0.0644774,0.00462566,0.228287,0,0.690547,0.0111968,4232,-1.0868101470539345E-05,-1.0894156662463847E-05,0.3063755717920119,6567.45,8584.25,178118,1.11816E+06,0,0,0,3.395
648000,1208.0800388086839,4904,3,5512,608,5250,BlackHole,800033,8.40193E-05,242,1906,560,2357,3758,1710,0.00013733,0.0644774,0.00462566,0.228287,0,0.690547,0.0111968,4232,-1.0860768624903246E-05,-1.0886823816827749E-05,0.3063755717920119,7010.11,9075.71,178165,1.1184E+06,0,0,0,3.421
649000,1209.944083701411,4904,3,5512,608,5250,BlackHole,800033,8.40193E-05,242,1906,560,2357,3758,1710,0.00013733,0.0644774,0.00462566,0.228287,0,0.690547,0.0111968,4232,-1.0856504418504643E-05,-1.0882559610429146E-05,0.3063755717920119,6980.53,8698.49,178088,1.11895E+06,0,0,0,3.494
650000,1211.8081285941382,4902,3,5512,610,5250,BlackHole,800033,8.40193E-05,242,1906,560,2359,3758,1712,0.00013733,0.0644774,0.00462566,0.228464,0,0.69037,0.0111968,4230,-1.0851695094626478E-05,-1.0877750286550981E-05,0.3063755717920119,6903.36,8592.56,178117,1.11849E+06,0,0,0,3.380
651000,1213.6721734868654,4900,3,5512,612,5250,BlackHole,800033,8.40193E-05,242,1906,560,2361,3758,1714,0.00013733,0.0644774,0.00462566,0.229695,0,0.689139,0.0111968,4228,-1.0835778186831474E-05,-1.0861833378755977E-05,0.3063755717920119,6958.9,8798.83,177921,1.11806E+06,0,0,0,3.443
652000,1215.5362183795926,4900,3,5512,612,5250,BlackHole,800033,8.40193E-05,242,1906,560,2361,3758,1714,0.00013733,0.0644774,0.00462566,0.229695,0,0.689139,0.0111968,4228,-1.0832265341519772E-05,-1.0858320533444274E-05,0.3063755717920119,6564.19,8609.6,177932,1.11799E+06,0,0,0,3.378
653000,1217.4002632723198,4899,3,5512,613,5250,BlackHole,800033,8.40193E-05,242,1907,560,2361,3758,1714,0.00013733,0.0644811,0.00462566,0.229695,0,0.689135,0.0111968,4227,-1.082666382762499E-05,-1.0852719019549492E-05,0.3063755717920119,6876.65,8632.24,177963,1.11801E+06,0,0,0,3.335
654000,1219.264308165047,4899,3,5512,613,5250,BlackHole,800033,8.40193E-05,242,1907,560,2361,3758,1714,0.00013733,0.0644811,0.00462566,0.229695,0,0.689135,0.0111968,4227,-1.0816622922165101E-05,-1.0842678114089604E-05,0.3063755717920119,6884.5,9194.07,178095,1.11807E+06,0,0,0,3.467
655000,1221.1283530577741,4899,3,5512,613,5250,BlackHole,800033,8.40193E-05,242,1907,560,2361,3758,1714,0.00013733,0.0644811,0.00462566,0.229695,0,0.689135,0.0111968,4227,-1.079776651034537E-05,-1.0823821702269872E-05,0.3063755717920119,6884.75,8775.38,177741,1.11791E+06,0,0,0,3.463
656000,1222.9923979505013,4896,3,5512,616,5250,BlackHole,800033,8.40193E-05,242,1908,560,2363,3758,1716,0.00013733,0.0644851,0.00462566,0.230498,0,0.688328,0.0111968,4224,-1.079244901460933E-05,-1.0818504206533833E-05,0.3063755717920119,6906.79,8594.99,177752,1.11726E+06,0,0,0,3.480
657000,1224.8564428432285,4895,3,5512,617,5250,BlackHole,800033,8.40193E-05,242,1908,560,2364,3758,1717,0.00013733,0.0644851,0.00462566,0.23052,0,0.688306,0.0111968,4223,-1.0875230860206921E-05,-1.0901286052131424E-05,0.3063755717920119,6563.86,8744.08,177859,1.11712E+06,0,0,0,3.402
658000,1226.7204877359557,4895,3,5512,617,5250,BlackHole,800033,8.40193E-05,242,1908,560,2364,3758,1717,0.00013733,0.0644851,0.00462566,0.23052,0,0.688306,0.0111968,4223,-1.0872295310295132E-05,-1.0898350502219635E-05,0.3063755717920119,6923,8756.15,177887,1.11705E+06,0,0,0,3.467
659000,1228.5845326286828,4894,3,5512,618,5250,BlackHole,800033,8.40193E-05,242,1909,560,2364,3758,1717,0.00013733,0.0645364,0.00462566,0.23052,0,0.688255,0.0111968,4222,-1.0853847970213237E-05,-1.087990316213774E-05,0.3063755717920119,6884.7,8525.46,177899,1.11708E+06,0,0,0,3.500
660000,1230.44857752141,4893,3,5512,619,5250,BlackHole,800033,8.40193E-05,242,1910,560,2364,3758,1717,0.00013733,0.064911,0.00462566,0.23052,0,0.68788,0.0111968,4221,-1.0833012401382893E-05,-1.0859067593307396E-05,0.3063755717920119,6869.71,8757.4,177905,1.11701E+06,0,0,0,3.506
661000,1232.3126224141372,4893,3,5512,619,5250,BlackHole,800033,8.40193E-05,242,1910,560,2364,3758,1717,0.00013733,0.064911,0.00462566,0.23052,0,0.68788,0.0111968,4221,-1.0827112731874437E-05,-1.085316792379894E-05,0.3063755717920119,6941.89,8692.4,177910,1.11691E+06,0,0,0,3.489
662000,1234.1766673068644,4893,3,5512,619,5250,BlackHole,800033,8.40193E-05,242,1910,560,2364,3758,1717,0.00013733,0.064911,0.00462566,0.23052,0,0.68788,0.0111968,4221,-1.082341547406875E-05,-1.0849470665993253E-05,0.3063755717920119,6567.7,8546.03,177916,1.11713E+06,0,0,0,3.506
663000,1236.0407121995916,4893,3,5512,619,5250,BlackHole,800033,8.40193E-05,242,1910,560,2364,3758,1717,0.00013733,0.064911,0.00462566,0.23052,0,0.68788,0.0111968,4221,-1.0820353249375067E-05,-1.084640844129957E-05,0.3063755717920119,6695.31,8799.12,177928,1.117E+06,0,0,0,3.493
664000,1237.9047570923187,4893,3,5512,619,5250,BlackHole,800033,8.40193E-05,242,1910,560,2364,3758,1717,0.00013733,0.064911,0.00462566,0.23052,0,0.68788,0.0111968,4221,-1.0816845064249683E-05,-1.0842900256174186E-05,0.3063755717920119,6987.19,8738.16,177953,1.11707E+06,0,0,0,3.450
665000,1239.768801985046,4892,3,5512,620,5250,BlackHole,800033,8.40193E-05,242,1910,560,2365,3758,1718,0.00013733,0.064911,0.00462566,0.230641,0,0.687759,0.0111968,4220,-1.0811425221775097E-05,-1.08374804136996E-05,0.3063755717920119,6896.71,9138.1,178045,1.1171E+06,0,0,0,3.415
666000,1241.632846877773,4892,3,5512,620,5250,BlackHole,800033,8.40193E-05,242,1910,560,2365,3758,1718,0.00013733,0.064911,0.00462566,0.230641,0,0.687759,0.0111968,4220,-1.0803986329113514E-05,-1.0830041521038016E-05,0.3063755717920119,6888.95,8654.14,178116,1.11715E+06,0,0,0,3.466
667000,1243.4968917705003,4890,3,5512,622,5250,BlackHole,800033,8.40193E-05,242,1912,560,2365,3758,1718,0.00013733,0.0657072,0.00462566,0.230641,0,0.686963,0.0111968,4218,-1.077679879485154E-05,-1.0802853986776042E-05,0.3063755717920119,6576.52,8518.91,176001,1.11766E+06,0,0,0,3.394
668000,1245.3609366632274,4890,3,5512,622,5250,BlackHole,800033,8.40193E-05,242,1912,560,2365,3758,1718,0.00013733,0.0657072,0.00462566,0.230641,0,0.686963,0.0111968,4218,-1.0759435445655873E-05,-1.0785490637580376E-05,0.3063755717920119,6970.49,9149.42,175991,1.11766E+06,0,0,0,3.399
669000,1247.2249815559546,4890,3,5512,622,5250,BlackHole,800033,8.40193E-05,242,1912,560,2365,3758,1718,0.00013733,0.0657072,0.00462566,0.230641,0,0.686963,0.0111968,4218,-1.0823631431440088E-05,-1.0849686623364591E-05,0.3063755717920119,6896.93,8748.65,175963,1.11754E+06,0,0,0,3.466
670000,1249.0890264486818,4889,3,5512,623,5250,BlackHole,800033,8.40193E-05,242,1912,560,2366,3758,1719,0.00013733,0.0657072,0.00462566,0.231021,0,0.686583,0.0111968,4216,-1.0853908100820365E-05,-1.0879963292744867E-05,0.3063755717920119,6916.61,8344.02,175544,1.11674E+06,0,0,0,3.400
671000,1250.953071341409,4888,3,5512,624,5250,BlackHole,800033,8.40193E-05,242,1912,560,2367,3758,1720,0.00013733,0.0657072,0.00462566,0.231051,0,0.686553,0.0111968,4215,-1.0834015649801086E-05,-1.0860070841725589E-05,0.3063755717920119,6876.44,8776.37,176053,1.11677E+06,0,0,0,3.409
672000,1252.8171162341362,4886,3,5512,626,5250,BlackHole,800033,8.40193E-05,242,1914,560,2367,3758,1720,0.00013733,0.0658827,0.00462566,0.231051,0,0.686378,0.0111968,4214,-1.0817266967660313E-05,-1.0843322159584816E-05,0.3063755717920119,6591.33,8988.57,176008,1.11786E+06,0,0,0,3.370
673000,1254.6811611268633,4886,3,5512,626,5250,BlackHole,800033,8.40193E-05,242,1914,560,2367,3758,1720,0.00013733,0.0658827,0.00462566,0.231051,0,0.686378,0.0111968,4214,-1.0810234082906573E-05,-1.0836289274831076E-05,0.3063755717920119,6906.43,8420.61,175998,1.11795E+06,0,0,0,3.387
674000,1256.5452060195905,4886,3,5512,626,5250,BlackHole,800033,8.40193E-05,242,1914,560,2367,3758,1720,0.00013733,0.0658827,0.00462566,0.231051,0,0.686378,0.0111968,4214,-1.0806960512267121E-05,-1.0833015704191624E-05,0.3063755717920119,6807.03,8773.45,175986,1.11704E+06,0,0,0,3.478
675000,1258.4092509123177,4886,3,5512,626,5250,BlackHole,800033,8.40193E-05,242,1914,560,2367,3758,1720,0.00013733,0.0658827,0.00462566,0.231051,0,0.686378,0.0111968,4214,-1.0803490364185336E-05,-1.0829545556109839E-05,0.3063755717920119,6869.29,8590.14,175941,1.11677E+06,0,0,0,3.486
676000,1260.2732958050449,4886,3,5512,626,5250,BlackHole,800033,8.40193E-05,242,1914,560,2367,3758,1720,0.00013733,0.0658827,0.00462566,0.231051,0,0.686378,0.0111968,4214,-1.0800058059298171E-05,-1.0826113251222674E-05,0.3063755717920119,6599.78,8693.73,176459,1.11701E+06,0,0,0,3.474
677000,1262.137340697772,4883,3,5512,629,5250,BlackHole,800033,8.40193E-05,242,1916,560,2368,3758,1721,0.00013733,0.066174,0.00462566,0.231073,0,0.686064,0.0111968,4211,-1.0791707226306834E-05,-1.0817762418231336E-05,0.3063755717920119,6614.5,8859.23,176031,1.11681E+06,0,0,0,3.456
678000,1264.0013855904992,4882,3,5512,630,5250,BlackHole,800033,8.40193E-05,242,1916,560,2369,3758,1722,0.00013733,0.066174,0.00462566,0.231077,0,0.68606,0.0111968,4210,-1.0785197371165067E-05,-1.081125256308957E-05,0.3063755717920119,6928.71,8613.18,176003,1.11687E+06,0,0,0,3.441
679000,1265.8654304832264,4882,3,5512,630,5250,BlackHole,800033,8.40193E-05,242,1916,560,2369,3758,1722,0.00013733,0.066174,0.00462566,0.231077,0,0.68606,0.0111968,4210,-1.0773625411371014E-05,-1.0799680603295516E-05,0.3063755717920119,6873.25,8678.9,175993,1.1169E+06,0,0,0,3.507
680000,1267.7294753759536,4880,3,5512,632,5250,BlackHole,800033,8.40193E-05,242,1917,560,2370,3758,1723,0.00013733,0.0662091,0.00462566,0.231095,0,0.686007,0.0111968,4208,-1.075248689906462E-05,-1.0778542090989123E-05,0.3063755717920119,7084.52,8775.2,173070,1.11672E+06,0,0,0,3.370
681000,1269.5935202686808,4878,3,5512,634,5250,BlackHole,800033,8.40193E-05,242,1918,560,2371,3758,1724,0.00013733,0.0662145,0.00462566,0.231169,0,0.685928,0.0111968,4206,-1.0772978072624974E-05,-1.0799033264549477E-05,0.3063755717920119,6918.02,8460.27,172865,1.11683E+06,0,0,0,3.475
682000,1271.457565161408,4878,3,5512,634,5250,BlackHole,800033,8.40193E-05,242,1918,560,2371,3758,1724,0.00013733,0.0662145,0.00462566,0.231169,0,0.685928,0.0111968,4206,-1.0845933033619492E-05,-1.0871988225543995E-05,0.3063755717920119,6648.12,8835.97,172939,1.11695E+06,0,0,0,3.440
683000,1273.3216100541351,4878,3,5512,634,5250,BlackHole,800033,8.40193E-05,242,1918,560,2371,3758,1724,0.00013733,0.0662145,0.00462566,0.231169,0,0.685928,0.0111968,4206,-1.0831239083363213E-05,-1.0857294275287716E-05,0.3063755717920119,6901.55,8692.88,172958,1.11698E+06,0,0,0,3.481
684000,1275.1856549468623,4878,3,5512,634,5250,BlackHole,800033,8.40193E-05,242,1918,560,2371,3758,1724,0.00013733,0.0662145,0.00462566,0.231169,0,0.685928,0.0111968,4206,-1.0815747402983184E-05,-1.0841802594907687E-05,0.3063755717920119,6902.81,8557.93,173111,1.11701E+06,0,0,0,3.455
685000,1277.0496998395895,4878,3,5512,634,5250,BlackHole,800033,8.40193E-05,242,1918,560,2371,3758,1724,0.00013733,0.0662145,0.00462566,0.231169,0,0.685928,0.0111968,4206,-1.0807492135265679E-05,-1.0833547327190182E-05,0.3063755717920119,6884.3,8543.3,172881,1.11711E+06,0,0,0,3.451
686000,1278.9137447323167,4878,3,5512,634,5250,BlackHole,800033,8.40193E-05,242,1918,560,2371,3758,1724,0.00013733,0.0662145,0.00462566,0.231169,0,0.685928,0.0111968,4206,-1.0801945482705122E-05,-1.0828000674629625E-05,0.3063755717920119,7014.75,8584.68,172940,1.1169E+06,0,0,0,3.454
687000,1280.7777896250439,4877,3,5512,635,5250,BlackHole,800033,8.40193E-05,242,1918,560,2372,3758,1725,0.00013733,0.0662145,0.00462566,0.231859,0,0.685238,0.0111968,4205,-1.07944784367465E-05,-1.0820533628671002E-05,0.3063755717920119,6571.54,8728.12,172961,1.11671E+06,0,0,0,3.509
688000,1282.641834517771,4877,3,5512,635,5250,BlackHole,800033,8.40193E-05,242,1918,560,2372,3758,1725,0.00013733,0.0662145,0.00462566,0.231859,0,0.685238,0.0111968,4205,-1.0791524867994001E-05,-1.0817580059918504E-05,0.3063755717920119,6889.46,8782.74,173176,1.11662E+06,0,0,0,3.462
689000,1284.5058794104982,4876,3,5512,636,5250,BlackHole,800033,8.40193E-05,242,1918,560,2373,3758,1726,0.00013733,0.0662145,0.00462566,0.232353,0,0.684744,0.0111968,4204,-1.078452243614501E-05,-1.0810577628069513E-05,0.3063755717920119,6868.98,8666.57,172895,1.11652E+06,0,0,0,3.477
690000,1286.3699243032254,4876,3,5512,636,5250,BlackHole,800033,8.40193E-05,242,1918,560,2373,3758,1726,0.00013733,0.0662145,0.00462566,0.232353,0,0.684744,0.0111968,4204,-1.0779814440050375E-05,-1.0805869631974878E-05,0.3063755717920119,6950.5,8706.84,172942,1.11649E+06,0,0,0,3.485
691000,1288.2339691959526,4875,3,5512,637,5250,BlackHole,800033,8.40193E-05,242,1918,560,2374,3758,1727,0.00013733,0.0662145,0.00462566,0.233025,0,0.684071,0.0111968,4203,-1.0767822380493108E-05,-1.079387757241761E-05,0.3063755717920119,6926.21,8660.5,172963,1.11648E+06,0,0,0,3.489
692000,1290.0980140886797,4875,3,5512,637,5250,BlackHole,800033,8.40193E-05,242,1918,560,2374,3758,1727,0.00013733,0.0662145,0.00462566,0.233025,0,0.684071,0.0111968,4203,-1.0750630001349073E-05,-1.0776685193273576E-05,0.3063755717920119,6745.93,8709.09,173271,1.11652E+06,0,0,0,3.482
693000,1291.962058981407,4873,3,5512,639,5250,BlackHole,800033,8.40193E-05,242,1920,560,2374,3758,1727,0.00013733,0.066242,0.00462566,0.233025,0,0.684044,0.0111968,4201,-1.0741093042718852E-05,-1.0767148234643355E-05,0.3063755717920119,6889.5,8492.44,172905,1.11674E+06,0,0,0,3.446
694000,1293.826103874134,4873,3,5512,639,5250,BlackHole,800033,8.40193E-05,242,1920,560,2374,3758,1727,0.00013733,0.066242,0.00462566,0.233025,0,0.684044,0.0111968,4201,-1.0820921140002333E-05,-1.0846976331926836E-05,0.3063755717920119,6877.92,8484.31,172944,1.11664E+06,0,0,0,3.412
695000,1295.6901487668613,4873,3,5512,639,5250,BlackHole,800033,8.40193E-05,242,1920,560,2374,3758,1727,0.00013733,0.066242,0.00462566,0.233025,0,0.684044,0.0111968,4201,-1.0828884291640794E-05,-1.0854939483565297E-05,0.3063755717920119,6867.43,8541.9,172968,1.11655E+06,0,0,0,3.445
696000,1297.5541936595885,4873,3,5512,639,5250,BlackHole,800033,8.40193E-05,242,1920,560,2374,3758,1727,0.00013733,0.066242,0.00462566,0.233025,0,0.684044,0.0111968,4201,-1.0810226846901674E-05,-1.0836282038826177E-05,0.3063755717920119,6872.11,8752.67,173389,1.1166E+06,0,0,0,3.422
697000,1299.4182385523156,4873,3,5512,639,5250,BlackHole,800033,8.40193E-05,242,1920,560,2374,3758,1727,0.00013733,0.066242,0.00462566,0.233025,0,0.684044,0.0111968,4201,-1.079937067997392E-05,-1.0825425871898423E-05,0.3063755717920119,6802.15,8737.73,172911,1.11663E+06,0,0,0,3.434
698000,1301.2822834450428,4870,3,5512,642,5250,BlackHole,800033,8.40193E-05,242,1920,560,2377,3758,1730,0.00013733,0.066242,0.00462566,0.233416,0,0.683654,0.0111968,4198,-1.0791158801691835E-05,-1.0817213993616338E-05,0.3063755717920119,6615,8640.19,169217,1.11667E+06,0,0,0,3.409
699000,1303.14632833777,4869,3,5512,643,5250,BlackHole,800033,8.40193E-05,242,1921,560,2377,3758,1730,0.00013733,0.066441,0.00462566,0.233416,0,0.683455,0.0111968,4197,-1.0786659053563639E-05,-1.0812714245488141E-05,0.3063755717920119,6961.34,8525.41,169062,1.11658E+06,0,0,0,3.417
700000,1305.0103732304972,4868,3,5512,644,5250,BlackHole,800033,8.40193E-05,242,1922,560,2377,3758,1730,0.00013733,0.0665531,0.00462566,0.233416,0,0.683343,0.0111968,4196,-1.0782915315926515E-05,-1.0808970507851018E-05,0.3063755717920119,6874.81,8555.83,169440,1.11688E+06,0,0,0,3.433
701000,1306.8744181232244,4867,3,5512,645,5250,BlackHole,800033,8.40193E-05,242,1922,560,2378,3758,1731,0.00013733,0.0665531,0.00462566,0.233837,0,0.682921,0.0111968,4195,-1.0776284642863607E-05,-1.080233983478811E-05,0.3063755717920119,6870.39,8642.97,169288,1.11691E+06,0,0,0,3.444
702000,1308.7384630159515,4865,3,5512,647,5250,BlackHole,800033,8.40193E-05,242,1922,560,2380,3758,1733,0.00013733,0.0665531,0.00462566,0.234282,0,0.682476,0.0111968,4193,-1.0769466594644989E-05,-1.0795521786569492E-05,0.3063755717920119,6860.25,8567.46,169266,1.11655E+06,0,0,0,3.396
703000,1310.6025079086787,4863,3,5512,649,5250,BlackHole,800033,8.40193E-05,242,1922,560,2382,3758,1735,0.00013733,0.0665531,0.00462566,0.23502,0,0.681738,0.0111968,4190,-1.0758436562114147E-05,-1.078449175403865E-05,0.3063755717920119,6895.47,8864.5,169257,1.11658E+06,0,0,0,3.409
704000,1312.466552801406,4862,3,5512,650,5250,BlackHole,800033,8.40193E-05,242,1922,560,2383,3758,1736,0.00013733,0.0665531,0.00462566,0.235033,0,0.681725,0.0111968,4189,-1.0744435056698008E-05,-1.077049024862251E-05,0.3063755717920119,6927.38,8659.69,169051,1.11632E+06,0,0,0,3.453
705000,1314.330597694133,4860,3,5512,652,5250,BlackHole,800033,8.40193E-05,242,1923,560,2384,3758,1737,0.00013733,0.0665536,0.00462566,0.235068,0,0.681689,0.0111968,4188,-1.0725448128369568E-05,-1.0751503320294071E-05,0.3063755717920119,6884.05,8763.28,169242,1.11637E+06,0,0,0,3.409
706000,1316.1946425868603,4859,3,5512,653,5250,BlackHole,800033,8.40193E-05,242,1924,560,2384,3758,1737,0.00013733,0.0672554,0.00462566,0.235068,0,0.680988,0.0111968,4187,-1.0761863864386447E-05,-1.078791905631095E-05,0.3063755717920119,6977.19,8724.41,169221,1.1166E+06,0,0,0,3.431
707000,1318.0586874795874,4858,3,5512,654,5250,BlackHole,800033,8.40193E-05,242,1924,560,2385,3758,1738,0.00013733,0.0672554,0.00462566,0.235344,0,0.680711,0.0111968,4186,-1.0809561873729546E-05,-1.0835617065654049E-05,0.3063755717920119,6877.66,8472.64,169087,1.11647E+06,0,0,0,3.447
708000,1319.9227323723146,4856,3,5512,656,5250,BlackHole,800033,8.40193E-05,242,1924,560,2387,3758,1740,0.00013733,0.0672554,0.00462566,0.235491,0,0.680564,0.0111968,4183,-1.0788672840453708E-05,-1.081472803237821E-05,0.3063755717920119,6908.41,8565.19,169597,1.11634E+06,0,0,0,3.544
709000,1321.7867772650418,4856,3,5512,656,5250,BlackHole,800033,8.40193E-05,242,1924,560,2387,3758,1740,0.00013733,0.0672554,0.00462566,0.235491,0,0.680564,0.0111968,4183,-1.0775386932056358E-05,-1.080144212398086E-05,0.3063755717920119,6668.25,8758.67,169298,1.11636E+06,0,0,0,3.426
710000,1323.650822157769,4856,3,5512,656,5250,BlackHole,800033,8.40193E-05,242,1924,560,2387,3758,1740,0.00013733,0.0672554,0.00462566,0.235491,0,0.680564,0.0111968,4184,-1.0769270981345545E-05,-1.0795326173270048E-05,0.3063755717920119,7033.74,8579.78,169267,1.11646E+06,0,0,0,3.467
711000,1325.5148670504962,4856,3,5512,656,5250,BlackHole,800033,8.40193E-05,242,1924,560,2387,3758,1740,0.00013733,0.0672554,0.00462566,0.235491,0,0.680564,0.0111968,4184,-1.0764737068159318E-05,-1.0790792260083821E-05,0.3063755717920119,6908.27,8567.77,169258,1.1165E+06,0,0,0,3.478
712000,1327.3789119432233,4856,3,5512,656,5250,BlackHole,800033,8.40193E-05,242,1924,560,2387,3758,1740,0.00013733,0.0672554,0.00462566,0.235491,0,0.680564,0.0111968,4184,-1.076093449237315E-05,-1.0786989684297652E-05,0.3063755717920119,6990.79,8667.24,169251,1.11652E+06,0,0,0,3.474
713000,1329.2429568359505,4854,3,5512,658,5250,BlackHole,800033,8.40193E-05,242,1925,560,2388,3758,1741,0.00013733,0.0672622,0.00462566,0.235493,0,0.680556,0.0111968,4182,-1.0757983136865121E-05,-1.0784038328789624E-05,0.3063755717920119,6908.72,8499.07,169245,1.11712E+06,0,0,0,3.465
714000,1331.1070017286777,4854,3,5512,658,5250,BlackHole,800033,8.40193E-05,242,1925,560,2388,3758,1741,0.00013733,0.0672622,0.00462566,0.235493,0,0.680556,0.0111968,4182,-1.0753895993178093E-05,-1.0779951185102596E-05,0.3063755717920119,6886.16,8953.59,169228,1.11716E+06,0,0,0,3.467
715000,1332.9710466214049,4854,3,5512,658,5250,BlackHole,800033,8.40193E-05,242,1925,560,2388,3758,1741,0.00013733,0.0672622,0.00462566,0.235493,0,0.680556,0.0111968,4182,-1.0748397347326335E-05,-1.0774452539250838E-05,0.3063755717920119,6889.98,8573,169155,1.1172E+06,0,0,0,3.453
716000,1334.835091514132,4853,3,5512,659,5250,BlackHole,800033,8.40193E-05,242,1926,560,2388,3758,1741,0.00013733,0.0679302,0.00462566,0.235493,0,0.679888,0.0111968,4181,-1.072479203733722E-05,-1.0750847229261723E-05,0.3063755717920119,6919.29,8487.16,169656,1.11713E+06,0,0,0,3.366
717000,1336.6991364068592,4851,3,5512,661,5250,BlackHole,800033,8.40193E-05,242,1927,560,2389,3758,1742,0.00013733,0.0679376,0.00462566,0.236035,0,0.679338,0.0111968,4179,-1.0703500459818166E-05,-1.0729555651742669E-05,0.3063755717920119,6909.93,8707.75,169068,1.11718E+06,0,0,0,3.457
718000,1338.5631812995864,4851,3,5512,661,5250,BlackHole,800033,8.40193E-05,242,1927,560,2389,3758,1742,0.00013733,0.0679376,0.00462566,0.236035,0,0.679338,0.0111968,4179,-1.070974287412727E-05,-1.0735798066051773E-05,0.3063755717920119,6890.25,8529.08,169025,1.11696E+06,0,0,0,3.439
719000,1340.4272261923136,4848,3,5512,664,5250,BlackHole,800033,8.40193E-05,242,1928,560,2391,3758,1744,0.00013733,0.0679629,0.00462566,0.236558,0,0.67879,0.0111968,4176,-1.0787545143330402E-05,-1.0813600335254905E-05,0.3063755717920119,6924.28,8740.26,169080,1.11677E+06,0,0,0,3.431
720000,1342.2912710850408,4848,3,5512,664,5250,BlackHole,800033,8.40193E-05,242,1928,560,2391,3758,1744,0.00013733,0.0679629,0.00462566,0.236558,0,0.67879,0.0111968,4176,-1.0779087308486156E-05,-1.0805142500410659E-05,0.3063755717920119,6760.32,8849.87,169056,1.11674E+06,0,0,0,3.463
721000,1344.155315977768,4848,3,5512,664,5250,BlackHole,800033,8.40193E-05,242,1928,560,2391,3758,1744,0.00013733,0.0679629,0.00462566,0.236558,0,0.67879,0.0111968,4176,-1.0762139361081975E-05,-1.0788194553006478E-05,0.3063755717920119,6871.7,8679.64,169099,1.11666E+06,0,0,0,3.410
722000,1346.0193608704951,4846,3,5512,666,5250,BlackHole,800033,8.40193E-05,242,1929,560,2392,3758,1745,0.00013733,0.067974,0.00462566,0.236564,0,0.678773,0.0111968,4174,-1.0752251334772692E-05,-1.0778306526697195E-05,0.3063755717920119,6674.52,8860.06,169065,1.11649E+06,0,0,0,3.407
723000,1347.8834057632223,4845,3,5512,667,5250,BlackHole,800033,8.40193E-05,242,1930,560,2392,3758,1745,0.00013733,0.0680167,0.00462566,0.236564,0,0.678731,0.0111968,4173,-1.0746709628669047E-05,-1.077276482059355E-05,0.3063755717920119,6952.12,8715.01,169190,1.11642E+06,0,0,0,3.452
724000,1349.7474506559495,4845,3,5512,667,5250,BlackHole,800033,8.40193E-05,242,1930,560,2392,3758,1745,0.00013733,0.0680167,0.00462566,0.236564,0,0.678731,0.0111968,4173,-1.0742968594049628E-05,-1.0769023785974131E-05,0.3063755717920119,6960.8,8678.69,168815,1.11646E+06,0,0,0,3.486
725000,1351.6114955486767,4845,3,5512,667,5250,BlackHole,800033,8.40193E-05,242,1930,560,2392,3758,1745,0.00013733,0.0680167,0.00462566,0.236564,0,0.678731,0.0111968,4173,-1.0739670902722722E-05,-1.0765726094647225E-05,0.3063755717920119,6927.24,8480.3,168822,1.11666E+06,0,0,0,3.473
726000,1353.4755404414038,4844,3,5512,668,5250,BlackHole,800033,8.40193E-05,242,1930,560,2393,3758,1746,0.00013733,0.0680167,0.00462566,0.236686,0,0.678609,0.0111968,4172,-1.0735466411063732E-05,-1.0761521602988235E-05,0.3063755717920119,6915.56,8721.01,169075,1.1169E+06,0,0,0,3.445
727000,1355.339585334131,4842,3,5512,670,5250,BlackHole,800033,8.40193E-05,242,1930,560,2395,3758,1748,0.00013733,0.0680167,0.00462566,0.236996,0,0.678299,0.0111968,4170,-1.0728279852293914E-05,-1.0754335044218417E-05,0.3063755717920119,6877.99,8534.09,169036,1.11692E+06,0,0,0,3.402
728000,1357.2036302268582,4842,3,5512,670,5250,BlackHole,800033,8.40193E-05,242,1930,560,2395,3758,1748,0.00013733,0.0680167,0.00462566,0.236996,0,0.678299,0.0111968,4170,-1.072034878131143E-05,-1.0746403973235933E-05,0.3063755717920119,6912.59,9135,169084,1.11674E+06,0,0,0,3.471
729000,1359.0676751195854,4842,3,5512,670,5250,BlackHole,800033,8.40193E-05,242,1930,560,2395,3758,1748,0.00013733,0.0680167,0.00462566,0.236996,0,0.678299,0.0111968,4170,-1.0704668865205106E-05,-1.0730724057129609E-05,0.3063755717920119,7042.89,8877.6,169060,1.11637E+06,0,0,0,3.440
730000,1360.9317200123126,4842,3,5512,670,5250,BlackHole,800033,8.40193E-05,242,1930,560,2395,3758,1748,0.00013733,0.0680167,0.00462566,0.236996,0,0.678299,0.0111968,4170,-1.0688425892366407E-05,-1.071448108429091E-05,0.3063755717920119,6865.56,8523.45,169105,1.11622E+06,0,0,0,3.451
731000,1362.7957649050397,4841,3,5512,671,5250,BlackHole,800033,8.40193E-05,242,1930,560,2396,3758,1749,0.00013733,0.0680167,0.00462566,0.237302,0,0.677992,0.0111968,4169,-1.0758955083662996E-05,-1.0785010275587499E-05,0.3063755717920119,6878.15,8534.21,161381,1.11632E+06,0,0,0,3.451
732000,1364.659809797767,4839,3,5512,673,5250,BlackHole,800033,8.40193E-05,242,1930,560,2398,3758,1751,0.00013733,0.0680167,0.00462566,0.238213,0,0.677081,0.0111968,4167,-1.0772738688028426E-05,-1.0798793879952928E-05,0.3063755717920119,6869.42,8613.13,161316,1.11623E+06,0,0,0,3.469
733000,1366.523854690494,4838,3,5512,674,5250,BlackHole,800033,8.40193E-05,242,1931,560,2398,3758,1751,0.00013733,0.0680272,0.00462566,0.238213,0,0.677071,0.0111968,4166,-1.0753183194559849E-05,-1.0779238386484351E-05,0.3063755717920119,6563.95,8597.95,161175,1.11627E+06,0,0,0,3.421
734000,1368.3878995832213,4837,3,5512,675,5250,BlackHole,800033,8.40193E-05,242,1931,560,2399,3758,1752,0.00013733,0.0680272,0.00462566,0.238215,0,0.677069,0.0111968,4165,-1.0741377025895699E-05,-1.0767432217820201E-05,0.3063755717920119,6867.64,8782.58,161323,1.11637E+06,0,0,0,3.395
735000,1370.2519444759484,4837,3,5512,675,5250,BlackHole,800033,8.40193E-05,242,1931,560,2399,3758,1752,0.00013733,0.0680272,0.00462566,0.238215,0,0.677069,0.0111968,4165,-1.07351720813003E-05,-1.0761227273224802E-05,0.3063755717920119,6863.92,8706.97,161304,1.11621E+06,0,0,0,3.423
736000,1372.1159893686756,4836,3,5512,676,5250,BlackHole,800033,8.40193E-05,242,1931,560,2400,3758,1753,0.00013733,0.0680272,0.00462566,0.238469,0,0.676815,0.0111968,4164,-1.0727067929216862E-05,-1.0753123121141365E-05,0.3063755717920119,6951.45,8568.71,161353,1.11681E+06,0,0,0,3.422
737000,1373.9800342614028,4835,3,5512,677,5250,BlackHole,800033,8.40193E-05,242,1995,560,2401,3822,1753,0.00013733,0.0680313,0.00462566,0.238469,0,0.676811,0.0111968,4163,-1.072370159930276E-05,-1.0749756791227264E-05,0.3063755717920119,6964.51,8784.93,161315,1.11628E+06,0,0,0,3.405
738000,1375.84407915413,4834,3,5512,678,5250,BlackHole,800033,8.40193E-05,242,1996,560,2401,3822,1753,0.00013733,0.068035,0.00462566,0.238469,0,0.676807,0.0111968,4162,-1.0720440428347813E-05,-1.0746495620272316E-05,0.3063755717920119,6877.44,8749.63,160918,1.1168E+06,0,0,0,3.374
739000,1377.7081240468572,4833,3,5512,679,5250,BlackHole,800033,8.40193E-05,242,1997,560,2401,3822,1753,0.00013733,0.0680404,0.00462566,0.238469,0,0.676802,0.0111968,4161,-1.0716029743094569E-05,-1.0742084935019072E-05,0.3063755717920119,6885.99,8420.12,161321,1.117E+06,0,0,0,3.406
740000,1379.5721689395843,4833,3,5512,679,5250,BlackHole,800033,8.40193E-05,242,1997,560,2401,3822,1753,0.00013733,0.0680404,0.00462566,0.238469,0,0.676802,0.0111968,4161,-1.0709437193025018E-05,-1.073549238494952E-05,0.3063755717920119,6902.59,8609.9,161298,1.11633E+06,0,0,0,3.416
741000,1381.4362138323115,4833,3,5512,679,5250,BlackHole,800033,8.40193E-05,242,1997,560,2401,3822,1753,0.00013733,0.0680404,0.00462566,0.238469,0,0.676802,0.0111968,4161,-1.069698205686157E-05,-1.0723037248786072E-05,0.3063755717920119,6925.49,8470.33,161341,1.11639E+06,0,0,0,3.370
742000,1383.3002587250387,4832,3,5512,680,5250,BlackHole,800033,8.40193E-05,242,1998,560,2401,3822,1753,0.00013733,0.0681394,0.00462566,0.238469,0,0.676703,0.0111968,4160,-1.0675162257700342E-05,-1.0701217449624845E-05,0.3063755717920119,6985.93,8632,161314,1.11674E+06,0,0,0,3.346
743000,1385.1643036177659,4832,3,5512,680,5250,BlackHole,800033,8.40193E-05,242,1998,560,2401,3822,1753,0.00013733,0.0681394,0.00462566,0.238469,0,0.676703,0.0111968,4160,-1.0706259993722613E-05,-1.0732315185647116E-05,0.3063755717920119,6872.67,8766.44,161733,1.11686E+06,0,0,0,3.372
744000,1387.028348510493,4832,3,5512,680,5250,BlackHole,800033,8.40193E-05,242,1998,560,2401,3822,1753,0.00013733,0.0681394,0.00462566,0.238469,0,0.676703,0.0111968,4160,-1.0770545290602304E-05,-1.0796600482526807E-05,0.3063755717920119,6597.65,8679.88,161319,1.11702E+06,0,0,0,3.413
745000,1388.8923934032202,4832,3,5512,680,5250,BlackHole,800033,8.40193E-05,242,1998,560,2401,3822,1753,0.00013733,0.0681394,0.00462566,0.238469,0,0.676703,0.0111968,4160,-1.075373010376195E-05,-1.0779785295686453E-05,0.3063755717920119,6925.02,8538.49,161286,1.11663E+06,0,0,0,3.349
746000,1390.7564382959474,4832,3,5512,680,5250,BlackHole,800033,8.40193E-05,242,1998,560,2401,3822,1753,0.00013733,0.0681394,0.00462566,0.238469,0,0.676703,0.0111968,4160,-1.0739360419997556E-05,-1.076541561192206E-05,0.3063755717920119,7012.81,8896.05,161328,1.11662E+06,0,0,0,3.415
747000,1392.6204831886746,4831,3,5512,681,5250,BlackHole,800033,8.40193E-05,242,1998,560,2402,3822,1754,0.00013733,0.0681394,0.00462566,0.238476,0,0.676695,0.0111968,4159,-1.0731033556771327E-05,-1.075708874869583E-05,0.3063755717920119,6882.78,8605.11,149448,1.11617E+06,0,0,0,3.386
748000,1394.4845280814018,4828,3,5512,684,5250,BlackHole,800033,8.40193E-05,242,2000,560,2403,3822,1755,0.00013733,0.0693499,0.00462566,0.238635,0,0.675326,0.0111968,4156,-1.070422976281633E-05,-1.0730284954740833E-05,0.3063755717920119,6887.74,8597.81,149403,1.11602E+06,0,0,0,3.375
749000,1396.348572974129,4826,3,5512,686,5250,BlackHole,800033,8.40193E-05,242,2001,560,2404,3822,1756,0.00013733,0.0693895,0.00462566,0.23886,0,0.675062,0.0111968,4154,-1.0699434584245542E-05,-1.0725489776170045E-05,0.3063755717920119,6926.27,8884.85,149305,1.11607E+06,0,0,0,3.403
750000,1398.2126178668561,4826,3,5512,686,5250,BlackHole,800033,8.40193E-05,242,2001,560,2404,3822,1756,0.00013733,0.0693895,0.00462566,0.23886,0,0.675062,0.0111968,4154,-1.0696847276125042E-05,-1.0722902468049545E-05,0.3063755717920119,6924.48,8823.11,149256,1.11591E+06,0,0,0,3.398
751000,1400.0766627595833,4824,3,5512,688,5250,BlackHole,800033,8.40193E-05,242,2002,560,2405,3822,1757,0.00013733,0.0694178,0.00462566,0.239268,0,0.674626,0.0111968,4152,-1.0690129871003326E-05,-1.0716185062927829E-05,0.3063755717920119,6892.16,8431.47,149342,1.116E+06,0,0,0,3.364
752000,1401.9407076523105,4823,3,5512,689,5250,BlackHole,800033,8.40193E-05,242,2002,560,2406,3822,1758,0.00013733,0.0694178,0.00462566,0.239438,0,0.674455,0.0111968,4151,-1.0683284882864273E-05,-1.0709340074788776E-05,0.3063755717920119,6871.12,8768.22,149311,1.11585E+06,0,0,0,3.410
753000,1403.8047525450377,4886,3,5512,626,5250,BlackHole,800033,8.40193E-05,242,2002,560,2407,3886,1758,0.00013733,0.0694178,0.00462566,0.239438,0,0.674455,0.0111968,4214,-1.067374083045053E-05,-1.0699796022375032E-05,0.3063755717920119,6874.01,8537.83,177914,1.10126E+06,0,0,0,3.445
754000,1405.6687974377649,4885,3,5512,627,5250,BlackHole,800033,8.40193E-05,242,2002,560,2408,3886,1759,0.00013733,0.0694178,0.00462566,0.240057,0,0.673836,0.0111968,4213,-1.0652121557124786E-05,-1.0678176749049289E-05,0.3063755717920119,6864.95,8725.56,177949,1.10107E+06,0,0,0,3.490
755000,1407.532842330492,4885,3,5512,627,5250,BlackHole,800033,8.40193E-05,242,2002,560,2408,3886,1759,0.00013733,0.0694178,0.00462566,0.240057,0,0.673836,0.0111968,4213,-1.064779589396328E-05,-1.0673851085887783E-05,0.3063755717920119,6646.28,8713.13,178100,1.10122E+06,0,0,0,3.476
756000,1409.3968872232192,4884,3,5512,628,5250,BlackHole,800033,8.40193E-05,242,2003,560,2408,3886,1759,0.00013733,0.0694218,0.00462566,0.240057,0,0.673832,0.0111968,4212,-1.0730953852755477E-05,-1.075700904467998E-05,0.3063755717920119,6868.92,8482.21,177545,1.10128E+06,0,0,0,3.511
757000,1411.2609321159464,4884,3,5512,628,5250,BlackHole,800033,8.40193E-05,242,2003,560,2408,3886,1759,0.00013733,0.0694218,0.00462566,0.240057,0,0.673832,0.0111968,4212,-1.0731602616940414E-05,-1.0757657808864917E-05,0.3063755717920119,6874.57,8737.93,177750,1.10133E+06,0,0,0,3.480
758000,1413.1249770086736,4883,3,5512,629,5250,BlackHole,800033,8.40193E-05,242,2004,560,2408,3886,1759,0.00013733,0.0695963,0.00462566,0.240057,0,0.673658,0.0111968,4211,-1.0710395263387586E-05,-1.073645045531209E-05,0.3063755717920119,6947.09,8656.01,177843,1.10141E+06,0,0,0,3.559
759000,1414.9890219014007,4881,3,5512,631,5250,BlackHole,800033,8.40193E-05,242,2005,560,2409,3886,1760,0.00013733,0.0695999,0.00462566,0.240125,0,0.673586,0.0111968,4209,-1.07001506172539E-05,-1.0726205809178402E-05,0.3063755717920119,6869.56,8669.83,176021,1.10164E+06,0,0,0,3.604
760000,1416.853066794128,4881,3,5512,631,5250,BlackHole,800033,8.40193E-05,242,2005,560,2409,3886,1760,0.00013733,0.0695999,0.00462566,0.240125,0,0.673586,0.0111968,4209,-1.0693795592881381E-05,-1.0719850784805884E-05,0.3063755717920119,6882.73,8610.27,176011,1.10162E+06,0,0,0,3.522
761000,1418.717111686855,4880,3,5512,632,5250,BlackHole,800033,8.40193E-05,242,2006,560,2409,3886,1760,0.00013733,0.0696595,0.00462566,0.240125,0,0.673526,0.0111968,4208,-1.0689253656935351E-05,-1.0715308848859854E-05,0.3063755717920119,6940.02,8674.1,175983,1.10178E+06,0,0,0,3.508
762000,1420.5811565795823,4880,3,5512,632,5250,BlackHole,800033,8.40193E-05,242,2006,560,2409,3886,1760,0.00013733,0.0696595,0.00462566,0.240125,0,0.673526,0.0111968,4208,-1.0686444662361884E-05,-1.0712499854286387E-05,0.3063755717920119,6884.29,8758.69,175561,1.10165E+06,0,0,0,3.562
763000,1422.4452014723095,4879,3,5512,633,5250,BlackHole,800033,8.40193E-05,242,2006,560,2410,3886,1761,0.00013733,0.0696595,0.00462566,0.240433,0,0.673218,0.0111968,4207,-1.0681070797455063E-05,-1.0707125989379566E-05,0.3063755717920119,6928.11,8774.85,176078,1.10129E+06,0,0,0,3.558
764000,1424.3092463650366,4846,3,5512,666,5250,BlackHole,800033,8.40193E-05,242,2023,1210,2426,3886,1777,0.00013733,0.0696913,0.00462566,0.240461,0,0.673159,0.0111968,4174,-1.0676455714182538E-05,-1.0702510906107041E-05,0.3063755717920119,6891.04,8688.27,169095,1.09535E+06,0,0,0,3.569
765000,1426.1732912577638,4846,3,5512,666,5250,BlackHole,800033,8.40193E-05,242,2023,1210,2426,3886,1777,0.00013733,0.0696913,0.00462566,0.240461,0,0.673159,0.0111968,4174,-1.0667860626866286E-05,-1.0693915818790789E-05,0.3063755717920119,6882.1,8519.79,168909,1.09549E+06,0,0,0,3.470
766000,1428.037336150491,4846,3,5512,666,5250,BlackHole,800033,8.40193E-05,242,2023,1210,2426,3886,1777,0.00013733,0.0696913,0.00462566,0.240461,0,0.673159,0.0111968,4174,-1.0654001926563174E-05,-1.0680057118487677E-05,0.3063755717920119,6720.7,8675.7,169128,1.09541E+06,0,0,0,3.572
767000,1429.9013810432182,4843,3,5512,669,5250,BlackHole,800033,8.40193E-05,242,2024,1210,2428,3886,1779,0.00013733,0.0696913,0.00462566,0.2409,0,0.67272,0.0111968,4171,-1.0633317786259579E-05,-1.0659372978184081E-05,0.3063755717920119,6886.69,8510.01,169289,1.09412E+06,0,0,0,3.519
768000,1431.7654259359454,4840,3,5512,672,5250,BlackHole,800033,8.40193E-05,242,2024,1210,2431,3886,1782,0.00013733,0.0696913,0.00462566,0.241479,0,0.672141,0.0111968,4168,-1.0688372992817691E-05,-1.0714428184742194E-05,0.3063755717920119,6791.18,8614.85,169268,1.09415E+06,0,0,0,3.504
769000,1433.6294708286725,4840,3,5512,672,5250,BlackHole,800033,8.40193E-05,242,2024,1210,2431,3886,1782,0.00013733,0.0696913,0.00462566,0.241479,0,0.672141,0.0111968,4168,-1.0726792230963562E-05,-1.0752847422888065E-05,0.3063755717920119,6897.56,9098.05,169082,1.09405E+06,0,0,0,3.540
770000,1435.4935157213997,4840,3,5512,672,5250,BlackHole,800033,8.40193E-05,242,2024,1210,2431,3886,1782,0.00013733,0.0696913,0.00462566,0.241479,0,0.672141,0.0111968,4168,-1.0707145684759393E-05,-1.0733200876683895E-05,0.3063755717920119,6876.41,8475.79,168972,1.0939E+06,0,0,0,3.540
771000,1437.357560614127,4838,3,5512,674,5250,BlackHole,800033,8.40193E-05,242,2025,1210,2432,3886,1783,0.00013733,0.070073,0.00462566,0.241509,0,0.671729,0.0111968,4166,-1.0687170018499053E-05,-1.0713225210423556E-05,0.3063755717920119,6976.15,8426.55,169093,1.09415E+06,0,0,0,3.317
772000,1439.221605506854,4838,3,5512,674,5250,BlackHole,800033,8.40193E-05,242,2025,1210,2432,3886,1783,0.00013733,0.070073,0.00462566,0.241509,0,0.671729,0.0111968,4166,-1.0680632422804351E-05,-1.0706687614728854E-05,0.3063755717920119,6868.17,9096.1,169062,1.09403E+06,0,0,0,3.284
773000,1441.0856503995813,4838,3,5512,674,5250,BlackHole,800033,8.40193E-05,242,2025,1210,2432,3886,1783,0.00013733,0.070073,0.00462566,0.241509,0,0.671729,0.0111968,4166,-1.0676865696726194E-05,-1.0702920888650697E-05,0.3063755717920119,6885.18,8799.95,169069,1.0941E+06,0,0,0,3.258
774000,1442.9496952923084,4838,3,5512,674,5250,BlackHole,800033,8.40193E-05,242,2025,1210,2432,3886,1783,0.00013733,0.070073,0.00462566,0.241509,0,0.671729,0.0111968,4166,-1.0673066694528578E-05,-1.0699121886453081E-05,0.3063755717920119,7001.1,8650.77,169079,1.0942E+06,0,0,0,3.281
775000,1444.8137401850356,4837,3,5512,675,5250,BlackHole,800033,8.40193E-05,242,2026,1210,2432,3886,1783,0.00013733,0.0707263,0.00462566,0.241509,0,0.671076,0.0111968,4165,-1.065928046984974E-05,-1.0685335661774243E-05,0.3063755717920119,6958.89,8587.19,169140,1.09377E+06,0,0,0,3.240
776000,1446.6777850777628,4837,3,5512,675,5250,BlackHole,800033,8.40193E-05,242,2026,1210,2432,3886,1783,0.00013733,0.0707263,0.00462566,0.241509,0,0.671076,0.0111968,4165,-1.0655800713085787E-05,-1.068185590501029E-05,0.3063755717920119,6927.28,8807.28,169086,1.0938E+06,0,0,0,3.225
777000,1448.54182997049,4837,3,5512,675,5250,BlackHole,800033,8.40193E-05,242,2026,1210,2432,3886,1783,0.00013733,0.0707263,0.00462566,0.241509,0,0.671076,0.0111968,4165,-1.064958801111952E-05,-1.0675643203044022E-05,0.3063755717920119,6842.3,8300.64,169259,1.09389E+06,0,0,0,3.294
778000,1450.4058748632172,4834,3,5512,678,5250,BlackHole,800033,8.40193E-05,242,2027,1210,2434,3886,1785,0.00013733,0.0707479,0.00462566,0.241971,0,0.670592,0.0111968,4162,-1.0635114277918982E-05,-1.0661169469843485E-05,0.3063755717920119,6909.35,8667.24,169090,1.09413E+06,0,0,0,3.435
779000,1452.2699197559443,4834,3,5512,678,5250,BlackHole,800033,8.40193E-05,242,2027,1210,2434,3886,1785,0.00013733,0.0707479,0.00462566,0.241971,0,0.670592,0.0111968,4162,-1.0615072800365089E-05,-1.0641127992289592E-05,0.3063755717920119,6572.78,8775.07,168992,1.09392E+06,0,0,0,3.528
780000,1454.1339646486715,4834,3,5512,678,5250,BlackHole,800033,8.40193E-05,242,2027,1210,2434,3886,1785,0.00013733,0.0707479,0.00462566,0.241971,0,0.670592,0.0111968,4162,-1.063116058378002E-05,-1.0657215775704523E-05,0.3063755717920119,6884.08,8613.52,169096,1.09394E+06,0,0,0,3.497
781000,1455.9980095413987,4833,3,5512,679,5250,BlackHole,800033,8.40193E-05,242,2028,1210,2434,3886,1785,0.00013733,0.0707516,0.00462566,0.241971,0,0.670589,0.0111968,4161,-1.0707344989205912E-05,-1.0733400181130414E-05,0.3063755717920119,6898.03,8686.22,169066,1.09396E+06,0,0,0,3.267
782000,1457.8620544341259,4833,3,5512,679,5250,BlackHole,800033,8.40193E-05,242,2028,1210,2434,3886,1785,0.00013733,0.0707516,0.00462566,0.241971,0,0.670589,0.0111968,4161,-1.069424499117787E-05,-1.0720300183102373E-05,0.3063755717920119,6901.21,8386.69,169106,1.094E+06,0,0,0,3.281
783000,1459.726099326853,4833,3,5512,679,5250,BlackHole,800033,8.40193E-05,242,2028,1210,2434,3886,1785,0.00013733,0.0707516,0.00462566,0.241971,0,0.670589,0.0111968,4161,-1.0678579531119035E-05,-1.0704634723043538E-05,0.3063755717920119,6960.26,8961.4,169081,1.09387E+06,0,0,0,3.279
784000,1461.5901442195802,4833,3,5512,679,5250,BlackHole,800033,8.40193E-05,242,2028,1210,2434,3886,1785,0.00013733,0.0707516,0.00462566,0.241971,0,0.670589,0.0111968,4161,-1.0669362055186229E-05,-1.0695417247110731E-05,0.3063755717920119,6938.23,8663.99,169148,1.09539E+06,0,0,0,3.380
785000,1463.4541891123074,4833,3,5512,679,5250,BlackHole,800033,8.40193E-05,242,2028,1210,2434,3886,1785,0.00013733,0.0707516,0.00462566,0.241971,0,0.670589,0.0111968,4161,-1.0664627945571038E-05,-1.069068313749554E-05,0.3063755717920119,6911.33,8753.58,169086,1.0957E+06,0,0,0,3.445
786000,1465.3182340050346,4833,3,5512,679,5250,BlackHole,800033,8.40193E-05,242,2028,1210,2434,3886,1785,0.00013733,0.0707516,0.00462566,0.241971,0,0.670589,0.0111968,4161,-1.0661379038464329E-05,-1.0687434230388832E-05,0.3063755717920119,6988.74,9146.26,169244,1.09555E+06,0,0,0,3.216
787000,1467.1822788977618,4833,3,5512,679,5250,BlackHole,800033,8.40193E-05,242,2028,1210,2434,3886,1785,0.00013733,0.0707516,0.00462566,0.241971,0,0.670589,0.0111968,4161,-1.0657616475700466E-05,-1.0683671667624969E-05,0.3063755717920119,6915.9,8696.21,169089,1.09381E+06,0,0,0,3.355
788000,1469.046323790489,4833,3,5512,679,5250,BlackHole,800033,8.40193E-05,242,2028,1210,2434,3886,1785,0.00013733,0.0707516,0.00462566,0.241971,0,0.670589,0.0111968,4161,-1.0653519523743754E-05,-1.0679574715668257E-05,0.3063755717920119,6935.31,8475.94,169001,1.0937E+06,0,0,0,3.373
789000,1470.9103686832161,4833,3,5512,679,5250,BlackHole,800033,8.40193E-05,242,2028,1210,2434,3886,1785,0.00013733,0.0707516,0.00462566,0.241971,0,0.670589,0.0111968,4161,-1.0649062920937933E-05,-1.0675118112862436E-05,0.3063755717920119,6869.54,8930.06,169095,1.09417E+06,0,0,0,3.415
790000,1472.7744135759433,4832,3,5512,680,5250,BlackHole,800033,8.40193E-05,242,2028,1210,2435,3886,1786,0.00013733,0.0707516,0.00462566,0.241973,0,0.670587,0.0111968,4160,-1.0639992932110423E-05,-1.0666048124034926E-05,0.3063755717920119,6581.74,8597.47,168935,1.09545E+06,0,0,0,3.352
791000,1474.6384584686705,4830,3,5512,682,5250,BlackHole,800033,8.40193E-05,242,2028,1210,2437,3886,1788,0.00013733,0.0707516,0.00462566,0.241995,0,0.670564,0.0111968,4158,-1.0623236035725136E-05,-1.0649291227649639E-05,0.3063755717920119,6878.91,8778.75,161299,1.09402E+06,0,0,0,3.295
792000,1476.5025033613977,4830,3,5512,682,5250,BlackHole,800033,8.40193E-05,242,2028,1210,2437,3886,1788,0.00013733,0.0707516,0.00462566,0.241995,0,0.670564,0.0111968,4158,-1.061140418423687E-05,-1.0637459376161373E-05,0.3063755717920119,6935.78,8743.94,161769,1.09414E+06,0,0,0,3.227
793000,1478.3665482541248,4830,3,5512,682,5250,BlackHole,800033,8.40193E-05,242,2028,1210,2437,3886,1788,0.00013733,0.0707516,0.00462566,0.241995,0,0.670564,0.0111968,4157,-1.0688899846319155E-05,-1.0714955038243658E-05,0.3063755717920119,6886.57,8592.33,161302,1.09381E+06,0,0,0,3.225
794000,1480.230593146852,4829,3,5512,683,5250,BlackHole,800033,8.40193E-05,242,2028,1210,2438,3886,1789,0.00013733,0.0707516,0.00462566,0.242262,0,0.670298,0.0111968,4156,-1.0699815766377184E-05,-1.0725870958301687E-05,0.3063755717920119,6936.41,8796.89,161269,1.09349E+06,0,0,0,3.213
795000,1482.0946380395792,4828,3,5512,684,5250,BlackHole,800033,8.40193E-05,242,2028,1210,2439,3886,1790,0.00013733,0.0707516,0.00462566,0.242271,0,0.670289,0.0111968,4155,-1.0681046977057156E-05,-1.0707102168981658E-05,0.3063755717920119,6917.43,8704.97,161315,1.09355E+06,0,0,0,3.223
796000,1483.9586829323064,4828,3,5512,684,5250,BlackHole,800033,8.40193E-05,242,2028,1210,2439,3886,1790,0.00013733,0.0707516,0.00462566,0.242271,0,0.670289,0.0111968,4155,-1.0670002459384272E-05,-1.0696057651308775E-05,0.3063755717920119,6962.99,8614.83,161292,1.09344E+06,0,0,0,3.281
797000,1485.8227278250336,4827,3,5512,685,5250,BlackHole,800033,8.40193E-05,242,2028,1210,2440,3886,1791,0.00013733,0.0707516,0.00462566,0.242276,0,0.670284,0.0111968,4155,-1.0665486931606087E-05,-1.069154212353059E-05,0.3063755717920119,6909.25,8525.8,161486,1.09375E+06,0,0,0,3.236
798000,1487.6867727177607,4827,3,5512,685,5250,BlackHole,800033,8.40193E-05,242,2028,1210,2440,3886,1791,0.00013733,0.0707516,0.00462566,0.242276,0,0.670284,0.0111968,4155,-1.0660961248519663E-05,-1.0687016440444166E-05,0.3063755717920119,6997.24,8697.92,161296,1.09355E+06,0,0,0,3.238
799000,1489.550817610488,4826,3,5512,686,5250,BlackHole,800033,8.40193E-05,242,2028,1210,2441,3886,1792,0.00013733,0.0707516,0.00462566,0.243064,0,0.669496,0.0111968,4154,-1.0654556560139704E-05,-1.0680611752064207E-05,0.3063755717920119,6941.48,8432.84,161242,1.09355E+06,0,0,0,3.255
800000,1491.414862503215,4826,3,5512,686,5250,BlackHole,800033,8.40193E-05,242,2028,1210,2441,3886,1792,0.00013733,0.0707516,0.00462566,0.243064,0,0.669496,0.0111968,4154,-1.0651006958715203E-05,-1.0677062150639706E-05,0.3063755717920119,6869.6,8797.46,161306,1.09344E+06,0,0,0,3.270
801000,1493.2789073959423,4826,3,5512,686,5250,BlackHole,800033,8.40193E-05,242,2028,1210,2441,3886,1792,0.00013733,0.0707516,0.00462566,0.243064,0,0.669496,0.0111968,4154,-1.064665742729743E-05,-1.0672712619221933E-05,0.3063755717920119,6628.34,8609.86,161287,1.0935E+06,0,0,0,3.215
802000,1495.1429522886694,4825,3,5512,687,5250,BlackHole,800033,8.40193E-05,242,2029,1210,2441,3886,1792,0.00013733,0.0711939,0.00462566,0.243064,0,0.669053,0.0111968,4153,-1.0632595480730214E-05,-1.0658650672654717E-05,0.3063755717920119,6898.96,8675.61,161375,1.09314E+06,0,0,0,3.244
803000,1497.0069971813966,4823,3,5512,689,5250,BlackHole,800033,8.40193E-05,242,2029,1210,2443,3886,1794,0.00013733,0.0711939,0.00462566,0.243085,0,0.669032,0.0111968,4151,-1.0618734544069538E-05,-1.0644789735994041E-05,0.3063755717920119,6888.32,8719.23,161295,1.0935E+06,0,0,0,3.249
804000,1498.8710420741238,4822,3,5512,690,5250,BlackHole,800033,8.40193E-05,242,2029,1210,2444,3886,1795,0.00013733,0.0711939,0.00462566,0.24309,0,0.669028,0.0111968,4150,-1.0599005151851776E-05,-1.0625060343776279E-05,0.3063755717920119,6951.51,8635.13,161192,1.09316E+06,0,0,0,3.203
805000,1500.735086966851,4822,3,5512,690,5250,BlackHole,800033,8.40193E-05,242,2029,1210,2444,3886,1795,0.00013733,0.0711939,0.00462566,0.24309,0,0.669028,0.0111968,4150,-1.0641284863802713E-05,-1.0667340055727216E-05,0.3063755717920119,6914.33,8775.93,161301,1.09325E+06,0,0,0,3.242
806000,1502.5991318595782,4821,3,5512,691,5250,BlackHole,800033,8.40193E-05,242,2029,1210,2445,3886,1796,0.00013733,0.0711939,0.00462566,0.243098,0,0.66902,0.0111968,4149,-1.0696455935763362E-05,-1.0722511127687865E-05,0.3063755717920119,6914.52,8653.77,149568,1.09317E+06,0,0,0,3.255
807000,1504.4631767523053,4819,3,5512,693,5250,BlackHole,800033,8.40193E-05,242,2030,1210,2446,3886,1797,0.00013733,0.0715004,0.00462566,0.243658,0,0.668153,0.0111968,4147,-1.0673809393586751E-05,-1.0699864585511254E-05,0.3063755717920119,6885.44,8611.93,149301,1.09195E+06,0,0,0,3.234
808000,1506.3272216450325,4818,3,5512,694,5250,BlackHole,800033,8.40193E-05,242,2030,1210,2447,3886,1798,0.00013733,0.0715004,0.00462566,0.244427,0,0.667384,0.0111968,4146,-1.0654665366553499E-05,-1.0680720558478001E-05,0.3063755717920119,6913.2,8539.64,149291,1.09315E+06,0,0,0,3.215
809000,1508.1912665377597,4817,3,5512,695,5250,BlackHole,800033,8.40193E-05,242,2031,1210,2447,3886,1798,0.00013733,0.0715041,0.00462566,0.244427,0,0.667381,0.0111968,4145,-1.0647376067532168E-05,-1.0673431259456671E-05,0.3063755717920119,6893.27,9004.11,149257,1.09315E+06,0,0,0,3.233
810000,1510.0553114304869,4816,3,5512,696,5250,BlackHole,800033,8.40193E-05,242,2031,1210,2448,3886,1799,0.00013733,0.0715041,0.00462566,0.24443,0,0.667377,0.0111968,4144,-1.0642460485847842E-05,-1.0668515677772345E-05,0.3063755717920119,6931.03,8537.17,149340,1.09463E+06,0,0,0,3.167
811000,1511.919356323214,4816,3,5512,696,5250,BlackHole,800033,8.40193E-05,242,2031,1210,2448,3886,1799,0.00013733,0.0715041,0.00462566,0.24443,0,0.667377,0.0111968,4144,-1.0639380391769046E-05,-1.0665435583693548E-05,0.3063755717920119,6885.94,8456.18,149293,1.09444E+06,0,0,0,3.260
812000,1513.7834012159412,4814,3,5512,698,5250,BlackHole,800033,8.40193E-05,242,2031,1210,2450,3886,1801,0.00013733,0.0715041,0.00462566,0.24503,0,0.666778,0.0111968,4142,-1.0632325129101934E-05,-1.0658380321026437E-05,0.3063755717920119,6689.77,8593.31,149285,1.09452E+06,0,0,0,3.381
813000,1515.6474461086684,4812,3,5512,700,5250,BlackHole,800033,8.40193E-05,242,2031,1210,2452,3886,1803,0.00013733,0.0715041,0.00462566,0.245303,0,0.666504,0.0111968,4140,-1.062713932332959E-05,-1.0653194515254093E-05,0.3063755717920119,6881.36,8516.89,149134,1.09439E+06,0,0,0,3.183
814000,1517.5114910013956,4810,3,5512,702,5250,BlackHole,800033,8.40193E-05,242,2031,1210,2454,3886,1805,0.00013733,0.0715041,0.00462566,0.24608,0,0.665728,0.0111968,4138,-1.0616146433950265E-05,-1.0642201625874768E-05,0.3063755717920119,6874.34,8581.91,149015,1.09462E+06,0,0,0,3.197
815000,1519.3755358941228,4808,3,5512,704,5250,BlackHole,800033,8.40193E-05,242,2032,1210,2455,3886,1806,0.00013733,0.0716201,0.00462566,0.246109,0,0.665582,0.0111968,4136,-1.0603587930534081E-05,-1.0629643122458584E-05,0.3063755717920119,6880.78,8693.02,149000,1.09469E+06,0,0,0,3.238
816000,1521.23958078685,4807,3,5512,705,5250,BlackHole,800033,8.40193E-05,242,2033,1210,2455,3886,1806,0.00013733,0.0719057,0.00462566,0.246109,0,0.665297,0.0111968,4135,-1.0583687802660651E-05,-1.0609742994585154E-05,0.3063755717920119,6866.76,8571.77,149218,1.09436E+06,0,0,0,3.231
817000,1523.1036256795771,4807,3,5512,705,5250,BlackHole,800033,8.40193E-05,242,2033,1210,2455,3886,1806,0.00013733,0.0719057,0.00462566,0.246109,0,0.665297,0.0111968,4135,-1.0585711904982421E-05,-1.0611767096906924E-05,0.3063755717920119,6885.63,8518.96,149008,1.09425E+06,0,0,0,3.058
818000,1524.9676705723043,4807,3,5512,705,5250,BlackHole,800033,8.40193E-05,242,2033,1210,2455,3886,1806,0.00013733,0.0719057,0.00462566,0.246109,0,0.665297,0.0111968,4135,-1.0668198627572325E-05,-1.0694253819496828E-05,0.3063755717920119,6960.09,8819.67,148990,1.09416E+06,0,0,0,3.040
819000,1526.8317154650315,4805,3,5512,707,5250,BlackHole,800033,8.40193E-05,242,2034,1210,2456,3886,1807,0.00013733,0.0719075,0.00462566,0.246719,0,0.664684,0.0111968,4133,-1.0659679604770398E-05,-1.06857347966949E-05,0.3063755717920119,6875.86,8731.4,149035,1.0943E+06,0,0,0,3.024
820000,1528.6957603577587,4805,3,5512,707,5250,BlackHole,800033,8.40193E-05,242,2034,1210,2456,3886,1807,0.00013733,0.0719075,0.00462566,0.246719,0,0.664684,0.0111968,4133,-1.0642233423696041E-05,-1.0668288615620544E-05,0.3063755717920119,6921.62,8544.9,149004,1.09413E+06,0,0,0,3.026
821000,1530.5598052504859,4803,3,5512,709,5250,BlackHole,800033,8.40193E-05,242,2034,1210,2458,3886,1809,0.00013733,0.0719075,0.00462566,0.246741,0,0.664663,0.0111968,4131,-1.0632118896795766E-05,-1.0658174088720268E-05,0.3063755717920119,6867.97,8355.57,148949,1.09335E+06,0,0,0,3.023
822000,1532.423850143213,4803,3,5512,709,5250,BlackHole,800033,8.40193E-05,242,2034,1210,2458,3886,1809,0.00013733,0.0719075,0.00462566,0.246741,0,0.664663,0.0111968,4131,-1.0626643673482436E-05,-1.0652698865406938E-05,0.3063755717920119,6953.05,8556.67,149014,1.09335E+06,0,0,0,3.037
823000,1534.2878950359402,4803,3,5512,709,5250,BlackHole,800033,8.40193E-05,242,2034,1210,2458,3886,1809,0.00013733,0.0719075,0.00462566,0.246741,0,0.664663,0.0111968,4131,-1.0623197815838679E-05,-1.0649253007763182E-05,0.3063755717920119,6798.22,8554.96,149000,1.09262E+06,0,0,0,3.019
824000,1536.1519399286674,4802,3,5512,710,5250,BlackHole,800033,8.40193E-05,242,2034,1210,2459,3886,1810,0.00013733,0.0719075,0.00462566,0.246745,0,0.664659,0.0111968,4130,-1.0619751614336472E-05,-1.0645806806260974E-05,0.3063755717920119,6869.96,8864.02,148651,1.09366E+06,0,0,0,3.026
825000,1538.0159848213946,4802,3,5512,710,5250,BlackHole,800033,8.40193E-05,242,2034,1210,2459,3886,1810,0.00013733,0.0719075,0.00462566,0.246745,0,0.664659,0.0111968,4130,-1.0616387980383502E-05,-1.0642443172308005E-05,0.3063755717920119,6609.99,8382.96,149009,1.09291E+06,0,0,0,3.021
826000,1539.8800297141217,4802,3,5512,710,5250,BlackHole,800033,8.40193E-05,242,2034,1210,2459,3886,1810,0.00013733,0.0719075,0.00462566,0.246745,0,0.664659,0.0111968,4130,-1.0611171685778701E-05,-1.0637226877703204E-05,0.3063755717920119,6929.01,8877.73,148994,1.09235E+06,0,0,0,3.020
827000,1541.744074606849,4801,3,5512,711,5250,BlackHole,800033,8.40193E-05,242,2034,1210,2460,3886,1811,0.00013733,0.0719075,0.00462566,0.246894,0,0.66451,0.0111968,4129,-1.0602364162254745E-05,-1.0628419354179248E-05,0.3063755717920119,6955.12,8622.59,142576,1.09185E+06,0,0,0,3.018
828000,1543.608119499576,4800,3,5512,712,5250,BlackHole,800033,8.40193E-05,242,2034,1210,2461,3886,1812,0.00013733,0.0719075,0.00462566,0.246913,0,0.664491,0.0111968,4128,-1.0587118697185292E-05,-1.0613173889109795E-05,0.3063755717920119,7019.31,8545.55,142545,1.09199E+06,0,0,0,3.024
829000,1545.4721643923033,4800,3,5512,712,5250,BlackHole,800033,8.40193E-05,242,2034,1210,2461,3886,1812,0.00013733,0.0719075,0.00462566,0.246913,0,0.664491,0.0111968,4128,-1.0571041285428143E-05,-1.0597096477352646E-05,0.3063755717920119,6872.36,8678.33,142859,1.0915E+06,0,0,0,3.027
830000,1547.3362092850305,4796,3,5512,716,5250,BlackHole,800033,8.40193E-05,242,2035,1210,2464,3886,1815,0.00013733,0.0719121,0.00462566,0.247798,0,0.663601,0.0111968,4124,-1.0633040807353747E-05,-1.065909599927825E-05,0.3063755717920119,6878.84,8508.42,142593,1.09123E+06,0,0,0,3.028
831000,1549.2002541777576,4795,3,5512,717,5250,BlackHole,800033,8.40193E-05,242,2036,1210,2464,3886,1815,0.00013733,0.0719685,0.00462566,0.247798,0,0.663545,0.0111968,4123,-1.0659077249691233E-05,-1.0685132441615736E-05,0.3063755717920119,6941.35,8382.31,142582,1.09356E+06,0,0,0,3.037
832000,1551.0642990704848,4795,3,5512,717,5250,BlackHole,800033,8.40193E-05,242,2036,1210,2464,3886,1815,0.00013733,0.0719685,0.00462566,0.247798,0,0.663545,0.0111968,4123,-1.0640045413464396E-05,-1.0666100605388899E-05,0.3063755717920119,6865.07,8808.86,142577,1.0936E+06,0,0,0,3.022
833000,1552.928343963212,4795,3,5512,717,5250,BlackHole,800033,8.40193E-05,242,2036,1210,2464,3886,1815,0.00013733,0.0719685,0.00462566,0.247798,0,0.663545,0.0111968,4123,-1.0627480511359899E-05,-1.0653535703284402E-05,0.3063755717920119,6898.89,8593.13,142566,1.09342E+06,0,0,0,3.022
834000,1554.7923888559392,4795,3,5512,717,5250,BlackHole,800033,8.40193E-05,242,2036,1210,2464,3886,1815,0.00013733,0.0719685,0.00462566,0.247798,0,0.663545,0.0111968,4123,-1.0621010451359803E-05,-1.0647065643284306E-05,0.3063755717920119,6884.83,8419.96,142342,1.09241E+06,0,0,0,3.033
835000,1556.6564337486664,4794,3,5512,718,5250,BlackHole,800033,8.40193E-05,242,2036,1210,2465,3886,1816,0.00013733,0.0719685,0.00462566,0.248044,0,0.663299,0.0111968,4122,-1.0616046115558364E-05,-1.0642101307482867E-05,0.3063755717920119,6858.57,8770.1,142619,1.09217E+06,0,0,0,3.029
836000,1558.5204786413935,4793,3,5512,719,5250,BlackHole,800033,8.40193E-05,242,2036,1210,2466,3886,1817,0.00013733,0.0719685,0.00462566,0.248046,0,0.663297,0.0111968,4121,-1.0612517928998617E-05,-1.063857312092312E-05,0.3063755717920119,6569.47,8387.62,142587,1.09182E+06,0,0,0,3.031
837000,1560.3845235341207,4856,3,5512,656,5250,BlackHole,800033,8.40193E-05,242,2036,1210,2467,3950,1817,0.00013733,0.0719685,0.00462566,0.248046,0,0.663297,0.0111968,4184,-1.0609663815344355E-05,-1.0635719007268858E-05,0.3063755717920119,6875.68,8608.88,173070,1.07858E+06,0,0,0,3.044
838000,1562.248568426848,4855,3,5512,657,5250,BlackHole,800033,8.40193E-05,242,2036,1210,2468,3950,1818,0.00013733,0.0719685,0.00462566,0.24822,0,0.663123,0.0111968,4182,-1.060388194031999E-05,-1.0629937132244494E-05,0.3063755717920119,6894.3,8753.14,172871,1.07832E+06,0,0,0,3.100
839000,1564.112613319575,4855,3,5512,657,5250,BlackHole,800033,8.40193E-05,242,2036,1210,2468,3950,1818,0.00013733,0.0719685,0.00462566,0.24822,0,0.663123,0.0111968,4182,-1.0597145766565278E-05,-1.0623200958489781E-05,0.3063755717920119,6915.38,8620.28,172956,1.07835E+06,0,0,0,3.103
840000,1565.9766582123023,4855,3,5512,657,5250,BlackHole,800033,8.40193E-05,242,2036,1210,2468,3950,1818,0.00013733,0.0719685,0.00462566,0.24822,0,0.663123,0.0111968,4182,-1.058485655118365E-05,-1.0610911743108153E-05,0.3063755717920119,6839.14,8558.21,172975,1.0782E+06,0,0,0,3.418
841000,1567.8407031050294,4855,3,5512,657,5250,BlackHole,800033,8.40193E-05,242,2036,1210,2468,3950,1818,0.00013733,0.0719685,0.00462566,0.24822,0,0.663123,0.0111968,4182,-1.0565153868388408E-05,-1.059120906031291E-05,0.3063755717920119,6886.63,8849.11,173102,1.0783E+06,0,0,0,3.515
842000,1569.7047479977566,4855,3,5512,657,5250,BlackHole,800033,8.40193E-05,242,2036,1210,2468,3950,1818,0.00013733,0.0719685,0.00462566,0.24822,0,0.663123,0.0111968,4183,-1.059158038243787E-05,-1.0617635574362373E-05,0.3063755717920119,6886.66,8560.7,172891,1.07819E+06,0,0,0,3.506
843000,1571.5687928904838,4855,3,5512,657,5250,BlackHole,800033,8.40193E-05,242,2036,1210,2468,3950,1818,0.00013733,0.0719685,0.00462566,0.24822,0,0.663123,0.0111968,4183,-1.0660522244100254E-05,-1.0686577436024757E-05,0.3063755717920119,6925.8,8468.34,172957,1.07818E+06,0,0,0,3.506
844000,1573.432837783211,4854,3,5512,658,5250,BlackHole,800033,8.40193E-05,242,2036,1210,2469,3950,1819,0.00013733,0.0719685,0.00462566,0.248271,0,0.663072,0.0111968,4182,-1.0644247311866183E-05,-1.0670302503790686E-05,0.3063755717920119,6957.19,8889.97,172978,1.0782E+06,0,0,0,3.391
845000,1575.2968826759381,4853,3,5512,659,5250,BlackHole,800033,8.40193E-05,242,2037,1210,2469,3950,1819,0.00013733,0.071976,0.00462566,0.248271,0,0.663065,0.0111968,4181,-1.0629318727091279E-05,-1.0655373919015782E-05,0.3063755717920119,6819.65,8384.03,173152,1.07777E+06,0,0,0,3.207
846000,1577.1609275686653,4853,3,5512,659,5250,BlackHole,800033,8.40193E-05,242,2037,1210,2469,3950,1819,0.00013733,0.071976,0.00462566,0.248271,0,0.663065,0.0111968,4181,-1.0620273507808027E-05,-1.064632869973253E-05,0.3063755717920119,6869.66,8605.68,172905,1.07775E+06,0,0,0,3.095
847000,1579.0249724613925,4853,3,5512,659,5250,BlackHole,800033,8.40193E-05,242,2037,1210,2469,3950,1819,0.00013733,0.071976,0.00462566,0.248271,0,0.663065,0.0111968,4181,-1.0615983277023777E-05,-1.064203846894828E-05,0.3063755717920119,6611.77,8785.02,172960,1.07778E+06,0,0,0,3.087
848000,1580.8890173541197,4853,3,5512,659,5250,BlackHole,800033,8.40193E-05,242,2037,1210,2469,3950,1819,0.00013733,0.071976,0.00462566,0.248271,0,0.663065,0.0111968,4181,-1.0612216006770518E-05,-1.063827119869502E-05,0.3063755717920119,6901.06,8471.85,172980,1.07766E+06,0,0,0,3.091
849000,1582.7530622468469,4851,3,5512,661,5250,BlackHole,800033,8.40193E-05,242,2038,1210,2470,3950,1820,0.00013733,0.0720019,0.00462566,0.248286,0,0.663023,0.0111968,4179,-1.0608463992792429E-05,-1.0634519184716932E-05,0.3063755717920119,6870.14,8446.92,169289,1.0776E+06,0,0,0,3.095
850000,1584.617107139574,4851,3,5512,661,5250,BlackHole,800033,8.40193E-05,242,2038,1210,2470,3950,1820,0.00013733,0.0720019,0.00462566,0.248286,0,0.663023,0.0111968,4179,-1.0604498311524357E-05,-1.063055350344886E-05,0.3063755717920119,6799.22,8765.84,169248,1.07752E+06,0,0,0,3.090
851000,1586.4811520323012,4850,3,5512,662,5250,BlackHole,800033,8.40193E-05,242,2038,1210,2471,3950,1821,0.00013733,0.0720019,0.00462566,0.249061,0,0.662248,0.0111968,4178,-1.059443892610668E-05,-1.0620494118031183E-05,0.3063755717920119,6983.17,8691.19,169237,1.07751E+06,0,0,0,3.094
852000,1588.3451969250284,4850,3,5512,662,5250,BlackHole,800033,8.40193E-05,242,2038,1210,2471,3950,1821,0.00013733,0.0720019,0.00462566,0.249061,0,0.662248,0.0111968,4178,-1.0584507900929026E-05,-1.0610563092853529E-05,0.3063755717920119,6886.95,8648.13,169229,1.0776E+06,0,0,0,3.091
853000,1590.2092418177556,4850,3,5512,662,5250,BlackHole,800033,8.40193E-05,242,2038,1210,2471,3950,1821,0.00013733,0.0720019,0.00462566,0.249061,0,0.662248,0.0111968,4178,-1.0567360554778598E-05,-1.0593415746703101E-05,0.3063755717920119,6935.94,8607.94,169221,1.07748E+06,0,0,0,3.086
854000,1592.0732867104828,4849,3,5512,663,5250,BlackHole,800033,8.40193E-05,242,2038,1210,2472,3950,1822,0.00013733,0.0720019,0.00462566,0.249717,0,0.661593,0.0111968,4177,-1.0556681584857635E-05,-1.0582736776782138E-05,0.3063755717920119,6895.64,8452.98,169206,1.07746E+06,0,0,0,3.105
855000,1593.93733160321,4849,3,5512,663,5250,BlackHole,800033,8.40193E-05,242,2038,1210,2472,3950,1822,0.00013733,0.0720019,0.00462566,0.249717,0,0.661593,0.0111968,4177,-1.063799993882876E-05,-1.0664055130753263E-05,0.3063755717920119,6777.85,8736.07,169148,1.07752E+06,0,0,0,3.091
856000,1595.8013764959371,4847,3,5512,665,5250,BlackHole,800033,8.40193E-05,242,2038,1210,2474,3950,1824,0.00013733,0.0720019,0.00462566,0.249729,0,0.66158,0.0111968,4175,-1.064230279552438E-05,-1.0668357987448882E-05,0.3063755717920119,6922.4,8555.8,169277,1.07755E+06,0,0,0,3.095
857000,1597.6654213886643,4847,3,5512,665,5250,BlackHole,800033,8.40193E-05,242,2038,1210,2474,3950,1824,0.00013733,0.0720019,0.00462566,0.249729,0,0.66158,0.0111968,4175,-1.0624144873975301E-05,-1.0650200065899804E-05,0.3063755717920119,6876.65,8781.24,169306,1.07698E+06,0,0,0,3.090
858000,1599.5294662813915,4847,3,5512,665,5250,BlackHole,800033,8.40193E-05,242,2038,1210,2474,3950,1824,0.00013733,0.0720019,0.00462566,0.249729,0,0.66158,0.0111968,4175,-1.0613014024808743E-05,-1.0639069216733246E-05,0.3063755717920119,6663.64,8624.36,169247,1.07705E+06,0,0,0,3.091
859000,1601.3935111741187,4846,3,5512,666,5250,BlackHole,800033,8.40193E-05,242,2039,1210,2474,3950,1824,0.00013733,0.0720233,0.00462566,0.249729,0,0.661559,0.0111968,4174,-1.060770396962873E-05,-1.0633759161553233E-05,0.3063755717920119,7031.15,8658.19,169234,1.07753E+06,0,0,0,3.088
860000,1603.2575560668458,4846,3,5512,666,5250,BlackHole,800033,8.40193E-05,242,2039,1210,2474,3950,1824,0.00013733,0.0720233,0.00462566,0.249729,0,0.661559,0.0111968,4174,-1.0604212698972295E-05,-1.0630267890896798E-05,0.3063755717920119,6756.72,8603.34,169227,1.07705E+06,0,0,0,3.089
861000,1605.121600959573,4844,3,5512,668,5250,BlackHole,800033,8.40193E-05,242,2040,1210,2475,3950,1825,0.00013733,0.0721302,0.00462566,0.249748,0,0.661433,0.0111968,4172,-1.0599068033417854E-05,-1.0625123225342357E-05,0.3063755717920119,6951.57,8915.2,169221,1.07722E+06,0,0,0,3.092
862000,1606.9856458523002,4843,3,5512,669,5250,BlackHole,800033,8.40193E-05,242,2041,1210,2475,3950,1825,0.00013733,0.0729184,0.00462566,0.249748,0,0.660645,0.0111968,4171,-1.0591266444189097E-05,-1.06173216361136E-05,0.3063755717920119,6886.56,8654.16,169210,1.07654E+06,0,0,0,3.082
863000,1608.8496907450274,4843,3,5512,669,5250,BlackHole,800033,8.40193E-05,242,2041,1210,2475,3950,1825,0.00013733,0.0729184,0.00462566,0.249748,0,0.660645,0.0111968,4171,-1.0586403294847514E-05,-1.0612458486772017E-05,0.3063755717920119,6964.53,8640.16,169173,1.07644E+06,0,0,0,3.093
864000,1610.7137356377546,4843,3,5512,669,5250,BlackHole,800033,8.40193E-05,242,2041,1210,2475,3950,1825,0.00013733,0.0729184,0.00462566,0.249748,0,0.660645,0.0111968,4171,-1.0578464263598571E-05,-1.0604519455523074E-05,0.3063755717920119,6884.22,8698.26,169115,1.07647E+06,0,0,0,3.083
865000,1612.5777805304817,4841,3,5512,671,5250,BlackHole,800033,8.40193E-05,242,2042,1210,2476,3950,1826,0.00013733,0.0730966,0.00462566,0.249753,0,0.660461,0.0111968,4169,-1.0560005221560139E-05,-1.0586060413484641E-05,0.3063755717920119,6737.81,8643.9,169307,1.07652E+06,0,0,0,3.086
866000,1614.441825423209,4841,3,5512,671,5250,BlackHole,800033,8.40193E-05,242,2042,1210,2476,3950,1826,0.00013733,0.0730966,0.00462566,0.249753,0,0.660461,0.0111968,4169,-1.0540072467423623E-05,-1.0566127659348126E-05,0.3063755717920119,6941.3,8715.38,169119,1.07637E+06,0,0,0,3.080
867000,1616.305870315936,4840,3,5512,672,5250,BlackHole,800033,8.40193E-05,242,2043,1210,2476,3950,1826,0.00013733,0.0731006,0.00462566,0.249753,0,0.660458,0.0111968,4168,-1.059274708617817E-05,-1.0618802278102673E-05,0.3063755717920119,6925.29,8789.74,168874,1.07646E+06,0,0,0,3.095
868000,1618.1699152086633,4840,3,5512,672,5250,BlackHole,800033,8.40193E-05,242,2043,1210,2476,3950,1826,0.00013733,0.0731006,0.00462566,0.249753,0,0.660458,0.0111968,4168,-1.063744656637961E-05,-1.0663501758304113E-05,0.3063755717920119,6873.41,8590.8,169124,1.07647E+06,0,0,0,3.085
869000,1620.0339601013904,4839,3,5512,673,5250,BlackHole,800033,8.40193E-05,242,2044,1210,2476,3950,1826,0.00013733,0.0731558,0.00462566,0.249753,0,0.660402,0.0111968,4167,-1.0616222269454586E-05,-1.0642277461379089E-05,0.3063755717920119,6751.83,8749.45,169081,1.07641E+06,0,0,0,3.094
870000,1621.8980049941176,4839,3,5512,673,5250,BlackHole,800033,8.40193E-05,242,2044,1210,2476,3950,1826,0.00013733,0.0731558,0.00462566,0.249753,0,0.660402,0.0111968,4167,-1.0603539557436236E-05,-1.0629594749360739E-05,0.3063755717920119,6721.08,8766.15,169130,1.07613E+06,0,0,0,3.073
871000,1623.7620498868448,4839,3,5512,673,5250,BlackHole,800033,8.40193E-05,242,2044,1210,2476,3950,1826,0.00013733,0.0731558,0.00462566,0.249753,0,0.660402,0.0111968,4167,-1.0596652008248071E-05,-1.0622707200172574E-05,0.3063755717920119,6695.02,8411.28,169107,1.07632E+06,0,0,0,3.078
872000,1625.626094779572,4839,3,5512,673,5250,BlackHole,800033,8.40193E-05,242,2044,1210,2476,3950,1826,0.00013733,0.0731558,0.00462566,0.249753,0,0.660402,0.0111968,4167,-1.0591904945536652E-05,-1.0617960137461155E-05,0.3063755717920119,6877.4,8585.43,168994,1.07636E+06,0,0,0,3.076
873000,1627.4901396722992,4839,3,5512,673,5250,BlackHole,800033,8.40193E-05,242,2044,1210,2476,3950,1826,0.00013733,0.0731558,0.00462566,0.249753,0,0.660402,0.0111968,4167,-1.0588774792269507E-05,-1.061482998419401E-05,0.3063755717920119,6910.07,8797.59,169114,1.0764E+06,0,0,0,3.085
874000,1629.3541845650263,4838,3,5512,674,5250,BlackHole,800033,8.40193E-05,242,2044,1210,2477,3950,1827,0.00013733,0.0731558,0.00462566,0.250472,0,0.659683,0.0111968,4166,-1.0572565480005113E-05,-1.0598620671929616E-05,0.3063755717920119,6929.61,8651.24,169265,1.07711E+06,0,0,0,3.079
875000,1631.2182294577535,4837,3,5512,675,5250,BlackHole,800033,8.40193E-05,242,2045,1210,2477,3950,1827,0.00013733,0.0731576,0.00462566,0.250472,0,0.659681,0.0111968,4165,-1.0568553007032263E-05,-1.0594608198956766E-05,0.3063755717920119,6706.38,8674.99,169124,1.07697E+06,0,0,0,3.094
876000,1633.0822743504807,4835,3,5512,677,5250,BlackHole,800033,8.40193E-05,242,2046,1210,2478,3950,1828,0.00013733,0.0734151,0.00462566,0.250478,0,0.659418,0.0111968,4163,-1.0559161425088686E-05,-1.0585216617013189E-05,0.3063755717920119,6920.71,8731.65,168921,1.0769E+06,0,0,0,3.197
877000,1634.9463192432079,4835,3,5512,677,5250,BlackHole,800033,8.40193E-05,242,2046,1210,2478,3950,1828,0.00013733,0.0734151,0.00462566,0.250478,0,0.659418,0.0111968,4163,-1.0548055940649843E-05,-1.0574111132574345E-05,0.3063755717920119,6945.65,8473.07,169131,1.07683E+06,0,0,0,3.225
878000,1636.810364135935,4835,3,5512,677,5250,BlackHole,800033,8.40193E-05,242,2046,1210,2478,3950,1828,0.00013733,0.0734151,0.00462566,0.250478,0,0.659418,0.0111968,4163,-1.0528756879921285E-05,-1.0554812071845787E-05,0.3063755717920119,6874.42,8516.93,169093,1.07684E+06,0,0,0,3.216
879000,1638.6744090286622,4834,3,5512,678,5250,BlackHole,800033,8.40193E-05,242,2047,1210,2478,3950,1828,0.00013733,0.0734215,0.00462566,0.250478,0,0.659412,0.0111968,4162,-1.0539760192348554E-05,-1.0565815384273057E-05,0.3063755717920119,6929.54,8546.71,169137,1.07716E+06,0,0,0,3.177
880000,1640.5384539213894,4834,3,5512,678,5250,BlackHole,800033,8.40193E-05,242,2047,1210,2478,3950,1828,0.00013733,0.0734215,0.00462566,0.250478,0,0.659412,0.0111968,4162,-1.0618503519583815E-05,-1.0644558711508318E-05,0.3063755717920119,6692.79,8846.4,169099,1.0771E+06,0,0,0,3.230
881000,1642.4024988141166,4833,3,5512,679,5250,BlackHole,800033,8.40193E-05,242,2047,1210,2479,3950,1829,0.00013733,0.0734215,0.00462566,0.251207,0,0.658683,0.0111968,4160,-1.0603847520087713E-05,-1.0629902712012216E-05,0.3063755717920119,6982.98,8760.03,169165,1.07686E+06,0,0,0,3.231
882000,1644.2665437068438,4832,3,5512,680,5250,BlackHole,800033,8.40193E-05,242,2047,1210,2480,3950,1830,0.00013733,0.0734215,0.00462566,0.251212,0,0.658678,0.0111968,4159,-1.0587284632783541E-05,-1.0613339824708044E-05,0.3063755717920119,6563.98,8548.93,161257,1.07642E+06,0,0,0,3.198
883000,1646.130588599571,4830,3,5512,682,5250,BlackHole,800033,8.40193E-05,242,2048,1210,2481,3950,1831,0.00013733,0.0735304,0.00462566,0.251222,0,0.658559,0.0111968,4158,-1.0578360160988826E-05,-1.0604415352913329E-05,0.3063755717920119,6868.54,8927.09,161298,1.07632E+06,0,0,0,3.205
884000,1647.9946334922981,4829,3,5512,683,5250,BlackHole,800033,8.40193E-05,242,2048,1210,2482,3950,1832,0.00013733,0.0735304,0.00462566,0.251459,0,0.658322,0.0111968,4157,-1.0571933213345299E-05,-1.0597988405269801E-05,0.3063755717920119,6908.99,8829.57,161266,1.07545E+06,0,0,0,3.185
885000,1649.8586783850253,4827,3,5512,685,5250,BlackHole,800033,8.40193E-05,242,2048,1210,2484,3950,1834,0.00013733,0.0735304,0.00462566,0.252081,0,0.6577,0.0111968,4155,-1.056435243696087E-05,-1.0590407628885373E-05,0.3063755717920119,6680.17,8549.74,160828,1.07465E+06,0,0,0,3.261
886000,1651.7227232777525,4827,3,5512,685,5250,BlackHole,800033,8.40193E-05,242,2048,1210,2484,3950,1834,0.00013733,0.0735304,0.00462566,0.252081,0,0.6577,0.0111968,4155,-1.0561899385120845E-05,-1.0587954577045348E-05,0.3063755717920119,6873.26,9001.41,161272,1.07403E+06,0,0,0,3.267
887000,1653.5867681704797,4827,3,5512,685,5250,BlackHole,800033,8.40193E-05,242,2048,1210,2484,3950,1834,0.00013733,0.0735304,0.00462566,0.252081,0,0.6577,0.0111968,4155,-1.0558235888705138E-05,-1.058429108062964E-05,0.3063755717920119,6915.3,9137.86,161245,1.07408E+06,0,0,0,3.236
888000,1655.4508130632069,4827,3,5512,685,5250,BlackHole,800033,8.40193E-05,242,2048,1210,2484,3950,1834,0.00013733,0.0735304,0.00462566,0.252081,0,0.6577,0.0111968,4155,-1.0553427816260193E-05,-1.0579483008184696E-05,0.3063755717920119,6928.42,8554.85,161287,1.07387E+06,0,0,0,3.253
889000,1657.314857955934,4826,3,5512,686,5250,BlackHole,800033,8.40193E-05,242,2048,1210,2485,3950,1835,0.00013733,0.0735304,0.00462566,0.252088,0,0.657693,0.0111968,4154,-1.0544848998025495E-05,-1.0570904189949998E-05,0.3063755717920119,6942.12,8751.27,161262,1.07353E+06,0,0,0,3.231
890000,1659.1789028486612,4826,3,5512,686,5250,BlackHole,800033,8.40193E-05,242,2048,1210,2485,3950,1835,0.00013733,0.0735304,0.00462566,0.252088,0,0.657693,0.0111968,4154,-1.0528454283235766E-05,-1.0554509475160269E-05,0.3063755717920119,6668.3,8787.54,161684,1.0735E+06,0,0,0,3.251
891000,1661.0429477413884,4825,3,5512,687,5250,BlackHole,800033,8.40193E-05,242,2048,1210,2486,3950,1836,0.00013733,0.0735304,0.00462566,0.252139,0,0.657642,0.0111968,4153,-1.0514298338403615E-05,-1.0540353530328117E-05,0.3063755717920119,6895.62,8810.98,161270,1.07301E+06,0,0,0,3.342
892000,1662.9069926341156,4825,3,5512,687,5250,BlackHole,800033,8.40193E-05,242,2048,1210,2486,3950,1836,0.00013733,0.0735304,0.00462566,0.252139,0,0.657642,0.0111968,4152,-1.0589853142766329E-05,-1.0615908334690832E-05,0.3063755717920119,6889.86,8526.61,161232,1.07299E+06,0,0,0,3.223
893000,1664.7710375268427,4825,3,5512,687,5250,BlackHole,800033,8.40193E-05,242,2048,1210,2486,3950,1836,0.00013733,0.0735304,0.00462566,0.252139,0,0.657642,0.0111968,4153,-1.0607583636361005E-05,-1.0633638828285508E-05,0.3063755717920119,6594.31,8645.93,161282,1.07298E+06,0,0,0,3.280
894000,1666.63508241957,4824,3,5512,688,5250,BlackHole,800033,8.40193E-05,242,2048,1210,2487,3950,1837,0.00013733,0.0735304,0.00462566,0.252361,0,0.65742,0.0111968,4152,-1.0586924743151772E-05,-1.0612979935076275E-05,0.3063755717920119,6877.39,8581.91,161262,1.07296E+06,0,0,0,3.312
895000,1668.499127312297,4821,3,5512,691,5250,BlackHole,800033,8.40193E-05,242,2049,1210,2489,3950,1839,0.00013733,0.0735344,0.00462566,0.253032,0,0.656745,0.0111968,4149,-1.057187545016976E-05,-1.0597930642094264E-05,0.3063755717920119,6657.71,8825.26,149305,1.072E+06,0,0,0,3.245
896000,1670.3631722050243,4821,3,5512,691,5250,BlackHole,800033,8.40193E-05,242,2049,1210,2489,3950,1839,0.00013733,0.0735344,0.00462566,0.253032,0,0.656745,0.0111968,4148,-1.056466667039482E-05,-1.0590721862319323E-05,0.3063755717920119,6949.65,8634.82,149270,1.07189E+06,0,0,0,3.298
897000,1672.2272170977515,4820,3,5512,692,5250,BlackHole,800033,8.40193E-05,242,2049,1210,2490,3950,1840,0.00013733,0.0735344,0.00462566,0.253036,0,0.65674,0.0111968,4148,-1.0561632860272463E-05,-1.0587688052196966E-05,0.3063755717920119,6944.28,8855.5,149261,1.07301E+06,0,0,0,3.324
898000,1674.0912619904786,4820,3,5512,692,5250,BlackHole,800033,8.40193E-05,242,2049,1210,2490,3950,1840,0.00013733,0.0735344,0.00462566,0.253036,0,0.65674,0.0111968,4148,-1.0557994447776967E-05,-1.058404963970147E-05,0.3063755717920119,6875.24,8639.25,149044,1.07285E+06,0,0,0,3.300
899000,1675.9553068832058,4820,3,5512,692,5250,BlackHole,800033,8.40193E-05,242,2049,1210,2490,3950,1840,0.00013733,0.0735344,0.00462566,0.253036,0,0.65674,0.0111968,4148,-1.0554716535757856E-05,-1.0580771727682359E-05,0.3063755717920119,6889.62,8589.43,149284,1.0729E+06,0,0,0,3.240
900000,1677.819351775933,4819,3,5512,693,5250,BlackHole,800033,8.40193E-05,242,2049,1210,2491,3950,1841,0.00013733,0.0735344,0.00462566,0.253263,0,0.656514,0.0111968,4147,-1.0549231162128056E-05,-1.0575286354052559E-05,0.3063755717920119,6648.02,8748.88,149267,1.07187E+06,0,0,0,3.327
901000,1679.6833966686602,4819,3,5512,693,5250,BlackHole,800033,8.40193E-05,242,2049,1210,2491,3950,1841,0.00013733,0.0735344,0.00462566,0.253263,0,0.656514,0.0111968,4147,-1.054230967555205E-05,-1.0568364867476553E-05,0.3063755717920119,6951.55,8577.7,149250,1.07197E+06,0,0,0,3.317
902000,1681.5474415613874,4819,3,5512,693,5250,BlackHole,800033,8.40193E-05,242,2049,1210,2491,3950,1841,0.00013733,0.0735344,0.00462566,0.253263,0,0.656514,0.0111968,4147,-1.052925917223308E-05,-1.0555314364157582E-05,0.3063755717920119,6870.66,8568.92,149611,1.07192E+06,0,0,0,3.360
903000,1683.4114864541145,4818,3,5512,694,5250,BlackHole,800033,8.40193E-05,242,2049,1210,2492,3950,1842,0.00013733,0.0735344,0.00462566,0.253734,0,0.656043,0.0111968,4146,-1.0506513555423136E-05,-1.053256874734764E-05,0.3063755717920119,6869.79,8672.17,149271,1.07172E+06,0,0,0,3.314
904000,1685.2755313468417,4818,3,5512,694,5250,BlackHole,800033,8.40193E-05,242,2049,1210,2492,3950,1842,0.00013733,0.0735344,0.00462566,0.253734,0,0.656043,0.0111968,4146,-1.0543727051875678E-05,-1.0569782243800181E-05,0.3063755717920119,6642.56,9099.59,149261,1.07172E+06,0,0,0,3.258
905000,1687.139576239569,4817,3,5512,695,5250,BlackHole,800033,8.40193E-05,242,2049,1210,2493,3950,1843,0.00013733,0.0735344,0.00462566,0.254348,0,0.655429,0.0111968,4145,-1.0600443174856413E-05,-1.0626498366780916E-05,0.3063755717920119,6639.32,8513.08,149231,1.07149E+06,0,0,0,3.281
906000,1689.003621132296,4816,3,5512,696,5250,BlackHole,800033,8.40193E-05,242,2050,1210,2493,3950,1843,0.00013733,0.0735352,0.00462566,0.254348,0,0.655428,0.0111968,4144,-1.0583010313620274E-05,-1.0609065505544776E-05,0.3063755717920119,6920.62,8413.95,161263,1.07178E+06,0,0,0,3.294
907000,1690.8676660250233,4815,3,5512,697,5250,BlackHole,800033,8.40193E-05,242,2050,1210,2494,3950,1844,0.00013733,0.0735352,0.00462566,0.254424,0,0.655352,0.0111968,4143,-1.056790139156697E-05,-1.0593956583491473E-05,0.3063755717920119,6893.63,8618.69,160882,1.07139E+06,0,0,0,3.280
908000,1692.7317109177504,4815,3,5512,697,5250,BlackHole,800033,8.40193E-05,242,2050,1210,2494,3950,1844,0.00013733,0.0735352,0.00462566,0.254424,0,0.655352,0.0111968,4143,-1.056048044501479E-05,-1.0586535636939293E-05,0.3063755717920119,6934.84,8567.69,161267,1.07122E+06,0,0,0,3.315
909000,1694.5957558104776,4815,3,5512,697,5250,BlackHole,800033,8.40193E-05,242,2050,1210,2494,3950,1844,0.00013733,0.0735352,0.00462566,0.254424,0,0.655352,0.0111968,4143,-1.0555399418979058E-05,-1.0581454610903561E-05,0.3063755717920119,6891.26,8639.88,161244,1.07131E+06,0,0,0,3.397
910000,1696.4598007032048,4815,3,5512,697,5250,BlackHole,800033,8.40193E-05,242,2050,1210,2494,3950,1844,0.00013733,0.0735352,0.00462566,0.254424,0,0.655352,0.0111968,4142,-1.0552621918834782E-05,-1.0578677110759285E-05,0.3063755717920119,6631.32,9085.92,161287,1.07124E+06,0,0,0,3.253
911000,1698.323845595932,4814,3,5512,698,5250,BlackHole,800033,8.40193E-05,242,2050,1210,2495,3950,1845,0.00013733,0.0735352,0.00462566,0.254575,0,0.655201,0.0111968,4141,-1.0548340777413346E-05,-1.0574395969337848E-05,0.3063755717920119,6866.59,8451.46,161260,1.07109E+06,0,0,0,3.291
912000,1700.1878904886591,4814,3,5512,698,5250,BlackHole,800033,8.40193E-05,242,2050,1210,2495,3950,1845,0.00013733,0.0735352,0.00462566,0.254575,0,0.655201,0.0111968,4141,-1.0544310885964888E-05,-1.057036607788939E-05,0.3063755717920119,6872.06,8552.88,161647,1.07078E+06,0,0,0,3.344
913000,1702.0519353813863,4876,3,5512,636,5250,BlackHole,800033,8.40193E-05,242,2050,1210,2497,4014,1846,0.00013733,0.0735352,0.00462566,0.25458,0,0.655196,0.0111968,4140,-1.0538598870781832E-05,-1.0564654062706335E-05,0.3063755717940789,6888.59,8962.22,161267,1.07065E+06,0,0,0,3.420
914000,1703.9159802741135,4876,3,5512,636,5250,BlackHole,800033,8.40193E-05,242,2050,1210,2497,4014,1846,0.00013733,0.0735352,0.00462566,0.25458,0,0.655196,0.0111968,4140,-1.052890509475355E-05,-1.0554960286678052E-05,0.3063755717940789,6932.18,8555.07,161235,1.07053E+06,0,0,0,3.347
915000,1705.7800251668407,4875,3,5512,637,5250,BlackHole,800033,8.40193E-05,242,2051,1210,2497,4014,1846,0.00013733,0.0736778,0.00462566,0.25458,0,0.655053,0.0111968,4139,-1.0509323586824726E-05,-1.053537877874923E-05,0.3063755717940789,6623.78,8664.23,149257,1.07041E+06,0,0,0,3.489
916000,1707.6440700595679,4875,3,5512,637,5250,BlackHole,800033,8.40193E-05,242,2051,1210,2497,4014,1846,0.00013733,0.0736778,0.00462566,0.25458,0,0.655053,0.0111968,4139,-1.0508359234556942E-05,-1.0534414426481445E-05,0.3063755717940789,6882.12,8675.6,149235,1.07021E+06,0,0,0,3.291
917000,1709.508114952295,4875,3,5512,637,5250,BlackHole,800033,8.40193E-05,242,2051,1210,2497,4014,1846,0.00013733,0.0736778,0.00462566,0.25458,0,0.655053,0.0111968,4139,-1.0590739847382996E-05,-1.0616795039307498E-05,0.3063755717940789,6815.55,8739.02,149340,1.07037E+06,0,0,0,3.279
918000,1711.3721598450222,4875,3,5512,637,5250,BlackHole,800033,8.40193E-05,242,2051,1210,2497,4014,1846,0.00013733,0.0736778,0.00462566,0.25458,0,0.655053,0.0111968,4139,-1.0588323068132035E-05,-1.0614378260056538E-05,0.3063755717940789,6929.68,8633.08,149264,1.06956E+06,0,0,0,3.254
919000,1713.2362047377494,4874,3,5512,638,5250,BlackHole,800033,8.40193E-05,242,2051,1210,2498,4014,1847,0.00013733,0.0736778,0.00462566,0.254585,0,0.655049,0.0111968,4138,-1.057083499650466E-05,-1.0596890188429163E-05,0.3063755717940789,6923.07,8758,149254,1.07052E+06,0,0,0,3.295
920000,1715.1002496304766,4874,3,5512,638,5250,BlackHole,800033,8.40193E-05,242,2051,1210,2498,4014,1847,0.00013733,0.0736778,0.00462566,0.254585,0,0.655049,0.0111968,4138,-1.0560674781937748E-05,-1.058672997386225E-05,0.3063755717940789,6616.27,8435.93,149176,1.07058E+06,0,0,0,3.343
921000,1716.9642945232038,4874,3,5512,638,5250,BlackHole,800033,8.40193E-05,242,2051,1210,2498,4014,1847,0.00013733,0.0736778,0.00462566,0.254585,0,0.655049,0.0111968,4138,-1.0554627106768037E-05,-1.058068229869254E-05,0.3063755717940789,6865.33,8862.62,149283,1.07049E+06,0,0,0,3.310
922000,1718.828339415931,4874,3,5512,638,5250,BlackHole,800033,8.40193E-05,242,2051,1210,2498,4014,1847,0.00013733,0.0736778,0.00462566,0.254585,0,0.655049,0.0111968,4137,-1.0551081724668571E-05,-1.0577136916593074E-05,0.3063755717940789,6890.1,8626.71,149261,1.07037E+06,0,0,0,3.255
923000,1720.6923843086581,4873,3,5512,639,5250,BlackHole,800033,8.40193E-05,242,2052,1210,2498,4014,1847,0.00013733,0.0742055,0.00462566,0.254585,0,0.654521,0.0111968,4137,-1.0537591390367122E-05,-1.0563646582291625E-05,0.3063755717940789,6949.77,8596.24,149250,1.07038E+06,0,0,0,3.270
924000,1722.5564292013853,4873,3,5512,639,5250,BlackHole,800033,8.40193E-05,242,2052,1210,2498,4014,1847,0.00013733,0.0742055,0.00462566,0.254585,0,0.654521,0.0111968,4137,-1.0533526969520098E-05,-1.05595821614446E-05,0.3063755717940789,6879.41,8764.27,148957,1.07041E+06,0,0,0,3.277
925000,1724.4204740941125,4873,3,5512,639,5250,BlackHole,800033,8.40193E-05,242,2052,1210,2498,4014,1847,0.00013733,0.0742055,0.00462566,0.254585,0,0.654521,0.0111968,4137,-1.0529178010132473E-05,-1.0555233202056976E-05,0.3063755717940789,6608.58,8491.34,149269,1.07043E+06,0,0,0,3.287
926000,1726.2845189868397,4873,3,5512,639,5250,BlackHole,800033,8.40193E-05,242,2052,1210,2498,4014,1847,0.00013733,0.0742055,0.00462566,0.254585,0,0.654521,0.0111968,4137,-1.052130996577037E-05,-1.0547365157694873E-05,0.3063755717940789,6834.06,8504.01,149257,1.07044E+06,0,0,0,3.233
927000,1728.1485638795668,4872,3,5512,640,5250,BlackHole,800033,8.40193E-05,242,2052,1210,2499,4014,1848,0.00013733,0.0742055,0.00462566,0.254684,0,0.654422,0.0111968,4136,-1.0505617893641963E-05,-1.0531673085566466E-05,0.3063755717940789,6889.85,8907.39,149237,1.07092E+06,0,0,0,3.292
928000,1730.012608772294,4872,3,5512,640,5250,BlackHole,800033,8.40193E-05,242,2052,1210,2499,4014,1848,0.00013733,0.0742055,0.00462566,0.254684,0,0.654422,0.0111968,4136,-1.0487470174038398E-05,-1.0513525365962901E-05,0.3063755717940789,6577.27,8531.29,149378,1.07081E+06,0,0,0,3.265
929000,1731.8766536650212,4871,3,5512,641,5250,BlackHole,800033,8.40193E-05,242,2052,1210,2500,4014,1849,0.00013733,0.0742055,0.00462566,0.25478,0,0.654326,0.0111968,4135,-1.0549723117421561E-05,-1.0575778309346064E-05,0.3063755717940789,6868.34,8710.39,149262,1.07024E+06,0,0,0,3.301
930000,1733.7406985577484,4870,3,5512,642,5250,BlackHole,800033,8.40193E-05,242,2052,1210,2501,4014,1850,0.00013733,0.0742055,0.00462566,0.255028,0,0.654078,0.0111968,4134,-1.0582797514983352E-05,-1.0608852706907855E-05,0.3063755717940789,6600.56,8739.9,149252,1.07028E+06,0,0,0,3.290
931000,1735.6047434504756,4869,3,5512,643,5250,BlackHole,800033,8.40193E-05,242,2052,1210,2502,4014,1851,0.00013733,0.0742055,0.00462566,0.25504,0,0.654066,0.0111968,4133,-1.0562868594287212E-05,-1.0588923786211715E-05,0.3063755717940789,6945.97,8378.94,149197,1.07032E+06,0,0,0,3.259
932000,1737.4687883432027,4869,3,5512,643,5250,BlackHole,800033,8.40193E-05,242,2052,1210,2502,4014,1851,0.00013733,0.0742055,0.00462566,0.25504,0,0.654066,0.0111968,4133,-1.0550255105790205E-05,-1.0576310297714708E-05,0.3063755717940789,6953.05,8822.21,149286,1.07035E+06,0,0,0,3.266
933000,1739.33283323593,4869,3,5512,643,5250,BlackHole,800033,8.40193E-05,242,2052,1210,2502,4014,1851,0.00013733,0.0742055,0.00462566,0.25504,0,0.654066,0.0111968,4133,-1.0543811767171768E-05,-1.056986695909627E-05,0.3063755717940789,6908.76,8731.9,149255,1.07063E+06,0,0,0,3.228
934000,1741.196878128657,4868,3,5512,644,5250,BlackHole,800033,8.40193E-05,242,2052,1210,2503,4014,1852,0.00013733,0.0742055,0.00462566,0.255206,0,0.6539,0.0111968,4132,-1.0536052379270597E-05,-1.05621075711951E-05,0.3063755717940789,7001.31,8721.77,149248,1.07099E+06,0,0,0,3.310
935000,1743.0609230213843,4867,3,5512,645,5250,BlackHole,800033,8.40193E-05,242,2052,1210,2504,4014,1853,0.00013733,0.0742055,0.00462566,0.255352,0,0.653753,0.0111968,4131,-1.0532367377349211E-05,-1.0558422569273714E-05,0.3063755717940789,6592.63,8579.53,148937,1.07088E+06,0,0,0,3.217
936000,1744.9249679141114,4865,3,5512,647,5250,BlackHole,800033,8.40193E-05,242,2052,1210,2506,4014,1855,0.00013733,0.0742055,0.00462566,0.256023,0,0.653083,0.0111968,4129,-1.052460047156347E-05,-1.0550655663487973E-05,0.3063755717940789,7069.68,8832.73,148982,1.07093E+06,0,0,0,3.242
937000,1746.7890128068386,4864,3,5512,648,5250,BlackHole,800033,8.40193E-05,242,2052,1210,2507,4014,1856,0.00013733,0.0742055,0.00462566,0.256196,0,0.65291,0.0111968,4128,-1.0519437658091634E-05,-1.0545492850016137E-05,0.3063755717940789,6885.03,8518.5,148961,1.07046E+06,0,0,0,3.366
938000,1748.6530576995658,4863,3,5512,649,5250,BlackHole,800033,8.40193E-05,242,2052,1210,2508,4014,1857,0.00013733,0.0742055,0.00462566,0.256592,0,0.652514,0.0111968,4127,-1.0507324099798739E-05,-1.0533379291723242E-05,0.3063755717940789,6926.75,8331.82,148821,1.07048E+06,0,0,0,3.228
939000,1750.517102592293,4863,3,5512,649,5250,BlackHole,800033,8.40193E-05,242,2052,1210,2508,4014,1857,0.00013733,0.0742055,0.00462566,0.256592,0,0.652514,0.0111968,4127,-1.0495647349594597E-05,-1.05217025415191E-05,0.3063755717940789,6579.1,8832.12,148970,1.07046E+06,0,0,0,3.310
940000,1752.3811474850202,4861,3,5512,651,5250,BlackHole,800033,8.40193E-05,242,2052,1210,2510,4014,1859,0.00013733,0.0742055,0.00462566,0.256794,0,0.652312,0.0111968,4125,-1.047474669285424E-05,-1.0500801884778743E-05,0.3063755717940789,6585.41,8583.76,148956,1.07085E+06,0,0,0,3.269
941000,1754.2451923777473,4860,3,5512,652,5250,BlackHole,800033,8.40193E-05,242,2052,1210,2511,4014,1860,0.00013733,0.0742055,0.00462566,0.256976,0,0.652129,0.0111968,4124,-1.0493110310987686E-05,-1.0519165502912189E-05,0.3063755717940789,6879.58,8639.92,149235,1.07066E+06,0,0,0,3.285
942000,1756.1092372704745,4860,3,5512,652,5250,BlackHole,800033,8.40193E-05,242,2052,1210,2511,4014,1860,0.00013733,0.0742055,0.00462566,0.256976,0,0.652129,0.0111968,4124,-1.0565883348122644E-05,-1.0591938540047147E-05,0.3063755717940789,6937.83,8775.03,148963,1.07062E+06,0,0,0,3.290
943000,1757.9732821632017,4859,3,5512,653,5250,BlackHole,800033,8.40193E-05,242,2053,1210,2511,4014,1860,0.00013733,0.0745597,0.00462566,0.256976,0,0.651775,0.0111968,4123,-1.0546236223086919E-05,-1.0572291415011422E-05,0.3063755717940789,6894.49,8457.12,148946,1.07078E+06,0,0,0,3.226
944000,1759.8373270559289,4858,3,5512,654,5250,BlackHole,800033,8.40193E-05,242,2053,1210,2512,4014,1861,0.00013733,0.0745597,0.00462566,0.25698,0,0.651771,0.0111968,4122,-1.0530750644530447E-05,-1.055680583645495E-05,0.3063755717940789,6926.1,8284.35,148993,1.07058E+06,0,0,0,3.320
945000,1761.701371948656,4857,3,5512,655,5250,BlackHole,800033,8.40193E-05,242,2053,1210,2513,4014,1862,0.00013733,0.0745597,0.00462566,0.257374,0,0.651378,0.0111968,4121,-1.051969112668043E-05,-1.0545746318604933E-05,0.3063755717940789,6578.95,8654.37,148958,1.07038E+06,0,0,0,3.436
946000,1763.5654168413832,4857,3,5512,655,5250,BlackHole,800033,8.40193E-05,242,2053,1210,2513,4014,1862,0.00013733,0.0745597,0.00462566,0.257374,0,0.651378,0.0111968,4121,-1.051518717460157E-05,-1.0541242366526072E-05,0.3063755717940789,6904.65,8504.42,148909,1.07024E+06,0,0,0,3.421
947000,1765.4294617341104,4857,3,5512,655,5250,BlackHole,800033,8.40193E-05,242,2053,1210,2513,4014,1862,0.00013733,0.0745597,0.00462566,0.257374,0,0.651378,0.0111968,4121,-1.0511741423325935E-05,-1.0537796615250438E-05,0.3063755717940789,6980.68,8936.08,148966,1.07021E+06,0,0,0,3.184
948000,1767.2935066268376,4857,3,5512,655,5250,BlackHole,800033,8.40193E-05,242,2053,1210,2513,4014,1862,0.00013733,0.0745597,0.00462566,0.257374,0,0.651378,0.0111968,4121,-1.0508855103594486E-05,-1.053491029551899E-05,0.3063755717940789,6903.21,8539.49,148953,1.07025E+06,0,0,0,3.138
949000,1769.1575515195648,4856,3,5512,656,5250,BlackHole,800033,8.40193E-05,242,2054,1210,2513,4014,1862,0.00013733,0.0746974,0.00462566,0.257374,0,0.65124,0.0111968,4120,-1.0504344029195241E-05,-1.0530399221119744E-05,0.3063755717940789,6987.15,8544.22,148477,1.0703E+06,0,0,0,3.256
950000,1771.021596412292,4856,3,5512,656,5250,BlackHole,800033,8.40193E-05,242,2054,1210,2513,4014,1862,0.00013733,0.0746974,0.00462566,0.257374,0,0.65124,0.0111968,4120,-1.0498858871859434E-05,-1.0524914063783937E-05,0.3063755717940789,6573.26,8546.73,148963,1.07044E+06,0,0,0,3.108
951000,1772.8856413050191,4856,3,5512,656,5250,BlackHole,800033,8.40193E-05,242,2054,1210,2513,4014,1862,0.00013733,0.0746974,0.00462566,0.257374,0,0.65124,0.0111968,4120,-1.0490189738913767E-05,-1.051624493083827E-05,0.3063755717940789,7003.59,8640.49,148949,1.07026E+06,0,0,0,3.119
952000,1774.7496861977463,4856,3,5512,656,5250,BlackHole,800033,8.40193E-05,242,2054,1210,2513,4014,1862,0.00013733,0.0746974,0.00462566,0.257374,0,0.65124,0.0111968,4120,-1.0472972486912837E-05,-1.049902767883734E-05,0.3063755717940789,6887.99,8504.64,149041,1.07042E+06,0,0,0,3.241
953000,1776.6137310904735,4853,3,5512,659,5250,BlackHole,800033,8.40193E-05,242,2054,1210,2516,4014,1865,0.00013733,0.0746974,0.00462566,0.258307,0,0.650307,0.0111968,4117,-1.0458174144448387E-05,-1.048422933637289E-05,0.3063755717940789,6946.77,8739.04,142537,1.07005E+06,0,0,0,3.135
954000,1778.4777759832007,4851,3,5512,661,5250,BlackHole,800033,8.40193E-05,242,2055,1210,2517,4014,1866,0.00013733,0.0747873,0.00462566,0.258744,0,0.64978,0.0111968,4115,-1.0535342188941421E-05,-1.0561397380865924E-05,0.3063755717940789,6954.98,8542.77,142486,1.06984E+06,0,0,0,3.102
955000,1780.3418208759279,4850,3,5512,662,5250,BlackHole,800033,8.40193E-05,242,2056,1210,2517,4014,1866,0.00013733,0.0752349,0.00462566,0.258744,0,0.649333,0.0111968,4114,-1.0532977208166181E-05,-1.0559032400090684E-05,0.3063755717940789,6568.29,8611.43,142666,1.07054E+06,0,0,0,3.118
956000,1782.205865768655,4850,3,5512,662,5250,BlackHole,800033,8.40193E-05,242,2056,1210,2517,4014,1866,0.00013733,0.0752349,0.00462566,0.258744,0,0.649333,0.0111968,4114,-1.0514104072131861E-05,-1.0540159264056364E-05,0.3063755717940789,6909.15,8784.25,142554,1.07061E+06,0,0,0,3.104
957000,1784.0699106613822,4850,3,5512,662,5250,BlackHole,800033,8.40193E-05,242,2056,1210,2517,4014,1866,0.00013733,0.0752349,0.00462566,0.258744,0,0.649333,0.0111968,4114,-1.0503686657541374E-05,-1.0529741849465877E-05,0.3063755717940789,6868.74,8703.06,142542,1.06982E+06,0,0,0,3.101
958000,1785.9339555541094,4850,3,5512,662,5250,BlackHole,800033,8.40193E-05,242,2056,1210,2517,4014,1866,0.00013733,0.0752349,0.00462566,0.258744,0,0.649333,0.0111968,4114,-1.0497575852294891E-05,-1.0523631044219394E-05,0.3063755717940789,6961.37,8701.05,142535,1.06998E+06,0,0,0,3.107
959000,1787.7980004468366,4847,3,5512,665,5250,BlackHole,800033,8.40193E-05,242,2057,1210,2519,4014,1868,0.00013733,0.0752782,0.00462566,0.259121,0,0.648912,0.0111968,4111,-1.0485880444159479E-05,-1.0511935636083982E-05,0.3063755717940789,6876.65,8623.04,148947,1.07062E+06,0,0,0,3.096
960000,1789.6620453395637,4844,3,5512,668,5250,BlackHole,800033,8.40193E-05,242,2057,1210,2522,4014,1871,0.00013733,0.0752782,0.00462566,0.259958,0,0.648075,0.0111968,4108,-1.047761675596912E-05,-1.0503671947893622E-05,0.3063755717940789,6564.65,8516.84,142050,1.07074E+06,0,0,0,3.104
961000,1791.526090232291,4844,3,5512,668,5250,BlackHole,800033,8.40193E-05,242,2057,1210,2522,4014,1871,0.00013733,0.0752782,0.00462566,0.259958,0,0.648075,0.0111968,4108,-1.0474423001544516E-05,-1.0500478193469019E-05,0.3063755717940789,6684.38,8546.39,142567,1.07071E+06,0,0,0,3.124
962000,1793.390135125018,4843,3,5512,669,5250,BlackHole,800033,8.40193E-05,242,2057,1210,2523,4014,1872,0.00013733,0.0752782,0.00462566,0.260642,0,0.647391,0.0111968,4107,-1.0467235774641479E-05,-1.0493290966565982E-05,0.3063755717940789,6953.69,8481.93,142546,1.07055E+06,0,0,0,3.107
963000,1795.2541800177453,4843,3,5512,669,5250,BlackHole,800033,8.40193E-05,242,2057,1210,2523,4014,1872,0.00013733,0.0752782,0.00462566,0.260642,0,0.647391,0.0111968,4107,-1.0459870039327712E-05,-1.0485925231252215E-05,0.3063755717940789,6869.91,8514.27,142540,1.07077E+06,0,0,0,3.107
964000,1797.1182249104725,4843,3,5512,669,5250,BlackHole,800033,8.40193E-05,242,2057,1210,2523,4014,1872,0.00013733,0.0752782,0.00462566,0.260642,0,0.647391,0.0111968,4107,-1.0445289604174732E-05,-1.0471344796099234E-05,0.3063755717940789,6902.49,8677.73,142532,1.07094E+06,0,0,0,3.118
965000,1798.9822698031996,4843,3,5512,669,5250,BlackHole,800033,8.40193E-05,242,2057,1210,2523,4014,1872,0.00013733,0.0752782,0.00462566,0.260642,0,0.647391,0.0111968,4107,-1.042608758730828E-05,-1.0452142779232782E-05,0.3063755717940789,6563.62,8629.57,142473,1.07097E+06,0,0,0,3.104
966000,1800.8463146959268,4841,3,5512,671,5250,BlackHole,800033,8.40193E-05,242,2058,1210,2524,4014,1873,0.00013733,0.0754362,0.00462566,0.260814,0,0.647061,0.0111968,4105,-1.0471780922892209E-05,-1.0497836114816712E-05,0.3063755717940789,6874.64,8339.7,142639,1.0705E+06,0,0,0,3.098
967000,1802.710359588654,4838,3,5512,674,5250,BlackHole,800033,8.40193E-05,242,2058,1210,2527,4014,1876,0.00013733,0.0754362,0.00462566,0.261259,0,0.646616,0.0111968,4102,-1.0518961164480754E-05,-1.0545016356405257E-05,0.3063755717940789,6942.78,8692.31,142550,1.07069E+06,0,0,0,3.197
968000,1804.5744044813812,4837,3,5512,675,5250,BlackHole,800033,8.40193E-05,242,2058,1210,2528,4014,1877,0.00013733,0.0754362,0.00462566,0.261266,0,0.646609,0.0111968,4101,-1.0500385082903796E-05,-1.0526440274828299E-05,0.3063755717940789,6893.47,8576.51,142540,1.07028E+06,0,0,0,3.120
969000,1806.4384493741084,4836,3,5512,676,5250,BlackHole,800033,8.40193E-05,242,2058,1210,2529,4014,1878,0.00013733,0.0754362,0.00462566,0.261848,0,0.646028,0.0111968,4100,-1.0482468663015586E-05,-1.0508523854940089E-05,0.3063755717940789,6870.76,8663.47,142532,1.07037E+06,0,0,0,3.093
970000,1808.3024942668355,4835,3,5512,677,5250,BlackHole,800033,8.40193E-05,242,2059,1210,2529,4014,1878,0.00013733,0.0754398,0.00462566,0.261848,0,0.646024,0.0111968,4099,-1.0475134842017813E-05,-1.0501190033942316E-05,0.3063755717940789,6566.59,8895.27,140059,1.07036E+06,0,0,0,3.103
971000,1810.1665391595627,4834,3,5512,678,5250,BlackHole,800033,8.40193E-05,242,2059,1210,2530,4014,1879,0.00013733,0.0754398,0.00462566,0.262054,0,0.645817,0.0111968,4098,-1.0469383621062252E-05,-1.0495438812986755E-05,0.3063755717940789,6951.63,8550.63,140147,1.07036E+06,0,0,0,3.113
972000,1812.03058405229,4834,3,5512,678,5250,BlackHole,800033,8.40193E-05,242,2059,1210,2530,4014,1879,0.00013733,0.0754398,0.00462566,0.262054,0,0.645817,0.0111968,4098,-1.04659602181442E-05,-1.0492015410068702E-05,0.3063755717940789,6789.21,8363.71,140162,1.07016E+06,0,0,0,3.097
973000,1813.894628945017,4834,3,5512,678,5250,BlackHole,800033,8.40193E-05,242,2059,1210,2530,4014,1879,0.00013733,0.0754398,0.00462566,0.262054,0,0.645817,0.0111968,4098,-1.0462915575253443E-05,-1.0488970767177946E-05,0.3063755717940789,6901.39,8391.58,139649,1.07041E+06,0,0,0,3.098
974000,1815.7586738377443,4834,3,5512,678,5250,BlackHole,800033,8.40193E-05,242,2059,1210,2530,4014,1879,0.00013733,0.0754398,0.00462566,0.262054,0,0.645817,0.0111968,4098,-1.045875411172721E-05,-1.0484809303651713E-05,0.3063755717940789,6622.03,8490.14,140143,1.07039E+06,0,0,0,3.096
975000,1817.6227187304714,4834,3,5512,678,5250,BlackHole,800033,8.40193E-05,242,2059,1210,2530,4014,1879,0.00013733,0.0754398,0.00462566,0.262054,0,0.645817,0.0111968,4098,-1.0452595436047084E-05,-1.0478650627971587E-05,0.3063755717940789,6574.38,8761.1,140157,1.07017E+06,0,0,0,3.114
976000,1819.4867636231986,4833,3,5512,679,5250,BlackHole,800033,8.40193E-05,242,2059,1210,2531,4014,1880,0.00013733,0.0754398,0.00462566,0.262085,0,0.645787,0.0111968,4097,-1.0442299758238647E-05,-1.046835495016315E-05,0.3063755717940789,6872.02,8524.44,140373,1.07019E+06,0,0,0,3.091
977000,1821.3508085159258,4833,3,5512,679,5250,BlackHole,800033,8.40193E-05,242,2059,1210,2531,4014,1880,0.00013733,0.0754398,0.00462566,0.262085,0,0.645787,0.0111968,4097,-1.0422939152214428E-05,-1.044899434413893E-05,0.3063755717940789,6870.61,8697.24,140135,1.07021E+06,0,0,0,3.089
978000,1823.214853408653,4830,3,5512,682,5250,BlackHole,800033,8.40193E-05,242,2061,1210,2532,4014,1881,0.00013733,0.0760041,0.00462566,0.262224,0,0.645083,0.0111968,4094,-1.0415624246199528E-05,-1.044167943812403E-05,0.3063755717940789,6880.99,8503.1,140151,1.07031E+06,0,0,0,3.094
979000,1825.0788983013801,4830,3,5512,682,5250,BlackHole,800033,8.40193E-05,242,2061,1210,2532,4014,1881,0.00013733,0.0760041,0.00462566,0.262224,0,0.645083,0.0111968,4094,-1.049661263513851E-05,-1.0522667827063012E-05,0.3063755717940789,6891.38,8654.44,140204,1.07043E+06,0,0,0,3.100
980000,1826.9429431941073,4830,3,5512,682,5250,BlackHole,800033,8.40193E-05,242,2061,1210,2532,4014,1881,0.00013733,0.0760041,0.00462566,0.262224,0,0.645083,0.0111968,4094,-1.0488185160543462E-05,-1.0514240352467964E-05,0.3063755717940789,6587.86,8657.4,140115,1.07041E+06,0,0,0,3.100
981000,1828.8069880868345,4830,3,5512,682,5250,BlackHole,800033,8.40193E-05,242,2061,1210,2532,4014,1881,0.00013733,0.0760041,0.00462566,0.262224,0,0.645083,0.0111968,4094,-1.0471515024124588E-05,-1.0497570216049091E-05,0.3063755717940789,6932.54,8671.65,140149,1.07048E+06,0,0,0,3.094
982000,1830.6710329795617,4829,3,5512,683,5250,BlackHole,800033,8.40193E-05,242,2062,1210,2532,4014,1881,0.00013733,0.0760135,0.00462566,0.262224,0,0.645074,0.0111968,4093,-1.0461510846582028E-05,-1.048756603850653E-05,0.3063755717940789,6897.37,8664.08,140172,1.07047E+06,0,0,0,3.099
983000,1832.5350778722889,4828,3,5512,684,5250,BlackHole,800033,8.40193E-05,242,2063,1210,2532,4014,1881,0.00013733,0.0760176,0.00462566,0.262224,0,0.64507,0.0111968,4092,-1.0455721719953119E-05,-1.0481776911877622E-05,0.3063755717940789,6915.86,8399.82,140051,1.07039E+06,0,0,0,3.090
984000,1834.399122765016,4828,3,5512,684,5250,BlackHole,800033,8.40193E-05,242,2063,1210,2532,4014,1881,0.00013733,0.0760176,0.00462566,0.262224,0,0.64507,0.0111968,4092,-1.0452788176455865E-05,-1.0478843368380368E-05,0.3063755717940789,6899.73,8509.15,140144,1.07052E+06,0,0,0,3.095
985000,1836.2631676577432,4827,3,5512,685,5250,BlackHole,800033,8.40193E-05,242,2063,1210,2533,4014,1882,0.00013733,0.0760176,0.00462566,0.262228,0,0.645066,0.0111968,4091,-1.0449515300476197E-05,-1.04755704924007E-05,0.3063755717940789,6567.6,8781.32,140159,1.06953E+06,0,0,0,3.084
986000,1838.1272125504704,4826,3,5512,686,5250,BlackHole,800033,8.40193E-05,242,2063,1210,2534,4014,1883,0.00013733,0.0760176,0.00462566,0.262231,0,0.645062,0.0111968,4090,-1.0446065803677675E-05,-1.0472120995602178E-05,0.3063755717940789,6868.94,8396.52,139645,1.0703E+06,0,0,0,3.089
987000,1839.9912574431976,4885,3,5512,627,5250,BlackHole,800033,8.40193E-05,242,2065,1210,2537,4078,1885,0.00013733,0.0760322,0.00462566,0.262782,0,0.644497,0.0111968,4149,-1.043692949227711E-05,-1.0462984684201613E-05,0.3063755717940789,6865.07,8712.5,169109,1.05821E+06,0,0,0,3.140
988000,1841.8553023359248,4885,3,5512,627,5250,BlackHole,800033,8.40193E-05,242,2065,1210,2537,4078,1885,0.00013733,0.0760322,0.00462566,0.262782,0,0.644497,0.0111968,4148,-1.0426673897314342E-05,-1.0452729089238845E-05,0.3063755717940789,6868.52,8751.32,169153,1.05819E+06,0,0,0,3.151
989000,1843.719347228652,4885,3,5512,627,5250,BlackHole,800033,8.40193E-05,242,2065,1210,2537,4078,1885,0.00013733,0.0760322,0.00462566,0.262782,0,0.644497,0.0111968,4149,-1.0412895926099254E-05,-1.0438951118023757E-05,0.3063755717940789,6890.48,8442.67,169272,1.05825E+06,0,0,0,3.159
990000,1845.5833921213791,4884,3,5512,628,5250,BlackHole,800033,8.40193E-05,242,2066,1210,2537,4078,1885,0.00013733,0.0760653,0.00462566,0.262782,0,0.644464,0.0111968,4148,-1.0396733618095825E-05,-1.0422788810020328E-05,0.3063755717940789,6640.61,8540.94,169157,1.05845E+06,0,0,0,3.150
991000,1847.4474370141063,4883,3,5512,629,5250,BlackHole,800033,8.40193E-05,242,2066,1210,2538,4078,1886,0.00013733,0.0760653,0.00462566,0.263241,0,0.644004,0.0111968,4147,-1.0465953675776569E-05,-1.0492008867701072E-05,0.3063755717940789,6946.55,8668.04,168828,1.0582E+06,0,0,0,3.152
992000,1849.3114819068335,4879,3,5512,633,5250,BlackHole,800033,8.40193E-05,242,2066,1210,2542,4078,1890,0.00013733,0.0760653,0.00462566,0.263727,0,0.643519,0.0111968,4143,-1.0486589052418844E-05,-1.0512644244343347E-05,0.3063755717940789,6872.71,8782.92,169165,1.05835E+06,0,0,0,3.152
993000,1851.1755267995607,4877,3,5512,635,5250,BlackHole,800033,8.40193E-05,242,2066,1210,2544,4078,1892,0.00013733,0.0760653,0.00462566,0.263855,0,0.643391,0.0111968,4141,-1.0464725362204205E-05,-1.0490780554128708E-05,0.3063755717940789,6868.13,8690.11,169121,1.05816E+06,0,0,0,3.145
994000,1853.0395716922878,4877,3,5512,635,5250,BlackHole,800033,8.40193E-05,242,2066,1210,2544,4078,1892,0.00013733,0.0760653,0.00462566,0.263855,0,0.643391,0.0111968,4141,-1.0453625904271586E-05,-1.0479681096196089E-05,0.3063755717940789,6900.27,8614.75,169175,1.05814E+06,0,0,0,3.152
995000,1854.903616585015,4876,3,5512,636,5250,BlackHole,800033,8.40193E-05,242,2066,1210,2545,4078,1893,0.00013733,0.0760653,0.00462566,0.264572,0,0.642674,0.0111968,4140,-1.0443884448787783E-05,-1.0469939640712285E-05,0.3063755717940789,6684.03,8525.03,169143,1.05801E+06,0,0,0,3.143
996000,1856.7676614777422,4875,3,5512,637,5250,BlackHole,800033,8.40193E-05,242,2066,1210,2546,4078,1894,0.00013733,0.0760653,0.00462566,0.265189,0,0.642057,0.0111968,4139,-1.043555966507176E-05,-1.0461614856996264E-05,0.3063755717940789,6608.48,8820.41,161239,1.05811E+06,0,0,0,3.150
997000,1858.6317063704694,4875,3,5512,637,5250,BlackHole,800033,8.40193E-05,242,2066,1210,2546,4078,1894,0.00013733,0.0760653,0.00462566,0.265189,0,0.642057,0.0111968,4139,-1.0432245642285048E-05,-1.045830083420955E-05,0.3063755717940789,7006.74,8535.55,161221,1.05815E+06,0,0,0,3.141
998000,1860.4957512631966,4875,3,5512,637,5250,BlackHole,800033,8.40193E-05,242,2066,1210,2546,4078,1894,0.00013733,0.0760653,0.00462566,0.265189,0,0.642057,0.0111968,4139,-1.042902751522126E-05,-1.0455082707145763E-05,0.3063755717940789,6890.26,8643.79,161286,1.05845E+06,0,0,0,3.142
999000,1862.3597961559237,4874,3,5512,638,5250,BlackHole,800033,8.40193E-05,242,2066,1210,2547,4078,1895,0.00013733,0.0760653,0.00462566,0.265926,0,0.64132,0.0111968,4138,-1.041354411581719E-05,-1.0439599307741693E-05,0.3063755717940789,6899.73,8918.09,161228,1.05857E+06,0,0,0,3.164
1000000,1864.223841048651,4874,3,5512,638,5250,BlackHole,800033,8.40193E-05,242,2066,1210,2547,4078,1895,0.00013733,0.0760653,0.00462566,0.265926,0,0.64132,0.0111968,4138,-1.040651936959209E-05,-1.0432574561516592E-05,0.3063755717940789,6735.4,8642.26,161055,1.05844E+06,0,0,0,3.152
