step,log10_q_over_Rc_bin_lo,count
0,-2,1
0,-1.5,2
0,-1,2
0,-0.5,4
0,0,7
0,0.5,9
0,1,16
0,1.5,25
0,2,51
0,2.5,84
0,3,141
0,3.5,180
0,4,193
0,4.5,196
0,5,322
0,5.5,2250
0,6,1517
50,-1.5,1
50,-1,1
50,-0.5,4
50,0,4
50,0.5,6
50,1,8
50,1.5,22
50,2,36
50,2.5,61
50,3,136
50,3.5,207
50,4,236
50,4.5,213
50,5,840
50,5.5,1635
50,6,1510
100,-0.5,2
100,0.5,3
100,1,2
100,1.5,11
100,2,13
100,2.5,33
100,3,129
100,3.5,270
100,4,623
100,4.5,493
100,5,474
100,5.5,897
100,6,492
150,-2,1
150,-1,1
150,0,1
150,0.5,4
150,1,4
150,1.5,5
150,2,11
150,2.5,27
150,3,126
150,3.5,313
150,4,485
150,4.5,464
150,5,728
150,5.5,297
200,2.5,18
200,3,61
200,3.5,197
200,4,185
200,4.5,18
200,5,4
250,3.5,6
250,4,152
250,4.5,236
250,5,441
250,5.5,1136
250,6,2734
300,3.5,6
300,4,151
300,4.5,237
300,5,441
300,5.5,1137
300,6,2733
350,3.5,10
350,4,145
350,4.5,239
350,5,441
350,5.5,1137
350,6,2733
400,3.5,10
400,4,146
400,4.5,238
400,5,441
400,5.5,1137
400,6,2733
450,3.5,2
450,4,152
450,4.5,240
450,5,441
450,5.5,1137
450,6,2733
500,3.5,2
500,4,152
500,4.5,240
500,5,440
500,5.5,1138
500,6,2733
550,3.5,10
550,4,147
550,4.5,237
550,5,440
550,5.5,1138
550,6,2733
600,3.5,10
600,4,147
600,4.5,238
600,5,429
600,5.5,1144
600,6,2734
650,3.5,6
650,4,149
650,4.5,240
650,5,429
650,5.5,1144
650,6,2734
700,3.5,10
700,4,143
700,4.5,242
700,5,428
700,5.5,1141
700,6,2737
750,3.5,10
750,4,145
750,4.5,240
750,5,428
750,5.5,1140
750,6,2738
800,3.5,6
800,4,149
800,4.5,240
800,5,428
800,5.5,1138
800,6,2740
850,3.5,6
850,4,149
850,4.5,240
850,5,428
850,5.5,1133
850,6,2745
900,3.5,10
900,4,147
900,4.5,238
900,5,428
900,5.5,1133
900,6,2745
950,3.5,6
950,4,149
950,4.5,240
950,5,428
950,5.5,1133
950,6,2745
1000,3.5,2
1000,4,151
1000,4.5,247
1000,5,429
1000,5.5,1132
1000,6,2744
1050,3.5,6
1050,4,151
1050,4.5,243
1050,5,429
1050,5.5,1132
1050,6,2744
1100,3.5,10
1100,4,145
1100,4.5,245
1100,5,429
1100,5.5,1133
1100,6,2743
1150,3.5,10
1150,4,145
1150,4.5,245
1150,5,428
1150,5.5,1133
1150,6,2743
1200,3.5,6
1200,4,151
1200,4.5,243
1200,5,428
1200,5.5,1134
1200,6,2742
1250,3.5,10
1250,4,146
1250,4.5,244
1250,5,430
1250,5.5,1135
1250,6,2741
1300,3.5,10
1300,4,142
1300,4.5,248
1300,5,429
1300,5.5,1138
1300,6,2738
1350,3.5,6
1350,4,150
1350,4.5,244
1350,5,429
1350,5.5,1139
1350,6,2737
1400,3.5,2
1400,4,154
1400,4.5,244
1400,5,429
1400,5.5,1138
1400,6,2738
1450,3.5,6
1450,4,149
1450,4.5,245
1450,5,429
1450,5.5,1138
1450,6,2738
1500,3.5,10
1500,4,147
1500,4.5,243
1500,5,429
1500,5.5,1138
1500,6,2738
1550,3.5,6
1550,4,149
1550,4.5,245
1550,5,429
1550,5.5,1138
1550,6,2738
1600,3.5,8
1600,4,143
1600,4.5,245
1600,5,429
1600,5.5,1138
1600,6,2738
1650,3.5,8
1650,4,147
1650,4.5,245
1650,5,429
1650,5.5,1138
1650,6,2738
1700,3.5,8
1700,4,149
1700,4.5,243
1700,5,429
1700,5.5,1138
1700,6,2738
1750,3.5,6
1750,4,149
1750,4.5,245
1750,5,429
1750,5.5,1138
1750,6,2738
1800,3.5,10
1800,4,145
1800,4.5,245
1800,5,430
1800,5.5,1136
1800,6,2738
1850,3.5,6
1850,4,149
1850,4.5,245
1850,5,430
1850,5.5,1137
1850,6,2737
1900,3.5,2
1900,4,153
1900,4.5,245
1900,5,431
1900,5.5,1136
1900,6,2737
1950,3.5,2
1950,4,153
1950,4.5,245
1950,5,429
1950,5.5,1137
1950,6,2737
2000,3.5,10
2000,4,147
2000,4.5,243
2000,5,427
2000,5.5,1137
2000,6,2737
3000,3.5,6
3000,4,148
3000,4.5,245
3000,5,422
3000,5.5,1133
3000,6,2722
4000,3.5,10
4000,4,145
4000,4.5,285
4000,5,430
4000,5.5,1112
4000,6,2723
5000,3.5,6
5000,4,151
5000,4.5,284
5000,5,434
5000,5.5,1102
5000,6,2729
6000,3.5,10
6000,4,143
6000,4.5,286
6000,5,439
6000,5.5,1087
6000,6,2732
7000,3.5,6
7000,4,149
7000,4.5,283
7000,5,438
7000,5.5,1084
7000,6,2726
8000,3.5,4
8000,4,153
8000,4.5,330
8000,5,435
8000,5.5,1073
8000,6,2729
9000,3.5,10
9000,4,144
9000,4.5,333
9000,5,428
9000,5.5,1049
9000,6,2736
10000,3.5,10
10000,4,145
10000,4.5,362
10000,5,426
10000,5.5,1046
10000,6,2732
11000,3.5,10
11000,4,145
11000,4.5,318
11000,5,427
11000,5.5,1042
11000,6,2723
12000,3.5,6
12000,4,149
12000,4.5,318
12000,5,418
12000,5.5,1021
12000,6,2721
13000,3.5,10
13000,4,145
13000,4.5,317
13000,5,416
13000,5.5,998
13000,6,2727
14000,3.5,6
14000,4,151
14000,4.5,441
14000,5,441
14000,5.5,990
14000,6,2723
15000,3.5,6
15000,4,148
15000,4.5,414
15000,5,443
15000,5.5,975
15000,6,2720
16000,4,153
16000,4.5,415
16000,5,439
16000,5.5,976
16000,6,2715
17000,3.5,10
17000,4,147
17000,4.5,474
17000,5,441
17000,5.5,958
17000,6,2720
18000,3.5,6
18000,4,143
18000,4.5,479
18000,5,432
18000,5.5,954
18000,6,2717
19000,3.5,10
19000,4,141
19000,4.5,474
19000,5,434
19000,5.5,942
19000,6,2713
20000,3.5,6
20000,4,147
20000,4.5,553
20000,5,403
20000,5.5,943
20000,6,2705
21000,3.5,10
21000,4,138
21000,4.5,557
21000,5,401
21000,5.5,933
21000,6,2701
22000,3.5,4
22000,4,147
22000,4.5,592
22000,5,400
22000,5.5,924
22000,6,2698
23000,3.5,6
23000,4,145
23000,4.5,592
23000,5,386
23000,5.5,917
23000,6,2694
24000,3.5,6
24000,4,145
24000,4.5,542
24000,5,474
24000,5.5,913
24000,6,2685
25000,3.5,10
25000,4,141
25000,4.5,545
25000,5,481
25000,5.5,906
25000,6,2676
26000,3.5,6
26000,4,145
26000,4.5,558
26000,5,480
26000,5.5,897
26000,6,2678
27000,3.5,8
27000,4,142
27000,4.5,558
27000,5,468
27000,5.5,891
27000,6,2673
28000,3.5,8
28000,4,141
28000,4.5,555
28000,5,512
28000,5.5,885
28000,6,2667
29000,3.5,10
29000,4,143
29000,4.5,595
29000,5,469
29000,5.5,883
29000,6,2661
30000,3.5,6
30000,4,145
30000,4.5,595
30000,5,466
30000,5.5,876
30000,6,2654
31000,3.5,6
31000,4,147
31000,4.5,643
31000,5,451
31000,5.5,867
31000,6,2653
32000,3.5,10
32000,4,143
32000,4.5,549
32000,5,559
32000,5.5,860
32000,6,2647
33000,3.5,9
33000,4,139
33000,4.5,600
33000,5,512
33000,5.5,851
33000,6,2648
34000,3.5,10
34000,4,195
34000,4.5,561
34000,5,510
34000,5.5,847
34000,6,2634
35000,3.5,4
35000,4,201
35000,4.5,561
35000,5,512
35000,5.5,841
35000,6,2635
36000,3.5,10
36000,4,193
36000,4.5,561
36000,5,511
36000,5.5,839
36000,6,2626
37000,3.5,4
37000,4,201
37000,4.5,559
37000,5,504
37000,5.5,839
37000,6,2621
38000,3.5,6
38000,4,197
38000,4.5,657
38000,5,465
38000,5.5,832
38000,6,2619
39000,3.5,4
39000,4,198
39000,4.5,660
39000,5,464
39000,5.5,834
39000,6,2605
40000,3.5,10
40000,4,235
40000,4.5,617
40000,5,466
40000,5.5,826
40000,6,2601
41000,3.5,6
41000,4,239
41000,4.5,643
41000,5,466
41000,5.5,814
41000,6,2596
42000,3.5,10
42000,4,233
42000,4.5,664
42000,5,465
42000,5.5,799
42000,6,2599
43000,3.5,5
43000,4,238
43000,4.5,663
43000,5,483
43000,5.5,794
43000,6,2592
44000,3.5,10
44000,4,195
44000,4.5,701
44000,5,477
44000,5.5,789
44000,6,2587
45000,3.5,2
45000,4,200
45000,4.5,722
45000,5,474
45000,5.5,790
45000,6,2580
46000,3.5,5
46000,4,200
46000,4.5,783
46000,5,421
46000,5.5,783
46000,6,2579
47000,3.5,6
47000,4,199
47000,4.5,783
47000,5,418
47000,5.5,775
47000,6,2575
48000,3.5,10
48000,4,191
48000,4.5,815
48000,5,398
48000,5.5,782
48000,6,2579
49000,3.5,8
49000,4,197
49000,4.5,811
49000,5,392
49000,5.5,778
49000,6,2572
50000,3.5,10
50000,4,195
50000,4.5,828
50000,5,389
50000,5.5,777
50000,6,2564
51000,3.5,10
51000,4,192
51000,4.5,842
51000,5,402
51000,5.5,779
51000,6,2550
52000,3.5,10
52000,4,195
52000,4.5,828
52000,5,406
52000,5.5,766
52000,6,2548
53000,3.5,6
53000,4,429
53000,4.5,662
53000,5,369
53000,5.5,765
53000,6,2543
54000,3.5,4
54000,4,445
54000,4.5,639
54000,5,365
54000,5.5,759
54000,6,2547
55000,3.5,10
55000,4,465
55000,4.5,637
55000,5,364
55000,5.5,753
55000,6,2542
56000,3.5,6
56000,4,501
56000,4.5,597
56000,5,341
56000,5.5,755
56000,6,2534
57000,3.5,10
57000,4,474
57000,4.5,664
57000,5,339
57000,5.5,752
57000,6,2534
58000,3.5,6
58000,4,293
58000,4.5,630
58000,5,405
58000,5.5,742
58000,6,2534
59000,3.5,11
59000,4,290
59000,4.5,603
59000,5,405
59000,5.5,732
59000,6,2531
60000,3.5,2
60000,4,297
60000,4.5,669
60000,5,402
60000,5.5,740
60000,6,2518
61000,3.5,6
61000,4,295
61000,4.5,672
61000,5,552
61000,5.5,738
61000,6,2512
62000,3.5,4
62000,4,295
62000,4.5,642
62000,5,551
62000,5.5,728
62000,6,2516
63000,3.5,10
63000,4,254
63000,4.5,879
63000,5,393
63000,5.5,723
63000,6,2511
64000,3.5,6
64000,4,263
64000,4.5,720
64000,5,390
64000,5.5,716
64000,6,2513
65000,3.5,9
65000,4,206
65000,4.5,774
65000,5,389
65000,5.5,717
65000,6,2501
66000,3.5,6
66000,4,241
66000,4.5,923
66000,5,386
66000,5.5,715
66000,6,2500
67000,3.5,10
67000,4,239
67000,4.5,921
67000,5,386
67000,5.5,710
67000,6,2497
68000,3.5,2
68000,4,262
68000,4.5,986
68000,5,325
68000,5.5,705
68000,6,2495
69000,3.5,8
69000,4,258
69000,4.5,986
69000,5,326
69000,5.5,693
69000,6,2496
70000,3.5,5
70000,4,304
70000,4.5,893
70000,5,385
70000,5.5,696
70000,6,2492
71000,3.5,10
71000,4,329
71000,4.5,800
71000,5,384
71000,5.5,697
71000,6,2483
72000,3.5,8
72000,4,754
72000,4.5,352
72000,5,377
72000,5.5,697
72000,6,2476
73000,3.5,9
73000,4,849
73000,4.5,372
73000,5,371
73000,5.5,696
73000,6,2475
74000,3.5,10
74000,4,835
74000,4.5,373
74000,5,370
74000,5.5,698
74000,6,2465
75000,3.5,6
75000,4,877
75000,4.5,392
75000,5,368
75000,5.5,694
75000,6,2466
76000,3.5,6
76000,4,900
76000,4.5,388
76000,5,354
76000,5.5,694
76000,6,2457
77000,3.5,8
77000,4,896
77000,4.5,390
77000,5,327
77000,5.5,694
77000,6,2456
78000,3.5,10
78000,4,927
78000,4.5,392
78000,5,326
78000,5.5,691
78000,6,2452
79000,3.5,6
79000,4,943
79000,4.5,387
79000,5,333
79000,5.5,688
79000,6,2447
80000,3.5,10
80000,4,970
80000,4.5,392
80000,5,333
80000,5.5,684
80000,6,2444
81000,3.5,4
81000,4,334
81000,4.5,392
81000,5,332
81000,5.5,677
81000,6,2439
82000,3.5,10
82000,4,331
82000,4.5,451
82000,5,331
82000,5.5,667
82000,6,2443
83000,3.5,2
83000,4,335
83000,4.5,473
83000,5,312
83000,5.5,668
83000,6,2435
84000,3.5,8
84000,4,331
84000,4.5,1085
84000,5,308
84000,5.5,660
84000,6,2437
85000,3.5,6
85000,4,333
85000,4.5,1085
85000,5,309
85000,5.5,661
85000,6,2432
86000,3.5,10
86000,4,343
86000,4.5,1089
86000,5,305
86000,5.5,658
86000,6,2426
87000,3.5,6
87000,4,332
87000,4.5,1086
87000,5,302
87000,5.5,657
87000,6,2425
88000,3.5,10
88000,4,361
88000,4.5,1083
88000,5,305
88000,5.5,656
88000,6,2421
89000,3.5,5
89000,4,318
89000,4.5,1137
89000,5,309
89000,5.5,651
89000,6,2414
90000,3.5,8
90000,4,338
90000,4.5,1115
90000,5,305
90000,5.5,651
90000,6,2406
91000,3.5,2
91000,4,336
91000,4.5,1111
91000,5,304
91000,5.5,652
91000,6,2398
92000,3.5,7
92000,4,378
92000,4.5,1064
92000,5,337
92000,5.5,652
92000,6,2396
93000,3.5,8
93000,4,345
93000,4.5,1058
93000,5,384
93000,5.5,649
93000,6,2392
94000,3.5,10
94000,4,346
94000,4.5,1062
94000,5,383
94000,5.5,644
94000,6,2390
95000,3.5,10
95000,4,342
95000,4.5,1066
95000,5,380
95000,5.5,631
95000,6,2392
96000,3.5,21
96000,4,335
96000,4.5,1077
96000,5,379
96000,5.5,639
96000,6,2380
97000,3.5,9
97000,4,286
97000,4.5,1119
97000,5,335
97000,5.5,637
97000,6,2378
98000,3.5,4
98000,4,318
98000,4.5,1153
98000,5,334
98000,5.5,634
98000,6,2367
99000,3.5,8
99000,4,316
99000,4.5,1151
99000,5,334
99000,5.5,630
99000,6,2362
100000,3.5,4
100000,4,319
100000,4.5,896
100000,5,455
100000,5.5,632
100000,6,2355
101000,3.5,10
101000,4,287
101000,4.5,897
101000,5,451
101000,5.5,626
101000,6,2355
102000,3.5,6
102000,4,293
102000,4.5,895
102000,5,510
102000,5.5,618
102000,6,2354
103000,3.5,10
103000,4,289
103000,4.5,1042
103000,5,511
103000,5.5,622
103000,6,2343
104000,3.5,6
104000,4,282
104000,4.5,1045
104000,5,512
104000,5.5,617
104000,6,2344
105000,3.5,8
105000,4,280
105000,4.5,1045
105000,5,512
105000,5.5,617
105000,6,2336
106000,3.5,2
106000,4,289
106000,4.5,1068
106000,5,511
106000,5.5,613
106000,6,2338
107000,3.5,8
107000,4,281
107000,4.5,1118
107000,5,430
107000,5.5,610
107000,6,2333
108000,3.5,5
108000,4,333
108000,4.5,1181
108000,5,368
108000,5.5,605
108000,6,2327
109000,3.5,10
109000,4,328
109000,4.5,1117
109000,5,431
109000,5.5,598
109000,6,2328
110000,3.5,6
110000,4,327
110000,4.5,1122
110000,5,429
110000,5.5,596
110000,6,2322
111000,3.5,9
111000,4,329
111000,4.5,1117
111000,5,428
111000,5.5,595
111000,6,2320
112000,3.5,6
112000,4,332
112000,4.5,1147
112000,5,427
112000,5.5,589
112000,6,2319
113000,3.5,6
113000,4,314
113000,4.5,1127
113000,5,429
113000,5.5,585
113000,6,2314
114000,3.5,6
114000,4,316
114000,4.5,1240
114000,5,362
114000,5.5,584
114000,6,2309
115000,3.5,10
115000,4,294
115000,4.5,1178
115000,5,436
115000,5.5,575
115000,6,2310
116000,3.5,7
116000,4,296
116000,4.5,1182
116000,5,434
116000,5.5,580
116000,6,2299
117000,3.5,10
117000,4,296
117000,4.5,1204
117000,5,437
117000,5.5,578
117000,6,2296
118000,3.5,10
118000,4,296
118000,4.5,1213
118000,5,432
118000,5.5,574
118000,6,2285
119000,3.5,7
119000,4,297
119000,4.5,1215
119000,5,431
119000,5.5,573
119000,6,2282
120000,3.5,8
120000,4,296
120000,4.5,1215
120000,5,458
120000,5.5,569
120000,6,2279
121000,3.5,4
121000,4,303
121000,4.5,1039
121000,5,457
121000,5.5,566
121000,6,2279
122000,3.5,8
122000,4,296
122000,4.5,1156
122000,5,522
122000,5.5,569
122000,6,2269
123000,3.5,6
123000,4,301
123000,4.5,1149
123000,5,533
123000,5.5,568
123000,6,2267
124000,3.5,9
124000,4,298
124000,4.5,1161
124000,5,520
124000,5.5,567
124000,6,2263
125000,3.5,6
125000,4,297
125000,4.5,1182
125000,5,513
125000,5.5,568
125000,6,2260
126000,3.5,10
126000,4,297
126000,4.5,1190
126000,5,514
126000,5.5,557
126000,6,2258
127000,3.5,4
127000,4,301
127000,4.5,1198
127000,5,507
127000,5.5,556
127000,6,2258
128000,3.5,8
128000,4,296
128000,4.5,1200
128000,5,506
128000,5.5,559
128000,6,2249
129000,3.5,4
129000,4,309
129000,4.5,1197
129000,5,443
129000,5.5,556
129000,6,2248
130000,3.5,10
130000,4,299
130000,4.5,1252
130000,5,436
130000,5.5,557
130000,6,2241
131000,3.5,6
131000,4,289
131000,4.5,1211
131000,5,405
131000,5.5,555
131000,6,2233
132000,3.5,10
132000,4,269
132000,4.5,1211
132000,5,404
132000,5.5,552
132000,6,2232
133000,3.5,6
133000,4,273
133000,4.5,1271
133000,5,408
133000,5.5,549
133000,6,2226
134000,3.5,10
134000,4,268
134000,4.5,1277
134000,5,399
134000,5.5,545
134000,6,2224
135000,3.5,5
135000,4,274
135000,4.5,1322
135000,5,362
135000,5.5,552
135000,6,2211
136000,3.5,6
136000,4,273
136000,4.5,1319
136000,5,364
136000,5.5,550
136000,6,2210
137000,3.5,6
137000,4,273
137000,4.5,1333
137000,5,362
137000,5.5,551
137000,6,2204
137000,6.5,1
138000,3.5,9
138000,4,274
138000,4.5,1211
138000,5,484
138000,5.5,556
138000,6,2198
138000,6.5,1
139000,3.5,8
139000,4,337
139000,4.5,1185
139000,5,451
139000,5.5,548
139000,6,2203
139000,6.5,1
140000,3.5,8
140000,4,318
140000,4.5,1214
140000,5,450
140000,5.5,546
140000,6,2198
140000,6.5,1
141000,3.5,10
141000,4,321
141000,4.5,1208
141000,5,450
141000,5.5,546
141000,6,2195
141000,6.5,1
142000,3.5,34
142000,4,239
142000,4.5,1219
142000,5,446
142000,5.5,547
142000,6,2191
142000,6.5,1
143000,3.5,7
143000,4,240
143000,4.5,1276
143000,5,448
143000,5.5,546
143000,6,2184
143000,6.5,1
144000,3.5,6
144000,4,257
144000,4.5,1388
144000,5,319
144000,5.5,544
144000,6,2182
144000,6.5,1
145000,3.5,8
145000,4,253
145000,4.5,1390
145000,5,335
145000,5.5,545
145000,6,2175
145000,6.5,1
146000,3.5,5
146000,4,255
146000,4.5,1390
146000,5,338
146000,5.5,537
146000,6,2175
146000,6.5,1
147000,3.5,10
147000,4,235
147000,4.5,1272
147000,5,471
147000,5.5,532
147000,6,2175
147000,6.5,1
148000,3.5,6
148000,4,239
148000,4.5,1287
148000,5,466
148000,5.5,535
148000,6,2168
148000,6.5,1
149000,3.5,10
149000,4,242
149000,4.5,1288
149000,5,465
149000,5.5,533
149000,6,2163
149000,6.5,1
150000,3.5,4
150000,4,243
150000,4.5,1420
150000,5,343
150000,5.5,536
150000,6,2157
150000,6.5,1
151000,3.5,6
151000,4,253
151000,4.5,1417
151000,5,340
151000,5.5,538
151000,6,2149
151000,6.5,1
152000,3.5,4
152000,4,376
152000,4.5,1288
152000,5,340
152000,5.5,531
152000,6,2149
152000,6.5,1
153000,3.5,10
153000,4,237
153000,4.5,1443
153000,5,342
153000,5.5,528
153000,6,2145
153000,6.5,1
154000,3.5,5
154000,4,240
154000,4.5,1443
154000,5,342
154000,5.5,529
154000,6,2141
154000,6.5,1
155000,3.5,10
155000,4,235
155000,4.5,1446
155000,5,339
155000,5.5,527
155000,6,2136
155000,6.5,1
156000,3.5,6
156000,4,257
156000,4.5,1446
156000,5,339
156000,5.5,522
156000,6,2129
156000,6.5,1
157000,3.5,9
157000,4,234
157000,4.5,1465
157000,5,351
157000,5.5,520
157000,6,2125
157000,6.5,1
158000,3.5,6
158000,4,252
158000,4.5,1455
158000,5,350
158000,5.5,521
158000,6,2120
158000,6.5,2
159000,3.5,8
159000,4,239
159000,4.5,1435
159000,5,386
159000,5.5,516
159000,6,2122
159000,6.5,1
160000,3.5,6
160000,4,239
160000,4.5,1495
160000,5,330
160000,5.5,510
160000,6,2118
160000,6.5,1
161000,3.5,8
161000,4,239
161000,4.5,1493
161000,5,329
161000,5.5,510
161000,6,2117
161000,6.5,1
162000,3.5,9
162000,4,236
162000,4.5,1507
162000,5,328
162000,5.5,511
162000,6,2114
162000,6.5,1
163000,3.5,8
163000,4,251
163000,4.5,1440
163000,5,388
163000,5.5,510
163000,6,2108
163000,6.5,1
164000,3.5,10
164000,4,250
164000,4.5,816
164000,5,389
164000,5.5,508
164000,6,2105
164000,6.5,1
165000,3.5,5
165000,4,256
165000,4.5,815
165000,5,387
165000,5.5,508
165000,6,2102
165000,6.5,1
166000,3.5,6
166000,4,239
166000,4.5,1209
166000,5,387
166000,5.5,508
166000,6,2096
166000,6.5,1
167000,3.5,4
167000,4,255
167000,4.5,1254
167000,5,328
167000,5.5,501
167000,6,2093
167000,6.5,1
168000,3.5,10
168000,4,251
168000,4.5,1252
168000,5,325
168000,5.5,506
168000,6,2087
168000,6.5,1
169000,3.5,6
169000,4,253
169000,4.5,1380
169000,5,326
169000,5.5,503
169000,6,2083
169000,6.5,1
170000,3.5,9
170000,4,251
170000,4.5,1442
170000,5,326
170000,5.5,501
170000,6,2079
170000,6.5,1
171000,3.5,6
171000,4,255
171000,4.5,1320
171000,5,549
171000,5.5,504
171000,6,2070
171000,6.5,1
172000,3.5,10
172000,4,247
172000,4.5,1326
172000,5,444
172000,5.5,501
172000,6,2069
172000,6.5,1
173000,3.5,3
173000,4,258
173000,4.5,1321
173000,5,441
173000,5.5,500
173000,6,2071
173000,6.5,1
174000,3.5,8
174000,4,253
174000,4.5,1435
174000,5,441
174000,5.5,505
174000,6,2064
174000,6.5,1
175000,3.5,4
175000,4,255
175000,4.5,1373
175000,5,507
175000,5.5,498
175000,6,2066
175000,6.5,1
176000,3.5,10
176000,4,250
176000,4.5,1505
176000,5,379
176000,5.5,495
176000,6,2064
176000,6.5,1
177000,3.5,6
177000,4,237
177000,4.5,1505
177000,5,379
177000,5.5,498
177000,6,2055
177000,6.5,1
178000,3.5,10
178000,4,263
178000,4.5,1501
178000,5,378
178000,5.5,492
178000,6,2058
178000,6.5,1
179000,3.5,8
179000,4,267
179000,4.5,1499
179000,5,379
179000,5.5,491
179000,6,2053
179000,6.5,1
180000,3.5,31
180000,4,228
180000,4.5,1493
180000,5,377
180000,5.5,491
180000,6,2053
180000,6.5,1
181000,3.5,5
181000,4,213
181000,4.5,1488
181000,5,359
181000,5.5,495
181000,6,2048
181000,6.5,1
182000,3.5,8
182000,4,209
182000,4.5,1425
182000,5,422
182000,5.5,494
182000,6,2042
182000,6.5,1
183000,3.5,8
183000,4,212
183000,4.5,1486
183000,5,322
183000,5.5,490
183000,6,2040
183000,6.5,1
184000,3.5,7
184000,4,211
184000,4.5,1556
184000,5,325
184000,5.5,538
184000,6,2042
184000,6.5,1
185000,3.5,10
185000,4,210
185000,4.5,1602
185000,5,323
185000,5.5,535
185000,6,2038
185000,6.5,1
186000,3.5,8
186000,4,224
186000,4.5,1584
186000,5,324
186000,5.5,532
186000,6,2037
186000,6.5,1
187000,3.5,10
187000,4,206
187000,4.5,1600
187000,5,321
187000,5.5,529
187000,6,2033
187000,6.5,1
188000,3.5,6
188000,4,289
188000,4.5,1521
188000,5,343
188000,5.5,530
188000,6,2031
188000,6.5,1
189000,3.5,5
189000,4,289
189000,4.5,1522
189000,5,343
189000,5.5,521
189000,6,2037
189000,6.5,1
190000,3.5,4
190000,4,294
190000,4.5,1522
190000,5,343
190000,5.5,516
190000,6,2037
190000,6.5,1
191000,3.5,10
191000,4,267
191000,4.5,1522
191000,5,342
191000,5.5,511
191000,6,2034
191000,6.5,1
192000,3.5,5
192000,4,268
192000,4.5,1564
192000,5,338
192000,5.5,510
192000,6,2032
192000,6.5,1
193000,3.5,10
193000,4,265
193000,4.5,1724
193000,5,180
193000,5.5,507
193000,6,2029
193000,6.5,1
194000,3.5,6
194000,4,268
194000,4.5,1693
194000,5,180
194000,5.5,503
194000,6,2030
194000,6.5,1
195000,3.5,8
195000,4,307
195000,4.5,1692
195000,5,181
195000,5.5,502
195000,6,2026
195000,6.5,1
196000,3.5,4
196000,4,343
196000,4.5,1576
196000,5,270
196000,5.5,499
196000,6,2028
196000,6.5,1
197000,3.5,7
197000,4,362
197000,4.5,1544
197000,5,269
197000,5.5,495
197000,6,2027
197000,6.5,1
198000,3.5,4
198000,4,364
198000,4.5,1417
198000,5,374
198000,5.5,490
198000,6,2028
198000,6.5,1
199000,3.5,10
199000,4,314
199000,4.5,1550
199000,5,285
199000,5.5,494
199000,6,2018
199000,6.5,1
200000,3.5,8
200000,4,295
200000,4.5,1416
200000,5,373
200000,5.5,492
200000,6,2018
200000,6.5,1
201000,3.5,10
201000,4,284
201000,4.5,1483
201000,5,374
201000,5.5,485
201000,6,2020
201000,6.5,1
202000,3.5,8
202000,4,845
202000,4.5,926
202000,5,372
202000,5.5,488
202000,6,2016
202000,6.5,1
203000,3.5,7
203000,4,880
203000,4.5,951
203000,5,320
203000,5.5,487
203000,6,2009
203000,6.5,1
204000,3.5,4
204000,4,908
204000,4.5,916
204000,5,320
204000,5.5,483
204000,6,2008
204000,6.5,1
205000,3.5,6
205000,4,927
205000,4.5,926
205000,5,307
205000,5.5,485
205000,6,2006
205000,6.5,1
206000,3.5,8
206000,4,911
206000,4.5,942
206000,5,307
206000,5.5,483
206000,6,2004
206000,6.5,1
207000,3.5,8
207000,4,908
207000,4.5,951
207000,5,304
207000,5.5,479
207000,6,2005
207000,6.5,1
208000,3.5,9
208000,4,909
208000,4.5,985
208000,5,273
208000,5.5,470
208000,6,2009
208000,6.5,1
209000,3.5,8
209000,4,922
209000,4.5,927
209000,5,269
209000,5.5,474
209000,6,2006
209000,6.5,1
210000,3.5,8
210000,4,967
210000,4.5,803
210000,5,271
210000,5.5,472
210000,6,2003
210000,6.5,1
211000,3.5,5
211000,4,1085
211000,4.5,819
211000,5,271
211000,5.5,468
211000,6,2003
211000,6.5,1
212000,3.5,8
212000,4,1080
212000,4.5,814
212000,5,271
212000,5.5,471
212000,6,1995
212000,6.5,1
213000,3.5,4
213000,4,1152
213000,4.5,762
213000,5,272
213000,5.5,467
213000,6,1998
213000,6.5,1
214000,3.5,10
214000,4,300
214000,4.5,1598
214000,5,270
214000,5.5,460
214000,6,1999
214000,6.5,1
215000,3.5,6
215000,4,338
215000,4.5,1584
215000,5,268
215000,5.5,461
215000,6,1995
215000,6.5,1
216000,3.5,9
216000,4,340
216000,4.5,1602
216000,5,248
216000,5.5,460
216000,6,1995
216000,6.5,1
217000,3.5,6
217000,4,342
217000,4.5,1602
217000,5,248
217000,5.5,457
217000,6,1995
217000,6.5,1
218000,3.5,8
218000,4,376
218000,4.5,1571
218000,5,247
218000,5.5,453
218000,6,1998
218000,6.5,1
219000,3.5,1
219000,4,393
219000,4.5,1563
219000,5,246
219000,5.5,450
219000,6,1999
219000,6.5,1
220000,3.5,8
220000,4,380
220000,4.5,1519
220000,5,247
220000,5.5,451
220000,6,1999
220000,6.5,1
221000,3.5,8
221000,4,410
221000,4.5,1419
221000,5,270
221000,5.5,454
221000,6,1991
221000,6.5,1
222000,3.5,9
222000,4,400
222000,4.5,1525
222000,5,266
222000,5.5,458
222000,6,1988
222000,6.5,1
223000,3.5,8
223000,4,410
223000,4.5,1526
223000,5,265
223000,5.5,458
223000,6,1982
223000,6.5,1
224000,3.5,9
224000,4,1238
224000,4.5,687
224000,5,284
224000,5.5,452
224000,6,1983
224000,6.5,1
225000,3.5,6
225000,4,1240
225000,4.5,711
225000,5,262
225000,5.5,450
225000,6,1983
225000,6.5,1
226000,3.5,6
226000,4,1249
226000,4.5,708
226000,5,263
226000,5.5,451
226000,6,1977
226000,6.5,1
227000,3.5,6
227000,4,1251
227000,4.5,738
227000,5,233
227000,5.5,448
227000,6,1978
227000,6.5,1
228000,3.5,6
228000,4,1248
228000,4.5,719
228000,5,231
228000,5.5,444
228000,6,1980
228000,6.5,1
229000,3.5,11
229000,4,1269
229000,4.5,720
229000,5,234
229000,5.5,436
229000,6,1982
229000,6.5,1
230000,3.5,7
230000,4,1282
230000,4.5,710
230000,5,244
230000,5.5,433
230000,6,1979
230000,6.5,1
231000,3.5,61
231000,4,1160
231000,4.5,744
231000,5,240
231000,5.5,437
231000,6,1974
231000,6.5,1
232000,3.5,51
232000,4,1090
232000,4.5,711
232000,5,240
232000,5.5,436
232000,6,1969
232000,6.5,1
233000,3.5,51
233000,4,991
233000,4.5,745
233000,5,241
233000,5.5,433
233000,6,1969
233000,6.5,1
234000,3.5,24
234000,4,958
234000,4.5,756
234000,5,240
234000,5.5,434
234000,6,1967
234000,6.5,1
235000,3.5,19
235000,4,989
235000,4.5,697
235000,5,270
235000,5.5,431
235000,6,1967
235000,6.5,1
236000,3.5,13
236000,4,983
236000,4.5,696
236000,5,270
236000,5.5,433
236000,6,1961
236000,6.5,1
237000,3.5,19
237000,4,908
237000,4.5,713
237000,5,271
237000,5.5,430
237000,6,1961
237000,6.5,1
238000,3.5,13
238000,4,900
238000,4.5,705
238000,5,269
238000,5.5,429
238000,6,1954
238000,6.5,1
239000,3.5,16
239000,4,942
239000,4.5,667
239000,5,238
239000,5.5,426
239000,6,1954
239000,6.5,1
240000,3.5,22
240000,4,946
240000,4.5,663
240000,5,225
240000,5.5,422
240000,6,1957
240000,6.5,1
241000,3.5,87
241000,4,916
241000,4.5,662
241000,5,222
241000,5.5,422
241000,6,1959
241000,6.5,1
242000,3.5,83
242000,4,942
242000,4.5,648
242000,5,223
242000,5.5,421
242000,6,1954
242000,6.5,1
243000,3.5,22
243000,4,976
243000,4.5,661
243000,5,220
243000,5.5,428
243000,6,1948
243000,6.5,1
244000,3.5,8
244000,4,1054
244000,4.5,586
244000,5,222
244000,5.5,429
244000,6,1947
244000,6.5,1
245000,3.5,10
245000,4,1047
245000,4.5,542
245000,5,253
245000,5.5,428
245000,6,1944
245000,6.5,1
246000,3.5,8
246000,4,1048
246000,4.5,551
246000,5,255
246000,5.5,426
246000,6,1942
246000,6.5,1
247000,3.5,8
247000,4,1040
247000,4.5,540
247000,5,258
247000,5.5,422
247000,6,1941
247000,6.5,1
248000,3.5,6
248000,4,1097
248000,4.5,540
248000,5,223
248000,5.5,423
248000,6,1939
248000,6.5,1
249000,3.5,5
249000,4,1101
249000,4.5,542
249000,5,223
249000,5.5,422
249000,6,1940
249000,6.5,1
250000,3.5,6
250000,4,1103
250000,4.5,536
250000,5,225
250000,5.5,420
250000,6,1939
250000,6.5,1
251000,3.5,17
251000,4,1098
251000,4.5,539
251000,5,224
251000,5.5,413
251000,6,1941
251000,6.5,1
252000,3.5,61
252000,4,1055
252000,4.5,546
252000,5,221
252000,5.5,416
252000,6,1934
252000,6.5,1
253000,3.5,57
253000,4,831
253000,4.5,560
253000,5,219
253000,5.5,416
253000,6,1929
253000,6.5,1
254000,3.5,10
254000,4,991
254000,4.5,634
254000,5,218
254000,5.5,416
254000,6,1926
254000,6.5,1
255000,3.5,6
255000,4,990
255000,4.5,626
255000,5,220
255000,5.5,414
255000,6,1924
255000,6.5,1
256000,3.5,8
256000,4,961
256000,4.5,640
256000,5,219
256000,5.5,413
256000,6,1921
256000,6.5,1
257000,3.5,3
257000,4,1039
257000,4.5,614
257000,5,198
257000,5.5,413
257000,6,1920
257000,6.5,1
258000,3.5,8
258000,4,997
258000,4.5,660
258000,5,198
258000,5.5,408
258000,6,1920
258000,6.5,1
259000,3.5,6
259000,4,925
259000,4.5,673
259000,5,216
259000,5.5,409
259000,6,1916
259000,6.5,1
260000,3.5,10
260000,4,1003
260000,4.5,636
260000,5,217
260000,5.5,409
260000,6,1914
260000,6.5,1
261000,3.5,6
261000,4,1004
261000,4.5,666
261000,5,196
261000,5.5,408
261000,6,1914
261000,6.5,1
262000,3.5,39
262000,4,974
262000,4.5,669
262000,5,196
262000,5.5,400
262000,6,1917
262000,6.5,1
263000,3.5,78
263000,4,961
263000,4.5,647
263000,5,194
263000,5.5,398
263000,6,1916
263000,6.5,1
264000,3.5,88
264000,4,947
264000,4.5,607
264000,5,195
264000,5.5,397
264000,6,1916
264000,6.5,1
265000,3.5,10
265000,4,978
265000,4.5,640
265000,5,196
265000,5.5,394
265000,6,1915
265000,6.5,1
266000,3.5,11
266000,4,1001
266000,4.5,680
266000,5,197
266000,5.5,392
266000,6,1911
266000,6.5,1
267000,3.5,11
267000,4,1085
267000,4.5,588
267000,5,199
267000,5.5,392
267000,6,1908
267000,6.5,1
268000,3.5,12
268000,4,1073
268000,4.5,590
268000,5,196
268000,5.5,390
268000,6,1909
268000,6.5,1
269000,3.5,8
269000,4,1070
269000,4.5,594
269000,5,196
269000,5.5,392
269000,6,1903
269000,6.5,1
270000,3.5,5
270000,4,1063
270000,4.5,595
270000,5,195
270000,5.5,387
270000,6,1904
270000,6.5,1
271000,3.5,6
271000,4,1035
271000,4.5,625
271000,5,213
271000,5.5,385
271000,6,1900
271000,6.5,1
272000,3.5,6
272000,4,1053
272000,4.5,641
272000,5,180
272000,5.5,384
272000,6,1898
272000,6.5,1
273000,3.5,34
273000,4,1010
273000,4.5,655
273000,5,181
273000,5.5,382
273000,6,1896
273000,6.5,1
274000,3.5,58
274000,4,965
274000,4.5,667
274000,5,179
274000,5.5,381
274000,6,1898
274000,6.5,1
275000,3.5,47
275000,4,989
275000,4.5,665
275000,5,177
275000,5.5,381
275000,6,1897
275000,6.5,1
276000,3.5,9
276000,4,1049
276000,4.5,642
276000,5,177
276000,5.5,379
276000,6,1896
276000,6.5,1
277000,3.5,12
277000,4,1008
277000,4.5,679
277000,5,179
277000,5.5,377
277000,6,1891
277000,6.5,1
278000,3.5,3
278000,4,975
278000,4.5,719
278000,5,177
278000,5.5,379
278000,6,1888
278000,6.5,1
279000,3.5,8
279000,4,972
279000,4.5,675
279000,5,178
279000,5.5,378
279000,6,1887
279000,6.5,1
280000,3.5,4
280000,4,1032
280000,4.5,666
280000,5,178
280000,5.5,379
280000,6,1880
280000,6.5,1
281000,3.5,7
281000,4,964
281000,4.5,723
281000,5,180
281000,5.5,376
281000,6,1878
281000,6.5,1
282000,3.5,6
282000,4,972
282000,4.5,729
282000,5,178
282000,5.5,378
282000,6,1876
282000,6.5,1
283000,3.5,11
283000,4,924
283000,4.5,771
283000,5,180
283000,5.5,374
283000,6,1874
283000,6.5,2
284000,3.5,31
284000,4,856
284000,4.5,765
284000,5,178
284000,5.5,374
284000,6,1875
284000,6.5,2
285000,3.5,45
285000,4,890
285000,4.5,759
285000,5,200
285000,5.5,369
285000,6,1877
285000,6.5,2
286000,3.5,37
286000,4,900
286000,4.5,686
286000,5,211
286000,5.5,368
286000,6,1878
286000,6.5,2
287000,3.5,10
287000,4,989
287000,4.5,686
287000,5,210
287000,5.5,370
287000,6,1874
287000,6.5,2
288000,3.5,6
288000,4,1011
288000,4.5,661
288000,5,217
288000,5.5,368
288000,6,1871
288000,6.5,2
289000,3.5,9
289000,4,953
289000,4.5,712
289000,5,217
289000,5.5,366
289000,6,1869
289000,6.5,2
290000,3.5,8
290000,4,952
290000,4.5,713
290000,5,216
290000,5.5,368
290000,6,1866
290000,6.5,2
291000,3.5,8
291000,4,955
291000,4.5,683
291000,5,215
291000,5.5,369
291000,6,1861
291000,6.5,2
292000,3.5,8
292000,4,888
292000,4.5,680
292000,5,214
292000,5.5,368
292000,6,1862
292000,6.5,2
293000,3.5,6
293000,4,824
293000,4.5,686
293000,5,214
293000,5.5,367
293000,6,1857
293000,6.5,2
294000,3.5,14
294000,4,801
294000,4.5,703
294000,5,194
294000,5.5,365
294000,6,1857
294000,6.5,2
295000,3.5,63
295000,4,738
295000,4.5,826
295000,5,191
295000,5.5,365
295000,6,1855
295000,6.5,2
296000,3.5,52
296000,4,713
296000,4.5,850
296000,5,190
296000,5.5,361
296000,6,1853
296000,6.5,2
297000,3.5,38
297000,4,678
297000,4.5,889
297000,5,193
297000,5.5,361
297000,6,1846
297000,6.5,2
298000,3.5,10
298000,4,753
298000,4.5,839
298000,5,192
298000,5.5,360
298000,6,1842
298000,6.5,2
299000,3.5,8
299000,4,721
299000,4.5,916
299000,5,194
299000,5.5,357
299000,6,1842
299000,6.5,2
300000,3.5,8
300000,4,693
300000,4.5,953
300000,5,194
300000,5.5,355
300000,6,1840
300000,6.5,2
301000,3.5,4
301000,4,655
301000,4.5,987
301000,5,194
301000,5.5,350
301000,6,1840
301000,6.5,2
302000,3.5,10
302000,4,626
302000,4.5,969
302000,5,224
302000,5.5,349
302000,6,1841
302000,6.5,2
303000,3.5,3
303000,4,656
303000,4.5,954
303000,5,224
303000,5.5,351
303000,6,1837
303000,6.5,2
304000,3.5,8
304000,4,625
304000,4.5,975
304000,5,208
304000,5.5,347
304000,6,1837
304000,6.5,2
305000,3.5,5
305000,4,603
305000,4.5,960
305000,5,224
305000,5.5,347
305000,6,1837
305000,6.5,2
306000,3.5,42
306000,4,588
306000,4.5,922
306000,5,204
306000,5.5,344
306000,6,1836
306000,6.5,2
307000,3.5,39
307000,4,560
307000,4.5,921
307000,5,202
307000,5.5,345
307000,6,1834
307000,6.5,2
308000,3.5,38
308000,4,558
308000,4.5,923
308000,5,202
308000,5.5,346
308000,6,1830
308000,6.5,2
309000,3.5,6
309000,4,614
309000,4.5,902
309000,5,198
309000,5.5,346
309000,6,1827
309000,6.5,2
310000,3.5,8
310000,4,596
310000,4.5,1020
310000,5,199
310000,5.5,347
310000,6,1821
310000,6.5,2
311000,3.5,6
311000,4,597
311000,4.5,1024
311000,5,200
311000,5.5,346
311000,6,1819
311000,6.5,2
312000,3.5,8
312000,4,599
312000,4.5,1020
312000,5,200
312000,5.5,343
312000,6,1816
312000,6.5,2
313000,3.5,8
313000,4,590
313000,4.5,1023
313000,5,200
313000,5.5,338
313000,6,1818
313000,6.5,2
314000,3.5,7
314000,4,592
314000,4.5,1024
314000,5,197
314000,5.5,342
314000,6,1810
314000,6.5,2
315000,3.5,6
315000,4,595
315000,4.5,1017
315000,5,202
315000,5.5,340
315000,6,1810
315000,6.5,2
316000,3.5,23
316000,4,541
316000,4.5,1019
316000,5,201
316000,5.5,339
316000,6,1806
316000,6.5,2
317000,3.5,39
317000,4,548
317000,4.5,1017
317000,5,205
317000,5.5,339
317000,6,1805
317000,6.5,2
318000,3.5,37
318000,4,550
318000,4.5,1010
318000,5,191
318000,5.5,333
318000,6,1809
318000,6.5,2
319000,3.5,27
319000,4,561
319000,4.5,895
319000,5,304
319000,5.5,339
319000,6,1804
319000,6.5,2
320000,3.5,8
320000,4,547
320000,4.5,862
320000,5,303
320000,5.5,339
320000,6,1803
320000,6.5,2
321000,3.5,10
321000,4,548
321000,4.5,802
321000,5,302
321000,5.5,341
321000,6,1800
321000,6.5,2
322000,3.5,7
322000,4,517
322000,4.5,828
322000,5,302
322000,5.5,341
322000,6,1799
322000,6.5,2
323000,3.5,8
323000,4,514
323000,4.5,894
323000,5,296
323000,5.5,340
323000,6,1799
323000,6.5,2
324000,3.5,3
324000,4,522
324000,4.5,890
324000,5,295
324000,5.5,345
324000,6,1792
324000,6.5,2
325000,3.5,8
325000,4,515
325000,4.5,828
325000,5,357
325000,5.5,344
325000,6,1791
325000,6.5,2
326000,3.5,4
326000,4,520
326000,4.5,844
326000,5,357
326000,5.5,344
326000,6,1791
326000,6.5,2
327000,3.5,42
327000,4,484
327000,4.5,844
327000,5,357
327000,5.5,340
327000,6,1791
327000,6.5,2
328000,3.5,37
328000,4,457
328000,4.5,932
328000,5,293
328000,5.5,340
328000,6,1788
328000,6.5,2
329000,3.5,41
329000,4,455
329000,4.5,930
329000,5,293
329000,5.5,336
329000,6,1789
329000,6.5,2
330000,3.5,23
330000,4,470
330000,4.5,912
330000,5,291
330000,5.5,337
330000,6,1786
330000,6.5,2
331000,3.5,8
331000,4,483
331000,4.5,958
331000,5,291
331000,5.5,339
331000,6,1782
331000,6.5,2
332000,3.5,8
332000,4,484
332000,4.5,957
332000,5,291
332000,5.5,343
332000,6,1775
332000,6.5,2
333000,3.5,8
333000,4,484
333000,4.5,957
333000,5,290
333000,5.5,341
333000,6,1776
333000,6.5,2
334000,3.5,6
334000,4,486
334000,4.5,957
334000,5,290
334000,5.5,340
334000,6,1776
334000,6.5,2
335000,3.5,7
335000,4,453
335000,4.5,959
335000,5,287
335000,5.5,336
335000,6,1776
335000,6.5,2
336000,3.5,8
336000,4,497
336000,4.5,960
336000,5,286
336000,5.5,336
336000,6,1774
336000,6.5,2
337000,3.5,21
337000,4,482
337000,4.5,964
337000,5,286
337000,5.5,333
337000,6,1776
337000,6.5,2
338000,3.5,38
338000,4,472
338000,4.5,953
338000,5,289
338000,5.5,329
338000,6,1777
338000,6.5,2
339000,3,18
339000,3.5,19
339000,4,477
339000,4.5,950
339000,5,284
339000,5.5,330
339000,6,1775
339000,6.5,2
340000,3.5,41
340000,4,467
340000,4.5,954
340000,5,283
340000,5.5,328
340000,6,1775
340000,6.5,2
341000,3.5,23
341000,4,485
341000,4.5,1027
341000,5,224
341000,5.5,325
341000,6,1777
341000,6.5,2
342000,3.5,10
342000,4,499
342000,4.5,1006
342000,5,223
342000,5.5,330
342000,6,1772
342000,6.5,2
343000,3.5,7
343000,4,499
343000,4.5,1006
343000,5,225
343000,5.5,328
343000,6,1770
343000,6.5,2
344000,3.5,10
344000,4,531
344000,4.5,1002
344000,5,225
344000,5.5,328
344000,6,1766
344000,6.5,2
345000,3.5,4
345000,4,539
345000,4.5,1001
345000,5,224
345000,5.5,328
345000,6,1763
345000,6.5,2
346000,3.5,8
346000,4,525
346000,4.5,1003
346000,5,221
346000,5.5,327
346000,6,1760
346000,6.5,2
347000,3.5,19
347000,4,514
347000,4.5,1003
347000,5,221
347000,5.5,327
347000,6,1757
347000,6.5,2
348000,3.5,21
348000,4,456
348000,4.5,1051
348000,5,220
348000,5.5,331
348000,6,1753
348000,6.5,2
349000,3.5,35
349000,4,425
349000,4.5,1051
349000,5,220
349000,5.5,330
349000,6,1750
349000,6.5,2
350000,3,19
350000,3.5,22
350000,4,416
350000,4.5,1050
350000,5,251
350000,5.5,324
350000,6,1752
350000,6.5,2
351000,3.5,38
351000,4,429
351000,4.5,1048
351000,5,250
351000,5.5,325
351000,6,1748
351000,6.5,2
352000,3.5,28
352000,4,437
352000,4.5,1042
352000,5,250
352000,5.5,328
352000,6,1742
352000,6.5,2
353000,3.5,6
353000,4,457
353000,4.5,1061
353000,5,249
353000,5.5,325
353000,6,1740
353000,6.5,2
354000,3.5,8
354000,4,458
354000,4.5,1058
354000,5,249
354000,5.5,327
354000,6,1736
354000,6.5,2
355000,3.5,8
355000,4,453
355000,4.5,1060
355000,5,249
355000,5.5,327
355000,6,1733
355000,6.5,2
356000,3.5,6
356000,4,458
356000,4.5,1057
356000,5,249
356000,5.5,328
356000,6,1730
356000,6.5,2
357000,3.5,6
357000,4,458
357000,4.5,1069
357000,5,251
357000,5.5,322
357000,6,1731
357000,6.5,2
358000,3.5,21
358000,4,439
358000,4.5,1075
358000,5,251
358000,5.5,321
358000,6,1729
358000,6.5,2
359000,3.5,21
359000,4,442
359000,4.5,1071
359000,5,251
359000,5.5,321
359000,6,1728
359000,6.5,2
360000,3.5,39
360000,4,423
360000,4.5,1131
360000,5,197
360000,5.5,318
360000,6,1729
360000,6.5,2
361000,3,19
361000,3.5,18
361000,4,426
361000,4.5,1074
361000,5,254
361000,5.5,318
361000,6,1729
361000,6.5,2
362000,3.5,26
362000,4,439
362000,4.5,1074
362000,5,254
362000,5.5,319
362000,6,1727
362000,6.5,2
363000,3.5,8
363000,4,455
363000,4.5,998
363000,5,256
363000,5.5,316
363000,6,1725
363000,6.5,2
364000,3.5,6
364000,4,458
364000,4.5,1080
364000,5,255
364000,5.5,318
364000,6,1722
364000,6.5,2
365000,3.5,10
365000,4,410
365000,4.5,1126
365000,5,250
365000,5.5,320
365000,6,1722
365000,6.5,2
366000,3.5,8
366000,4,413
366000,4.5,1127
366000,5,252
366000,5.5,320
366000,6,1720
366000,6.5,2
367000,3.5,10
367000,4,410
367000,4.5,1128
367000,5,251
367000,5.5,324
367000,6,1716
367000,6.5,2
368000,3.5,16
368000,4,404
368000,4.5,1128
368000,5,252
368000,5.5,323
368000,6,1716
368000,6.5,2
369000,3.5,21
369000,4,401
369000,4.5,1126
369000,5,252
369000,5.5,325
369000,6,1714
369000,6.5,2
370000,3.5,18
370000,4,400
370000,4.5,1191
370000,5,195
370000,5.5,320
370000,6,1715
370000,6.5,2
371000,3.5,40
371000,4,382
371000,4.5,1186
371000,5,195
371000,5.5,315
371000,6,1715
371000,6.5,2
372000,3,19
372000,3.5,6
372000,4,396
372000,4.5,1192
372000,5,194
372000,5.5,312
372000,6,1716
372000,6.5,2
373000,3.5,29
373000,4,389
373000,4.5,1155
373000,5,193
373000,5.5,316
373000,6,1710
373000,6.5,2
374000,3.5,8
374000,4,414
374000,4.5,1197
374000,5,192
374000,5.5,314
374000,6,1711
374000,6.5,2
375000,3.5,10
375000,4,410
375000,4.5,1202
375000,5,193
375000,5.5,312
375000,6,1711
375000,6.5,2
376000,3.5,5
376000,4,415
376000,4.5,1202
376000,5,193
376000,5.5,314
376000,6,1705
376000,6.5,2
377000,3.5,8
377000,4,462
377000,4.5,1152
377000,5,193
377000,5.5,313
377000,6,1705
377000,6.5,2
378000,3.5,5
378000,4,464
378000,4.5,1153
378000,5,192
378000,5.5,313
378000,6,1702
378000,6.5,2
379000,3.5,18
379000,4,450
379000,4.5,1120
379000,5,192
379000,5.5,311
379000,6,1700
379000,6.5,2
380000,3.5,21
380000,4,447
380000,4.5,1120
380000,5,191
380000,5.5,310
380000,6,1700
380000,6.5,2
381000,3.5,28
381000,4,442
381000,4.5,1118
381000,5,190
381000,5.5,311
381000,6,1699
381000,6.5,2
382000,3.5,47
382000,4,420
382000,4.5,1120
382000,5,190
382000,5.5,306
382000,6,1702
382000,6.5,2
383000,3,19
383000,3.5,18
383000,4,432
383000,4.5,1118
383000,5,191
383000,5.5,304
383000,6,1701
383000,6.5,2
384000,3.5,25
384000,4,443
384000,4.5,1119
384000,5,189
384000,5.5,305
384000,6,1700
384000,6.5,2
385000,3.5,8
385000,4,458
385000,4.5,1121
385000,5,187
385000,5.5,304
385000,6,1698
385000,6.5,2
386000,3.5,8
386000,4,462
386000,4.5,1117
386000,5,190
386000,5.5,303
386000,6,1695
386000,6.5,2
387000,3.5,5
387000,4,463
387000,4.5,1119
387000,5,189
387000,5.5,302
387000,6,1694
387000,6.5,2
388000,3.5,10
388000,4,458
388000,4.5,1119
388000,5,189
388000,5.5,303
388000,6,1690
388000,6.5,2
389000,3.5,7
389000,4,463
389000,4.5,1117
389000,5,189
389000,5.5,305
389000,6,1687
389000,6.5,2
390000,3.5,23
390000,4,394
390000,4.5,1170
390000,5,188
390000,5.5,305
390000,6,1686
390000,6.5,2
391000,3.5,17
391000,4,403
391000,4.5,1167
391000,5,190
391000,5.5,302
391000,6,1687
391000,6.5,2
392000,3.5,49
392000,4,373
392000,4.5,1165
392000,5,189
392000,5.5,298
392000,6,1689
392000,6.5,2
393000,3.5,47
393000,4,372
393000,4.5,1167
393000,5,189
393000,5.5,297
393000,6,1686
393000,6.5,2
394000,3,19
394000,3.5,20
394000,4,380
394000,4.5,1167
394000,5,190
394000,5.5,293
394000,6,1688
394000,6.5,2
395000,3.5,26
395000,4,364
395000,4.5,1167
395000,5,190
395000,5.5,292
395000,6,1687
395000,6.5,2
396000,3.5,10
396000,4,380
396000,4.5,1282
396000,5,191
396000,5.5,291
396000,6,1684
396000,6.5,2
397000,3.5,7
397000,4,384
397000,4.5,1274
397000,5,191
397000,5.5,292
397000,6,1681
397000,6.5,2
398000,3.5,6
398000,4,903
398000,4.5,767
398000,5,191
398000,5.5,290
398000,6,1681
398000,6.5,2
399000,3.5,6
399000,4,903
399000,4.5,769
399000,5,190
399000,5.5,291
399000,6,1679
399000,6.5,2
400000,3.5,21
400000,4,888
400000,4.5,771
400000,5,190
400000,5.5,292
400000,6,1678
400000,6.5,2
401000,3.5,19
401000,4,892
401000,4.5,767
401000,5,193
401000,5.5,296
401000,6,1672
401000,6.5,2
402000,3.5,19
402000,4,885
402000,4.5,770
402000,5,193
402000,5.5,295
402000,6,1670
402000,6.5,2
403000,3.5,48
403000,4,857
403000,4.5,769
403000,5,193
403000,5.5,291
403000,6,1671
403000,6.5,2
404000,3,19
404000,3.5,28
404000,4,869
404000,4.5,767
404000,5,192
404000,5.5,290
404000,6,1672
404000,6.5,2
405000,3,19
405000,3.5,19
405000,4,876
405000,4.5,771
405000,5,191
405000,5.5,293
405000,6,1668
405000,6.5,2
406000,3.5,24
406000,4,869
406000,4.5,798
406000,5,184
406000,5.5,290
406000,6,1668
406000,6.5,2
407000,3.5,10
407000,4,891
407000,4.5,796
407000,5,184
407000,5.5,291
407000,6,1667
407000,6.5,2
408000,3.5,8
408000,4,890
408000,4.5,760
408000,5,182
408000,5.5,292
408000,6,1665
408000,6.5,2
409000,3.5,8
409000,4,933
409000,4.5,761
409000,5,182
409000,5.5,291
409000,6,1665
409000,6.5,2
410000,3.5,8
410000,4,933
410000,4.5,761
410000,5,183
410000,5.5,290
410000,6,1664
410000,6.5,2
411000,3.5,10
411000,4,931
411000,4.5,761
411000,5,184
411000,5.5,286
411000,6,1666
411000,6.5,2
412000,3.5,19
412000,4,922
412000,4.5,761
412000,5,184
412000,5.5,284
412000,6,1667
412000,6.5,2
413000,3.5,22
413000,4,921
413000,4.5,759
413000,5,186
413000,5.5,283
413000,6,1665
413000,6.5,2
414000,3.5,43
414000,4,897
414000,4.5,762
414000,5,186
414000,5.5,282
414000,6,1664
414000,6.5,2
415000,3,19
415000,3.5,35
415000,4,884
415000,4.5,763
415000,5,185
415000,5.5,283
415000,6,1661
415000,6.5,2
416000,3,19
416000,3.5,17
416000,4,906
416000,4.5,767
416000,5,185
416000,5.5,285
416000,6,1657
416000,6.5,2
417000,3.5,27
417000,4,306
417000,4.5,1377
417000,5,185
417000,5.5,285
417000,6,1656
417000,6.5,2
418000,3.5,8
418000,4,327
418000,4.5,1375
418000,5,184
418000,5.5,284
418000,6,1655
418000,6.5,2
419000,3.5,10
419000,4,327
419000,4.5,1373
419000,5,184
419000,5.5,285
419000,6,1655
419000,6.5,2
420000,3.5,8
420000,4,324
420000,4.5,1384
420000,5,183
420000,5.5,286
420000,6,1654
420000,6.5,2
421000,3.5,6
421000,4,378
421000,4.5,1316
421000,5,182
421000,5.5,283
421000,6,1655
421000,6.5,2
422000,3.5,20
422000,4,437
422000,4.5,1261
422000,5,182
422000,5.5,286
422000,6,1650
422000,6.5,2
423000,3.5,21
423000,4,437
423000,4.5,1261
423000,5,181
423000,5.5,282
423000,6,1653
423000,6.5,2
424000,3.5,19
424000,4,447
424000,4.5,1259
424000,5,181
424000,5.5,284
424000,6,1650
424000,6.5,2
425000,3.5,38
425000,4,426
425000,4.5,1260
425000,5,181
425000,5.5,280
425000,6,1652
425000,6.5,2
426000,3,19
426000,3.5,33
426000,4,433
426000,4.5,1238
426000,5,185
426000,5.5,275
426000,6,1654
426000,6.5,2
427000,3,19
427000,3.5,20
427000,4,447
427000,4.5,1237
427000,5,185
427000,5.5,275
427000,6,1653
427000,6.5,2
428000,3.5,25
428000,4,331
428000,4.5,1367
428000,5,184
428000,5.5,274
428000,6,1652
428000,6.5,2
429000,3.5,6
429000,4,348
429000,4.5,1369
429000,5,183
429000,5.5,271
429000,6,1654
429000,6.5,2
430000,3.5,10
430000,4,950
430000,4.5,763
430000,5,176
430000,5.5,279
430000,6,1651
430000,6.5,2
431000,3.5,6
431000,4,945
431000,4.5,761
431000,5,176
431000,5.5,278
431000,6,1649
431000,6.5,2
432000,3.5,7
432000,4,939
432000,4.5,766
432000,5,176
432000,5.5,279
432000,6,1648
432000,6.5,2
433000,3.5,20
433000,4,931
433000,4.5,761
433000,5,176
433000,5.5,279
433000,6,1646
433000,6.5,2
434000,3.5,23
434000,4,928
434000,4.5,715
434000,5,239
434000,5.5,282
434000,6,1642
434000,6.5,2
435000,3.5,20
435000,4,929
435000,4.5,717
435000,5,241
435000,5.5,274
435000,6,1639
435000,6.5,2
436000,3.5,41
436000,4,903
436000,4.5,715
436000,5,240
436000,5.5,273
436000,6,1639
436000,6.5,2
437000,2.5,18
437000,3,1
437000,3.5,21
437000,4,901
437000,4.5,685
437000,5,241
437000,5.5,265
437000,6,1646
437000,6.5,2
438000,3,19
438000,3.5,10
438000,4,911
438000,4.5,730
438000,5,241
438000,5.5,267
438000,6,1641
438000,6.5,2
439000,3.5,24
439000,4,920
439000,4.5,727
439000,5,224
439000,5.5,266
439000,6,1641
439000,6.5,2
440000,3.5,8
440000,4,936
440000,4.5,681
440000,5,224
440000,5.5,269
440000,6,1637
440000,6.5,2
441000,3.5,7
441000,4,935
441000,4.5,683
441000,5,218
441000,5.5,274
441000,6,1637
441000,6.5,2
442000,3.5,8
442000,4,934
442000,4.5,683
442000,5,218
442000,5.5,273
442000,6,1635
442000,6.5,2
443000,3.5,5
443000,4,939
443000,4.5,681
443000,5,215
443000,5.5,275
443000,6,1631
443000,6.5,2
444000,3.5,19
444000,4,970
444000,4.5,635
444000,5,214
444000,5.5,278
444000,6,1632
444000,6.5,2
445000,3.5,22
445000,4,958
445000,4.5,694
445000,5,212
445000,5.5,278
445000,6,1632
445000,6.5,2
446000,3.5,22
446000,4,958
446000,4.5,686
446000,5,210
446000,5.5,278
446000,6,1632
446000,6.5,2
447000,3.5,39
447000,4,283
447000,4.5,1351
447000,5,210
447000,5.5,276
447000,6,1634
447000,6.5,2
448000,2.5,19
448000,3.5,21
448000,4,285
448000,4.5,1337
448000,5,211
448000,5.5,269
448000,6,1633
448000,6.5,2
449000,3,19
449000,3.5,15
449000,4,290
449000,4.5,1337
449000,5,212
449000,5.5,269
449000,6,1631
449000,6.5,2
450000,3.5,33
450000,4,298
450000,4.5,1286
450000,5,211
450000,5.5,270
450000,6,1629
450000,6.5,2
451000,3.5,7
451000,4,410
451000,4.5,1238
451000,5,211
451000,5.5,270
451000,6,1628
451000,6.5,2
452000,3.5,7
452000,4,463
452000,4.5,1186
452000,5,208
452000,5.5,273
452000,6,1625
452000,6.5,2
453000,3.5,10
453000,4,460
453000,4.5,1175
453000,5,176
453000,5.5,273
453000,6,1624
453000,6.5,2
454000,3.5,6
454000,4,466
454000,4.5,1173
454000,5,177
454000,5.5,271
454000,6,1623
454000,6.5,2
455000,3.5,21
455000,4,451
455000,4.5,1173
455000,5,177
455000,5.5,271
455000,6,1619
455000,6.5,3
456000,3.5,20
456000,4,449
456000,4.5,1176
456000,5,179
456000,5.5,267
456000,6,1617
456000,6.5,3
457000,3.5,24
457000,4,439
457000,4.5,1181
457000,5,180
457000,5.5,266
457000,6,1617
457000,6.5,3
458000,3.5,39
458000,4,431
458000,4.5,1171
458000,5,181
458000,5.5,262
458000,6,1620
458000,6.5,3
459000,2,18
459000,2.5,1
459000,3.5,14
459000,4,436
459000,4.5,1171
459000,5,182
459000,5.5,259
459000,6,1617
459000,6.5,3
460000,3.5,33
460000,4,390
460000,4.5,1216
460000,5,182
460000,5.5,258
460000,6,1614
460000,6.5,3
461000,3.5,17
461000,4,409
461000,4.5,1214
461000,5,296
461000,5.5,258
461000,6,1614
461000,6.5,3
462000,3.5,6
462000,4,461
462000,4.5,1168
462000,5,294
462000,5.5,262
462000,6,1612
462000,6.5,3
463000,3.5,8
463000,4,436
463000,4.5,1191
463000,5,293
463000,5.5,260
463000,6,1612
463000,6.5,3
464000,3.5,8
464000,4,442
464000,4.5,1193
464000,5,293
464000,5.5,262
464000,6,1610
464000,6.5,3
465000,3.5,21
465000,4,427
465000,4.5,1198
465000,5,294
465000,5.5,260
465000,6,1609
465000,6.5,3
466000,3.5,19
466000,4,436
466000,4.5,1192
466000,5,294
466000,5.5,261
466000,6,1606
466000,6.5,3
467000,3.5,22
467000,4,428
467000,4.5,1200
467000,5,295
467000,5.5,258
467000,6,1605
467000,6.5,3
468000,3.5,22
468000,4,430
468000,4.5,1199
468000,5,294
468000,5.5,257
468000,6,1607
468000,6.5,3
469000,3.5,39
469000,4,416
469000,4.5,1196
469000,5,295
469000,5.5,254
469000,6,1604
469000,6.5,3
470000,2,19
470000,3.5,93
470000,4,340
470000,4.5,1198
470000,5,293
470000,5.5,253
470000,6,1602
470000,6.5,3
471000,3,18
471000,3.5,96
471000,4,333
471000,4.5,1203
471000,5,294
471000,5.5,250
471000,6,1604
471000,6.5,3
472000,3.5,8
472000,4,435
472000,4.5,1203
472000,5,292
472000,5.5,255
472000,6,1601
472000,6.5,3
473000,3.5,6
473000,4,436
473000,4.5,1204
473000,5,291
473000,5.5,256
473000,6,1600
473000,6.5,3
474000,3.5,8
474000,4,384
474000,4.5,1267
474000,5,295
474000,5.5,256
474000,6,1599
474000,6.5,3
475000,3.5,8
475000,4,389
475000,4.5,1262
475000,5,294
475000,5.5,261
475000,6,1593
475000,6.5,3
476000,3.5,10
476000,4,385
476000,4.5,1264
476000,5,296
476000,5.5,260
476000,6,1592
476000,6.5,3
477000,3.5,19
477000,4,372
477000,4.5,1266
477000,5,296
477000,5.5,260
477000,6,1591
477000,6.5,3
478000,3.5,21
478000,4,374
478000,4.5,1262
478000,5,297
478000,5.5,257
478000,6,1588
478000,6.5,3
479000,3.5,21
479000,4,369
479000,4.5,1267
479000,5,298
479000,5.5,256
479000,6,1587
479000,6.5,3
480000,3.5,43
480000,4,349
480000,4.5,1265
480000,5,298
480000,5.5,255
480000,6,1588
480000,6.5,3
481000,2,19
481000,3.5,6
481000,4,362
481000,4.5,1263
481000,5,309
481000,5.5,255
481000,6,1586
481000,6.5,3
482000,3.5,29
482000,4,273
482000,4.5,1266
482000,5,311
482000,5.5,254
482000,6,1586
482000,6.5,3
483000,3.5,8
483000,4,297
483000,4.5,1260
483000,5,309
483000,5.5,256
483000,6,1584
483000,6.5,3
484000,3.5,6
484000,4,299
484000,4.5,1332
484000,5,272
484000,5.5,256
484000,6,1583
484000,6.5,3
485000,3.5,6
485000,4,298
485000,4.5,1333
485000,5,271
485000,5.5,256
485000,6,1581
485000,6.5,3
486000,3.5,7
486000,4,298
486000,4.5,1332
486000,5,269
486000,5.5,259
486000,6,1579
486000,6.5,3
487000,3.5,7
487000,4,350
487000,4.5,1284
487000,5,271
487000,5.5,258
487000,6,1576
487000,6.5,3
488000,3.5,20
488000,4,337
488000,4.5,1285
488000,5,270
488000,5.5,257
488000,6,1577
488000,6.5,3
489000,3.5,19
489000,4,338
489000,4.5,1212
489000,5,342
489000,5.5,256
489000,6,1577
489000,6.5,3
490000,3.5,22
490000,4,337
490000,4.5,1256
490000,5,300
490000,5.5,257
490000,6,1576
490000,6.5,3
491000,3,19
491000,3.5,21
491000,4,320
491000,4.5,1254
491000,5,300
491000,5.5,254
491000,6,1577
491000,6.5,3
492000,1.5,18
492000,2,1
492000,3.5,6
492000,4,282
492000,4.5,1303
492000,5,308
492000,5.5,252
492000,6,1576
492000,6.5,3
493000,3.5,25
493000,4,334
493000,4.5,1253
493000,5,306
493000,5.5,251
493000,6,1577
493000,6.5,3
494000,3.5,8
494000,4,347
494000,4.5,1254
494000,5,308
494000,5.5,252
494000,6,1574
494000,6.5,3
495000,3.5,8
495000,4,303
495000,4.5,1299
495000,5,312
495000,5.5,254
495000,6,1570
495000,6.5,4
496000,3.5,6
496000,4,353
496000,4.5,1228
496000,5,337
496000,5.5,252
496000,6,1569
496000,6.5,4
497000,3.5,7
497000,4,297
497000,4.5,1283
497000,5,336
497000,5.5,255
497000,6,1568
497000,6.5,3
498000,3.5,20
498000,4,287
498000,4.5,1231
498000,5,336
498000,5.5,254
498000,6,1567
498000,6.5,3
499000,3.5,24
499000,4,281
499000,4.5,1233
499000,5,332
499000,5.5,252
499000,6,1565
499000,6.5,4
500000,3.5,24
500000,4,278
500000,4.5,1233
500000,5,330
500000,5.5,254
500000,6,1564
500000,6.5,4
501000,3.5,43
501000,4,209
501000,4.5,1343
501000,5,330
501000,5.5,252
501000,6,1564
501000,6.5,4
502000,3,19
502000,3.5,21
502000,4,211
502000,4.5,1343
502000,5,330
502000,5.5,254
502000,6,1563
502000,6.5,3
503000,1.5,18
503000,2,1
503000,3.5,8
503000,4,221
503000,4.5,1347
503000,5,330
503000,5.5,250
503000,6,1565
503000,6.5,3
504000,3.5,25
504000,4,225
504000,4.5,1346
504000,5,323
504000,5.5,250
504000,6,1561
504000,6.5,4
505000,3.5,9
505000,4,243
505000,4.5,1344
505000,5,322
505000,5.5,249
505000,6,1559
505000,6.5,4
506000,3.5,7
506000,4,243
506000,4.5,1378
506000,5,305
506000,5.5,250
506000,6,1558
506000,6.5,3
507000,3.5,6
507000,4,246
507000,4.5,1378
507000,5,303
507000,5.5,251
507000,6,1556
507000,6.5,3
508000,3.5,6
508000,4,246
508000,4.5,1357
508000,5,332
508000,5.5,247
508000,6,1554
508000,6.5,4
509000,3.5,21
509000,4,226
509000,4.5,1363
509000,5,330
509000,5.5,250
509000,6,1552
509000,6.5,4
510000,3.5,22
510000,4,230
510000,4.5,1358
510000,5,329
510000,5.5,253
510000,6,1548
510000,6.5,4
511000,3.5,20
511000,4,232
511000,4.5,1374
511000,5,312
511000,5.5,252
511000,6,1548
511000,6.5,3
512000,3.5,39
512000,4,219
512000,4.5,1344
512000,5,312
512000,5.5,251
512000,6,1548
512000,6.5,3
513000,3,19
513000,3.5,21
513000,4,227
513000,4.5,1334
513000,5,312
513000,5.5,249
513000,6,1548
513000,6.5,3
514000,1.5,18
514000,2,1
514000,3.5,8
514000,4,238
514000,4.5,1336
514000,5,311
514000,5.5,252
514000,6,1545
514000,6.5,3
515000,3.5,25
515000,4,240
515000,4.5,1332
515000,5,314
515000,5.5,252
515000,6,1545
515000,6.5,3
516000,3.5,7
516000,4,261
516000,4.5,1329
516000,5,315
516000,5.5,248
516000,6,1545
516000,6.5,3
517000,3.5,7
517000,4,253
517000,4.5,1380
517000,5,312
517000,5.5,249
517000,6,1542
517000,6.5,4
518000,3.5,8
518000,4,250
518000,4.5,1379
518000,5,312
518000,5.5,248
518000,6,1541
518000,6.5,4
519000,3.5,6
519000,4,252
519000,4.5,1376
519000,5,315
519000,5.5,245
519000,6,1542
519000,6.5,4
520000,3.5,23
520000,4,235
520000,4.5,1359
520000,5,340
520000,5.5,246
520000,6,1539
520000,6.5,4
521000,3.5,22
521000,4,227
521000,4.5,1368
521000,5,339
521000,5.5,246
521000,6,1540
521000,6.5,3
522000,3.5,22
522000,4,230
522000,4.5,1368
522000,5,339
522000,5.5,246
522000,6,1539
522000,6.5,3
523000,3.5,39
523000,4,211
523000,4.5,1371
523000,5,336
523000,5.5,246
523000,6,1539
523000,6.5,4
524000,2.5,19
524000,3.5,22
524000,4,206
524000,4.5,1370
524000,5,339
524000,5.5,246
524000,6,1540
524000,6.5,3
525000,2,19
525000,3.5,7
525000,4,225
525000,4.5,1367
525000,5,339
525000,5.5,245
525000,6,1540
525000,6.5,3
526000,3.5,27
526000,4,223
526000,4.5,1369
526000,5,337
526000,5.5,245
526000,6,1539
526000,6.5,4
527000,3.5,6
527000,4,243
527000,4.5,1368
527000,5,336
527000,5.5,245
527000,6,1539
527000,6.5,4
528000,3.5,8
528000,4,244
528000,4.5,1371
528000,5,337
528000,5.5,243
528000,6,1539
528000,6.5,4
529000,3.5,8
529000,4,240
529000,4.5,1376
529000,5,337
529000,5.5,246
529000,6,1535
529000,6.5,3
530000,3.5,6
530000,4,244
530000,4.5,1384
530000,5,335
530000,5.5,246
530000,6,1529
530000,6.5,3
531000,3.5,19
531000,4,232
531000,4.5,1383
531000,5,335
531000,5.5,244
531000,6,1530
531000,6.5,4
532000,3.5,21
532000,4,229
532000,4.5,1385
532000,5,332
532000,5.5,246
532000,6,1526
532000,6.5,4
533000,3.5,19
533000,4,230
533000,4.5,1383
533000,5,335
533000,5.5,246
533000,6,1526
533000,6.5,4
534000,3.5,39
534000,4,211
534000,4.5,1389
534000,5,331
534000,5.5,248
534000,6,1525
534000,6.5,3
535000,2,19
535000,3.5,21
535000,4,209
535000,4.5,1389
535000,5,331
535000,5.5,248
535000,6,1525
535000,6.5,3
536000,3,19
536000,3.5,8
536000,4,220
536000,4.5,1377
536000,5,336
536000,5.5,246
536000,6,1524
536000,6.5,4
537000,3.5,24
537000,4,228
537000,4.5,1371
537000,5,331
537000,5.5,247
537000,6,1523
537000,6.5,3
538000,3.5,6
538000,4,244
538000,4.5,1375
538000,5,327
538000,5.5,249
538000,6,1523
538000,6.5,3
539000,3.5,8
539000,4,239
539000,4.5,1371
539000,5,328
539000,5.5,246
539000,6,1524
539000,6.5,3
540000,3.5,8
540000,4,244
540000,4.5,1367
540000,5,355
540000,5.5,244
540000,6,1524
540000,6.5,4
541000,3.5,21
541000,4,227
541000,4.5,1370
541000,5,357
541000,5.5,244
541000,6,1522
541000,6.5,4
542000,3.5,20
542000,4,230
542000,4.5,1329
542000,5,359
542000,5.5,242
542000,6,1519
542000,6.5,4
543000,3.5,23
543000,4,291
543000,4.5,1315
543000,5,352
543000,5.5,242
543000,6,1519
543000,6.5,4
544000,3.5,41
544000,4,269
544000,4.5,1315
544000,5,358
544000,5.5,241
544000,6,1518
544000,6.5,4
545000,3,19
545000,3.5,22
545000,4,270
545000,4.5,1315
545000,5,342
545000,5.5,236
545000,6,1522
545000,6.5,4
546000,0.5,1
546000,1,18
546000,3.5,6
546000,4,286
546000,4.5,1317
546000,5,339
546000,5.5,237
546000,6,1519
546000,6.5,4
547000,3.5,29
547000,4,283
547000,4.5,1388
547000,5,285
547000,5.5,238
547000,6,1519
547000,6.5,3
548000,3.5,6
548000,4,244
548000,4.5,1417
548000,5,316
548000,5.5,239
548000,6,1517
548000,6.5,4
549000,3.5,6
549000,4,246
549000,4.5,1359
549000,5,376
549000,5.5,239
549000,6,1515
549000,6.5,4
550000,3.5,8
550000,4,304
550000,4.5,1289
550000,5,388
550000,5.5,235
550000,6,1517
550000,6.5,4
551000,3.5,7
551000,4,303
551000,4.5,830
551000,5,845
551000,5.5,238
551000,6,1514
551000,6.5,4
552000,3.5,20
552000,4,302
552000,4.5,825
552000,5,844
552000,5.5,241
552000,6,1511
552000,6.5,4
553000,3.5,20
553000,4,300
553000,4.5,822
553000,5,849
553000,5.5,241
553000,6,1510
553000,6.5,4
554000,3.5,22
554000,4,298
554000,4.5,823
554000,5,846
554000,5.5,239
554000,6,1512
554000,6.5,4
555000,3.5,41
555000,4,277
555000,4.5,829
555000,5,846
555000,5.5,240
555000,6,1509
555000,6.5,4
556000,2.5,19
556000,3.5,19
556000,4,271
556000,4.5,833
556000,5,847
556000,5.5,237
556000,6,1511
556000,6.5,4
557000,2,19
557000,3.5,6
557000,4,287
557000,4.5,835
557000,5,820
557000,5.5,266
557000,6,1510
557000,6.5,3
558000,3.5,27
558000,4,287
558000,4.5,831
558000,5,815
558000,5.5,264
558000,6,1509
558000,6.5,4
559000,3.5,7
559000,4,277
559000,4.5,834
559000,5,813
559000,5.5,262
559000,6,1509
559000,6.5,4
560000,3.5,6
560000,4,282
560000,4.5,866
560000,5,764
560000,5.5,263
560000,6,1508
560000,6.5,4
561000,3.5,6
561000,4,280
561000,4.5,864
561000,5,768
561000,5.5,262
561000,6,1508
561000,6.5,4
562000,3.5,8
562000,4,290
562000,4.5,906
562000,5,768
562000,5.5,265
562000,6,1505
562000,6.5,4
563000,3.5,18
563000,4,283
563000,4.5,904
563000,5,767
563000,5.5,266
563000,6,1504
563000,6.5,4
564000,3.5,22
564000,4,284
564000,4.5,900
564000,5,767
564000,5.5,265
564000,6,1503
564000,6.5,4
565000,3.5,24
565000,4,275
565000,4.5,909
565000,5,767
565000,5.5,261
565000,6,1507
565000,6.5,4
566000,3,19
566000,3.5,24
566000,4,256
566000,4.5,908
566000,5,767
566000,5.5,263
566000,6,1506
566000,6.5,3
567000,-1,1
567000,0.5,18
567000,3.5,10
567000,4,276
567000,4.5,901
567000,5,760
567000,5.5,260
567000,6,1505
567000,6.5,4
568000,3,19
568000,3.5,8
568000,4,277
568000,4.5,906
568000,5,734
568000,5.5,259
568000,6,1505
568000,6.5,4
569000,3.5,8
569000,4,285
569000,4.5,974
569000,5,714
569000,5.5,259
569000,6,1503
569000,6.5,4
570000,3.5,7
570000,4,289
570000,4.5,968
570000,5,716
570000,5.5,257
570000,6,1502
570000,6.5,4
571000,3.5,5
571000,4,295
571000,4.5,995
571000,5,690
571000,5.5,256
571000,6,1502
571000,6.5,4
572000,3.5,6
572000,4,294
572000,4.5,933
572000,5,691
572000,5.5,258
572000,6,1499
572000,6.5,4
573000,3.5,21
573000,4,271
573000,4.5,1002
573000,5,694
573000,5.5,257
573000,6,1498
573000,6.5,4
574000,3.5,22
574000,4,270
574000,4.5,1009
574000,5,689
574000,5.5,257
574000,6,1496
574000,6.5,4
575000,3.5,20
575000,4,271
575000,4.5,1001
575000,5,690
575000,5.5,255
575000,6,1497
575000,6.5,4
576000,3,1
576000,3.5,38
576000,4,251
576000,4.5,1001
576000,5,690
576000,5.5,254
576000,6,1495
576000,6.5,4
577000,2,18
577000,2.5,1
577000,3.5,21
577000,4,249
577000,4.5,1015
577000,5,690
577000,5.5,256
577000,6,1491
577000,6.5,4
578000,1.5,18
578000,2,1
578000,3.5,5
578000,4,267
578000,4.5,1009
578000,5,688
578000,5.5,253
578000,6,1493
578000,6.5,4
579000,3.5,24
579000,4,312
579000,4.5,967
579000,5,690
579000,5.5,251
579000,6,1492
579000,6.5,4
580000,3.5,8
580000,4,332
580000,4.5,972
580000,5,690
580000,5.5,252
580000,6,1489
580000,6.5,4
581000,3.5,8
581000,4,332
581000,4.5,963
581000,5,701
581000,5.5,253
581000,6,1485
581000,6.5,4
582000,3.5,7
582000,4,333
582000,4.5,962
582000,5,701
582000,5.5,253
582000,6,1483
582000,6.5,4
583000,3.5,6
583000,4,332
583000,4.5,964
583000,5,701
583000,5.5,254
583000,6,1482
583000,6.5,4
584000,3.5,20
584000,4,320
584000,4.5,962
584000,5,695
584000,5.5,254
584000,6,1482
584000,6.5,4
585000,3.5,24
585000,4,324
585000,4.5,904
585000,5,690
585000,5.5,250
585000,6,1483
585000,6.5,4
586000,3.5,65
586000,4,346
586000,4.5,907
586000,5,690
586000,5.5,253
586000,6,1477
586000,6.5,4
587000,3,1
587000,3.5,63
587000,4,336
587000,4.5,897
587000,5,689
587000,5.5,253
587000,6,1476
587000,6.5,4
588000,1.5,1
588000,2,18
588000,3.5,10
588000,4,421
588000,4.5,849
588000,5,687
588000,5.5,247
588000,6,1482
588000,6.5,3
589000,3,19
589000,3.5,10
589000,4,422
589000,4.5,845
589000,5,692
589000,5.5,244
589000,6,1482
589000,6.5,4
590000,3.5,5
590000,4,509
590000,4.5,786
590000,5,687
590000,5.5,246
590000,6,1480
590000,6.5,4
591000,3.5,8
591000,4,480
591000,4.5,803
591000,5,688
591000,5.5,247
591000,6,1476
591000,6.5,4
592000,3.5,8
592000,4,493
592000,4.5,804
592000,5,688
592000,5.5,245
592000,6,1477
592000,6.5,4
593000,3.5,6
593000,4,495
593000,4.5,800
593000,5,688
593000,5.5,244
593000,6,1477
593000,6.5,4
594000,3.5,19
594000,4,483
594000,4.5,805
594000,5,687
594000,5.5,246
594000,6,1475
594000,6.5,4
595000,3.5,22
595000,4,480
595000,4.5,805
595000,5,687
595000,5.5,246
595000,6,1472
595000,6.5,4
596000,3.5,22
596000,4,480
596000,4.5,789
596000,5,688
596000,5.5,246
596000,6,1471
596000,6.5,4
597000,3,1
597000,3.5,61
597000,4,444
597000,4.5,775
597000,5,660
597000,5.5,244
597000,6,1473
597000,6.5,4
598000,2,18
598000,2.5,1
598000,3.5,41
598000,4,442
598000,4.5,827
598000,5,667
598000,5.5,243
598000,6,1473
598000,6.5,4
599000,1,1
599000,1.5,18
599000,3.5,29
599000,4,458
599000,4.5,823
599000,5,666
599000,5.5,242
599000,6,1474
599000,6.5,4
600000,3.5,27
600000,4,455
600000,4.5,825
600000,5,666
600000,5.5,239
600000,6,1476
600000,6.5,4
601000,3.5,6
601000,4,475
601000,4.5,819
601000,5,634
601000,5.5,274
601000,6,1472
601000,6.5,4
602000,3.5,6
602000,4,479
602000,4.5,829
602000,5,634
602000,5.5,271
602000,6,1473
602000,6.5,4
603000,3.5,8
603000,4,363
603000,4.5,902
603000,5,634
603000,5.5,274
603000,6,1470
603000,6.5,4
604000,3.5,8
604000,4,362
604000,4.5,945
604000,5,633
604000,5.5,272
604000,6,1471
604000,6.5,4
605000,3.5,18
605000,4,356
605000,4.5,928
605000,5,643
605000,5.5,273
605000,6,1470
605000,6.5,4
606000,3.5,20
606000,4,353
606000,4.5,929
606000,5,643
606000,5.5,272
606000,6,1466
606000,6.5,4
607000,3,1
607000,3.5,21
607000,4,345
607000,4.5,931
607000,5,642
607000,5.5,274
607000,6,1463
607000,6.5,4
608000,3,20
608000,3.5,21
608000,4,246
608000,4.5,797
608000,5,700
608000,5.5,273
608000,6,1464
608000,6.5,4
609000,2,19
609000,3.5,7
609000,4,260
609000,4.5,797
609000,5,733
609000,5.5,238
609000,6,1465
609000,6.5,4
610000,3,19
610000,3.5,10
610000,4,256
610000,4.5,792
610000,5,740
610000,5.5,236
610000,6,1467
610000,6.5,4
611000,3.5,10
611000,4,328
611000,4.5,738
611000,5,708
611000,5.5,246
611000,6,1463
611000,6.5,4
612000,3.5,10
612000,4,312
612000,4.5,754
612000,5,708
612000,5.5,245
612000,6,1463
612000,6.5,4
613000,3.5,5
613000,4,279
613000,4.5,799
613000,5,701
613000,5.5,245
613000,6,1461
613000,6.5,4
614000,3.5,6
614000,4,392
614000,4.5,685
614000,5,701
614000,5.5,245
614000,6,1460
614000,6.5,4
615000,3.5,22
615000,4,340
615000,4.5,704
615000,5,711
615000,5.5,247
615000,6,1456
615000,6.5,4
616000,3.5,20
616000,4,265
616000,4.5,781
616000,5,709
616000,5.5,248
616000,6,1455
616000,6.5,4
617000,3,1
617000,3.5,18
617000,4,305
617000,4.5,964
617000,5,702
617000,5.5,246
617000,6,1455
617000,6.5,4
618000,3,1
618000,3.5,40
618000,4,321
618000,4.5,920
618000,5,704
618000,5.5,243
618000,6,1453
618000,6.5,4
619000,2.5,19
619000,3.5,8
619000,4,258
619000,4.5,971
619000,5,713
619000,5.5,243
619000,6,1452
619000,6.5,4
620000,3,19
620000,3.5,8
620000,4,276
620000,4.5,954
620000,5,711
620000,5.5,244
620000,6,1452
620000,6.5,4
621000,3.5,6
621000,4,312
621000,4.5,933
621000,5,713
621000,5.5,242
621000,6,1453
621000,6.5,4
622000,3.5,8
622000,4,311
622000,4.5,934
622000,5,708
622000,5.5,243
622000,6,1452
622000,6.5,4
623000,3.5,6
623000,4,312
623000,4.5,935
623000,5,701
623000,5.5,243
623000,6,1452
623000,6.5,4
624000,3.5,5
624000,4,325
624000,4.5,924
624000,5,700
624000,5.5,242
624000,6,1452
624000,6.5,4
625000,3.5,22
625000,4,289
625000,4.5,941
625000,5,702
625000,5.5,242
625000,6,1452
625000,6.5,4
626000,3.5,22
626000,4,273
626000,4.5,956
626000,5,702
626000,5.5,244
626000,6,1450
626000,6.5,4
627000,3,1
627000,3.5,21
627000,4,317
627000,4.5,883
627000,5,702
627000,5.5,243
627000,6,1451
627000,6.5,4
628000,3,20
628000,3.5,18
628000,4,293
628000,4.5,882
628000,5,700
628000,5.5,247
628000,6,1447
628000,6.5,4
629000,2.5,19
629000,3.5,8
629000,4,312
629000,4.5,880
629000,5,698
629000,5.5,246
629000,6,1446
629000,6.5,4
630000,3.5,29
630000,4,288
630000,4.5,901
630000,5,701
630000,5.5,244
630000,6,1447
630000,6.5,4
631000,3.5,8
631000,4,333
631000,4.5,808
631000,5,770
631000,5.5,244
631000,6,1447
631000,6.5,4
632000,3.5,7
632000,4,312
632000,4.5,835
632000,5,793
632000,5.5,210
632000,6,1448
632000,6.5,4
633000,3.5,10
633000,4,297
633000,4.5,837
633000,5,804
633000,5.5,210
633000,6,1445
633000,6.5,4
634000,3.5,21
634000,4,289
634000,4.5,944
634000,5,803
634000,5.5,189
634000,6,1443
634000,6.5,4
635000,3.5,22
635000,4,281
635000,4.5,941
635000,5,802
635000,5.5,189
635000,6,1443
635000,6.5,4
636000,3.5,19
636000,4,295
636000,4.5,569
636000,5,803
636000,5.5,190
636000,6,1436
636000,6.5,4
637000,3,1
637000,3.5,37
637000,4,280
637000,4.5,690
637000,5,800
637000,5.5,191
637000,6,1436
637000,6.5,4
638000,2.5,19
638000,3,1
638000,3.5,19
638000,4,275
638000,4.5,694
638000,5,798
638000,5.5,192
638000,6,1436
638000,6.5,4
639000,2,1
639000,2.5,18
639000,3.5,6
639000,4,288
639000,4.5,696
639000,5,796
639000,5.5,190
639000,6,1436
639000,6.5,4
640000,3.5,26
640000,4,288
640000,4.5,832
640000,5,786
640000,5.5,187
640000,6,1438
640000,6.5,4
641000,3.5,8
641000,4,339
641000,4.5,795
641000,5,787
641000,5.5,187
641000,6,1437
641000,6.5,4
642000,3.5,8
642000,4,475
642000,4.5,780
642000,5,804
642000,5.5,191
642000,6,1433
642000,6.5,4
643000,3.5,6
643000,4,470
643000,4.5,787
643000,5,803
643000,5.5,192
643000,6,1433
643000,6.5,4
644000,3.5,18
644000,4,460
644000,4.5,785
644000,5,801
644000,5.5,196
644000,6,1430
644000,6.5,4
645000,3.5,22
645000,4,416
645000,4.5,805
645000,5,801
645000,5.5,198
645000,6,1427
645000,6.5,4
646000,3.5,20
646000,4,412
646000,4.5,817
646000,5,796
646000,5.5,194
646000,6,1428
646000,6.5,4
647000,3,14
647000,3.5,25
647000,4,394
647000,4.5,833
647000,5,781
647000,5.5,190
647000,6,1428
647000,6.5,4
648000,1.5,18
648000,2,1
648000,3,1
648000,3.5,21
648000,4,356
648000,4.5,837
648000,5,806
648000,5.5,192
648000,6,1426
648000,6.5,4
649000,0,19
649000,3.5,8
649000,4,437
649000,4.5,705
649000,5,772
649000,5.5,191
649000,6,1427
649000,6.5,4
650000,3.5,27
650000,4,433
650000,4.5,712
650000,5,769
650000,5.5,193
650000,6,1425
650000,6.5,4
651000,3.5,7
651000,4,456
651000,4.5,709
651000,5,769
651000,5.5,189
651000,6,1428
651000,6.5,4
652000,3.5,8
652000,4,453
652000,4.5,735
652000,5,743
652000,5.5,187
652000,6,1425
652000,6.5,4
653000,3.5,8
653000,4,461
653000,4.5,737
653000,5,870
653000,5.5,187
653000,6,1423
653000,6.5,4
654000,3.5,21
654000,4,474
654000,4.5,711
654000,5,868
654000,5.5,191
654000,6,1420
654000,6.5,4
655000,3.5,23
655000,4,409
655000,4.5,709
655000,5,868
655000,5.5,191
655000,6,1419
655000,6.5,4
656000,3,1
656000,3.5,21
656000,4,386
656000,4.5,709
656000,5,867
656000,5.5,191
656000,6,1416
656000,6.5,4
657000,3,14
657000,3.5,27
657000,4,391
657000,4.5,709
657000,5,868
657000,5.5,187
657000,6,1419
657000,6.5,4
658000,1.5,1
658000,2,18
658000,3.5,19
658000,4,392
658000,4.5,707
658000,5,867
658000,5.5,189
658000,6,1417
658000,6.5,4
659000,2,19
659000,3.5,5
659000,4,407
659000,4.5,706
659000,5,866
659000,5.5,189
659000,6,1418
659000,6.5,4
660000,3.5,27
660000,4,402
660000,4.5,709
660000,5,866
660000,5.5,188
660000,6,1416
660000,6.5,4
661000,3.5,6
661000,4,428
661000,4.5,687
661000,5,883
661000,5.5,191
661000,6,1413
661000,6.5,4
662000,3.5,6
662000,4,426
662000,4.5,689
662000,5,884
662000,5.5,189
662000,6,1412
662000,6.5,4
663000,3.5,15
663000,4,417
663000,4.5,660
663000,5,954
663000,5.5,189
663000,6,1413
663000,6.5,4
664000,3.5,29
664000,4,404
664000,4.5,659
664000,5,949
664000,5.5,194
664000,6,1410
664000,6.5,4
665000,3.5,30
665000,4,378
665000,4.5,684
665000,5,949
665000,5.5,192
665000,6,1410
665000,6.5,4
666000,3,1
666000,3.5,19
666000,4,380
666000,4.5,685
666000,5,947
666000,5.5,194
666000,6,1409
666000,6.5,4
667000,2.5,1
667000,3,13
667000,3.5,24
667000,4,364
667000,4.5,700
667000,5,926
667000,5.5,194
667000,6,1411
667000,6.5,4
668000,2.5,19
668000,3.5,21
668000,4,358
668000,4.5,696
668000,5,932
668000,5.5,192
668000,6,1412
668000,6.5,4
669000,3,19
669000,3.5,6
669000,4,373
669000,4.5,680
669000,5,950
669000,5.5,191
669000,6,1412
669000,6.5,4
670000,3.5,7
670000,4,392
670000,4.5,679
670000,5,948
670000,5.5,193
670000,6,1410
670000,6.5,4
671000,3.5,8
671000,4,388
671000,4.5,675
671000,5,942
671000,5.5,197
671000,6,1411
671000,6.5,4
672000,3.5,8
672000,4,388
672000,4.5,675
672000,5,943
672000,5.5,197
672000,6,1410
672000,6.5,4
673000,3.5,8
673000,4,390
673000,4.5,691
673000,5,941
673000,5.5,198
673000,6,1410
673000,6.5,4
674000,3.5,21
674000,4,374
674000,4.5,694
674000,5,909
674000,5.5,231
674000,6,1407
674000,6.5,4
675000,3.5,24
675000,4,369
675000,4.5,696
675000,5,904
675000,5.5,240
675000,6,1403
675000,6.5,4
676000,3,1
676000,3.5,21
676000,4,373
676000,4.5,693
676000,5,894
676000,5.5,246
676000,6,1401
676000,6.5,4
677000,2.5,1
677000,3,32
677000,3.5,8
677000,4,353
677000,4.5,695
677000,5,889
677000,5.5,252
677000,6,1398
677000,6.5,4
678000,2.5,1
678000,3,18
678000,3.5,9
678000,4,365
678000,4.5,695
678000,5,888
678000,5.5,249
678000,6,1402
678000,6.5,4
679000,3,19
679000,3.5,8
679000,4,371
679000,4.5,705
679000,5,873
679000,5.5,250
679000,6,1401
679000,6.5,4
680000,3.5,8
680000,4,386
680000,4.5,709
680000,5,871
680000,5.5,251
680000,6,1401
680000,6.5,4
681000,3.5,6
681000,4,383
681000,4.5,714
681000,5,869
681000,5.5,252
681000,6,1401
681000,6.5,4
682000,3.5,5
682000,4,409
682000,4.5,701
682000,5,865
682000,5.5,258
682000,6,1398
682000,6.5,4
683000,3.5,8
683000,4,413
683000,4.5,698
683000,5,860
683000,5.5,258
683000,6,1399
683000,6.5,4
684000,3.5,20
684000,4,384
684000,4.5,720
684000,5,860
684000,5.5,258
684000,6,1398
684000,6.5,4
685000,3.5,22
685000,4,396
685000,4.5,706
685000,5,861
685000,5.5,254
685000,6,1396
685000,6.5,4
686000,3,1
686000,3.5,20
686000,4,325
686000,4.5,730
686000,5,870
686000,5.5,212
686000,6,1397
686000,6.5,4
687000,2.5,20
687000,3.5,21
687000,4,331
687000,4.5,704
687000,5,871
687000,5.5,211
687000,6,1397
687000,6.5,4
688000,2.5,19
688000,3.5,8
688000,4,279
688000,4.5,769
688000,5,870
688000,5.5,211
688000,6,1398
688000,6.5,4
689000,3.5,25
689000,4,288
689000,4.5,763
689000,5,866
689000,5.5,214
689000,6,1398
689000,6.5,4
690000,3.5,5
690000,4,318
690000,4.5,752
690000,5,863
690000,5.5,217
690000,6,1398
690000,6.5,4
691000,3.5,6
691000,4,359
691000,4.5,748
691000,5,861
691000,5.5,218
691000,6,1397
691000,6.5,4
692000,3.5,6
692000,4,309
692000,4.5,784
692000,5,875
692000,5.5,221
692000,6,1396
692000,6.5,4
693000,3.5,21
693000,4,296
693000,4.5,799
693000,5,857
693000,5.5,223
693000,6,1395
693000,6.5,4
694000,3.5,22
694000,4,294
694000,4.5,803
694000,5,795
694000,5.5,282
694000,6,1393
694000,6.5,4
695000,3.5,24
695000,4,289
695000,4.5,786
695000,5,693
695000,5.5,384
695000,6,1392
695000,6.5,4
696000,3,14
696000,3.5,26
696000,4,277
696000,4.5,762
696000,5,632
696000,5.5,467
696000,6,1390
696000,6.5,4
697000,2,19
697000,3,1
697000,3.5,20
697000,4,277
697000,4.5,724
697000,5,664
697000,5.5,472
697000,6,1388
697000,6.5,4
698000,2.5,19
698000,3.5,10
698000,4,285
698000,4.5,726
698000,5,664
698000,5.5,473
698000,6,1387
698000,6.5,4
699000,3.5,27
699000,4,286
699000,4.5,725
699000,5,658
699000,5.5,478
699000,6,1388
699000,6.5,4
700000,3.5,8
700000,4,301
700000,4.5,723
700000,5,612
700000,5.5,529
700000,6,1387
700000,6.5,4
701000,3.5,7
701000,4,368
701000,4.5,599
701000,5,580
701000,5.5,562
701000,6,1388
701000,6.5,4
702000,3.5,8
702000,4,369
702000,4.5,597
702000,5,578
702000,5.5,564
702000,6,1388
702000,6.5,4
703000,3.5,21
703000,4,356
703000,4.5,597
703000,5,571
703000,5.5,570
703000,6,1389
703000,6.5,4
704000,3.5,20
704000,4,355
704000,4.5,600
704000,5,568
704000,5.5,571
704000,6,1389
704000,6.5,4
705000,3,1
705000,3.5,18
705000,4,355
705000,4.5,600
705000,5,568
705000,5.5,572
705000,6,1388
705000,6.5,4
706000,2.5,1
706000,3.5,38
706000,4,337
706000,4.5,627
706000,5,539
706000,5.5,573
706000,6,1387
706000,6.5,4
707000,1.5,1
707000,2,18
707000,3.5,19
707000,4,334
707000,4.5,627
707000,5,542
707000,5.5,573
707000,6,1384
707000,6.5,4
708000,1,1
708000,1.5,18
708000,3.5,8
708000,4,349
708000,4.5,623
708000,5,574
708000,5.5,538
708000,6,1387
708000,6.5,4
709000,3.5,26
709000,4,442
709000,4.5,624
709000,5,539
709000,5.5,571
709000,6,1384
709000,6.5,4
710000,3.5,8
710000,4,457
710000,4.5,610
710000,5,556
710000,5.5,571
710000,6,1381
710000,6.5,4
711000,3.5,6
711000,4,462
711000,4.5,607
711000,5,556
711000,5.5,571
711000,6,1380
711000,6.5,4
712000,3.5,6
712000,4,460
712000,4.5,609
712000,5,556
712000,5.5,571
712000,6,1380
712000,6.5,4
713000,3.5,20
713000,4,447
713000,4.5,608
713000,5,556
713000,5.5,571
713000,6,1379
713000,6.5,4
714000,3.5,20
714000,4,449
714000,4.5,606
714000,5,556
714000,5.5,572
714000,6,1378
714000,6.5,4
715000,3,1
715000,3.5,21
715000,4,440
715000,4.5,627
715000,5,542
715000,5.5,572
715000,6,1378
715000,6.5,4
716000,2.5,1
716000,3,13
716000,3.5,29
716000,4,413
716000,4.5,625
716000,5,539
716000,5.5,573
716000,6,1377
716000,6.5,4
717000,2.5,19
717000,3.5,21
717000,4,414
717000,4.5,640
717000,5,522
717000,5.5,572
717000,6,1377
717000,6.5,4
718000,2,19
718000,3.5,10
718000,4,425
718000,4.5,641
718000,5,517
718000,5.5,576
718000,6,1377
718000,6.5,4
719000,3.5,8
719000,4,447
719000,4.5,625
719000,5,504
719000,5.5,602
719000,6,1378
719000,6.5,4
720000,3.5,7
720000,4,451
720000,4.5,637
720000,5,488
720000,5.5,603
720000,6,1377
720000,6.5,4
721000,3.5,6
721000,4,450
721000,4.5,607
721000,5,514
721000,5.5,606
721000,6,1377
721000,6.5,4
722000,3.5,8
722000,4,446
722000,4.5,641
722000,5,481
722000,5.5,608
722000,6,1371
722000,6.5,4
723000,3.5,22
723000,4,435
723000,4.5,638
723000,5,480
723000,5.5,608
723000,6,1371
723000,6.5,4
724000,3.5,21
724000,4,434
724000,4.5,640
724000,5,480
724000,5.5,610
724000,6,1369
724000,6.5,4
725000,3,1
725000,3.5,21
725000,4,434
725000,4.5,560
725000,5,495
725000,5.5,609
725000,6,1370
725000,6.5,4
726000,2.5,1
726000,3,31
726000,3.5,9
726000,4,393
726000,4.5,558
726000,5,496
726000,5.5,608
726000,6,1369
726000,6.5,4
727000,3,19
727000,3.5,27
727000,4,383
727000,4.5,562
727000,5,496
727000,5.5,608
727000,6,1368
727000,6.5,4
728000,2.5,19
728000,3.5,7
728000,4,405
728000,4.5,574
728000,5,484
728000,5.5,606
728000,6,1365
728000,6.5,4
729000,3.5,6
729000,4,426
729000,4.5,573
729000,5,483
729000,5.5,605
729000,6,1365
729000,6.5,4
730000,3.5,8
730000,4,423
730000,4.5,574
730000,5,483
730000,5.5,604
730000,6,1364
730000,6.5,4
731000,3.5,8
731000,4,424
731000,4.5,573
731000,5,482
731000,5.5,604
731000,6,1365
731000,6.5,4
732000,3.5,7
732000,4,425
732000,4.5,573
732000,5,481
732000,5.5,607
732000,6,1363
732000,6.5,4
733000,3.5,22
733000,4,316
733000,4.5,574
733000,5,480
733000,5.5,605
733000,6,1362
733000,6.5,4
734000,3.5,20
734000,4,318
734000,4.5,576
734000,5,478
734000,5.5,607
734000,6,1360
734000,6.5,4
735000,3,1
735000,3.5,19
735000,4,319
735000,4.5,575
735000,5,477
735000,5.5,607
735000,6,1360
735000,6.5,4
736000,2,1
736000,3,32
736000,3.5,5
736000,4,299
736000,4.5,577
736000,5,476
736000,5.5,607
736000,6,1361
736000,6.5,4
737000,3,19
737000,3.5,8
737000,4,308
737000,4.5,578
737000,5,475
737000,5.5,609
737000,6,1359
737000,6.5,4
738000,3,19
738000,3.5,8
738000,4,312
738000,4.5,572
738000,5,477
738000,5.5,556
738000,6,1359
738000,6.5,4
739000,3.5,9
739000,4,328
739000,4.5,574
739000,5,476
739000,5.5,557
739000,6,1358
739000,6.5,4
740000,3.5,7
740000,4,327
740000,4.5,573
740000,5,476
740000,5.5,557
740000,6,1358
740000,6.5,4
741000,3.5,10
741000,4,329
741000,4.5,572
741000,5,476
741000,5.5,557
741000,6,1356
741000,6.5,4
742000,3.5,19
742000,4,241
742000,4.5,579
742000,5,477
742000,5.5,552
742000,6,1359
742000,6.5,4
743000,3.5,22
743000,4,244
743000,4.5,556
743000,5,492
743000,5.5,552
743000,6,1360
743000,6.5,4
744000,3.5,20
744000,4,248
744000,4.5,914
744000,5,492
744000,5.5,555
744000,6,1355
744000,6.5,4
745000,2.5,1
745000,3.5,23
745000,4,238
745000,4.5,916
745000,5,492
745000,5.5,554
745000,6,1355
745000,6.5,4
746000,2.5,20
746000,3.5,21
746000,4,221
746000,4.5,916
746000,5,494
746000,5.5,554
746000,6,1352
746000,6.5,5
747000,3,19
747000,3.5,7
747000,4,234
747000,4.5,921
747000,5,494
747000,5.5,551
747000,6,1356
747000,6.5,4
748000,3.5,27
748000,4,234
748000,4.5,921
748000,5,491
748000,5.5,556
748000,6,1353
748000,6.5,4
749000,3.5,6
749000,4,257
749000,4.5,919
749000,5,491
749000,5.5,557
749000,6,1352
749000,6.5,4
750000,3.5,6
750000,4,258
750000,4.5,918
750000,5,490
750000,5.5,556
750000,6,1354
750000,6.5,4
751000,3.5,5
751000,4,257
751000,4.5,920
751000,5,490
751000,5.5,556
751000,6,1354
751000,6.5,4
752000,3.5,19
752000,4,243
752000,4.5,919
752000,5,491
752000,5.5,557
752000,6,1353
752000,6.5,4
753000,3.5,22
753000,4,241
753000,4.5,918
753000,5,493
753000,5.5,556
753000,6,1352
753000,6.5,4
754000,3,1
754000,3.5,21
754000,4,240
754000,4.5,919
754000,5,493
754000,5.5,554
754000,6,1352
754000,6.5,4
755000,2.5,1
755000,3,13
755000,3.5,26
755000,4,224
755000,4.5,917
755000,5,476
755000,5.5,555
755000,6,1351
755000,6.5,4
756000,-1.5,18
756000,0.5,1
756000,2.5,1
756000,3.5,21
756000,4,223
756000,4.5,917
756000,5,474
756000,5.5,556
756000,6,1350
756000,6.5,4
757000,2.5,19
757000,3.5,6
757000,4,234
757000,4.5,944
757000,5,409
757000,5.5,559
757000,6,1347
757000,6.5,4
758000,3.5,25
758000,4,238
758000,4.5,941
758000,5,409
758000,5.5,558
758000,6,1346
758000,6.5,4
759000,3.5,5
759000,4,257
759000,4.5,1010
759000,5,409
759000,5.5,556
759000,6,1347
759000,6.5,4
760000,3.5,10
760000,4,252
760000,4.5,1010
760000,5,410
760000,5.5,554
760000,6,1346
760000,6.5,4
761000,3.5,8
761000,4,256
761000,4.5,1008
761000,5,410
761000,5.5,554
761000,6,1344
761000,6.5,4
762000,3.5,23
762000,4,239
762000,4.5,1010
762000,5,411
762000,5.5,551
762000,6,1345
762000,6.5,4
763000,3.5,24
763000,4,238
763000,4.5,1010
763000,5,411
763000,5.5,550
763000,6,1344
763000,6.5,4
764000,3,1
764000,3.5,21
764000,4,240
764000,4.5,902
764000,5,408
764000,5.5,555
764000,6,1341
764000,6.5,4
765000,2.5,1
765000,3.5,38
765000,4,224
765000,4.5,901
765000,5,471
765000,5.5,557
765000,6,1338
765000,6.5,4
766000,2.5,19
766000,3,1
766000,3.5,20
766000,4,222
766000,4.5,957
766000,5,471
766000,5.5,555
766000,6,1339
766000,6.5,4
767000,1.5,1
767000,2,18
767000,3.5,5
767000,4,237
767000,4.5,957
767000,5,471
767000,5.5,553
767000,6,1341
767000,6.5,4
768000,3.5,27
768000,4,236
768000,4.5,956
768000,5,471
768000,5.5,549
768000,6,1340
768000,6.5,4
769000,3.5,8
769000,4,251
769000,4.5,960
769000,5,471
769000,5.5,545
769000,6,1339
769000,6.5,4
770000,3.5,8
770000,4,256
770000,4.5,955
770000,5,471
770000,5.5,543
770000,6,1340
770000,6.5,4
771000,3.5,8
771000,4,255
771000,4.5,996
771000,5,442
771000,5.5,542
771000,6,1341
771000,6.5,4
772000,3.5,19
772000,4,241
772000,4.5,999
772000,5,441
772000,5.5,543
772000,6,1339
772000,6.5,4
773000,3.5,20
773000,4,246
773000,4.5,994
773000,5,441
773000,5.5,542
773000,6,1339
773000,6.5,4
774000,3,1
774000,3.5,18
774000,4,245
774000,4.5,989
774000,5,448
774000,5.5,541
774000,6,1339
774000,6.5,4
775000,1.5,1
775000,3,13
775000,3.5,27
775000,4,223
775000,4.5,989
775000,5,448
775000,5.5,541
775000,6,1338
775000,6.5,4
776000,3,19
776000,3.5,21
776000,4,223
776000,4.5,989
776000,5,449
776000,5.5,541
776000,6,1337
776000,6.5,4
777000,2,19
777000,3.5,8
777000,4,235
777000,4.5,992
777000,5,447
777000,5.5,540
777000,6,1336
777000,6.5,4
778000,3.5,7
778000,4,254
778000,4.5,992
778000,5,446
778000,5.5,539
778000,6,1335
778000,6.5,4
779000,3.5,8
779000,4,253
779000,4.5,992
779000,5,445
779000,5.5,538
779000,6,1336
779000,6.5,4
780000,3.5,6
780000,4,256
780000,4.5,1003
780000,5,445
780000,5.5,539
780000,6,1334
780000,6.5,4
781000,3.5,8
781000,4,254
781000,4.5,1008
781000,5,444
781000,5.5,535
781000,6,1335
781000,6.5,4
782000,3.5,19
782000,4,245
782000,4.5,1006
782000,5,437
782000,5.5,533
782000,6,1336
782000,6.5,4
783000,3.5,24
783000,4,237
783000,4.5,1009
783000,5,437
783000,5.5,530
783000,6,1336
783000,6.5,4
784000,3,1
784000,3.5,21
784000,4,234
784000,4.5,1009
784000,5,438
784000,5.5,529
784000,6,1336
784000,6.5,4
785000,2,1
785000,3,19
785000,3.5,22
785000,4,218
785000,4.5,1021
785000,5,438
785000,5.5,528
785000,6,1336
785000,6.5,4
786000,3,19
786000,3.5,7
786000,4,233
786000,4.5,1021
786000,5,438
786000,5.5,496
786000,6,1335
786000,6.5,4
787000,2.5,18
787000,3,1
787000,3.5,8
787000,4,232
787000,4.5,1023
787000,5,436
787000,5.5,496
787000,6,1333
787000,6.5,4
788000,3.5,6
788000,4,255
788000,4.5,1021
788000,5,436
788000,5.5,497
788000,6,1332
788000,6.5,4
789000,3.5,8
789000,4,399
789000,4.5,913
789000,5,436
789000,5.5,496
789000,6,1332
789000,6.5,4
790000,3.5,8
790000,4,409
790000,4.5,902
790000,5,430
790000,5.5,494
790000,6,1333
790000,6.5,4
791000,3.5,8
791000,4,324
791000,4.5,901
791000,5,429
791000,5.5,495
791000,6,1332
791000,6.5,4
792000,3.5,22
792000,4,270
792000,4.5,941
792000,5,429
792000,5.5,494
792000,6,1331
792000,6.5,4
793000,3.5,21
793000,4,271
793000,4.5,941
793000,5,429
793000,5.5,493
793000,6,1330
793000,6.5,4
794000,2.5,1
794000,3.5,20
794000,4,244
794000,4.5,968
794000,5,430
794000,5.5,492
794000,6,1329
794000,6.5,4
795000,1.5,1
795000,2.5,19
795000,3.5,19
795000,4,252
795000,4.5,942
795000,5,430
795000,5.5,493
795000,6,1328
795000,6.5,4
796000,3,19
796000,3.5,4
796000,4,306
796000,4.5,903
796000,5,429
796000,5.5,489
796000,6,1328
796000,6.5,4
797000,3,19
797000,3.5,6
797000,4,306
797000,4.5,902
797000,5,429
797000,5.5,489
797000,6,1328
797000,6.5,4
798000,3.5,8
798000,4,321
798000,4.5,1008
798000,5,430
798000,5.5,488
798000,6,1328
798000,6.5,4
799000,3.5,8
799000,4,320
799000,4.5,1010
799000,5,429
799000,5.5,486
799000,6,1330
799000,6.5,4
800000,3.5,8
800000,4,324
800000,4.5,1006
800000,5,429
800000,5.5,487
800000,6,1329
800000,6.5,4
801000,3.5,7
801000,4,322
801000,4.5,1012
801000,5,429
801000,5.5,483
801000,6,1330
801000,6.5,4
802000,3.5,22
802000,4,308
802000,4.5,1011
802000,5,429
802000,5.5,485
802000,6,1327
802000,6.5,4
803000,3,1
803000,3.5,19
803000,4,312
803000,4.5,1009
803000,5,429
803000,5.5,484
803000,6,1328
803000,6.5,4
804000,2.5,1
804000,3.5,39
804000,4,288
804000,4.5,1013
804000,5,429
804000,5.5,482
804000,6,1327
804000,6.5,4
805000,1.5,18
805000,2,2
805000,3.5,18
805000,4,292
805000,4.5,1015
805000,5,429
805000,5.5,480
805000,6,1328
805000,6.5,4
806000,3,19
806000,3.5,10
806000,4,302
806000,4.5,1013
806000,5,429
806000,5.5,481
806000,6,1327
806000,6.5,4
807000,3.5,27
807000,4,805
807000,4.5,515
807000,5,427
807000,5.5,481
807000,6,1325
807000,6.5,4
808000,3.5,10
808000,4,816
808000,4.5,521
808000,5,426
808000,5.5,482
808000,6,1325
808000,6.5,4
809000,3.5,8
809000,4,819
809000,4.5,520
809000,5,426
809000,5.5,483
809000,6,1324
809000,6.5,4
810000,3.5,8
810000,4,820
810000,4.5,519
810000,5,426
810000,5.5,482
810000,6,1323
810000,6.5,4
811000,3.5,17
811000,4,811
811000,4.5,527
811000,5,425
811000,5.5,482
811000,6,1322
811000,6.5,4
812000,3.5,19
812000,4,811
812000,4.5,525
812000,5,425
812000,5.5,480
812000,6,1323
812000,6.5,4
813000,3,1
813000,3.5,20
813000,4,769
813000,4.5,565
813000,5,426
813000,5.5,481
813000,6,1322
813000,6.5,4
814000,2,1
814000,3.5,40
814000,4,246
814000,4.5,1068
814000,5,361
814000,5.5,546
814000,6,1321
814000,6.5,4
815000,2,1
815000,2.5,19
815000,3.5,21
815000,4,255
815000,4.5,1059
815000,5,361
815000,5.5,545
815000,6,1321
815000,6.5,4
816000,2.5,1
816000,3,18
816000,3.5,8
816000,4,266
816000,4.5,1035
816000,5,361
816000,5.5,542
816000,6,1321
816000,6.5,4
817000,3.5,25
817000,4,270
817000,4.5,1034
817000,5,361
817000,5.5,540
817000,6,1320
817000,6.5,4
818000,3.5,6
818000,4,289
818000,4.5,1034
818000,5,361
818000,5.5,508
818000,6,1319
818000,6.5,4
819000,3.5,6
819000,4,285
819000,4.5,1041
819000,5,358
819000,5.5,505
819000,6,1320
819000,6.5,4
820000,3.5,5
820000,4,291
820000,4.5,1104
820000,5,358
820000,5.5,504
820000,6,1320
820000,6.5,4
821000,3.5,20
821000,4,360
821000,4.5,1018
821000,5,359
821000,5.5,503
821000,6,1319
821000,6.5,4
822000,3.5,22
822000,4,351
822000,4.5,1018
822000,5,359
822000,5.5,503
822000,6,1317
822000,6.5,4
823000,3,1
823000,3.5,23
823000,4,263
823000,4.5,1104
823000,5,359
823000,5.5,504
823000,6,1316
823000,6.5,4
824000,1.5,1
824000,3.5,40
824000,4,248
824000,4.5,1102
824000,5,360
824000,5.5,500
824000,6,1318
824000,6.5,4
825000,2.5,1
825000,3,19
825000,3.5,21
825000,4,247
825000,4.5,1085
825000,5,359
825000,5.5,499
825000,6,1316
825000,6.5,4
826000,2,19
826000,3.5,4
826000,4,265
826000,4.5,1085
826000,5,359
826000,5.5,499
826000,6,1315
826000,6.5,4
827000,3.5,27
827000,4,265
827000,4.5,1081
827000,5,359
827000,5.5,499
827000,6,1314
827000,6.5,4
828000,3.5,6
828000,4,280
828000,4.5,1083
828000,5,359
828000,5.5,496
828000,6,1316
828000,6.5,4
829000,3.5,10
829000,4,277
829000,4.5,1082
829000,5,359
829000,5.5,494
829000,6,1314
829000,6.5,4
830000,3.5,8
830000,4,279
830000,4.5,1129
830000,5,359
830000,5.5,495
830000,6,1313
830000,6.5,4
831000,3.5,23
831000,4,259
831000,4.5,1132
831000,5,359
831000,5.5,495
831000,6,1312
831000,6.5,4
832000,3.5,21
832000,4,266
832000,4.5,1127
832000,5,359
832000,5.5,494
832000,6,1313
832000,6.5,4
833000,3,1
833000,3.5,21
833000,4,265
833000,4.5,1127
833000,5,359
833000,5.5,494
833000,6,1313
833000,6.5,4
834000,1,1
834000,3.5,38
834000,4,246
834000,4.5,1129
834000,5,359
834000,5.5,495
834000,6,1310
834000,6.5,4
835000,3,1
835000,3.5,37
835000,4,248
835000,4.5,1127
835000,5,359
835000,5.5,494
835000,6,1311
835000,6.5,4
836000,1.5,19
836000,3.5,8
836000,4,275
836000,4.5,1112
836000,5,359
836000,5.5,489
836000,6,1315
836000,6.5,4
837000,3.5,8
837000,4,327
837000,4.5,1085
837000,5,358
837000,5.5,486
837000,6,1319
837000,6.5,4
838000,3.5,8
838000,4,330
838000,4.5,1082
838000,5,360
838000,5.5,485
838000,6,1317
838000,6.5,4
839000,3.5,7
839000,4,332
839000,4.5,1081
839000,5,361
839000,5.5,484
839000,6,1318
839000,6.5,4
840000,3.5,5
840000,4,331
840000,4.5,1084
840000,5,361
840000,5.5,482
840000,6,1319
840000,6.5,4
841000,3.5,18
841000,4,319
841000,4.5,1083
841000,5,361
841000,5.5,482
841000,6,1319
841000,6.5,4
842000,3.5,20
842000,4,318
842000,4.5,1082
842000,5,361
842000,5.5,489
842000,6,1312
842000,6.5,4
843000,2.5,1
843000,3.5,21
843000,4,293
843000,4.5,1084
843000,5,360
843000,5.5,487
843000,6,1314
843000,6.5,4
844000,-0.5,1
844000,3,19
844000,3.5,21
844000,4,277
844000,4.5,1081
844000,5,360
844000,5.5,485
844000,6,1315
844000,6.5,4
845000,3.5,27
845000,4,288
845000,4.5,1083
845000,5,360
845000,5.5,482
845000,6,1317
845000,6.5,4
846000,3,19
846000,3.5,10
846000,4,272
846000,4.5,1083
846000,5,362
846000,5.5,485
846000,6,1314
846000,6.5,4
847000,3.5,7
847000,4,279
847000,4.5,1098
847000,5,361
847000,5.5,483
847000,6,1315
847000,6.5,4
848000,3.5,7
848000,4,276
848000,4.5,1101
848000,5,361
848000,5.5,477
848000,6,1319
848000,6.5,4
849000,3.5,4
849000,4,280
849000,4.5,1100
849000,5,361
849000,5.5,474
849000,6,1322
849000,6.5,4
850000,3.5,8
850000,4,278
850000,4.5,1098
850000,5,361
850000,5.5,475
850000,6,1321
850000,6.5,4
851000,3.5,19
851000,4,283
851000,4.5,1082
851000,5,361
851000,5.5,476
851000,6,1318
851000,6.5,4
852000,3,1
852000,3.5,23
852000,4,367
852000,4.5,959
852000,5,358
852000,5.5,483
852000,6,1309
852000,6.5,4
853000,2.5,1
853000,3.5,21
853000,4,371
853000,4.5,958
853000,5,356
853000,5.5,483
853000,6,1310
853000,6.5,4
854000,1,1
854000,2,18
854000,2.5,1
854000,3.5,23
854000,4,347
854000,4.5,961
854000,5,356
854000,5.5,483
854000,6,1309
854000,6.5,4
855000,3.5,25
855000,4,345
855000,4.5,980
855000,5,357
855000,5.5,478
855000,6,1313
855000,6.5,4
856000,3,19
856000,3.5,6
856000,4,346
856000,4.5,980
856000,5,357
856000,5.5,490
856000,6,1300
856000,6.5,4
857000,3.5,6
857000,4,384
857000,4.5,865
857000,5,357
857000,5.5,490
857000,6,1299
857000,6.5,4
858000,3.5,7
858000,4,384
858000,4.5,927
858000,5,358
858000,5.5,488
858000,6,1300
858000,6.5,4
859000,3.5,7
859000,4,298
859000,4.5,1013
859000,5,358
859000,5.5,488
859000,6,1298
859000,6.5,4
860000,3.5,8
860000,4,294
860000,4.5,1016
860000,5,358
860000,5.5,489
860000,6,1297
860000,6.5,4
861000,3.5,22
861000,4,279
861000,4.5,1017
861000,5,357
861000,5.5,491
861000,6,1295
861000,6.5,4
862000,3,1
862000,3.5,21
862000,4,284
862000,4.5,1011
862000,5,358
862000,5.5,491
862000,6,1295
862000,6.5,4
863000,1,1
863000,3.5,38
863000,4,267
863000,4.5,1006
863000,5,363
863000,5.5,492
863000,6,1293
863000,6.5,4
864000,-0.5,1
864000,1,19
864000,3.5,17
864000,4,269
864000,4.5,1006
864000,5,365
864000,5.5,489
864000,6,1294
864000,6.5,4
865000,3,19
865000,3.5,6
865000,4,282
865000,4.5,1004
865000,5,365
865000,5.5,484
865000,6,1297
865000,6.5,4
866000,3.5,26
866000,4,276
866000,4.5,1010
866000,5,365
866000,5.5,486
866000,6,1295
866000,6.5,4
867000,3.5,9
867000,4,295
867000,4.5,1008
867000,5,365
867000,5.5,485
867000,6,1296
867000,6.5,4
868000,3.5,8
868000,4,300
868000,4.5,1004
868000,5,365
868000,5.5,486
868000,6,1295
868000,6.5,4
869000,3.5,10
869000,4,275
869000,4.5,1027
869000,5,365
869000,5.5,485
869000,6,1295
869000,6.5,4
870000,3.5,19
870000,4,286
870000,4.5,1007
870000,5,365
870000,5.5,483
870000,6,1295
870000,6.5,4
871000,3.5,20
871000,4,265
871000,4.5,1027
871000,5,365
871000,5.5,439
871000,6,1338
871000,6.5,4
872000,3,1
872000,3.5,17
872000,4,266
872000,4.5,1028
872000,5,365
872000,5.5,401
872000,6,1374
872000,6.5,5
873000,1,1
873000,3.5,42
873000,4,242
873000,4.5,1024
873000,5,365
873000,5.5,402
873000,6,1373
873000,6.5,5
874000,2.5,20
874000,3.5,21
874000,4,246
874000,4.5,1022
874000,5,428
874000,5.5,401
874000,6,1374
874000,6.5,5
875000,3,19
875000,3.5,10
875000,4,255
875000,4.5,1024
875000,5,426
875000,5.5,402
875000,6,1370
875000,6.5,5
876000,3.5,27
876000,4,255
876000,4.5,1025
876000,5,426
876000,5.5,409
876000,6,1362
876000,6.5,5
877000,3.5,9
877000,4,277
877000,4.5,998
877000,5,426
877000,5.5,405
877000,6,1366
877000,6.5,5
878000,3.5,5
878000,4,277
878000,4.5,1002
878000,5,426
878000,5.5,402
878000,6,1366
878000,6.5,5
879000,3.5,4
879000,4,264
879000,4.5,1016
879000,5,426
879000,5.5,404
879000,6,1364
879000,6.5,5
880000,3.5,19
880000,4,267
880000,4.5,998
880000,5,425
880000,5.5,411
880000,6,1357
880000,6.5,5
881000,3.5,22
881000,4,261
881000,4.5,1001
881000,5,425
881000,5.5,410
881000,6,1355
881000,6.5,5
882000,2.5,1
882000,3.5,21
882000,4,265
882000,4.5,978
882000,5,424
882000,5.5,411
882000,6,1355
882000,6.5,5
883000,1.5,1
883000,3.5,40
883000,4,244
883000,4.5,980
883000,5,424
883000,5.5,417
883000,6,1349
883000,6.5,5
884000,3,20
884000,3.5,21
884000,4,243
884000,4.5,981
884000,5,418
884000,5.5,439
884000,6,1317
884000,6.5,5
885000,1.5,19
885000,3.5,7
885000,4,260
885000,4.5,976
885000,5,421
885000,5.5,464
885000,6,1291
885000,6.5,5
886000,3.5,3
886000,4,281
886000,4.5,1041
886000,5,421
886000,5.5,464
886000,6,1291
886000,6.5,5
887000,3.5,6
887000,4,278
887000,4.5,1041
887000,5,421
887000,5.5,464
887000,6,1291
887000,6.5,5
888000,3.5,10
888000,4,304
888000,4.5,1011
888000,5,421
888000,5.5,464
888000,6,1289
888000,6.5,5
889000,3.5,8
889000,4,308
889000,4.5,1009
889000,5,422
889000,5.5,466
889000,6,1285
889000,6.5,5
890000,3.5,24
890000,4,260
890000,4.5,1041
890000,5,422
890000,5.5,465
890000,6,1285
890000,6.5,5
891000,3.5,22
891000,4,265
891000,4.5,1038
891000,5,422
891000,5.5,466
891000,6,1284
891000,6.5,5
892000,2.5,1
892000,3.5,23
892000,4,327
892000,4.5,974
892000,5,421
892000,5.5,466
892000,6,1282
892000,6.5,5
893000,1,1
893000,3,19
893000,3.5,16
893000,4,340
893000,4.5,949
893000,5,421
893000,5.5,465
893000,6,1282
893000,6.5,5
894000,3.5,37
894000,4,342
894000,4.5,945
894000,5,422
894000,5.5,441
894000,6,1303
894000,6.5,5
895000,2,19
895000,3.5,4
895000,4,292
895000,4.5,1010
895000,5,424
895000,5.5,431
895000,6,1310
895000,6.5,5
896000,3.5,9
896000,4,303
896000,4.5,1013
896000,5,424
896000,5.5,429
896000,6,1312
896000,6.5,5
897000,3.5,8
897000,4,307
897000,4.5,1010
897000,5,424
897000,5.5,402
897000,6,1339
897000,6.5,5
898000,3.5,10
898000,4,303
898000,4.5,1012
898000,5,423
898000,5.5,403
898000,6,1338
898000,6.5,5
899000,3.5,8
899000,4,287
899000,4.5,1030
899000,5,422
899000,5.5,401
899000,6,1338
899000,6.5,5
900000,3.5,24
900000,4,292
900000,4.5,1009
900000,5,422
900000,5.5,400
900000,6,1339
900000,6.5,5
901000,3,1
901000,3.5,17
901000,4,298
901000,4.5,1009
901000,5,423
901000,5.5,399
901000,6,1336
901000,6.5,5
902000,2,1
902000,3.5,17
902000,4,295
902000,4.5,1012
902000,5,420
902000,5.5,406
902000,6,1332
902000,6.5,5
903000,2,1
903000,2.5,19
903000,3.5,21
903000,4,273
903000,4.5,1011
903000,5,421
903000,5.5,405
903000,6,1330
903000,6.5,5
904000,3.5,26
904000,4,289
904000,4.5,977
904000,5,421
904000,5.5,402
904000,6,1332
904000,6.5,5
905000,3,19
905000,3.5,7
905000,4,287
905000,4.5,980
905000,5,421
905000,5.5,395
905000,6,1339
905000,6.5,5
906000,3.5,8
906000,4,307
906000,4.5,978
906000,5,421
906000,5.5,399
906000,6,1334
906000,6.5,5
907000,3.5,8
907000,4,307
907000,4.5,978
907000,5,421
907000,5.5,397
907000,6,1336
907000,6.5,5
908000,3.5,6
908000,4,304
908000,4.5,986
908000,5,418
908000,5.5,397
908000,6,1334
908000,6.5,5
909000,3.5,6
909000,4,309
909000,4.5,981
909000,5,418
909000,5.5,398
909000,6,1332
909000,6.5,5
910000,3.5,20
910000,4,266
910000,4.5,1010
910000,5,418
910000,5.5,399
910000,6,1331
910000,6.5,5
911000,3,1
911000,3.5,23
911000,4,262
911000,4.5,1010
911000,5,418
911000,5.5,397
911000,6,1330
911000,6.5,5
912000,1.5,1
912000,3.5,20
912000,4,267
912000,4.5,1008
912000,5,418
912000,5.5,397
912000,6,1329
912000,6.5,5
913000,1,1
913000,1.5,18
913000,2,1
913000,3.5,22
913000,4,270
913000,4.5,984
913000,5,418
913000,5.5,398
913000,6,1327
913000,6.5,5
914000,3.5,25
914000,4,288
914000,4.5,982
914000,5,480
914000,5.5,400
914000,6,1325
914000,6.5,5
915000,3,19
915000,3.5,10
915000,4,287
915000,4.5,922
915000,5,537
915000,5.5,396
915000,6,1328
915000,6.5,5
916000,3.5,2
916000,4,312
916000,4.5,828
916000,5,538
916000,5.5,394
916000,6,1327
916000,6.5,5
917000,3.5,6
917000,4,309
917000,4.5,792
917000,5,574
917000,5.5,392
917000,6,1328
917000,6.5,5
918000,3.5,6
918000,4,290
918000,4.5,802
918000,5,583
918000,5.5,390
918000,6,1327
918000,6.5,5
919000,3.5,23
919000,4,273
919000,4.5,802
919000,5,583
919000,5.5,392
919000,6,1324
919000,6.5,5
920000,3.5,22
920000,4,292
920000,4.5,697
920000,5,583
920000,5.5,391
920000,6,1325
920000,6.5,5
921000,3,1
921000,3.5,22
921000,4,294
921000,4.5,694
921000,5,583
921000,5.5,394
921000,6,1322
921000,6.5,5
922000,0.5,1
922000,3.5,40
922000,4,274
922000,4.5,696
922000,5,582
922000,5.5,392
922000,6,1322
922000,6.5,5
923000,-0.5,1
923000,2.5,19
923000,3.5,20
923000,4,273
923000,4.5,698
923000,5,710
923000,5.5,388
923000,6,1323
923000,6.5,5
924000,3,1
924000,3.5,22
924000,4,293
924000,4.5,691
924000,5,710
924000,5.5,387
924000,6,1324
924000,6.5,5
925000,3.5,25
925000,4,289
925000,4.5,694
925000,5,710
925000,5.5,389
925000,6,1321
925000,6.5,5
926000,3.5,8
926000,4,305
926000,4.5,695
926000,5,710
926000,5.5,387
926000,6,1322
926000,6.5,5
927000,3.5,8
927000,4,330
927000,4.5,670
927000,5,710
927000,5.5,386
927000,6,1323
927000,6.5,5
928000,3.5,8
928000,4,307
928000,4.5,693
928000,5,709
928000,5.5,387
928000,6,1322
928000,6.5,5
929000,3.5,21
929000,4,314
929000,4.5,673
929000,5,709
929000,5.5,389
929000,6,1317
929000,6.5,5
930000,3.5,22
930000,4,316
930000,4.5,826
930000,5,708
930000,5.5,393
930000,6,1314
930000,6.5,5
931000,2.5,1
931000,3.5,16
931000,4,289
931000,4.5,858
931000,5,708
931000,5.5,417
931000,6,1289
931000,6.5,5
932000,1.5,1
932000,3.5,37
932000,4,296
932000,4.5,830
932000,5,708
932000,5.5,418
932000,6,1287
932000,6.5,5
933000,2,1
933000,3,19
933000,3.5,21
933000,4,294
933000,4.5,822
933000,5,716
933000,5.5,417
933000,6,1287
933000,6.5,5
934000,3,19
934000,3.5,10
934000,4,305
934000,4.5,823
934000,5,715
934000,5.5,416
934000,6,1289
934000,6.5,5
935000,3.5,27
935000,4,257
935000,4.5,825
935000,5,716
935000,5.5,413
935000,6,1290
935000,6.5,5
936000,3.5,10
936000,4,249
936000,4.5,818
936000,5,716
936000,5.5,414
936000,6,1287
936000,6.5,5
937000,3.5,6
937000,4,252
937000,4.5,820
937000,5,716
937000,5.5,412
937000,6,1288
937000,6.5,5
938000,3.5,10
938000,4,227
938000,4.5,840
938000,5,716
938000,5.5,411
938000,6,1288
938000,6.5,5
939000,3.5,15
939000,4,256
939000,4.5,806
939000,5,716
939000,5.5,410
939000,6,1288
939000,6.5,5
940000,3.5,21
940000,4,265
940000,4.5,789
940000,5,717
940000,5.5,408
940000,6,1287
940000,6.5,5
941000,2.5,1
941000,3.5,21
941000,4,237
941000,4.5,815
941000,5,719
941000,5.5,408
941000,6,1286
941000,6.5,5
942000,1.5,1
942000,3.5,41
942000,4,248
942000,4.5,784
942000,5,719
942000,5.5,408
942000,6,1285
942000,6.5,5
943000,3.5,40
943000,4,216
943000,4.5,818
943000,5,717
943000,5.5,412
943000,6,1282
943000,6.5,5
944000,2,19
944000,3.5,10
944000,4,230
944000,4.5,815
944000,5,718
944000,5.5,401
944000,6,1283
944000,6.5,5
945000,3.5,8
945000,4,250
945000,4.5,816
945000,5,718
945000,5.5,401
945000,6,1283
945000,6.5,5
946000,3.5,4
946000,4,283
946000,4.5,787
946000,5,717
946000,5.5,398
946000,6,1284
946000,6.5,5
947000,3.5,4
947000,4,284
947000,4.5,786
947000,5,716
947000,5.5,418
947000,6,1263
947000,6.5,5
948000,3.5,7
948000,4,263
948000,4.5,804
948000,5,716
948000,5.5,356
948000,6,1325
948000,6.5,5
949000,3.5,22
949000,4,264
949000,4.5,787
949000,5,717
949000,5.5,356
949000,6,1325
949000,6.5,5
950000,3,1
950000,3.5,20
950000,4,265
950000,4.5,788
950000,5,716
950000,5.5,355
950000,6,1325
950000,6.5,5
951000,1.5,1
951000,3.5,21
951000,4,267
951000,4.5,785
951000,5,716
951000,5.5,355
951000,6,1323
951000,6.5,5
952000,2,1
952000,3,19
952000,3.5,21
952000,4,246
952000,4.5,787
952000,5,716
952000,5.5,355
952000,6,1323
952000,6.5,5
953000,3.5,42
953000,4,246
953000,4.5,785
953000,5,716
953000,5.5,355
953000,6,1322
953000,6.5,5
954000,2,19
954000,3.5,4
954000,4,265
954000,4.5,787
954000,5,714
954000,5.5,359
954000,6,1318
954000,6.5,5
955000,3.5,6
955000,4,326
955000,4.5,742
955000,5,715
955000,5.5,358
955000,6,1318
955000,6.5,5
956000,3.5,8
956000,4,412
956000,4.5,769
956000,5,714
956000,5.5,339
956000,6,1336
956000,6.5,5
957000,3.5,10
957000,4,412
957000,4.5,767
957000,5,713
957000,5.5,341
957000,6,1334
957000,6.5,5
958000,3.5,5
958000,4,396
958000,4.5,701
958000,5,713
958000,5.5,339
958000,6,1335
958000,6.5,5
959000,3.5,23
959000,4,398
959000,4.5,681
959000,5,713
959000,5.5,340
959000,6,1334
959000,6.5,5
960000,3,1
960000,3.5,19
960000,4,400
960000,4.5,682
960000,5,713
960000,5.5,357
960000,6,1316
960000,6.5,5
961000,1.5,1
961000,3.5,19
961000,4,399
961000,4.5,683
961000,5,713
961000,5.5,357
961000,6,1314
961000,6.5,5
962000,2,1
962000,2.5,19
962000,3.5,15
962000,4,386
962000,4.5,681
962000,5,713
962000,5.5,359
962000,6,1311
962000,6.5,5
963000,3.5,29
963000,4,392
963000,4.5,674
963000,5,713
963000,5.5,360
963000,6,1310
963000,6.5,5
964000,3,19
964000,3.5,8
964000,4,230
964000,4.5,839
964000,5,714
964000,5.5,357
964000,6,1312
964000,6.5,5
965000,3.5,10
965000,4,247
965000,4.5,839
965000,5,715
965000,5.5,351
965000,6,1311
965000,6.5,5
966000,3.5,8
966000,4,251
966000,4.5,857
966000,5,695
966000,5.5,351
966000,6,1310
966000,6.5,5
967000,3.5,9
967000,4,229
967000,4.5,858
967000,5,715
967000,5.5,349
967000,6,1311
967000,6.5,5
968000,3.5,8
968000,4,232
968000,4.5,876
968000,5,695
968000,5.5,350
968000,6,1310
968000,6.5,5
969000,3.5,17
969000,4,243
969000,4.5,836
969000,5,715
969000,5.5,349
969000,6,1310
969000,6.5,5
970000,3,1
970000,3.5,17
970000,4,238
970000,4.5,860
970000,5,695
970000,5.5,350
970000,6,1308
970000,6.5,5
971000,1.5,1
971000,3.5,39
971000,4,220
971000,4.5,856
971000,5,695
971000,5.5,350
971000,6,1307
971000,6.5,5
972000,0,1
972000,1,18
972000,2,1
972000,3.5,21
972000,4,219
972000,4.5,856
972000,5,694
972000,5.5,350
972000,6,1305
972000,6.5,5
973000,3.5,27
973000,4,229
973000,4.5,859
973000,5,694
973000,5.5,351
973000,6,1304
973000,6.5,5
974000,3.5,29
974000,4,229
974000,4.5,858
974000,5,694
974000,5.5,350
974000,6,1304
974000,6.5,5
975000,3.5,7
975000,4,250
975000,4.5,859
975000,5,694
975000,5.5,352
975000,6,1302
975000,6.5,5
976000,3.5,8
976000,4,249
976000,4.5,859
976000,5,696
976000,5.5,348
976000,6,1304
976000,6.5,5
977000,3.5,3
977000,4,256
977000,4.5,825
977000,5,696
977000,5.5,330
977000,6,1303
977000,6.5,5
978000,3.5,23
978000,4,216
978000,4.5,845
978000,5,696
978000,5.5,327
978000,6,1305
978000,6.5,5
979000,3.5,20
979000,4,237
979000,4.5,827
979000,5,696
979000,5.5,325
979000,6,1308
979000,6.5,5
980000,2.5,1
980000,3.5,23
980000,4,233
980000,4.5,827
980000,5,696
980000,5.5,329
980000,6,1304
980000,6.5,5
981000,1.5,1
981000,3.5,38
981000,4,219
981000,4.5,826
981000,5,696
981000,5.5,324
981000,6,1303
981000,6.5,5
982000,-1.5,1
982000,2.5,1
982000,3,18
982000,3.5,23
982000,4,215
982000,4.5,826
982000,5,696
982000,5.5,326
982000,6,1300
982000,6.5,5
983000,3.5,25
983000,4,234
983000,4.5,824
983000,5,696
983000,5.5,327
983000,6,1299
983000,6.5,5
984000,3.5,25
984000,4,232
984000,4.5,827
984000,5,696
984000,5.5,391
984000,6,1235
984000,6.5,5
985000,3.5,4
985000,4,250
985000,4.5,830
985000,5,696
985000,5.5,390
985000,6,1236
985000,6.5,5
986000,3.5,9
986000,4,249
986000,4.5,823
986000,5,697
986000,5.5,390
986000,6,1235
986000,6.5,5
987000,3.5,8
987000,4,231
987000,4.5,842
987000,5,697
987000,5.5,389
987000,6,1236
987000,6.5,5
988000,3.5,22
988000,4,217
988000,4.5,842
988000,5,697
988000,5.5,389
988000,6,1236
988000,6.5,5
989000,3.5,22
989000,4,238
989000,4.5,821
989000,5,697
989000,5.5,387
989000,6,1235
989000,6.5,5
990000,2.5,1
990000,3.5,21
990000,4,234
990000,4.5,825
990000,5,699
990000,5.5,386
990000,6,1234
990000,6.5,5
991000,2.5,1
991000,3.5,40
991000,4,216
991000,4.5,935
991000,5,698
991000,5.5,384
991000,6,1235
991000,6.5,5
992000,2,1
992000,3,19
992000,3.5,17
992000,4,220
992000,4.5,935
992000,5,699
992000,5.5,380
992000,6,1238
992000,6.5,5
993000,2.5,19
993000,3.5,8
993000,4,230
993000,4.5,923
993000,5,700
993000,5.5,383
993000,6,1232
993000,6.5,5
994000,3.5,26
994000,4,231
994000,4.5,919
994000,5,700
994000,5.5,383
994000,6,1231
994000,6.5,5
995000,3.5,8
995000,4,249
995000,4.5,919
995000,5,699
995000,5.5,380
995000,6,1235
995000,6.5,5
996000,3.5,7
996000,4,250
996000,4.5,919
996000,5,700
996000,5.5,378
996000,6,1235
996000,6.5,5
997000,3.5,10
997000,4,226
997000,4.5,940
997000,5,701
997000,5.5,377
997000,6,1235
997000,6.5,5
998000,3.5,22
998000,4,219
998000,4.5,923
998000,5,702
998000,5.5,376
998000,6,1235
998000,6.5,5
999000,3,1
999000,3.5,19
999000,4,238
999000,4.5,906
999000,5,695
999000,5.5,376
999000,6,1235
999000,6.5,5
1000000,2,1
1000000,3.5,15
1000000,4,240
1000000,4.5,908
1000000,5,695
1000000,5.5,376
1000000,6,1235
1000000,6.5,5
