step,year,live,pullers,N,free_slots,compact_slot,compact_phase,compact_mass_earth,compact_R,merge_compact,merge_other,merge_unattr,roche_events,roche_fragments,roche_zero_frag,belt_frac_compact,belt_frac_other,belt_frac_roche_escaped,belt_frac_reservoir,belt_frac_sublimated,belt_frac_alive_bound,belt_frac_alive_unbound,cloud_n,cloud_E,cloud_E_plus_merged,roche_dissipated,peri_min_Rc,peri_p01_Rc,peri_p10_Rc,peri_p50_Rc,peri_lt10Rc,peri_lt100Rc,peri_lt1000Rc,ms_per_step
0,0.17894830970484318,5251,11,5251,261,5250,NeutronStar,466700,0.000237092,0,0,0,0,0,0,0,0,0,0,0,1,0,5000,-8.174490596303215E-06,-8.174490596303215E-06,0,3.26341E-05,81.8482,8298.24,695876,8,53,195,0.000
50,0.2721505543427825,5512,11,5512,0,5250,NeutronStar,466700,0.000237092,0,8,21,458,535,334,0,1.34232E-10,2.70862E-09,0.0384792,0,0.940939,0.0203535,4993,-4.702530187315657E-06,-4.702530187315657E-06,0.00019974027982546345,0.0180389,106.042,9315.56,533188,21,47,138,9.330
100,0.36535279898072076,5512,10,5512,0,5250,NeutronStar,466700,0.000237092,0,8,58,903,793,674,0,1.34232E-10,3.40837E-09,0.0757553,0,0.602454,0.321385,3491,-3.0687528199729798E-06,-3.0687528199729798E-06,0.42112512643887334,0.000244425,480.323,7766.89,137569,2,14,53,6.210
150,0.458555043618659,5512,10,5512,0,5250,NeutronStar,466700,0.000237092,7,8,74,1180,1004,863,2.29195E-15,1.34232E-10,3.45174E-09,0.0994152,0,0.385333,0.514695,2477,-2.003850955725794E-06,-2.0038509557975663E-06,0.4221010754281869,0.197389,96.7687,4096.78,58404,7,25,66,6.022
200,0.5517572882565988,5411,7,5512,101,5250,NeutronStar,466700,0.000237092,54,136,75,1335,1202,958,4.86709E-06,0.00314495,0.0050697,0.104727,0,0.0128314,0.873414,563,-4.984863108588789E-07,-5.002479244672392E-07,0.42210303935491594,23.1021,23.1048,3069.27,8010.55,0,8,8,4.539
250,0.6449595328945398,5512,6,5512,0,5250,BlackHole,800033,8.40193E-05,221,136,77,1506,1632,1050,0.000142555,0.00314495,0.00507319,0.109899,0,0.863249,0.0176829,4846,-8.7107374672614E-06,-8.737751819063352E-06,0.42216650804936723,9489.05,28176.3,125402,1.11115E+06,0,0,0,4.069
300,0.7381617775324808,5512,6,5512,0,5250,BlackHole,800033,8.40193E-05,221,136,77,1518,1642,1057,0.000142555,0.00314495,0.00507319,0.111284,0,0.861865,0.0176829,4846,-8.665430880667632E-06,-8.692445232469585E-06,0.4221665208620611,8287.09,26642.8,124971,1.11123E+06,0,0,0,3.847
350,0.8313640221704218,5511,6,5512,1,5250,BlackHole,800033,8.40193E-05,221,137,77,1526,1650,1061,0.000142555,0.00376202,0.00507319,0.111733,0,0.860798,0.0176829,4845,-8.643887322373135E-06,-8.670901674175088E-06,0.4221665208620611,10477,27355.8,124273,1.11132E+06,0,0,0,3.824
400,0.9245662668083628,5511,6,5512,1,5250,BlackHole,800033,8.40193E-05,221,137,77,1526,1650,1061,0.000142555,0.00376202,0.00507319,0.111733,0,0.860798,0.0176829,4845,-8.644774265289568E-06,-8.671788617091521E-06,0.4221665208620611,9766.88,28086.7,124287,1.11139E+06,0,0,0,3.813
450,1.0177685114463029,5511,6,5512,1,5250,BlackHole,800033,8.40193E-05,221,137,77,1526,1650,1061,0.000142555,0.00376202,0.00507319,0.111733,0,0.860798,0.0176829,4845,-8.644648986465265E-06,-8.671663338267218E-06,0.4221665208620611,8659.57,28612.4,124300,1.11143E+06,0,0,0,3.842
500,1.1109707560842383,5508,6,5512,4,5250,BlackHole,800033,8.40193E-05,221,140,77,1526,1650,1061,0.000142555,0.00462512,0.00507319,0.111733,0,0.859935,0.0176829,4842,-8.633155701281156E-06,-8.66017005308311E-06,0.4221665208620611,10061.6,26612.8,124326,1.1119E+06,0,0,0,3.822
550,1.2041730007221738,5504,6,5512,8,5250,BlackHole,800033,8.40193E-05,221,144,77,1526,1650,1061,0.000142555,0.0050724,0.00507319,0.111733,0,0.859488,0.0176829,4855,-8.622845894877137E-06,-8.64986024667909E-06,0.4221665208620611,10059.5,27568.3,124677,1.11048E+06,0,0,0,3.896
600,1.2973752453601093,5512,5,5512,0,5250,BlackHole,800033,8.40193E-05,222,152,77,1527,1668,1061,0.000146205,0.0051016,0.00507319,0.111733,0,0.859455,0.0176829,5087,-9.018066352508497E-06,-9.045087551548548E-06,0.4221665208620611,9092.13,29814.4,145396,1.07107E+06,0,0,0,3.606
650,1.3905774899980448,5512,5,5512,0,5250,BlackHole,800033,8.40193E-05,222,152,77,1527,1668,1061,0.000146205,0.0051016,0.00507319,0.111733,0,0.859455,0.0176829,5087,-9.016297965934047E-06,-9.043319164974099E-06,0.4221665208620611,9400.99,28072.3,145159,1.07107E+06,0,0,0,3.534
700,1.4837797346359802,5512,5,5512,0,5250,BlackHole,800033,8.40193E-05,222,152,77,1527,1668,1061,0.000146205,0.0051016,0.00507319,0.111733,0,0.859455,0.0176829,5087,-9.017113711337208E-06,-9.04413491037726E-06,0.4221665208620611,9282.25,26644,145191,1.07107E+06,0,0,0,3.541
750,1.5769819792739157,5512,5,5512,0,5250,BlackHole,800033,8.40193E-05,222,152,77,1527,1668,1061,0.000146205,0.0051016,0.00507319,0.111733,0,0.859455,0.0176829,5087,-9.016505266390806E-06,-9.043526465430857E-06,0.4221665208620611,9431.3,27800.7,145199,1.07106E+06,0,0,0,3.540
800,1.6701842239118512,5512,5,5512,0,5250,BlackHole,800033,8.40193E-05,222,152,77,1527,1668,1061,0.000146205,0.0051016,0.00507319,0.111733,0,0.859455,0.0176829,5087,-9.015256601728654E-06,-9.042277800768706E-06,0.4221665208620611,8282,29418.3,145205,1.07106E+06,0,0,0,3.569
850,1.7633864685497866,5512,5,5512,0,5250,BlackHole,800033,8.40193E-05,222,152,77,1527,1668,1061,0.000146205,0.0051016,0.00507319,0.111733,0,0.859455,0.0176829,5087,-9.016490075777441E-06,-9.043511274817493E-06,0.4221665208620611,9644.27,27604.3,145216,1.07105E+06,0,0,0,3.539
900,1.8565887131877221,5511,5,5512,1,5250,BlackHole,800033,8.40193E-05,222,152,77,1528,1668,1062,0.000146205,0.0051016,0.00507319,0.111733,0,0.859455,0.0176829,5086,-9.017779520664766E-06,-9.044800719704817E-06,0.4221665208620611,9259.62,26723.9,146251,1.0723E+06,0,0,0,3.492
950,1.9497909578256576,5511,5,5512,1,5250,BlackHole,800033,8.40193E-05,222,152,77,1528,1668,1062,0.000146205,0.0051016,0.00507319,0.111733,0,0.859455,0.0176829,5086,-9.017818653714719E-06,-9.04483985275477E-06,0.4221665208620611,8568.43,28054.7,146266,1.0723E+06,0,0,0,3.498
1000,2.042993202463593,5511,5,5512,1,5250,BlackHole,800033,8.40193E-05,222,152,77,1528,1668,1062,0.000146205,0.0051016,0.00507319,0.111733,0,0.859455,0.0176829,5086,-9.01752697989861E-06,-9.044548178938662E-06,0.4221665208620611,9401.03,28004.5,146274,1.0723E+06,0,0,0,3.560
1050,2.1361954471015285,5511,5,5512,1,5250,BlackHole,800033,8.40193E-05,222,152,77,1528,1668,1062,0.000146205,0.0051016,0.00507319,0.111733,0,0.859455,0.0176829,5086,-9.017790166937683E-06,-9.044811365977734E-06,0.4221665208620611,9523,27224,146287,1.0723E+06,0,0,0,3.535
1100,2.229397691739464,5511,5,5512,1,5250,BlackHole,800033,8.40193E-05,222,152,77,1528,1668,1062,0.000146205,0.0051016,0.00507319,0.111733,0,0.859455,0.0176829,5086,-9.018195604176417E-06,-9.045216803216468E-06,0.4221665208620611,9015.09,26841.8,146386,1.0723E+06,0,0,0,3.533
1150,2.3225999363773995,5511,5,5512,1,5250,BlackHole,800033,8.40193E-05,222,152,77,1528,1668,1062,0.000146205,0.0051016,0.00507319,0.111733,0,0.859455,0.0176829,5086,-9.017310807272072E-06,-9.044332006312123E-06,0.4221665208620611,9724.08,28079.6,146101,1.0723E+06,0,0,0,3.562
1200,2.415802181015335,5511,5,5512,1,5250,BlackHole,800033,8.40193E-05,222,152,77,1528,1668,1062,0.000146205,0.0051016,0.00507319,0.111733,0,0.859455,0.0176829,5086,-9.018052234216937E-06,-9.045073433256989E-06,0.4221665208620611,9744.24,30449,146251,1.0723E+06,0,0,0,3.545
1250,2.5090044256532704,5511,5,5512,1,5250,BlackHole,800033,8.40193E-05,222,152,77,1528,1668,1062,0.000146205,0.0051016,0.00507319,0.111733,0,0.859455,0.0176829,5086,-9.018385218121498E-06,-9.04540641716155E-06,0.4221665208620611,9371.45,26938.8,146266,1.0723E+06,0,0,0,3.535
1300,2.602206670291206,5511,5,5512,1,5250,BlackHole,800033,8.40193E-05,222,152,77,1528,1668,1062,0.000146205,0.0051016,0.00507319,0.111733,0,0.859455,0.0176829,5086,-9.018860553584734E-06,-9.045881752624785E-06,0.4221665208620611,8324.92,26989.7,146274,1.07231E+06,0,0,0,3.584
1350,2.6954089149291414,5511,5,5512,1,5250,BlackHole,800033,8.40193E-05,222,152,77,1528,1668,1062,0.000146205,0.0051016,0.00507319,0.111733,0,0.859455,0.0176829,5086,-9.016248185200596E-06,-9.043269384240647E-06,0.4221665208620611,9338.39,28642.8,146287,1.07231E+06,0,0,0,3.758
1400,2.788611159567077,5511,5,5512,1,5250,BlackHole,800033,8.40193E-05,222,152,77,1528,1668,1062,0.000146205,0.0051016,0.00507319,0.111733,0,0.859455,0.0176829,5086,-9.017994771857383E-06,-9.045015970897435E-06,0.4221665208620611,9659.11,28686.8,146380,1.07232E+06,0,0,0,3.521
1450,2.8818134042050123,5511,5,5512,1,5250,BlackHole,800033,8.40193E-05,222,152,77,1528,1668,1062,0.000146205,0.0051016,0.00507319,0.111733,0,0.859455,0.0176829,5086,-9.017631460041056E-06,-9.044652659081107E-06,0.4221665208620611,8479.74,26747.8,146090,1.07232E+06,0,0,0,3.521
1500,2.975015648842948,5511,5,5512,1,5250,BlackHole,800033,8.40193E-05,222,152,77,1528,1668,1062,0.000146205,0.0051016,0.00507319,0.111733,0,0.859455,0.0176829,5086,-9.018125469490218E-06,-9.04514666853027E-06,0.4221665208620611,10205.7,27161.9,146250,1.07232E+06,0,0,0,3.544
1550,3.0682178934808833,5511,5,5512,1,5250,BlackHole,800033,8.40193E-05,222,152,77,1528,1668,1062,0.000146205,0.0051016,0.00507319,0.111733,0,0.859455,0.0176829,5086,-9.018556580541993E-06,-9.045577779582044E-06,0.4221665208620611,9861.73,28535.7,146266,1.07233E+06,0,0,0,3.571
1600,3.1614201381188187,5511,5,5512,1,5250,BlackHole,800033,8.40193E-05,222,152,77,1528,1668,1062,0.000146205,0.0051016,0.00507319,0.111733,0,0.859455,0.0176829,5086,-9.017587304022936E-06,-9.044608503062988E-06,0.4221665208620611,8933.27,28613.9,146273,1.07233E+06,0,0,0,3.762
1650,3.254622382756754,5511,5,5512,1,5250,BlackHole,800033,8.40193E-05,222,152,77,1528,1668,1062,0.000146205,0.0051016,0.00507319,0.111733,0,0.859455,0.0176829,5086,-9.018583150421436E-06,-9.045604349461487E-06,0.4221665208620611,10463.6,26643.1,146285,1.07234E+06,0,0,0,3.598
1700,3.3478246273946897,5511,5,5512,1,5250,BlackHole,800033,8.40193E-05,222,152,77,1528,1668,1062,0.000146205,0.0051016,0.00507319,0.111733,0,0.859455,0.0176829,5086,-9.01803301980791E-06,-9.045054218847962E-06,0.4221665208620611,10285.7,27354.9,146373,1.07234E+06,0,0,0,3.468
1750,3.441026872032625,5511,5,5512,1,5250,BlackHole,800033,8.40193E-05,222,152,77,1528,1668,1062,0.000146205,0.0051016,0.00507319,0.111733,0,0.859455,0.0176829,5086,-9.017383573241722E-06,-9.044404772281773E-06,0.4221665208620611,9309.09,28901.5,146076,1.07235E+06,0,0,0,3.505
1800,3.5342291166705606,5511,5,5512,1,5250,BlackHole,800033,8.40193E-05,222,152,77,1528,1668,1062,0.000146205,0.0051016,0.00507319,0.111733,0,0.859455,0.0176829,5086,-9.01886255423277E-06,-9.045883753272822E-06,0.4221665208620611,8434.08,28614.5,146249,1.07237E+06,0,0,0,3.540
1850,3.627431361308496,5510,5,5512,2,5250,BlackHole,800033,8.40193E-05,222,152,77,1529,1668,1063,0.000146205,0.0051016,0.00507319,0.11177,0,0.859418,0.0176829,5085,-9.016859030951337E-06,-9.043880229991389E-06,0.4221665208620611,10365.4,26612.8,146266,1.07238E+06,0,0,0,3.549
1900,3.7206336059464316,5510,5,5512,2,5250,BlackHole,800033,8.40193E-05,222,152,77,1529,1668,1063,0.000146205,0.0051016,0.00507319,0.11177,0,0.859418,0.0176829,5085,-9.018400644320934E-06,-9.045421843360986E-06,0.4221665208620611,9606.03,27567.4,146274,1.0724E+06,0,0,0,3.536
1950,3.813835850584367,5509,5,5512,3,5250,BlackHole,800033,8.40193E-05,222,152,77,1530,1668,1064,0.000146205,0.0051016,0.00507319,0.112461,0,0.858727,0.0176829,5084,-9.004604993682563E-06,-9.031626192722614E-06,0.4221665208620611,8398.97,29812.3,146287,1.07254E+06,0,0,0,3.497
2000,3.9070380952223025,5509,5,5512,3,5250,BlackHole,800033,8.40193E-05,222,152,77,1530,1668,1064,0.000146205,0.0051016,0.00507319,0.112461,0,0.858727,0.0176829,5084,-9.005064481620948E-06,-9.032085680660999E-06,0.4221665208620611,9542.37,28074.1,146370,1.07257E+06,0,0,0,3.509
3000,5.771082987981434,5500,5,5512,12,5250,BlackHole,800033,8.40193E-05,222,155,77,1536,1668,1070,0.000146205,0.00528581,0.00507319,0.115081,0,0.855923,0.0176829,5075,-8.98606021892698E-06,-9.013081417967032E-06,0.4221665208620611,10980.9,26643.3,145187,1.07229E+06,0,0,0,3.159
4000,7.635127880740588,5499,5,5512,13,5250,BlackHole,800033,8.40193E-05,222,156,77,1536,1668,1070,0.000146205,0.00528946,0.00507319,0.115081,0,0.855919,0.0176829,5074,-8.985538556938869E-06,-9.01255975597892E-06,0.4221665208620611,9493.22,26988.3,145193,1.07231E+06,0,0,0,3.160
5000,9.49917277349974,5499,5,5512,13,5250,BlackHole,800033,8.40193E-05,222,156,77,1536,1668,1070,0.000146205,0.00528946,0.00507319,0.115081,0,0.855919,0.0176829,5074,-8.986607811689417E-06,-9.013629010729469E-06,0.4221665208620611,10735.5,28051.3,145195,1.07224E+06,0,0,0,3.301
6000,11.363217666258894,5497,5,5512,15,5250,BlackHole,800033,8.40193E-05,222,157,77,1537,1668,1071,0.000146205,0.00549118,0.00507319,0.115446,0,0.855352,0.0176829,5072,-8.97555544562555E-06,-9.0025766446656E-06,0.4221665208620611,9451.21,29806.1,145196,1.07249E+06,0,0,0,3.262
7000,13.227262559018047,5494,5,5512,18,5250,BlackHole,800033,8.40193E-05,222,159,77,1538,1668,1072,0.000146205,0.00549891,0.00507319,0.115562,0,0.855229,0.0176829,5069,-8.97487103846835E-06,-9.001892237508402E-06,0.4221665208620611,10279.9,28991.2,143849,1.07256E+06,0,0,0,3.265
8000,15.091307451777201,5492,5,5512,20,5250,BlackHole,800033,8.40193E-05,222,160,77,1539,1668,1073,0.000146205,0.00558191,0.00507319,0.116072,0,0.854636,0.0176829,5067,-8.971342573414146E-06,-8.998363772454197E-06,0.4221665208620611,9415.96,26943.2,143805,1.0726E+06,0,0,0,3.320
9000,16.955352344536355,5490,5,5512,22,5250,BlackHole,800033,8.40193E-05,222,161,77,1540,1668,1074,0.000146205,0.00601016,0.00507319,0.116331,0,0.853949,0.0176829,5065,-8.962216956184671E-06,-8.989238155224723E-06,0.4221665208620611,9203.48,26721.3,144348,1.07271E+06,0,0,0,3.293
10000,18.819397237295508,5487,5,5512,25,5250,BlackHole,800033,8.40193E-05,222,162,77,1542,1668,1076,0.000146205,0.00651157,0.00507319,0.116791,0,0.852988,0.0176829,5062,-8.951852072069012E-06,-8.978873271109064E-06,0.4221665208620611,9387.06,27561.6,143897,1.07333E+06,0,0,0,3.242
11000,20.68344213005466,5482,5,5512,30,5250,BlackHole,800033,8.40193E-05,222,164,77,1545,1668,1079,0.000146205,0.0072979,0.00507319,0.117472,0,0.85152,0.0176829,5057,-8.932580102610603E-06,-8.959601301650654E-06,0.4221665208620611,9788.65,28976.1,143356,1.07339E+06,0,0,0,3.218
12000,22.547487022813815,5481,5,5512,31,5250,BlackHole,800033,8.40193E-05,222,164,77,1546,1668,1080,0.000146205,0.0072979,0.00507319,0.11763,0,0.851362,0.0176829,5056,-8.931324376913398E-06,-8.95834557595345E-06,0.4221665208620611,9364.09,30466.5,143350,1.07317E+06,0,0,0,3.183
13000,24.41153191557297,5475,5,5512,37,5250,BlackHole,800033,8.40193E-05,222,167,77,1549,1668,1083,0.000146205,0.00759798,0.00507319,0.118696,0,0.849996,0.0176829,5050,-8.923084926411073E-06,-8.950106125451125E-06,0.4221665208620611,9574.36,27618.3,143345,1.0731E+06,0,0,0,3.214
14000,26.275576808332122,5470,5,5512,42,5250,BlackHole,800033,8.40193E-05,222,168,77,1553,1668,1087,0.000146205,0.00776695,0.00507319,0.118966,0,0.849557,0.0176829,5045,-8.916803348146578E-06,-8.94382454718663E-06,0.4221665208620611,9346.63,26612.8,141166,1.07316E+06,0,0,0,3.189
15000,28.139621701091276,5470,5,5512,42,5250,BlackHole,800033,8.40193E-05,222,168,77,1553,1668,1087,0.000146205,0.00776695,0.00507319,0.118966,0,0.849557,0.0176829,5045,-8.91544038739593E-06,-8.942461586435981E-06,0.4221665208620611,9341.33,27153.9,141167,1.07303E+06,0,0,0,3.192
16000,30.00366659385043,5468,5,5512,44,5250,BlackHole,800033,8.40193E-05,222,168,77,1555,1668,1089,0.000146205,0.00776695,0.00507319,0.119514,0,0.849009,0.0176829,5043,-8.909456412931773E-06,-8.936477611971825E-06,0.4221665208620611,9208.81,28098.7,141168,1.07312E+06,0,0,0,3.207
17000,31.867711486609583,5465,5,5512,47,5250,BlackHole,800033,8.40193E-05,222,170,77,1556,1668,1090,0.000146205,0.0081024,0.00507319,0.119635,0,0.848552,0.0176829,5040,-8.904210477826362E-06,-8.931231676866413E-06,0.4221665208620611,9062.76,28710.4,141170,1.07328E+06,0,0,0,3.194
18000,33.731756379365436,5463,5,5512,49,5250,BlackHole,800033,8.40193E-05,222,170,77,1558,1668,1092,0.000146205,0.0081024,0.00507319,0.120195,0,0.847992,0.0176829,5037,-8.900245714750675E-06,-8.927266913790726E-06,0.4221665208620611,8900.32,28639.2,141170,1.07349E+06,0,0,0,3.165
19000,35.59580127212104,5462,5,5512,50,5250,BlackHole,800033,8.40193E-05,222,170,77,1559,1668,1093,0.000146205,0.0081024,0.00507319,0.120199,0,0.847988,0.0176829,5037,-8.90032530826613E-06,-8.927346507306182E-06,0.4221665208620611,8724.22,26754.9,140597,1.07325E+06,0,0,0,3.192
20000,37.45984616487664,5456,5,5512,56,5250,BlackHole,800033,8.40193E-05,222,171,77,1564,1668,1098,0.000146205,0.00855895,0.00507319,0.12202,0,0.845711,0.0176829,5031,-8.885320448681112E-06,-8.912341647721163E-06,0.4221665208620611,8542.6,26833.7,140507,1.07304E+06,0,0,0,3.190
21000,39.32389105763224,5453,5,5512,59,5250,BlackHole,800033,8.40193E-05,222,172,77,1566,1668,1100,0.000146205,0.00856277,0.00507319,0.122313,0,0.845414,0.0176829,5028,-8.885988277252305E-06,-8.913009476292356E-06,0.4221665208620611,8378.23,27784.7,139775,1.07301E+06,0,0,0,3.208
22000,41.18793595038784,5452,5,5512,60,5250,BlackHole,800033,8.40193E-05,222,173,77,1566,1668,1100,0.000146205,0.00856662,0.00507319,0.122313,0,0.84541,0.0176829,5027,-8.883688511304847E-06,-8.910709710344898E-06,0.4221665208620611,8283.18,28091.4,140080,1.07297E+06,0,0,0,3.131
23000,43.05198084314344,5451,5,5512,61,5250,BlackHole,800033,8.40193E-05,222,173,77,1567,1668,1101,0.000146205,0.00856662,0.00507319,0.122478,0,0.845245,0.0176829,5026,-8.883184438672733E-06,-8.910205637712785E-06,0.4221665208620611,8284.92,28069.2,139756,1.0729E+06,0,0,0,3.280
24000,44.91602573589904,5446,5,5512,66,5250,BlackHole,800033,8.40193E-05,222,175,77,1570,1668,1104,0.000146205,0.00873136,0.00507319,0.122844,0,0.844714,0.0176829,5021,-8.879838633897433E-06,-8.906859832937484E-06,0.4221665208620611,8457.03,27244.5,139770,1.07289E+06,0,0,0,3.171
25000,46.78007062865464,5444,5,5512,68,5250,BlackHole,800033,8.40193E-05,222,176,77,1571,1668,1105,0.000146205,0.00890952,0.00507319,0.122878,0,0.844502,0.0176829,5019,-8.875239894624524E-06,-8.902261093664576E-06,0.4221665208620611,8966.15,26639.7,138543,1.07282E+06,0,0,0,3.198
26000,48.64411552141024,5443,5,5512,69,5250,BlackHole,800033,8.40193E-05,222,176,77,1572,1668,1106,0.000146205,0.00890952,0.00507319,0.122976,0,0.844404,0.0176829,5018,-8.872342690023948E-06,-8.899363889064E-06,0.4221665208620611,9331.02,27339.1,138569,1.0729E+06,0,0,0,3.169
27000,50.50816041416584,5438,5,5512,74,5250,BlackHole,800033,8.40193E-05,222,177,77,1576,1668,1110,0.000146205,0.00918724,0.00507319,0.124105,0,0.842997,0.0176829,5013,-8.866059248070342E-06,-8.893080447110393E-06,0.4221665208620611,10657.3,28616,138798,1.0729E+06,0,0,0,3.124
28000,52.372205306921444,5435,5,5512,77,5250,BlackHole,800033,8.40193E-05,222,179,77,1577,1668,1111,0.000146205,0.00919658,0.00507319,0.124109,0,0.842984,0.0176829,5010,-8.86447906339508E-06,-8.891500262435132E-06,0.4221665208620611,9198.8,29387,138342,1.07285E+06,0,0,0,3.106
29000,54.236250199677045,5431,5,5512,81,5250,BlackHole,800033,8.40193E-05,222,179,77,1581,1668,1115,0.000146205,0.00919658,0.00507319,0.125309,0,0.841784,0.0176829,5006,-8.857333391171957E-06,-8.884354590212009E-06,0.4221665208620611,10162.3,28110.9,138240,1.07273E+06,0,0,0,3.103
30000,56.100295092432646,5431,5,5512,81,5250,BlackHole,800033,8.40193E-05,222,179,77,1581,1668,1115,0.000146205,0.00919658,0.00507319,0.125309,0,0.841784,0.0176829,5006,-8.85784650269883E-06,-8.884867701738882E-06,0.4221665208620611,9323.96,26648.3,138190,1.07351E+06,0,0,0,3.138
31000,57.964339985188246,5429,5,5512,83,5250,BlackHole,800033,8.40193E-05,222,179,77,1583,1668,1117,0.000146205,0.00919658,0.00507319,0.125643,0,0.84145,0.0176829,5004,-8.856402276077195E-06,-8.883423475117246E-06,0.4221665208620611,9490.2,26974.4,138214,1.07332E+06,0,0,0,3.163
32000,59.82838487794385,5423,5,5512,89,5250,BlackHole,800033,8.40193E-05,222,183,77,1585,1668,1119,0.000146205,0.00949232,0.00507319,0.126414,0,0.840384,0.0176829,4998,-8.84706250966072E-06,-8.874083708700772E-06,0.4221665208620611,9322.97,28027.8,137100,1.07355E+06,0,0,0,3.105
33000,61.69242977069945,5422,5,5512,90,5250,BlackHole,800033,8.40193E-05,222,183,77,1586,1668,1120,0.000146205,0.00949232,0.00507319,0.126545,0,0.840252,0.0176829,4997,-8.846651930609775E-06,-8.873673129649826E-06,0.4221665208620611,9636.03,29765.2,137050,1.07292E+06,0,0,0,3.100
34000,63.55647466345505,5420,5,5512,92,5250,BlackHole,800033,8.40193E-05,222,183,77,1588,1668,1122,0.000146205,0.00949232,0.00507319,0.126598,0,0.840199,0.0176829,4995,-8.845905998462014E-06,-8.872927197502066E-06,0.4221665208620611,9323.55,29257.7,137085,1.0723E+06,0,0,0,3.188
35000,65.42051955621065,5418,5,5512,94,5250,BlackHole,800033,8.40193E-05,222,184,77,1589,1668,1123,0.000146205,0.0102607,0.00507319,0.127242,0,0.838787,0.0176829,4993,-8.828766272508109E-06,-8.85578747154816E-06,0.4221665208620611,10147.6,26960.6,136833,1.07228E+06,0,0,0,3.133
36000,67.28456444896625,5414,5,5512,98,5250,BlackHole,800033,8.40193E-05,222,185,77,1592,1668,1126,0.000146205,0.0104846,0.00507319,0.128264,0,0.837541,0.0176829,4989,-8.817625283371583E-06,-8.844646482411634E-06,0.4221665208620611,9322.67,26712.7,136822,1.07225E+06,0,0,0,3.090
37000,69.14860934172185,5408,5,5512,104,5250,BlackHole,800033,8.40193E-05,222,187,77,1596,1668,1130,0.000146205,0.010503,0.00507319,0.128779,0,0.837008,0.0176829,4983,-8.81378499833601E-06,-8.840806197376061E-06,0.4221665208620611,9897.96,27542.4,137966,1.0723E+06,0,0,0,3.105
38000,71.01265423447745,5405,5,5512,107,5250,BlackHole,800033,8.40193E-05,222,188,77,1598,1668,1132,0.000146205,0.0106962,0.00507319,0.128843,0,0.836751,0.0176829,4980,-8.812771756957875E-06,-8.839792955997926E-06,0.4221665208620611,9329.01,28538.2,138204,1.07229E+06,0,0,0,3.137
39000,72.87669912723305,5404,5,5512,108,5250,BlackHole,800033,8.40193E-05,222,188,77,1599,1668,1133,0.000146205,0.0106962,0.00507319,0.128864,0,0.83673,0.0176829,4979,-8.81187308574616E-06,-8.838894284786212E-06,0.4221665208620611,9244.71,29401.6,137096,1.07228E+06,0,0,0,3.124
40000,74.74074401998865,5401,5,5512,111,5250,BlackHole,800033,8.40193E-05,222,189,77,1601,1668,1135,0.000146205,0.0107001,0.00507319,0.12942,0,0.83617,0.0176829,4976,-8.808639375521151E-06,-8.835660574561203E-06,0.4221665208620611,9333.73,27649.3,137315,1.07224E+06,0,0,0,3.123
41000,76.60478891274425,5399,5,5512,113,5250,BlackHole,800033,8.40193E-05,222,189,77,1603,1668,1137,0.000146205,0.0107001,0.00507319,0.129587,0,0.836002,0.0176833,4971,-8.805986773573265E-06,-8.833007972613316E-06,0.4221665208620611,9462.49,26612.9,138515,1.07218E+06,0,0,0,3.114
42000,78.46883380549986,5397,5,5512,115,5250,BlackHole,800033,8.40193E-05,222,190,77,1604,1668,1138,0.000146205,0.0108354,0.00507319,0.130005,0,0.835449,0.0176829,4972,-8.798764647431584E-06,-8.825785846471636E-06,0.4221665208620611,9339.65,27138.2,136826,1.0721E+06,0,0,0,3.115
43000,80.33287869825546,5397,5,5512,115,5250,BlackHole,800033,8.40193E-05,222,190,77,1604,1668,1138,0.000146205,0.0108354,0.00507319,0.130005,0,0.835449,0.0176829,4972,-8.800538524886489E-06,-8.82755972392654E-06,0.4221665208620611,9210.2,28239.8,137075,1.07192E+06,0,0,0,3.051
44000,82.19692359101106,5389,5,5512,123,5250,BlackHole,800033,8.40193E-05,222,193,77,1609,1668,1143,0.000146205,0.0115163,0.00507319,0.131088,0,0.833686,0.0176829,4964,-8.782278739961849E-06,-8.8092999390019E-06,0.4221665208620611,9064.28,28002.1,136813,1.07197E+06,0,0,0,3.042
45000,84.06096848376666,5385,5,5512,127,5250,BlackHole,800033,8.40193E-05,222,194,77,1612,1668,1146,0.000146205,0.0118746,0.00507319,0.131678,0,0.832737,0.0176829,4959,-8.77518219666559E-06,-8.802203395705641E-06,0.4221665208620611,8902.03,28484,136578,1.0717E+06,0,0,0,3.061
46000,85.92501337652226,5381,5,5512,131,5250,BlackHole,800033,8.40193E-05,222,196,77,1614,1668,1148,0.000146205,0.0119511,0.00507319,0.131988,0,0.832351,0.0176829,4955,-8.771483619506026E-06,-8.798504818546077E-06,0.4221665208620611,8726.01,26765.8,136714,1.07189E+06,0,0,0,3.110
47000,87.78905826927786,5380,5,5512,132,5250,BlackHole,800033,8.40193E-05,222,196,77,1615,1668,1149,0.000146205,0.0119511,0.00507319,0.131992,0,0.832347,0.0176829,4955,-8.772283520685777E-06,-8.799304719725828E-06,0.4221665208620611,8544.39,26822.3,136584,1.0719E+06,0,0,0,3.062
48000,89.65310316203346,5378,5,5512,134,5250,BlackHole,800033,8.40193E-05,222,197,77,1616,1668,1150,0.000146205,0.0124644,0.00507319,0.132585,0,0.83124,0.0176829,4953,-8.761515109770705E-06,-8.788536308810756E-06,0.4221665208620611,8379.63,27764,136712,1.07202E+06,0,0,0,3.165
49000,91.51714805478906,5375,5,5512,137,5250,BlackHole,800033,8.40193E-05,222,198,77,1618,1668,1152,0.000146205,0.0126196,0.00507319,0.13274,0,0.83093,0.0176829,4950,-8.757208681488088E-06,-8.784229880528139E-06,0.4221665208620611,8283.54,29311.9,136572,1.07223E+06,0,0,0,3.152
50000,93.38119294754466,5368,5,5512,144,5250,BlackHole,800033,8.40193E-05,222,200,77,1623,1668,1157,0.000146205,0.0133625,0.00507319,0.133601,0,0.829326,0.0176829,4943,-8.738758879318748E-06,-8.7657800783588E-06,0.4221665208620611,8291.68,28304.6,136708,1.07196E+06,0,0,0,3.153
51000,95.24523784030026,5366,5,5512,146,5250,BlackHole,800033,8.40193E-05,222,200,77,1625,1668,1159,0.000146205,0.0133625,0.00507319,0.133992,0,0.828936,0.0176829,4940,-8.738127579708381E-06,-8.765148778748432E-06,0.4221665208620611,8313.68,27269.3,136813,1.07205E+06,0,0,0,3.079
52000,97.10928273305586,5365,5,5512,147,5250,BlackHole,800033,8.40193E-05,222,200,77,1626,1668,1160,0.000146205,0.0133625,0.00507319,0.134759,0,0.828168,0.0176829,4939,-8.734022091053457E-06,-8.761043290093508E-06,0.4221665208620611,8588.75,26635.2,136494,1.07145E+06,0,0,0,3.047
53000,98.97332762581146,5361,5,5512,151,5250,BlackHole,800033,8.40193E-05,222,202,77,1628,1668,1162,0.000146205,0.0134706,0.00507319,0.135805,0,0.827014,0.0176829,4936,-8.72617556440125E-06,-8.753196763441302E-06,0.4221665208620611,9228.4,27321.3,136567,1.07225E+06,0,0,0,3.021
54000,100.83737251856707,5359,5,5512,153,5250,BlackHole,800033,8.40193E-05,222,202,77,1630,1668,1164,0.000146205,0.0134706,0.00507319,0.136461,0,0.826358,0.0176829,4934,-8.722305223493297E-06,-8.749326422533348E-06,0.4221665208620611,9396.29,28587.1,136484,1.07194E+06,0,0,0,2.973
55000,102.70141741132267,5357,5,5512,155,5250,BlackHole,800033,8.40193E-05,222,203,77,1631,1668,1165,0.000146205,0.0134824,0.00507319,0.136663,0,0.826145,0.0176829,4932,-8.71969704967132E-06,-8.746718248711372E-06,0.4221665208620611,9370.08,30767.9,136809,1.07232E+06,0,0,0,3.007
56000,104.56546230407827,5355,5,5512,157,5250,BlackHole,800033,8.40193E-05,222,203,77,1633,1668,1167,0.000146205,0.0134824,0.00507319,0.137444,0,0.825363,0.0176829,4930,-8.716121706491936E-06,-8.743142905531988E-06,0.4221665208620611,9408.59,28147,136701,1.07221E+06,0,0,0,2.994
57000,106.42950719683387,5352,5,5512,160,5250,BlackHole,800033,8.40193E-05,222,204,77,1635,1668,1169,0.000146205,0.0134866,0.00507319,0.138082,0,0.824721,0.0176829,4926,-8.711893748629989E-06,-8.73891494767004E-06,0.4221665208620611,10892.3,26653.8,136561,1.07209E+06,0,0,0,3.004
58000,108.29355208958947,5348,5,5512,164,5250,BlackHole,800033,8.40193E-05,222,205,77,1638,1668,1172,0.000146205,0.0135162,0.00507319,0.139222,0,0.823551,0.0176829,4923,-8.70369677135899E-06,-8.730717970399041E-06,0.4221665208620611,9201.91,26960.7,136455,1.07216E+06,0,0,0,2.968
59000,110.15759698234507,5345,5,5512,167,5250,BlackHole,800033,8.40193E-05,222,206,77,1640,1668,1174,0.000146205,0.0135515,0.00507319,0.140643,0,0.822095,0.0176829,4920,-8.694696220645119E-06,-8.72171741968517E-06,0.4221665208620611,10441.6,28005.5,136484,1.07198E+06,0,0,0,2.966
60000,112.02164187510067,5341,5,5512,171,5250,BlackHole,800033,8.40193E-05,222,208,77,1642,1668,1176,0.000146205,0.0136904,0.00507319,0.141028,0,0.821572,0.0176829,4916,-8.690753315927289E-06,-8.71777451496734E-06,0.4221665208620611,9435.09,29173.8,136067,1.07155E+06,0,0,0,2.969
61000,113.88568676785627,5338,5,5512,174,5250,BlackHole,800033,8.40193E-05,222,208,77,1645,1668,1179,0.000146205,0.0136904,0.00507319,0.14121,0,0.82139,0.0176829,4913,-8.690740666596555E-06,-8.717761865636606E-06,0.4221665208620611,9582.83,29301.2,136229,1.07087E+06,0,0,0,2.986
62000,115.74973166061187,5338,5,5512,174,5250,BlackHole,800033,8.40193E-05,222,208,77,1645,1668,1179,0.000146205,0.0136904,0.00507319,0.14121,0,0.82139,0.0176829,4912,-8.689729024586568E-06,-8.71675022362662E-06,0.4221665208620611,9449.17,26979.1,136197,1.07111E+06,0,0,0,2.989
63000,117.61377655336747,5335,5,5512,177,5250,BlackHole,800033,8.40193E-05,222,208,141,1648,1668,1182,0.000146205,0.0136904,0.00507319,0.141801,0,0.820798,0.0176829,4910,-8.688129735969903E-06,-8.715150935009954E-06,0.4221665208620611,9434.84,26704.6,136237,1.07099E+06,0,0,0,2.977
64000,119.47782144612307,5333,5,5512,179,5250,BlackHole,800033,8.40193E-05,222,209,141,1649,1668,1183,0.000146205,0.0136941,0.00507319,0.141964,0,0.820631,0.0176829,4908,-8.686864929077639E-06,-8.71388612811769E-06,0.4221665208620611,9463.74,27522.8,135701,1.07083E+06,0,0,0,2.987
65000,121.34186633887867,5329,5,5512,183,5250,BlackHole,800033,8.40193E-05,222,209,141,1653,1668,1187,0.000146205,0.0136941,0.00507319,0.142044,0,0.820552,0.0176829,4904,-8.685824057878439E-06,-8.71284525691849E-06,0.4221665208620611,9790.77,27972.5,135681,1.07124E+06,0,0,0,2.966
66000,123.20591123163427,5323,5,5512,189,5250,BlackHole,800033,8.40193E-05,222,209,141,1659,1668,1193,0.000146205,0.0136941,0.00507319,0.143218,0,0.819378,0.0176829,4898,-8.680372826709863E-06,-8.707394025749914E-06,0.4221665208620611,9194.85,28334.2,135117,1.07077E+06,0,0,0,2.950
67000,125.06995612438988,5322,5,5512,190,5250,BlackHole,800033,8.40193E-05,222,209,141,1660,1668,1194,0.000146205,0.0136941,0.00507319,0.143221,0,0.819375,0.0176829,4897,-8.679155085870498E-06,-8.706176284910549E-06,0.4221665208620611,9576.51,27679.9,134906,1.0707E+06,0,0,0,2.965
68000,126.93400101714548,5322,5,5512,190,5250,BlackHole,800033,8.40193E-05,222,209,141,1660,1668,1194,0.000146205,0.0136941,0.00507319,0.143221,0,0.819375,0.0176829,4897,-8.67961966772935E-06,-8.706640866769401E-06,0.4221665208620611,9463.65,26613.3,135211,1.07064E+06,0,0,0,2.998
69000,128.79804590990108,5321,5,5512,191,5250,BlackHole,800033,8.40193E-05,222,209,141,1661,1668,1195,0.000146205,0.0136941,0.00507319,0.143529,0,0.819067,0.0176829,4896,-8.67748427598968E-06,-8.70450547502973E-06,0.4221665208620611,9309.91,27122.6,135151,1.07096E+06,0,0,0,3.055
70000,130.66209080265668,5319,5,5512,193,5250,BlackHole,800033,8.40193E-05,222,210,141,1662,1668,1196,0.000146205,0.0137584,0.00507319,0.143593,0,0.818939,0.0176829,4894,-8.675016148635735E-06,-8.702037347675787E-06,0.4221665208620611,9211.59,28268.5,135138,1.07106E+06,0,0,0,3.043
71000,132.52613569541228,5316,5,5512,196,5250,BlackHole,800033,8.40193E-05,222,211,141,1664,1668,1198,0.000146205,0.0141901,0.00507319,0.144194,0,0.817906,0.0176829,4891,-8.66189297111508E-06,-8.688914170155132E-06,0.4221665208620611,9065.8,28541.5,135134,1.0708E+06,0,0,0,3.030
72000,134.39018058816788,5315,5,5512,197,5250,BlackHole,800033,8.40193E-05,222,211,141,1665,1668,1199,0.000146205,0.0141901,0.00507319,0.144197,0,0.817902,0.0176829,4890,-8.660679518757035E-06,-8.687700717797087E-06,0.4221665208620611,8903.73,27972,135133,1.07093E+06,0,0,0,3.013
73000,136.25422548092348,5311,5,5512,201,5250,BlackHole,800033,8.40193E-05,222,212,141,1668,1668,1202,0.000146205,0.0141939,0.00507319,0.1452,0,0.816896,0.0176829,4886,-8.649143842578402E-06,-8.676165041618453E-06,0.4221665208620611,8727.8,26777.3,133210,1.07135E+06,0,0,0,2.960
74000,138.11827037367908,5308,5,5512,204,5250,BlackHole,800033,8.40193E-05,222,214,141,1669,1668,1203,0.000146205,0.0144081,0.00507319,0.145555,0,0.816327,0.0176829,4883,-8.640412098146982E-06,-8.667433297187034E-06,0.4221665208620611,8546.17,26810.8,133223,1.07118E+06,0,0,0,3.006
75000,139.98231526643468,5308,5,5512,204,5250,BlackHole,800033,8.40193E-05,222,214,141,1669,1668,1203,0.000146205,0.0144081,0.00507319,0.145555,0,0.816327,0.0176829,4883,-8.640986271010078E-06,-8.66800747005013E-06,0.4221665208620611,8381.04,27742.6,132994,1.07098E+06,0,0,0,2.993
76000,141.84636015919028,5307,5,5512,205,5250,BlackHole,800033,8.40193E-05,222,215,141,1669,1668,1203,0.000146205,0.0144131,0.00507319,0.145555,0,0.816322,0.0176829,4882,-8.6405783989899E-06,-8.667599598029952E-06,0.4221665208620611,8283.92,29275.9,133203,1.07144E+06,0,0,0,2.970
77000,143.71040505194588,5306,5,5512,206,5250,BlackHole,800033,8.40193E-05,222,216,141,1669,1668,1203,0.000146205,0.0144272,0.00507319,0.145555,0,0.816308,0.0176829,4881,-8.640997527542796E-06,-8.668018726582848E-06,0.4221665208620611,8340.85,29947,133213,1.07151E+06,0,0,0,2.947
78000,145.57444994470148,5305,5,5512,207,5250,BlackHole,800033,8.40193E-05,222,216,141,1670,1668,1204,0.000146205,0.0144272,0.00507319,0.145564,0,0.816299,0.0176829,4880,-8.64138684008559E-06,-8.668408039125641E-06,0.4221665208620611,8279.48,27294.1,133301,1.07132E+06,0,0,0,2.965
79000,147.43849483745709,5305,5,5512,207,5250,BlackHole,800033,8.40193E-05,222,216,141,1670,1668,1204,0.000146205,0.0144272,0.00507319,0.145564,0,0.816299,0.0176829,4880,-8.641615179687089E-06,-8.66863637872714E-06,0.4221665208620611,8372.01,26631.1,133186,1.07144E+06,0,0,0,2.968
80000,149.3025397302127,5301,5,5512,211,5250,BlackHole,800033,8.40193E-05,222,217,141,1673,1668,1207,0.000146205,0.0147388,0.00507319,0.146605,0,0.814946,0.0176829,4876,-8.629696299222207E-06,-8.656717498262259E-06,0.4221665208620611,8764.6,27304.4,132986,1.07061E+06,0,0,0,2.931
81000,151.1665846229683,5295,5,5512,217,5250,BlackHole,800033,8.40193E-05,222,219,141,1677,1668,1211,0.000146205,0.0148384,0.00507319,0.147696,0,0.813755,0.0176829,4870,-8.620935198870237E-06,-8.647956397910289E-06,0.4221665208620611,9534.14,28559,132978,1.07072E+06,0,0,0,2.924
82000,153.0306295157239,5293,5,5512,219,5250,BlackHole,800033,8.40193E-05,222,220,141,1678,1668,1212,0.000146205,0.0151312,0.00507319,0.147764,0,0.813394,0.0176829,4868,-8.618666718216042E-06,-8.645687917256094E-06,0.4221665208620611,9609.75,30012.4,132525,1.07035E+06,0,0,0,2.970
83000,154.8946744084795,5291,5,5512,221,5250,BlackHole,800033,8.40193E-05,222,221,141,1679,1668,1213,0.000146205,0.0151369,0.00507319,0.147768,0,0.813385,0.0176829,4866,-8.618348237285604E-06,-8.645369436325655E-06,0.4221665208620611,9953.41,28184,132522,1.07043E+06,0,0,0,2.968
84000,156.7587193012351,5287,5,5512,225,5250,BlackHole,800033,8.40193E-05,222,222,141,1682,1668,1216,0.000146205,0.0152299,0.00507319,0.148717,0,0.812343,0.0176829,4862,-8.612798093682384E-06,-8.639819292722435E-06,0.4221665208620611,9627,26659.3,132515,1.07043E+06,0,0,0,2.959
85000,158.6227641939907,5286,5,5512,226,5250,BlackHole,800033,8.40193E-05,222,223,141,1682,1668,1216,0.000146205,0.0152651,0.00507319,0.148717,0,0.812308,0.0176829,4861,-8.610448554702708E-06,-8.63746975374276E-06,0.4221665208620611,9197.25,26947.3,132505,1.07068E+06,0,0,0,2.973
86000,160.4868090867463,5282,5,5512,230,5250,BlackHole,800033,8.40193E-05,222,225,141,1684,1668,1218,0.000146205,0.0153173,0.00507319,0.148815,0,0.812158,0.0176829,4857,-8.611017452285276E-06,-8.638038651325327E-06,0.4221665208620611,9454.83,27982,132467,1.07075E+06,0,0,0,2.967
87000,162.3508539795019,5279,5,5512,233,5250,BlackHole,800033,8.40193E-05,222,227,141,1685,1668,1219,0.000146205,0.015948,0.00507319,0.14902,0,0.811322,0.0176829,4854,-8.590781705786033E-06,-8.617802904826084E-06,0.4221665208620611,10496.7,28204.3,132474,1.07101E+06,0,0,0,2.986
88000,164.2148988722575,5279,5,5512,233,5250,BlackHole,800033,8.40193E-05,222,227,141,1685,1668,1219,0.000146205,0.015948,0.00507319,0.14902,0,0.811322,0.0176829,4854,-8.591427589269804E-06,-8.618448788309856E-06,0.4221665208620611,9241.24,28897.1,132575,1.07122E+06,0,0,0,2.977
89000,166.0789437650131,5278,5,5512,234,5250,BlackHole,800033,8.40193E-05,222,227,141,1686,1668,1220,0.000146205,0.015948,0.00507319,0.149199,0,0.811143,0.0176829,4853,-8.590890257612306E-06,-8.617911456652358E-06,0.4221665208620611,10150.4,26996.7,132533,1.07116E+06,0,0,0,2.966
90000,167.9429886577687,5278,5,5512,234,5250,BlackHole,800033,8.40193E-05,222,227,141,1686,1668,1220,0.000146205,0.015948,0.00507319,0.149199,0,0.811143,0.0176829,4853,-8.590346364172196E-06,-8.617367563212247E-06,0.4221665208620611,9679.35,26696.6,132523,1.07097E+06,0,0,0,2.991
91000,169.8070335505243,5276,5,5512,236,5250,BlackHole,800033,8.40193E-05,222,227,141,1688,1668,1222,0.000146205,0.015948,0.00507319,0.149644,0,0.810697,0.0176829,4851,-8.58967402566049E-06,-8.61669522470054E-06,0.4221665208620611,9676.05,27503.7,132572,1.07071E+06,0,0,0,2.992
92000,171.6710784432799,5274,5,5512,238,5250,BlackHole,800033,8.40193E-05,222,227,141,1690,1668,1224,0.000146205,0.015948,0.00507319,0.149713,0,0.810629,0.0176829,4849,-8.58865423254411E-06,-8.615675431584162E-06,0.4221665208620611,9696.93,28847.9,132464,1.07073E+06,0,0,0,2.983
93000,173.5351233360355,5272,5,5512,240,5250,BlackHole,800033,8.40193E-05,222,228,141,1691,1668,1225,0.000146205,0.0160203,0.00507319,0.149723,0,0.810546,0.0176829,4847,-8.586598178986278E-06,-8.613619378026329E-06,0.4221665208620611,9492.45,28000.7,132456,1.07043E+06,0,0,0,2.942
94000,175.3991682287911,5270,5,5512,242,5250,BlackHole,800033,8.40193E-05,222,229,141,1692,1668,1226,0.000146205,0.0160507,0.00507319,0.149731,0,0.810508,0.0176829,4845,-8.585692555435726E-06,-8.612713754475777E-06,0.4221665208620611,9577.58,27713,132454,1.07061E+06,0,0,0,2.959
95000,177.2632131215467,5270,5,5512,242,5250,BlackHole,800033,8.40193E-05,222,229,141,1692,1668,1226,0.000146205,0.0160507,0.00507319,0.149731,0,0.810508,0.0176829,4845,-8.586347903099808E-06,-8.613369102139859E-06,0.4221665208620611,9447.01,26614.1,132437,1.07057E+06,0,0,0,2.987
96000,179.1272580143023,5268,5,5512,244,5250,BlackHole,800033,8.40193E-05,222,229,141,1694,1668,1228,0.000146205,0.0160507,0.00507319,0.149783,0,0.810456,0.0176829,4843,-8.58735070865037E-06,-8.61437190769042E-06,0.4221665208620611,9256.3,27106.5,132332,1.07043E+06,0,0,0,2.971
97000,180.9913029070579,5264,5,5512,248,5250,BlackHole,800033,8.40193E-05,222,231,141,1696,1668,1230,0.000146205,0.0166279,0.00507319,0.150022,0,0.80964,0.0176829,4839,-8.581006649926418E-06,-8.60802784896647E-06,0.4221665208620611,9212.98,28243.3,129962,1.07033E+06,0,0,0,2.921
98000,182.8553477998135,5259,5,5512,253,5250,BlackHole,800033,8.40193E-05,222,234,141,1698,1668,1232,0.000146205,0.0170403,0.00507319,0.150446,0,0.808804,0.0176829,4834,-8.566179988093906E-06,-8.593201187133958E-06,0.4221665208620611,9067.32,30145.6,132459,1.07074E+06,0,0,0,2.893
99000,184.7193926925691,5256,5,5512,256,5250,BlackHole,800033,8.40193E-05,222,234,141,1701,1668,1235,0.000146205,0.0170403,0.00507319,0.150504,0,0.808745,0.0176829,4831,-8.567232009476519E-06,-8.59425320851657E-06,0.4221665208620611,8905.42,28761.9,132454,1.0705E+06,0,0,0,2.999
100000,186.5834375853247,5253,5,5512,259,5250,BlackHole,800033,8.40193E-05,222,234,141,1704,1668,1238,0.000146205,0.0170403,0.00507319,0.151108,0,0.808141,0.0176829,4828,-8.556596901983835E-06,-8.583618101023886E-06,0.4221665208620611,8729.59,26789.8,130307,1.07048E+06,0,0,0,3.026
101000,188.4474824780803,5253,5,5512,259,5250,BlackHole,800033,8.40193E-05,222,234,141,1704,1668,1238,0.000146205,0.0170403,0.00507319,0.151108,0,0.808141,0.0176829,4828,-8.556726593567017E-06,-8.583747792607068E-06,0.4221665208620611,8547.96,26800.3,130304,1.07046E+06,0,0,0,3.023
102000,190.3115273708359,5249,5,5512,263,5250,BlackHole,800033,8.40193E-05,222,237,141,1705,1668,1239,0.000146205,0.0170663,0.00507319,0.151113,0,0.808111,0.0176829,4824,-8.557070383157908E-06,-8.584091582197959E-06,0.4221665208620611,8382.45,27722.6,132486,1.07081E+06,0,0,0,2.976
103000,192.1755722635915,5248,5,5512,264,5250,BlackHole,800033,8.40193E-05,222,237,141,1706,1668,1240,0.000146205,0.0170663,0.00507319,0.151311,0,0.807913,0.0176829,4823,-8.555689990055992E-06,-8.582711189096043E-06,0.4221665208620611,8284.31,29241.7,132458,1.07065E+06,0,0,0,2.939
104000,194.0396171563471,5248,5,5512,264,5250,BlackHole,800033,8.40193E-05,222,237,141,1706,1668,1240,0.000146205,0.0170663,0.00507319,0.151311,0,0.807913,0.0176829,4823,-8.554447473506287E-06,-8.581468672546339E-06,0.4221665208620611,8339.1,29991.8,132447,1.07052E+06,0,0,0,2.950
105000,195.9036620491027,5247,5,5512,265,5250,BlackHole,800033,8.40193E-05,222,237,141,1707,1668,1241,0.000146205,0.0170663,0.00507319,0.151315,0,0.807909,0.0176829,4822,-8.555084313116042E-06,-8.582105512156094E-06,0.4221665208620611,8316.09,27320.2,132441,1.07054E+06,0,0,0,2.944
106000,197.7677069418583,5244,5,5512,268,5250,BlackHole,800033,8.40193E-05,222,239,141,1708,1668,1242,0.000146205,0.0171443,0.00507319,0.15145,0,0.807695,0.0176829,4819,-8.552512438437179E-06,-8.57953363747723E-06,0.4221665208620611,8286.29,26627.4,130270,1.07075E+06,0,0,0,2.913
107000,199.6317518346139,5240,5,5512,272,5250,BlackHole,800033,8.40193E-05,222,240,141,1711,1668,1245,0.000146205,0.0172711,0.00507319,0.153021,0,0.805997,0.0176829,4815,-8.532775900538611E-06,-8.559797099578663E-06,0.4221665208620611,8466.1,27286.5,130163,1.07136E+06,0,0,0,2.935
108000,201.4957967273695,5236,5,5512,276,5250,BlackHole,800033,8.40193E-05,222,241,141,1714,1668,1248,0.000146205,0.0172711,0.00507319,0.154476,0,0.804543,0.0176829,4811,-8.524969073733716E-06,-8.551990272773767E-06,0.4221665208620611,8985.68,28097.9,132452,1.07111E+06,0,0,0,2.956
109000,203.3598416201251,5235,5,5512,277,5250,BlackHole,800033,8.40193E-05,222,241,141,1715,1668,1249,0.000146205,0.0172711,0.00507319,0.154486,0,0.804533,0.0176829,4810,-8.523920129152924E-06,-8.550941328192975E-06,0.4221665208620611,9504.53,28708.9,132446,1.07104E+06,0,0,0,2.962
110000,205.2238865128807,5234,5,5512,278,5250,BlackHole,800033,8.40193E-05,222,241,141,1716,1668,1250,0.000146205,0.0172711,0.00507319,0.15522,0,0.803799,0.0176829,4809,-8.521678768381068E-06,-8.548699967421119E-06,0.4221665208620611,9576.85,28222.6,130301,1.07084E+06,0,0,0,3.005
111000,207.0879314056363,5234,5,5512,278,5250,BlackHole,800033,8.40193E-05,222,241,141,1716,1668,1250,0.000146205,0.0172711,0.00507319,0.15522,0,0.803799,0.0176829,4809,-8.5203754070634E-06,-8.547396606103451E-06,0.4221665208620611,9524.27,26665.7,130293,1.07107E+06,0,0,0,3.012
112000,208.9519762983919,5232,5,5512,280,5250,BlackHole,800033,8.40193E-05,222,242,141,1717,1668,1251,0.000146205,0.0175167,0.00507319,0.155314,0,0.803459,0.0176829,4807,-8.517394664582904E-06,-8.544415863622955E-06,0.4221665208620611,9568.3,26934,130290,1.07089E+06,0,0,0,2.995
113000,210.8160211911475,5228,5,5512,284,5250,BlackHole,800033,8.40193E-05,222,245,141,1718,1668,1252,0.000146205,0.0182305,0.00507319,0.155327,0,0.802733,0.0176829,4803,-8.512119610966369E-06,-8.53914081000642E-06,0.4221665208620611,10035.5,27960.4,132452,1.07075E+06,0,0,0,3.008
114000,212.6800660839031,5227,5,5512,285,5250,BlackHole,800033,8.40193E-05,222,246,141,1718,1668,1252,0.000146205,0.0186072,0.00507319,0.155327,0,0.802356,0.0176829,4802,-8.502870546134783E-06,-8.529891745174835E-06,0.4221665208620611,9889.54,28084.3,132443,1.07134E+06,0,0,0,2.914
115000,214.54411097665871,5224,5,5512,288,5250,BlackHole,800033,8.40193E-05,222,247,141,1720,1668,1254,0.000146205,0.0187274,0.00507319,0.155955,0,0.801608,0.0176829,4799,-8.496514870513216E-06,-8.523536069553268E-06,0.4221665208620611,9255.38,28068.5,130283,1.07098E+06,0,0,0,2.997
116000,216.40815586941432,5220,5,5512,292,5250,BlackHole,800033,8.40193E-05,222,248,141,1723,1668,1257,0.000146205,0.0187482,0.00507319,0.15658,0,0.800961,0.0176829,4795,-8.493776674681645E-06,-8.520797873721697E-06,0.4221665208620611,9702.55,27016,130274,1.07085E+06,0,0,0,3.052
117000,218.27220076216992,5219,5,5512,293,5250,BlackHole,800033,8.40193E-05,222,248,141,1724,1668,1258,0.000146205,0.0187482,0.00507319,0.156603,0,0.800938,0.0176829,4794,-8.493506733700148E-06,-8.5205279327402E-06,0.4221665208620611,10021.1,26689,130241,1.07096E+06,0,0,0,3.016
118000,220.13624565492552,5216,5,5512,296,5250,BlackHole,800033,8.40193E-05,222,248,141,1727,1668,1261,0.000146205,0.0187482,0.00507319,0.156832,0,0.80071,0.0176829,4791,-8.49106302241526E-06,-8.51808422145531E-06,0.4221665208620611,9305.2,27484.7,129820,1.0713E+06,0,0,0,2.922
119000,222.00029054768112,5213,5,5512,299,5250,BlackHole,800033,8.40193E-05,222,248,141,1730,1668,1264,0.000146205,0.0187482,0.00507319,0.157145,0,0.800396,0.0176829,4788,-8.48960541598438E-06,-8.516626615024431E-06,0.4221665208620611,9792.88,28850.1,128329,1.07067E+06,0,0,0,3.005
120000,223.86433544043672,5213,5,5512,299,5250,BlackHole,800033,8.40193E-05,222,248,141,1730,1668,1264,0.000146205,0.0187482,0.00507319,0.157145,0,0.800396,0.0176829,4788,-8.489358486388142E-06,-8.516379685428193E-06,0.4221665208620611,9685.24,29356.2,128514,1.07053E+06,0,0,0,3.004
121000,225.72838033319232,5212,5,5512,300,5250,BlackHole,800033,8.40193E-05,222,248,141,1731,1668,1265,0.000146205,0.0187482,0.00507319,0.157453,0,0.800088,0.0176829,4787,-8.488193645102888E-06,-8.51521484414294E-06,0.4221665208620611,9578.65,27743.5,128497,1.07063E+06,0,0,0,2.976
122000,227.59242522594792,5211,5,5512,301,5250,BlackHole,800033,8.40193E-05,222,248,141,1732,1668,1266,0.000146205,0.0187482,0.00507319,0.157639,0,0.799903,0.0176829,4786,-8.484970169093186E-06,-8.511991368133237E-06,0.4221665208620611,9465.98,26615.4,128489,1.0707E+06,0,0,0,3.002
123000,229.45647011870352,5209,5,5512,303,5250,BlackHole,800033,8.40193E-05,222,249,141,1733,1668,1267,0.000146205,0.0192558,0.00507319,0.157811,0,0.799223,0.0176829,4784,-8.474050862854016E-06,-8.501072061894067E-06,0.4221665208620611,9218.34,27091.9,128482,1.07098E+06,0,0,0,2.951
124000,231.32051501145912,5204,5,5512,308,5250,BlackHole,800033,8.40193E-05,222,249,141,1738,1668,1272,0.000146205,0.0192558,0.00507319,0.158714,0,0.79832,0.0176829,4779,-8.468775909402044E-06,-8.495797108442095E-06,0.4221665208620611,9214.37,28218.9,125148,1.07099E+06,0,0,0,3.061
125000,233.18455990421472,5200,5,5512,312,5250,BlackHole,800033,8.40193E-05,222,250,141,1741,1668,1275,0.000146205,0.0195143,0.00507319,0.15981,0,0.796966,0.0176829,4775,-8.452681216040758E-06,-8.47970241508081E-06,0.4221665208620611,9068.83,30100.9,125126,1.07065E+06,0,0,0,3.020
126000,235.04860479697032,5199,5,5512,313,5250,BlackHole,800033,8.40193E-05,222,251,141,1741,1668,1275,0.000146205,0.0201856,0.00507319,0.15981,0,0.796295,0.0176829,4774,-8.434764694632205E-06,-8.461785893672257E-06,0.4221665208620611,8907.12,28803.4,125138,1.07144E+06,0,0,0,2.999
127000,236.91264968972592,5197,5,5512,315,5250,BlackHole,800033,8.40193E-05,222,251,141,1743,1668,1277,0.000146205,0.0201856,0.00507319,0.159861,0,0.796243,0.0176829,4772,-8.434322942613858E-06,-8.461344141653909E-06,0.4221665208620611,8731.38,26801.7,125070,1.07137E+06,0,0,0,3.178
128000,238.77669458248153,5193,5,5512,319,5250,BlackHole,800033,8.40193E-05,222,252,141,1746,1668,1280,0.000146205,0.0202019,0.00507319,0.160274,0,0.795814,0.0176829,4768,-8.431674139481664E-06,-8.458695338521715E-06,0.4221665208620611,8549.75,26789.6,125136,1.07143E+06,0,0,0,2.962
129000,240.64073947523713,5192,5,5512,320,5250,BlackHole,800033,8.40193E-05,222,252,141,1747,1668,1281,0.000146205,0.0202019,0.00507319,0.160908,0,0.79518,0.0176829,4767,-8.426958649185593E-06,-8.453979848225644E-06,0.4221665208620611,8383.87,27700.6,124986,1.07111E+06,0,0,0,2.953
130000,242.50478436799273,5189,5,5512,323,5250,BlackHole,800033,8.40193E-05,222,252,141,1750,1668,1284,0.000146205,0.0202019,0.00507319,0.161475,0,0.794612,0.0176829,4764,-8.42284656745267E-06,-8.449867766492721E-06,0.4221665208620611,8284.71,28536.3,125129,1.07137E+06,0,0,0,2.925
131000,244.36882926074833,5183,5,5512,329,5250,BlackHole,800033,8.40193E-05,222,252,141,1756,1668,1290,0.000146205,0.0202019,0.00507319,0.16254,0,0.793548,0.0176829,4758,-8.416283351789583E-06,-8.443304550829634E-06,0.4221665208620611,8337.39,29399.3,125143,1.07212E+06,0,0,0,2.915
132000,246.23287415350393,5180,5,5512,332,5250,BlackHole,800033,8.40193E-05,222,252,141,1759,1668,1293,0.000146205,0.0202019,0.00507319,0.163228,0,0.79286,0.0176829,4755,-8.409664938276144E-06,-8.436686137316196E-06,0.4221665208620611,8396.33,27345.7,124987,1.07228E+06,0,0,0,2.887
133000,248.09691904625953,5178,5,5512,334,5250,BlackHole,800033,8.40193E-05,222,253,141,1760,1668,1294,0.000146205,0.0202217,0.00507319,0.163231,0,0.792837,0.0176829,4753,-8.40846677222339E-06,-8.435487971263441E-06,0.4221665208620611,8290.09,26624.1,125001,1.07261E+06,0,0,0,2.892
134000,249.96096393901513,5176,5,5512,336,5250,BlackHole,800033,8.40193E-05,222,254,141,1761,1668,1295,0.000146205,0.0208082,0.00507319,0.163254,0,0.792228,0.0176829,4751,-8.393017943758783E-06,-8.420039142798834E-06,0.4221665208620611,8317.21,27270.2,125114,1.07239E+06,0,0,0,2.921
135000,251.82500883177073,5175,5,5512,337,5250,BlackHole,800033,8.40193E-05,222,254,141,1762,1668,1296,0.000146205,0.0208082,0.00507319,0.163751,0,0.791731,0.0176829,4750,-8.391145988399658E-06,-8.418167187439709E-06,0.4221665208620611,8601.28,28227.6,124988,1.07275E+06,0,0,0,3.014
136000,253.68905372452633,5170,5,5512,342,5250,BlackHole,800033,8.40193E-05,222,254,141,1767,1668,1301,0.000146205,0.0208082,0.00507319,0.166053,0,0.789429,0.0176829,4745,-8.371546822988714E-06,-8.398568022028766E-06,0.4221665208620611,9251.5,28002,124293,1.07228E+06,0,0,0,2.968
137000,255.55309861728193,5168,5,5512,344,5250,BlackHole,800033,8.40193E-05,222,254,141,1769,1668,1303,0.000146205,0.0208082,0.00507319,0.166939,0,0.788542,0.0176829,4743,-8.366912183528415E-06,-8.393933382568466E-06,0.4221665208620611,9237.87,28260.6,124308,1.07224E+06,0,0,0,2.914
138000,257.41714351005913,5162,5,5512,350,5250,BlackHole,800033,8.40193E-05,222,255,141,1774,1668,1308,0.000146205,0.020812,0.00507319,0.16896,0,0.786518,0.0176829,4737,-8.34958639454924E-06,-8.376607593589291E-06,0.4221665208620611,10088,26671.9,120424,1.07214E+06,0,0,0,2.940
139000,259.28118840284316,5160,5,5512,352,5250,BlackHole,800033,8.40193E-05,222,257,141,1774,1668,1308,0.000146205,0.0210072,0.00507319,0.16896,0,0.786323,0.0176829,4735,-8.345357841629946E-06,-8.372379040669998E-06,0.4221665208620611,9793.06,26920.8,120451,1.07232E+06,0,0,0,2.978
140000,261.1452332956272,5157,5,5512,355,5250,BlackHole,800033,8.40193E-05,222,259,141,1775,1668,1309,0.000146205,0.0211396,0.00507319,0.168963,0,0.786187,0.0176829,4732,-8.344124042205205E-06,-8.371145241245256E-06,0.4221665208620611,9670.1,27936.2,120463,1.07251E+06,0,0,0,2.906
141000,263.0092781884112,5154,5,5512,358,5250,BlackHole,800033,8.40193E-05,222,260,141,1777,1668,1311,0.000146205,0.0211443,0.00507319,0.169475,0,0.78567,0.0176829,4729,-8.342528824422385E-06,-8.369550023462437E-06,0.4221665208620611,9459.44,29605.8,120310,1.07253E+06,0,0,0,2.948
142000,264.8733230811952,5151,5,5512,361,5250,BlackHole,800033,8.40193E-05,222,261,141,1779,1668,1313,0.000146205,0.0211482,0.00507319,0.170206,0,0.784936,0.0176829,4726,-8.33693891957482E-06,-8.36396011861487E-06,0.4221665208620611,9238.16,28289.1,120286,1.07248E+06,0,0,0,3.017
143000,266.73736797397925,5149,5,5512,363,5250,BlackHole,800033,8.40193E-05,222,262,141,1780,1668,1314,0.000146205,0.0211518,0.00507319,0.170515,0,0.784623,0.0176829,4724,-8.33286071187209E-06,-8.359881910912141E-06,0.4221665208620611,9970.79,27035.5,120310,1.07259E+06,0,0,0,3.077
144000,268.60141286676327,5148,5,5512,364,5250,BlackHole,800033,8.40193E-05,222,262,141,1781,1668,1315,0.000146205,0.0211518,0.00507319,0.170616,0,0.784522,0.0176829,4722,-8.331746731813496E-06,-8.358767930853547E-06,0.4221665208620611,10022.3,26681.8,120477,1.07291E+06,0,0,0,3.000
145000,270.4654577595473,5146,5,5512,366,5250,BlackHole,800033,8.40193E-05,222,263,141,1782,1668,1316,0.000146205,0.0211981,0.00507319,0.17062,0,0.784472,0.0176829,4721,-8.33088638347702E-06,-8.357907582517071E-06,0.4221665208620611,9261.95,27467,120310,1.07254E+06,0,0,0,2.926
146000,272.3295026523313,5145,5,5512,367,5250,BlackHole,800033,8.40193E-05,222,264,141,1782,1668,1316,0.000146205,0.0212524,0.00507319,0.17062,0,0.784418,0.0176829,4720,-8.329702486602264E-06,-8.356723685642315E-06,0.4221665208620611,9793.94,28820.4,120285,1.07305E+06,0,0,0,2.947
147000,274.19354754511534,5206,5,5512,306,5250,BlackHole,800033,8.40193E-05,222,265,141,1784,1732,1317,0.000146205,0.0212565,0.00507319,0.170933,0,0.7841,0.0176829,4717,-8.324923848332828E-06,-8.35194504737288E-06,0.4221665208620611,9686.31,30684.5,117272,1.0731E+06,0,0,0,2.931
148000,276.05759243789936,5205,5,5512,307,5250,BlackHole,800033,8.40193E-05,222,265,141,1785,1732,1318,0.000146205,0.0212565,0.00507319,0.171637,0,0.783397,0.0176829,4780,-8.321347990932774E-06,-8.348369189972825E-06,0.4221665208620611,9384.61,27777.5,130254,1.083E+06,0,0,0,3.030
149000,277.9216373306834,5203,5,5512,309,5250,BlackHole,800033,8.40193E-05,222,266,141,1786,1732,1319,0.000146205,0.0212616,0.00507319,0.171987,0,0.783041,0.0176829,4778,-8.316107628401877E-06,-8.343128827441929E-06,0.4221665208620611,9467.14,26616.7,128449,1.08293E+06,0,0,0,2.999
150000,279.7856822234674,5199,5,5512,313,5250,BlackHole,800033,8.40193E-05,222,268,141,1788,1732,1321,0.000146205,0.0213014,0.00507319,0.172472,0,0.782516,0.0176829,4774,-8.313632028947609E-06,-8.34065322798766E-06,0.4221665208620611,9347.5,27076.8,128096,1.08304E+06,0,0,0,2.989
151000,281.6497271162514,5196,5,5512,316,5250,BlackHole,800033,8.40193E-05,222,268,141,1791,1732,1324,0.000146205,0.0213014,0.00507319,0.173615,0,0.781373,0.0176829,4771,-8.301623349400045E-06,-8.328644548440097E-06,0.4221665208620611,9215.76,28193.5,128489,1.08262E+06,0,0,0,3.036
152000,283.51377200903545,5191,5,5512,321,5250,BlackHole,800033,8.40193E-05,222,269,141,1795,1732,1328,0.000146205,0.0213054,0.00507319,0.174967,0,0.780017,0.0176829,4766,-8.286181241398837E-06,-8.313202440438888E-06,0.4221665208620611,9070.34,29171.6,125248,1.08315E+06,0,0,0,2.936
153000,285.3778169018195,5190,5,5512,322,5250,BlackHole,800033,8.40193E-05,222,270,141,1795,1732,1328,0.000146205,0.0213104,0.00507319,0.174967,0,0.780012,0.0176829,4765,-8.28629858579454E-06,-8.313319784834592E-06,0.4221665208620611,8908.82,28845.1,125136,1.08271E+06,0,0,0,2.999
154000,287.2418617946035,5187,5,5512,325,5250,BlackHole,800033,8.40193E-05,222,270,141,1798,1732,1331,0.000146205,0.0213104,0.00507319,0.175676,0,0.779304,0.0176829,4762,-8.283301472175083E-06,-8.310322671215134E-06,0.4221665208620611,8733.16,26814.6,125104,1.08271E+06,0,0,0,2.947
155000,289.1059066873875,5183,5,5512,329,5250,BlackHole,800033,8.40193E-05,222,272,141,1800,1732,1333,0.000146205,0.0217609,0.00507319,0.175897,0,0.778632,0.0176829,4758,-8.274363479925175E-06,-8.301384678965227E-06,0.4221665208620611,8551.55,26779.2,125123,1.08284E+06,0,0,0,3.048
156000,290.96995158017154,5182,5,5512,330,5250,BlackHole,800033,8.40193E-05,222,273,141,1800,1732,1333,0.000146205,0.021769,0.00507319,0.175897,0,0.778624,0.0176829,4757,-8.272565255532592E-06,-8.299586454572643E-06,0.4221665208620611,8385.3,27682,124979,1.08267E+06,0,0,0,3.012
157000,292.83399647295556,5182,5,5512,330,5250,BlackHole,800033,8.40193E-05,222,273,141,1800,1732,1333,0.000146205,0.021769,0.00507319,0.175897,0,0.778624,0.0176829,4757,-8.273384607679436E-06,-8.300405806719488E-06,0.4221665208620611,8285.14,27972.5,124990,1.08334E+06,0,0,0,2.999
158000,294.6980413657396,5179,5,5512,333,5250,BlackHole,800033,8.40193E-05,222,273,141,1803,1732,1336,0.000146205,0.021769,0.00507319,0.176821,0,0.777699,0.0176829,4754,-8.268700822793557E-06,-8.295722021833609E-06,0.4221665208620611,8335.7,28333,124618,1.08275E+06,0,0,0,3.051
159000,296.5620862585236,5175,5,5512,337,5250,BlackHole,800033,8.40193E-05,222,274,141,1806,1732,1339,0.000146205,0.0218798,0.00507319,0.177479,0,0.776931,0.0176829,4750,-8.262848255881768E-06,-8.28986945492182E-06,0.4221665208620611,8501.28,27374.8,124978,1.08293E+06,0,0,0,2.970
160000,298.42613115130763,5174,5,5512,338,5250,BlackHole,800033,8.40193E-05,222,275,141,1806,1732,1339,0.000146205,0.0218837,0.00507319,0.177479,0,0.776927,0.0176829,4749,-8.263118459101029E-06,-8.29013965814108E-06,0.4221665208620611,8350.4,26621.2,124286,1.08337E+06,0,0,0,2.932
161000,300.29017604409165,5174,5,5512,338,5250,BlackHole,800033,8.40193E-05,222,275,141,1806,1732,1339,0.000146205,0.0218837,0.00507319,0.177479,0,0.776927,0.0176829,4749,-8.26316012336912E-06,-8.290181322409172E-06,0.4221665208620611,8279.26,27251.7,124370,1.08287E+06,0,0,0,2.928
162000,302.1542209368757,5171,5,5512,341,5250,BlackHole,800033,8.40193E-05,222,276,141,1808,1732,1341,0.000146205,0.0223493,0.00507319,0.177527,0,0.776413,0.0176829,4746,-8.24929745980312E-06,-8.276318658843172E-06,0.4221665208620611,8378.2,28477.1,124098,1.08393E+06,0,0,0,3.043
163000,304.0182658296597,5169,5,5512,343,5250,BlackHole,800033,8.40193E-05,222,276,141,1810,1732,1343,0.000146205,0.0223493,0.00507319,0.178021,0,0.77592,0.0176829,4744,-8.247651907851016E-06,-8.274673106891067E-06,0.4221665208620611,8780.78,28522.1,124252,1.08421E+06,0,0,0,3.102
164000,305.8823107224437,5166,5,5512,346,5250,BlackHole,800033,8.40193E-05,222,276,141,1813,1732,1346,0.000146205,0.0223493,0.00507319,0.179399,0,0.774542,0.0176829,4741,-8.232835725256527E-06,-8.259856924296579E-06,0.4221665208620611,9391.71,27971.7,124264,1.08413E+06,0,0,0,3.031
165000,307.74635561522774,5166,5,5512,346,5250,BlackHole,800033,8.40193E-05,222,276,141,1813,1732,1346,0.000146205,0.0223493,0.00507319,0.179399,0,0.774542,0.0176829,4741,-8.233124347152347E-06,-8.260145546192398E-06,0.4221665208620611,9848.79,26679.4,124271,1.08432E+06,0,0,0,2.978
166000,309.61040050801176,5162,5,5512,350,5250,BlackHole,800033,8.40193E-05,222,278,141,1815,1732,1348,0.000146205,0.0223592,0.00507319,0.179986,0,0.773945,0.0176829,4737,-8.229975767918163E-06,-8.256996966958215E-06,0.4221665208620611,9619.47,26907.9,120513,1.08438E+06,0,0,0,3.008
167000,311.4744454007958,5161,5,5512,351,5250,BlackHole,800033,8.40193E-05,222,278,141,1816,1732,1349,0.000146205,0.0223592,0.00507319,0.180504,0,0.773427,0.0176829,4736,-8.21690243161462E-06,-8.243923630654671E-06,0.4221665208620611,9300.55,27914.5,120516,1.0847E+06,0,0,0,2.981
168000,313.3384902935798,5157,5,5512,355,5250,BlackHole,800033,8.40193E-05,222,280,141,1818,1732,1351,0.000146205,0.0224201,0.00507319,0.180805,0,0.773065,0.0176829,4732,-8.214657959475472E-06,-8.241679158515523E-06,0.4221665208620611,10312.6,29567.5,120518,1.08482E+06,0,0,0,3.003
169000,315.20253518636383,5157,5,5512,355,5250,BlackHole,800033,8.40193E-05,222,280,141,1818,1732,1351,0.000146205,0.0224201,0.00507319,0.180805,0,0.773065,0.0176829,4732,-8.214159133157523E-06,-8.241180332197574E-06,0.4221665208620611,9689.5,29476.4,120521,1.08486E+06,0,0,0,2.966
170000,317.06658007914785,5154,5,5512,358,5250,BlackHole,800033,8.40193E-05,222,282,141,1819,1732,1352,0.000146205,0.0224418,0.00507319,0.180809,0,0.773039,0.0176829,4729,-8.214029061101168E-06,-8.24105026014122E-06,0.4221665208620611,9761.96,27055.4,120278,1.08569E+06,0,0,0,2.978
171000,318.9306249719319,5153,5,5512,359,5250,BlackHole,800033,8.40193E-05,222,283,141,1819,1732,1352,0.000146205,0.0226901,0.00507319,0.180809,0,0.772791,0.0176829,4728,-8.209359749604257E-06,-8.236380948644309E-06,0.4221665208620611,9535.39,26674.8,120305,1.08567E+06,0,0,0,2.957
172000,320.7946698647159,5149,5,5512,363,5250,BlackHole,800033,8.40193E-05,222,283,141,1823,1732,1356,0.000146205,0.0226901,0.00507319,0.182367,0,0.771233,0.0176829,4724,-8.200481137103204E-06,-8.227502336143256E-06,0.4221665208620611,9209.32,27447.3,120276,1.08561E+06,0,0,0,2.936
173000,322.6587147574999,5147,5,5512,365,5250,BlackHole,800033,8.40193E-05,222,284,141,1824,1732,1357,0.000146205,0.022694,0.00507319,0.182371,0,0.771225,0.0176829,4722,-8.200544196973354E-06,-8.227565396013405E-06,0.4221665208620611,9435,28789,120307,1.08563E+06,0,0,0,2.942
174000,324.52275965028394,5146,5,5512,366,5250,BlackHole,800033,8.40193E-05,222,284,141,1825,1732,1358,0.000146205,0.022694,0.00507319,0.182412,0,0.771184,0.0176829,4721,-8.200659225521305E-06,-8.227680424561356E-06,0.4221665208620611,9687.38,30010.1,120275,1.08581E+06,0,0,0,2.903
175000,326.38680454306797,5142,5,5512,370,5250,BlackHole,800033,8.40193E-05,222,284,141,1829,1732,1362,0.000146205,0.022694,0.00507319,0.183143,0,0.770453,0.0176829,4717,-8.197051350510776E-06,-8.224072549550827E-06,0.4221665208620611,9203.48,27810.7,117173,1.0852E+06,0,0,0,2.934
176000,328.250849435852,5138,5,5512,374,5250,BlackHole,800033,8.40193E-05,222,285,141,1832,1732,1365,0.000146205,0.0226999,0.00507319,0.183709,0,0.769881,0.0176829,4713,-8.194292448854052E-06,-8.221313647894103E-06,0.4221665208620611,9468.3,26618.5,117152,1.08515E+06,0,0,0,2.952
177000,330.114894328636,5136,5,5512,376,5250,BlackHole,800033,8.40193E-05,222,285,141,1834,1732,1367,0.000146205,0.0226999,0.00507319,0.183849,0,0.769741,0.0176829,4711,-8.192737784619072E-06,-8.219758983659123E-06,0.4221665208620611,9348.73,27061.8,117217,1.08519E+06,0,0,0,3.023
178000,331.97893922142003,5131,5,5512,381,5250,BlackHole,800033,8.40193E-05,222,287,141,1837,1732,1370,0.000146205,0.0226999,0.00507319,0.184391,0,0.769199,0.0176829,4706,-8.176272494629159E-06,-8.20329369366921E-06,0.4221665208620611,9217.14,27983.5,116897,1.08578E+06,0,0,0,2.958
179000,333.84298411420406,5128,5,5512,384,5250,BlackHole,800033,8.40193E-05,222,288,141,1839,1732,1372,0.000146205,0.0227085,0.00507319,0.185109,0,0.768472,0.0176829,4703,-8.169146356994887E-06,-8.196167556034938E-06,0.4221665208620611,9071.85,28203.3,116881,1.08584E+06,0,0,0,2.958
180000,335.7070290069881,5126,5,5512,386,5250,BlackHole,800033,8.40193E-05,222,290,141,1839,1732,1372,0.000146205,0.0227737,0.00507319,0.185109,0,0.768407,0.0176829,4701,-8.167723173053786E-06,-8.194744372093837E-06,0.4221665208620611,8910.51,28887.1,117213,1.08672E+06,0,0,0,2.937
181000,337.5710738997721,5124,5,5512,388,5250,BlackHole,800033,8.40193E-05,222,291,141,1840,1732,1373,0.000146205,0.022786,0.00507319,0.185186,0,0.768318,0.0176829,4699,-8.166677581854065E-06,-8.193698780894116E-06,0.4221665208620611,8734.95,26829.1,114603,1.08683E+06,0,0,0,2.924
182000,339.4351187925561,5123,5,5512,389,5250,BlackHole,800033,8.40193E-05,222,292,141,1840,1732,1373,0.000146205,0.0227899,0.00507319,0.185186,0,0.768314,0.0176829,4698,-8.16613080375274E-06,-8.193152002792791E-06,0.4221665208620611,8553.34,26769,114611,1.08751E+06,0,0,0,2.901
183000,341.29916368534015,5119,5,5512,393,5250,BlackHole,800033,8.40193E-05,222,293,141,1843,1732,1376,0.000146205,0.0228044,0.00507319,0.186032,0,0.767453,0.0176829,4694,-8.16124436752038E-06,-8.188265566560432E-06,0.4221665208620611,8386.73,27659.5,114649,1.08699E+06,0,0,0,2.932
184000,343.16320857812417,5117,5,5512,395,5250,BlackHole,800033,8.40193E-05,222,294,141,1844,1732,1377,0.000146205,0.0228135,0.00507319,0.186447,0,0.767029,0.0176829,4692,-8.16012229570069E-06,-8.18714349474074E-06,0.4221665208620611,8285.57,28823.6,114580,1.08706E+06,0,0,0,2.901
185000,345.0272534709082,5116,5,5512,396,5250,BlackHole,800033,8.40193E-05,222,294,141,1845,1732,1378,0.000146205,0.0228135,0.00507319,0.187001,0,0.766476,0.0176829,4691,-8.156073310757863E-06,-8.183094509797914E-06,0.4221665208620611,8334.04,27996.7,114602,1.08702E+06,0,0,0,2.874
186000,346.8912983636922,5114,5,5512,398,5250,BlackHole,800033,8.40193E-05,222,295,141,1846,1732,1379,0.000146205,0.0228198,0.00507319,0.187005,0,0.766465,0.0176829,4689,-8.155899661868855E-06,-8.182920860908906E-06,0.4221665208620611,8616.94,27399.2,111126,1.08654E+06,0,0,0,2.880
187000,348.75534325647624,5113,5,5512,399,5250,BlackHole,800033,8.40193E-05,222,295,141,1847,1732,1380,0.000146205,0.0228198,0.00507319,0.18747,0,0.766,0.0176829,4688,-8.153760570780382E-06,-8.180781769820433E-06,0.4221665208620611,8444.45,26618.7,111122,1.08651E+06,0,0,0,3.027
188000,350.61938814926026,5113,5,5512,399,5250,BlackHole,800033,8.40193E-05,222,295,141,1847,1732,1380,0.000146205,0.0228198,0.00507319,0.18747,0,0.766,0.0176829,4688,-8.152599475647898E-06,-8.17962067468795E-06,0.4221665208620611,8313.52,27235.4,111120,1.08637E+06,0,0,0,2.958
189000,352.4834330420443,5112,5,5512,400,5250,BlackHole,800033,8.40193E-05,222,295,141,1848,1732,1381,0.000146205,0.0228198,0.00507319,0.187551,0,0.765919,0.0176829,4687,-8.152983702468545E-06,-8.180004901508596E-06,0.4221665208620611,8287.82,28450.2,111118,1.08605E+06,0,0,0,2.908
190000,354.3474779348283,5109,5,5512,403,5250,BlackHole,800033,8.40193E-05,222,295,141,1851,1732,1384,0.000146205,0.0228198,0.00507319,0.188088,0,0.765383,0.0176829,4684,-8.14595731299675E-06,-8.172978512036801E-06,0.4221665208620611,8475.43,30514.8,111329,1.08599E+06,0,0,0,2.914
191000,356.2115228276123,5107,5,5512,405,5250,BlackHole,800033,8.40193E-05,222,296,141,1852,1732,1385,0.000146205,0.0228417,0.00507319,0.188128,0,0.76532,0.0176829,4682,-8.14646174649063E-06,-8.173482945530681E-06,0.4221665208620611,9005.49,28332.9,111116,1.0865E+06,0,0,0,2.935
192000,358.07556772039635,5104,5,5512,408,5250,BlackHole,800033,8.40193E-05,222,298,141,1853,1732,1386,0.000146205,0.0228591,0.00507319,0.188169,0,0.765262,0.0176829,4679,-8.144588279525987E-06,-8.171609478566039E-06,0.4221665208620611,9910.13,26685.9,111086,1.08584E+06,0,0,0,2.952
193000,359.9396126131804,5103,5,5512,409,5250,BlackHole,800033,8.40193E-05,222,298,141,1854,1732,1387,0.000146205,0.0228591,0.00507319,0.188196,0,0.765234,0.0176829,4678,-8.144516297934815E-06,-8.171537496974866E-06,0.4221665208620611,9323.09,26895.2,111081,1.08601E+06,0,0,0,2.972
194000,361.8036575059644,5103,5,5512,409,5250,BlackHole,800033,8.40193E-05,222,298,141,1854,1732,1387,0.000146205,0.0228591,0.00507319,0.188196,0,0.765234,0.0176829,4678,-8.144023657369655E-06,-8.171044856409706E-06,0.4221665208620611,9267.88,27891.4,111069,1.08573E+06,0,0,0,2.928
195000,363.6677023987484,5102,5,5512,410,5250,BlackHole,800033,8.40193E-05,222,299,141,1854,1732,1387,0.000146205,0.0232869,0.00507319,0.188196,0,0.764807,0.0176829,4677,-8.134221813809006E-06,-8.161243012849058E-06,0.4221665208620611,9325.9,29528.7,110892,1.08554E+06,0,0,0,2.854
196000,365.53174729153244,5101,5,5512,411,5250,BlackHole,800033,8.40193E-05,222,299,141,1855,1732,1388,0.000146205,0.0232869,0.00507319,0.188314,0,0.764689,0.0176829,4676,-8.1334622106744E-06,-8.16048340971445E-06,0.4221665208620611,9482.83,29517.5,111124,1.08626E+06,0,0,0,2.915
197000,367.39579218431646,5099,5,5512,413,5250,BlackHole,800033,8.40193E-05,222,299,141,1857,1732,1390,0.000146205,0.0232869,0.00507319,0.188464,0,0.764539,0.0176829,4674,-8.13316366134277E-06,-8.160184860382822E-06,0.4221665208620611,9332.05,27075.1,111087,1.08582E+06,0,0,0,2.851
198000,369.2598370771005,5098,5,5512,414,5250,BlackHole,800033,8.40193E-05,222,299,141,1858,1732,1391,0.000146205,0.0232869,0.00507319,0.188513,0,0.76449,0.0176829,4673,-8.131381469007562E-06,-8.158402668047613E-06,0.4221665208620611,10024.8,26668.1,111082,1.08449E+06,0,0,0,2.868
199000,371.1238819698845,5096,5,5512,416,5250,BlackHole,800033,8.40193E-05,222,299,141,1860,1732,1393,0.000146205,0.0232869,0.00507319,0.188875,0,0.764128,0.0176829,4671,-8.129921325132405E-06,-8.156942524172456E-06,0.4221665208620611,9341.22,27430.3,111074,1.08565E+06,0,0,0,2.870
200000,372.98792686266853,5091,5,5512,421,5250,BlackHole,800033,8.40193E-05,222,303,141,1861,1732,1394,0.000146205,0.0242253,0.00507319,0.188879,0,0.763186,0.0176829,4666,-8.111767893107695E-06,-8.138789092147746E-06,0.4221665208620611,9796.05,28097.1,111047,1.08655E+06,0,0,0,2.892
201000,374.85197175545255,5089,5,5512,423,5250,BlackHole,800033,8.40193E-05,222,304,141,1862,1732,1395,0.000146205,0.0247808,0.00507319,0.188888,0,0.762622,0.0176829,4664,-8.102509306804668E-06,-8.12953050584472E-06,0.4221665208620611,9353.09,28707.1,111061,1.08668E+06,0,0,0,2.886
202000,376.7160166482366,5087,5,5512,425,5250,BlackHole,800033,8.40193E-05,222,305,141,1863,1732,1396,0.000146205,0.0248094,0.00507319,0.188958,0,0.762523,0.0176829,4662,-8.101844429073468E-06,-8.12886562811352E-06,0.4221665208620611,9337.6,27844.3,111049,1.08654E+06,0,0,0,2.899
203000,378.5800615410206,5085,5,5512,427,5250,BlackHole,800033,8.40193E-05,222,305,141,1865,1732,1398,0.000146205,0.0248094,0.00507319,0.189463,0,0.762018,0.0176829,4660,-8.098435036657261E-06,-8.125456235697312E-06,0.4221665208620611,9367.4,26620.6,111036,1.08655E+06,0,0,0,2.970
204000,380.4441064338046,5083,5,5512,429,5250,BlackHole,800033,8.40193E-05,222,307,141,1865,1732,1398,0.000146205,0.025394,0.00507319,0.189463,0,0.761433,0.0176829,4658,-8.093319834311352E-06,-8.120341033351404E-06,0.4221665208620611,9349.96,27045.8,105250,1.08675E+06,0,0,0,3.085
205000,382.30815132658864,5081,5,5512,431,5250,BlackHole,800033,8.40193E-05,222,308,141,1866,1732,1399,0.000146205,0.0254247,0.00507319,0.189932,0,0.760933,0.0176829,4656,-8.081977961774607E-06,-8.108999160814659E-06,0.4221665208620611,9198.11,28144.5,104883,1.08649E+06,0,0,0,3.011
206000,384.17219621937267,5081,5,5512,431,5250,BlackHole,800033,8.40193E-05,222,308,141,1866,1732,1399,0.000146205,0.0254247,0.00507319,0.189932,0,0.760933,0.0176829,4656,-8.082446575708308E-06,-8.109467774748359E-06,0.4221665208620611,9073.36,28075.1,104893,1.08628E+06,0,0,0,2.994
207000,386.0362411121567,5077,5,5512,435,5250,BlackHole,800033,8.40193E-05,222,310,141,1868,1732,1401,0.000146205,0.0257583,0.00507319,0.190915,0,0.759617,0.0176829,4652,-8.066142464595675E-06,-8.093163663635726E-06,0.4221665208620611,8912.2,28067.7,104813,1.08533E+06,0,0,0,3.008
208000,387.9002860049407,5075,5,5512,437,5250,BlackHole,800033,8.40193E-05,222,311,141,1869,1732,1402,0.000146205,0.0257835,0.00507319,0.190921,0,0.759585,0.0176829,4650,-8.066016699571778E-06,-8.09303789861183E-06,0.4221665208620611,8736.73,26841.9,104886,1.08543E+06,0,0,0,3.011
209000,389.76433089772473,5074,5,5512,438,5250,BlackHole,800033,8.40193E-05,222,312,141,1869,1732,1402,0.000146205,0.0257916,0.00507319,0.190921,0,0.759577,0.0176829,4649,-8.06568009082802E-06,-8.092701289868072E-06,0.4221665208620611,8555.13,26759.1,102072,1.08503E+06,0,0,0,3.013
210000,391.62837579050876,5074,5,5512,438,5250,BlackHole,800033,8.40193E-05,222,312,141,1869,1732,1402,0.000146205,0.0257916,0.00507319,0.190921,0,0.759577,0.0176829,4649,-8.065059529211328E-06,-8.09208072825138E-06,0.4221665208620611,8388.17,27641.8,102073,1.08495E+06,0,0,0,3.023
211000,393.4924206832928,5069,5,5512,443,5250,BlackHole,800033,8.40193E-05,222,312,141,1874,1732,1407,0.000146205,0.0257916,0.00507319,0.192136,0,0.758362,0.0176829,4644,-8.046788373197517E-06,-8.073809572237568E-06,0.4221665208620611,8286.02,29105.7,102072,1.08563E+06,0,0,0,2.991
212000,395.3564655760768,5049,5,5512,463,5250,BlackHole,800033,8.40193E-05,222,313,141,1893,1732,1426,0.000146205,0.0258162,0.00507319,0.19214,0,0.758334,0.0176829,4624,-7.66148424082252E-06,-7.688505439862571E-06,0.4221665208620611,8332.41,29326.1,98517.4,1.08901E+06,0,0,0,3.000
213000,397.2205104688608,5045,5,5512,467,5250,BlackHole,800033,8.40193E-05,222,314,141,1896,1732,1429,0.000146205,0.0263361,0.00507319,0.193128,0,0.756826,0.0176829,4620,-7.6223169219997154E-06,-7.649338121039767E-06,0.4221665208620611,8663.54,27427.8,98474.4,1.08929E+06,0,0,0,2.985
214000,399.08455536164485,5044,5,5512,468,5250,BlackHole,800033,8.40193E-05,222,314,141,1897,1732,1430,0.000146205,0.0263361,0.00507319,0.19327,0,0.756684,0.0176829,4619,-7.622846313733627E-06,-7.64986751277368E-06,0.4221665208620611,8556.08,26616.6,97781.2,1.08914E+06,0,0,0,2.987
215000,400.94860025442887,5039,5,5512,473,5250,BlackHole,800033,8.40193E-05,222,316,141,1900,1732,1433,0.000146205,0.0266936,0.00507319,0.193366,0,0.756231,0.0176829,4614,-7.613372648748274E-06,-7.640393847788326E-06,0.4221665208620611,8392.34,27218.7,97484.9,1.09138E+06,0,0,0,2.988
216000,402.8126451472129,5036,5,5512,476,5250,BlackHole,800033,8.40193E-05,222,316,141,1903,1732,1436,0.000146205,0.0266936,0.00507319,0.193869,0,0.755727,0.0176829,4611,-7.611840647528573E-06,-7.638861846568625E-06,0.4221665208620611,8288.6,28422.2,97450,1.08911E+06,0,0,0,2.980
217000,404.6766900399969,5034,5,5512,478,5250,BlackHole,800033,8.40193E-05,222,317,141,1904,1732,1437,0.000146205,0.0266984,0.00507319,0.194058,0,0.755534,0.0176829,4609,-7.609505988408186E-06,-7.636527187448238E-06,0.4221665208620611,8320.94,30465.8,97440.1,1.08916E+06,0,0,0,2.962
218000,406.54073493278094,5032,5,5512,480,5250,BlackHole,800033,8.40193E-05,222,317,141,1906,1732,1439,0.000146205,0.0266984,0.00507319,0.194586,0,0.755006,0.0176829,4607,-7.60705752614245E-06,-7.634078725182501E-06,0.4221665208620611,8614.11,28374,97433.3,1.08924E+06,0,0,0,2.955
219000,408.40477982556496,5029,5,5512,483,5250,BlackHole,800033,8.40193E-05,222,319,141,1907,1732,1440,0.000146205,0.0267061,0.00507319,0.194788,0,0.754796,0.0176829,4604,-7.607036807894028E-06,-7.63405800693408E-06,0.4221665208620611,9274.89,26694,97430.2,1.08968E+06,0,0,0,2.957
220000,410.268824718349,5029,5,5512,483,5250,BlackHole,800033,8.40193E-05,222,319,141,1907,1732,1440,0.000146205,0.0267061,0.00507319,0.194788,0,0.754796,0.0176829,4604,-7.604711402677607E-06,-7.631732601717658E-06,0.4221665208620611,10294.1,26881.6,97426.2,1.0895E+06,0,0,0,2.948
221000,412.132869611133,5026,5,5512,486,5250,BlackHole,800033,8.40193E-05,222,319,141,1910,1732,1443,0.000146205,0.0267061,0.00507319,0.195338,0,0.754246,0.0176829,4601,-7.5966733823150554E-06,-7.623694581355107E-06,0.4221665208620611,9312.39,27872.3,97425.8,1.08955E+06,0,0,0,2.943
222000,413.996914503917,5024,5,5512,488,5250,BlackHole,800033,8.40193E-05,222,320,141,1911,1732,1444,0.000146205,0.02671,0.00507319,0.195413,0,0.754167,0.0176829,4599,-7.5962506067634395E-06,-7.623271805803491E-06,0.4221665208620611,10184.5,28534.8,97424.6,1.08923E+06,0,0,0,2.945
223000,415.86095939670105,5021,5,5512,491,5250,BlackHole,800033,8.40193E-05,222,320,141,1914,1732,1447,0.000146205,0.02671,0.00507319,0.196165,0,0.753415,0.0176829,4596,-7.590864303235991E-06,-7.617885502276043E-06,0.4221665208620611,9592.42,29396.8,97422.3,1.08896E+06,0,0,0,2.966
224000,417.72500428948507,5019,5,5512,493,5250,BlackHole,800033,8.40193E-05,222,320,141,1916,1732,1449,0.000146205,0.02671,0.00507319,0.196859,0,0.752721,0.0176829,4594,-7.5873917794727235E-06,-7.614412978512775E-06,0.4221665208620611,9205.47,27096.9,97419.6,1.08902E+06,0,0,0,2.951
225000,419.5890491822691,5018,5,5512,494,5250,BlackHole,800033,8.40193E-05,222,321,141,1916,1732,1449,0.000146205,0.0268855,0.00507319,0.196859,0,0.752545,0.0176829,4593,-7.58599515774622E-06,-7.613016356786271E-06,0.4221665208620611,9619.23,26661.3,97414.5,1.08912E+06,0,0,0,2.959
226000,421.4530940750531,5014,5,5512,498,5250,BlackHole,800033,8.40193E-05,222,322,141,1919,1732,1452,0.000146205,0.0268907,0.00507319,0.197428,0,0.751971,0.0176829,4589,-7.577462650898662E-06,-7.604483849938713E-06,0.4221665208620611,9438.78,27409.5,97404.1,1.08905E+06,0,0,0,2.928
227000,423.31713896783714,5011,5,5512,501,5250,BlackHole,800033,8.40193E-05,222,322,141,1922,1732,1455,0.000146205,0.0268907,0.00507319,0.198343,0,0.751056,0.0176829,4586,-7.571664538117415E-06,-7.598685737157466E-06,0.4221665208620611,9466.88,28214.1,97379.1,1.08922E+06,0,0,0,2.924
228000,425.18118386062116,5007,5,5512,505,5250,BlackHole,800033,8.40193E-05,222,324,141,1924,1732,1457,0.000146205,0.0269449,0.00507319,0.198396,0,0.750948,0.0176829,4582,-7.569881950737589E-06,-7.59690314977764E-06,0.4221665208620611,9443.77,28001.2,97240.5,1.08889E+06,0,0,0,2.939
229000,427.0452287534052,5005,5,5512,507,5250,BlackHole,800033,8.40193E-05,222,325,141,1925,1732,1458,0.000146205,0.0273588,0.00507319,0.198624,0,0.750307,0.0176829,4580,-7.5564750653493774E-06,-7.583496264389429E-06,0.4221665208620611,9195.26,27875.9,97963.9,1.09162E+06,0,0,0,2.931
230000,428.9092736461892,5001,5,5512,511,5250,BlackHole,800033,8.40193E-05,222,327,141,1927,1732,1460,0.000146205,0.027588,0.00507319,0.199165,0,0.749537,0.0176829,4576,-7.538626193270106E-06,-7.565647392310157E-06,0.4221665208620611,9470.63,26623.1,97492.8,1.09205E+06,0,0,0,2.968
231000,430.77331853897323,4999,5,5512,513,5250,BlackHole,800033,8.40193E-05,222,327,141,1929,1732,1462,0.000146205,0.027588,0.00507319,0.199372,0,0.74933,0.0176829,4574,-7.534238729185602E-06,-7.561259928225653E-06,0.4221665208620611,9351.19,27031.1,97446.5,1.09202E+06,0,0,0,2.923
232000,432.63736343175725,4999,5,5512,513,5250,BlackHole,800033,8.40193E-05,222,327,141,1929,1732,1462,0.000146205,0.027588,0.00507319,0.199372,0,0.74933,0.0176829,4574,-7.533563944922706E-06,-7.560585143962757E-06,0.4221665208620611,9219.91,28121.6,97433.5,1.09183E+06,0,0,0,2.919
233000,434.5014083245413,4995,5,5512,517,5250,BlackHole,800033,8.40193E-05,222,328,141,1932,1732,1465,0.000146205,0.0275916,0.00507319,0.199984,0,0.748714,0.0176829,4570,-7.5306698094826985E-06,-7.55769100852275E-06,0.4221665208620611,9074.87,29767,97428.9,1.08982E+06,0,0,0,2.934
234000,436.3654532173253,4991,5,5512,521,5250,BlackHole,800033,8.40193E-05,222,329,141,1935,1732,1468,0.000146205,0.0275916,0.00507319,0.200039,0,0.748659,0.0176829,4566,-7.52791854094124E-06,-7.554939739981292E-06,0.4221665208620611,8913.9,28275,96813.1,1.09171E+06,0,0,0,2.902
235000,438.2294981101093,4988,5,5512,524,5250,BlackHole,800033,8.40193E-05,222,330,141,1937,1732,1470,0.000146205,0.0276151,0.00507319,0.200216,0,0.748459,0.0176829,4563,-7.525769379939564E-06,-7.552790578979615E-06,0.4221665208620611,8738.52,26855.5,96856.6,1.09176E+06,0,0,0,2.911
236000,440.09354300289334,4985,5,5512,527,5250,BlackHole,800033,8.40193E-05,222,331,141,1939,1732,1472,0.000146205,0.0276191,0.00507319,0.200371,0,0.7483,0.0176829,4560,-7.524955642049482E-06,-7.551976841089533E-06,0.4221665208620611,8556.93,26749.4,97170.4,1.09185E+06,0,0,0,2.903
237000,441.95758789567736,4984,5,5512,528,5250,BlackHole,800033,8.40193E-05,222,331,141,1940,1732,1473,0.000146205,0.0276191,0.00507319,0.200375,0,0.748296,0.0176829,4559,-7.524822683946336E-06,-7.551843882986388E-06,0.4221665208620611,8389.61,27619.1,96798.7,1.09201E+06,0,0,0,2.911
238000,443.8216327884614,4981,5,5512,531,5250,BlackHole,800033,8.40193E-05,222,333,141,1941,1732,1474,0.000146205,0.027702,0.00507319,0.200389,0,0.748199,0.0176829,4556,-7.52252807745539E-06,-7.549549276495441E-06,0.4221665208620611,8286.48,29069.2,96851.1,1.09239E+06,0,0,0,2.880
239000,445.6856776812454,4976,5,5512,536,5250,BlackHole,800033,8.40193E-05,222,333,141,1946,1732,1479,0.000146205,0.027702,0.00507319,0.202675,0,0.745913,0.0176829,4551,-7.498983796280878E-06,-7.526004995320929E-06,0.4221665208620611,8330.81,30210.2,97023.1,1.09191E+06,0,0,0,2.873
240000,447.54972257402943,4975,5,5512,537,5250,BlackHole,800033,8.40193E-05,222,334,141,1946,1732,1479,0.000146205,0.0277239,0.00507319,0.202675,0,0.745891,0.0176829,4550,-7.497540078723853E-06,-7.524561277763904E-06,0.4221665208620611,8658.4,27454.7,96781.1,1.09199E+06,0,0,0,2.899
241000,449.41376746681345,4974,5,5512,538,5250,BlackHole,800033,8.40193E-05,222,334,141,1947,1732,1480,0.000146205,0.0277239,0.00507319,0.202719,0,0.745847,0.0176829,4549,-7.497499823588132E-06,-7.524521022628183E-06,0.4221665208620611,8673,26614.9,96848,1.09199E+06,0,0,0,2.907
242000,451.2778123595975,4967,5,5512,545,5250,BlackHole,800033,8.40193E-05,222,336,141,1952,1732,1485,0.000146205,0.0280098,0.00507319,0.20351,0,0.74477,0.0176829,4542,-7.486352186598557E-06,-7.513373385638608E-06,0.4221665208620611,8496.56,27202.2,96953.3,1.09203E+06,0,0,0,2.921
243000,453.1418572523815,4963,5,5512,549,5250,BlackHole,800033,8.40193E-05,222,336,141,1956,1732,1489,0.000146205,0.0280098,0.00507319,0.204177,0,0.744103,0.0176829,4538,-7.4824816258279405E-06,-7.509502824867992E-06,0.4221665208620611,8347.05,28379.3,96135.9,1.09198E+06,0,0,0,2.892
244000,455.0059021451655,4961,5,5512,551,5250,BlackHole,800033,8.40193E-05,222,337,141,1957,1732,1490,0.000146205,0.028019,0.00507319,0.204413,0,0.743858,0.0176829,4536,-7.481471426998744E-06,-7.508492626038795E-06,0.4221665208620611,8279.17,29169.2,96089.4,1.09178E+06,0,0,0,2.962
245000,456.86994703794954,4960,5,5512,552,5250,BlackHole,800033,8.40193E-05,222,338,141,1957,1732,1490,0.000146205,0.0280228,0.00507319,0.204413,0,0.743855,0.0176829,4535,-7.480865237865187E-06,-7.507886436905239E-06,0.4221665208620611,8384.62,28409.7,96123.6,1.0918E+06,0,0,0,2.915
246000,458.73399193073357,4959,5,5512,553,5250,BlackHole,800033,8.40193E-05,222,338,141,1958,1732,1491,0.000146205,0.0280228,0.00507319,0.204416,0,0.743851,0.0176829,4534,-7.481975879471552E-06,-7.508997078511603E-06,0.4221665208620611,8797.25,26702.2,96180.3,1.09205E+06,0,0,0,2.899
247000,460.5980368235176,4958,5,5512,554,5250,BlackHole,800033,8.40193E-05,222,338,141,1959,1732,1492,0.000146205,0.0280228,0.00507319,0.205038,0,0.743229,0.0176829,4533,-7.478118312485275E-06,-7.505139511525327E-06,0.4221665208620611,9587.44,26869.2,96112.9,1.09154E+06,0,0,0,2.894
248000,462.4620817163016,4958,5,5512,554,5250,BlackHole,800033,8.40193E-05,222,338,141,1959,1732,1492,0.000146205,0.0280228,0.00507319,0.205038,0,0.743229,0.0176829,4533,-7.476261570557124E-06,-7.5032827695971755E-06,0.4221665208620611,9199.82,27847,96126.4,1.0915E+06,0,0,0,2.890
249000,464.32612660908563,4957,5,5512,555,5250,BlackHole,800033,8.40193E-05,222,339,141,1959,1732,1492,0.000146205,0.0280311,0.00507319,0.205038,0,0.743221,0.0176829,4532,-7.477765944267727E-06,-7.504787143307778E-06,0.4221665208620611,9472.38,27972.3,95717.2,1.09157E+06,0,0,0,2.877
250000,466.19017150186966,4955,5,5512,557,5250,BlackHole,800033,8.40193E-05,222,339,141,1961,1732,1494,0.000146205,0.0280311,0.00507319,0.205896,0,0.742363,0.0176829,4529,-7.471749804687257E-06,-7.498771003727308E-06,0.4221665208620611,10318.4,28331.3,96117.2,1.09092E+06,0,0,0,2.888
251000,468.0542163946537,4951,5,5512,561,5250,BlackHole,800033,8.40193E-05,222,339,141,1965,1732,1498,0.000146205,0.0280311,0.00507319,0.206208,0,0.742051,0.0176829,4526,-7.470547861749915E-06,-7.497569060789967E-06,0.4221665208620611,9451.07,27117.3,94028,1.09139E+06,0,0,0,2.910
252000,469.9182612874377,4946,5,5512,566,5250,BlackHole,800033,8.40193E-05,222,339,141,1970,1732,1503,0.000146205,0.0280311,0.00507319,0.206967,0,0.741292,0.0176829,4521,-7.460484076910314E-06,-7.4875052759503655E-06,0.4221665208620611,10027.3,26655.9,94030.3,1.08894E+06,0,0,0,2.897
253000,471.7823061802217,4945,5,5512,567,5250,BlackHole,800033,8.40193E-05,222,339,141,1971,1732,1504,0.000146205,0.0280311,0.00507319,0.207011,0,0.741248,0.0176829,4520,-7.459149780532843E-06,-7.486170979572894E-06,0.4221665208620611,9907.03,27392.2,94037.1,1.08959E+06,0,0,0,2.886
254000,473.64635107300575,4944,5,5512,568,5250,BlackHole,800033,8.40193E-05,222,339,141,1972,1732,1505,0.000146205,0.0280311,0.00507319,0.207017,0,0.741242,0.0176829,4519,-7.4595846906628624E-06,-7.486605889702914E-06,0.4221665208620611,9197.15,28701.3,92360.6,1.08844E+06,0,0,0,2.878
255000,475.51039596578977,4941,5,5512,571,5250,BlackHole,800033,8.40193E-05,222,339,141,1975,1732,1508,0.000146205,0.0280311,0.00507319,0.208394,0,0.739865,0.0176829,4516,-7.444446852012779E-06,-7.47146805105283E-06,0.4221665208620611,9690.59,28505.8,92370.4,1.08852E+06,0,0,0,3.249
256000,477.3744408585738,4940,5,5512,572,5250,BlackHole,800033,8.40193E-05,222,340,141,1975,1732,1508,0.000146205,0.0280369,0.00507319,0.208394,0,0.739859,0.0176829,4515,-7.444168395550889E-06,-7.47118959459094E-06,0.4221665208620611,9523.39,27907,92414.7,1.08869E+06,0,0,0,2.988
257000,479.2384857513578,4873,5,5512,639,5250,BlackHole,800033,8.40193E-05,222,373,1353,2009,1732,1542,0.000146205,0.0281023,0.00507319,0.208462,0,0.739726,0.0176829,4448,-7.4433594418864804E-06,-7.470380640926532E-06,0.4221665208620611,9471.79,26625.8,79558.4,1.07496E+06,0,0,0,2.989
258000,481.10253064414184,4871,5,5512,641,5250,BlackHole,800033,8.40193E-05,222,373,1353,2011,1732,1544,0.000146205,0.0281023,0.00507319,0.208713,0,0.739475,0.0176829,4446,-7.442055114794489E-06,-7.46907631383454E-06,0.4221665208620611,9352.41,27016.5,79597,1.07462E+06,0,0,0,2.892
259000,482.96657553692586,4865,5,5512,647,5250,BlackHole,800033,8.40193E-05,222,375,1353,2015,1732,1548,0.000146205,0.0281361,0.00507319,0.210761,0,0.737393,0.0176829,4440,-7.4307214736050205E-06,-7.457742672645072E-06,0.4221665208620611,9221.29,28095.9,79633.8,1.07474E+06,0,0,0,2.846
260000,484.8306204297099,4864,5,5512,648,5250,BlackHole,800033,8.40193E-05,222,375,1353,2016,1732,1549,0.000146205,0.0281361,0.00507319,0.210765,0,0.737389,0.0176829,4439,-7.429121222057331E-06,-7.456142421097383E-06,0.4221665208620611,9076.38,29879.3,79425.1,1.07427E+06,0,0,0,2.924
261000,486.6946653224939,4863,5,5512,649,5250,BlackHole,800033,8.40193E-05,222,375,1353,2017,1732,1550,0.000146205,0.0281361,0.00507319,0.210769,0,0.737385,0.0176829,4438,-7.430715790154104E-06,-7.457736989194155E-06,0.4221665208620611,8915.58,29008.1,79787.5,1.07419E+06,0,0,0,2.843
262000,488.5587102152779,4859,5,5512,653,5250,BlackHole,800033,8.40193E-05,222,376,1353,2020,1732,1553,0.000146205,0.0281861,0.00507319,0.21162,0,0.736484,0.0176829,4434,-7.419178699887283E-06,-7.4461998989273344E-06,0.4221665208620611,8740.3,26870.2,79722,1.0742E+06,0,0,0,2.834
263000,490.42275510806195,4859,5,5512,653,5250,BlackHole,800033,8.40193E-05,222,376,1353,2020,1732,1553,0.000146205,0.0281861,0.00507319,0.21162,0,0.736484,0.0176829,4434,-7.4188356941841874E-06,-7.445856893224239E-06,0.4221665208620611,8558.73,26739.1,79077.7,1.07434E+06,0,0,0,2.818
264000,492.286800000846,4853,5,5512,659,5250,BlackHole,800033,8.40193E-05,222,379,1353,2023,1732,1556,0.000146205,0.0283394,0.00507319,0.212862,0,0.735089,0.0176829,4428,-7.408199857675701E-06,-7.435221056715753E-06,0.4221665208620611,8391.06,27599.1,78462.3,1.07504E+06,0,0,0,2.896
265000,494.15084489363,4851,5,5512,661,5250,BlackHole,800033,8.40193E-05,222,380,1353,2024,1732,1557,0.000146205,0.0285149,0.00507319,0.212905,0,0.73487,0.0176829,4426,-7.4044434225712635E-06,-7.431464621611315E-06,0.4221665208620611,8286.96,28959.4,78451.8,1.07474E+06,0,0,0,2.886
266000,496.014889786414,4847,5,5512,665,5250,BlackHole,800033,8.40193E-05,222,383,1353,2025,1732,1558,0.000146205,0.0285385,0.00507319,0.213243,0,0.734508,0.0176829,4422,-7.3966711100961165E-06,-7.423692309136168E-06,0.4221665208620611,8329.23,30001.6,79049.9,1.07505E+06,0,0,0,2.923
267000,497.87893467919804,4843,5,5512,669,5250,BlackHole,800033,8.40193E-05,222,385,1353,2027,1732,1560,0.000146205,0.0289313,0.00507319,0.213445,0,0.733913,0.0176829,4418,-7.388019952468563E-06,-7.4150411515086145E-06,0.4221665208620611,8653.29,27480.8,78471.4,1.07517E+06,0,0,0,2.826
268000,499.74297957198206,4841,5,5512,671,5250,BlackHole,800033,8.40193E-05,222,385,1353,2029,1732,1562,0.000146205,0.0289313,0.00507319,0.213506,0,0.733853,0.0176829,4416,-7.387986097284916E-06,-7.415007296324967E-06,0.4221665208620611,8788.37,26613.7,78461.4,1.07497E+06,0,0,0,2.861
269000,501.6070244647661,4840,5,5512,672,5250,BlackHole,800033,8.40193E-05,222,386,1353,2029,1732,1562,0.000146205,0.0294791,0.00507319,0.213506,0,0.733305,0.0176829,4415,-7.375232232652793E-06,-7.4022534316928446E-06,0.4221665208620611,8612.01,27184.8,78457.7,1.07507E+06,0,0,0,2.875
270000,503.4710693575501,4838,5,5512,674,5250,BlackHole,800033,8.40193E-05,222,387,1353,2030,1732,1563,0.000146205,0.0295705,0.00507319,0.213758,0,0.732962,0.0176829,4413,-7.372727974441042E-06,-7.3997491734810936E-06,0.4221665208620611,8440.04,27980.6,78422,1.07513E+06,0,0,0,2.843
271000,505.33511425033413,4834,5,5512,678,5250,BlackHole,800033,8.40193E-05,222,388,1353,2033,1732,1566,0.000146205,0.0297244,0.00507319,0.214284,0,0.732282,0.0176829,4409,-7.367868977494044E-06,-7.394890176534095E-06,0.4221665208620611,8311.02,28201,75696,1.07524E+06,0,0,0,2.854
272000,507.19915914311815,4832,5,5512,680,5250,BlackHole,800033,8.40193E-05,222,388,1353,2035,1732,1568,0.000146205,0.0297244,0.00507319,0.214585,0,0.73198,0.0176829,4407,-7.366049603762443E-06,-7.3930708028024944E-06,0.4221665208620611,8289.5,28446.5,75702.5,1.07501E+06,0,0,0,2.792
273000,509.0632040359022,4829,5,5512,683,5250,BlackHole,800033,8.40193E-05,222,390,1353,2036,1732,1569,0.000146205,0.0299093,0.00507319,0.215022,0,0.731358,0.0176829,4404,-7.359452145235841E-06,-7.386473344275892E-06,0.4221665208620611,8485.03,26710.3,75709.8,1.07506E+06,0,0,0,2.952
274000,510.9272489286862,4824,5,5512,688,5250,BlackHole,800033,8.40193E-05,222,392,1353,2039,1732,1572,0.000146205,0.0305777,0.00507319,0.215219,0,0.730493,0.0176829,4399,-7.3484927104501794E-06,-7.375513909490231E-06,0.4221665208620611,9025.6,26857,73323.3,1.07514E+06,0,0,0,2.944
275000,512.7912938214461,4822,5,5512,690,5250,BlackHole,800033,8.40193E-05,222,392,1353,2041,1732,1574,0.000146205,0.0305777,0.00507319,0.216017,0,0.729696,0.0176829,4397,-7.3426342880379425E-06,-7.369655487077994E-06,0.4221665208620611,9486.16,27825.6,73161.9,1.07525E+06,0,0,0,2.927
276000,514.6553387141732,4820,5,5512,692,5250,BlackHole,800033,8.40193E-05,222,392,1353,2043,1732,1576,0.000146205,0.0305777,0.00507319,0.217072,0,0.72864,0.0176829,4395,-7.337073742760327E-06,-7.364094941800378E-06,0.4221665208620611,9461.1,28799.8,73264.9,1.07487E+06,0,0,0,2.893
277000,516.5193836069004,4818,5,5512,694,5250,BlackHole,800033,8.40193E-05,222,392,1353,2045,1732,1578,0.000146205,0.0305777,0.00507319,0.217472,0,0.72824,0.0176829,4393,-7.335229970813576E-06,-7.362251169853627E-06,0.4221665208620611,9459.18,27993.2,72541.7,1.07475E+06,0,0,0,2.981
278000,518.3834284996276,4817,5,5512,695,5250,BlackHole,800033,8.40193E-05,222,393,1353,2045,1732,1578,0.000146205,0.0305817,0.00507319,0.217472,0,0.728236,0.0176829,4392,-7.334083114913172E-06,-7.361104313953223E-06,0.4221665208620611,9247.34,27137.3,73240.9,1.07498E+06,0,0,0,2.926
279000,520.2474733923548,4815,5,5512,697,5250,BlackHole,800033,8.40193E-05,222,394,1353,2046,1732,1579,0.000146205,0.0305858,0.00507319,0.217873,0,0.727831,0.0176829,4390,-7.332430731392775E-06,-7.3594519304328266E-06,0.4221665208620611,9435,26649.6,73451.9,1.07505E+06,0,0,0,2.894
280000,522.111518285082,4813,5,5512,699,5250,BlackHole,800033,8.40193E-05,222,394,1353,2048,1732,1581,0.000146205,0.0305858,0.00507319,0.218706,0,0.726998,0.0176829,4388,-7.328151455389722E-06,-7.355172654429773E-06,0.4221665208620611,9908.17,27373,72404.4,1.07511E+06,0,0,0,2.820
281000,523.9755631778091,4811,5,5512,701,5250,BlackHole,800033,8.40193E-05,222,394,1353,2050,1732,1583,0.000146205,0.0305858,0.00507319,0.21903,0,0.726674,0.0176829,4386,-7.327791447523747E-06,-7.3548126465637985E-06,0.4221665208620611,9413.52,28668.7,72456,1.07496E+06,0,0,0,2.770
282000,525.8396080705363,4809,5,5512,703,5250,BlackHole,800033,8.40193E-05,222,395,1353,2051,1732,1584,0.000146205,0.0308049,0.00507319,0.219213,0,0.726272,0.0176829,4384,-7.319842739993797E-06,-7.346863939033849E-06,0.4221665208620611,9691.66,30897.5,72533.4,1.07521E+06,0,0,0,2.786
283000,527.7036529632635,4806,5,5512,706,5250,BlackHole,800033,8.40193E-05,222,397,1353,2052,1732,1585,0.000146205,0.0308164,0.00507319,0.219471,0,0.726002,0.0176829,4381,-7.316373512765184E-06,-7.343394711805235E-06,0.4221665208620611,9394.63,27944.6,72451.1,1.07553E+06,0,0,0,2.744
284000,529.5676978559907,4805,5,5512,707,5250,BlackHole,800033,8.40193E-05,222,397,1353,2053,1732,1586,0.000146205,0.0308164,0.00507319,0.21954,0,0.725934,0.0176829,4380,-7.3151793213544245E-06,-7.342200520394476E-06,0.4221665208620611,9228.39,26628.7,72463.5,1.07555E+06,0,0,0,2.775
285000,531.4317427487179,4804,5,5512,708,5250,BlackHole,800033,8.40193E-05,222,397,1353,2054,1732,1587,0.000146205,0.0308164,0.00507319,0.22003,0,0.725443,0.0176829,4379,-7.311245307752663E-06,-7.338266506792714E-06,0.4221665208620611,9353.64,27001,72438.1,1.07537E+06,0,0,0,2.802
286000,533.295787641445,4800,5,5512,712,5250,BlackHole,800033,8.40193E-05,222,399,1353,2056,1732,1589,0.000146205,0.0308694,0.00507319,0.220059,0,0.725362,0.0176829,4375,-7.311465803006907E-06,-7.338487002046958E-06,0.4221665208620611,9222.67,28072.6,72456.7,1.07531E+06,0,0,0,2.720
287000,535.1598325341722,4797,5,5512,715,5250,BlackHole,800033,8.40193E-05,222,400,1353,2058,1732,1591,0.000146205,0.0309855,0.00507319,0.22025,0,0.725054,0.0176829,4372,-7.310757291970535E-06,-7.3377784910105865E-06,0.4221665208620611,9077.88,29723.4,72476.1,1.07513E+06,0,0,0,2.727
288000,537.0238774268994,4795,5,5512,717,5250,BlackHole,800033,8.40193E-05,222,402,1353,2058,1732,1591,0.000146205,0.0311725,0.00507319,0.22025,0,0.724867,0.0176829,4370,-7.306885845152421E-06,-7.333907044192472E-06,0.4221665208620611,8917.27,29050.1,72453.6,1.07529E+06,0,0,0,2.893
289000,538.8879223196266,4792,5,5512,720,5250,BlackHole,800033,8.40193E-05,222,404,1353,2059,1732,1592,0.000146205,0.0318205,0.00507319,0.220365,0,0.724104,0.0176829,4367,-7.2931550896757255E-06,-7.320176288715777E-06,0.4221665208620611,8742.08,26885.4,72472.2,1.07494E+06,0,0,0,2.801
290000,540.7519672123537,4792,5,5512,720,5250,BlackHole,800033,8.40193E-05,222,404,1353,2059,1732,1592,0.000146205,0.0318205,0.00507319,0.220365,0,0.724104,0.0176829,4367,-7.293477364610862E-06,-7.320498563650913E-06,0.4221665208620611,8560.53,26729.3,72446.6,1.07495E+06,0,0,0,2.710
291000,542.6160121050809,4789,5,5512,723,5250,BlackHole,800033,8.40193E-05,222,406,1353,2060,1732,1593,0.000146205,0.0329333,0.00507319,0.220864,0,0.722492,0.0176829,4364,-7.272448911892636E-06,-7.299470110932687E-06,0.4221665208620611,8392.51,27578.9,72458.3,1.07546E+06,0,0,0,2.798
292000,544.4800569978081,4788,5,5512,724,5250,BlackHole,800033,8.40193E-05,222,407,1353,2060,1732,1593,0.000146205,0.0329371,0.00507319,0.220864,0,0.722488,0.0176829,4363,-7.272196268435464E-06,-7.299217467475515E-06,0.4221665208620611,8287.45,28095.9,72376.7,1.07548E+06,0,0,0,2.742
293000,546.3441018905353,4787,5,5512,725,5250,BlackHole,800033,8.40193E-05,222,407,1353,2061,1732,1594,0.000146205,0.0329371,0.00507319,0.221595,0,0.721758,0.0176829,4362,-7.268797924033227E-06,-7.295819123073278E-06,0.4221665208620611,8327.69,28701.2,72454.7,1.07532E+06,0,0,0,2.763
294000,548.2081467832625,4787,5,5512,725,5250,BlackHole,800033,8.40193E-05,222,407,1353,2061,1732,1594,0.000146205,0.0329371,0.00507319,0.221595,0,0.721758,0.0176829,4362,-7.267464250721512E-06,-7.294485449761563E-06,0.4221665208620611,8648.22,27509.4,72506,1.07545E+06,0,0,0,2.761
295000,550.0721916759896,4785,5,5512,727,5250,BlackHole,800033,8.40193E-05,222,407,1353,2063,1732,1596,0.000146205,0.0329371,0.00507319,0.221804,0,0.721548,0.0176829,4360,-7.266869668954782E-06,-7.293890867994833E-06,0.4221665208620611,8900.49,26613,72450.5,1.0753E+06,0,0,0,2.756
296000,551.9362365687168,4784,5,5512,728,5250,BlackHole,800033,8.40193E-05,222,408,1353,2063,1732,1596,0.000146205,0.0330708,0.00507319,0.221804,0,0.721415,0.0176829,4359,-7.266336729522551E-06,-7.293357928562602E-06,0.4221665208620611,8728.61,27168.5,72461.6,1.07512E+06,0,0,0,2.826
297000,553.800281461444,4783,5,5512,729,5250,BlackHole,800033,8.40193E-05,222,408,1353,2064,1732,1597,0.000146205,0.0330708,0.00507319,0.221895,0,0.721325,0.0176829,4358,-7.265050090155417E-06,-7.2920712891954685E-06,0.4221665208620611,8551.2,28342.6,72432.9,1.07531E+06,0,0,0,2.846
298000,555.6643263541712,4783,5,5512,729,5250,BlackHole,800033,8.40193E-05,222,408,1353,2064,1732,1597,0.000146205,0.0330708,0.00507319,0.221895,0,0.721325,0.0176829,4358,-7.264377712848668E-06,-7.291398911888719E-06,0.4221665208620611,8388.4,28067.5,72455.9,1.07527E+06,0,0,0,2.841
299000,557.5283712468984,4779,5,5512,733,5250,BlackHole,800033,8.40193E-05,222,411,1353,2065,1732,1598,0.000146205,0.0339795,0.00507319,0.221975,0,0.720335,0.0176829,4354,-7.258365583008996E-06,-7.285386782049048E-06,0.4221665208620611,8287.22,28066.1,72975.6,1.07565E+06,0,0,0,2.854
300000,559.3924161396255,4778,5,5512,734,5250,BlackHole,800033,8.40193E-05,222,411,1353,2066,1732,1599,0.000146205,0.0339795,0.00507319,0.221979,0,0.720332,0.0176829,4353,-7.257652611555502E-06,-7.2846738105955535E-06,0.4221665208620611,8324.86,26718.5,72452.7,1.07568E+06,0,0,0,2.867
301000,561.2564610323527,4775,5,5512,737,5250,BlackHole,800033,8.40193E-05,222,412,1353,2068,1732,1601,0.000146205,0.0340758,0.00507319,0.222236,0,0.719978,0.0176829,4350,-7.25599161588838E-06,-7.283012814928432E-06,0.4221665208620611,8627.22,26844,72468.9,1.07585E+06,0,0,0,2.859
302000,563.1205059250799,4773,5,5512,739,5250,BlackHole,800033,8.40193E-05,222,413,1353,2069,1732,1602,0.000146205,0.0340836,0.00507319,0.22265,0,0.719556,0.0176829,4348,-7.2537565391290445E-06,-7.280777738169096E-06,0.4221665208620611,9298.55,27803.6,71700.2,1.07576E+06,0,0,0,2.825
303000,564.9845508178071,4771,5,5512,741,5250,BlackHole,800033,8.40193E-05,222,413,1353,2071,1732,1604,0.000146205,0.0340836,0.00507319,0.222696,0,0.719511,0.0176829,4346,-7.25325051158892E-06,-7.280271710628972E-06,0.4221665208620611,9196.35,29378,71775.9,1.07583E+06,0,0,0,2.832
304000,566.8485957105343,4768,5,5512,744,5250,BlackHole,800033,8.40193E-05,222,414,1353,2073,1732,1606,0.000146205,0.0343599,0.00507319,0.223059,0,0.718871,0.0176829,4343,-7.240981754934636E-06,-7.268002953974687E-06,0.4221665208620611,9443.24,29295.9,71678.7,1.07583E+06,0,0,0,2.826
305000,568.7126406032614,4761,5,5512,751,5250,BlackHole,800033,8.40193E-05,222,418,1353,2076,1732,1609,0.000146205,0.0357635,0.00507319,0.223091,0,0.717436,0.0176829,4336,-7.2207394576454015E-06,-7.247760656685453E-06,0.4221665208620611,9248.62,27161.5,71127.6,1.07665E+06,0,0,0,2.769
306000,570.5766854959886,4760,5,5512,752,5250,BlackHole,800033,8.40193E-05,222,418,1353,2077,1732,1610,0.000146205,0.0357635,0.00507319,0.223539,0,0.716988,0.0176829,4335,-7.217504781983127E-06,-7.244525981023178E-06,0.4221665208620611,9435.61,26644.4,71814.7,1.0766E+06,0,0,0,2.733
307000,572.4407303887158,4759,5,5512,753,5250,BlackHole,800033,8.40193E-05,222,418,1353,2078,1732,1611,0.000146205,0.0357635,0.00507319,0.223596,0,0.71693,0.0176829,4334,-7.217717047219329E-06,-7.2447382462593804E-06,0.4221665208620611,9330.35,27354.6,71125.3,1.07671E+06,0,0,0,2.749
308000,574.304775281443,4758,5,5512,754,5250,BlackHole,800033,8.40193E-05,222,418,1353,2079,1732,1612,0.000146205,0.0357635,0.00507319,0.223621,0,0.716905,0.0176829,4333,-7.2160456790608E-06,-7.243066878100852E-06,0.4221665208620611,9408,28640.9,71909.5,1.07632E+06,0,0,0,2.744
309000,576.1688201741702,4756,5,5512,756,5250,BlackHole,800033,8.40193E-05,222,418,1353,2081,1732,1614,0.000146205,0.0357635,0.00507319,0.223711,0,0.716815,0.0176829,4331,-7.216386804745709E-06,-7.243408003785761E-06,0.4221665208620611,9335.45,30760.3,71122.9,1.07656E+06,0,0,0,2.833
310000,578.0328650668973,4755,5,5512,757,5250,BlackHole,800033,8.40193E-05,222,418,1353,2082,1732,1615,0.000146205,0.0357635,0.00507319,0.224153,0,0.716374,0.0176829,4330,-7.213573086675174E-06,-7.240594285715225E-06,0.4221665208620611,9586.12,27975.7,71899.5,1.07651E+06,0,0,0,2.851
311000,579.8969099596245,4755,5,5512,757,5250,BlackHole,800033,8.40193E-05,222,418,1353,2082,1732,1615,0.000146205,0.0357635,0.00507319,0.224153,0,0.716374,0.0176829,4330,-7.213948616995005E-06,-7.2409698160350566E-06,0.4221665208620611,9341.74,26632.6,71120.8,1.07648E+06,0,0,0,2.886
312000,581.7609548523517,4752,5,5512,760,5250,BlackHole,800033,8.40193E-05,222,420,1353,2083,1732,1616,0.000146205,0.0358694,0.00507319,0.22427,0,0.71615,0.0176829,4327,-7.212499887440724E-06,-7.239521086480775E-06,0.4221665208620611,9354.86,26986.6,71835.8,1.0761E+06,0,0,0,2.847
313000,583.6249997450789,4750,5,5512,762,5250,BlackHole,800033,8.40193E-05,222,420,1353,2085,1732,1618,0.000146205,0.0358694,0.00507319,0.224814,0,0.715607,0.0176829,4325,-7.2078102894251455E-06,-7.234831488465197E-06,0.4221665208620611,9224.05,28018.8,71118.6,1.07625E+06,0,0,0,2.789
314000,585.489044637806,4749,5,5512,763,5250,BlackHole,800033,8.40193E-05,222,420,1353,2086,1732,1619,0.000146205,0.0358694,0.00507319,0.224819,0,0.715602,0.0176829,4324,-7.208667341736509E-06,-7.23568854077656E-06,0.4221665208620611,9079.38,28532.9,71753.7,1.07687E+06,0,0,0,2.801
315000,587.3530895305332,4748,5,5512,764,5250,BlackHole,800033,8.40193E-05,222,420,1353,2087,1732,1620,0.000146205,0.0358694,0.00507319,0.224822,0,0.715598,0.0176829,4323,-7.208897063334618E-06,-7.23591826237467E-06,0.4221665208620611,8918.96,29092.3,71116.1,1.07689E+06,0,0,0,2.758
316000,589.2171344232604,4745,5,5512,767,5250,BlackHole,800033,8.40193E-05,222,421,1353,2089,1732,1622,0.000146205,0.0362151,0.00507319,0.225164,0,0.714911,0.0176829,4320,-7.198040791499261E-06,-7.225061990539313E-06,0.4221665208620611,8743.86,26899.6,71672.2,1.07701E+06,0,0,0,2.867
317000,591.0811793159876,4743,5,5512,769,5250,BlackHole,800033,8.40193E-05,222,421,1353,2091,1732,1624,0.000146205,0.0362151,0.00507319,0.22594,0,0.714135,0.0176829,4318,-7.190635138180825E-06,-7.217656337220876E-06,0.4221665208620611,8562.32,26721,71113.8,1.0771E+06,0,0,0,2.852
318000,592.9452242087148,4742,5,5512,770,5250,BlackHole,800033,8.40193E-05,222,422,1353,2091,1732,1624,0.000146205,0.0368081,0.00507319,0.22594,0,0.713542,0.0176829,4317,-7.1832255068935165E-06,-7.210246705933568E-06,0.4221665208620611,8393.98,27559.6,71598.6,1.07684E+06,0,0,0,2.834
319000,594.8092691014419,4742,5,5512,770,5250,BlackHole,800033,8.40193E-05,222,422,1353,2091,1732,1624,0.000146205,0.0368081,0.00507319,0.22594,0,0.713542,0.0176829,4317,-7.181272459440453E-06,-7.208293658480505E-06,0.4221665208620611,8287.96,28202,71111.2,1.07685E+06,0,0,0,2.803
320000,596.6733139941691,4738,5,5512,774,5250,BlackHole,800033,8.40193E-05,222,423,1353,2094,1732,1627,0.000146205,0.0374962,0.00507319,0.226393,0,0.7124,0.0176829,4313,-7.167375807821703E-06,-7.194397006861754E-06,0.4221665208620611,8326.17,28000.7,71535.2,1.07699E+06,0,0,0,2.804
321000,598.5373588868963,4737,5,5512,775,5250,BlackHole,800033,8.40193E-05,222,423,1353,2095,1732,1628,0.000146205,0.0374962,0.00507319,0.226748,0,0.712045,0.0176829,4312,-7.1662029384678285E-06,-7.19322413750788E-06,0.4221665208620611,8643.2,27533.4,71108.5,1.07686E+06,0,0,0,2.777
322000,600.4014037796235,4734,5,5512,778,5250,BlackHole,800033,8.40193E-05,222,423,1353,2098,1732,1631,0.000146205,0.0374962,0.00507319,0.22712,0,0.711673,0.0176829,4309,-7.164894249724807E-06,-7.191915448764859E-06,0.4221665208620611,9006.97,26612.8,71481.3,1.07685E+06,0,0,0,2.726
323000,602.2654486723507,4734,5,5512,778,5250,BlackHole,800033,8.40193E-05,222,423,1353,2098,1732,1631,0.000146205,0.0374962,0.00507319,0.22712,0,0.711673,0.0176829,4309,-7.1636825054407215E-06,-7.190703704480773E-06,0.4221665208620611,8842.56,27152.3,71105.7,1.0766E+06,0,0,0,2.792
324000,604.1294935650778,4733,5,5512,779,5250,BlackHole,800033,8.40193E-05,222,423,1353,2099,1732,1632,0.000146205,0.0374962,0.00507319,0.2276,0,0.711194,0.0176829,4308,-7.160916401456E-06,-7.1879376004960516E-06,0.4221665208620611,8668.09,28315.5,71436.2,1.07674E+06,0,0,0,2.795
325000,605.993538457805,4733,5,5512,779,5250,BlackHole,800033,8.40193E-05,222,423,1353,2099,1732,1632,0.000146205,0.0374962,0.00507319,0.2276,0,0.711194,0.0176829,4308,-7.160786233662625E-06,-7.187807432702676E-06,0.4221665208620611,8491.86,29728.5,71102.9,1.07668E+06,0,0,0,2.745
326000,607.8575833505322,4731,5,5512,781,5250,BlackHole,800033,8.40193E-05,222,423,1353,2101,1732,1634,0.000146205,0.0374962,0.00507319,0.228146,0,0.710648,0.0176829,4306,-7.158403310936882E-06,-7.185424509976934E-06,0.4221665208620611,8343.76,28260.9,71398.2,1.07659E+06,0,0,0,2.776
327000,609.7216282432594,4731,5,5512,781,5250,BlackHole,800033,8.40193E-05,222,423,1353,2101,1732,1634,0.000146205,0.0374962,0.00507319,0.228146,0,0.710648,0.0176829,4306,-7.157914058591835E-06,-7.1849352576318865E-06,0.4221665208620611,8279.2,26727.8,71099.7,1.07657E+06,0,0,0,2.783
328000,611.5856731359866,4731,5,5512,781,5250,BlackHole,800033,8.40193E-05,222,423,1353,2101,1732,1634,0.000146205,0.0374962,0.00507319,0.228146,0,0.710648,0.0176829,4306,-7.158116227668472E-06,-7.185137426708524E-06,0.4221665208620611,8391.29,26832.5,71366.1,1.07643E+06,0,0,0,2.790
329000,613.4497180287137,4730,5,5512,782,5250,BlackHole,800033,8.40193E-05,222,424,1353,2101,1732,1634,0.000146205,0.0375001,0.00507319,0.228146,0,0.710644,0.0176829,4305,-7.157974687638942E-06,-7.184995886678993E-06,0.4221665208620611,8814.01,27782.1,71096.3,1.07602E+06,0,0,0,2.832
330000,615.3137629214409,4730,5,5512,782,5250,BlackHole,800033,8.40193E-05,222,424,1353,2101,1732,1634,0.000146205,0.0375001,0.00507319,0.228146,0,0.710644,0.0176829,4305,-7.158043682696907E-06,-7.1850648817369585E-06,0.4221665208620611,9614.48,29341.6,71339,1.07588E+06,0,0,0,2.790
331000,617.1778078141681,4728,5,5512,784,5250,BlackHole,800033,8.40193E-05,222,424,1353,2103,1732,1636,0.000146205,0.0375001,0.00507319,0.228371,0,0.710418,0.0176829,4303,-7.15650708365237E-06,-7.183528282692421E-06,0.4221665208620611,9453.68,29733.1,71093.1,1.07586E+06,0,0,0,2.828
332000,619.0418527068953,4723,5,5512,789,5250,BlackHole,800033,8.40193E-05,222,427,1353,2105,1732,1638,0.000146205,0.0375989,0.00507319,0.228754,0,0.709937,0.0176829,4298,-7.153536072765488E-06,-7.180557271805539E-06,0.4221665208620611,9906.48,27181.9,71315.9,1.07619E+06,0,0,0,2.859
333000,620.9058975996224,4721,5,5512,791,5250,BlackHole,800033,8.40193E-05,222,427,1353,2107,1732,1640,0.000146205,0.0375989,0.00507319,0.229937,0,0.708754,0.0176829,4296,-7.1462848149536836E-06,-7.173306013993735E-06,0.4221665208620611,9225.45,26639.5,71089.3,1.07607E+06,0,0,0,2.868
334000,622.7699424923496,4721,5,5512,791,5250,BlackHole,800033,8.40193E-05,222,427,1353,2107,1732,1640,0.000146205,0.0375989,0.00507319,0.229937,0,0.708754,0.0176829,4296,-7.1464341520474805E-06,-7.173455351087532E-06,0.4221665208620611,9565.42,27335.9,71296,1.0759E+06,0,0,0,2.814
335000,624.6339873850768,4721,5,5512,791,5250,BlackHole,800033,8.40193E-05,222,427,1353,2107,1732,1640,0.000146205,0.0375989,0.00507319,0.229937,0,0.708754,0.0176829,4296,-7.1457676092505125E-06,-7.172788808290564E-06,0.4221665208620611,9205.12,28376.3,71085.1,1.07633E+06,0,0,0,2.823
336000,626.498032277804,4716,5,5512,796,5250,BlackHole,800033,8.40193E-05,222,427,1353,2112,1732,1645,0.000146205,0.0375989,0.00507319,0.231448,0,0.707243,0.0176829,4291,-7.138545208312922E-06,-7.165566407352973E-06,0.4221665208620611,9646.27,29161.8,71279,1.07609E+06,0,0,0,2.876
337000,628.3620771705312,4715,5,5512,797,5250,BlackHole,800033,8.40193E-05,222,427,1353,2113,1732,1646,0.000146205,0.0375989,0.00507319,0.231544,0,0.707147,0.0176829,4290,-7.136811507117534E-06,-7.163832706157585E-06,0.4221665208620611,9499.04,28010.6,71080.9,1.07608E+06,0,0,0,2.825
338000,630.2261220632583,4714,5,5512,798,5250,BlackHole,800033,8.40193E-05,222,427,1353,2114,1732,1647,0.000146205,0.0375989,0.00507319,0.232292,0,0.706399,0.0176829,4289,-7.134602879031746E-06,-7.1616240780717975E-06,0.4221665208620611,9475.26,26636.1,71264.3,1.07586E+06,0,0,0,2.817
339000,632.0901669559855,4713,5,5512,799,5250,BlackHole,800033,8.40193E-05,222,427,1353,2115,1732,1648,0.000146205,0.0375989,0.00507319,0.232409,0,0.706282,0.0176829,4288,-7.132367703824679E-06,-7.15938890286473E-06,0.4221665208620611,9356.08,26972.9,71076.3,1.07601E+06,0,0,0,2.803
340000,633.9542118487127,4711,5,5512,801,5250,BlackHole,800033,8.40193E-05,222,428,1353,2116,1732,1649,0.000146205,0.0376912,0.00507319,0.233067,0,0.705532,0.0176829,4286,-7.1095942347892786E-06,-7.13661543382933E-06,0.4221665208620611,9225.43,28025.1,71251.2,1.07597E+06,0,0,0,2.777
341000,635.8182567414399,4710,5,5512,802,5250,BlackHole,800033,8.40193E-05,222,428,1353,2117,1732,1650,0.000146205,0.0376912,0.00507319,0.233177,0,0.705421,0.0176829,4285,-7.110150906732266E-06,-7.137172105772317E-06,0.4221665208620611,9080.88,27972.3,71071.1,1.07588E+06,0,0,0,2.811
342000,637.6823016341671,4709,5,5512,803,5250,BlackHole,800033,8.40193E-05,222,428,1353,2118,1732,1651,0.000146205,0.0376912,0.00507319,0.233801,0,0.704798,0.0176829,4284,-7.106701910255012E-06,-7.133723109295064E-06,0.4221665208620611,8920.64,28328.7,71239.8,1.07591E+06,0,0,0,2.837
343000,639.5463465268942,4706,5,5512,806,5250,BlackHole,800033,8.40193E-05,222,428,1353,2121,1732,1654,0.000146205,0.0376912,0.00507319,0.234428,0,0.70417,0.0176829,4281,-7.101182502065858E-06,-7.128203701105909E-06,0.4221665208620611,8745.64,26913.6,71065.6,1.07567E+06,0,0,0,2.809
344000,641.4103914196214,4703,5,5512,809,5250,BlackHole,800033,8.40193E-05,222,429,1353,2123,1732,1656,0.000146205,0.0377679,0.00507319,0.234445,0,0.704076,0.0176829,4278,-7.101267059163359E-06,-7.12828825820341E-06,0.4221665208620611,8564.12,26711.8,71229.8,1.07585E+06,0,0,0,2.802
345000,643.2744363123486,4701,5,5512,811,5250,BlackHole,800033,8.40193E-05,222,429,1353,2125,1732,1658,0.000146205,0.0377679,0.00507319,0.234705,0,0.703817,0.0176829,4276,-7.0997160694131375E-06,-7.126737268453189E-06,0.4221665208620611,8395.44,27539.6,71059.4,1.07576E+06,0,0,0,2.812
346000,645.1384812050758,4701,5,5512,811,5250,BlackHole,800033,8.40193E-05,222,429,1353,2125,1732,1658,0.000146205,0.0377679,0.00507319,0.234705,0,0.703817,0.0176829,4276,-7.102109386885534E-06,-7.1291305859255855E-06,0.4221665208620611,8288.48,28935,71220.9,1.07589E+06,0,0,0,2.844
347000,647.002526097803,4699,5,5512,813,5250,BlackHole,800033,8.40193E-05,222,430,1353,2126,1732,1659,0.000146205,0.0378075,0.00507319,0.235308,0,0.703174,0.0176829,4274,-7.09735929570546E-06,-7.1243804947455115E-06,0.4221665208620611,8324.68,28480.9,71052.5,1.07603E+06,0,0,0,2.797
348000,648.8665709905301,4697,5,5512,815,5250,BlackHole,800033,8.40193E-05,222,431,1353,2127,1732,1660,0.000146205,0.0384901,0.00507319,0.235563,0,0.702236,0.0176829,4272,-7.081522560946233E-06,-7.108543759986284E-06,0.4221665208620611,8638.21,27568,71212.7,1.07611E+06,0,0,0,2.769
349000,650.7306158832573,4695,5,5512,817,5250,BlackHole,800033,8.40193E-05,222,431,1353,2129,1732,1662,0.000146205,0.0384901,0.00507319,0.236566,0,0.701233,0.0176829,4270,-7.070555064525277E-06,-7.097576263565328E-06,0.4221665208620611,9105.7,26612.8,71044.9,1.07601E+06,0,0,0,2.819
350000,652.5946607759845,4694,5,5512,818,5250,BlackHole,800033,8.40193E-05,222,431,1353,2130,1732,1663,0.000146205,0.0384901,0.00507319,0.236585,0,0.701215,0.0176829,4269,-7.069051151431452E-06,-7.096072350471503E-06,0.4221665208620611,8952.41,27136.3,71205.6,1.07594E+06,0,0,0,2.763
351000,654.4587056687117,4693,5,5512,819,5250,BlackHole,800033,8.40193E-05,222,431,1353,2131,1732,1664,0.000146205,0.0384901,0.00507319,0.236851,0,0.700949,0.0176829,4268,-7.070141068244199E-06,-7.097162267284251E-06,0.4221665208620611,8783.57,28291,71036.6,1.07582E+06,0,0,0,2.794
352000,656.3227505614389,4693,5,5512,819,5250,BlackHole,800033,8.40193E-05,222,431,1353,2131,1732,1664,0.000146205,0.0384901,0.00507319,0.236851,0,0.700949,0.0176829,4268,-7.07061916906194E-06,-7.097640368101992E-06,0.4221665208620611,8607.08,30217.9,71199.3,1.07579E+06,0,0,0,2.852
353000,658.186795454166,4690,5,5512,822,5250,BlackHole,800033,8.40193E-05,222,432,1353,2133,1732,1666,0.000146205,0.0384939,0.00507319,0.237209,0,0.700587,0.0176829,4265,-7.066756883106778E-06,-7.093778082146829E-06,0.4221665208620611,8435.66,28563.4,71027.1,1.07589E+06,0,0,0,2.827
354000,660.0508403468932,4688,5,5512,824,5250,BlackHole,800033,8.40193E-05,222,432,1353,2135,1732,1668,0.000146205,0.0384939,0.00507319,0.237901,0,0.699895,0.0176829,4263,-7.062969936535929E-06,-7.08999113557598E-06,0.4221665208620611,8308.6,26738.6,71193.4,1.07608E+06,0,0,0,2.788
355000,661.9148852396204,4687,5,5512,825,5250,BlackHole,800033,8.40193E-05,222,432,1353,2136,1732,1669,0.000146205,0.0384939,0.00507319,0.238122,0,0.699674,0.0176829,4262,-7.061615221656104E-06,-7.088636420696155E-06,0.4221665208620611,8291.35,26820.6,71016.3,1.07596E+06,0,0,0,2.777
356000,663.7789301323476,4686,5,5512,826,5250,BlackHole,800033,8.40193E-05,222,433,1353,2136,1732,1669,0.000146205,0.0389731,0.00507319,0.238122,0,0.699195,0.0176829,4261,-7.051669877742213E-06,-7.0786910767822645E-06,0.4221665208620611,8494.91,27760.9,71188.1,1.07592E+06,0,0,0,2.776
357000,665.6429750250747,4683,5,5512,829,5250,BlackHole,800033,8.40193E-05,222,434,1353,2138,1732,1671,0.000146205,0.0389939,0.00507319,0.238699,0,0.698597,0.0176829,4258,-7.049230900208013E-06,-7.076252099248064E-06,0.4221665208620611,9046,28952.2,71004.4,1.07593E+06,0,0,0,2.815
358000,667.5070199178019,4682,5,5512,830,5250,BlackHole,800033,8.40193E-05,222,434,1353,2139,1732,1672,0.000146205,0.0389939,0.00507319,0.238972,0,0.698324,0.0176829,4257,-7.048335911528378E-06,-7.075357110568429E-06,0.4221665208620611,9343.01,29775.3,71183.3,1.07576E+06,0,0,0,2.800
359000,669.3710648105291,4680,5,5512,832,5250,BlackHole,800033,8.40193E-05,222,434,1353,2141,1732,1674,0.000146205,0.0389939,0.00507319,0.239138,0,0.698158,0.0176829,4255,-7.047780104443554E-06,-7.074801303483606E-06,0.4221665208620611,9630.5,27205,70990.6,1.07555E+06,0,0,0,2.777
360000,671.2351097032563,4676,5,5512,836,5250,BlackHole,800033,8.40193E-05,222,435,1353,2144,1732,1677,0.000146205,0.0390337,0.00507319,0.239258,0,0.697998,0.0176829,4251,-7.0460344530946774E-06,-7.073055652134729E-06,0.4221665208620611,9331.88,26634.7,71178.8,1.07514E+06,0,0,0,2.763
361000,673.0991545959835,4675,5,5512,837,5250,BlackHole,800033,8.40193E-05,222,436,1353,2144,1732,1677,0.000146205,0.039221,0.00507319,0.239258,0,0.697811,0.0176829,4250,-7.044312933615182E-06,-7.0713341326552335E-06,0.4221665208620611,9441.06,27319,70974.6,1.07537E+06,0,0,0,2.769
362000,674.9631994887106,4673,5,5512,839,5250,BlackHole,800033,8.40193E-05,222,436,1353,2146,1732,1679,0.000146205,0.039221,0.00507319,0.239679,0,0.697389,0.0176829,4248,-7.039861201470492E-06,-7.066882400510544E-06,0.4221665208620611,9325.33,27978.6,71174.6,1.07505E+06,0,0,0,2.786
363000,676.8272443814378,4670,5,5512,842,5250,BlackHole,800033,8.40193E-05,222,439,1353,2146,1732,1679,0.000146205,0.0392568,0.00507319,0.239679,0,0.697354,0.0176829,4245,-7.03704645745121E-06,-7.0640676564912616E-06,0.4221665208620611,9282.64,28199.5,70956.4,1.07544E+06,0,0,0,2.827
364000,678.691289274165,4667,5,5512,845,5250,BlackHole,800033,8.40193E-05,222,439,1353,2149,1732,1682,0.000146205,0.0392568,0.00507319,0.239755,0,0.697278,0.0176829,4242,-7.0378187148944775E-06,-7.064839913934529E-06,0.4221665208620611,9322.97,28043.4,71171,1.07577E+06,0,0,0,2.829
365000,680.5553341668922,4666,5,5512,846,5250,BlackHole,800033,8.40193E-05,222,439,1353,2150,1732,1683,0.000146205,0.0392568,0.00507319,0.240269,0,0.696764,0.0176829,4240,-7.028517606866771E-06,-7.055538805906822E-06,0.4221665208620611,9326.74,26640.8,70935.1,1.07578E+06,0,0,0,2.813
366000,682.4193790596194,4661,5,5512,851,5250,BlackHole,800033,8.40193E-05,222,440,1353,2154,1732,1687,0.000146205,0.0395835,0.00507319,0.241394,0,0.695313,0.0176829,4236,-7.014912336178202E-06,-7.041933535218254E-06,0.4221665208620611,9324.44,26957.9,71167.3,1.07593E+06,0,0,0,2.847
367000,684.2834239523465,4661,5,5512,851,5250,BlackHole,800033,8.40193E-05,222,440,1353,2154,1732,1687,0.000146205,0.0395835,0.00507319,0.241394,0,0.695313,0.0176829,4236,-7.014129927301198E-06,-7.04115112634125E-06,0.4221665208620611,9226.81,27997.8,70910.4,1.07573E+06,0,0,0,2.823
368000,686.1474688450737,4661,5,5512,851,5250,BlackHole,800033,8.40193E-05,222,440,1353,2154,1732,1687,0.000146205,0.0395835,0.00507319,0.241394,0,0.695313,0.0176829,4236,-7.013745239359537E-06,-7.040766438399589E-06,0.4221665208620611,9082.38,28771.6,71163.9,1.07571E+06,0,0,0,2.856
369000,688.0115137378009,4661,5,5512,851,5250,BlackHole,800033,8.40193E-05,222,440,1353,2154,1732,1687,0.000146205,0.0395835,0.00507319,0.241394,0,0.695313,0.0176829,4236,-7.013779888403905E-06,-7.040801087443956E-06,0.4221665208620611,8922.33,27990,70881.3,1.07595E+06,0,0,0,2.834
370000,689.8755586305281,4660,5,5512,852,5250,BlackHole,800033,8.40193E-05,222,441,1353,2154,1732,1687,0.000146205,0.0395875,0.00507319,0.241394,0,0.695309,0.0176829,4235,-7.014160734049783E-06,-7.041181933089835E-06,0.4221665208620611,8747.42,26933.9,71160.7,1.07566E+06,0,0,0,2.783
371000,691.7396035232553,4658,5,5512,854,5250,BlackHole,800033,8.40193E-05,222,442,1353,2155,1732,1688,0.000146205,0.0395963,0.00507319,0.241443,0,0.695251,0.0176829,4233,-7.012361764620025E-06,-7.039382963660077E-06,0.4221665208620611,8565.92,26703.5,70847,1.07567E+06,0,0,0,2.836
372000,693.6036484159824,4655,5,5512,857,5250,BlackHole,800033,8.40193E-05,222,442,1353,2158,1732,1691,0.000146205,0.0395963,0.00507319,0.24193,0,0.694764,0.0176829,4230,-7.006922042866426E-06,-7.033943241906477E-06,0.4221665208620611,8396.92,27520.3,71157.9,1.07572E+06,0,0,0,2.773
373000,695.4676933087096,4654,5,5512,858,5250,BlackHole,800033,8.40193E-05,222,442,1353,2159,1732,1692,0.000146205,0.0395963,0.00507319,0.242636,0,0.694057,0.0176829,4229,-7.002498942254007E-06,-7.029520141294058E-06,0.4221665208620611,8289.01,28903,70806.2,1.07597E+06,0,0,0,2.841
374000,697.3317382014368,4653,5,5512,859,5250,BlackHole,800033,8.40193E-05,222,442,1353,2160,1732,1693,0.000146205,0.0395963,0.00507319,0.243189,0,0.693504,0.0176829,4228,-6.993097522011984E-06,-7.020118721052035E-06,0.4221665208620611,8323.21,30426.3,71154.9,1.07603E+06,0,0,0,2.797
375000,699.195783094164,4650,5,5512,862,5250,BlackHole,800033,8.40193E-05,222,443,1353,2162,1732,1695,0.000146205,0.0396002,0.00507319,0.244053,0,0.692637,0.0176829,4225,-6.976698433719113E-06,-7.003719632759165E-06,0.4221665208620611,8633.27,27591.9,70757.8,1.07674E+06,0,0,0,2.865
376000,701.0598279868912,4647,5,5512,865,5250,BlackHole,800033,8.40193E-05,222,445,1353,2163,1732,1696,0.000146205,0.0402649,0.00507319,0.244062,0,0.691963,0.0176829,4222,-6.964866387476058E-06,-6.9918875865161095E-06,0.4221665208620611,9198.57,26612.8,71152.3,1.07673E+06,0,0,0,2.814
377000,702.9238728796183,4643,5,5512,869,5250,BlackHole,800033,8.40193E-05,222,445,1353,2167,1732,1700,0.000146205,0.0402649,0.00507319,0.244283,0,0.691742,0.0176829,4218,-6.963529875047098E-06,-6.990551074087149E-06,0.4221665208620611,9055.18,27120,70701,1.07675E+06,0,0,0,2.838
378000,704.7879177723455,4638,5,5512,874,5250,BlackHole,800033,8.40193E-05,222,450,1353,2167,1732,1700,0.000146205,0.0408471,0.00507319,0.244283,0,0.69116,0.0176829,4213,-6.955245346906818E-06,-6.9822665459468695E-06,0.4221665208620611,8895.86,28264.2,71149.8,1.07683E+06,0,0,0,2.846
379000,706.6519626650727,4635,5,5512,877,5250,BlackHole,800033,8.40193E-05,222,450,1353,2170,1732,1703,0.000146205,0.0408471,0.00507319,0.244895,0,0.690548,0.0176829,4210,-6.951502580191942E-06,-6.978523779231993E-06,0.4221665208620611,8723.75,29719,70634.6,1.07683E+06,0,0,0,2.800
380000,708.5160075577999,4633,5,5512,879,5250,BlackHole,800033,8.40193E-05,222,451,1353,2171,1732,1704,0.000146205,0.0408581,0.00507319,0.245306,0,0.690125,0.0176829,4208,-6.948990580531284E-06,-6.976011779571335E-06,0.4221665208620611,8546.34,28603.1,71147.3,1.07711E+06,0,0,0,2.856
381000,710.380052450527,4631,5,5512,881,5250,BlackHole,800033,8.40193E-05,222,452,1353,2172,1732,1705,0.000146205,0.0409379,0.00507319,0.245814,0,0.689537,0.0176829,4206,-6.944193866327489E-06,-6.9712150653675405E-06,0.4221665208620611,8384.51,26747.7,70559.4,1.07712E+06,0,0,0,2.819
382000,712.2440973432542,4630,5,5512,882,5250,BlackHole,800033,8.40193E-05,222,452,1353,2173,1732,1706,0.000146205,0.0409379,0.00507319,0.245828,0,0.689524,0.0176829,4205,-6.94333286954331E-06,-6.970354068583361E-06,0.4221665208620611,8285.93,26810.6,71145,1.07719E+06,0,0,0,2.826
383000,714.1081422359814,4628,5,5512,884,5250,BlackHole,800033,8.40193E-05,222,454,1353,2173,1732,1706,0.000146205,0.0410266,0.00507319,0.245828,0,0.689436,0.0176829,4203,-6.9419243889542185E-06,-6.96894558799427E-06,0.4221665208620611,8328.99,27739.7,70479.9,1.07795E+06,0,0,0,2.820
384000,715.9721871287086,4625,5,5512,887,5250,BlackHole,800033,8.40193E-05,222,456,1353,2174,1732,1707,0.000146205,0.0413578,0.00507319,0.24597,0,0.688962,0.0176829,4200,-6.9387886971148224E-06,-6.965809896154874E-06,0.4221665208620611,8640.63,28095,71142.7,1.07793E+06,0,0,0,2.847
385000,717.8362320214358,4621,5,5512,891,5250,BlackHole,800033,8.40193E-05,222,457,1353,2177,1732,1710,0.000146205,0.0413615,0.00507319,0.24733,0,0.687598,0.0176829,4196,-6.931665096967008E-06,-6.958686296007059E-06,0.4221665208620611,9322.5,28698.2,70407.3,1.07709E+06,0,0,0,2.824
386000,719.7002769141629,4619,5,5512,893,5250,BlackHole,800033,8.40193E-05,222,458,1353,2178,1732,1711,0.000146205,0.0414823,0.00507319,0.247443,0,0.687364,0.0176829,4194,-6.930453757470965E-06,-6.957474956511017E-06,0.4221665208620611,9481.11,27223.6,71140.5,1.07685E+06,0,0,0,2.816
387000,721.5643218068901,4617,5,5512,895,5250,BlackHole,800033,8.40193E-05,222,459,1353,2179,1732,1712,0.000146205,0.0417896,0.00507319,0.247447,0,0.687054,0.0176829,4192,-6.928417741807764E-06,-6.955438940847815E-06,0.4221665208620611,9774.48,26630.4,70366,1.07661E+06,0,0,0,2.817
388000,723.4283666996173,4613,5,5512,899,5250,BlackHole,800033,8.40193E-05,222,461,1353,2181,1732,1714,0.000146205,0.041806,0.00507319,0.247966,0,0.686518,0.0176829,4188,-6.925551297713236E-06,-6.952572496753287E-06,0.4221665208620611,9505.42,27300.4,71138.2,1.07747E+06,0,0,0,2.855
389000,725.2924115923445,4612,5,5512,900,5250,BlackHole,800033,8.40193E-05,222,461,1353,2182,1732,1715,0.000146205,0.041806,0.00507319,0.247984,0,0.6865,0.0176829,4187,-6.925748443123535E-06,-6.952769642163586E-06,0.4221665208620611,9448.93,28550.4,70403.5,1.07657E+06,0,0,0,2.834
390000,727.1564564850717,4611,5,5512,901,5250,BlackHole,800033,8.40193E-05,222,461,1353,2183,1732,1716,0.000146205,0.041806,0.00507319,0.248261,0,0.686223,0.0176829,4186,-6.923464047510194E-06,-6.950485246550245E-06,0.4221665208620611,9294.55,28058.8,71136.2,1.07647E+06,0,0,0,2.798
391000,729.0205013777988,4610,5,5512,902,5250,BlackHole,800033,8.40193E-05,222,461,1353,2184,1732,1717,0.000146205,0.041806,0.00507319,0.248683,0,0.6858,0.0176829,4185,-6.921629836872647E-06,-6.948651035912699E-06,0.4221665208620611,9589.32,28065.1,70570.8,1.0768E+06,0,0,0,2.861
392000,730.884546270526,4610,5,5512,902,5250,BlackHole,800033,8.40193E-05,222,461,1353,2184,1732,1717,0.000146205,0.041806,0.00507319,0.248683,0,0.6858,0.0176829,4185,-6.921670096507594E-06,-6.948691295547645E-06,0.4221665208620611,9196.56,26645.5,71134,1.07684E+06,0,0,0,2.852
393000,732.7485911632532,4610,5,5512,902,5250,BlackHole,800033,8.40193E-05,222,461,1353,2184,1732,1717,0.000146205,0.041806,0.00507319,0.248683,0,0.6858,0.0176829,4185,-6.9210441628291235E-06,-6.948065361869175E-06,0.4221665208620611,9357.95,26944.9,70887.9,1.07666E+06,0,0,0,2.860
394000,734.6126360559804,4607,5,5512,905,5250,BlackHole,800033,8.40193E-05,222,463,1353,2185,1732,1718,0.000146205,0.0418627,0.00507319,0.248734,0,0.685693,0.0176829,4182,-6.9203376990903734E-06,-6.947358898130425E-06,0.4221665208620611,9228.18,27977.6,71131.8,1.07725E+06,0,0,0,2.848
395000,736.4766809487076,4606,5,5512,906,5250,BlackHole,800033,8.40193E-05,222,463,1353,2186,1732,1719,0.000146205,0.0418627,0.00507319,0.24891,0,0.685517,0.0176829,4181,-6.918346043969126E-06,-6.945367243009177E-06,0.4221665208620611,9083.88,29667,71289.2,1.07698E+06,0,0,0,2.865
396000,738.3407258414347,4603,5,5512,909,5250,BlackHole,800033,8.40193E-05,222,464,1353,2188,1732,1721,0.000146205,0.0420386,0.00507319,0.249391,0,0.68486,0.0176829,4178,-6.913623948795748E-06,-6.940645147835799E-06,0.4221665208620611,8924.01,29219,71129.6,1.07725E+06,0,0,0,2.831
397000,740.2047707341619,4601,5,5512,911,5250,BlackHole,800033,8.40193E-05,222,465,1353,2189,1732,1722,0.000146205,0.0426489,0.00507319,0.249396,0,0.684245,0.0176829,4176,-6.897097697668913E-06,-6.924118896708964E-06,0.4221665208620611,8749.2,26946.6,71642.1,1.07715E+06,0,0,0,2.770
398000,742.0688156268891,4599,5,5512,913,5250,BlackHole,800033,8.40193E-05,222,466,1353,2190,1732,1723,0.000146205,0.0426533,0.00507319,0.249852,0,0.683784,0.0176829,4174,-6.893383712733529E-06,-6.92040491177358E-06,0.4221665208620611,8567.72,26695.2,71127.6,1.0773E+06,0,0,0,2.777
399000,743.9328605196163,4597,5,5512,915,5250,BlackHole,800033,8.40193E-05,222,466,1353,2192,1732,1725,0.000146205,0.0426533,0.00507319,0.250595,0,0.683042,0.0176829,4172,-6.881612313369752E-06,-6.908633512409804E-06,0.4221665208620611,8398.39,27499.9,71851,1.07757E+06,0,0,0,2.803
400000,745.7969054123434,4595,5,5512,917,5250,BlackHole,800033,8.40193E-05,222,466,1353,2194,1732,1727,0.000146205,0.0426533,0.00507319,0.251215,0,0.682422,0.0176829,4170,-6.87935166601319E-06,-6.906372865053242E-06,0.4221665208620611,8289.56,28871.3,71125.4,1.07751E+06,0,0,0,2.759
401000,747.6609503050706,4593,5,5512,919,5250,BlackHole,800033,8.40193E-05,222,466,1353,2196,1732,1729,0.000146205,0.0426533,0.00507319,0.251977,0,0.68166,0.0176829,4168,-6.876355127585525E-06,-6.903376326625577E-06,0.4221665208620611,8321.78,30469.7,71914.8,1.07731E+06,0,0,0,2.820
402000,749.5249951977978,4593,5,5512,919,5250,BlackHole,800033,8.40193E-05,222,466,1353,2196,1732,1729,0.000146205,0.0426533,0.00507319,0.251977,0,0.68166,0.0176829,4168,-6.8759658400127915E-06,-6.902987039052843E-06,0.4221665208620611,8628.36,27621.8,71123.2,1.07745E+06,0,0,0,2.790
403000,751.389040090525,4590,5,5512,922,5250,BlackHole,800033,8.40193E-05,222,466,1353,2199,1732,1732,0.000146205,0.0426533,0.00507319,0.253032,0,0.680604,0.0176829,4165,-6.862651065322538E-06,-6.889672264362589E-06,0.4221665208620611,9279.27,26612.8,71888.7,1.07777E+06,0,0,0,2.767
404000,753.2530849832522,4589,5,5512,923,5250,BlackHole,800033,8.40193E-05,222,467,1353,2199,1732,1732,0.000146205,0.0426678,0.00507319,0.253032,0,0.68059,0.0176829,4164,-6.862287675184122E-06,-6.889308874224173E-06,0.4221665208620611,9150.77,27104.8,71121,1.07769E+06,0,0,0,2.787
405000,755.1171298759793,4589,5,5512,923,5250,BlackHole,800033,8.40193E-05,222,467,1353,2199,1732,1732,0.000146205,0.0426678,0.00507319,0.253032,0,0.68059,0.0176829,4164,-6.860834715964146E-06,-6.887855915004197E-06,0.4221665208620611,9002.65,28017.6,71818.3,1.07772E+06,0,0,0,2.767
406000,756.9811747687065,4586,5,5512,926,5250,BlackHole,800033,8.40193E-05,222,468,1353,2201,1732,1734,0.000146205,0.0426945,0.00507319,0.254079,0,0.679516,0.0176829,4161,-6.854889576577517E-06,-6.881910775617568E-06,0.4221665208620611,8837.83,28526.4,71118.7,1.07836E+06,0,0,0,2.780
407000,758.8452196614337,4583,5,5512,929,5250,BlackHole,800033,8.40193E-05,222,469,1353,2203,1732,1736,0.000146205,0.0427276,0.00507319,0.254705,0,0.678857,0.0176829,4158,-6.850843300306905E-06,-6.8778644993469565E-06,0.4221665208620611,8663.18,28643.8,71735.4,1.07824E+06,0,0,0,2.767
408000,760.7092645541609,4582,5,5512,930,5250,BlackHole,800033,8.40193E-05,222,470,1353,2203,1732,1736,0.000146205,0.0427409,0.00507319,0.254705,0,0.678844,0.0176829,4157,-6.848418626736887E-06,-6.875439825776939E-06,0.4221665208620611,8487.18,26756.8,71116.4,1.07823E+06,0,0,0,2.782
409000,762.5733094468881,4582,5,5512,930,5250,BlackHole,800033,8.40193E-05,222,470,1353,2203,1732,1736,0.000146205,0.0427409,0.00507319,0.254705,0,0.678844,0.0176829,4157,-6.850560747901179E-06,-6.87758194694123E-06,0.4221665208620611,8340.53,26797.6,71655.3,1.0781E+06,0,0,0,2.750
410000,764.4373543396152,4581,5,5512,931,5250,BlackHole,800033,8.40193E-05,222,471,1353,2203,1732,1736,0.000146205,0.042927,0.00507319,0.254705,0,0.678658,0.0176829,4156,-6.846203186067986E-06,-6.873224385108038E-06,0.4221665208620611,8279.37,27718.8,71114,1.07849E+06,0,0,0,2.778
411000,766.3013992323424,4575,5,5512,937,5250,BlackHole,800033,8.40193E-05,222,472,1353,2208,1732,1741,0.000146205,0.042935,0.00507319,0.256367,0,0.676988,0.0176829,4150,-6.83832492162521E-06,-6.865346120665261E-06,0.4221665208620611,8398.2,28187.6,71584.2,1.07831E+06,0,0,0,2.789
412000,768.1654441250696,4575,5,5512,937,5250,BlackHole,800033,8.40193E-05,222,472,1353,2208,1732,1741,0.000146205,0.042935,0.00507319,0.256367,0,0.676988,0.0176829,4150,-6.837488389787461E-06,-6.864509588827512E-06,0.4221665208620611,8831.07,27998.7,71111.5,1.07803E+06,0,0,0,2.782
413000,770.0294890177968,4574,5,5512,938,5250,BlackHole,800033,8.40193E-05,222,472,1353,2209,1732,1742,0.000146205,0.042935,0.00507319,0.256427,0,0.676927,0.0176829,4149,-6.835640063076642E-06,-6.862661262116693E-06,0.4221665208620611,9641.79,27252.6,71522.9,1.07805E+06,0,0,0,2.794
414000,771.893533910524,4573,5,5512,939,5250,BlackHole,800033,8.40193E-05,222,472,1353,2210,1732,1743,0.000146205,0.042935,0.00507319,0.256653,0,0.676702,0.0176829,4148,-6.836065397393845E-06,-6.8630865964338965E-06,0.4221665208620611,9483.55,26626.7,71108.7,1.07807E+06,0,0,0,2.832
415000,773.7575788032511,4572,5,5512,940,5250,BlackHole,800033,8.40193E-05,222,472,1353,2211,1732,1744,0.000146205,0.042935,0.00507319,0.256656,0,0.676699,0.0176829,4147,-6.835405684976526E-06,-6.8624268840165775E-06,0.4221665208620611,9732.79,27283.9,71471.3,1.07808E+06,0,0,0,2.790
416000,775.6216236959783,4566,5,5512,946,5250,BlackHole,800033,8.40193E-05,222,475,1353,2214,1732,1747,0.000146205,0.0432581,0.00507319,0.257175,0,0.675856,0.0176829,4141,-6.817497208046862E-06,-6.844518407086913E-06,0.4221665208620611,9472.64,28526.1,71106.1,1.07921E+06,0,0,0,2.798
417000,777.4856685887055,4565,5,5512,947,5250,BlackHole,800033,8.40193E-05,222,475,1353,2215,1732,1748,0.000146205,0.0432581,0.00507319,0.257343,0,0.675689,0.0176829,4140,-6.817103497166723E-06,-6.844124696206774E-06,0.4221665208620611,9697.03,29691.5,71427.8,1.07911E+06,0,0,0,2.770
418000,779.3497134814327,4562,5,5512,950,5250,BlackHole,800033,8.40193E-05,222,475,1353,2218,1732,1751,0.000146205,0.0432581,0.00507319,0.258929,0,0.674103,0.0176829,4137,-6.8043665855289634E-06,-6.831387784569015E-06,0.4221665208620611,9590.38,28113.9,71103.1,1.07899E+06,0,0,0,2.803
419000,781.2137583741599,4560,5,5512,952,5250,BlackHole,800033,8.40193E-05,222,476,1353,2219,1732,1752,0.000146205,0.0438135,0.00507319,0.258941,0,0.673535,0.0176829,4135,-6.790267933181576E-06,-6.817289132221628E-06,0.4221665208620611,9478.73,26649.9,71391.4,1.07888E+06,0,0,0,2.779
420000,783.077803266887,4560,5,5512,952,5250,BlackHole,800033,8.40193E-05,222,476,1353,2219,1732,1752,0.000146205,0.0438135,0.00507319,0.258941,0,0.673535,0.0176829,4135,-6.790292750252509E-06,-6.8173139492925606E-06,0.4221665208620611,9215.67,26930.6,71100,1.07895E+06,0,0,0,2.773
421000,784.9418481596142,4559,5,5512,953,5250,BlackHole,800033,8.40193E-05,222,476,1353,2220,1732,1753,0.000146205,0.0438135,0.00507319,0.259511,0,0.672966,0.0176829,4134,-6.786495732265297E-06,-6.813516931305348E-06,0.4221665208620611,9229.55,27951.4,71360.6,1.07974E+06,0,0,0,2.760
422000,786.8058930523414,4556,5,5512,956,5250,BlackHole,800033,8.40193E-05,222,479,1353,2220,1732,1753,0.000146205,0.0439946,0.00507319,0.259511,0,0.672785,0.0176829,4131,-6.784250747061151E-06,-6.811271946101203E-06,0.4221665208620611,9085.38,29626.7,71096.7,1.07965E+06,0,0,0,2.738
423000,788.6699379450686,4553,5,5512,959,5250,BlackHole,800033,8.40193E-05,222,480,1353,2222,1732,1755,0.000146205,0.0440004,0.00507319,0.259967,0,0.672323,0.0176829,4128,-6.78318691503507E-06,-6.810208114075122E-06,0.4221665208620611,8925.69,29261.7,71334.6,1.07943E+06,0,0,0,2.765
424000,790.5339828377957,4551,5,5512,961,5250,BlackHole,800033,8.40193E-05,222,480,1353,2224,1732,1757,0.000146205,0.0440004,0.00507319,0.260721,0,0.671568,0.0176829,4126,-6.777534087063557E-06,-6.804555286103608E-06,0.4221665208620611,8750.98,26963.7,71093.3,1.07928E+06,0,0,0,2.798
425000,792.3980277305229,4551,5,5512,961,5250,BlackHole,800033,8.40193E-05,222,480,1353,2224,1732,1757,0.000146205,0.0440004,0.00507319,0.260721,0,0.671568,0.0176829,4126,-6.7764993132595205E-06,-6.803520512299572E-06,0.4221665208620611,8569.53,26687.6,71312.3,1.07941E+06,0,0,0,2.782
426000,794.2620726232501,4550,5,5512,962,5250,BlackHole,800033,8.40193E-05,222,480,1353,2225,1732,1758,0.000146205,0.0440004,0.00507319,0.261323,0,0.670967,0.0176829,4125,-6.774772918595703E-06,-6.8017941176357545E-06,0.4221665208620611,8399.88,27481.9,71089.5,1.07929E+06,0,0,0,2.783
427000,796.1261175159773,4546,5,5512,966,5250,BlackHole,800033,8.40193E-05,222,483,1353,2226,1732,1759,0.000146205,0.044083,0.00507319,0.261407,0,0.6708,0.0176829,4121,-6.771555375881379E-06,-6.798576574921431E-06,0.4221665208620611,8290.12,28374.5,71293.1,1.07937E+06,0,0,0,2.794
428000,797.9901624087045,4543,5,5512,969,5250,BlackHole,800033,8.40193E-05,222,484,1353,2228,1732,1761,0.000146205,0.0442785,0.00507319,0.261464,0,0.670547,0.0176829,4118,-6.769893716796555E-06,-6.796914915836606E-06,0.4221665208620611,8320.37,29158.2,71085.5,1.07951E+06,0,0,0,2.768
429000,799.8542073014316,4542,5,5512,970,5250,BlackHole,800033,8.40193E-05,222,484,1353,2229,1732,1762,0.000146205,0.0442785,0.00507319,0.262031,0,0.66998,0.0176829,4117,-6.765396333617433E-06,-6.792417532657484E-06,0.4221665208620611,8623.49,27652.2,71276.6,1.07961E+06,0,0,0,2.763
430000,801.7182521941588,4542,5,5512,970,5250,BlackHole,800033,8.40193E-05,222,484,1353,2229,1732,1762,0.000146205,0.0442785,0.00507319,0.262031,0,0.66998,0.0176829,4117,-6.765071455937958E-06,-6.792092654978009E-06,0.4221665208620611,9215.91,26613,71081.1,1.07952E+06,0,0,0,2.764
431000,803.582297086886,4540,5,5512,972,5250,BlackHole,800033,8.40193E-05,222,484,1353,2231,1732,1764,0.000146205,0.0442785,0.00507319,0.262673,0,0.669338,0.0176829,4115,-6.762206815557055E-06,-6.789228014597106E-06,0.4221665208620611,9219.92,27087.9,71262.3,1.07952E+06,0,0,0,2.761
432000,805.4463419796132,4535,5,5512,977,5250,BlackHole,800033,8.40193E-05,222,485,1353,2235,1732,1768,0.000146205,0.0443352,0.00507319,0.263857,0,0.668098,0.0176829,4110,-6.747525054546558E-06,-6.774546253586609E-06,0.4221665208620611,9101.69,28210,71076.4,1.08309E+06,0,0,0,2.785
433000,807.3103868723404,4532,5,5512,980,5250,BlackHole,800033,8.40193E-05,222,485,1353,2238,1732,1771,0.000146205,0.0443352,0.00507319,0.264932,0,0.667023,0.0176829,4107,-6.738993301488791E-06,-6.766014500528842E-06,0.4221665208620611,8947.92,27972.1,71249.8,1.08101E+06,0,0,0,2.753
434000,809.1744317650675,4528,5,5512,984,5250,BlackHole,800033,8.40193E-05,222,487,1353,2240,1732,1773,0.000146205,0.0447182,0.00507319,0.265712,0,0.66586,0.0176829,4103,-6.728777098737926E-06,-6.7557982977779776E-06,0.4221665208620611,8778.77,28326.9,71071.2,1.08112E+06,0,0,0,2.752
435000,811.0384766577947,4526,5,5512,986,5250,BlackHole,800033,8.40193E-05,222,488,1353,2241,1732,1774,0.000146205,0.0447226,0.00507319,0.265761,0,0.665806,0.0176829,4101,-6.729520149640714E-06,-6.7565413486807656E-06,0.4221665208620611,8602.15,26770.9,71238.7,1.08122E+06,0,0,0,2.747
436000,812.9025215505219,4526,5,5512,986,5250,BlackHole,800033,8.40193E-05,222,488,1353,2241,1732,1774,0.000146205,0.0447226,0.00507319,0.265761,0,0.665806,0.0176829,4101,-6.729161841492162E-06,-6.756183040532214E-06,0.4221665208620611,8431.32,26787.4,71065.5,1.08144E+06,0,0,0,2.718
437000,814.7665664432491,4525,5,5512,987,5250,BlackHole,800033,8.40193E-05,222,488,1353,2242,1732,1775,0.000146205,0.0447226,0.00507319,0.265772,0,0.665795,0.0176829,4100,-6.729118295953307E-06,-6.756139494993359E-06,0.4221665208620611,8306.26,27698,71229.1,1.08317E+06,0,0,0,2.742
438000,816.6306113359763,4523,5,5512,989,5250,BlackHole,800033,8.40193E-05,222,488,1353,2244,1732,1777,0.000146205,0.0447226,0.00507319,0.26662,0,0.664948,0.0176829,4098,-6.7250975229488526E-06,-6.752118721988904E-06,0.4221665208620611,8293.37,29189.4,71059.3,1.08143E+06,0,0,0,2.717
439000,818.4946562287034,4518,5,5512,994,5250,BlackHole,800033,8.40193E-05,222,489,1353,2248,1732,1781,0.000146205,0.0447359,0.00507319,0.267252,0,0.664302,0.0176829,4093,-6.721190099002356E-06,-6.748211298042408E-06,0.4221665208620611,8505.06,28460.4,71220.3,1.08007E+06,0,0,0,2.816
440000,820.3587011214306,4512,5,5512,1000,5250,BlackHole,800033,8.40193E-05,222,490,1353,2253,1732,1786,0.000146205,0.0447399,0.00507319,0.267627,0,0.663923,0.0176829,4087,-6.718675473445969E-06,-6.74569667248602E-06,0.4221665208620611,9066.7,27270.7,71052.2,1.07994E+06,0,0,0,2.857
441000,822.2227460141578,4512,5,5512,1000,5250,BlackHole,800033,8.40193E-05,222,490,1353,2253,1732,1786,0.000146205,0.0447399,0.00507319,0.267627,0,0.663923,0.0176829,4087,-6.718851858184347E-06,-6.7458730572243986E-06,0.4221665208620611,9239.76,26623.6,71212.6,1.07971E+06,0,0,0,2.825
442000,824.086790906885,4511,5,5512,1001,5250,BlackHole,800033,8.40193E-05,222,491,1353,2253,1732,1786,0.000146205,0.0447448,0.00507319,0.267627,0,0.663918,0.0176829,4086,-6.719463351015361E-06,-6.746484550055413E-06,0.4221665208620611,9352.74,27263,71044.6,1.07982E+06,0,0,0,2.793
443000,825.9508357996122,4509,5,5512,1003,5250,BlackHole,800033,8.40193E-05,222,491,1353,2255,1732,1788,0.000146205,0.0447448,0.00507319,0.267814,0,0.663731,0.0176829,4084,-6.717356659841445E-06,-6.744377858881496E-06,0.4221665208620611,9805.54,28494.2,71205.6,1.07884E+06,0,0,0,2.816
444000,827.8148806923393,4506,5,5512,1006,5250,BlackHole,800033,8.40193E-05,222,492,1353,2257,1732,1790,0.000146205,0.0449377,0.00507319,0.267903,0,0.66345,0.0176829,4081,-6.715318844084892E-06,-6.742340043124944E-06,0.4221665208620611,9469.05,30586.7,71035.9,1.07858E+06,0,0,0,2.762
445000,829.6789255850665,4505,5,5512,1007,5250,BlackHole,800033,8.40193E-05,222,493,1353,2257,1732,1790,0.000146205,0.0449421,0.00507319,0.267903,0,0.663445,0.0176829,4080,-6.716058280690158E-06,-6.743079479730209E-06,0.4221665208620611,9591.44,28150,71199.4,1.07873E+06,0,0,0,2.757
446000,831.5429704777937,4505,5,5512,1007,5250,BlackHole,800033,8.40193E-05,222,493,1353,2257,1732,1790,0.000146205,0.0449421,0.00507319,0.267903,0,0.663445,0.0176829,4080,-6.715265521438821E-06,-6.7422867204788725E-06,0.4221665208620611,9479.89,26654.4,71026.2,1.07866E+06,0,0,0,2.740
447000,833.4070153705209,4503,5,5512,1009,5250,BlackHole,800033,8.40193E-05,222,494,1353,2258,1732,1791,0.000146205,0.0452313,0.00507319,0.268132,0,0.662927,0.0176829,4078,-6.707790562202336E-06,-6.734811761242387E-06,0.4221665208620611,9360.96,26918.5,71193.6,1.07868E+06,0,0,0,2.783
448000,835.271060263248,4501,5,5512,1011,5250,BlackHole,800033,8.40193E-05,222,494,1353,2260,1732,1793,0.000146205,0.0452313,0.00507319,0.268603,0,0.662456,0.0176829,4076,-6.698047006316605E-06,-6.725068205356657E-06,0.4221665208620611,9230.93,27931.9,71015.2,1.07892E+06,0,0,0,2.783
449000,837.1351051559752,4499,5,5512,1013,5250,BlackHole,800033,8.40193E-05,222,494,1353,2262,1732,1795,0.000146205,0.0452313,0.00507319,0.269168,0,0.66189,0.0176829,4074,-6.695154192640602E-06,-6.722175391680654E-06,0.4221665208620611,9086.87,28946,71188.5,1.07923E+06,0,0,0,2.814
450000,838.9991500487024,4498,5,5512,1014,5250,BlackHole,800033,8.40193E-05,222,494,1353,2263,1732,1796,0.000146205,0.0452313,0.00507319,0.269546,0,0.661513,0.0176829,4073,-6.692605059720916E-06,-6.719626258760967E-06,0.4221665208620611,8927.37,29302.7,71002.8,1.07878E+06,0,0,0,2.781
451000,840.8631949414296,4495,5,5512,1017,5250,BlackHole,800033,8.40193E-05,222,494,1353,2266,1732,1799,0.000146205,0.0452313,0.00507319,0.271004,0,0.660054,0.0176829,4070,-6.671844877634983E-06,-6.698866076675034E-06,0.4221665208620611,8752.76,26979.8,71183.8,1.0791E+06,0,0,0,2.774
452000,842.7272398341568,4494,5,5512,1018,5250,BlackHole,800033,8.40193E-05,222,494,1353,2267,1732,1800,0.000146205,0.0452313,0.00507319,0.271146,0,0.659913,0.0176829,4069,-6.670376518326505E-06,-6.697397717366557E-06,0.4221665208620611,8571.33,26679.7,70988.6,1.07877E+06,0,0,0,2.793
453000,844.5912847268839,4493,5,5512,1019,5250,BlackHole,800033,8.40193E-05,222,494,1353,2268,1732,1801,0.000146205,0.0452313,0.00507319,0.271581,0,0.659478,0.0176829,4068,-6.667348229249723E-06,-6.6943694282897745E-06,0.4221665208620611,8401.37,27458.8,71179.3,1.07888E+06,0,0,0,2.805
454000,846.4553296196111,4491,5,5512,1021,5250,BlackHole,800033,8.40193E-05,222,495,1353,2269,1732,1802,0.000146205,0.0455575,0.00507319,0.271837,0,0.658896,0.0176829,4066,-6.658528374946592E-06,-6.685549573986643E-06,0.4221665208620611,8290.69,27976.5,70972.2,1.07877E+06,0,0,0,2.863
455000,848.3193745123383,4489,5,5512,1023,5250,BlackHole,800033,8.40193E-05,222,496,1353,2270,1732,1803,0.000146205,0.0455652,0.00507319,0.271852,0,0.658873,0.0176829,4064,-6.659167404813733E-06,-6.6861886038537845E-06,0.4221665208620611,8318.99,28195.6,71175.2,1.07909E+06,0,0,0,2.829
456000,850.1834194050655,4487,5,5512,1025,5250,BlackHole,800033,8.40193E-05,222,497,1353,2271,1732,1804,0.000146205,0.04558,0.00507319,0.272296,0,0.658414,0.0176829,4062,-6.651065342638542E-06,-6.6780865416785935E-06,0.4221665208620611,8618.67,27685.7,70953.4,1.07912E+06,0,0,0,2.803
457000,852.0474642977927,4486,5,5512,1026,5250,BlackHole,800033,8.40193E-05,222,497,1353,2272,1732,1805,0.000146205,0.04558,0.00507319,0.27231,0,0.658399,0.0176829,4061,-6.653003325340762E-06,-6.680024524380813E-06,0.4221665208620611,9303.72,26613.4,71171.5,1.07898E+06,0,0,0,2.793
458000,853.9115091905198,4484,5,5512,1028,5250,BlackHole,800033,8.40193E-05,222,497,1353,2274,1732,1807,0.000146205,0.04558,0.00507319,0.272534,0,0.658175,0.0176829,4059,-6.649680088142465E-06,-6.676701287182516E-06,0.4221665208620611,9325.86,27073.4,70931.4,1.07896E+06,0,0,0,2.797
459000,855.775554083247,4481,5,5512,1031,5250,BlackHole,800033,8.40193E-05,222,497,1353,2277,1732,1810,0.000146205,0.04558,0.00507319,0.273178,0,0.657532,0.0176829,4056,-6.647070489227624E-06,-6.674091688267676E-06,0.4221665208620611,9194.75,28184.9,71168,1.07966E+06,0,0,0,2.775
460000,857.6395989759742,4478,5,5512,1034,5250,BlackHole,800033,8.40193E-05,222,498,1353,2279,1732,1812,0.000146205,0.0456671,0.00507319,0.273373,0,0.657249,0.0176829,4053,-6.642814820240981E-06,-6.669836019281032E-06,0.4221665208620611,9051.01,28745.4,70905.7,1.07971E+06,0,0,0,2.772
461000,859.5036438687014,4477,5,5512,1035,5250,BlackHole,800033,8.40193E-05,222,498,1353,2280,1732,1813,0.000146205,0.0456671,0.00507319,0.273382,0,0.657241,0.0176829,4052,-6.6422756504201405E-06,-6.669296849460192E-06,0.4221665208620611,8891.22,27986.4,71164.6,1.07958E+06,0,0,0,2.764
462000,861.3676887614286,4477,5,5512,1035,5250,BlackHole,800033,8.40193E-05,222,498,1353,2280,1732,1813,0.000146205,0.0456671,0.00507319,0.273382,0,0.657241,0.0176829,4052,-6.642094956523107E-06,-6.669116155563158E-06,0.4221665208620611,8718.88,26779,70875.5,1.07953E+06,0,0,0,2.763
463000,863.2317336541557,4476,5,5512,1036,5250,BlackHole,800033,8.40193E-05,222,498,1353,2281,1732,1814,0.000146205,0.0456671,0.00507319,0.273386,0,0.657237,0.0176829,4051,-6.643380292796688E-06,-6.670401491836739E-06,0.4221665208620611,8541.48,26776.8,71161.7,1.07952E+06,0,0,0,2.775
464000,865.0957785468829,4473,5,5512,1039,5250,BlackHole,800033,8.40193E-05,222,498,1353,2284,1732,1817,0.000146205,0.0456671,0.00507319,0.274427,0,0.656196,0.0176829,4048,-6.636252171546624E-06,-6.663273370586675E-06,0.4221665208620611,8380.66,27672.8,70839.8,1.07939E+06,0,0,0,2.784
465000,866.9598234396101,4471,5,5512,1041,5250,BlackHole,800033,8.40193E-05,222,499,1353,2285,1732,1818,0.000146205,0.0458695,0.00507319,0.274491,0,0.65593,0.0176829,4046,-6.632048718709269E-06,-6.6590699177493204E-06,0.4221665208620611,8284.75,29154.4,71158.6,1.0795E+06,0,0,0,2.789
466000,868.8238683323373,4468,5,5512,1044,5250,BlackHole,800033,8.40193E-05,222,499,1353,2288,1732,1821,0.000146205,0.0458695,0.00507319,0.275321,0,0.6551,0.0176829,4043,-6.623446542944598E-06,-6.650467741984649E-06,0.4221665208620611,8333.32,29946.5,70797.5,1.07942E+06,0,0,0,2.814
467000,870.6879132250644,4466,5,5512,1046,5250,BlackHole,800033,8.40193E-05,222,501,1353,2288,1732,1821,0.000146205,0.04637,0.00507319,0.275321,0,0.654599,0.0176829,4041,-6.612865941741512E-06,-6.639887140781563E-06,0.4221665208620611,8654.33,27295.8,71155.9,1.07965E+06,0,0,0,2.790
468000,872.5519581177916,4465,5,5512,1047,5250,BlackHole,800033,8.40193E-05,222,501,1353,2289,1732,1822,0.000146205,0.04637,0.00507319,0.276081,0,0.653839,0.0176829,4040,-6.610158660109156E-06,-6.637179859149207E-06,0.4221665208620611,9260.39,26620.6,70747.3,1.07935E+06,0,0,0,2.865
469000,874.4160030105188,4465,5,5512,1047,5250,BlackHole,800033,8.40193E-05,222,501,1353,2289,1732,1822,0.000146205,0.04637,0.00507319,0.276081,0,0.653839,0.0176829,4040,-6.609723786254944E-06,-6.636744985294996E-06,0.4221665208620611,9218.81,27250.1,71153.2,1.07919E+06,0,0,0,2.833
470000,876.280047903246,4462,5,5512,1050,5250,BlackHole,800033,8.40193E-05,222,501,1353,2292,1732,1825,0.000146205,0.04637,0.00507319,0.276766,0,0.653154,0.0176829,4037,-6.603124872385536E-06,-6.630146071425588E-06,0.4221665208620611,9806.59,28466.5,70688.2,1.08006E+06,0,0,0,2.777
471000,878.1440927959732,4462,5,5512,1050,5250,BlackHole,800033,8.40193E-05,222,501,1353,2292,1732,1825,0.000146205,0.04637,0.00507319,0.276766,0,0.653154,0.0176829,4037,-6.605190629863615E-06,-6.632211828903666E-06,0.4221665208620611,9395.98,29707.1,71150.7,1.07995E+06,0,0,0,2.751
472000,880.0081376887003,4460,5,5512,1052,5250,BlackHole,800033,8.40193E-05,222,502,1353,2293,1732,1826,0.000146205,0.046412,0.00507319,0.276936,0,0.652942,0.0176829,4035,-6.604654959537391E-06,-6.631676158577442E-06,0.4221665208620611,9438.14,28186.4,70619.7,1.07905E+06,0,0,0,2.766
473000,881.8721825814275,4459,5,5512,1053,5250,BlackHole,800033,8.40193E-05,222,502,1353,2294,1732,1827,0.000146205,0.046412,0.00507319,0.276975,0,0.652903,0.0176829,4034,-6.603792313055442E-06,-6.630813512095494E-06,0.4221665208620611,9481.04,26660.1,71148.3,1.07908E+06,0,0,0,2.741
474000,883.7362274741547,4456,5,5512,1056,5250,BlackHole,800033,8.40193E-05,222,503,1353,2296,1732,1829,0.000146205,0.0466181,0.00507319,0.277278,0,0.652394,0.0176829,4031,-6.59861085649306E-06,-6.625632055533111E-06,0.4221665208620611,9362.17,26902,70543,1.08142E+06,0,0,0,2.763
475000,885.6002723668819,4455,5,5512,1057,5250,BlackHole,800033,8.40193E-05,222,504,1353,2296,1732,1829,0.000146205,0.0466219,0.00507319,0.277278,0,0.65239,0.0176829,4030,-6.598325723265721E-06,-6.625346922305773E-06,0.4221665208620611,9232.3,27905.7,71146,1.08132E+06,0,0,0,2.755
476000,887.4643172596091,4453,5,5512,1059,5250,BlackHole,800033,8.40193E-05,222,506,1353,2296,1732,1829,0.000146205,0.0466422,0.00507319,0.277278,0,0.65237,0.0176829,4028,-6.599341417982508E-06,-6.626362617022559E-06,0.4221665208620611,9088.36,28091,70463.6,1.08195E+06,0,0,0,2.749
477000,889.3283621523362,4453,5,5512,1059,5250,BlackHole,800033,8.40193E-05,222,506,1353,2296,1732,1829,0.000146205,0.0466422,0.00507319,0.277278,0,0.65237,0.0176829,4028,-6.596859274609464E-06,-6.623880473649515E-06,0.4221665208620611,8929.04,28693.9,71143.7,1.08184E+06,0,0,0,2.763
478000,891.1924070450634,4451,5,5512,1061,5250,BlackHole,800033,8.40193E-05,222,507,1353,2297,1732,1830,0.000146205,0.046688,0.00507319,0.277937,0,0.651665,0.0176829,4026,-6.5946339414191844E-06,-6.621655140459236E-06,0.4221665208620611,8754.53,26999.5,70395.4,1.08144E+06,0,0,0,2.781
479000,893.0564519377906,4447,5,5512,1065,5250,BlackHole,800033,8.40193E-05,222,508,1353,2300,1732,1833,0.000146205,0.0467069,0.00507319,0.278688,0,0.650895,0.0176829,4022,-6.584850949196313E-06,-6.611872148236364E-06,0.4221665208620611,8573.13,26673.2,71141.4,1.08205E+06,0,0,0,2.738
480000,894.9204968305178,4445,5,5512,1067,5250,BlackHole,800033,8.40193E-05,222,508,1353,2302,1732,1835,0.000146205,0.0467069,0.00507319,0.279435,0,0.650148,0.0176829,4020,-6.580743713293539E-06,-6.607764912333591E-06,0.4221665208620611,8402.86,27443,70367.1,1.0816E+06,0,0,0,2.759
481000,896.784541723245,4442,5,5512,1070,5250,BlackHole,800033,8.40193E-05,222,509,1353,2304,1732,1837,0.000146205,0.0472403,0.00507319,0.279759,0,0.649291,0.0176829,4017,-6.562818233796843E-06,-6.589839432836895E-06,0.4221665208620611,8291.28,28773.1,71139.2,1.08231E+06,0,0,0,2.720
482000,898.6485866159721,4440,5,5512,1072,5250,BlackHole,800033,8.40193E-05,222,509,1353,2306,1732,1839,0.000146205,0.0472403,0.00507319,0.28007,0,0.64898,0.0176829,4015,-6.558397645824733E-06,-6.585418844864784E-06,0.4221665208620611,8317.63,28051,70431.5,1.08235E+06,0,0,0,2.726
483000,900.5126315086993,4439,5,5512,1073,5250,BlackHole,800033,8.40193E-05,222,509,1353,2307,1732,1840,0.000146205,0.0472403,0.00507319,0.280603,0,0.648446,0.0176829,4014,-6.554115466546028E-06,-6.58113666558608E-06,0.4221665208620611,8613.88,27714.1,71137.1,1.08241E+06,0,0,0,2.744
484000,902.3766764014265,4438,5,5512,1074,5250,BlackHole,800033,8.40193E-05,222,510,1353,2307,1732,1840,0.000146205,0.0472457,0.00507319,0.280603,0,0.648441,0.0176829,4013,-6.555352351052067E-06,-6.582373550092118E-06,0.4221665208620611,9294.96,26614.3,70635.1,1.08247E+06,0,0,0,2.758
485000,904.2407212941537,4435,5,5512,1077,5250,BlackHole,800033,8.40193E-05,222,511,1353,2309,1732,1842,0.000146205,0.0473451,0.00507319,0.281093,0,0.647852,0.0176829,4010,-6.5508752492826605E-06,-6.577896448322712E-06,0.4221665208620611,9404.41,27054.7,71134.9,1.08265E+06,0,0,0,2.719
486000,906.1047661868809,4433,5,5512,1079,5250,BlackHole,800033,8.40193E-05,222,512,1353,2310,1732,1843,0.000146205,0.0473616,0.00507319,0.281115,0,0.647813,0.0176829,4008,-6.550632006279272E-06,-6.577653205319323E-06,0.4221665208620611,9282.68,28160,70981.8,1.08251E+06,0,0,0,2.728
487000,907.968811079608,4432,5,5512,1080,5250,BlackHole,800033,8.40193E-05,222,513,1353,2310,1732,1843,0.000146205,0.0478079,0.00507319,0.281115,0,0.647367,0.0176829,4007,-6.5415890741464615E-06,-6.568610273186513E-06,0.4221665208620611,9146.85,29986.3,71132.7,1.0823E+06,0,0,0,2.724
488000,909.8328559723352,4430,5,5512,1082,5250,BlackHole,800033,8.40193E-05,222,514,1353,2311,1732,1844,0.000146205,0.0478206,0.00507319,0.281574,0,0.646895,0.0176829,4005,-6.539603791381386E-06,-6.566624990421437E-06,0.4221665208620611,8998.31,28764.2,71384.2,1.08246E+06,0,0,0,2.761
489000,911.6969008650624,4427,5,5512,1085,5250,BlackHole,800033,8.40193E-05,222,514,1353,2314,1732,1847,0.000146205,0.0478206,0.00507319,0.281853,0,0.646616,0.0176829,4002,-6.536428387576083E-06,-6.563449586616134E-06,0.4221665208620611,8833.09,26789.6,71130.7,1.08234E+06,0,0,0,2.714
490000,913.5609457577896,4424,5,5512,1088,5250,BlackHole,800033,8.40193E-05,222,516,1353,2315,1732,1848,0.000146205,0.0478672,0.00507319,0.281857,0,0.646566,0.0176829,3999,-6.536110143571675E-06,-6.563131342611727E-06,0.4221665208620611,8658.25,26765.8,71708,1.08243E+06,0,0,0,2.702
491000,915.4249906505167,4420,5,5512,1092,5250,BlackHole,800033,8.40193E-05,222,518,1353,2317,1732,1850,0.000146205,0.0480048,0.00507319,0.282123,0,0.646162,0.0176829,3995,-6.534410367761287E-06,-6.561431566801338E-06,0.4221665208620611,8482.52,27655.5,71128.4,1.08272E+06,0,0,0,2.723
492000,917.2890355432439,4418,5,5512,1094,5250,BlackHole,800033,8.40193E-05,222,518,1353,2319,1732,1852,0.000146205,0.0480048,0.00507319,0.282952,0,0.645334,0.0176829,3993,-6.529891885638699E-06,-6.556913084678751E-06,0.4221665208620611,8337.36,29119.7,71879.2,1.08292E+06,0,0,0,2.731
493000,919.1530804359711,4417,5,5512,1095,5250,BlackHole,800033,8.40193E-05,222,518,1353,2320,1732,1853,0.000146205,0.0480048,0.00507319,0.283172,0,0.645113,0.0176829,3992,-6.528357539745295E-06,-6.555378738785347E-06,0.4221665208620611,8279.67,29990,71126.4,1.08294E+06,0,0,0,2.717
494000,921.0171253286983,4417,5,5512,1095,5250,BlackHole,800033,8.40193E-05,222,518,1353,2320,1732,1853,0.000146205,0.0480048,0.00507319,0.283172,0,0.645113,0.0176829,3992,-6.527995741954034E-06,-6.5550169409940855E-06,0.4221665208620611,8405.36,27320.8,71916.3,1.0828E+06,0,0,0,2.733
495000,922.8811702214255,4417,5,5512,1095,5250,BlackHole,800033,8.40193E-05,222,518,1353,2320,1732,1853,0.000146205,0.0480048,0.00507319,0.283172,0,0.645113,0.0176829,3992,-6.5286333926595545E-06,-6.555654591699606E-06,0.4221665208620611,8848.43,26618,71124,1.0826E+06,0,0,0,2.716
496000,924.7452151141526,4414,5,5512,1098,5250,BlackHole,800033,8.40193E-05,222,520,1353,2321,1732,1854,0.000146205,0.0480382,0.00507319,0.283198,0,0.645053,0.0176829,3989,-6.527470396705752E-06,-6.554491595745803E-06,0.4221665208620611,9669.36,27228.5,71876.5,1.0826E+06,0,0,0,2.721
497000,926.6092600068798,4409,5,5512,1103,5250,BlackHole,800033,8.40193E-05,222,522,1353,2324,1732,1857,0.000146205,0.0486891,0.00507319,0.284256,0,0.643345,0.0176829,3984,-6.5092540589305035E-06,-6.536275257970555E-06,0.4221665208620611,9597.66,28016.8,71121.8,1.08308E+06,0,0,0,2.705
498000,928.473304899607,4409,5,5512,1103,5250,BlackHole,800033,8.40193E-05,222,522,1353,2324,1732,1857,0.000146205,0.0486891,0.00507319,0.284256,0,0.643345,0.0176829,3984,-6.509333552750373E-06,-6.5363547517904245E-06,0.4221665208620611,9201.59,28521.1,71801.2,1.08384E+06,0,0,0,2.716
499000,930.3373497923342,4409,5,5512,1103,5250,BlackHole,800033,8.40193E-05,222,522,1353,2324,1732,1857,0.000146205,0.0486891,0.00507319,0.284256,0,0.643345,0.0176829,3984,-6.509657563372848E-06,-6.536678762412899E-06,0.4221665208620611,9194.86,28223.2,71119.6,1.08387E+06,0,0,0,2.700
500000,932.2013946850614,4409,5,5512,1103,5250,BlackHole,800033,8.40193E-05,222,522,1353,2324,1732,1857,0.000146205,0.0486891,0.00507319,0.284256,0,0.643345,0.0176829,3984,-6.50956362772357E-06,-6.536584826763621E-06,0.4221665208620611,9482.2,26666.1,71718,1.08416E+06,0,0,0,2.684
501000,934.0654395777885,4406,5,5512,1106,5250,BlackHole,800033,8.40193E-05,222,523,1353,2326,1732,1859,0.000146205,0.0487175,0.00507319,0.285245,0,0.642327,0.0176829,3981,-6.504349241874191E-06,-6.531370440914243E-06,0.4221665208620611,9363.39,26891.2,71117.1,1.08355E+06,0,0,0,2.728
502000,935.9294844705157,4405,5,5512,1107,5250,BlackHole,800033,8.40193E-05,222,524,1353,2326,1732,1859,0.000146205,0.0488038,0.00507319,0.285245,0,0.642241,0.0176829,3980,-6.501358260049853E-06,-6.528379459089904E-06,0.4221665208620611,9233.67,27887,71639.6,1.08503E+06,0,0,0,2.723
503000,937.7935293632429,4405,5,5512,1107,5250,BlackHole,800033,8.40193E-05,222,524,1353,2326,1732,1859,0.000146205,0.0488038,0.00507319,0.285245,0,0.642241,0.0176829,3980,-6.50200508737195E-06,-6.529026286412001E-06,0.4221665208620611,9089.85,28174.7,71114.7,1.08483E+06,0,0,0,2.781
504000,939.6575742559701,4402,5,5512,1110,5250,BlackHole,800033,8.40193E-05,222,526,1353,2327,1732,1860,0.000146205,0.0489014,0.00507319,0.285639,0,0.641749,0.0176829,3977,-6.497618852688018E-06,-6.52464005172807E-06,0.4221665208620611,8930.72,27997.2,71570.7,1.08506E+06,0,0,0,2.763
505000,941.5216191486973,4402,5,5512,1110,5250,BlackHole,800033,8.40193E-05,222,526,1353,2327,1732,1860,0.000146205,0.0489014,0.00507319,0.285639,0,0.641749,0.0176829,3977,-6.497714102019811E-06,-6.524735301059862E-06,0.4221665208620611,8756.31,27015.8,71112.1,1.08511E+06,0,0,0,2.753
506000,943.3856640414244,4399,5,5512,1113,5250,BlackHole,800033,8.40193E-05,222,527,1353,2329,1732,1862,0.000146205,0.0489053,0.00507319,0.286473,0,0.640912,0.0176829,3974,-6.4904986791982454E-06,-6.517519878238297E-06,0.4221665208620611,8574.94,26666,71511.7,1.0854E+06,0,0,0,2.756
507000,945.2497089341516,4398,5,5512,1114,5250,BlackHole,800033,8.40193E-05,222,527,1353,2330,1732,1863,0.000146205,0.0489053,0.00507319,0.286554,0,0.640831,0.0176829,3973,-6.490853726454382E-06,-6.517874925494434E-06,0.4221665208620611,8404.37,27421,71109.4,1.08481E+06,0,0,0,2.755
508000,947.1137538268788,4396,5,5512,1116,5250,BlackHole,800033,8.40193E-05,222,528,1353,2331,1732,1864,0.000146205,0.0495149,0.00507319,0.286925,0,0.63985,0.0176829,3971,-6.477970281423037E-06,-6.504991480463088E-06,0.4221665208620611,8291.88,28742.5,71462.1,1.08491E+06,0,0,0,2.769
509000,948.977798719606,4393,5,5512,1119,5250,BlackHole,800033,8.40193E-05,222,528,1353,2334,1732,1867,0.000146205,0.0495149,0.00507319,0.28855,0,0.638224,0.0176829,3968,-6.453818580508647E-06,-6.480839779548698E-06,0.4221665208620611,8316.3,29653.1,71106.4,1.08542E+06,0,0,0,2.786
510000,950.8418436123332,4391,5,5512,1121,5250,BlackHole,800033,8.40193E-05,222,528,1353,2336,1732,1869,0.000146205,0.0495149,0.00507319,0.288652,0,0.638123,0.0176829,3966,-6.453898926614201E-06,-6.480920125654253E-06,0.4221665208620611,8609.13,27744.9,71419,1.0848E+06,0,0,0,2.747
511000,952.7058885050603,4389,5,5512,1123,5250,BlackHole,800033,8.40193E-05,222,529,1353,2337,1732,1870,0.000146205,0.049656,0.00507319,0.288682,0,0.637951,0.0176829,3963,-6.448205476000981E-06,-6.4752266750410326E-06,0.4221665208620611,9286.24,26615.4,71103.6,1.08502E+06,0,0,0,2.745
512000,954.5699333977875,4387,5,5512,1125,5250,BlackHole,800033,8.40193E-05,222,531,1353,2337,1732,1870,0.000146205,0.0501938,0.00507319,0.288682,0,0.637414,0.0176829,3962,-6.445703696048416E-06,-6.472724895088468E-06,0.4221665208620611,9480.09,27042.2,71384,1.08535E+06,0,0,0,2.762
513000,956.4339782905147,4386,5,5512,1126,5250,BlackHole,800033,8.40193E-05,222,531,1353,2338,1732,1871,0.000146205,0.0501938,0.00507319,0.288742,0,0.637354,0.0176829,3961,-6.4464863620563E-06,-6.473507561096351E-06,0.4221665208620611,9364.04,28135.3,71100.3,1.08317E+06,0,0,0,2.739
514000,958.2980231832419,4384,5,5512,1128,5250,BlackHole,800033,8.40193E-05,222,532,1353,2339,1732,1872,0.000146205,0.0501976,0.00507319,0.289354,0,0.636739,0.0176829,3959,-6.442278725241649E-06,-6.4692999242817005E-06,0.4221665208620611,9237.62,29942.1,71353.7,1.08324E+06,0,0,0,2.738
515000,960.162068075969,4381,5,5512,1131,5250,BlackHole,800033,8.40193E-05,222,535,1353,2339,1732,1872,0.000146205,0.0503254,0.00507319,0.289354,0,0.636611,0.0176829,3956,-6.440959406275018E-06,-6.46798060531507E-06,0.4221665208620611,9097.66,28803,71096.9,1.08446E+06,0,0,0,2.757
516000,962.0261129686962,4379,5,5512,1133,5250,BlackHole,800033,8.40193E-05,222,535,1353,2341,1732,1874,0.000146205,0.0503254,0.00507319,0.289494,0,0.636471,0.0176829,3954,-6.440149204047941E-06,-6.467170403087992E-06,0.4221665208620611,8943.4,26801.7,71328.6,1.08448E+06,0,0,0,2.736
517000,963.8901578614234,4379,5,5512,1133,5250,BlackHole,800033,8.40193E-05,222,535,1353,2341,1732,1874,0.000146205,0.0503254,0.00507319,0.289494,0,0.636471,0.0176829,3954,-6.439080860605401E-06,-6.466102059645452E-06,0.4221665208620611,8773.96,26754,71093.1,1.0842E+06,0,0,0,2.728
518000,965.7542027541506,4378,5,5512,1134,5250,BlackHole,800033,8.40193E-05,222,535,1353,2342,1732,1875,0.000146205,0.0503254,0.00507319,0.289633,0,0.636331,0.0176829,3953,-6.437815909678671E-06,-6.4648371087187226E-06,0.4221665208620611,8597.22,27627.9,71307.4,1.0842E+06,0,0,0,2.713
519000,967.6182476468778,4377,5,5512,1135,5250,BlackHole,800033,8.40193E-05,222,536,1353,2342,1732,1875,0.000146205,0.0503914,0.00507319,0.289633,0,0.636265,0.0176829,3952,-6.437374909466493E-06,-6.4643961085065445E-06,0.4221665208620611,8427,28366.8,71089.4,1.08515E+06,0,0,0,2.740
520000,969.4822925396049,4375,5,5512,1137,5250,BlackHole,800033,8.40193E-05,222,537,1353,2343,1732,1876,0.000146205,0.0507089,0.00507319,0.289637,0,0.635944,0.0176829,3950,-6.432149072113139E-06,-6.45917027115319E-06,0.4221665208620611,8304,29150.9,71289,1.08638E+06,0,0,0,2.696
521000,971.3463374323321,4372,5,5512,1140,5250,BlackHole,800033,8.40193E-05,222,538,1353,2345,1732,1878,0.000146205,0.0507184,0.00507319,0.290042,0,0.63553,0.0176829,3947,-6.430411404584872E-06,-6.457432603624923E-06,0.4221665208620611,8295.55,27346.3,71085.1,1.0865E+06,0,0,0,2.713
522000,973.2103823250593,4370,5,5512,1142,5250,BlackHole,800033,8.40193E-05,222,540,1353,2345,1732,1878,0.000146205,0.050734,0.00507319,0.290042,0,0.635514,0.0176829,3945,-6.431019412438517E-06,-6.458040611478568E-06,0.4221665208620611,8515.5,26616.2,71273.1,1.08643E+06,0,0,0,2.730
523000,975.0744272177865,4368,5,5512,1144,5250,BlackHole,800033,8.40193E-05,222,540,1353,2347,1732,1880,0.000146205,0.050734,0.00507319,0.290531,0,0.635024,0.0176829,3943,-6.424779347271764E-06,-6.4518005463118156E-06,0.4221665208620611,9087.69,27214.5,71080.6,1.08682E+06,0,0,0,2.705
524000,976.9384721105137,4364,5,5512,1148,5250,BlackHole,800033,8.40193E-05,222,542,1353,2349,1732,1882,0.000146205,0.0513567,0.00507319,0.290999,0,0.633934,0.0176829,3939,-6.410707985364357E-06,-6.4377291844044085E-06,0.4221665208620611,9638.69,28363.4,71259.3,1.08639E+06,0,0,0,2.695
525000,978.8025170032408,4361,5,5512,1151,5250,BlackHole,800033,8.40193E-05,222,544,1353,2350,1732,1883,0.000146205,0.0513567,0.00507319,0.291014,0,0.63392,0.0176829,3936,-6.407427613985752E-06,-6.434448813025804E-06,0.4221665208620611,9384.53,27971.9,71075.8,1.08653E+06,0,0,0,2.678
526000,980.666561895968,4360,5,5512,1152,5250,BlackHole,800033,8.40193E-05,222,545,1353,2350,1732,1883,0.000146205,0.0513608,0.00507319,0.291014,0,0.633916,0.0176829,3935,-6.4060105776507524E-06,-6.433031776690804E-06,0.4221665208620611,9594.62,28258.3,71247.2,1.08653E+06,0,0,0,2.651
527000,982.5306067886952,4358,5,5512,1154,5250,BlackHole,800033,8.40193E-05,222,547,1353,2350,1732,1883,0.000146205,0.0516429,0.00507319,0.291014,0,0.633633,0.0176829,3933,-6.40154915337285E-06,-6.428570352412901E-06,0.4221665208620611,9366.5,26671.7,71070.3,1.08671E+06,0,0,0,2.695
528000,984.3946516814224,4355,5,5512,1157,5250,BlackHole,800033,8.40193E-05,222,547,1353,2353,1732,1886,0.000146205,0.0516429,0.00507319,0.291623,0,0.633024,0.0176829,3930,-6.398142773014874E-06,-6.425163972054925E-06,0.4221665208620611,9316.13,26878.4,71236.5,1.08529E+06,0,0,0,2.687
529000,986.2586965741496,4354,5,5512,1158,5250,BlackHole,800033,8.40193E-05,222,547,1353,2354,1732,1887,0.000146205,0.0516429,0.00507319,0.292037,0,0.63261,0.0176829,3929,-6.3949858847537405E-06,-6.422007083793792E-06,0.4221665208620611,9214.87,27860.8,71064.5,1.08526E+06,0,0,0,2.678
530000,988.1227414668767,4354,5,5512,1158,5250,BlackHole,800033,8.40193E-05,222,547,1353,2354,1732,1887,0.000146205,0.0516429,0.00507319,0.292037,0,0.63261,0.0176829,3929,-6.394342246227069E-06,-6.421363445267121E-06,0.4221665208620611,9091.35,29469.9,71227.2,1.08544E+06,0,0,0,2.705
531000,989.9867863596039,4353,5,5512,1159,5250,BlackHole,800033,8.40193E-05,222,547,1353,2355,1732,1888,0.000146205,0.0516429,0.00507319,0.292048,0,0.632599,0.0176829,3928,-6.395523036665015E-06,-6.422544235705066E-06,0.4221665208620611,8932.39,28448,71058,1.08504E+06,0,0,0,2.671
532000,991.8508312523311,4352,5,5512,1160,5250,BlackHole,800033,8.40193E-05,222,548,1353,2355,1732,1888,0.000146205,0.0516828,0.00507319,0.292048,0,0.632559,0.0176829,3927,-6.393696345179031E-06,-6.420717544219082E-06,0.4221665208620611,8758.08,27034.6,71218.7,1.0852E+06,0,0,0,2.659
533000,993.7148761450583,4351,5,5512,1161,5250,BlackHole,800033,8.40193E-05,222,548,1353,2356,1732,1889,0.000146205,0.0516828,0.00507319,0.292071,0,0.632537,0.0176829,3926,-6.394127608666926E-06,-6.421148807706978E-06,0.4221665208620611,8576.74,26659.7,71050.8,1.0853E+06,0,0,0,2.645
534000,995.5789210377854,4350,5,5512,1162,5250,BlackHole,800033,8.40193E-05,222,548,1353,2357,1732,1890,0.000146205,0.0516828,0.00507319,0.292101,0,0.632506,0.0176829,3925,-6.395096215404084E-06,-6.4221174144441355E-06,0.4221665208620611,8405.87,27407.1,71211.2,1.08417E+06,0,0,0,2.613
535000,997.4429659305126,4350,5,5512,1162,5250,BlackHole,800033,8.40193E-05,222,548,1353,2357,1732,1890,0.000146205,0.0516828,0.00507319,0.292101,0,0.632506,0.0176829,3925,-6.393204894909562E-06,-6.420226093949613E-06,0.4221665208620611,8292.49,28712.1,71042.8,1.08418E+06,0,0,0,2.586
536000,999.3070108232398,4348,5,5512,1164,5250,BlackHole,800033,8.40193E-05,222,549,1353,2358,1732,1891,0.000146205,0.0516869,0.00507319,0.292256,0,0.632347,0.0176829,3923,-6.393327662229539E-06,-6.4203488612695905E-06,0.4221665208620611,8315,30681.8,71204.4,1.08429E+06,0,0,0,2.573
537000,1001.171055715967,4346,5,5512,1166,5250,BlackHole,800033,8.40193E-05,222,550,1353,2359,1732,1892,0.000146205,0.051741,0.00507319,0.29226,0,0.632289,0.0176829,3921,-6.393362850572876E-06,-6.420384049612927E-06,0.4221665208620611,8604.42,27776.8,71033.8,1.08454E+06,0,0,0,2.560
538000,1003.0351006086942,4345,5,5512,1167,5250,BlackHole,800033,8.40193E-05,222,550,1353,2360,1732,1893,0.000146205,0.051741,0.00507319,0.292511,0,0.632038,0.0176829,3920,-6.390911375883703E-06,-6.4179325749237544E-06,0.4221665208620611,9277.56,26616.6,71198.1,1.08579E+06,0,0,0,2.502
539000,1004.8991455014213,4341,5,5512,1171,5250,BlackHole,800033,8.40193E-05,222,552,1353,2362,1732,1895,0.000146205,0.0521093,0.00507319,0.292564,0,0.631616,0.0176829,3915,-6.383325532019746E-06,-6.410346731059798E-06,0.4221665208620611,9327.16,27027.3,71023.7,1.08594E+06,0,0,0,2.557
540000,1006.7631903941485,4341,5,5512,1171,5250,BlackHole,800033,8.40193E-05,222,552,1353,2362,1732,1895,0.000146205,0.0521093,0.00507319,0.292564,0,0.631616,0.0176829,3916,-6.383914162240035E-06,-6.4109353612800864E-06,0.4221665208620611,9342.46,28106.4,71192.7,1.08586E+06,0,0,0,2.680
541000,1008.6272352868757,4341,5,5512,1171,5250,BlackHole,800033,8.40193E-05,222,552,1353,2362,1732,1895,0.000146205,0.0521093,0.00507319,0.292564,0,0.631616,0.0176829,3916,-6.383883884871061E-06,-6.4109050839111125E-06,0.4221665208620611,9322.44,28942.1,71012.3,1.08604E+06,0,0,0,2.670
542000,1010.4912801796029,4337,5,5512,1175,5250,BlackHole,800033,8.40193E-05,222,554,1353,2364,1732,1897,0.000146205,0.0523815,0.00507319,0.293044,0,0.630864,0.0176829,3912,-6.376957392165403E-06,-6.403978591205455E-06,0.4221665208620611,9190.93,28846.1,71187.4,1.08596E+06,0,0,0,2.538
543000,1012.3553250723301,4336,5,5512,1176,5250,BlackHole,800033,8.40193E-05,222,554,1353,2365,1732,1898,0.000146205,0.0523815,0.00507319,0.293444,0,0.630464,0.0176829,3911,-6.375714701494693E-06,-6.4027359005347445E-06,0.4221665208620611,9046.83,26814.3,70999.2,1.08482E+06,0,0,0,2.569
544000,1014.2193699650572,4335,5,5512,1177,5250,BlackHole,800033,8.40193E-05,222,554,1353,2366,1732,1899,0.000146205,0.0523815,0.00507319,0.293933,0,0.629975,0.0176829,3910,-6.368917841111999E-06,-6.39593904015205E-06,0.4221665208620611,8886.57,26746,71182.9,1.08494E+06,0,0,0,2.511
545000,1016.0834148577844,4335,5,5512,1177,5250,BlackHole,800033,8.40193E-05,222,554,1353,2366,1732,1899,0.000146205,0.0523815,0.00507319,0.293933,0,0.629975,0.0176829,3910,-6.366453102411211E-06,-6.3934743014512624E-06,0.4221665208620611,8714.01,27614.9,70984.5,1.08515E+06,0,0,0,2.614
546000,1017.9474597505116,4333,5,5512,1179,5250,BlackHole,800033,8.40193E-05,222,556,1353,2366,1732,1899,0.000146205,0.0527738,0.00507319,0.293933,0,0.629583,0.0176829,3908,-6.3561690922491415E-06,-6.383190291289193E-06,0.4221665208620611,8536.63,27975,71178.5,1.08563E+06,0,0,0,2.489
547000,1019.8115046432388,4329,5,5512,1183,5250,BlackHole,800033,8.40193E-05,222,557,1353,2369,1732,1902,0.000146205,0.0534365,0.00507319,0.294386,0,0.628467,0.0176829,3904,-6.350063765527526E-06,-6.377084964567578E-06,0.4221665208620611,8376.85,28191.6,70967.3,1.0849E+06,0,0,0,2.560
548000,1021.675549535966,4327,5,5512,1185,5250,BlackHole,800033,8.40193E-05,222,559,1353,2369,1732,1902,0.000146205,0.0536136,0.00507319,0.294386,0,0.62829,0.0176829,3902,-6.3469160463279535E-06,-6.373937245368005E-06,0.4221665208620611,8283.67,27371.4,71174.5,1.08475E+06,0,0,0,2.608
549000,1023.5395944286931,4326,5,5512,1186,5250,BlackHole,800033,8.40193E-05,222,559,1353,2370,1732,1903,0.000146205,0.0536136,0.00507319,0.295141,0,0.627536,0.0176829,3901,-6.342152703526944E-06,-6.369173902566996E-06,0.4221665208620611,8337.87,26614.3,70947.6,1.082E+06,0,0,0,2.659
550000,1025.4036393214203,4321,5,5512,1191,5250,BlackHole,800033,8.40193E-05,222,560,1353,2374,1732,1907,0.000146205,0.0536172,0.00507319,0.296246,0,0.626427,0.0176829,3896,-6.33326356126103E-06,-6.360284760301082E-06,0.4221665208620611,8668.34,27197.8,71170.8,1.08203E+06,0,0,0,2.648
551000,1027.2676842141475,4321,5,5512,1191,5250,BlackHole,800033,8.40193E-05,222,560,1353,2374,1732,1907,0.000146205,0.0536172,0.00507319,0.296246,0,0.626427,0.0176829,3896,-6.333789216174586E-06,-6.360810415214638E-06,0.4221665208620611,9371.26,28377.2,70924.6,1.08209E+06,0,0,0,2.577
552000,1029.1317291068747,4320,5,5512,1192,5250,BlackHole,800033,8.40193E-05,222,560,1353,2375,1732,1908,0.000146205,0.0536172,0.00507319,0.296711,0,0.625962,0.0176829,3895,-6.330008954347308E-06,-6.357030153387359E-06,0.4221665208620611,9389.24,28718.6,71167.2,1.08129E+06,0,0,0,2.603
553000,1030.9957739996019,4319,5,5512,1193,5250,BlackHole,800033,8.40193E-05,222,560,1353,2376,1732,1909,0.000146205,0.0536172,0.00507319,0.296854,0,0.625818,0.0176829,3894,-6.330149492621453E-06,-6.357170691661504E-06,0.4221665208620611,9427.54,27983.7,70897.5,1.08143E+06,0,0,0,2.645
554000,1032.859818892329,4319,5,5512,1193,5250,BlackHole,800033,8.40193E-05,222,560,1353,2376,1732,1909,0.000146205,0.0536172,0.00507319,0.296854,0,0.625818,0.0176829,3894,-6.3294864059525375E-06,-6.356507604992589E-06,0.4221665208620611,9373.58,26678.6,71164,1.08128E+06,0,0,0,2.592
555000,1034.7238637850562,4319,5,5512,1193,5250,BlackHole,800033,8.40193E-05,222,560,1353,2376,1732,1909,0.000146205,0.0536172,0.00507319,0.296854,0,0.625818,0.0176829,3894,-6.329610650810351E-06,-6.3566318498504025E-06,0.4221665208620611,9198.79,26865.9,70865.8,1.08109E+06,0,0,0,2.728
556000,1036.5879086777834,4317,5,5512,1195,5250,BlackHole,800033,8.40193E-05,222,562,1353,2376,1732,1909,0.000146205,0.0536411,0.00507319,0.296854,0,0.625795,0.0176829,3892,-6.329236282868856E-06,-6.356257481908908E-06,0.4221665208620611,9236.4,27844.5,71161.1,1.08216E+06,0,0,0,2.644
557000,1038.4519535705106,4314,5,5512,1198,5250,BlackHole,800033,8.40193E-05,222,562,1353,2379,1732,1912,0.000146205,0.0536411,0.00507319,0.297828,0,0.62482,0.0176829,3889,-6.323558423524131E-06,-6.350579622564182E-06,0.4221665208620611,9092.83,29427.8,70828.1,1.08267E+06,0,0,0,2.644
558000,1040.3159984632377,4313,5,5512,1199,5250,BlackHole,800033,8.40193E-05,222,562,1353,2380,1732,1913,0.000146205,0.0536411,0.00507319,0.297832,0,0.624817,0.0176829,3888,-6.323048704283511E-06,-6.3500699033235625E-06,0.4221665208620611,8934.06,29470.7,71158.2,1.08404E+06,0,0,0,2.609
559000,1042.180043355965,4311,5,5512,1201,5250,BlackHole,800033,8.40193E-05,222,562,1353,2382,1732,1915,0.000146205,0.0536411,0.00507319,0.298269,0,0.62438,0.0176829,3886,-6.31980722093205E-06,-6.346828419972101E-06,0.4221665208620611,8759.86,27054.6,70783.6,1.08477E+06,0,0,0,2.627
560000,1044.044088248692,4309,5,5512,1203,5250,BlackHole,800033,8.40193E-05,222,562,1353,2384,1732,1917,0.000146205,0.0536411,0.00507319,0.299716,0,0.622932,0.0176829,3884,-6.302456092315023E-06,-6.3294772913550745E-06,0.4221665208620611,8578.55,26652.6,71155.3,1.08508E+06,0,0,0,2.646
561000,1045.9081331414193,4308,5,5512,1204,5250,BlackHole,800033,8.40193E-05,222,562,1353,2385,1732,1918,0.000146205,0.0536411,0.00507319,0.300013,0,0.622635,0.0176829,3883,-6.2996931013337465E-06,-6.326714300373798E-06,0.4221665208620611,8407.39,27380.3,70730.8,1.08516E+06,0,0,0,2.730
562000,1047.7721780341465,4308,5,5512,1204,5250,BlackHole,800033,8.40193E-05,222,562,1353,2385,1732,1918,0.000146205,0.0536411,0.00507319,0.300013,0,0.622635,0.0176829,3883,-6.2997052777256705E-06,-6.326726476765722E-06,0.4221665208620611,8293.11,28678.9,71152.6,1.08501E+06,0,0,0,2.653
563000,1049.6362229268736,4306,5,5512,1206,5250,BlackHole,800033,8.40193E-05,222,562,1353,2387,1732,1920,0.000146205,0.0536411,0.00507319,0.300364,0,0.622285,0.0176829,3881,-6.296828604480293E-06,-6.323849803520344E-06,0.4221665208620611,8313.72,29555.5,70668.9,1.08517E+06,0,0,0,2.650
564000,1051.5002678196008,4306,5,5512,1206,5250,BlackHole,800033,8.40193E-05,222,562,1353,2387,1732,1920,0.000146205,0.0536411,0.00507319,0.300364,0,0.622285,0.0176829,3881,-6.296733808981052E-06,-6.323755008021104E-06,0.4221665208620611,8599.75,27809.2,71150,1.08513E+06,0,0,0,2.630
565000,1053.364312712328,4304,5,5512,1208,5250,BlackHole,800033,8.40193E-05,222,562,1353,2389,1732,1922,0.000146205,0.0536411,0.00507319,0.300715,0,0.621934,0.0176829,3879,-6.294748334682657E-06,-6.3217695337227085E-06,0.4221665208620611,9268.91,26618.6,70597.6,1.08483E+06,0,0,0,2.563
566000,1055.2283576050552,4302,5,5512,1210,5250,BlackHole,800033,8.40193E-05,222,563,1353,2390,1732,1923,0.000146205,0.0537109,0.00507319,0.301317,0,0.621262,0.0176829,3877,-6.2900610832443755E-06,-6.317082282284427E-06,0.4221665208620611,9270.14,27012.6,71147.7,1.0848E+06,0,0,0,2.570
567000,1057.0924024977824,4302,5,5512,1210,5250,BlackHole,800033,8.40193E-05,222,563,1353,2390,1732,1923,0.000146205,0.0537109,0.00507319,0.301317,0,0.621262,0.0176829,3877,-6.288588035551456E-06,-6.315609234591507E-06,0.4221665208620611,9225.82,28018.2,70519.2,1.08501E+06,0,0,0,2.508
568000,1058.9564473905095,4302,5,5512,1210,5250,BlackHole,800033,8.40193E-05,222,563,1353,2390,1732,1923,0.000146205,0.0537109,0.00507319,0.301317,0,0.621262,0.0176829,3877,-6.288835069655329E-06,-6.31585626869538E-06,0.4221665208620611,9323.16,28087.8,71145.2,1.08506E+06,0,0,0,2.605
569000,1060.8204922832367,4301,5,5512,1211,5250,BlackHole,800033,8.40193E-05,222,564,1353,2390,1732,1923,0.000146205,0.0537204,0.00507319,0.301317,0,0.621252,0.0176829,3876,-6.28865160224412E-06,-6.315672801284171E-06,0.4221665208620611,9279.11,28686.1,70441.1,1.08496E+06,0,0,0,2.511
570000,1062.684537175964,4301,5,5512,1211,5250,BlackHole,800033,8.40193E-05,222,564,1353,2390,1732,1923,0.000146205,0.0537204,0.00507319,0.301317,0,0.621252,0.0176829,3876,-6.2891572428529685E-06,-6.31617844189302E-06,0.4221665208620611,9142.93,26826.9,71143,1.08483E+06,0,0,0,2.577
571000,1064.548582068691,4298,5,5512,1214,5250,BlackHole,800033,8.40193E-05,222,564,1353,2393,1732,1926,0.000146205,0.0537204,0.00507319,0.301452,0,0.621118,0.0176829,3873,-6.288377255912877E-06,-6.315398454952928E-06,0.4221665208620611,8993.95,26734.7,70381,1.0846E+06,0,0,0,2.542
572000,1066.4126269614183,4297,5,5512,1215,5250,BlackHole,800033,8.40193E-05,222,565,1353,2393,1732,1926,0.000146205,0.0537415,0.00507319,0.301452,0,0.621097,0.0176829,3872,-6.288034776227671E-06,-6.3150559752677225E-06,0.4221665208620611,8828.34,27587,71140.6,1.08459E+06,0,0,0,2.544
573000,1068.2766718541454,4294,5,5512,1218,5250,BlackHole,800033,8.40193E-05,222,565,1353,2396,1732,1929,0.000146205,0.0537415,0.00507319,0.30189,0,0.620659,0.0176829,3869,-6.284145522700791E-06,-6.311166721740843E-06,0.4221665208620611,8653.33,29014.3,70370.1,1.08451E+06,0,0,0,2.491
574000,1070.1407167468726,4291,5,5512,1221,5250,BlackHole,800033,8.40193E-05,222,565,1353,2399,1732,1932,0.000146205,0.0537415,0.00507319,0.302145,0,0.620404,0.0176829,3866,-6.283420141033128E-06,-6.31044134007318E-06,0.4221665208620611,8477.88,28044.7,71138.4,1.08243E+06,0,0,0,2.538
575000,1072.0047616395998,4291,5,5512,1221,5250,BlackHole,800033,8.40193E-05,222,565,1353,2399,1732,1932,0.000146205,0.0537415,0.00507319,0.302145,0,0.620404,0.0176829,3866,-6.284343404397525E-06,-6.311364603437576E-06,0.4221665208620611,8334.26,27398.6,70454.4,1.0825E+06,0,0,0,2.593
576000,1073.868806532327,4291,5,5512,1221,5250,BlackHole,800033,8.40193E-05,222,565,1353,2399,1732,1932,0.000146205,0.0537415,0.00507319,0.302145,0,0.620404,0.0176829,3866,-6.283112698968227E-06,-6.310133898008279E-06,0.4221665208620611,8280.11,26613.3,71136.2,1.08237E+06,0,0,0,2.531
577000,1075.7328514250542,4291,5,5512,1221,5250,BlackHole,800033,8.40193E-05,222,565,1353,2399,1732,1932,0.000146205,0.0537415,0.00507319,0.302145,0,0.620404,0.0176829,3866,-6.282859215691795E-06,-6.3098804147318465E-06,0.4221665208620611,8412.77,27178,70683.3,1.08231E+06,0,0,0,2.483
578000,1077.5968963177813,4290,5,5512,1222,5250,BlackHole,800033,8.40193E-05,222,565,1353,2400,1732,1933,0.000146205,0.0537415,0.00507319,0.302576,0,0.619972,0.0176829,3865,-6.280890002175499E-06,-6.30791120121555E-06,0.4221665208620611,8866.1,28350.2,71134,1.08159E+06,0,0,0,2.511
579000,1079.4609412105085,4288,5,5512,1224,5250,BlackHole,800033,8.40193E-05,222,566,1353,2401,1732,1934,0.000146205,0.0537454,0.00507319,0.303112,0,0.619432,0.0176829,3863,-6.277423031987275E-06,-6.304444231027326E-06,0.4221665208620611,9579.42,29556.3,71047.4,1.08337E+06,0,0,0,2.468
580000,1081.3249861032357,4287,5,5512,1225,5250,BlackHole,800033,8.40193E-05,222,566,1353,2402,1732,1935,0.000146205,0.0537454,0.00507319,0.303128,0,0.619417,0.0176829,3862,-6.278157316021636E-06,-6.305178515061687E-06,0.4221665208620611,9343.93,28329.6,71131.9,1.08162E+06,0,0,0,2.460
581000,1083.1890309959629,4286,5,5512,1226,5250,BlackHole,800033,8.40193E-05,222,566,1353,2403,1732,1936,0.000146205,0.0537454,0.00507319,0.30364,0,0.618904,0.0176829,3861,-6.2747990389808054E-06,-6.301820238020857E-06,0.4221665208620611,9485.65,26685.7,71445.6,1.08138E+06,0,0,0,2.496
582000,1085.05307588869,4286,5,5512,1226,5250,BlackHole,800033,8.40193E-05,222,566,1353,2403,1732,1936,0.000146205,0.0537454,0.00507319,0.30364,0,0.618904,0.0176829,3861,-6.275217676497158E-06,-6.3022388755372096E-06,0.4221665208620611,9351.65,26851.2,71129.7,1.08142E+06,0,0,0,2.602
583000,1086.9171207814172,4286,5,5512,1226,5250,BlackHole,800033,8.40193E-05,222,566,1353,2403,1732,1936,0.000146205,0.0537454,0.00507319,0.30364,0,0.618904,0.0176829,3861,-6.275592827066352E-06,-6.302614026106404E-06,0.4221665208620611,9237.77,27812.2,71746.5,1.08133E+06,0,0,0,2.537
584000,1088.7811656741444,4285,5,5512,1227,5250,BlackHole,800033,8.40193E-05,222,566,1353,2404,1732,1937,0.000146205,0.0537454,0.00507319,0.303779,0,0.618765,0.0176829,3860,-6.2753718134297255E-06,-6.302393012469777E-06,0.4221665208620611,9094.32,29389.9,71127.6,1.08211E+06,0,0,0,2.648
585000,1090.6452105668716,4283,5,5512,1229,5250,BlackHole,800033,8.40193E-05,222,567,1353,2405,1732,1938,0.000146205,0.0540955,0.00507319,0.304112,0,0.618082,0.0176829,3858,-6.2661803946410575E-06,-6.293201593681109E-06,0.4221665208620611,8935.73,29517.9,71892.8,1.08193E+06,0,0,0,2.584
586000,1092.5092554595988,4282,5,5512,1230,5250,BlackHole,800033,8.40193E-05,222,567,1353,2406,1732,1939,0.000146205,0.0540955,0.00507319,0.304278,0,0.617916,0.0176829,3857,-6.265922916299766E-06,-6.292944115339817E-06,0.4221665208620611,8761.63,27074.5,71125.4,1.08144E+06,0,0,0,2.534
587000,1094.373300352326,4280,5,5512,1232,5250,BlackHole,800033,8.40193E-05,222,567,1353,2408,1732,1941,0.000146205,0.0540955,0.00507319,0.304917,0,0.617277,0.0176829,3855,-6.261521112527196E-06,-6.288542311567248E-06,0.4221665208620611,8580.36,26648.6,71910.2,1.08045E+06,0,0,0,2.602
588000,1096.2373452450531,4278,5,5512,1234,5250,BlackHole,800033,8.40193E-05,222,567,1353,2410,1732,1943,0.000146205,0.0540955,0.00507319,0.305435,0,0.61676,0.0176829,3853,-6.257743056091478E-06,-6.284764255131529E-06,0.4221665208620611,8408.9,27369.1,71123,1.08049E+06,0,0,0,2.522
589000,1098.1013901377803,4274,5,5512,1238,5250,BlackHole,800033,8.40193E-05,222,567,1353,2414,1732,1947,0.000146205,0.0540955,0.00507319,0.306779,0,0.615416,0.0176829,3849,-6.248347489878879E-06,-6.27536868891893E-06,0.4221665208620611,8293.75,28014.5,71855.6,1.08253E+06,0,0,0,2.509
590000,1099.9654350305075,4271,5,5512,1241,5250,BlackHole,800033,8.40193E-05,222,568,1353,2416,1732,1949,0.000146205,0.0541179,0.00507319,0.307234,0,0.614938,0.0176829,3846,-6.241670312786807E-06,-6.268691511826858E-06,0.4221665208620611,8312.47,28521,71120.6,1.08342E+06,0,0,0,2.500
591000,1101.8294799232347,4271,5,5512,1241,5250,BlackHole,800033,8.40193E-05,222,568,1353,2416,1732,1949,0.000146205,0.0541179,0.00507319,0.307234,0,0.614938,0.0176829,3846,-6.240929915990855E-06,-6.267951115030906E-06,0.4221665208620611,8595.12,27840.1,71775.7,1.0833E+06,0,0,0,2.547
592000,1103.6935248159618,4269,5,5512,1243,5250,BlackHole,800033,8.40193E-05,222,568,1353,2418,1732,1951,0.000146205,0.0541179,0.00507319,0.307593,0,0.614579,0.0176829,3844,-6.2400296814870405E-06,-6.267050880527092E-06,0.4221665208620611,9260.3,26620.4,71118.4,1.08217E+06,0,0,0,2.512
593000,1105.557569708689,4268,5,5512,1244,5250,BlackHole,800033,8.40193E-05,222,568,1353,2419,1732,1952,0.000146205,0.0541179,0.00507319,0.308023,0,0.614149,0.0176829,3843,-6.236781826508182E-06,-6.263803025548233E-06,0.4221665208620611,9223.08,26998.1,71693,1.08195E+06,0,0,0,2.461
594000,1107.4216146014162,4266,5,5512,1246,5250,BlackHole,800033,8.40193E-05,222,568,1353,2421,1732,1954,0.000146205,0.0541179,0.00507319,0.308892,0,0.61328,0.0176829,3841,-6.231582462803768E-06,-6.2586036618438194E-06,0.4221665208620611,9416.61,28057.7,71115.8,1.0811E+06,0,0,0,2.502
595000,1109.2856594941434,4263,5,5512,1249,5250,BlackHole,800033,8.40193E-05,222,569,1353,2423,1732,1956,0.000146205,0.0541231,0.00507319,0.308976,0,0.613191,0.0176829,3838,-6.231704740898385E-06,-6.258725939938436E-06,0.4221665208620611,9476.95,28164.1,71617.2,1.08086E+06,0,0,0,2.484
596000,1111.1497043868706,4263,5,5512,1249,5250,BlackHole,800033,8.40193E-05,222,569,1353,2423,1732,1956,0.000146205,0.0541231,0.00507319,0.308976,0,0.613191,0.0176829,3838,-6.2316370384703545E-06,-6.258658237510406E-06,0.4221665208620611,9360.73,27997.2,71113.4,1.08086E+06,0,0,0,2.488
597000,1113.0137492795977,4262,5,5512,1250,5250,BlackHole,800033,8.40193E-05,222,569,1353,2424,1732,1957,0.000146205,0.0541231,0.00507319,0.30898,0,0.613187,0.0176829,3837,-6.230495705458082E-06,-6.2575169044981334E-06,0.4221665208620611,9195.17,26840.7,71551.3,1.08104E+06,0,0,0,2.501
598000,1114.877794172325,4259,5,5512,1253,5250,BlackHole,800033,8.40193E-05,222,570,1353,2426,1732,1959,0.000146205,0.0548879,0.00507319,0.309374,0,0.612028,0.0176829,3834,-6.217955642647044E-06,-6.244976841687095E-06,0.4221665208620611,9093.62,26727.3,71110.7,1.08035E+06,0,0,0,2.479
599000,1116.741839065052,4257,5,5512,1255,5250,BlackHole,800033,8.40193E-05,222,571,1353,2427,1732,1960,0.000146205,0.0549516,0.00507319,0.309721,0,0.611617,0.0176829,3832,-6.2155748608612395E-06,-6.242596059901291E-06,0.4221665208620611,8938.87,27570.9,71495.2,1.08044E+06,0,0,0,2.496
600000,1118.6058839577793,4256,5,5512,1256,5250,BlackHole,800033,8.40193E-05,222,572,1353,2427,1732,1960,0.000146205,0.0553296,0.00507319,0.309721,0,0.611239,0.0176829,3831,-6.204672151808456E-06,-6.231693350848507E-06,0.4221665208620611,8769.15,28981,71107.9,1.08025E+06,0,0,0,2.489
601000,1120.4699288505064,4254,5,5512,1258,5250,BlackHole,800033,8.40193E-05,222,573,1353,2428,1732,1961,0.000146205,0.0553718,0.00507319,0.310107,0,0.610811,0.0176829,3829,-6.2037652240033516E-06,-6.230786423043403E-06,0.4221665208620611,8592.29,29549.3,71448,1.08001E+06,0,0,0,2.488
602000,1122.3339737432336,4254,5,5512,1258,5250,BlackHole,800033,8.40193E-05,222,573,1353,2428,1732,1961,0.000146205,0.0553718,0.00507319,0.310107,0,0.610811,0.0176829,3829,-6.202393491380041E-06,-6.2294146904200925E-06,0.4221665208620611,8422.72,27424.6,71105,1.08001E+06,0,0,0,2.507
603000,1124.1980186359608,4252,5,5512,1260,5250,BlackHole,800033,8.40193E-05,222,574,1353,2429,1732,1962,0.000146205,0.0553757,0.00507319,0.310268,0,0.610646,0.0176829,3827,-6.201123656410449E-06,-6.228144855450501E-06,0.4221665208620611,8301.83,26612.8,71408.3,1.07987E+06,0,0,0,2.512
604000,1126.062063528688,4251,5,5512,1261,5250,BlackHole,800033,8.40193E-05,222,575,1353,2429,1732,1962,0.000146205,0.0553815,0.00507319,0.310268,0,0.61064,0.0176829,3826,-6.201638659177035E-06,-6.228659858217086E-06,0.4221665208620611,8297.91,27158.1,71101.9,1.08005E+06,0,0,0,2.475
605000,1127.9261084214152,4248,5,5512,1264,5250,BlackHole,800033,8.40193E-05,222,576,1353,2431,1732,1964,0.000146205,0.0555588,0.00507319,0.310568,0,0.610164,0.0176829,3823,-6.19454141489121E-06,-6.2215626139312616E-06,0.4221665208620611,8526.22,28326.6,71374.9,1.08039E+06,0,0,0,2.495
606000,1129.7901533141423,4246,5,5512,1266,5250,BlackHole,800033,8.40193E-05,222,576,1353,2433,1732,1966,0.000146205,0.0555588,0.00507319,0.310952,0,0.609779,0.0176829,3821,-6.191963861784403E-06,-6.218985060824454E-06,0.4221665208620611,9108.99,29588.7,71098.7,1.08038E+06,0,0,0,2.502
607000,1131.6541982068695,4244,5,5512,1268,5250,BlackHole,800033,8.40193E-05,222,576,1353,2435,1732,1968,0.000146205,0.0555588,0.00507319,0.311468,0,0.609263,0.0176829,3819,-6.1897384006508395E-06,-6.216759599690891E-06,0.4221665208620611,9448.92,28373.4,71346.6,1.08027E+06,0,0,0,2.567
608000,1133.5182430995967,4243,5,5512,1269,5250,BlackHole,800033,8.40193E-05,222,576,1353,2436,1732,1969,0.000146205,0.0555588,0.00507319,0.311923,0,0.608808,0.0176829,3818,-6.1825166820906485E-06,-6.2095378811307E-06,0.4221665208620611,9261.92,26693,71095.2,1.08063E+06,0,0,0,2.587
609000,1135.3822879923239,4240,5,5512,1272,5250,BlackHole,800033,8.40193E-05,222,576,1353,2439,1732,1972,0.000146205,0.0555588,0.00507319,0.31279,0,0.607941,0.0176829,3815,-6.179048808732456E-06,-6.2060700077725075E-06,0.4221665208620611,9368.24,26842.6,71322.5,1.0805E+06,0,0,0,2.573
610000,1137.246332885051,4239,5,5512,1273,5250,BlackHole,800033,8.40193E-05,222,577,1353,2439,1732,1972,0.000146205,0.0559554,0.00507319,0.31279,0,0.607545,0.0176829,3814,-6.1691685085136355E-06,-6.196189707553687E-06,0.4221665208620611,9239.13,27794.8,71091.6,1.08059E+06,0,0,0,2.492
611000,1139.1103777777782,4237,5,5512,1275,5250,BlackHole,800033,8.40193E-05,222,578,1353,2440,1732,1973,0.000146205,0.0561228,0.00507319,0.313461,0,0.606706,0.0176829,3812,-6.161715820206116E-06,-6.1887370192461675E-06,0.4221665208620611,9095.81,28364,71302,1.08048E+06,0,0,0,2.566
612000,1140.9744226705054,4232,5,5512,1280,5250,BlackHole,800033,8.40193E-05,222,579,1353,2444,1732,1977,0.000146205,0.0561964,0.00507319,0.314132,0,0.605961,0.0176829,3807,-6.155339770002958E-06,-6.1823609690430094E-06,0.4221665208620611,8937.4,29142.9,71087.7,1.08079E+06,0,0,0,2.494
613000,1142.8384675632326,4230,5,5512,1282,5250,BlackHole,800033,8.40193E-05,222,581,1353,2444,1732,1977,0.000146205,0.0561964,0.00507319,0.314132,0,0.605961,0.0176829,3805,-6.154228401884942E-06,-6.181249600924994E-06,0.4221665208620611,8763.41,27092.9,71284.3,1.08312E+06,0,0,0,2.488
614000,1144.7025124559598,4229,5,5512,1283,5250,BlackHole,800033,8.40193E-05,222,581,1353,2445,1732,1978,0.000146205,0.0561964,0.00507319,0.314136,0,0.605957,0.0176829,3804,-6.154425753222686E-06,-6.181446952262738E-06,0.4221665208620611,8582.16,26641.9,71083.3,1.08292E+06,0,0,0,2.614
615000,1146.566557348687,4228,5,5512,1284,5250,BlackHole,800033,8.40193E-05,222,581,1353,2446,1732,1979,0.000146205,0.0561964,0.00507319,0.314592,0,0.605502,0.0176829,3803,-6.1524048120504584E-06,-6.17942601109051E-06,0.4221665208620611,8410.43,27351,71268.9,1.08153E+06,0,0,0,2.613
616000,1148.4306022414141,4228,5,5512,1284,5250,BlackHole,800033,8.40193E-05,222,581,1353,2446,1732,1979,0.000146205,0.0561964,0.00507319,0.314592,0,0.605502,0.0176829,3803,-6.152442659942323E-06,-6.179463858982374E-06,0.4221665208620611,8294.4,28346.5,71078.6,1.08128E+06,0,0,0,2.474
617000,1150.2946471341413,4225,5,5512,1287,5250,BlackHole,800033,8.40193E-05,222,584,1353,2446,1732,1979,0.000146205,0.0562138,0.00507319,0.314592,0,0.605484,0.0176829,3800,-6.151716109996724E-06,-6.178737309036775E-06,0.4221665208620611,8311.25,27971.9,71255.5,1.08401E+06,0,0,0,2.483
618000,1152.1586920268685,4225,5,5512,1287,5250,BlackHole,800033,8.40193E-05,222,584,1353,2446,1732,1979,0.000146205,0.0562138,0.00507319,0.314592,0,0.605484,0.0176829,3800,-6.151823826390419E-06,-6.17884502543047E-06,0.4221665208620611,8590.52,27876.3,71073.6,1.084E+06,0,0,0,2.496
619000,1154.0227369195957,4223,5,5512,1289,5250,BlackHole,800033,8.40193E-05,222,585,1353,2447,1732,1980,0.000146205,0.056222,0.00507319,0.314648,0,0.60542,0.0176829,3798,-6.15182100308691E-06,-6.178842202126961E-06,0.4221665208620611,9251.73,26622.8,71243.6,1.0826E+06,0,0,0,2.500
620000,1155.8867818123229,4221,5,5512,1291,5250,BlackHole,800033,8.40193E-05,222,585,1353,2449,1732,1982,0.000146205,0.056222,0.00507319,0.314662,0,0.605406,0.0176829,3796,-6.1511579160229985E-06,-6.17817911506305E-06,0.4221665208620611,9620.51,26980.8,71068,1.0825E+06,0,0,0,2.490
621000,1157.75082670505,4220,5,5512,1292,5250,BlackHole,800033,8.40193E-05,222,585,1353,2450,1732,1983,0.000146205,0.056222,0.00507319,0.314826,0,0.605242,0.0176829,3795,-6.150795882600846E-06,-6.177817081640897E-06,0.4221665208620611,9654.46,28038.7,71233.2,1.08091E+06,0,0,0,2.445
622000,1159.6148715977772,4219,5,5512,1293,5250,BlackHole,800033,8.40193E-05,222,585,1353,2451,1732,1984,0.000146205,0.056222,0.00507319,0.314994,0,0.605074,0.0176829,3794,-6.149635569910734E-06,-6.1766567689507856E-06,0.4221665208620611,9549.89,29581.2,71062.1,1.08089E+06,0,0,0,2.455
623000,1161.4789164905044,4219,5,5512,1293,5250,BlackHole,800033,8.40193E-05,222,585,1353,2451,1732,1984,0.000146205,0.056222,0.00507319,0.314994,0,0.605074,0.0176829,3794,-6.149511181290106E-06,-6.1765323803301576E-06,0.4221665208620611,9217.99,28420.5,71224,1.08103E+06,0,0,0,2.488
624000,1163.3429613832316,4218,5,5512,1294,5250,BlackHole,800033,8.40193E-05,222,585,1353,2452,1732,1985,0.000146205,0.056222,0.00507319,0.315261,0,0.604807,0.0176829,3793,-6.148685647154128E-06,-6.175706846194179E-06,0.4221665208620611,9319.01,26854.1,71055.3,1.08019E+06,0,0,0,2.466
625000,1165.2070062759587,4216,5,5512,1296,5250,BlackHole,800033,8.40193E-05,222,586,1353,2453,1732,1986,0.000146205,0.0562428,0.00507319,0.315294,0,0.604753,0.0176829,3791,-6.14669331409433E-06,-6.173714513134381E-06,0.4221665208620611,9187.09,26714.7,71215.9,1.08024E+06,0,0,0,2.463
626000,1167.071051168686,4214,5,5512,1298,5250,BlackHole,800033,8.40193E-05,222,586,1353,2455,1732,1988,0.000146205,0.0562428,0.00507319,0.315375,0,0.604672,0.0176829,3789,-6.145570922327615E-06,-6.172592121367666E-06,0.4221665208620611,9042.64,27546.8,71048,1.08029E+06,0,0,0,2.579
627000,1168.935096061413,4211,5,5512,1301,5250,BlackHole,800033,8.40193E-05,222,588,1353,2456,1732,1989,0.000146205,0.0562537,0.00507319,0.315379,0,0.604657,0.0176829,3786,-6.146229703703533E-06,-6.173250902743585E-06,0.4221665208620611,8881.91,28948,71208.6,1.08197E+06,0,0,0,2.524
628000,1170.7991409541403,4209,5,5512,1303,5250,BlackHole,800033,8.40193E-05,222,588,1353,2458,1732,1991,0.000146205,0.0562537,0.00507319,0.316513,0,0.603524,0.0176829,3784,-6.141030901431022E-06,-6.168052100471074E-06,0.4221665208620611,8709.13,29741.7,71039.7,1.08103E+06,0,0,0,2.542
629000,1172.6631858468675,4206,5,5512,1306,5250,BlackHole,800033,8.40193E-05,222,589,1353,2460,1732,1993,0.000146205,0.0565325,0.00507319,0.316986,0,0.602772,0.0176829,3781,-6.135876053117896E-06,-6.162897252157948E-06,0.4221665208620611,8531.79,27451.8,71201.8,1.07975E+06,0,0,0,2.523
630000,1174.5272307395946,4206,5,5512,1306,5250,BlackHole,800033,8.40193E-05,222,589,1353,2460,1732,1993,0.000146205,0.0565325,0.00507319,0.316986,0,0.602772,0.0176829,3781,-6.135752532287153E-06,-6.162773731327204E-06,0.4221665208620611,8373.1,26612.8,71030.4,1.07981E+06,0,0,0,2.474
631000,1176.3912756323218,4205,5,5512,1307,5250,BlackHole,800033,8.40193E-05,222,589,1353,2461,1732,1994,0.000146205,0.0565325,0.00507319,0.317638,0,0.60212,0.0176829,3780,-6.131007671857695E-06,-6.1580288708977466E-06,0.4221665208620611,8282.71,27145.2,71195.8,1.08092E+06,0,0,0,2.506
632000,1178.255320525049,4203,5,5512,1309,5250,BlackHole,800033,8.40193E-05,222,589,1353,2463,1732,1996,0.000146205,0.0565325,0.00507319,0.318147,0,0.60161,0.0176829,3778,-6.128255963049401E-06,-6.155277162089453E-06,0.4221665208620611,8342.63,28227.2,71020.1,1.08068E+06,0,0,0,2.467
633000,1180.1193654177762,4200,5,5512,1312,5250,BlackHole,800033,8.40193E-05,222,589,1353,2466,1732,1999,0.000146205,0.0565325,0.00507319,0.31894,0,0.600817,0.0176829,3775,-6.124068462220727E-06,-6.1510896612607785E-06,0.4221665208620611,8682.65,28934.6,71190.3,1.08017E+06,0,0,0,2.440
634000,1181.9834103105034,4199,5,5512,1313,5250,BlackHole,800033,8.40193E-05,222,589,1353,2467,1732,2000,0.000146205,0.0565325,0.00507319,0.319414,0,0.600343,0.0176829,3774,-6.121359133647936E-06,-6.148380332687988E-06,0.4221665208620611,9384.1,28405.4,71008.2,1.08065E+06,0,0,0,2.527
635000,1183.8474552032305,4197,5,5512,1315,5250,BlackHole,800033,8.40193E-05,222,590,1353,2468,1732,2001,0.000146205,0.0565415,0.00507319,0.319873,0,0.599875,0.0176829,3772,-6.118594813666916E-06,-6.145616012706968E-06,0.4221665208620611,9334.81,26700.4,71185.2,1.07827E+06,0,0,0,2.509
636000,1185.7115000959577,4197,5,5512,1315,5250,BlackHole,800033,8.40193E-05,222,590,1353,2468,1732,2001,0.000146205,0.0565415,0.00507319,0.319873,0,0.599875,0.0176829,3772,-6.118986892906686E-06,-6.146008091946737E-06,0.4221665208620611,9369.45,26827.3,70994.9,1.07829E+06,0,0,0,2.454
637000,1187.575544988685,4194,5,5512,1318,5250,BlackHole,800033,8.40193E-05,222,591,1353,2470,1732,2003,0.000146205,0.0565751,0.00507319,0.32034,0,0.599375,0.0176829,3769,-6.116072843507046E-06,-6.143094042547098E-06,0.4221665208620611,9240.49,27765.8,71180.7,1.07815E+06,0,0,0,2.442
638000,1189.439589881412,4192,5,5512,1320,5250,BlackHole,800033,8.40193E-05,222,592,1353,2471,1732,2004,0.000146205,0.0566136,0.00507319,0.320504,0,0.599172,0.0176829,3767,-6.113444997907263E-06,-6.1404661969473146E-06,0.4221665208620611,9097.29,27973.7,70979.5,1.0795E+06,0,0,0,2.459
639000,1191.3036347741393,4190,5,5512,1322,5250,BlackHole,800033,8.40193E-05,222,593,1353,2472,1732,2005,0.000146205,0.0566194,0.00507319,0.320515,0,0.599156,0.0176829,3765,-6.11328910638612E-06,-6.140310305426171E-06,0.4221665208620611,8939.07,28191.7,71176.4,1.07938E+06,0,0,0,2.591
640000,1193.1676796668664,4189,5,5512,1323,5250,BlackHole,800033,8.40193E-05,222,593,1353,2473,1732,2006,0.000146205,0.0566194,0.00507319,0.320524,0,0.599147,0.0176829,3764,-6.113404205972982E-06,-6.1404254050130336E-06,0.4221665208620611,8765.18,27114.9,70961.8,1.07943E+06,0,0,0,2.565
641000,1195.0317245595936,4187,5,5512,1325,5250,BlackHole,800033,8.40193E-05,222,593,1353,2475,1732,2008,0.000146205,0.0566194,0.00507319,0.320658,0,0.599012,0.0176829,3762,-6.110935089503324E-06,-6.137956288543375E-06,0.4221665208620611,8583.97,26637.1,71172.4,1.07835E+06,0,0,0,2.586
642000,1196.8957694523208,4183,5,5512,1329,5250,BlackHole,800033,8.40193E-05,222,594,1353,2478,1732,2011,0.000146205,0.0570065,0.00507319,0.321419,0,0.597865,0.0176829,3758,-6.103906742522797E-06,-6.130927941562848E-06,0.4221665208620611,8411.96,27329.1,70941.3,1.07749E+06,0,0,0,2.564
643000,1198.759814345048,4182,5,5512,1330,5250,BlackHole,800033,8.40193E-05,222,594,1353,2479,1732,2012,0.000146205,0.0570065,0.00507319,0.321428,0,0.597855,0.0176829,3757,-6.103981915610755E-06,-6.131003114650806E-06,0.4221665208620611,8295.07,28590.2,71168.7,1.07724E+06,0,0,0,2.561
644000,1200.6238592377752,4180,5,5512,1332,5250,BlackHole,800033,8.40193E-05,222,594,1353,2481,1732,2014,0.000146205,0.0570065,0.00507319,0.321631,0,0.597652,0.0176829,3755,-6.102487942189234E-06,-6.129509141229285E-06,0.4221665208620611,8310.05,28694.4,70917.3,1.07734E+06,0,0,0,2.604
645000,1202.4879041305023,4180,5,5512,1332,5250,BlackHole,800033,8.40193E-05,222,594,1353,2481,1732,2014,0.000146205,0.0570065,0.00507319,0.321631,0,0.597652,0.0176829,3755,-6.1022624893638004E-06,-6.129283688403852E-06,0.4221665208620611,8585.97,27903,71165.2,1.07739E+06,0,0,0,2.559
646000,1204.3519490232295,4175,5,5512,1337,5250,BlackHole,800033,8.40193E-05,222,597,1353,2483,1732,2016,0.000146205,0.0571118,0.00507319,0.322071,0,0.597107,0.0176829,3750,-6.097925629794804E-06,-6.124946828834856E-06,0.4221665208620611,9195.61,26625.6,70889.1,1.07766E+06,0,0,0,2.487
647000,1206.2159939159567,4175,5,5512,1337,5250,BlackHole,800033,8.40193E-05,222,597,1353,2483,1732,2016,0.000146205,0.0571118,0.00507319,0.322071,0,0.597107,0.0176829,3750,-6.097250443799676E-06,-6.1242716428397275E-06,0.4221665208620611,9828.06,26963.4,71161.9,1.07765E+06,0,0,0,2.506
648000,1208.0800388086839,4173,5,5512,1339,5250,BlackHole,800033,8.40193E-05,222,597,1353,2485,1732,2018,0.000146205,0.0571118,0.00507319,0.322144,0,0.597034,0.0176829,3748,-6.097955685253304E-06,-6.124976884293356E-06,0.4221665208620611,9723.58,28009.9,70856.1,1.0789E+06,0,0,0,2.470
649000,1209.944083701411,4171,5,5512,1341,5250,BlackHole,800033,8.40193E-05,222,598,1353,2486,1732,2019,0.000146205,0.0571453,0.00507319,0.322763,0,0.596382,0.0176829,3746,-6.09249640364777E-06,-6.119517602687821E-06,0.4221665208620611,9511.43,29552,71158.9,1.07902E+06,0,0,0,2.426
650000,1211.8081285941382,4169,5,5512,1343,5250,BlackHole,800033,8.40193E-05,222,599,1353,2487,1732,2020,0.000146205,0.0578228,0.00507319,0.323129,0,0.595338,0.0176829,3744,-6.068718707805281E-06,-6.095739906845333E-06,0.4221665208620611,9309.97,29009.7,70816.9,1.07984E+06,0,0,0,2.444
651000,1213.6721734868654,4232,5,5512,1280,5250,BlackHole,800033,8.40193E-05,222,599,1353,2488,1796,2020,0.000146205,0.0578228,0.00507319,0.323129,0,0.595338,0.0176829,3743,-6.0681266551663185E-06,-6.09514785420637E-06,0.4221665208684601,9397.94,26868.4,71156.1,1.07914E+06,0,0,0,2.454
652000,1215.5362183795926,4232,5,5512,1280,5250,BlackHole,800033,8.40193E-05,222,599,1353,2488,1796,2020,0.000146205,0.0578228,0.00507319,0.323129,0,0.595338,0.0176829,3743,-6.068241065970337E-06,-6.0952622650103886E-06,0.4221665208684601,9275.52,26710.6,70770.5,1.07896E+06,0,0,0,2.486
653000,1217.4002632723198,4229,5,5512,1283,5250,BlackHole,800033,8.40193E-05,222,600,1353,2490,1796,2022,0.000146205,0.0578313,0.00507319,0.323427,0,0.595032,0.0176829,3740,-6.065705786175434E-06,-6.092726985215485E-06,0.4221665208684601,9138.99,27531.3,71153.4,1.07886E+06,0,0,0,2.481
654000,1219.264308165047,4228,5,5512,1284,5250,BlackHole,800033,8.40193E-05,222,600,1353,2491,1796,2023,0.000146205,0.0578313,0.00507319,0.32343,0,0.595028,0.0176829,3739,-6.066480782894728E-06,-6.093501981934779E-06,0.4221665208684601,8989.58,28742.6,70715.7,1.07876E+06,0,0,0,2.457
655000,1221.1283530577741,4227,5,5512,1285,5250,BlackHole,800033,8.40193E-05,222,601,1353,2491,1796,2023,0.000146205,0.0578518,0.00507319,0.32343,0,0.595008,0.0176829,3738,-6.065413412642609E-06,-6.09243461168266E-06,0.4221665208684601,8823.59,29524.1,71150.7,1.07962E+06,0,0,0,2.630
656000,1222.9923979505013,4227,5,5512,1285,5250,BlackHole,800033,8.40193E-05,222,601,1353,2491,1796,2023,0.000146205,0.0578518,0.00507319,0.32343,0,0.595008,0.0176829,3738,-6.065481291433167E-06,-6.092502490473219E-06,0.4221665208684601,8648.4,27477.7,70651.4,1.07948E+06,0,0,0,2.541
657000,1224.8564428432285,4227,5,5512,1285,5250,BlackHole,800033,8.40193E-05,222,601,1353,2491,1796,2023,0.000146205,0.0578518,0.00507319,0.32343,0,0.595008,0.0176829,3738,-6.067092927007715E-06,-6.094114126047766E-06,0.4221665208684601,8473.26,26612.8,71148.2,1.07996E+06,0,0,0,2.495
658000,1226.7204877359557,4225,5,5512,1287,5250,BlackHole,800033,8.40193E-05,222,602,1353,2492,1796,2024,0.000146205,0.058239,0.00507319,0.323772,0,0.594279,0.0176829,3736,-6.048295435703776E-06,-6.075316634743827E-06,0.4221665208684601,8331.22,27129,70578.2,1.081E+06,0,0,0,2.489
659000,1228.5845326286828,4225,5,5512,1287,5250,BlackHole,800033,8.40193E-05,222,602,1353,2492,1796,2024,0.000146205,0.058239,0.00507319,0.323772,0,0.594279,0.0176829,3736,-6.04869216039293E-06,-6.075713359432981E-06,0.4221665208684601,8280.69,28011.9,71145.7,1.07953E+06,0,0,0,2.461
660000,1230.44857752141,4223,5,5512,1289,5250,BlackHole,800033,8.40193E-05,222,602,1353,2494,1796,2026,0.000146205,0.058239,0.00507319,0.324216,0,0.593835,0.0176829,3734,-6.041463349972528E-06,-6.0684845490125795E-06,0.4221665208684601,8420.44,28086.1,70498.8,1.07933E+06,0,0,0,2.517
661000,1232.3126224141372,4222,5,5512,1290,5250,BlackHole,800033,8.40193E-05,222,602,1353,2495,1796,2027,0.000146205,0.058239,0.00507319,0.324233,0,0.593818,0.0176829,3733,-6.042663588670838E-06,-6.069684787710889E-06,0.4221665208684601,8884.07,28447.9,71143.2,1.07797E+06,0,0,0,2.507
662000,1234.1766673068644,4221,5,5512,1291,5250,BlackHole,800033,8.40193E-05,222,602,1353,2496,1796,2028,0.000146205,0.058239,0.00507319,0.324534,0,0.593517,0.0176829,3732,-6.040029541354849E-06,-6.067050740394901E-06,0.4221665208684601,9489.11,26709.2,70422.9,1.07794E+06,0,0,0,2.441
663000,1236.0407121995916,4219,5,5512,1293,5250,BlackHole,800033,8.40193E-05,222,602,1353,2498,1796,2030,0.000146205,0.058239,0.00507319,0.32468,0,0.593371,0.0176829,3730,-6.0405242708688E-06,-6.0675454699088515E-06,0.4221665208684601,9370.66,26815.7,71141,1.0778E+06,0,0,0,2.517
664000,1237.9047570923187,4218,5,5512,1294,5250,BlackHole,800033,8.40193E-05,222,603,1353,2498,1796,2030,0.000146205,0.0582446,0.00507319,0.32468,0,0.593365,0.0176829,3729,-6.039780183874255E-06,-6.066801382914306E-06,0.4221665208684601,9241.85,27746.8,70371,1.07782E+06,0,0,0,2.466
665000,1239.768801985046,4218,5,5512,1294,5250,BlackHole,800033,8.40193E-05,222,603,1353,2498,1796,2030,0.000146205,0.0582446,0.00507319,0.32468,0,0.593365,0.0176829,3729,-6.037739203892974E-06,-6.0647604029330255E-06,0.4221665208684601,9098.78,29035.2,71138.7,1.07766E+06,0,0,0,2.459
666000,1241.632846877773,4218,5,5512,1294,5250,BlackHole,800033,8.40193E-05,222,603,1353,2498,1796,2030,0.000146205,0.0582446,0.00507319,0.32468,0,0.593365,0.0176829,3729,-6.039371583206867E-06,-6.066392782246918E-06,0.4221665208684601,8940.74,28037.4,70377.3,1.07771E+06,0,0,0,2.443
667000,1243.4968917705003,4216,5,5512,1296,5250,BlackHole,800033,8.40193E-05,222,603,1353,2500,1796,2032,0.000146205,0.0582446,0.00507319,0.325216,0,0.592829,0.0176829,3727,-6.033263229123225E-06,-6.060284428163277E-06,0.4221665208684601,8766.95,27134.7,71136.5,1.07885E+06,0,0,0,2.463
668000,1245.3609366632274,4213,5,5512,1299,5250,BlackHole,800033,8.40193E-05,222,604,1353,2502,1796,2034,0.000146205,0.0583256,0.00507319,0.32529,0,0.592674,0.0176829,3724,-6.030763475615761E-06,-6.057784674655813E-06,0.4221665208684601,8585.78,26632.7,70491.2,1.07877E+06,0,0,0,2.455
669000,1247.2249815559546,4210,5,5512,1302,5250,BlackHole,800033,8.40193E-05,222,605,1353,2504,1796,2036,0.000146205,0.0583258,0.00507319,0.325983,0,0.591981,0.0176829,3721,-6.0121969186154565E-06,-6.039218117655508E-06,0.4221665208684601,8413.49,27307.2,71134.3,1.07908E+06,0,0,0,2.460
670000,1249.0890264486818,4210,5,5512,1302,5250,BlackHole,800033,8.40193E-05,222,605,1353,2504,1796,2036,0.000146205,0.0583258,0.00507319,0.325983,0,0.591981,0.0176829,3721,-6.012734179427117E-06,-6.039755378467168E-06,0.4221665208684601,8295.74,28561.2,70754.7,1.07846E+06,0,0,0,2.463
671000,1250.953071341409,4207,5,5512,1305,5250,BlackHole,800033,8.40193E-05,222,606,1353,2506,1796,2038,0.000146205,0.0585931,0.00507319,0.32636,0,0.591337,0.0176829,3718,-6.005321703363852E-06,-6.032342902403903E-06,0.4221665208684601,8308.87,29827.5,71132.1,1.07831E+06,0,0,0,2.506
672000,1252.8171162341362,4206,5,5512,1306,5250,BlackHole,800033,8.40193E-05,222,607,1353,2506,1796,2038,0.000146205,0.058669,0.00507319,0.32636,0,0.591261,0.0176829,3717,-6.004021304518451E-06,-6.031042503558502E-06,0.4221665208684601,8581.45,27940.5,71138.3,1.0783E+06,0,0,0,2.500
673000,1254.6811611268633,4205,5,5512,1307,5250,BlackHole,800033,8.40193E-05,222,607,1353,2507,1796,2039,0.000146205,0.058669,0.00507319,0.326364,0,0.591257,0.0176829,3716,-6.003628837587773E-06,-6.030650036627824E-06,0.4221665208684601,9234.7,26628.6,71129.9,1.0788E+06,0,0,0,2.514
674000,1256.5452060195905,4202,5,5512,1310,5250,BlackHole,800033,8.40193E-05,222,608,1353,2509,1796,2041,0.000146205,0.059283,0.00507319,0.326374,0,0.590633,0.0176829,3713,-5.9930943439246175E-06,-6.020115542964669E-06,0.4221665208684601,9898.32,26955.7,71524.8,1.07854E+06,0,0,0,2.591
675000,1258.4092509123177,4201,5,5512,1311,5250,BlackHole,800033,8.40193E-05,222,609,1353,2509,1796,2041,0.000146205,0.0593794,0.00507319,0.326374,0,0.590536,0.0176829,3712,-5.990515113581691E-06,-6.0175363126217425E-06,0.4221665208684601,9792.53,27986.3,71127.7,1.0787E+06,0,0,0,2.499
676000,1260.2732958050449,4201,5,5512,1311,5250,BlackHole,800033,8.40193E-05,222,609,1353,2509,1796,2041,0.000146205,0.0593794,0.00507319,0.326374,0,0.590536,0.0176829,3712,-5.99019639927612E-06,-6.017217598316171E-06,0.4221665208684601,9208.25,29443.1,71791.9,1.07875E+06,0,0,0,2.511
677000,1262.137340697772,4200,5,5512,1312,5250,BlackHole,800033,8.40193E-05,222,609,1353,2510,1796,2042,0.000146205,0.0593794,0.00507319,0.326378,0,0.590533,0.0176829,3711,-5.9912155335955495E-06,-6.018236732635601E-06,0.4221665208684601,9583.33,29046.8,71125.6,1.07868E+06,0,0,0,2.501
678000,1264.0013855904992,4198,5,5512,1314,5250,BlackHole,800033,8.40193E-05,222,610,1353,2511,1796,2043,0.000146205,0.0596504,0.00507319,0.326982,0,0.589658,0.0176829,3709,-5.976931037780951E-06,-6.003952236821002E-06,0.4221665208684601,9473.8,26882.2,71904.9,1.07866E+06,0,0,0,2.484
679000,1265.8654304832264,4196,5,5512,1316,5250,BlackHole,800033,8.40193E-05,222,610,1353,2513,1796,2045,0.000146205,0.0596504,0.00507319,0.327196,0,0.589443,0.0176829,3707,-5.976126755232579E-06,-6.0031479542726305E-06,0.4221665208684601,9357.41,26701.5,71123.4,1.0785E+06,0,0,0,2.548
680000,1267.7294753759536,4195,5,5512,1317,5250,BlackHole,800033,8.40193E-05,222,610,1353,2514,1796,2046,0.000146205,0.0596504,0.00507319,0.327725,0,0.588914,0.0176829,3706,-5.968155840128305E-06,-5.995177039168356E-06,0.4221665208684601,9195.09,27511.7,71899.9,1.07864E+06,0,0,0,2.472
681000,1269.5935202686808,4194,5,5512,1318,5250,BlackHole,800033,8.40193E-05,222,611,1353,2514,1796,2046,0.000146205,0.0597167,0.00507319,0.327725,0,0.588848,0.0176829,3704,-5.964533066153037E-06,-5.991554265193089E-06,0.4221665208684601,9089.56,28012.3,71121,1.07855E+06,0,0,0,2.495
682000,1271.457565161408,4193,5,5512,1319,5250,BlackHole,800033,8.40193E-05,222,611,1353,2515,1796,2047,0.000146205,0.0597167,0.00507319,0.327877,0,0.588696,0.0176829,3704,-5.9659858247301E-06,-5.993007023770151E-06,0.4221665208684601,8934.33,28514.8,71836.2,1.0786E+06,0,0,0,2.529
683000,1273.3216100541351,4193,5,5512,1319,5250,BlackHole,800033,8.40193E-05,222,611,1353,2515,1796,2047,0.000146205,0.0597167,0.00507319,0.327877,0,0.588696,0.0176829,3704,-5.965985578504441E-06,-5.993006777544493E-06,0.4221665208684601,8764.32,27508.7,71118.8,1.07873E+06,0,0,0,2.532
684000,1275.1856549468623,4191,5,5512,1321,5250,BlackHole,800033,8.40193E-05,222,613,1353,2515,1796,2047,0.000146205,0.0605128,0.00507319,0.327877,0,0.5879,0.0176829,3702,-5.959882487233491E-06,-5.986903686273543E-06,0.4221665208684601,8587.36,26612.8,71754.3,1.07908E+06,0,0,0,2.475
685000,1277.0496998395895,4190,5,5512,1322,5250,BlackHole,800033,8.40193E-05,222,613,1353,2516,1796,2048,0.000146205,0.0605128,0.00507319,0.328046,0,0.587731,0.0176829,3701,-5.958474164242298E-06,-5.985495363282349E-06,0.4221665208684601,8418.48,27113,71116.3,1.0784E+06,0,0,0,2.445
686000,1278.9137447323167,4190,5,5512,1322,5250,BlackHole,800033,8.40193E-05,222,613,1353,2516,1796,2048,0.000146205,0.0605128,0.00507319,0.328046,0,0.587731,0.0176829,3701,-5.959068489153403E-06,-5.986089688193455E-06,0.4221665208684601,8299.74,28244.8,71672.6,1.07847E+06,0,0,0,2.473
687000,1280.7777896250439,4186,5,5512,1326,5250,BlackHole,800033,8.40193E-05,222,613,1353,2520,1796,2052,0.000146205,0.0605128,0.00507319,0.328137,0,0.58764,0.0176829,3697,-5.956475885712607E-06,-5.983497084752659E-06,0.4221665208684601,8300.45,28150.1,71113.8,1.07923E+06,0,0,0,2.487
688000,1282.641834517771,4183,5,5512,1329,5250,BlackHole,800033,8.40193E-05,222,613,1353,2523,1796,2055,0.000146205,0.0605128,0.00507319,0.328289,0,0.587488,0.0176829,3694,-5.957077067395667E-06,-5.984098266435718E-06,0.4221665208684601,8537.23,27994.6,71599.2,1.08056E+06,0,0,0,2.465
689000,1284.5058794104982,4180,5,5512,1332,5250,BlackHole,800033,8.40193E-05,222,614,1353,2525,1796,2057,0.000146205,0.0605899,0.00507319,0.32885,0,0.58685,0.0176829,3691,-5.944625466639229E-06,-5.9716466656792805E-06,0.4221665208684601,9130.58,26717.9,71111.3,1.08109E+06,0,0,0,2.478
690000,1286.3699243032254,4178,5,5512,1334,5250,BlackHole,800033,8.40193E-05,222,614,1353,2527,1796,2059,0.000146205,0.0605899,0.00507319,0.328873,0,0.586827,0.0176829,3689,-5.9445046546216686E-06,-5.97152585366172E-06,0.4221665208684601,9371.87,26801.7,71535.5,1.08092E+06,0,0,0,2.464
691000,1288.2339691959526,4176,5,5512,1336,5250,BlackHole,800033,8.40193E-05,222,614,1353,2529,1796,2061,0.000146205,0.0605899,0.00507319,0.329317,0,0.586383,0.0176829,3687,-5.941607127298878E-06,-5.96862832633893E-06,0.4221665208684601,9243.21,27725.3,71108.6,1.08141E+06,0,0,0,2.486
692000,1290.0980140886797,4173,5,5512,1339,5250,BlackHole,800033,8.40193E-05,222,614,1353,2532,1796,2064,0.000146205,0.0605899,0.00507319,0.329874,0,0.585826,0.0176829,3684,-5.93848568936773E-06,-5.9655068884077815E-06,0.4221665208684601,9100.26,29108.3,71481.6,1.08101E+06,0,0,0,2.464
693000,1291.962058981407,4171,5,5512,1341,5250,BlackHole,800033,8.40193E-05,222,614,1353,2534,1796,2066,0.000146205,0.0605899,0.00507319,0.330311,0,0.585389,0.0176829,3682,-5.928676744143139E-06,-5.955697943183191E-06,0.4221665208684601,8942.4,29583,71105.8,1.08129E+06,0,0,0,2.433
694000,1293.826103874134,4168,5,5512,1344,5250,BlackHole,800033,8.40193E-05,222,616,1353,2535,1796,2067,0.000146205,0.060632,0.00507319,0.330315,0,0.585343,0.0176829,3679,-5.926161417396129E-06,-5.95318261643618E-06,0.4221665208684601,8768.73,27157.9,71436.3,1.08107E+06,0,0,0,2.485
695000,1295.6901487668613,4167,5,5512,1345,5250,BlackHole,800033,8.40193E-05,222,616,1353,2536,1796,2068,0.000146205,0.060632,0.00507319,0.330943,0,0.584715,0.0176829,3678,-5.922789767888101E-06,-5.949810966928152E-06,0.4221665208684601,8587.59,26628.7,71103,1.08102E+06,0,0,0,2.508
696000,1297.5541936595885,4167,5,5512,1345,5250,BlackHole,800033,8.40193E-05,222,616,1353,2536,1796,2068,0.000146205,0.060632,0.00507319,0.330943,0,0.584715,0.0176829,3678,-5.922081376264807E-06,-5.949102575304858E-06,0.4221665208684601,8415.03,27289.3,71398.4,1.08089E+06,0,0,0,2.513
697000,1299.4182385523156,4165,5,5512,1347,5250,BlackHole,800033,8.40193E-05,222,617,1353,2537,1796,2069,0.000146205,0.0607371,0.00507319,0.331146,0,0.584406,0.0176829,3676,-5.921251315949263E-06,-5.9482725149893145E-06,0.4221665208684601,8296.43,28409,71099.8,1.07976E+06,0,0,0,2.485
698000,1301.2822834450428,4163,5,5512,1349,5250,BlackHole,800033,8.40193E-05,222,618,1353,2538,1796,2070,0.000146205,0.0608619,0.00507319,0.331634,0,0.583794,0.0176829,3674,-5.917732325600523E-06,-5.944753524640574E-06,0.4221665208684601,8307.73,29004.7,71366.4,1.08095E+06,0,0,0,2.480
699000,1303.14632833777,4159,5,5512,1353,5250,BlackHole,800033,8.40193E-05,222,620,1353,2540,1796,2072,0.000146205,0.0610643,0.00507319,0.332108,0,0.583118,0.0176829,3670,-5.914283637216511E-06,-5.941304836256562E-06,0.4221665208684601,8576.97,27970.7,71096.5,1.0791E+06,0,0,0,2.483
700000,1305.0103732304972,5512,5,5512,0,5250,BlackHole,800033,8.40193E-05,222,620,1353,2605,3214,2093,0.000146205,0.0610643,0.00507319,0.332328,0,0.582897,0.0176829,5023,-5.911652938671104E-06,-5.938674137711155E-06,0.4221665208684601,9226.24,26636.1,167189,1.39683E+06,0,0,0,2.736
701000,1306.8744181232244,5511,5,5512,1,5250,BlackHole,800033,8.40193E-05,222,621,1353,2605,3214,2093,0.000146205,0.0617477,0.00507319,0.332328,0,0.582214,0.0176829,3668,-5.89834475217312E-06,-5.925365951213171E-06,0.4221665208684601,9766.7,26938.7,71092.9,1.07885E+06,0,0,0,3.006
702000,1308.7384630159515,4156,5,5512,1356,5250,BlackHole,800033,8.40193E-05,222,1959,1371,2622,3214,2110,0.000146205,0.0619389,0.00507319,0.332632,0,0.581719,0.0176829,3667,-5.8959609692736265E-06,-5.922982168313678E-06,0.4221665208684601,9339.72,27962.9,71315.8,1.079E+06,0,0,0,2.898
703000,1310.6025079086787,4151,5,5512,1361,5250,BlackHole,800033,8.40193E-05,222,1960,1371,2626,3214,2114,0.000146205,0.061943,0.00507319,0.333251,0,0.581096,0.0176829,3662,-5.890510053084025E-06,-5.917531252124077E-06,0.4221665208684601,9545.05,28361.2,71089.3,1.08013E+06,0,0,0,2.567
704000,1312.466552801406,4150,5,5512,1362,5250,BlackHole,800033,8.40193E-05,222,1960,1371,2627,3214,2115,0.000146205,0.061943,0.00507319,0.333365,0,0.580982,0.0176829,3661,-5.8891593617599535E-06,-5.916180560800005E-06,0.4221665208684601,9329.79,29088.7,71296.2,1.0783E+06,0,0,0,2.447
705000,1314.330597694133,4148,5,5512,1364,5250,BlackHole,800033,8.40193E-05,222,1961,1371,2628,3214,2116,0.000146205,0.0627014,0.00507319,0.333528,0,0.580061,0.0176829,3659,-5.871157663581004E-06,-5.898178862621055E-06,0.4221665208684601,9439.83,26899,71085.4,1.07827E+06,0,0,0,2.466
706000,1316.1946425868603,4146,5,5512,1366,5250,BlackHole,800033,8.40193E-05,222,1961,1371,2630,3214,2118,0.000146205,0.0627014,0.00507319,0.334003,0,0.579586,0.0176829,3657,-5.867432562222606E-06,-5.894453761262658E-06,0.4221665208684601,9254.21,26691.7,71279.1,1.0784E+06,0,0,0,2.441
707000,1318.0586874795874,4145,5,5512,1367,5250,BlackHole,800033,8.40193E-05,222,1962,1371,2630,3214,2118,0.000146205,0.062718,0.00507319,0.334003,0,0.579569,0.0176829,3656,-5.8679899831809366E-06,-5.895011182220988E-06,0.4221665208684601,9315.56,27487.6,71080.9,1.07995E+06,0,0,0,2.424
708000,1319.9227323723146,4145,5,5512,1367,5250,BlackHole,800033,8.40193E-05,222,1962,1371,2630,3214,2118,0.000146205,0.062718,0.00507319,0.334003,0,0.579569,0.0176829,3656,-5.868312282838705E-06,-5.895333481878756E-06,0.4221665208684601,9183.25,28266.1,71264.1,1.07839E+06,0,0,0,2.426
709000,1321.7867772650418,4144,5,5512,1368,5250,BlackHole,800033,8.40193E-05,222,1963,1371,2630,3214,2118,0.000146205,0.0627836,0.00507319,0.334003,0,0.579503,0.0176829,3655,-5.866247413682498E-06,-5.89326861272255E-06,0.4221665208684601,9038.43,27971.7,71076.2,1.07853E+06,0,0,0,2.434
710000,1323.650822157769,4141,5,5512,1371,5250,BlackHole,800033,8.40193E-05,222,1964,1371,2632,3214,2120,0.000146205,0.0627922,0.00507319,0.334311,0,0.579187,0.0176829,3652,-5.864207975680288E-06,-5.8912291747203395E-06,0.4221665208684601,8877.23,27530.9,71251.3,1.08027E+06,0,0,0,2.453
711000,1325.5148670504962,4141,5,5512,1371,5250,BlackHole,800033,8.40193E-05,222,1964,1371,2632,3214,2120,0.000146205,0.0627922,0.00507319,0.334311,0,0.579187,0.0176829,3652,-5.865202449006415E-06,-5.892223648046466E-06,0.4221665208684601,8704.24,26612.8,71071,1.08015E+06,0,0,0,2.488
712000,1327.3789119432233,4141,5,5512,1371,5250,BlackHole,800033,8.40193E-05,222,1964,1371,2632,3214,2120,0.000146205,0.0627922,0.00507319,0.334311,0,0.579187,0.0176829,3652,-5.865678128814313E-06,-5.892699327854364E-06,0.4221665208684601,8526.96,27097.2,71239.8,1.07995E+06,0,0,0,2.434
713000,1329.2429568359505,4140,5,5512,1372,5250,BlackHole,800033,8.40193E-05,222,1964,1371,2633,3214,2121,0.000146205,0.0627922,0.00507319,0.334637,0,0.578861,0.0176829,3651,-5.862732306904164E-06,-5.889753505944216E-06,0.4221665208684601,8369.39,28222.5,71065.5,1.08004E+06,0,0,0,2.451
714000,1331.1070017286777,4138,5,5512,1374,5250,BlackHole,800033,8.40193E-05,222,1966,1371,2633,3214,2121,0.000146205,0.0628963,0.00507319,0.334637,0,0.578757,0.0176829,3649,-5.860562203915907E-06,-5.887583402955959E-06,0.4221665208684601,8281.85,29560,71229.8,1.08012E+06,0,0,0,2.428
715000,1332.9710466214049,4138,5,5512,1374,5250,BlackHole,800033,8.40193E-05,222,1966,1371,2633,3214,2121,0.000146205,0.0628963,0.00507319,0.334637,0,0.578757,0.0176829,3649,-5.86169370841224E-06,-5.888714907452291E-06,0.4221665208684601,8347.61,28402,71059.2,1.08005E+06,0,0,0,2.434
716000,1334.835091514132,4135,5,5512,1377,5250,BlackHole,800033,8.40193E-05,222,1967,1371,2635,3214,2123,0.000146205,0.0629155,0.00507319,0.335104,0,0.57827,0.0176829,3646,-5.857218743632334E-06,-5.8842399426723855E-06,0.4221665208684601,8697.25,26727,71220.7,1.07987E+06,0,0,0,2.472
717000,1336.6991364068592,4135,5,5512,1377,5250,BlackHole,800033,8.40193E-05,222,1967,1371,2635,3214,2123,0.000146205,0.0629155,0.00507319,0.335104,0,0.57827,0.0176829,3646,-5.857982493002178E-06,-5.8850036920422295E-06,0.4221665208684601,9373.08,26795.9,71052.3,1.07976E+06,0,0,0,2.484
718000,1338.5631812995864,4133,5,5512,1379,5250,BlackHole,800033,8.40193E-05,222,1968,1371,2636,3214,2124,0.000146205,0.0630379,0.00507319,0.335134,0,0.578118,0.0176829,3644,-5.855178069711772E-06,-5.8821992687518236E-06,0.4221665208684601,9201.99,27701.1,71212.7,1.07972E+06,0,0,0,2.511
719000,1340.4272261923136,4131,5,5512,1381,5250,BlackHole,800033,8.40193E-05,222,1970,1371,2636,3214,2124,0.000146205,0.0631366,0.00507319,0.335134,0,0.578019,0.0176829,3642,-5.853880602004595E-06,-5.880901801044646E-06,0.4221665208684601,9101.74,28468.2,71044.8,1.07979E+06,0,0,0,2.490
720000,1342.2912710850408,4130,5,5512,1382,5250,BlackHole,800033,8.40193E-05,222,1970,1371,2637,3214,2125,0.000146205,0.0631366,0.00507319,0.33516,0,0.577994,0.0176829,3641,-5.853486512884152E-06,-5.880507711924203E-06,0.4221665208684601,8944.06,29206.4,71205.6,1.07952E+06,0,0,0,2.456
721000,1344.155315977768,4127,5,5512,1385,5250,BlackHole,800033,8.40193E-05,222,1971,1371,2639,3214,2127,0.000146205,0.0632028,0.00507319,0.336663,0,0.576424,0.0176829,3638,-5.827798366348259E-06,-5.85481956538831E-06,0.4221665208684601,8770.5,27178.5,71036.5,1.07977E+06,0,0,0,2.459
722000,1346.0193608704951,4126,5,5512,1386,5250,BlackHole,800033,8.40193E-05,222,1971,1371,2640,3214,2128,0.000146205,0.0632028,0.00507319,0.336797,0,0.57629,0.0176829,3637,-5.827438728957336E-06,-5.854459927997388E-06,0.4221665208684601,8589.4,26625.1,71199.1,1.07968E+06,0,0,0,2.505
723000,1347.8834057632223,4122,5,5512,1390,5250,BlackHole,800033,8.40193E-05,222,1971,1371,2644,3214,2132,0.000146205,0.0632028,0.00507319,0.338037,0,0.57505,0.0176829,3633,-5.814485214946042E-06,-5.841506413986093E-06,0.4221665208684601,8416.58,27271.6,71027,1.07974E+06,0,0,0,2.456
724000,1349.7474506559495,4122,5,5512,1390,5250,BlackHole,800033,8.40193E-05,222,1971,1371,2644,3214,2132,0.000146205,0.0632028,0.00507319,0.338037,0,0.57505,0.0176829,3633,-5.8137947393904684E-06,-5.84081593843052E-06,0.4221665208684601,8297.13,28226.9,71193.4,1.07965E+06,0,0,0,2.513
725000,1351.6114955486767,4121,5,5512,1391,5250,BlackHole,800033,8.40193E-05,222,1971,1371,2645,3214,2133,0.000146205,0.0632028,0.00507319,0.338108,0,0.574979,0.0176829,3632,-5.81482236507683E-06,-5.841843564116881E-06,0.4221665208684601,8306.6,28934.3,71016.2,1.07976E+06,0,0,0,2.437
726000,1353.4755404414038,4118,5,5512,1394,5250,BlackHole,800033,8.40193E-05,222,1972,1371,2647,3214,2135,0.000146205,0.0632593,0.00507319,0.338486,0,0.574545,0.0176829,3629,-5.810395863630905E-06,-5.8374170626709565E-06,0.4221665208684601,8572.54,28009.3,71187.8,1.07982E+06,0,0,0,2.437
727000,1355.339585334131,4117,5,5512,1395,5250,BlackHole,800033,8.40193E-05,222,1972,1371,2648,3214,2136,0.000146205,0.0632593,0.00507319,0.338862,0,0.574169,0.0176829,3628,-5.8033761161705174E-06,-5.830397315210569E-06,0.4221665208684601,9217.82,26635.7,71004,1.08028E+06,0,0,0,2.507
728000,1357.2036302268582,4112,5,5512,1400,5250,BlackHole,800033,8.40193E-05,222,1973,1371,2652,3214,2140,0.000146205,0.063937,0.00507319,0.339617,0,0.572736,0.0176829,3623,-5.789553586782449E-06,-5.8165747858225E-06,0.4221665208684601,9463.61,26925.1,71182.8,1.08061E+06,0,0,0,2.463
729000,1359.0676751195854,4112,5,5512,1400,5250,BlackHole,800033,8.40193E-05,222,1973,1371,2652,3214,2140,0.000146205,0.063937,0.00507319,0.339617,0,0.572736,0.0176829,3623,-5.788592097049815E-06,-5.815613296089867E-06,0.4221665208684601,9261.4,27936.4,70990.3,1.08047E+06,0,0,0,2.426
730000,1360.9317200123126,4111,5,5512,1401,5250,BlackHole,800033,8.40193E-05,222,1973,1371,2653,3214,2141,0.000146205,0.063937,0.00507319,0.339621,0,0.572732,0.0176829,3622,-5.787896090758656E-06,-5.8149172897987075E-06,0.4221665208684601,9487.23,27972.7,71178.5,1.08074E+06,0,0,0,2.432
731000,1362.7957649050397,4111,5,5512,1401,5250,BlackHole,800033,8.40193E-05,222,1973,1371,2653,3214,2141,0.000146205,0.063937,0.00507319,0.339621,0,0.572732,0.0176829,3622,-5.787340287474314E-06,-5.814361486514365E-06,0.4221665208684601,9435.32,28184.7,70974.6,1.08037E+06,0,0,0,2.443
732000,1364.659809797767,4110,5,5512,1402,5250,BlackHole,800033,8.40193E-05,222,1973,1371,2654,3214,2142,0.000146205,0.063937,0.00507319,0.339957,0,0.572396,0.0176829,3621,-5.78635103139501E-06,-5.813372230435061E-06,0.4221665208684601,9511.75,26913,71174.5,1.07863E+06,0,0,0,2.487
733000,1366.523854690494,4110,5,5512,1402,5250,BlackHole,800033,8.40193E-05,222,1973,1371,2654,3214,2142,0.000146205,0.063937,0.00507319,0.339957,0,0.572396,0.0176829,3621,-5.784749589504483E-06,-5.811770788544534E-06,0.4221665208684601,9353.2,26685.9,70956.2,1.07867E+06,0,0,0,2.572
734000,1368.3878995832213,4110,5,5512,1402,5250,BlackHole,800033,8.40193E-05,222,1973,1371,2654,3214,2142,0.000146205,0.063937,0.00507319,0.339957,0,0.572396,0.0176829,3621,-5.786153946819358E-06,-5.813175145859409E-06,0.4221665208684601,9394.7,27468.2,71170.6,1.07878E+06,0,0,0,2.585
735000,1370.2519444759484,4108,5,5512,1404,5250,BlackHole,800033,8.40193E-05,222,1974,1371,2655,3214,2143,0.000146205,0.0640276,0.00507319,0.339978,0,0.572284,0.0176829,3619,-5.784851926376207E-06,-5.811873125416258E-06,0.4221665208684601,9271.92,28824,70934.9,1.07872E+06,0,0,0,2.594
736000,1372.1159893686756,4108,5,5512,1404,5250,BlackHole,800033,8.40193E-05,222,1974,1371,2655,3214,2143,0.000146205,0.0640276,0.00507319,0.339978,0,0.572284,0.0176829,3619,-5.784266305134172E-06,-5.811287504174223E-06,0.4221665208684601,9135.04,28670.5,71167,1.07894E+06,0,0,0,2.556
737000,1373.9800342614028,4106,5,5512,1406,5250,BlackHole,800033,8.40193E-05,222,1974,1371,2657,3214,2145,0.000146205,0.0640276,0.00507319,0.34071,0,0.571552,0.0176829,3617,-5.774899676679276E-06,-5.801920875719327E-06,0.4221665208684601,8985.19,27563.2,70909.9,1.07927E+06,0,0,0,2.540
738000,1375.84407915413,4105,5,5512,1407,5250,BlackHole,800033,8.40193E-05,222,1974,1371,2658,3214,2146,0.000146205,0.0640276,0.00507319,0.340735,0,0.571527,0.0176829,3616,-5.774392682092215E-06,-5.801413881132267E-06,0.4221665208684601,8818.83,26612.8,71163.5,1.07944E+06,0,0,0,2.573
739000,1377.7081240468572,4103,5,5512,1409,5250,BlackHole,800033,8.40193E-05,222,1974,1371,2660,3214,2148,0.000146205,0.0640276,0.00507319,0.340978,0,0.571284,0.0176829,3614,-5.774663502249224E-06,-5.8016847012892755E-06,0.4221665208684601,8643.46,27085.4,70881,1.07949E+06,0,0,0,2.632
740000,1379.5721689395843,4102,5,5512,1410,5250,BlackHole,800033,8.40193E-05,222,1975,1371,2660,3214,2148,0.000146205,0.0643077,0.00507319,0.340978,0,0.571004,0.0176829,3613,-5.7665335351321625E-06,-5.793554734172214E-06,0.4221665208684601,8468.67,28193.5,71160.5,1.0797E+06,0,0,0,2.649
741000,1381.4362138323115,4101,5,5512,1411,5250,BlackHole,800033,8.40193E-05,222,1976,1371,2660,3214,2148,0.000146205,0.0643502,0.00507319,0.340978,0,0.570962,0.0176829,3612,-5.765908036363035E-06,-5.792929235403086E-06,0.4221665208684601,8328.25,28540.7,70846.4,1.07992E+06,0,0,0,2.649
742000,1383.3002587250387,4101,5,5512,1411,5250,BlackHole,800033,8.40193E-05,222,1976,1371,2660,3214,2148,0.000146205,0.0643502,0.00507319,0.340978,0,0.570962,0.0176829,3612,-5.7667027123949595E-06,-5.793723911435011E-06,0.4221665208684601,8281.41,28560.2,71157.5,1.07969E+06,0,0,0,2.651
743000,1385.1643036177659,4099,5,5512,1413,5250,BlackHole,800033,8.40193E-05,222,1977,1371,2661,3214,2149,0.000146205,0.0645705,0.00507319,0.341019,0,0.5707,0.0176829,3610,-5.757242037033061E-06,-5.784263236073112E-06,0.4221665208684601,8428.36,26735.9,70805.5,1.07985E+06,0,0,0,2.626
744000,1387.028348510493,4096,5,5512,1416,5250,BlackHole,800033,8.40193E-05,222,1978,1371,2663,3214,2151,0.000146205,0.0648164,0.00507319,0.341169,0,0.570305,0.0176829,3607,-5.751666264312067E-06,-5.7786874633521186E-06,0.4221665208684601,8902.34,26782.3,71154.6,1.08031E+06,0,0,0,2.611
745000,1388.8923934032202,4096,5,5512,1416,5250,BlackHole,800033,8.40193E-05,222,1978,1371,2663,3214,2151,0.000146205,0.0648164,0.00507319,0.341169,0,0.570305,0.0176829,3607,-5.750631314963437E-06,-5.777652514003488E-06,0.4221665208684601,9245.93,27688.2,70757.3,1.08038E+06,0,0,0,2.602
746000,1390.7564382959474,4095,5,5512,1417,5250,BlackHole,800033,8.40193E-05,222,1978,1371,2664,3214,2152,0.000146205,0.0648164,0.00507319,0.341401,0,0.570072,0.0176829,3606,-5.750071419710168E-06,-5.777092618750219E-06,0.4221665208684601,9103.22,28738.6,71151.8,1.08045E+06,0,0,0,2.549
747000,1392.6204831886746,4094,5,5512,1418,5250,BlackHole,800033,8.40193E-05,222,1978,1371,2665,3214,2153,0.000146205,0.0648164,0.00507319,0.341494,0,0.56998,0.0176829,3605,-5.749453679836226E-06,-5.776474878876277E-06,0.4221665208684601,8945.73,29573.8,70700.4,1.07985E+06,0,0,0,2.595
748000,1394.4845280814018,4094,5,5512,1418,5250,BlackHole,800033,8.40193E-05,222,1978,1371,2665,3214,2153,0.000146205,0.0648164,0.00507319,0.341494,0,0.56998,0.0176829,3605,-5.750141015247262E-06,-5.7771622142873134E-06,0.4221665208684601,8772.27,27203.6,71149.3,1.07964E+06,0,0,0,2.550
749000,1396.348572974129,4094,5,5512,1418,5250,BlackHole,800033,8.40193E-05,222,1978,1371,2665,3214,2153,0.000146205,0.0648164,0.00507319,0.341494,0,0.56998,0.0176829,3605,-5.74942891938133E-06,-5.776450118421381E-06,0.4221665208684601,8591.22,26622,70634,1.07958E+06,0,0,0,2.583
750000,1398.2126178668561,4093,5,5512,1419,5250,BlackHole,800033,8.40193E-05,222,1979,1371,2665,3214,2153,0.000146205,0.0651258,0.00507319,0.341494,0,0.56967,0.0176829,3604,-5.737588077351341E-06,-5.764609276391393E-06,0.4221665208684601,8418.13,27254,71147,1.08059E+06,0,0,0,2.577
751000,1400.0766627595833,4093,5,5512,1419,5250,BlackHole,800033,8.40193E-05,222,1979,1371,2665,3214,2153,0.000146205,0.0651258,0.00507319,0.341494,0,0.56967,0.0176829,3604,-5.738529256477141E-06,-5.765550455517192E-06,0.4221665208684601,8297.85,28007,70558.9,1.08067E+06,0,0,0,2.564
752000,1401.9407076523105,4090,5,5512,1422,5250,BlackHole,800033,8.40193E-05,222,1979,1371,2668,3214,2156,0.000146205,0.0651258,0.00507319,0.342345,0,0.568819,0.0176829,3601,-5.733380993396866E-06,-5.760402192436918E-06,0.4221665208684601,8305.5,28082.4,71144.6,1.07924E+06,0,0,0,2.607
753000,1403.8047525450377,4090,5,5512,1422,5250,BlackHole,800033,8.40193E-05,222,1979,1371,2668,3214,2156,0.000146205,0.0651258,0.00507319,0.342345,0,0.568819,0.0176829,3601,-5.733132731824359E-06,-5.7601539308644106E-06,0.4221665208684601,8568.14,28044.2,70479.1,1.07939E+06,0,0,0,2.555
754000,1405.6687974377649,4090,5,5512,1422,5250,BlackHole,800033,8.40193E-05,222,1979,1371,2668,3214,2156,0.000146205,0.0651258,0.00507319,0.342345,0,0.568819,0.0176829,3601,-5.733573312584032E-06,-5.760594511624083E-06,0.4221665208684601,9209.43,26639.9,71142.2,1.07945E+06,0,0,0,2.527
755000,1407.532842330492,4090,5,5512,1422,5250,BlackHole,800033,8.40193E-05,222,1979,1371,2668,3214,2156,0.000146205,0.0651258,0.00507319,0.342345,0,0.568819,0.0176829,3601,-5.7338895944919716E-06,-5.760910793532023E-06,0.4221665208684601,9250.49,26911.7,70406.4,1.07928E+06,0,0,0,2.522
756000,1409.3968872232192,4088,5,5512,1424,5250,BlackHole,800033,8.40193E-05,222,1981,1371,2668,3214,2156,0.000146205,0.0651809,0.00507319,0.342345,0,0.568764,0.0176829,3599,-5.732593481356222E-06,-5.759614680396273E-06,0.4221665208684601,9231.42,27913.3,71139.8,1.0795E+06,0,0,0,2.639
757000,1411.2609321159464,4087,5,5512,1425,5250,BlackHole,800033,8.40193E-05,222,1981,1371,2669,3214,2157,0.000146205,0.0651809,0.00507319,0.34241,0,0.568699,0.0176829,3598,-5.7328421031608096E-06,-5.759863302200861E-06,0.4221665208684601,9895.25,29006.3,70365.6,1.07962E+06,0,0,0,2.647
758000,1413.1249770086736,4086,5,5512,1426,5250,BlackHole,800033,8.40193E-05,222,1982,1371,2669,3214,2157,0.000146205,0.0651896,0.00507319,0.34241,0,0.568691,0.0176829,3597,-5.732746446543325E-06,-5.759767645583377E-06,0.4221665208684601,9691.52,28030.2,71137.6,1.0796E+06,0,0,0,2.662
759000,1414.9890219014007,4084,5,5512,1428,5250,BlackHole,800033,8.40193E-05,222,1982,1371,2671,3214,2159,0.000146205,0.0651896,0.00507319,0.342793,0,0.568307,0.0176829,3595,-5.729788415593794E-06,-5.756809614633845E-06,0.4221665208684601,9428.97,26929,70391.1,1.07954E+06,0,0,0,2.724
760000,1416.853066794128,4083,5,5512,1429,5250,BlackHole,800033,8.40193E-05,222,1983,1371,2671,3214,2159,0.000146205,0.0651936,0.00507319,0.342793,0,0.568303,0.0176829,3594,-5.730852349133772E-06,-5.757873548173824E-06,0.4221665208684601,9435.91,26674.9,71135.6,1.07938E+06,0,0,0,2.685
761000,1418.717111686855,4082,5,5512,1430,5250,BlackHole,800033,8.40193E-05,222,1983,1371,2672,3214,2160,0.000146205,0.0651936,0.00507319,0.342899,0,0.568197,0.0176829,3593,-5.729096818802182E-06,-5.756118017842233E-06,0.4221665208684601,9470.64,27448.9,70537.5,1.07942E+06,0,0,0,2.545
762000,1420.5811565795823,4078,5,5512,1434,5250,BlackHole,800033,8.40193E-05,222,1985,1371,2674,3214,2162,0.000146205,0.0652504,0.00507319,0.343089,0,0.567951,0.0176829,3589,-5.728212402972229E-06,-5.75523360201228E-06,0.4221665208684601,9354.09,28535.2,70617.1,1.07957E+06,0,0,0,2.515
763000,1422.4452014723095,4076,5,5512,1436,5250,BlackHole,800033,8.40193E-05,222,1985,1371,2676,3214,2164,0.000146205,0.0652504,0.00507319,0.343375,0,0.567665,0.0176829,3587,-5.7252934897058356E-06,-5.752314688745887E-06,0.4221665208684601,9226.43,28224.8,69599.5,1.0792E+06,0,0,0,2.489
764000,1424.3092463650366,4076,5,5512,1436,5250,BlackHole,800033,8.40193E-05,222,1985,1371,2676,3214,2164,0.000146205,0.0652504,0.00507319,0.343375,0,0.567665,0.0176829,3587,-5.725948110263845E-06,-5.752969309303896E-06,0.4221665208684601,9085.5,27213.3,70231.4,1.07896E+06,0,0,0,2.525
765000,1426.1732912577638,4074,5,5512,1438,5250,BlackHole,800033,8.40193E-05,222,1986,1371,2677,3214,2165,0.000146205,0.0655772,0.00507319,0.343387,0,0.567325,0.0176829,3585,-5.722846239634792E-06,-5.7498674386748435E-06,0.4221665208684601,8929.78,26612.8,70240.2,1.07921E+06,0,0,0,2.563
766000,1428.037336150491,4072,5,5512,1440,5250,BlackHole,800033,8.40193E-05,222,1987,1371,2678,3214,2166,0.000146205,0.0663294,0.00507319,0.343391,0,0.566569,0.0176829,3583,-5.7098966679162415E-06,-5.736917866956293E-06,0.4221665208684601,8759.49,27062,70246.9,1.07984E+06,0,0,0,2.564
767000,1429.9013810432182,4071,5,5512,1441,5250,BlackHole,800033,8.40193E-05,222,1988,1371,2678,3214,2166,0.000146205,0.0666781,0.00507319,0.343391,0,0.566221,0.0176829,3582,-5.7037535913907975E-06,-5.730774790430849E-06,0.4221665208684601,8582.44,28168.2,70336.1,1.08004E+06,0,0,0,2.525
768000,1431.7654259359454,4069,5,5512,1443,5250,BlackHole,800033,8.40193E-05,222,1990,1371,2678,3214,2166,0.000146205,0.0674845,0.00507319,0.343391,0,0.565414,0.0176829,3580,-5.700252818050164E-06,-5.727274017090215E-06,0.4221665208684601,8414.27,29437.8,70214.8,1.07985E+06,0,0,0,2.536
769000,1433.6294708286725,4064,5,5512,1448,5250,BlackHole,800033,8.40193E-05,222,1991,1371,2682,3214,2170,0.000146205,0.067905,0.00507319,0.344302,0,0.564083,0.0176829,3575,-5.682284867852646E-06,-5.709306066892698E-06,0.4221665208684601,8297.75,28599.6,70118,1.0798E+06,0,0,0,2.541
770000,1435.4935157213997,4063,5,5512,1449,5250,BlackHole,800033,8.40193E-05,222,1991,1371,2683,3214,2171,0.000146205,0.067905,0.00507319,0.344787,0,0.563598,0.0176829,3574,-5.680849993994236E-06,-5.707871193034287E-06,0.4221665208684601,8303.16,26747,69660.3,1.08008E+06,0,0,0,2.524
771000,1437.357560614127,4063,5,5512,1449,5250,BlackHole,800033,8.40193E-05,222,1991,1371,2683,3214,2171,0.000146205,0.067905,0.00507319,0.344787,0,0.563598,0.0176829,3574,-5.679476492173881E-06,-5.706497691213932E-06,0.4221665208684601,8548.52,26769,69821.4,1.07999E+06,0,0,0,2.537
772000,1439.221605506854,4061,5,5512,1451,5250,BlackHole,800033,8.40193E-05,222,1993,1371,2683,3214,2171,0.000146205,0.0683533,0.00507319,0.344787,0,0.56315,0.0176829,3572,-5.665741495279407E-06,-5.692762694319458E-06,0.4221665208684601,9152.45,27465.4,69862.9,1.0801E+06,0,0,0,2.513
773000,1441.0856503995813,4061,5,5512,1451,5250,BlackHole,800033,8.40193E-05,222,1993,1371,2683,3214,2171,0.000146205,0.0683533,0.00507319,0.344787,0,0.56315,0.0176829,3572,-5.665522204936522E-06,-5.692543403976573E-06,0.4221665208684601,9104.7,28010,69890.8,1.0803E+06,0,0,0,2.532
774000,1442.9496952923084,4060,5,5512,1452,5250,BlackHole,800033,8.40193E-05,222,1993,1371,2684,3214,2172,0.000146205,0.0683533,0.00507319,0.345284,0,0.562653,0.0176829,3571,-5.6622846301360194E-06,-5.689305829176071E-06,0.4221665208684601,8947.38,27891.8,69940.1,1.08004E+06,0,0,0,2.597
775000,1444.8137401850356,4060,5,5512,1452,5250,BlackHole,800033,8.40193E-05,222,1993,1371,2684,3214,2172,0.000146205,0.0683533,0.00507319,0.345284,0,0.562653,0.0176829,3571,-5.663980209822307E-06,-5.6910014088623586E-06,0.4221665208684601,8774.04,27221.1,70175.3,1.07994E+06,0,0,0,2.689
776000,1446.6777850777628,4059,5,5512,1453,5250,BlackHole,800033,8.40193E-05,222,1993,1371,2685,3214,2173,0.000146205,0.0683533,0.00507319,0.345377,0,0.562559,0.0176829,3570,-5.6621941941469285E-06,-5.68921539318698E-06,0.4221665208684601,8593.03,26619.3,69109.2,1.07994E+06,0,0,0,2.657
777000,1448.54182997049,4058,5,5512,1454,5250,BlackHole,800033,8.40193E-05,222,1993,1371,2686,3214,2174,0.000146205,0.0683533,0.00507319,0.345924,0,0.562012,0.0176829,3569,-5.659542046391358E-06,-5.686563245431409E-06,0.4221665208684601,8419.68,27236.6,69432.4,1.0799E+06,0,0,0,2.648
778000,1450.4058748632172,4052,5,5512,1460,5250,BlackHole,800033,8.40193E-05,222,2057,1371,2692,3278,2179,0.000146205,0.0683576,0.00507319,0.346981,0,0.560951,0.0176829,3563,-5.6530516049507855E-06,-5.680072803990837E-06,0.4221665208684601,8298.57,28448,68740.9,1.07986E+06,0,0,0,2.662
779000,1452.2699197559443,4051,5,5512,1461,5250,BlackHole,800033,8.40193E-05,222,2057,1371,2693,3278,2180,0.000146205,0.0683576,0.00507319,0.346985,0,0.560948,0.0176829,3562,-5.6524564579653275E-06,-5.679477657005379E-06,0.4221665208684601,8304.43,28139,68621.3,1.07992E+06,0,0,0,2.565
780000,1454.1339646486715,4050,5,5512,1462,5250,BlackHole,800033,8.40193E-05,222,2057,1371,2694,3278,2181,0.000146205,0.0683576,0.00507319,0.347146,0,0.560786,0.0176829,3561,-5.651646763756094E-06,-5.678667962796146E-06,0.4221665208684601,8563.78,27993.6,68841.7,1.07973E+06,0,0,0,2.520
781000,1455.9980095413987,4049,5,5512,1463,5250,BlackHole,800033,8.40193E-05,222,2058,1371,2694,3278,2181,0.000146205,0.0684325,0.00507319,0.347146,0,0.560711,0.0176829,3560,-5.648943430927701E-06,-5.675964629967752E-06,0.4221665208684601,9201.09,26644,68773.8,1.08002E+06,0,0,0,2.515
782000,1457.8620544341259,4049,5,5512,1463,5250,BlackHole,800033,8.40193E-05,222,2058,1371,2694,3278,2181,0.000146205,0.0684325,0.00507319,0.347146,0,0.560711,0.0176829,3560,-5.650301041867207E-06,-5.677322240907259E-06,0.4221665208684601,9362.9,26898.5,68656.3,1.07997E+06,0,0,0,2.546
783000,1459.726099326853,4048,5,5512,1464,5250,BlackHole,800033,8.40193E-05,222,2059,1371,2694,3278,2181,0.000146205,0.0685733,0.00507319,0.347146,0,0.56057,0.0176829,3559,-5.647631769336332E-06,-5.674652968376383E-06,0.4221665208684601,9467.08,27890.4,65485.5,1.08005E+06,0,0,0,2.529
784000,1461.5901442195802,4046,5,5512,1466,5250,BlackHole,800033,8.40193E-05,222,2059,1371,2696,3278,2183,0.000146205,0.0685733,0.00507319,0.347369,0,0.560348,0.0176829,3557,-5.64629351731597E-06,-5.6733147163560215E-06,0.4221665208684601,9713.63,28330.8,65497,1.08034E+06,0,0,0,2.517
785000,1463.4541891123074,4044,5,5512,1468,5250,BlackHole,800033,8.40193E-05,222,2059,1371,2698,3278,2185,0.000146205,0.0685733,0.00507319,0.347579,0,0.560137,0.0176829,3555,-5.638821408025124E-06,-5.665842607065175E-06,0.4221665208684601,9317.6,28840,65230.6,1.08016E+06,0,0,0,2.515
786000,1465.3182340050346,4043,5,5512,1469,5250,BlackHole,800033,8.40193E-05,222,2060,1371,2698,3278,2185,0.000146205,0.0686773,0.00507319,0.347579,0,0.560033,0.0176829,3554,-5.637255549753272E-06,-5.6642767487933235E-06,0.4221665208684601,9212.73,26850.8,65485.2,1.08033E+06,0,0,0,2.509
787000,1467.1822788977618,4042,5,5512,1470,5250,BlackHole,800033,8.40193E-05,222,2061,1371,2698,3278,2185,0.000146205,0.0687614,0.00507319,0.347579,0,0.559949,0.0176829,3553,-5.633826878538318E-06,-5.660848077578369E-06,0.4221665208684601,9648.7,26668,65911.4,1.08009E+06,0,0,0,2.507
788000,1469.046323790489,4041,5,5512,1471,5250,BlackHole,800033,8.40193E-05,222,2062,1371,2698,3278,2185,0.000146205,0.0688731,0.00507319,0.347579,0,0.559837,0.0176829,3552,-5.633814903081062E-06,-5.660836102121113E-06,0.4221665208684601,9543.91,27429.9,65588.3,1.08028E+06,0,0,0,2.477
789000,1470.9103686832161,4040,5,5512,1472,5250,BlackHole,800033,8.40193E-05,222,2062,1371,2699,3278,2186,0.000146205,0.0688731,0.00507319,0.348034,0,0.559383,0.0176829,3551,-5.6298502227261115E-06,-5.656871421766163E-06,0.4221665208684601,9431.31,28757.3,65484.6,1.0803E+06,0,0,0,2.516
790000,1472.7744135759433,4039,5,5512,1473,5250,BlackHole,800033,8.40193E-05,222,2062,1371,2700,3278,2187,0.000146205,0.0688731,0.00507319,0.348171,0,0.559246,0.0176829,3550,-5.629591685405285E-06,-5.656612884445336E-06,0.4221665208684601,9312.11,29548.5,65495.8,1.08045E+06,0,0,0,2.566
791000,1474.6384584686705,4039,5,5512,1473,5250,BlackHole,800033,8.40193E-05,222,2062,1371,2700,3278,2187,0.000146205,0.0688731,0.00507319,0.348171,0,0.559246,0.0176829,3550,-5.629805520024022E-06,-5.656826719064074E-06,0.4221665208684601,9179.4,27622.3,65280.6,1.08055E+06,0,0,0,2.555
792000,1476.5025033613977,4037,5,5512,1475,5250,BlackHole,800033,8.40193E-05,222,2064,1371,2700,3278,2187,0.000146205,0.0694028,0.00507319,0.348171,0,0.558716,0.0176829,3548,-5.6257360345208976E-06,-5.652757233560949E-06,0.4221665208684601,9034.21,26612.8,65484.3,1.08048E+06,0,0,0,2.559
793000,1478.3665482541248,4036,5,5512,1476,5250,BlackHole,800033,8.40193E-05,222,2064,1371,2701,3278,2188,0.000146205,0.0694028,0.00507319,0.348204,0,0.558683,0.0176829,3547,-5.626863414109863E-06,-5.653884613149914E-06,0.4221665208684601,8872.56,27046.6,66136.2,1.0809E+06,0,0,0,2.573
794000,1480.230593146852,4035,5,5512,1477,5250,BlackHole,800033,8.40193E-05,222,2064,1371,2702,3278,2189,0.000146205,0.0694028,0.00507319,0.348267,0,0.55862,0.0176829,3546,-5.6262544291827825E-06,-5.653275628222834E-06,0.4221665208684601,8699.35,27299.3,65271,1.0808E+06,0,0,0,2.643
795000,1482.0946380395792,4033,5,5512,1479,5250,BlackHole,800033,8.40193E-05,222,2065,1371,2703,3278,2190,0.000146205,0.069441,0.00507319,0.348278,0,0.558571,0.0176829,3544,-5.624482108356342E-06,-5.651503307396393E-06,0.4221665208684601,8522.15,27561,65484.4,1.08098E+06,0,0,0,2.675
796000,1483.9586829323064,4033,5,5512,1479,5250,BlackHole,800033,8.40193E-05,222,2065,1371,2703,3278,2190,0.000146205,0.069441,0.00507319,0.348278,0,0.558571,0.0176829,3544,-5.625963374210161E-06,-5.6529845732502124E-06,0.4221665208684601,8365.74,27933.2,65495.6,1.0806E+06,0,0,0,2.662
797000,1485.8227278250336,4033,5,5512,1479,5250,BlackHole,800033,8.40193E-05,222,2065,1371,2703,3278,2190,0.000146205,0.069441,0.00507319,0.348278,0,0.558571,0.0176829,3544,-5.625529201825005E-06,-5.6525504008650565E-06,0.4221665208684601,8281.11,26754.7,65289.3,1.07979E+06,0,0,0,2.651
798000,1487.6867727177607,4029,5,5512,1483,5250,BlackHole,800033,8.40193E-05,222,2067,1371,2705,3278,2192,0.000146205,0.0695012,0.00507319,0.349125,0,0.557664,0.0176829,3540,-5.6081147543144835E-06,-5.635135953354535E-06,0.4221665208684601,8352.8,26761.5,65654,1.07979E+06,0,0,0,2.562
799000,1489.550817610488,4028,5,5512,1484,5250,BlackHole,800033,8.40193E-05,222,2067,1371,2706,3278,2193,0.000146205,0.0695012,0.00507319,0.349794,0,0.556995,0.0176829,3538,-5.604763903774781E-06,-5.6317851028148325E-06,0.4221665208684601,8712.14,27646.7,65944,1.08009E+06,0,0,0,2.501
800000,1491.414862503215,4027,5,5512,1485,5250,BlackHole,800033,8.40193E-05,222,2067,1371,2707,3278,2194,0.000146205,0.0695012,0.00507319,0.349841,0,0.556948,0.0176829,3538,-5.603020874941817E-06,-5.630042073981869E-06,0.4221665208684601,9106.17,28314,64975.7,1.07986E+06,0,0,0,2.504
801000,1493.2789073959423,4023,5,5512,1489,5250,BlackHole,800033,8.40193E-05,222,2068,1371,2710,3278,2197,0.000146205,0.0697058,0.00507319,0.350458,0,0.556126,0.0176829,3534,-5.59590430752442E-06,-5.622925506564471E-06,0.4221665208684601,8949.04,27971.7,64988.3,1.07985E+06,0,0,0,2.504
802000,1495.1429522886694,4021,5,5512,1491,5250,BlackHole,800033,8.40193E-05,222,2070,1371,2710,3278,2197,0.000146205,0.0706791,0.00507319,0.350458,0,0.555152,0.0176829,3532,-5.564890825162022E-06,-5.5919120242020735E-06,0.4221665208684601,8775.81,27247.6,65003.7,1.07984E+06,0,0,0,2.494
803000,1497.0069971813966,4020,5,5512,1492,5250,BlackHole,800033,8.40193E-05,222,2070,1371,2711,3278,2198,0.000146205,0.0706791,0.00507319,0.350469,0,0.555142,0.0176829,3531,-5.563820163081894E-06,-5.5908413621219454E-06,0.4221665208684601,8594.84,26616.6,65022.7,1.07967E+06,0,0,0,2.503
804000,1498.8710420741238,4019,5,5512,1493,5250,BlackHole,800033,8.40193E-05,222,2071,1371,2711,3278,2198,0.000146205,0.0707766,0.00507319,0.350469,0,0.555044,0.0176829,3530,-5.5634527607523E-06,-5.590473959792351E-06,0.4221665208684601,8421.24,27224.1,65482.4,1.07973E+06,0,0,0,2.475
805000,1500.735086966851,4018,5,5512,1494,5250,BlackHole,800033,8.40193E-05,222,2071,1371,2712,3278,2199,0.000146205,0.0707766,0.00507319,0.351196,0,0.554317,0.0176829,3529,-5.559223936728246E-06,-5.586245135768298E-06,0.4221665208684601,8299.31,28188.5,65311.4,1.07956E+06,0,0,0,2.517
806000,1502.5991318595782,4018,5,5512,1494,5250,BlackHole,800033,8.40193E-05,222,2071,1371,2712,3278,2199,0.000146205,0.0707766,0.00507319,0.351196,0,0.554317,0.0176829,3529,-5.559539222484123E-06,-5.586560421524174E-06,0.4221665208684601,8303.38,28374.6,64350.8,1.07941E+06,0,0,0,2.560
807000,1504.4631767523053,4018,5,5512,1494,5250,BlackHole,800033,8.40193E-05,222,2071,1371,2712,3278,2199,0.000146205,0.0707766,0.00507319,0.351196,0,0.554317,0.0176829,3529,-5.558672902416602E-06,-5.5856941014566535E-06,0.4221665208684601,8559.45,28115.1,64484.7,1.07951E+06,0,0,0,2.549
808000,1506.3272216450325,4018,5,5512,1494,5250,BlackHole,800033,8.40193E-05,222,2071,1371,2712,3278,2199,0.000146205,0.0707766,0.00507319,0.351196,0,0.554317,0.0176829,3529,-5.558820720028721E-06,-5.585841919068772E-06,0.4221665208684601,9192.79,26649.2,64507.4,1.07951E+06,0,0,0,2.496
809000,1508.1912665377597,4016,5,5512,1496,5250,BlackHole,800033,8.40193E-05,222,2072,1371,2713,3278,2200,0.000146205,0.0707805,0.00507319,0.35145,0,0.554059,0.0176829,3527,-5.5581683346488655E-06,-5.585189533688917E-06,0.4221665208684601,9453.59,26882.1,65362.1,1.07953E+06,0,0,0,2.507
810000,1510.0553114304869,4015,5,5512,1497,5250,BlackHole,800033,8.40193E-05,222,2072,1371,2714,3278,2201,0.000146205,0.0707805,0.00507319,0.351484,0,0.554025,0.0176829,3526,-5.557829724568895E-06,-5.584850923608946E-06,0.4221665208684601,10126.8,27871.1,65481.9,1.0799E+06,0,0,0,2.521
811000,1511.919356323214,4014,5,5512,1498,5250,BlackHole,800033,8.40193E-05,222,2072,1371,2715,3278,2202,0.000146205,0.0707805,0.00507319,0.351494,0,0.554016,0.0176829,3525,-5.55737414991752E-06,-5.5843953489575715E-06,0.4221665208684601,9497.07,29488.4,64491.6,1.07999E+06,0,0,0,2.500
812000,1513.7834012159412,4013,5,5512,1499,5250,BlackHole,800033,8.40193E-05,222,2072,1371,2716,3278,2203,0.000146205,0.0707805,0.00507319,0.35163,0,0.553879,0.0176829,3524,-5.55692761671606E-06,-5.583948815756111E-06,0.4221665208684601,9247.82,29207.6,64485.5,1.07998E+06,0,0,0,2.558
813000,1515.6474461086684,4011,5,5512,1501,5250,BlackHole,800033,8.40193E-05,222,2074,1371,2716,3278,2203,0.000146205,0.0707844,0.00507319,0.35163,0,0.553876,0.0176829,3522,-5.555507487357579E-06,-5.582528686397631E-06,0.4221665208684601,9327.87,26963.9,64507.6,1.08034E+06,0,0,0,2.622
814000,1517.5114910013956,4010,5,5512,1502,5250,BlackHole,800033,8.40193E-05,222,2074,1371,2717,3278,2204,0.000146205,0.0707844,0.00507319,0.351656,0,0.55385,0.0176829,3521,-5.555298232837348E-06,-5.5823194318774E-06,0.4221665208684601,9717.72,26661.5,64596.8,1.08013E+06,0,0,0,2.597
815000,1519.3755358941228,4008,5,5512,1504,5250,BlackHole,800033,8.40193E-05,222,2074,1371,2719,3278,2206,0.000146205,0.0707844,0.00507319,0.351716,0,0.553789,0.0176829,3519,-5.555132926568884E-06,-5.582154125608935E-06,0.4221665208684601,9398.86,27410.9,64834.6,1.0797E+06,0,0,0,2.529
816000,1521.23958078685,4007,5,5512,1505,5250,BlackHole,800033,8.40193E-05,222,2074,1371,2720,3278,2207,0.000146205,0.0707844,0.00507319,0.351722,0,0.553783,0.0176829,3518,-5.553737292329666E-06,-5.5807584913697175E-06,0.4221665208684601,9345.56,26951.1,64366.8,1.07991E+06,0,0,0,2.510
817000,1523.1036256795771,4004,5,5512,1508,5250,BlackHole,800033,8.40193E-05,222,2076,1371,2721,3278,2208,0.000146205,0.0708012,0.00507319,0.351761,0,0.553728,0.0176829,3515,-5.5551145924270545E-06,-5.582135791467106E-06,0.4221665208684601,9391.45,27676.3,63780.3,1.08001E+06,0,0,0,2.476
818000,1524.9676705723043,4004,5,5512,1508,5250,BlackHole,800033,8.40193E-05,222,2076,1371,2721,3278,2208,0.000146205,0.0708012,0.00507319,0.351761,0,0.553728,0.0176829,3515,-5.554058873409117E-06,-5.581080072449168E-06,0.4221665208684601,9268.31,27648.4,63360.4,1.08007E+06,0,0,0,2.474
819000,1526.8317154650315,4004,5,5512,1508,5250,BlackHole,800033,8.40193E-05,222,2076,1371,2721,3278,2208,0.000146205,0.0708012,0.00507319,0.351761,0,0.553728,0.0176829,3515,-5.554021978714787E-06,-5.581043177754838E-06,0.4221665208684601,9131.1,26613,63924.8,1.07997E+06,0,0,0,2.486
820000,1528.6957603577587,4004,5,5512,1508,5250,BlackHole,800033,8.40193E-05,222,2076,1371,2721,3278,2208,0.000146205,0.0708012,0.00507319,0.351761,0,0.553728,0.0176829,3515,-5.554125452825382E-06,-5.581146651865434E-06,0.4221665208684601,8980.79,27031.4,64859.9,1.08013E+06,0,0,0,2.536
821000,1530.5598052504859,4003,5,5512,1509,5250,BlackHole,800033,8.40193E-05,222,2076,1371,2722,3278,2209,0.000146205,0.0708012,0.00507319,0.351765,0,0.553724,0.0176829,3514,-5.553752614189715E-06,-5.580773813229767E-06,0.4221665208684601,8814.07,28122.1,64734,1.07994E+06,0,0,0,2.555
822000,1532.423850143213,4000,5,5512,1512,5250,BlackHole,800033,8.40193E-05,222,2077,1371,2724,3278,2211,0.000146205,0.0708609,0.00507319,0.351859,0,0.55357,0.0176829,3511,-5.5519766740055305E-06,-5.578997873045582E-06,0.4221665208684601,8638.54,27972.2,64770.6,1.0801E+06,0,0,0,2.502
823000,1534.2878950359402,3999,5,5512,1513,5250,BlackHole,800033,8.40193E-05,222,2078,1371,2724,3278,2211,0.000146205,0.0711599,0.00507319,0.351859,0,0.553271,0.0176829,3510,-5.548152392623069E-06,-5.57517359166312E-06,0.4221665208684601,8464.11,28182.1,63395.8,1.08005E+06,0,0,0,2.607
824000,1536.1519399286674,3998,5,5512,1514,5250,BlackHole,800033,8.40193E-05,222,2078,1371,2725,3278,2212,0.000146205,0.0711599,0.00507319,0.35206,0,0.55307,0.0176829,3509,-5.5473982624300914E-06,-5.574419461470143E-06,0.4221665208684601,8325.35,26766.9,63460.3,1.07987E+06,0,0,0,2.529
825000,1538.0159848213946,3997,5,5512,1515,5250,BlackHole,800033,8.40193E-05,222,2078,1371,2726,3278,2213,0.000146205,0.0711599,0.00507319,0.352283,0,0.552847,0.0176829,3508,-5.545974698266597E-06,-5.5729958973066485E-06,0.4221665208684601,8282.27,26748.7,64324.4,1.08002E+06,0,0,0,2.541
826000,1539.8800297141217,3995,5,5512,1517,5250,BlackHole,800033,8.40193E-05,222,2079,1371,2727,3278,2214,0.000146205,0.0712748,0.00507319,0.352723,0,0.552292,0.0176829,3506,-5.542867717817024E-06,-5.569888916857075E-06,0.4221665208684601,8436.54,27617.2,64380.3,1.07965E+06,0,0,0,2.501
827000,1541.744074606849,3992,5,5512,1520,5250,BlackHole,800033,8.40193E-05,222,2081,1371,2728,3278,2215,0.000146205,0.0716904,0.00507319,0.353357,0,0.551242,0.0176829,3503,-5.531137714874444E-06,-5.558158913914496E-06,0.4221665208684601,8920.87,28178.9,64487.5,1.08018E+06,0,0,0,2.515
828000,1543.608119499576,3989,5,5512,1523,5250,BlackHole,800033,8.40193E-05,222,2084,1371,2728,3278,2215,0.000146205,0.0717329,0.00507319,0.353357,0,0.5512,0.0176829,3500,-5.530032838008507E-06,-5.5570540370485584E-06,0.4221665208684601,8950.7,28351.8,64199.3,1.08092E+06,0,0,0,2.545
829000,1545.4721643923033,3989,5,5512,1523,5250,BlackHole,800033,8.40193E-05,222,2084,1371,2728,3278,2215,0.000146205,0.0717329,0.00507319,0.353357,0,0.5512,0.0176829,3500,-5.530987119755995E-06,-5.5580083187960465E-06,0.4221665208684601,8777.58,27271.6,63456.8,1.08115E+06,0,0,0,2.558
830000,1547.3362092850305,3986,5,5512,1526,5250,BlackHole,800033,8.40193E-05,222,2085,1371,2730,3278,2217,0.000146205,0.0719662,0.00507319,0.353813,0,0.550511,0.0176829,3497,-5.522141207576391E-06,-5.549162406616442E-06,0.4221665208684601,8596.65,26614.9,63836.9,1.07994E+06,0,0,0,2.545
831000,1549.2002541777576,3982,5,5512,1530,5250,BlackHole,800033,8.40193E-05,222,2087,1371,2732,3278,2219,0.000146205,0.0722026,0.00507319,0.354283,0,0.549805,0.0176829,3493,-5.515131025535494E-06,-5.542152224575546E-06,0.4221665208684601,8422.81,27199.6,64386.7,1.08044E+06,0,0,0,2.556
832000,1551.0642990704848,3982,5,5512,1530,5250,BlackHole,800033,8.40193E-05,222,2087,1371,2732,3278,2219,0.000146205,0.0722026,0.00507319,0.354283,0,0.549805,0.0176829,3493,-5.515247212330947E-06,-5.542268411370998E-06,0.4221665208684601,8300.06,28156.2,64488.6,1.08065E+06,0,0,0,2.548
833000,1552.928343963212,3980,5,5512,1532,5250,BlackHole,800033,8.40193E-05,222,2089,1371,2732,3278,2219,0.000146205,0.072278,0.00507319,0.354283,0,0.549729,0.0176829,3491,-5.513481750483864E-06,-5.5405029495239154E-06,0.4221665208684601,8302.36,28043.7,64509.9,1.08088E+06,0,0,0,2.528
834000,1554.7923888559392,3979,5,5512,1533,5250,BlackHole,800033,8.40193E-05,222,2090,1371,2732,3278,2219,0.000146205,0.0722823,0.00507319,0.354283,0,0.549725,0.0176829,3490,-5.512786624400827E-06,-5.539807823440878E-06,0.4221665208684601,8555.17,28146.2,63580.1,1.08183E+06,0,0,0,2.515
835000,1556.6564337486664,3976,5,5512,1536,5250,BlackHole,800033,8.40193E-05,222,2090,1371,2735,3278,2222,0.000146205,0.0722823,0.00507319,0.354669,0,0.549339,0.0176829,3487,-5.511457049948373E-06,-5.538478248988424E-06,0.4221665208684601,9184.53,26654.5,63276.2,1.08077E+06,0,0,0,2.516
836000,1558.5204786413935,3976,5,5512,1536,5250,BlackHole,800033,8.40193E-05,222,2090,1371,2735,3278,2222,0.000146205,0.0722823,0.00507319,0.354669,0,0.549339,0.0176829,3487,-5.510630353151739E-06,-5.53765155219179E-06,0.4221665208684601,9938.59,26867.2,63013.6,1.08064E+06,0,0,0,2.511
837000,1560.3845235341207,3973,5,5512,1539,5250,BlackHole,800033,8.40193E-05,222,2090,1371,2738,3278,2225,0.000146205,0.0722823,0.00507319,0.35518,0,0.548828,0.0176829,3484,-5.507533544760373E-06,-5.534554743800424E-06,0.4221665208684601,9322.99,27164.3,63267.4,1.08267E+06,0,0,0,2.547
838000,1562.248568426848,3971,5,5512,1541,5250,BlackHole,800033,8.40193E-05,222,2091,1371,2739,3278,2226,0.000146205,0.0722861,0.00507319,0.355531,0,0.548473,0.0176829,3482,-5.507311049652309E-06,-5.53433224869236E-06,0.4221665208684601,9441.99,27490.6,63351.9,1.08258E+06,0,0,0,2.515
839000,1564.112613319575,3971,5,5512,1541,5250,BlackHole,800033,8.40193E-05,222,2091,1371,2739,3278,2226,0.000146205,0.0722861,0.00507319,0.355531,0,0.548473,0.0176829,3482,-5.506965538693792E-06,-5.5339867377338434E-06,0.4221665208684601,9323.47,27424.9,63450.1,1.08252E+06,0,0,0,2.529
840000,1565.9766582123023,3968,5,5512,1544,5250,BlackHole,800033,8.40193E-05,222,2092,1371,2741,3278,2228,0.000146205,0.072832,0.00507319,0.355948,0,0.54751,0.0176829,3479,-5.492641086397265E-06,-5.5196622854373165E-06,0.4221665208684601,9892.2,26977.5,63255.5,1.08209E+06,0,0,0,2.510
841000,1567.8407031050294,3967,5,5512,1545,5250,BlackHole,800033,8.40193E-05,222,2093,1371,2741,3278,2228,0.000146205,0.0731639,0.00507319,0.355948,0,0.547178,0.0176829,3478,-5.485157655038482E-06,-5.512178854078534E-06,0.4221665208684601,9325.42,26655.3,62615.7,1.08249E+06,0,0,0,2.503
842000,1569.7047479977566,3965,5,5512,1547,5250,BlackHole,800033,8.40193E-05,222,2094,1371,2742,3278,2229,0.000146205,0.0731678,0.00507319,0.355967,0,0.547155,0.0176829,3476,-5.485741206313871E-06,-5.512762405353922E-06,0.4221665208684601,9199.31,27389.1,63199,1.08231E+06,0,0,0,2.524
843000,1571.5687928904838,3965,5,5512,1547,5250,BlackHole,800033,8.40193E-05,222,2094,1371,2742,3278,2229,0.000146205,0.0731678,0.00507319,0.355967,0,0.547155,0.0176829,3476,-5.4855332760253985E-06,-5.51255447506545E-06,0.4221665208684601,9194.88,28002.5,63349.7,1.08224E+06,0,0,0,2.534
844000,1573.432837783211,3964,5,5512,1548,5250,BlackHole,800033,8.40193E-05,222,2095,1371,2742,3278,2229,0.000146205,0.0736481,0.00507319,0.355967,0,0.546674,0.0176829,3475,-5.477488981161333E-06,-5.504510180201384E-06,0.4221665208684601,9467.49,28082.6,63446.9,1.08226E+06,0,0,0,2.497
845000,1575.2968826759381,3964,5,5512,1548,5250,BlackHole,800033,8.40193E-05,222,2095,1371,2742,3278,2229,0.000146205,0.0736481,0.00507319,0.355967,0,0.546674,0.0176829,3475,-5.477576984580987E-06,-5.504598183621038E-06,0.4221665208684601,9333.39,27678.9,63777.1,1.0822E+06,0,0,0,2.530
846000,1577.1609275686653,3963,5,5512,1549,5250,BlackHole,800033,8.40193E-05,222,2095,1371,2743,3278,2230,0.000146205,0.0736481,0.00507319,0.355997,0,0.546645,0.0176829,3474,-5.478478433938271E-06,-5.505499632978323E-06,0.4221665208684601,9222.68,26613.4,62765.6,1.08234E+06,0,0,0,2.533
847000,1579.0249724613925,3961,5,5512,1551,5250,BlackHole,800033,8.40193E-05,222,2095,1371,2745,3278,2232,0.000146205,0.0736481,0.00507319,0.356009,0,0.546633,0.0176829,3472,-5.4778251411049016E-06,-5.504846340144953E-06,0.4221665208684601,9081.43,27016.4,63192.2,1.08214E+06,0,0,0,2.528
848000,1580.8890173541197,3961,5,5512,1551,5250,BlackHole,800033,8.40193E-05,222,2095,1371,2745,3278,2232,0.000146205,0.0736481,0.00507319,0.356009,0,0.546633,0.0176829,3472,-5.476931818144541E-06,-5.5039530171845925E-06,0.4221665208684601,8925.22,27781.7,63347.5,1.08118E+06,0,0,0,2.550
849000,1582.7530622468469,3958,5,5512,1554,5250,BlackHole,800033,8.40193E-05,222,2096,1371,2747,3278,2234,0.000146205,0.0737241,0.00507319,0.356585,0,0.545981,0.0176829,3468,-5.467910586465806E-06,-5.4949317855058575E-06,0.4221665208684601,8754.67,28240.6,63443.7,1.08239E+06,0,0,0,2.528
850000,1584.617107139574,3958,5,5512,1554,5250,BlackHole,800033,8.40193E-05,222,2096,1371,2747,3278,2234,0.000146205,0.0737241,0.00507319,0.356585,0,0.545981,0.0176829,3469,-5.46669119891822E-06,-5.493712397958272E-06,0.4221665208684601,8577.52,26537.6,62930.9,1.07997E+06,0,0,0,2.503
851000,1586.4811520323012,3956,5,5512,1556,5250,BlackHole,800033,8.40193E-05,222,2097,1371,2748,3278,2235,0.000146205,0.0737479,0.00507319,0.356589,0,0.545953,0.0176829,3467,-5.4659340298566215E-06,-5.492955228896673E-06,0.4221665208684601,8410.11,26778.1,62541,1.08129E+06,0,0,0,2.511
852000,1588.3451969250284,3953,5,5512,1559,5250,BlackHole,800033,8.40193E-05,222,2097,1371,2751,3278,2238,0.000146205,0.0737479,0.00507319,0.356845,0,0.545697,0.0176829,3464,-5.46431849874958E-06,-5.491339697789631E-06,0.4221665208684601,8295.84,26738.9,62537.1,1.0797E+06,0,0,0,2.497
853000,1590.2092418177556,3953,5,5512,1559,5250,BlackHole,800033,8.40193E-05,222,2097,1371,2751,3278,2238,0.000146205,0.0737479,0.00507319,0.356845,0,0.545697,0.0176829,3464,-5.463568689864402E-06,-5.4905898889044535E-06,0.4221665208684601,8306.05,27596.6,63345.2,1.08029E+06,0,0,0,2.573
854000,1592.0732867104828,3952,5,5512,1560,5250,BlackHole,800033,8.40193E-05,222,2097,1371,2752,3278,2239,0.000146205,0.0737479,0.00507319,0.356857,0,0.545685,0.0176829,3463,-5.4647013533536105E-06,-5.491722552393662E-06,0.4221665208684601,8560.08,27886.3,62556.3,1.0797E+06,0,0,0,2.502
855000,1593.93733160321,3949,5,5512,1563,5250,BlackHole,800033,8.40193E-05,222,2099,1371,2753,3278,2240,0.000146205,0.0737598,0.00507319,0.356985,0,0.545545,0.0176829,3460,-5.4637521033305145E-06,-5.490773302370566E-06,0.4221665208684601,8952.35,28068.5,63277.5,1.08034E+06,0,0,0,2.465
856000,1595.8013764959371,3947,5,5512,1565,5250,BlackHole,800033,8.40193E-05,222,2099,1371,2755,3278,2242,0.000146205,0.0737598,0.00507319,0.35748,0,0.54505,0.0176829,3458,-5.45974312115922E-06,-5.486764320199271E-06,0.4221665208684601,8779.34,27296,62576.9,1.08124E+06,0,0,0,2.464
857000,1597.6654213886643,3946,5,5512,1566,5250,BlackHole,800033,8.40193E-05,222,2100,1371,2755,3278,2242,0.000146205,0.07376,0.00507319,0.35748,0,0.54505,0.0176829,3457,-5.459484193824973E-06,-5.486505392865025E-06,0.4221665208684601,8598.46,26614,63177.5,1.08128E+06,0,0,0,2.458
858000,1599.5294662813915,3945,5,5512,1567,5250,BlackHole,800033,8.40193E-05,222,2101,1371,2755,3278,2242,0.000146205,0.074532,0.00507319,0.35748,0,0.544278,0.0176829,3456,-5.447641605460837E-06,-5.474662804500888E-06,0.4221665208684601,8424.37,27185.4,62442.2,1.08184E+06,0,0,0,2.451
859000,1601.3935111741187,3944,5,5512,1568,5250,BlackHole,800033,8.40193E-05,222,2102,1371,2755,3278,2242,0.000146205,0.0745451,0.00507319,0.35748,0,0.544264,0.0176829,3455,-5.446417038993622E-06,-5.473438238033674E-06,0.4221665208684601,8300.82,26928.5,62816.2,1.08183E+06,0,0,0,2.462
860000,1603.2575560668458,3944,5,5512,1568,5250,BlackHole,800033,8.40193E-05,222,2102,1371,2755,3278,2242,0.000146205,0.0745451,0.00507319,0.35748,0,0.544264,0.0176829,3455,-5.447256658669468E-06,-5.4742778577095196E-06,0.4221665208684601,8301.36,27749.7,63255.5,1.08199E+06,0,0,0,2.482
861000,1605.121600959573,3939,5,5512,1573,5250,BlackHole,800033,8.40193E-05,222,2103,1371,2759,3278,2246,0.000146205,0.0746801,0.00507319,0.357552,0,0.544057,0.0176829,3450,-5.446030459733136E-06,-5.473051658773188E-06,0.4221665208684601,8550.94,27051.7,62601.3,1.08107E+06,0,0,0,2.499
862000,1606.9856458523002,3937,5,5512,1575,5250,BlackHole,800033,8.40193E-05,222,2103,1371,2761,3278,2248,0.000146205,0.0746801,0.00507319,0.35757,0,0.54404,0.0176829,3448,-5.446590812886364E-06,-5.473612011926415E-06,0.4221665208684601,9176.31,26660.1,62219.6,1.08124E+06,0,0,0,2.504
863000,1608.8496907450274,3934,5,5512,1578,5250,BlackHole,800033,8.40193E-05,222,2105,1371,2762,3278,2249,0.000146205,0.0752796,0.00507319,0.357596,0,0.543414,0.0176829,3445,-5.4367109490506515E-06,-5.463732148090703E-06,0.4221665208684601,9420.69,26860.3,62473.4,1.08017E+06,0,0,0,2.487
864000,1610.7137356377546,3934,5,5512,1578,5250,BlackHole,800033,8.40193E-05,222,2105,1371,2762,3278,2249,0.000146205,0.0752796,0.00507319,0.357596,0,0.543414,0.0176829,3445,-5.437104335604052E-06,-5.464125534644104E-06,0.4221665208684601,9393.36,27822.7,62518.2,1.0801E+06,0,0,0,2.458
865000,1612.5777805304817,3932,5,5512,1580,5250,BlackHole,800033,8.40193E-05,222,2105,1371,2764,3278,2251,0.000146205,0.0752796,0.00507319,0.358209,0,0.542801,0.0176829,3443,-5.432629505701354E-06,-5.459650704741406E-06,0.4221665208684601,9434.2,28008.8,62369.7,1.08004E+06,0,0,0,2.458
866000,1614.441825423209,3931,5,5512,1581,5250,BlackHole,800033,8.40193E-05,222,2106,1371,2764,3278,2251,0.000146205,0.0759083,0.00507319,0.358209,0,0.542173,0.0176829,3442,-5.4205744587692835E-06,-5.447595657809335E-06,0.4221665208684601,10089.1,28508.4,62489.2,1.08132E+06,0,0,0,2.454
867000,1616.305870315936,3929,5,5512,1583,5250,BlackHole,800033,8.40193E-05,222,2107,1371,2765,3278,2252,0.000146205,0.0759492,0.00507319,0.358213,0,0.542128,0.0176829,3440,-5.420272754831251E-06,-5.447293953871302E-06,0.4221665208684601,9411.62,26995.3,62644.6,1.08165E+06,0,0,0,2.417
868000,1618.1699152086633,3929,5,5512,1583,5250,BlackHole,800033,8.40193E-05,222,2107,1371,2765,3278,2252,0.000146205,0.0759492,0.00507319,0.358213,0,0.542128,0.0176829,3440,-5.421176410038385E-06,-5.448197609078436E-06,0.4221665208684601,9729.21,26648.6,62440,1.08141E+06,0,0,0,2.436
869000,1620.0339601013904,3928,5,5512,1584,5250,BlackHole,800033,8.40193E-05,222,2107,1371,2766,3278,2253,0.000146205,0.0759492,0.00507319,0.358271,0,0.542069,0.0176829,3439,-5.4203288564068385E-06,-5.44735005544689E-06,0.4221665208684601,9383.56,27370.4,62262.5,1.08002E+06,0,0,0,2.455
870000,1621.8980049941176,3927,5,5512,1585,5250,BlackHole,800033,8.40193E-05,222,2107,1371,2767,3278,2254,0.000146205,0.0759492,0.00507319,0.358293,0,0.542048,0.0176829,3438,-5.421568919514865E-06,-5.4485901185549164E-06,0.4221665208684601,9500.96,27499.6,62682.6,1.08007E+06,0,0,0,2.414
871000,1623.7620498868448,3926,5,5512,1586,5250,BlackHole,800033,8.40193E-05,222,2107,1371,2768,3278,2255,0.000146205,0.0759492,0.00507319,0.358383,0,0.541957,0.0176829,3437,-5.419689677183028E-06,-5.44671087622308E-06,0.4221665208684601,9361.38,27874.2,61702.2,1.07992E+06,0,0,0,2.479
872000,1625.626094779572,3925,5,5512,1587,5250,BlackHole,800033,8.40193E-05,222,2107,1371,2769,3278,2256,0.000146205,0.0759492,0.00507319,0.358763,0,0.541578,0.0176829,3436,-5.419126597045111E-06,-5.446147796085162E-06,0.4221665208684601,9201.33,27714.2,62211.4,1.07971E+06,0,0,0,2.400
873000,1627.4901396722992,3924,5,5512,1588,5250,BlackHole,800033,8.40193E-05,222,2107,1371,2770,3278,2257,0.000146205,0.0759492,0.00507319,0.358957,0,0.541383,0.0176829,3435,-5.418150121869672E-06,-5.445171320909724E-06,0.4221665208684601,9273.39,26614,61998.8,1.07948E+06,0,0,0,2.449
874000,1629.3541845650263,3923,5,5512,1589,5250,BlackHole,800033,8.40193E-05,222,2107,1371,2771,3278,2258,0.000146205,0.0759492,0.00507319,0.358961,0,0.54138,0.0176829,3434,-5.418156991770026E-06,-5.445178190810078E-06,0.4221665208684601,9175.55,26999.1,61834.7,1.07967E+06,0,0,0,2.425
875000,1631.2182294577535,3921,5,5512,1591,5250,BlackHole,800033,8.40193E-05,222,2107,1371,2773,3278,2260,0.000146205,0.0759492,0.00507319,0.359152,0,0.541189,0.0176829,3432,-5.4173009378879905E-06,-5.444322136928042E-06,0.4221665208684601,9029.98,28069.1,62487.2,1.08052E+06,0,0,0,2.465
876000,1633.0822743504807,3921,5,5512,1591,5250,BlackHole,800033,8.40193E-05,222,2107,1371,2773,3278,2260,0.000146205,0.0759492,0.00507319,0.359152,0,0.541189,0.0176829,3432,-5.417343241246453E-06,-5.444364440286504E-06,0.4221665208684601,8867.88,28277.4,62308.8,1.08054E+06,0,0,0,2.454
877000,1634.9463192432079,3919,5,5512,1593,5250,BlackHole,800033,8.40193E-05,222,2108,1371,2774,3278,2261,0.000146205,0.0759536,0.00507319,0.3595,0,0.540836,0.0176829,3430,-5.41033445697011E-06,-5.437355656010162E-06,0.4221665208684601,8694.47,28092,62256.1,1.08146E+06,0,0,0,2.495
878000,1636.810364135935,3918,5,5512,1594,5250,BlackHole,800033,8.40193E-05,222,2108,1371,2775,3278,2262,0.000146205,0.0759536,0.00507319,0.359506,0,0.54083,0.0176829,3429,-5.410834888434721E-06,-5.437856087474773E-06,0.4221665208684601,8517.36,26789.7,62437.9,1.08068E+06,0,0,0,2.477
879000,1638.6744090286622,3918,5,5512,1594,5250,BlackHole,800033,8.40193E-05,222,2108,1371,2775,3278,2262,0.000146205,0.0759536,0.00507319,0.359506,0,0.54083,0.0176829,3429,-5.4108444888587995E-06,-5.437865687898851E-06,0.4221665208684601,8362.14,26729.5,61824.1,1.08053E+06,0,0,0,2.501
880000,1640.5384539213894,3918,5,5512,1594,5250,BlackHole,800033,8.40193E-05,222,2108,1371,2775,3278,2262,0.000146205,0.0759536,0.00507319,0.359506,0,0.54083,0.0176829,3429,-5.411416284661354E-06,-5.438437483701405E-06,0.4221665208684601,8280.49,27576.2,61833.2,1.0805E+06,0,0,0,2.470
881000,1642.4024988141166,3918,5,5512,1594,5250,BlackHole,800033,8.40193E-05,222,2108,1371,2775,3278,2262,0.000146205,0.0759536,0.00507319,0.359506,0,0.54083,0.0176829,3429,-5.410795833688131E-06,-5.437817032728182E-06,0.4221665208684601,8358.21,27597.1,62332.9,1.08034E+06,0,0,0,2.408
882000,1644.2665437068438,3915,5,5512,1597,5250,BlackHole,800033,8.40193E-05,222,2109,1371,2777,3278,2264,0.000146205,0.0762925,0.00507319,0.360094,0,0.539903,0.0176829,3426,-5.403628721980803E-06,-5.430649921020854E-06,0.4221665208684601,8727.3,26705.1,61707.6,1.08059E+06,0,0,0,2.429
883000,1646.130588599571,3913,5,5512,1599,5250,BlackHole,800033,8.40193E-05,222,2109,1371,2779,3278,2266,0.000146205,0.0762925,0.00507319,0.360359,0,0.539639,0.0176829,3424,-5.402180659371332E-06,-5.429201858411383E-06,0.4221665208684601,8781.11,26868.1,61994.3,1.08078E+06,0,0,0,2.449
884000,1647.9946334922981,3911,5,5512,1601,5250,BlackHole,800033,8.40193E-05,222,2109,1371,2781,3278,2268,0.000146205,0.0762925,0.00507319,0.3611,0,0.538897,0.0176829,3422,-5.398257926569642E-06,-5.425279125609693E-06,0.4221665208684601,8600.27,26613,61640.8,1.08056E+06,0,0,0,2.437
885000,1649.8586783850253,3910,5,5512,1602,5250,BlackHole,800033,8.40193E-05,222,2110,1371,2781,3278,2268,0.000146205,0.0764684,0.00507319,0.3611,0,0.538721,0.0176829,3421,-5.3960957643672855E-06,-5.423116963407337E-06,0.4221665208684601,8425.95,27168.7,61497.9,1.08043E+06,0,0,0,2.442
886000,1651.7227232777525,3910,5,5512,1602,5250,BlackHole,800033,8.40193E-05,222,2110,1371,2781,3278,2268,0.000146205,0.0764684,0.00507319,0.3611,0,0.538721,0.0176829,3421,-5.395456648342183E-06,-5.422477847382235E-06,0.4221665208684601,8301.59,27973.9,62367.9,1.0805E+06,0,0,0,2.494
887000,1653.5867681704797,3907,5,5512,1605,5250,BlackHole,800033,8.40193E-05,222,2111,1371,2783,3278,2270,0.000146205,0.076508,0.00507319,0.361427,0,0.538355,0.0176829,3418,-5.389920133605826E-06,-5.416941332645877E-06,0.4221665208684601,8300.39,28352,62191.5,1.08052E+06,0,0,0,2.448
888000,1655.4508130632069,3906,5,5512,1606,5250,BlackHole,800033,8.40193E-05,222,2111,1371,2784,3278,2271,0.000146205,0.076508,0.00507319,0.361838,0,0.537944,0.0176829,3417,-5.3873117700403656E-06,-5.414332969080417E-06,0.4221665208684601,8546.74,28218.8,61131.6,1.08057E+06,0,0,0,2.488
889000,1657.314857955934,3906,5,5512,1606,5250,BlackHole,800033,8.40193E-05,222,2111,1371,2784,3278,2271,0.000146205,0.076508,0.00507319,0.361838,0,0.537944,0.0176829,3417,-5.387678547845165E-06,-5.414699746885216E-06,0.4221665208684601,9168.13,26665.5,61803.9,1.08022E+06,0,0,0,2.439
890000,1659.1789028486612,3904,5,5512,1608,5250,BlackHole,800033,8.40193E-05,222,2112,1371,2785,3278,2272,0.000146205,0.077075,0.00507319,0.362565,0,0.53665,0.0176829,3415,-5.3721093758613355E-06,-5.399130574901387E-06,0.4221665208684601,10173,26844.4,61114.9,1.08131E+06,0,0,0,2.504
891000,1661.0429477413884,3904,5,5512,1608,5250,BlackHole,800033,8.40193E-05,222,2112,1371,2785,3278,2272,0.000146205,0.077075,0.00507319,0.362565,0,0.53665,0.0176829,3415,-5.372565839755752E-06,-5.399587038795803E-06,0.4221665208684601,9200.74,27800.5,61522.9,1.08132E+06,0,0,0,2.521
892000,1662.9069926341156,3904,5,5512,1608,5250,BlackHole,800033,8.40193E-05,222,2112,1371,2785,3278,2272,0.000146205,0.077075,0.00507319,0.362565,0,0.53665,0.0176829,3415,-5.371366523675829E-06,-5.39838772271588E-06,0.4221665208684601,9253.08,27219,61933.8,1.08132E+06,0,0,0,2.508
893000,1664.7710375268427,3903,5,5512,1609,5250,BlackHole,800033,8.40193E-05,222,2112,1371,2786,3278,2273,0.000146205,0.077075,0.00507319,0.36281,0,0.536405,0.0176829,3414,-5.368334676651084E-06,-5.395355875691135E-06,0.4221665208684601,9392.98,27545.3,61486.4,1.08181E+06,0,0,0,2.500
894000,1666.63508241957,3902,5,5512,1610,5250,BlackHole,800033,8.40193E-05,222,2112,1371,2787,3278,2274,0.000146205,0.077075,0.00507319,0.363561,0,0.535654,0.0176829,3413,-5.3633118739944E-06,-5.390333073034451E-06,0.4221665208684601,9441.22,27016.3,61657.3,1.08034E+06,0,0,0,2.480
895000,1668.499127312297,3900,5,5512,1612,5250,BlackHole,800033,8.40193E-05,222,2113,1371,2788,3278,2275,0.000146205,0.0770786,0.00507319,0.363626,0,0.535585,0.0176829,3411,-5.3632031918915886E-06,-5.39022439093164E-06,0.4221665208684601,9412.2,26644.1,61209.8,1.08027E+06,0,0,0,2.449
896000,1670.3631722050243,3899,5,5512,1613,5250,BlackHole,800033,8.40193E-05,222,2114,1371,2788,3278,2275,0.000146205,0.0770837,0.00507319,0.363626,0,0.53558,0.0176829,3410,-5.363549784767402E-06,-5.390570983807454E-06,0.4221665208684601,9819.43,27351.9,62307.3,1.08264E+06,0,0,0,2.488
897000,1672.2272170977515,3899,5,5512,1613,5250,BlackHole,800033,8.40193E-05,222,2114,1371,2788,3278,2275,0.000146205,0.0770837,0.00507319,0.363626,0,0.53558,0.0176829,3410,-5.363333999117771E-06,-5.390355198157822E-06,0.4221665208684601,9432.97,28641.6,61752.8,1.08287E+06,0,0,0,2.450
898000,1674.0912619904786,3897,5,5512,1615,5250,BlackHole,800033,8.40193E-05,222,2114,1371,2790,3278,2277,0.000146205,0.0770837,0.00507319,0.364872,0,0.534334,0.0176829,3408,-5.34524675219312E-06,-5.372267951233172E-06,0.4221665208684601,9610.36,27965,61132,1.08321E+06,0,0,0,2.483
899000,1675.9553068832058,3896,5,5512,1616,5250,BlackHole,800033,8.40193E-05,222,2115,1371,2790,3278,2277,0.000146205,0.0774678,0.00507319,0.364872,0,0.53395,0.0176829,3407,-5.3402236697488766E-06,-5.367244868788928E-06,0.4221665208684601,9455.07,27741,61127.6,1.08325E+06,0,0,0,2.516
900000,1677.819351775933,3896,5,5512,1616,5250,BlackHole,800033,8.40193E-05,222,2115,1371,2790,3278,2277,0.000146205,0.0774678,0.00507319,0.364872,0,0.53395,0.0176829,3407,-5.340317297324496E-06,-5.367338496364547E-06,0.4221665208684601,9220.36,26615.2,61120.5,1.08291E+06,0,0,0,2.457
901000,1679.6833966686602,3892,5,5512,1620,5250,BlackHole,800033,8.40193E-05,222,2116,1371,2793,3278,2280,0.000146205,0.0775544,0.00507319,0.365158,0,0.533578,0.0176829,3403,-5.335256533356179E-06,-5.362277732396231E-06,0.4221665208684601,9264.69,26987,61581.6,1.08062E+06,0,0,0,2.477
902000,1681.5474415613874,3890,5,5512,1622,5250,BlackHole,800033,8.40193E-05,222,2116,1371,2795,3278,2282,0.000146205,0.0775544,0.00507319,0.365483,0,0.533252,0.0176829,3401,-5.334276701391137E-06,-5.361297900431188E-06,0.4221665208684601,9127.14,27508.6,60975.7,1.08051E+06,0,0,0,2.464
903000,1683.4114864541145,3889,5,5512,1623,5250,BlackHole,800033,8.40193E-05,222,2117,1371,2795,3278,2282,0.000146205,0.077647,0.00507319,0.365483,0,0.53316,0.0176829,3400,-5.332545087280259E-06,-5.35956628632031E-06,0.4221665208684601,8976.38,27739.8,61593,1.08281E+06,0,0,0,2.423
904000,1685.2755313468417,3887,5,5512,1625,5250,BlackHole,800033,8.40193E-05,222,2117,1371,2797,3278,2284,0.000146205,0.077647,0.00507319,0.36549,0,0.533152,0.0176829,3398,-5.332300545072818E-06,-5.3593217441128694E-06,0.4221665208684601,8809.31,26573.2,60874,1.08355E+06,0,0,0,2.462
905000,1687.139576239569,3883,5,5512,1629,5250,BlackHole,800033,8.40193E-05,222,2119,1371,2799,3278,2286,0.000146205,0.0777018,0.00507319,0.366356,0,0.532232,0.0176829,3394,-5.32210313264064E-06,-5.349124331680691E-06,0.4221665208684601,8633.61,26799.9,61420.4,1.08502E+06,0,0,0,2.422
906000,1689.003621132296,3882,5,5512,1630,5250,BlackHole,800033,8.40193E-05,222,2120,1371,2799,3278,2286,0.000146205,0.0777058,0.00507319,0.366356,0,0.532228,0.0176829,3393,-5.321592860906545E-06,-5.348614059946597E-06,0.4221665208684601,8459.57,26720.4,61239.7,1.0851E+06,0,0,0,2.433
907000,1690.8676660250233,3880,5,5512,1632,5250,BlackHole,800033,8.40193E-05,222,2121,1371,2800,3278,2287,0.000146205,0.0779196,0.00507319,0.366362,0,0.532008,0.0176829,3391,-5.320365874856578E-06,-5.347387073896629E-06,0.4221665208684601,8322.53,27556,61136.6,1.0852E+06,0,0,0,2.452
908000,1692.7317109177504,3878,5,5512,1634,5250,BlackHole,800033,8.40193E-05,222,2122,1371,2801,3278,2288,0.000146205,0.0779354,0.00507319,0.366957,0,0.531397,0.0176829,3389,-5.316519292155199E-06,-5.343540491195251E-06,0.4221665208684601,8283.28,28219,60785.1,1.08511E+06,0,0,0,2.439
909000,1694.5957558104776,3878,5,5512,1634,5250,BlackHole,800033,8.40193E-05,222,2122,1371,2801,3278,2288,0.000146205,0.0779354,0.00507319,0.366957,0,0.531397,0.0176829,3389,-5.3157828153802475E-06,-5.342804014420299E-06,0.4221665208684601,8444.96,28151.6,60842.9,1.085E+06,0,0,0,2.475
910000,1696.4598007032048,3878,5,5512,1634,5250,BlackHole,800033,8.40193E-05,222,2122,1371,2801,3278,2288,0.000146205,0.0779354,0.00507319,0.366957,0,0.531397,0.0176829,3389,-5.317942839696204E-06,-5.344964038736255E-06,0.4221665208684601,8782.87,27342.4,61123.6,1.08495E+06,0,0,0,2.551
911000,1698.323845595932,3875,5,5512,1637,5250,BlackHole,800033,8.40193E-05,222,2123,1371,2803,3278,2290,0.000146205,0.0779401,0.00507319,0.367548,0,0.530802,0.0176829,3386,-5.313138721177047E-06,-5.340159920217098E-06,0.4221665208684601,8602.08,26612.8,60957.9,1.0851E+06,0,0,0,2.464
912000,1700.1878904886591,3874,5,5512,1638,5250,BlackHole,800033,8.40193E-05,222,2124,1371,2803,3278,2290,0.000146205,0.0779475,0.00507319,0.367548,0,0.530795,0.0176829,3385,-5.314065003854692E-06,-5.341086202894743E-06,0.4221665208684601,8427.52,27149.3,60675.9,1.08517E+06,0,0,0,2.509
913000,1702.0519353813863,3873,5,5512,1639,5250,BlackHole,800033,8.40193E-05,222,2124,1371,2804,3278,2291,0.000146205,0.0779475,0.00507319,0.367977,0,0.530365,0.0176829,3384,-5.310343921366808E-06,-5.337365120406859E-06,0.4221665208684601,8302.38,26805.9,60411.9,1.08512E+06,0,0,0,2.487
914000,1703.9159802741135,3872,5,5512,1640,5250,BlackHole,800033,8.40193E-05,222,2124,1371,2805,3278,2292,0.000146205,0.0779475,0.00507319,0.368574,0,0.529768,0.0176829,3383,-5.3056802880148505E-06,-5.332701487054902E-06,0.4221665208684601,8299.44,26555.3,61263.5,1.08491E+06,0,0,0,2.476
915000,1705.7800251668407,3870,5,5512,1642,5250,BlackHole,800033,8.40193E-05,222,2125,1371,2806,3278,2293,0.000146205,0.0779654,0.00507319,0.368578,0,0.529746,0.0176829,3381,-5.3060746842320175E-06,-5.333095883272069E-06,0.4221665208684601,8542.58,26639.4,61160.2,1.08483E+06,0,0,0,2.472
916000,1707.6440700595679,3869,5,5512,1643,5250,BlackHole,800033,8.40193E-05,222,2126,1371,2806,3278,2293,0.000146205,0.0780022,0.00507319,0.368578,0,0.52971,0.0176829,3380,-5.305477446585175E-06,-5.332498645625227E-06,0.4221665208684601,9160,26671.8,61014,1.08471E+06,0,0,0,2.465
917000,1709.508114952295,3865,5,5512,1647,5250,BlackHole,800033,8.40193E-05,222,2127,1371,2809,3278,2296,0.000146205,0.0783465,0.00507319,0.36888,0,0.529063,0.0176829,3376,-5.29882892594213E-06,-5.325850124982181E-06,0.4221665208684601,9478.53,26830.2,60919.9,1.08431E+06,0,0,0,2.458
918000,1711.3721598450222,3865,5,5512,1647,5250,BlackHole,800033,8.40193E-05,222,2127,1371,2809,3278,2296,0.000146205,0.0783465,0.00507319,0.36888,0,0.529063,0.0176829,3376,-5.29879600272398E-06,-5.325817201764031E-06,0.4221665208684601,9942.12,27060.3,60882.2,1.08415E+06,0,0,0,2.477
919000,1713.2362047377494,3865,5,5512,1647,5250,BlackHole,800033,8.40193E-05,222,2127,1371,2809,3278,2296,0.000146205,0.0783465,0.00507319,0.36888,0,0.529063,0.0176829,3376,-5.298995644533966E-06,-5.326016843574017E-06,0.4221665208684601,9240.96,27730.1,60788,1.08395E+06,0,0,0,2.456
920000,1715.1002496304766,3863,5,5512,1649,5250,BlackHole,800033,8.40193E-05,222,2127,1371,2811,3278,2298,0.000146205,0.0783465,0.00507319,0.369364,0,0.528579,0.0176829,3374,-5.2964760788767145E-06,-5.323497277916766E-06,0.4221665208684601,10279.6,27984.9,60583.7,1.08434E+06,0,0,0,2.418
921000,1716.9642945232038,3861,5,5512,1651,5250,BlackHole,800033,8.40193E-05,222,2127,1371,2813,3278,2300,0.000146205,0.0783465,0.00507319,0.369607,0,0.528337,0.0176829,3372,-5.294249551136453E-06,-5.321270750176504E-06,0.4221665208684601,9199.97,27035.1,60585.4,1.08444E+06,0,0,0,2.439
922000,1718.828339415931,3860,5,5512,1652,5250,BlackHole,800033,8.40193E-05,222,2127,1371,2814,3278,2301,0.000146205,0.0783465,0.00507319,0.370023,0,0.527921,0.0176829,3371,-5.288630693468026E-06,-5.315651892508078E-06,0.4221665208684601,9416.74,26639.1,60687.2,1.08423E+06,0,0,0,2.467
923000,1720.6923843086581,3860,5,5512,1652,5250,BlackHole,800033,8.40193E-05,222,2127,1371,2814,3278,2301,0.000146205,0.0783465,0.00507319,0.370023,0,0.527921,0.0176829,3371,-5.2892504207299514E-06,-5.316271619770003E-06,0.4221665208684601,9664.83,27105.2,60749.2,1.08301E+06,0,0,0,2.444
924000,1722.5564292013853,3859,5,5512,1653,5250,BlackHole,800033,8.40193E-05,222,2127,1371,2815,3278,2302,0.000146205,0.0783465,0.00507319,0.370029,0,0.527914,0.0176829,3370,-5.289290181814145E-06,-5.316311380854197E-06,0.4221665208684601,9574.49,26717.7,61431.4,1.08413E+06,0,0,0,2.437
925000,1724.4204740941125,3858,5,5512,1654,5250,BlackHole,800033,8.40193E-05,222,2127,1371,2816,3278,2303,0.000146205,0.0783465,0.00507319,0.370163,0,0.52778,0.0176829,3369,-5.286978610582217E-06,-5.3139998096222684E-06,0.4221665208684601,9589.95,27554.6,60585,1.08413E+06,0,0,0,2.465
926000,1726.2845189868397,3856,5,5512,1656,5250,BlackHole,800033,8.40193E-05,222,2128,1371,2817,3278,2304,0.000146205,0.078371,0.00507319,0.370222,0,0.527697,0.0176829,3367,-5.286596177024437E-06,-5.313617376064489E-06,0.4221665208684601,9574.6,26742.6,60020.9,1.08333E+06,0,0,0,2.465
927000,1728.1485638795668,3856,5,5512,1656,5250,BlackHole,800033,8.40193E-05,222,2128,1371,2817,3278,2304,0.000146205,0.078371,0.00507319,0.370222,0,0.527697,0.0176829,3367,-5.286314939447087E-06,-5.313336138487138E-06,0.4221665208684601,9464.33,26616.4,60475.8,1.08324E+06,0,0,0,2.461
928000,1730.012608772294,3856,5,5512,1656,5250,BlackHole,800033,8.40193E-05,222,2128,1371,2817,3278,2304,0.000146205,0.078371,0.00507319,0.370222,0,0.527697,0.0176829,3367,-5.285453372321072E-06,-5.312474571361124E-06,0.4221665208684601,9347.42,26970,60976.1,1.08326E+06,0,0,0,2.464
929000,1731.8766536650212,3855,5,5512,1657,5250,BlackHole,800033,8.40193E-05,222,2128,1371,2818,3278,2305,0.000146205,0.078371,0.00507319,0.370288,0,0.527631,0.0176829,3366,-5.285867653841543E-06,-5.312888852881595E-06,0.4221665208684601,9218.93,27621.9,60704.6,1.0827E+06,0,0,0,2.491
930000,1733.7406985577484,3854,5,5512,1658,5250,BlackHole,800033,8.40193E-05,222,2129,1371,2818,3278,2305,0.000146205,0.0789745,0.00507319,0.370288,0,0.527028,0.0176829,3365,-5.283977598577754E-06,-5.310998797617806E-06,0.4221665208684601,9077.35,27948.1,60520.6,1.08266E+06,0,0,0,2.487
931000,1735.6047434504756,3852,5,5512,1660,5250,BlackHole,800033,8.40193E-05,222,2130,1371,2819,3278,2306,0.000146205,0.0789783,0.00507319,0.370422,0,0.52689,0.0176829,3363,-5.282882526880857E-06,-5.309903725920908E-06,0.4221665208684601,8920.64,28591.4,60578.2,1.08247E+06,0,0,0,2.446
932000,1737.4687883432027,3851,5,5512,1661,5250,BlackHole,800033,8.40193E-05,222,2130,1371,2820,3278,2307,0.000146205,0.0789783,0.00507319,0.370425,0,0.526886,0.0176829,3362,-5.2816931539342145E-06,-5.308714352974266E-06,0.4221665208684601,8749.84,26812.3,61108.1,1.08253E+06,0,0,0,2.397
933000,1739.33283323593,3848,5,5512,1664,5250,BlackHole,800033,8.40193E-05,222,2131,1371,2822,3278,2309,0.000146205,0.0790094,0.00507319,0.37116,0,0.52612,0.0176829,3359,-5.264846551477258E-06,-5.2918677505173095E-06,0.4221665208684601,8572.62,26710,60580.2,1.08265E+06,0,0,0,2.429
934000,1741.196878128657,3846,5,5512,1666,5250,BlackHole,800033,8.40193E-05,222,2132,1371,2823,3278,2310,0.000146205,0.0797341,0.00507319,0.371748,0,0.524808,0.0176829,3357,-5.24542197022905E-06,-5.2724431692691014E-06,0.4221665208684601,8405.98,27536,60396.9,1.08376E+06,0,0,0,2.492
935000,1743.0609230213843,3845,5,5512,1667,5250,BlackHole,800033,8.40193E-05,222,2133,1371,2823,3278,2310,0.000146205,0.0797739,0.00507319,0.371748,0,0.524768,0.0176829,3356,-5.2451222835191656E-06,-5.272143482559217E-06,0.4221665208684601,8294.03,26643.8,60149.5,1.08364E+06,0,0,0,2.491
936000,1744.9249679141114,3845,5,5512,1667,5250,BlackHole,800033,8.40193E-05,222,2133,1371,2823,3278,2310,0.000146205,0.0797739,0.00507319,0.371748,0,0.524768,0.0176829,3356,-5.2453682954451705E-06,-5.272389494485222E-06,0.4221665208684601,8309.13,26640.9,60091.5,1.08353E+06,0,0,0,2.516
937000,1746.7890128068386,3845,5,5512,1667,5250,BlackHole,800033,8.40193E-05,222,2133,1371,2823,3278,2310,0.000146205,0.0797739,0.00507319,0.371748,0,0.524768,0.0176829,3356,-5.24519017062471E-06,-5.272211369664762E-06,0.4221665208684601,8571.93,27084.8,60651.9,1.08365E+06,0,0,0,2.479
938000,1748.6530576995658,3845,5,5512,1667,5250,BlackHole,800033,8.40193E-05,222,2133,1371,2823,3278,2310,0.000146205,0.0797739,0.00507319,0.371748,0,0.524768,0.0176829,3356,-5.245505667326741E-06,-5.272526866366792E-06,0.4221665208684601,8603.89,26612.8,60646.4,1.08382E+06,0,0,0,2.467
939000,1750.517102592293,3844,5,5512,1668,5250,BlackHole,800033,8.40193E-05,222,2133,1371,2824,3278,2311,0.000146205,0.0797739,0.00507319,0.371995,0,0.524521,0.0176829,3354,-5.24261408865707E-06,-5.269635287697122E-06,0.4221665208684601,8429.1,27132.8,60305.2,1.08252E+06,0,0,0,2.467
940000,1752.3811474850202,3841,5,5512,1671,5250,BlackHole,800033,8.40193E-05,222,2134,1371,2826,3278,2313,0.000146205,0.080044,0.00507319,0.372096,0,0.52415,0.0176829,3352,-5.242989596210832E-06,-5.270010795250883E-06,0.4221665208684601,8303.17,28286,60310.9,1.08255E+06,0,0,0,2.420
941000,1754.2451923777473,3840,5,5512,1672,5250,BlackHole,800033,8.40193E-05,222,2134,1371,2827,3278,2314,0.000146205,0.080044,0.00507319,0.372283,0,0.523963,0.0176829,3351,-5.241194992837663E-06,-5.268216191877714E-06,0.4221665208684601,8298.51,27797.5,60598.4,1.08261E+06,0,0,0,2.436
942000,1756.1092372704745,3838,5,5512,1674,5250,BlackHole,800033,8.40193E-05,222,2134,1371,2829,3278,2316,0.000146205,0.080044,0.00507319,0.37265,0,0.523595,0.0176829,3349,-5.2383590086877646E-06,-5.265380207727816E-06,0.4221665208684601,8538.45,28018.6,60515,1.08252E+06,0,0,0,2.475
943000,1757.9732821632017,3838,5,5512,1674,5250,BlackHole,800033,8.40193E-05,222,2134,1371,2829,3278,2316,0.000146205,0.080044,0.00507319,0.37265,0,0.523595,0.0176829,3349,-5.237994395235387E-06,-5.265015594275438E-06,0.4221665208684601,9151.9,26677.5,60479.9,1.08235E+06,0,0,0,2.461
944000,1759.8373270559289,3837,5,5512,1675,5250,BlackHole,800033,8.40193E-05,222,2135,1371,2829,3278,2316,0.000146205,0.0805561,0.00507319,0.37265,0,0.523083,0.0176829,3348,-5.230545843434566E-06,-5.257567042474617E-06,0.4221665208684601,9870.77,26818.4,60027.6,1.08266E+06,0,0,0,2.473
945000,1761.701371948656,3834,5,5512,1678,5250,BlackHole,800033,8.40193E-05,222,2138,1371,2829,3278,2316,0.000146205,0.0810238,0.00507319,0.37265,0,0.522616,0.0176829,3345,-5.2180806060961436E-06,-5.245101805136195E-06,0.4221665208684601,10061.7,26884.7,60007,1.08271E+06,0,0,0,2.418
946000,1763.5654168413832,3834,5,5512,1678,5250,BlackHole,800033,8.40193E-05,222,2138,1371,2829,3278,2316,0.000146205,0.0810238,0.00507319,0.37265,0,0.522616,0.0176829,3345,-5.217355906683987E-06,-5.244377105724038E-06,0.4221665208684601,9804.72,26586.7,60017.5,1.08274E+06,0,0,0,2.407
947000,1765.4294617341104,3831,5,5512,1681,5250,BlackHole,800033,8.40193E-05,222,2140,1371,2830,3278,2317,0.000146205,0.0817189,0.00507319,0.372658,0,0.521913,0.0176829,3342,-5.205696729715605E-06,-5.2327179287556564E-06,0.4221665208684601,9750.87,27111.2,60439.3,1.08293E+06,0,0,0,2.415
948000,1767.2935066268376,3831,5,5512,1681,5250,BlackHole,800033,8.40193E-05,222,2140,1371,2830,3278,2317,0.000146205,0.0817189,0.00507319,0.372658,0,0.521913,0.0176829,3342,-5.205712823446149E-06,-5.2327340224862E-06,0.4221665208684601,9451.43,27051.4,60113.3,1.08301E+06,0,0,0,2.465
949000,1769.1575515195648,3831,5,5512,1681,5250,BlackHole,800033,8.40193E-05,222,2140,1371,2830,3278,2317,0.000146205,0.0817189,0.00507319,0.372658,0,0.521913,0.0176829,3342,-5.2061864195692995E-06,-5.233207618609351E-06,0.4221665208684601,9208.08,26633.7,60650.9,1.08306E+06,0,0,0,2.452
950000,1771.021596412292,3828,5,5512,1684,5250,BlackHole,800033,8.40193E-05,222,2140,1371,2833,3278,2320,0.000146205,0.0817189,0.00507319,0.374097,0,0.520474,0.0176829,3339,-5.196406317483708E-06,-5.2234275165237596E-06,0.4221665208684601,9964.16,27318.6,60552.3,1.08294E+06,0,0,0,2.462
951000,1772.8856413050191,3828,5,5512,1684,5250,BlackHole,800033,8.40193E-05,222,2140,1371,2833,3278,2320,0.000146205,0.0817189,0.00507319,0.374097,0,0.520474,0.0176829,3339,-5.1971045041101854E-06,-5.224125703150237E-06,0.4221665208684601,9236.56,27338.5,60159.9,1.083E+06,0,0,0,2.452
952000,1774.7496861977463,3825,5,5512,1687,5250,BlackHole,800033,8.40193E-05,222,2141,1371,2835,3278,2322,0.000146205,0.0817239,0.00507319,0.374411,0,0.520155,0.0176829,3336,-5.1951261299457214E-06,-5.222147328985773E-06,0.4221665208684601,9614.78,27847.8,59897,1.08301E+06,0,0,0,2.470
953000,1776.6137310904735,3822,5,5512,1690,5250,BlackHole,800033,8.40193E-05,222,2142,1371,2837,3278,2324,0.000146205,0.0817279,0.00507319,0.375348,0,0.519214,0.0176829,3333,-5.1800260346122385E-06,-5.20704723365229E-06,0.4221665208684601,9642.96,27809.9,59922.3,1.08269E+06,0,0,0,2.449
954000,1778.4777759832007,3821,5,5512,1691,5250,BlackHole,800033,8.40193E-05,222,2142,1371,2838,3278,2325,0.000146205,0.0817279,0.00507319,0.375827,0,0.518735,0.0176829,3332,-5.177514515448545E-06,-5.204535714488596E-06,0.4221665208684601,9537.91,26618.1,59964.2,1.08263E+06,0,0,0,2.448
955000,1780.3418208759279,3820,5,5512,1692,5250,BlackHole,800033,8.40193E-05,222,2142,1371,2839,3278,2326,0.000146205,0.0817279,0.00507319,0.376116,0,0.518446,0.0176829,3331,-5.1760830487468304E-06,-5.203104247786882E-06,0.4221665208684601,9424.91,26955.7,60581.2,1.08283E+06,0,0,0,2.454
956000,1782.205865768655,3819,5,5512,1693,5250,BlackHole,800033,8.40193E-05,222,2143,1371,2839,3278,2326,0.000146205,0.0817943,0.00507319,0.376116,0,0.518379,0.0176829,3330,-5.173432998573837E-06,-5.200454197613888E-06,0.4221665208684601,9305.16,27923.8,60363.1,1.08273E+06,0,0,0,2.428
957000,1784.0699106613822,3817,5,5512,1695,5250,BlackHole,800033,8.40193E-05,222,2143,1371,2841,3278,2328,0.000146205,0.0817943,0.00507319,0.37632,0,0.518175,0.0176829,3328,-5.173597496097462E-06,-5.200618695137514E-06,0.4221665208684601,9171.68,26843.5,60072.4,1.08265E+06,0,0,0,2.397
958000,1785.9339555541094,3815,5,5512,1697,5250,BlackHole,800033,8.40193E-05,222,2143,1371,2843,3278,2330,0.000146205,0.0817943,0.00507319,0.377024,0,0.517472,0.0176829,3326,-5.169542777324441E-06,-5.196563976364492E-06,0.4221665208684601,9025.73,26657.8,59750.6,1.08271E+06,0,0,0,2.394
959000,1787.7980004468366,3813,5,5512,1699,5250,BlackHole,800033,8.40193E-05,222,2143,1371,2845,3278,2332,0.000146205,0.0817943,0.00507319,0.377312,0,0.517184,0.0176829,3324,-5.16766718541599E-06,-5.1946883844560415E-06,0.4221665208684601,8863.19,26827.2,60028.3,1.08278E+06,0,0,0,2.398
960000,1789.6620453395637,3813,5,5512,1699,5250,BlackHole,800033,8.40193E-05,222,2143,1371,2845,3278,2332,0.000146205,0.0817943,0.00507319,0.377312,0,0.517184,0.0176829,3324,-5.167808163109305E-06,-5.194829362149357E-06,0.4221665208684601,8689.57,26701.5,60265.2,1.08257E+06,0,0,0,2.463
961000,1791.526090232291,3811,5,5512,1701,5250,BlackHole,800033,8.40193E-05,222,2143,1371,2847,3278,2334,0.000146205,0.0817943,0.00507319,0.378062,0,0.516434,0.0176829,3322,-5.162565488817264E-06,-5.189586687857315E-06,0.4221665208684601,8512.58,27516.1,60481.8,1.08279E+06,0,0,0,2.508
962000,1793.390135125018,3809,5,5512,1703,5250,BlackHole,800033,8.40193E-05,222,2144,1371,2848,3278,2335,0.000146205,0.0818135,0.00507319,0.378213,0,0.516264,0.0176829,3320,-5.162533220317784E-06,-5.189554419357835E-06,0.4221665208684601,8358.6,28176.6,59792,1.0822E+06,0,0,0,2.435
963000,1795.2541800177453,3809,5,5512,1703,5250,BlackHole,800033,8.40193E-05,222,2144,1371,2848,3278,2335,0.000146205,0.0818135,0.00507319,0.378213,0,0.516264,0.0176829,3320,-5.161446276687607E-06,-5.188467475727658E-06,0.4221665208684601,8279.98,28118,59889.9,1.0821E+06,0,0,0,2.426
964000,1797.1182249104725,3808,5,5512,1704,5250,BlackHole,800033,8.40193E-05,222,2144,1371,2849,3278,2336,0.000146205,0.0818135,0.00507319,0.378216,0,0.51626,0.0176829,3319,-5.161794356730001E-06,-5.188815555770052E-06,0.4221665208684601,8363.85,27394.1,60306.9,1.08226E+06,0,0,0,2.382
965000,1798.9822698031996,3808,5,5512,1704,5250,BlackHole,800033,8.40193E-05,222,2144,1371,2849,3278,2336,0.000146205,0.0818135,0.00507319,0.378216,0,0.51626,0.0176829,3319,-5.1611268776894116E-06,-5.188148076729463E-06,0.4221665208684601,8605.71,26612.8,59947.3,1.0818E+06,0,0,0,2.405
966000,1800.8463146959268,3807,5,5512,1705,5250,BlackHole,800033,8.40193E-05,222,2145,1371,2849,3278,2336,0.000146205,0.0825133,0.00507319,0.378216,0,0.51556,0.0176829,3318,-5.143617964830539E-06,-5.170639163870591E-06,0.4221665208684601,8430.69,27087.3,60017,1.08298E+06,0,0,0,2.406
967000,1802.710359588654,3804,5,5512,1708,5250,BlackHole,800033,8.40193E-05,222,2145,1371,2852,3278,2339,0.000146205,0.0825133,0.00507319,0.378668,0,0.515108,0.0176829,3315,-5.141264158023249E-06,-5.168285357063301E-06,0.4221665208684601,8303.98,26701.2,59862.5,1.07971E+06,0,0,0,2.448
968000,1804.5744044813812,3802,5,5512,1710,5250,BlackHole,800033,8.40193E-05,222,2146,1371,2853,3278,2340,0.000146205,0.0825244,0.00507319,0.378684,0,0.515081,0.0176829,3313,-5.14198919626357E-06,-5.169010395303621E-06,0.4221665208684601,8297.61,27026.7,60017,1.07985E+06,0,0,0,2.368
969000,1806.4384493741084,3799,5,5512,1713,5250,BlackHole,800033,8.40193E-05,222,2146,1371,2856,3278,2343,0.000146205,0.0825244,0.00507319,0.378796,0,0.51497,0.0176829,3310,-5.140355473060054E-06,-5.167376672100106E-06,0.4221665208684601,8534.37,26761,59540.2,1.07908E+06,0,0,0,2.402
970000,1808.3024942668355,3799,5,5512,1713,5250,BlackHole,800033,8.40193E-05,222,2146,1371,2856,3278,2343,0.000146205,0.0825244,0.00507319,0.378796,0,0.51497,0.0176829,3310,-5.140741786127696E-06,-5.167762985167747E-06,0.4221665208684601,9143.84,26684.5,59661.6,1.07911E+06,0,0,0,2.405
971000,1810.1665391595627,3797,5,5512,1715,5250,BlackHole,800033,8.40193E-05,222,2148,1371,2856,3278,2343,0.000146205,0.0825896,0.00507319,0.378796,0,0.514905,0.0176829,3308,-5.139827006339179E-06,-5.166848205379231E-06,0.4221665208684601,9444.5,26806.8,59758.7,1.08256E+06,0,0,0,2.360
972000,1812.03058405229,3796,5,5512,1716,5250,BlackHole,800033,8.40193E-05,222,2148,1371,2857,3278,2344,0.000146205,0.0825896,0.00507319,0.379096,0,0.514604,0.0176829,3307,-5.137821043085975E-06,-5.1648422421260264E-06,0.4221665208684601,9440.1,27734.9,60023,1.07963E+06,0,0,0,2.391
973000,1813.894628945017,3794,5,5512,1718,5250,BlackHole,800033,8.40193E-05,222,2149,1371,2858,3278,2345,0.000146205,0.0829107,0.00507319,0.379503,0,0.513876,0.0176829,3305,-5.130000954780782E-06,-5.1570221538208335E-06,0.4221665208684601,9568.51,27063.7,59994.2,1.08007E+06,0,0,0,2.421
974000,1815.7586738377443,3792,5,5512,1720,5250,BlackHole,800033,8.40193E-05,222,2151,1371,2858,3278,2345,0.000146205,0.0839903,0.00507319,0.379503,0,0.512796,0.0176829,3303,-5.0996674014089605E-06,-5.126688600449012E-06,0.4221665208684601,10051,27697.4,59873.5,1.08259E+06,0,0,0,2.364
975000,1817.6227187304714,3791,5,5512,1721,5250,BlackHole,800033,8.40193E-05,222,2152,1371,2858,3278,2345,0.000146205,0.0847088,0.00507319,0.379503,0,0.512078,0.0176829,3302,-5.087982462137506E-06,-5.115003661177557E-06,0.4221665208684601,10325.7,27071,59904.6,1.08305E+06,0,0,0,2.398
976000,1819.4867636231986,3788,5,5512,1724,5250,BlackHole,800033,8.40193E-05,222,2152,1371,2861,3278,2348,0.000146205,0.0847088,0.00507319,0.380005,0,0.511576,0.0176829,3299,-5.079232818447491E-06,-5.106254017487542E-06,0.4221665208684601,9347.31,26629.5,59488.2,1.08322E+06,0,0,0,2.346
977000,1821.3508085159258,3787,5,5512,1725,5250,BlackHole,800033,8.40193E-05,222,2152,1371,2862,3278,2349,0.000146205,0.0847088,0.00507319,0.380555,0,0.511026,0.0176829,3298,-5.0765869128111854E-06,-5.103608111851237E-06,0.4221665208684601,10043,26963.4,59764.1,1.08321E+06,0,0,0,2.334
978000,1823.214853408653,3784,5,5512,1728,5250,BlackHole,800033,8.40193E-05,222,2153,1371,2864,3278,2351,0.000146205,0.084811,0.00507319,0.38077,0,0.510709,0.0176829,3295,-5.073228800843354E-06,-5.100249999883405E-06,0.4221665208684601,9405.13,26630.5,59832.3,1.08243E+06,0,0,0,2.304
979000,1825.0788983013801,3783,5,5512,1729,5250,BlackHole,800033,8.40193E-05,222,2154,1371,2864,3278,2351,0.000146205,0.0850729,0.00507319,0.38077,0,0.510447,0.0176829,3294,-5.069015636035638E-06,-5.096036835075689E-06,0.4221665208684601,9334.54,26548.5,59947.7,1.08342E+06,0,0,0,2.298
980000,1826.9429431941073,3779,5,5512,1733,5250,BlackHole,800033,8.40193E-05,222,2155,1371,2867,3278,2354,0.000146205,0.0852297,0.00507319,0.381933,0,0.509127,0.0176829,3290,-5.06113508989779E-06,-5.088156288937841E-06,0.4221665208684601,9711.87,26910.2,59841.2,1.08235E+06,0,0,0,2.302
981000,1828.8069880868345,3778,5,5512,1734,5250,BlackHole,800033,8.40193E-05,222,2155,1371,2868,3278,2355,0.000146205,0.0852297,0.00507319,0.382614,0,0.508446,0.0176829,3289,-5.058209578462404E-06,-5.085230777502455E-06,0.4221665208684601,9298.73,26620.4,59503.3,1.08042E+06,0,0,0,2.317
982000,1830.6710329795617,3778,5,5512,1734,5250,BlackHole,800033,8.40193E-05,222,2155,1371,2868,3278,2355,0.000146205,0.0852297,0.00507319,0.382614,0,0.508446,0.0176829,3289,-5.0585961706003384E-06,-5.08561736964039E-06,0.4221665208684601,9500.02,26941.7,59664.3,1.08024E+06,0,0,0,2.336
983000,1832.5350778722889,3776,5,5512,1736,5250,BlackHole,800033,8.40193E-05,222,2155,1371,2870,3278,2357,0.000146205,0.0852297,0.00507319,0.383053,0,0.508007,0.0176829,3287,-5.056366483184632E-06,-5.0833876822246834E-06,0.4221665208684601,9384.95,27015.4,59813.2,1.08049E+06,0,0,0,2.347
984000,1834.399122765016,3775,5,5512,1737,5250,BlackHole,800033,8.40193E-05,222,2156,1371,2870,3278,2357,0.000146205,0.0852692,0.00507319,0.383053,0,0.507967,0.0176829,3286,-5.055228870234807E-06,-5.0822500692748584E-06,0.4221665208684601,9261.06,27966,59825.3,1.08126E+06,0,0,0,2.375
985000,1836.2631676577432,3775,5,5512,1737,5250,BlackHole,800033,8.40193E-05,222,2156,1371,2870,3278,2357,0.000146205,0.0852692,0.00507319,0.383053,0,0.507967,0.0176829,3286,-5.0548874344344665E-06,-5.081908633474518E-06,0.4221665208684601,9123.18,27781.1,59550.5,1.08127E+06,0,0,0,2.293
986000,1838.1272125504704,3774,5,5512,1738,5250,BlackHole,800033,8.40193E-05,222,2156,1371,2871,3278,2358,0.000146205,0.0852692,0.00507319,0.383074,0,0.507947,0.0176829,3285,-5.055362088512877E-06,-5.0823832875529286E-06,0.4221665208684601,8971.96,26838.3,59333.1,1.08031E+06,0,0,0,2.369
987000,1839.9912574431976,3770,5,5512,1742,5250,BlackHole,800033,8.40193E-05,222,2157,1371,2874,3278,2361,0.000146205,0.0852757,0.00507319,0.383769,0,0.507245,0.0176829,3281,-5.050764333880088E-06,-5.077785532920139E-06,0.4221665208684601,8804.53,26693.3,59407.2,1.08015E+06,0,0,0,2.330
988000,1841.8553023359248,3768,5,5512,1744,5250,BlackHole,800033,8.40193E-05,222,2157,1371,2876,3278,2363,0.000146205,0.0852757,0.00507319,0.384445,0,0.506569,0.0176829,3279,-5.047279413811551E-06,-5.074300612851603E-06,0.4221665208684601,8628.67,26857,59500.5,1.08018E+06,0,0,0,2.318
989000,1843.719347228652,3767,5,5512,1745,5250,BlackHole,800033,8.40193E-05,222,2157,1371,2877,3278,2364,0.000146205,0.0852757,0.00507319,0.385035,0,0.505979,0.0176829,3278,-5.044111210359663E-06,-5.071132409399715E-06,0.4221665208684601,8455.06,26574.5,59917.9,1.08001E+06,0,0,0,2.380
990000,1845.5833921213791,3766,5,5512,1746,5250,BlackHole,800033,8.40193E-05,222,2158,1371,2877,3278,2364,0.000146205,0.0853227,0.00507319,0.385035,0,0.505932,0.0176829,3277,-5.044144821925359E-06,-5.071166020965411E-06,0.4221665208684601,8319.77,27986.5,59554.5,1.07936E+06,0,0,0,2.376
991000,1847.4474370141063,3765,5,5512,1747,5250,BlackHole,800033,8.40193E-05,222,2158,1371,2878,3278,2365,0.000146205,0.0853227,0.00507319,0.385588,0,0.505379,0.0176829,3276,-5.032503825966505E-06,-5.059525025006556E-06,0.4221665208684601,8284.44,27101.5,59406.8,1.07983E+06,0,0,0,2.372
992000,1849.3114819068335,3765,5,5512,1747,5250,BlackHole,800033,8.40193E-05,222,2158,1371,2878,3278,2365,0.000146205,0.0853227,0.00507319,0.385588,0,0.505379,0.0176829,3276,-5.031960117215029E-06,-5.05898131625508E-06,0.4221665208684601,8453.66,26612.8,59101.1,1.07951E+06,0,0,0,2.371
993000,1851.1755267995607,3765,5,5512,1747,5250,BlackHole,800033,8.40193E-05,222,2158,1371,2878,3278,2365,0.000146205,0.0853227,0.00507319,0.385588,0,0.505379,0.0176829,3276,-5.032315222923036E-06,-5.059336421963087E-06,0.4221665208684601,8432.28,27103.5,58940.1,1.07953E+06,0,0,0,2.460
994000,1853.0395716922878,3764,5,5512,1748,5250,BlackHole,800033,8.40193E-05,222,2159,1371,2878,3278,2365,0.000146205,0.0853414,0.00507319,0.385588,0,0.505361,0.0176829,3275,-5.032397222212463E-06,-5.059418421252514E-06,0.4221665208684601,8304.8,27720.9,59432.9,1.07934E+06,0,0,0,2.403
995000,1854.903616585015,3763,5,5512,1749,5250,BlackHole,800033,8.40193E-05,222,2159,1371,2879,3278,2366,0.000146205,0.0853414,0.00507319,0.386148,0,0.504801,0.0176829,3274,-5.028483790463748E-06,-5.0555049895037994E-06,0.4221665208684601,8296.73,27017.4,59695.6,1.07915E+06,0,0,0,2.362
996000,1856.7676614777422,3761,5,5512,1751,5250,BlackHole,800033,8.40193E-05,222,2160,1371,2880,3278,2367,0.000146205,0.0860643,0.00507319,0.386177,0,0.504049,0.0176829,3272,-5.016712378963337E-06,-5.043733578003388E-06,0.4221665208684601,8530.32,27516.5,59640.9,1.07867E+06,0,0,0,2.340
997000,1858.6317063704694,3759,5,5512,1753,5250,BlackHole,800033,8.40193E-05,222,2160,1371,2882,3278,2369,0.000146205,0.0860643,0.00507319,0.386493,0,0.503732,0.0176829,3270,-5.014888308532876E-06,-5.041909507572927E-06,0.4221665208684601,9135.82,26691.9,59849.8,1.07848E+06,0,0,0,2.356
998000,1860.4957512631966,3756,5,5512,1756,5250,BlackHole,800033,8.40193E-05,222,2162,1371,2883,3278,2370,0.000146205,0.0863914,0.00507319,0.386584,0,0.503315,0.0176829,3267,-5.00970961020725E-06,-5.036730809247301E-06,0.4221665208684601,9309.51,26795.5,59369,1.07734E+06,0,0,0,2.336
999000,1862.3597961559237,3754,5,5512,1758,5250,BlackHole,800033,8.40193E-05,222,2163,1371,2884,3278,2371,0.000146205,0.0866431,0.00507319,0.386637,0,0.50301,0.0176829,3265,-5.003739768620477E-06,-5.030760967660529E-06,0.4221665208684601,10311.5,26946.6,59005,1.07729E+06,0,0,0,2.444
1000000,1864.223841048651,3752,5,5512,1760,5250,BlackHole,800033,8.40193E-05,222,2165,1371,2884,3278,2371,0.000146205,0.0869507,0.00507319,0.386637,0,0.502702,0.0176829,3263,-4.997808486104239E-06,-5.02482968514429E-06,0.4221665208684601,9233.34,26544.5,59198.2,1.07789E+06,0,0,0,2.405
