step,live,N,merges_delta,compact_slot,compact_gen,compact_mass_direct,compact_R_direct,compact_dM_direct,rock_deaths_direct,rock_death_mass_direct,puller_deaths_direct,puller_death_mass_direct,puller_merge_events_into_compact_direct,roche_events_direct,roche_source_mass_direct,roche_escaped_direct,reservoir_added_direct,fragments_represented_closure,fragments_alive_end_direct,instep_sources_direct,instep_lost_mass_closure,puller_gain_sum_direct,puller_loss_sum_direct,step_closure_residual,compact_mode,compact_rock_mass_closure,compact_rock_mass_heuristic_est,global_conservation_residual,obs_min_r_Rc_direct,obs_n_lt10Rc,obs_n_lt100Rc,obs_n_lt1000Rc,peri_pass_n_est,peri_pass_min_q_Rc_est,reservoir_map_ok
1,5491,5503,0,5250,1,70.005,0.000237092,0,0,0,0,0,0,16,2.445911038892652E-08,1.1033166618891942E-14,2.4455556581284058E-08,3.542774475853516E-12,3.5317413092340716E-12,12,5.523398954522167E-25,0,0,-5.523398954522167E-25,only_tiny_or_pullers,0,0,1.0773505954692733E-13,7168.48,0,0,0,14,447023,1
2,5497,5512,0,5250,1,70.005,0.000237092,0,0,0,0,0,0,16,2.5531743657503484E-09,1.653875292641999E-14,2.553133570159794E-09,2.4256837625362222E-14,7.718084698995995E-15,15,-5.375929296900151E-26,0,0,5.375929296900151E-26,only_tiny_or_pullers,0,0,-4.709299017879216E-16,8343.93,0,0,0,13,436053,1
3,5497,5512,4,5250,1,70.005,0.000237092,0,4,2.942834088063453E-16,0,0,0,16,1.2049991155889595E-08,2.7260515317243383E-14,1.2049927548020517E-08,3.634735375575584E-14,9.086838439081127E-15,15,-5.686677384684812E-25,1.4712623480628295E-16,0,-1.4715717343139459E-16,only_tiny_or_pullers,0,0,-1.1549527267480192E-14,8631.63,0,0,0,7,481911,1
4,5497,5512,0,5250,1,70.005,0.000237092,0,0,0,0,0,0,16,5.807089192016342E-09,1.5254705029511034E-14,5.807057665625953E-09,1.6271685364674098E-14,1.0169803353007354E-15,15,-1.3767200517917098E-25,0,0,1.3767200517917098E-25,only_tiny_or_pullers,0,0,-8.11792501886378E-15,7494.71,0,0,0,15,455333,1
5,5497,5512,2,5250,1,70.005,0.000237092,0,2,6.043633676047417E-16,0,0,0,16,3.769057535278663E-10,2.0736052090665415E-15,3.769011915964064E-10,2.4883262508790062E-15,4.147210418133083E-16,15,-8.436867381338721E-28,0,0,-6.04363367603898E-16,only_tiny_or_pullers,0,0,2.9764450278860245E-15,7326.08,0,0,0,8,486149,1
6,5497,5512,0,5250,1,70.005,0.000237092,0,0,0,0,0,0,16,4.48869990339331E-09,3.825575473624978E-15,4.4886917057315864E-09,4.372086255567256E-15,5.465107819464254E-16,14,-4.147041778746859E-27,0,0,4.147041778746859E-27,only_tiny_or_pullers,0,0,-1.88245550560368E-15,8525.73,0,0,0,12,466061,1
7,5497,5512,0,5250,1,70.005,0.000237092,0,0,0,0,0,0,0,0,0,0,0,0,0,0,0,0,0,none,0,0,0,8491.48,0,0,0,16,444856,1
8,5495,5512,2,5250,1,70.005,0.000237092,0,2,1.8388611031486565E-15,0,0,0,0,0,0,0,0,0,0,0,0,0,-1.8388611031486565E-15,only_tiny_or_pullers,0,0,0,7286.74,0,0,0,13,543415,1
9,5497,5512,0,5250,1,70.005,0.000237092,0,0,0,0,0,0,16,2.640781575663409E-10,8.664305491571657E-16,2.6407625141913295E-10,1.0397166589805125E-15,1.732861098314332E-16,15,-8.086415924194287E-27,0,0,8.086415924194287E-27,only_tiny_or_pullers,0,0,1.1015531798299307E-14,7544.24,0,0,0,12,468019,1
10,5511,5512,0,5250,1,70.005,0.000237092,0,0,0,0,0,0,16,3.029344991426718E-08,0,3.0293043395682444E-08,4.065185847356502E-13,2.8261414251794216E-13,13,8.257922173598387E-25,0,0,-8.257922173598387E-25,only_tiny_or_pullers,0,0,-3.66487476544453E-14,4546.31,0,0,0,11,544438,1
11,5511,5512,0,5250,1,70.005,0.000237092,0,0,0,0,0,0,14,5.727594140390245E-09,9.581155818466095E-15,5.727056803137735E-09,5.277560966906837E-13,1.8543312821038894E-13,6,9.117969886906543E-26,0,0,-9.117969886906543E-26,only_tiny_or_pullers,0,0,-2.1752770575603128E-14,4052.21,0,0,0,24,2192.53,1
12,5512,5512,0,5250,1,70.005,0.000237092,0,0,0,0,0,0,7,2.027106500150093E-08,0,2.0269315288085248E-08,1.7497134156816052E-12,1.5281101458401462E-12,2,2.3258385107233562E-14,0,0,-2.3258385107233562E-14,only_tiny_or_pullers,0,0,-9.57611658132205E-13,3660.21,0,0,0,12,515320,1
13,5512,5512,0,5250,1,70.005,0.000237092,0,0,0,0,0,0,4,4.3481585169576395E-08,0,4.348058665120662E-08,9.985183697820267E-13,9.985183697807524E-13,0,1.2742943518578136E-24,0,0,-1.2742943518578136E-24,only_tiny_or_pullers,0,0,-1.0249529073628247E-14,3482.1,0,0,0,8,3152.51,1
14,5512,5512,0,5250,1,70.005,0.000237092,0,0,0,0,0,0,4,1.04660913238819E-08,0,1.0465778091460663E-08,3.1323242123813954E-13,3.132324212384061E-13,0,-2.665718770922843E-25,0,0,2.665718770922843E-25,only_tiny_or_pullers,0,0,9.395338850170881E-15,2690.93,0,0,0,8,4412.24,1
15,5510,5512,0,5250,1,70.005,0.000237092,0,0,0,0,0,0,6,8.24378833093472E-09,1.428092605562404E-16,8.243691894434142E-09,9.629369131579129E-14,9.615088205512463E-14,2,1.1041863584082177E-25,0,0,-1.1041863584082177E-25,only_tiny_or_pullers,0,0,3.638664150131424E-15,2965.77,0,0,0,17,501547,1
16,5512,5512,0,5250,1,70.005,0.000237092,0,0,0,0,0,0,4,1.2194663755062983E-08,6.8749683651072015E-15,1.2194040083781337E-08,6.167963132819186E-13,6.099213449164925E-13,2,3.188315454804607E-25,0,0,-3.188315454804607E-25,only_tiny_or_pullers,0,0,-1.7466125548324326E-14,4417.02,0,0,0,95,2038.31,1
17,5511,5512,0,5250,1,70.005,0.000237092,0,0,0,0,0,0,9,6.306050822672573E-08,0,6.305436340444587E-08,6.144822279865837E-12,5.912650412995732E-12,2,1.1413113358992763E-24,0,0,-1.1413113358992763E-24,only_tiny_or_pullers,0,0,-8.985624189466644E-15,5194.24,0,0,0,9,2596.2,1
18,5511,5512,0,5250,1,70.005,0.000237092,0,0,0,0,0,0,8,3.5548779132549514E-08,4.5465843424983545E-14,3.5540319427582184E-08,8.41423912389564E-12,8.368773280470424E-12,2,2.3177364484117504E-25,0,0,-2.3177364484117504E-25,only_tiny_or_pullers,0,0,-2.2003192494043504E-15,3303.29,0,0,0,12,4370.01,1
19,5512,5512,0,5250,1,70.005,0.000237092,0,0,0,0,0,0,1,1.7668212529422257E-09,0,1.7561844073817269E-09,1.0636845560498807E-11,1.063684556049887E-11,0,0,0,0,0,none,0,0,6.9816770632713715E-15,2834.62,0,0,0,8,707584,1
20,5512,5512,0,5250,1,70.005,0.000237092,0,0,0,0,0,0,4,5.49966693838329E-09,0,5.499617801556438E-09,4.913682685209136E-14,1.6378942284033092E-14,2,-7.939096150144263E-27,0,0,7.939096150144263E-27,only_tiny_or_pullers,0,0,2.8159185474962995E-15,3288.93,0,0,0,79,2899.55,1
21,5511,5512,0,5250,1,70.005,0.000237092,0,0,0,0,0,0,9,6.677761567873901E-08,1.2975672582735552E-14,6.677523065484373E-08,2.3720482227034457E-12,2.3590725501205715E-12,2,1.3863283776173017E-25,0,0,-1.3863283776173017E-25,only_tiny_or_pullers,0,0,-1.3693053945424793E-14,1441.11,0,0,0,32,2130.71,1
22,5512,5512,0,5250,1,70.005,0.000237092,0,0,0,0,0,0,15,7.180863913936162E-08,1.4662464152642798E-15,7.175692185345085E-08,5.171581966434861E-11,5.1715810626905E-11,2,-6.056598622304881E-25,0,0,6.056598622304881E-25,only_tiny_or_pullers,0,0,8.243148803932957E-15,769.524,0,0,4,13,2679.72,1
23,5512,5512,0,5250,1,70.005,0.000237092,0,0,0,0,0,0,16,2.396570236688628E-08,1.0747260776284022E-13,2.394382606248627E-08,2.1768831792251964E-11,2.1661466848376278E-11,4,-4.5977337911177275E-25,0,0,4.5977337911177275E-25,only_tiny_or_pullers,0,0,-6.628823401715876E-15,1822.02,0,0,0,9,5329.35,1
24,5511,5512,0,5250,1,70.005,0.000237092,0,0,0,0,0,0,7,9.55361358525965E-09,2.2183817213788106E-14,9.516209172008075E-09,3.738222943436013E-11,3.7379230923145395E-11,2,0,0,0,0,none,0,0,-1.0660790871443508E-14,2794.75,0,0,0,16,2538.5,1
25,5512,5512,0,5250,1,70.005,0.000237092,0,0,0,0,0,0,3,8.7529819191695E-10,0,8.752276103900396E-10,7.058152691038911E-14,2.3527175636786252E-14,2,3.033012408393746E-26,0,0,-3.033012408393746E-26,only_tiny_or_pullers,0,0,9.490190178630846E-15,2671.04,0,0,0,10,680902,1
26,5511,5512,1,5250,1,70.005,0.000237092,0,1,7.838977187615581E-18,0,0,0,2,2.629832346227779E-08,0,2.593878640276284E-08,3.5953705951494947E-10,3.5953705951495014E-10,0,0,0,0,-7.838977187615581E-18,only_tiny_or_pullers,0,0,-2.4918010742464475E-15,3154.25,0,0,0,29,2110.28,1
27,5511,5512,0,5250,1,70.005,0.000237092,0,0,0,0,0,0,10,3.122750945580406E-08,1.2802726627007304E-14,3.121722666294784E-08,1.0269990129593625E-11,1.0257187402967142E-11,4,-5.245861910847311E-25,0,0,5.245861910847311E-25,only_tiny_or_pullers,0,0,-8.825946461629269E-16,3949.39,0,0,0,14,2771.01,1
28,5510,5512,0,5250,1,70.005,0.000237092,0,0,0,0,0,0,5,4.993317166889798E-10,8.376980003747992E-15,4.988116656437899E-10,5.116740651860081E-13,5.032970851823026E-13,2,-4.2518025069602094E-26,0,0,4.2518025069602094E-26,only_tiny_or_pullers,0,0,-9.379589227806897E-15,3322.8,0,0,0,15,2167.85,1
29,5510,5512,0,5250,1,70.005,0.000237092,0,0,0,0,0,0,6,4.155364160620115E-08,2.4352115696665765E-16,4.107802460668273E-08,4.756167559972675E-10,4.756165124761089E-10,2,0,0,0,0,none,0,0,1.4523603254331166E-14,2675.99,0,0,0,16,2765.35,1
30,5509,5512,0,5250,1,70.005,0.000237092,0,0,0,0,0,0,11,1.725676787147865E-08,4.388210587225248E-16,1.7100906848934164E-08,1.5586058372342704E-10,6.472623238236601E-11,4,0,0,0,0,none,0,0,-8.950877412353892E-15,3549.94,0,0,0,12,3435.55,1
31,5511,5512,0,5250,1,70.005,0.000237092,0,0,0,0,0,0,16,6.972731578193582E-08,1.1652549343520602E-14,6.809635013667696E-08,1.630953992709516E-09,1.6309423401601738E-09,5,0,0,0,0,none,0,0,6.567912001855566E-15,2873.38,0,0,0,28,2023.06,1
32,5512,5512,0,5250,1,70.005,0.000237092,0,0,0,0,0,0,13,4.737852206902191E-08,0,4.490989863546478E-08,2.4686234335571247E-09,2.4684605264948433E-09,2,0,0,0,0,none,0,0,-1.1821671212676827E-14,2734.66,0,0,0,23,2148.01,1
33,5512,5512,0,5250,1,70.005,0.000237092,0,0,0,0,0,0,4,9.822190221232072E-09,0,9.82214680467884E-09,4.341655323249509E-14,1.447218441079657E-14,2,1.0536026250131834E-25,0,0,-1.0536026250131834E-25,only_tiny_or_pullers,0,0,1.9294632409650733E-15,2631.6,0,0,0,12,2494.4,1
34,5508,5512,0,5250,1,70.005,0.000237092,0,0,0,0,0,0,16,3.522018700442145E-08,2.240586295647708E-14,3.4249003394048563E-08,9.711612045099378E-10,9.71148186812792E-10,5,0,0,0,0,none,0,0,-9.258629353758038E-16,2686.76,0,0,0,16,2135.57,1
35,5512,5512,0,5250,1,70.005,0.000237092,0,0,0,0,0,0,14,3.636339915839446E-08,7.577461017807359E-14,3.583160254545452E-08,5.317208383297633E-10,5.316497578024905E-10,2,0,0,0,0,none,0,0,1.7126367629901397E-14,2712.65,0,0,0,81,3880.32,1
36,5512,5512,0,5250,1,70.005,0.000237092,0,0,0,0,0,0,8,3.3064759968119746E-08,2.922813581345242E-16,3.302578026811181E-08,3.897940772657759E-11,3.8979115445219784E-11,2,0,0,0,0,none,0,0,-4.213206128415428E-15,3198.21,0,0,0,15,2079.95,1
37,5512,5512,0,5250,1,70.005,0.000237092,0,0,0,0,0,0,8,6.0123246042732394E-09,4.694082905220742E-15,5.674772001882257E-09,3.375479083080759E-10,3.3648394594862857E-10,2,0,0,0,0,none,0,0,-1.2848923075322852E-15,3827.07,0,0,0,22,1846.76,1
38,5512,5512,0,5250,1,70.005,0.000237092,0,0,0,0,0,0,8,1.8894298175370535E-08,0,1.8727988021901238E-08,1.6631015346929763E-10,5.348368273497083E-11,2,0,0,0,0,none,0,0,-1.4238203165755024E-14,2830.68,0,0,0,17,2190.08,1
39,5510,5512,0,5250,1,70.005,0.000237092,0,0,0,0,0,0,10,4.466415410037905E-08,5.1635076387870165E-15,4.357143294249095E-08,1.0927159943804527E-09,1.0927108308728129E-09,4,0,0,0,0,none,0,0,1.9632778043871956E-14,2802.2,0,0,0,77,1951.72,1
40,5511,5512,0,5250,1,70.005,0.000237092,0,0,0,0,0,0,5,1.1143470844972265E-08,3.2544198305214487E-15,1.1107824502194647E-08,3.5643088357787996E-11,3.563983393795735E-11,2,0,0,0,0,none,0,0,-1.5663948782263935E-15,2864.25,0,0,0,21,2029.77,1
41,5511,5512,0,5250,1,70.005,0.000237092,0,0,0,0,0,0,2,8.778406642367604E-10,0,8.767353237909566E-10,1.1053404458037516E-12,1.105340445803756E-12,0,0,0,0,0,none,0,0,1.0852991284181875E-14,2723.73,0,0,0,17,2386.53,1
42,5511,5512,0,5250,1,70.005,0.000237092,0,0,0,0,0,0,6,1.0123964222427367E-08,2.3470414526103696E-15,8.99174432999886E-09,1.1322175453870537E-09,1.1322175453870541E-09,0,0,0,0,0,none,0,0,-1.5324601888233022E-14,3182.81,0,0,0,16,1634.97,1
43,5512,5512,2,5250,1,70.005,0.000237092,0,0,0,0,0,0,9,6.322584422932234E-08,0,6.312389228268053E-08,1.0195194664181862E-10,1.0174779034508561E-10,2,1.733348289824025E-24,0,0,-1.733348289824025E-24,only_tiny_or_pullers,0,0,1.4602198415802933E-14,3961.53,0,0,0,20,1998.29,1
44,5509,5512,2,5250,1,70.005,0.000237092,0,0,0,0,0,0,13,3.983962592246158E-08,3.561408951277391E-17,3.4699846507357784E-08,5.139779379489713E-09,5.139779343875594E-09,4,0,0,0,0,none,0,0,8.873067063303703E-15,2990.3,0,0,0,23,2085.69,1
45,5511,5512,2,5250,1,70.005,0.000237092,0,0,0,0,0,0,16,4.20081318522237E-08,0,3.914027253383028E-08,2.8678593183934125E-09,2.8678178967697798E-09,4,5.229084227788453E-22,0,0,-5.229084227788453E-22,only_tiny_or_pullers,0,0,1.1723630444519702E-14,2810.46,0,0,0,24,1798.79,1
46,5511,5512,2,5250,1,70.005,0.000237092,0,0,0,0,0,0,16,4.667332895043221E-08,2.3470414526103696E-15,4.483070990320675E-08,1.8426167001840092E-09,1.8424736924408136E-09,2,2.151921861993256E-20,0,0,-2.151921861993256E-20,only_tiny_or_pullers,0,0,-1.113559970477869E-15,2925.91,0,0,0,22,2193.09,1
47,5511,5512,0,5250,1,70.005,0.000237092,0,0,0,0,0,0,12,1.983072621651112E-08,7.041124357831111E-15,1.8890548947155592E-08,9.401702282311697E-10,7.792101656278681E-10,2,0,0,0,0,none,0,0,2.41827977810246E-14,2963.78,0,0,0,20,2021.53,1
48,5511,5512,0,5250,1,70.005,0.000237092,0,0,0,0,0,0,12,1.4025898812812882E-08,2.213265192536529E-15,1.3335744812711312E-08,6.901517868363794E-10,6.901516552405116E-10,2,0,0,0,0,none,0,0,-3.2558633607930673E-15,2681.66,0,0,0,25,2392.28,1
49,5509,5512,2,5250,1,70.005,0.000237092,0,0,0,0,0,0,2,1.0823033721102437E-08,0,1.0823033721099104E-08,3.3335378685887015E-21,0,0,3.3335378685887015E-21,0,0,-3.3335378685887015E-21,only_tiny_or_pullers,0,0,4.13743711222451E-15,2792.96,0,0,0,20,2117.16,1
50,5511,5512,0,5250,1,70.005,0.000237092,0,0,0,0,0,0,10,2.6076311415666273E-08,6.2847635760824325E-15,2.3398037231314693E-08,2.6782678995879973E-09,2.6782616148244206E-09,4,0,0,0,0,none,0,0,-1.508566410949315E-14,311.896,0,0,2,31,2157.02,1
51,5511,5512,0,5250,1,70.005,0.000237092,0,0,0,0,0,0,8,4.2486295729223766E-08,6.530306676559792E-18,4.2391912038806535E-08,9.438368388692593E-11,9.438368388692616E-11,0,0,0,0,0,none,0,0,-5.4865219390502765E-15,3699.23,0,0,0,14,2122.64,1
52,5510,5512,0,5250,1,70.005,0.000237092,0,0,0,0,0,0,9,2.9244007221682842E-08,6.2270765423251155E-15,2.9056896196672944E-08,1.871047979333569E-10,1.8709857085681417E-10,4,0,0,0,0,none,0,0,1.0420140094299266E-14,3139.36,0,0,0,21,3489.1,1
53,5512,5512,2,5250,1,70.005,0.000237092,0,0,0,0,0,0,6,2.7223660973427445E-08,0,2.5502494830283755E-08,1.7211661431436939E-09,1.7211661431425749E-09,0,1.1189685736311082E-21,0,0,-1.1189685736311082E-21,only_tiny_or_pullers,0,0,7.597185973683426E-15,2695.9,0,0,0,11,4237.95,1
54,5512,5512,0,5250,1,70.005,0.000237092,0,0,0,0,0,0,4,2.8844383649466023E-08,2.081669324815559E-15,2.883883545050542E-08,5.546117291278725E-12,5.54611729127891E-12,0,-1.8498472683070638E-25,0,0,1.8498472683070638E-25,only_tiny_or_pullers,0,0,1.1094170128879677E-14,2976.88,0,0,0,89,4098.69,1
55,5512,5512,0,5250,1,70.005,0.000237092,0,0,0,0,0,0,6,3.2398561717655845E-08,0,3.218932504355386E-08,2.092366741019828E-10,2.0923667410198263E-10,0,0,0,0,0,none,0,0,-8.821508650877812E-15,3009.87,0,0,0,27,2183.39,1
56,5509,5512,0,5250,1,70.005,0.000237092,0,0,0,0,0,0,5,2.020268671232141E-09,2.3473000668412638E-15,2.02026632367346E-09,2.5861419280437104E-19,0,2,-3.808972577808427E-26,0,0,3.808972577808427E-26,only_tiny_or_pullers,0,0,1.0932096265189299E-14,2711.02,0,0,0,27,2157.99,1
57,5511,5512,0,5250,1,70.005,0.000237092,0,0,0,0,0,0,8,2.427590205750192E-08,4.654350940324068E-16,2.4046930926653056E-08,2.289706654137715E-10,2.2897019997867769E-10,2,0,0,0,0,none,0,0,1.937490436548582E-14,2873.36,0,0,0,20,2344.58,1
58,5511,5512,0,5250,1,70.005,0.000237092,0,0,0,0,0,0,6,3.186414628557646E-08,2.3622937511418198E-17,3.185860967322451E-08,5.536588729005424E-12,5.536565106067687E-12,2,2.2543811802207043E-25,0,0,-2.2543811802207043E-25,only_tiny_or_pullers,0,0,5.0535718411138734E-15,2939.88,0,0,0,84,2270.77,1
59,5511,5512,3,5250,1,70.005,0.000237092,0,0,0,0,0,0,7,4.0753491687714846E-08,2.7604228918782706E-20,4.0546137085686526E-08,2.0735460200072142E-10,2.0735460194548784E-10,1,2.7629360617162033E-20,0,0,-2.7629360617162033E-20,only_tiny_or_pullers,0,0,1.0629394074895562E-14,2709.2,0,0,0,25,2452.76,1
60,5511,5512,1,5250,1,70.005,0.000237092,0,0,0,0,0,0,11,1.4223232976046511E-08,1.3461774132948266E-16,1.4112214159590033E-08,1.1101868183873332E-10,1.1101854720758249E-10,5,1.340949766893244E-20,0,0,-1.340949766893244E-20,only_tiny_or_pullers,0,0,-1.7089270728443625E-14,3126.8,0,0,0,22,2231.87,1
61,5511,5512,0,5250,1,70.005,0.000237092,0,0,0,0,0,0,0,0,0,0,0,0,0,0,0,0,0,none,0,0,0,2732.15,0,0,0,25,2245.05,1
62,5512,5512,0,5250,1,70.005,0.000237092,0,0,0,0,0,0,9,3.157913566429075E-08,1.7831855478920664E-18,3.151216851832774E-08,6.69671441798178E-11,6.672932929985816E-11,4,0,0,0,0,none,0,0,-3.906917486058501E-15,2467.12,0,0,0,20,2183.29,1
63,5509,5512,0,5250,1,70.005,0.000237092,0,0,0,0,0,0,5,1.4454458742445301E-10,8.298153714949581E-15,1.4453618293310355E-10,1.0633763449479425E-16,0,2,1.2680569272878442E-26,0,0,-1.2680569272878442E-26,only_tiny_or_pullers,0,0,-8.333076215564512E-15,2935.33,0,0,0,26,3966.71,1
64,5511,5512,0,5250,1,70.005,0.000237092,0,0,0,0,0,0,8,1.9505191941602422E-08,0,1.950205210008832E-08,3.1398415141047685E-12,1.9710196406843227E-12,4,0,0,0,0,none,0,0,2.721621100828861E-14,2664.26,0,0,0,23,2193.32,1
65,5512,5512,0,5250,1,70.005,0.000237092,0,0,0,0,0,0,7,4.267108902520934E-08,1.8242088327949433E-17,4.2658315452735783E-08,1.2773554231470178E-11,1.2601383631007773E-11,2,1.7215235837407774E-13,0,0,-1.7215235837407774E-13,only_tiny_or_pullers,0,0,-1.0854576068019655E-13,2737.65,0,0,0,22,2286.42,1
66,5512,5512,0,5250,1,70.005,0.000237092,0,0,0,0,0,0,8,2.462712535886015E-08,4.5764422823000504E-15,2.4588065748574154E-08,3.90550338437107E-11,3.905045740142939E-11,2,-9.901931965906132E-25,0,0,9.901931965906132E-25,only_tiny_or_pullers,0,0,-1.9461431672871267E-14,2829.78,0,0,0,26,2241.47,1
67,5510,5512,0,5250,1,70.005,0.000237092,0,0,0,0,0,0,10,4.7461124272733416E-08,7.267816654865791E-16,4.74394794263389E-08,2.1644119612857646E-11,2.164339283119411E-11,4,-1.951911867161595E-24,0,0,1.951911867161595E-24,only_tiny_or_pullers,0,0,9.13496918737359E-15,3058.28,0,0,0,35,3282.34,1
68,5511,5512,2,5250,1,70.005,0.000237092,0,0,0,0,0,0,5,2.118993165807883E-08,0,2.1188938185602533E-08,9.934724763008494E-13,3.3115783366772204E-13,2,9.451184733271898E-26,0,0,-9.451184733271898E-26,only_tiny_or_pullers,0,0,-1.462895226246187E-14,283.088,0,0,2,14,2277.29,1
69,5512,5512,0,5250,1,70.005,0.000237092,0,0,0,0,0,0,11,4.480845319812148E-08,5.123512057608682E-19,2.8853910996280734E-08,1.5954542201328392E-08,2.4471339382628485E-09,6,0,0,0,0,none,0,0,-7.368919074654032E-15,2728.53,0,0,0,32,2169.96,1
70,5512,5512,0,5250,1,70.005,0.000237092,0,0,0,0,0,0,14,8.69090715673722E-09,1.0872844042284853E-18,7.782296546249437E-09,9.086106094004954E-10,1.3030189299115044E-10,8,0,0,0,0,none,0,0,2.0390505364388616E-14,2731.73,0,0,0,33,2283.45,1
71,5512,5512,0,5250,1,70.005,0.000237092,0,0,0,0,0,0,16,4.268581579155119E-09,0,4.22405968269074E-09,4.452189646438009E-11,2.3818794653897345E-12,11,0,0,0,0,none,0,0,-3.194565334232908E-15,3108.03,0,0,0,32,2168.26,1
72,5508,5512,5,5250,1,70.005,0.000237092,0,0,0,0,0,0,15,3.789678696237779E-08,3.078847740969466E-17,3.789604582216967E-08,7.411094196407801E-13,2.470261886978197E-13,7,6.506991095586523E-20,0,0,-6.506991095586523E-20,only_tiny_or_pullers,0,0,2.2164931119215998E-15,2918.25,0,0,0,27,2048.28,1
73,5511,5512,0,5250,1,70.005,0.000237092,0,0,0,0,0,0,1,9.355437015797112E-09,0,9.314473719829607E-09,4.096329596750449E-11,4.096329596750414E-11,0,0,0,0,0,none,0,0,-2.581540115500925E-15,2856.17,0,0,0,39,2586.45,1
74,5507,5512,2,5250,1,70.005,0.000237092,0,0,0,0,0,0,10,1.84721011491015E-08,2.9307124319690854E-16,1.847210056295901E-08,2.930712431867334E-16,0,6,-1.0175122385993221E-26,0,0,1.0175122385993221E-26,only_tiny_or_pullers,0,0,7.667637211152363E-15,2743.03,0,0,0,25,2149.56,1
75,5509,5512,0,5250,1,70.005,0.000237092,0,0,0,0,0,0,14,1.7678677833723514E-08,6.148560854328125E-18,1.767818394173134E-08,4.9388584360862E-13,1.6462656501631666E-13,10,-1.1844778046329701E-24,0,0,1.1844778046329701E-24,only_tiny_or_pullers,0,0,-5.6309936685528155E-15,2955.9,0,0,0,22,2295.54,1
76,5512,5512,0,5250,1,70.005,0.000237092,0,0,0,0,0,0,1,6.376617806075737E-10,0,6.328795698212366E-10,4.782210786337101E-12,4.78221078633711E-12,0,0,0,0,0,none,0,0,-8.449202846462553E-16,3329.8,0,0,0,15,2094.74,1
77,5512,5512,0,5250,1,70.005,0.000237092,0,0,0,0,0,0,4,8.166155667569972E-09,0,8.165867976650451E-09,2.876909195219872E-13,9.589697317388801E-14,2,3.230669396805923E-25,0,0,-3.230669396805923E-25,only_tiny_or_pullers,0,0,1.2429346360382896E-14,3156.75,0,0,0,97,2368.04,1
78,5511,5512,0,5250,1,70.005,0.000237092,0,0,0,0,0,0,9,4.3727436427693986E-08,1.2594937541724735E-17,4.3727392689601734E-08,4.3725497301504244E-14,2.1856451181141216E-14,4,1.6800780906162603E-24,0,0,-1.6800780906162603E-24,only_tiny_or_pullers,0,0,-4.112377933647567E-15,2689.54,0,0,0,22,3855.59,1
79,5509,5512,0,5250,1,70.005,0.000237092,0,0,0,0,0,0,8,1.806787394892E-09,7.217665127541903E-16,1.8066874643957703E-09,9.920872971719092E-14,9.848696320442668E-14,4,1.0049003248771012E-26,0,0,-1.0049003248771012E-26,only_tiny_or_pullers,0,0,5.3827997906640575E-15,3045.17,0,0,0,25,2526.69,1
80,5505,5512,6,5250,1,70.005,0.000237092,0,0,0,0,0,0,16,1.1506239211807756E-08,4.211310905433622E-14,1.1506154778664001E-08,4.232003470242608E-14,4.901007749643864E-15,11,8.036667389394046E-22,0,0,-8.036667389394046E-22,only_tiny_or_pullers,0,0,-5.321467558738003E-15,2702.25,0,0,0,27,2250.24,1
81,5511,5512,2,5250,1,70.005,0.000237092,0,0,0,0,0,0,12,3.201311727838565E-08,0,3.194232905903603E-08,7.078821934962276E-11,6.99274797020407E-11,8,6.14261374435359E-23,0,0,-6.14261374435359E-23,only_tiny_or_pullers,0,0,8.270633163569342E-15,3048.95,0,0,0,93,2170.2,1
82,5510,5512,0,5250,1,70.005,0.000237092,0,0,0,0,0,0,3,9.616289136405489E-15,4.715281386761626E-15,1.8572636288223804E-16,4.715281386761626E-15,0,2,0,0,0,0,none,0,0,4.901007750301966E-15,2819.74,0,0,0,42,2145.28,1
83,5511,5512,3,5250,1,70.005,0.000237092,0,0,0,0,0,0,16,5.716232039546905E-08,5.975859644334037E-19,5.716006907437566E-08,2.251320495809481E-12,2.2461446943543415E-12,5,6.047966414893565E-21,0,0,-6.047966414893565E-21,only_tiny_or_pullers,0,0,3.949401105124865E-15,2867.11,0,0,0,21,2363.25,1
84,5511,5512,0,5250,1,70.005,0.000237092,0,0,0,0,0,0,2,3.122763705196665E-14,0,1.5613818525983333E-14,1.5613818525983314E-14,1.5613818525983314E-14,0,0,0,0,0,none,0,0,1.5613818525983333E-14,2724.3,0,0,0,36,2177.47,1
85,5511,5512,0,5250,1,70.005,0.000237092,0,0,0,0,0,0,4,2.2245893695108815E-08,6.18736452424856E-17,2.2245728432184333E-08,1.652010508392183E-13,1.6513917719360414E-13,2,3.716659729938004E-25,0,0,-3.716659729938004E-25,only_tiny_or_pullers,0,0,-3.205380989575738E-16,2967.02,0,0,0,32,2195.49,1
86,5511,5512,0,5250,1,70.005,0.000237092,0,0,0,0,0,0,6,6.842334608149762E-09,8.190787289579377E-15,6.842234829657664E-09,9.15877048079721E-14,8.339691751868223E-14,2,-2.8950090816343824E-25,0,0,2.8950090816343824E-25,only_tiny_or_pullers,0,0,6.921694916456842E-16,1412.26,0,0,0,30,2181.22,1
87,5509,5512,0,5250,1,70.005,0.000237092,0,0,0,0,0,0,16,1.9136763077849202E-08,3.7335291402162756E-15,1.913666562011862E-08,9.37242014299922E-14,3.0294799186901384E-14,9,-3.9829271560246798E-25,0,0,3.9829271560246798E-25,only_tiny_or_pullers,0,0,-8.66635642155427E-15,2999.68,0,0,0,31,2168.66,1
88,5511,5512,0,5250,1,70.005,0.000237092,0,0,0,0,0,0,6,6.382156769470859E-09,0,6.381593689314791E-09,5.630801560676927E-13,1.8769338535589405E-13,4,1.0349855076499675E-26,0,0,-1.0349855076499675E-26,only_tiny_or_pullers,0,0,1.0427487318467935E-14,2947.17,0,0,0,36,2381.55,1
89,5508,5512,0,5250,1,70.005,0.000237092,0,0,0,0,0,0,11,2.6207378058390334E-08,3.850529333267353E-15,2.6207246665888265E-08,1.2754197273891698E-13,4.123048113546913E-14,6,-7.577987182170292E-25,0,0,7.577987182170292E-25,only_tiny_or_pullers,0,0,1.8576283516848666E-14,2659.49,0,0,0,30,2317.84,1
90,5507,5512,7,5250,1,70.005,0.000237092,0,0,0,0,0,0,16,3.082215001266227E-08,6.517696238259064E-18,3.082127539857742E-08,8.746075671402573E-13,8.746007028894597E-13,3,3.46554559304063E-19,0,0,-3.46554559304063E-19,only_tiny_or_pullers,0,0,-2.2109099041759404E-14,2694.1,0,0,0,46,2256.97,1
91,5511,5512,0,5250,1,70.005,0.000237092,0,0,0,0,0,0,4,3.436728968288821E-08,0,3.436260723056035E-08,4.682452327859237E-12,4.682452327859746E-12,0,-5.089099471761791E-25,0,0,5.089099471761791E-25,only_tiny_or_pullers,0,0,-3.527866214785235E-14,2670.06,0,0,0,31,2358.61,1
92,5512,5512,0,5250,1,70.005,0.000237092,0,0,0,0,0,0,7,1.7945042126689047E-08,0,1.783585049585734E-08,1.0919163083170843E-10,3.7955251884410915E-11,2,0,0,0,0,none,0,0,5.694773317187153E-15,3237.28,0,0,0,35,2081.85,1
93,5511,5512,0,5250,1,70.005,0.000237092,0,0,0,0,0,0,3,7.081154088419388E-09,0,7.0811128036250895E-09,4.1284794298401E-14,4.1284794298401E-14,0,0,0,0,0,none,0,0,1.4429296513462364E-14,2805.37,0,0,0,44,2081.43,1
94,5511,5512,0,5250,1,70.005,0.000237092,0,0,0,0,0,0,2,6.703901209267653E-10,0,6.696198147618269E-10,7.703061649384149E-13,7.703061649384096E-13,0,0,0,0,0,none,0,0,-9.870273206716451E-15,2731.33,0,0,0,41,2636.07,1
95,5512,5512,0,5250,1,70.005,0.000237092,0,0,0,0,0,0,1,1.2147387553330163E-09,0,1.2008851212320021E-09,1.3853634101014185E-11,1.385363410101423E-11,0,0,0,0,0,none,0,0,-3.1564761431900047E-15,2902.36,0,0,0,31,2193.53,1
96,5510,5512,0,5250,1,70.005,0.000237092,0,0,0,0,0,0,4,3.743666680077154E-09,8.757220522051543E-19,3.743666678325711E-09,8.75722052439477E-19,0,2,2.3432269632274514E-28,0,0,-2.3432269632274514E-28,only_tiny_or_pullers,0,0,1.5956447478431017E-14,2693.47,0,0,0,107,2075.57,1
97,5511,5512,0,5250,1,70.005,0.000237092,0,0,0,0,0,0,7,1.175764401089309E-08,1.1690595121670005E-14,1.1746893972115705E-08,1.0738348182262934E-11,9.173177844621027E-12,4,5.4728014160612915E-25,0,0,-5.4728014160612915E-25,only_tiny_or_pullers,0,0,-7.695878315317781E-18,2989.14,0,0,0,53,2167.04,1
98,5511,5512,0,5250,1,70.005,0.000237092,0,0,0,0,0,0,4,2.1662983202339275E-08,0,2.1662710575567408E-08,2.726267718674757E-13,9.087559062250767E-14,2,-4.7407384960161925E-26,0,0,4.7407384960161925E-26,only_tiny_or_pullers,0,0,-1.7924337507248804E-14,2841.33,0,0,0,43,2308.94,1
99,5510,5512,0,5250,1,70.005,0.000237092,0,0,0,0,0,0,3,1.6036690625747847E-08,2.689811398501989E-14,1.588939240710231E-08,1.4727132053155095E-10,1.4727132053155085E-10,0,0,0,0,0,none,0,0,6.852764060114834E-15,2762.78,0,0,0,35,1900.2,1
100,5505,5512,4,5250,1,70.005,0.000237092,0,0,0,0,0,0,13,5.959159451780292E-08,1.9937674639144368E-15,5.95915905302649E-08,1.9937705530752425E-15,0,8,3.0891608056628243E-21,0,0,-3.0891608056628243E-21,only_tiny_or_pullers,0,0,-6.686729700732896E-15,2708.42,0,0,0,96,2192.11,1
101,5504,5512,0,5250,1,70.005,0.000237092,0,0,0,0,0,0,9,8.906584409346232E-09,5.359943065283686E-16,8.906583337357617E-09,5.359943062565713E-16,0,8,-2.717972917284683E-25,0,0,2.717972917284683E-25,only_tiny_or_pullers,0,0,1.5945727361621756E-14,2906.46,0,0,0,30,1973.1,1
102,5511,5512,2,5250,1,70.005,0.000237092,0,0,0,0,0,0,11,1.7229103268793132E-08,0,1.7228691081855417E-08,4.121869377139594E-13,1.3739568275680524E-13,8,1.178520327076741E-24,0,0,-1.178520327076741E-24,only_tiny_or_pullers,0,0,-3.758408574521455E-14,174.714,0,0,2,27,2115.04,1
103,5505,5512,13,5250,1,70.005,0.000237092,0,1,2.7639408755781203E-20,0,0,0,11,1.7365250068662414E-08,1.692518908717111E-17,1.7365250034837285E-08,1.6899936119746985E-17,0,6,2.38644133165694E-21,0,0,-3.0025850087438143E-20,only_tiny_or_pullers,0,2.7639408755781203E-20,1.1915427085999253E-14,2732.43,0,0,0,42,2246.82,1
104,5511,5512,2,5250,1,70.005,0.000237092,0,0,0,0,0,0,6,2.2532446731385418E-08,0,2.252944755532229E-08,2.999176063128228E-12,2.8311787452618417E-12,2,6.6839843459029785E-21,0,0,-6.6839843459029785E-21,only_tiny_or_pullers,0,0,-1.5184517509810213E-14,2837.07,0,0,0,40,1799.47,1
105,5509,5512,1,5250,1,70.005,0.000237092,0,0,0,0,0,0,5,5.1383047363264495E-09,1.2529912638740669E-17,5.1383047103590076E-09,1.3437527957818314E-17,0,3,9.076153190776455E-19,0,0,-9.076153190776455E-19,only_tiny_or_pullers,0,0,7.18385041422016E-16,3217.83,0,0,0,29,2181.34,1
106,5509,5512,0,5250,1,70.005,0.000237092,0,0,0,0,0,0,10,8.414575736053665E-09,4.7551256337409685E-14,8.402710435263745E-09,1.1817749533583327E-11,1.181773878838044E-11,4,-3.0234558053427407E-25,0,0,3.0234558053427407E-25,only_tiny_or_pullers,0,0,-6.719741142256017E-15,2816.79,0,0,0,53,1837.51,1
107,5512,5512,0,5250,1,70.005,0.000237092,0,0,0,0,0,0,5,1.1427386983593284E-08,0,1.1427251795024323E-08,1.3518856896043824E-13,4.506285632016075E-14,4,-4.40499929475413E-26,0,0,4.40499929475413E-26,only_tiny_or_pullers,0,0,5.090581372446625E-15,2872.31,0,0,0,59,2168.72,1
108,5511,5512,0,5250,1,70.005,0.000237092,0,0,0,0,0,0,1,3.3483282596569913E-10,0,3.3483282596569913E-10,0,0,0,0,0,0,0,none,0,0,-3.33283389047963E-15,2730.27,0,0,0,19,2422.88,1
109,5510,5512,2,5250,1,70.005,0.000237092,0,0,0,0,0,0,7,2.1913462475642763E-08,4.1633386496311205E-15,2.1910161528253557E-08,3.2967840505579086E-12,2.1821749204090808E-12,2,1.4314889605016494E-22,0,0,-1.4314889605016494E-22,only_tiny_or_pullers,0,0,1.2000240911906855E-14,2747.85,0,0,0,44,2039.07,1
110,5511,5512,0,5250,1,70.005,0.000237092,0,0,0,0,0,0,13,1.516237799705087E-08,2.1327702745112118E-14,1.5063239281301035E-08,9.911738804709639E-11,9.904535124439264E-11,8,0,0,0,0,none,0,0,-3.804580186289821E-15,2632.14,0,0,0,48,2158.73,1
111,5511,5512,0,5250,1,70.005,0.000237092,0,0,0,0,0,0,6,3.892203379641125E-09,0,3.891323759064231E-09,8.796205768943081E-13,8.28863033746561E-13,2,-4.0282393264205747E-26,0,0,4.0282393264205747E-26,only_tiny_or_pullers,0,0,-6.165890103477279E-15,3030.93,0,0,0,29,1899.72,1
112,5511,5512,2,5250,1,70.005,0.000237092,0,0,0,0,0,0,4,2.4552699569900272E-08,0,2.4495893378243964E-08,5.680619165630977E-11,5.6806191656310095E-11,0,0,0,0,0,none,0,0,1.7828042801559493E-14,2524.09,0,0,0,46,2317.87,1
113,5511,5512,0,5250,1,70.005,0.000237092,0,0,0,0,0,0,2,1.6162759219853355E-10,0,1.6162248487556555E-10,5.1073229679964485E-15,5.1073229679964485E-15,0,0,0,0,0,none,0,0,-1.1776655142037275E-14,2820.06,0,0,0,31,2036.06,1
114,5511,5512,3,5250,1,70.005,0.000237092,0,0,0,0,0,0,11,6.9069593333478415E-09,8.681140643586474E-20,6.313041256335604E-09,5.939180769254274E-10,5.939028195136685E-10,3,8.681180371325268E-20,0,0,-8.681180371325268E-20,only_tiny_or_pullers,0,0,1.1157741076536746E-14,2875.94,0,0,0,50,1987.09,1
115,5511,5512,0,5250,1,70.005,0.000237092,0,0,0,0,0,0,10,9.786022017065098E-09,3.562274644788371E-14,9.630216425345503E-09,1.5576996897314796E-10,1.557612443406851E-10,2,0,0,0,0,none,0,0,-1.7866758990130038E-14,2553.03,0,0,0,117,2091.68,1
116,5510,5512,2,5250,1,70.005,0.000237092,0,0,0,0,0,0,5,2.060101448898175E-08,7.62861906786516E-15,2.0590846023168435E-08,1.0160837194248767E-11,1.0160837189368862E-11,0,4.879905171729704E-21,0,0,-4.879905171729704E-21,only_tiny_or_pullers,0,0,7.290486129917831E-15,2576.31,0,0,0,43,2110.13,1
117,5511,5512,2,5250,1,70.005,0.000237092,0,0,0,0,0,0,11,1.6685221541866962E-08,3.569976567120136E-15,1.6685217564816243E-08,4.070741502366328E-16,4.041090610528751E-16,4,1.769808196712596E-25,0,0,-1.769808196712596E-25,only_tiny_or_pullers,0,0,-1.3392565450509696E-14,569.527,0,0,6,38,2126.48,1
118,5511,5512,1,5250,1,70.005,0.000237092,0,0,0,0,0,0,15,2.1247698516557135E-09,4.042014975584995E-16,1.4569990836721764E-09,6.677703637820393E-10,6.676137767548749E-10,3,9.243632884558514E-20,0,0,-9.243632884558514E-20,only_tiny_or_pullers,0,0,3.16081975862513E-14,2767.99,0,0,0,63,2360.7,1
119,5510,5512,0,5250,1,70.005,0.000237092,0,0,0,0,0,0,11,3.445720915950326E-08,2.0601738817610308E-15,3.292080069890637E-08,1.5364064004230073E-09,1.5144586238404255E-09,4,2.1945716408700067E-11,0,0,-2.1945716408700067E-11,closure_fail,0,0,-3.0836125256951947E-15,2676.02,0,0,0,106,1871.67,1
120,5511,5512,0,5250,1,70.005,0.000237092,0,0,0,0,0,0,5,1.623676003506934E-08,3.2809160448528774E-14,1.6236720894732528E-08,6.331176362264188E-15,6.287835602291999E-17,2,-9.472010661169733E-26,0,0,9.472010661169733E-26,only_tiny_or_pullers,0,0,-4.595082270449655E-16,693.125,0,0,4,38,1977.53,1
121,5506,5512,0,5250,1,70.005,0.000237092,0,0,0,0,0,0,11,1.449153405828546E-09,1.6014414559349774E-16,1.449153148418611E-09,9.726578967225913E-17,0,6,1.0168137269196522E-25,0,0,-1.0168137269196522E-25,only_tiny_or_pullers,0,0,1.3989800352590088E-15,2832.24,0,0,0,25,2045.94,1
122,5511,5512,0,5250,1,70.005,0.000237092,0,0,0,0,0,0,3,8.102978331285254E-09,5.1073229679964485E-15,0,8.102973223962285E-09,8.102973223962285E-09,0,0,0,0,0,none,0,0,5.107322967068578E-15,3415.25,0,0,0,46,1952.48,1
123,5507,5512,0,5250,1,70.005,0.000237092,0,0,0,0,0,0,6,8.802504062039648E-09,1.0132881079716675E-14,8.802488903600456E-09,5.025558112355234E-15,0,2,6.3500857401485265E-25,0,0,-6.3500857401485265E-25,only_tiny_or_pullers,0,0,1.1408791110439361E-14,2786.61,0,0,0,38,2351.47,1
124,5511,5512,0,5250,1,70.005,0.000237092,0,0,0,0,0,0,4,3.292896193826354E-08,0,2.8056725473802357E-08,4.872236464461184E-09,4.872236464461184E-09,0,0,0,0,0,none,0,0,-6.57495111696249E-15,2709.7,0,0,0,34,1919.01,1
125,5510,5512,0,5250,1,70.005,0.000237092,0,0,0,0,0,0,5,2.0994935822929837E-08,1.2279633434818715E-14,2.0319087079627453E-08,6.758364636689525E-10,6.758241840355166E-10,2,0,0,0,0,none,0,0,7.172678322615478E-15,3050.35,0,0,0,64,2239.24,1
126,5511,5512,0,5250,1,70.005,0.000237092,0,0,0,0,0,0,7,2.3607417985300883E-08,0,1.6968883978552852E-08,6.638534006748033E-09,2.1362244513410584E-09,2,0,0,0,0,none,0,0,1.500193387364438E-14,2872.39,0,0,0,47,1885.23,1
127,5507,5512,0,5250,1,70.005,0.000237092,0,0,0,0,0,0,14,3.45313623573536E-08,1.0847468249352906E-13,3.32509197459572E-08,1.2803341367138922E-09,4.0697590045412315E-10,8,0,0,0,0,none,0,0,1.3998044450233049E-15,2696.25,0,0,0,45,2448.06,1
128,5506,5512,0,5250,1,70.005,0.000237092,0,0,0,0,0,0,7,9.853400254468277E-11,3.3860201000109054E-14,9.846628214268258E-11,3.386020100011077E-14,0,6,1.7165613297609217E-27,0,0,-1.7165613297609217E-27,only_tiny_or_pullers,0,0,4.708312615635773E-15,2784.18,0,0,0,49,1995.61,1
129,5512,5512,0,5250,1,70.005,0.000237092,0,0,0,0,0,0,12,1.685789472515129E-08,3.023461303648443E-14,1.682441141607668E-08,3.345307446157725E-11,3.344938071098287E-11,8,0,0,0,0,none,0,0,-4.504202281109182E-14,1963,0,0,0,49,2283.77,1
130,5512,5512,0,5250,1,70.005,0.000237092,0,0,0,0,0,0,4,5.860150867130122E-09,3.0371407898201844E-15,5.615787632104977E-09,2.4436019788435513E-10,2.443601978843548E-10,0,0,0,0,0,none,0,0,3.0368020531402786E-14,2878.36,0,0,0,39,2170.48,1
131,5512,5512,0,5250,1,70.005,0.000237092,0,0,0,0,0,0,6,2.188075370410474E-08,3.567011478113359E-15,1.539358327790255E-08,6.487166859190713E-09,6.487166859190713E-09,0,0,0,0,0,none,0,0,-8.886524808796463E-15,2767.52,0,0,0,61,2071.48,1
132,5511,5512,0,5250,1,70.005,0.000237092,0,0,0,0,0,0,9,2.8311406658758105E-08,0,2.4274820664934128E-08,4.036585993823977E-09,1.3299108374546697E-09,2,0,0,0,0,none,0,0,9.17068264745484E-15,3295.31,0,0,0,35,2436.86,1
133,5511,5512,0,5250,1,70.005,0.000237092,0,0,0,0,0,0,8,1.0448376349305313E-08,0,4.36583994258252E-09,6.082536406722792E-09,2.3140917847102368E-09,2,0,0,0,0,none,0,0,-1.884302183922381E-14,2730.24,0,0,0,42,2317.8,1
134,5512,5512,0,5250,1,70.005,0.000237092,0,0,0,0,0,0,5,1.9650538814194767E-08,0,1.794959940715945E-08,1.700939407035319E-09,1.700939407035319E-09,0,0,0,0,0,none,0,0,1.0924934951104073E-14,2951.58,0,0,0,67,2512.16,1
135,5511,5512,0,5250,1,70.005,0.000237092,0,0,0,0,0,0,3,1.5684794584790494E-09,0,1.2360690159605419E-09,3.3241044251850755E-10,3.3241044251850755E-10,0,0,0,0,0,none,0,0,-1.954887715880166E-14,2813.97,0,0,0,48,2254.45,1
136,5509,5512,0,5250,1,70.005,0.000237092,0,0,0,0,0,0,6,2.8135475416763844E-08,8.836266359190575E-15,2.797425023570723E-08,1.6121634479024997E-10,1.612075085238913E-10,2,0,0,0,0,none,0,0,2.1034841863255278E-14,3054.2,0,0,0,54,2177.85,1
137,5511,5512,0,5250,1,70.005,0.000237092,0,0,0,0,0,0,2,8.818735317940506E-09,0,8.719989135839634E-09,9.87461821008716E-11,9.87461821008716E-11,0,0,0,0,0,none,0,0,-1.8691083758309504E-14,2844.02,0,0,0,43,2407.68,1
138,5510,5512,0,5250,1,70.005,0.000237092,0,0,0,0,0,0,3,2.358267162948363E-08,1.9528725156885772E-14,2.2590888286618788E-08,9.917638141396855E-10,9.91763814139686E-10,0,0,0,0,0,none,0,0,-2.6602843911673555E-15,2840.55,0,0,0,100,2645.98,1
139,5512,5512,0,5250,1,70.005,0.000237092,0,0,0,0,0,0,2,6.830787553090032E-09,0,6.0833751026563485E-09,7.474124504336833E-10,7.474124504336832E-10,0,0,0,0,0,none,0,0,2.0837882105148777E-14,2834.69,0,0,0,45,2550.85,1
140,5511,5512,0,5250,1,70.005,0.000237092,0,0,0,0,0,0,3,3.3056223943682597E-10,0,3.2954762222271874E-10,1.014617214107215E-12,1.014617214107215E-12,0,0,0,0,0,none,0,0,-1.6309477530927164E-14,2868.37,0,0,0,43,2248.72,1
141,5510,5512,0,5250,1,70.005,0.000237092,0,0,0,0,0,0,3,1.6464439851780956E-08,1.9528725156885772E-14,1.6449257791288762E-08,1.5162531767035247E-11,1.516253176703526E-11,0,0,0,0,0,none,0,0,-1.7565312987333796E-16,2903.36,0,0,0,57,2172.64,1
142,5512,5512,0,5250,1,70.005,0.000237092,0,0,0,0,0,0,4,2.4846844548939392E-08,0,1.8311772212389666E-08,6.53507233654973E-09,6.53507233654973E-09,0,0,0,0,0,none,0,0,5.8868935285612785E-15,2882.38,0,0,0,112,2144.27,1
143,5511,5512,0,5250,1,70.005,0.000237092,0,0,0,0,0,0,3,1.6008859011060532E-09,0,1.3352329457790027E-09,2.6565295532705045E-10,2.6565295532705045E-10,0,0,0,0,0,none,0,0,9.458448052788723E-15,2837.9,0,0,0,33,2469.3,1
144,5512,5512,0,5250,1,70.005,0.000237092,0,0,0,0,0,0,3,1.8987018462522037E-09,0,9.142548332075598E-10,9.844470130446442E-10,9.844470130446442E-10,0,0,0,0,0,none,0,0,-5.048949610651643E-16,2840.92,0,0,0,34,2384.92,1
145,5512,5512,0,5250,1,70.005,0.000237092,0,0,0,0,0,0,2,5.594297883471869E-10,0,3.075065018821711E-10,2.5192328646501586E-10,2.5192328646501586E-10,0,0,0,0,0,none,0,0,1.2027554630128231E-14,2708.01,0,0,0,35,2219.14,1
146,5512,5512,0,5250,1,70.005,0.000237092,0,0,0,0,0,0,6,2.2611492109879272E-08,0,1.4821850454824982E-08,7.789641655054293E-09,7.789641655054293E-09,0,0,0,0,0,none,0,0,-1.4169711846720747E-14,1.33081,2,2,2,38,2205.49,1
147,5512,5512,2,5250,1,70.005,0.000237092,0,2,1.8743442371880682E-29,0,0,0,4,1.8393366081158471E-09,0,1.7239000875599593E-09,1.1543652055588792E-10,1.1542199832769687E-10,2,0,0,0,-1.8743442371880682E-29,only_tiny_or_pullers,0,1.8743442371880682E-29,9.723768234594623E-15,3208.92,0,0,0,73,2351.36,1
148,5509,5512,0,5250,1,70.005,0.000237092,0,0,0,0,0,0,5,1.6174659525925554E-09,7.261114095550839E-15,1.448605373110823E-09,1.688533183676365E-10,1.6885331836763647E-10,0,0,0,0,0,none,0,0,7.37121370924202E-16,2735.51,0,0,0,33,2171.98,1
149,5510,5512,1,5250,1,70.005,0.000237092,0,0,0,0,0,0,4,1.3207111237921097E-08,7.96421325263722E-09,3.4202313714520626E-09,1.8226666138318146E-09,1.8226666127103446E-09,1,5.607350542400202E-19,0,0,-5.607350542400202E-19,only_tiny_or_pullers,0,0,-1.3196806193688265E-14,2786.47,0,0,0,39,2329,1
150,5512,5512,0,5250,1,70.005,0.000237092,0,0,0,0,0,0,16,7.147125508065013E-08,1.8352271979642965E-08,2.310534798206295E-08,3.0013635118944204E-08,1.8671978870390777E-08,5,0,0,0,0,none,0,0,9.283952809923246E-15,3242.81,0,0,0,69,2167.24,1
151,5512,5512,0,5250,1,70.005,0.000237092,0,0,0,0,0,0,16,3.83919594664471E-08,0,3.3551424794194685E-08,4.840534672252417E-09,4.5786095427679595E-09,1,0,0,0,0,none,0,0,8.926389494634146E-15,2781.56,0,0,0,21,2226.2,1
152,5511,5512,0,5250,1,70.005,0.000237092,0,0,0,0,0,0,7,4.197831800544802E-09,0,2.2583495396454176E-09,1.9394822608993837E-09,1.9394822608993837E-09,0,0,0,0,0,none,0,0,3.140869660812108E-15,2925.82,0,0,0,42,2582.25,1
153,5511,5512,0,5250,1,70.005,0.000237092,0,0,0,0,0,0,2,1.2868779401430286E-08,0,1.2211440044593863E-08,6.573393568364242E-10,6.573393568364242E-10,0,0,0,0,0,none,0,0,-4.255598079326309E-15,2789.12,0,0,0,70,2325.76,1
154,5510,5512,0,5250,1,70.005,0.000237092,0,0,0,0,0,0,7,2.3159897725186762E-08,1.9306697214887982E-08,4.475757856861439E-10,3.4056247246126337E-09,3.4056247246126337E-09,0,0,0,0,0,none,0,0,1.965635669746882E-14,2814,0,0,0,36,2260.26,1
155,5512,5512,0,5250,1,70.005,0.000237092,0,0,0,0,0,0,4,1.754671120038287E-08,1.3284350601672105E-08,9.886223093096148E-10,3.2737382894011518E-09,3.2737382894011518E-09,0,0,0,0,0,none,0,0,1.6760674285175806E-14,2944.31,0,0,0,61,2121.18,1
156,5510,5512,0,5250,1,70.005,0.000237092,0,0,0,0,0,0,2,1.0656555513219128E-08,9.059135461728308E-11,1.0565964158601846E-08,0,0,0,0,0,0,0,none,0,0,-8.118308982042057E-15,2879.04,0,0,0,26,2223.75,1
157,5508,5512,0,5250,1,70.005,0.000237092,0,0,0,0,0,0,2,1.8024141389625896E-08,1.8024141389625896E-08,0,0,0,0,0,0,0,0,none,0,0,-1.1447289260817882E-14,2991.63,0,0,0,120,2608.07,1
158,5504,5512,0,5250,1,70.005,0.000237092,0,0,0,0,0,0,4,4.8391174781329715E-08,4.8391174781329715E-08,0,0,0,0,0,0,0,0,none,0,0,1.7033755992211592E-14,2721.88,0,0,0,57,2167.65,1
159,5511,5512,0,5250,1,70.005,0.000237092,0,0,0,0,0,0,13,1.4629013547999634E-08,4.807056829970879E-09,9.820986914321547E-09,9.69803707203073E-13,3.2326790240104126E-13,10,-5.119391730522278E-26,0,0,5.119391730522278E-26,only_tiny_or_pullers,0,0,2.9388925675626346E-14,2672,0,0,0,32,2586.84,1
160,5512,5512,0,5250,1,70.005,0.000237092,0,0,0,0,0,0,5,4.463734152713194E-09,4.33270431846082E-09,5.81807526836063E-11,7.284908156876778E-11,3.42150802804947E-11,2,0,0,0,0,none,0,0,9.703866074720852E-16,3226.22,0,0,0,50,2121.84,1
161,5510,5512,0,5250,1,70.005,0.000237092,0,0,0,0,0,0,2,3.20958691918645E-08,3.20958691918645E-08,0,0,0,0,0,0,0,0,none,0,0,1.1826387829616829E-16,2816.63,0,0,0,134,2067.77,1
162,5511,5512,0,5250,1,70.005,0.000237092,0,0,0,0,0,0,3,7.244305919401475E-09,0,7.244159256496234E-09,1.4666290524101385E-13,4.888763508036849E-14,2,-9.169719162289041E-26,0,0,9.169719162289041E-26,only_tiny_or_pullers,0,0,-8.675689285338746E-15,2822.18,0,0,0,28,2873.66,1
163,5509,5512,0,5250,1,70.005,0.000237092,0,0,0,0,0,0,2,5.202153823928534E-09,5.202153823928534E-09,0,0,0,0,0,0,0,0,none,0,0,4.4918924816504E-16,2780.24,0,0,0,72,2395.05,1
164,5512,5512,0,5250,1,70.005,0.000237092,0,0,0,0,0,0,7,3.7021200784049406E-08,3.648910883633713E-08,5.141425831800299E-10,1.7949364532247344E-11,1.7949364532247366E-11,0,0,0,0,0,none,0,0,1.89413894158944E-14,2690.69,0,0,0,37,2403.99,1
165,5508,5512,2,5250,1,70.005,0.000237092,0,2,4.0697590045412315E-10,0,0,0,2,2.778992997303539E-08,1.3695685938890353E-08,1.409424403414504E-08,0,0,0,0,4.06970457333955E-10,0,-5.443120168167241E-15,no_compact_gain,0,0,6.721559832835974E-15,2864.37,0,0,0,64,2142.19,1
166,5508,5512,3,5250,1,70.005,0.000237092,0,3,1.976710294446482E-09,0,0,0,1,7.565400253144124E-15,0,0,7.565400253144124E-15,7.565400253144124E-15,0,0,1.9767156800298835E-09,0,5.385583401697423E-15,no_compact_gain,0,0,-1.4210854715202004E-14,2827.62,0,0,0,74,2164.06,1
167,5511,5512,0,5250,1,70.005,0.000237092,0,0,0,0,0,0,3,1.720987854747398E-08,6.209149752166351E-09,1.0913210850575139E-08,8.7517944732491E-11,8.751794473249105E-11,0,0,0,0,0,none,0,0,1.843435903048548E-16,2794.2,0,0,0,44,2164.74,1
168,5503,5512,8,5250,1,70.005,0.000237092,0,8,3.417792850169531E-10,0,0,0,0,0,0,0,0,0,0,0,3.417710559006082E-10,0,-8.229116344931124E-15,no_compact_gain,0,0,0,2799.95,0,0,0,56,2305.05,1
169,5512,5512,0,5250,1,70.005,0.000237092,0,0,0,0,0,0,1,7.565400253144124E-15,0,0,7.565400253144124E-15,7.565400253144124E-15,0,0,0,0,0,none,0,0,-1.4210854715202004E-14,2809.46,0,0,0,71,1984.85,1
170,5510,5512,0,5250,1,70.005,0.000237092,0,0,0,0,0,0,2,1.2830961135563587E-08,1.2830961135563587E-08,0,0,0,0,0,0,0,0,none,0,0,-5.375937592326161E-15,2682.53,0,0,0,66,2178.17,1
171,5510,5512,0,5250,1,70.005,0.000237092,0,0,0,0,0,0,2,1.112050551289649E-08,7.601989809103832E-09,3.4871795900394065E-09,3.1336113753252473E-11,3.1336113753252616E-11,0,0,0,0,0,none,0,0,1.3139229648568078E-14,2860.89,0,0,0,62,1913.79,1
172,5509,5512,0,5250,1,70.005,0.000237092,0,0,0,0,0,0,1,6.602399674194806E-09,6.602399674194806E-09,0,0,0,0,0,0,0,0,none,0,0,-6.059052194232217E-15,2778.99,0,0,0,52,2349.24,1
173,5511,5512,1,5250,1,70.005,0.000237092,0,1,1.8769441546351798E-09,0,0,0,1,2.283286278840141E-09,0,1.9768295522005163E-09,3.0645672663962457E-10,3.0354186330988824E-10,0,2.9148633297363343E-12,1.8769412690744502E-09,0,-2.917748890465765E-12,no_compact_gain,0,0,3.085539812640512E-14,2798.74,0,0,0,48,2132,1
174,5507,5512,4,5250,1,70.005,0.000237092,0,4,3.900422798588995E-10,0,0,0,0,0,0,0,0,0,0,0,3.900453293681494E-10,0,3.0495092499142684E-15,no_compact_gain,0,0,0,2892.27,0,0,0,73,1900.55,1
175,5511,5512,2,5250,1,70.005,0.000237092,0,2,1.1541473721360132E-10,0,0,0,2,1.4001976069347721E-08,0,1.2792667667954192E-08,1.2093084013935298E-09,1.209308401393529E-09,0,0,1.1542056199687067E-10,0,5.824783269356491E-15,no_compact_gain,0,0,1.3620765202325686E-14,3027.32,0,0,0,59,2173.82,1
176,5510,5512,0,5250,1,70.005,0.000237092,0,0,0,0,0,0,3,1.4800650313534057E-08,1.413073629688468E-08,5.112043901594561E-10,1.5870962648991994E-10,1.5870962648991991E-10,0,0,0,0,0,none,0,0,-3.0594351851373454E-16,2826.49,0,0,0,130,1936.82,1
177,5508,5512,2,5250,1,70.005,0.000237092,0,2,7.65298479812331E-09,0,0,0,0,0,0,0,0,0,0,0,7.65298580063245E-09,0,1.0025091402103876E-15,no_compact_gain,0,0,0,2789.85,0,0,0,70,2224.3,1
178,5509,5512,10,5250,1,70.005,0.000237092,0,10,2.1241869829039547E-10,0,0,0,1,1.9482899078311105E-10,0,0,1.9482899078311105E-10,1.9482899078311103E-10,0,0,2.1242385628283955E-10,0,5.157992444084774E-15,no_compact_gain,0,0,0,2731.48,0,0,0,51,2266.99,1
179,5512,5512,0,5250,1,70.005,0.000237092,0,0,0,0,0,0,1,4.694082905220742E-15,0,0,4.694082905220742E-15,4.694082905220742E-15,0,0,0,0,0,none,0,0,0,2791.42,0,0,0,57,2376.09,1
180,5506,5512,5,5250,1,70.005,0.000237092,0,5,5.537997603459737E-10,0,0,0,1,1.3853032752011893E-09,1.3853032752011893E-09,0,0,0,0,0,5.538041136787797E-10,0,4.353332805959631E-15,no_compact_gain,0,0,7.358538907569834E-16,2949.5,0,0,0,118,2168.16,1
181,5505,5512,1,5250,1,70.005,0.000237092,0,1,1.0625657615120631E-09,0,0,0,0,0,0,0,0,0,0,0,1.0625669233377266E-09,0,1.1618256635032691E-15,no_compact_gain,0,0,0,2795.66,0,0,0,53,1872.83,1
182,5503,5512,2,5250,1,70.005,0.000237092,0,2,5.3474825313415985E-11,0,0,0,0,0,0,0,0,0,0,0,5.347544629330514E-11,0,6.209798891550228E-16,no_compact_gain,0,0,0,2808.49,0,0,0,68,2524.49,1
183,5509,5512,1,5250,1,70.005,0.000237092,0,1,1.3016694324623572E-10,0,0,0,3,7.02040151813043E-10,2.6540862442192786E-14,3.4544754347593715E-10,3.5656606747466366E-10,3.5656606747466377E-10,0,0,1.3016432376389275E-10,0,-2.6194823429670582E-15,no_compact_gain,0,0,-2.0215497606154167E-14,2935.84,0,0,0,59,2299.02,1
184,5512,5512,4,5250,1,70.005,0.000237092,0,4,3.42150802804947E-11,0,0,0,11,3.565736328749169E-10,0,1.876555656678634E-10,1.6891806720705347E-10,1.6891806720705347E-10,0,0,3.4219738154206425E-11,0,4.657873711725657E-15,no_compact_gain,0,0,1.54400083361402E-14,2839.41,0,0,0,62,2344.91,1
185,5511,5512,1,5250,1,70.005,0.000237092,0,1,1.5665733217478552E-08,0,0,0,0,0,0,0,0,0,0,0,1.5665733599234954E-08,0,3.8175640267747593E-16,no_compact_gain,0,0,0,2744.71,0,0,0,71,2158.9,1
186,5511,5512,0,5250,1,70.005,0.000237092,0,0,0,0,0,0,0,0,0,0,0,0,0,0,0,0,0,none,0,0,0,2904.25,0,0,0,77,2139.83,1
187,5508,5512,1,5250,1,70.005,0.000237092,0,1,4.2225047233048874E-09,0,0,0,2,8.302833523515774E-06,8.302833523515774E-06,0,0,0,0,0,4.222506788664759E-09,0,2.0653598719530446E-15,no_compact_gain,0,0,2.3592035985377235E-15,2831.16,0,0,0,65,2396.46,1
188,5507,5512,1,5250,1,70.005,0.000237092,0,1,1.7867865493322228E-10,0,0,0,0,0,0,0,0,0,0,0,1.786801817615924E-10,0,1.5268283701132259E-15,no_compact_gain,0,0,0,2821.8,0,0,0,98,2286.65,1
189,5506,5512,1,5250,1,70.005,0.000237092,0,1,9.264496027776179E-10,0,0,0,0,0,0,0,0,0,0,0,9.264482514481642E-10,0,-1.3513294536928353E-15,no_compact_gain,0,0,0,3108,0,0,0,91,2476.98,1
190,5511,5512,2,5250,1,70.005,0.000237092,0,2,7.104768113617571E-10,0,0,0,1,1.720488351611128E-08,0,0,1.720488351611128E-08,1.720488351611128E-08,0,0,7.104787869138818E-10,0,1.9755521246632983E-15,no_compact_gain,0,0,2.842170943040401E-14,2989.69,0,0,0,70,2149.04,1
191,5509,5512,2,5250,1,70.005,0.000237092,0,2,1.0580944445243897E-08,0,0,0,0,0,0,0,0,0,0,0,1.0580947673588526E-08,0,3.2283446284935083E-15,no_compact_gain,0,0,0,3021.34,0,0,0,77,2161.8,1
192,5508,5512,1,5250,1,70.005,0.000237092,0,1,4.1961157523961995E-10,0,0,0,0,0,0,0,0,0,0,0,4.1961101260312716E-10,0,-5.626364927868971E-16,no_compact_gain,0,0,0,2777.92,0,0,0,76,1658.09,1
193,5509,5512,3,5250,1,70.005,0.000237092,0,3,5.618746413493917E-09,0,0,0,8,1.720488351611128E-08,0,6.496547651843709E-09,1.0708335864267573E-08,1.0708335864267573E-08,0,0,5.618751686142787E-09,0,5.272648869416922E-15,no_compact_gain,0,0,-2.9846339178612223E-14,2720.13,0,0,0,49,2172.31,1
194,5511,5512,1,5250,1,70.005,0.000237092,0,1,1.2358819044590326E-08,0,0,0,1,7.565400253144124E-15,0,0,7.565400253144124E-15,7.565400253144124E-15,0,0,1.2358817969015945E-08,0,-1.0755743809115558E-15,no_compact_gain,0,0,-1.4210854715202004E-14,2972.66,0,0,0,68,2408.28,1
195,5508,5512,3,5250,1,70.005,0.000237092,0,3,1.408779365161255E-08,0,0,0,0,0,0,0,0,0,0,0,1.4087788713368354E-08,0,-4.938244195911917E-15,no_compact_gain,0,0,0,3280.96,0,0,0,89,2101.21,1
196,5511,5512,0,5250,1,70.005,0.000237092,0,0,0,0,0,0,1,5.385285224203302E-15,0,0,5.385285224203302E-15,5.385285224203302E-15,0,0,0,0,0,none,0,0,-1.4210854715202004E-14,2790.36,0,0,0,84,2213.35,1
197,5511,5512,0,5250,1,70.005,0.000237092,0,0,0,0,0,0,0,0,0,0,0,0,0,0,0,0,0,none,0,0,0,2846.76,0,0,0,93,2046.59,1
198,5505,5512,5,5250,1,70.005,0.000237092,0,5,3.5224815218222724E-09,0,0,0,1,4.851090356133987E-10,0,4.851090356133987E-10,0,0,0,0,3.5224871908212663E-09,0,5.6689989938213635E-15,no_compact_gain,0,0,7.299055263116014E-15,2796.27,0,0,0,110,2048.46,1
199,5486,5512,19,5250,1,70.005,0.000237092,0,19,6.550041623263262E-09,0,0,0,0,0,0,0,0,0,0,0,6.550045839048835E-09,0,4.215785572868847E-15,no_compact_gain,0,0,0,2574.5,0,0,0,119,1980.14,1
200,5403,5512,83,5250,1,70.005,0.000237092,0,83,3.9358875128132835E-09,0,0,0,0,0,0,0,0,0,0,0,3.935902270768565E-09,0,1.4757955281894207E-14,no_compact_gain,0,7.421616711851406E-11,0,2987.06,0,0,0,93,2147.66,1
201,5512,5512,143,5250,1,120.00500009684083,0.000237092,50.000000096840836,142,3.255163275847296E-09,1,50.000000093585705,50.000000093585705,16,1.0669482160123693E-09,3.2366912410486936E-12,8.179255269253509E-10,2.4578599784597E-10,2.4578599784597E-10,0,0,50.000000096840836,0,-3.552713678800501E-14,only_compact_gained,2.6817578399601224E-09,3.255163275847296E-09,-5.465411572052626E-14,3869.16,0,0,0,508,2006.36,1
202,5510,5512,2,5250,1,120.00500009684083,8.40193E-05,0,0,0,0,0,0,16,1.6206812356951835E-09,0,1.5473194425522482E-09,7.336179314293525E-11,7.336179314274368E-11,0,1.9156985998845275E-22,0,0,-1.9156985998845275E-22,only_tiny_or_pullers,0,0,-1.0514030915934777E-15,15826.4,0,0,0,242,296.533,1
203,5510,5512,0,5250,1,120.00500009684083,8.40193E-05,0,0,0,0,0,0,16,9.463169578944097E-09,4.3189570176221555E-12,4.257424873748657E-09,5.201425748177819E-09,5.2014257481778185E-09,0,0,0,0,0,none,0,0,-6.233193869911796E-15,16696,0,0,0,45,1191.74,1
204,5512,5512,0,5250,1,120.00500009684083,8.40193E-05,0,0,0,0,0,0,16,3.333426401971955E-09,0,2.831123289673315E-09,5.0230311229864E-10,5.0230311229864E-10,0,0,0,0,0,none,0,0,8.391601341374178E-15,6195.23,0,0,0,32,836.709,1
205,5512,5512,0,5250,1,120.00500009684083,8.40193E-05,0,0,0,0,0,0,16,1.4815515323494495E-08,0,1.476487698078014E-08,5.063834271435576E-11,5.0638342714354894E-11,0,8.659547037664508E-25,0,0,-8.659547037664508E-25,only_tiny_or_pullers,0,0,-2.1163487291681627E-15,5170.43,0,0,0,27,3527.96,1
206,5512,5512,0,5250,1,120.00500009684083,8.40193E-05,0,0,0,0,0,0,16,1.7935645546955341E-09,0,1.469238901164699E-09,3.2432565353083514E-10,3.2432565353083514E-10,0,0,0,0,0,none,0,0,7.053869394334183E-15,9350.83,0,0,0,33,2786.8,1
207,5512,5512,0,5250,1,120.00500009684083,8.40193E-05,0,0,0,0,0,0,16,1.1141512673418536E-08,0,6.2842711005097225E-09,4.857241572908813E-09,4.857241572908813E-09,0,0,0,0,0,none,0,0,3.7717719532647014E-15,10122.2,0,0,0,16,3921.75,1
208,5512,5512,2,5250,1,120.00500009684083,8.40193E-05,0,0,0,0,0,0,16,1.6651113286584073E-08,1.56500177493182E-14,1.4662069039295236E-08,1.9890285972710857E-09,1.9890129472533365E-09,6,0,0,0,0,none,0,0,6.915194041157061E-15,10820.2,0,0,0,69,7250.13,1
209,5512,5512,0,5250,1,120.00500009684083,8.40193E-05,0,0,0,0,0,0,4,3.7064303729144775E-13,0,1.8532151864572395E-13,1.8532151864572375E-13,1.8532151864572375E-13,0,0,0,0,0,none,0,0,5.804073480979049E-16,13514.5,0,0,0,12,8925.37,1
210,5512,5512,0,5250,1,120.00500009684083,8.40193E-05,0,0,0,0,0,0,0,0,0,0,0,0,0,0,0,0,0,none,0,0,0,9026.68,0,0,0,13,8965.08,1
211,5512,5512,0,5250,1,120.00500009684083,8.40193E-05,0,0,0,0,0,0,2,1.0058731483021637E-13,0,7.47516192907551E-14,2.583569553946127E-14,2.583569553946127E-14,0,0,0,0,0,none,0,0,3.6973457147450796E-15,11467,0,0,0,69,21695.1,1
212,5512,5512,0,5250,1,120.00500009684083,8.40193E-05,0,0,0,0,0,0,0,0,0,0,0,0,0,0,0,0,0,none,0,0,0,9692.61,0,0,0,13,6681.55,1
213,5511,5512,0,5250,1,120.00500009684083,8.40193E-05,0,0,0,0,0,0,3,1.570985397842598E-08,0,3.594922468380063E-10,1.5350361731587976E-08,1.5350361731587976E-08,0,0,0,0,0,none,0,0,2.5510754123301875E-16,11078.3,0,0,0,7,10204.8,1
214,5512,5512,0,5250,1,120.00500009684083,8.40193E-05,0,0,0,0,0,0,1,3.4996104789343856E-09,0,5.730325591572277E-11,3.4423072230186628E-09,3.4423072230186628E-09,0,0,0,0,0,none,0,0,5.089704028293004E-15,10533.4,0,0,0,19,8434.24,1
215,5512,5512,0,5250,1,120.00500009684083,8.40193E-05,0,0,0,0,0,0,0,0,0,0,0,0,0,0,0,0,0,none,0,0,0,15192.1,0,0,0,17,19046.1,1
216,5512,5512,0,5250,1,120.00500009684083,8.40193E-05,0,0,0,0,0,0,2,3.4423072230186628E-09,0,1.7333679517344033E-09,1.7089392712842595E-09,1.7089392712842595E-09,0,0,0,0,0,none,0,0,-1.05215236109811E-15,9789.56,0,0,0,16,8649.5,1
217,5511,5512,0,5250,1,120.00500009684083,8.40193E-05,0,0,0,0,0,0,1,1.845E-06,0,1.845E-06,0,0,0,0,0,0,0,none,0,0,1.1070360631611122E-16,10859.6,0,0,0,9,9344.59,1
218,5511,5512,0,5250,1,120.00500009684083,8.40193E-05,0,0,0,0,0,0,2,2.184688446833413E-08,0,9.332291366234703E-09,1.2514593102099428E-08,1.2514593102099428E-08,0,0,0,0,0,none,0,0,-5.346947883088937E-15,15535.4,0,0,0,14,6526.9,1
219,5511,5512,0,5250,1,120.00500009684083,8.40193E-05,0,0,0,0,0,0,4,1.7922779267066067E-08,0,9.9118502357464E-09,8.010929031319667E-09,2.602742866353028E-09,2,0,0,0,0,none,0,0,6.445568445617229E-15,10105,0,0,0,11,9195.49,1
220,5511,5512,0,5250,1,120.00500009684083,8.40193E-05,0,0,0,0,0,0,4,4.311682137637287E-09,0,2.2060460314102236E-09,2.105636106227064E-09,2.105636106227064E-09,0,0,0,0,0,none,0,0,-4.422013589886032E-15,11026.9,0,0,0,12,8276.48,1
221,5512,5512,0,5250,1,120.00500009684083,8.40193E-05,0,0,0,0,0,0,3,8.927561457890414E-13,0,7.422020138552108E-13,1.505541319338306E-13,5.0184710644610196E-14,2,0,0,0,0,none,0,0,3.2375686647065963E-15,12051.2,0,0,0,77,12108.4,1
222,5511,5512,0,5250,1,120.00500009684083,8.40193E-05,0,0,0,0,0,0,1,1.708531142593409E-08,0,1.708531142593409E-08,0,0,0,0,0,0,0,none,0,0,-1.2942212521350194E-15,13677.2,0,0,0,88,6237.19,1
223,5511,5512,0,5250,1,120.00500009684083,8.40193E-05,0,0,0,0,0,0,4,4.101775060742763E-08,0,1.7851532056340128E-08,2.3166218551087504E-08,2.3166218551087504E-08,0,0,0,0,0,none,0,0,-1.5283494768843479E-15,11985,0,0,0,14,9868.92,1
224,5512,5512,0,5250,1,120.00500009684083,8.40193E-05,0,0,0,0,0,0,5,1.2488504647695588E-08,2.3392473158069116E-14,4.828529838320916E-09,7.659951416901515E-09,3.765522456610227E-09,2,0,0,0,0,none,0,0,3.226517623094034E-15,10092.3,0,0,0,79,10999.8,1
225,5512,5512,0,5250,1,120.00500009684083,8.40193E-05,0,0,0,0,0,0,4,3.765522456610227E-09,0,1.9867530813602175E-09,1.7787693752500098E-09,1.7787693752500098E-09,0,0,0,0,0,none,0,0,-9.672953313816785E-15,12081.4,0,0,0,8,7208.99,1
226,5512,5512,0,5250,1,120.00500009684083,8.40193E-05,0,0,0,0,0,0,0,0,0,0,0,0,0,0,0,0,0,none,0,0,0,9308.4,0,0,0,15,8860.96,1
227,5511,5512,0,5250,1,120.00500009684083,8.40193E-05,0,0,0,0,0,0,5,1.9420730544137425E-09,0,1.0686224857481478E-09,8.734505686655947E-10,8.734505686655947E-10,0,0,0,0,0,none,0,0,8.843729102756789E-15,10987.8,0,0,0,14,8338.65,1
228,5511,5512,0,5250,1,120.00500009684083,8.40193E-05,0,0,0,0,0,0,0,0,0,0,0,0,0,0,0,0,0,none,0,0,0,8448.69,0,0,0,16,9257.15,1
229,5510,5512,0,5250,1,120.00500009684083,8.40193E-05,0,0,0,0,0,0,1,2.3392473158069116E-14,2.3392473158069116E-14,0,0,0,0,0,0,0,0,none,0,0,-5.02923610146578E-15,11938.8,0,0,0,13,8981.76,1
230,5510,5512,0,5250,1,120.00500009684083,8.40193E-05,0,0,0,0,0,0,0,0,0,0,0,0,0,0,0,0,0,none,0,0,0,14909.8,0,0,0,7,10066.9,1
231,5510,5512,0,5250,1,120.00500009684083,8.40193E-05,0,0,0,0,0,0,0,0,0,0,0,0,0,0,0,0,0,none,0,0,0,9719.34,0,0,0,18,14843,1
232,5510,5512,0,5250,1,120.00500009684083,8.40193E-05,0,0,0,0,0,0,0,0,0,0,0,0,0,0,0,0,0,none,0,0,0,15520.6,0,0,0,17,27016.2,1
233,5510,5512,0,5250,1,120.00500009684083,8.40193E-05,0,0,0,0,0,0,0,0,0,0,0,0,0,0,0,0,0,none,0,0,0,16274.3,0,0,0,23,8518.13,1
234,5511,5512,0,5250,1,120.00500009684083,8.40193E-05,0,0,0,0,0,0,1,1.917797833679784E-08,0,6.551498627478629E-10,1.8522828474049977E-08,1.8522828474049977E-08,0,0,0,0,0,none,0,0,1.038667620152469E-15,10623.9,0,0,0,79,9332.61,1
235,5512,5512,0,5250,1,120.00500009684083,8.40193E-05,0,0,0,0,0,0,5,3.4796514020295314E-08,0,1.5944843405161714E-08,1.8851670615133603E-08,1.0531176922305763E-08,2,0,0,0,0,none,0,0,-5.591534522899688E-15,9730.23,0,0,0,11,10861.9,1
236,5512,5512,0,5250,1,120.00500009684083,8.40193E-05,0,0,0,0,0,0,4,1.0531176922305763E-08,0,5.746498482786769E-09,4.784678439518993E-09,4.784678439518993E-09,0,0,0,0,0,none,0,0,-1.6818183258325343E-15,14629,0,0,0,18,9113.43,1
237,5509,5512,0,5250,1,120.00500009684083,8.40193E-05,0,0,0,0,0,0,7,4.7904236088793575E-09,3.081498362183753E-14,2.5139552711304015E-09,2.2764375227653336E-09,2.2764375227653336E-09,0,0,0,0,0,none,0,0,6.218669580898267E-16,13783.4,0,0,0,81,8318.83,1
238,5509,5512,0,5250,1,120.00500009684083,8.40193E-05,0,0,0,0,0,0,0,0,0,0,0,0,0,0,0,0,0,none,0,0,0,12420.2,0,0,0,15,11518.7,1
239,5511,5512,0,5250,1,120.00500009684083,8.40193E-05,0,0,0,0,0,0,2,1.3976887614505774E-09,0,6.988443807252887E-10,6.988443807252887E-10,6.988443807252887E-10,0,0,0,0,0,none,0,0,-2.821604200216655E-15,10490.7,0,0,0,15,9343.48,1
240,5511,5512,0,5250,1,120.00500009684083,8.40193E-05,0,0,0,0,0,0,0,0,0,0,0,0,0,0,0,0,0,none,0,0,0,16161.9,0,0,0,10,19122.7,1
241,5511,5512,0,5250,1,120.00500009684083,8.40193E-05,0,0,0,0,0,0,0,0,0,0,0,0,0,0,0,0,0,none,0,0,0,10104,0,0,0,14,8046.01,1
242,5511,5512,0,5250,1,120.00500009684083,8.40193E-05,0,0,0,0,0,0,0,0,0,0,0,0,0,0,0,0,0,none,0,0,0,11558.2,0,0,0,14,16900.4,1
243,5511,5512,0,5250,1,120.00500009684083,8.40193E-05,0,0,0,0,0,0,0,0,0,0,0,0,0,0,0,0,0,none,0,0,0,12238.6,0,0,0,18,8792.93,1
244,5511,5512,0,5250,1,120.00500009684083,8.40193E-05,0,0,0,0,0,0,0,0,0,0,0,0,0,0,0,0,0,none,0,0,0,11818.4,0,0,0,10,9856.71,1
245,5511,5512,0,5250,1,120.00500009684083,8.40193E-05,0,0,0,0,0,0,0,0,0,0,0,0,0,0,0,0,0,none,0,0,0,11177.9,0,0,0,5,9332.32,1
246,5511,5512,0,5250,1,120.00500009684083,8.40193E-05,0,0,0,0,0,0,0,0,0,0,0,0,0,0,0,0,0,none,0,0,0,10930.2,0,0,0,19,9634.59,1
247,5511,5512,0,5250,1,120.00500009684083,8.40193E-05,0,0,0,0,0,0,0,0,0,0,0,0,0,0,0,0,0,none,0,0,0,14012.3,0,0,0,4,24609.6,1
248,5511,5512,0,5250,1,120.00500009684083,8.40193E-05,0,0,0,0,0,0,0,0,0,0,0,0,0,0,0,0,0,none,0,0,0,11043.2,0,0,0,23,8960.02,1
249,5511,5512,0,5250,1,120.00500009684083,8.40193E-05,0,0,0,0,0,0,0,0,0,0,0,0,0,0,0,0,0,none,0,0,0,12384,0,0,0,20,12879.6,1
250,5511,5512,0,5250,1,120.00500009684083,8.40193E-05,0,0,0,0,0,0,0,0,0,0,0,0,0,0,0,0,0,none,0,0,0,9662.11,0,0,0,75,8589.89,1
251,5512,5512,0,5250,1,120.00500009684083,8.40193E-05,0,0,0,0,0,0,3,4.7088524514016025E-12,0,3.951776874281723E-12,7.570755771198798E-13,2.523585257066266E-13,2,0,0,0,0,none,0,0,1.1592634555656125E-15,10380.5,0,0,0,18,11025.8,1
252,5512,5512,0,5250,1,120.00500009684083,8.40193E-05,0,0,0,0,0,0,0,0,0,0,0,0,0,0,0,0,0,none,0,0,0,13972.7,0,0,0,10,8355.66,1
253,5511,5512,0,5250,1,120.00500009684083,8.40193E-05,0,0,0,0,0,0,1,6.192272673465757E-09,0,6.192272673465757E-09,0,0,0,0,0,0,0,none,0,0,6.4181542052541895E-15,13849.7,0,0,0,82,9044.58,1
254,5511,5512,0,5250,1,120.00500009684083,8.40193E-05,0,0,0,0,0,0,0,0,0,0,0,0,0,0,0,0,0,none,0,0,0,10147.7,0,0,0,11,19689.6,1
255,5511,5512,0,5250,1,120.00500009684083,8.40193E-05,0,0,0,0,0,0,0,0,0,0,0,0,0,0,0,0,0,none,0,0,0,10346.2,0,0,0,13,9000,1
256,5510,5512,0,5250,1,120.00500009684083,8.40193E-05,0,0,0,0,0,0,1,1.2917847769730635E-14,1.2917847769730635E-14,0,0,0,0,0,0,0,0,none,0,0,-1.293007652444951E-15,12219.6,0,0,0,24,8299.4,1
257,5510,5512,0,5250,1,120.00500009684083,8.40193E-05,0,0,0,0,0,0,0,0,0,0,0,0,0,0,0,0,0,none,0,0,0,10965.8,0,0,0,11,17162.4,1
258,5510,5512,0,5250,1,120.00500009684083,8.40193E-05,0,0,0,0,0,0,0,0,0,0,0,0,0,0,0,0,0,none,0,0,0,10172.8,0,0,0,6,10465.7,1
259,5510,5512,0,5250,1,120.00500009684083,8.40193E-05,0,0,0,0,0,0,0,0,0,0,0,0,0,0,0,0,0,none,0,0,0,11237.2,0,0,0,17,9757.25,1
260,5510,5512,0,5250,1,120.00500009684083,8.40193E-05,0,0,0,0,0,0,0,0,0,0,0,0,0,0,0,0,0,none,0,0,0,11161.2,0,0,0,22,8015.57,1
261,5510,5512,0,5250,1,120.00500009684083,8.40193E-05,0,0,0,0,0,0,0,0,0,0,0,0,0,0,0,0,0,none,0,0,0,11204.4,0,0,0,16,9799.1,1
262,5510,5512,0,5250,1,120.00500009684083,8.40193E-05,0,0,0,0,0,0,0,0,0,0,0,0,0,0,0,0,0,none,0,0,0,11406.1,0,0,0,15,17798.6,1
263,5510,5512,0,5250,1,120.00500009684083,8.40193E-05,0,0,0,0,0,0,0,0,0,0,0,0,0,0,0,0,0,none,0,0,0,11609.3,0,0,0,77,9096.05,1
264,5511,5512,0,5250,1,120.00500009684083,8.40193E-05,0,0,0,0,0,0,1,1.6641121840000022E-09,0,1.8608438189162342E-11,1.6455037458108399E-09,1.6455037458108399E-09,0,0,0,0,0,none,0,0,-7.781487752283063E-15,13245.3,0,0,0,7,27733.9,1
265,5511,5512,0,5250,1,120.00500009684083,8.40193E-05,0,0,0,0,0,0,0,0,0,0,0,0,0,0,0,0,0,none,0,0,0,10194.5,0,0,0,18,14885.9,1
266,5512,5512,0,5250,1,120.00500009684083,8.40193E-05,0,0,0,0,0,0,3,1.0316256651594264E-08,0,9.260787841403402E-10,9.390177867453924E-09,9.390177867453924E-09,0,0,0,0,0,none,0,0,1.4914771202212984E-17,12214.6,0,0,0,22,9353.74,1
267,5512,5512,0,5250,1,120.00500009684083,8.40193E-05,0,0,0,0,0,0,0,0,0,0,0,0,0,0,0,0,0,none,0,0,0,12927.8,0,0,0,10,8878.2,1
268,5512,5512,0,5250,1,120.00500009684083,8.40193E-05,0,0,0,0,0,0,2,7.955259908045098E-10,0,4.032578388590568E-10,3.92268151945453E-10,3.92268151945453E-10,0,0,0,0,0,none,0,0,-3.585394230449314E-15,10224,0,0,0,19,13584.4,1
269,5512,5512,0,5250,1,120.00500009684083,8.40193E-05,0,0,0,0,0,0,0,0,0,0,0,0,0,0,0,0,0,none,0,0,0,9660.96,0,0,0,8,11634.6,1
270,5511,5512,0,5250,1,120.00500009684083,8.40193E-05,0,0,0,0,0,0,1,1.201484808984618E-08,0,1.201484808984618E-08,0,0,0,0,0,0,0,none,0,0,1.096463905636944E-14,13081,0,0,0,20,8994.04,1
271,5511,5512,0,5250,1,120.00500009684083,8.40193E-05,0,0,0,0,0,0,2,3.92268151945453E-10,0,1.9693249367736548E-10,1.9533565826808754E-10,1.9533565826808754E-10,0,0,0,0,0,none,0,0,-1.5309659038850205E-15,10659.7,0,0,0,12,8309.51,1
272,5511,5512,0,5250,1,120.00500009684083,8.40193E-05,0,0,0,0,0,0,0,0,0,0,0,0,0,0,0,0,0,none,0,0,0,12637.4,0,0,0,12,10759.1,1
273,5511,5512,0,5250,1,120.00500009684083,8.40193E-05,0,0,0,0,0,0,0,0,0,0,0,0,0,0,0,0,0,none,0,0,0,10172.4,0,0,0,22,10146,1
274,5511,5512,0,5250,1,120.00500009684083,8.40193E-05,0,0,0,0,0,0,0,0,0,0,0,0,0,0,0,0,0,none,0,0,0,13964.7,0,0,0,12,14950.2,1
275,5511,5512,0,5250,1,120.00500009684083,8.40193E-05,0,0,0,0,0,0,0,0,0,0,0,0,0,0,0,0,0,none,0,0,0,10287.7,0,0,0,20,8000.12,1
276,5511,5512,0,5250,1,120.00500009684083,8.40193E-05,0,0,0,0,0,0,0,0,0,0,0,0,0,0,0,0,0,none,0,0,0,10998.8,0,0,0,84,9518.32,1
277,5510,5512,1,5250,1,120.00500009684083,8.40193E-05,0,1,1.5611581967505453E-09,0,0,0,0,0,0,0,0,0,0,0,1.5611581967488533E-09,0,-1.6919979429772181E-21,no_compact_gain,0,0,0,11162,0,0,0,10,8685.05,1
278,5510,5512,0,5250,1,120.00500009684083,8.40193E-05,0,0,0,0,0,0,0,0,0,0,0,0,0,0,0,0,0,none,0,0,0,11196.2,0,0,0,8,8813.94,1
279,5511,5512,0,5250,1,120.00500009684083,8.40193E-05,0,0,0,0,0,0,3,1.2555510963145121E-10,0,3.795526837223556E-11,8.759984125921567E-11,2.8495520137825878E-11,2,0,0,0,0,none,0,0,-1.9245720689924022E-15,11857.9,0,0,0,17,8029.98,1
280,5511,5512,0,5250,1,120.00500009684083,8.40193E-05,0,0,0,0,0,0,0,0,0,0,0,0,0,0,0,0,0,none,0,0,0,10299.2,0,0,0,9,9350.55,1
281,5511,5512,0,5250,1,120.00500009684083,8.40193E-05,0,0,0,0,0,0,0,0,0,0,0,0,0,0,0,0,0,none,0,0,0,13026.8,0,0,0,20,9516.03,1
282,5511,5512,0,5250,1,120.00500009684083,8.40193E-05,0,0,0,0,0,0,0,0,0,0,0,0,0,0,0,0,0,none,0,0,0,11628.4,0,0,0,19,7976.88,1
283,5511,5512,0,5250,1,120.00500009684083,8.40193E-05,0,0,0,0,0,0,0,0,0,0,0,0,0,0,0,0,0,none,0,0,0,11344.8,0,0,0,15,12445.8,1
284,5511,5512,0,5250,1,120.00500009684083,8.40193E-05,0,0,0,0,0,0,0,0,0,0,0,0,0,0,0,0,0,none,0,0,0,10778.5,0,0,0,69,51191.8,1
285,5511,5512,0,5250,1,120.00500009684083,8.40193E-05,0,0,0,0,0,0,0,0,0,0,0,0,0,0,0,0,0,none,0,0,0,10130.8,0,0,0,13,9068.37,1
286,5511,5512,0,5250,1,120.00500009684083,8.40193E-05,0,0,0,0,0,0,0,0,0,0,0,0,0,0,0,0,0,none,0,0,0,11284.6,0,0,0,29,8959.92,1
287,5511,5512,0,5250,1,120.00500009684083,8.40193E-05,0,0,0,0,0,0,0,0,0,0,0,0,0,0,0,0,0,none,0,0,0,10038.7,0,0,0,16,8934.23,1
288,5511,5512,0,5250,1,120.00500009684083,8.40193E-05,0,0,0,0,0,0,0,0,0,0,0,0,0,0,0,0,0,none,0,0,0,9684.8,0,0,0,18,10004,1
289,5511,5512,0,5250,1,120.00500009684083,8.40193E-05,0,0,0,0,0,0,0,0,0,0,0,0,0,0,0,0,0,none,0,0,0,11000.4,0,0,0,80,8824.68,1
290,5511,5512,0,5250,1,120.00500009684083,8.40193E-05,0,0,0,0,0,0,0,0,0,0,0,0,0,0,0,0,0,none,0,0,0,11288.2,0,0,0,16,8429.58,1
291,5511,5512,0,5250,1,120.00500009684083,8.40193E-05,0,0,0,0,0,0,0,0,0,0,0,0,0,0,0,0,0,none,0,0,0,9660.67,0,0,0,18,9866.25,1
292,5511,5512,0,5250,1,120.00500009684083,8.40193E-05,0,0,0,0,0,0,0,0,0,0,0,0,0,0,0,0,0,none,0,0,0,9826.27,0,0,0,73,10125.9,1
293,5511,5512,0,5250,1,120.00500009684083,8.40193E-05,0,0,0,0,0,0,0,0,0,0,0,0,0,0,0,0,0,none,0,0,0,11334,0,0,0,14,8256.91,1
294,5511,5512,0,5250,1,120.00500009684083,8.40193E-05,0,0,0,0,0,0,0,0,0,0,0,0,0,0,0,0,0,none,0,0,0,13524.8,0,0,0,12,8323.06,1
295,5511,5512,0,5250,1,120.00500009684083,8.40193E-05,0,0,0,0,0,0,0,0,0,0,0,0,0,0,0,0,0,none,0,0,0,10894.2,0,0,0,10,9578.75,1
296,5511,5512,0,5250,1,120.00500009684083,8.40193E-05,0,0,0,0,0,0,0,0,0,0,0,0,0,0,0,0,0,none,0,0,0,11010.7,0,0,0,17,9408.95,1
297,5511,5512,0,5250,1,120.00500009684083,8.40193E-05,0,0,0,0,0,0,0,0,0,0,0,0,0,0,0,0,0,none,0,0,0,11938.6,0,0,0,17,9209.17,1
298,5511,5512,0,5250,1,120.00500009684083,8.40193E-05,0,0,0,0,0,0,0,0,0,0,0,0,0,0,0,0,0,none,0,0,0,9647.19,0,0,0,17,8067.04,1
299,5511,5512,0,5250,1,120.00500009684083,8.40193E-05,0,0,0,0,0,0,0,0,0,0,0,0,0,0,0,0,0,none,0,0,0,12004.4,0,0,0,15,14870.6,1
300,5511,5512,0,5250,1,120.00500009684083,8.40193E-05,0,0,0,0,0,0,0,0,0,0,0,0,0,0,0,0,0,none,0,0,0,11999.6,0,0,0,18,8339.01,1
301,5511,5512,0,5250,1,120.00500009684083,8.40193E-05,0,0,0,0,0,0,0,0,0,0,0,0,0,0,0,0,0,none,0,0,0,12293.4,0,0,0,9,10199,1
302,5511,5512,0,5250,1,120.00500009684083,8.40193E-05,0,0,0,0,0,0,0,0,0,0,0,0,0,0,0,0,0,none,0,0,0,10093.3,0,0,0,75,14105.8,1
303,5511,5512,0,5250,1,120.00500009684083,8.40193E-05,0,0,0,0,0,0,0,0,0,0,0,0,0,0,0,0,0,none,0,0,0,11044.3,0,0,0,12,10822.3,1
304,5511,5512,0,5250,1,120.00500009684083,8.40193E-05,0,0,0,0,0,0,0,0,0,0,0,0,0,0,0,0,0,none,0,0,0,11770,0,0,0,18,8270.14,1
305,5511,5512,0,5250,1,120.00500009684083,8.40193E-05,0,0,0,0,0,0,0,0,0,0,0,0,0,0,0,0,0,none,0,0,0,12225.6,0,0,0,78,9027.19,1
306,5511,5512,0,5250,1,120.00500009684083,8.40193E-05,0,0,0,0,0,0,0,0,0,0,0,0,0,0,0,0,0,none,0,0,0,11352.3,0,0,0,11,10313.9,1
307,5511,5512,0,5250,1,120.00500009684083,8.40193E-05,0,0,0,0,0,0,0,0,0,0,0,0,0,0,0,0,0,none,0,0,0,9912.88,0,0,0,14,9796.16,1
308,5511,5512,0,5250,1,120.00500009684083,8.40193E-05,0,0,0,0,0,0,0,0,0,0,0,0,0,0,0,0,0,none,0,0,0,14760,0,0,0,11,7975.31,1
309,5511,5512,0,5250,1,120.00500009684083,8.40193E-05,0,0,0,0,0,0,0,0,0,0,0,0,0,0,0,0,0,none,0,0,0,10555.1,0,0,0,13,8775.99,1
310,5511,5512,0,5250,1,120.00500009684083,8.40193E-05,0,0,0,0,0,0,0,0,0,0,0,0,0,0,0,0,0,none,0,0,0,11740.5,0,0,0,10,9499.71,1
311,5511,5512,0,5250,1,120.00500009684083,8.40193E-05,0,0,0,0,0,0,2,7.0469743063491615E-09,0,7.358179877568435E-11,6.973392507573477E-09,6.973392507573477E-09,0,0,0,0,0,none,0,0,-2.006939631623999E-15,9676.74,0,0,0,17,8401.68,1
312,5511,5512,0,5250,1,120.00500009684083,8.40193E-05,0,0,0,0,0,0,0,0,0,0,0,0,0,0,0,0,0,none,0,0,0,10653.4,0,0,0,10,52458.2,1
313,5511,5512,0,5250,1,120.00500009684083,8.40193E-05,0,0,0,0,0,0,2,6.973392507573477E-09,0,3.497293790515355E-09,3.476098717058122E-09,3.476098717058122E-09,0,0,0,0,0,none,0,0,2.4451041420740536E-15,10829.8,0,0,0,10,8340.74,1
314,5511,5512,0,5250,1,120.00500009684083,8.40193E-05,0,0,0,0,0,0,0,0,0,0,0,0,0,0,0,0,0,none,0,0,0,14201.5,0,0,0,15,9122.85,1
315,5511,5512,0,5250,1,120.00500009684083,8.40193E-05,0,0,0,0,0,0,0,0,0,0,0,0,0,0,0,0,0,none,0,0,0,10453.8,0,0,0,141,8030.77,1
316,5511,5512,0,5250,1,120.00500009684083,8.40193E-05,0,0,0,0,0,0,2,3.476098717058122E-09,0,1.7678594469029667E-09,1.7082392701551552E-09,1.7082392701551552E-09,0,0,0,0,0,none,0,0,6.986224070135492E-16,11720.8,0,0,0,12,13407.1,1
317,5511,5512,0,5250,1,120.00500009684083,8.40193E-05,0,0,0,0,0,0,0,0,0,0,0,0,0,0,0,0,0,none,0,0,0,12462.8,0,0,0,21,8258.18,1
318,5511,5512,0,5250,1,120.00500009684083,8.40193E-05,0,0,0,0,0,0,0,0,0,0,0,0,0,0,0,0,0,none,0,0,0,11726.4,0,0,0,75,9692.95,1
319,5511,5512,0,5250,1,120.00500009684083,8.40193E-05,0,0,0,0,0,0,0,0,0,0,0,0,0,0,0,0,0,none,0,0,0,10099.8,0,0,0,11,9556.98,1
320,5511,5512,0,5250,1,120.00500009684083,8.40193E-05,0,0,0,0,0,0,0,0,0,0,0,0,0,0,0,0,0,none,0,0,0,10812.9,0,0,0,22,10169.6,1
321,5511,5512,0,5250,1,120.00500009684083,8.40193E-05,0,0,0,0,0,0,0,0,0,0,0,0,0,0,0,0,0,none,0,0,0,11237.6,0,0,0,17,8024.65,1
322,5511,5512,0,5250,1,120.00500009684083,8.40193E-05,0,0,0,0,0,0,0,0,0,0,0,0,0,0,0,0,0,none,0,0,0,11316.3,0,0,0,18,8866.74,1
323,5511,5512,0,5250,1,120.00500009684083,8.40193E-05,0,0,0,0,0,0,0,0,0,0,0,0,0,0,0,0,0,none,0,0,0,13347.9,0,0,0,11,9985.57,1
324,5511,5512,0,5250,1,120.00500009684083,8.40193E-05,0,0,0,0,0,0,0,0,0,0,0,0,0,0,0,0,0,none,0,0,0,9843.23,0,0,0,23,9263.28,1
325,5511,5512,0,5250,1,120.00500009684083,8.40193E-05,0,0,0,0,0,0,0,0,0,0,0,0,0,0,0,0,0,none,0,0,0,13480.8,0,0,0,3,35029.5,1
326,5511,5512,0,5250,1,120.00500009684083,8.40193E-05,0,0,0,0,0,0,0,0,0,0,0,0,0,0,0,0,0,none,0,0,0,10604.1,0,0,0,18,7951.96,1
327,5511,5512,0,5250,1,120.00500009684083,8.40193E-05,0,0,0,0,0,0,0,0,0,0,0,0,0,0,0,0,0,none,0,0,0,10987.2,0,0,0,11,31598.7,1
328,5511,5512,0,5250,1,120.00500009684083,8.40193E-05,0,0,0,0,0,0,0,0,0,0,0,0,0,0,0,0,0,none,0,0,0,13946.3,0,0,0,7,8595,1
329,5511,5512,0,5250,1,120.00500009684083,8.40193E-05,0,0,0,0,0,0,0,0,0,0,0,0,0,0,0,0,0,none,0,0,0,10409.4,0,0,0,19,8954.17,1
330,5511,5512,0,5250,1,120.00500009684083,8.40193E-05,0,0,0,0,0,0,0,0,0,0,0,0,0,0,0,0,0,none,0,0,0,9679.29,0,0,0,8,23606.2,1
331,5511,5512,0,5250,1,120.00500009684083,8.40193E-05,0,0,0,0,0,0,0,0,0,0,0,0,0,0,0,0,0,none,0,0,0,9627.55,0,0,0,77,9052.27,1
332,5511,5512,0,5250,1,120.00500009684083,8.40193E-05,0,0,0,0,0,0,0,0,0,0,0,0,0,0,0,0,0,none,0,0,0,13361.5,0,0,0,16,8409.96,1
333,5511,5512,0,5250,1,120.00500009684083,8.40193E-05,0,0,0,0,0,0,0,0,0,0,0,0,0,0,0,0,0,none,0,0,0,11736.8,0,0,0,20,8153.88,1
334,5511,5512,0,5250,1,120.00500009684083,8.40193E-05,0,0,0,0,0,0,0,0,0,0,0,0,0,0,0,0,0,none,0,0,0,9872.29,0,0,0,11,9552.11,1
335,5511,5512,0,5250,1,120.00500009684083,8.40193E-05,0,0,0,0,0,0,0,0,0,0,0,0,0,0,0,0,0,none,0,0,0,11889.2,0,0,0,4,16900.8,1
336,5511,5512,0,5250,1,120.00500009684083,8.40193E-05,0,0,0,0,0,0,0,0,0,0,0,0,0,0,0,0,0,none,0,0,0,10160.6,0,0,0,9,8323.23,1
337,5511,5512,0,5250,1,120.00500009684083,8.40193E-05,0,0,0,0,0,0,0,0,0,0,0,0,0,0,0,0,0,none,0,0,0,13719,0,0,0,17,10354.7,1
338,5511,5512,0,5250,1,120.00500009684083,8.40193E-05,0,0,0,0,0,0,0,0,0,0,0,0,0,0,0,0,0,none,0,0,0,9695.58,0,0,0,15,8732.04,1
339,5511,5512,0,5250,1,120.00500009684083,8.40193E-05,0,0,0,0,0,0,0,0,0,0,0,0,0,0,0,0,0,none,0,0,0,11506.9,0,0,0,32,9679.68,1
340,5511,5512,0,5250,1,120.00500009684083,8.40193E-05,0,0,0,0,0,0,0,0,0,0,0,0,0,0,0,0,0,none,0,0,0,12547.1,0,0,0,10,8068.55,1
341,5512,5512,0,5250,1,120.00500009684083,8.40193E-05,0,0,0,0,0,0,1,2.1141715732171826E-10,0,9.09083521632434E-12,2.0232632210539392E-10,2.0232632210539392E-10,0,0,0,0,0,none,0,0,-4.111801404942338E-15,11631.9,0,0,0,9,9501.8,1
342,5512,5512,0,5250,1,120.00500009684083,8.40193E-05,0,0,0,0,0,0,0,0,0,0,0,0,0,0,0,0,0,none,0,0,0,9788.14,0,0,0,5,24914.5,1
343,5512,5512,0,5250,1,120.00500009684083,8.40193E-05,0,0,0,0,0,0,0,0,0,0,0,0,0,0,0,0,0,none,0,0,0,11297.7,0,0,0,24,10217.7,1
344,5512,5512,0,5250,1,120.00500009684083,8.40193E-05,0,0,0,0,0,0,0,0,0,0,0,0,0,0,0,0,0,none,0,0,0,13036.7,0,0,0,78,8295.19,1
345,5512,5512,0,5250,1,120.00500009684083,8.40193E-05,0,0,0,0,0,0,0,0,0,0,0,0,0,0,0,0,0,none,0,0,0,11060.1,0,0,0,14,12848,1
346,5512,5512,0,5250,1,120.00500009684083,8.40193E-05,0,0,0,0,0,0,0,0,0,0,0,0,0,0,0,0,0,none,0,0,0,10238.6,0,0,0,86,11005.1,1
347,5512,5512,0,5250,1,120.00500009684083,8.40193E-05,0,0,0,0,0,0,0,0,0,0,0,0,0,0,0,0,0,none,0,0,0,13037.7,0,0,0,18,9045.15,1
348,5512,5512,0,5250,1,120.00500009684083,8.40193E-05,0,0,0,0,0,0,0,0,0,0,0,0,0,0,0,0,0,none,0,0,0,15508.8,0,0,0,10,9000.25,1
349,5512,5512,0,5250,1,120.00500009684083,8.40193E-05,0,0,0,0,0,0,0,0,0,0,0,0,0,0,0,0,0,none,0,0,0,9674.32,0,0,0,14,9615.66,1
350,5512,5512,0,5250,1,120.00500009684083,8.40193E-05,0,0,0,0,0,0,0,0,0,0,0,0,0,0,0,0,0,none,0,0,0,12132.5,0,0,0,14,14812.7,1
351,5512,5512,0,5250,1,120.00500009684083,8.40193E-05,0,0,0,0,0,0,0,0,0,0,0,0,0,0,0,0,0,none,0,0,0,16204.6,0,0,0,24,8298.8,1
352,5512,5512,0,5250,1,120.00500009684083,8.40193E-05,0,0,0,0,0,0,0,0,0,0,0,0,0,0,0,0,0,none,0,0,0,11426.3,0,0,0,8,10361.6,1
353,5512,5512,0,5250,1,120.00500009684083,8.40193E-05,0,0,0,0,0,0,0,0,0,0,0,0,0,0,0,0,0,none,0,0,0,9677.07,0,0,0,25,15300.7,1
354,5512,5512,0,5250,1,120.00500009684083,8.40193E-05,0,0,0,0,0,0,0,0,0,0,0,0,0,0,0,0,0,none,0,0,0,14369.2,0,0,0,14,10188.6,1
355,5512,5512,0,5250,1,120.00500009684083,8.40193E-05,0,0,0,0,0,0,0,0,0,0,0,0,0,0,0,0,0,none,0,0,0,11225.8,0,0,0,20,8080.21,1
356,5512,5512,0,5250,1,120.00500009684083,8.40193E-05,0,0,0,0,0,0,0,0,0,0,0,0,0,0,0,0,0,none,0,0,0,11194,0,0,0,15,34144.5,1
357,5512,5512,0,5250,1,120.00500009684083,8.40193E-05,0,0,0,0,0,0,0,0,0,0,0,0,0,0,0,0,0,none,0,0,0,10093.6,0,0,0,74,22641.3,1
358,5512,5512,0,5250,1,120.00500009684083,8.40193E-05,0,0,0,0,0,0,0,0,0,0,0,0,0,0,0,0,0,none,0,0,0,12182.2,0,0,0,14,9369.25,1
359,5512,5512,0,5250,1,120.00500009684083,8.40193E-05,0,0,0,0,0,0,0,0,0,0,0,0,0,0,0,0,0,none,0,0,0,10973.1,0,0,0,17,8313.71,1
360,5512,5512,0,5250,1,120.00500009684083,8.40193E-05,0,0,0,0,0,0,0,0,0,0,0,0,0,0,0,0,0,none,0,0,0,10964.8,0,0,0,74,18375.9,1
361,5512,5512,0,5250,1,120.00500009684083,8.40193E-05,0,0,0,0,0,0,0,0,0,0,0,0,0,0,0,0,0,none,0,0,0,11083.1,0,0,0,11,9837.58,1
362,5512,5512,0,5250,1,120.00500009684083,8.40193E-05,0,0,0,0,0,0,0,0,0,0,0,0,0,0,0,0,0,none,0,0,0,11002.9,0,0,0,11,8890.99,1
363,5512,5512,0,5250,1,120.00500009684083,8.40193E-05,0,0,0,0,0,0,0,0,0,0,0,0,0,0,0,0,0,none,0,0,0,10140.4,0,0,0,13,8055.72,1
364,5512,5512,0,5250,1,120.00500009684083,8.40193E-05,0,0,0,0,0,0,0,0,0,0,0,0,0,0,0,0,0,none,0,0,0,9759.52,0,0,0,12,9714.51,1
365,5512,5512,0,5250,1,120.00500009684083,8.40193E-05,0,0,0,0,0,0,0,0,0,0,0,0,0,0,0,0,0,none,0,0,0,11291.7,0,0,0,19,8942.98,1
366,5512,5512,0,5250,1,120.00500009684083,8.40193E-05,0,0,0,0,0,0,0,0,0,0,0,0,0,0,0,0,0,none,0,0,0,12016.4,0,0,0,11,7954.53,1
367,5512,5512,0,5250,1,120.00500009684083,8.40193E-05,0,0,0,0,0,0,0,0,0,0,0,0,0,0,0,0,0,none,0,0,0,11449.4,0,0,0,14,9663.98,1
368,5512,5512,0,5250,1,120.00500009684083,8.40193E-05,0,0,0,0,0,0,0,0,0,0,0,0,0,0,0,0,0,none,0,0,0,11004.5,0,0,0,12,9970.37,1
369,5512,5512,0,5250,1,120.00500009684083,8.40193E-05,0,0,0,0,0,0,0,0,0,0,0,0,0,0,0,0,0,none,0,0,0,11184.2,0,0,0,13,8969.7,1
370,5512,5512,0,5250,1,120.00500009684083,8.40193E-05,0,0,0,0,0,0,0,0,0,0,0,0,0,0,0,0,0,none,0,0,0,10466.9,0,0,0,73,9017.33,1
371,5511,5512,0,5250,1,120.00500009684083,8.40193E-05,0,0,0,0,0,0,1,1.2798034533868964E-10,0,1.2798034533868964E-10,0,0,0,0,0,0,0,none,0,0,-2.6122264196081327E-15,9637.87,0,0,0,18,10052.8,1
372,5511,5512,0,5250,1,120.00500009684083,8.40193E-05,0,0,0,0,0,0,0,0,0,0,0,0,0,0,0,0,0,none,0,0,0,9873.56,0,0,0,19,8656.2,1
373,5511,5512,0,5250,1,120.00500009684083,8.40193E-05,0,0,0,0,0,0,0,0,0,0,0,0,0,0,0,0,0,none,0,0,0,10930.5,0,0,0,73,8262.69,1
374,5511,5512,0,5250,1,120.00500009684083,8.40193E-05,0,0,0,0,0,0,0,0,0,0,0,0,0,0,0,0,0,none,0,0,0,13237.8,0,0,0,10,8744.36,1
375,5511,5512,0,5250,1,120.00500009684083,8.40193E-05,0,0,0,0,0,0,0,0,0,0,0,0,0,0,0,0,0,none,0,0,0,12132.5,0,0,0,16,9224.09,1
376,5511,5512,0,5250,1,120.00500009684083,8.40193E-05,0,0,0,0,0,0,0,0,0,0,0,0,0,0,0,0,0,none,0,0,0,9679.43,0,0,0,22,9527.8,1
377,5511,5512,0,5250,1,120.00500009684083,8.40193E-05,0,0,0,0,0,0,0,0,0,0,0,0,0,0,0,0,0,none,0,0,0,11956.4,0,0,0,78,18202.8,1
378,5511,5512,0,5250,1,120.00500009684083,8.40193E-05,0,0,0,0,0,0,0,0,0,0,0,0,0,0,0,0,0,none,0,0,0,9614.09,0,0,0,11,8335.64,1
379,5511,5512,0,5250,1,120.00500009684083,8.40193E-05,0,0,0,0,0,0,0,0,0,0,0,0,0,0,0,0,0,none,0,0,0,13737,0,0,0,17,11464.6,1
380,5511,5512,0,5250,1,120.00500009684083,8.40193E-05,0,0,0,0,0,0,0,0,0,0,0,0,0,0,0,0,0,none,0,0,0,10094.9,0,0,0,17,8256.64,1
381,5511,5512,0,5250,1,120.00500009684083,8.40193E-05,0,0,0,0,0,0,0,0,0,0,0,0,0,0,0,0,0,none,0,0,0,13631.8,0,0,0,19,10954.2,1
382,5511,5512,0,5250,1,120.00500009684083,8.40193E-05,0,0,0,0,0,0,0,0,0,0,0,0,0,0,0,0,0,none,0,0,0,12652.2,0,0,0,23,8229.1,1
383,5511,5512,0,5250,1,120.00500009684083,8.40193E-05,0,0,0,0,0,0,0,0,0,0,0,0,0,0,0,0,0,none,0,0,0,11512.3,0,0,0,72,9468.69,1
384,5511,5512,0,5250,1,120.00500009684083,8.40193E-05,0,0,0,0,0,0,0,0,0,0,0,0,0,0,0,0,0,none,0,0,0,11293.4,0,0,0,15,9764.27,1
385,5511,5512,0,5250,1,120.00500009684083,8.40193E-05,0,0,0,0,0,0,0,0,0,0,0,0,0,0,0,0,0,none,0,0,0,9605.4,0,0,0,19,9812.66,1
386,5511,5512,0,5250,1,120.00500009684083,8.40193E-05,0,0,0,0,0,0,0,0,0,0,0,0,0,0,0,0,0,none,0,0,0,11190.3,0,0,0,72,8022.16,1
387,5511,5512,0,5250,1,120.00500009684083,8.40193E-05,0,0,0,0,0,0,0,0,0,0,0,0,0,0,0,0,0,none,0,0,0,10706.8,0,0,0,86,8227.53,1
388,5511,5512,0,5250,1,120.00500009684083,8.40193E-05,0,0,0,0,0,0,0,0,0,0,0,0,0,0,0,0,0,none,0,0,0,11597.8,0,0,0,7,9783.97,1
389,5511,5512,0,5250,1,120.00500009684083,8.40193E-05,0,0,0,0,0,0,0,0,0,0,0,0,0,0,0,0,0,none,0,0,0,12045.5,0,0,0,12,8631.85,1
390,5511,5512,0,5250,1,120.00500009684083,8.40193E-05,0,0,0,0,0,0,0,0,0,0,0,0,0,0,0,0,0,none,0,0,0,10682.4,0,0,0,15,9060.2,1
391,5511,5512,0,5250,1,120.00500009684083,8.40193E-05,0,0,0,0,0,0,0,0,0,0,0,0,0,0,0,0,0,none,0,0,0,10448.4,0,0,0,7,17581.9,1
392,5511,5512,0,5250,1,120.00500009684083,8.40193E-05,0,0,0,0,0,0,0,0,0,0,0,0,0,0,0,0,0,none,0,0,0,9602.73,0,0,0,13,9132.34,1
393,5511,5512,0,5250,1,120.00500009684083,8.40193E-05,0,0,0,0,0,0,0,0,0,0,0,0,0,0,0,0,0,none,0,0,0,13360.7,0,0,0,22,8927.7,1
394,5511,5512,0,5250,1,120.00500009684083,8.40193E-05,0,0,0,0,0,0,0,0,0,0,0,0,0,0,0,0,0,none,0,0,0,10964.4,0,0,0,10,8141.75,1
395,5511,5512,0,5250,1,120.00500009684083,8.40193E-05,0,0,0,0,0,0,0,0,0,0,0,0,0,0,0,0,0,none,0,0,0,9674.17,0,0,0,9,10889.6,1
396,5511,5512,0,5250,1,120.00500009684083,8.40193E-05,0,0,0,0,0,0,0,0,0,0,0,0,0,0,0,0,0,none,0,0,0,10818.4,0,0,0,13,9705.01,1
397,5511,5512,0,5250,1,120.00500009684083,8.40193E-05,0,0,0,0,0,0,0,0,0,0,0,0,0,0,0,0,0,none,0,0,0,10096.7,0,0,0,13,8388.31,1
398,5511,5512,0,5250,1,120.00500009684083,8.40193E-05,0,0,0,0,0,0,0,0,0,0,0,0,0,0,0,0,0,none,0,0,0,13026.9,0,0,0,15,13305.2,1
399,5511,5512,0,5250,1,120.00500009684083,8.40193E-05,0,0,0,0,0,0,0,0,0,0,0,0,0,0,0,0,0,none,0,0,0,9623.32,0,0,0,86,8812.22,1
400,5511,5512,0,5250,1,120.00500009684083,8.40193E-05,0,0,0,0,0,0,0,0,0,0,0,0,0,0,0,0,0,none,0,0,0,11216.7,0,0,0,11,14030,1
401,5511,5512,0,5250,1,120.00500009684083,8.40193E-05,0,0,0,0,0,0,0,0,0,0,0,0,0,0,0,0,0,none,0,0,0,14206.3,0,0,0,32,8212.82,1
402,5511,5512,0,5250,1,120.00500009684083,8.40193E-05,0,0,0,0,0,0,0,0,0,0,0,0,0,0,0,0,0,none,0,0,0,13123.9,0,0,0,25,9675.31,1
403,5511,5512,0,5250,1,120.00500009684083,8.40193E-05,0,0,0,0,0,0,0,0,0,0,0,0,0,0,0,0,0,none,0,0,0,11097.3,0,0,0,5,54930.7,1
404,5511,5512,0,5250,1,120.00500009684083,8.40193E-05,0,0,0,0,0,0,0,0,0,0,0,0,0,0,0,0,0,none,0,0,0,10962.1,0,0,0,14,9017.55,1
405,5511,5512,0,5250,1,120.00500009684083,8.40193E-05,0,0,0,0,0,0,0,0,0,0,0,0,0,0,0,0,0,none,0,0,0,13579.3,0,0,0,13,8040.47,1
406,5511,5512,0,5250,1,120.00500009684083,8.40193E-05,0,0,0,0,0,0,0,0,0,0,0,0,0,0,0,0,0,none,0,0,0,9604.85,0,0,0,12,8600.04,1
407,5511,5512,0,5250,1,120.00500009684083,8.40193E-05,0,0,0,0,0,0,0,0,0,0,0,0,0,0,0,0,0,none,0,0,0,10439.9,0,0,0,8,11485.7,1
408,5511,5512,0,5250,1,120.00500009684083,8.40193E-05,0,0,0,0,0,0,0,0,0,0,0,0,0,0,0,0,0,none,0,0,0,12462.1,0,0,0,18,8095.01,1
409,5511,5512,0,5250,1,120.00500009684083,8.40193E-05,0,0,0,0,0,0,0,0,0,0,0,0,0,0,0,0,0,none,0,0,0,10724.5,0,0,0,7,9060.4,1
410,5511,5512,0,5250,1,120.00500009684083,8.40193E-05,0,0,0,0,0,0,0,0,0,0,0,0,0,0,0,0,0,none,0,0,0,10910.8,0,0,0,13,11576.9,1
411,5511,5512,0,5250,1,120.00500009684083,8.40193E-05,0,0,0,0,0,0,0,0,0,0,0,0,0,0,0,0,0,none,0,0,0,12766.6,0,0,0,7,8870.76,1
412,5511,5512,0,5250,1,120.00500009684083,8.40193E-05,0,0,0,0,0,0,0,0,0,0,0,0,0,0,0,0,0,none,0,0,0,14107.7,0,0,0,79,8983.18,1
413,5511,5512,0,5250,1,120.00500009684083,8.40193E-05,0,0,0,0,0,0,0,0,0,0,0,0,0,0,0,0,0,none,0,0,0,10140.3,0,0,0,20,10729.6,1
414,5511,5512,0,5250,1,120.00500009684083,8.40193E-05,0,0,0,0,0,0,0,0,0,0,0,0,0,0,0,0,0,none,0,0,0,9739.37,0,0,0,13,9856.68,1
415,5511,5512,0,5250,1,120.00500009684083,8.40193E-05,0,0,0,0,0,0,0,0,0,0,0,0,0,0,0,0,0,none,0,0,0,14607.8,0,0,0,21,7951.12,1
416,5511,5512,0,5250,1,120.00500009684083,8.40193E-05,0,0,0,0,0,0,0,0,0,0,0,0,0,0,0,0,0,none,0,0,0,11103.7,0,0,0,16,8560.82,1
417,5511,5512,0,5250,1,120.00500009684083,8.40193E-05,0,0,0,0,0,0,0,0,0,0,0,0,0,0,0,0,0,none,0,0,0,11167.3,0,0,0,23,11767.9,1
418,5511,5512,0,5250,1,120.00500009684083,8.40193E-05,0,0,0,0,0,0,0,0,0,0,0,0,0,0,0,0,0,none,0,0,0,9713.87,0,0,0,77,8739.39,1
419,5511,5512,0,5250,1,120.00500009684083,8.40193E-05,0,0,0,0,0,0,0,0,0,0,0,0,0,0,0,0,0,none,0,0,0,15358,0,0,0,10,9519.33,1
420,5511,5512,0,5250,1,120.00500009684083,8.40193E-05,0,0,0,0,0,0,0,0,0,0,0,0,0,0,0,0,0,none,0,0,0,10640.1,0,0,0,8,8328.72,1
421,5511,5512,0,5250,1,120.00500009684083,8.40193E-05,0,0,0,0,0,0,0,0,0,0,0,0,0,0,0,0,0,none,0,0,0,11262,0,0,0,5,26891.5,1
422,5511,5512,0,5250,1,120.00500009684083,8.40193E-05,0,0,0,0,0,0,0,0,0,0,0,0,0,0,0,0,0,none,0,0,0,10772.9,0,0,0,18,7950.13,1
423,5511,5512,0,5250,1,120.00500009684083,8.40193E-05,0,0,0,0,0,0,0,0,0,0,0,0,0,0,0,0,0,none,0,0,0,10592.8,0,0,0,9,10000.6,1
424,5511,5512,0,5250,1,120.00500009684083,8.40193E-05,0,0,0,0,0,0,0,0,0,0,0,0,0,0,0,0,0,none,0,0,0,10254.2,0,0,0,9,8155.05,1
425,5511,5512,0,5250,1,120.00500009684083,8.40193E-05,0,0,0,0,0,0,0,0,0,0,0,0,0,0,0,0,0,none,0,0,0,13062.4,0,0,0,77,8331.85,1
426,5511,5512,0,5250,1,120.00500009684083,8.40193E-05,0,0,0,0,0,0,0,0,0,0,0,0,0,0,0,0,0,none,0,0,0,11117.8,0,0,0,14,9006.33,1
427,5511,5512,0,5250,1,120.00500009684083,8.40193E-05,0,0,0,0,0,0,0,0,0,0,0,0,0,0,0,0,0,none,0,0,0,10706.4,0,0,0,16,9558.24,1
428,5511,5512,0,5250,1,120.00500009684083,8.40193E-05,0,0,0,0,0,0,0,0,0,0,0,0,0,0,0,0,0,none,0,0,0,11938.5,0,0,0,18,8026.7,1
429,5511,5512,0,5250,1,120.00500009684083,8.40193E-05,0,0,0,0,0,0,0,0,0,0,0,0,0,0,0,0,0,none,0,0,0,10959.1,0,0,0,17,7949.76,1
430,5511,5512,0,5250,1,120.00500009684083,8.40193E-05,0,0,0,0,0,0,0,0,0,0,0,0,0,0,0,0,0,none,0,0,0,10337.1,0,0,0,16,10490.1,1
431,5511,5512,0,5250,1,120.00500009684083,8.40193E-05,0,0,0,0,0,0,0,0,0,0,0,0,0,0,0,0,0,none,0,0,0,10251.4,0,0,0,9,9193.91,1
432,5512,5512,0,5250,1,120.00500009684083,8.40193E-05,0,0,0,0,0,0,1,1.0792187188896254E-09,0,6.174479804049486E-12,1.073044239085576E-09,1.073044239085576E-09,0,0,0,0,0,none,0,0,6.968857651816548E-15,11044.9,0,0,0,24,8261.46,1
433,5512,5512,0,5250,1,120.00500009684083,8.40193E-05,0,0,0,0,0,0,0,0,0,0,0,0,0,0,0,0,0,none,0,0,0,10495.9,0,0,0,15,8694.42,1
434,5512,5512,0,5250,1,120.00500009684083,8.40193E-05,0,0,0,0,0,0,0,0,0,0,0,0,0,0,0,0,0,none,0,0,0,11267.8,0,0,0,8,14723.7,1
435,5512,5512,0,5250,1,120.00500009684083,8.40193E-05,0,0,0,0,0,0,0,0,0,0,0,0,0,0,0,0,0,none,0,0,0,11394.3,0,0,0,7,8941.08,1
436,5512,5512,0,5250,1,120.00500009684083,8.40193E-05,0,0,0,0,0,0,0,0,0,0,0,0,0,0,0,0,0,none,0,0,0,15122.1,0,0,0,15,7876.94,1
437,5512,5512,0,5250,1,120.00500009684083,8.40193E-05,0,0,0,0,0,0,0,0,0,0,0,0,0,0,0,0,0,none,0,0,0,9693,0,0,0,23,12616.1,1
438,5512,5512,0,5250,1,120.00500009684083,8.40193E-05,0,0,0,0,0,0,0,0,0,0,0,0,0,0,0,0,0,none,0,0,0,11539.6,0,0,0,74,22698.1,1
439,5512,5512,0,5250,1,120.00500009684083,8.40193E-05,0,0,0,0,0,0,0,0,0,0,0,0,0,0,0,0,0,none,0,0,0,13455.5,0,0,0,15,8251.9,1
440,5512,5512,0,5250,1,120.00500009684083,8.40193E-05,0,0,0,0,0,0,0,0,0,0,0,0,0,0,0,0,0,none,0,0,0,10690.2,0,0,0,13,9643.28,1
441,5512,5512,0,5250,1,120.00500009684083,8.40193E-05,0,0,0,0,0,0,0,0,0,0,0,0,0,0,0,0,0,none,0,0,0,9781.9,0,0,0,77,11696.7,1
442,5512,5512,0,5250,1,120.00500009684083,8.40193E-05,0,0,0,0,0,0,0,0,0,0,0,0,0,0,0,0,0,none,0,0,0,13167.2,0,0,0,18,9774.72,1
443,5512,5512,0,5250,1,120.00500009684083,8.40193E-05,0,0,0,0,0,0,0,0,0,0,0,0,0,0,0,0,0,none,0,0,0,12187.8,0,0,0,12,8328.28,1
444,5512,5512,0,5250,1,120.00500009684083,8.40193E-05,0,0,0,0,0,0,0,0,0,0,0,0,0,0,0,0,0,none,0,0,0,9572.82,0,0,0,9,10790.8,1
445,5512,5512,0,5250,1,120.00500009684083,8.40193E-05,0,0,0,0,0,0,0,0,0,0,0,0,0,0,0,0,0,none,0,0,0,10863.2,0,0,0,12,10721,1
446,5512,5512,0,5250,1,120.00500009684083,8.40193E-05,0,0,0,0,0,0,0,0,0,0,0,0,0,0,0,0,0,none,0,0,0,14329.5,0,0,0,19,8120.72,1
447,5512,5512,0,5250,1,120.00500009684083,8.40193E-05,0,0,0,0,0,0,0,0,0,0,0,0,0,0,0,0,0,none,0,0,0,11960.6,0,0,0,22,8124.76,1
448,5512,5512,0,5250,1,120.00500009684083,8.40193E-05,0,0,0,0,0,0,0,0,0,0,0,0,0,0,0,0,0,none,0,0,0,10434.3,0,0,0,15,11314.2,1
449,5512,5512,0,5250,1,120.00500009684083,8.40193E-05,0,0,0,0,0,0,0,0,0,0,0,0,0,0,0,0,0,none,0,0,0,11540.7,0,0,0,83,8867.37,1
450,5512,5512,0,5250,1,120.00500009684083,8.40193E-05,0,0,0,0,0,0,0,0,0,0,0,0,0,0,0,0,0,none,0,0,0,14993.3,0,0,0,20,8659.86,1
451,5512,5512,0,5250,1,120.00500009684083,8.40193E-05,0,0,0,0,0,0,0,0,0,0,0,0,0,0,0,0,0,none,0,0,0,10199,0,0,0,89,8026.24,1
452,5512,5512,0,5250,1,120.00500009684083,8.40193E-05,0,0,0,0,0,0,0,0,0,0,0,0,0,0,0,0,0,none,0,0,0,11177.1,0,0,0,11,13701,1
453,5512,5512,0,5250,1,120.00500009684083,8.40193E-05,0,0,0,0,0,0,0,0,0,0,0,0,0,0,0,0,0,none,0,0,0,10774.4,0,0,0,13,7951.32,1
454,5512,5512,0,5250,1,120.00500009684083,8.40193E-05,0,0,0,0,0,0,0,0,0,0,0,0,0,0,0,0,0,none,0,0,0,11043,0,0,0,77,9125.41,1
455,5512,5512,0,5250,1,120.00500009684083,8.40193E-05,0,0,0,0,0,0,0,0,0,0,0,0,0,0,0,0,0,none,0,0,0,11907.2,0,0,0,19,11109.4,1
456,5512,5512,0,5250,1,120.00500009684083,8.40193E-05,0,0,0,0,0,0,0,0,0,0,0,0,0,0,0,0,0,none,0,0,0,10315.8,0,0,0,5,8684.33,1
457,5512,5512,0,5250,1,120.00500009684083,8.40193E-05,0,0,0,0,0,0,0,0,0,0,0,0,0,0,0,0,0,none,0,0,0,14286.3,0,0,0,10,10283.7,1
458,5512,5512,0,5250,1,120.00500009684083,8.40193E-05,0,0,0,0,0,0,0,0,0,0,0,0,0,0,0,0,0,none,0,0,0,10097.2,0,0,0,11,8908.8,1
459,5512,5512,0,5250,1,120.00500009684083,8.40193E-05,0,0,0,0,0,0,0,0,0,0,0,0,0,0,0,0,0,none,0,0,0,12440.8,0,0,0,10,22707.1,1
460,5512,5512,0,5250,1,120.00500009684083,8.40193E-05,0,0,0,0,0,0,0,0,0,0,0,0,0,0,0,0,0,none,0,0,0,9671.96,0,0,0,19,7977.86,1
461,5512,5512,0,5250,1,120.00500009684083,8.40193E-05,0,0,0,0,0,0,0,0,0,0,0,0,0,0,0,0,0,none,0,0,0,10979.3,0,0,0,11,10539.4,1
462,5512,5512,0,5250,1,120.00500009684083,8.40193E-05,0,0,0,0,0,0,0,0,0,0,0,0,0,0,0,0,0,none,0,0,0,11319,0,0,0,21,8374.41,1
463,5512,5512,0,5250,1,120.00500009684083,8.40193E-05,0,0,0,0,0,0,0,0,0,0,0,0,0,0,0,0,0,none,0,0,0,13250.8,0,0,0,14,8710.99,1
464,5512,5512,0,5250,1,120.00500009684083,8.40193E-05,0,0,0,0,0,0,0,0,0,0,0,0,0,0,0,0,0,none,0,0,0,10038.4,0,0,0,73,10141.5,1
465,5512,5512,0,5250,1,120.00500009684083,8.40193E-05,0,0,0,0,0,0,0,0,0,0,0,0,0,0,0,0,0,none,0,0,0,10622.6,0,0,0,16,11297.4,1
466,5512,5512,0,5250,1,120.00500009684083,8.40193E-05,0,0,0,0,0,0,0,0,0,0,0,0,0,0,0,0,0,none,0,0,0,12919.5,0,0,0,18,8314.23,1
467,5512,5512,0,5250,1,120.00500009684083,8.40193E-05,0,0,0,0,0,0,0,0,0,0,0,0,0,0,0,0,0,none,0,0,0,11071.4,0,0,0,76,7974.96,1
468,5512,5512,0,5250,1,120.00500009684083,8.40193E-05,0,0,0,0,0,0,0,0,0,0,0,0,0,0,0,0,0,none,0,0,0,10711.2,0,0,0,9,16666.9,1
469,5512,5512,0,5250,1,120.00500009684083,8.40193E-05,0,0,0,0,0,0,0,0,0,0,0,0,0,0,0,0,0,none,0,0,0,14115.8,0,0,0,13,14849,1
470,5512,5512,0,5250,1,120.00500009684083,8.40193E-05,0,0,0,0,0,0,0,0,0,0,0,0,0,0,0,0,0,none,0,0,0,10857.1,0,0,0,18,8033.58,1
471,5512,5512,0,5250,1,120.00500009684083,8.40193E-05,0,0,0,0,0,0,0,0,0,0,0,0,0,0,0,0,0,none,0,0,0,11538.4,0,0,0,4,52941.4,1
472,5512,5512,0,5250,1,120.00500009684083,8.40193E-05,0,0,0,0,0,0,0,0,0,0,0,0,0,0,0,0,0,none,0,0,0,10625.4,0,0,0,17,11824.9,1
473,5512,5512,0,5250,1,120.00500009684083,8.40193E-05,0,0,0,0,0,0,0,0,0,0,0,0,0,0,0,0,0,none,0,0,0,12012.5,0,0,0,13,9546.76,1
474,5512,5512,0,5250,1,120.00500009684083,8.40193E-05,0,0,0,0,0,0,0,0,0,0,0,0,0,0,0,0,0,none,0,0,0,15765.3,0,0,0,10,7972.49,1
475,5512,5512,0,5250,1,120.00500009684083,8.40193E-05,0,0,0,0,0,0,0,0,0,0,0,0,0,0,0,0,0,none,0,0,0,10094.5,0,0,0,13,10072,1
476,5512,5512,0,5250,1,120.00500009684083,8.40193E-05,0,0,0,0,0,0,0,0,0,0,0,0,0,0,0,0,0,none,0,0,0,11829.8,0,0,0,12,19417.2,1
477,5512,5512,0,5250,1,120.00500009684083,8.40193E-05,0,0,0,0,0,0,0,0,0,0,0,0,0,0,0,0,0,none,0,0,0,14738.5,0,0,0,24,8665.28,1
478,5512,5512,0,5250,1,120.00500009684083,8.40193E-05,0,0,0,0,0,0,0,0,0,0,0,0,0,0,0,0,0,none,0,0,0,11963.3,0,0,0,20,10334.4,1
479,5512,5512,0,5250,1,120.00500009684083,8.40193E-05,0,0,0,0,0,0,0,0,0,0,0,0,0,0,0,0,0,none,0,0,0,9719.25,0,0,0,11,9565.6,1
480,5512,5512,0,5250,1,120.00500009684083,8.40193E-05,0,0,0,0,0,0,0,0,0,0,0,0,0,0,0,0,0,none,0,0,0,15638.2,0,0,0,142,9694.84,1
481,5512,5512,0,5250,1,120.00500009684083,8.40193E-05,0,0,0,0,0,0,0,0,0,0,0,0,0,0,0,0,0,none,0,0,0,12183.8,0,0,0,17,7993.09,1
482,5512,5512,0,5250,1,120.00500009684083,8.40193E-05,0,0,0,0,0,0,0,0,0,0,0,0,0,0,0,0,0,none,0,0,0,10923.3,0,0,0,10,52129.8,1
483,5512,5512,0,5250,1,120.00500009684083,8.40193E-05,0,0,0,0,0,0,0,0,0,0,0,0,0,0,0,0,0,none,0,0,0,9732.26,0,0,0,12,11255.6,1
484,5512,5512,0,5250,1,120.00500009684083,8.40193E-05,0,0,0,0,0,0,0,0,0,0,0,0,0,0,0,0,0,none,0,0,0,13463.8,0,0,0,12,8604.94,1
485,5512,5512,0,5250,1,120.00500009684083,8.40193E-05,0,0,0,0,0,0,0,0,0,0,0,0,0,0,0,0,0,none,0,0,0,10471.6,0,0,0,11,8323.96,1
486,5512,5512,0,5250,1,120.00500009684083,8.40193E-05,0,0,0,0,0,0,0,0,0,0,0,0,0,0,0,0,0,none,0,0,0,9887.68,0,0,0,23,10810.8,1
487,5512,5512,0,5250,1,120.00500009684083,8.40193E-05,0,0,0,0,0,0,0,0,0,0,0,0,0,0,0,0,0,none,0,0,0,10913.8,0,0,0,13,9068.92,1
488,5512,5512,0,5250,1,120.00500009684083,8.40193E-05,0,0,0,0,0,0,0,0,0,0,0,0,0,0,0,0,0,none,0,0,0,13452.7,0,0,0,12,8747.05,1
489,5512,5512,0,5250,1,120.00500009684083,8.40193E-05,0,0,0,0,0,0,0,0,0,0,0,0,0,0,0,0,0,none,0,0,0,12703.4,0,0,0,14,8099.6,1
490,5512,5512,0,5250,1,120.00500009684083,8.40193E-05,0,0,0,0,0,0,0,0,0,0,0,0,0,0,0,0,0,none,0,0,0,9674.3,0,0,0,17,10526.9,1
491,5512,5512,0,5250,1,120.00500009684083,8.40193E-05,0,0,0,0,0,0,0,0,0,0,0,0,0,0,0,0,0,none,0,0,0,11684.2,0,0,0,9,16159.7,1
492,5512,5512,0,5250,1,120.00500009684083,8.40193E-05,0,0,0,0,0,0,0,0,0,0,0,0,0,0,0,0,0,none,0,0,0,10138.4,0,0,0,15,8294,1
493,5512,5512,0,5250,1,120.00500009684083,8.40193E-05,0,0,0,0,0,0,0,0,0,0,0,0,0,0,0,0,0,none,0,0,0,11388.2,0,0,0,75,8024.7,1
494,5512,5512,0,5250,1,120.00500009684083,8.40193E-05,0,0,0,0,0,0,0,0,0,0,0,0,0,0,0,0,0,none,0,0,0,11091.9,0,0,0,17,8747.26,1
495,5512,5512,0,5250,1,120.00500009684083,8.40193E-05,0,0,0,0,0,0,0,0,0,0,0,0,0,0,0,0,0,none,0,0,0,11588.9,0,0,0,19,10055.6,1
496,5512,5512,0,5250,1,120.00500009684083,8.40193E-05,0,0,0,0,0,0,0,0,0,0,0,0,0,0,0,0,0,none,0,0,0,11056.8,0,0,0,10,9032.94,1
497,5512,5512,0,5250,1,120.00500009684083,8.40193E-05,0,0,0,0,0,0,0,0,0,0,0,0,0,0,0,0,0,none,0,0,0,9661.69,0,0,0,13,9537.57,1
498,5512,5512,0,5250,1,120.00500009684083,8.40193E-05,0,0,0,0,0,0,0,0,0,0,0,0,0,0,0,0,0,none,0,0,0,9930.06,0,0,0,16,9904.07,1
499,5512,5512,0,5250,1,120.00500009684083,8.40193E-05,0,0,0,0,0,0,0,0,0,0,0,0,0,0,0,0,0,none,0,0,0,10957.6,0,0,0,20,8277.15,1
500,5512,5512,0,5250,1,120.00500009684083,8.40193E-05,0,0,0,0,0,0,0,0,0,0,0,0,0,0,0,0,0,none,0,0,0,13970,0,0,0,9,8786.02,1
501,5512,5512,0,5250,1,120.00500009684083,8.40193E-05,0,0,0,0,0,0,0,0,0,0,0,0,0,0,0,0,0,none,0,0,0,10651.8,0,0,0,22,9590.93,1
502,5512,5512,0,5250,1,120.00500009684083,8.40193E-05,0,0,0,0,0,0,0,0,0,0,0,0,0,0,0,0,0,none,0,0,0,9674.71,0,0,0,5,10481.5,1
503,5512,5512,0,5250,1,120.00500009684083,8.40193E-05,0,0,0,0,0,0,0,0,0,0,0,0,0,0,0,0,0,none,0,0,0,13619.8,0,0,0,20,11962.8,1
504,5512,5512,0,5250,1,120.00500009684083,8.40193E-05,0,0,0,0,0,0,0,0,0,0,0,0,0,0,0,0,0,none,0,0,0,9655.82,0,0,0,11,8334.45,1
505,5512,5512,0,5250,1,120.00500009684083,8.40193E-05,0,0,0,0,0,0,0,0,0,0,0,0,0,0,0,0,0,none,0,0,0,11507.1,0,0,0,11,12714.1,1
506,5512,5512,0,5250,1,120.00500009684083,8.40193E-05,0,0,0,0,0,0,0,0,0,0,0,0,0,0,0,0,0,none,0,0,0,10567.7,0,0,0,77,8249.73,1
507,5512,5512,0,5250,1,120.00500009684083,8.40193E-05,0,0,0,0,0,0,0,0,0,0,0,0,0,0,0,0,0,none,0,0,0,11953.2,0,0,0,12,10226.5,1
508,5512,5512,0,5250,1,120.00500009684083,8.40193E-05,0,0,0,0,0,0,0,0,0,0,0,0,0,0,0,0,0,none,0,0,0,12085.9,0,0,0,6,8224.52,1
509,5512,5512,0,5250,1,120.00500009684083,8.40193E-05,0,0,0,0,0,0,0,0,0,0,0,0,0,0,0,0,0,none,0,0,0,10235.5,0,0,0,13,9595.51,1
510,5512,5512,0,5250,1,120.00500009684083,8.40193E-05,0,0,0,0,0,0,0,0,0,0,0,0,0,0,0,0,0,none,0,0,0,11172.7,0,0,0,9,9683.06,1
511,5512,5512,0,5250,1,120.00500009684083,8.40193E-05,0,0,0,0,0,0,0,0,0,0,0,0,0,0,0,0,0,none,0,0,0,9573.71,0,0,0,76,8699.19,1
512,5512,5512,0,5250,1,120.00500009684083,8.40193E-05,0,0,0,0,0,0,0,0,0,0,0,0,0,0,0,0,0,none,0,0,0,11302.2,0,0,0,21,8020.41,1
513,5512,5512,0,5250,1,120.00500009684083,8.40193E-05,0,0,0,0,0,0,0,0,0,0,0,0,0,0,0,0,0,none,0,0,0,11213.3,0,0,0,18,8095.57,1
514,5512,5512,0,5250,1,120.00500009684083,8.40193E-05,0,0,0,0,0,0,0,0,0,0,0,0,0,0,0,0,0,none,0,0,0,11744.3,0,0,0,16,9404.77,1
515,5512,5512,0,5250,1,120.00500009684083,8.40193E-05,0,0,0,0,0,0,0,0,0,0,0,0,0,0,0,0,0,none,0,0,0,14317.3,0,0,0,23,9130.31,1
516,5512,5512,0,5250,1,120.00500009684083,8.40193E-05,0,0,0,0,0,0,0,0,0,0,0,0,0,0,0,0,0,none,0,0,0,11498.8,0,0,0,8,8770.95,1
517,5512,5512,0,5250,1,120.00500009684083,8.40193E-05,0,0,0,0,0,0,0,0,0,0,0,0,0,0,0,0,0,none,0,0,0,10321.7,0,0,0,10,16373.2,1
518,5512,5512,0,5250,1,120.00500009684083,8.40193E-05,0,0,0,0,0,0,0,0,0,0,0,0,0,0,0,0,0,none,0,0,0,10817.7,0,0,0,19,11054.1,1
519,5512,5512,0,5250,1,120.00500009684083,8.40193E-05,0,0,0,0,0,0,0,0,0,0,0,0,0,0,0,0,0,none,0,0,0,10162.1,0,0,0,80,8904.68,1
520,5512,5512,0,5250,1,120.00500009684083,8.40193E-05,0,0,0,0,0,0,0,0,0,0,0,0,0,0,0,0,0,none,0,0,0,13491.1,0,0,0,19,7865.66,1
521,5512,5512,0,5250,1,120.00500009684083,8.40193E-05,0,0,0,0,0,0,0,0,0,0,0,0,0,0,0,0,0,none,0,0,0,9578.71,0,0,0,20,8959.73,1
522,5512,5512,0,5250,1,120.00500009684083,8.40193E-05,0,0,0,0,0,0,0,0,0,0,0,0,0,0,0,0,0,none,0,0,0,12581.6,0,0,0,72,21705.7,1
523,5512,5512,0,5250,1,120.00500009684083,8.40193E-05,0,0,0,0,0,0,0,0,0,0,0,0,0,0,0,0,0,none,0,0,0,13460.3,0,0,0,12,8124.51,1
524,5512,5512,0,5250,1,120.00500009684083,8.40193E-05,0,0,0,0,0,0,0,0,0,0,0,0,0,0,0,0,0,none,0,0,0,11468.8,0,0,0,13,9937.44,1
525,5512,5512,0,5250,1,120.00500009684083,8.40193E-05,0,0,0,0,0,0,0,0,0,0,0,0,0,0,0,0,0,none,0,0,0,10514.5,0,0,0,13,28030.2,1
526,5512,5512,0,5250,1,120.00500009684083,8.40193E-05,0,0,0,0,0,0,0,0,0,0,0,0,0,0,0,0,0,none,0,0,0,10403,0,0,0,18,8769.42,1
527,5512,5512,0,5250,1,120.00500009684083,8.40193E-05,0,0,0,0,0,0,0,0,0,0,0,0,0,0,0,0,0,none,0,0,0,11205.4,0,0,0,17,8238.58,1
528,5512,5512,0,5250,1,120.00500009684083,8.40193E-05,0,0,0,0,0,0,0,0,0,0,0,0,0,0,0,0,0,none,0,0,0,10889.2,0,0,0,19,8663.75,1
529,5512,5512,0,5250,1,120.00500009684083,8.40193E-05,0,0,0,0,0,0,0,0,0,0,0,0,0,0,0,0,0,none,0,0,0,11007.2,0,0,0,8,27110.4,1
530,5512,5512,0,5250,1,120.00500009684083,8.40193E-05,0,0,0,0,0,0,0,0,0,0,0,0,0,0,0,0,0,none,0,0,0,12109,0,0,0,24,7837.42,1
531,5512,5512,0,5250,1,120.00500009684083,8.40193E-05,0,0,0,0,0,0,0,0,0,0,0,0,0,0,0,0,0,none,0,0,0,9478.06,0,0,0,19,8013.87,1
532,5512,5512,0,5250,1,120.00500009684083,8.40193E-05,0,0,0,0,0,0,0,0,0,0,0,0,0,0,0,0,0,none,0,0,0,11115.1,0,0,0,76,14621.7,1
533,5511,5512,0,5250,1,120.00500009684083,8.40193E-05,0,0,0,0,0,0,1,9.33333648764271E-15,0,9.33333648764271E-15,0,0,0,0,0,0,0,none,0,0,-4.8775182275592935E-15,11856.9,0,0,0,24,9889.23,1
534,5511,5512,0,5250,1,120.00500009684083,8.40193E-05,0,0,0,0,0,0,0,0,0,0,0,0,0,0,0,0,0,none,0,0,0,10961.4,0,0,0,11,8993.99,1
535,5511,5512,0,5250,1,120.00500009684083,8.40193E-05,0,0,0,0,0,0,0,0,0,0,0,0,0,0,0,0,0,none,0,0,0,13680.9,0,0,0,68,17756,1
536,5511,5512,0,5250,1,120.00500009684083,8.40193E-05,0,0,0,0,0,0,0,0,0,0,0,0,0,0,0,0,0,none,0,0,0,9744.68,0,0,0,10,9765.65,1
537,5511,5512,0,5250,1,120.00500009684083,8.40193E-05,0,0,0,0,0,0,0,0,0,0,0,0,0,0,0,0,0,none,0,0,0,11135.5,0,0,0,15,11001.4,1
538,5511,5512,0,5250,1,120.00500009684083,8.40193E-05,0,0,0,0,0,0,0,0,0,0,0,0,0,0,0,0,0,none,0,0,0,12084.3,0,0,0,19,8568.2,1
539,5511,5512,0,5250,1,120.00500009684083,8.40193E-05,0,0,0,0,0,0,0,0,0,0,0,0,0,0,0,0,0,none,0,0,0,12371.3,0,0,0,9,31600.9,1
540,5511,5512,0,5250,1,120.00500009684083,8.40193E-05,0,0,0,0,0,0,0,0,0,0,0,0,0,0,0,0,0,none,0,0,0,9711.3,0,0,0,17,10420.5,1
541,5511,5512,0,5250,1,120.00500009684083,8.40193E-05,0,0,0,0,0,0,0,0,0,0,0,0,0,0,0,0,0,none,0,0,0,11199.2,0,0,0,11,9847.01,1
542,5511,5512,0,5250,1,120.00500009684083,8.40193E-05,0,0,0,0,0,0,0,0,0,0,0,0,0,0,0,0,0,none,0,0,0,15798.8,0,0,0,74,8318.93,1
543,5511,5512,0,5250,1,120.00500009684083,8.40193E-05,0,0,0,0,0,0,0,0,0,0,0,0,0,0,0,0,0,none,0,0,0,10646.9,0,0,0,10,10067.5,1
544,5511,5512,0,5250,1,120.00500009684083,8.40193E-05,0,0,0,0,0,0,0,0,0,0,0,0,0,0,0,0,0,none,0,0,0,11008.4,0,0,0,13,24231.8,1
545,5511,5512,0,5250,1,120.00500009684083,8.40193E-05,0,0,0,0,0,0,0,0,0,0,0,0,0,0,0,0,0,none,0,0,0,14773.8,0,0,0,82,8637.93,1
546,5511,5512,0,5250,1,120.00500009684083,8.40193E-05,0,0,0,0,0,0,0,0,0,0,0,0,0,0,0,0,0,none,0,0,0,10740.1,0,0,0,10,8058.52,1
547,5511,5512,0,5250,1,120.00500009684083,8.40193E-05,0,0,0,0,0,0,0,0,0,0,0,0,0,0,0,0,0,none,0,0,0,12013.3,0,0,0,20,12468.9,1
548,5511,5512,0,5250,1,120.00500009684083,8.40193E-05,0,0,0,0,0,0,0,0,0,0,0,0,0,0,0,0,0,none,0,0,0,12132.6,0,0,0,74,9151.87,1
549,5511,5512,0,5250,1,120.00500009684083,8.40193E-05,0,0,0,0,0,0,0,0,0,0,0,0,0,0,0,0,0,none,0,0,0,12128.4,0,0,0,9,10081.8,1
550,5511,5512,0,5250,1,120.00500009684083,8.40193E-05,0,0,0,0,0,0,0,0,0,0,0,0,0,0,0,0,0,none,0,0,0,12215.3,0,0,0,9,11677.9,1
551,5511,5512,0,5250,1,120.00500009684083,8.40193E-05,0,0,0,0,0,0,0,0,0,0,0,0,0,0,0,0,0,none,0,0,0,10982.9,0,0,0,13,10988.7,1
552,5511,5512,0,5250,1,120.00500009684083,8.40193E-05,0,0,0,0,0,0,0,0,0,0,0,0,0,0,0,0,0,none,0,0,0,12917.6,0,0,0,14,16645.3,1
553,5511,5512,0,5250,1,120.00500009684083,8.40193E-05,0,0,0,0,0,0,0,0,0,0,0,0,0,0,0,0,0,none,0,0,0,10093,0,0,0,30,8969.66,1
554,5511,5512,0,5250,1,120.00500009684083,8.40193E-05,0,0,0,0,0,0,0,0,0,0,0,0,0,0,0,0,0,none,0,0,0,12005.8,0,0,0,11,10700.9,1
555,5511,5512,0,5250,1,120.00500009684083,8.40193E-05,0,0,0,0,0,0,0,0,0,0,0,0,0,0,0,0,0,none,0,0,0,9680.16,0,0,0,9,8830.13,1
556,5511,5512,0,5250,1,120.00500009684083,8.40193E-05,0,0,0,0,0,0,0,0,0,0,0,0,0,0,0,0,0,none,0,0,0,12009.6,0,0,0,20,10724,1
557,5511,5512,0,5250,1,120.00500009684083,8.40193E-05,0,0,0,0,0,0,0,0,0,0,0,0,0,0,0,0,0,none,0,0,0,12494.7,0,0,0,17,8417.41,1
558,5511,5512,0,5250,1,120.00500009684083,8.40193E-05,0,0,0,0,0,0,0,0,0,0,0,0,0,0,0,0,0,none,0,0,0,11176.6,0,0,0,9,9713.63,1
559,5511,5512,0,5250,1,120.00500009684083,8.40193E-05,0,0,0,0,0,0,0,0,0,0,0,0,0,0,0,0,0,none,0,0,0,9852.57,0,0,0,17,10432.1,1
560,5511,5512,0,5250,1,120.00500009684083,8.40193E-05,0,0,0,0,0,0,0,0,0,0,0,0,0,0,0,0,0,none,0,0,0,10886.1,0,0,0,12,12911.2,1
561,5511,5512,0,5250,1,120.00500009684083,8.40193E-05,0,0,0,0,0,0,0,0,0,0,0,0,0,0,0,0,0,none,0,0,0,11976.1,0,0,0,77,8320.18,1
562,5511,5512,0,5250,1,120.00500009684083,8.40193E-05,0,0,0,0,0,0,0,0,0,0,0,0,0,0,0,0,0,none,0,0,0,13868.6,0,0,0,21,8609.63,1
563,5511,5512,0,5250,1,120.00500009684083,8.40193E-05,0,0,0,0,0,0,0,0,0,0,0,0,0,0,0,0,0,none,0,0,0,10503.7,0,0,0,14,12279.1,1
564,5511,5512,0,5250,1,120.00500009684083,8.40193E-05,0,0,0,0,0,0,0,0,0,0,0,0,0,0,0,0,0,none,0,0,0,11946.1,0,0,0,20,14220.1,1
565,5511,5512,0,5250,1,120.00500009684083,8.40193E-05,0,0,0,0,0,0,0,0,0,0,0,0,0,0,0,0,0,none,0,0,0,15450.5,0,0,0,18,8038.59,1
566,5511,5512,0,5250,1,120.00500009684083,8.40193E-05,0,0,0,0,0,0,0,0,0,0,0,0,0,0,0,0,0,none,0,0,0,11011,0,0,0,8,31591.2,1
567,5511,5512,0,5250,1,120.00500009684083,8.40193E-05,0,0,0,0,0,0,0,0,0,0,0,0,0,0,0,0,0,none,0,0,0,12639.3,0,0,0,13,35048.9,1
568,5511,5512,0,5250,1,120.00500009684083,8.40193E-05,0,0,0,0,0,0,0,0,0,0,0,0,0,0,0,0,0,none,0,0,0,17983.7,0,0,0,21,9684.66,1
569,5511,5512,0,5250,1,120.00500009684083,8.40193E-05,0,0,0,0,0,0,0,0,0,0,0,0,0,0,0,0,0,none,0,0,0,10968.2,0,0,0,18,9787.72,1
570,5511,5512,0,5250,1,120.00500009684083,8.40193E-05,0,0,0,0,0,0,0,0,0,0,0,0,0,0,0,0,0,none,0,0,0,10128.7,0,0,0,7,23468.7,1
571,5511,5512,0,5250,1,120.00500009684083,8.40193E-05,0,0,0,0,0,0,0,0,0,0,0,0,0,0,0,0,0,none,0,0,0,13640.7,0,0,0,19,9751.22,1
572,5511,5512,0,5250,1,120.00500009684083,8.40193E-05,0,0,0,0,0,0,0,0,0,0,0,0,0,0,0,0,0,none,0,0,0,11173.1,0,0,0,17,8755.87,1
573,5511,5512,0,5250,1,120.00500009684083,8.40193E-05,0,0,0,0,0,0,0,0,0,0,0,0,0,0,0,0,0,none,0,0,0,11633.3,0,0,0,71,9795.34,1
574,5511,5512,0,5250,1,120.00500009684083,8.40193E-05,0,0,0,0,0,0,0,0,0,0,0,0,0,0,0,0,0,none,0,0,0,9715.42,0,0,0,74,10096.6,1
575,5511,5512,0,5250,1,120.00500009684083,8.40193E-05,0,0,0,0,0,0,0,0,0,0,0,0,0,0,0,0,0,none,0,0,0,11401.7,0,0,0,16,9556.54,1
576,5511,5512,0,5250,1,120.00500009684083,8.40193E-05,0,0,0,0,0,0,0,0,0,0,0,0,0,0,0,0,0,none,0,0,0,15059.9,0,0,0,16,8509.86,1
577,5511,5512,0,5250,1,120.00500009684083,8.40193E-05,0,0,0,0,0,0,0,0,0,0,0,0,0,0,0,0,0,none,0,0,0,10782.2,0,0,0,10,9690.75,1
578,5511,5512,0,5250,1,120.00500009684083,8.40193E-05,0,0,0,0,0,0,0,0,0,0,0,0,0,0,0,0,0,none,0,0,0,9737.71,0,0,0,13,13157,1
579,5511,5512,0,5250,1,120.00500009684083,8.40193E-05,0,0,0,0,0,0,0,0,0,0,0,0,0,0,0,0,0,none,0,0,0,12317.5,0,0,0,19,13638.1,1
580,5511,5512,0,5250,1,120.00500009684083,8.40193E-05,0,0,0,0,0,0,0,0,0,0,0,0,0,0,0,0,0,none,0,0,0,10289.8,0,0,0,10,8320.86,1
581,5511,5512,0,5250,1,120.00500009684083,8.40193E-05,0,0,0,0,0,0,0,0,0,0,0,0,0,0,0,0,0,none,0,0,0,11447.4,0,0,0,13,11002,1
582,5511,5512,0,5250,1,120.00500009684083,8.40193E-05,0,0,0,0,0,0,0,0,0,0,0,0,0,0,0,0,0,none,0,0,0,10998.1,0,0,0,20,9018.55,1
583,5511,5512,0,5250,1,120.00500009684083,8.40193E-05,0,0,0,0,0,0,0,0,0,0,0,0,0,0,0,0,0,none,0,0,0,13084.5,0,0,0,72,13556.8,1
584,5511,5512,0,5250,1,120.00500009684083,8.40193E-05,0,0,0,0,0,0,0,0,0,0,0,0,0,0,0,0,0,none,0,0,0,12551.2,0,0,0,12,8065.21,1
585,5511,5512,0,5250,1,120.00500009684083,8.40193E-05,0,0,0,0,0,0,0,0,0,0,0,0,0,0,0,0,0,none,0,0,0,12116.6,0,0,0,23,10255.5,1
586,5511,5512,0,5250,1,120.00500009684083,8.40193E-05,0,0,0,0,0,0,0,0,0,0,0,0,0,0,0,0,0,none,0,0,0,11661.7,0,0,0,12,11082,1
587,5511,5512,0,5250,1,120.00500009684083,8.40193E-05,0,0,0,0,0,0,0,0,0,0,0,0,0,0,0,0,0,none,0,0,0,10220.6,0,0,0,74,10177.2,1
588,5511,5512,0,5250,1,120.00500009684083,8.40193E-05,0,0,0,0,0,0,0,0,0,0,0,0,0,0,0,0,0,none,0,0,0,13861.3,0,0,0,17,10276.2,1
589,5511,5512,0,5250,1,120.00500009684083,8.40193E-05,0,0,0,0,0,0,0,0,0,0,0,0,0,0,0,0,0,none,0,0,0,11019.6,0,0,0,13,8704.08,1
590,5511,5512,0,5250,1,120.00500009684083,8.40193E-05,0,0,0,0,0,0,0,0,0,0,0,0,0,0,0,0,0,none,0,0,0,11336,0,0,0,16,11880.4,1
591,5511,5512,0,5250,1,120.00500009684083,8.40193E-05,0,0,0,0,0,0,0,0,0,0,0,0,0,0,0,0,0,none,0,0,0,14849.7,0,0,0,29,8997.68,1
592,5511,5512,0,5250,1,120.00500009684083,8.40193E-05,0,0,0,0,0,0,0,0,0,0,0,0,0,0,0,0,0,none,0,0,0,11850.9,0,0,0,8,9421.67,1
593,5511,5512,0,5250,1,120.00500009684083,8.40193E-05,0,0,0,0,0,0,0,0,0,0,0,0,0,0,0,0,0,none,0,0,0,9777.96,0,0,0,16,9787.83,1
594,5511,5512,0,5250,1,120.00500009684083,8.40193E-05,0,0,0,0,0,0,0,0,0,0,0,0,0,0,0,0,0,none,0,0,0,11460.1,0,0,0,12,10404.3,1
595,5511,5512,0,5250,1,120.00500009684083,8.40193E-05,0,0,0,0,0,0,0,0,0,0,0,0,0,0,0,0,0,none,0,0,0,11765.1,0,0,0,13,8626.7,1
596,5511,5512,0,5250,1,120.00500009684083,8.40193E-05,0,0,0,0,0,0,0,0,0,0,0,0,0,0,0,0,0,none,0,0,0,14919.2,0,0,0,21,11264.7,1
597,5511,5512,0,5250,1,120.00500009684083,8.40193E-05,0,0,0,0,0,0,0,0,0,0,0,0,0,0,0,0,0,none,0,0,0,9696.27,0,0,0,14,9746.25,1
598,5511,5512,0,5250,1,120.00500009684083,8.40193E-05,0,0,0,0,0,0,0,0,0,0,0,0,0,0,0,0,0,none,0,0,0,11264.5,0,0,0,14,14992,1
599,5511,5512,0,5250,1,120.00500009684083,8.40193E-05,0,0,0,0,0,0,0,0,0,0,0,0,0,0,0,0,0,none,0,0,0,13486.1,0,0,0,14,8326.29,1
600,5511,5512,0,5250,1,120.00500009684083,8.40193E-05,0,0,0,0,0,0,0,0,0,0,0,0,0,0,0,0,0,none,0,0,0,12367.6,0,0,0,73,9996.19,1
601,5511,5512,0,5250,1,120.00500009684083,8.40193E-05,0,0,0,0,0,0,0,0,0,0,0,0,0,0,0,0,0,none,0,0,0,10796.7,0,0,0,11,11369.9,1
602,5511,5512,0,5250,1,120.00500009684083,8.40193E-05,0,0,0,0,0,0,0,0,0,0,0,0,0,0,0,0,0,none,0,0,0,12717.2,0,0,0,22,10046.3,1
603,5511,5512,0,5250,1,120.00500009684083,8.40193E-05,0,0,0,0,0,0,0,0,0,0,0,0,0,0,0,0,0,none,0,0,0,11289.4,0,0,0,77,8143.64,1
604,5511,5512,0,5250,1,120.00500009684083,8.40193E-05,0,0,0,0,0,0,0,0,0,0,0,0,0,0,0,0,0,none,0,0,0,10373.6,0,0,0,18,16931,1
605,5511,5512,0,5250,1,120.00500009684083,8.40193E-05,0,0,0,0,0,0,0,0,0,0,0,0,0,0,0,0,0,none,0,0,0,11132.2,0,0,0,17,9778.59,1
606,5511,5512,0,5250,1,120.00500009684083,8.40193E-05,0,0,0,0,0,0,0,0,0,0,0,0,0,0,0,0,0,none,0,0,0,11330.2,0,0,0,28,8667.85,1
607,5511,5512,0,5250,1,120.00500009684083,8.40193E-05,0,0,0,0,0,0,0,0,0,0,0,0,0,0,0,0,0,none,0,0,0,11046.8,0,0,0,15,8022.96,1
608,5511,5512,0,5250,1,120.00500009684083,8.40193E-05,0,0,0,0,0,0,0,0,0,0,0,0,0,0,0,0,0,none,0,0,0,11160.5,0,0,0,18,16146.8,1
609,5511,5512,0,5250,1,120.00500009684083,8.40193E-05,0,0,0,0,0,0,0,0,0,0,0,0,0,0,0,0,0,none,0,0,0,11268.9,0,0,0,19,9276.2,1
610,5511,5512,0,5250,1,120.00500009684083,8.40193E-05,0,0,0,0,0,0,0,0,0,0,0,0,0,0,0,0,0,none,0,0,0,11691.9,0,0,0,14,9089.21,1
611,5511,5512,0,5250,1,120.00500009684083,8.40193E-05,0,0,0,0,0,0,0,0,0,0,0,0,0,0,0,0,0,none,0,0,0,11805.9,0,0,0,18,11620.5,1
612,5511,5512,0,5250,1,120.00500009684083,8.40193E-05,0,0,0,0,0,0,0,0,0,0,0,0,0,0,0,0,0,none,0,0,0,10178.1,0,0,0,10,11479.3,1
613,5511,5512,0,5250,1,120.00500009684083,8.40193E-05,0,0,0,0,0,0,0,0,0,0,0,0,0,0,0,0,0,none,0,0,0,11815.7,0,0,0,80,11761,1
614,5511,5512,0,5250,1,120.00500009684083,8.40193E-05,0,0,0,0,0,0,0,0,0,0,0,0,0,0,0,0,0,none,0,0,0,10104.4,0,0,0,77,8879.13,1
615,5511,5512,0,5250,1,120.00500009684083,8.40193E-05,0,0,0,0,0,0,0,0,0,0,0,0,0,0,0,0,0,none,0,0,0,15458.5,0,0,0,7,15494.5,1
616,5511,5512,0,5250,1,120.00500009684083,8.40193E-05,0,0,0,0,0,0,0,0,0,0,0,0,0,0,0,0,0,none,0,0,0,9666.92,0,0,0,81,8900.64,1
617,5511,5512,0,5250,1,120.00500009684083,8.40193E-05,0,0,0,0,0,0,0,0,0,0,0,0,0,0,0,0,0,none,0,0,0,10852.2,0,0,0,25,9792.67,1
618,5511,5512,0,5250,1,120.00500009684083,8.40193E-05,0,0,0,0,0,0,0,0,0,0,0,0,0,0,0,0,0,none,0,0,0,13515.3,0,0,0,13,8341.3,1
619,5511,5512,0,5250,1,120.00500009684083,8.40193E-05,0,0,0,0,0,0,0,0,0,0,0,0,0,0,0,0,0,none,0,0,0,13869.2,0,0,0,12,9865.36,1
620,5511,5512,0,5250,1,120.00500009684083,8.40193E-05,0,0,0,0,0,0,0,0,0,0,0,0,0,0,0,0,0,none,0,0,0,10418.9,0,0,0,12,11538.7,1
621,5511,5512,0,5250,1,120.00500009684083,8.40193E-05,0,0,0,0,0,0,0,0,0,0,0,0,0,0,0,0,0,none,0,0,0,10616.2,0,0,0,14,9749.21,1
622,5511,5512,0,5250,1,120.00500009684083,8.40193E-05,0,0,0,0,0,0,0,0,0,0,0,0,0,0,0,0,0,none,0,0,0,11977.8,0,0,0,12,8264.74,1
623,5511,5512,0,5250,1,120.00500009684083,8.40193E-05,0,0,0,0,0,0,0,0,0,0,0,0,0,0,0,0,0,none,0,0,0,11734,0,0,0,19,8640.88,1
624,5511,5512,0,5250,1,120.00500009684083,8.40193E-05,0,0,0,0,0,0,0,0,0,0,0,0,0,0,0,0,0,none,0,0,0,10769.6,0,0,0,13,17453.2,1
625,5511,5512,0,5250,1,120.00500009684083,8.40193E-05,0,0,0,0,0,0,0,0,0,0,0,0,0,0,0,0,0,none,0,0,0,14006.1,0,0,0,11,17915.5,1
626,5511,5512,0,5250,1,120.00500009684083,8.40193E-05,0,0,0,0,0,0,0,0,0,0,0,0,0,0,0,0,0,none,0,0,0,13196.3,0,0,0,91,8019.71,1
627,5511,5512,0,5250,1,120.00500009684083,8.40193E-05,0,0,0,0,0,0,0,0,0,0,0,0,0,0,0,0,0,none,0,0,0,11236.5,0,0,0,21,12642.3,1
628,5511,5512,0,5250,1,120.00500009684083,8.40193E-05,0,0,0,0,0,0,0,0,0,0,0,0,0,0,0,0,0,none,0,0,0,12169,0,0,0,14,13609.1,1
629,5511,5512,0,5250,1,120.00500009684083,8.40193E-05,0,0,0,0,0,0,0,0,0,0,0,0,0,0,0,0,0,none,0,0,0,14921.8,0,0,0,79,9151.37,1
630,5511,5512,0,5250,1,120.00500009684083,8.40193E-05,0,0,0,0,0,0,0,0,0,0,0,0,0,0,0,0,0,none,0,0,0,11698.9,0,0,0,20,10103.7,1
631,5511,5512,0,5250,1,120.00500009684083,8.40193E-05,0,0,0,0,0,0,0,0,0,0,0,0,0,0,0,0,0,none,0,0,0,10092.1,0,0,0,14,12359,1
632,5511,5512,0,5250,1,120.00500009684083,8.40193E-05,0,0,0,0,0,0,0,0,0,0,0,0,0,0,0,0,0,none,0,0,0,11960.7,0,0,0,8,10159.5,1
633,5511,5512,0,5250,1,120.00500009684083,8.40193E-05,0,0,0,0,0,0,0,0,0,0,0,0,0,0,0,0,0,none,0,0,0,11218.9,0,0,0,19,8838.52,1
634,5511,5512,0,5250,1,120.00500009684083,8.40193E-05,0,0,0,0,0,0,0,0,0,0,0,0,0,0,0,0,0,none,0,0,0,11352.8,0,0,0,15,9661.8,1
635,5511,5512,0,5250,1,120.00500009684083,8.40193E-05,0,0,0,0,0,0,0,0,0,0,0,0,0,0,0,0,0,none,0,0,0,9664.48,0,0,0,14,9978.11,1
636,5511,5512,0,5250,1,120.00500009684083,8.40193E-05,0,0,0,0,0,0,0,0,0,0,0,0,0,0,0,0,0,none,0,0,0,10979.6,0,0,0,18,9731.67,1
637,5511,5512,0,5250,1,120.00500009684083,8.40193E-05,0,0,0,0,0,0,0,0,0,0,0,0,0,0,0,0,0,none,0,0,0,11270.6,0,0,0,19,8345.67,1
638,5511,5512,0,5250,1,120.00500009684083,8.40193E-05,0,0,0,0,0,0,0,0,0,0,0,0,0,0,0,0,0,none,0,0,0,10850.7,0,0,0,16,9845.9,1
639,5511,5512,0,5250,1,120.00500009684083,8.40193E-05,0,0,0,0,0,0,0,0,0,0,0,0,0,0,0,0,0,none,0,0,0,10341,0,0,0,6,10755.7,1
640,5511,5512,0,5250,1,120.00500009684083,8.40193E-05,0,0,0,0,0,0,0,0,0,0,0,0,0,0,0,0,0,none,0,0,0,12317.5,0,0,0,10,8614.08,1
641,5511,5512,0,5250,1,120.00500009684083,8.40193E-05,0,0,0,0,0,0,0,0,0,0,0,0,0,0,0,0,0,none,0,0,0,10535.9,0,0,0,13,8280.55,1
642,5511,5512,0,5250,1,120.00500009684083,8.40193E-05,0,0,0,0,0,0,0,0,0,0,0,0,0,0,0,0,0,none,0,0,0,11258.9,0,0,0,81,17769.6,1
643,5511,5512,0,5250,1,120.00500009684083,8.40193E-05,0,0,0,0,0,0,0,0,0,0,0,0,0,0,0,0,0,none,0,0,0,11216.5,0,0,0,17,9086.88,1
644,5511,5512,0,5250,1,120.00500009684083,8.40193E-05,0,0,0,0,0,0,0,0,0,0,0,0,0,0,0,0,0,none,0,0,0,13660.3,0,0,0,9,11894,1
645,5511,5512,0,5250,1,120.00500009684083,8.40193E-05,0,0,0,0,0,0,0,0,0,0,0,0,0,0,0,0,0,none,0,0,0,11757,0,0,0,74,8023.23,1
646,5511,5512,0,5250,1,120.00500009684083,8.40193E-05,0,0,0,0,0,0,0,0,0,0,0,0,0,0,0,0,0,none,0,0,0,11312.1,0,0,0,13,10632.3,1
647,5511,5512,0,5250,1,120.00500009684083,8.40193E-05,0,0,0,0,0,0,0,0,0,0,0,0,0,0,0,0,0,none,0,0,0,10624.5,0,0,0,17,9583.07,1
648,5511,5512,0,5250,1,120.00500009684083,8.40193E-05,0,0,0,0,0,0,0,0,0,0,0,0,0,0,0,0,0,none,0,0,0,10120.1,0,0,0,11,9251.23,1
649,5511,5512,0,5250,1,120.00500009684083,8.40193E-05,0,0,0,0,0,0,0,0,0,0,0,0,0,0,0,0,0,none,0,0,0,16699.5,0,0,0,18,11028.4,1
650,5511,5512,0,5250,1,120.00500009684083,8.40193E-05,0,0,0,0,0,0,0,0,0,0,0,0,0,0,0,0,0,none,0,0,0,10584.8,0,0,0,14,8765.06,1
651,5511,5512,0,5250,1,120.00500009684083,8.40193E-05,0,0,0,0,0,0,0,0,0,0,0,0,0,0,0,0,0,none,0,0,0,11164.3,0,0,0,17,13708.5,1
652,5511,5512,0,5250,1,120.00500009684083,8.40193E-05,0,0,0,0,0,0,0,0,0,0,0,0,0,0,0,0,0,none,0,0,0,12640.6,0,0,0,13,8941.76,1
653,5511,5512,0,5250,1,120.00500009684083,8.40193E-05,0,0,0,0,0,0,0,0,0,0,0,0,0,0,0,0,0,none,0,0,0,14567.1,0,0,0,11,9576.22,1
654,5511,5512,0,5250,1,120.00500009684083,8.40193E-05,0,0,0,0,0,0,0,0,0,0,0,0,0,0,0,0,0,none,0,0,0,9674.92,0,0,0,14,11110.8,1
655,5511,5512,0,5250,1,120.00500009684083,8.40193E-05,0,0,0,0,0,0,0,0,0,0,0,0,0,0,0,0,0,none,0,0,0,11148.1,0,0,0,72,11473.3,1
656,5511,5512,0,5250,1,120.00500009684083,8.40193E-05,0,0,0,0,0,0,0,0,0,0,0,0,0,0,0,0,0,none,0,0,0,11713.5,0,0,0,14,8394.64,1
657,5511,5512,0,5250,1,120.00500009684083,8.40193E-05,0,0,0,0,0,0,0,0,0,0,0,0,0,0,0,0,0,none,0,0,0,12931.5,0,0,0,10,27037.4,1
658,5511,5512,0,5250,1,120.00500009684083,8.40193E-05,0,0,0,0,0,0,0,0,0,0,0,0,0,0,0,0,0,none,0,0,0,9925.22,0,0,0,21,10983.6,1
659,5511,5512,0,5250,1,120.00500009684083,8.40193E-05,0,0,0,0,0,0,2,1.2634024848221386E-09,0,6.317012424110696E-10,6.31701242411069E-10,6.31701242411069E-10,0,0,0,0,0,none,0,0,3.286109101397446E-16,12998.7,0,0,0,24,11200.6,1
660,5511,5512,0,5250,1,120.00500009684083,8.40193E-05,0,0,0,0,0,0,0,0,0,0,0,0,0,0,0,0,0,none,0,0,0,13234.3,0,0,0,18,8319.57,1
661,5511,5512,0,5250,1,120.00500009684083,8.40193E-05,0,0,0,0,0,0,0,0,0,0,0,0,0,0,0,0,0,none,0,0,0,13294.5,0,0,0,22,9791.9,1
662,5511,5512,0,5250,1,120.00500009684083,8.40193E-05,0,0,0,0,0,0,0,0,0,0,0,0,0,0,0,0,0,none,0,0,0,11089.1,0,0,0,21,14139.7,1
663,5511,5512,0,5250,1,120.00500009684083,8.40193E-05,0,0,0,0,0,0,0,0,0,0,0,0,0,0,0,0,0,none,0,0,0,15564,0,0,0,8,10286.4,1
664,5511,5512,0,5250,1,120.00500009684083,8.40193E-05,0,0,0,0,0,0,0,0,0,0,0,0,0,0,0,0,0,none,0,0,0,14659.3,0,0,0,26,8041.81,1
665,5511,5512,0,5250,1,120.00500009684083,8.40193E-05,0,0,0,0,0,0,0,0,0,0,0,0,0,0,0,0,0,none,0,0,0,10206.4,0,0,0,13,16072.6,1
666,5511,5512,0,5250,1,120.00500009684083,8.40193E-05,0,0,0,0,0,0,0,0,0,0,0,0,0,0,0,0,0,none,0,0,0,12558.9,0,0,0,6,10349.1,1
667,5511,5512,0,5250,1,120.00500009684083,8.40193E-05,0,0,0,0,0,0,0,0,0,0,0,0,0,0,0,0,0,none,0,0,0,13529.5,0,0,0,14,8709.15,1
668,5511,5512,0,5250,1,120.00500009684083,8.40193E-05,0,0,0,0,0,0,0,0,0,0,0,0,0,0,0,0,0,none,0,0,0,11176.9,0,0,0,73,22656,1
669,5511,5512,0,5250,1,120.00500009684083,8.40193E-05,0,0,0,0,0,0,0,0,0,0,0,0,0,0,0,0,0,none,0,0,0,10918.5,0,0,0,16,11408.3,1
670,5511,5512,0,5250,1,120.00500009684083,8.40193E-05,0,0,0,0,0,0,0,0,0,0,0,0,0,0,0,0,0,none,0,0,0,12622.9,0,0,0,14,9438.18,1
671,5511,5512,0,5250,1,120.00500009684083,8.40193E-05,0,0,0,0,0,0,0,0,0,0,0,0,0,0,0,0,0,none,0,0,0,10969.1,0,0,0,75,8981.06,1
672,5511,5512,0,5250,1,120.00500009684083,8.40193E-05,0,0,0,0,0,0,0,0,0,0,0,0,0,0,0,0,0,none,0,0,0,11423.3,0,0,0,17,16094.7,1
673,5511,5512,0,5250,1,120.00500009684083,8.40193E-05,0,0,0,0,0,0,0,0,0,0,0,0,0,0,0,0,0,none,0,0,0,9729.56,0,0,0,13,9831.59,1
674,5511,5512,0,5250,1,120.00500009684083,8.40193E-05,0,0,0,0,0,0,0,0,0,0,0,0,0,0,0,0,0,none,0,0,0,11008.5,0,0,0,15,11530.9,1
675,5511,5512,0,5250,1,120.00500009684083,8.40193E-05,0,0,0,0,0,0,0,0,0,0,0,0,0,0,0,0,0,none,0,0,0,10186.2,0,0,0,23,8540.76,1
676,5511,5512,0,5250,1,120.00500009684083,8.40193E-05,0,0,0,0,0,0,0,0,0,0,0,0,0,0,0,0,0,none,0,0,0,13596.6,0,0,0,77,9500.9,1
677,5511,5512,0,5250,1,120.00500009684083,8.40193E-05,0,0,0,0,0,0,0,0,0,0,0,0,0,0,0,0,0,none,0,0,0,9721.62,0,0,0,15,8974.97,1
678,5511,5512,0,5250,1,120.00500009684083,8.40193E-05,0,0,0,0,0,0,0,0,0,0,0,0,0,0,0,0,0,none,0,0,0,12944.3,0,0,0,15,10963.9,1
679,5511,5512,0,5250,1,120.00500009684083,8.40193E-05,0,0,0,0,0,0,0,0,0,0,0,0,0,0,0,0,0,none,0,0,0,12019.2,0,0,0,11,8324.85,1
680,5511,5512,0,5250,1,120.00500009684083,8.40193E-05,0,0,0,0,0,0,0,0,0,0,0,0,0,0,0,0,0,none,0,0,0,11823.9,0,0,0,7,10072.3,1
681,5511,5512,0,5250,1,120.00500009684083,8.40193E-05,0,0,0,0,0,0,0,0,0,0,0,0,0,0,0,0,0,none,0,0,0,10876.7,0,0,0,75,9621.88,1
682,5511,5512,0,5250,1,120.00500009684083,8.40193E-05,0,0,0,0,0,0,0,0,0,0,0,0,0,0,0,0,0,none,0,0,0,10346.5,0,0,0,11,17922.1,1
683,5511,5512,0,5250,1,120.00500009684083,8.40193E-05,0,0,0,0,0,0,0,0,0,0,0,0,0,0,0,0,0,none,0,0,0,12483.1,0,0,0,7,8113.86,1
684,5511,5512,0,5250,1,120.00500009684083,8.40193E-05,0,0,0,0,0,0,0,0,0,0,0,0,0,0,0,0,0,none,0,0,0,12736.7,0,0,0,86,8672.15,1
685,5511,5512,0,5250,1,120.00500009684083,8.40193E-05,0,0,0,0,0,0,0,0,0,0,0,0,0,0,0,0,0,none,0,0,0,11086.6,0,0,0,6,56137,1
686,5511,5512,0,5250,1,120.00500009684083,8.40193E-05,0,0,0,0,0,0,0,0,0,0,0,0,0,0,0,0,0,none,0,0,0,13266,0,0,0,15,9610.55,1
687,5511,5512,0,5250,1,120.00500009684083,8.40193E-05,0,0,0,0,0,0,0,0,0,0,0,0,0,0,0,0,0,none,0,0,0,15136.5,0,0,0,18,8022.82,1
688,5511,5512,0,5250,1,120.00500009684083,8.40193E-05,0,0,0,0,0,0,0,0,0,0,0,0,0,0,0,0,0,none,0,0,0,11099,0,0,0,22,15083.7,1
689,5511,5512,0,5250,1,120.00500009684083,8.40193E-05,0,0,0,0,0,0,0,0,0,0,0,0,0,0,0,0,0,none,0,0,0,11754.9,0,0,0,5,12003.1,1
690,5511,5512,0,5250,1,120.00500009684083,8.40193E-05,0,0,0,0,0,0,0,0,0,0,0,0,0,0,0,0,0,none,0,0,0,11957.2,0,0,0,25,9027.5,1
691,5511,5512,0,5250,1,120.00500009684083,8.40193E-05,0,0,0,0,0,0,0,0,0,0,0,0,0,0,0,0,0,none,0,0,0,13699.2,0,0,0,9,9569.22,1
692,5511,5512,0,5250,1,120.00500009684083,8.40193E-05,0,0,0,0,0,0,0,0,0,0,0,0,0,0,0,0,0,none,0,0,0,9901.56,0,0,0,11,11466.9,1
693,5511,5512,0,5250,1,120.00500009684083,8.40193E-05,0,0,0,0,0,0,0,0,0,0,0,0,0,0,0,0,0,none,0,0,0,12837,0,0,0,12,10933.3,1
694,5511,5512,0,5250,1,120.00500009684083,8.40193E-05,0,0,0,0,0,0,0,0,0,0,0,0,0,0,0,0,0,none,0,0,0,12905.8,0,0,0,76,8764.55,1
695,5511,5512,0,5250,1,120.00500009684083,8.40193E-05,0,0,0,0,0,0,0,0,0,0,0,0,0,0,0,0,0,none,0,0,0,11938.9,0,0,0,13,10672.9,1
696,5511,5512,0,5250,1,120.00500009684083,8.40193E-05,0,0,0,0,0,0,0,0,0,0,0,0,0,0,0,0,0,none,0,0,0,9675.55,0,0,0,13,9993.89,1
697,5511,5512,0,5250,1,120.00500009684083,8.40193E-05,0,0,0,0,0,0,0,0,0,0,0,0,0,0,0,0,0,none,0,0,0,12167.7,0,0,0,74,9884.76,1
698,5511,5512,0,5250,1,120.00500009684083,8.40193E-05,0,0,0,0,0,0,0,0,0,0,0,0,0,0,0,0,0,none,0,0,0,14760.6,0,0,0,22,8324.2,1
699,5511,5512,0,5250,1,120.00500009684083,8.40193E-05,0,0,0,0,0,0,0,0,0,0,0,0,0,0,0,0,0,none,0,0,0,10584.7,0,0,0,14,10324.4,1
700,5511,5512,0,5250,1,120.00500009684083,8.40193E-05,0,0,0,0,0,0,0,0,0,0,0,0,0,0,0,0,0,none,0,0,0,10796.4,0,0,0,16,16204.8,1
701,5511,5512,0,5250,1,120.00500009684083,8.40193E-05,0,0,0,0,0,0,0,0,0,0,0,0,0,0,0,0,0,none,0,0,0,13471.9,0,0,0,17,8643.84,1
702,5511,5512,0,5250,1,120.00500009684083,8.40193E-05,0,0,0,0,0,0,0,0,0,0,0,0,0,0,0,0,0,none,0,0,0,10800,0,0,0,9,8141.09,1
703,5511,5512,0,5250,1,120.00500009684083,8.40193E-05,0,0,0,0,0,0,0,0,0,0,0,0,0,0,0,0,0,none,0,0,0,11138.4,0,0,0,6,24692.8,1
704,5511,5512,0,5250,1,120.00500009684083,8.40193E-05,0,0,0,0,0,0,0,0,0,0,0,0,0,0,0,0,0,none,0,0,0,11489.6,0,0,0,17,9173.11,1
705,5511,5512,0,5250,1,120.00500009684083,8.40193E-05,0,0,0,0,0,0,0,0,0,0,0,0,0,0,0,0,0,none,0,0,0,12088.1,0,0,0,14,9705.21,1
706,5511,5512,0,5250,1,120.00500009684083,8.40193E-05,0,0,0,0,0,0,0,0,0,0,0,0,0,0,0,0,0,none,0,0,0,10961.8,0,0,0,5,8020.41,1
707,5511,5512,0,5250,1,120.00500009684083,8.40193E-05,0,0,0,0,0,0,0,0,0,0,0,0,0,0,0,0,0,none,0,0,0,11115,0,0,0,85,11086.8,1
708,5511,5512,0,5250,1,120.00500009684083,8.40193E-05,0,0,0,0,0,0,0,0,0,0,0,0,0,0,0,0,0,none,0,0,0,13837.1,0,0,0,11,9817.27,1
709,5511,5512,0,5250,1,120.00500009684083,8.40193E-05,0,0,0,0,0,0,0,0,0,0,0,0,0,0,0,0,0,none,0,0,0,10091.8,0,0,0,15,9028.85,1
710,5511,5512,0,5250,1,120.00500009684083,8.40193E-05,0,0,0,0,0,0,0,0,0,0,0,0,0,0,0,0,0,none,0,0,0,12154,0,0,0,96,10904.6,1
711,5511,5512,0,5250,1,120.00500009684083,8.40193E-05,0,0,0,0,0,0,0,0,0,0,0,0,0,0,0,0,0,none,0,0,0,9904.49,0,0,0,15,8846.59,1
712,5511,5512,0,5250,1,120.00500009684083,8.40193E-05,0,0,0,0,0,0,0,0,0,0,0,0,0,0,0,0,0,none,0,0,0,11357.5,0,0,0,11,10443.8,1
713,5511,5512,0,5250,1,120.00500009684083,8.40193E-05,0,0,0,0,0,0,0,0,0,0,0,0,0,0,0,0,0,none,0,0,0,11217.6,0,0,0,25,8766.11,1
714,5511,5512,0,5250,1,120.00500009684083,8.40193E-05,0,0,0,0,0,0,0,0,0,0,0,0,0,0,0,0,0,none,0,0,0,14326.9,0,0,0,18,9726.85,1
715,5511,5512,0,5250,1,120.00500009684083,8.40193E-05,0,0,0,0,0,0,0,0,0,0,0,0,0,0,0,0,0,none,0,0,0,9674.98,0,0,0,12,10082.3,1
716,5511,5512,0,5250,1,120.00500009684083,8.40193E-05,0,0,0,0,0,0,0,0,0,0,0,0,0,0,0,0,0,none,0,0,0,10817,0,0,0,6,21754.2,1
717,5511,5512,0,5250,1,120.00500009684083,8.40193E-05,0,0,0,0,0,0,0,0,0,0,0,0,0,0,0,0,0,none,0,0,0,15926.6,0,0,0,18,8321.36,1
718,5511,5512,0,5250,1,120.00500009684083,8.40193E-05,0,0,0,0,0,0,0,0,0,0,0,0,0,0,0,0,0,none,0,0,0,12568.6,0,0,0,11,8618.24,1
719,5511,5512,0,5250,1,120.00500009684083,8.40193E-05,0,0,0,0,0,0,0,0,0,0,0,0,0,0,0,0,0,none,0,0,0,10567.5,0,0,0,10,10379.3,1
720,5511,5512,0,5250,1,120.00500009684083,8.40193E-05,0,0,0,0,0,0,0,0,0,0,0,0,0,0,0,0,0,none,0,0,0,12734.9,0,0,0,12,31714.9,1
721,5511,5512,0,5250,1,120.00500009684083,8.40193E-05,0,0,0,0,0,0,0,0,0,0,0,0,0,0,0,0,0,none,0,0,0,13357.7,0,0,0,24,8113.53,1
722,5511,5512,0,5250,1,120.00500009684083,8.40193E-05,0,0,0,0,0,0,0,0,0,0,0,0,0,0,0,0,0,none,0,0,0,12737.7,0,0,0,11,11140.3,1
723,5511,5512,0,5250,1,120.00500009684083,8.40193E-05,0,0,0,0,0,0,0,0,0,0,0,0,0,0,0,0,0,none,0,0,0,11610.3,0,0,0,72,11579.3,1
724,5511,5512,0,5250,1,120.00500009684083,8.40193E-05,0,0,0,0,0,0,0,0,0,0,0,0,0,0,0,0,0,none,0,0,0,13002.4,0,0,0,14,10686.7,1
725,5511,5512,0,5250,1,120.00500009684083,8.40193E-05,0,0,0,0,0,0,0,0,0,0,0,0,0,0,0,0,0,none,0,0,0,13038.1,0,0,0,11,8020.02,1
726,5511,5512,0,5250,1,120.00500009684083,8.40193E-05,0,0,0,0,0,0,0,0,0,0,0,0,0,0,0,0,0,none,0,0,0,10112.8,0,0,0,9,10730.8,1
727,5511,5512,0,5250,1,120.00500009684083,8.40193E-05,0,0,0,0,0,0,0,0,0,0,0,0,0,0,0,0,0,none,0,0,0,11610.8,0,0,0,11,11233,1
728,5511,5512,0,5250,1,120.00500009684083,8.40193E-05,0,0,0,0,0,0,0,0,0,0,0,0,0,0,0,0,0,none,0,0,0,13120.3,0,0,0,16,8774.69,1
729,5511,5512,0,5250,1,120.00500009684083,8.40193E-05,0,0,0,0,0,0,0,0,0,0,0,0,0,0,0,0,0,none,0,0,0,11727.7,0,0,0,7,9957.55,1
730,5511,5512,0,5250,1,120.00500009684083,8.40193E-05,0,0,0,0,0,0,0,0,0,0,0,0,0,0,0,0,0,none,0,0,0,9669.94,0,0,0,14,19868.3,1
731,5511,5512,0,5250,1,120.00500009684083,8.40193E-05,0,0,0,0,0,0,0,0,0,0,0,0,0,0,0,0,0,none,0,0,0,14002.6,0,0,0,14,9596.48,1
732,5511,5512,0,5250,1,120.00500009684083,8.40193E-05,0,0,0,0,0,0,0,0,0,0,0,0,0,0,0,0,0,none,0,0,0,12091.2,0,0,0,16,8385.8,1
733,5511,5512,0,5250,1,120.00500009684083,8.40193E-05,0,0,0,0,0,0,0,0,0,0,0,0,0,0,0,0,0,none,0,0,0,11107.9,0,0,0,11,16653.1,1
734,5511,5512,0,5250,1,120.00500009684083,8.40193E-05,0,0,0,0,0,0,0,0,0,0,0,0,0,0,0,0,0,none,0,0,0,9963.77,0,0,0,8,10298.5,1
735,5511,5512,0,5250,1,120.00500009684083,8.40193E-05,0,0,0,0,0,0,0,0,0,0,0,0,0,0,0,0,0,none,0,0,0,11511.3,0,0,0,16,8580.5,1
736,5511,5512,0,5250,1,120.00500009684083,8.40193E-05,0,0,0,0,0,0,0,0,0,0,0,0,0,0,0,0,0,none,0,0,0,10332.9,0,0,0,72,8314.03,1
737,5511,5512,0,5250,1,120.00500009684083,8.40193E-05,0,0,0,0,0,0,0,0,0,0,0,0,0,0,0,0,0,none,0,0,0,13789.1,0,0,0,13,10089.9,1
738,5511,5512,0,5250,1,120.00500009684083,8.40193E-05,0,0,0,0,0,0,0,0,0,0,0,0,0,0,0,0,0,none,0,0,0,11103.8,0,0,0,74,9031.47,1
739,5511,5512,0,5250,1,120.00500009684083,8.40193E-05,0,0,0,0,0,0,0,0,0,0,0,0,0,0,0,0,0,none,0,0,0,13338.7,0,0,0,12,11061.3,1
740,5511,5512,0,5250,1,120.00500009684083,8.40193E-05,0,0,0,0,0,0,0,0,0,0,0,0,0,0,0,0,0,none,0,0,0,12971.4,0,0,0,18,8003.6,1
741,5511,5512,0,5250,1,120.00500009684083,8.40193E-05,0,0,0,0,0,0,0,0,0,0,0,0,0,0,0,0,0,none,0,0,0,10957.8,0,0,0,16,10319.7,1
742,5511,5512,0,5250,1,120.00500009684083,8.40193E-05,0,0,0,0,0,0,0,0,0,0,0,0,0,0,0,0,0,none,0,0,0,14259.4,0,0,0,13,11575.9,1
743,5511,5512,0,5250,1,120.00500009684083,8.40193E-05,0,0,0,0,0,0,0,0,0,0,0,0,0,0,0,0,0,none,0,0,0,10193,0,0,0,17,8850.24,1
744,5511,5512,0,5250,1,120.00500009684083,8.40193E-05,0,0,0,0,0,0,0,0,0,0,0,0,0,0,0,0,0,none,0,0,0,11052.7,0,0,0,10,9873.86,1
745,5511,5512,0,5250,1,120.00500009684083,8.40193E-05,0,0,0,0,0,0,0,0,0,0,0,0,0,0,0,0,0,none,0,0,0,10051.1,0,0,0,8,8714.5,1
746,5511,5512,0,5250,1,120.00500009684083,8.40193E-05,0,0,0,0,0,0,0,0,0,0,0,0,0,0,0,0,0,none,0,0,0,11403.7,0,0,0,11,10111.8,1
747,5511,5512,0,5250,1,120.00500009684083,8.40193E-05,0,0,0,0,0,0,0,0,0,0,0,0,0,0,0,0,0,none,0,0,0,11362.4,0,0,0,16,7963.62,1
748,5511,5512,0,5250,1,120.00500009684083,8.40193E-05,0,0,0,0,0,0,0,0,0,0,0,0,0,0,0,0,0,none,0,0,0,11383.2,0,0,0,14,9454.51,1
749,5511,5512,0,5250,1,120.00500009684083,8.40193E-05,0,0,0,0,0,0,0,0,0,0,0,0,0,0,0,0,0,none,0,0,0,13775.7,0,0,0,79,9988.56,1
750,5511,5512,0,5250,1,120.00500009684083,8.40193E-05,0,0,0,0,0,0,0,0,0,0,0,0,0,0,0,0,0,none,0,0,0,11387.6,0,0,0,4,9033.68,1
751,5511,5512,0,5250,1,120.00500009684083,8.40193E-05,0,0,0,0,0,0,0,0,0,0,0,0,0,0,0,0,0,none,0,0,0,16367.5,0,0,0,13,15833,1
752,5511,5512,0,5250,1,120.00500009684083,8.40193E-05,0,0,0,0,0,0,0,0,0,0,0,0,0,0,0,0,0,none,0,0,0,9871.59,0,0,0,68,11883.1,1
753,5511,5512,0,5250,1,120.00500009684083,8.40193E-05,0,0,0,0,0,0,0,0,0,0,0,0,0,0,0,0,0,none,0,0,0,10199,0,0,0,11,9491.39,1
754,5511,5512,0,5250,1,120.00500009684083,8.40193E-05,0,0,0,0,0,0,0,0,0,0,0,0,0,0,0,0,0,none,0,0,0,15221.6,0,0,0,16,8727.22,1
755,5511,5512,0,5250,1,120.00500009684083,8.40193E-05,0,0,0,0,0,0,0,0,0,0,0,0,0,0,0,0,0,none,0,0,0,13170.7,0,0,0,6,8981.99,1
756,5511,5512,0,5250,1,120.00500009684083,8.40193E-05,0,0,0,0,0,0,0,0,0,0,0,0,0,0,0,0,0,none,0,0,0,9675.56,0,0,0,9,12844.4,1
757,5511,5512,0,5250,1,120.00500009684083,8.40193E-05,0,0,0,0,0,0,0,0,0,0,0,0,0,0,0,0,0,none,0,0,0,13317.6,0,0,0,12,10792.2,1
758,5511,5512,0,5250,1,120.00500009684083,8.40193E-05,0,0,0,0,0,0,0,0,0,0,0,0,0,0,0,0,0,none,0,0,0,11717.1,0,0,0,13,8270.65,1
759,5511,5512,0,5250,1,120.00500009684083,8.40193E-05,0,0,0,0,0,0,0,0,0,0,0,0,0,0,0,0,0,none,0,0,0,13623.5,0,0,0,11,16773.8,1
760,5511,5512,0,5250,1,120.00500009684083,8.40193E-05,0,0,0,0,0,0,0,0,0,0,0,0,0,0,0,0,0,none,0,0,0,10321.8,0,0,0,15,10295.6,1
761,5511,5512,0,5250,1,120.00500009684083,8.40193E-05,0,0,0,0,0,0,0,0,0,0,0,0,0,0,0,0,0,none,0,0,0,11156.7,0,0,0,9,9662.77,1
762,5511,5512,0,5250,1,120.00500009684083,8.40193E-05,0,0,0,0,0,0,0,0,0,0,0,0,0,0,0,0,0,none,0,0,0,15021.9,0,0,0,83,8676.6,1
763,5511,5512,0,5250,1,120.00500009684083,8.40193E-05,0,0,0,0,0,0,0,0,0,0,0,0,0,0,0,0,0,none,0,0,0,9620.28,0,0,0,15,9963.37,1
764,5511,5512,0,5250,1,120.00500009684083,8.40193E-05,0,0,0,0,0,0,0,0,0,0,0,0,0,0,0,0,0,none,0,0,0,11788,0,0,0,5,15806.7,1
765,5511,5512,0,5250,1,120.00500009684083,8.40193E-05,0,0,0,0,0,0,0,0,0,0,0,0,0,0,0,0,0,none,0,0,0,13562,0,0,0,76,8275.19,1
766,5511,5512,0,5250,1,120.00500009684083,8.40193E-05,0,0,0,0,0,0,0,0,0,0,0,0,0,0,0,0,0,none,0,0,0,13802.2,0,0,0,31,10508.4,1
767,5511,5512,0,5250,1,120.00500009684083,8.40193E-05,0,0,0,0,0,0,0,0,0,0,0,0,0,0,0,0,0,none,0,0,0,11704.6,0,0,0,10,12531.8,1
768,5511,5512,0,5250,1,120.00500009684083,8.40193E-05,0,0,0,0,0,0,0,0,0,0,0,0,0,0,0,0,0,none,0,0,0,12011.4,0,0,0,20,9991.2,1
769,5511,5512,0,5250,1,120.00500009684083,8.40193E-05,0,0,0,0,0,0,0,0,0,0,0,0,0,0,0,0,0,none,0,0,0,14114.6,0,0,0,71,10273,1
770,5511,5512,0,5250,1,120.00500009684083,8.40193E-05,0,0,0,0,0,0,0,0,0,0,0,0,0,0,0,0,0,none,0,0,0,9636.15,0,0,0,5,16758.8,1
771,5511,5512,0,5250,1,120.00500009684083,8.40193E-05,0,0,0,0,0,0,0,0,0,0,0,0,0,0,0,0,0,none,0,0,0,14844.1,0,0,0,12,11215.9,1
772,5511,5512,0,5250,1,120.00500009684083,8.40193E-05,0,0,0,0,0,0,0,0,0,0,0,0,0,0,0,0,0,none,0,0,0,12444,0,0,0,16,8301.11,1
773,5511,5512,0,5250,1,120.00500009684083,8.40193E-05,0,0,0,0,0,0,0,0,0,0,0,0,0,0,0,0,0,none,0,0,0,11073,0,0,0,7,12979.3,1
774,5511,5512,0,5250,1,120.00500009684083,8.40193E-05,0,0,0,0,0,0,0,0,0,0,0,0,0,0,0,0,0,none,0,0,0,11034.9,0,0,0,14,10540.5,1
775,5511,5512,0,5250,1,120.00500009684083,8.40193E-05,0,0,0,0,0,0,0,0,0,0,0,0,0,0,0,0,0,none,0,0,0,11320.3,0,0,0,77,9905.33,1
776,5511,5512,0,5250,1,120.00500009684083,8.40193E-05,0,0,0,0,0,0,0,0,0,0,0,0,0,0,0,0,0,none,0,0,0,10956.8,0,0,0,6,8030.9,1
777,5511,5512,0,5250,1,120.00500009684083,8.40193E-05,0,0,0,0,0,0,0,0,0,0,0,0,0,0,0,0,0,none,0,0,0,10552.4,0,0,0,24,9693.47,1
778,5511,5512,0,5250,1,120.00500009684083,8.40193E-05,0,0,0,0,0,0,0,0,0,0,0,0,0,0,0,0,0,none,0,0,0,11297.2,0,0,0,80,9788.49,1
779,5511,5512,0,5250,1,120.00500009684083,8.40193E-05,0,0,0,0,0,0,0,0,0,0,0,0,0,0,0,0,0,none,0,0,0,11080.3,0,0,0,75,8646.86,1
780,5511,5512,0,5250,1,120.00500009684083,8.40193E-05,0,0,0,0,0,0,0,0,0,0,0,0,0,0,0,0,0,none,0,0,0,10831.7,0,0,0,4,11003.3,1
781,5511,5512,0,5250,1,120.00500009684083,8.40193E-05,0,0,0,0,0,0,0,0,0,0,0,0,0,0,0,0,0,none,0,0,0,10828.5,0,0,0,11,27847.1,1
782,5511,5512,0,5250,1,120.00500009684083,8.40193E-05,0,0,0,0,0,0,0,0,0,0,0,0,0,0,0,0,0,none,0,0,0,11467,0,0,0,16,9184.83,1
783,5511,5512,0,5250,1,120.00500009684083,8.40193E-05,0,0,0,0,0,0,0,0,0,0,0,0,0,0,0,0,0,none,0,0,0,12555.3,0,0,0,9,8949.89,1
784,5511,5512,0,5250,1,120.00500009684083,8.40193E-05,0,0,0,0,0,0,0,0,0,0,0,0,0,0,0,0,0,none,0,0,0,12077.7,0,0,0,10,16946.7,1
785,5511,5512,0,5250,1,120.00500009684083,8.40193E-05,0,0,0,0,0,0,0,0,0,0,0,0,0,0,0,0,0,none,0,0,0,9653.42,0,0,0,15,11083.4,1
786,5511,5512,0,5250,1,120.00500009684083,8.40193E-05,0,0,0,0,0,0,0,0,0,0,0,0,0,0,0,0,0,none,0,0,0,13341,0,0,0,2,34996,1
787,5511,5512,0,5250,1,120.00500009684083,8.40193E-05,0,0,0,0,0,0,0,0,0,0,0,0,0,0,0,0,0,none,0,0,0,10091.9,0,0,0,9,8315.98,1
788,5511,5512,0,5250,1,120.00500009684083,8.40193E-05,0,0,0,0,0,0,0,0,0,0,0,0,0,0,0,0,0,none,0,0,0,12744.8,0,0,0,13,10857.6,1
789,5511,5512,0,5250,1,120.00500009684083,8.40193E-05,0,0,0,0,0,0,0,0,0,0,0,0,0,0,0,0,0,none,0,0,0,10924.8,0,0,0,14,8854.43,1
790,5511,5512,0,5250,1,120.00500009684083,8.40193E-05,0,0,0,0,0,0,0,0,0,0,0,0,0,0,0,0,0,none,0,0,0,12143.2,0,0,0,14,11170.8,1
791,5511,5512,0,5250,1,120.00500009684083,8.40193E-05,0,0,0,0,0,0,0,0,0,0,0,0,0,0,0,0,0,none,0,0,0,13342.1,0,0,0,77,8085.55,1
792,5511,5512,0,5250,1,120.00500009684083,8.40193E-05,0,0,0,0,0,0,0,0,0,0,0,0,0,0,0,0,0,none,0,0,0,11158.8,0,0,0,27,9765.85,1
793,5511,5512,0,5250,1,120.00500009684083,8.40193E-05,0,0,0,0,0,0,0,0,0,0,0,0,0,0,0,0,0,none,0,0,0,11792.3,0,0,0,7,31883.1,1
794,5511,5512,0,5250,1,120.00500009684083,8.40193E-05,0,0,0,0,0,0,0,0,0,0,0,0,0,0,0,0,0,none,0,0,0,10784.9,0,0,0,13,10011.6,1
795,5511,5512,0,5250,1,120.00500009684083,8.40193E-05,0,0,0,0,0,0,0,0,0,0,0,0,0,0,0,0,0,none,0,0,0,11675.7,0,0,0,9,11231.6,1
796,5511,5512,0,5250,1,120.00500009684083,8.40193E-05,0,0,0,0,0,0,0,0,0,0,0,0,0,0,0,0,0,none,0,0,0,11037.3,0,0,0,11,8622.12,1
797,5511,5512,0,5250,1,120.00500009684083,8.40193E-05,0,0,0,0,0,0,0,0,0,0,0,0,0,0,0,0,0,none,0,0,0,10598.5,0,0,0,10,10158.7,1
798,5511,5512,0,5250,1,120.00500009684083,8.40193E-05,0,0,0,0,0,0,0,0,0,0,0,0,0,0,0,0,0,none,0,0,0,13106.5,0,0,0,18,8977.87,1
799,5511,5512,0,5250,1,120.00500009684083,8.40193E-05,0,0,0,0,0,0,0,0,0,0,0,0,0,0,0,0,0,none,0,0,0,12633,0,0,0,6,9105.5,1
800,5511,5512,0,5250,1,120.00500009684083,8.40193E-05,0,0,0,0,0,0,0,0,0,0,0,0,0,0,0,0,0,none,0,0,0,9697.69,0,0,0,15,11371.7,1
801,5511,5512,0,5250,1,120.00500009684083,8.40193E-05,0,0,0,0,0,0,0,0,0,0,0,0,0,0,0,0,0,none,0,0,0,12453.3,0,0,0,12,10478,1
802,5511,5512,0,5250,1,120.00500009684083,8.40193E-05,0,0,0,0,0,0,0,0,0,0,0,0,0,0,0,0,0,none,0,0,0,11944.1,0,0,0,14,8466.35,1
803,5511,5512,0,5250,1,120.00500009684083,8.40193E-05,0,0,0,0,0,0,0,0,0,0,0,0,0,0,0,0,0,none,0,0,0,12598.1,0,0,0,13,15729.9,1
804,5511,5512,0,5250,1,120.00500009684083,8.40193E-05,0,0,0,0,0,0,0,0,0,0,0,0,0,0,0,0,0,none,0,0,0,9774,0,0,0,72,10247.7,1
805,5511,5512,0,5250,1,120.00500009684083,8.40193E-05,0,0,0,0,0,0,0,0,0,0,0,0,0,0,0,0,0,none,0,0,0,11396.7,0,0,0,25,10591.9,1
806,5511,5512,0,5250,1,120.00500009684083,8.40193E-05,0,0,0,0,0,0,0,0,0,0,0,0,0,0,0,0,0,none,0,0,0,11389.8,0,0,0,13,8316.65,1
807,5511,5512,0,5250,1,120.00500009684083,8.40193E-05,0,0,0,0,0,0,0,0,0,0,0,0,0,0,0,0,0,none,0,0,0,11776.7,0,0,0,16,10046.8,1
808,5511,5512,0,5250,1,120.00500009684083,8.40193E-05,0,0,0,0,0,0,0,0,0,0,0,0,0,0,0,0,0,none,0,0,0,11046,0,0,0,14,10173.5,1
809,5511,5512,0,5250,1,120.00500009684083,8.40193E-05,0,0,0,0,0,0,0,0,0,0,0,0,0,0,0,0,0,none,0,0,0,11244.1,0,0,0,14,9617.09,1
810,5511,5512,0,5250,1,120.00500009684083,8.40193E-05,0,0,0,0,0,0,0,0,0,0,0,0,0,0,0,0,0,none,0,0,0,15230.9,0,0,0,70,8009.87,1
811,5511,5512,0,5250,1,120.00500009684083,8.40193E-05,0,0,0,0,0,0,0,0,0,0,0,0,0,0,0,0,0,none,0,0,0,10958.4,0,0,0,10,15227.5,1
812,5511,5512,0,5250,1,120.00500009684083,8.40193E-05,0,0,0,0,0,0,0,0,0,0,0,0,0,0,0,0,0,none,0,0,0,12240.9,0,0,0,10,17357.7,1
813,5511,5512,0,5250,1,120.00500009684083,8.40193E-05,0,0,0,0,0,0,0,0,0,0,0,0,0,0,0,0,0,none,0,0,0,14620.4,0,0,0,8,8585.57,1
814,5511,5512,0,5250,1,120.00500009684083,8.40193E-05,0,0,0,0,0,0,0,0,0,0,0,0,0,0,0,0,0,none,0,0,0,10357.8,0,0,0,6,9753.03,1
815,5511,5512,0,5250,1,120.00500009684083,8.40193E-05,0,0,0,0,0,0,0,0,0,0,0,0,0,0,0,0,0,none,0,0,0,9804.82,0,0,0,11,11773,1
816,5511,5512,0,5250,1,120.00500009684083,8.40193E-05,0,0,0,0,0,0,0,0,0,0,0,0,0,0,0,0,0,none,0,0,0,12076.1,0,0,0,13,9038.41,1
817,5511,5512,0,5250,1,120.00500009684083,8.40193E-05,0,0,0,0,0,0,0,0,0,0,0,0,0,0,0,0,0,none,0,0,0,11525.3,0,0,0,78,8662.2,1
818,5511,5512,0,5250,1,120.00500009684083,8.40193E-05,0,0,0,0,0,0,0,0,0,0,0,0,0,0,0,0,0,none,0,0,0,12918.1,0,0,0,9,14920.4,1
819,5511,5512,0,5250,1,120.00500009684083,8.40193E-05,0,0,0,0,0,0,0,0,0,0,0,0,0,0,0,0,0,none,0,0,0,9688.57,0,0,0,27,10356,1
820,5511,5512,0,5250,1,120.00500009684083,8.40193E-05,0,0,0,0,0,0,0,0,0,0,0,0,0,0,0,0,0,none,0,0,0,11955.9,0,0,0,14,9518.28,1
821,5511,5512,0,5250,1,120.00500009684083,8.40193E-05,0,0,0,0,0,0,0,0,0,0,0,0,0,0,0,0,0,none,0,0,0,10180,0,0,0,9,8311.41,1
822,5511,5512,0,5250,1,120.00500009684083,8.40193E-05,0,0,0,0,0,0,0,0,0,0,0,0,0,0,0,0,0,none,0,0,0,13930.3,0,0,0,13,10377.3,1
823,5511,5512,0,5250,1,120.00500009684083,8.40193E-05,0,0,0,0,0,0,0,0,0,0,0,0,0,0,0,0,0,none,0,0,0,11166.7,0,0,0,16,8720.21,1
824,5511,5512,0,5250,1,120.00500009684083,8.40193E-05,0,0,0,0,0,0,0,0,0,0,0,0,0,0,0,0,0,none,0,0,0,11438.6,0,0,0,15,12536.9,1
825,5511,5512,0,5250,1,120.00500009684083,8.40193E-05,0,0,0,0,0,0,0,0,0,0,0,0,0,0,0,0,0,none,0,0,0,14712.8,0,0,0,12,7992.76,1
826,5511,5512,0,5250,1,120.00500009684083,8.40193E-05,0,0,0,0,0,0,0,0,0,0,0,0,0,0,0,0,0,none,0,0,0,10873,0,0,0,16,9470.85,1
827,5511,5512,0,5250,1,120.00500009684083,8.40193E-05,0,0,0,0,0,0,0,0,0,0,0,0,0,0,0,0,0,none,0,0,0,14766,0,0,0,7,10590.6,1
828,5511,5512,0,5250,1,120.00500009684083,8.40193E-05,0,0,0,0,0,0,0,0,0,0,0,0,0,0,0,0,0,none,0,0,0,11352.7,0,0,0,4,8668.63,1
829,5511,5512,0,5250,1,120.00500009684083,8.40193E-05,0,0,0,0,0,0,0,0,0,0,0,0,0,0,0,0,0,none,0,0,0,12938.6,0,0,0,10,15680.4,1
830,5511,5512,0,5250,1,120.00500009684083,8.40193E-05,0,0,0,0,0,0,0,0,0,0,0,0,0,0,0,0,0,none,0,0,0,10627.7,0,0,0,75,11175.1,1
831,5511,5512,0,5250,1,120.00500009684083,8.40193E-05,0,0,0,0,0,0,0,0,0,0,0,0,0,0,0,0,0,none,0,0,0,10212.3,0,0,0,10,14905,1
832,5511,5512,0,5250,1,120.00500009684083,8.40193E-05,0,0,0,0,0,0,0,0,0,0,0,0,0,0,0,0,0,none,0,0,0,14654.8,0,0,0,14,8002.75,1
833,5511,5512,0,5250,1,120.00500009684083,8.40193E-05,0,0,0,0,0,0,0,0,0,0,0,0,0,0,0,0,0,none,0,0,0,11443.1,0,0,0,77,8988.65,1
834,5511,5512,0,5250,1,120.00500009684083,8.40193E-05,0,0,0,0,0,0,0,0,0,0,0,0,0,0,0,0,0,none,0,0,0,12105.2,0,0,0,12,14176.3,1
835,5511,5512,0,5250,1,120.00500009684083,8.40193E-05,0,0,0,0,0,0,0,0,0,0,0,0,0,0,0,0,0,none,0,0,0,13272.5,0,0,0,12,9285.07,1
836,5511,5512,0,5250,1,120.00500009684083,8.40193E-05,0,0,0,0,0,0,0,0,0,0,0,0,0,0,0,0,0,none,0,0,0,12047.4,0,0,0,12,10124.1,1
837,5511,5512,0,5250,1,120.00500009684083,8.40193E-05,0,0,0,0,0,0,0,0,0,0,0,0,0,0,0,0,0,none,0,0,0,10578.7,0,0,0,12,17559.6,1
838,5511,5512,0,5250,1,120.00500009684083,8.40193E-05,0,0,0,0,0,0,0,0,0,0,0,0,0,0,0,0,0,none,0,0,0,10299.5,0,0,0,8,51334.9,1
839,5511,5512,0,5250,1,120.00500009684083,8.40193E-05,0,0,0,0,0,0,0,0,0,0,0,0,0,0,0,0,0,none,0,0,0,14710.6,0,0,0,9,8891.97,1
840,5511,5512,0,5250,1,120.00500009684083,8.40193E-05,0,0,0,0,0,0,0,0,0,0,0,0,0,0,0,0,0,none,0,0,0,11203.5,0,0,0,17,8681.15,1
841,5511,5512,0,5250,1,120.00500009684083,8.40193E-05,0,0,0,0,0,0,0,0,0,0,0,0,0,0,0,0,0,none,0,0,0,9663.95,0,0,0,71,9055.09,1
842,5510,5512,0,5250,1,120.00500009684083,8.40193E-05,0,0,0,0,0,0,1,1.2917847769730635E-14,1.2917847769730635E-14,0,0,0,0,0,0,0,0,none,0,0,-1.293007652444951E-15,15086.8,0,0,0,19,10026.5,1
843,5510,5512,0,5250,1,120.00500009684083,8.40193E-05,0,0,0,0,0,0,0,0,0,0,0,0,0,0,0,0,0,none,0,0,0,11022.8,0,0,0,78,8052.6,1
844,5510,5512,0,5250,1,120.00500009684083,8.40193E-05,0,0,0,0,0,0,0,0,0,0,0,0,0,0,0,0,0,none,0,0,0,11820.7,0,0,0,8,31652.2,1
845,5510,5512,0,5250,1,120.00500009684083,8.40193E-05,0,0,0,0,0,0,0,0,0,0,0,0,0,0,0,0,0,none,0,0,0,11655.7,0,0,0,12,9883.1,1
846,5510,5512,0,5250,1,120.00500009684083,8.40193E-05,0,0,0,0,0,0,0,0,0,0,0,0,0,0,0,0,0,none,0,0,0,10963.1,0,0,0,73,8991.71,1
847,5510,5512,0,5250,1,120.00500009684083,8.40193E-05,0,0,0,0,0,0,0,0,0,0,0,0,0,0,0,0,0,none,0,0,0,16575.8,0,0,0,11,12115,1
848,5510,5512,0,5250,1,120.00500009684083,8.40193E-05,0,0,0,0,0,0,0,0,0,0,0,0,0,0,0,0,0,none,0,0,0,9656.55,0,0,0,11,9759.61,1
849,5510,5512,0,5250,1,120.00500009684083,8.40193E-05,0,0,0,0,0,0,0,0,0,0,0,0,0,0,0,0,0,none,0,0,0,11146.7,0,0,0,9,19895.3,1
850,5510,5512,0,5250,1,120.00500009684083,8.40193E-05,0,0,0,0,0,0,0,0,0,0,0,0,0,0,0,0,0,none,0,0,0,13960,0,0,0,14,8350.79,1
851,5510,5512,0,5250,1,120.00500009684083,8.40193E-05,0,0,0,0,0,0,0,0,0,0,0,0,0,0,0,0,0,none,0,0,0,12087.1,0,0,0,7,14180.9,1
852,5510,5512,0,5250,1,120.00500009684083,8.40193E-05,0,0,0,0,0,0,0,0,0,0,0,0,0,0,0,0,0,none,0,0,0,10242.3,0,0,0,16,20330.9,1
853,5510,5512,0,5250,1,120.00500009684083,8.40193E-05,0,0,0,0,0,0,0,0,0,0,0,0,0,0,0,0,0,none,0,0,0,16754.6,0,0,0,12,9927.13,1
854,5510,5512,0,5250,1,120.00500009684083,8.40193E-05,0,0,0,0,0,0,0,0,0,0,0,0,0,0,0,0,0,none,0,0,0,11199.9,0,0,0,14,8292.19,1
855,5510,5512,0,5250,1,120.00500009684083,8.40193E-05,0,0,0,0,0,0,0,0,0,0,0,0,0,0,0,0,0,none,0,0,0,10519.3,0,0,0,11,15632.2,1
856,5510,5512,0,5250,1,120.00500009684083,8.40193E-05,0,0,0,0,0,0,0,0,0,0,0,0,0,0,0,0,0,none,0,0,0,11235.8,0,0,0,78,10068.1,1
857,5510,5512,0,5250,1,120.00500009684083,8.40193E-05,0,0,0,0,0,0,0,0,0,0,0,0,0,0,0,0,0,none,0,0,0,11479.6,0,0,0,9,8650,1
858,5510,5512,0,5250,1,120.00500009684083,8.40193E-05,0,0,0,0,0,0,0,0,0,0,0,0,0,0,0,0,0,none,0,0,0,10864.9,0,0,0,12,8007.36,1
859,5510,5512,0,5250,1,120.00500009684083,8.40193E-05,0,0,0,0,0,0,0,0,0,0,0,0,0,0,0,0,0,none,0,0,0,11052.4,0,0,0,78,12421.2,1
860,5510,5512,0,5250,1,120.00500009684083,8.40193E-05,0,0,0,0,0,0,0,0,0,0,0,0,0,0,0,0,0,none,0,0,0,12774,0,0,0,14,9197.54,1
861,5510,5512,0,5250,1,120.00500009684083,8.40193E-05,0,0,0,0,0,0,0,0,0,0,0,0,0,0,0,0,0,none,0,0,0,13261.9,0,0,0,13,8899.12,1
862,5510,5512,0,5250,1,120.00500009684083,8.40193E-05,0,0,0,0,0,0,0,0,0,0,0,0,0,0,0,0,0,none,0,0,0,12031.4,0,0,0,16,11647.7,1
863,5510,5512,0,5250,1,120.00500009684083,8.40193E-05,0,0,0,0,0,0,0,0,0,0,0,0,0,0,0,0,0,none,0,0,0,9739.28,0,0,0,15,11188.9,1
864,5510,5512,0,5250,1,120.00500009684083,8.40193E-05,0,0,0,0,0,0,0,0,0,0,0,0,0,0,0,0,0,none,0,0,0,12903,0,0,0,6,11523.4,1
865,5510,5512,0,5250,1,120.00500009684083,8.40193E-05,0,0,0,0,0,0,0,0,0,0,0,0,0,0,0,0,0,none,0,0,0,10092.4,0,0,0,8,7957.25,1
866,5510,5512,0,5250,1,120.00500009684083,8.40193E-05,0,0,0,0,0,0,0,0,0,0,0,0,0,0,0,0,0,none,0,0,0,11477.7,0,0,0,3,16863.1,1
867,5510,5512,0,5250,1,120.00500009684083,8.40193E-05,0,0,0,0,0,0,0,0,0,0,0,0,0,0,0,0,0,none,0,0,0,13870.8,0,0,0,17,8862.15,1
868,5510,5512,0,5250,1,120.00500009684083,8.40193E-05,0,0,0,0,0,0,0,0,0,0,0,0,0,0,0,0,0,none,0,0,0,11562.3,0,0,0,14,8980.8,1
869,5510,5512,0,5250,1,120.00500009684083,8.40193E-05,0,0,0,0,0,0,0,0,0,0,0,0,0,0,0,0,0,none,0,0,0,12458.9,0,0,0,16,16904.9,1
870,5510,5512,0,5250,1,120.00500009684083,8.40193E-05,0,0,0,0,0,0,0,0,0,0,0,0,0,0,0,0,0,none,0,0,0,9657.6,0,0,0,8,9782.33,1
871,5510,5512,0,5250,1,120.00500009684083,8.40193E-05,0,0,0,0,0,0,0,0,0,0,0,0,0,0,0,0,0,none,0,0,0,11175.3,0,0,0,14,10420.4,1
872,5510,5512,0,5250,1,120.00500009684083,8.40193E-05,0,0,0,0,0,0,0,0,0,0,0,0,0,0,0,0,0,none,0,0,0,10754,0,0,0,142,8349.48,1
873,5510,5512,0,5250,1,120.00500009684083,8.40193E-05,0,0,0,0,0,0,0,0,0,0,0,0,0,0,0,0,0,none,0,0,0,14344.9,0,0,0,25,11533,1
874,5510,5512,0,5250,1,120.00500009684083,8.40193E-05,0,0,0,0,0,0,0,0,0,0,0,0,0,0,0,0,0,none,0,0,0,10264,0,0,0,8,8625.74,1
875,5510,5512,0,5250,1,120.00500009684083,8.40193E-05,0,0,0,0,0,0,0,0,0,0,0,0,0,0,0,0,0,none,0,0,0,10628.6,0,0,0,7,14298.4,1
876,5510,5512,0,5250,1,120.00500009684083,8.40193E-05,0,0,0,0,0,0,0,0,0,0,0,0,0,0,0,0,0,none,0,0,0,14364.3,0,0,0,10,8290.14,1
877,5510,5512,0,5250,1,120.00500009684083,8.40193E-05,0,0,0,0,0,0,0,0,0,0,0,0,0,0,0,0,0,none,0,0,0,13529.7,0,0,0,9,9114.89,1
878,5510,5512,0,5250,1,120.00500009684083,8.40193E-05,0,0,0,0,0,0,0,0,0,0,0,0,0,0,0,0,0,none,0,0,0,11003.2,0,0,0,20,11671.6,1
879,5510,5512,0,5250,1,120.00500009684083,8.40193E-05,0,0,0,0,0,0,0,0,0,0,0,0,0,0,0,0,0,none,0,0,0,12174.7,0,0,0,12,16822.3,1
880,5510,5512,0,5250,1,120.00500009684083,8.40193E-05,0,0,0,0,0,0,0,0,0,0,0,0,0,0,0,0,0,none,0,0,0,13481.6,0,0,0,9,8012.07,1
881,5510,5512,0,5250,1,120.00500009684083,8.40193E-05,0,0,0,0,0,0,0,0,0,0,0,0,0,0,0,0,0,none,0,0,0,10971,0,0,0,16,11084.1,1
882,5510,5512,0,5250,1,120.00500009684083,8.40193E-05,0,0,0,0,0,0,0,0,0,0,0,0,0,0,0,0,0,none,0,0,0,10102.1,0,0,0,17,17010.7,1
883,5510,5512,0,5250,1,120.00500009684083,8.40193E-05,0,0,0,0,0,0,0,0,0,0,0,0,0,0,0,0,0,none,0,0,0,16588.6,0,0,0,10,8999.74,1
884,5510,5512,0,5250,1,120.00500009684083,8.40193E-05,0,0,0,0,0,0,0,0,0,0,0,0,0,0,0,0,0,none,0,0,0,11185.4,0,0,0,15,8794.46,1
885,5510,5512,0,5250,1,120.00500009684083,8.40193E-05,0,0,0,0,0,0,0,0,0,0,0,0,0,0,0,0,0,none,0,0,0,9766,0,0,0,73,14188.9,1
886,5510,5512,0,5250,1,120.00500009684083,8.40193E-05,0,0,0,0,0,0,0,0,0,0,0,0,0,0,0,0,0,none,0,0,0,14284.8,0,0,0,3,23637.2,1
887,5510,5512,0,5250,1,120.00500009684083,8.40193E-05,0,0,0,0,0,0,0,0,0,0,0,0,0,0,0,0,0,none,0,0,0,11647.7,0,0,0,15,8605.27,1
888,5510,5512,0,5250,1,120.00500009684083,8.40193E-05,0,0,0,0,0,0,0,0,0,0,0,0,0,0,0,0,0,none,0,0,0,11397.3,0,0,0,20,12006.1,1
889,5510,5512,0,5250,1,120.00500009684083,8.40193E-05,0,0,0,0,0,0,0,0,0,0,0,0,0,0,0,0,0,none,0,0,0,9700.72,0,0,0,10,17780.2,1
890,5510,5512,0,5250,1,120.00500009684083,8.40193E-05,0,0,0,0,0,0,0,0,0,0,0,0,0,0,0,0,0,none,0,0,0,12262.8,0,0,0,17,13693.9,1
891,5510,5512,0,5250,1,120.00500009684083,8.40193E-05,0,0,0,0,0,0,0,0,0,0,0,0,0,0,0,0,0,none,0,0,0,12613.7,0,0,0,8,8318.54,1
892,5510,5512,0,5250,1,120.00500009684083,8.40193E-05,0,0,0,0,0,0,0,0,0,0,0,0,0,0,0,0,0,none,0,0,0,10384.9,0,0,0,15,14665.3,1
893,5510,5512,0,5250,1,120.00500009684083,8.40193E-05,0,0,0,0,0,0,0,0,0,0,0,0,0,0,0,0,0,none,0,0,0,10998.8,0,0,0,7,12210.3,1
894,5510,5512,0,5250,1,120.00500009684083,8.40193E-05,0,0,0,0,0,0,0,0,0,0,0,0,0,0,0,0,0,none,0,0,0,11939.1,0,0,0,17,9045.74,1
895,5510,5512,0,5250,1,120.00500009684083,8.40193E-05,0,0,0,0,0,0,0,0,0,0,0,0,0,0,0,0,0,none,0,0,0,13430.5,0,0,0,19,8061.43,1
896,5510,5512,0,5250,1,120.00500009684083,8.40193E-05,0,0,0,0,0,0,0,0,0,0,0,0,0,0,0,0,0,none,0,0,0,12062.2,0,0,0,14,27102,1
897,5510,5512,0,5250,1,120.00500009684083,8.40193E-05,0,0,0,0,0,0,0,0,0,0,0,0,0,0,0,0,0,none,0,0,0,12080.9,0,0,0,10,10395.5,1
898,5510,5512,0,5250,1,120.00500009684083,8.40193E-05,0,0,0,0,0,0,0,0,0,0,0,0,0,0,0,0,0,none,0,0,0,13931.4,0,0,0,86,10126.1,1
899,5510,5512,0,5250,1,120.00500009684083,8.40193E-05,0,0,0,0,0,0,0,0,0,0,0,0,0,0,0,0,0,none,0,0,0,10167.5,0,0,0,12,22817,1
900,5510,5512,0,5250,1,120.00500009684083,8.40193E-05,0,0,0,0,0,0,0,0,0,0,0,0,0,0,0,0,0,none,0,0,0,10994.7,0,0,0,7,11066.1,1
901,5510,5512,0,5250,1,120.00500009684083,8.40193E-05,0,0,0,0,0,0,0,0,0,0,0,0,0,0,0,0,0,none,0,0,0,13146.4,0,0,0,78,8726.38,1
902,5510,5512,0,5250,1,120.00500009684083,8.40193E-05,0,0,0,0,0,0,0,0,0,0,0,0,0,0,0,0,0,none,0,0,0,11159.7,0,0,0,12,8975.23,1
903,5510,5512,0,5250,1,120.00500009684083,8.40193E-05,0,0,0,0,0,0,0,0,0,0,0,0,0,0,0,0,0,none,0,0,0,14667,0,0,0,77,10667.1,1
904,5510,5512,0,5250,1,120.00500009684083,8.40193E-05,0,0,0,0,0,0,0,0,0,0,0,0,0,0,0,0,0,none,0,0,0,9695.52,0,0,0,10,9487.45,1
905,5510,5512,0,5250,1,120.00500009684083,8.40193E-05,0,0,0,0,0,0,0,0,0,0,0,0,0,0,0,0,0,none,0,0,0,11844,0,0,0,10,13256.4,1
906,5510,5512,0,5250,1,120.00500009684083,8.40193E-05,0,0,0,0,0,0,0,0,0,0,0,0,0,0,0,0,0,none,0,0,0,11317.8,0,0,0,7,8460.68,1
907,5510,5512,0,5250,1,120.00500009684083,8.40193E-05,0,0,0,0,0,0,0,0,0,0,0,0,0,0,0,0,0,none,0,0,0,11737.2,0,0,0,18,13952.5,1
908,5510,5512,0,5250,1,120.00500009684083,8.40193E-05,0,0,0,0,0,0,0,0,0,0,0,0,0,0,0,0,0,none,0,0,0,9780.27,0,0,0,10,13047.1,1
909,5510,5512,0,5250,1,120.00500009684083,8.40193E-05,0,0,0,0,0,0,0,0,0,0,0,0,0,0,0,0,0,none,0,0,0,10226.2,0,0,0,17,10173.5,1
910,5510,5512,0,5250,1,120.00500009684083,8.40193E-05,0,0,0,0,0,0,0,0,0,0,0,0,0,0,0,0,0,none,0,0,0,11245,0,0,0,7,8317.92,1
911,5510,5512,0,5250,1,120.00500009684083,8.40193E-05,0,0,0,0,0,0,0,0,0,0,0,0,0,0,0,0,0,none,0,0,0,13893.5,0,0,0,77,8995.02,1
912,5510,5512,0,5250,1,120.00500009684083,8.40193E-05,0,0,0,0,0,0,0,0,0,0,0,0,0,0,0,0,0,none,0,0,0,11114,0,0,0,17,9988.52,1
913,5510,5512,0,5250,1,120.00500009684083,8.40193E-05,0,0,0,0,0,0,0,0,0,0,0,0,0,0,0,0,0,none,0,0,0,10987.3,0,0,0,10,13427.1,1
914,5510,5512,0,5250,1,120.00500009684083,8.40193E-05,0,0,0,0,0,0,0,0,0,0,0,0,0,0,0,0,0,none,0,0,0,12474.6,0,0,0,81,8021.52,1
915,5510,5512,0,5250,1,120.00500009684083,8.40193E-05,0,0,0,0,0,0,0,0,0,0,0,0,0,0,0,0,0,none,0,0,0,11353.5,0,0,0,6,9854.23,1
916,5510,5512,0,5250,1,120.00500009684083,8.40193E-05,0,0,0,0,0,0,0,0,0,0,0,0,0,0,0,0,0,none,0,0,0,10279.4,0,0,0,13,11056.8,1
917,5510,5512,0,5250,1,120.00500009684083,8.40193E-05,0,0,0,0,0,0,0,0,0,0,0,0,0,0,0,0,0,none,0,0,0,13814.8,0,0,0,11,9286.67,1
918,5510,5512,0,5250,1,120.00500009684083,8.40193E-05,0,0,0,0,0,0,0,0,0,0,0,0,0,0,0,0,0,none,0,0,0,15496.6,0,0,0,12,8685.77,1
919,5510,5512,0,5250,1,120.00500009684083,8.40193E-05,0,0,0,0,0,0,0,0,0,0,0,0,0,0,0,0,0,none,0,0,0,10624.6,0,0,0,5,14185.2,1
920,5510,5512,0,5250,1,120.00500009684083,8.40193E-05,0,0,0,0,0,0,0,0,0,0,0,0,0,0,0,0,0,none,0,0,0,14143.7,0,0,0,13,12926.1,1
921,5510,5512,0,5250,1,120.00500009684083,8.40193E-05,0,0,0,0,0,0,0,0,0,0,0,0,0,0,0,0,0,none,0,0,0,16578.2,0,0,0,13,8936.41,1
922,5510,5512,0,5250,1,120.00500009684083,8.40193E-05,0,0,0,0,0,0,0,0,0,0,0,0,0,0,0,0,0,none,0,0,0,11711.7,0,0,0,14,13445.7,1
923,5510,5512,0,5250,1,120.00500009684083,8.40193E-05,0,0,0,0,0,0,0,0,0,0,0,0,0,0,0,0,0,none,0,0,0,9656.48,0,0,0,14,16339.5,1
924,5510,5512,0,5250,1,120.00500009684083,8.40193E-05,0,0,0,0,0,0,0,0,0,0,0,0,0,0,0,0,0,none,0,0,0,13043.3,0,0,0,74,14256.1,1
925,5510,5512,0,5250,1,120.00500009684083,8.40193E-05,0,0,0,0,0,0,0,0,0,0,0,0,0,0,0,0,0,none,0,0,0,12342.8,0,0,0,4,8321.26,1
926,5510,5512,0,5250,1,120.00500009684083,8.40193E-05,0,0,0,0,0,0,0,0,0,0,0,0,0,0,0,0,0,none,0,0,0,10132.2,0,0,0,27,11234.5,1
927,5510,5512,0,5250,1,120.00500009684083,8.40193E-05,0,0,0,0,0,0,0,0,0,0,0,0,0,0,0,0,0,none,0,0,0,10801.9,0,0,0,70,16717.7,1
928,5510,5512,0,5250,1,120.00500009684083,8.40193E-05,0,0,0,0,0,0,0,0,0,0,0,0,0,0,0,0,0,none,0,0,0,13110.1,0,0,0,12,8935.6,1
929,5510,5512,0,5250,1,120.00500009684083,8.40193E-05,0,0,0,0,0,0,0,0,0,0,0,0,0,0,0,0,0,none,0,0,0,12663.4,0,0,0,17,8135.81,1
930,5510,5512,0,5250,1,120.00500009684083,8.40193E-05,0,0,0,0,0,0,0,0,0,0,0,0,0,0,0,0,0,none,0,0,0,11774.9,0,0,0,15,16387.4,1
931,5510,5512,0,5250,1,120.00500009684083,8.40193E-05,0,0,0,0,0,0,0,0,0,0,0,0,0,0,0,0,0,none,0,0,0,11516,0,0,0,13,9950.12,1
932,5510,5512,0,5250,1,120.00500009684083,8.40193E-05,0,0,0,0,0,0,0,0,0,0,0,0,0,0,0,0,0,none,0,0,0,12800.4,0,0,0,11,10315.6,1
933,5510,5512,0,5250,1,120.00500009684083,8.40193E-05,0,0,0,0,0,0,0,0,0,0,0,0,0,0,0,0,0,none,0,0,0,10486,0,0,0,7,8017.58,1
934,5510,5512,0,5250,1,120.00500009684083,8.40193E-05,0,0,0,0,0,0,0,0,0,0,0,0,0,0,0,0,0,none,0,0,0,11061.2,0,0,0,79,17679.2,1
935,5510,5512,0,5250,1,120.00500009684083,8.40193E-05,0,0,0,0,0,0,0,0,0,0,0,0,0,0,0,0,0,none,0,0,0,13995.8,0,0,0,6,8653.28,1
936,5510,5512,0,5250,1,120.00500009684083,8.40193E-05,0,0,0,0,0,0,0,0,0,0,0,0,0,0,0,0,0,none,0,0,0,10899.8,0,0,0,13,8960.3,1
937,5510,5512,0,5250,1,120.00500009684083,8.40193E-05,0,0,0,0,0,0,0,0,0,0,0,0,0,0,0,0,0,none,0,0,0,12526.6,0,0,0,80,13070.7,1
938,5510,5512,0,5250,1,120.00500009684083,8.40193E-05,0,0,0,0,0,0,0,0,0,0,0,0,0,0,0,0,0,none,0,0,0,9648.99,0,0,0,6,9211.4,1
939,5510,5512,0,5250,1,120.00500009684083,8.40193E-05,0,0,0,0,0,0,0,0,0,0,0,0,0,0,0,0,0,none,0,0,0,12292.9,0,0,0,14,13663.7,1
940,5510,5512,0,5250,1,120.00500009684083,8.40193E-05,0,0,0,0,0,0,0,0,0,0,0,0,0,0,0,0,0,none,0,0,0,11984.1,0,0,0,76,8304.12,1
941,5510,5512,0,5250,1,120.00500009684083,8.40193E-05,0,0,0,0,0,0,0,0,0,0,0,0,0,0,0,0,0,none,0,0,0,13941.4,0,0,0,16,10365.9,1
942,5510,5512,0,5250,1,120.00500009684083,8.40193E-05,0,0,0,0,0,0,0,0,0,0,0,0,0,0,0,0,0,none,0,0,0,11246.7,0,0,0,19,20477.9,1
943,5510,5512,0,5250,1,120.00500009684083,8.40193E-05,0,0,0,0,0,0,0,0,0,0,0,0,0,0,0,0,0,none,0,0,0,10093.5,0,0,0,9,11264.1,1
944,5510,5512,0,5250,1,120.00500009684083,8.40193E-05,0,0,0,0,0,0,0,0,0,0,0,0,0,0,0,0,0,none,0,0,0,12522,0,0,0,12,7957.38,1
945,5510,5512,0,5250,1,120.00500009684083,8.40193E-05,0,0,0,0,0,0,0,0,0,0,0,0,0,0,0,0,0,none,0,0,0,10372.2,0,0,0,19,8869.84,1
946,5510,5512,0,5250,1,120.00500009684083,8.40193E-05,0,0,0,0,0,0,0,0,0,0,0,0,0,0,0,0,0,none,0,0,0,12232.7,0,0,0,21,10566.5,1
947,5510,5512,0,5250,1,120.00500009684083,8.40193E-05,0,0,0,0,0,0,0,0,0,0,0,0,0,0,0,0,0,none,0,0,0,11354.3,0,0,0,14,8293.02,1
948,5510,5512,0,5250,1,120.00500009684083,8.40193E-05,0,0,0,0,0,0,0,0,0,0,0,0,0,0,0,0,0,none,0,0,0,10974.8,0,0,0,15,9798.71,1
949,5510,5512,0,5250,1,120.00500009684083,8.40193E-05,0,0,0,0,0,0,0,0,0,0,0,0,0,0,0,0,0,none,0,0,0,10969.1,0,0,0,6,10158,1
950,5510,5512,0,5250,1,120.00500009684083,8.40193E-05,0,0,0,0,0,0,0,0,0,0,0,0,0,0,0,0,0,none,0,0,0,10723.9,0,0,0,12,9839.91,1
951,5510,5512,0,5250,1,120.00500009684083,8.40193E-05,0,0,0,0,0,0,0,0,0,0,0,0,0,0,0,0,0,none,0,0,0,10996.5,0,0,0,5,8009.72,1
952,5510,5512,0,5250,1,120.00500009684083,8.40193E-05,0,0,0,0,0,0,0,0,0,0,0,0,0,0,0,0,0,none,0,0,0,11267.6,0,0,0,7,8629.14,1
953,5510,5512,0,5250,1,120.00500009684083,8.40193E-05,0,0,0,0,0,0,0,0,0,0,0,0,0,0,0,0,0,none,0,0,0,10658,0,0,0,74,9716.79,1
954,5510,5512,0,5250,1,120.00500009684083,8.40193E-05,0,0,0,0,0,0,0,0,0,0,0,0,0,0,0,0,0,none,0,0,0,11273.2,0,0,0,12,9136,1
955,5510,5512,0,5250,1,120.00500009684083,8.40193E-05,0,0,0,0,0,0,0,0,0,0,0,0,0,0,0,0,0,none,0,0,0,15156.7,0,0,0,7,9124.32,1
956,5510,5512,0,5250,1,120.00500009684083,8.40193E-05,0,0,0,0,0,0,0,0,0,0,0,0,0,0,0,0,0,none,0,0,0,10323.9,0,0,0,16,12072,1
957,5510,5512,0,5250,1,120.00500009684083,8.40193E-05,0,0,0,0,0,0,0,0,0,0,0,0,0,0,0,0,0,none,0,0,0,11777.4,0,0,0,11,11896.9,1
958,5510,5512,0,5250,1,120.00500009684083,8.40193E-05,0,0,0,0,0,0,0,0,0,0,0,0,0,0,0,0,0,none,0,0,0,13428.4,0,0,0,18,8896.71,1
959,5510,5512,0,5250,1,120.00500009684083,8.40193E-05,0,0,0,0,0,0,0,0,0,0,0,0,0,0,0,0,0,none,0,0,0,14559,0,0,0,14,15451.1,1
960,5510,5512,0,5250,1,120.00500009684083,8.40193E-05,0,0,0,0,0,0,0,0,0,0,0,0,0,0,0,0,0,none,0,0,0,9652.9,0,0,0,14,10892.8,1
961,5510,5512,0,5250,1,120.00500009684083,8.40193E-05,0,0,0,0,0,0,0,0,0,0,0,0,0,0,0,0,0,none,0,0,0,11894.4,0,0,0,13,12286.5,1
962,5510,5512,0,5250,1,120.00500009684083,8.40193E-05,0,0,0,0,0,0,0,0,0,0,0,0,0,0,0,0,0,none,0,0,0,11947.2,0,0,0,13,8273.56,1
963,5510,5512,0,5250,1,120.00500009684083,8.40193E-05,0,0,0,0,0,0,0,0,0,0,0,0,0,0,0,0,0,none,0,0,0,11875.1,0,0,0,15,10356.4,1
964,5510,5512,0,5250,1,120.00500009684083,8.40193E-05,0,0,0,0,0,0,0,0,0,0,0,0,0,0,0,0,0,none,0,0,0,11164.6,0,0,0,3,12108.5,1
965,5510,5512,0,5250,1,120.00500009684083,8.40193E-05,0,0,0,0,0,0,0,0,0,0,0,0,0,0,0,0,0,none,0,0,0,14189.4,0,0,0,73,9658.32,1
966,5510,5512,0,5250,1,120.00500009684083,8.40193E-05,0,0,0,0,0,0,0,0,0,0,0,0,0,0,0,0,0,none,0,0,0,13984.9,0,0,0,77,10025.8,1
967,5510,5512,0,5250,1,120.00500009684083,8.40193E-05,0,0,0,0,0,0,0,0,0,0,0,0,0,0,0,0,0,none,0,0,0,9615.89,0,0,0,8,11446.6,1
968,5510,5512,0,5250,1,120.00500009684083,8.40193E-05,0,0,0,0,0,0,0,0,0,0,0,0,0,0,0,0,0,none,0,0,0,13751.7,0,0,0,11,18873.9,1
969,5510,5512,0,5250,1,120.00500009684083,8.40193E-05,0,0,0,0,0,0,0,0,0,0,0,0,0,0,0,0,0,none,0,0,0,14771,0,0,0,11,8264.88,1
970,5510,5512,0,5250,1,120.00500009684083,8.40193E-05,0,0,0,0,0,0,0,0,0,0,0,0,0,0,0,0,0,none,0,0,0,10414,0,0,0,12,10962.4,1
971,5510,5512,0,5250,1,120.00500009684083,8.40193E-05,0,0,0,0,0,0,0,0,0,0,0,0,0,0,0,0,0,none,0,0,0,12333.9,0,0,0,16,12827.7,1
972,5510,5512,0,5250,1,120.00500009684083,8.40193E-05,0,0,0,0,0,0,0,0,0,0,0,0,0,0,0,0,0,none,0,0,0,12140,0,0,0,11,9053.51,1
973,5510,5512,0,5250,1,120.00500009684083,8.40193E-05,0,0,0,0,0,0,0,0,0,0,0,0,0,0,0,0,0,none,0,0,0,13477.9,0,0,0,21,10593.5,1
974,5510,5512,0,5250,1,120.00500009684083,8.40193E-05,0,0,0,0,0,0,0,0,0,0,0,0,0,0,0,0,0,none,0,0,0,9590.47,0,0,0,14,11363.4,1
975,5510,5512,0,5250,1,120.00500009684083,8.40193E-05,0,0,0,0,0,0,0,0,0,0,0,0,0,0,0,0,0,none,0,0,0,12678.8,0,0,0,16,10438.6,1
976,5510,5512,0,5250,1,120.00500009684083,8.40193E-05,0,0,0,0,0,0,0,0,0,0,0,0,0,0,0,0,0,none,0,0,0,14199.9,0,0,0,16,8188.54,1
977,5510,5512,0,5250,1,120.00500009684083,8.40193E-05,0,0,0,0,0,0,0,0,0,0,0,0,0,0,0,0,0,none,0,0,0,10155.6,0,0,0,8,10619,1
978,5510,5512,0,5250,1,120.00500009684083,8.40193E-05,0,0,0,0,0,0,0,0,0,0,0,0,0,0,0,0,0,none,0,0,0,11429.7,0,0,0,14,55046.5,1
979,5510,5512,0,5250,1,120.00500009684083,8.40193E-05,0,0,0,0,0,0,0,0,0,0,0,0,0,0,0,0,0,none,0,0,0,17101.6,0,0,0,100,8733.12,1
980,5510,5512,0,5250,1,120.00500009684083,8.40193E-05,0,0,0,0,0,0,0,0,0,0,0,0,0,0,0,0,0,none,0,0,0,11160.3,0,0,0,6,10190,1
981,5510,5512,0,5250,1,120.00500009684083,8.40193E-05,0,0,0,0,0,0,0,0,0,0,0,0,0,0,0,0,0,none,0,0,0,9686.08,0,0,0,9,13571,1
982,5510,5512,0,5250,1,120.00500009684083,8.40193E-05,0,0,0,0,0,0,0,0,0,0,0,0,0,0,0,0,0,none,0,0,0,12559.5,0,0,0,79,9504.48,1
983,5509,5512,0,5250,1,120.00500009684083,8.40193E-05,0,0,0,0,0,0,1,3.0335622470421175E-10,0,3.0335622470421175E-10,0,0,0,0,0,0,0,none,0,0,-2.8909012054201713E-15,10965.6,0,0,0,13,7927.28,1
984,5509,5512,0,5250,1,120.00500009684083,8.40193E-05,0,0,0,0,0,0,0,0,0,0,0,0,0,0,0,0,0,none,0,0,0,11190.3,0,0,0,10,11084.7,1
985,5509,5512,0,5250,1,120.00500009684083,8.40193E-05,0,0,0,0,0,0,0,0,0,0,0,0,0,0,0,0,0,none,0,0,0,13688.7,0,0,0,14,9825.6,1
986,5509,5512,0,5250,1,120.00500009684083,8.40193E-05,0,0,0,0,0,0,0,0,0,0,0,0,0,0,0,0,0,none,0,0,0,11014.3,0,0,0,16,8685.07,1
987,5509,5512,0,5250,1,120.00500009684083,8.40193E-05,0,0,0,0,0,0,0,0,0,0,0,0,0,0,0,0,0,none,0,0,0,10240.9,0,0,0,15,14175.8,1
988,5509,5512,0,5250,1,120.00500009684083,8.40193E-05,0,0,0,0,0,0,0,0,0,0,0,0,0,0,0,0,0,none,0,0,0,10756.4,0,0,0,14,9706.67,1
989,5509,5512,0,5250,1,120.00500009684083,8.40193E-05,0,0,0,0,0,0,0,0,0,0,0,0,0,0,0,0,0,none,0,0,0,11322,0,0,0,24,9001.2,1
990,5509,5512,0,5250,1,120.00500009684083,8.40193E-05,0,0,0,0,0,0,0,0,0,0,0,0,0,0,0,0,0,none,0,0,0,13130.5,0,0,0,12,7959.24,1
991,5509,5512,0,5250,1,120.00500009684083,8.40193E-05,0,0,0,0,0,0,0,0,0,0,0,0,0,0,0,0,0,none,0,0,0,10639.8,0,0,0,11,10965.5,1
992,5509,5512,0,5250,1,120.00500009684083,8.40193E-05,0,0,0,0,0,0,0,0,0,0,0,0,0,0,0,0,0,none,0,0,0,11844.7,0,0,0,88,10176.3,1
993,5509,5512,0,5250,1,120.00500009684083,8.40193E-05,0,0,0,0,0,0,0,0,0,0,0,0,0,0,0,0,0,none,0,0,0,13898.5,0,0,0,19,8383.24,1
994,5509,5512,0,5250,1,120.00500009684083,8.40193E-05,0,0,0,0,0,0,0,0,0,0,0,0,0,0,0,0,0,none,0,0,0,10261.2,0,0,0,18,10399.5,1
995,5509,5512,0,5250,1,120.00500009684083,8.40193E-05,0,0,0,0,0,0,0,0,0,0,0,0,0,0,0,0,0,none,0,0,0,11055,0,0,0,82,19179.5,1
996,5509,5512,0,5250,1,120.00500009684083,8.40193E-05,0,0,0,0,0,0,0,0,0,0,0,0,0,0,0,0,0,none,0,0,0,18199.4,0,0,0,93,8690.44,1
997,5509,5512,0,5250,1,120.00500009684083,8.40193E-05,0,0,0,0,0,0,0,0,0,0,0,0,0,0,0,0,0,none,0,0,0,11238.1,0,0,0,13,7947.31,1
998,5509,5512,0,5250,1,120.00500009684083,8.40193E-05,0,0,0,0,0,0,0,0,0,0,0,0,0,0,0,0,0,none,0,0,0,10316.8,0,0,0,20,15387.8,1
999,5509,5512,0,5250,1,120.00500009684083,8.40193E-05,0,0,0,0,0,0,0,0,0,0,0,0,0,0,0,0,0,none,0,0,0,14948.7,0,0,0,13,9372.1,1
1000,5509,5512,0,5250,1,120.00500009684083,8.40193E-05,0,0,0,0,0,0,0,0,0,0,0,0,0,0,0,0,0,none,0,0,0,12702.1,0,0,0,21,8252.98,1
1001,5509,5512,0,5250,1,120.00500009684083,8.40193E-05,0,0,0,0,0,0,0,0,0,0,0,0,0,0,0,0,0,none,0,0,0,11564.1,0,0,0,6,59003,1
1002,5509,5512,0,5250,1,120.00500009684083,8.40193E-05,0,0,0,0,0,0,0,0,0,0,0,0,0,0,0,0,0,none,0,0,0,11486,0,0,0,21,11384.3,1
1003,5509,5512,0,5250,1,120.00500009684083,8.40193E-05,0,0,0,0,0,0,0,0,0,0,0,0,0,0,0,0,0,none,0,0,0,13661.3,0,0,0,22,10486.9,1
1004,5509,5512,0,5250,1,120.00500009684083,8.40193E-05,0,0,0,0,0,0,0,0,0,0,0,0,0,0,0,0,0,none,0,0,0,10142,0,0,0,19,11491.7,1
1005,5509,5512,0,5250,1,120.00500009684083,8.40193E-05,0,0,0,0,0,0,0,0,0,0,0,0,0,0,0,0,0,none,0,0,0,9609.78,0,0,0,85,10912.7,1
1006,5509,5512,0,5250,1,120.00500009684083,8.40193E-05,0,0,0,0,0,0,0,0,0,0,0,0,0,0,0,0,0,none,0,0,0,12840.5,0,0,0,76,8944.32,1
1007,5509,5512,0,5250,1,120.00500009684083,8.40193E-05,0,0,0,0,0,0,0,0,0,0,0,0,0,0,0,0,0,none,0,0,0,12725.2,0,0,0,15,8207.04,1
1008,5509,5512,0,5250,1,120.00500009684083,8.40193E-05,0,0,0,0,0,0,0,0,0,0,0,0,0,0,0,0,0,none,0,0,0,13281.3,0,0,0,75,10559.3,1
1009,5509,5512,0,5250,1,120.00500009684083,8.40193E-05,0,0,0,0,0,0,0,0,0,0,0,0,0,0,0,0,0,none,0,0,0,11516.1,0,0,0,24,9974.17,1
1010,5509,5512,0,5250,1,120.00500009684083,8.40193E-05,0,0,0,0,0,0,0,0,0,0,0,0,0,0,0,0,0,none,0,0,0,12230.7,0,0,0,17,8910.7,1
1011,5509,5512,0,5250,1,120.00500009684083,8.40193E-05,0,0,0,0,0,0,0,0,0,0,0,0,0,0,0,0,0,none,0,0,0,10452.9,0,0,0,18,10223.6,1
1012,5509,5512,0,5250,1,120.00500009684083,8.40193E-05,0,0,0,0,0,0,0,0,0,0,0,0,0,0,0,0,0,none,0,0,0,10033.8,0,0,0,9,26963.9,1
1013,5509,5512,0,5250,1,120.00500009684083,8.40193E-05,0,0,0,0,0,0,0,0,0,0,0,0,0,0,0,0,0,none,0,0,0,16228.1,0,0,0,14,8656.76,1
1014,5509,5512,0,5250,1,120.00500009684083,8.40193E-05,0,0,0,0,0,0,0,0,0,0,0,0,0,0,0,0,0,none,0,0,0,10936.3,0,0,0,21,7916.35,1
1015,5509,5512,0,5250,1,120.00500009684083,8.40193E-05,0,0,0,0,0,0,0,0,0,0,0,0,0,0,0,0,0,none,0,0,0,10679.8,0,0,0,18,34640.7,1
1016,5509,5512,0,5250,1,120.00500009684083,8.40193E-05,0,0,0,0,0,0,0,0,0,0,0,0,0,0,0,0,0,none,0,0,0,15382.6,0,0,0,15,9226.52,1
1017,5509,5512,0,5250,1,120.00500009684083,8.40193E-05,0,0,0,0,0,0,0,0,0,0,0,0,0,0,0,0,0,none,0,0,0,14174.9,0,0,0,12,8300.3,1
1018,5509,5512,0,5250,1,120.00500009684083,8.40193E-05,0,0,0,0,0,0,0,0,0,0,0,0,0,0,0,0,0,none,0,0,0,10959.7,0,0,0,14,12891.9,1
1019,5509,5512,0,5250,1,120.00500009684083,8.40193E-05,0,0,0,0,0,0,0,0,0,0,0,0,0,0,0,0,0,none,0,0,0,11414.2,0,0,0,19,11300.2,1
1020,5509,5512,0,5250,1,120.00500009684083,8.40193E-05,0,0,0,0,0,0,0,0,0,0,0,0,0,0,0,0,0,none,0,0,0,11974.1,0,0,0,16,9811.26,1
1021,5509,5512,0,5250,1,120.00500009684083,8.40193E-05,0,0,0,0,0,0,0,0,0,0,0,0,0,0,0,0,0,none,0,0,0,10095.2,0,0,0,78,7834.89,1
1022,5509,5512,0,5250,1,120.00500009684083,8.40193E-05,0,0,0,0,0,0,0,0,0,0,0,0,0,0,0,0,0,none,0,0,0,9591,0,0,0,17,11043.7,1
1023,5509,5512,0,5250,1,120.00500009684083,8.40193E-05,0,0,0,0,0,0,0,0,0,0,0,0,0,0,0,0,0,none,0,0,0,12156.9,0,0,0,13,8877.59,1
1024,5509,5512,0,5250,1,120.00500009684083,8.40193E-05,0,0,0,0,0,0,0,0,0,0,0,0,0,0,0,0,0,none,0,0,0,11373.7,0,0,0,19,8177.55,1
1025,5509,5512,0,5250,1,120.00500009684083,8.40193E-05,0,0,0,0,0,0,0,0,0,0,0,0,0,0,0,0,0,none,0,0,0,11937.9,0,0,0,13,10444.8,1
1026,5509,5512,0,5250,1,120.00500009684083,8.40193E-05,0,0,0,0,0,0,0,0,0,0,0,0,0,0,0,0,0,none,0,0,0,11218.4,0,0,0,25,9815.24,1
1027,5509,5512,0,5250,1,120.00500009684083,8.40193E-05,0,0,0,0,0,0,0,0,0,0,0,0,0,0,0,0,0,none,0,0,0,11913.8,0,0,0,9,8874.86,1
1028,5509,5512,0,5250,1,120.00500009684083,8.40193E-05,0,0,0,0,0,0,0,0,0,0,0,0,0,0,0,0,0,none,0,0,0,10694.1,0,0,0,25,10082.9,1
1029,5509,5512,0,5250,1,120.00500009684083,8.40193E-05,0,0,0,0,0,0,0,0,0,0,0,0,0,0,0,0,0,none,0,0,0,10274.7,0,0,0,26,12366.8,1
1030,5509,5512,0,5250,1,120.00500009684083,8.40193E-05,0,0,0,0,0,0,0,0,0,0,0,0,0,0,0,0,0,none,0,0,0,11962.4,0,0,0,11,8632.34,1
1031,5509,5512,0,5250,1,120.00500009684083,8.40193E-05,0,0,0,0,0,0,0,0,0,0,0,0,0,0,0,0,0,none,0,0,0,10686.9,0,0,0,18,7935.67,1
1032,5509,5512,0,5250,1,120.00500009684083,8.40193E-05,0,0,0,0,0,0,0,0,0,0,0,0,0,0,0,0,0,none,0,0,0,10711.9,0,0,0,14,20633.1,1
1033,5509,5512,0,5250,1,120.00500009684083,8.40193E-05,0,0,0,0,0,0,0,0,0,0,0,0,0,0,0,0,0,none,0,0,0,13385.8,0,0,0,32,9133.82,1
1034,5509,5512,0,5250,1,120.00500009684083,8.40193E-05,0,0,0,0,0,0,0,0,0,0,0,0,0,0,0,0,0,none,0,0,0,13867.7,0,0,0,78,8367.13,1
1035,5509,5512,0,5250,1,120.00500009684083,8.40193E-05,0,0,0,0,0,0,0,0,0,0,0,0,0,0,0,0,0,none,0,0,0,12049.3,0,0,0,19,13032.3,1
1036,5509,5512,0,5250,1,120.00500009684083,8.40193E-05,0,0,0,0,0,0,0,0,0,0,0,0,0,0,0,0,0,none,0,0,0,11273.1,0,0,0,15,10897.5,1
1037,5509,5512,0,5250,1,120.00500009684083,8.40193E-05,0,0,0,0,0,0,0,0,0,0,0,0,0,0,0,0,0,none,0,0,0,13005.9,0,0,0,89,11323.9,1
1038,5509,5512,0,5250,1,120.00500009684083,8.40193E-05,0,0,0,0,0,0,0,0,0,0,0,0,0,0,0,0,0,none,0,0,0,10095.7,0,0,0,12,7868.29,1
1039,5509,5512,0,5250,1,120.00500009684083,8.40193E-05,0,0,0,0,0,0,0,0,0,0,0,0,0,0,0,0,0,none,0,0,0,9642.9,0,0,0,13,10732.1,1
1040,5509,5512,0,5250,1,120.00500009684083,8.40193E-05,0,0,0,0,0,0,0,0,0,0,0,0,0,0,0,0,0,none,0,0,0,11613,0,0,0,15,8813.67,1
1041,5509,5512,0,5250,1,120.00500009684083,8.40193E-05,0,0,0,0,0,0,0,0,0,0,0,0,0,0,0,0,0,none,0,0,0,11923.4,0,0,0,4,8213.72,1
1042,5509,5512,0,5250,1,120.00500009684083,8.40193E-05,0,0,0,0,0,0,0,0,0,0,0,0,0,0,0,0,0,none,0,0,0,13437.7,0,0,0,11,10258.9,1
1043,5509,5512,0,5250,1,120.00500009684083,8.40193E-05,0,0,0,0,0,0,0,0,0,0,0,0,0,0,0,0,0,none,0,0,0,11165.5,0,0,0,8,9678.38,1
1044,5509,5512,0,5250,1,120.00500009684083,8.40193E-05,0,0,0,0,0,0,0,0,0,0,0,0,0,0,0,0,0,none,0,0,0,12059.7,0,0,0,16,8968.28,1
1045,5509,5512,0,5250,1,120.00500009684083,8.40193E-05,0,0,0,0,0,0,0,0,0,0,0,0,0,0,0,0,0,none,0,0,0,10945.4,0,0,0,6,19345.2,1
1046,5509,5512,0,5250,1,120.00500009684083,8.40193E-05,0,0,0,0,0,0,0,0,0,0,0,0,0,0,0,0,0,none,0,0,0,9741.31,0,0,0,10,10287.8,1
1047,5509,5512,0,5250,1,120.00500009684083,8.40193E-05,0,0,0,0,0,0,0,0,0,0,0,0,0,0,0,0,0,none,0,0,0,11486.5,0,0,0,80,8600.81,1
1048,5509,5512,0,5250,1,120.00500009684083,8.40193E-05,0,0,0,0,0,0,0,0,0,0,0,0,0,0,0,0,0,none,0,0,0,10444.8,0,0,0,15,7891.63,1
1049,5509,5512,0,5250,1,120.00500009684083,8.40193E-05,0,0,0,0,0,0,0,0,0,0,0,0,0,0,0,0,0,none,0,0,0,10664.4,0,0,0,13,10080.6,1
1050,5509,5512,0,5250,1,120.00500009684083,8.40193E-05,0,0,0,0,0,0,0,0,0,0,0,0,0,0,0,0,0,none,0,0,0,11090.4,0,0,0,25,9061.69,1
1051,5509,5512,0,5250,1,120.00500009684083,8.40193E-05,0,0,0,0,0,0,0,0,0,0,0,0,0,0,0,0,0,none,0,0,0,13525.8,0,0,0,9,8232.96,1
1052,5509,5512,0,5250,1,120.00500009684083,8.40193E-05,0,0,0,0,0,0,0,0,0,0,0,0,0,0,0,0,0,none,0,0,0,12739.9,0,0,0,16,9921.76,1
1053,5509,5512,0,5250,1,120.00500009684083,8.40193E-05,0,0,0,0,0,0,0,0,0,0,0,0,0,0,0,0,0,none,0,0,0,10957,0,0,0,13,10485.1,1
1054,5509,5512,0,5250,1,120.00500009684083,8.40193E-05,0,0,0,0,0,0,0,0,0,0,0,0,0,0,0,0,0,none,0,0,0,12298.8,0,0,0,15,9833.27,1
1055,5509,5512,0,5250,1,120.00500009684083,8.40193E-05,0,0,0,0,0,0,0,0,0,0,0,0,0,0,0,0,0,none,0,0,0,10144.4,0,0,0,15,9796.88,1
1056,5509,5512,0,5250,1,120.00500009684083,8.40193E-05,0,0,0,0,0,0,0,0,0,0,0,0,0,0,0,0,0,none,0,0,0,9581.83,0,0,0,8,10492.1,1
1057,5509,5512,0,5250,1,120.00500009684083,8.40193E-05,0,0,0,0,0,0,0,0,0,0,0,0,0,0,0,0,0,none,0,0,0,11263.9,0,0,0,18,8740.5,1
1058,5509,5512,0,5250,1,120.00500009684083,8.40193E-05,0,0,0,0,0,0,0,0,0,0,0,0,0,0,0,0,0,none,0,0,0,11553.2,0,0,0,7,7896.28,1
1059,5509,5512,0,5250,1,120.00500009684083,8.40193E-05,0,0,0,0,0,0,0,0,0,0,0,0,0,0,0,0,0,none,0,0,0,10913.8,0,0,0,10,10112.4,1
1060,5509,5512,0,5250,1,120.00500009684083,8.40193E-05,0,0,0,0,0,0,0,0,0,0,0,0,0,0,0,0,0,none,0,0,0,11358.4,0,0,0,70,9522.11,1
1061,5509,5512,0,5250,1,120.00500009684083,8.40193E-05,0,0,0,0,0,0,0,0,0,0,0,0,0,0,0,0,0,none,0,0,0,13479.1,0,0,0,14,8382.19,1
1062,5509,5512,0,5250,1,120.00500009684083,8.40193E-05,0,0,0,0,0,0,0,0,0,0,0,0,0,0,0,0,0,none,0,0,0,11246.5,0,0,0,15,11302.5,1
1063,5509,5512,0,5250,1,120.00500009684083,8.40193E-05,0,0,0,0,0,0,0,0,0,0,0,0,0,0,0,0,0,none,0,0,0,11912.5,0,0,0,72,15287.1,1
1064,5509,5512,0,5250,1,120.00500009684083,8.40193E-05,0,0,0,0,0,0,0,0,0,0,0,0,0,0,0,0,0,none,0,0,0,15812.4,0,0,0,10,9981.2,1
1065,5509,5512,0,5250,1,120.00500009684083,8.40193E-05,0,0,0,0,0,0,0,0,0,0,0,0,0,0,0,0,0,none,0,0,0,10256.8,0,0,0,10,17079.4,1
1066,5509,5512,0,5250,1,120.00500009684083,8.40193E-05,0,0,0,0,0,0,0,0,0,0,0,0,0,0,0,0,0,none,0,0,0,9596.91,0,0,0,13,89031.7,1
1067,5509,5512,0,5250,1,120.00500009684083,8.40193E-05,0,0,0,0,0,0,0,0,0,0,0,0,0,0,0,0,0,none,0,0,0,15052.7,0,0,0,16,9007.27,1
1068,5509,5512,0,5250,1,120.00500009684083,8.40193E-05,0,0,0,0,0,0,0,0,0,0,0,0,0,0,0,0,0,none,0,0,0,12608.5,0,0,0,74,7856.23,1
1069,5509,5512,0,5250,1,120.00500009684083,8.40193E-05,0,0,0,0,0,0,0,0,0,0,0,0,0,0,0,0,0,none,0,0,0,10349.6,0,0,0,8,11843.9,1
1070,5509,5512,0,5250,1,120.00500009684083,8.40193E-05,0,0,0,0,0,0,0,0,0,0,0,0,0,0,0,0,0,none,0,0,0,13989.1,0,0,0,17,10203.1,1
1071,5509,5512,0,5250,1,120.00500009684083,8.40193E-05,0,0,0,0,0,0,0,0,0,0,0,0,0,0,0,0,0,none,0,0,0,11719.5,0,0,0,15,8062.18,1
1072,5509,5512,0,5250,1,120.00500009684083,8.40193E-05,0,0,0,0,0,0,0,0,0,0,0,0,0,0,0,0,0,none,0,0,0,10244.5,0,0,0,13,11265.1,1
1073,5509,5512,0,5250,1,120.00500009684083,8.40193E-05,0,0,0,0,0,0,0,0,0,0,0,0,0,0,0,0,0,none,0,0,0,12364.5,0,0,0,74,10296.4,1
1074,5509,5512,0,5250,1,120.00500009684083,8.40193E-05,0,0,0,0,0,0,0,0,0,0,0,0,0,0,0,0,0,none,0,0,0,11156.5,0,0,0,20,8478.53,1
1075,5509,5512,0,5250,1,120.00500009684083,8.40193E-05,0,0,0,0,0,0,0,0,0,0,0,0,0,0,0,0,0,none,0,0,0,11273.2,0,0,0,11,10818.1,1
1076,5509,5512,0,5250,1,120.00500009684083,8.40193E-05,0,0,0,0,0,0,0,0,0,0,0,0,0,0,0,0,0,none,0,0,0,12684.9,0,0,0,76,9984.98,1
1077,5509,5512,0,5250,1,120.00500009684083,8.40193E-05,0,0,0,0,0,0,0,0,0,0,0,0,0,0,0,0,0,none,0,0,0,11781.4,0,0,0,17,8435.78,1
1078,5512,5512,0,5250,1,120.00500009684083,8.40193E-05,0,0,0,0,0,0,1,9.33333648764271E-15,0,0,9.33333648764271E-15,9.33333648764271E-15,0,0,0,0,0,none,0,0,0,12170.2,0,0,0,8,10495.5,1
1079,5512,5512,0,5250,1,120.00500009684083,8.40193E-05,0,0,0,0,0,0,0,0,0,0,0,0,0,0,0,0,0,none,0,0,0,11522,0,0,0,9,26335.9,1
1080,5512,5512,0,5250,1,120.00500009684083,8.40193E-05,0,0,0,0,0,0,0,0,0,0,0,0,0,0,0,0,0,none,0,0,0,13267,0,0,0,8,7884.14,1
1081,5512,5512,0,5250,1,120.00500009684083,8.40193E-05,0,0,0,0,0,0,0,0,0,0,0,0,0,0,0,0,0,none,0,0,0,10398.9,0,0,0,23,10262.4,1
1082,5512,5512,0,5250,1,120.00500009684083,8.40193E-05,0,0,0,0,0,0,0,0,0,0,0,0,0,0,0,0,0,none,0,0,0,10152.6,0,0,0,13,11831,1
1083,5512,5512,0,5250,1,120.00500009684083,8.40193E-05,0,0,0,0,0,0,0,0,0,0,0,0,0,0,0,0,0,none,0,0,0,12032,0,0,0,15,7512.94,1
1084,5512,5512,0,5250,1,120.00500009684083,8.40193E-05,0,0,0,0,0,0,0,0,0,0,0,0,0,0,0,0,0,none,0,0,0,16818.2,0,0,0,24,8952.82,1
1085,5512,5512,0,5250,1,120.00500009684083,8.40193E-05,0,0,0,0,0,0,0,0,0,0,0,0,0,0,0,0,0,none,0,0,0,11061.2,0,0,0,12,7730.94,1
1086,5512,5512,0,5250,1,120.00500009684083,8.40193E-05,0,0,0,0,0,0,0,0,0,0,0,0,0,0,0,0,0,none,0,0,0,13488.6,0,0,0,81,13576.8,1
1087,5512,5512,0,5250,1,120.00500009684083,8.40193E-05,0,0,0,0,0,0,0,0,0,0,0,0,0,0,0,0,0,none,0,0,0,16550.3,0,0,0,23,7631.73,1
1088,5512,5512,0,5250,1,120.00500009684083,8.40193E-05,0,0,0,0,0,0,0,0,0,0,0,0,0,0,0,0,0,none,0,0,0,10957,0,0,0,8,14470.8,1
1089,5512,5512,0,5250,1,120.00500009684083,8.40193E-05,0,0,0,0,0,0,0,0,0,0,0,0,0,0,0,0,0,none,0,0,0,10420.8,0,0,0,80,6883.35,1
1090,5512,5512,0,5250,1,120.00500009684083,8.40193E-05,0,0,0,0,0,0,0,0,0,0,0,0,0,0,0,0,0,none,0,0,0,15536.9,0,0,0,17,9782.45,1
1091,5512,5512,0,5250,1,120.00500009684083,8.40193E-05,0,0,0,0,0,0,0,0,0,0,0,0,0,0,0,0,0,none,0,0,0,10293.6,0,0,0,8,6954.35,1
1092,5512,5512,0,5250,1,120.00500009684083,8.40193E-05,0,0,0,0,0,0,0,0,0,0,0,0,0,0,0,0,0,none,0,0,0,10974.3,0,0,0,12,8908.83,1
1093,5512,5512,0,5250,1,120.00500009684083,8.40193E-05,0,0,0,0,0,0,0,0,0,0,0,0,0,0,0,0,0,none,0,0,0,9297.96,0,0,0,15,20930.5,1
1094,5512,5512,0,5250,1,120.00500009684083,8.40193E-05,0,0,0,0,0,0,0,0,0,0,0,0,0,0,0,0,0,none,0,0,0,11484.7,0,0,0,13,6955.5,1
1095,5512,5512,0,5250,1,120.00500009684083,8.40193E-05,0,0,0,0,0,0,0,0,0,0,0,0,0,0,0,0,0,none,0,0,0,13793.9,0,0,0,12,16669.3,1
1096,5512,5512,0,5250,1,120.00500009684083,8.40193E-05,0,0,0,0,0,0,0,0,0,0,0,0,0,0,0,0,0,none,0,0,0,8610.85,0,0,0,13,6619.67,1
1097,5512,5512,0,5250,1,120.00500009684083,8.40193E-05,0,0,0,0,0,0,0,0,0,0,0,0,0,0,0,0,0,none,0,0,0,12057.3,0,0,0,14,11360.4,1
1098,5512,5512,0,5250,1,120.00500009684083,8.40193E-05,0,0,0,0,0,0,0,0,0,0,0,0,0,0,0,0,0,none,0,0,0,11984.9,0,0,0,14,11830.5,1
1099,5512,5512,0,5250,1,120.00500009684083,8.40193E-05,0,0,0,0,0,0,0,0,0,0,0,0,0,0,0,0,0,none,0,0,0,10097.6,0,0,0,71,6949.04,1
1100,5512,5512,0,5250,1,120.00500009684083,8.40193E-05,0,0,0,0,0,0,0,0,0,0,0,0,0,0,0,0,0,none,0,0,0,11064.2,0,0,0,10,6248.38,1
1101,5512,5512,0,5250,1,120.00500009684083,8.40193E-05,0,0,0,0,0,0,0,0,0,0,0,0,0,0,0,0,0,none,0,0,0,14956.9,0,0,0,16,8885.5,1
1102,5512,5512,0,5250,1,120.00500009684083,8.40193E-05,0,0,0,0,0,0,0,0,0,0,0,0,0,0,0,0,0,none,0,0,0,11834.9,0,0,0,75,12728.6,1
1103,5512,5512,0,5250,1,120.00500009684083,8.40193E-05,0,0,0,0,0,0,0,0,0,0,0,0,0,0,0,0,0,none,0,0,0,12092.5,0,0,0,7,13815.9,1
1104,5512,5512,0,5250,1,120.00500009684083,8.40193E-05,0,0,0,0,0,0,0,0,0,0,0,0,0,0,0,0,0,none,0,0,0,15999,0,0,0,20,6296.68,1
1105,5512,5512,0,5250,1,120.00500009684083,8.40193E-05,0,0,0,0,0,0,0,0,0,0,0,0,0,0,0,0,0,none,0,0,0,11159,0,0,0,5,14870.7,1
1106,5512,5512,0,5250,1,120.00500009684083,8.40193E-05,0,0,0,0,0,0,0,0,0,0,0,0,0,0,0,0,0,none,0,0,0,10664.3,0,0,0,5,14176.3,1
1107,5512,5512,0,5250,1,120.00500009684083,8.40193E-05,0,0,0,0,0,0,0,0,0,0,0,0,0,0,0,0,0,none,0,0,0,17409.9,0,0,0,14,10012.2,1
1108,5512,5512,0,5250,1,120.00500009684083,8.40193E-05,0,0,0,0,0,0,0,0,0,0,0,0,0,0,0,0,0,none,0,0,0,11669.6,0,0,0,19,8635.41,1
1109,5512,5512,0,5250,1,120.00500009684083,8.40193E-05,0,0,0,0,0,0,0,0,0,0,0,0,0,0,0,0,0,none,0,0,0,10715.6,0,0,0,16,6181.52,1
1110,5512,5512,0,5250,1,120.00500009684083,8.40193E-05,0,0,0,0,0,0,0,0,0,0,0,0,0,0,0,0,0,none,0,0,0,13470.8,0,0,0,11,10773.5,1
1111,5512,5512,0,5250,1,120.00500009684083,8.40193E-05,0,0,0,0,0,0,0,0,0,0,0,0,0,0,0,0,0,none,0,0,0,12595.9,0,0,0,8,9143.48,1
1112,5512,5512,0,5250,1,120.00500009684083,8.40193E-05,0,0,0,0,0,0,0,0,0,0,0,0,0,0,0,0,0,none,0,0,0,13905,0,0,0,7,12751.8,1
1113,5512,5512,0,5250,1,120.00500009684083,8.40193E-05,0,0,0,0,0,0,0,0,0,0,0,0,0,0,0,0,0,none,0,0,0,12242.5,0,0,0,12,10465.6,1
1114,5512,5512,0,5250,1,120.00500009684083,8.40193E-05,0,0,0,0,0,0,0,0,0,0,0,0,0,0,0,0,0,none,0,0,0,11914.3,0,0,0,13,10947.2,1
1115,5512,5512,0,5250,1,120.00500009684083,8.40193E-05,0,0,0,0,0,0,0,0,0,0,0,0,0,0,0,0,0,none,0,0,0,16553.8,0,0,0,80,11058.1,1
1116,5512,5512,0,5250,1,120.00500009684083,8.40193E-05,0,0,0,0,0,0,0,0,0,0,0,0,0,0,0,0,0,none,0,0,0,10093.8,0,0,0,13,10237.2,1
1117,5512,5512,0,5250,1,120.00500009684083,8.40193E-05,0,0,0,0,0,0,0,0,0,0,0,0,0,0,0,0,0,none,0,0,0,11373.9,0,0,0,4,60689.3,1
1118,5512,5512,0,5250,1,120.00500009684083,8.40193E-05,0,0,0,0,0,0,0,0,0,0,0,0,0,0,0,0,0,none,0,0,0,12744.1,0,0,0,16,8822.76,1
1119,5512,5512,0,5250,1,120.00500009684083,8.40193E-05,0,0,0,0,0,0,0,0,0,0,0,0,0,0,0,0,0,none,0,0,0,11391.3,0,0,0,19,10038.2,1
1120,5512,5512,0,5250,1,120.00500009684083,8.40193E-05,0,0,0,0,0,0,0,0,0,0,0,0,0,0,0,0,0,none,0,0,0,11035.8,0,0,0,12,11143.2,1
1121,5512,5512,0,5250,1,120.00500009684083,8.40193E-05,0,0,0,0,0,0,0,0,0,0,0,0,0,0,0,0,0,none,0,0,0,13442.8,0,0,0,17,9697.8,1
1122,5512,5512,0,5250,1,120.00500009684083,8.40193E-05,0,0,0,0,0,0,0,0,0,0,0,0,0,0,0,0,0,none,0,0,0,11241.5,0,0,0,24,9891.63,1
1123,5512,5512,0,5250,1,120.00500009684083,8.40193E-05,0,0,0,0,0,0,0,0,0,0,0,0,0,0,0,0,0,none,0,0,0,10907.2,0,0,0,12,14174.2,1
1124,5512,5512,0,5250,1,120.00500009684083,8.40193E-05,0,0,0,0,0,0,0,0,0,0,0,0,0,0,0,0,0,none,0,0,0,16797.8,0,0,0,5,22715.6,1
1125,5512,5512,0,5250,1,120.00500009684083,8.40193E-05,0,0,0,0,0,0,0,0,0,0,0,0,0,0,0,0,0,none,0,0,0,12232.7,0,0,0,16,8605.68,1
1126,5512,5512,0,5250,1,120.00500009684083,8.40193E-05,0,0,0,0,0,0,0,0,0,0,0,0,0,0,0,0,0,none,0,0,0,10476.5,0,0,0,12,16149.7,1
1127,5512,5512,0,5250,1,120.00500009684083,8.40193E-05,0,0,0,0,0,0,0,0,0,0,0,0,0,0,0,0,0,none,0,0,0,13575.1,0,0,0,5,26961.1,1
1128,5512,5512,0,5250,1,120.00500009684083,8.40193E-05,0,0,0,0,0,0,0,0,0,0,0,0,0,0,0,0,0,none,0,0,0,13384,0,0,0,81,9070.27,1
1129,5512,5512,0,5250,1,120.00500009684083,8.40193E-05,0,0,0,0,0,0,0,0,0,0,0,0,0,0,0,0,0,none,0,0,0,11543.6,0,0,0,8,11968.8,1
1130,5512,5512,0,5250,1,120.00500009684083,8.40193E-05,0,0,0,0,0,0,0,0,0,0,0,0,0,0,0,0,0,none,0,0,0,12676.2,0,0,0,72,11338.2,1
1131,5512,5512,0,5250,1,120.00500009684083,8.40193E-05,0,0,0,0,0,0,0,0,0,0,0,0,0,0,0,0,0,none,0,0,0,12792.5,0,0,0,20,10534.8,1
1132,5512,5512,0,5250,1,120.00500009684083,8.40193E-05,0,0,0,0,0,0,0,0,0,0,0,0,0,0,0,0,0,none,0,0,0,12131.9,0,0,0,12,10929.2,1
1133,5512,5512,0,5250,1,120.00500009684083,8.40193E-05,0,0,0,0,0,0,0,0,0,0,0,0,0,0,0,0,0,none,0,0,0,10134.1,0,0,0,12,12995.1,1
1134,5512,5512,0,5250,1,120.00500009684083,8.40193E-05,0,0,0,0,0,0,0,0,0,0,0,0,0,0,0,0,0,none,0,0,0,15646.2,0,0,0,16,16880,1
1135,5512,5512,0,5250,1,120.00500009684083,8.40193E-05,0,0,0,0,0,0,0,0,0,0,0,0,0,0,0,0,0,none,0,0,0,12862.8,0,0,0,15,8748.56,1
1136,5512,5512,0,5250,1,120.00500009684083,8.40193E-05,0,0,0,0,0,0,0,0,0,0,0,0,0,0,0,0,0,none,0,0,0,11173.6,0,0,0,10,12487.8,1
1137,5512,5512,0,5250,1,120.00500009684083,8.40193E-05,0,0,0,0,0,0,0,0,0,0,0,0,0,0,0,0,0,none,0,0,0,14522.5,0,0,0,3,14424.8,1
1138,5512,5512,0,5250,1,120.00500009684083,8.40193E-05,0,0,0,0,0,0,0,0,0,0,0,0,0,0,0,0,0,none,0,0,0,13657,0,0,0,15,9540.46,1
1139,5512,5512,0,5250,1,120.00500009684083,8.40193E-05,0,0,0,0,0,0,0,0,0,0,0,0,0,0,0,0,0,none,0,0,0,11567,0,0,0,29,11689.8,1
1140,5512,5512,0,5250,1,120.00500009684083,8.40193E-05,0,0,0,0,0,0,0,0,0,0,0,0,0,0,0,0,0,none,0,0,0,11209.3,0,0,0,14,11580.3,1
1141,5512,5512,0,5250,1,120.00500009684083,8.40193E-05,0,0,0,0,0,0,0,0,0,0,0,0,0,0,0,0,0,none,0,0,0,12292.1,0,0,0,75,15173.9,1
1142,5512,5512,0,5250,1,120.00500009684083,8.40193E-05,0,0,0,0,0,0,0,0,0,0,0,0,0,0,0,0,0,none,0,0,0,12929.1,0,0,0,6,11151.9,1
1143,5512,5512,0,5250,1,120.00500009684083,8.40193E-05,0,0,0,0,0,0,0,0,0,0,0,0,0,0,0,0,0,none,0,0,0,10274,0,0,0,6,18148.2,1
1144,5512,5512,0,5250,1,120.00500009684083,8.40193E-05,0,0,0,0,0,0,0,0,0,0,0,0,0,0,0,0,0,none,0,0,0,13764.2,0,0,0,72,21727,1
1145,5512,5512,0,5250,1,120.00500009684083,8.40193E-05,0,0,0,0,0,0,0,0,0,0,0,0,0,0,0,0,0,none,0,0,0,14644.7,0,0,0,20,9013.35,1
1146,5512,5512,0,5250,1,120.00500009684083,8.40193E-05,0,0,0,0,0,0,0,0,0,0,0,0,0,0,0,0,0,none,0,0,0,12116.3,0,0,0,7,11416.6,1
1147,5512,5512,0,5250,1,120.00500009684083,8.40193E-05,0,0,0,0,0,0,0,0,0,0,0,0,0,0,0,0,0,none,0,0,0,12760.8,0,0,0,14,16980.5,1
1148,5512,5512,0,5250,1,120.00500009684083,8.40193E-05,0,0,0,0,0,0,0,0,0,0,0,0,0,0,0,0,0,none,0,0,0,14891,0,0,0,15,10230.9,1
1149,5512,5512,0,5250,1,120.00500009684083,8.40193E-05,0,0,0,0,0,0,0,0,0,0,0,0,0,0,0,0,0,none,0,0,0,11844.3,0,0,0,11,10646.8,1
1150,5512,5512,0,5250,1,120.00500009684083,8.40193E-05,0,0,0,0,0,0,0,0,0,0,0,0,0,0,0,0,0,none,0,0,0,10229,0,0,0,19,11888.8,1
1151,5512,5512,0,5250,1,120.00500009684083,8.40193E-05,0,0,0,0,0,0,0,0,0,0,0,0,0,0,0,0,0,none,0,0,0,11998.6,0,0,0,16,10212.3,1
1152,5512,5512,0,5250,1,120.00500009684083,8.40193E-05,0,0,0,0,0,0,0,0,0,0,0,0,0,0,0,0,0,none,0,0,0,11321.6,0,0,0,12,8699.94,1
1153,5512,5512,0,5250,1,120.00500009684083,8.40193E-05,0,0,0,0,0,0,0,0,0,0,0,0,0,0,0,0,0,none,0,0,0,11201.5,0,0,0,12,16596.3,1
1154,5512,5512,0,5250,1,120.00500009684083,8.40193E-05,0,0,0,0,0,0,0,0,0,0,0,0,0,0,0,0,0,none,0,0,0,14876.9,0,0,0,81,10018.3,1
1155,5512,5512,0,5250,1,120.00500009684083,8.40193E-05,0,0,0,0,0,0,0,0,0,0,0,0,0,0,0,0,0,none,0,0,0,11014.1,0,0,0,14,9407.42,1
1156,5512,5512,0,5250,1,120.00500009684083,8.40193E-05,0,0,0,0,0,0,0,0,0,0,0,0,0,0,0,0,0,none,0,0,0,11942.5,0,0,0,6,19223.4,1
1157,5512,5512,0,5250,1,120.00500009684083,8.40193E-05,0,0,0,0,0,0,0,0,0,0,0,0,0,0,0,0,0,none,0,0,0,11482.1,0,0,0,72,9877.01,1
1158,5512,5512,0,5250,1,120.00500009684083,8.40193E-05,0,0,0,0,0,0,0,0,0,0,0,0,0,0,0,0,0,none,0,0,0,10965.2,0,0,0,5,21626.5,1
1159,5512,5512,0,5250,1,120.00500009684083,8.40193E-05,0,0,0,0,0,0,0,0,0,0,0,0,0,0,0,0,0,none,0,0,0,13464,0,0,0,4,20446.7,1
1160,5512,5512,0,5250,1,120.00500009684083,8.40193E-05,0,0,0,0,0,0,0,0,0,0,0,0,0,0,0,0,0,none,0,0,0,10163.9,0,0,0,23,9753.57,1
1161,5512,5512,0,5250,1,120.00500009684083,8.40193E-05,0,0,0,0,0,0,0,0,0,0,0,0,0,0,0,0,0,none,0,0,0,11158.2,0,0,0,74,22950.6,1
1162,5512,5512,0,5250,1,120.00500009684083,8.40193E-05,0,0,0,0,0,0,0,0,0,0,0,0,0,0,0,0,0,none,0,0,0,15417.3,0,0,0,13,8960.98,1
1163,5512,5512,0,5250,1,120.00500009684083,8.40193E-05,0,0,0,0,0,0,0,0,0,0,0,0,0,0,0,0,0,none,0,0,0,12844.1,0,0,0,4,11004.7,1
1164,5512,5512,0,5250,1,120.00500009684083,8.40193E-05,0,0,0,0,0,0,0,0,0,0,0,0,0,0,0,0,0,none,0,0,0,11604.5,0,0,0,10,23652.9,1
1165,5512,5512,0,5250,1,120.00500009684083,8.40193E-05,0,0,0,0,0,0,0,0,0,0,0,0,0,0,0,0,0,none,0,0,0,16646.9,0,0,0,19,10024.5,1
1166,5512,5512,0,5250,1,120.00500009684083,8.40193E-05,0,0,0,0,0,0,0,0,0,0,0,0,0,0,0,0,0,none,0,0,0,12014.5,0,0,0,11,10422.4,1
1167,5512,5512,0,5250,1,120.00500009684083,8.40193E-05,0,0,0,0,0,0,0,0,0,0,0,0,0,0,0,0,0,none,0,0,0,10390.3,0,0,0,76,13322.4,1
1168,5512,5512,0,5250,1,120.00500009684083,8.40193E-05,0,0,0,0,0,0,0,0,0,0,0,0,0,0,0,0,0,none,0,0,0,16410.5,0,0,0,8,26882.3,1
1169,5512,5512,0,5250,1,120.00500009684083,8.40193E-05,0,0,0,0,0,0,0,0,0,0,0,0,0,0,0,0,0,none,0,0,0,14823.2,0,0,0,14,8664.37,1
1170,5512,5512,0,5250,1,120.00500009684083,8.40193E-05,0,0,0,0,0,0,0,0,0,0,0,0,0,0,0,0,0,none,0,0,0,11013.3,0,0,0,74,12832.8,1
1171,5512,5512,0,5250,1,120.00500009684083,8.40193E-05,0,0,0,0,0,0,0,0,0,0,0,0,0,0,0,0,0,none,0,0,0,12142.6,0,0,0,8,12374.4,1
1172,5512,5512,0,5250,1,120.00500009684083,8.40193E-05,0,0,0,0,0,0,0,0,0,0,0,0,0,0,0,0,0,none,0,0,0,14374.3,0,0,0,13,9260.55,1
1173,5512,5512,0,5250,1,120.00500009684083,8.40193E-05,0,0,0,0,0,0,0,0,0,0,0,0,0,0,0,0,0,none,0,0,0,12764.7,0,0,0,10,17249.4,1
1174,5512,5512,0,5250,1,120.00500009684083,8.40193E-05,0,0,0,0,0,0,0,0,0,0,0,0,0,0,0,0,0,none,0,0,0,11835.2,0,0,0,20,11618.2,1
1175,5512,5512,0,5250,1,120.00500009684083,8.40193E-05,0,0,0,0,0,0,0,0,0,0,0,0,0,0,0,0,0,none,0,0,0,13983.5,0,0,0,10,11423.6,1
1176,5512,5512,0,5250,1,120.00500009684083,8.40193E-05,0,0,0,0,0,0,0,0,0,0,0,0,0,0,0,0,0,none,0,0,0,12327.8,0,0,0,6,26640.2,1
1177,5512,5512,0,5250,1,120.00500009684083,8.40193E-05,0,0,0,0,0,0,0,0,0,0,0,0,0,0,0,0,0,none,0,0,0,10100.9,0,0,0,17,11097.2,1
1178,5512,5512,0,5250,1,120.00500009684083,8.40193E-05,0,0,0,0,0,0,0,0,0,0,0,0,0,0,0,0,0,none,0,0,0,12924.5,0,0,0,11,11005.8,1
1179,5512,5512,0,5250,1,120.00500009684083,8.40193E-05,0,0,0,0,0,0,0,0,0,0,0,0,0,0,0,0,0,none,0,0,0,14051.2,0,0,0,9,8893.61,1
1180,5512,5512,0,5250,1,120.00500009684083,8.40193E-05,0,0,0,0,0,0,0,0,0,0,0,0,0,0,0,0,0,none,0,0,0,12379.5,0,0,0,17,10690,1
1181,5512,5512,0,5250,1,120.00500009684083,8.40193E-05,0,0,0,0,0,0,0,0,0,0,0,0,0,0,0,0,0,none,0,0,0,11564.3,0,0,0,9,16940.6,1
1182,5512,5512,0,5250,1,120.00500009684083,8.40193E-05,0,0,0,0,0,0,0,0,0,0,0,0,0,0,0,0,0,none,0,0,0,15820.8,0,0,0,11,9849.8,1
1183,5512,5512,0,5250,1,120.00500009684083,8.40193E-05,0,0,0,0,0,0,0,0,0,0,0,0,0,0,0,0,0,none,0,0,0,15804.4,0,0,0,84,10241.4,1
1184,5512,5512,0,5250,1,120.00500009684083,8.40193E-05,0,0,0,0,0,0,0,0,0,0,0,0,0,0,0,0,0,none,0,0,0,10634,0,0,0,9,13521.5,1
1185,5512,5512,0,5250,1,120.00500009684083,8.40193E-05,0,0,0,0,0,0,0,0,0,0,0,0,0,0,0,0,0,none,0,0,0,16667.1,0,0,0,9,26720.9,1
1186,5512,5512,0,5250,1,120.00500009684083,8.40193E-05,0,0,0,0,0,0,0,0,0,0,0,0,0,0,0,0,0,none,0,0,0,12843.3,0,0,0,13,8638.39,1
1187,5512,5512,0,5250,1,120.00500009684083,8.40193E-05,0,0,0,0,0,0,0,0,0,0,0,0,0,0,0,0,0,none,0,0,0,10744.6,0,0,0,10,26686.5,1
1188,5512,5512,0,5250,1,120.00500009684083,8.40193E-05,0,0,0,0,0,0,0,0,0,0,0,0,0,0,0,0,0,none,0,0,0,15666.9,0,0,0,15,11173.8,1
1189,5512,5512,0,5250,1,120.00500009684083,8.40193E-05,0,0,0,0,0,0,0,0,0,0,0,0,0,0,0,0,0,none,0,0,0,13323.5,0,0,0,17,9153.44,1
1190,5512,5512,0,5250,1,120.00500009684083,8.40193E-05,0,0,0,0,0,0,0,0,0,0,0,0,0,0,0,0,0,none,0,0,0,10996.1,0,0,0,0,Infinity,1
1191,5512,5512,0,5250,1,120.00500009684083,8.40193E-05,0,0,0,0,0,0,0,0,0,0,0,0,0,0,0,0,0,none,0,0,0,12195.5,0,0,0,9,12280.5,1
1192,5512,5512,0,5250,1,120.00500009684083,8.40193E-05,0,0,0,0,0,0,0,0,0,0,0,0,0,0,0,0,0,none,0,0,0,13860.6,0,0,0,78,9862.57,1
1193,5512,5512,0,5250,1,120.00500009684083,8.40193E-05,0,0,0,0,0,0,0,0,0,0,0,0,0,0,0,0,0,none,0,0,0,10974.1,0,0,0,25,11269.6,1
1194,5512,5512,0,5250,1,120.00500009684083,8.40193E-05,0,0,0,0,0,0,0,0,0,0,0,0,0,0,0,0,0,none,0,0,0,10092.6,0,0,0,15,11085.9,1
1195,5512,5512,0,5250,1,120.00500009684083,8.40193E-05,0,0,0,0,0,0,0,0,0,0,0,0,0,0,0,0,0,none,0,0,0,12228.5,0,0,0,19,9739.21,1
1196,5512,5512,0,5250,1,120.00500009684083,8.40193E-05,0,0,0,0,0,0,0,0,0,0,0,0,0,0,0,0,0,none,0,0,0,11198,0,0,0,73,8831.46,1
1197,5512,5512,0,5250,1,120.00500009684083,8.40193E-05,0,0,0,0,0,0,0,0,0,0,0,0,0,0,0,0,0,none,0,0,0,12016.6,0,0,0,7,10468.7,1
1198,5512,5512,0,5250,1,120.00500009684083,8.40193E-05,0,0,0,0,0,0,0,0,0,0,0,0,0,0,0,0,0,none,0,0,0,11240.1,0,0,0,13,11375.3,1
1199,5512,5512,0,5250,1,120.00500009684083,8.40193E-05,0,0,0,0,0,0,0,0,0,0,0,0,0,0,0,0,0,none,0,0,0,11667.2,0,0,0,18,9716.48,1
1200,5512,5512,0,5250,1,120.00500009684083,8.40193E-05,0,0,0,0,0,0,0,0,0,0,0,0,0,0,0,0,0,none,0,0,0,15500.4,0,0,0,9,10097.9,1
1201,5512,5512,0,5250,1,120.00500009684083,8.40193E-05,0,0,0,0,0,0,0,0,0,0,0,0,0,0,0,0,0,none,0,0,0,10870.8,0,0,0,7,13751.6,1
1202,5512,5512,0,5250,1,120.00500009684083,8.40193E-05,0,0,0,0,0,0,0,0,0,0,0,0,0,0,0,0,0,none,0,0,0,12287.1,0,0,0,71,17256.2,1
1203,5512,5512,0,5250,1,120.00500009684083,8.40193E-05,0,0,0,0,0,0,0,0,0,0,0,0,0,0,0,0,0,none,0,0,0,16433.6,0,0,0,13,8610.34,1
1204,5512,5512,0,5250,1,120.00500009684083,8.40193E-05,0,0,0,0,0,0,0,0,0,0,0,0,0,0,0,0,0,none,0,0,0,10508.7,0,0,0,7,15972.4,1
1205,5512,5512,0,5250,1,120.00500009684083,8.40193E-05,0,0,0,0,0,0,0,0,0,0,0,0,0,0,0,0,0,none,0,0,0,13046.2,0,0,0,9,16766.1,1
1206,5512,5512,0,5250,1,120.00500009684083,8.40193E-05,0,0,0,0,0,0,0,0,0,0,0,0,0,0,0,0,0,none,0,0,0,13774.1,0,0,0,13,9079.17,1
1207,5512,5512,0,5250,1,120.00500009684083,8.40193E-05,0,0,0,0,0,0,0,0,0,0,0,0,0,0,0,0,0,none,0,0,0,13621.1,0,0,0,10,24553.8,1
1208,5512,5512,0,5250,1,120.00500009684083,8.40193E-05,0,0,0,0,0,0,0,0,0,0,0,0,0,0,0,0,0,none,0,0,0,12612.1,0,0,0,15,11627.4,1
1209,5512,5512,0,5250,1,120.00500009684083,8.40193E-05,0,0,0,0,0,0,0,0,0,0,0,0,0,0,0,0,0,none,0,0,0,12225.7,0,0,0,80,10587,1
1210,5512,5512,0,5250,1,120.00500009684083,8.40193E-05,0,0,0,0,0,0,0,0,0,0,0,0,0,0,0,0,0,none,0,0,0,13893.8,0,0,0,13,22127,1
1211,5512,5512,0,5250,1,120.00500009684083,8.40193E-05,0,0,0,0,0,0,0,0,0,0,0,0,0,0,0,0,0,none,0,0,0,10124.9,0,0,0,10,10763,1
1212,5512,5512,0,5250,1,120.00500009684083,8.40193E-05,0,0,0,0,0,0,0,0,0,0,0,0,0,0,0,0,0,none,0,0,0,11666.2,0,0,0,83,11043.9,1
1213,5512,5512,0,5250,1,120.00500009684083,8.40193E-05,0,0,0,0,0,0,0,0,0,0,0,0,0,0,0,0,0,none,0,0,0,13107.3,0,0,0,11,8757.26,1
1214,5512,5512,0,5250,1,120.00500009684083,8.40193E-05,0,0,0,0,0,0,0,0,0,0,0,0,0,0,0,0,0,none,0,0,0,11640.4,0,0,0,14,10277.8,1
1215,5512,5512,0,5250,1,120.00500009684083,8.40193E-05,0,0,0,0,0,0,0,0,0,0,0,0,0,0,0,0,0,none,0,0,0,11159.2,0,0,0,6,10651.1,1
1216,5512,5512,0,5250,1,120.00500009684083,8.40193E-05,0,0,0,0,0,0,0,0,0,0,0,0,0,0,0,0,0,none,0,0,0,12340.3,0,0,0,12,9559.55,1
1217,5512,5512,0,5250,1,120.00500009684083,8.40193E-05,0,0,0,0,0,0,0,0,0,0,0,0,0,0,0,0,0,none,0,0,0,15068.4,0,0,0,14,9971.95,1
1218,5512,5512,0,5250,1,120.00500009684083,8.40193E-05,0,0,0,0,0,0,0,0,0,0,0,0,0,0,0,0,0,none,0,0,0,11170.8,0,0,0,24,10381.5,1
1219,5512,5512,0,5250,1,120.00500009684083,8.40193E-05,0,0,0,0,0,0,0,0,0,0,0,0,0,0,0,0,0,none,0,0,0,11709.6,0,0,0,5,15068.2,1
1220,5512,5512,0,5250,1,120.00500009684083,8.40193E-05,0,0,0,0,0,0,0,0,0,0,0,0,0,0,0,0,0,none,0,0,0,15741.6,0,0,0,8,15219,1
1221,5512,5512,0,5250,1,120.00500009684083,8.40193E-05,0,0,0,0,0,0,0,0,0,0,0,0,0,0,0,0,0,none,0,0,0,10292.8,0,0,0,12,10163.4,1
1222,5512,5512,0,5250,1,120.00500009684083,8.40193E-05,0,0,0,0,0,0,0,0,0,0,0,0,0,0,0,0,0,none,0,0,0,11226.1,0,0,0,73,12457.4,1
1223,5512,5512,0,5250,1,120.00500009684083,8.40193E-05,0,0,0,0,0,0,0,0,0,0,0,0,0,0,0,0,0,none,0,0,0,13581.5,0,0,0,17,9019.52,1
1224,5512,5512,0,5250,1,120.00500009684083,8.40193E-05,0,0,0,0,0,0,0,0,0,0,0,0,0,0,0,0,0,none,0,0,0,11937.8,0,0,0,6,9981,1
1225,5512,5512,0,5250,1,120.00500009684083,8.40193E-05,0,0,0,0,0,0,0,0,0,0,0,0,0,0,0,0,0,none,0,0,0,10981.6,0,0,0,80,11173,1
1226,5512,5512,0,5250,1,120.00500009684083,8.40193E-05,0,0,0,0,0,0,0,0,0,0,0,0,0,0,0,0,0,none,0,0,0,12373.8,0,0,0,8,10260.2,1
1227,5512,5512,0,5250,1,120.00500009684083,8.40193E-05,0,0,0,0,0,0,0,0,0,0,0,0,0,0,0,0,0,none,0,0,0,14313.5,0,0,0,7,9848.23,1
1228,5512,5512,0,5250,1,120.00500009684083,8.40193E-05,0,0,0,0,0,0,0,0,0,0,0,0,0,0,0,0,0,none,0,0,0,10214.5,0,0,0,12,10517.1,1
1229,5512,5512,0,5250,1,120.00500009684083,8.40193E-05,0,0,0,0,0,0,0,0,0,0,0,0,0,0,0,0,0,none,0,0,0,11291.9,0,0,0,6,27544.9,1
1230,5512,5512,0,5250,1,120.00500009684083,8.40193E-05,0,0,0,0,0,0,0,0,0,0,0,0,0,0,0,0,0,none,0,0,0,16802.1,0,0,0,14,8704.85,1
1231,5512,5512,0,5250,1,120.00500009684083,8.40193E-05,0,0,0,0,0,0,0,0,0,0,0,0,0,0,0,0,0,none,0,0,0,11241.3,0,0,0,19,10127.8,1
1232,5512,5512,0,5250,1,120.00500009684083,8.40193E-05,0,0,0,0,0,0,0,0,0,0,0,0,0,0,0,0,0,none,0,0,0,11322.8,0,0,0,12,15051.2,1
1233,5512,5512,0,5250,1,120.00500009684083,8.40193E-05,0,0,0,0,0,0,0,0,0,0,0,0,0,0,0,0,0,none,0,0,0,16756,0,0,0,80,9424.25,1
1234,5512,5512,0,5250,1,120.00500009684083,8.40193E-05,0,0,0,0,0,0,0,0,0,0,0,0,0,0,0,0,0,none,0,0,0,11731.7,0,0,0,8,14867.6,1
1235,5512,5512,0,5250,1,120.00500009684083,8.40193E-05,0,0,0,0,0,0,0,0,0,0,0,0,0,0,0,0,0,none,0,0,0,11444.3,0,0,0,77,14335.7,1
1236,5512,5512,0,5250,1,120.00500009684083,8.40193E-05,0,0,0,0,0,0,0,0,0,0,0,0,0,0,0,0,0,none,0,0,0,15209.3,0,0,0,8,24993.1,1
1237,5512,5512,0,5250,1,120.00500009684083,8.40193E-05,0,0,0,0,0,0,0,0,0,0,0,0,0,0,0,0,0,none,0,0,0,12367.9,0,0,0,7,17324.3,1
1238,5512,5512,0,5250,1,120.00500009684083,8.40193E-05,0,0,0,0,0,0,0,0,0,0,0,0,0,0,0,0,0,none,0,0,0,10175.8,0,0,0,77,12942.6,1
1239,5512,5512,0,5250,1,120.00500009684083,8.40193E-05,0,0,0,0,0,0,0,0,0,0,0,0,0,0,0,0,0,none,0,0,0,12199.2,0,0,0,12,11766.4,1
1240,5512,5512,0,5250,1,120.00500009684083,8.40193E-05,0,0,0,0,0,0,0,0,0,0,0,0,0,0,0,0,0,none,0,0,0,13138.4,0,0,0,13,8968.74,1
1241,5512,5512,0,5250,1,120.00500009684083,8.40193E-05,0,0,0,0,0,0,0,0,0,0,0,0,0,0,0,0,0,none,0,0,0,12899.7,0,0,0,12,10960.3,1
1242,5512,5512,0,5250,1,120.00500009684083,8.40193E-05,0,0,0,0,0,0,0,0,0,0,0,0,0,0,0,0,0,none,0,0,0,13391.1,0,0,0,15,10826.4,1
1243,5512,5512,0,5250,1,120.00500009684083,8.40193E-05,0,0,0,0,0,0,0,0,0,0,0,0,0,0,0,0,0,none,0,0,0,11777.3,0,0,0,18,10050.3,1
1244,5512,5512,0,5250,1,120.00500009684083,8.40193E-05,0,0,0,0,0,0,0,0,0,0,0,0,0,0,0,0,0,none,0,0,0,12402.4,0,0,0,17,11483.8,1
1245,5512,5512,0,5250,1,120.00500009684083,8.40193E-05,0,0,0,0,0,0,0,0,0,0,0,0,0,0,0,0,0,none,0,0,0,10361.8,0,0,0,29,10316.4,1
1246,5512,5512,0,5250,1,120.00500009684083,8.40193E-05,0,0,0,0,0,0,0,0,0,0,0,0,0,0,0,0,0,none,0,0,0,11156.4,0,0,0,24,11032.2,1
1247,5512,5512,0,5250,1,120.00500009684083,8.40193E-05,0,0,0,0,0,0,0,0,0,0,0,0,0,0,0,0,0,none,0,0,0,13922.3,0,0,0,12,8668.51,1
1248,5512,5512,0,5250,1,120.00500009684083,8.40193E-05,0,0,0,0,0,0,0,0,0,0,0,0,0,0,0,0,0,none,0,0,0,11053,0,0,0,77,9998.78,1
1249,5512,5512,0,5250,1,120.00500009684083,8.40193E-05,0,0,0,0,0,0,0,0,0,0,0,0,0,0,0,0,0,none,0,0,0,11721.2,0,0,0,6,33472.5,1
1250,5512,5512,0,5250,1,120.00500009684083,8.40193E-05,0,0,0,0,0,0,0,0,0,0,0,0,0,0,0,0,0,none,0,0,0,16815.8,0,0,0,12,9279.13,1
1251,5512,5512,0,5250,1,120.00500009684083,8.40193E-05,0,0,0,0,0,0,0,0,0,0,0,0,0,0,0,0,0,none,0,0,0,12259.2,0,0,0,76,11115,1
1252,5512,5512,0,5250,1,120.00500009684083,8.40193E-05,0,0,0,0,0,0,0,0,0,0,0,0,0,0,0,0,0,none,0,0,0,11784.2,0,0,0,4,14709.8,1
1253,5512,5512,0,5250,1,120.00500009684083,8.40193E-05,0,0,0,0,0,0,0,0,0,0,0,0,0,0,0,0,0,none,0,0,0,14860.3,0,0,0,13,10354.8,1
1254,5512,5512,0,5250,1,120.00500009684083,8.40193E-05,0,0,0,0,0,0,0,0,0,0,0,0,0,0,0,0,0,none,0,0,0,11644.8,0,0,0,3,17311.1,1
1255,5512,5512,0,5250,1,120.00500009684083,8.40193E-05,0,0,0,0,0,0,0,0,0,0,0,0,0,0,0,0,0,none,0,0,0,10105.1,0,0,0,6,22779.5,1
1256,5512,5512,0,5250,1,120.00500009684083,8.40193E-05,0,0,0,0,0,0,0,0,0,0,0,0,0,0,0,0,0,none,0,0,0,16735,0,0,0,19,10139.6,1
1257,5512,5512,0,5250,1,120.00500009684083,8.40193E-05,0,0,0,0,0,0,0,0,0,0,0,0,0,0,0,0,0,none,0,0,0,11183.5,0,0,0,15,8901.95,1
1258,5512,5512,0,5250,1,120.00500009684083,8.40193E-05,0,0,0,0,0,0,0,0,0,0,0,0,0,0,0,0,0,none,0,0,0,12433.6,0,0,0,6,15017.8,1
1259,5512,5512,0,5250,1,120.00500009684083,8.40193E-05,0,0,0,0,0,0,0,0,0,0,0,0,0,0,0,0,0,none,0,0,0,13272.9,0,0,0,24,9963.58,1
1260,5512,5512,0,5250,1,120.00500009684083,8.40193E-05,0,0,0,0,0,0,0,0,0,0,0,0,0,0,0,0,0,none,0,0,0,10970.5,0,0,0,17,9868.3,1
1261,5512,5512,0,5250,1,120.00500009684083,8.40193E-05,0,0,0,0,0,0,0,0,0,0,0,0,0,0,0,0,0,none,0,0,0,15103.8,0,0,0,15,11304.1,1
1262,5512,5512,0,5250,1,120.00500009684083,8.40193E-05,0,0,0,0,0,0,0,0,0,0,0,0,0,0,0,0,0,none,0,0,0,10603,0,0,0,17,9833.92,1
1263,5512,5512,0,5250,1,120.00500009684083,8.40193E-05,0,0,0,0,0,0,0,0,0,0,0,0,0,0,0,0,0,none,0,0,0,11001.6,0,0,0,6,16627.4,1
1264,5512,5512,0,5250,1,120.00500009684083,8.40193E-05,0,0,0,0,0,0,0,0,0,0,0,0,0,0,0,0,0,none,0,0,0,13625.1,0,0,0,139,8641.34,1
1265,5512,5512,0,5250,1,120.00500009684083,8.40193E-05,0,0,0,0,0,0,0,0,0,0,0,0,0,0,0,0,0,none,0,0,0,10774.2,0,0,0,12,9710.96,1
1266,5512,5512,0,5250,1,120.00500009684083,8.40193E-05,0,0,0,0,0,0,0,0,0,0,0,0,0,0,0,0,0,none,0,0,0,11287.9,0,0,0,15,11413.9,1
1267,5512,5512,0,5250,1,120.00500009684083,8.40193E-05,0,0,0,0,0,0,0,0,0,0,0,0,0,0,0,0,0,none,0,0,0,12601.4,0,0,0,23,9163.84,1
1268,5512,5512,0,5250,1,120.00500009684083,8.40193E-05,0,0,0,0,0,0,0,0,0,0,0,0,0,0,0,0,0,none,0,0,0,13978.7,0,0,0,8,14820.3,1
1269,5512,5512,0,5250,1,120.00500009684083,8.40193E-05,0,0,0,0,0,0,0,0,0,0,0,0,0,0,0,0,0,none,0,0,0,11797.9,0,0,0,13,15156.2,1
1270,5512,5512,0,5250,1,120.00500009684083,8.40193E-05,0,0,0,0,0,0,0,0,0,0,0,0,0,0,0,0,0,none,0,0,0,14466.5,0,0,0,15,11045.2,1
1271,5512,5512,0,5250,1,120.00500009684083,8.40193E-05,0,0,0,0,0,0,0,0,0,0,0,0,0,0,0,0,0,none,0,0,0,13432,0,0,0,22,11537.2,1
1272,5512,5512,0,5250,1,120.00500009684083,8.40193E-05,0,0,0,0,0,0,0,0,0,0,0,0,0,0,0,0,0,none,0,0,0,10091.9,0,0,0,5,23776.7,1
1273,5512,5512,0,5250,1,120.00500009684083,8.40193E-05,0,0,0,0,0,0,0,0,0,0,0,0,0,0,0,0,0,none,0,0,0,15637.3,0,0,0,16,10894.2,1
1274,5512,5512,0,5250,1,120.00500009684083,8.40193E-05,0,0,0,0,0,0,0,0,0,0,0,0,0,0,0,0,0,none,0,0,0,11897,0,0,0,7,8839.79,1
1275,5512,5512,0,5250,1,120.00500009684083,8.40193E-05,0,0,0,0,0,0,0,0,0,0,0,0,0,0,0,0,0,none,0,0,0,12061.6,0,0,0,6,27080.9,1
1276,5512,5512,0,5250,1,120.00500009684083,8.40193E-05,0,0,0,0,0,0,0,0,0,0,0,0,0,0,0,0,0,none,0,0,0,14054.3,0,0,0,20,10357.3,1
1277,5512,5512,0,5250,1,120.00500009684083,8.40193E-05,0,0,0,0,0,0,0,0,0,0,0,0,0,0,0,0,0,none,0,0,0,11164.9,0,0,0,67,9734.41,1
1278,5512,5512,0,5250,1,120.00500009684083,8.40193E-05,0,0,0,0,0,0,0,0,0,0,0,0,0,0,0,0,0,none,0,0,0,14012.1,0,0,0,8,16129.1,1
1279,5512,5512,0,5250,1,120.00500009684083,8.40193E-05,0,0,0,0,0,0,0,0,0,0,0,0,0,0,0,0,0,none,0,0,0,10836.2,0,0,0,12,10026.4,1
1280,5512,5512,0,5250,1,120.00500009684083,8.40193E-05,0,0,0,0,0,0,0,0,0,0,0,0,0,0,0,0,0,none,0,0,0,11614.2,0,0,0,8,12941.2,1
1281,5512,5512,0,5250,1,120.00500009684083,8.40193E-05,0,0,0,0,0,0,0,0,0,0,0,0,0,0,0,0,0,none,0,0,0,14799.6,0,0,0,15,8614.74,1
1282,5512,5512,0,5250,1,120.00500009684083,8.40193E-05,0,0,0,0,0,0,0,0,0,0,0,0,0,0,0,0,0,none,0,0,0,10540.8,0,0,0,13,10941.4,1
1283,5512,5512,0,5250,1,120.00500009684083,8.40193E-05,0,0,0,0,0,0,0,0,0,0,0,0,0,0,0,0,0,none,0,0,0,12920.9,0,0,0,10,17537.4,1
1284,5512,5512,0,5250,1,120.00500009684083,8.40193E-05,0,0,0,0,0,0,0,0,0,0,0,0,0,0,0,0,0,none,0,0,0,15155.5,0,0,0,21,9088.31,1
1285,5512,5512,0,5250,1,120.00500009684083,8.40193E-05,0,0,0,0,0,0,0,0,0,0,0,0,0,0,0,0,0,none,0,0,0,13667.3,0,0,0,8,10579,1
1286,5512,5512,0,5250,1,120.00500009684083,8.40193E-05,0,0,0,0,0,0,0,0,0,0,0,0,0,0,0,0,0,none,0,0,0,12180.3,0,0,0,12,12012.3,1
1287,5512,5512,0,5250,1,120.00500009684083,8.40193E-05,0,0,0,0,0,0,0,0,0,0,0,0,0,0,0,0,0,none,0,0,0,11953.4,0,0,0,10,10640.7,1
1288,5512,5512,0,5250,1,120.00500009684083,8.40193E-05,0,0,0,0,0,0,0,0,0,0,0,0,0,0,0,0,0,none,0,0,0,12682.2,0,0,0,15,10328.6,1
1289,5512,5512,0,5250,1,120.00500009684083,8.40193E-05,0,0,0,0,0,0,0,0,0,0,0,0,0,0,0,0,0,none,0,0,0,10116.9,0,0,0,11,16737.5,1
1290,5512,5512,0,5250,1,120.00500009684083,8.40193E-05,0,0,0,0,0,0,0,0,0,0,0,0,0,0,0,0,0,none,0,0,0,15721.1,0,0,0,82,10620.2,1
1291,5512,5512,0,5250,1,120.00500009684083,8.40193E-05,0,0,0,0,0,0,0,0,0,0,0,0,0,0,0,0,0,none,0,0,0,11431.4,0,0,0,13,8766.53,1
1292,5512,5512,0,5250,1,120.00500009684083,8.40193E-05,0,0,0,0,0,0,0,0,0,0,0,0,0,0,0,0,0,none,0,0,0,11144.4,0,0,0,13,16186,1
1293,5512,5512,0,5250,1,120.00500009684083,8.40193E-05,0,0,0,0,0,0,0,0,0,0,0,0,0,0,0,0,0,none,0,0,0,14419.3,0,0,0,86,10190.7,1
1294,5512,5512,0,5250,1,120.00500009684083,8.40193E-05,0,0,0,0,0,0,0,0,0,0,0,0,0,0,0,0,0,none,0,0,0,11218.8,0,0,0,10,9579.33,1
1295,5512,5512,0,5250,1,120.00500009684083,8.40193E-05,0,0,0,0,0,0,0,0,0,0,0,0,0,0,0,0,0,none,0,0,0,10962.8,0,0,0,74,15783.1,1
1296,5512,5512,0,5250,1,120.00500009684083,8.40193E-05,0,0,0,0,0,0,0,0,0,0,0,0,0,0,0,0,0,none,0,0,0,11131.1,0,0,0,15,12455.6,1
1297,5512,5512,0,5250,1,120.00500009684083,8.40193E-05,0,0,0,0,0,0,0,0,0,0,0,0,0,0,0,0,0,none,0,0,0,11986.2,0,0,0,15,9819.6,1
1298,5512,5512,0,5250,1,120.00500009684083,8.40193E-05,0,0,0,0,0,0,0,0,0,0,0,0,0,0,0,0,0,none,0,0,0,11020.5,0,0,0,7,8578.68,1
1299,5512,5512,0,5250,1,120.00500009684083,8.40193E-05,0,0,0,0,0,0,0,0,0,0,0,0,0,0,0,0,0,none,0,0,0,10313.6,0,0,0,20,13689.8,1
1300,5512,5512,0,5250,1,120.00500009684083,8.40193E-05,0,0,0,0,0,0,0,0,0,0,0,0,0,0,0,0,0,none,0,0,0,13774.1,0,0,0,9,26761.1,1
1301,5512,5512,0,5250,1,120.00500009684083,8.40193E-05,0,0,0,0,0,0,0,0,0,0,0,0,0,0,0,0,0,none,0,0,0,11337.6,0,0,0,16,9025.88,1
1302,5512,5512,0,5250,1,120.00500009684083,8.40193E-05,0,0,0,0,0,0,0,0,0,0,0,0,0,0,0,0,0,none,0,0,0,12094.8,0,0,0,12,14821.1,1
1303,5512,5512,0,5250,1,120.00500009684083,8.40193E-05,0,0,0,0,0,0,0,0,0,0,0,0,0,0,0,0,0,none,0,0,0,13000.6,0,0,0,75,22906.1,1
1304,5512,5512,0,5250,1,120.00500009684083,8.40193E-05,0,0,0,0,0,0,0,0,0,0,0,0,0,0,0,0,0,none,0,0,0,11865.8,0,0,0,16,10291.4,1
1305,5512,5512,0,5250,1,120.00500009684083,8.40193E-05,0,0,0,0,0,0,0,0,0,0,0,0,0,0,0,0,0,none,0,0,0,12024.7,0,0,0,2,51964.9,1
1306,5512,5512,0,5250,1,120.00500009684083,8.40193E-05,0,0,0,0,0,0,0,0,0,0,0,0,0,0,0,0,0,none,0,0,0,10200.6,0,0,0,84,13058.5,1
1307,5512,5512,0,5250,1,120.00500009684083,8.40193E-05,0,0,0,0,0,0,0,0,0,0,0,0,0,0,0,0,0,none,0,0,0,12262.1,0,0,0,4,10400.5,1
1308,5512,5512,0,5250,1,120.00500009684083,8.40193E-05,0,0,0,0,0,0,0,0,0,0,0,0,0,0,0,0,0,none,0,0,0,11185.8,0,0,0,9,8709.96,1
1309,5512,5512,0,5250,1,120.00500009684083,8.40193E-05,0,0,0,0,0,0,0,0,0,0,0,0,0,0,0,0,0,none,0,0,0,11374.9,0,0,0,11,10981.3,1
1310,5512,5512,0,5250,1,120.00500009684083,8.40193E-05,0,0,0,0,0,0,0,0,0,0,0,0,0,0,0,0,0,none,0,0,0,13322.4,0,0,0,9,10054.6,1
1311,5512,5512,0,5250,1,120.00500009684083,8.40193E-05,0,0,0,0,0,0,0,0,0,0,0,0,0,0,0,0,0,none,0,0,0,11516.9,0,0,0,13,9440.72,1
1312,5512,5512,0,5250,1,120.00500009684083,8.40193E-05,0,0,0,0,0,0,0,0,0,0,0,0,0,0,0,0,0,none,0,0,0,12482.5,0,0,0,10,22407.3,1
1313,5512,5512,0,5250,1,120.00500009684083,8.40193E-05,0,0,0,0,0,0,0,0,0,0,0,0,0,0,0,0,0,none,0,0,0,11408,0,0,0,15,16293.5,1
1314,5512,5512,0,5250,1,120.00500009684083,8.40193E-05,0,0,0,0,0,0,0,0,0,0,0,0,0,0,0,0,0,none,0,0,0,12841.7,0,0,0,12,11059.4,1
1315,5512,5512,0,5250,1,120.00500009684083,8.40193E-05,0,0,0,0,0,0,0,0,0,0,0,0,0,0,0,0,0,none,0,0,0,13623.3,0,0,0,10,16894.5,1
1316,5512,5512,0,5250,1,120.00500009684083,8.40193E-05,0,0,0,0,0,0,0,0,0,0,0,0,0,0,0,0,0,none,0,0,0,10188.2,0,0,0,76,13947.8,1
1317,5512,5512,0,5250,1,120.00500009684083,8.40193E-05,0,0,0,0,0,0,0,0,0,0,0,0,0,0,0,0,0,none,0,0,0,12748.8,0,0,0,9,10892.4,1
1318,5512,5512,0,5250,1,120.00500009684083,8.40193E-05,0,0,0,0,0,0,0,0,0,0,0,0,0,0,0,0,0,none,0,0,0,12828.6,0,0,0,19,8976.09,1
1319,5512,5512,0,5250,1,120.00500009684083,8.40193E-05,0,0,0,0,0,0,0,0,0,0,0,0,0,0,0,0,0,none,0,0,0,12843.9,0,0,0,80,11144.7,1
1320,5512,5512,0,5250,1,120.00500009684083,8.40193E-05,0,0,0,0,0,0,0,0,0,0,0,0,0,0,0,0,0,none,0,0,0,13344.1,0,0,0,15,10545.5,1
1321,5512,5512,0,5250,1,120.00500009684083,8.40193E-05,0,0,0,0,0,0,0,0,0,0,0,0,0,0,0,0,0,none,0,0,0,12103.5,0,0,0,19,10076.3,1
1322,5512,5512,0,5250,1,120.00500009684083,8.40193E-05,0,0,0,0,0,0,0,0,0,0,0,0,0,0,0,0,0,none,0,0,0,11518,0,0,0,10,18003.3,1
1323,5512,5512,0,5250,1,120.00500009684083,8.40193E-05,0,0,0,0,0,0,0,0,0,0,0,0,0,0,0,0,0,none,0,0,0,10335.7,0,0,0,12,10302.7,1
1324,5512,5512,0,5250,1,120.00500009684083,8.40193E-05,0,0,0,0,0,0,0,0,0,0,0,0,0,0,0,0,0,none,0,0,0,11521,0,0,0,19,10224.3,1
1325,5512,5512,0,5250,1,120.00500009684083,8.40193E-05,0,0,0,0,0,0,0,0,0,0,0,0,0,0,0,0,0,none,0,0,0,11185.4,0,0,0,11,8672.83,1
1326,5512,5512,0,5250,1,120.00500009684083,8.40193E-05,0,0,0,0,0,0,0,0,0,0,0,0,0,0,0,0,0,none,0,0,0,11092.8,0,0,0,68,10093.5,1
1327,5512,5512,0,5250,1,120.00500009684083,8.40193E-05,0,0,0,0,0,0,0,0,0,0,0,0,0,0,0,0,0,none,0,0,0,11109.2,0,0,0,11,14183.7,1
1328,5512,5512,0,5250,1,120.00500009684083,8.40193E-05,0,0,0,0,0,0,0,0,0,0,0,0,0,0,0,0,0,none,0,0,0,12022.7,0,0,0,14,9298.38,1
1329,5512,5512,0,5250,1,120.00500009684083,8.40193E-05,0,0,0,0,0,0,0,0,0,0,0,0,0,0,0,0,0,none,0,0,0,14369.6,0,0,0,13,9930.84,1
1330,5512,5512,0,5250,1,120.00500009684083,8.40193E-05,0,0,0,0,0,0,0,0,0,0,0,0,0,0,0,0,0,none,0,0,0,10958.2,0,0,0,7,16810.5,1
1331,5512,5512,0,5250,1,120.00500009684083,8.40193E-05,0,0,0,0,0,0,0,0,0,0,0,0,0,0,0,0,0,none,0,0,0,13601.2,0,0,0,12,11558,1
1332,5512,5512,0,5250,1,120.00500009684083,8.40193E-05,0,0,0,0,0,0,0,0,0,0,0,0,0,0,0,0,0,none,0,0,0,13748.8,0,0,0,73,9805.25,1
1333,5512,5512,0,5250,1,120.00500009684083,8.40193E-05,0,0,0,0,0,0,0,0,0,0,0,0,0,0,0,0,0,none,0,0,0,10110.5,0,0,0,13,14250.5,1
1334,5512,5512,0,5250,1,120.00500009684083,8.40193E-05,0,0,0,0,0,0,0,0,0,0,0,0,0,0,0,0,0,none,0,0,0,15328,0,0,0,11,11454,1
1335,5512,5512,0,5250,1,120.00500009684083,8.40193E-05,0,0,0,0,0,0,0,0,0,0,0,0,0,0,0,0,0,none,0,0,0,12513.1,0,0,0,15,8910.52,1
1336,5512,5512,0,5250,1,120.00500009684083,8.40193E-05,0,0,0,0,0,0,0,0,0,0,0,0,0,0,0,0,0,none,0,0,0,11390.1,0,0,0,17,14868.4,1
1337,5512,5512,0,5250,1,120.00500009684083,8.40193E-05,0,0,0,0,0,0,0,0,0,0,0,0,0,0,0,0,0,none,0,0,0,13710.2,0,0,0,8,27707.6,1
1338,5512,5512,0,5250,1,120.00500009684083,8.40193E-05,0,0,0,0,0,0,0,0,0,0,0,0,0,0,0,0,0,none,0,0,0,13492.3,0,0,0,10,9887.87,1
1339,5512,5512,0,5250,1,120.00500009684083,8.40193E-05,0,0,0,0,0,0,0,0,0,0,0,0,0,0,0,0,0,none,0,0,0,11219.2,0,0,0,8,11582.5,1
1340,5512,5512,0,5250,1,120.00500009684083,8.40193E-05,0,0,0,0,0,0,0,0,0,0,0,0,0,0,0,0,0,none,0,0,0,10571.1,0,0,0,14,18351.5,1
1341,5512,5512,0,5250,1,120.00500009684083,8.40193E-05,0,0,0,0,0,0,0,0,0,0,0,0,0,0,0,0,0,none,0,0,0,15859.6,0,0,0,15,10083.5,1
1342,5512,5512,0,5250,1,120.00500009684083,8.40193E-05,0,0,0,0,0,0,0,0,0,0,0,0,0,0,0,0,0,none,0,0,0,11430,0,0,0,9,8644.31,1
1343,5512,5512,0,5250,1,120.00500009684083,8.40193E-05,0,0,0,0,0,0,0,0,0,0,0,0,0,0,0,0,0,none,0,0,0,10804.8,0,0,0,11,22365.9,1
1344,5512,5512,0,5250,1,120.00500009684083,8.40193E-05,0,0,0,0,0,0,0,0,0,0,0,0,0,0,0,0,0,none,0,0,0,14890.6,0,0,0,11,11727.6,1
1345,5512,5512,0,5250,1,120.00500009684083,8.40193E-05,0,0,0,0,0,0,0,0,0,0,0,0,0,0,0,0,0,none,0,0,0,12112.3,0,0,0,83,9174.88,1
1346,5512,5512,0,5250,1,120.00500009684083,8.40193E-05,0,0,0,0,0,0,0,0,0,0,0,0,0,0,0,0,0,none,0,0,0,14016.2,0,0,0,7,11891.8,1
1347,5512,5512,0,5250,1,120.00500009684083,8.40193E-05,0,0,0,0,0,0,0,0,0,0,0,0,0,0,0,0,0,none,0,0,0,12104,0,0,0,18,15682.7,1
1348,5511,5512,1,5250,1,120.00500009684083,8.40193E-05,0,1,4.675423953033729E-09,0,0,0,0,0,0,0,0,0,0,0,4.675423953022636E-09,0,-1.1092492014336101E-20,no_compact_gain,0,0,0,14189.6,0,0,0,16,11094.5,1
1349,5511,5512,0,5250,1,120.00500009684083,8.40193E-05,0,0,0,0,0,0,0,0,0,0,0,0,0,0,0,0,0,none,0,0,0,16378,0,0,0,25,11299.1,1
1350,5511,5512,0,5250,1,120.00500009684083,8.40193E-05,0,0,0,0,0,0,0,0,0,0,0,0,0,0,0,0,0,none,0,0,0,10091.8,0,0,0,14,14608.4,1
1351,5511,5512,0,5250,1,120.00500009684083,8.40193E-05,0,0,0,0,0,0,0,0,0,0,0,0,0,0,0,0,0,none,0,0,0,14965.4,0,0,0,2,64294.2,1
1352,5511,5512,0,5250,1,120.00500009684083,8.40193E-05,0,0,0,0,0,0,0,0,0,0,0,0,0,0,0,0,0,none,0,0,0,15287.4,0,0,0,13,8847.82,1
1353,5511,5512,0,5250,1,120.00500009684083,8.40193E-05,0,0,0,0,0,0,0,0,0,0,0,0,0,0,0,0,0,none,0,0,0,11615.1,0,0,0,20,14885.8,1
1354,5511,5512,0,5250,1,120.00500009684083,8.40193E-05,0,0,0,0,0,0,0,0,0,0,0,0,0,0,0,0,0,none,0,0,0,14014.3,0,0,0,12,12078.5,1
1355,5511,5512,0,5250,1,120.00500009684083,8.40193E-05,0,0,0,0,0,0,0,0,0,0,0,0,0,0,0,0,0,none,0,0,0,11941.9,0,0,0,15,9751.67,1
1356,5510,5512,1,5250,1,120.00500009684083,8.40193E-05,0,1,8.449421233102275E-10,0,0,0,0,0,0,0,0,0,0,0,8.44942123212622E-10,0,-9.760555452245559E-20,no_compact_gain,0,0,0,11164.6,0,0,0,5,19982,1
1357,5510,5512,0,5250,1,120.00500009684083,8.40193E-05,0,0,0,0,0,0,0,0,0,0,0,0,0,0,0,0,0,none,0,0,0,10803.2,0,0,0,74,18179.9,1
1358,5510,5512,0,5250,1,120.00500009684083,8.40193E-05,0,0,0,0,0,0,0,0,0,0,0,0,0,0,0,0,0,none,0,0,0,15590.2,0,0,0,79,10277.2,1
1359,5510,5512,0,5250,1,120.00500009684083,8.40193E-05,0,0,0,0,0,0,0,0,0,0,0,0,0,0,0,0,0,none,0,0,0,11462.2,0,0,0,12,8618.86,1
1360,5510,5512,0,5250,1,120.00500009684083,8.40193E-05,0,0,0,0,0,0,0,0,0,0,0,0,0,0,0,0,0,none,0,0,0,10572.4,0,0,0,18,15658.4,1
1361,5510,5512,0,5250,1,120.00500009684083,8.40193E-05,0,0,0,0,0,0,0,0,0,0,0,0,0,0,0,0,0,none,0,0,0,14933.2,0,0,0,8,10071.5,1
1362,5510,5512,0,5250,1,120.00500009684083,8.40193E-05,0,0,0,0,0,0,0,0,0,0,0,0,0,0,0,0,0,none,0,0,0,11077.7,0,0,0,14,9097.6,1
1363,5510,5512,0,5250,1,120.00500009684083,8.40193E-05,0,0,0,0,0,0,0,0,0,0,0,0,0,0,0,0,0,none,0,0,0,13712,0,0,0,11,12368.9,1
1364,5510,5512,0,5250,1,120.00500009684083,8.40193E-05,0,0,0,0,0,0,0,0,0,0,0,0,0,0,0,0,0,none,0,0,0,12487.4,0,0,0,10,9915.33,1
1365,5510,5512,0,5250,1,120.00500009684083,8.40193E-05,0,0,0,0,0,0,0,0,0,0,0,0,0,0,0,0,0,none,0,0,0,10956.8,0,0,0,13,10695.1,1
1366,5510,5512,0,5250,1,120.00500009684083,8.40193E-05,0,0,0,0,0,0,0,0,0,0,0,0,0,0,0,0,0,none,0,0,0,15267.5,0,0,0,12,11129.6,1
1367,5510,5512,0,5250,1,120.00500009684083,8.40193E-05,0,0,0,0,0,0,0,0,0,0,0,0,0,0,0,0,0,none,0,0,0,10110.1,0,0,0,18,9790.85,1
1368,5510,5512,0,5250,1,120.00500009684083,8.40193E-05,0,0,0,0,0,0,0,0,0,0,0,0,0,0,0,0,0,none,0,0,0,11069.2,0,0,0,2,46595.9,1
1369,5510,5512,0,5250,1,120.00500009684083,8.40193E-05,0,0,0,0,0,0,0,0,0,0,0,0,0,0,0,0,0,none,0,0,0,18286.5,0,0,0,13,8776.21,1
1370,5510,5512,0,5250,1,120.00500009684083,8.40193E-05,0,0,0,0,0,0,0,0,0,0,0,0,0,0,0,0,0,none,0,0,0,11265,0,0,0,17,14886.8,1
1371,5510,5512,0,5250,1,120.00500009684083,8.40193E-05,0,0,0,0,0,0,0,0,0,0,0,0,0,0,0,0,0,none,0,0,0,11445.1,0,0,0,71,16908.4,1
1372,5510,5512,0,5250,1,120.00500009684083,8.40193E-05,0,0,0,0,0,0,0,0,0,0,0,0,0,0,0,0,0,none,0,0,0,13498.6,0,0,0,6,9599.66,1
1373,5510,5512,0,5250,1,120.00500009684083,8.40193E-05,0,0,0,0,0,0,0,0,0,0,0,0,0,0,0,0,0,none,0,0,0,11354.4,0,0,0,15,15634.4,1
1374,5510,5512,0,5250,1,120.00500009684083,8.40193E-05,0,0,0,0,0,0,0,0,0,0,0,0,0,0,0,0,0,none,0,0,0,11090.5,0,0,0,79,13180.9,1
1375,5510,5512,0,5250,1,120.00500009684083,8.40193E-05,0,0,0,0,0,0,0,0,0,0,0,0,0,0,0,0,0,none,0,0,0,12331.2,0,0,0,9,28313.9,1
1376,5510,5512,0,5250,1,120.00500009684083,8.40193E-05,0,0,0,0,0,0,0,0,0,0,0,0,0,0,0,0,0,none,0,0,0,12522.1,0,0,0,11,8581.29,1
1377,5510,5512,0,5250,1,120.00500009684083,8.40193E-05,0,0,0,0,0,0,0,0,0,0,0,0,0,0,0,0,0,none,0,0,0,10336.6,0,0,0,6,11007,1
1378,5510,5512,0,5250,1,120.00500009684083,8.40193E-05,0,0,0,0,0,0,0,0,0,0,0,0,0,0,0,0,0,none,0,0,0,14041.1,0,0,0,13,12678.8,1
1379,5510,5512,0,5250,1,120.00500009684083,8.40193E-05,0,0,0,0,0,0,0,0,0,0,0,0,0,0,0,0,0,none,0,0,0,14203.2,0,0,0,11,9032.53,1
1380,5510,5512,0,5250,1,120.00500009684083,8.40193E-05,0,0,0,0,0,0,0,0,0,0,0,0,0,0,0,0,0,none,0,0,0,12567.9,0,0,0,19,11704.5,1
1381,5510,5512,0,5250,1,120.00500009684083,8.40193E-05,0,0,0,0,0,0,0,0,0,0,0,0,0,0,0,0,0,none,0,0,0,12949.1,0,0,0,14,11810.3,1
1382,5510,5512,0,5250,1,120.00500009684083,8.40193E-05,0,0,0,0,0,0,0,0,0,0,0,0,0,0,0,0,0,none,0,0,0,14215.6,0,0,0,13,10325.2,1
1383,5510,5512,0,5250,1,120.00500009684083,8.40193E-05,0,0,0,0,0,0,0,0,0,0,0,0,0,0,0,0,0,none,0,0,0,13669.1,0,0,0,14,10794.8,1
1384,5510,5512,0,5250,1,120.00500009684083,8.40193E-05,0,0,0,0,0,0,0,0,0,0,0,0,0,0,0,0,0,none,0,0,0,10187.4,0,0,0,75,11240.9,1
1385,5510,5512,0,5250,1,120.00500009684083,8.40193E-05,0,0,0,0,0,0,0,0,0,0,0,0,0,0,0,0,0,none,0,0,0,12848.1,0,0,0,5,23761.2,1
1386,5510,5512,0,5250,1,120.00500009684083,8.40193E-05,0,0,0,0,0,0,0,0,0,0,0,0,0,0,0,0,0,none,0,0,0,15078.9,0,0,0,20,8715.36,1
1387,5510,5512,0,5250,1,120.00500009684083,8.40193E-05,0,0,0,0,0,0,0,0,0,0,0,0,0,0,0,0,0,none,0,0,0,11156.3,0,0,0,85,10799.3,1
1388,5510,5512,0,5250,1,120.00500009684083,8.40193E-05,0,0,0,0,0,0,0,0,0,0,0,0,0,0,0,0,0,none,0,0,0,12647.5,0,0,0,68,24906.3,1
1389,5510,5512,0,5250,1,120.00500009684083,8.40193E-05,0,0,0,0,0,0,0,0,0,0,0,0,0,0,0,0,0,none,0,0,0,13634.5,0,0,0,10,9457.04,1
1390,5510,5512,0,5250,1,120.00500009684083,8.40193E-05,0,0,0,0,0,0,0,0,0,0,0,0,0,0,0,0,0,none,0,0,0,11774.7,0,0,0,9,10482.9,1
1391,5510,5512,0,5250,1,120.00500009684083,8.40193E-05,0,0,0,0,0,0,0,0,0,0,0,0,0,0,0,0,0,none,0,0,0,11372.7,0,0,0,14,17866.6,1
1392,5510,5512,0,5250,1,120.00500009684083,8.40193E-05,0,0,0,0,0,0,0,0,0,0,0,0,0,0,0,0,0,none,0,0,0,15288.1,0,0,0,10,11271.2,1
1393,5505,5512,5,5250,1,120.00500009684083,8.40193E-05,0,5,4.833464381449929E-10,0,0,0,0,0,0,0,0,0,0,0,4.833464323228398E-10,0,-5.822153134460879E-18,no_compact_gain,0,0,0,12984.3,0,0,0,14,10251.8,1
1394,5486,5512,18,5250,1,120.00500009684083,8.40193E-05,0,18,1.7400504883087334E-09,0,0,0,1,0.01428,0,0.01428,0,0,0,0,1.7400504856435184E-09,0,-2.6652150179297983E-18,no_compact_gain,0,0,5.950101522600448E-16,10201,0,0,0,9,12554,1
1395,5472,5512,14,5250,1,120.00500009684083,8.40193E-05,0,14,1.3533915483813352E-09,0,0,0,0,0,0,0,0,0,0,0,1.3533915516061867E-09,0,3.224851505978062E-18,no_compact_gain,0,0,0,13509.2,0,0,0,10,13048.8,1
1396,5465,5512,7,5250,1,120.00500009684083,8.40193E-05,0,7,6.766648306799219E-10,0,0,0,0,0,0,0,0,0,0,0,6.766648352751758E-10,0,4.595253931106275E-18,no_compact_gain,0,0,0,14983.9,0,0,0,12,8983.04,1
1397,5455,5512,10,5250,1,120.00500009684083,8.40193E-05,0,10,9.666802625001382E-10,0,0,0,0,0,0,0,0,0,0,0,9.666802636143501E-10,0,1.114211871518622E-18,no_compact_gain,0,0,0,11050.1,0,0,0,81,11219.8,1
1398,5453,5512,2,5250,1,120.00500009684083,8.40193E-05,0,2,1.9333607534986593E-10,0,0,0,0,0,0,0,0,0,0,0,1.933360763151093E-10,0,9.652433640402987E-19,no_compact_gain,0,0,0,12450.4,0,0,0,69,24109.6,1
1399,5448,5512,5,5250,1,120.00500009684083,8.40193E-05,0,5,4.833471858527664E-10,0,0,0,0,0,0,0,0,0,0,0,4.833471886622753E-10,0,2.8095089209714313E-18,no_compact_gain,0,0,0,16577.9,0,0,0,17,9900.25,1
1400,5440,5512,8,5250,1,120.00500009684083,8.40193E-05,0,8,7.73355039616923E-10,0,0,0,0,0,0,0,0,0,0,0,7.733550397293065E-10,0,1.123835497560217E-19,no_compact_gain,0,0,0,10957.4,0,0,0,74,10542.6,1
1401,5431,5512,9,5250,1,120.00500009684083,8.40193E-05,0,9,8.700240176998624E-10,0,0,0,0,0,0,0,0,0,0,0,8.700240181069852E-10,0,4.0712278786211485E-19,no_compact_gain,0,0,0,10312.1,0,0,0,3,69579.4,1
1402,5425,5512,6,5250,1,120.00500009684083,8.40193E-05,0,6,5.80020729684838E-10,0,0,0,0,0,0,0,0,0,0,0,5.800207258932488E-10,0,-3.7915891327899406E-18,no_compact_gain,0,0,0,13900.4,0,0,0,19,9776.41,1
1403,5417,5512,8,5250,1,120.00500009684083,8.40193E-05,0,8,7.733697904050603E-10,0,0,0,0,0,0,0,0,0,0,0,7.733697918177462E-10,0,1.4126859334879686E-18,no_compact_gain,0,0,0,11099.1,0,0,0,14,8677.3,1
1404,5409,5512,8,5250,1,120.00500009684083,8.40193E-05,0,8,7.733690170018649E-10,0,0,0,0,0,0,0,0,0,0,0,7.733690216005229E-10,0,4.598657986122084E-18,no_compact_gain,0,0,0,11132,0,0,0,13,14845.5,1
1405,5398,5512,11,5250,1,120.00500009684083,8.40193E-05,0,11,1.0633633519472208E-09,0,0,0,0,0,0,0,0,0,0,0,1.0633633487633354E-09,0,-3.1838853861413735E-18,no_compact_gain,0,0,0,14252.8,0,0,0,6,50688.3,1
1406,5381,5512,17,5250,1,120.00500009684083,8.40193E-05,0,17,1.643400726224949E-09,0,0,0,0,0,0,0,0,0,0,0,1.6434007280019536E-09,0,1.777004606192302E-18,no_compact_gain,0,0,0,11502.5,0,0,0,36,9317.9,1
1407,5362,5512,19,5250,1,120.00500009684083,8.40193E-05,0,19,1.8367199073262674E-09,0,0,0,0,0,0,0,0,0,0,0,1.836719901171513E-09,0,-6.154754393757479E-18,no_compact_gain,0,0,0,12370.2,0,0,0,18,11629.7,1
1408,5342,5512,20,5250,1,120.00500009684083,8.40193E-05,0,20,1.9334004890265985E-09,0,0,0,0,0,0,0,0,0,0,0,1.933400481379799E-09,0,-7.646799621623479E-18,no_compact_gain,0,0,0,11683.6,0,0,0,16,17723.4,1
1409,5333,5512,9,5250,1,120.00500009684083,8.40193E-05,0,9,8.700191015580621E-10,0,0,0,0,0,0,0,0,0,0,0,8.700190984312073E-10,0,-3.1268547984234455E-18,no_compact_gain,0,0,0,12080,0,0,0,8,11627.8,1
1410,5330,5512,3,5250,1,120.00500009684083,8.40193E-05,0,3,2.899954421389659E-10,0,0,0,0,0,0,0,0,0,0,0,2.899954373858371E-10,0,-4.753128795637533E-18,no_compact_gain,0,0,0,14029.3,0,0,0,18,16785.7,1
1411,5329,5512,1,5250,1,120.00500009684083,8.40193E-05,0,1,9.66620077211175E-11,0,0,0,0,0,0,0,0,0,0,0,9.66620047893052E-11,0,-2.9318123049765245E-18,no_compact_gain,0,0,0,10117,0,0,0,10,11833.3,1
1412,5329,5512,0,5250,1,120.00500009684083,8.40193E-05,0,0,0,0,0,0,0,0,0,0,0,0,0,0,0,0,0,none,0,0,0,12800,0,0,0,22,11780.8,1
1413,5328,5512,1,5250,1,120.00500009684083,8.40193E-05,0,1,9.667637151053153E-11,0,0,0,0,0,0,0,0,0,0,0,9.667636829968629E-11,0,-3.210845244406614E-18,no_compact_gain,0,0,0,12065.8,0,0,0,77,8919.28,1
1414,5328,5512,0,5250,1,120.00500009684083,8.40193E-05,0,0,0,0,0,0,0,0,0,0,0,0,0,0,0,0,0,none,0,0,0,12549.9,0,0,0,14,10860.4,1
1415,5328,5512,0,5250,1,120.00500009684083,8.40193E-05,0,0,0,0,0,0,0,0,0,0,0,0,0,0,0,0,0,none,0,0,0,11837.4,0,0,0,14,20135.3,1
1416,5328,5512,0,5250,1,120.00500009684083,8.40193E-05,0,0,0,0,0,0,0,0,0,0,0,0,0,0,0,0,0,none,0,0,0,15409.1,0,0,0,15,9908.64,1
1417,5328,5512,0,5250,1,120.00500009684083,8.40193E-05,0,0,0,0,0,0,0,0,0,0,0,0,0,0,0,0,0,none,0,0,0,14125.4,0,0,0,13,10337,1
1418,5328,5512,0,5250,1,120.00500009684083,8.40193E-05,0,0,0,0,0,0,0,0,0,0,0,0,0,0,0,0,0,none,0,0,0,10538.4,0,0,0,10,17449.2,1
1419,5328,5512,0,5250,1,120.00500009684083,8.40193E-05,0,0,0,0,0,0,0,0,0,0,0,0,0,0,0,0,0,none,0,0,0,13668.4,0,0,0,76,11184.2,1
1420,5328,5512,0,5250,1,120.00500009684083,8.40193E-05,0,0,0,0,0,0,0,0,0,0,0,0,0,0,0,0,0,none,0,0,0,13347.9,0,0,0,14,8647.34,1
1421,5328,5512,0,5250,1,120.00500009684083,8.40193E-05,0,0,0,0,0,0,0,0,0,0,0,0,0,0,0,0,0,none,0,0,0,10836.7,0,0,0,9,14822.8,1
1422,5328,5512,0,5250,1,120.00500009684083,8.40193E-05,0,0,0,0,0,0,0,0,0,0,0,0,0,0,0,0,0,none,0,0,0,15542.3,0,0,0,10,10755.4,1
1423,5328,5512,0,5250,1,120.00500009684083,8.40193E-05,0,0,0,0,0,0,0,0,0,0,0,0,0,0,0,0,0,none,0,0,0,11937.8,0,0,0,25,9186.74,1
1424,5328,5512,0,5250,1,120.00500009684083,8.40193E-05,0,0,0,0,0,0,0,0,0,0,0,0,0,0,0,0,0,none,0,0,0,13087.2,0,0,0,9,22066.3,1
1425,5328,5512,0,5250,1,120.00500009684083,8.40193E-05,0,0,0,0,0,0,0,0,0,0,0,0,0,0,0,0,0,none,0,0,0,12058.1,0,0,0,21,10453.4,1
1426,5328,5512,0,5250,1,120.00500009684083,8.40193E-05,0,0,0,0,0,0,0,0,0,0,0,0,0,0,0,0,0,none,0,0,0,11884.8,0,0,0,73,11144.9,1
1427,5328,5512,0,5250,1,120.00500009684083,8.40193E-05,0,0,0,0,0,0,0,0,0,0,0,0,0,0,0,0,0,none,0,0,0,14809.6,0,0,0,12,12374.7,1
1428,5328,5512,0,5250,1,120.00500009684083,8.40193E-05,0,0,0,0,0,0,0,0,0,0,0,0,0,0,0,0,0,none,0,0,0,10091.9,0,0,0,13,10226.8,1
1429,5328,5512,0,5250,1,120.00500009684083,8.40193E-05,0,0,0,0,0,0,0,0,0,0,0,0,0,0,0,0,0,none,0,0,0,11351.7,0,0,0,77,13391.7,1
1430,5328,5512,0,5250,1,120.00500009684083,8.40193E-05,0,0,0,0,0,0,0,0,0,0,0,0,0,0,0,0,0,none,0,0,0,16175.3,0,0,0,11,8855.64,1
1431,5328,5512,0,5250,1,120.00500009684083,8.40193E-05,0,0,0,0,0,0,0,0,0,0,0,0,0,0,0,0,0,none,0,0,0,12150.1,0,0,0,17,10029.8,1
1432,5328,5512,0,5250,1,120.00500009684083,8.40193E-05,0,0,0,0,0,0,0,0,0,0,0,0,0,0,0,0,0,none,0,0,0,11026.3,0,0,0,11,12639.1,1
1433,5328,5512,0,5250,1,120.00500009684083,8.40193E-05,0,0,0,0,0,0,0,0,0,0,0,0,0,0,0,0,0,none,0,0,0,12053.1,0,0,0,10,9768.43,1
1434,5328,5512,0,5250,1,120.00500009684083,8.40193E-05,0,0,0,0,0,0,0,0,0,0,0,0,0,0,0,0,0,none,0,0,0,14244.6,0,0,0,7,9885.49,1
1435,5328,5512,0,5250,1,120.00500009684083,8.40193E-05,0,0,0,0,0,0,0,0,0,0,0,0,0,0,0,0,0,none,0,0,0,10771.7,0,0,0,7,24179.9,1
1436,5328,5512,0,5250,1,120.00500009684083,8.40193E-05,0,0,0,0,0,0,0,0,0,0,0,0,0,0,0,0,0,none,0,0,0,13516.8,0,0,0,9,16706.9,1
1437,5328,5512,0,5250,1,120.00500009684083,8.40193E-05,0,0,0,0,0,0,0,0,0,0,0,0,0,0,0,0,0,none,0,0,0,16800.8,0,0,0,19,8622.7,1
1438,5328,5512,0,5250,1,120.00500009684083,8.40193E-05,0,0,0,0,0,0,0,0,0,0,0,0,0,0,0,0,0,none,0,0,0,10603.2,0,0,0,19,14812.7,1
1439,5328,5512,0,5250,1,120.00500009684083,8.40193E-05,0,0,0,0,0,0,0,0,0,0,0,0,0,0,0,0,0,none,0,0,0,15837.3,0,0,0,72,17238.4,1
1440,5328,5512,0,5250,1,120.00500009684083,8.40193E-05,0,0,0,0,0,0,0,0,0,0,0,0,0,0,0,0,0,none,0,0,0,14492.1,0,0,0,20,9106.96,1
1441,5328,5512,0,5250,1,120.00500009684083,8.40193E-05,0,0,0,0,0,0,0,0,0,0,0,0,0,0,0,0,0,none,0,0,0,11562.1,0,0,0,3,41835.8,1
1442,5328,5512,0,5250,1,120.00500009684083,8.40193E-05,0,0,0,0,0,0,0,0,0,0,0,0,0,0,0,0,0,none,0,0,0,12428.7,0,0,0,16,11971.8,1
1443,5328,5512,0,5250,1,120.00500009684083,8.40193E-05,0,0,0,0,0,0,0,0,0,0,0,0,0,0,0,0,0,none,0,0,0,12406.1,0,0,0,9,10749.3,1
1444,5328,5512,0,5250,1,120.00500009684083,8.40193E-05,0,0,0,0,0,0,0,0,0,0,0,0,0,0,0,0,0,none,0,0,0,12155.2,0,0,0,10,13029.8,1
1445,5328,5512,0,5250,1,120.00500009684083,8.40193E-05,0,0,0,0,0,0,0,0,0,0,0,0,0,0,0,0,0,none,0,0,0,10104.7,0,0,0,17,10930.8,1
1446,5328,5512,0,5250,1,120.00500009684083,8.40193E-05,0,0,0,0,0,0,0,0,0,0,0,0,0,0,0,0,0,none,0,0,0,11961.2,0,0,0,11,13601.4,1
1447,5328,5512,0,5250,1,120.00500009684083,8.40193E-05,0,0,0,0,0,0,0,0,0,0,0,0,0,0,0,0,0,none,0,0,0,12890.8,0,0,0,15,8786.1,1
1448,5328,5512,0,5250,1,120.00500009684083,8.40193E-05,0,0,0,0,0,0,0,0,0,0,0,0,0,0,0,0,0,none,0,0,0,11784.4,0,0,0,9,10379.1,1
1449,5328,5512,0,5250,1,120.00500009684083,8.40193E-05,0,0,0,0,0,0,0,0,0,0,0,0,0,0,0,0,0,none,0,0,0,11174,0,0,0,6,16668.4,1
1450,5328,5512,0,5250,1,120.00500009684083,8.40193E-05,0,0,0,0,0,0,0,0,0,0,0,0,0,0,0,0,0,none,0,0,0,13684.4,0,0,0,17,9620.31,1
1451,5328,5512,0,5250,1,120.00500009684083,8.40193E-05,0,0,0,0,0,0,0,0,0,0,0,0,0,0,0,0,0,none,0,0,0,13545.4,0,0,0,14,10040.7,1
1452,5328,5512,0,5250,1,120.00500009684083,8.40193E-05,0,0,0,0,0,0,0,0,0,0,0,0,0,0,0,0,0,none,0,0,0,11049.4,0,0,0,69,16049.8,1
1453,5328,5512,0,5250,1,120.00500009684083,8.40193E-05,0,0,0,0,0,0,0,0,0,0,0,0,0,0,0,0,0,none,0,0,0,12951.6,0,0,0,17,19230.5,1
1454,5328,5512,0,5250,1,120.00500009684083,8.40193E-05,0,0,0,0,0,0,0,0,0,0,0,0,0,0,0,0,0,none,0,0,0,16135.2,0,0,0,18,8586.37,1
1455,5328,5512,0,5250,1,120.00500009684083,8.40193E-05,0,0,0,0,0,0,0,0,0,0,0,0,0,0,0,0,0,none,0,0,0,10361.8,0,0,0,79,11206.8,1
1456,5328,5512,0,5250,1,120.00500009684083,8.40193E-05,0,0,0,0,0,0,0,0,0,0,0,0,0,0,0,0,0,none,0,0,0,13198.1,0,0,0,5,20457.9,1
1457,5328,5512,0,5250,1,120.00500009684083,8.40193E-05,0,0,0,0,0,0,0,0,0,0,0,0,0,0,0,0,0,none,0,0,0,14469.4,0,0,0,14,9039.52,1
1458,5328,5512,0,5250,1,120.00500009684083,8.40193E-05,0,0,0,0,0,0,0,0,0,0,0,0,0,0,0,0,0,none,0,0,0,12472.8,0,0,0,6,30875.5,1
1459,5328,5512,0,5250,1,120.00500009684083,8.40193E-05,0,0,0,0,0,0,0,0,0,0,0,0,0,0,0,0,0,none,0,0,0,12894.5,0,0,0,11,11418.8,1
1460,5328,5512,0,5250,1,120.00500009684083,8.40193E-05,0,0,0,0,0,0,0,0,0,0,0,0,0,0,0,0,0,none,0,0,0,12764.2,0,0,0,99,10361.9,1
1461,5328,5512,0,5250,1,120.00500009684083,8.40193E-05,0,0,0,0,0,0,0,0,0,0,0,0,0,0,0,0,0,none,0,0,0,11815.5,0,0,0,9,13187.7,1
1462,5328,5512,0,5250,1,120.00500009684083,8.40193E-05,0,0,0,0,0,0,0,0,0,0,0,0,0,0,0,0,0,none,0,0,0,10174.6,0,0,0,8,10648,1
1463,5328,5512,0,5250,1,120.00500009684083,8.40193E-05,0,0,0,0,0,0,0,0,0,0,0,0,0,0,0,0,0,none,0,0,0,11474.3,0,0,0,14,10202,1
1464,5328,5512,0,5250,1,120.00500009684083,8.40193E-05,0,0,0,0,0,0,0,0,0,0,0,0,0,0,0,0,0,none,0,0,0,11300.6,0,0,0,15,8721.13,1
1465,5328,5512,0,5250,1,120.00500009684083,8.40193E-05,0,0,0,0,0,0,0,0,0,0,0,0,0,0,0,0,0,none,0,0,0,11444.2,0,0,0,77,10207.6,1
1466,5328,5512,0,5250,1,120.00500009684083,8.40193E-05,0,0,0,0,0,0,0,0,0,0,0,0,0,0,0,0,0,none,0,0,0,11199.6,0,0,0,7,10010.2,1
1467,5328,5512,0,5250,1,120.00500009684083,8.40193E-05,0,0,0,0,0,0,0,0,0,0,0,0,0,0,0,0,0,none,0,0,0,11006.2,0,0,0,9,9473.41,1
1468,5328,5512,0,5250,1,120.00500009684083,8.40193E-05,0,0,0,0,0,0,0,0,0,0,0,0,0,0,0,0,0,none,0,0,0,13693.4,0,0,0,81,21647.6,1
1469,5328,5512,0,5250,1,120.00500009684083,8.40193E-05,0,0,0,0,0,0,0,0,0,0,0,0,0,0,0,0,0,none,0,0,0,11337.9,0,0,0,6,9870.95,1
1470,5328,5512,0,5250,1,120.00500009684083,8.40193E-05,0,0,0,0,0,0,0,0,0,0,0,0,0,0,0,0,0,none,0,0,0,10967.6,0,0,0,20,11539.3,1
1471,5328,5512,0,5250,1,120.00500009684083,8.40193E-05,0,0,0,0,0,0,0,0,0,0,0,0,0,0,0,0,0,none,0,0,0,12352.8,0,0,0,2,29015.4,1
1472,5328,5512,0,5250,1,120.00500009684083,8.40193E-05,0,0,0,0,0,0,0,0,0,0,0,0,0,0,0,0,0,none,0,0,0,10214.4,0,0,0,9,9747.55,1
1473,5328,5512,0,5250,1,120.00500009684083,8.40193E-05,0,0,0,0,0,0,0,0,0,0,0,0,0,0,0,0,0,none,0,0,0,11170,0,0,0,15,12121.5,1
1474,5328,5512,0,5250,1,120.00500009684083,8.40193E-05,0,0,0,0,0,0,0,0,0,0,0,0,0,0,0,0,0,none,0,0,0,13691.7,0,0,0,12,8989.65,1
1475,5328,5512,0,5250,1,120.00500009684083,8.40193E-05,0,0,0,0,0,0,0,0,0,0,0,0,0,0,0,0,0,none,0,0,0,13048.9,0,0,0,10,11678.8,1
1476,5328,5512,0,5250,1,120.00500009684083,8.40193E-05,0,0,0,0,0,0,0,0,0,0,0,0,0,0,0,0,0,none,0,0,0,11623.5,0,0,0,17,11006.4,1
1477,5328,5512,0,5250,1,120.00500009684083,8.40193E-05,0,0,0,0,0,0,0,0,0,0,0,0,0,0,0,0,0,none,0,0,0,12092.8,0,0,0,20,10128.1,1
1478,5328,5512,0,5250,1,120.00500009684083,8.40193E-05,0,0,0,0,0,0,0,0,0,0,0,0,0,0,0,0,0,none,0,0,0,14771.4,0,0,0,77,13367.2,1
1479,5328,5512,0,5250,1,120.00500009684083,8.40193E-05,0,0,0,0,0,0,0,0,0,0,0,0,0,0,0,0,0,none,0,0,0,10290.7,0,0,0,9,10423.3,1
1480,5328,5512,0,5250,1,120.00500009684083,8.40193E-05,0,0,0,0,0,0,0,0,0,0,0,0,0,0,0,0,0,none,0,0,0,11201.3,0,0,0,20,11836.4,1
1481,5328,5512,0,5250,1,120.00500009684083,8.40193E-05,0,0,0,0,0,0,0,0,0,0,0,0,0,0,0,0,0,none,0,0,0,12026.3,0,0,0,77,8681.87,1
1482,5328,5512,0,5250,1,120.00500009684083,8.40193E-05,0,0,0,0,0,0,0,0,0,0,0,0,0,0,0,0,0,none,0,0,0,11170.4,0,0,0,9,10069.3,1
1483,5328,5512,0,5250,1,120.00500009684083,8.40193E-05,0,0,0,0,0,0,0,0,0,0,0,0,0,0,0,0,0,none,0,0,0,11469.6,0,0,0,18,12328.7,1
1484,5328,5512,0,5250,1,120.00500009684083,8.40193E-05,0,0,0,0,0,0,0,0,0,0,0,0,0,0,0,0,0,none,0,0,0,14730.2,0,0,0,7,9337.35,1
1485,5328,5512,0,5250,1,120.00500009684083,8.40193E-05,0,0,0,0,0,0,0,0,0,0,0,0,0,0,0,0,0,none,0,0,0,13531.2,0,0,0,11,12015.4,1
1486,5328,5512,0,5250,1,120.00500009684083,8.40193E-05,0,0,0,0,0,0,0,0,0,0,0,0,0,0,0,0,0,none,0,0,0,11635.4,0,0,0,11,11589.1,1
1487,5328,5512,0,5250,1,120.00500009684083,8.40193E-05,0,0,0,0,0,0,0,0,0,0,0,0,0,0,0,0,0,none,0,0,0,13591.9,0,0,0,3,16170,1
1488,5328,5512,0,5250,1,120.00500009684083,8.40193E-05,0,0,0,0,0,0,0,0,0,0,0,0,0,0,0,0,0,none,0,0,0,14550.6,0,0,0,12,16556.1,1
1489,5328,5512,0,5250,1,120.00500009684083,8.40193E-05,0,0,0,0,0,0,0,0,0,0,0,0,0,0,0,0,0,none,0,0,0,10124.8,0,0,0,17,11074.8,1
1490,5328,5512,0,5250,1,120.00500009684083,8.40193E-05,0,0,0,0,0,0,0,0,0,0,0,0,0,0,0,0,0,none,0,0,0,13161.6,0,0,0,18,11528.1,1
1491,5328,5512,0,5250,1,120.00500009684083,8.40193E-05,0,0,0,0,0,0,0,0,0,0,0,0,0,0,0,0,0,none,0,0,0,11939.8,0,0,0,68,8928.13,1
1492,5328,5512,0,5250,1,120.00500009684083,8.40193E-05,0,0,0,0,0,0,0,0,0,0,0,0,0,0,0,0,0,none,0,0,0,12611.1,0,0,0,16,10673.5,1
1493,5328,5512,0,5250,1,120.00500009684083,8.40193E-05,0,0,0,0,0,0,0,0,0,0,0,0,0,0,0,0,0,none,0,0,0,12388.4,0,0,0,14,10704.5,1
1494,5328,5512,0,5250,1,120.00500009684083,8.40193E-05,0,0,0,0,0,0,0,0,0,0,0,0,0,0,0,0,0,none,0,0,0,11566.4,0,0,0,74,9930.63,1
1495,5328,5512,0,5250,1,120.00500009684083,8.40193E-05,0,0,0,0,0,0,0,0,0,0,0,0,0,0,0,0,0,none,0,0,0,15952,0,0,0,16,10397.3,1
1496,5328,5512,0,5250,1,120.00500009684083,8.40193E-05,0,0,0,0,0,0,0,0,0,0,0,0,0,0,0,0,0,none,0,0,0,10505.2,0,0,0,9,10242.1,1
1497,5328,5512,0,5250,1,120.00500009684083,8.40193E-05,0,0,0,0,0,0,0,0,0,0,0,0,0,0,0,0,0,none,0,0,0,11172.9,0,0,0,15,14187.4,1
1498,5328,5512,0,5250,1,120.00500009684083,8.40193E-05,0,0,0,0,0,0,0,0,0,0,0,0,0,0,0,0,0,none,0,0,0,15126.7,0,0,0,18,8650.49,1
1499,5328,5512,0,5250,1,120.00500009684083,8.40193E-05,0,0,0,0,0,0,0,0,0,0,0,0,0,0,0,0,0,none,0,0,0,10870.2,0,0,0,14,23578.8,1
1500,5328,5512,0,5250,1,120.00500009684083,8.40193E-05,0,0,0,0,0,0,0,0,0,0,0,0,0,0,0,0,0,none,0,0,0,11954.1,0,0,0,11,12738.4,1
1501,5328,5512,0,5250,1,120.00500009684083,8.40193E-05,0,0,0,0,0,0,0,0,0,0,0,0,0,0,0,0,0,none,0,0,0,12097.1,0,0,0,18,9199.61,1
1502,5328,5512,0,5250,1,120.00500009684083,8.40193E-05,0,0,0,0,0,0,0,0,0,0,0,0,0,0,0,0,0,none,0,0,0,10989.6,0,0,0,9,19845.2,1
1503,5328,5512,0,5250,1,120.00500009684083,8.40193E-05,0,0,0,0,0,0,0,0,0,0,0,0,0,0,0,0,0,none,0,0,0,12011.4,0,0,0,14,15410.6,1
1504,5328,5512,0,5250,1,120.00500009684083,8.40193E-05,0,0,0,0,0,0,0,0,0,0,0,0,0,0,0,0,0,none,0,0,0,13789.8,0,0,0,14,9856.56,1
1505,5328,5512,0,5250,1,120.00500009684083,8.40193E-05,0,0,0,0,0,0,0,0,0,0,0,0,0,0,0,0,0,none,0,0,0,10977.4,0,0,0,10,13064.2,1
1506,5328,5512,0,5250,1,120.00500009684083,8.40193E-05,0,0,0,0,0,0,0,0,0,0,0,0,0,0,0,0,0,none,0,0,0,10092.6,0,0,0,17,14884.2,1
1507,5328,5512,0,5250,1,120.00500009684083,8.40193E-05,0,0,0,0,0,0,0,0,0,0,0,0,0,0,0,0,0,none,0,0,0,15306.2,0,0,0,72,9733.23,1
1508,5328,5512,0,5250,1,120.00500009684083,8.40193E-05,0,0,0,0,0,0,0,0,0,0,0,0,0,0,0,0,0,none,0,0,0,11210.9,0,0,0,11,8863.34,1
1509,5328,5512,0,5250,1,120.00500009684083,8.40193E-05,0,0,0,0,0,0,0,0,0,0,0,0,0,0,0,0,0,none,0,0,0,12194.5,0,0,0,6,17016.1,1
1510,5328,5512,0,5250,1,120.00500009684083,8.40193E-05,0,0,0,0,0,0,0,0,0,0,0,0,0,0,0,0,0,none,0,0,0,13937.4,0,0,0,14,10469.7,1
1511,5328,5512,0,5250,1,120.00500009684083,8.40193E-05,0,0,0,0,0,0,0,0,0,0,0,0,0,0,0,0,0,none,0,0,0,11241,0,0,0,10,9784.88,1
1512,5328,5512,0,5250,1,120.00500009684083,8.40193E-05,0,0,0,0,0,0,0,0,0,0,0,0,0,0,0,0,0,none,0,0,0,15666,0,0,0,7,13811.5,1
1513,5328,5512,0,5250,1,120.00500009684083,8.40193E-05,0,0,0,0,0,0,0,0,0,0,0,0,0,0,0,0,0,none,0,0,0,10741.1,0,0,0,26,10098.5,1
1514,5328,5512,0,5250,1,120.00500009684083,8.40193E-05,0,0,0,0,0,0,0,0,0,0,0,0,0,0,0,0,0,none,0,0,0,11388.6,0,0,0,14,14189.3,1
1515,5328,5512,0,5250,1,120.00500009684083,8.40193E-05,0,0,0,0,0,0,0,0,0,0,0,0,0,0,0,0,0,none,0,0,0,14709.7,0,0,0,14,8626.29,1
1516,5328,5512,0,5250,1,120.00500009684083,8.40193E-05,0,0,0,0,0,0,0,0,0,0,0,0,0,0,0,0,0,none,0,0,0,10633.2,0,0,0,14,15389.7,1
1517,5328,5512,0,5250,1,120.00500009684083,8.40193E-05,0,0,0,0,0,0,0,0,0,0,0,0,0,0,0,0,0,none,0,0,0,12595.6,0,0,0,11,20042.4,1
1518,5328,5512,0,5250,1,120.00500009684083,8.40193E-05,0,0,0,0,0,0,0,0,0,0,0,0,0,0,0,0,0,none,0,0,0,16265.7,0,0,0,13,9116.35,1
1519,5328,5512,0,5250,1,120.00500009684083,8.40193E-05,0,0,0,0,0,0,0,0,0,0,0,0,0,0,0,0,0,none,0,0,0,13423.9,0,0,0,7,28313.4,1
1520,5328,5512,0,5250,1,120.00500009684083,8.40193E-05,0,0,0,0,0,0,0,0,0,0,0,0,0,0,0,0,0,none,0,0,0,12373,0,0,0,75,18766.7,1
1521,5328,5512,0,5250,1,120.00500009684083,8.40193E-05,0,0,0,0,0,0,0,0,0,0,0,0,0,0,0,0,0,none,0,0,0,13058.9,0,0,0,10,10802.5,1
1522,5327,5512,1,5250,1,120.00500009684083,8.40193E-05,0,1,1.707300116264211E-10,0,0,0,0,0,0,0,0,0,0,0,1.7073001172540625E-10,0,9.898516253722333E-20,no_compact_gain,0,0,0,13095.1,0,0,0,77,16358.5,1
1523,5327,5512,0,5250,1,120.00500009684083,8.40193E-05,0,0,0,0,0,0,0,0,0,0,0,0,0,0,0,0,0,none,0,0,0,10100.4,0,0,0,73,11239.3,1
1524,5327,5512,0,5250,1,120.00500009684083,8.40193E-05,0,0,0,0,0,0,0,0,0,0,0,0,0,0,0,0,0,none,0,0,0,13085.2,0,0,0,13,10764.3,1
1525,5327,5512,0,5250,1,120.00500009684083,8.40193E-05,0,0,0,0,0,0,0,0,0,0,0,0,0,0,0,0,0,none,0,0,0,11668.4,0,0,0,16,8795.99,1
1526,5327,5512,0,5250,1,120.00500009684083,8.40193E-05,0,0,0,0,0,0,0,0,0,0,0,0,0,0,0,0,0,none,0,0,0,11833.7,0,0,0,6,31886.9,1
1527,5327,5512,0,5250,1,120.00500009684083,8.40193E-05,0,0,0,0,0,0,0,0,0,0,0,0,0,0,0,0,0,none,0,0,0,14263.2,0,0,0,16,10278.6,1
1528,5327,5512,0,5250,1,120.00500009684083,8.40193E-05,0,0,0,0,0,0,0,0,0,0,0,0,0,0,0,0,0,none,0,0,0,11158.7,0,0,0,18,9641.01,1
1529,5325,5512,2,5250,1,120.00500009684083,8.40193E-05,0,2,3.081498362183753E-14,0,0,0,0,0,0,0,0,0,0,0,3.081476046551401E-14,0,-2.23156323514594E-19,only_tiny_or_pullers,0,0,0,12776.8,0,0,0,13,14090.4,1
1530,5325,5512,0,5250,1,120.00500009684083,8.40193E-05,0,0,0,0,0,0,0,0,0,0,0,0,0,0,0,0,0,none,0,0,0,11008.3,0,0,0,7,9972.51,1
1531,5325,5512,0,5250,1,120.00500009684083,8.40193E-05,0,0,0,0,0,0,0,0,0,0,0,0,0,0,0,0,0,none,0,0,0,11682.3,0,0,0,21,14187.6,1
1532,5325,5512,0,5250,1,120.00500009684083,8.40193E-05,0,0,0,0,0,0,0,0,0,0,0,0,0,0,0,0,0,none,0,0,0,14332,0,0,0,13,8591.48,1
1533,5325,5512,0,5250,1,120.00500009684083,8.40193E-05,0,0,0,0,0,0,0,0,0,0,0,0,0,0,0,0,0,none,0,0,0,10389.3,0,0,0,73,10153.4,1
1534,5325,5512,0,5250,1,120.00500009684083,8.40193E-05,0,0,0,0,0,0,0,0,0,0,0,0,0,0,0,0,0,none,0,0,0,11207.8,0,0,0,8,20165.4,1
1535,5325,5512,0,5250,1,120.00500009684083,8.40193E-05,0,0,0,0,0,0,0,0,0,0,0,0,0,0,0,0,0,none,0,0,0,15452.4,0,0,0,18,9046.92,1
1536,5325,5512,0,5250,1,120.00500009684083,8.40193E-05,0,0,0,0,0,0,0,0,0,0,0,0,0,0,0,0,0,none,0,0,0,13437.8,0,0,0,75,9973.62,1
1537,5325,5512,0,5250,1,120.00500009684083,8.40193E-05,0,0,0,0,0,0,0,0,0,0,0,0,0,0,0,0,0,none,0,0,0,10976.6,0,0,0,12,18570.3,1
1538,5325,5512,0,5250,1,120.00500009684083,8.40193E-05,0,0,0,0,0,0,0,0,0,0,0,0,0,0,0,0,0,none,0,0,0,14398.2,0,0,0,10,10402,1
1539,5325,5512,0,5250,1,120.00500009684083,8.40193E-05,0,0,0,0,0,0,0,0,0,0,0,0,0,0,0,0,0,none,0,0,0,12281.2,0,0,0,11,9842.24,1
1540,5325,5512,0,5250,1,120.00500009684083,8.40193E-05,0,0,0,0,0,0,0,0,0,0,0,0,0,0,0,0,0,none,0,0,0,10162.4,0,0,0,15,14874.1,1
1541,5325,5512,0,5250,1,120.00500009684083,8.40193E-05,0,0,0,0,0,0,0,0,0,0,0,0,0,0,0,0,0,none,0,0,0,14514.1,0,0,0,18,10518.1,1
1542,5325,5512,0,5250,1,120.00500009684083,8.40193E-05,0,0,0,0,0,0,0,0,0,0,0,0,0,0,0,0,0,none,0,0,0,11293.1,0,0,0,18,8727.39,1
1543,5325,5512,0,5250,1,120.00500009684083,8.40193E-05,0,0,0,0,0,0,0,0,0,0,0,0,0,0,0,0,0,none,0,0,0,11255.3,0,0,0,10,11730.1,1
1544,5325,5512,0,5250,1,120.00500009684083,8.40193E-05,0,0,0,0,0,0,0,0,0,0,0,0,0,0,0,0,0,none,0,0,0,12108.4,0,0,0,9,10128.4,1
1545,5325,5512,0,5250,1,120.00500009684083,8.40193E-05,0,0,0,0,0,0,0,0,0,0,0,0,0,0,0,0,0,none,0,0,0,11319.1,0,0,0,10,9490.06,1
1546,5325,5512,0,5250,1,120.00500009684083,8.40193E-05,0,0,0,0,0,0,0,0,0,0,0,0,0,0,0,0,0,none,0,0,0,11751.8,0,0,0,75,14418.7,1
1547,5325,5512,0,5250,1,120.00500009684083,8.40193E-05,0,0,0,0,0,0,0,0,0,0,0,0,0,0,0,0,0,none,0,0,0,11302.9,0,0,0,7,27038.5,1
1548,5325,5512,0,5250,1,120.00500009684083,8.40193E-05,0,0,0,0,0,0,0,0,0,0,0,0,0,0,0,0,0,none,0,0,0,12441,0,0,0,13,11894.4,1
1549,5325,5512,0,5250,1,120.00500009684083,8.40193E-05,0,0,0,0,0,0,0,0,0,0,0,0,0,0,0,0,0,none,0,0,0,11994,0,0,0,76,17473,1
1550,5325,5512,0,5250,1,120.00500009684083,8.40193E-05,0,0,0,0,0,0,0,0,0,0,0,0,0,0,0,0,0,none,0,0,0,10228.4,0,0,0,16,16592.2,1
1551,5325,5512,0,5250,1,120.00500009684083,8.40193E-05,0,0,0,0,0,0,0,0,0,0,0,0,0,0,0,0,0,none,0,0,0,13460.6,0,0,0,10,31715,1
1552,5325,5512,0,5250,1,120.00500009684083,8.40193E-05,0,0,0,0,0,0,0,0,0,0,0,0,0,0,0,0,0,none,0,0,0,13166.7,0,0,0,10,8995.99,1
1553,5325,5512,0,5250,1,120.00500009684083,8.40193E-05,0,0,0,0,0,0,0,0,0,0,0,0,0,0,0,0,0,none,0,0,0,13093.8,0,0,0,81,12081.8,1
1554,5325,5512,0,5250,1,120.00500009684083,8.40193E-05,0,0,0,0,0,0,0,0,0,0,0,0,0,0,0,0,0,none,0,0,0,11941.3,0,0,0,15,16720.6,1
1555,5325,5512,0,5250,1,120.00500009684083,8.40193E-05,0,0,0,0,0,0,0,0,0,0,0,0,0,0,0,0,0,none,0,0,0,13950.8,0,0,0,14,10154.1,1
1556,5325,5512,0,5250,1,120.00500009684083,8.40193E-05,0,0,0,0,0,0,0,0,0,0,0,0,0,0,0,0,0,none,0,0,0,11779.7,0,0,0,12,11456.9,1
1557,5325,5512,0,5250,1,120.00500009684083,8.40193E-05,0,0,0,0,0,0,0,0,0,0,0,0,0,0,0,0,0,none,0,0,0,10271.5,0,0,0,9,14849.3,1
1558,5325,5512,0,5250,1,120.00500009684083,8.40193E-05,0,0,0,0,0,0,0,0,0,0,0,0,0,0,0,0,0,none,0,0,0,14735.2,0,0,0,15,10317.3,1
1559,5325,5512,0,5250,1,120.00500009684083,8.40193E-05,0,0,0,0,0,0,0,0,0,0,0,0,0,0,0,0,0,none,0,0,0,11156.4,0,0,0,13,8686.49,1
1560,5325,5512,0,5250,1,120.00500009684083,8.40193E-05,0,0,0,0,0,0,0,0,0,0,0,0,0,0,0,0,0,none,0,0,0,11207.6,0,0,0,5,19670,1
1561,5325,5512,0,5250,1,120.00500009684083,8.40193E-05,0,0,0,0,0,0,0,0,0,0,0,0,0,0,0,0,0,none,0,0,0,15007.4,0,0,0,18,9999.36,1
1562,5325,5512,0,5250,1,120.00500009684083,8.40193E-05,0,0,0,0,0,0,0,0,0,0,0,0,0,0,0,0,0,none,0,0,0,11714.8,0,0,0,76,9356.43,1
1563,5325,5512,0,5250,1,120.00500009684083,8.40193E-05,0,0,0,0,0,0,0,0,0,0,0,0,0,0,0,0,0,none,0,0,0,12226,0,0,0,12,12549.3,1
1564,5325,5512,0,5250,1,120.00500009684083,8.40193E-05,0,0,0,0,0,0,0,0,0,0,0,0,0,0,0,0,0,none,0,0,0,11589.4,0,0,0,17,16748.7,1
1565,5325,5512,0,5250,1,120.00500009684083,8.40193E-05,0,0,0,0,0,0,0,0,0,0,0,0,0,0,0,0,0,none,0,0,0,13167.1,0,0,0,9,10343.8,1
1566,5325,5512,0,5250,1,120.00500009684083,8.40193E-05,0,0,0,0,0,0,0,0,0,0,0,0,0,0,0,0,0,none,0,0,0,11618.3,0,0,0,32,12655,1
1567,5325,5512,0,5250,1,120.00500009684083,8.40193E-05,0,0,0,0,0,0,0,0,0,0,0,0,0,0,0,0,0,none,0,0,0,10133.7,0,0,0,15,16788.6,1
1568,5325,5512,0,5250,1,120.00500009684083,8.40193E-05,0,0,0,0,0,0,0,0,0,0,0,0,0,0,0,0,0,none,0,0,0,13463.2,0,0,0,17,10129.7,1
1569,5325,5512,0,5250,1,120.00500009684083,8.40193E-05,0,0,0,0,0,0,0,0,0,0,0,0,0,0,0,0,0,none,0,0,0,11166.7,0,0,0,14,8936.96,1
1570,5325,5512,0,5250,1,120.00500009684083,8.40193E-05,0,0,0,0,0,0,0,0,0,0,0,0,0,0,0,0,0,none,0,0,0,12528.5,0,0,0,3,28374.8,1
1571,5325,5512,0,5250,1,120.00500009684083,8.40193E-05,0,0,0,0,0,0,0,0,0,0,0,0,0,0,0,0,0,none,0,0,0,13566.8,0,0,0,9,9956.52,1
1572,5325,5512,0,5250,1,120.00500009684083,8.40193E-05,0,0,0,0,0,0,0,0,0,0,0,0,0,0,0,0,0,none,0,0,0,10966.9,0,0,0,13,9953.8,1
1573,5325,5512,0,5250,1,120.00500009684083,8.40193E-05,0,0,0,0,0,0,0,0,0,0,0,0,0,0,0,0,0,none,0,0,0,11357.2,0,0,0,9,13187,1
1574,5325,5512,0,5250,1,120.00500009684083,8.40193E-05,0,0,0,0,0,0,0,0,0,0,0,0,0,0,0,0,0,none,0,0,0,10471.9,0,0,0,21,9827.93,1
1575,5325,5512,0,5250,1,120.00500009684083,8.40193E-05,0,0,0,0,0,0,0,0,0,0,0,0,0,0,0,0,0,none,0,0,0,11007,0,0,0,74,10159.3,1
1576,5325,5512,0,5250,1,120.00500009684083,8.40193E-05,0,0,0,0,0,0,0,0,0,0,0,0,0,0,0,0,0,none,0,0,0,11261.6,0,0,0,21,8653.81,1
1577,5325,5512,0,5250,1,120.00500009684083,8.40193E-05,0,0,0,0,0,0,0,0,0,0,0,0,0,0,0,0,0,none,0,0,0,10905.3,0,0,0,11,9711.95,1
1578,5325,5512,0,5250,1,120.00500009684083,8.40193E-05,0,0,0,0,0,0,0,0,0,0,0,0,0,0,0,0,0,none,0,0,0,11302.8,0,0,0,15,13592.3,1
1579,5325,5512,0,5250,1,120.00500009684083,8.40193E-05,0,0,0,0,0,0,0,0,0,0,0,0,0,0,0,0,0,none,0,0,0,12292.4,0,0,0,22,9213.67,1
1580,5325,5512,0,5250,1,120.00500009684083,8.40193E-05,0,0,0,0,0,0,0,0,0,0,0,0,0,0,0,0,0,none,0,0,0,14137.5,0,0,0,14,15274.6,1
1581,5325,5512,0,5250,1,120.00500009684083,8.40193E-05,0,0,0,0,0,0,0,0,0,0,0,0,0,0,0,0,0,none,0,0,0,11818.5,0,0,0,13,11088.8,1
1582,5325,5512,0,5250,1,120.00500009684083,8.40193E-05,0,0,0,0,0,0,0,0,0,0,0,0,0,0,0,0,0,none,0,0,0,13659.3,0,0,0,12,11251.9,1
1583,5325,5512,0,5250,1,120.00500009684083,8.40193E-05,0,0,0,0,0,0,0,0,0,0,0,0,0,0,0,0,0,none,0,0,0,13564.1,0,0,0,6,11902.7,1
1584,5325,5512,0,5250,1,120.00500009684083,8.40193E-05,0,0,0,0,0,0,0,0,0,0,0,0,0,0,0,0,0,none,0,0,0,10093.7,0,0,0,75,51295.3,1
1585,5325,5512,0,5250,1,120.00500009684083,8.40193E-05,0,0,0,0,0,0,0,0,0,0,0,0,0,0,0,0,0,none,0,0,0,13554.6,0,0,0,6,17037.9,1
1586,5325,5512,0,5250,1,120.00500009684083,8.40193E-05,0,0,0,0,0,0,0,0,0,0,0,0,0,0,0,0,0,none,0,0,0,15254.3,0,0,0,13,8871.04,1
1587,5325,5512,0,5250,1,120.00500009684083,8.40193E-05,0,0,0,0,0,0,0,0,0,0,0,0,0,0,0,0,0,none,0,0,0,11899.6,0,0,0,9,18002.1,1
1588,5325,5512,0,5250,1,120.00500009684083,8.40193E-05,0,0,0,0,0,0,0,0,0,0,0,0,0,0,0,0,0,none,0,0,0,13899.3,0,0,0,76,12030.1,1
1589,5325,5512,0,5250,1,120.00500009684083,8.40193E-05,0,0,0,0,0,0,0,0,0,0,0,0,0,0,0,0,0,none,0,0,0,13169.8,0,0,0,12,9801.27,1
1590,5325,5512,0,5250,1,120.00500009684083,8.40193E-05,0,0,0,0,0,0,0,0,0,0,0,0,0,0,0,0,0,none,0,0,0,11165.2,0,0,0,6,31085.8,1
1591,5325,5512,0,5250,1,120.00500009684083,8.40193E-05,0,0,0,0,0,0,0,0,0,0,0,0,0,0,0,0,0,none,0,0,0,10711.2,0,0,0,23,11272.8,1
1592,5325,5512,0,5250,1,120.00500009684083,8.40193E-05,0,0,0,0,0,0,0,0,0,0,0,0,0,0,0,0,0,none,0,0,0,12975.8,0,0,0,21,10027,1
1593,5325,5512,0,5250,1,120.00500009684083,8.40193E-05,0,0,0,0,0,0,0,0,0,0,0,0,0,0,0,0,0,none,0,0,0,11608.3,0,0,0,11,8629.65,1
1594,5325,5512,0,5250,1,120.00500009684083,8.40193E-05,0,0,0,0,0,0,0,0,0,0,0,0,0,0,0,0,0,none,0,0,0,10662.5,0,0,0,9,10920.7,1
1595,5325,5512,0,5250,1,120.00500009684083,8.40193E-05,0,0,0,0,0,0,0,0,0,0,0,0,0,0,0,0,0,none,0,0,0,12882.2,0,0,0,11,14373.8,1
1596,5325,5512,0,5250,1,120.00500009684083,8.40193E-05,0,0,0,0,0,0,0,0,0,0,0,0,0,0,0,0,0,none,0,0,0,12998.2,0,0,0,8,9125.79,1
1597,5325,5512,0,5250,1,120.00500009684083,8.40193E-05,0,0,0,0,0,0,0,0,0,0,0,0,0,0,0,0,0,none,0,0,0,12679.6,0,0,0,20,10564.8,1
1598,5325,5512,0,5250,1,120.00500009684083,8.40193E-05,0,0,0,0,0,0,0,0,0,0,0,0,0,0,0,0,0,none,0,0,0,12147.9,0,0,0,5,20953.1,1
1599,5325,5512,0,5250,1,120.00500009684083,8.40193E-05,0,0,0,0,0,0,0,0,0,0,0,0,0,0,0,0,0,none,0,0,0,13880.4,0,0,0,19,10854.6,1
1600,5325,5512,0,5250,1,120.00500009684083,8.40193E-05,0,0,0,0,0,0,0,0,0,0,0,0,0,0,0,0,0,none,0,0,0,13466.5,0,0,0,10,10317.7,1
1601,5325,5512,0,5250,1,120.00500009684083,8.40193E-05,0,0,0,0,0,0,0,0,0,0,0,0,0,0,0,0,0,none,0,0,0,10097.2,0,0,0,88,11497.9,1
1602,5325,5512,0,5250,1,120.00500009684083,8.40193E-05,0,0,0,0,0,0,0,0,0,0,0,0,0,0,0,0,0,none,0,0,0,12423.9,0,0,0,12,29142.2,1
1603,5325,5512,0,5250,1,120.00500009684083,8.40193E-05,0,0,0,0,0,0,0,0,0,0,0,0,0,0,0,0,0,none,0,0,0,18634.6,0,0,0,22,8805.7,1
1604,5325,5512,0,5250,1,120.00500009684083,8.40193E-05,0,0,0,0,0,0,0,0,0,0,0,0,0,0,0,0,0,none,0,0,0,11129.2,0,0,0,76,21666.7,1
1605,5325,5512,0,5250,1,120.00500009684083,8.40193E-05,0,0,0,0,0,0,0,0,0,0,0,0,0,0,0,0,0,none,0,0,0,14213.6,0,0,0,8,16247,1
1606,5325,5512,0,5250,1,120.00500009684083,8.40193E-05,0,0,0,0,0,0,0,0,0,0,0,0,0,0,0,0,0,none,0,0,0,16115.1,0,0,0,23,9661.48,1
1607,5325,5512,0,5250,1,120.00500009684083,8.40193E-05,0,0,0,0,0,0,0,0,0,0,0,0,0,0,0,0,0,none,0,0,0,10960.5,0,0,0,10,15250.3,1
1608,5325,5512,0,5250,1,120.00500009684083,8.40193E-05,0,0,0,0,0,0,0,0,0,0,0,0,0,0,0,0,0,none,0,0,0,10968,0,0,0,11,13125.1,1
1609,5325,5512,0,5250,1,120.00500009684083,8.40193E-05,0,0,0,0,0,0,0,0,0,0,0,0,0,0,0,0,0,none,0,0,0,14645.7,0,0,0,10,9813.6,1
1610,5325,5512,0,5250,1,120.00500009684083,8.40193E-05,0,0,0,0,0,0,0,0,0,0,0,0,0,0,0,0,0,none,0,0,0,11027,0,0,0,14,8596.58,1
1611,5325,5512,0,5250,1,120.00500009684083,8.40193E-05,0,0,0,0,0,0,0,0,0,0,0,0,0,0,0,0,0,none,0,0,0,10418.7,0,0,0,13,11783.5,1
1612,5325,5512,0,5250,1,120.00500009684083,8.40193E-05,0,0,0,0,0,0,0,0,0,0,0,0,0,0,0,0,0,none,0,0,0,12062.5,0,0,0,5,14755.1,1
1613,5325,5512,0,5250,1,120.00500009684083,8.40193E-05,0,0,0,0,0,0,0,0,0,0,0,0,0,0,0,0,0,none,0,0,0,11353.4,0,0,0,18,9054.75,1
1614,5325,5512,0,5250,1,120.00500009684083,8.40193E-05,0,0,0,0,0,0,0,0,0,0,0,0,0,0,0,0,0,none,0,0,0,13485.3,0,0,0,74,12046.7,1
1615,5325,5512,0,5250,1,120.00500009684083,8.40193E-05,0,0,0,0,0,0,0,0,0,0,0,0,0,0,0,0,0,none,0,0,0,12775.9,0,0,0,74,31440.7,1
1616,5325,5512,0,5250,1,120.00500009684083,8.40193E-05,0,0,0,0,0,0,0,0,0,0,0,0,0,0,0,0,0,none,0,0,0,11887,0,0,0,16,10445.6,1
1617,5325,5512,0,5250,1,120.00500009684083,8.40193E-05,0,0,0,0,0,0,0,0,0,0,0,0,0,0,0,0,0,none,0,0,0,11968.9,0,0,0,74,10968.7,1
1618,5325,5512,0,5250,1,120.00500009684083,8.40193E-05,0,0,0,0,0,0,0,0,0,0,0,0,0,0,0,0,0,none,0,0,0,10150.8,0,0,0,7,16215,1
1619,5325,5512,0,5250,1,120.00500009684083,8.40193E-05,0,0,0,0,0,0,0,0,0,0,0,0,0,0,0,0,0,none,0,0,0,12561.8,0,0,0,14,17232,1
1620,5325,5512,0,5250,1,120.00500009684083,8.40193E-05,0,0,0,0,0,0,0,0,0,0,0,0,0,0,0,0,0,none,0,0,0,15830.5,0,0,0,27,8734.23,1
1621,5325,5512,0,5250,1,120.00500009684083,8.40193E-05,0,0,0,0,0,0,0,0,0,0,0,0,0,0,0,0,0,none,0,0,0,11186.4,0,0,0,14,12151.4,1
1622,5325,5512,0,5250,1,120.00500009684083,8.40193E-05,0,0,0,0,0,0,0,0,0,0,0,0,0,0,0,0,0,none,0,0,0,11937.8,0,0,0,8,17750.2,1
1623,5325,5512,0,5250,1,120.00500009684083,8.40193E-05,0,0,0,0,0,0,0,0,0,0,0,0,0,0,0,0,0,none,0,0,0,16580,0,0,0,15,9507.18,1
1624,5325,5512,0,5250,1,120.00500009684083,8.40193E-05,0,0,0,0,0,0,0,0,0,0,0,0,0,0,0,0,0,none,0,0,0,11511.6,0,0,0,11,20303.2,1
1625,5325,5512,0,5250,1,120.00500009684083,8.40193E-05,0,0,0,0,0,0,0,0,0,0,0,0,0,0,0,0,0,none,0,0,0,11267.4,0,0,0,74,13295.9,1
1626,5325,5512,0,5250,1,120.00500009684083,8.40193E-05,0,0,0,0,0,0,0,0,0,0,0,0,0,0,0,0,0,none,0,0,0,15599.2,0,0,0,12,11333.6,1
1627,5325,5512,0,5250,1,120.00500009684083,8.40193E-05,0,0,0,0,0,0,0,0,0,0,0,0,0,0,0,0,0,none,0,0,0,11965.2,0,0,0,84,14015.2,1
1628,5325,5512,0,5250,1,120.00500009684083,8.40193E-05,0,0,0,0,0,0,0,0,0,0,0,0,0,0,0,0,0,none,0,0,0,10243.3,0,0,0,19,19883.4,1
1629,5325,5512,0,5250,1,120.00500009684083,8.40193E-05,0,0,0,0,0,0,0,0,0,0,0,0,0,0,0,0,0,none,0,0,0,14558.3,0,0,0,12,10872.3,1
1630,5325,5512,0,5250,1,120.00500009684083,8.40193E-05,0,0,0,0,0,0,0,0,0,0,0,0,0,0,0,0,0,none,0,0,0,12790.3,0,0,0,77,9002.15,1
1631,5325,5512,0,5250,1,120.00500009684083,8.40193E-05,0,0,0,0,0,0,0,0,0,0,0,0,0,0,0,0,0,none,0,0,0,13137.2,0,0,0,15,11473.8,1
1632,5325,5512,0,5250,1,120.00500009684083,8.40193E-05,0,0,0,0,0,0,0,0,0,0,0,0,0,0,0,0,0,none,0,0,0,12055.1,0,0,0,13,10531.9,1
1633,5325,5512,0,5250,1,120.00500009684083,8.40193E-05,0,0,0,0,0,0,0,0,0,0,0,0,0,0,0,0,0,none,0,0,0,12071.9,0,0,0,21,10180.4,1
1634,5325,5512,0,5250,1,120.00500009684083,8.40193E-05,0,0,0,0,0,0,0,0,0,0,0,0,0,0,0,0,0,none,0,0,0,13538.1,0,0,0,16,10676.5,1
1635,5325,5512,0,5250,1,120.00500009684083,8.40193E-05,0,0,0,0,0,0,0,0,0,0,0,0,0,0,0,0,0,none,0,0,0,10253.9,0,0,0,8,10292,1
1636,5325,5512,0,5250,1,120.00500009684083,8.40193E-05,0,0,0,0,0,0,0,0,0,0,0,0,0,0,0,0,0,none,0,0,0,11496.1,0,0,0,7,12953.4,1
1637,5325,5512,0,5250,1,120.00500009684083,8.40193E-05,0,0,0,0,0,0,0,0,0,0,0,0,0,0,0,0,0,none,0,0,0,12204.9,0,0,0,14,8691.17,1
1638,5325,5512,0,5250,1,120.00500009684083,8.40193E-05,0,0,0,0,0,0,0,0,0,0,0,0,0,0,0,0,0,none,0,0,0,11183.9,0,0,0,28,10084.2,1
1639,5323,5512,0,5250,1,120.00500009684083,8.40193E-05,0,0,0,0,0,0,2,4.666668243821355E-15,4.666668243821355E-15,0,0,0,0,0,0,0,0,none,0,0,4.6666670365253654E-15,11095.5,0,0,0,22,10958.7,1
1640,5323,5512,0,5250,1,120.00500009684083,8.40193E-05,0,0,0,0,0,0,0,0,0,0,0,0,0,0,0,0,0,none,0,0,0,14281.6,0,0,0,11,9374.94,1
1641,5323,5512,0,5250,1,120.00500009684083,8.40193E-05,0,0,0,0,0,0,0,0,0,0,0,0,0,0,0,0,0,none,0,0,0,12015.2,0,0,0,15,9924.29,1
1642,5323,5512,0,5250,1,120.00500009684083,8.40193E-05,0,0,0,0,0,0,0,0,0,0,0,0,0,0,0,0,0,none,0,0,0,10957.2,0,0,0,16,13491,1
1643,5323,5512,0,5250,1,120.00500009684083,8.40193E-05,0,0,0,0,0,0,0,0,0,0,0,0,0,0,0,0,0,none,0,0,0,15501.7,0,0,0,80,22161.9,1
1644,5323,5512,0,5250,1,120.00500009684083,8.40193E-05,0,0,0,0,0,0,0,0,0,0,0,0,0,0,0,0,0,none,0,0,0,13591.3,0,0,0,13,9799.23,1
1645,5323,5512,0,5250,1,120.00500009684083,8.40193E-05,0,0,0,0,0,0,0,0,0,0,0,0,0,0,0,0,0,none,0,0,0,10143.6,0,0,0,12,12202.8,1
1646,5323,5512,0,5250,1,120.00500009684083,8.40193E-05,0,0,0,0,0,0,0,0,0,0,0,0,0,0,0,0,0,none,0,0,0,13779.8,0,0,0,12,13746.2,1
1647,5323,5512,0,5250,1,120.00500009684083,8.40193E-05,0,0,0,0,0,0,0,0,0,0,0,0,0,0,0,0,0,none,0,0,0,12662.8,0,0,0,5,8945.66,1
1648,5323,5512,0,5250,1,120.00500009684083,8.40193E-05,0,0,0,0,0,0,0,0,0,0,0,0,0,0,0,0,0,none,0,0,0,11406.7,0,0,0,12,11047.1,1
1649,5323,5512,0,5250,1,120.00500009684083,8.40193E-05,0,0,0,0,0,0,0,0,0,0,0,0,0,0,0,0,0,none,0,0,0,12162.7,0,0,0,13,11117.8,1
1650,5323,5512,0,5250,1,120.00500009684083,8.40193E-05,0,0,0,0,0,0,0,0,0,0,0,0,0,0,0,0,0,none,0,0,0,13535.8,0,0,0,15,9977.99,1
1651,5323,5512,0,5250,1,120.00500009684083,8.40193E-05,0,0,0,0,0,0,0,0,0,0,0,0,0,0,0,0,0,none,0,0,0,11957.1,0,0,0,26,10446.8,1
1652,5323,5512,0,5250,1,120.00500009684083,8.40193E-05,0,0,0,0,0,0,0,0,0,0,0,0,0,0,0,0,0,none,0,0,0,10439.1,0,0,0,6,28323.2,1
1653,5323,5512,0,5250,1,120.00500009684083,8.40193E-05,0,0,0,0,0,0,0,0,0,0,0,0,0,0,0,0,0,none,0,0,0,14681.9,0,0,0,14,19991.6,1
1654,5323,5512,0,5250,1,120.00500009684083,8.40193E-05,0,0,0,0,0,0,0,0,0,0,0,0,0,0,0,0,0,none,0,0,0,12649,0,0,0,18,8657.32,1
1655,5323,5512,0,5250,1,120.00500009684083,8.40193E-05,0,0,0,0,0,0,0,0,0,0,0,0,0,0,0,0,0,none,0,0,0,10942.1,0,0,0,9,46161.9,1
1656,5323,5512,0,5250,1,120.00500009684083,8.40193E-05,0,0,0,0,0,0,0,0,0,0,0,0,0,0,0,0,0,none,0,0,0,15068,0,0,0,140,17485,1
1657,5323,5512,0,5250,1,120.00500009684083,8.40193E-05,0,0,0,0,0,0,0,0,0,0,0,0,0,0,0,0,0,none,0,0,0,13284,0,0,0,14,9228.99,1
1658,5323,5512,0,5250,1,120.00500009684083,8.40193E-05,0,0,0,0,0,0,0,0,0,0,0,0,0,0,0,0,0,none,0,0,0,12670.3,0,0,0,18,11857.1,1
1659,5323,5512,0,5250,1,120.00500009684083,8.40193E-05,0,0,0,0,0,0,0,0,0,0,0,0,0,0,0,0,0,none,0,0,0,11914.6,0,0,0,24,11307.5,1
1660,5323,5512,0,5250,1,120.00500009684083,8.40193E-05,0,0,0,0,0,0,0,0,0,0,0,0,0,0,0,0,0,none,0,0,0,12870.4,0,0,0,13,11309.4,1
1661,5323,5512,0,5250,1,120.00500009684083,8.40193E-05,0,0,0,0,0,0,0,0,0,0,0,0,0,0,0,0,0,none,0,0,0,14367.5,0,0,0,14,11274.6,1
1662,5323,5512,0,5250,1,120.00500009684083,8.40193E-05,0,0,0,0,0,0,0,0,0,0,0,0,0,0,0,0,0,none,0,0,0,10095.5,0,0,0,13,11586.7,1
1663,5323,5512,0,5250,1,120.00500009684083,8.40193E-05,0,0,0,0,0,0,0,0,0,0,0,0,0,0,0,0,0,none,0,0,0,13013,0,0,0,13,23777.5,1
1664,5323,5512,0,5250,1,120.00500009684083,8.40193E-05,0,0,0,0,0,0,0,0,0,0,0,0,0,0,0,0,0,none,0,0,0,13805.7,0,0,0,13,8878.81,1
1665,5322,5512,1,5250,1,120.00500009684083,8.40193E-05,0,1,1.279299440676405E-10,0,0,0,0,0,0,0,0,0,0,0,1.2792994398200253E-10,0,-8.563798296822081E-20,no_compact_gain,0,0,0,12286.9,0,0,0,7,10734.6,1
1666,5322,5512,0,5250,1,120.00500009684083,8.40193E-05,0,0,0,0,0,0,0,0,0,0,0,0,0,0,0,0,0,none,0,0,0,11617.3,0,0,0,8,42409.2,1
1667,5322,5512,0,5250,1,120.00500009684083,8.40193E-05,0,0,0,0,0,0,0,0,0,0,0,0,0,0,0,0,0,none,0,0,0,14007.4,0,0,0,14,9817.85,1
1668,5322,5512,0,5250,1,120.00500009684083,8.40193E-05,0,0,0,0,0,0,0,0,0,0,0,0,0,0,0,0,0,none,0,0,0,11998,0,0,0,15,10260.5,1
1669,5322,5512,0,5250,1,120.00500009684083,8.40193E-05,0,0,0,0,0,0,0,0,0,0,0,0,0,0,0,0,0,none,0,0,0,10681.5,0,0,0,72,11541.5,1
1670,5322,5512,0,5250,1,120.00500009684083,8.40193E-05,0,0,0,0,0,0,0,0,0,0,0,0,0,0,0,0,0,none,0,0,0,12346.9,0,0,0,12,10266.5,1
1671,5322,5512,0,5250,1,120.00500009684083,8.40193E-05,0,0,0,0,0,0,0,0,0,0,0,0,0,0,0,0,0,none,0,0,0,11438.2,0,0,0,10,8632.83,1
1672,5322,5512,0,5250,1,120.00500009684083,8.40193E-05,0,0,0,0,0,0,0,0,0,0,0,0,0,0,0,0,0,none,0,0,0,10691.4,0,0,0,8,15157.5,1
1673,5322,5512,0,5250,1,120.00500009684083,8.40193E-05,0,0,0,0,0,0,0,0,0,0,0,0,0,0,0,0,0,none,0,0,0,15726.1,0,0,0,31,10062.5,1
1674,5322,5512,0,5250,1,120.00500009684083,8.40193E-05,0,0,0,0,0,0,0,0,0,0,0,0,0,0,0,0,0,none,0,0,0,11065.7,0,0,0,8,9135.31,1
1675,5322,5512,0,5250,1,120.00500009684083,8.40193E-05,0,0,0,0,0,0,0,0,0,0,0,0,0,0,0,0,0,none,0,0,0,12156.9,0,0,0,23,16127.7,1
1676,5322,5512,0,5250,1,120.00500009684083,8.40193E-05,0,0,0,0,0,0,0,0,0,0,0,0,0,0,0,0,0,none,0,0,0,12270.3,0,0,0,14,9908.97,1
1677,5322,5512,0,5250,1,120.00500009684083,8.40193E-05,0,0,0,0,0,0,0,0,0,0,0,0,0,0,0,0,0,none,0,0,0,10956.8,0,0,0,13,10905.3,1
1678,5322,5512,0,5250,1,120.00500009684083,8.40193E-05,0,0,0,0,0,0,0,0,0,0,0,0,0,0,0,0,0,none,0,0,0,15147.1,0,0,0,15,15148,1
1679,5322,5512,0,5250,1,120.00500009684083,8.40193E-05,0,0,0,0,0,0,0,0,0,0,0,0,0,0,0,0,0,none,0,0,0,10094.8,0,0,0,13,9784.81,1
1680,5322,5512,0,5250,1,120.00500009684083,8.40193E-05,0,0,0,0,0,0,0,0,0,0,0,0,0,0,0,0,0,none,0,0,0,11078,0,0,0,8,31160.2,1
1681,5322,5512,0,5250,1,120.00500009684083,8.40193E-05,0,0,0,0,0,0,0,0,0,0,0,0,0,0,0,0,0,none,0,0,0,13602.4,0,0,0,18,8815.11,1
1682,5322,5512,0,5250,1,120.00500009684083,8.40193E-05,0,0,0,0,0,0,0,0,0,0,0,0,0,0,0,0,0,none,0,0,0,11930.8,0,0,0,80,10494.2,1
1683,5322,5512,0,5250,1,120.00500009684083,8.40193E-05,0,0,0,0,0,0,0,0,0,0,0,0,0,0,0,0,0,none,0,0,0,11266.1,0,0,0,10,16061.9,1
1684,5322,5512,0,5250,1,120.00500009684083,8.40193E-05,0,0,0,0,0,0,0,0,0,0,0,0,0,0,0,0,0,none,0,0,0,14919.5,0,0,0,13,9681.45,1
1685,5322,5512,0,5250,1,120.00500009684083,8.40193E-05,0,0,0,0,0,0,0,0,0,0,0,0,0,0,0,0,0,none,0,0,0,11951.1,0,0,0,81,10113.7,1
1686,5322,5512,0,5250,1,120.00500009684083,8.40193E-05,0,0,0,0,0,0,0,0,0,0,0,0,0,0,0,0,0,none,0,0,0,10929,0,0,0,10,26460.4,1
1687,5322,5512,0,5250,1,120.00500009684083,8.40193E-05,0,0,0,0,0,0,0,0,0,0,0,0,0,0,0,0,0,none,0,0,0,15538.6,0,0,0,74,27135.4,1
1688,5322,5512,0,5250,1,120.00500009684083,8.40193E-05,0,0,0,0,0,0,0,0,0,0,0,0,0,0,0,0,0,none,0,0,0,15700.6,0,0,0,13,8601.58,1
1689,5322,5512,0,5250,1,120.00500009684083,8.40193E-05,0,0,0,0,0,0,0,0,0,0,0,0,0,0,0,0,0,none,0,0,0,10449.7,0,0,0,17,12224.6,1
1690,5322,5512,0,5250,1,120.00500009684083,8.40193E-05,0,0,0,0,0,0,0,0,0,0,0,0,0,0,0,0,0,none,0,0,0,11940.1,0,0,0,28,12626.8,1
1691,5322,5512,0,5250,1,120.00500009684083,8.40193E-05,0,0,0,0,0,0,0,0,0,0,0,0,0,0,0,0,0,none,0,0,0,14906.6,0,0,0,12,9063.01,1
1692,5322,5512,0,5250,1,120.00500009684083,8.40193E-05,0,0,0,0,0,0,0,0,0,0,0,0,0,0,0,0,0,none,0,0,0,13532.4,0,0,0,5,24452.4,1
1693,5322,5512,0,5250,1,120.00500009684083,8.40193E-05,0,0,0,0,0,0,0,0,0,0,0,0,0,0,0,0,0,none,0,0,0,12712.9,0,0,0,14,11707.1,1
1694,5322,5512,0,5250,1,120.00500009684083,8.40193E-05,0,0,0,0,0,0,0,0,0,0,0,0,0,0,0,0,0,none,0,0,0,13181.4,0,0,0,11,10492.7,1
1695,5322,5512,0,5250,1,120.00500009684083,8.40193E-05,0,0,0,0,0,0,0,0,0,0,0,0,0,0,0,0,0,none,0,0,0,11988.7,0,0,0,77,18063.9,1
1696,5322,5512,0,5250,1,120.00500009684083,8.40193E-05,0,0,0,0,0,0,0,0,0,0,0,0,0,0,0,0,0,none,0,0,0,10139.9,0,0,0,15,10796.2,1
1697,5322,5512,0,5250,1,120.00500009684083,8.40193E-05,0,0,0,0,0,0,0,0,0,0,0,0,0,0,0,0,0,none,0,0,0,11724.1,0,0,0,13,17691.5,1
1698,5322,5512,0,5250,1,120.00500009684083,8.40193E-05,0,0,0,0,0,0,0,0,0,0,0,0,0,0,0,0,0,none,0,0,0,13482.7,0,0,0,78,8741.71,1
1699,5322,5512,0,5250,1,120.00500009684083,8.40193E-05,0,0,0,0,0,0,0,0,0,0,0,0,0,0,0,0,0,none,0,0,0,11559.6,0,0,0,16,10298.1,1
1700,5322,5512,0,5250,1,120.00500009684083,8.40193E-05,0,0,0,0,0,0,0,0,0,0,0,0,0,0,0,0,0,none,0,0,0,11156.2,0,0,0,14,19079.2,1
1701,5322,5512,0,5250,1,120.00500009684083,8.40193E-05,0,0,0,0,0,0,0,0,0,0,0,0,0,0,0,0,0,none,0,0,0,14847,0,0,0,10,9524.92,1
1702,5322,5512,0,5250,1,120.00500009684083,8.40193E-05,0,0,0,0,0,0,0,0,0,0,0,0,0,0,0,0,0,none,0,0,0,14631.8,0,0,0,13,9986.11,1
1703,5322,5512,0,5250,1,120.00500009684083,8.40193E-05,0,0,0,0,0,0,0,0,0,0,0,0,0,0,0,0,0,none,0,0,0,11230.9,0,0,0,18,16252.1,1
1704,5322,5512,0,5250,1,120.00500009684083,8.40193E-05,0,0,0,0,0,0,0,0,0,0,0,0,0,0,0,0,0,none,0,0,0,15748.8,0,0,0,7,13070,1
1705,5322,5512,0,5250,1,120.00500009684083,8.40193E-05,0,0,0,0,0,0,0,0,0,0,0,0,0,0,0,0,0,none,0,0,0,12268.5,0,0,0,8,10241.3,1
1706,5322,5512,0,5250,1,120.00500009684083,8.40193E-05,0,0,0,0,0,0,0,0,0,0,0,0,0,0,0,0,0,none,0,0,0,10259.3,0,0,0,10,13085.1,1
1707,5322,5512,0,5250,1,120.00500009684083,8.40193E-05,0,0,0,0,0,0,0,0,0,0,0,0,0,0,0,0,0,none,0,0,0,16267.9,0,0,0,16,10983.8,1
1708,5322,5512,0,5250,1,120.00500009684083,8.40193E-05,0,0,0,0,0,0,0,0,0,0,0,0,0,0,0,0,0,none,0,0,0,14125.6,0,0,0,77,9008.21,1
1709,5322,5512,0,5250,1,120.00500009684083,8.40193E-05,0,0,0,0,0,0,0,0,0,0,0,0,0,0,0,0,0,none,0,0,0,11039.7,0,0,0,11,13454,1
1710,5322,5512,0,5250,1,120.00500009684083,8.40193E-05,0,0,0,0,0,0,0,0,0,0,0,0,0,0,0,0,0,none,0,0,0,12490.5,0,0,0,17,11221.7,1
1711,5322,5512,0,5250,1,120.00500009684083,8.40193E-05,0,0,0,0,0,0,0,0,0,0,0,0,0,0,0,0,0,none,0,0,0,12453.6,0,0,0,88,9894.04,1
1712,5322,5512,0,5250,1,120.00500009684083,8.40193E-05,0,0,0,0,0,0,0,0,0,0,0,0,0,0,0,0,0,none,0,0,0,10958.2,0,0,0,19,11062.1,1
1713,5322,5512,0,5250,1,120.00500009684083,8.40193E-05,0,0,0,0,0,0,0,0,0,0,0,0,0,0,0,0,0,none,0,0,0,10237.8,0,0,0,9,10543.6,1
1714,5322,5512,0,5250,1,120.00500009684083,8.40193E-05,0,0,0,0,0,0,0,0,0,0,0,0,0,0,0,0,0,none,0,0,0,11324.3,0,0,0,20,9770.36,1
1715,5322,5512,0,5250,1,120.00500009684083,8.40193E-05,0,0,0,0,0,0,0,0,0,0,0,0,0,0,0,0,0,none,0,0,0,11109,0,0,0,11,8695.89,1
1716,5322,5512,0,5250,1,120.00500009684083,8.40193E-05,0,0,0,0,0,0,0,0,0,0,0,0,0,0,0,0,0,none,0,0,0,11278.6,0,0,0,11,10144.1,1
1717,5322,5512,0,5250,1,120.00500009684083,8.40193E-05,0,0,0,0,0,0,0,0,0,0,0,0,0,0,0,0,0,none,0,0,0,11287.2,0,0,0,15,11147.5,1
1718,5322,5512,0,5250,1,120.00500009684083,8.40193E-05,0,0,0,0,0,0,0,0,0,0,0,0,0,0,0,0,0,none,0,0,0,11520.6,0,0,0,74,9392.81,1
1719,5322,5512,0,5250,1,120.00500009684083,8.40193E-05,0,0,0,0,0,0,0,0,0,0,0,0,0,0,0,0,0,none,0,0,0,14614.9,0,0,0,7,21726,1
1720,5322,5512,0,5250,1,120.00500009684083,8.40193E-05,0,0,0,0,0,0,0,0,0,0,0,0,0,0,0,0,0,none,0,0,0,11504.7,0,0,0,17,23684.5,1
1721,5322,5512,0,5250,1,120.00500009684083,8.40193E-05,0,0,0,0,0,0,0,0,0,0,0,0,0,0,0,0,0,none,0,0,0,12102.9,0,0,0,7,24986.1,1
1722,5322,5512,0,5250,1,120.00500009684083,8.40193E-05,0,0,0,0,0,0,0,0,0,0,0,0,0,0,0,0,0,none,0,0,0,15079.7,0,0,0,18,11240.8,1
1723,5322,5512,0,5250,1,120.00500009684083,8.40193E-05,0,0,0,0,0,0,0,0,0,0,0,0,0,0,0,0,0,none,0,0,0,10154.3,0,0,0,16,13250.4,1
1724,5322,5512,0,5250,1,120.00500009684083,8.40193E-05,0,0,0,0,0,0,0,0,0,0,0,0,0,0,0,0,0,none,0,0,0,12827.8,0,0,0,84,11836.1,1
1725,5322,5512,0,5250,1,120.00500009684083,8.40193E-05,0,0,0,0,0,0,0,0,0,0,0,0,0,0,0,0,0,none,0,0,0,13351.8,0,0,0,14,8954.11,1
1726,5322,5512,0,5250,1,120.00500009684083,8.40193E-05,0,0,0,0,0,0,0,0,0,0,0,0,0,0,0,0,0,none,0,0,0,12795,0,0,0,16,54156.7,1
1727,5322,5512,0,5250,1,120.00500009684083,8.40193E-05,0,0,0,0,0,0,0,0,0,0,0,0,0,0,0,0,0,none,0,0,0,13467.6,0,0,0,15,10861.9,1
1728,5322,5512,0,5250,1,120.00500009684083,8.40193E-05,0,0,0,0,0,0,0,0,0,0,0,0,0,0,0,0,0,none,0,0,0,11839.9,0,0,0,12,10003,1
1729,5322,5512,0,5250,1,120.00500009684083,8.40193E-05,0,0,0,0,0,0,0,0,0,0,0,0,0,0,0,0,0,none,0,0,0,14087.8,0,0,0,13,17515.5,1
1730,5322,5512,0,5250,1,120.00500009684083,8.40193E-05,0,0,0,0,0,0,0,0,0,0,0,0,0,0,0,0,0,none,0,0,0,10407.6,0,0,0,12,10337.9,1
1731,5322,5512,0,5250,1,120.00500009684083,8.40193E-05,0,0,0,0,0,0,0,0,0,0,0,0,0,0,0,0,0,none,0,0,0,11159.4,0,0,0,17,11160.9,1
1732,5322,5512,0,5250,1,120.00500009684083,8.40193E-05,0,0,0,0,0,0,0,0,0,0,0,0,0,0,0,0,0,none,0,0,0,13309,0,0,0,17,8661.05,1
1733,5322,5512,0,5250,1,120.00500009684083,8.40193E-05,0,0,0,0,0,0,0,0,0,0,0,0,0,0,0,0,0,none,0,0,0,10980.3,0,0,0,10,10013.4,1
1734,5322,5512,0,5250,1,120.00500009684083,8.40193E-05,0,0,0,0,0,0,0,0,0,0,0,0,0,0,0,0,0,none,0,0,0,11657.3,0,0,0,12,10737.6,1
1735,5322,5512,0,5250,1,120.00500009684083,8.40193E-05,0,0,0,0,0,0,0,0,0,0,0,0,0,0,0,0,0,none,0,0,0,12522.8,0,0,0,19,9245.61,1
1736,5322,5512,0,5250,1,120.00500009684083,8.40193E-05,0,0,0,0,0,0,0,0,0,0,0,0,0,0,0,0,0,none,0,0,0,14228.5,0,0,0,12,26751.6,1
1737,5322,5512,0,5250,1,120.00500009684083,8.40193E-05,0,0,0,0,0,0,0,0,0,0,0,0,0,0,0,0,0,none,0,0,0,11864.4,0,0,0,77,10441.4,1
1738,5322,5512,0,5250,1,120.00500009684083,8.40193E-05,0,0,0,0,0,0,0,0,0,0,0,0,0,0,0,0,0,none,0,0,0,11855.6,0,0,0,16,11370,1
1739,5322,5512,0,5250,1,120.00500009684083,8.40193E-05,0,0,0,0,0,0,0,0,0,0,0,0,0,0,0,0,0,none,0,0,0,14299.1,0,0,0,5,19733.1,1
1740,5321,5512,1,5250,1,120.00500009684083,8.40193E-05,0,1,3.558646174965872E-09,0,0,0,0,0,0,0,0,0,0,0,3.5586461749669094E-09,0,1.0372844881414967E-21,no_compact_gain,0,0,0,10098,0,0,0,16,10216.4,1
1741,5321,5512,0,5250,1,120.00500009684083,8.40193E-05,0,0,0,0,0,0,0,0,0,0,0,0,0,0,0,0,0,none,0,0,0,11329.9,0,0,0,16,11318.2,1
1742,5321,5512,0,5250,1,120.00500009684083,8.40193E-05,0,0,0,0,0,0,0,0,0,0,0,0,0,0,0,0,0,none,0,0,0,12608,0,0,0,16,8886.75,1
1743,5321,5512,0,5250,1,120.00500009684083,8.40193E-05,0,0,0,0,0,0,0,0,0,0,0,0,0,0,0,0,0,none,0,0,0,12104.6,0,0,0,12,10021.5,1
1744,5321,5512,0,5250,1,120.00500009684083,8.40193E-05,0,0,0,0,0,0,0,0,0,0,0,0,0,0,0,0,0,none,0,0,0,11017.4,0,0,0,17,10595.2,1
1745,5321,5512,0,5250,1,120.00500009684083,8.40193E-05,0,0,0,0,0,0,0,0,0,0,0,0,0,0,0,0,0,none,0,0,0,11394.5,0,0,0,16,9834.88,1
1746,5321,5512,0,5250,1,120.00500009684083,8.40193E-05,0,0,0,0,0,0,0,0,0,0,0,0,0,0,0,0,0,none,0,0,0,15774.2,0,0,0,18,9879.38,1
1747,5321,5512,0,5250,1,120.00500009684083,8.40193E-05,0,0,0,0,0,0,0,0,0,0,0,0,0,0,0,0,0,none,0,0,0,10651.5,0,0,0,19,10175.5,1
1748,5321,5512,0,5250,1,120.00500009684083,8.40193E-05,0,0,0,0,0,0,0,0,0,0,0,0,0,0,0,0,0,none,0,0,0,11236.2,0,0,0,16,15919,1
1749,5321,5512,0,5250,1,120.00500009684083,8.40193E-05,0,0,0,0,0,0,0,0,0,0,0,0,0,0,0,0,0,none,0,0,0,13654.7,0,0,0,79,8635.88,1
1750,5321,5512,0,5250,1,120.00500009684083,8.40193E-05,0,0,0,0,0,0,0,0,0,0,0,0,0,0,0,0,0,none,0,0,0,10720.1,0,0,0,78,15052.7,1
1751,5321,5512,0,5250,1,120.00500009684083,8.40193E-05,0,0,0,0,0,0,0,0,0,0,0,0,0,0,0,0,0,none,0,0,0,12216.4,0,0,0,10,18607,1
1752,5321,5512,0,5250,1,120.00500009684083,8.40193E-05,0,0,0,0,0,0,0,0,0,0,0,0,0,0,0,0,0,none,0,0,0,14659,0,0,0,20,9145.01,1
1753,5321,5512,0,5250,1,120.00500009684083,8.40193E-05,0,0,0,0,0,0,0,0,0,0,0,0,0,0,0,0,0,none,0,0,0,11580.7,0,0,0,8,20469.1,1
1754,5321,5512,0,5250,1,120.00500009684083,8.40193E-05,0,0,0,0,0,0,0,0,0,0,0,0,0,0,0,0,0,none,0,0,0,12222.4,0,0,0,12,27906.5,1
1755,5321,5512,0,5250,1,120.00500009684083,8.40193E-05,0,0,0,0,0,0,0,0,0,0,0,0,0,0,0,0,0,none,0,0,0,15685.3,0,0,0,19,10954.9,1
1756,5321,5512,0,5250,1,120.00500009684083,8.40193E-05,0,0,0,0,0,0,0,0,0,0,0,0,0,0,0,0,0,none,0,0,0,12178.7,0,0,0,6,21864.7,1
1757,5321,5512,0,5250,1,120.00500009684083,8.40193E-05,0,0,0,0,0,0,0,0,0,0,0,0,0,0,0,0,0,none,0,0,0,10093.2,0,0,0,13,12301.6,1
1758,5321,5512,0,5250,1,120.00500009684083,8.40193E-05,0,0,0,0,0,0,0,0,0,0,0,0,0,0,0,0,0,none,0,0,0,11949.5,0,0,0,16,10932.3,1
1759,5321,5512,0,5250,1,120.00500009684083,8.40193E-05,0,0,0,0,0,0,0,0,0,0,0,0,0,0,0,0,0,none,0,0,0,11963.9,0,0,0,14,8824.14,1
1760,5321,5512,0,5250,1,120.00500009684083,8.40193E-05,0,0,0,0,0,0,0,0,0,0,0,0,0,0,0,0,0,none,0,0,0,11977.8,0,0,0,12,12392.5,1
1761,5321,5512,0,5250,1,120.00500009684083,8.40193E-05,0,0,0,0,0,0,0,0,0,0,0,0,0,0,0,0,0,none,0,0,0,14120.9,0,0,0,27,10380,1
1762,5321,5512,0,5250,1,120.00500009684083,8.40193E-05,0,0,0,0,0,0,0,0,0,0,0,0,0,0,0,0,0,none,0,0,0,11174.5,0,0,0,10,9700.76,1
1763,5321,5512,0,5250,1,120.00500009684083,8.40193E-05,0,0,0,0,0,0,0,0,0,0,0,0,0,0,0,0,0,none,0,0,0,12019.4,0,0,0,77,11629.6,1
1764,5321,5512,0,5250,1,120.00500009684083,8.40193E-05,0,0,0,0,0,0,0,0,0,0,0,0,0,0,0,0,0,none,0,0,0,10891.5,0,0,0,16,10041.3,1
1765,5321,5512,0,5250,1,120.00500009684083,8.40193E-05,0,0,0,0,0,0,0,0,0,0,0,0,0,0,0,0,0,none,0,0,0,11555.9,0,0,0,7,28413.1,1
1766,5321,5512,0,5250,1,120.00500009684083,8.40193E-05,0,0,0,0,0,0,0,0,0,0,0,0,0,0,0,0,0,none,0,0,0,13881.1,0,0,0,82,8606.42,1
1767,5321,5512,0,5250,1,120.00500009684083,8.40193E-05,0,0,0,0,0,0,0,0,0,0,0,0,0,0,0,0,0,none,0,0,0,10481.5,0,0,0,6,12848.2,1
1768,5321,5512,0,5250,1,120.00500009684083,8.40193E-05,0,0,0,0,0,0,0,0,0,0,0,0,0,0,0,0,0,none,0,0,0,12150.3,0,0,0,19,18004.8,1
1769,5321,5512,0,5250,1,120.00500009684083,8.40193E-05,0,0,0,0,0,0,0,0,0,0,0,0,0,0,0,0,0,none,0,0,0,14686.6,0,0,0,22,9071.64,1
1770,5321,5512,0,5250,1,120.00500009684083,8.40193E-05,0,0,0,0,0,0,0,0,0,0,0,0,0,0,0,0,0,none,0,0,0,12437.2,0,0,0,7,24092.6,1
1771,5321,5512,0,5250,1,120.00500009684083,8.40193E-05,0,0,0,0,0,0,0,0,0,0,0,0,0,0,0,0,0,none,0,0,0,12648.9,0,0,0,13,22262,1
1772,5321,5512,0,5250,1,120.00500009684083,8.40193E-05,0,0,0,0,0,0,0,0,0,0,0,0,0,0,0,0,0,none,0,0,0,17815.6,0,0,0,21,10413.3,1
1773,5321,5512,0,5250,1,120.00500009684083,8.40193E-05,0,0,0,0,0,0,0,0,0,0,0,0,0,0,0,0,0,none,0,0,0,11787.1,0,0,0,11,16882.8,1
1774,5321,5512,0,5250,1,120.00500009684083,8.40193E-05,0,0,0,0,0,0,0,0,0,0,0,0,0,0,0,0,0,none,0,0,0,10130.1,0,0,0,12,13908,1
1775,5321,5512,0,5250,1,120.00500009684083,8.40193E-05,0,0,0,0,0,0,0,0,0,0,0,0,0,0,0,0,0,none,0,0,0,15916.8,0,0,0,22,10191.7,1
1776,5321,5512,0,5250,1,120.00500009684083,8.40193E-05,0,0,0,0,0,0,0,0,0,0,0,0,0,0,0,0,0,none,0,0,0,11280.1,0,0,0,76,8749.87,1
1777,5321,5512,0,5250,1,120.00500009684083,8.40193E-05,0,0,0,0,0,0,0,0,0,0,0,0,0,0,0,0,0,none,0,0,0,11602.5,0,0,0,18,13599.5,1
1778,5321,5512,0,5250,1,120.00500009684083,8.40193E-05,0,0,0,0,0,0,0,0,0,0,0,0,0,0,0,0,0,none,0,0,0,12576.4,0,0,0,16,10002.3,1
1779,5321,5512,0,5250,1,120.00500009684083,8.40193E-05,0,0,0,0,0,0,0,0,0,0,0,0,0,0,0,0,0,none,0,0,0,10998.8,0,0,0,79,9543.39,1
1780,5321,5512,0,5250,1,120.00500009684083,8.40193E-05,0,0,0,0,0,0,0,0,0,0,0,0,0,0,0,0,0,none,0,0,0,15023,0,0,0,102,11090.2,1
1781,5321,5512,0,5250,1,120.00500009684083,8.40193E-05,0,0,0,0,0,0,0,0,0,0,0,0,0,0,0,0,0,none,0,0,0,11193.1,0,0,0,11,9864.92,1
1782,5321,5512,0,5250,1,120.00500009684083,8.40193E-05,0,0,0,0,0,0,0,0,0,0,0,0,0,0,0,0,0,none,0,0,0,10970.3,0,0,0,3,27680.7,1
1783,5321,5512,0,5250,1,120.00500009684083,8.40193E-05,0,0,0,0,0,0,0,0,0,0,0,0,0,0,0,0,0,none,0,0,0,12857.9,0,0,0,8,31799,1
1784,5321,5512,0,5250,1,120.00500009684083,8.40193E-05,0,0,0,0,0,0,0,0,0,0,0,0,0,0,0,0,0,none,0,0,0,10276.8,0,0,0,17,9741.54,1
1785,5321,5512,0,5250,1,120.00500009684083,8.40193E-05,0,0,0,0,0,0,0,0,0,0,0,0,0,0,0,0,0,none,0,0,0,11182.2,0,0,0,15,11178.2,1
1786,5321,5512,0,5250,1,120.00500009684083,8.40193E-05,0,0,0,0,0,0,0,0,0,0,0,0,0,0,0,0,0,none,0,0,0,13295.8,0,0,0,22,9014.3,1
1787,5321,5512,0,5250,1,120.00500009684083,8.40193E-05,0,0,0,0,0,0,0,0,0,0,0,0,0,0,0,0,0,none,0,0,0,13222.1,0,0,0,18,12904.3,1
1788,5321,5512,0,5250,1,120.00500009684083,8.40193E-05,0,0,0,0,0,0,0,0,0,0,0,0,0,0,0,0,0,none,0,0,0,11642.8,0,0,0,10,24941.4,1
1789,5321,5512,0,5250,1,120.00500009684083,8.40193E-05,0,0,0,0,0,0,0,0,0,0,0,0,0,0,0,0,0,none,0,0,0,16986.4,0,0,0,79,10235.4,1
1790,5321,5512,0,5250,1,120.00500009684083,8.40193E-05,0,0,0,0,0,0,0,0,0,0,0,0,0,0,0,0,0,none,0,0,0,12095.6,0,0,0,13,11274.5,1
1791,5321,5512,0,5250,1,120.00500009684083,8.40193E-05,0,0,0,0,0,0,0,0,0,0,0,0,0,0,0,0,0,none,0,0,0,10222.7,0,0,0,18,14203.7,1
1792,5321,5512,0,5250,1,120.00500009684083,8.40193E-05,0,0,0,0,0,0,0,0,0,0,0,0,0,0,0,0,0,none,0,0,0,15460.1,0,0,0,72,10424.3,1
1793,5321,5512,0,5250,1,120.00500009684083,8.40193E-05,0,0,0,0,0,0,0,0,0,0,0,0,0,0,0,0,0,none,0,0,0,11202,0,0,0,14,8700.7,1
1794,5321,5512,0,5250,1,120.00500009684083,8.40193E-05,0,0,0,0,0,0,0,0,0,0,0,0,0,0,0,0,0,none,0,0,0,11312.8,0,0,0,15,17194.9,1
1795,5321,5512,0,5250,1,120.00500009684083,8.40193E-05,0,0,0,0,0,0,0,0,0,0,0,0,0,0,0,0,0,none,0,0,0,14856.7,0,0,0,16,10069.9,1
1796,5321,5512,0,5250,1,120.00500009684083,8.40193E-05,0,0,0,0,0,0,0,0,0,0,0,0,0,0,0,0,0,none,0,0,0,11464.7,0,0,0,8,9410.07,1
1797,5321,5512,0,5250,1,120.00500009684083,8.40193E-05,0,0,0,0,0,0,0,0,0,0,0,0,0,0,0,0,0,none,0,0,0,13800.8,0,0,0,10,17259.1,1
1798,5321,5512,0,5250,1,120.00500009684083,8.40193E-05,0,0,0,0,0,0,0,0,0,0,0,0,0,0,0,0,0,none,0,0,0,11465.8,0,0,0,12,11560.6,1
1799,5321,5512,0,5250,1,120.00500009684083,8.40193E-05,0,0,0,0,0,0,0,0,0,0,0,0,0,0,0,0,0,none,0,0,0,12746.1,0,0,0,9,22431.4,1
1800,5321,5512,0,5250,1,120.00500009684083,8.40193E-05,0,0,0,0,0,0,0,0,0,0,0,0,0,0,0,0,0,none,0,0,0,14533.7,0,0,0,16,11499.9,1
1801,5321,5512,0,5250,1,120.00500009684083,8.40193E-05,0,0,0,0,0,0,0,0,0,0,0,0,0,0,0,0,0,none,0,0,0,10165.7,0,0,0,17,11052.5,1
1802,5321,5512,0,5250,1,120.00500009684083,8.40193E-05,0,0,0,0,0,0,0,0,0,0,0,0,0,0,0,0,0,none,0,0,0,13122.5,0,0,0,23,14986.6,1
1803,5321,5512,0,5250,1,120.00500009684083,8.40193E-05,0,0,0,0,0,0,0,0,0,0,0,0,0,0,0,0,0,none,0,0,0,14265.2,0,0,0,16,8962.21,1
1804,5321,5512,0,5250,1,120.00500009684083,8.40193E-05,0,0,0,0,0,0,0,0,0,0,0,0,0,0,0,0,0,none,0,0,0,12852.9,0,0,0,18,10657.3,1
1805,5321,5512,0,5250,1,120.00500009684083,8.40193E-05,0,0,0,0,0,0,0,0,0,0,0,0,0,0,0,0,0,none,0,0,0,12353.7,0,0,0,74,11634.3,1
1806,5321,5512,0,5250,1,120.00500009684083,8.40193E-05,0,0,0,0,0,0,0,0,0,0,0,0,0,0,0,0,0,none,0,0,0,12211,0,0,0,27,10028.5,1
1807,5321,5512,0,5250,1,120.00500009684083,8.40193E-05,0,0,0,0,0,0,0,0,0,0,0,0,0,0,0,0,0,none,0,0,0,11568.4,0,0,0,9,10385.9,1
1808,5321,5512,0,5250,1,120.00500009684083,8.40193E-05,0,0,0,0,0,0,0,0,0,0,0,0,0,0,0,0,0,none,0,0,0,10377.9,0,0,0,12,14552.9,1
1809,5321,5512,0,5250,1,120.00500009684083,8.40193E-05,0,0,0,0,0,0,0,0,0,0,0,0,0,0,0,0,0,none,0,0,0,15021.8,0,0,0,8,10242.9,1
1810,5321,5512,0,5250,1,120.00500009684083,8.40193E-05,0,0,0,0,0,0,0,0,0,0,0,0,0,0,0,0,0,none,0,0,0,11171.7,0,0,0,17,8665,1
1811,5321,5512,0,5250,1,120.00500009684083,8.40193E-05,0,0,0,0,0,0,0,0,0,0,0,0,0,0,0,0,0,none,0,0,0,11019.5,0,0,0,80,17175,1
1812,5321,5512,0,5250,1,120.00500009684083,8.40193E-05,0,0,0,0,0,0,0,0,0,0,0,0,0,0,0,0,0,none,0,0,0,15274.4,0,0,0,6,14880,1
1813,5321,5512,0,5250,1,120.00500009684083,8.40193E-05,0,0,0,0,0,0,0,0,0,0,0,0,0,0,0,0,0,none,0,0,0,11946.8,0,0,0,16,9263.38,1
1814,5321,5512,0,5250,1,120.00500009684083,8.40193E-05,0,0,0,0,0,0,0,0,0,0,0,0,0,0,0,0,0,none,0,0,0,10983.8,0,0,0,16,17149.6,1
1815,5321,5512,0,5250,1,120.00500009684083,8.40193E-05,0,0,0,0,0,0,0,0,0,0,0,0,0,0,0,0,0,none,0,0,0,11813.5,0,0,0,14,11958,1
1816,5321,5512,0,5250,1,120.00500009684083,8.40193E-05,0,0,0,0,0,0,0,0,0,0,0,0,0,0,0,0,0,none,0,0,0,11967.2,0,0,0,12,9850.57,1
1817,5321,5512,0,5250,1,120.00500009684083,8.40193E-05,0,0,0,0,0,0,0,0,0,0,0,0,0,0,0,0,0,none,0,0,0,10981.1,0,0,0,9,12287.6,1
1818,5321,5512,0,5250,1,120.00500009684083,8.40193E-05,0,0,0,0,0,0,0,0,0,0,0,0,0,0,0,0,0,none,0,0,0,10101.4,0,0,0,78,22452.9,1
1819,5321,5512,0,5250,1,120.00500009684083,8.40193E-05,0,0,0,0,0,0,0,0,0,0,0,0,0,0,0,0,0,none,0,0,0,15227.8,0,0,0,12,9727.29,1
1820,5321,5512,0,5250,1,120.00500009684083,8.40193E-05,0,0,0,0,0,0,0,0,0,0,0,0,0,0,0,0,0,none,0,0,0,11224.2,0,0,0,16,8894.89,1
1821,5321,5512,0,5250,1,120.00500009684083,8.40193E-05,0,0,0,0,0,0,0,0,0,0,0,0,0,0,0,0,0,none,0,0,0,11937.8,0,0,0,71,13206.3,1
1822,5321,5512,0,5250,1,120.00500009684083,8.40193E-05,0,0,0,0,0,0,0,0,0,0,0,0,0,0,0,0,0,none,0,0,0,13779.3,0,0,0,8,17459.1,1
1823,5321,5512,0,5250,1,120.00500009684083,8.40193E-05,0,0,0,0,0,0,0,0,0,0,0,0,0,0,0,0,0,none,0,0,0,11706.6,0,0,0,10,9852.62,1
1824,5321,5512,0,5250,1,120.00500009684083,8.40193E-05,0,0,0,0,0,0,0,0,0,0,0,0,0,0,0,0,0,none,0,0,0,11242,0,0,0,19,17129.6,1
1825,5321,5512,0,5250,1,120.00500009684083,8.40193E-05,0,0,0,0,0,0,0,0,0,0,0,0,0,0,0,0,0,none,0,0,0,10620.9,0,0,0,15,12382.7,1
1826,5321,5512,0,5250,1,120.00500009684083,8.40193E-05,0,0,0,0,0,0,0,0,0,0,0,0,0,0,0,0,0,none,0,0,0,11966.2,0,0,0,19,10099.1,1
1827,5321,5512,0,5250,1,120.00500009684083,8.40193E-05,0,0,0,0,0,0,0,0,0,0,0,0,0,0,0,0,0,none,0,0,0,11384.3,0,0,0,9,8638.85,1
1828,5321,5512,0,5250,1,120.00500009684083,8.40193E-05,0,0,0,0,0,0,0,0,0,0,0,0,0,0,0,0,0,none,0,0,0,10749.2,0,0,0,12,14954.6,1
1829,5321,5512,0,5250,1,120.00500009684083,8.40193E-05,0,0,0,0,0,0,0,0,0,0,0,0,0,0,0,0,0,none,0,0,0,13102.8,0,0,0,14,14888.6,1
1830,5321,5512,0,5250,1,120.00500009684083,8.40193E-05,0,0,0,0,0,0,0,0,0,0,0,0,0,0,0,0,0,none,0,0,0,12586.6,0,0,0,22,9155.03,1
1831,5321,5512,0,5250,1,120.00500009684083,8.40193E-05,0,0,0,0,0,0,0,0,0,0,0,0,0,0,0,0,0,none,0,0,0,12057,0,0,0,77,17045.9,1
1832,5321,5512,0,5250,1,120.00500009684083,8.40193E-05,0,0,0,0,0,0,0,0,0,0,0,0,0,0,0,0,0,none,0,0,0,12175.9,0,0,0,10,16769.4,1
1833,5321,5512,0,5250,1,120.00500009684083,8.40193E-05,0,0,0,0,0,0,0,0,0,0,0,0,0,0,0,0,0,none,0,0,0,14275.3,0,0,0,29,11003.9,1
1834,5321,5512,0,5250,1,120.00500009684083,8.40193E-05,0,0,0,0,0,0,0,0,0,0,0,0,0,0,0,0,0,none,0,0,0,13818.7,0,0,0,76,11647.2,1
1835,5321,5512,0,5250,1,120.00500009684083,8.40193E-05,0,0,0,0,0,0,0,0,0,0,0,0,0,0,0,0,0,none,0,0,0,10092.2,0,0,0,11,12958.9,1
1836,5321,5512,0,5250,1,120.00500009684083,8.40193E-05,0,0,0,0,0,0,0,0,0,0,0,0,0,0,0,0,0,none,0,0,0,12207.9,0,0,0,22,11000.3,1
1837,5321,5512,0,5250,1,120.00500009684083,8.40193E-05,0,0,0,0,0,0,0,0,0,0,0,0,0,0,0,0,0,none,0,0,0,13029.1,0,0,0,16,8832.78,1
1838,5321,5512,0,5250,1,120.00500009684083,8.40193E-05,0,0,0,0,0,0,0,0,0,0,0,0,0,0,0,0,0,none,0,0,0,11670.7,0,0,0,10,10959.9,1
1839,5321,5512,0,5250,1,120.00500009684083,8.40193E-05,0,0,0,0,0,0,0,0,0,0,0,0,0,0,0,0,0,none,0,0,0,14078,0,0,0,15,10620,1
1840,5321,5512,0,5250,1,120.00500009684083,8.40193E-05,0,0,0,0,0,0,0,0,0,0,0,0,0,0,0,0,0,none,0,0,0,12272.3,0,0,0,16,9719.32,1
1841,5321,5512,0,5250,1,120.00500009684083,8.40193E-05,0,0,0,0,0,0,0,0,0,0,0,0,0,0,0,0,0,none,0,0,0,11158.3,0,0,0,11,14938.8,1
1842,5321,5512,0,5250,1,120.00500009684083,8.40193E-05,0,0,0,0,0,0,0,0,0,0,0,0,0,0,0,0,0,none,0,0,0,10855.8,0,0,0,15,10359.1,1
1843,5321,5512,0,5250,1,120.00500009684083,8.40193E-05,0,0,0,0,0,0,0,0,0,0,0,0,0,0,0,0,0,none,0,0,0,11655.3,0,0,0,11,9973.07,1
1844,5321,5512,0,5250,1,120.00500009684083,8.40193E-05,0,0,0,0,0,0,0,0,0,0,0,0,0,0,0,0,0,none,0,0,0,11823.4,0,0,0,71,8611.04,1
1845,5321,5512,0,5250,1,120.00500009684083,8.40193E-05,0,0,0,0,0,0,0,0,0,0,0,0,0,0,0,0,0,none,0,0,0,10513.8,0,0,0,18,10143.4,1
1846,5321,5512,0,5250,1,120.00500009684083,8.40193E-05,0,0,0,0,0,0,0,0,0,0,0,0,0,0,0,0,0,none,0,0,0,11190.2,0,0,0,18,14879.6,1
1847,5321,5512,0,5250,1,120.00500009684083,8.40193E-05,0,0,0,0,0,0,0,0,0,0,0,0,0,0,0,0,0,none,0,0,0,13328.1,0,0,0,77,9080.59,1
1848,5321,5512,0,5250,1,120.00500009684083,8.40193E-05,0,0,0,0,0,0,0,0,0,0,0,0,0,0,0,0,0,none,0,0,0,13628.4,0,0,0,13,9966.37,1
1849,5321,5512,0,5250,1,120.00500009684083,8.40193E-05,0,0,0,0,0,0,0,0,0,0,0,0,0,0,0,0,0,none,0,0,0,10972.1,0,0,0,15,16048.7,1
1850,5321,5512,0,5250,1,120.00500009684083,8.40193E-05,0,0,0,0,0,0,0,0,0,0,0,0,0,0,0,0,0,none,0,0,0,15055.8,0,0,0,14,10595.3,1
1851,5321,5512,0,5250,1,120.00500009684083,8.40193E-05,0,0,0,0,0,0,0,0,0,0,0,0,0,0,0,0,0,none,0,0,0,12961.7,0,0,0,13,9836.26,1
1852,5321,5512,0,5250,1,120.00500009684083,8.40193E-05,0,0,0,0,0,0,0,0,0,0,0,0,0,0,0,0,0,none,0,0,0,10121.3,0,0,0,84,15709.6,1
1853,5321,5512,0,5250,1,120.00500009684083,8.40193E-05,0,0,0,0,0,0,0,0,0,0,0,0,0,0,0,0,0,none,0,0,0,16638.8,0,0,0,14,11209.8,1
1854,5321,5512,0,5250,1,120.00500009684083,8.40193E-05,0,0,0,0,0,0,0,0,0,0,0,0,0,0,0,0,0,none,0,0,0,13180.2,0,0,0,16,8758.67,1
1855,5321,5512,0,5250,1,120.00500009684083,8.40193E-05,0,0,0,0,0,0,0,0,0,0,0,0,0,0,0,0,0,none,0,0,0,11269.5,0,0,0,13,13597.6,1
1856,5321,5512,0,5250,1,120.00500009684083,8.40193E-05,0,0,0,0,0,0,0,0,0,0,0,0,0,0,0,0,0,none,0,0,0,13289.5,0,0,0,8,16068.9,1
1857,5321,5512,0,5250,1,120.00500009684083,8.40193E-05,0,0,0,0,0,0,0,0,0,0,0,0,0,0,0,0,0,none,0,0,0,16691.3,0,0,0,81,9562.59,1
1858,5321,5512,0,5250,1,120.00500009684083,8.40193E-05,0,0,0,0,0,0,0,0,0,0,0,0,0,0,0,0,0,none,0,0,0,11315.5,0,0,0,16,11309.2,1
1859,5321,5512,0,5250,1,120.00500009684083,8.40193E-05,0,0,0,0,0,0,0,0,0,0,0,0,0,0,0,0,0,none,0,0,0,11154.1,0,0,0,12,19926.2,1
1860,5321,5512,0,5250,1,120.00500009684083,8.40193E-05,0,0,0,0,0,0,0,0,0,0,0,0,0,0,0,0,0,none,0,0,0,13936.8,0,0,0,76,21642.5,1
1861,5321,5512,0,5250,1,120.00500009684083,8.40193E-05,0,0,0,0,0,0,0,0,0,0,0,0,0,0,0,0,0,none,0,0,0,12418.5,0,0,0,15,19121.2,1
1862,5321,5512,0,5250,1,120.00500009684083,8.40193E-05,0,0,0,0,0,0,0,0,0,0,0,0,0,0,0,0,0,none,0,0,0,10295.9,0,0,0,21,20367.8,1
1863,5321,5512,0,5250,1,120.00500009684083,8.40193E-05,0,0,0,0,0,0,0,0,0,0,0,0,0,0,0,0,0,none,0,0,0,14995.2,0,0,0,17,11419.6,1
1864,5321,5512,0,5250,1,120.00500009684083,8.40193E-05,0,0,0,0,0,0,0,0,0,0,0,0,0,0,0,0,0,none,0,0,0,12580.1,0,0,0,13,9020.5,1
1865,5321,5512,0,5250,1,120.00500009684083,8.40193E-05,0,0,0,0,0,0,0,0,0,0,0,0,0,0,0,0,0,none,0,0,0,13264.7,0,0,0,25,11771.9,1
1866,5321,5512,0,5250,1,120.00500009684083,8.40193E-05,0,0,0,0,0,0,0,0,0,0,0,0,0,0,0,0,0,none,0,0,0,13028.9,0,0,0,7,26622.1,1
1867,5321,5512,0,5250,1,120.00500009684083,8.40193E-05,0,0,0,0,0,0,0,0,0,0,0,0,0,0,0,0,0,none,0,0,0,13978,0,0,0,8,10264.9,1
1868,5321,5512,0,5250,1,120.00500009684083,8.40193E-05,0,0,0,0,0,0,0,0,0,0,0,0,0,0,0,0,0,none,0,0,0,16284.5,0,0,0,15,10829.2,1
1869,5321,5512,0,5250,1,120.00500009684083,8.40193E-05,0,0,0,0,0,0,0,0,0,0,0,0,0,0,0,0,0,none,0,0,0,10208.5,0,0,0,10,26480.5,1
1870,5321,5512,0,5250,1,120.00500009684083,8.40193E-05,0,0,0,0,0,0,0,0,0,0,0,0,0,0,0,0,0,none,0,0,0,14763.7,0,0,0,25,13184.8,1
1871,5321,5512,0,5250,1,120.00500009684083,8.40193E-05,0,0,0,0,0,0,0,0,0,0,0,0,0,0,0,0,0,none,0,0,0,14395.6,0,0,0,26,8705.64,1
1872,5321,5512,0,5250,1,120.00500009684083,8.40193E-05,0,0,0,0,0,0,0,0,0,0,0,0,0,0,0,0,0,none,0,0,0,11156.5,0,0,0,12,13840.1,1
1873,5321,5512,0,5250,1,120.00500009684083,8.40193E-05,0,0,0,0,0,0,0,0,0,0,0,0,0,0,0,0,0,none,0,0,0,14810.3,0,0,0,78,11683.6,1
1874,5321,5512,0,5250,1,120.00500009684083,8.40193E-05,0,0,0,0,0,0,0,0,0,0,0,0,0,0,0,0,0,none,0,0,0,12152.5,0,0,0,13,9426.84,1
1875,5321,5512,0,5250,1,120.00500009684083,8.40193E-05,0,0,0,0,0,0,0,0,0,0,0,0,0,0,0,0,0,none,0,0,0,11708.4,0,0,0,13,18437.6,1
1876,5321,5512,0,5250,1,120.00500009684083,8.40193E-05,0,0,0,0,0,0,0,0,0,0,0,0,0,0,0,0,0,none,0,0,0,11428.7,0,0,0,17,16954.4,1
1877,5321,5512,0,5250,1,120.00500009684083,8.40193E-05,0,0,0,0,0,0,0,0,0,0,0,0,0,0,0,0,0,none,0,0,0,13694.8,0,0,0,13,10332.9,1
1878,5321,5512,0,5250,1,120.00500009684083,8.40193E-05,0,0,0,0,0,0,0,0,0,0,0,0,0,0,0,0,0,none,0,0,0,11592.1,0,0,0,15,11841.9,1
1879,5321,5512,0,5250,1,120.00500009684083,8.40193E-05,0,0,0,0,0,0,0,0,0,0,0,0,0,0,0,0,0,none,0,0,0,10177.7,0,0,0,9,12659.2,1
1880,5321,5512,0,5250,1,120.00500009684083,8.40193E-05,0,0,0,0,0,0,0,0,0,0,0,0,0,0,0,0,0,none,0,0,0,14214.1,0,0,0,10,10120,1
1881,5321,5512,0,5250,1,120.00500009684083,8.40193E-05,0,0,0,0,0,0,0,0,0,0,0,0,0,0,0,0,0,none,0,0,0,11150.6,0,0,0,14,8969.91,1
1882,5321,5512,0,5250,1,120.00500009684083,8.40193E-05,0,0,0,0,0,0,0,0,0,0,0,0,0,0,0,0,0,none,0,0,0,12908,0,0,0,18,11270.2,1
1883,5321,5512,0,5250,1,120.00500009684083,8.40193E-05,0,0,0,0,0,0,0,0,0,0,0,0,0,0,0,0,0,none,0,0,0,12531.7,0,0,0,80,9949.57,1
1884,5321,5512,0,5250,1,120.00500009684083,8.40193E-05,0,0,0,0,0,0,0,0,0,0,0,0,0,0,0,0,0,none,0,0,0,10963.8,0,0,0,15,10054.4,1
1885,5321,5512,0,5250,1,120.00500009684083,8.40193E-05,0,0,0,0,0,0,0,0,0,0,0,0,0,0,0,0,0,none,0,0,0,16132.9,0,0,0,9,10569.7,1
1886,5321,5512,0,5250,1,120.00500009684083,8.40193E-05,0,0,0,0,0,0,0,0,0,0,0,0,0,0,0,0,0,none,0,0,0,10350.4,0,0,0,90,9821.94,1
1887,5321,5512,0,5250,1,120.00500009684083,8.40193E-05,0,0,0,0,0,0,0,0,0,0,0,0,0,0,0,0,0,none,0,0,0,11012.8,0,0,0,9,13363.9,1
1888,5321,5512,0,5250,1,120.00500009684083,8.40193E-05,0,0,0,0,0,0,0,0,0,0,0,0,0,0,0,0,0,none,0,0,0,14689.4,0,0,0,17,8669.17,1
1889,5320,5512,1,5250,1,120.00500009684083,8.40193E-05,0,1,1.6581385883838516E-09,0,0,0,0,0,0,0,0,0,0,0,1.6581385883752357E-09,0,-8.615913260352336E-21,no_compact_gain,0,0,0,11059.2,0,0,0,16,9707.75,1
1890,5320,5512,0,5250,1,120.00500009684083,8.40193E-05,0,0,0,0,0,0,0,0,0,0,0,0,0,0,0,0,0,none,0,0,0,11318,0,0,0,15,16629.6,1
1891,5320,5512,0,5250,1,120.00500009684083,8.40193E-05,0,0,0,0,0,0,0,0,0,0,0,0,0,0,0,0,0,none,0,0,0,15941.6,0,0,0,17,9282.1,1
1892,5320,5512,0,5250,1,120.00500009684083,8.40193E-05,0,0,0,0,0,0,0,0,0,0,0,0,0,0,0,0,0,none,0,0,0,12284.1,0,0,0,18,18260.9,1
1893,5320,5512,0,5250,1,120.00500009684083,8.40193E-05,0,0,0,0,0,0,0,0,0,0,0,0,0,0,0,0,0,none,0,0,0,11762.5,0,0,0,10,12468.1,1
1894,5320,5512,0,5250,1,120.00500009684083,8.40193E-05,0,0,0,0,0,0,0,0,0,0,0,0,0,0,0,0,0,none,0,0,0,11990,0,0,0,12,11500.2,1
1895,5320,5512,0,5250,1,120.00500009684083,8.40193E-05,0,0,0,0,0,0,0,0,0,0,0,0,0,0,0,0,0,none,0,0,0,13927.6,0,0,0,9,42075.9,1
1896,5320,5512,0,5250,1,120.00500009684083,8.40193E-05,0,0,0,0,0,0,0,0,0,0,0,0,0,0,0,0,0,none,0,0,0,10105.9,0,0,0,12,11905.6,1
1897,5320,5512,0,5250,1,120.00500009684083,8.40193E-05,0,0,0,0,0,0,0,0,0,0,0,0,0,0,0,0,0,none,0,0,0,13439.2,0,0,0,15,14815.2,1
1898,5320,5512,0,5250,1,120.00500009684083,8.40193E-05,0,0,0,0,0,0,0,0,0,0,0,0,0,0,0,0,0,none,0,0,0,14438.5,0,0,0,9,8903.27,1
1899,5320,5512,0,5250,1,120.00500009684083,8.40193E-05,0,0,0,0,0,0,0,0,0,0,0,0,0,0,0,0,0,none,0,0,0,12101.6,0,0,0,80,10897.2,1
1900,5320,5512,0,5250,1,120.00500009684083,8.40193E-05,0,0,0,0,0,0,0,0,0,0,0,0,0,0,0,0,0,none,0,0,0,11902.2,0,0,0,8,11992.3,1
1901,5320,5512,0,5250,1,120.00500009684083,8.40193E-05,0,0,0,0,0,0,0,0,0,0,0,0,0,0,0,0,0,none,0,0,0,14412.5,0,0,0,6,9871.27,1
1902,5320,5512,0,5250,1,120.00500009684083,8.40193E-05,0,0,0,0,0,0,0,0,0,0,0,0,0,0,0,0,0,none,0,0,0,14066.5,0,0,0,20,10359.1,1
1903,5320,5512,0,5250,1,120.00500009684083,8.40193E-05,0,0,0,0,0,0,0,0,0,0,0,0,0,0,0,0,0,none,0,0,0,10589.5,0,0,0,17,11368.7,1
1904,5320,5512,0,5250,1,120.00500009684083,8.40193E-05,0,0,0,0,0,0,0,0,0,0,0,0,0,0,0,0,0,none,0,0,0,12271.7,0,0,0,11,13569.3,1
1905,5320,5512,0,5250,1,120.00500009684083,8.40193E-05,0,0,0,0,0,0,0,0,0,0,0,0,0,0,0,0,0,none,0,0,0,14659.2,0,0,0,16,8641.8,1
1906,5320,5512,0,5250,1,120.00500009684083,8.40193E-05,0,0,0,0,0,0,0,0,0,0,0,0,0,0,0,0,0,none,0,0,0,10778.9,0,0,0,14,10900.2,1
1907,5320,5512,0,5250,1,120.00500009684083,8.40193E-05,0,0,0,0,0,0,0,0,0,0,0,0,0,0,0,0,0,none,0,0,0,12843.6,0,0,0,12,28944.9,1
1908,5320,5512,0,5250,1,120.00500009684083,8.40193E-05,0,0,0,0,0,0,0,0,0,0,0,0,0,0,0,0,0,none,0,0,0,15446.4,0,0,0,10,9165.52,1
1909,5320,5512,0,5250,1,120.00500009684083,8.40193E-05,0,0,0,0,0,0,0,0,0,0,0,0,0,0,0,0,0,none,0,0,0,12494.5,0,0,0,16,10550.8,1
1910,5320,5512,0,5250,1,120.00500009684083,8.40193E-05,0,0,0,0,0,0,0,0,0,0,0,0,0,0,0,0,0,none,0,0,0,12115.9,0,0,0,11,12871.2,1
1911,5320,5512,0,5250,1,120.00500009684083,8.40193E-05,0,0,0,0,0,0,0,0,0,0,0,0,0,0,0,0,0,none,0,0,0,13456.3,0,0,0,12,11052.8,1
1912,5320,5512,0,5250,1,120.00500009684083,8.40193E-05,0,0,0,0,0,0,0,0,0,0,0,0,0,0,0,0,0,none,0,0,0,13765.1,0,0,0,79,10306.9,1
1913,5320,5512,0,5250,1,120.00500009684083,8.40193E-05,0,0,0,0,0,0,0,0,0,0,0,0,0,0,0,0,0,none,0,0,0,10091.8,0,0,0,5,11369.9,1
1914,5320,5512,0,5250,1,120.00500009684083,8.40193E-05,0,0,0,0,0,0,0,0,0,0,0,0,0,0,0,0,0,none,0,0,0,12688.9,0,0,0,70,14814.2,1
1915,5320,5512,0,5250,1,120.00500009684083,8.40193E-05,0,0,0,0,0,0,0,0,0,0,0,0,0,0,0,0,0,none,0,0,0,14829,0,0,0,76,8841.06,1
1916,5320,5512,0,5250,1,120.00500009684083,8.40193E-05,0,0,0,0,0,0,0,0,0,0,0,0,0,0,0,0,0,none,0,0,0,11114.7,0,0,0,19,10622.4,1
1917,5320,5512,0,5250,1,120.00500009684083,8.40193E-05,0,0,0,0,0,0,0,0,0,0,0,0,0,0,0,0,0,none,0,0,0,11434.8,0,0,0,16,15589.5,1
1918,5320,5512,0,5250,1,120.00500009684083,8.40193E-05,0,0,0,0,0,0,0,0,0,0,0,0,0,0,0,0,0,none,0,0,0,17625.6,0,0,0,14,9737.14,1
1919,5320,5512,0,5250,1,120.00500009684083,8.40193E-05,0,0,0,0,0,0,0,0,0,0,0,0,0,0,0,0,0,none,0,0,0,10958.7,0,0,0,21,10192.1,1
1920,5320,5512,0,5250,1,120.00500009684083,8.40193E-05,0,0,0,0,0,0,0,0,0,0,0,0,0,0,0,0,0,none,0,0,0,10821.9,0,0,0,8,20152.4,1
1921,5320,5512,0,5250,1,120.00500009684083,8.40193E-05,0,0,0,0,0,0,0,0,0,0,0,0,0,0,0,0,0,none,0,0,0,15428.2,0,0,0,14,9807.59,1
1922,5320,5512,0,5250,1,120.00500009684083,8.40193E-05,0,0,0,0,0,0,0,0,0,0,0,0,0,0,0,0,0,none,0,0,0,11033.9,0,0,0,23,8615.4,1
1923,5320,5512,0,5250,1,120.00500009684083,8.40193E-05,0,0,0,0,0,0,0,0,0,0,0,0,0,0,0,0,0,none,0,0,0,10545.8,0,0,0,18,14855.9,1
1924,5320,5512,0,5250,1,120.00500009684083,8.40193E-05,0,0,0,0,0,0,0,0,0,0,0,0,0,0,0,0,0,none,0,0,0,13406.7,0,0,0,6,27106.4,1
1925,5320,5512,0,5250,1,120.00500009684083,8.40193E-05,0,0,0,0,0,0,0,0,0,0,0,0,0,0,0,0,0,none,0,0,0,11369.5,0,0,0,77,9089.75,1
1926,5320,5512,0,5250,1,120.00500009684083,8.40193E-05,0,0,0,0,0,0,0,0,0,0,0,0,0,0,0,0,0,none,0,0,0,13674.4,0,0,0,18,11345.2,1
1927,5320,5512,0,5250,1,120.00500009684083,8.40193E-05,0,0,0,0,0,0,0,0,0,0,0,0,0,0,0,0,0,none,0,0,0,12522.3,0,0,0,10,12049.9,1
1928,5320,5512,0,5250,1,120.00500009684083,8.40193E-05,0,0,0,0,0,0,0,0,0,0,0,0,0,0,0,0,0,none,0,0,0,11908.3,0,0,0,78,10649.2,1
1929,5320,5512,0,5250,1,120.00500009684083,8.40193E-05,0,0,0,0,0,0,0,0,0,0,0,0,0,0,0,0,0,none,0,0,0,13766.7,0,0,0,13,16812.5,1
1930,5320,5512,0,5250,1,120.00500009684083,8.40193E-05,0,0,0,0,0,0,0,0,0,0,0,0,0,0,0,0,0,none,0,0,0,10113.8,0,0,0,14,10970.3,1
1931,5320,5512,0,5250,1,120.00500009684083,8.40193E-05,0,0,0,0,0,0,0,0,0,0,0,0,0,0,0,0,0,none,0,0,0,12030.2,0,0,0,9,11459.9,1
1932,5320,5512,0,5250,1,120.00500009684083,8.40193E-05,0,0,0,0,0,0,0,0,0,0,0,0,0,0,0,0,0,none,0,0,0,12493.1,0,0,0,11,8768.02,1
1933,5320,5512,0,5250,1,120.00500009684083,8.40193E-05,0,0,0,0,0,0,0,0,0,0,0,0,0,0,0,0,0,none,0,0,0,11694.5,0,0,0,13,10402.3,1
1934,5320,5512,0,5250,1,120.00500009684083,8.40193E-05,0,0,0,0,0,0,0,0,0,0,0,0,0,0,0,0,0,none,0,0,0,11187,0,0,0,24,12854.2,1
1935,5320,5512,0,5250,1,120.00500009684083,8.40193E-05,0,0,0,0,0,0,0,0,0,0,0,0,0,0,0,0,0,none,0,0,0,17013.1,0,0,0,6,9582.47,1
1936,5320,5512,0,5250,1,120.00500009684083,8.40193E-05,0,0,0,0,0,0,0,0,0,0,0,0,0,0,0,0,0,none,0,0,0,14321.1,0,0,0,11,10055.8,1
1937,5320,5512,0,5250,1,120.00500009684083,8.40193E-05,0,0,0,0,0,0,0,0,0,0,0,0,0,0,0,0,0,none,0,0,0,11113.9,0,0,0,6,23788.5,1
1938,5320,5512,0,5250,1,120.00500009684083,8.40193E-05,0,0,0,0,0,0,0,0,0,0,0,0,0,0,0,0,0,none,0,0,0,16308.7,0,0,0,79,11308.7,1
1939,5320,5512,0,5250,1,120.00500009684083,8.40193E-05,0,0,0,0,0,0,0,0,0,0,0,0,0,0,0,0,0,none,0,0,0,13547,0,0,0,18,8580.9,1
1940,5320,5512,0,5250,1,120.00500009684083,8.40193E-05,0,0,0,0,0,0,0,0,0,0,0,0,0,0,0,0,0,none,0,0,0,10317,0,0,0,26,15331.2,1
1941,5320,5512,0,5250,1,120.00500009684083,8.40193E-05,0,0,0,0,0,0,0,0,0,0,0,0,0,0,0,0,0,none,0,0,0,14334.5,0,0,0,76,10852.6,1
1942,5320,5512,0,5250,1,120.00500009684083,8.40193E-05,0,0,0,0,0,0,0,0,0,0,0,0,0,0,0,0,0,none,0,0,0,12100.8,0,0,0,18,9026.9,1
1943,5320,5512,0,5250,1,120.00500009684083,8.40193E-05,0,0,0,0,0,0,0,0,0,0,0,0,0,0,0,0,0,none,0,0,0,13308.1,0,0,0,11,15543.5,1
1944,5320,5512,0,5250,1,120.00500009684083,8.40193E-05,0,0,0,0,0,0,0,0,0,0,0,0,0,0,0,0,0,none,0,0,0,12979.1,0,0,0,13,10518.6,1
1945,5320,5512,0,5250,1,120.00500009684083,8.40193E-05,0,0,0,0,0,0,0,0,0,0,0,0,0,0,0,0,0,none,0,0,0,12040.7,0,0,0,73,10296.5,1
1946,5320,5512,0,5250,1,120.00500009684083,8.40193E-05,0,0,0,0,0,0,0,0,0,0,0,0,0,0,0,0,0,none,0,0,0,16190.2,0,0,0,10,11900.1,1
1947,5320,5512,0,5250,1,120.00500009684083,8.40193E-05,0,0,0,0,0,0,0,0,0,0,0,0,0,0,0,0,0,none,0,0,0,10194.9,0,0,0,17,10281.3,1
1948,5320,5512,0,5250,1,120.00500009684083,8.40193E-05,0,0,0,0,0,0,0,0,0,0,0,0,0,0,0,0,0,none,0,0,0,11471.6,0,0,0,10,14853.9,1
1949,5320,5512,0,5250,1,120.00500009684083,8.40193E-05,0,0,0,0,0,0,0,0,0,0,0,0,0,0,0,0,0,none,0,0,0,15306.3,0,0,0,17,8710.78,1
1950,5320,5512,0,5250,1,120.00500009684083,8.40193E-05,0,0,0,0,0,0,0,0,0,0,0,0,0,0,0,0,0,none,0,0,0,11380.2,0,0,0,18,10075,1
1951,5320,5512,0,5250,1,120.00500009684083,8.40193E-05,0,0,0,0,0,0,0,0,0,0,0,0,0,0,0,0,0,none,0,0,0,11082.6,0,0,0,18,12088.3,1
1952,5320,5512,0,5250,1,120.00500009684083,8.40193E-05,0,0,0,0,0,0,0,0,0,0,0,0,0,0,0,0,0,none,0,0,0,11940.3,0,0,0,17,9443.27,1
1953,5320,5512,0,5250,1,120.00500009684083,8.40193E-05,0,0,0,0,0,0,0,0,0,0,0,0,0,0,0,0,0,none,0,0,0,14748.4,0,0,0,14,9917.83,1
1954,5320,5512,0,5250,1,120.00500009684083,8.40193E-05,0,0,0,0,0,0,0,0,0,0,0,0,0,0,0,0,0,none,0,0,0,10956.8,0,0,0,72,16662.3,1
1955,5320,5512,0,5250,1,120.00500009684083,8.40193E-05,0,0,0,0,0,0,0,0,0,0,0,0,0,0,0,0,0,none,0,0,0,15559.3,0,0,0,16,14412.7,1
1956,5320,5512,0,5250,1,120.00500009684083,8.40193E-05,0,0,0,0,0,0,0,0,0,0,0,0,0,0,0,0,0,none,0,0,0,14841.6,0,0,0,15,9793.2,1
1957,5320,5512,0,5250,1,120.00500009684083,8.40193E-05,0,0,0,0,0,0,0,0,0,0,0,0,0,0,0,0,0,none,0,0,0,10190.1,0,0,0,10,23029.2,1
1958,5320,5512,0,5250,1,120.00500009684083,8.40193E-05,0,0,0,0,0,0,0,0,0,0,0,0,0,0,0,0,0,none,0,0,0,14009,0,0,0,24,12206.2,1
1959,5320,5512,0,5250,1,120.00500009684083,8.40193E-05,0,0,0,0,0,0,0,0,0,0,0,0,0,0,0,0,0,none,0,0,0,13783.4,0,0,0,9,8977.2,1
1960,5320,5512,0,5250,1,120.00500009684083,8.40193E-05,0,0,0,0,0,0,0,0,0,0,0,0,0,0,0,0,0,none,0,0,0,11423.6,0,0,0,10,17652.2,1
1961,5320,5512,0,5250,1,120.00500009684083,8.40193E-05,0,0,0,0,0,0,0,0,0,0,0,0,0,0,0,0,0,none,0,0,0,13324.4,0,0,0,14,11048.8,1
1962,5320,5512,0,5250,1,120.00500009684083,8.40193E-05,0,0,0,0,0,0,0,0,0,0,0,0,0,0,0,0,0,none,0,0,0,12021,0,0,0,22,10080.3,1
1963,5320,5512,0,5250,1,120.00500009684083,8.40193E-05,0,0,0,0,0,0,0,0,0,0,0,0,0,0,0,0,0,none,0,0,0,11979,0,0,0,14,22405.9,1
1964,5320,5512,0,5250,1,120.00500009684083,8.40193E-05,0,0,0,0,0,0,0,0,0,0,0,0,0,0,0,0,0,none,0,0,0,10325.4,0,0,0,8,10447.7,1
1965,5320,5512,0,5250,1,120.00500009684083,8.40193E-05,0,0,0,0,0,0,0,0,0,0,0,0,0,0,0,0,0,none,0,0,0,11220.9,0,0,0,15,14877.5,1
1966,5320,5512,0,5250,1,120.00500009684083,8.40193E-05,0,0,0,0,0,0,0,0,0,0,0,0,0,0,0,0,0,none,0,0,0,12676.1,0,0,0,18,8673.52,1
1967,5320,5512,0,5250,1,120.00500009684083,8.40193E-05,0,0,0,0,0,0,0,0,0,0,0,0,0,0,0,0,0,none,0,0,0,11098.9,0,0,0,74,10084.7,1
1968,5320,5512,0,5250,1,120.00500009684083,8.40193E-05,0,0,0,0,0,0,0,0,0,0,0,0,0,0,0,0,0,none,0,0,0,11420.8,0,0,0,17,13142.9,1
1969,5320,5512,0,5250,1,120.00500009684083,8.40193E-05,0,0,0,0,0,0,0,0,0,0,0,0,0,0,0,0,0,none,0,0,0,13469.7,0,0,0,13,9301.41,1
1970,5320,5512,0,5250,1,120.00500009684083,8.40193E-05,0,0,0,0,0,0,0,0,0,0,0,0,0,0,0,0,0,none,0,0,0,14377.6,0,0,0,20,11823.3,1
1971,5319,5512,1,5250,1,120.00500009684083,8.40193E-05,0,1,8.707261480697367E-09,0,0,0,0,0,0,0,0,0,0,0,8.707261480708555E-09,0,1.1188444965392252E-20,no_compact_gain,0,0,0,11712,0,0,0,11,13199.1,1
1972,5319,5512,0,5250,1,120.00500009684083,8.40193E-05,0,0,0,0,0,0,0,0,0,0,0,0,0,0,0,0,0,none,0,0,0,12341.6,0,0,0,19,11568.8,1
1973,5319,5512,0,5250,1,120.00500009684083,8.40193E-05,0,0,0,0,0,0,0,0,0,0,0,0,0,0,0,0,0,none,0,0,0,14736.3,0,0,0,15,11250.3,1
1974,5319,5512,0,5250,1,120.00500009684083,8.40193E-05,0,0,0,0,0,0,0,0,0,0,0,0,0,0,0,0,0,none,0,0,0,10111.4,0,0,0,11,11010.8,1
1975,5319,5512,0,5250,1,120.00500009684083,8.40193E-05,0,0,0,0,0,0,0,0,0,0,0,0,0,0,0,0,0,none,0,0,0,13748.7,0,0,0,19,11589.1,1
1976,5319,5512,0,5250,1,120.00500009684083,8.40193E-05,0,0,0,0,0,0,0,0,0,0,0,0,0,0,0,0,0,none,0,0,0,13016.5,0,0,0,83,8911.88,1
1977,5319,5512,0,5250,1,120.00500009684083,8.40193E-05,0,0,0,0,0,0,0,0,0,0,0,0,0,0,0,0,0,none,0,0,0,12499.6,0,0,0,16,17521.3,1
1978,5319,5512,0,5250,1,120.00500009684083,8.40193E-05,0,0,0,0,0,0,0,0,0,0,0,0,0,0,0,0,0,none,0,0,0,13690.7,0,0,0,12,10735.9,1
1979,5319,5512,0,5250,1,120.00500009684083,8.40193E-05,0,0,0,0,0,0,0,0,0,0,0,0,0,0,0,0,0,none,0,0,0,11619.4,0,0,0,10,9891.03,1
1980,5319,5512,0,5250,1,120.00500009684083,8.40193E-05,0,0,0,0,0,0,0,0,0,0,0,0,0,0,0,0,0,none,0,0,0,11967.6,0,0,0,81,16633.9,1
1981,5319,5512,0,5250,1,120.00500009684083,8.40193E-05,0,0,0,0,0,0,0,0,0,0,0,0,0,0,0,0,0,none,0,0,0,10557.2,0,0,0,12,10261.3,1
1982,5319,5512,0,5250,1,120.00500009684083,8.40193E-05,0,0,0,0,0,0,0,0,0,0,0,0,0,0,0,0,0,none,0,0,0,11163.1,0,0,0,23,10256,1
1983,5319,5512,0,5250,1,120.00500009684083,8.40193E-05,0,0,0,0,0,0,0,0,0,0,0,0,0,0,0,0,0,none,0,0,0,11414.7,0,0,0,10,8644.78,1
1984,5319,5512,0,5250,1,120.00500009684083,8.40193E-05,0,0,0,0,0,0,0,0,0,0,0,0,0,0,0,0,0,none,0,0,0,10809.7,0,0,0,17,11179.7,1
1985,5319,5512,0,5250,1,120.00500009684083,8.40193E-05,0,0,0,0,0,0,0,0,0,0,0,0,0,0,0,0,0,none,0,0,0,11880.5,0,0,0,15,10053.6,1
1986,5319,5512,0,5250,1,120.00500009684083,8.40193E-05,0,0,0,0,0,0,0,0,0,0,0,0,0,0,0,0,0,none,0,0,0,11054.4,0,0,0,14,9176.67,1
1987,5319,5512,0,5250,1,120.00500009684083,8.40193E-05,0,0,0,0,0,0,0,0,0,0,0,0,0,0,0,0,0,none,0,0,0,13180.6,0,0,0,12,14047.3,1
1988,5319,5512,0,5250,1,120.00500009684083,8.40193E-05,0,0,0,0,0,0,0,0,0,0,0,0,0,0,0,0,0,none,0,0,0,12084.5,0,0,0,7,9902.68,1
1989,5319,5512,0,5250,1,120.00500009684083,8.40193E-05,0,0,0,0,0,0,0,0,0,0,0,0,0,0,0,0,0,none,0,0,0,10956.9,0,0,0,18,11102.2,1
1990,5319,5512,0,5250,1,120.00500009684083,8.40193E-05,0,0,0,0,0,0,0,0,0,0,0,0,0,0,0,0,0,none,0,0,0,12959,0,0,0,8,14188.7,1
1991,5319,5512,0,5250,1,120.00500009684083,8.40193E-05,0,0,0,0,0,0,0,0,0,0,0,0,0,0,0,0,0,none,0,0,0,10091.8,0,0,0,10,9778.76,1
1992,5319,5512,0,5250,1,120.00500009684083,8.40193E-05,0,0,0,0,0,0,0,0,0,0,0,0,0,0,0,0,0,none,0,0,0,11087.1,0,0,0,9,11133.3,1
1993,5319,5512,0,5250,1,120.00500009684083,8.40193E-05,0,0,0,0,0,0,0,0,0,0,0,0,0,0,0,0,0,none,0,0,0,12308,0,0,0,91,8849.05,1
1994,5319,5512,0,5250,1,120.00500009684083,8.40193E-05,0,0,0,0,0,0,0,0,0,0,0,0,0,0,0,0,0,none,0,0,0,12112.8,0,0,0,16,11382.6,1
1995,5319,5512,0,5250,1,120.00500009684083,8.40193E-05,0,0,0,0,0,0,0,0,0,0,0,0,0,0,0,0,0,none,0,0,0,11480.1,0,0,0,16,10495.2,1
1996,5319,5512,0,5250,1,120.00500009684083,8.40193E-05,0,0,0,0,0,0,0,0,0,0,0,0,0,0,0,0,0,none,0,0,0,11267.2,0,0,0,81,9754.31,1
1997,5319,5512,0,5250,1,120.00500009684083,8.40193E-05,0,0,0,0,0,0,0,0,0,0,0,0,0,0,0,0,0,none,0,0,0,13892.5,0,0,0,15,19085.9,1
1998,5319,5512,0,5250,1,120.00500009684083,8.40193E-05,0,0,0,0,0,0,0,0,0,0,0,0,0,0,0,0,0,none,0,0,0,10789.6,0,0,0,12,10114.3,1
1999,5319,5512,0,5250,1,120.00500009684083,8.40193E-05,0,0,0,0,0,0,0,0,0,0,0,0,0,0,0,0,0,none,0,0,0,11346.4,0,0,0,9,11502,1
2000,5319,5512,0,5250,1,120.00500009684083,8.40193E-05,0,0,0,0,0,0,0,0,0,0,0,0,0,0,0,0,0,none,0,0,0,12411.4,0,0,0,17,8619.48,1
