step,slot,gen,origin,mass_E,dist_over_rmax,dist_over_own_roche,specific_energy_est,bound_est,excess_over_vapor_est,circular_over_hostR_est,reason_est
50,10,1,belt_rock,5.158475539836212E-06,0.853527,7.12505,-0.80918,1,4780.92,2437.36,outside_own_roche_hot_not_broken
50,20,1,belt_rock,1.0162590783273985E-06,0.849529,6.27932,-0.798133,1,1662.61,6840.95,outside_own_roche_hot_not_broken
50,29,1,belt_rock,9.444527203031713E-05,0.957875,5.31454,-1.84167,1,6189.22,1863.89,outside_own_roche_hot_not_broken
50,34,1,belt_rock,2.2717441621101067E-05,0.425603,1.97729,-1.13373,1,11271.4,1039.48,outside_own_roche_hot_not_broken
50,35,1,belt_rock,1.3547115316756367E-05,0.884928,4.83094,-1.83655,1,533.562,17356.2,outside_own_roche_hot_not_broken
50,39,1,belt_rock,8.25938368267507E-05,0.814508,3.23864,-0.842837,1,28795.2,409.202,outside_own_roche_hot_not_broken
50,77,1,belt_rock,5.0554083505819193E-05,0.955724,5.64298,-0.810969,1,3394.9,3413.7,outside_own_roche_hot_not_broken
50,79,1,belt_rock,1.9019883352152324E-06,0.403692,2.66451,-2.27039,1,487.452,17651.9,outside_own_roche_hot_not_broken
50,126,1,belt_rock,6.567266839424325E-07,0.993546,7.9838,-1.80194,1,5251.12,2189.07,outside_own_roche_hot_not_broken
50,129,1,belt_rock,2.2249669267958653E-05,0.220158,1.02568,-2.46035,1,453.59,18158.5,outside_own_roche_hot_not_broken
50,158,1,belt_rock,0.00010722537099065365,0.5783,2.42087,-2.17352,1,823.842,11837.6,outside_own_roche_hot_not_broken
50,164,1,belt_rock,2.8017884963197543E-06,0.754152,4.63738,-0.930418,1,5344.38,2179.56,outside_own_roche_hot_not_broken
50,173,1,belt_rock,6.283626896285564E-06,0.615481,3.33546,-2.20504,1,8744.93,1323.86,outside_own_roche_hot_not_broken
50,179,1,belt_rock,8.648486794631315E-05,0.957309,3.79516,-1.79351,1,828.12,12155.8,outside_own_roche_hot_not_broken
50,192,1,belt_rock,7.617250577660508E-06,0.593465,3.12484,-0.966105,1,1210.82,9168.94,outside_own_roche_hot_not_broken
50,198,1,belt_rock,9.6512514781305E-07,0.350585,2.61662,-2.3996,1,990.792,9985.65,outside_own_roche_hot_not_broken
50,209,1,belt_rock,3.009816622320152E-06,0.700039,4.25435,-0.894869,1,1408.41,7980.16,outside_own_roche_hot_not_broken
50,246,1,belt_rock,1.158554041804656E-06,0.408353,4.59554,-1.99465,1,304.464,25452,outside_own_roche_hot_not_broken
50,255,1,belt_rock,2.788397902556633E-05,0.8379,3.66175,-0.796495,1,2417.13,4760.71,outside_own_roche_hot_not_broken
50,356,1,belt_rock,0.00012879889069157264,0.442951,1.83985,-2.21194,1,409.238,20148,outside_own_roche_hot_not_broken
50,359,1,belt_rock,7.020945805526878E-07,0.142501,1.13031,-2.94929,1,45321.7,259.246,outside_own_roche_hot_not_broken
50,379,1,belt_rock,8.747328064911997E-07,0.628688,7.49607,-0.948038,1,1562.3,7209.76,outside_own_roche_hot_not_broken
50,406,1,belt_rock,5.646605631245322E-06,0.741227,4.07058,-0.897697,1,1.71815E+06,6.87373,outside_own_roche_hot_not_broken
50,446,1,belt_rock,1.3296224807711893E-05,0.691057,1.73051,-0.975385,1,5109.43,2276.76,outside_own_roche_hot_not_broken
50,458,1,belt_rock,3.7450683812667674E-06,0.986036,5.76985,-0.711959,1,5114.58,2283.77,outside_own_roche_hot_not_broken
50,463,1,belt_rock,7.689411917742119E-07,0.621596,7.61257,-2.09817,1,574.317,15913.6,outside_own_roche_hot_not_broken
50,465,1,belt_rock,0.00011371959788841524,0.633387,2.64418,-0.948481,1,14682.6,800.262,outside_own_roche_hot_not_broken
50,475,1,belt_rock,4.47402385425018E-06,0.730017,4.15371,-0.927303,1,17906.3,656.857,outside_own_roche_hot_not_broken
50,483,1,belt_rock,4.142365601677064E-05,0.62956,2.78442,-2.17889,1,2750.51,4038.06,outside_own_roche_hot_not_broken
50,501,1,belt_rock,6.907970887777921E-06,0.375987,2.01124,-2.2989,1,492.208,17468.2,outside_own_roche_hot_not_broken
50,509,1,belt_rock,6.4463477072723E-06,0.532124,2.86797,-1.01843,1,3707.15,3117.39,outside_own_roche_hot_not_broken
50,535,1,belt_rock,0.00011727355495748333,0.691393,3.76591,-0.909171,1,1296.21,8627.53,outside_own_roche_hot_not_broken
50,543,1,belt_rock,4.2284617912254665E-05,0.689695,3.04584,-2.09626,1,1408.48,7493.19,outside_own_roche_hot_not_broken
50,552,1,belt_rock,1.462244177796077E-05,0.175443,1.22575,-2.47048,1,308.557,23332.2,outside_own_roche_hot_not_broken
50,560,1,belt_rock,9.759263818837398E-05,0.302626,1.27218,-1.20397,1,2903.96,3936.52,outside_own_roche_hot_not_broken
50,566,1,belt_rock,2.944178255852886E-06,0.570099,3.49439,-2.08628,1,365.931,22165.7,outside_own_roche_hot_not_broken
50,570,1,belt_rock,6.831001558305321E-07,0.58066,7.28912,-2.09193,1,405.36,20622.2,outside_own_roche_hot_not_broken
50,608,1,belt_rock,8.77131188769529E-06,0.860755,4.44613,-0.788055,1,851.277,12917.4,outside_own_roche_hot_not_broken
50,618,1,belt_rock,1.6264806755669738E-05,0.623019,2.99493,-2.06212,1,431.207,19810.6,outside_own_roche_hot_not_broken
50,636,1,belt_rock,0.0001031534795900377,0.441613,1.85167,-1.08986,1,1001.7,10846.5,outside_own_roche_hot_not_broken
50,643,1,belt_rock,2.391611495640499E-05,0.836498,3.8693,-1.97239,1,8123.94,1426.11,outside_own_roche_hot_not_broken
50,661,1,belt_rock,9.594190241458622E-05,0.686655,3.80395,-0.907282,1,5567.23,2094.15,outside_own_roche_hot_not_broken
50,720,1,belt_rock,3.7225361283127374E-05,0.78608,3.50262,-0.899749,1,22556,521.947,outside_own_roche_hot_not_broken
50,730,1,belt_rock,1.1649795678291317E-05,0.640832,3.1201,-0.953788,1,5571.31,2091.26,outside_own_roche_hot_not_broken
50,734,1,belt_rock,2.2011163370507887E-05,0.491739,2.29294,-2.10241,1,278.992,26411.1,outside_own_roche_hot_not_broken
50,738,1,belt_rock,7.114411629953993E-06,0.274,2.15838,-1.25597,1,46838.6,251.616,outside_own_roche_hot_not_broken
50,773,1,belt_rock,9.794605052154586E-05,0.86391,3.63138,-1.88358,1,752.245,13080.3,outside_own_roche_hot_not_broken
50,838,1,belt_rock,3.060575170346464E-06,0.723272,6.68079,-0.951446,1,4229.96,2742.78,outside_own_roche_hot_not_broken
50,844,1,belt_rock,6.679831507117837E-07,0.591543,4.73771,-0.976914,1,6224.14,1874.02,outside_own_roche_hot_not_broken
50,847,1,belt_rock,1.574455211034217E-05,0.439287,3.03056,-1.08076,1,4564.44,2539.43,outside_own_roche_hot_not_broken
50,857,1,belt_rock,2.6120774530969865E-05,0.845667,3.87859,-0.847828,1,25000.3,471.14,outside_own_roche_hot_not_broken
50,861,1,belt_rock,6.623313852813643E-07,0.578778,4.64316,-0.97425,1,5027.91,2313.15,outside_own_roche_hot_not_broken
50,864,1,belt_rock,6.623283378997886E-07,0.312131,2.50402,-1.19698,1,122981,95.9615,outside_own_roche_hot_not_broken
50,883,1,belt_rock,4.001111076322165E-05,0.508683,1.10119,-1.06664,1,169480,69.6525,outside_own_roche_hot_not_broken
50,895,1,belt_rock,3.601975384663714E-06,0.228304,1.35243,-2.52636,1,777.662,12054.5,outside_own_roche_hot_not_broken
50,896,1,belt_rock,2.1793776665265774E-06,0.549167,3.54105,-2.23256,1,1330.71,7825.13,outside_own_roche_hot_not_broken
50,898,1,belt_rock,3.3424108189545725E-05,0.649282,2.91878,-2.16788,1,4685.93,2430.49,outside_own_roche_hot_not_broken
50,905,1,belt_rock,1.6690274820201176E-06,0.45858,3.12896,-1.09445,1,159640,73.9422,outside_own_roche_hot_not_broken
50,933,1,belt_rock,7.227754910766139E-05,0.532767,2.13847,-1.06304,1,24895.2,472.799,outside_own_roche_hot_not_broken
50,940,1,belt_rock,4.6123831037206864E-06,0.60488,5.17194,-2.17837,1,1407.89,7464.86,outside_own_roche_hot_not_broken
50,972,1,belt_rock,6.15808730526101E-05,0.409942,1.66587,-2.14954,1,255.207,27648.6,outside_own_roche_hot_not_broken
50,1018,1,belt_rock,0.00011017681701540941,0.574167,3.14345,-0.987706,1,16606.2,707.848,outside_own_roche_hot_not_broken
50,1019,1,belt_rock,3.7050581366103796E-05,0.750503,4.59625,-0.896156,1,611479,19.3126,outside_own_roche_hot_not_broken
50,1023,1,belt_rock,1.8588443206201125E-05,0.827778,3.92067,-0.810486,1,1050.67,10587.6,outside_own_roche_hot_not_broken
50,1025,1,belt_rock,5.307742425784517E-05,0.989353,4.30191,-1.74541,1,638.167,15184.7,outside_own_roche_hot_not_broken
50,1049,1,belt_rock,8.556549385243437E-05,0.357499,1.51251,-1.15827,1,1619.11,6899.64,outside_own_roche_hot_not_broken
50,1063,1,belt_rock,5.664729341294662E-05,0.256496,1.1106,-1.24846,1,9822.03,1190.36,outside_own_roche_hot_not_broken
50,1093,1,belt_rock,4.995120400773202E-06,0.962832,5.38418,-0.730976,1,1998.61,5741.43,outside_own_roche_hot_not_broken
50,1115,1,belt_rock,3.5019727709509E-06,0.896859,2.82336,-0.780297,1,5428.07,2151.1,outside_own_roche_hot_not_broken
50,1125,1,belt_rock,2.994496755232657E-06,0.857619,7.95459,-0.806979,1,18734,628.273,outside_own_roche_hot_not_broken
50,1170,1,belt_rock,1.4390105323709407E-06,0.77902,5.4016,-0.844807,1,6578.99,1776.95,outside_own_roche_hot_not_broken
50,1172,1,belt_rock,8.743290322366336E-06,0.815008,4.21799,-1.92447,1,666.189,14400.6,outside_own_roche_hot_not_broken
50,1174,1,belt_rock,2.7267214691698276E-05,0.848527,5.4058,-0.850019,1,21024.3,559.949,outside_own_roche_hot_not_broken
50,1179,1,belt_rock,2.9412128098095243E-06,0.377059,2.31294,-2.38714,1,1203.94,8466.91,outside_own_roche_hot_not_broken
50,1181,1,belt_rock,1.448519895568456E-06,0.734141,5.08439,-0.865293,1,2706.63,4254.78,outside_own_roche_hot_not_broken
50,1184,1,belt_rock,1.8670661262091545E-06,0.857887,5.6806,-1.95013,1,126093,93.5499,outside_own_roche_hot_not_broken
50,1204,1,belt_rock,2.8806596617012953E-06,0.91458,5.5948,-0.762737,1,10499.6,1118.37,outside_own_roche_hot_not_broken
50,1218,1,belt_rock,0.00011102890723628448,0.962619,4.02268,-0.721663,1,1361.57,8321.4,outside_own_roche_hot_not_broken
50,1225,1,belt_rock,1.2409203207632147E-06,0.816399,9.05992,-0.83642,1,12604.1,932.1,outside_own_roche_hot_not_broken
50,1244,1,belt_rock,7.241120188153439E-07,0.887904,7.00076,-1.83801,1,558.136,16748.5,outside_own_roche_hot_not_broken
50,1257,1,belt_rock,3.4668540147235696E-05,0.526183,2.35765,-1.03483,1,2.71062E+06,4.35704,outside_own_roche_hot_not_broken
50,1342,1,belt_rock,1.4064925434867773E-06,0.719997,5.01295,-0.908232,1,396372,29.7913,outside_own_roche_hot_not_broken
50,1355,1,belt_rock,6.980810376523655E-07,0.489185,2.15684,-1.06425,1,828.723,12923.8,outside_own_roche_hot_not_broken
50,1360,1,belt_rock,1.7821530916392507E-06,0.960156,6.40959,-1.83441,1,3401.04,3329.01,outside_own_roche_hot_not_broken
50,1366,1,belt_rock,2.7347823221011786E-06,0.533138,3.30623,-1.05791,1,42259.4,278.921,outside_own_roche_hot_not_broken
50,1371,1,belt_rock,2.3616834113459857E-06,0.297582,1.89212,-1.21655,1,947.089,11308.4,outside_own_roche_hot_not_broken
50,1380,1,belt_rock,1.0676471040069932E-06,0.998702,11.4287,-0.794137,1,2323.98,4946.83,outside_own_roche_hot_not_broken
50,1386,1,belt_rock,8.544365058324737E-06,0.646835,3.29561,-0.925497,1,1685.51,6712.31,outside_own_roche_hot_not_broken
50,1404,1,belt_rock,0.00011473694939644439,0.266709,1.45537,-1.25391,1,45791.4,257.358,outside_own_roche_hot_not_broken
50,1421,1,belt_rock,0.00012608297866326102,0.669311,3.62463,-0.93235,1,116295,101.492,outside_own_roche_hot_not_broken
50,1451,1,belt_rock,6.6544710541534E-07,0.436773,3.50074,-1.08783,1,4300.07,2692.13,outside_own_roche_hot_not_broken
50,1476,1,belt_rock,0.00012293069937797179,0.378684,1.57571,-1.13765,1,8871.08,1317.84,outside_own_roche_hot_not_broken
50,1521,1,belt_rock,1.128555437535449E-06,0.672678,7.6109,-0.928743,1,3568.78,3241.93,outside_own_roche_hot_not_broken
50,1541,1,belt_rock,3.0275204629211898E-05,0.479535,2.1734,-2.17637,1,393.166,20819.9,outside_own_roche_hot_not_broken
50,1562,1,belt_rock,0.00010176473633547774,0.919503,3.85754,-0.773256,1,6272.06,1864.66,outside_own_roche_hot_not_broken
50,1570,1,belt_rock,5.779011303158203E-06,0.393996,2.15792,-1.11848,1,13581.4,863.925,outside_own_roche_hot_not_broken
50,1575,1,belt_rock,7.700988143543387E-06,0.944964,7.3442,-1.84869,1,3120.05,3614.09,outside_own_roche_hot_not_broken
50,1581,1,belt_rock,2.5840742395396208E-06,0.783224,4.92812,-2.00983,1,1865.6,5828.4,outside_own_roche_hot_not_broken
50,1599,1,belt_rock,1.031218762636424E-06,0.342496,3.94742,-1.1687,1,52788,223.341,outside_own_roche_hot_not_broken
50,1618,1,belt_rock,9.073854729942383E-06,0.790886,4.06774,-0.835461,1,760.184,14280.9,outside_own_roche_hot_not_broken
50,1631,1,belt_rock,2.17107835535646E-05,0.926872,6.09827,-1.86447,1,2361.11,4704.92,outside_own_roche_hot_not_broken
50,1679,1,belt_rock,6.639118684806161E-07,0.503656,4.03863,-1.03616,1,1206.83,9157.52,outside_own_roche_hot_not_broken
50,1692,1,belt_rock,0.0001002779515781287,0.692383,2.71881,-2.12606,1,52280.1,225.178,outside_own_roche_hot_not_broken
50,1693,1,belt_rock,5.470725055373275E-05,0.790297,3.24185,-2.01272,1,2839.17,3936.63,outside_own_roche_hot_not_broken
50,1704,1,belt_rock,2.3404593352813997E-05,0.66282,4.31269,-0.939255,1,1.11025E+06,10.6371,outside_own_roche_hot_not_broken
50,1752,1,belt_rock,4.9058248262866445E-05,0.679708,4.02716,-0.974441,1,8630.35,1356.25,outside_own_roche_hot_not_broken
50,1782,1,belt_rock,0.00011685969700009519,0.799926,1.56833,-2.0101,1,4963.5,2304.82,outside_own_roche_hot_not_broken
50,1788,1,belt_rock,1.5451779443867128E-06,0.472481,3.27148,-2.34958,1,25208.5,465.05,outside_own_roche_hot_not_broken
50,1789,1,belt_rock,6.332213820747125E-07,0.335454,1.51266,-1.16645,1,10546.4,1110.05,outside_own_roche_hot_not_broken
50,1806,1,belt_rock,8.870030329919864E-07,0.737404,5.59226,-0.872871,1,1295.55,8650.07,outside_own_roche_hot_not_broken
50,1818,1,belt_rock,9.672024628865059E-05,0.244791,1.35525,-1.27054,1,4440.04,2600.49,outside_own_roche_hot_not_broken
50,1819,1,belt_rock,7.395121727419969E-07,0.668163,5.34894,-2.14781,1,5381.15,2126.9,outside_own_roche_hot_not_broken
50,1826,1,belt_rock,1.6482964271460256E-05,0.147971,1.01409,-1.596,1,387.74,22914.6,outside_own_roche_hot_not_broken
50,1869,1,belt_rock,1.4309358693551445E-06,0.199704,1.38612,-2.68779,1,6565.61,1741.82,outside_own_roche_hot_not_broken
50,1923,1,belt_rock,0.00010222403972513396,0.5587,2.34356,-1.01262,1,758.298,14071.9,outside_own_roche_hot_not_broken
50,1932,1,belt_rock,4.667686434978574E-06,0.3606,1.07753,-2.45621,1,7085.19,1621.96,outside_own_roche_hot_not_broken
50,1950,1,belt_rock,5.481388027241271E-05,0.347555,1.50841,-2.35221,1,610.118,14794.8,outside_own_roche_hot_not_broken
50,1969,1,belt_rock,5.23594198817677E-05,0.94113,4.09571,-1.86408,1,46023.1,255.795,outside_own_roche_hot_not_broken
50,1974,1,belt_rock,3.277948757288096E-05,0.782094,3.52118,-1.98344,1,975.892,10409.8,outside_own_roche_hot_not_broken
100,23,1,belt_rock,6.567097735528928E-07,0.239838,1.92726,-0.531183,1,12557.4,937.36,outside_own_roche_hot_not_broken
100,86,1,belt_rock,4.622176365877524E-06,0.719914,4.09546,-0.310382,1,3955.64,2967.14,outside_own_roche_hot_not_broken
100,87,1,belt_rock,2.628419469101373E-06,0.917932,5.73638,-0.265869,1,1052.62,10998,outside_own_roche_hot_not_broken
100,89,1,belt_rock,1.564803949977879E-05,0.980159,4.59724,-1.38955,1,122908,96.0061,outside_own_roche_hot_not_broken
100,98,1,belt_rock,3.2538009856338265E-05,0.576782,2.48246,-0.35685,1,2661.36,4390.72,outside_own_roche_hot_not_broken
100,124,1,belt_rock,5.260433701945976E-06,0.987756,8.24137,-0.279663,1,527.129,21493.3,outside_own_roche_hot_not_broken
100,145,1,belt_rock,5.06174098842605E-05,0.526243,2.29612,-0.439871,1,552.539,20095.4,outside_own_roche_hot_not_broken
100,147,1,belt_rock,4.86230577454199E-05,0.944815,4.13285,-0.214384,1,5037.63,2336.53,outside_own_roche_hot_not_broken
100,157,1,belt_rock,2.5976809372997018E-06,0.589299,3.70441,-0.329084,1,11461.4,1028.11,outside_own_roche_hot_not_broken
100,167,1,belt_rock,1.390115684973953E-05,0.696339,3.40774,-0.324768,1,1497.31,7753.37,outside_own_roche_hot_not_broken
100,172,1,belt_rock,6.729091122896427E-05,0.348929,1.4967,-1.65824,1,1067.93,9837.39,outside_own_roche_hot_not_broken
100,212,1,belt_rock,1.3896758530969815E-05,0.635715,3.1114,-0.351271,1,2032.56,5731.47,outside_own_roche_hot_not_broken
100,215,1,belt_rock,2.152163586282223E-06,0.555306,3.58828,-1.55153,1,1.36907E+07,0.862668,outside_own_roche_hot_not_broken
100,217,1,belt_rock,1.624169570220165E-05,0.411618,1.98062,-0.449777,1,995.698,11448,outside_own_roche_hot_not_broken
100,246,1,belt_rock,1.158554041804656E-06,0.872983,9.8244,-1.9588,1,210.268,32184,outside_own_roche_hot_not_broken
100,280,1,belt_rock,1.983568664665743E-05,0.755587,3.43959,-1.4696,1,50558.1,233.063,outside_own_roche_hot_not_broken
100,296,1,belt_rock,9.495423252862008E-06,0.930394,4.77866,-1.41065,1,234272,50.39,outside_own_roche_hot_not_broken
100,298,1,belt_rock,1.8570260870417997E-05,0.847831,4.02099,-0.346075,1,514.892,21767.6,outside_own_roche_hot_not_broken
100,309,1,belt_rock,2.268604391687013E-05,0.350281,1.62959,-0.46148,1,1575.85,7323.2,outside_own_roche_hot_not_broken
100,315,1,belt_rock,6.008105699742808E-07,0.759441,3.54349,-1.49946,1,9642.93,1209.75,outside_own_roche_hot_not_broken
100,338,1,belt_rock,2.0094219301375526E-06,0.846134,5.53209,-1.43873,1,78428.4,150.371,outside_own_roche_hot_not_broken
100,411,1,belt_rock,5.5484833553196565E-05,0.912312,3.95655,-0.297699,1,708.257,16133.1,outside_own_roche_hot_not_broken
100,425,1,belt_rock,2.3095322710117125E-05,0.518403,3.38741,-1.59282,1,3272.89,3473.39,outside_own_roche_hot_not_broken
100,464,1,belt_rock,3.699753566967196E-05,0.722299,3.22445,-1.47633,1,21933.6,535.589,outside_own_roche_hot_not_broken
100,484,1,belt_rock,0.00011747122835173146,0.808586,3.3716,-0.262921,1,6194.42,1900.2,outside_own_roche_hot_not_broken
100,510,1,belt_rock,3.4992084246178673E-06,0.833558,4.97548,-1.44024,1,43426,271.252,outside_own_roche_hot_not_broken
100,523,1,belt_rock,6.06202232128534E-05,0.876186,3.77926,-0.221357,1,13468.4,875.762,outside_own_roche_hot_not_broken
100,568,1,belt_rock,2.231670324273737E-05,0.904772,4.21397,-0.272498,1,962.018,12004.9,outside_own_roche_hot_not_broken
100,611,1,belt_rock,3.7292212440262163E-06,0.717487,4.23161,-1.5222,1,2076.96,5371.54,outside_own_roche_hot_not_broken
100,631,1,belt_rock,4.394323274359066E-05,0.590632,3.54859,-1.52413,1,27849.3,422.242,outside_own_roche_hot_not_broken
100,642,1,belt_rock,2.484962533427887E-06,0.978514,6.37622,-0.211728,1,1990.07,5884.68,outside_own_roche_hot_not_broken
100,652,1,belt_rock,2.8103234762290833E-05,0.520534,3.30973,-1.57803,1,21156.7,554.934,outside_own_roche_hot_not_broken
100,653,1,belt_rock,1.6613289215712985E-05,0.863162,4.14788,-1.46394,1,4661.5,2471.56,outside_own_roche_hot_not_broken
100,655,1,belt_rock,2.1697738727738238E-05,0.894727,4.17841,-0.285036,1,1012.87,11403.8,outside_own_roche_hot_not_broken
100,685,1,belt_rock,6.226558132776373E-05,0.352542,1.5184,-0.434447,1,34169.8,345.294,outside_own_roche_hot_not_broken
100,731,1,belt_rock,2.01475293167349E-05,0.715308,3.36942,-1.50528,1,37276.4,315.819,outside_own_roche_hot_not_broken
100,735,1,belt_rock,5.328002214956761E-06,0.993172,8.29651,-1.3991,1,67503.3,174.674,outside_own_roche_hot_not_broken
100,741,1,belt_rock,5.664827894948522E-05,0.448083,1.94104,-0.366885,1,73915.7,159.722,outside_own_roche_hot_not_broken
100,774,1,belt_rock,0.00011042058502276674,0.88261,3.69098,-1.41194,1,13254.6,883.527,outside_own_roche_hot_not_broken
100,775,1,belt_rock,1.064087865595015E-06,0.812396,5.95346,-1.48679,1,3615.57,3162.56,outside_own_roche_hot_not_broken
100,790,1,belt_rock,7.029909630150733E-07,0.369303,2.98689,-1.65216,1,3028.95,3736.22,outside_own_roche_hot_not_broken
100,791,1,belt_rock,6.335061582659218E-05,0.33711,1.45046,-0.482469,1,1321.95,8680.79,outside_own_roche_hot_not_broken
100,793,1,belt_rock,9.005051184342247E-06,0.550222,1.46657,-0.337574,1,145191,81.3306,outside_own_roche_hot_not_broken
100,801,1,belt_rock,2.108968176884664E-06,0.313939,2.03563,-0.464488,1,2271.51,5115.78,outside_own_roche_hot_not_broken
100,811,1,belt_rock,7.638475161650942E-05,0.719123,3.06132,-0.271688,1,33267.2,354.792,outside_own_roche_hot_not_broken
100,814,1,belt_rock,7.684378791586108E-05,0.833529,3.54709,-0.291666,1,938.162,12283.6,outside_own_roche_hot_not_broken
100,858,1,belt_rock,8.508447047584405E-05,0.332447,1.40739,-0.438215,1,5607.84,2093.01,outside_own_roche_hot_not_broken
100,868,1,belt_rock,6.741295577051372E-07,0.636193,8.00836,-1.50899,1,30564.5,384.897,outside_own_roche_hot_not_broken
100,951,1,belt_rock,7.145993673494662E-06,0.937507,4.99166,-0.263553,1,750.252,15311.9,outside_own_roche_hot_not_broken
100,959,1,belt_rock,1.1155607151993047E-05,0.978343,4.92291,-1.41647,1,11428.2,1023.31,outside_own_roche_hot_not_broken
100,966,1,belt_rock,1.243575726573541E-05,0.765053,5.48646,-0.368472,1,478.849,23234.3,outside_own_roche_hot_not_broken
100,1022,1,belt_rock,3.821519252766728E-06,0.80504,7.14978,-0.313634,1,987.442,11664.4,outside_own_roche_hot_not_broken
100,1029,1,belt_rock,4.718877218787269E-06,0.201889,1.14656,-0.626119,1,990.428,11350.7,outside_own_roche_hot_not_broken
100,1033,1,belt_rock,9.547783716650449E-05,0.543622,2.28824,-0.413879,1,725.549,15567.8,outside_own_roche_hot_not_broken
100,1034,1,belt_rock,1.7182956693669126E-06,0.868017,5.8317,-0.298363,1,734.211,15579.7,outside_own_roche_hot_not_broken
100,1036,1,belt_rock,7.163082611217534E-07,0.621204,4.90822,-1.55797,1,1763.66,6254.64,outside_own_roche_hot_not_broken
100,1037,1,belt_rock,1.4723046402334164E-06,0.74982,5.24004,-0.308939,1,1191.37,9712,outside_own_roche_hot_not_broken
100,1040,1,belt_rock,5.0751492384139635E-05,0.811006,3.5376,-0.357932,1,497.864,22432.4,outside_own_roche_hot_not_broken
100,1059,1,belt_rock,7.63405748065679E-07,0.872863,6.81231,-0.232629,1,12797.2,921.568,outside_own_roche_hot_not_broken
100,1069,1,belt_rock,7.00117309971197E-05,0.312223,1.33565,-0.459373,1,10676.9,1102.39,outside_own_roche_hot_not_broken
100,1072,1,belt_rock,1.4351888734822066E-06,0.850603,9.16548,-0.294753,1,992.38,11625.1,outside_own_roche_hot_not_broken
100,1116,1,belt_rock,2.4864261846017696E-06,0.917348,5.7856,-0.218684,1,6209.99,1896.53,outside_own_roche_hot_not_broken
100,1139,1,belt_rock,2.8119782678036558E-05,0.570438,2.60493,-1.57068,1,5225.44,2207.14,outside_own_roche_hot_not_broken
100,1185,1,belt_rock,6.806593211213651E-07,0.203219,1.65442,-0.580553,1,14154.6,831.673,outside_own_roche_hot_not_broken
100,1249,1,belt_rock,6.121683727147834E-05,0.677254,3.91935,-0.361956,1,699.571,16211.6,outside_own_roche_hot_not_broken
100,1253,1,belt_rock,6.611135231849586E-05,0.488255,2.0963,-1.58346,1,93124.2,126.654,outside_own_roche_hot_not_broken
100,1268,1,belt_rock,2.7222763921858725E-05,0.847712,3.8814,-1.46571,1,12008.7,973.991,outside_own_roche_hot_not_broken
100,1282,1,belt_rock,6.31102562463771E-05,0.386462,1.66315,-0.44681,1,1443.76,7982.84,outside_own_roche_hot_not_broken
100,1310,1,belt_rock,7.445657757575814E-07,0.983164,7.85984,-0.297136,1,383.057,29031,outside_own_roche_hot_not_broken
100,1336,1,belt_rock,1.8722714310117303E-05,0.863248,5.80703,-0.336169,1,402.748,27489.5,outside_own_roche_hot_not_broken
100,1415,1,belt_rock,2.232231935437107E-05,0.814883,3.79549,-0.287406,1,1904.61,6127.1,outside_own_roche_hot_not_broken
100,1416,1,belt_rock,2.972263921210621E-06,0.892064,8.33098,-0.322791,1,536.301,21010.7,outside_own_roche_hot_not_broken
100,1422,1,belt_rock,1.0984224982971296E-05,0.873156,6.39033,-0.271857,1,1914.88,6098.54,outside_own_roche_hot_not_broken
100,1428,1,belt_rock,2.055569654121836E-06,0.392578,2.55672,-0.441409,1,2106.46,5514.42,outside_own_roche_hot_not_broken
100,1453,1,belt_rock,1.2660253994499906E-05,0.723231,3.58401,-1.47237,1,14970.9,782.748,outside_own_roche_hot_not_broken
100,1481,1,belt_rock,2.512905326268816E-05,0.589897,2.61217,-1.53736,1,884724,13.3476,outside_own_roche_hot_not_broken
100,1492,1,belt_rock,6.618394638043381E-07,0.889984,7.28682,-0.24636,1,4272.17,2751.85,outside_own_roche_hot_not_broken
100,1526,1,belt_rock,3.8584813585004646E-05,0.649355,2.88781,-0.351809,1,1393.43,8308.11,outside_own_roche_hot_not_broken
100,1542,1,belt_rock,6.215162855067553E-07,0.905886,4.13552,-0.240533,1,2668.88,4393.64,outside_own_roche_hot_not_broken
100,1568,1,belt_rock,0.00011677433614142809,0.788566,3.06853,-0.32109,1,849.123,13500.8,outside_own_roche_hot_not_broken
100,1607,1,belt_rock,6.754688028205843E-05,0.713402,3.05901,-1.51363,1,10099.5,1155.58,outside_own_roche_hot_not_broken
100,1609,1,belt_rock,3.905286694348101E-05,0.301736,1.34178,-1.68251,1,13135,890.05,outside_own_roche_hot_not_broken
100,1617,1,belt_rock,5.485186908884284E-05,0.886908,3.84921,-0.32818,1,400.933,27647.4,outside_own_roche_hot_not_broken
100,1633,1,belt_rock,5.924299771823705E-05,0.578001,1.20098,-0.345947,1,10115,1164.45,outside_own_roche_hot_not_broken
100,1641,1,belt_rock,3.572753601489422E-05,0.551087,2.46536,-0.41895,1,593.399,18839.3,outside_own_roche_hot_not_broken
100,1680,1,belt_rock,7.286066148226024E-07,0.163781,1.2898,-1.93083,1,9888.14,1176.05,outside_own_roche_hot_not_broken
100,1713,1,belt_rock,9.730149823705463E-06,0.686101,3.4356,-0.2949,1,154859,76.2555,outside_own_roche_hot_not_broken
100,1750,1,belt_rock,5.8657458449552996E-05,0.819572,3.54221,-0.246512,1,10558.9,1116.47,outside_own_roche_hot_not_broken
100,1796,1,belt_rock,7.067460934342181E-05,0.96041,4.10566,-0.231383,1,1896.79,6166.46,outside_own_roche_hot_not_broken
100,1804,1,belt_rock,3.584292108018185E-06,0.633696,5.70386,-0.324385,1,3770.23,3111.18,outside_own_roche_hot_not_broken
100,1823,1,belt_rock,6.567547212620079E-07,0.123836,1.56739,-2.20996,1,4202.72,2696.79,outside_own_roche_hot_not_broken
100,1834,1,belt_rock,2.0224882884870367E-05,0.616792,2.90092,-0.416623,1,603.017,18560,outside_own_roche_hot_not_broken
100,1842,1,belt_rock,4.601556086466526E-05,0.295178,1.7631,-0.468451,1,9328.34,1261.04,outside_own_roche_hot_not_broken
100,1854,1,belt_rock,3.993707787402939E-06,0.689363,4.01698,-0.308806,1,10935.2,1077.62,outside_own_roche_hot_not_broken
100,1855,1,belt_rock,3.416028338806095E-05,0.70682,4.37645,-0.284757,1,18009,654.991,outside_own_roche_hot_not_broken
100,1912,1,belt_rock,3.7401646310417386E-05,0.285117,1.27117,-0.494019,1,1894.49,6106.79,outside_own_roche_hot_not_broken
100,1939,1,belt_rock,0.00010740228793929921,0.708005,2.96386,-0.34741,1,902.103,12701,outside_own_roche_hot_not_broken
100,1961,1,belt_rock,1.9951562610569494E-06,0.478297,1.68869,-0.430447,1,871.264,13040.3,outside_own_roche_hot_not_broken
100,1988,1,belt_rock,1.4015867071889088E-05,0.635015,3.11017,-1.51961,1,321855,36.6816,outside_own_roche_hot_not_broken
100,1991,1,belt_rock,2.969260053195079E-06,0.524496,3.21328,-1.55487,1,78511.3,150.194,outside_own_roche_hot_not_broken
150,27,1,belt_rock,4.432793147459301E-05,0.665262,2.9327,-1.05987,1,1297.56,8543.88,outside_own_roche_hot_not_broken
150,44,1,belt_rock,4.917832431620588E-05,0.580349,3.44169,0.0897372,0,NaN,78207.4,unbound
150,47,1,belt_rock,7.714878969972003E-05,0.997559,4.24525,0.314013,0,NaN,65650.3,unbound
150,67,1,belt_rock,8.780140384567183E-07,0.522121,6.22061,0.131522,0,NaN,44504.8,unbound
150,80,1,belt_rock,8.216328146296221E-07,0.512136,3.94099,0.108149,0,NaN,56165.4,unbound
150,82,1,belt_rock,4.941203225666712E-06,0.393546,2.22617,0.125893,0,NaN,27296.9,unbound
150,123,1,belt_rock,7.263046557501093E-07,0.995997,7.71619,0.338344,0,NaN,47962.9,unbound
150,133,1,belt_rock,8.238265275725599E-05,0.820041,3.47802,0.0987617,0,NaN,112003,unbound
150,148,1,belt_rock,6.576429564247828E-07,0.896015,7.3457,0.267181,0,NaN,56752,unbound
150,238,1,belt_rock,7.814335941953823E-07,0.357226,2.7755,0.065021,0,NaN,42900.5,unbound
150,241,1,belt_rock,6.015768687313405E-05,0.992326,4.28352,0.335492,0,NaN,54313.7,unbound
150,246,1,belt_rock,1.158554041804656E-06,0.287758,3.23838,-2.13294,1,137.518,38327.1,outside_own_roche_hot_not_broken
150,295,1,belt_rock,3.112661475336656E-06,0.18663,1.13476,-0.0240417,1,210.961,55479.1,outside_own_roche_hot_not_broken
150,316,1,belt_rock,9.154551243982763E-06,0.646533,4.89189,0.205304,0,NaN,46898.8,unbound
150,335,1,belt_rock,3.5848740711921296E-05,0.421756,1.88774,0.0404001,0,NaN,64108.3,unbound
150,390,1,belt_rock,0.00010483697498768798,0.703946,2.95187,-1.10081,1,2407.03,4733.54,outside_own_roche_hot_not_broken
150,392,1,belt_rock,1.2629728879909393E-05,0.343217,1.70237,0.0287141,0,NaN,56793.8,unbound
150,401,1,belt_rock,2.638055277333725E-05,0.447748,2.05607,0.120989,0,NaN,37657.5,unbound
150,403,1,belt_rock,2.4022300558664833E-06,0.658335,6.40543,0.139493,0,NaN,64510.1,unbound
150,409,1,belt_rock,8.878067696042205E-06,0.734864,3.73872,0.120532,0,NaN,83978.1,unbound
150,508,1,belt_rock,2.6759084230880936E-05,0.573011,2.51955,0.128112,0,NaN,54524.3,unbound
150,519,1,belt_rock,1.794732519926569E-05,0.596888,2.75108,0.227967,0,NaN,27579.4,unbound
150,565,1,belt_rock,6.650769543507555E-05,0.743246,3.18955,0.21987,0,NaN,50435.5,unbound
150,634,1,belt_rock,1.422235615877386E-05,0.678803,3.31812,0.215395,0,NaN,40709.5,unbound
150,650,1,belt_rock,0.00011260252265069257,0.778985,3.25482,0.178425,0,NaN,75073.3,unbound
150,654,1,belt_rock,2.42820391144066E-06,0.717456,6.9661,0.223248,0,NaN,42271.1,unbound
150,666,1,belt_rock,0.00012009501135478154,0.749287,3.12298,-1.0113,1,987.765,11051.7,outside_own_roche_hot_not_broken
150,700,1,belt_rock,9.203894837815173E-05,0.782245,4.35223,0.174711,0,NaN,78037.7,unbound
150,723,1,belt_rock,1.653454779615074E-06,0.49481,1.82364,0.192353,0,NaN,22434.7,unbound
150,747,1,belt_rock,5.52250173989497E-05,0.539972,1.13005,-1.12209,1,2000.76,5649.58,outside_own_roche_hot_not_broken
150,754,1,belt_rock,3.844383995867976E-05,0.89029,3.7706,0.270841,0,NaN,53045.4,unbound
150,763,1,belt_rock,0.00011966732025231535,0.850018,4.62457,0.241933,0,NaN,64136,unbound
150,777,1,belt_rock,1.878957065958218E-05,0.511755,2.42763,0.198727,0,NaN,22212.4,unbound
150,781,1,belt_rock,8.90561854863557E-05,0.833193,3.51979,0.119151,0,NaN,105799,unbound
150,829,1,belt_rock,5.222425980397852E-06,0.516065,2.89324,0.0725572,0,NaN,67744.3,unbound
150,830,1,belt_rock,1.912520268369281E-05,0.817544,3.8699,0.303092,0,NaN,32220.4,unbound
150,833,1,belt_rock,4.483599504849383E-05,0.74937,3.29801,0.269062,0,NaN,36329.2,unbound
150,849,1,belt_rock,0.00012453329409086824,0.437139,1.81931,-1.16322,1,3352.91,3427.37,outside_own_roche_hot_not_broken
150,860,1,belt_rock,1.6109810876646666E-05,0.318219,1.53505,0.0156507,0,NaN,58423.7,unbound
150,866,1,belt_rock,7.389454828827811E-07,0.885064,6.95106,0.161967,0,NaN,101144,unbound
150,873,1,belt_rock,0.00010122660555978985,0.495447,2.73369,0.19252,0,NaN,24831.4,unbound
150,888,1,belt_rock,6.566751117513484E-07,0.211594,1.70032,-0.00849716,1,381.024,30941.9,outside_own_roche_hot_not_broken
150,902,1,belt_rock,3.525743117779404E-05,0.787204,3.52716,0.118498,0,NaN,93866,unbound
150,925,1,belt_rock,8.336407383456803E-05,0.526633,2.23241,0.0684899,0,NaN,72909.5,unbound
150,956,1,belt_rock,7.493333053909837E-05,0.519622,2.21516,0.139991,0,NaN,50815,unbound
150,978,1,belt_rock,3.400226599505641E-06,0.392056,3.5693,-1.1074,1,1668.53,6721.56,outside_own_roche_hot_not_broken
150,1007,1,belt_rock,1.4451267189361366E-05,0.442472,3.10293,0.129138,0,NaN,35710.5,unbound
150,1027,1,belt_rock,1.1800491988397295E-06,0.210769,1.51523,-0.070306,1,192.717,59547,outside_own_roche_hot_not_broken
150,1030,1,belt_rock,5.630142196647536E-05,0.336567,1.96775,-1.19264,1,3462.33,3319.7,outside_own_roche_hot_not_broken
150,1083,1,belt_rock,0.00010121540469727557,0.893045,3.74931,0.240587,0,NaN,69592.7,unbound
150,1136,1,belt_rock,6.965488819123247E-07,0.471161,3.81783,0.0964101,0,NaN,55062.9,unbound
150,1137,1,belt_rock,6.155267298981078E-06,0.536093,2.92907,0.119582,0,NaN,53007.5,unbound
150,1156,1,belt_rock,1.1263957234816233E-06,0.68674,5.05539,-1.0142,1,1244.61,8908.66,outside_own_roche_hot_not_broken
150,1157,1,belt_rock,1.3746227117987749E-05,0.537448,2.57143,-1.12489,1,2829.32,4045.68,outside_own_roche_hot_not_broken
150,1189,1,belt_rock,7.410833300298851E-05,0.941182,4.01426,0.129253,0,NaN,124170,unbound
150,1215,1,belt_rock,6.477832119958783E-06,0.352982,1.91459,0.126732,0,NaN,24404.3,unbound
150,1236,1,belt_rock,9.808862888981932E-06,0.251806,1.26259,0.042808,0,NaN,17688.2,unbound
150,1237,1,belt_rock,4.4524908389371405E-06,0.31431,1.80855,0.0633169,0,NaN,32790.4,unbound
150,1243,1,belt_rock,6.740678638200036E-07,0.902352,11.359,0.186096,0,NaN,87395.5,unbound
150,1266,1,belt_rock,8.797110575458766E-07,0.656585,4.98716,-0.072762,1,261.47,44186.4,outside_own_roche_hot_not_broken
150,1279,1,belt_rock,4.364016495601871E-05,0.428526,1.89004,0.0334287,0,NaN,71043.1,unbound
150,1281,1,belt_rock,7.091697147528105E-07,0.517449,4.17767,0.115262,0,NaN,57916.5,unbound
150,1353,1,belt_rock,0.00013200819549139304,0.924469,3.83682,0.250843,0,NaN,73430.3,unbound
150,1364,1,belt_rock,1.585364871040255E-05,0.447582,2.42796,0.00212184,0,NaN,79427.2,unbound
150,1374,1,belt_rock,3.6262122423979E-06,0.785564,4.65552,0.0979181,0,NaN,101830,unbound
150,1381,1,belt_rock,3.6920132099331333E-06,0.540217,3.19781,-1.12292,1,1977.98,5711.65,outside_own_roche_hot_not_broken
150,1394,1,belt_rock,3.6336131136162697E-06,0.747794,6.72375,0.175686,0,NaN,63558.6,unbound
150,1440,1,belt_rock,2.7837196133542876E-05,0.810945,3.70966,-1.00614,1,1150.01,9598.21,outside_own_roche_hot_not_broken
150,1459,1,belt_rock,6.35899560632146E-05,0.293379,1.26256,0.0164172,0,NaN,49090.2,unbound
150,1468,1,belt_rock,1.5323198896250712E-05,0.91828,5.00214,-0.950277,1,852.711,12716.9,outside_own_roche_hot_not_broken
150,1509,1,belt_rock,1.1075783314701393E-05,0.638638,3.22662,-1.12913,1,2430.76,4684.72,outside_own_roche_hot_not_broken
150,1531,1,belt_rock,6.797158145385701E-07,0.426542,3.40465,0.00119854,0,NaN,76850.5,unbound
150,1539,1,belt_rock,6.972634578224209E-07,0.575378,7.19188,0.187593,0,NaN,33938.4,unbound
150,1580,1,belt_rock,8.785786379125694E-05,0.730529,3.67483,0.077486,0,NaN,94807.1,unbound
150,1586,1,belt_rock,7.668645178034563E-05,0.470555,2.00347,0.153422,0,NaN,32324.1,unbound
150,1610,1,belt_rock,0.00012506628045508733,0.95711,3.98107,0.168657,0,NaN,106923,unbound
150,1661,1,belt_rock,8.388949952207649E-07,0.365148,2.79874,0.0215507,0,NaN,60739.9,unbound
150,1662,1,belt_rock,7.338081435800299E-07,0.864192,10.6873,0.272364,0,NaN,51031.9,unbound
150,1703,1,belt_rock,7.273897858689589E-07,0.939132,7.54333,0.135946,0,NaN,123412,unbound
150,1720,1,belt_rock,6.652827617345552E-07,0.104132,1.31443,-1.94952,1,2260.07,4888.44,outside_own_roche_hot_not_broken
150,1724,1,belt_rock,4.051289300703887E-06,0.41711,2.43427,0.115282,0,NaN,42804.8,unbound
150,1771,1,belt_rock,4.630525327172476E-05,0.928224,4.07568,0.239268,0,NaN,77333,unbound
150,1810,1,belt_rock,5.188678681676663E-05,0.515061,2.24619,-1.09646,1,1640.81,6832.78,outside_own_roche_hot_not_broken
150,1843,1,belt_rock,1.2909277422647784E-05,0.491845,3.52051,-1.11906,1,2143.55,5288.94,outside_own_roche_hot_not_broken
150,1866,1,belt_rock,0.00010068561446722903,0.42291,1.66084,0.112406,0,NaN,37683.4,unbound
150,1871,1,belt_rock,1.3484469177719472E-05,0.546441,2.68836,0.103592,0,NaN,58326.5,unbound
150,1885,1,belt_rock,1.199623415303897E-06,0.989157,11.053,0.211494,0,NaN,95118.9,unbound
150,1889,1,belt_rock,0.00012036821395897255,0.516998,2.81167,0.127681,0,NaN,45241.9,unbound
150,1951,1,belt_rock,5.106902802616899E-05,0.408251,2.41103,0.0437432,0,NaN,64834.2,unbound
150,1982,1,belt_rock,6.580887547880932E-07,0.315157,2.58336,-1.16239,1,1891.48,5951.51,outside_own_roche_hot_not_broken
150,1992,1,belt_rock,0.00011943808652853385,0.694953,3.78178,0.0695832,0,NaN,102680,unbound
200,0,1,sun,333333.3338750515,0.264151,Infinity,3.88919,0,NaN,0.0455837,unbound
200,2,1,planet,0.8150000000000001,0.818832,3.49811,9.06627,0,NaN,592451,unbound
200,14,1,belt_rock,2.8671295820214597E-05,0.944441,4.30663,3.86284,0,NaN,760265,unbound
200,32,1,belt_rock,8.062346186852755E-07,0.499657,6.05921,3.30841,0,NaN,277462,unbound
200,44,1,belt_rock,4.911251911025923E-05,0.994549,5.91169,-1.61828,1,174.961,38796.7,outside_own_roche_hot_not_broken
200,57,1,belt_rock,8.2981744565414E-06,0.6462,3.40654,-0.732528,1,225.069,41634.9,outside_own_roche_hot_not_broken
200,59,1,belt_rock,8.636542180844972E-05,0.802313,3.39655,4.63779,0,NaN,107789,unbound
200,63,1,belt_rock,2.8051313598311008E-05,0.701558,3.21048,0.357838,0,NaN,115700,unbound
200,93,1,belt_rock,9.022527107260299E-07,0.688207,5.2023,3.92965,0,NaN,474360,unbound
200,115,1,belt_rock,9.05986867324195E-06,0.84688,4.39761,5.90726,0,NaN,259730,unbound
200,123,1,belt_rock,7.263046557501093E-07,0.830678,6.43543,-1.49047,1,152.821,43412,outside_own_roche_hot_not_broken
200,130,1,belt_rock,0.00011923515915837287,0.78698,4.28449,2.63876,0,NaN,469814,unbound
200,132,1,belt_rock,6.718008942826338E-07,0.73925,5.91414,2.33834,0,NaN,387940,unbound
200,133,1,belt_rock,8.231421941517331E-05,0.828186,3.51714,-1.4453,1,334.017,26266.8,outside_own_roche_hot_not_broken
200,148,1,belt_rock,6.576429564247828E-07,0.863898,7.08239,-1.58393,1,207.278,35362,outside_own_roche_hot_not_broken
200,159,1,belt_rock,1.4827623141554978E-06,0.326945,3.49986,0.344853,0,NaN,62411.9,unbound
200,174,1,belt_rock,3.365169592221197E-05,0.489938,3.04562,1.81434,0,NaN,154869,unbound
200,181,1,belt_rock,5.574526609504698E-05,0.910097,1.90268,4.03415,0,NaN,728798,unbound
200,222,1,belt_rock,6.569969642785181E-07,0.603367,4.84806,0.1666,0,NaN,78432.9,unbound
200,246,1,belt_rock,1.158554041804656E-06,0.634896,7.14501,-1.05589,1,76.914,73182.9,outside_own_roche_hot_not_broken
200,269,1,belt_rock,6.782007752512965E-05,0.943779,3.81045,2.65872,0,NaN,5735.22,unbound
200,291,1,belt_rock,6.5672528707429E-07,0.493844,4.04977,0.517944,0,NaN,70721.6,unbound
200,342,1,belt_rock,7.629513802040542E-07,0.681224,5.31726,0.0476583,0,NaN,87377,unbound
200,353,1,belt_rock,0.00010428079226531032,0.761458,3.19349,3.07828,0,NaN,504235,unbound
200,363,1,belt_rock,9.830038987660103E-07,0.61251,4.55575,0.106442,0,NaN,74817.6,unbound
200,366,1,belt_rock,7.670759232890632E-06,0.658502,3.50153,1.53093,0,NaN,212797,unbound
200,397,1,belt_rock,6.998103163661626E-07,0.609137,4.83467,0.241036,0,NaN,83841,unbound
200,403,1,belt_rock,2.4022300558664833E-06,0.981851,9.55316,-1.5332,1,106.252,51595.4,outside_own_roche_hot_not_broken
200,409,1,belt_rock,8.807982836619709E-06,0.893438,4.59406,-1.68885,1,314.875,26246.8,outside_own_roche_hot_not_broken
200,445,1,belt_rock,8.441260887940668E-07,0.667471,5.10988,-0.492342,1,178.74,54145.4,outside_own_roche_hot_not_broken
200,448,1,belt_rock,2.246719544198254E-05,0.830416,3.7273,3.37276,0,NaN,607959,unbound
200,460,1,belt_rock,0.00012314078803697613,0.543955,2.11144,1.09048,0,NaN,120405,unbound
200,477,1,belt_rock,7.593427859692768E-05,0.752934,3.20818,3.73254,0,NaN,535023,unbound
200,480,1,belt_rock,4.671869378947701E-06,0.662533,3.78527,2.63469,0,NaN,360082,unbound
200,490,1,belt_rock,4.257850841960174E-05,0.666406,2.94607,2.84277,0,NaN,384529,unbound
200,499,1,belt_rock,8.486587202102265E-05,0.271972,1.52635,-0.0425551,1,179.447,64591.3,outside_own_roche_hot_not_broken
200,526,1,belt_rock,0.00012282084840867837,0.919961,3.83021,3.55514,0,NaN,727087,unbound
200,537,1,belt_rock,1.880332108505585E-05,0.764892,3.63128,3.76388,0,NaN,548269,unbound
200,542,1,belt_rock,1.3475931165840605E-05,0.892761,4.39797,3.21881,0,NaN,665659,unbound
200,551,1,belt_rock,9.59886708006685E-05,0.667899,2.81214,3.04653,0,NaN,409684,unbound
200,605,1,belt_rock,4.0698428852784104E-05,0.588033,3.57053,0.533068,0,NaN,97806.3,unbound
200,650,1,belt_rock,0.00011251670756221038,0.89066,3.72592,-1.65304,1,323.867,25894.2,outside_own_roche_hot_not_broken
200,660,1,belt_rock,1.1669731316942732E-05,0.870329,4.25681,3.4413,0,NaN,656886,unbound
200,665,1,belt_rock,1.7712067367314725E-05,0.860595,3.97645,3.68522,0,NaN,661927,unbound
200,674,1,belt_rock,9.849298394240741E-05,0.462993,1.9473,1.78604,0,NaN,141950,unbound
200,694,1,belt_rock,4.913061497474967E-06,0.904945,5.13242,3.21766,0,NaN,679658,unbound
200,695,1,belt_rock,3.717468038650448E-05,0.401951,1.79759,-3.34395,1,441.806,16650.6,outside_own_roche_hot_not_broken
200,698,1,belt_rock,0.00012859681878079712,0.722348,3.00245,3.22911,0,NaN,13520.2,unbound
200,700,1,belt_rock,9.195451001763273E-05,0.883797,4.92574,-1.64907,1,352.411,24385.2,outside_own_roche_hot_not_broken
200,763,1,belt_rock,0.00011957092083773095,0.875229,4.76919,-1.61667,1,284.273,28555.2,outside_own_roche_hot_not_broken
200,766,1,belt_rock,1.1311460055861758E-06,0.569563,4.12678,1.59058,0,NaN,177431,unbound
200,778,1,belt_rock,1.277853927769584E-05,0.874418,4.33643,2.81484,0,NaN,587049,unbound
200,781,1,belt_rock,8.898552561519464E-05,0.821926,3.47651,-1.46289,1,346.561,25476.3,outside_own_roche_hot_not_broken
200,792,1,belt_rock,9.210279555153564E-07,0.659511,5.05215,-1.00095,1,278.374,32949.1,outside_own_roche_hot_not_broken
200,831,1,belt_rock,1.2383923654359916E-05,0.825679,5.94506,3.07436,0,NaN,572628,unbound
200,832,1,belt_rock,4.020570368839026E-06,0.887219,5.18382,3.60109,0,NaN,51387.2,unbound
200,852,1,belt_rock,3.750863628109528E-05,0.8893,3.77778,3.06057,0,NaN,642361,unbound
200,853,1,belt_rock,2.07080850509952E-06,0.263171,2.63599,-0.107744,1,176.701,63730.8,outside_own_roche_hot_not_broken
200,866,1,belt_rock,7.389454828827811E-07,0.797361,6.26226,-1.36311,1,338.87,26367.8,outside_own_roche_hot_not_broken
200,902,1,belt_rock,3.518115504891637E-05,0.851482,3.8277,-1.63191,1,367.85,23697,outside_own_roche_hot_not_broken
200,921,1,belt_rock,2.492704846552376E-05,0.629748,2.91084,1.96705,0,NaN,257135,unbound
200,928,1,belt_rock,3.799348630892431E-05,0.864546,3.85594,3.39038,0,NaN,33271.3,unbound
200,945,1,belt_rock,0.0001221478665750242,0.710983,3.8639,4.16629,0,NaN,51786.5,unbound
200,970,1,belt_rock,1.5098207555613963E-05,0.704352,4.92333,-0.0695835,1,134.245,84475.4,outside_own_roche_hot_not_broken
200,981,1,belt_rock,3.2647205126967686E-05,0.437523,2.28173,2.26496,0,NaN,163791,unbound
200,982,1,belt_rock,6.523550063592281E-05,0.704676,3.03107,-0.496349,1,159.576,59265.4,outside_own_roche_hot_not_broken
200,991,1,belt_rock,3.259180337139152E-06,0.505292,3.04994,2.05181,0,NaN,183883,unbound
200,1008,1,belt_rock,7.920624891384338E-05,0.80552,3.42432,3.97259,0,NaN,595108,unbound
200,1013,1,belt_rock,1.3485739166102349E-06,0.890398,6.24673,2.82696,0,NaN,606916,unbound
200,1035,1,belt_rock,2.2275869411477764E-06,0.745667,4.7903,3.18459,0,NaN,498430,unbound
200,1048,1,belt_rock,8.40530054677638E-07,0.398401,3.10822,2.08614,0,NaN,128423,unbound
200,1060,1,belt_rock,2.0790212307966674E-05,0.571617,2.69142,-0.729331,1,272.283,35721.6,outside_own_roche_hot_not_broken
200,1081,1,belt_rock,5.093220530411736E-06,0.541103,3.02884,-0.186711,1,222.107,49824.6,outside_own_roche_hot_not_broken
200,1089,1,belt_rock,0.00013203131513934004,0.583193,2.42151,4.80647,0,NaN,55274.6,unbound
200,1094,1,belt_rock,7.140652465859772E-07,0.491485,3.88565,3.49848,0,NaN,278671,unbound
200,1095,1,belt_rock,1.3027719467893417E-06,0.641214,4.52689,1.17505,0,NaN,166377,unbound
200,1117,1,belt_rock,8.320851445860177E-07,0.529782,4.06693,0.913795,0,NaN,104109,unbound
200,1124,1,belt_rock,2.360064999676318E-05,0.66147,1.52827,3.12057,0,NaN,409313,unbound
200,1135,1,belt_rock,7.877999513996334E-05,0.739898,2.95466,1.96908,0,NaN,323760,unbound
200,1142,1,belt_rock,1.1447247312755778E-06,0.549015,3.96912,3.48219,0,NaN,327854,unbound
200,1143,1,belt_rock,4.947486762541453E-05,0.797889,4.73041,3.48308,0,NaN,576793,unbound
200,1189,1,belt_rock,7.404750463225913E-05,0.767779,3.27887,-0.931152,1,202.123,42697,outside_own_roche_hot_not_broken
200,1196,1,belt_rock,1.366567103256755E-06,0.948079,6.63543,3.07104,0,NaN,712586,unbound
200,1216,1,belt_rock,6.610392938527892E-07,0.884577,7.24433,3.42935,0,NaN,675879,unbound
200,1243,1,belt_rock,6.740678638200036E-07,0.791799,9.96731,-1.49656,1,356.579,24796.4,outside_own_roche_hot_not_broken
200,1277,1,belt_rock,7.073731372631375E-05,0.649497,2.7789,2.62539,0,NaN,349525,unbound
200,1286,1,belt_rock,7.189266060056848E-06,0.540274,2.89398,3.30235,0,NaN,311567,unbound
200,1290,1,belt_rock,6.729848344779094E-07,0.86871,6.94747,2.91985,0,NaN,599586,unbound
200,1295,1,belt_rock,2.588496501680819E-06,0.944631,5.91813,4.06114,0,NaN,766086,unbound
200,1320,1,belt_rock,1.29297724222682E-06,0.730532,5.23488,-1.40173,1,363.143,24849.8,outside_own_roche_hot_not_broken
200,1348,1,belt_rock,3.8794432612193744E-05,0.489824,2.53474,2.28801,0,NaN,197568,unbound
200,1353,1,belt_rock,0.00013192553566952476,0.806434,3.35027,-1.54363,1,382.139,23358.3,outside_own_roche_hot_not_broken
200,1374,1,belt_rock,3.6262122423979E-06,0.84593,5.01327,-1.59884,1,364.389,23990.9,outside_own_roche_hot_not_broken
200,1388,1,belt_rock,1.7483551029559975E-05,0.551746,3.76601,0.458373,0,NaN,83015.7,unbound
200,1394,1,belt_rock,3.6336131136162697E-06,0.931807,8.37829,-1.59578,1,158.833,41224.5,outside_own_roche_hot_not_broken
200,1411,1,belt_rock,9.071662383728654E-07,0.595192,4.49455,2.02383,0,NaN,239097,unbound
200,1452,1,belt_rock,6.571004753485099E-07,0.627765,5.04395,-1.11475,1,333.2,27962,outside_own_roche_hot_not_broken
200,1469,1,belt_rock,1.575447010319523E-05,0.825742,5.72005,2.70275,0,NaN,521004,unbound
200,1472,1,belt_rock,4.607716038682059E-05,0.585439,3.50288,-0.247421,1,214.643,50378.8,outside_own_roche_hot_not_broken
200,1480,1,belt_rock,1.4293605408171484E-05,0.633137,3.10352,7.4506,0,NaN,208808,unbound
200,1484,1,belt_rock,0.00010893452686839799,0.735696,4.03807,-1.4376,1,358.887,24922.4,outside_own_roche_hot_not_broken
200,1505,1,belt_rock,8.608869143486823E-07,0.709233,5.40928,-1.33314,1,349.584,25887.2,outside_own_roche_hot_not_broken
200,1513,1,belt_rock,3.2010068609318657E-06,0.920312,5.57088,3.03504,0,NaN,674116,unbound
200,1515,1,belt_rock,2.0892792108631504E-05,0.616163,2.89928,0.47172,0,NaN,103337,unbound
200,1527,1,belt_rock,1.9579844475304548E-05,0.726277,3.44373,-0.795471,1,192.386,46131,outside_own_roche_hot_not_broken
200,1548,1,belt_rock,0.00011084026725555779,0.670954,2.8073,-0.254847,1,155.683,67078.7,outside_own_roche_hot_not_broken
200,1550,1,belt_rock,7.793046757488623E-05,0.635174,2.7037,6.42808,0,NaN,152356,unbound
200,1553,1,belt_rock,0.00013289370442019877,0.936866,1.8202,2.6843,0,NaN,6380.64,unbound
200,1561,1,belt_rock,8.028429540945056E-05,0.653256,3.68501,-1.01196,1,307.948,30368.9,outside_own_roche_hot_not_broken
200,1564,1,belt_rock,1.151960144485447E-06,0.772908,5.58125,3.22638,0,NaN,530913,unbound
200,1571,1,belt_rock,7.999940795895513E-05,0.490116,2.0831,1.91517,0,NaN,167168,unbound
200,1580,1,belt_rock,8.778374001137983E-05,0.875836,4.41512,-1.70508,1,328.475,25405.7,outside_own_roche_hot_not_broken
200,1592,1,belt_rock,0.0001067294942836193,0.580374,2.43165,2.68482,0,NaN,296898,unbound
200,1593,1,belt_rock,3.2156827422358834E-05,0.87476,3.95417,5.71472,0,NaN,265087,unbound
200,1610,1,belt_rock,0.00012500156631253286,0.749165,3.11868,-1.11255,1,251.883,34646.7,outside_own_roche_hot_not_broken
200,1626,1,belt_rock,2.895732438281332E-05,0.827178,5.24066,3.64594,0,NaN,620564,unbound
200,1628,1,belt_rock,3.0973143045551206E-06,0.673678,4.09938,0.121618,0,NaN,95196.4,unbound
200,1640,1,belt_rock,8.69927307519916E-05,0.589249,3.29778,5.91161,0,NaN,102042,unbound
200,1656,1,belt_rock,1.0104932949211599E-05,0.574213,4.29265,-0.488466,1,250.042,40850.4,outside_own_roche_hot_not_broken
200,1658,1,belt_rock,4.7245827803515325E-06,0.702216,4.0054,-0.232051,1,147.346,71186.9,outside_own_roche_hot_not_broken
200,1662,1,belt_rock,7.338081435800299E-07,0.906543,11.211,-1.50301,1,125.509,48059.6,outside_own_roche_hot_not_broken
200,1674,1,belt_rock,2.4386799934338275E-05,0.933673,2.14763,3.53149,0,NaN,736596,unbound
200,1689,1,belt_rock,2.381203274981449E-06,0.527076,5.13709,0.860575,0,NaN,102486,unbound
200,1703,1,belt_rock,7.273897858689589E-07,0.770246,6.18679,-0.931679,1,208.214,41770.8,outside_own_roche_hot_not_broken
200,1722,1,belt_rock,5.9828397049049045E-06,0.634003,3.45808,-0.138743,1,164.951,67086.5,outside_own_roche_hot_not_broken
200,1764,1,belt_rock,2.230439973213778E-06,0.503877,4.97401,2.06786,0,NaN,181793,unbound
200,1771,1,belt_rock,4.622555852380095E-05,0.795729,3.50315,-1.51349,1,383.162,23422.6,outside_own_roche_hot_not_broken
200,1808,1,belt_rock,1.1686558002482072E-05,0.601574,3.02197,1.15923,0,NaN,150703,unbound
200,1814,1,belt_rock,7.391427608549478E-07,0.646955,7.98866,-0.0176916,1,153.861,76061.8,outside_own_roche_hot_not_broken
200,1820,1,belt_rock,9.382772117120538E-06,0.687786,3.56157,-0.0302937,1,146.5,79306.7,outside_own_roche_hot_not_broken
200,1827,1,belt_rock,0.00010986613341054422,0.661557,2.76925,-0.805607,1,262.261,36150.2,outside_own_roche_hot_not_broken
200,1828,1,belt_rock,6.579760896805051E-07,0.756956,6.08039,-1.47301,1,363.23,24550.7,outside_own_roche_hot_not_broken
200,1885,1,belt_rock,1.199623415303897E-06,0.732642,8.18665,-1.18001,1,284.387,31180,outside_own_roche_hot_not_broken
200,1898,1,belt_rock,8.135500548414582E-07,0.637604,2.78035,3.61809,0,NaN,415064,unbound
200,1904,1,belt_rock,3.399896616522103E-06,0.977526,3.1106,4.02443,0,NaN,797941,unbound
200,1954,1,belt_rock,5.3680676859842786E-05,0.627253,2.73074,0.0548448,0,NaN,72226.8,unbound
200,1964,1,belt_rock,3.1844806920837496E-05,0.667491,3.01796,3.23922,0,NaN,424454,unbound
200,1976,1,belt_rock,2.896881840900241E-05,0.666677,3.03876,3.08595,0,NaN,411657,unbound
200,1992,1,belt_rock,0.00011936847537795982,0.898675,4.89593,-1.67991,1,387.898,22613.1,outside_own_roche_hot_not_broken
200,2006,1,belt_rock,7.872272735644288E-05,0.716449,4.04646,2.69293,0,NaN,415415,unbound
250,4,1,planet,0.10699999999999998,0.413141,1.70327,-0.985763,1,80.9632,357468,outside_own_roche_hot_not_broken
250,14,1,belt_rock,2.8671295820214597E-05,0.552286,2.51842,-1.26517,1,85.0312,306758,outside_own_roche_hot_not_broken
250,32,1,belt_rock,8.062346186852755E-07,0.949076,11.5092,-0.93318,1,83.0549,362262,outside_own_roche_hot_not_broken
250,37,1,belt_rock,6.725408553700501E-05,0.853708,4.89427,-0.89458,1,61.5242,429272,outside_own_roche_hot_not_broken
250,42,1,belt_rock,9.044688466255514E-06,0.422177,2.18467,-1.11877,1,72.4538,352765,outside_own_roche_hot_not_broken
250,58,1,belt_rock,6.567332992402851E-07,0.400448,3.21786,-1.58552,1,176.903,188093,outside_own_roche_hot_not_broken
250,59,1,belt_rock,8.636542180844972E-05,0.82181,3.47909,-1.30505,1,120.49,254040,outside_own_roche_hot_not_broken
250,60,1,belt_rock,2.9270059816121648E-06,0.736376,4.52178,-0.892348,1,68.1273,409505,outside_own_roche_hot_not_broken
250,65,1,belt_rock,8.304769814433225E-05,0.549817,2.18719,-1.3246,1,65.1199,333934,outside_own_roche_hot_not_broken
250,92,1,belt_rock,5.359511451581255E-05,0.423423,1.74096,-1.05817,1,77.7168,351863,outside_own_roche_hot_not_broken
250,93,1,belt_rock,9.022527107260299E-07,0.724589,5.47732,-1.43451,1,80.146,293125,outside_own_roche_hot_not_broken
250,102,1,belt_rock,6.585818323810552E-07,0.383763,3.14525,-1.09818,1,85.1238,330286,outside_own_roche_hot_not_broken
250,104,1,belt_rock,1.607485367308737E-06,0.55792,5.87633,-0.993782,1,73.9057,372419,outside_own_roche_hot_not_broken
250,108,1,belt_rock,0.00012018683836046753,0.744063,3.10008,-0.908097,1,66.3061,411159,outside_own_roche_hot_not_broken
250,111,1,belt_rock,1.678696995073673E-05,0.495767,2.38136,-1.16672,1,68.0972,353903,outside_own_roche_hot_not_broken
250,112,1,belt_rock,8.674031258396646E-07,0.498102,5.94941,-1.02006,1,73.1972,369066,outside_own_roche_hot_not_broken
250,115,1,belt_rock,9.05986867324195E-06,0.860957,4.47071,-0.750617,1,94.3044,370138,outside_own_roche_hot_not_broken
250,119,1,belt_rock,0.00010879697811298288,0.751403,4.12022,-0.931745,1,64.5676,410706,outside_own_roche_hot_not_broken
250,121,1,belt_rock,1.7787957704379382E-06,0.525738,5.4266,-1.65727,1,191.803,176125,outside_own_roche_hot_not_broken
250,127,1,belt_rock,3.683816768457644E-05,0.507526,3.11629,-1.10986,1,59.6364,384921,outside_own_roche_hot_not_broken
250,130,1,belt_rock,0.00011923515915837287,0.80952,4.40721,-0.790928,1,50.087,503983,outside_own_roche_hot_not_broken
250,132,1,belt_rock,6.718008942826338E-07,0.903728,7.23,-0.595922,1,58.6184,537501,outside_own_roche_hot_not_broken
250,134,1,belt_rock,1.4397576836317145E-05,0.445545,2.18014,-1.38587,1,84.9898,291700,outside_own_roche_hot_not_broken
250,135,1,belt_rock,5.258303751555807E-06,0.91726,5.10502,-1.2294,1,54.4661,373856,outside_own_roche_hot_not_broken
250,140,1,belt_rock,5.227079793358343E-06,0.403963,2.26306,-1.02802,1,84.313,343024,outside_own_roche_hot_not_broken
250,144,1,belt_rock,1.418335411047879E-05,0.735752,3.60269,-1.38024,1,120.665,247235,outside_own_roche_hot_not_broken
250,149,1,belt_rock,0.0001336375415731328,0.670342,2.78077,-0.91581,1,70.5751,397192,outside_own_roche_hot_not_broken
250,150,1,belt_rock,6.148470791553775E-06,0.409825,1.16732,-1.14523,1,83.8564,325586,outside_own_roche_hot_not_broken
250,155,1,belt_rock,8.94543178490519E-05,0.351624,1.4857,-1.40692,1,87.0101,286285,outside_own_roche_hot_not_broken
250,159,1,belt_rock,1.4827623141554978E-06,0.375521,4.01985,-5.14546,1,69.8922,118647,outside_own_roche_hot_not_broken
250,166,1,belt_rock,6.078884194825134E-06,0.489521,2.6877,-1.42965,1,112.18,252182,outside_own_roche_hot_not_broken
250,176,1,belt_rock,3.0006507538053732E-06,0.475223,4.43007,-1.20448,1,102.538,287245,outside_own_roche_hot_not_broken
250,177,1,belt_rock,1.0654382583018515E-05,0.328734,2.42801,-1.54174,1,182.207,186984,outside_own_roche_hot_not_broken
250,188,1,belt_rock,4.1428413283292995E-05,0.434236,2.23828,-1.1023,1,68.2456,365226,outside_own_roche_hot_not_broken
250,199,1,belt_rock,8.063667532988596E-06,0.862005,4.52349,-0.879745,1,61.6095,432855,outside_own_roche_hot_not_broken
250,203,1,belt_rock,6.700652613383534E-07,0.471879,3.85386,-1.11437,1,64.1296,372732,outside_own_roche_hot_not_broken
250,245,1,belt_rock,1.484461995818866E-06,0.479272,5.12929,-1.10571,1,63.2901,376497,outside_own_roche_hot_not_broken
250,246,1,belt_rock,1.158554041804656E-06,0.492306,5.54033,-2.98679,1,1.26533,237844,outside_own_roche_hot_not_broken
250,250,1,belt_rock,3.061408992850387E-05,0.420599,1.90676,-1.15236,1,101.49,294983,outside_own_roche_hot_not_broken
250,267,1,belt_rock,1.048620642138604E-06,0.702472,5.16199,-1.32375,1,75.9013,314255,outside_own_roche_hot_not_broken
250,281,1,belt_rock,2.0010791466914495E-05,0.459366,3.06411,-1.04704,1,72.9244,364624,outside_own_roche_hot_not_broken
250,290,1,belt_rock,4.489785357970836E-06,0.966361,5.55359,-1.30874,1,111.163,264670,outside_own_roche_hot_not_broken
250,301,1,belt_rock,0.00011912664104514497,0.902264,3.76054,-0.839048,1,56.0466,463846,outside_own_roche_hot_not_broken
250,302,1,belt_rock,6.9700057674663455E-06,0.632522,3.38977,-0.942822,1,72.5578,386071,outside_own_roche_hot_not_broken
250,305,1,belt_rock,1.1119287236353387E-05,0.41584,2.09478,-1.1539,1,88.0603,316745,outside_own_roche_hot_not_broken
250,307,1,belt_rock,0.00010955105503733567,0.358801,1.50145,-1.42818,1,89.8334,279939,outside_own_roche_hot_not_broken
250,311,1,belt_rock,5.6319548543963576E-05,0.532576,2.18199,-1.24628,1,69.2333,338188,outside_own_roche_hot_not_broken
250,312,1,belt_rock,2.4034310794126817E-05,0.414483,1.91974,-1.09786,1,73.5559,354012,outside_own_roche_hot_not_broken
250,322,1,belt_rock,1.285900527437872E-06,0.401089,4.41897,-1.09095,1,78.2772,345098,outside_own_roche_hot_not_broken
250,343,1,belt_rock,3.0129983879800577E-05,0.930836,4.22341,-0.824952,1,56.7691,465377,outside_own_roche_hot_not_broken
250,346,1,belt_rock,9.446850949573703E-06,0.730974,3.75538,-0.879183,1,68.4077,411786,outside_own_roche_hot_not_broken
250,353,1,belt_rock,0.00010428079226531032,0.729543,3.05964,-1.03319,1,54.2342,417359,outside_own_roche_hot_not_broken
250,362,1,belt_rock,2.675046522657254E-05,0.52582,2.31269,-1.25203,1,104.894,278617,outside_own_roche_hot_not_broken
250,372,1,belt_rock,2.2240566477441765E-05,0.829313,3.72292,-0.906978,1,63.4781,419977,outside_own_roche_hot_not_broken
250,378,1,belt_rock,1.6697455561173104E-06,0.391496,4.09225,-1.3433,1,71.5757,319103,outside_own_roche_hot_not_broken
250,383,1,belt_rock,3.517047758622054E-05,0.367373,2.26802,-1.05732,1,92.4524,322711,outside_own_roche_hot_not_broken
250,407,1,belt_rock,9.537164663850703E-05,0.456027,1.79718,-1.16642,1,73.2077,343092,outside_own_roche_hot_not_broken
250,415,1,belt_rock,3.173377727381647E-05,0.860247,3.88965,-1.33946,1,111.452,261343,outside_own_roche_hot_not_broken
250,416,1,belt_rock,3.2229514414788686E-06,0.444348,4.08644,-1.04361,1,77.7764,354275,outside_own_roche_hot_not_broken
250,435,1,belt_rock,1.2714545665413913E-05,0.521716,3.73812,-1.12088,1,58.7436,384951,outside_own_roche_hot_not_broken
250,436,1,belt_rock,4.1316308939108164E-05,0.406253,1.79873,-1.07216,1,79.9234,344800,outside_own_roche_hot_not_broken
250,439,1,belt_rock,1.1123448839321772E-05,0.501961,2.52983,-1.17064,1,70.9717,347049,outside_own_roche_hot_not_broken
250,444,1,belt_rock,1.9203315783859442E-05,0.840348,3.8392,-0.877046,1,67.7176,414357,outside_own_roche_hot_not_broken
250,447,1,belt_rock,8.465071302985872E-07,0.762124,5.93747,-0.886426,1,63.3016,425674,outside_own_roche_hot_not_broken
250,448,1,belt_rock,2.246719544198254E-05,0.641346,2.87866,-1.16858,1,57.6449,378029,outside_own_roche_hot_not_broken
250,453,1,belt_rock,0.00010489770836095581,0.43499,1.70401,-1.16836,1,87.2711,316102,outside_own_roche_hot_not_broken
250,467,1,belt_rock,2.5804791877335333E-05,0.765067,3.51909,-0.929896,1,62.5096,417324,outside_own_roche_hot_not_broken
250,473,1,belt_rock,6.566666995190835E-07,0.801929,6.44414,-0.919584,1,61.0351,424453,outside_own_roche_hot_not_broken
250,476,1,belt_rock,1.083018064921707E-06,0.800832,5.94097,-0.914174,1,65.9107,410891,outside_own_roche_hot_not_broken
250,477,1,belt_rock,7.593427859692768E-05,0.683613,2.91281,-1.34146,1,77.5671,309016,outside_own_roche_hot_not_broken
250,480,1,belt_rock,4.671869378947701E-06,0.912652,5.21429,-0.679549,1,63.8822,483163,outside_own_roche_hot_not_broken
250,490,1,belt_rock,4.257850841960174E-05,0.869302,3.84303,-0.810301,1,60.182,457035,outside_own_roche_hot_not_broken
250,502,1,belt_rock,1.816015031719967E-05,0.867874,2.07762,-0.893072,1,63.0196,424884,outside_own_roche_hot_not_broken
250,504,1,belt_rock,1.3860795580248966E-05,0.477282,3.37117,-1.17641,1,74.6943,338447,outside_own_roche_hot_not_broken
250,516,1,belt_rock,3.212833715590032E-05,0.952505,4.29877,-0.820695,1,54.7544,474480,outside_own_roche_hot_not_broken
250,526,1,belt_rock,0.00012282084840867837,0.566563,2.35886,-1.20602,1,65.1118,353555,outside_own_roche_hot_not_broken
250,529,1,belt_rock,9.311867503424329E-05,0.444685,2.47189,-1.18032,1,94.6447,302174,outside_own_roche_hot_not_broken
250,537,1,belt_rock,1.880332108505585E-05,0.676274,3.21057,-1.34715,1,79.4341,305184,outside_own_roche_hot_not_broken
250,542,1,belt_rock,1.3475931165840605E-05,0.61939,3.05128,-1.09809,1,52.0121,408496,outside_own_roche_hot_not_broken
250,551,1,belt_rock,9.59886708006685E-05,0.807855,3.40141,-0.985193,1,61.8415,406181,outside_own_roche_hot_not_broken
250,554,1,belt_rock,1.3047195379484566E-05,0.517956,2.56152,-1.46451,1,186.855,187925,outside_own_roche_hot_not_broken
250,577,1,belt_rock,2.3206975591906818E-05,0.385166,1.7897,-1.10301,1,86.6222,326724,outside_own_roche_hot_not_broken
250,587,1,belt_rock,4.952436620733782E-05,0.523699,2.28924,-1.00159,1,73.4698,371962,outside_own_roche_hot_not_broken
250,593,1,belt_rock,0.0001209477782056034,0.869496,4.72636,-0.84372,1,56.2918,461527,outside_own_roche_hot_not_broken
250,612,1,belt_rock,2.0418136302480187E-05,0.97704,4.43018,-0.853671,1,61.0165,441822,outside_own_roche_hot_not_broken
250,613,1,belt_rock,1.947078259004743E-05,0.649697,4.34969,-0.909403,1,69.6339,401248,outside_own_roche_hot_not_broken
250,621,1,belt_rock,3.202996995605001E-05,0.803594,3.62805,-0.912479,1,63.4403,418739,outside_own_roche_hot_not_broken
250,628,1,belt_rock,9.341724511972494E-07,0.670398,7.88549,-1.32899,1,73.8337,317131,outside_own_roche_hot_not_broken
250,629,1,belt_rock,3.875065131587107E-05,0.425292,1.89185,-1.00926,1,83.023,348870,outside_own_roche_hot_not_broken
250,638,1,belt_rock,3.4322432703245706E-05,0.414101,1.8599,-1.12425,1,75.9593,344378,outside_own_roche_hot_not_broken
250,639,1,belt_rock,3.7520768535695566E-05,0.500382,2.23143,-1.02377,1,72.6429,369680,outside_own_roche_hot_not_broken
250,646,1,belt_rock,2.1005823501122877E-05,0.435807,2.04469,-1.15265,1,104.688,290158,outside_own_roche_hot_not_broken
250,660,1,belt_rock,1.1669731316942732E-05,0.604102,2.95469,-1.19663,1,64.1835,357269,outside_own_roche_hot_not_broken
250,662,1,belt_rock,1.2698754398678164E-05,0.461349,2.23177,-1.28508,1,67.5692,335331,outside_own_roche_hot_not_broken
250,665,1,belt_rock,1.7712067367314725E-05,0.603735,2.7896,-1.26624,1,69.3108,334870,outside_own_roche_hot_not_broken
250,668,1,belt_rock,2.4532801062004895E-05,0.750944,4.86736,-1.39652,1,172.718,200858,outside_own_roche_hot_not_broken
250,669,1,belt_rock,3.667176777031462E-06,0.389771,1.22158,-1.11103,1,95.8651,309245,outside_own_roche_hot_not_broken
250,681,1,belt_rock,0.00011196436009988996,0.461954,1.93071,-1.02424,1,79.7073,353438,outside_own_roche_hot_not_broken
250,684,1,belt_rock,1.0710310832703353E-05,0.535539,2.7172,-1.57133,1,135.67,218582,outside_own_roche_hot_not_broken
250,686,1,belt_rock,6.00931993505896E-05,0.412817,1.78317,-1.41558,1,89.1214,282319,outside_own_roche_hot_not_broken
250,689,1,belt_rock,2.4789845480784857E-05,0.68293,3.15274,-0.940075,1,68.1149,398631,outside_own_roche_hot_not_broken
250,694,1,belt_rock,4.913061497474967E-06,0.606583,3.44025,-1.10308,1,53.7035,402481,outside_own_roche_hot_not_broken
250,699,1,belt_rock,6.567739579389072E-07,0.466396,3.74774,-1.07748,1,60.1947,390264,outside_own_roche_hot_not_broken
250,709,1,belt_rock,6.969675955960486E-06,0.611671,4.87316,-1.33276,1,70.817,321984,outside_own_roche_hot_not_broken
250,711,1,belt_rock,6.737309371403601E-05,0.80116,3.43526,-0.847252,1,61.975,440307,outside_own_roche_hot_not_broken
250,713,1,belt_rock,0.00012781152288710647,0.958035,5.18616,-1.30004,1,98.578,282021,outside_own_roche_hot_not_broken
250,714,1,belt_rock,4.592437645712026E-05,0.823521,4.92419,-1.33018,1,96.1648,282024,outside_own_roche_hot_not_broken
250,742,1,belt_rock,5.3990469036559724E-05,0.746493,3.24437,-0.902368,1,64.3261,418503,outside_own_roche_hot_not_broken
250,746,1,belt_rock,1.1577928619974147E-06,0.472107,3.40595,-1.05124,1,65.4692,381981,outside_own_roche_hot_not_broken
250,751,1,belt_rock,8.196136403768549E-05,0.90761,5.1035,-0.876546,1,61.3803,434452,outside_own_roche_hot_not_broken
250,760,1,belt_rock,2.5280033316475228E-05,0.456177,2.94345,-1.10556,1,63.1425,376893,outside_own_roche_hot_not_broken
250,768,1,belt_rock,9.792722232842883E-06,0.69515,3.48277,-0.893506,1,66.2447,414827,outside_own_roche_hot_not_broken
250,778,1,belt_rock,1.277853927769584E-05,0.706142,3.50192,-0.923809,1,45.6689,477799,outside_own_roche_hot_not_broken
250,783,1,belt_rock,5.56541249262284E-05,0.843755,3.65985,-0.861491,1,61.0469,439592,outside_own_roche_hot_not_broken
250,788,1,belt_rock,2.9536933042162192E-05,0.797071,3.62291,-0.868389,1,60.1964,440605,outside_own_roche_hot_not_broken
250,817,1,belt_rock,0.00011965595049649409,0.941032,3.92232,-1.22992,1,55.8073,370505,outside_own_roche_hot_not_broken
250,818,1,belt_rock,7.107285329517042E-05,0.487694,1.96123,-1.04175,1,66.3002,381797,outside_own_roche_hot_not_broken
250,821,1,belt_rock,2.8533251478590335E-05,0.802571,3.65883,-0.911544,1,62.6985,421260,outside_own_roche_hot_not_broken
250,826,1,belt_rock,0.00011801079622608172,0.576668,2.40458,-0.945704,1,71.8826,387234,outside_own_roche_hot_not_broken
250,831,1,belt_rock,1.2383923654359916E-05,0.676498,4.87093,-1.05258,1,53.1568,415919,outside_own_roche_hot_not_broken
250,832,1,belt_rock,4.020570368839026E-06,0.737147,4.30698,-1.5378,1,131.894,224120,outside_own_roche_hot_not_broken
250,852,1,belt_rock,3.750863628109528E-05,0.627687,2.66644,-1.05973,1,53.5945,412886,outside_own_roche_hot_not_broken
250,867,1,belt_rock,7.411791933590053E-05,0.400412,1.60588,-1.52329,1,128.674,228039,outside_own_roche_hot_not_broken
250,897,1,belt_rock,4.318403215891986E-05,0.655104,2.74597,-1.42093,1,167.87,202924,outside_own_roche_hot_not_broken
250,900,1,belt_rock,0.00013125905267176525,0.898065,3.47211,-0.886117,1,61.5654,431333,outside_own_roche_hot_not_broken
250,906,1,belt_rock,2.0343165160066184E-05,0.417105,1.96328,-1.15449,1,92.9583,308293,outside_own_roche_hot_not_broken
250,917,1,belt_rock,4.57358020391227E-05,0.44913,2.68582,-1.05564,1,72.7361,363465,outside_own_roche_hot_not_broken
250,920,1,belt_rock,0.00011067609374225573,0.447203,1.87006,-1.05297,1,74.0812,360867,outside_own_roche_hot_not_broken
250,923,1,belt_rock,3.9192743146228345E-05,0.240689,1.07051,-1.56102,1,160.19,200413,outside_own_roche_hot_not_broken
250,924,1,belt_rock,0.00010046577544577069,0.627504,2.63545,-0.945905,1,71.0616,389359,outside_own_roche_hot_not_broken
250,942,1,belt_rock,1.0090235419802254E-05,0.887561,6.59887,-0.817473,1,57.4118,465209,outside_own_roche_hot_not_broken
250,945,1,belt_rock,0.0001221478665750242,0.888364,4.82789,-1.68241,1,187.603,177321,outside_own_roche_hot_not_broken
250,950,1,belt_rock,6.4183820798641525E-06,0.529302,4.27822,-1.12888,1,60.0474,379975,outside_own_roche_hot_not_broken
250,953,1,belt_rock,0.00010193446584013745,0.778202,4.29078,-0.861334,1,59.5791,444657,outside_own_roche_hot_not_broken
250,973,1,belt_rock,9.59855382994985E-07,0.434641,3.24733,-1.09001,1,68.0925,367899,outside_own_roche_hot_not_broken
250,980,1,belt_rock,8.7762368768501E-07,0.423975,1.8049,-1.08917,1,71.2468,360727,outside_own_roche_hot_not_broken
250,983,1,belt_rock,8.425043143985532E-06,0.464191,3.56744,-1.20118,1,84.0437,317157,outside_own_roche_hot_not_broken
250,990,1,belt_rock,8.495584809313527E-05,0.787839,4.41532,-0.908513,1,66.24,411256,outside_own_roche_hot_not_broken
250,1003,1,belt_rock,5.271623584532397E-05,0.666061,2.90084,-1.36803,1,93.9699,280869,outside_own_roche_hot_not_broken
250,1006,1,belt_rock,7.152108912183968E-05,0.439121,1.76522,-1.1305,1,73.0039,349552,outside_own_roche_hot_not_broken
250,1008,1,belt_rock,7.920624891384338E-05,0.657372,2.79453,-1.37954,1,89.7879,285445,outside_own_roche_hot_not_broken
250,1013,1,belt_rock,1.3485739166102349E-06,0.691123,4.84868,-0.935868,1,45.5267,474535,outside_own_roche_hot_not_broken
250,1026,1,belt_rock,2.4666994631121667E-05,0.413873,1.91189,-1.02342,1,81.9141,348818,outside_own_roche_hot_not_broken
250,1028,1,belt_rock,1.9467089848577998E-05,0.28874,1.36669,-1.47748,1,116.688,243233,outside_own_roche_hot_not_broken
250,1032,1,belt_rock,3.2133994759622797E-06,0.925661,5.60244,-1.27955,1,76.2534,319857,outside_own_roche_hot_not_broken
250,1035,1,belt_rock,2.2275869411477764E-06,0.725748,4.66233,-1.08451,1,56.3698,399161,outside_own_roche_hot_not_broken
250,1047,1,belt_rock,1.1729322602406433E-06,0.974429,10.9385,-1.27167,1,77.4923,318772,outside_own_roche_hot_not_broken
250,1057,1,belt_rock,1.2737532410228328E-05,0.732726,3.62664,-0.899443,1,70.3134,401579,outside_own_roche_hot_not_broken
250,1070,1,belt_rock,6.750423070272806E-07,0.175412,2.20745,-1.56128,1,229.101,161388,outside_own_roche_hot_not_broken
250,1086,1,belt_rock,4.1977163578123663E-05,0.535576,2.36826,-0.979198,1,76.7628,368360,outside_own_roche_hot_not_broken
250,1094,1,belt_rock,7.140652465859772E-07,0.915204,7.23555,-1.1223,1,85.9243,325153,outside_own_roche_hot_not_broken
250,1100,1,belt_rock,1.968610202192028E-05,0.521906,2.46572,-1.09234,1,54.9042,401515,outside_own_roche_hot_not_broken
250,1102,1,belt_rock,7.303424977784841E-05,0.468688,1.88122,-1.1633,1,69.119,352270,outside_own_roche_hot_not_broken
250,1120,1,belt_rock,4.190881114964229E-05,0.3751,1.65904,-1.07127,1,88.824,327357,outside_own_roche_hot_not_broken
250,1124,1,belt_rock,2.360064999676318E-05,0.805308,1.8606,-1.01699,1,61.746,399232,outside_own_roche_hot_not_broken
250,1142,1,belt_rock,1.1447247312755778E-06,0.862356,6.23443,-1.15433,1,73.4504,344591,outside_own_roche_hot_not_broken
250,1143,1,belt_rock,4.947486762541453E-05,0.654137,3.87815,-1.22914,1,65.1151,349547,outside_own_roche_hot_not_broken
250,1149,1,belt_rock,6.999064995170157E-07,0.457931,3.63446,-1.2902,1,57.2762,355980,outside_own_roche_hot_not_broken
250,1159,1,belt_rock,4.776407022198545E-06,0.880421,4.99705,-0.890337,1,63.9649,422601,outside_own_roche_hot_not_broken
250,1161,1,belt_rock,4.0065454221596896E-05,0.731651,1.58401,-0.879995,1,65.9081,419141,outside_own_roche_hot_not_broken
250,1164,1,belt_rock,6.566807129580454E-07,0.905995,11.4674,-0.831457,1,58.3055,457709,outside_own_roche_hot_not_broken
250,1165,1,belt_rock,5.396082938469288E-06,0.3815,2.13477,-1.54695,1,147.612,210534,outside_own_roche_hot_not_broken
250,1168,1,belt_rock,6.352048758426421E-06,0.840245,4.56305,-0.893751,1,62.9227,425018,outside_own_roche_hot_not_broken
250,1169,1,belt_rock,4.686284621592993E-06,0.709716,4.05301,-1.40556,1,170.791,201712,outside_own_roche_hot_not_broken
250,1180,1,belt_rock,2.1401996191064295E-06,0.904221,5.88888,-0.862174,1,64.6814,427459,outside_own_roche_hot_not_broken
250,1196,1,belt_rock,1.366567103256755E-06,0.600513,4.20288,-1.0489,1,50.3168,425632,outside_own_roche_hot_not_broken
250,1200,1,belt_rock,6.624167436905334E-07,0.404296,3.30962,-1.50496,1,175.385,193156,outside_own_roche_hot_not_broken
250,1211,1,belt_rock,3.9427931333678005E-06,0.887311,5.19977,-1.30967,1,91.9426,290429,outside_own_roche_hot_not_broken
250,1216,1,belt_rock,6.610392938527892E-07,0.598578,4.90211,-1.17854,1,59.5615,371362,outside_own_roche_hot_not_broken
250,1224,1,belt_rock,7.171111048297164E-07,0.399338,3.15454,-1.04938,1,82.4319,343379,outside_own_roche_hot_not_broken
250,1227,1,belt_rock,1.112515499055423E-05,0.989193,4.98572,-1.31316,1,130.064,242994,outside_own_roche_hot_not_broken
250,1229,1,belt_rock,2.981439456329362E-05,0.284726,1.49046,-1.5483,1,161.667,200091,outside_own_roche_hot_not_broken
250,1232,1,belt_rock,2.061242057702766E-05,0.705507,3.31444,-0.888361,1,66.8642,414202,outside_own_roche_hot_not_broken
250,1252,1,belt_rock,5.9622430530962124E-05,0.373385,1.61297,-1.07124,1,92.5528,320514,outside_own_roche_hot_not_broken
250,1269,1,belt_rock,9.321141118388653E-06,0.890609,6.71248,-0.816453,1,57.5371,465043,outside_own_roche_hot_not_broken
250,1277,1,belt_rock,7.073731372631375E-05,0.922776,3.94813,-0.664758,1,66.1649,478712,outside_own_roche_hot_not_broken
250,1286,1,belt_rock,7.189266060056848E-06,0.898439,4.81249,-1.01487,1,75.9105,363666,outside_own_roche_hot_not_broken
250,1289,1,belt_rock,5.010288387683074E-06,0.232561,1.31524,-1.51499,1,186.641,185590,outside_own_roche_hot_not_broken
250,1290,1,belt_rock,6.729848344779094E-07,0.674446,5.39385,-0.986806,1,49.1099,446155,outside_own_roche_hot_not_broken
250,1295,1,belt_rock,2.588496501680819E-06,0.558227,3.4973,-1.29085,1,90.1352,295405,outside_own_roche_hot_not_broken
250,1317,1,belt_rock,7.139985776542619E-05,0.846109,3.61736,-1.3621,1,156.441,215261,outside_own_roche_hot_not_broken
250,1321,1,belt_rock,4.6269287599687955E-05,0.375898,1.56601,-1.45492,1,103.876,259373,outside_own_roche_hot_not_broken
250,1329,1,belt_rock,2.0498531456017723E-05,0.502407,2.36215,-1.0042,1,74.2788,369513,outside_own_roche_hot_not_broken
250,1352,1,belt_rock,1.7713233526287838E-06,0.385969,2.57931,-1.08852,1,83.6661,334599,outside_own_roche_hot_not_broken
250,1369,1,belt_rock,3.433948380886606E-05,0.776401,3.48544,-0.875844,1,68.3423,412775,outside_own_roche_hot_not_broken
250,1376,1,belt_rock,2.7415199823418123E-06,0.57033,3.53959,-0.961344,1,72.8567,381480,outside_own_roche_hot_not_broken
250,1396,1,belt_rock,4.1327715981051796E-05,0.905129,4.00633,-0.876333,1,63.3822,427992,outside_own_roche_hot_not_broken
250,1399,1,belt_rock,8.005162457164477E-05,0.878865,3.73405,-1.31603,1,97.0546,282361,outside_own_roche_hot_not_broken
250,1434,1,belt_rock,5.036313377294688E-06,0.485952,2.7174,-1.00958,1,76.515,363247,outside_own_roche_hot_not_broken
250,1435,1,belt_rock,1.0920348475348742E-06,0.368557,2.68788,-1.07663,1,93.3536,318313,outside_own_roche_hot_not_broken
250,1445,1,belt_rock,6.3907314613297145E-06,0.815457,4.44098,-1.30214,1,74.1277,320429,outside_own_roche_hot_not_broken
250,1446,1,belt_rock,4.113859782316302E-06,0.653916,3.80745,-1.37226,1,98.2218,274670,outside_own_roche_hot_not_broken
250,1466,1,belt_rock,4.087745587413839E-06,0.966046,8.48828,-0.809915,1,56.5014,471020,outside_own_roche_hot_not_broken
250,1469,1,belt_rock,1.575447010319523E-05,0.752135,5.21017,-0.865158,1,48.6034,484926,outside_own_roche_hot_not_broken
250,1471,1,belt_rock,9.762145950511814E-05,0.413871,1.7407,-1.07027,1,77.7216,349767,outside_own_roche_hot_not_broken
250,1477,1,belt_rock,9.822031920370727E-06,0.91776,4.69001,-0.866785,1,65.4269,423924,outside_own_roche_hot_not_broken
250,1495,1,belt_rock,5.9884128924848085E-06,0.527266,4.31101,-1.02457,1,63.5441,392635,outside_own_roche_hot_not_broken
250,1499,1,belt_rock,7.192980593778452E-05,0.927635,3.96274,-0.852974,1,61.5375,440238,outside_own_roche_hot_not_broken
250,1506,1,belt_rock,2.886855000203483E-05,0.781138,3.55769,-0.924525,1,61.8185,420768,outside_own_roche_hot_not_broken
250,1507,1,belt_rock,1.4608993864857097E-05,0.531923,2.59637,-1.43039,1,118.176,245616,outside_own_roche_hot_not_broken
250,1513,1,belt_rock,3.2010068609318657E-06,0.628761,3.80604,-1.03013,1,48.4647,436540,outside_own_roche_hot_not_broken
250,1523,1,belt_rock,0.0001138886429393924,0.499486,2.08674,-1.38812,1,87.7551,287378,outside_own_roche_hot_not_broken
250,1533,1,belt_rock,8.14893470761004E-07,0.495579,3.8196,-1.2313,1,95.3704,294687,outside_own_roche_hot_not_broken
250,1544,1,belt_rock,0.00010339274256879358,0.883817,3.46482,-0.884834,1,60.4651,435286,outside_own_roche_hot_not_broken
250,1564,1,belt_rock,1.151960144485447E-06,0.693673,5.00909,-1.12222,1,58.4367,385470,outside_own_roche_hot_not_broken
250,1574,1,belt_rock,6.153870205146155E-05,0.284461,1.64681,-1.56716,1,195.851,177858,outside_own_roche_hot_not_broken
250,1591,1,belt_rock,3.560392368572573E-06,0.412166,2.45357,-1.61992,1,236.691,155977,outside_own_roche_hot_not_broken
250,1592,1,belt_rock,0.0001067294942836193,0.998173,4.18215,-0.56185,1,77.3674,467089,outside_own_roche_hot_not_broken
250,1593,1,belt_rock,3.2156827422358834E-05,0.833702,3.76857,-0.773368,1,87.737,381883,outside_own_roche_hot_not_broken
250,1597,1,belt_rock,1.2169047056815909E-05,0.417763,2.0803,-1.05049,1,80.4797,347268,outside_own_roche_hot_not_broken
250,1600,1,belt_rock,4.2548236559804045E-06,0.94588,5.46896,-0.835506,1,57.6992,458747,outside_own_roche_hot_not_broken
250,1608,1,belt_rock,9.397495555543693E-05,0.597846,2.51892,-0.97423,1,71.7117,381772,outside_own_roche_hot_not_broken
250,1616,1,belt_rock,5.75807380610996E-06,0.363897,2.00855,-1.06905,1,98.3247,310757,outside_own_roche_hot_not_broken
250,1622,1,belt_rock,1.0315388663129851E-05,0.530244,2.69717,-1.2561,1,105.273,277663,outside_own_roche_hot_not_broken
250,1626,1,belt_rock,2.895732438281332E-05,0.62779,3.97742,-1.26987,1,68.065,336755,outside_own_roche_hot_not_broken
250,1627,1,belt_rock,2.851538515269608E-06,0.429191,1.41717,-1.29858,1,66.1191,336061,outside_own_roche_hot_not_broken
250,1629,1,belt_rock,2.057579677528129E-05,0.447416,2.1031,-1.04768,1,76.1069,357252,outside_own_roche_hot_not_broken
250,1646,1,belt_rock,2.9863563136181636E-05,0.471379,2.04831,-1.0437,1,71.1667,369398,outside_own_roche_hot_not_broken
250,1649,1,belt_rock,6.835371831378624E-07,0.691,5.62066,-0.869868,1,66.624,419431,outside_own_roche_hot_not_broken
250,1651,1,belt_rock,7.751139618613717E-05,0.841439,3.57995,-0.870452,1,67.3063,417198,outside_own_roche_hot_not_broken
250,1654,1,belt_rock,1.9367454876199803E-05,0.559553,3.74983,-0.993907,1,71.0001,379584,outside_own_roche_hot_not_broken
250,1657,1,belt_rock,5.505092873746882E-05,0.649058,3.80045,-0.909316,1,70.2425,399559,outside_own_roche_hot_not_broken
250,1660,1,belt_rock,9.657958129205824E-05,0.433103,2.39962,-1.07577,1,70.866,364067,outside_own_roche_hot_not_broken
250,1663,1,belt_rock,2.4430102879762024E-06,0.524287,3.31632,-1.01767,1,69.0996,379582,outside_own_roche_hot_not_broken
250,1666,1,belt_rock,3.4117957599505874E-05,0.50344,2.61553,-1.02661,1,70.2811,374859,outside_own_roche_hot_not_broken
250,1681,1,belt_rock,7.621729542144317E-06,0.809962,6.328,-0.91351,1,61.9374,423144,outside_own_roche_hot_not_broken
250,1691,1,belt_rock,2.3816228147703187E-05,0.681904,3.16311,-1.3323,1,76.566,311942,outside_own_roche_hot_not_broken
250,1694,1,belt_rock,7.803530066239186E-05,0.522962,2.22438,-0.991921,1,74.9742,370200,outside_own_roche_hot_not_broken
250,1710,1,belt_rock,1.118385335029651E-06,0.308681,3.49899,-1.46801,1,103.814,258219,outside_own_roche_hot_not_broken
250,1736,1,belt_rock,3.1383295684367284E-05,0.474576,2.05144,-1.03722,1,72.5552,367331,outside_own_roche_hot_not_broken
250,1755,1,belt_rock,3.896291783259057E-06,0.405386,2.37301,-1.10006,1,76.8991,346457,outside_own_roche_hot_not_broken
250,1756,1,belt_rock,1.2428109523364325E-05,0.267036,1.32893,-1.54303,1,144.61,213138,outside_own_roche_hot_not_broken
250,1762,1,belt_rock,1.9837738328615606E-05,0.379981,2.53797,-1.08716,1,89.7671,323255,outside_own_roche_hot_not_broken
250,1779,1,belt_rock,6.704917353064949E-06,0.442472,1.24093,-1.04649,1,77.7322,353865,outside_own_roche_hot_not_broken
250,1791,1,belt_rock,6.566701167388721E-07,0.969351,12.2694,-0.846116,1,60.4969,445696,outside_own_roche_hot_not_broken
250,1794,1,belt_rock,1.3896780784160195E-06,0.408036,2.84712,-1.41546,1,87.9231,284014,outside_own_roche_hot_not_broken
250,1799,1,belt_rock,5.553438913725185E-05,0.866257,3.75798,-0.883205,1,62.5623,428860,outside_own_roche_hot_not_broken
250,1800,1,belt_rock,0.0001247861782887393,0.524703,2.84595,-1.45533,1,159.182,207294,outside_own_roche_hot_not_broken
250,1809,1,belt_rock,4.4188251834175195E-05,0.836162,5.01909,-0.869732,1,64.5656,425901,outside_own_roche_hot_not_broken
250,1817,1,belt_rock,5.342541111848468E-06,0.704413,5.87845,-0.891492,1,68.5604,408437,outside_own_roche_hot_not_broken
250,1840,1,belt_rock,1.3714635215972978E-05,0.518777,2.54942,-1.10434,1,56.006,395780,outside_own_roche_hot_not_broken
250,1847,1,belt_rock,2.0921773759374507E-05,0.510587,3.38654,-1.45573,1,157.618,208453,outside_own_roche_hot_not_broken
250,1860,1,belt_rock,0.0001263064893371383,0.436429,1.69109,-1.06703,1,70.7291,366017,outside_own_roche_hot_not_broken
250,1883,1,belt_rock,2.690191475025211E-06,0.371191,1.23635,-1.06904,1,94.0613,318135,outside_own_roche_hot_not_broken
250,1888,1,belt_rock,6.153133260203168E-05,0.78759,3.39523,-0.907369,1,64.358,417183,outside_own_roche_hot_not_broken
250,1898,1,belt_rock,8.135500548414582E-07,0.767855,3.34832,-1.30832,1,71.9875,323413,outside_own_roche_hot_not_broken
250,1902,1,belt_rock,0.0001179173380469943,0.719876,3.00177,-0.92601,1,65.9122,408107,outside_own_roche_hot_not_broken
250,1904,1,belt_rock,3.399896616522103E-06,0.539136,1.71559,-1.26464,1,95.2831,290817,outside_own_roche_hot_not_broken
250,1919,1,belt_rock,6.197291827056268E-05,0.774411,3.33695,-0.902209,1,67.1531,410049,outside_own_roche_hot_not_broken
250,1928,1,belt_rock,8.250432351557567E-07,0.401462,4.84517,-1.06988,1,80.8334,343293,outside_own_roche_hot_not_broken
250,1929,1,belt_rock,1.001534770526575E-05,0.179774,1.34234,-1.53436,1,227.304,163210,outside_own_roche_hot_not_broken
250,1940,1,belt_rock,2.2108686677391142E-05,0.382732,2.51932,-1.35349,1,72.8406,315439,outside_own_roche_hot_not_broken
250,1944,1,belt_rock,5.675619680170925E-06,0.775285,4.28216,-0.866281,1,67.1893,418575,outside_own_roche_hot_not_broken
250,1957,1,belt_rock,4.546050945647867E-05,0.897404,3.74377,-1.3335,1,130.598,240782,outside_own_roche_hot_not_broken
250,1958,1,belt_rock,4.831323274410148E-05,0.509242,1.08032,-1.01488,1,74.2177,367626,outside_own_roche_hot_not_broken
250,1964,1,belt_rock,3.1844806920837496E-05,0.778256,3.51878,-1.10472,1,63.628,375855,outside_own_roche_hot_not_broken
250,1973,1,belt_rock,6.872929405087166E-05,0.947741,4.05907,-0.869962,1,60.2868,439871,outside_own_roche_hot_not_broken
250,1976,1,belt_rock,2.896881840900241E-05,0.804048,3.66491,-1.00463,1,61.6983,402144,outside_own_roche_hot_not_broken
250,1981,1,belt_rock,1.7718268023598462E-06,0.469886,3.13994,-1.63824,1,206.459,169271,outside_own_roche_hot_not_broken
250,1983,1,belt_rock,6.833698821645656E-07,0.369723,2.94805,-1.41501,1,85.2404,287905,outside_own_roche_hot_not_broken
250,1997,1,belt_rock,1.830476857573022E-05,0.967969,4.44825,-0.801056,1,54.122,483325,outside_own_roche_hot_not_broken
250,1999,1,belt_rock,1.694324414204422E-06,0.510088,3.43547,-1.08629,1,56.8219,397509,outside_own_roche_hot_not_broken
250,2006,1,belt_rock,7.872272735644288E-05,0.842563,4.75875,-0.787228,1,56.9524,476376,outside_own_roche_hot_not_broken
250,2009,1,belt_rock,8.019270422654235E-05,0.688116,2.74382,-1.40714,1,156.768,212120,outside_own_roche_hot_not_broken
300,18,1,belt_rock,0.00011419349476458948,0.841395,4.59442,-0.738903,1,46.4018,541464,outside_own_roche_hot_not_broken
300,24,1,belt_rock,7.005699151282417E-07,0.739297,9.23164,-1.17046,1,78.7625,331394,outside_own_roche_hot_not_broken
300,37,1,belt_rock,6.725408553700501E-05,0.621481,3.56292,-0.885485,1,62.2517,429273,outside_own_roche_hot_not_broken
300,60,1,belt_rock,2.9270059816121648E-06,0.721232,4.42879,-0.882392,1,68.9237,409505,outside_own_roche_hot_not_broken
300,65,1,belt_rock,8.304769814433225E-05,0.808206,3.21508,-1.31255,1,66.0844,333933,outside_own_roche_hot_not_broken
300,104,1,belt_rock,1.607485367308737E-06,0.875299,9.21914,-0.982214,1,74.8304,372421,outside_own_roche_hot_not_broken
300,107,1,belt_rock,0.00012006758077576136,0.787389,4.28323,-1.17005,1,83.1723,323188,outside_own_roche_hot_not_broken
300,108,1,belt_rock,0.00012018683836046753,0.711516,2.96448,-0.898259,1,67.0929,411160,outside_own_roche_hot_not_broken
300,112,1,belt_rock,8.674031258396646E-07,0.937581,11.1986,-1.00862,1,74.1108,369069,outside_own_roche_hot_not_broken
300,117,1,belt_rock,7.757352327044996E-07,0.603854,4.6983,-1.20383,1,98.177,293764,outside_own_roche_hot_not_broken
300,119,1,belt_rock,0.00010879697811298288,0.699983,3.83826,-0.921982,1,65.3484,410706,outside_own_roche_hot_not_broken
300,135,1,belt_rock,5.258303751555807E-06,0.492248,2.73961,-1.22106,1,55.1346,373854,outside_own_roche_hot_not_broken
300,144,1,belt_rock,1.418335411047879E-05,0.670925,3.28526,-1.36715,1,121.713,247234,outside_own_roche_hot_not_broken
300,149,1,belt_rock,0.0001336375415731328,0.779509,3.23363,-0.90544,1,71.4043,397193,outside_own_roche_hot_not_broken
300,159,1,belt_rock,1.4827623141554978E-06,0.368753,3.9474,-5.15117,1,69.4355,118647,outside_own_roche_hot_not_broken
300,166,1,belt_rock,6.078884194825134E-06,0.877557,4.8182,-1.41183,1,113.606,252180,outside_own_roche_hot_not_broken
300,199,1,belt_rock,8.063667532988596E-06,0.618889,3.24771,-0.870756,1,62.3284,432855,outside_own_roche_hot_not_broken
300,208,1,belt_rock,3.5225574551119366E-06,0.876955,5.22909,-1.14337,1,75.9251,341301,outside_own_roche_hot_not_broken
300,229,1,belt_rock,8.754406789208803E-05,0.570712,2.41277,-0.802791,1,54.6395,480656,outside_own_roche_hot_not_broken
300,246,1,belt_rock,1.158554041804656E-06,0.446102,5.02036,-2.98418,1,1.47415,237844,outside_own_roche_hot_not_broken
300,252,1,belt_rock,3.8692328736148656E-05,0.619018,2.75321,-0.784099,1,47.4403,518590,outside_own_roche_hot_not_broken
300,261,1,belt_rock,6.675471966701073E-06,0.708923,3.77044,-0.726744,1,40.4887,579268,outside_own_roche_hot_not_broken
300,267,1,belt_rock,1.048620642138604E-06,0.662514,4.86837,-1.31175,1,76.8625,314254,outside_own_roche_hot_not_broken
300,281,1,belt_rock,2.0010791466914495E-05,0.982273,6.55207,-1.03674,1,73.7477,364626,outside_own_roche_hot_not_broken
300,290,1,belt_rock,4.489785357970836E-06,0.398865,2.29224,-1.28644,1,112.947,264668,outside_own_roche_hot_not_broken
300,301,1,belt_rock,0.00011912664104514497,0.618618,2.57833,-0.831525,1,56.6483,463847,outside_own_roche_hot_not_broken
300,302,1,belt_rock,6.9700057674663455E-06,0.810188,4.3419,-0.932012,1,73.4221,386072,outside_own_roche_hot_not_broken
300,307,1,belt_rock,0.00010955105503733567,0.980333,4.10233,-1.41127,1,91.1879,279937,outside_own_roche_hot_not_broken
300,313,1,belt_rock,1.5852969205609998E-05,0.77471,5.3483,-0.731962,1,39.1728,584593,outside_own_roche_hot_not_broken
300,334,1,belt_rock,1.9841592391714742E-06,0.673066,6.79859,-0.769274,1,49.4629,514682,outside_own_roche_hot_not_broken
300,343,1,belt_rock,3.0129983879800577E-05,0.601303,2.72825,-0.817753,1,57.3447,465378,outside_own_roche_hot_not_broken
300,344,1,belt_rock,9.978670243053017E-05,0.818798,3.43947,-0.735255,1,41.7643,568000,outside_own_roche_hot_not_broken
300,346,1,belt_rock,9.446850949573703E-06,0.729898,3.74986,-0.869258,1,69.2015,411786,outside_own_roche_hot_not_broken
300,348,1,belt_rock,8.061314971806193E-05,0.874547,3.71267,-0.716151,1,37.9095,600117,outside_own_roche_hot_not_broken
300,358,1,belt_rock,1.853699155284074E-05,0.572679,2.7184,-0.790183,1,53.4538,489696,outside_own_roche_hot_not_broken
300,367,1,belt_rock,2.79881311752597E-05,0.832048,3.63867,-0.710882,1,37.1739,607501,outside_own_roche_hot_not_broken
300,370,1,belt_rock,1.5234453256065473E-06,0.598904,4.11045,-0.783164,1,50.3531,505566,outside_own_roche_hot_not_broken
300,372,1,belt_rock,2.2240566477441765E-05,0.635086,2.85101,-0.897467,1,64.2388,419977,outside_own_roche_hot_not_broken
300,415,1,belt_rock,3.173377727381647E-05,0.523613,2.36754,-1.32319,1,112.755,261342,outside_own_roche_hot_not_broken
300,416,1,belt_rock,3.2229514414788686E-06,0.993881,9.14021,-1.03244,1,78.6684,354277,outside_own_roche_hot_not_broken
300,417,1,belt_rock,5.8502702553592535E-05,0.448339,1.93937,-1.22107,1,66.827,347281,outside_own_roche_hot_not_broken
300,422,1,belt_rock,0.00010591345498009504,0.964849,4.04192,-0.687046,1,30.9361,665102,outside_own_roche_hot_not_broken
300,443,1,belt_rock,2.2161928891504646E-05,0.539273,3.54547,-1.20414,1,63.9406,356470,outside_own_roche_hot_not_broken
300,444,1,belt_rock,1.9203315783859442E-05,0.626401,2.86177,-0.867127,1,68.5109,414358,outside_own_roche_hot_not_broken
300,447,1,belt_rock,8.465071302985872E-07,0.704692,5.49003,-0.877037,1,64.0526,425674,outside_own_roche_hot_not_broken
300,449,1,belt_rock,5.426548421565147E-06,0.556377,3.09157,-0.806386,1,56.6516,471533,outside_own_roche_hot_not_broken
300,454,1,belt_rock,1.5852134882065105E-05,0.851911,5.88808,-1.15852,1,88.9758,314505,outside_own_roche_hot_not_broken
300,457,1,belt_rock,7.133033718116092E-05,0.866313,1.76885,-0.732311,1,41.3027,571964,outside_own_roche_hot_not_broken
300,467,1,belt_rock,2.5804791877335333E-05,0.690264,3.17502,-0.920379,1,63.2708,417324,outside_own_roche_hot_not_broken
300,473,1,belt_rock,6.566666995190835E-07,0.661049,5.31206,-0.910315,1,61.7765,424453,outside_own_roche_hot_not_broken
300,476,1,belt_rock,1.083018064921707E-06,0.655365,4.86182,-0.904304,1,66.7,410891,outside_own_roche_hot_not_broken
300,500,1,belt_rock,6.566728519526325E-07,0.465631,3.74171,-1.23993,1,90.8962,300552,outside_own_roche_hot_not_broken
300,502,1,belt_rock,1.816015031719967E-05,0.606519,1.45195,-0.88381,1,63.7604,424884,outside_own_roche_hot_not_broken
300,503,1,belt_rock,6.787802871302369E-05,0.549309,2.35512,-1.17903,1,50.647,394098,outside_own_roche_hot_not_broken
300,516,1,belt_rock,3.212833715590032E-05,0.598313,2.70026,-0.814243,1,55.2703,474481,outside_own_roche_hot_not_broken
300,522,1,belt_rock,1.2437602273313698E-05,0.646721,3.20818,-0.779202,1,48.5133,515403,outside_own_roche_hot_not_broken
300,524,1,belt_rock,6.601085338736048E-07,0.858204,6.88933,-0.739231,1,43.1881,558332,outside_own_roche_hot_not_broken
300,527,1,belt_rock,9.547492419230784E-06,0.786452,4.03162,-0.734468,1,39.0784,583959,outside_own_roche_hot_not_broken
300,528,1,belt_rock,7.321684399494307E-06,0.848553,2.34202,-0.734418,1,44.0923,555513,outside_own_roche_hot_not_broken
300,544,1,belt_rock,6.838134533786537E-07,0.619549,2.78423,-0.775962,1,49.0545,514095,outside_own_roche_hot_not_broken
300,554,1,belt_rock,1.3047195379484566E-05,0.918852,4.54413,-1.44581,1,188.354,187923,outside_own_roche_hot_not_broken
300,587,1,belt_rock,4.952436620733782E-05,0.911935,3.98634,-0.990019,1,74.3943,371964,outside_own_roche_hot_not_broken
300,590,1,belt_rock,1.9894548730711897E-05,0.729868,3.43958,-0.733131,1,41.05,573038,outside_own_roche_hot_not_broken
300,591,1,belt_rock,1.354520969904125E-06,0.673983,4.78634,-0.741163,1,42.3639,562009,outside_own_roche_hot_not_broken
300,593,1,belt_rock,0.0001209477782056034,0.640834,3.48341,-0.835829,1,56.9229,461527,outside_own_roche_hot_not_broken
300,604,1,belt_rock,9.130172991510145E-07,0.599966,4.52508,-1.20348,1,94.5449,299398,outside_own_roche_hot_not_broken
300,612,1,belt_rock,2.0418136302480187E-05,0.547599,2.48297,-0.846568,1,61.5844,441824,outside_own_roche_hot_not_broken
300,613,1,belt_rock,1.947078259004743E-05,0.803627,5.38024,-0.899114,1,70.4567,401249,outside_own_roche_hot_not_broken
300,614,1,belt_rock,2.7722967791467943E-05,0.721561,3.29655,-0.770416,1,47.5456,523289,outside_own_roche_hot_not_broken
300,621,1,belt_rock,3.202996995605001E-05,0.657151,2.9669,-0.90293,1,64.2041,418739,outside_own_roche_hot_not_broken
300,628,1,belt_rock,9.341724511972494E-07,0.692319,8.14333,-1.3171,1,74.7854,317130,outside_own_roche_hot_not_broken
300,639,1,belt_rock,3.7520768535695566E-05,0.934486,4.16729,-1.01239,1,73.5524,369683,outside_own_roche_hot_not_broken
300,644,1,belt_rock,1.2597326153480967E-06,0.69115,4.90945,-1.19471,1,92.9502,303044,outside_own_roche_hot_not_broken
300,647,1,belt_rock,1.2261469307505248E-05,0.908751,4.40177,-0.729028,1,44.465,555829,outside_own_roche_hot_not_broken
300,651,1,belt_rock,8.148805661071711E-07,0.715049,5.51114,-1.15786,1,57.6647,380137,outside_own_roche_hot_not_broken
300,656,1,belt_rock,5.896217278215509E-05,0.823449,4.78479,-0.743424,1,45.0476,546606,outside_own_roche_hot_not_broken
300,668,1,belt_rock,2.4532801062004895E-05,0.714593,4.63174,-1.38375,1,173.741,200858,outside_own_roche_hot_not_broken
300,681,1,belt_rock,0.00011196436009988996,0.972048,4.06261,-1.01186,1,80.6964,353441,outside_own_roche_hot_not_broken
300,682,1,belt_rock,5.158715011470259E-05,0.698418,4.11802,-0.753913,1,44.3473,545881,outside_own_roche_hot_not_broken
300,686,1,belt_rock,6.00931993505896E-05,0.92761,4.00684,-1.39729,1,90.5855,282317,outside_own_roche_hot_not_broken
300,689,1,belt_rock,2.4789845480784857E-05,0.762501,3.52008,-0.929874,1,68.9306,398632,outside_own_roche_hot_not_broken
300,709,1,belt_rock,6.969675955960486E-06,0.747531,5.95555,-1.32075,1,71.7786,321983,outside_own_roche_hot_not_broken
300,711,1,belt_rock,6.737309371403601E-05,0.682437,2.92619,-0.838253,1,62.6949,440307,outside_own_roche_hot_not_broken
300,713,1,belt_rock,0.00012781152288710647,0.404861,2.19165,-1.28053,1,100.139,282020,outside_own_roche_hot_not_broken
300,714,1,belt_rock,4.592437645712026E-05,0.551216,3.29596,-1.31561,1,97.3311,282023,outside_own_roche_hot_not_broken
300,715,1,belt_rock,3.975474529119768E-05,0.748794,3.32317,-0.733845,1,43.7491,557622,outside_own_roche_hot_not_broken
300,719,1,belt_rock,2.5825135170275426E-06,0.322236,1.08347,-1.27223,1,102.838,279216,outside_own_roche_hot_not_broken
300,742,1,belt_rock,5.3990469036559724E-05,0.713574,3.1013,-0.89278,1,65.093,418503,outside_own_roche_hot_not_broken
300,746,1,belt_rock,1.1577928619974147E-06,0.987213,7.12212,-1.04317,1,66.1126,381985,outside_own_roche_hot_not_broken
300,750,1,belt_rock,3.434832964288003E-05,0.539638,2.42226,-0.828922,1,59.3395,454681,outside_own_roche_hot_not_broken
300,751,1,belt_rock,8.196136403768549E-05,0.584198,3.28495,-0.867964,1,62.0667,434452,outside_own_roche_hot_not_broken
300,768,1,belt_rock,9.792722232842883E-06,0.765084,3.83314,-0.883735,1,67.0263,414827,outside_own_roche_hot_not_broken
300,776,1,belt_rock,1.8903231773250015E-05,0.751912,3.56561,-1.18189,1,90.6899,308420,outside_own_roche_hot_not_broken
300,783,1,belt_rock,5.56541249262284E-05,0.641724,2.78353,-0.852622,1,61.7563,439593,outside_own_roche_hot_not_broken
300,788,1,belt_rock,2.9536933042162192E-05,0.6836,3.10715,-0.85951,1,60.9067,440605,outside_own_roche_hot_not_broken
300,789,1,belt_rock,0.00012275117098310706,0.92845,3.86524,-1.12963,1,70.0896,356052,outside_own_roche_hot_not_broken
300,800,1,belt_rock,2.277834181608701E-06,0.634426,6.23706,-0.781408,1,49.5637,509761,outside_own_roche_hot_not_broken
300,817,1,belt_rock,0.00011965595049649409,0.475222,1.98077,-1.22226,1,56.4211,370502,outside_own_roche_hot_not_broken
300,818,1,belt_rock,7.107285329517042E-05,0.960818,3.86388,-1.03238,1,67.0485,381800,outside_own_roche_hot_not_broken
300,821,1,belt_rock,2.8533251478590335E-05,0.659701,3.0075,-0.902097,1,63.4541,421260,outside_own_roche_hot_not_broken
300,826,1,belt_rock,0.00011801079622608172,0.86967,3.62633,-0.934759,1,72.7575,387236,outside_own_roche_hot_not_broken
300,837,1,belt_rock,4.4166876390895046E-05,0.837959,3.69058,-0.74835,1,43.8078,551065,outside_own_roche_hot_not_broken
300,842,1,belt_rock,0.00012008719560475721,0.948771,1.85651,-0.689494,1,32.2453,653649,outside_own_roche_hot_not_broken
300,846,1,belt_rock,8.543492635435832E-05,0.591365,2.50311,-0.791168,1,51.1299,499305,outside_own_roche_hot_not_broken
300,876,1,belt_rock,1.1288881976761362E-06,0.972005,10.9969,-0.719593,1,39.5704,588155,outside_own_roche_hot_not_broken
300,900,1,belt_rock,0.00013125905267176525,0.587891,2.27291,-0.87735,1,62.2666,431334,outside_own_roche_hot_not_broken
300,908,1,belt_rock,5.0262885067748746E-05,0.74694,3.08839,-1.12687,1,43.114,428714,outside_own_roche_hot_not_broken
300,916,1,belt_rock,2.888144572107913E-05,0.886427,1.99477,-0.699243,1,35.3726,625680,outside_own_roche_hot_not_broken
300,917,1,belt_rock,4.57358020391227E-05,0.996394,5.95849,-1.04608,1,73.4996,363468,outside_own_roche_hot_not_broken
300,919,1,belt_rock,1.1980447378416672E-05,0.595383,2.89517,-0.795328,1,52.491,492021,outside_own_roche_hot_not_broken
300,920,1,belt_rock,0.00011067609374225573,0.99619,4.16575,-1.04301,1,74.8771,360870,outside_own_roche_hot_not_broken
300,924,1,belt_rock,0.00010046577544577069,0.815809,3.42631,-0.935222,1,71.9157,389360,outside_own_roche_hot_not_broken
300,942,1,belt_rock,1.0090235419802254E-05,0.632252,4.70069,-0.809681,1,58.035,465210,outside_own_roche_hot_not_broken
300,946,1,belt_rock,6.641336644213822E-07,0.549308,4.40441,-0.818772,1,59.003,458875,outside_own_roche_hot_not_broken
300,953,1,belt_rock,0.00010193446584013745,0.705265,3.88863,-0.852562,1,60.2809,444657,outside_own_roche_hot_not_broken
300,955,1,belt_rock,6.982885582430313E-07,0.431911,3.42949,-1.23066,1,66.0869,347225,outside_own_roche_hot_not_broken
300,975,1,belt_rock,3.080101672853503E-05,0.718044,1.60341,-1.16409,1,60.0622,372951,outside_own_roche_hot_not_broken
300,986,1,belt_rock,7.513788892493608E-07,0.560481,4.38772,-0.818316,1,54.464,476382,outside_own_roche_hot_not_broken
300,990,1,belt_rock,8.495584809313527E-05,0.668836,3.74839,-0.898647,1,67.0292,411256,outside_own_roche_hot_not_broken
300,995,1,belt_rock,0.00010309973217817811,0.951237,3.99067,-1.11721,1,60.8848,380217,outside_own_roche_hot_not_broken
300,998,1,belt_rock,2.452544289854962E-05,0.555301,2.56524,-0.81588,1,55.2989,473853,outside_own_roche_hot_not_broken
300,1002,1,belt_rock,3.499430509866827E-05,0.61995,2.77847,-0.770679,1,48.9805,516402,outside_own_roche_hot_not_broken
300,1003,1,belt_rock,5.271623584532397E-05,0.710278,3.09342,-1.35532,1,94.9879,280868,outside_own_roche_hot_not_broken
300,1009,1,belt_rock,6.692227917672433E-06,0.860958,6.8807,-0.699173,1,33.5017,638808,outside_own_roche_hot_not_broken
300,1011,1,belt_rock,6.949076383037441E-06,0.966011,5.10088,-0.701217,1,34.6842,629337,outside_own_roche_hot_not_broken
300,1012,1,belt_rock,1.1231928029267697E-06,0.446919,3.24239,-1.24279,1,110.381,272312,outside_own_roche_hot_not_broken
300,1031,1,belt_rock,7.50386250920112E-07,0.769707,9.47454,-0.728509,1,38.7313,588918,outside_own_roche_hot_not_broken
300,1032,1,belt_rock,3.2133994759622797E-06,0.443289,2.68295,-1.26556,1,77.3745,319855,outside_own_roche_hot_not_broken
300,1047,1,belt_rock,1.1729322602406433E-06,0.405285,4.54955,-1.25932,1,78.4817,318770,outside_own_roche_hot_not_broken
300,1057,1,belt_rock,1.2737532410228328E-05,0.720691,3.56707,-0.889232,1,71.13,401579,outside_own_roche_hot_not_broken
300,1084,1,belt_rock,1.1205570782970458E-05,0.81522,4.00064,-0.728584,1,39.177,586189,outside_own_roche_hot_not_broken
300,1086,1,belt_rock,4.1977163578123663E-05,0.901244,3.98521,-0.967221,1,77.7199,368362,outside_own_roche_hot_not_broken
300,1096,1,belt_rock,6.232245491706653E-06,0.936711,7.58082,-0.715199,1,40.0029,587665,outside_own_roche_hot_not_broken
300,1097,1,belt_rock,5.627985203682593E-05,0.649547,3.7937,-0.749955,1,44.4038,547242,outside_own_roche_hot_not_broken
300,1133,1,belt_rock,9.062121478488048E-06,0.665779,3.4445,-1.18761,1,78.5848,329114,outside_own_roche_hot_not_broken
300,1141,1,belt_rock,8.052939177863879E-07,0.847102,10.2751,-0.719607,1,39.8736,586318,outside_own_roche_hot_not_broken
300,1145,1,belt_rock,1.921433458680903E-05,0.56828,2.68779,-0.809777,1,53.2126,484192,outside_own_roche_hot_not_broken
300,1149,1,belt_rock,6.999064995170157E-07,0.938379,7.44764,-1.28201,1,57.932,355979,outside_own_roche_hot_not_broken
300,1159,1,belt_rock,4.776407022198545E-06,0.594786,3.37586,-0.881001,1,64.7115,422601,outside_own_roche_hot_not_broken
300,1161,1,belt_rock,4.0065454221596896E-05,0.732414,1.58566,-0.870339,1,66.6805,419141,outside_own_roche_hot_not_broken
300,1164,1,belt_rock,6.566807129580454E-07,0.610281,7.72449,-0.823627,1,58.9316,457710,outside_own_roche_hot_not_broken
300,1166,1,belt_rock,1.1955058486587552E-05,0.810072,4.0378,-0.717452,1,35.3817,615795,outside_own_roche_hot_not_broken
300,1168,1,belt_rock,6.352048758426421E-06,0.630372,3.42331,-0.884412,1,63.6697,425019,outside_own_roche_hot_not_broken
300,1169,1,belt_rock,4.686284621592993E-06,0.752692,4.29844,-1.39276,1,171.816,201711,outside_own_roche_hot_not_broken
300,1173,1,belt_rock,2.913813412734107E-05,0.613269,2.79022,-0.770765,1,48.2328,519884,outside_own_roche_hot_not_broken
300,1180,1,belt_rock,2.1401996191064295E-06,0.582512,3.7937,-0.85305,1,65.4111,427460,outside_own_roche_hot_not_broken
300,1193,1,belt_rock,1.403650331107966E-05,0.533899,2.6166,-1.17746,1,47.6409,402800,outside_own_roche_hot_not_broken
300,1194,1,belt_rock,1.2651099005388968E-05,0.274531,1.96817,-1.26939,1,132.339,244268,outside_own_roche_hot_not_broken
300,1199,1,belt_rock,6.629207845368145E-07,0.577401,7.29386,-0.813242,1,53.3038,482685,outside_own_roche_hot_not_broken
300,1200,1,belt_rock,6.624167436905334E-07,0.9806,8.02732,-1.47612,1,177.695,193154,outside_own_roche_hot_not_broken
300,1202,1,belt_rock,0.00012296240938349028,0.746605,3.10811,-1.15757,1,58.4913,378117,outside_own_roche_hot_not_broken
300,1203,1,belt_rock,1.5045700219160083E-06,0.945241,10.0889,-1.07866,1,37.6377,461002,outside_own_roche_hot_not_broken
300,1211,1,belt_rock,3.9427931333678005E-06,0.478356,2.80324,-1.29328,1,93.2554,290427,outside_own_roche_hot_not_broken
300,1227,1,belt_rock,1.112515499055423E-05,0.382514,1.92794,-1.2866,1,132.19,242994,outside_own_roche_hot_not_broken
300,1231,1,belt_rock,0.00010271548694016204,0.83801,3.51642,-1.11648,1,44.9702,425442,outside_own_roche_hot_not_broken
300,1232,1,belt_rock,2.061242057702766E-05,0.755075,3.5473,-0.878552,1,67.6487,414202,outside_own_roche_hot_not_broken
300,1246,1,belt_rock,6.192874005183427E-05,0.87335,3.76288,-0.710346,1,34.5311,625360,outside_own_roche_hot_not_broken
300,1269,1,belt_rock,9.321141118388653E-06,0.629844,4.74711,-0.808672,1,58.1594,465044,outside_own_roche_hot_not_broken
300,1288,1,belt_rock,7.128374224317015E-05,0.519713,2.08984,-1.18575,1,49.646,395362,outside_own_roche_hot_not_broken
300,1302,1,belt_rock,5.5736894145338306E-05,0.73845,3.02671,-1.17218,1,69.0513,350879,outside_own_roche_hot_not_broken
300,1317,1,belt_rock,7.139985776542619E-05,0.593295,2.53651,-1.34716,1,157.636,215261,outside_own_roche_hot_not_broken
300,1321,1,belt_rock,4.6269287599687955E-05,0.958856,3.99466,-1.43216,1,105.699,259371,outside_own_roche_hot_not_broken
300,1324,1,belt_rock,6.783388779822037E-07,0.569606,4.54837,-0.811267,1,52.8891,485032,outside_own_roche_hot_not_broken
300,1329,1,belt_rock,2.0498531456017723E-05,0.935432,4.39808,-0.992615,1,75.2044,369516,outside_own_roche_hot_not_broken
300,1333,1,belt_rock,1.9079699342390863E-05,0.675669,4.53472,-0.768131,1,50.7779,509070,outside_own_roche_hot_not_broken
300,1369,1,belt_rock,3.433948380886606E-05,0.686084,3.07999,-0.865915,1,69.1364,412776,outside_own_roche_hot_not_broken
300,1376,1,belt_rock,2.7415199823418123E-06,0.871308,5.40753,-0.950154,1,73.7511,381483,outside_own_roche_hot_not_broken
300,1389,1,belt_rock,0.00011653209048807455,0.907278,4.94597,-0.725166,1,41.3923,574738,outside_own_roche_hot_not_broken
300,1390,1,belt_rock,1.3042290417079452E-06,0.612103,6.72445,-0.783811,1,48.8005,512371,outside_own_roche_hot_not_broken
300,1393,1,belt_rock,6.215480560968838E-07,0.450612,2.09674,-1.21515,1,58.0707,367924,outside_own_roche_hot_not_broken
300,1396,1,belt_rock,4.1327715981051796E-05,0.580728,2.57045,-0.867367,1,64.0992,427993,outside_own_roche_hot_not_broken
300,1399,1,belt_rock,8.005162457164477E-05,0.490707,2.08488,-1.29952,1,98.3768,282360,outside_own_roche_hot_not_broken
300,1403,1,belt_rock,6.623337818214514E-07,0.816198,6.54783,-0.724385,1,42.7566,567308,outside_own_roche_hot_not_broken
300,1434,1,belt_rock,5.036313377294688E-06,0.950812,5.31686,-0.997669,1,77.467,363250,outside_own_roche_hot_not_broken
300,1441,1,belt_rock,6.278045039803311E-05,0.483371,1.96253,-1.20603,1,58.1845,369388,outside_own_roche_hot_not_broken
300,1443,1,belt_rock,1.006188093174367E-06,0.393241,2.91209,-1.24536,1,77.7819,322032,outside_own_roche_hot_not_broken
300,1445,1,belt_rock,6.3907314613297145E-06,0.547993,2.98437,-1.28917,1,75.1657,320428,outside_own_roche_hot_not_broken
300,1446,1,belt_rock,4.113859782316302E-06,0.726439,4.22971,-1.35937,1,99.2536,274669,outside_own_roche_hot_not_broken
300,1454,1,belt_rock,1.1699770283711465E-06,0.925714,10.397,-0.691745,1,32.213,652547,outside_own_roche_hot_not_broken
300,1455,1,belt_rock,0.00010187493537486585,0.563282,2.364,-0.814918,1,54.0422,479153,outside_own_roche_hot_not_broken
300,1466,1,belt_rock,4.087745587413839E-06,0.586807,5.15604,-0.803474,1,57.0163,471021,outside_own_roche_hot_not_broken
300,1473,1,belt_rock,2.6782556932098514E-05,0.551452,3.52706,-0.827763,1,55.1758,470623,outside_own_roche_hot_not_broken
300,1477,1,belt_rock,9.822031920370727E-06,0.56885,2.90698,-0.857635,1,66.1586,423925,outside_own_roche_hot_not_broken
300,1495,1,belt_rock,5.9884128924848085E-06,0.918785,7.51213,-1.01489,1,64.3176,392638,outside_own_roche_hot_not_broken
300,1499,1,belt_rock,7.192980593778452E-05,0.576837,2.46418,-0.844742,1,62.1958,440239,outside_own_roche_hot_not_broken
300,1506,1,belt_rock,2.886855000203483E-05,0.677605,3.08615,-0.91512,1,62.5708,420769,outside_own_roche_hot_not_broken
300,1507,1,belt_rock,1.4608993864857097E-05,0.849257,4.14531,-1.41418,1,119.474,245615,outside_own_roche_hot_not_broken
300,1514,1,belt_rock,4.139488758084119E-06,0.869415,5.03722,-1.15969,1,97.066,300947,outside_own_roche_hot_not_broken
300,1517,1,belt_rock,1.3744942984223593E-05,0.676017,1.68552,-0.763891,1,44.7312,539785,outside_own_roche_hot_not_broken
300,1535,1,belt_rock,6.299434464046324E-05,0.777453,3.34623,-0.753334,1,44.2707,546523,outside_own_roche_hot_not_broken
300,1544,1,belt_rock,0.00010339274256879358,0.602413,2.36163,-0.876139,1,61.1606,435287,outside_own_roche_hot_not_broken
300,1552,1,belt_rock,5.143190426346027E-05,0.850004,3.50597,-0.717513,1,37.0527,604869,outside_own_roche_hot_not_broken
300,1577,1,belt_rock,2.2808939259725985E-05,0.817207,3.65931,-1.16116,1,94.3926,305053,outside_own_roche_hot_not_broken
300,1585,1,belt_rock,0.00013149814973096468,0.571448,2.37192,-0.809231,1,53.2204,484339,outside_own_roche_hot_not_broken
300,1595,1,belt_rock,1.7466836287356323E-06,0.346068,2.31835,-1.25808,1,91.3652,297545,outside_own_roche_hot_not_broken
300,1598,1,belt_rock,1.174383645059915E-05,0.742025,3.61725,-0.742891,1,42.2002,562150,outside_own_roche_hot_not_broken
300,1600,1,belt_rock,4.2548236559804045E-06,0.584325,3.37849,-0.828362,1,58.2704,458748,outside_own_roche_hot_not_broken
300,1608,1,belt_rock,9.397495555543693E-05,0.839252,3.53604,-0.96322,1,72.5917,381773,outside_own_roche_hot_not_broken
300,1621,1,belt_rock,0.00012357740268414342,0.648957,2.70052,-0.750322,1,44.7077,545501,outside_own_roche_hot_not_broken
300,1623,1,belt_rock,5.9593265368369684E-05,0.871774,3.76466,-0.721561,1,41.1646,577737,outside_own_roche_hot_not_broken
300,1629,1,belt_rock,2.057579677528129E-05,0.991911,4.66253,-1.0369,1,76.968,357255,outside_own_roche_hot_not_broken
300,1634,1,belt_rock,7.56205765538708E-07,0.827238,6.46803,-0.716851,1,37.0853,604999,outside_own_roche_hot_not_broken
300,1643,1,belt_rock,1.314763465869944E-05,0.676571,4.8189,-1.17886,1,71.7658,344015,outside_own_roche_hot_not_broken
300,1646,1,belt_rock,2.9863563136181636E-05,0.970081,4.21535,-1.0334,1,71.9894,369401,outside_own_roche_hot_not_broken
300,1649,1,belt_rock,6.835371831378624E-07,0.775715,6.30973,-0.860166,1,67.4,419431,outside_own_roche_hot_not_broken
300,1651,1,belt_rock,7.751139618613717E-05,0.627954,2.67166,-0.860627,1,68.0921,417199,outside_own_roche_hot_not_broken
300,1654,1,belt_rock,1.9367454876199803E-05,0.876231,5.87204,-0.982768,1,71.8904,379586,outside_own_roche_hot_not_broken
300,1657,1,belt_rock,5.505092873746882E-05,0.803664,4.70572,-0.898958,1,71.0708,399560,outside_own_roche_hot_not_broken
300,1663,1,belt_rock,2.4430102879762024E-06,0.91281,5.77388,-1.00683,1,69.9663,379584,outside_own_roche_hot_not_broken
300,1666,1,belt_rock,3.4117957599505874E-05,0.933894,4.85187,-1.01571,1,71.1516,374861,outside_own_roche_hot_not_broken
300,1681,1,belt_rock,7.621729542144317E-06,0.653703,5.10719,-0.904158,1,62.6855,423144,outside_own_roche_hot_not_broken
300,1688,1,belt_rock,2.3614247743417538E-05,0.942672,4.20104,-0.690916,1,31.2686,660167,outside_own_roche_hot_not_broken
300,1691,1,belt_rock,2.3816228147703187E-05,0.682357,3.16521,-1.32027,1,77.5288,311941,outside_own_roche_hot_not_broken
300,1694,1,belt_rock,7.803530066239186E-05,0.913756,3.8866,-0.980155,1,75.9144,370202,outside_own_roche_hot_not_broken
300,1700,1,belt_rock,3.268397427669105E-06,0.870565,5.25332,-1.13404,1,63.2789,370983,outside_own_roche_hot_not_broken
300,1701,1,belt_rock,2.0031332441035897E-05,0.759255,3.5756,-0.719408,1,39.2782,590020,outside_own_roche_hot_not_broken
300,1716,1,belt_rock,6.689638650994544E-07,0.683883,5.47571,-1.16908,1,62.7595,365561,outside_own_roche_hot_not_broken
300,1727,1,belt_rock,7.790113624877429E-05,0.962361,4.09273,-0.71279,1,38.7166,596744,outside_own_roche_hot_not_broken
300,1736,1,belt_rock,3.1383295684367284E-05,0.964267,4.16823,-1.0264,1,73.4197,367334,outside_own_roche_hot_not_broken
300,1737,1,belt_rock,9.834234364021204E-05,0.86186,1.71231,-0.702556,1,34.0608,632935,outside_own_roche_hot_not_broken
300,1747,1,belt_rock,2.3123494933816673E-06,0.816466,5.2122,-0.731067,1,42.8061,564037,outside_own_roche_hot_not_broken
300,1754,1,belt_rock,0.00012195047251411568,0.654327,1.27893,-0.760058,1,44.5331,542371,outside_own_roche_hot_not_broken
300,1774,1,belt_rock,9.707037883501332E-05,0.874311,4.8407,-0.704847,1,34.1419,631088,outside_own_roche_hot_not_broken
300,1778,1,belt_rock,7.105359335249661E-06,0.67083,3.58131,-0.757157,1,43.1654,550735,outside_own_roche_hot_not_broken
300,1779,1,belt_rock,6.704917353064949E-06,0.995828,2.79284,-1.03543,1,78.6163,353868,outside_own_roche_hot_not_broken
300,1780,1,belt_rock,2.205688509429849E-06,0.540445,3.47773,-0.80972,1,59.2283,460721,outside_own_roche_hot_not_broken
300,1791,1,belt_rock,6.566701167388721E-07,0.55621,7.04013,-0.838931,1,61.0714,445698,outside_own_roche_hot_not_broken
300,1794,1,belt_rock,1.3896780784160195E-06,0.931825,6.50191,-1.39739,1,89.3696,284012,outside_own_roche_hot_not_broken
300,1799,1,belt_rock,5.553438913725185E-05,0.611951,2.65475,-0.874065,1,63.2933,428860,outside_own_roche_hot_not_broken
300,1800,1,belt_rock,0.0001247861782887393,0.891758,4.83683,-1.43759,1,160.604,207293,outside_own_roche_hot_not_broken
300,1802,1,belt_rock,0.00012743139464196945,0.590591,3.19755,-1.21375,1,110.673,274974,outside_own_roche_hot_not_broken
300,1809,1,belt_rock,4.4188251834175195E-05,0.637921,3.82914,-0.860288,1,65.321,425901,outside_own_roche_hot_not_broken
300,1817,1,belt_rock,5.342541111848468E-06,0.75316,6.28525,-0.881486,1,69.3607,408438,outside_own_roche_hot_not_broken
300,1829,1,belt_rock,1.3866967116444367E-06,0.72496,5.06045,-0.743614,1,42.3707,560890,outside_own_roche_hot_not_broken
300,1847,1,belt_rock,2.0921773759374507E-05,0.900756,5.97439,-1.43722,1,159.101,208452,outside_own_roche_hot_not_broken
300,1862,1,belt_rock,3.735788956757335E-05,0.806042,3.59617,-1.16836,1,89.163,312827,outside_own_roche_hot_not_broken
300,1884,1,belt_rock,7.851897129447418E-07,0.630597,4.89496,-0.763316,1,46.3941,531663,outside_own_roche_hot_not_broken
300,1888,1,belt_rock,6.153133260203168E-05,0.672196,2.89778,-0.897735,1,65.1285,417183,outside_own_roche_hot_not_broken
300,1896,1,belt_rock,6.60873004688978E-07,0.558072,4.47898,-0.804429,1,57.7342,467957,outside_own_roche_hot_not_broken
300,1902,1,belt_rock,0.0001179173380469943,0.731198,3.04898,-0.916133,1,66.7022,408108,outside_own_roche_hot_not_broken
300,1919,1,belt_rock,6.197291827056268E-05,0.682305,2.94006,-0.892284,1,67.947,410050,outside_own_roche_hot_not_broken
300,1921,1,belt_rock,7.733225181912572E-05,0.902285,3.60643,-1.1417,1,77.3781,338633,outside_own_roche_hot_not_broken
300,1933,1,belt_rock,7.995838448456708E-07,0.736506,5.69717,-0.757153,1,45.4427,538906,outside_own_roche_hot_not_broken
300,1944,1,belt_rock,5.675619680170925E-06,0.691436,3.81904,-0.856532,1,67.9691,418576,outside_own_roche_hot_not_broken
300,1953,1,belt_rock,6.60448495806357E-07,0.332267,2.66704,-1.27583,1,119.566,257780,outside_own_roche_hot_not_broken
300,1957,1,belt_rock,4.546050945647867E-05,0.500987,2.09001,-1.31526,1,132.057,240781,outside_own_roche_hot_not_broken
300,1973,1,belt_rock,6.872929405087166E-05,0.562071,2.40728,-0.862248,1,60.9036,439872,outside_own_roche_hot_not_broken
300,1975,1,belt_rock,5.036196029025063E-06,0.575174,4.84989,-0.79135,1,53.1133,490736,outside_own_roche_hot_not_broken
300,1979,1,belt_rock,4.5043698593975495E-06,0.616119,5.31159,-0.791945,1,49.3417,506952,outside_own_roche_hot_not_broken
300,1983,1,belt_rock,6.833698821645656E-07,0.973227,7.76018,-1.39942,1,86.4887,287902,outside_own_roche_hot_not_broken
300,1984,1,belt_rock,3.636743198251407E-05,0.927029,4.14198,-0.698933,1,33.2856,640493,outside_own_roche_hot_not_broken
300,1993,1,belt_rock,9.359519559261493E-05,0.571202,2.4069,-0.813372,1,53.8809,480301,outside_own_roche_hot_not_broken
300,1997,1,belt_rock,1.830476857573022E-05,0.600293,2.75862,-0.795076,1,54.6,483326,outside_own_roche_hot_not_broken
350,18,1,belt_rock,0.00011419349476458948,0.760521,4.15281,-0.732991,1,46.8751,541463,outside_own_roche_hot_not_broken
350,21,1,belt_rock,8.02216323041789E-05,0.392318,1.66633,-1.10772,1,81.168,336496,outside_own_roche_hot_not_broken
350,24,1,belt_rock,7.005699151282417E-07,0.654619,8.17426,-1.15858,1,79.7137,331393,outside_own_roche_hot_not_broken
350,51,1,belt_rock,8.576544336061797E-05,0.91014,5.0954,-0.660466,1,25.5362,728973,outside_own_roche_hot_not_broken
350,64,1,belt_rock,4.148656745890906E-05,0.6646,1.43335,-1.03519,1,33.9967,489095,outside_own_roche_hot_not_broken
350,78,1,belt_rock,1.3719362926272877E-05,0.938252,4.4749,-0.64447,1,24.6271,749917,outside_own_roche_hot_not_broken
350,83,1,belt_rock,2.282560809369908E-05,0.601306,3.93545,-1.05734,1,38.4152,464479,outside_own_roche_hot_not_broken
350,101,1,belt_rock,2.4848435860729646E-05,0.510534,3.30139,-1.08794,1,51.4183,412644,outside_own_roche_hot_not_broken
350,107,1,belt_rock,0.00012006758077576136,0.607649,3.30548,-1.1575,1,84.1771,323187,outside_own_roche_hot_not_broken
350,117,1,belt_rock,7.757352327044996E-07,0.798194,6.21037,-1.19041,1,99.2511,293762,outside_own_roche_hot_not_broken
350,137,1,belt_rock,5.23691460203839E-05,0.47751,1.96726,-1.10064,1,58.0127,391144,outside_own_roche_hot_not_broken
350,153,1,belt_rock,1.4155138690288362E-06,0.851053,9.1959,-0.662646,1,33.5792,659794,outside_own_roche_hot_not_broken
350,159,1,belt_rock,1.4827623141554978E-06,0.342545,3.66684,-5.15863,1,68.8387,118647,outside_own_roche_hot_not_broken
350,175,1,belt_rock,0.0001230764151532906,0.825224,3.43429,-0.667772,1,32.3786,665873,outside_own_roche_hot_not_broken
350,195,1,belt_rock,1.7430248357966163E-06,0.913597,6.12254,-1.0153,1,49.2526,437873,outside_own_roche_hot_not_broken
350,208,1,belt_rock,3.5225574551119366E-06,0.519877,3.09991,-1.13049,1,76.9565,341299,outside_own_roche_hot_not_broken
350,233,1,belt_rock,1.4467493759346776E-05,0.525064,2.56245,-1.08583,1,56.1486,399484,outside_own_roche_hot_not_broken
350,244,1,belt_rock,8.343493007950026E-06,0.579354,1.56513,-1.07049,1,48.4036,426222,outside_own_roche_hot_not_broken
350,246,1,belt_rock,1.158554041804656E-06,0.496932,5.59239,-2.98656,1,1.2839,237844,outside_own_roche_hot_not_broken
350,254,1,belt_rock,6.363885250081035E-07,0.989564,4.49953,-0.641486,1,25.7178,741622,outside_own_roche_hot_not_broken
350,270,1,belt_rock,6.628189538767523E-06,0.837582,4.51098,-0.665957,1,31.2767,675694,outside_own_roche_hot_not_broken
350,286,1,belt_rock,6.701834319915527E-07,0.927885,7.42675,-1.01177,1,63.9234,394383,outside_own_roche_hot_not_broken
350,287,1,belt_rock,1.6763535363535945E-05,0.956877,4.58865,-0.647704,1,23.5573,757986,outside_own_roche_hot_not_broken
350,313,1,belt_rock,1.5852969205609998E-05,0.904911,6.24716,-0.727524,1,39.5283,584590,outside_own_roche_hot_not_broken
350,326,1,belt_rock,3.1513526798221505E-06,0.460079,2.7919,-1.09875,1,61.5302,382333,outside_own_roche_hot_not_broken
350,334,1,belt_rock,1.9841592391714742E-06,0.909948,9.19131,-0.763228,1,49.9467,514681,outside_own_roche_hot_not_broken
350,344,1,belt_rock,9.978670243053017E-05,0.82189,3.45246,-0.730092,1,42.1777,567998,outside_own_roche_hot_not_broken
350,348,1,belt_rock,8.061314971806193E-05,0.823084,3.49419,-0.71182,1,38.2562,600116,outside_own_roche_hot_not_broken
350,367,1,belt_rock,2.79881311752597E-05,0.878626,3.84237,-0.706708,1,37.5082,607499,outside_own_roche_hot_not_broken
350,417,1,belt_rock,5.8502702553592535E-05,0.950859,4.11311,-1.21073,1,67.6551,347279,outside_own_roche_hot_not_broken
350,422,1,belt_rock,0.00010591345498009504,0.869726,3.64343,-0.684154,1,31.1674,665103,outside_own_roche_hot_not_broken
350,429,1,belt_rock,4.962854706770443E-05,0.603706,2.6386,-1.0718,1,76.295,352583,outside_own_roche_hot_not_broken
350,440,1,belt_rock,2.6345516458117787E-05,0.925277,4.24855,-1.01081,1,46.5849,448272,outside_own_roche_hot_not_broken
350,442,1,belt_rock,3.252231277709665E-05,0.808857,5.04062,-0.688522,1,33.3941,645737,outside_own_roche_hot_not_broken
350,443,1,belt_rock,2.2161928891504646E-05,0.848416,5.57793,-1.19279,1,64.8488,356469,outside_own_roche_hot_not_broken
350,454,1,belt_rock,1.5852134882065105E-05,0.544995,3.76679,-1.14455,1,90.0942,314504,outside_own_roche_hot_not_broken
350,456,1,belt_rock,6.768637285960783E-05,0.817464,3.50472,-1.01482,1,37.7708,480277,outside_own_roche_hot_not_broken
350,457,1,belt_rock,7.133033718116092E-05,0.784411,1.60162,-0.727338,1,41.7007,571963,outside_own_roche_hot_not_broken
350,474,1,belt_rock,7.189937739453264E-06,0.994033,5.22954,-0.996225,1,42.6347,467023,outside_own_roche_hot_not_broken
350,491,1,belt_rock,1.994653993078051E-05,0.907079,4.27154,-0.65368,1,30.384,691017,outside_own_roche_hot_not_broken
350,496,1,belt_rock,3.0444731039982603E-05,0.841314,5.28766,-0.661989,1,30.2905,686275,outside_own_roche_hot_not_broken
350,500,1,belt_rock,6.566728519526325E-07,0.913499,7.34068,-1.22358,1,92.2058,300550,outside_own_roche_hot_not_broken
350,503,1,belt_rock,6.787802871302369E-05,0.8684,3.72319,-1.17045,1,51.3335,394097,outside_own_roche_hot_not_broken
350,522,1,belt_rock,1.2437602273313698E-05,0.955572,4.7403,-0.773904,1,48.9372,515402,outside_own_roche_hot_not_broken
350,524,1,belt_rock,6.601085338736048E-07,0.77056,6.18575,-0.733892,1,43.6154,558330,outside_own_roche_hot_not_broken
350,527,1,belt_rock,9.547492419230784E-06,0.8883,4.55373,-0.729931,1,39.4418,583956,outside_own_roche_hot_not_broken
350,528,1,belt_rock,7.321684399494307E-06,0.774326,2.13715,-0.728925,1,44.532,555511,outside_own_roche_hot_not_broken
350,531,1,belt_rock,0.00010962232804298293,0.810433,3.38953,-0.670078,1,35.0122,644698,outside_own_roche_hot_not_broken
350,545,1,belt_rock,1.7567281285248877E-05,0.653925,4.44757,-1.05778,1,54.0063,412125,outside_own_roche_hot_not_broken
350,549,1,belt_rock,8.531165580025072E-05,0.982332,4.15781,-0.641845,1,24.7971,750309,outside_own_roche_hot_not_broken
350,550,1,belt_rock,1.2844187939738404E-06,0.770058,8.48604,-0.689042,1,34.6233,636594,outside_own_roche_hot_not_broken
350,557,1,belt_rock,2.8903420137898514E-06,0.419194,2.57935,-1.10041,1,78.1296,343833,outside_own_roche_hot_not_broken
350,558,1,belt_rock,2.542364504752751E-06,0.519083,3.26174,-1.08352,1,59.8855,389801,outside_own_roche_hot_not_broken
350,563,1,belt_rock,4.4109361305924165E-06,0.664572,3.82561,-1.05712,1,69.9713,369689,outside_own_roche_hot_not_broken
350,572,1,belt_rock,2.6199785489025492E-05,0.755159,3.4668,-0.70579,1,37.3427,609046,outside_own_roche_hot_not_broken
350,590,1,belt_rock,1.9894548730711897E-05,0.946519,4.46057,-0.728818,1,41.3956,573035,outside_own_roche_hot_not_broken
350,604,1,belt_rock,9.130172991510145E-07,0.798542,6.02279,-1.19016,1,95.6114,299396,outside_own_roche_hot_not_broken
350,614,1,belt_rock,2.7722967791467943E-05,0.859198,3.92536,-0.764236,1,48.0403,523288,outside_own_roche_hot_not_broken
350,644,1,belt_rock,1.2597326153480967E-06,0.710458,5.0466,-1.1823,1,93.9443,303043,outside_own_roche_hot_not_broken
350,647,1,belt_rock,1.2261469307505248E-05,0.72764,3.52452,-0.723876,1,44.8773,555829,outside_own_roche_hot_not_broken
350,649,1,belt_rock,2.9996545972503958E-05,0.911229,4.13402,-0.65869,1,29.7447,693015,outside_own_roche_hot_not_broken
350,651,1,belt_rock,8.148805661071711E-07,0.682631,5.26128,-1.14783,1,58.4673,380137,outside_own_roche_hot_not_broken
350,656,1,belt_rock,5.896217278215509E-05,0.784168,4.55654,-0.737656,1,45.5093,546605,outside_own_roche_hot_not_broken
350,677,1,belt_rock,9.313458935218855E-06,0.509482,2.62578,-1.09706,1,50.2603,413927,outside_own_roche_hot_not_broken
350,682,1,belt_rock,5.158715011470259E-05,0.935065,5.51334,-0.748975,1,44.7429,545879,outside_own_roche_hot_not_broken
350,704,1,belt_rock,7.37364583170097E-07,0.756882,5.94681,-0.693122,1,35.7657,626342,outside_own_roche_hot_not_broken
350,715,1,belt_rock,3.975474529119768E-05,0.883582,3.92137,-0.728587,1,44.1702,557620,outside_own_roche_hot_not_broken
350,733,1,belt_rock,2.8715917437901265E-05,0.407495,2.5831,-1.10251,1,76.1593,347604,outside_own_roche_hot_not_broken
350,758,1,belt_rock,8.249549131554088E-05,0.724513,4.07213,-1.02879,1,37.5916,476517,outside_own_roche_hot_not_broken
350,762,1,belt_rock,8.032954721561723E-07,0.425235,3.34789,-1.10365,1,70.0735,360761,outside_own_roche_hot_not_broken
350,765,1,belt_rock,0.00011740748015016025,0.783209,3.26603,-0.690854,1,34.083,639410,outside_own_roche_hot_not_broken
350,776,1,belt_rock,1.8903231773250015E-05,0.648425,3.07487,-1.16936,1,91.6935,308418,outside_own_roche_hot_not_broken
350,789,1,belt_rock,0.00012275117098310706,0.481508,2.00457,-1.11814,1,71.0097,356050,outside_own_roche_hot_not_broken
350,795,1,belt_rock,1.6715475466573741E-06,0.839633,3.08468,-1.02634,1,59.9438,402194,outside_own_roche_hot_not_broken
350,800,1,belt_rock,2.277834181608701E-06,0.965183,9.48872,-0.776123,1,49.9866,509760,outside_own_roche_hot_not_broken
350,816,1,belt_rock,0.00010355832747819387,0.848344,3.55743,-0.678301,1,29.5303,681813,outside_own_roche_hot_not_broken
350,828,1,belt_rock,2.1780771841748363E-06,0.949673,6.12415,-0.991694,1,36.9407,491348,outside_own_roche_hot_not_broken
350,837,1,belt_rock,4.4166876390895046E-05,0.7777,3.42519,-0.74279,1,44.2529,551064,outside_own_roche_hot_not_broken
350,841,1,belt_rock,1.983188684147118E-06,0.935898,6.13282,-0.644628,1,25.6244,740104,outside_own_roche_hot_not_broken
350,842,1,belt_rock,0.00012008719560475721,0.858988,1.68083,-0.686363,1,32.4958,653649,outside_own_roche_hot_not_broken
350,876,1,belt_rock,1.1288881976761362E-06,0.737818,8.3474,-0.715767,1,39.8765,588155,outside_own_roche_hot_not_broken
350,908,1,belt_rock,5.0262885067748746E-05,0.689153,2.84946,-1.11901,1,43.7432,428714,outside_own_roche_hot_not_broken
350,914,1,belt_rock,2.3373472658669796E-06,0.764499,4.87164,-0.68394,1,35.5866,632680,outside_own_roche_hot_not_broken
350,916,1,belt_rock,2.888144572107913E-05,0.857353,1.92934,-0.695427,1,35.678,625679,outside_own_roche_hot_not_broken
350,926,1,belt_rock,1.5042675290104856E-06,0.737381,5.13194,-0.691756,1,37.6564,614345,outside_own_roche_hot_not_broken
350,927,1,belt_rock,2.0123347825553933E-05,0.920374,6.12743,-0.648739,1,25.9785,733614,outside_own_roche_hot_not_broken
350,937,1,belt_rock,0.00010020320740113841,0.924328,5.10309,-0.652953,1,25.9429,730785,outside_own_roche_hot_not_broken
350,947,1,belt_rock,1.2769525710145052E-05,0.93351,4.61421,-0.648343,1,25.8365,735253,outside_own_roche_hot_not_broken
350,949,1,belt_rock,1.0413825104261386E-05,0.86757,4.39636,-0.663976,1,28.2489,702154,outside_own_roche_hot_not_broken
350,955,1,belt_rock,6.982885582430313E-07,0.977971,7.76535,-1.22229,1,66.7575,347222,outside_own_roche_hot_not_broken
350,975,1,belt_rock,3.080101672853503E-05,0.676352,1.51031,-1.15377,1,60.8879,372951,outside_own_roche_hot_not_broken
350,995,1,belt_rock,0.00010309973217817811,0.486026,2.039,-1.10875,1,61.5631,380214,outside_own_roche_hot_not_broken
350,1009,1,belt_rock,6.692227917672433E-06,0.912053,7.28905,-0.695701,1,33.7798,638805,outside_own_roche_hot_not_broken
350,1011,1,belt_rock,6.949076383037441E-06,0.805823,4.25504,-0.697886,1,34.9505,629337,outside_own_roche_hot_not_broken
350,1012,1,belt_rock,1.1231928029267697E-06,0.940349,6.82223,-1.22326,1,111.944,272310,outside_own_roche_hot_not_broken
350,1016,1,belt_rock,8.103774152758942E-07,0.856953,6.61186,-0.660465,1,29.9598,690027,outside_own_roche_hot_not_broken
350,1031,1,belt_rock,7.50386250920112E-07,0.921623,11.3445,-0.724268,1,39.0712,588914,outside_own_roche_hot_not_broken
350,1042,1,belt_rock,3.864563838781366E-06,0.880047,5.15875,-1.0205,1,62.469,396452,outside_own_roche_hot_not_broken
350,1051,1,belt_rock,7.645045792140398E-07,0.990834,12.1492,-0.645121,1,25.8067,737985,outside_own_roche_hot_not_broken
350,1073,1,belt_rock,4.065454806673326E-05,0.917955,3.86784,-0.994164,1,33.8748,503776,outside_own_roche_hot_not_broken
350,1084,1,belt_rock,1.1205570782970458E-05,0.857695,4.20908,-0.723942,1,39.5488,586186,outside_own_roche_hot_not_broken
350,1096,1,belt_rock,6.232245491706653E-06,0.756042,6.11867,-0.710955,1,40.3425,587665,outside_own_roche_hot_not_broken
350,1133,1,belt_rock,9.062121478488048E-06,0.725371,3.7528,-1.17575,1,79.5339,329113,outside_own_roche_hot_not_broken
350,1141,1,belt_rock,8.052939177863879E-07,0.824122,9.99634,-0.714882,1,40.2519,586316,outside_own_roche_hot_not_broken
350,1162,1,belt_rock,8.380808269769465E-05,0.722921,3.06266,-0.702901,1,39.9974,593707,outside_own_roche_hot_not_broken
350,1163,1,belt_rock,5.578221514533597E-06,0.968637,5.3507,-0.64122,1,27.5213,724853,outside_own_roche_hot_not_broken
350,1166,1,belt_rock,1.1955058486587552E-05,0.927224,4.62174,-0.713725,1,35.6803,615792,outside_own_roche_hot_not_broken
350,1190,1,belt_rock,2.0524810533250277E-05,0.602232,2.83122,-1.07064,1,67.113,373988,outside_own_roche_hot_not_broken
350,1193,1,belt_rock,1.403650331107966E-05,0.905262,4.43663,-1.17035,1,48.2099,402798,outside_own_roche_hot_not_broken
350,1197,1,belt_rock,3.272943286097785E-05,0.964858,4.3462,-0.647506,1,26.0341,734020,outside_own_roche_hot_not_broken
350,1202,1,belt_rock,0.00012296240938349028,0.650918,2.70976,-1.14741,1,59.3037,378116,outside_own_roche_hot_not_broken
350,1203,1,belt_rock,1.5045700219160083E-06,0.595103,6.35172,-1.07452,1,37.9692,461001,outside_own_roche_hot_not_broken
350,1231,1,belt_rock,0.00010271548694016204,0.608278,2.55243,-1.10887,1,45.5793,425442,outside_own_roche_hot_not_broken
350,1233,1,belt_rock,0.00011039722137770567,0.865876,3.62055,-0.678193,1,30.2485,676088,outside_own_roche_hot_not_broken
350,1234,1,belt_rock,1.018036445181255E-05,0.975531,4.95799,-0.644115,1,23.0367,766196,outside_own_roche_hot_not_broken
350,1246,1,belt_rock,6.192874005183427E-05,0.871877,3.75654,-0.706593,1,34.8316,625358,outside_own_roche_hot_not_broken
350,1283,1,belt_rock,8.008475466537784E-07,0.884111,6.96492,-0.679865,1,28.8731,686171,outside_own_roche_hot_not_broken
350,1288,1,belt_rock,7.128374224317015E-05,0.914376,3.67683,-1.17847,1,50.2286,395360,outside_own_roche_hot_not_broken
350,1292,1,belt_rock,1.5826515853868674E-06,0.403566,4.26387,-1.10831,1,80.5286,337674,outside_own_roche_hot_not_broken
350,1298,1,belt_rock,5.663401830953736E-05,0.940423,3.84883,-1.00317,1,45.5006,454316,outside_own_roche_hot_not_broken
350,1299,1,belt_rock,2.326918652040323E-05,0.80304,3.72633,-0.670124,1,32.987,659748,outside_own_roche_hot_not_broken
350,1302,1,belt_rock,5.5736894145338306E-05,0.652001,2.67238,-1.16096,1,69.9495,350878,outside_own_roche_hot_not_broken
350,1307,1,belt_rock,9.586168646931447E-05,0.997128,4.1963,-0.639175,1,24.0345,760054,outside_own_roche_hot_not_broken
350,1311,1,belt_rock,1.8563195184059562E-06,0.86647,5.74319,-0.657591,1,31.508,679212,outside_own_roche_hot_not_broken
350,1327,1,belt_rock,6.388261473972421E-05,0.894077,5.15341,-1.00737,1,40.951,470067,outside_own_roche_hot_not_broken
350,1331,1,belt_rock,0.0001185720506521227,0.843747,3.51757,-1.01967,1,48.8921,437909,outside_own_roche_hot_not_broken
350,1333,1,belt_rock,1.9079699342390863E-05,0.896288,6.01539,-0.761743,1,51.2891,509070,outside_own_roche_hot_not_broken
350,1343,1,belt_rock,2.648606673121837E-06,0.972277,6.06835,-0.641554,1,24.2742,755731,outside_own_roche_hot_not_broken
350,1362,1,belt_rock,0.00013345846774211916,0.98624,4.09074,-0.645545,1,29.7881,701595,outside_own_roche_hot_not_broken
350,1389,1,belt_rock,0.00011653209048807455,0.756507,4.12405,-0.720453,1,41.7694,574737,outside_own_roche_hot_not_broken
350,1393,1,belt_rock,6.215480560968838E-07,0.998096,4.64424,-1.21063,1,58.4333,367921,outside_own_roche_hot_not_broken
350,1398,1,belt_rock,6.18018757313365E-06,0.938342,5.10911,-0.653844,1,24.1359,747378,outside_own_roche_hot_not_broken
350,1403,1,belt_rock,6.623337818214514E-07,0.822497,6.59836,-0.719122,1,43.178,567306,outside_own_roche_hot_not_broken
350,1417,1,belt_rock,0.00010944675063615815,0.868775,3.63405,-0.671315,1,29.7831,684313,outside_own_roche_hot_not_broken
350,1427,1,belt_rock,1.395364203541758E-06,0.999106,10.827,-0.633572,1,22.9316,776069,outside_own_roche_hot_not_broken
350,1441,1,belt_rock,6.278045039803311E-05,0.927979,3.76768,-1.19714,1,58.8965,369386,outside_own_roche_hot_not_broken
350,1454,1,belt_rock,1.1699770283711465E-06,0.875367,9.83153,-0.688523,1,32.4707,652546,outside_own_roche_hot_not_broken
350,1491,1,belt_rock,4.948829899383208E-05,0.594785,2.60035,-1.06438,1,46.693,433334,outside_own_roche_hot_not_broken
350,1493,1,belt_rock,2.7119669110129766E-05,0.652881,2.9908,-1.04079,1,35.4367,481316,outside_own_roche_hot_not_broken
350,1514,1,belt_rock,4.139488758084119E-06,0.531037,3.07672,-1.14475,1,98.2625,300945,outside_own_roche_hot_not_broken
350,1517,1,belt_rock,1.3744942984223593E-05,0.961721,2.39787,-0.759248,1,45.103,539783,outside_own_roche_hot_not_broken
350,1519,1,belt_rock,4.706191963769338E-05,0.828813,1.76298,-0.674733,1,30.6831,674828,outside_own_roche_hot_not_broken
350,1520,1,belt_rock,2.34262567118865E-05,0.421388,1.95599,-1.10105,1,79.054,341825,outside_own_roche_hot_not_broken
350,1535,1,belt_rock,6.299434464046324E-05,0.830955,3.57651,-0.747651,1,44.7258,546521,outside_own_roche_hot_not_broken
350,1543,1,belt_rock,2.5346007817853215E-05,0.890738,4.10174,-0.66458,1,27.1605,711245,outside_own_roche_hot_not_broken
350,1552,1,belt_rock,5.143190426346027E-05,0.855346,3.528,-0.713285,1,37.3913,604867,outside_own_roche_hot_not_broken
350,1556,1,belt_rock,7.136037027233395E-06,0.915996,7.22899,-0.65303,1,27.6391,715211,outside_own_roche_hot_not_broken
350,1569,1,belt_rock,1.327403036808673E-05,0.897695,4.4235,-1.00879,1,42.6698,463085,outside_own_roche_hot_not_broken
350,1577,1,belt_rock,2.2808939259725985E-05,0.585869,2.62342,-1.14764,1,95.4752,305052,outside_own_roche_hot_not_broken
350,1584,1,belt_rock,2.8006334866250525E-05,0.951348,4.34133,-0.649306,1,27.8042,716402,outside_own_roche_hot_not_broken
350,1589,1,belt_rock,1.9868245096397734E-06,0.84767,5.55292,-0.668878,1,29.5135,688142,outside_own_roche_hot_not_broken
350,1598,1,belt_rock,1.174383645059915E-05,0.902956,4.40176,-0.737966,1,42.5947,562147,outside_own_roche_hot_not_broken
350,1623,1,belt_rock,5.9593265368369684E-05,0.788073,3.4032,-0.716687,1,41.5548,577735,outside_own_roche_hot_not_broken
350,1634,1,belt_rock,7.56205765538708E-07,0.880087,6.88124,-0.712663,1,37.4207,604997,outside_own_roche_hot_not_broken
350,1643,1,belt_rock,1.314763465869944E-05,0.713289,5.08043,-1.16748,1,72.6762,344015,outside_own_roche_hot_not_broken
350,1688,1,belt_rock,2.3614247743417538E-05,0.877212,3.90932,-0.687878,1,31.5117,660167,outside_own_roche_hot_not_broken
350,1700,1,belt_rock,3.268397427669105E-06,0.536856,3.23959,-1.1233,1,64.1385,370982,outside_own_roche_hot_not_broken
350,1701,1,belt_rock,2.0031332441035897E-05,0.938619,4.42029,-0.715271,1,39.6098,590016,outside_own_roche_hot_not_broken
350,1716,1,belt_rock,6.689638650994544E-07,0.70812,5.66977,-1.15849,1,63.6076,365560,outside_own_roche_hot_not_broken
350,1727,1,belt_rock,7.790113624877429E-05,0.755303,3.21216,-0.70896,1,39.0229,596744,outside_own_roche_hot_not_broken
350,1737,1,belt_rock,9.834234364021204E-05,0.898399,1.7849,-0.698951,1,34.3496,632933,outside_own_roche_hot_not_broken
350,1739,1,belt_rock,9.087595189338775E-07,0.761055,5.84563,-1.03857,1,65.0326,385719,outside_own_roche_hot_not_broken
350,1747,1,belt_rock,2.3123494933816673E-06,0.817321,5.21766,-0.72575,1,43.2318,564035,outside_own_roche_hot_not_broken
350,1748,1,belt_rock,8.92556356252985E-05,0.782013,3.09426,-0.684674,1,33.797,645044,outside_own_roche_hot_not_broken
350,1759,1,belt_rock,8.418777190064311E-05,0.899238,5.04256,-0.660461,1,31.2721,679263,outside_own_roche_hot_not_broken
350,1763,1,belt_rock,2.286448212084029E-05,0.934254,4.343,-0.65145,1,24.5128,745570,outside_own_roche_hot_not_broken
350,1772,1,belt_rock,6.719117711216202E-07,0.915238,11.5289,-0.651596,1,27.319,719125,outside_own_roche_hot_not_broken
350,1774,1,belt_rock,9.707037883501332E-05,0.881617,4.88115,-0.701194,1,34.4344,631086,outside_own_roche_hot_not_broken
350,1802,1,belt_rock,0.00012743139464196945,0.821267,4.44647,-1.1996,1,111.806,274973,outside_own_roche_hot_not_broken
350,1829,1,belt_rock,1.3866967116444367E-06,0.925921,6.46322,-0.738875,1,42.7503,560887,outside_own_roche_hot_not_broken
350,1832,1,belt_rock,4.2652764523081694E-05,0.644108,2.84494,-1.05964,1,71.9967,364437,outside_own_roche_hot_not_broken
350,1836,1,belt_rock,3.208823167873846E-05,0.383429,1.7313,-1.11197,1,90.8847,317679,outside_own_roche_hot_not_broken
350,1862,1,belt_rock,3.735788956757335E-05,0.59239,2.64295,-1.15524,1,90.2138,312825,outside_own_roche_hot_not_broken
350,1870,1,belt_rock,6.576266724697411E-07,0.955343,7.67476,-0.649498,1,29.8931,697985,outside_own_roche_hot_not_broken
350,1874,1,belt_rock,0.00010481676535955368,0.444033,1.73941,-1.09466,1,70.2497,362003,outside_own_roche_hot_not_broken
350,1882,1,belt_rock,4.092687816540044E-06,0.96439,5.57871,-0.645902,1,24.6984,748091,outside_own_roche_hot_not_broken
350,1892,1,belt_rock,8.569621381346214E-07,0.875284,6.68155,-0.67288,1,27.9018,699017,outside_own_roche_hot_not_broken
350,1909,1,belt_rock,6.221384960247198E-06,0.918828,7.43606,-0.645883,1,27.0297,725945,outside_own_roche_hot_not_broken
350,1910,1,belt_rock,1.1268171028213465E-05,0.946398,4.75549,-1.01237,1,56.4838,415588,outside_own_roche_hot_not_broken
350,1921,1,belt_rock,7.733225181912572E-05,0.495582,1.98084,-1.12844,1,78.4398,338631,outside_own_roche_hot_not_broken
350,1922,1,belt_rock,3.069091717874532E-06,0.971049,5.91756,-0.646414,1,28.2051,714882,outside_own_roche_hot_not_broken
350,1933,1,belt_rock,7.995838448456708E-07,0.866453,6.70236,-0.751415,1,45.9022,538904,outside_own_roche_hot_not_broken
350,1936,1,belt_rock,3.068459133690162E-05,0.793225,4.98012,-0.673597,1,33.6572,652603,outside_own_roche_hot_not_broken
350,1942,1,belt_rock,1.346995867260295E-06,0.848264,3.25171,-0.669672,1,32.8531,661046,outside_own_roche_hot_not_broken
350,1984,1,belt_rock,3.636743198251407E-05,0.852079,3.8071,-0.69554,1,33.5571,640493,outside_own_roche_hot_not_broken
350,1996,1,belt_rock,5.589985624591199E-06,0.517707,2.8703,-1.0844,1,63.2229,380945,outside_own_roche_hot_not_broken
400,13,1,belt_rock,7.301354889356378E-07,0.898678,7.21289,-0.922387,1,45.6916,478163,outside_own_roche_hot_not_broken
400,17,1,belt_rock,1.4351847486061257E-06,0.918432,6.44994,-0.632727,1,27.7392,729123,outside_own_roche_hot_not_broken
400,25,1,belt_rock,5.171279079747445E-06,0.993091,5.50675,-0.628868,1,24.7958,760695,outside_own_roche_hot_not_broken
400,50,1,belt_rock,8.094986004220504E-05,0.988415,4.98004,-0.628691,1,24.6721,762094,outside_own_roche_hot_not_broken
400,64,1,belt_rock,4.148656745890906E-05,0.88462,1.90788,-1.03034,1,34.3845,489095,outside_own_roche_hot_not_broken
400,83,1,belt_rock,2.282560809369908E-05,0.937629,6.13664,-1.05287,1,38.7731,464477,outside_own_roche_hot_not_broken
400,96,1,belt_rock,6.73813028667692E-07,0.596839,7.51372,-0.967763,1,55.1763,430869,outside_own_roche_hot_not_broken
400,101,1,belt_rock,2.4848435860729646E-05,0.985041,6.36982,-1.08311,1,51.8058,412641,outside_own_roche_hot_not_broken
400,116,1,belt_rock,2.224633234259358E-05,0.822883,3.83743,-0.923982,1,29.0244,554988,outside_own_roche_hot_not_broken
400,153,1,belt_rock,1.4155138690288362E-06,0.965916,10.437,-0.659553,1,33.8274,659788,outside_own_roche_hot_not_broken
400,159,1,belt_rock,1.4827623141554978E-06,0.296912,3.17835,-5.17132,1,67.8245,118647,outside_own_roche_hot_not_broken
400,160,1,belt_rock,2.828864175936968E-06,0.741921,4.58106,-0.943052,1,45.1621,473708,outside_own_roche_hot_not_broken
400,186,1,belt_rock,6.577332055508024E-07,0.753226,6.05086,-0.94335,1,49.1488,458462,outside_own_roche_hot_not_broken
400,195,1,belt_rock,1.7430248357966163E-06,0.575238,3.855,-1.00847,1,49.7997,437871,outside_own_roche_hot_not_broken
400,225,1,belt_rock,2.697741149420495E-06,0.831529,2.76481,-0.929754,1,41.4407,493279,outside_own_roche_hot_not_broken
400,231,1,belt_rock,8.88858516021005E-05,0.764565,3.23006,-0.947118,1,39.3436,496313,outside_own_roche_hot_not_broken
400,233,1,belt_rock,1.4467493759346776E-05,0.92217,4.50044,-1.07757,1,56.8101,399483,outside_own_roche_hot_not_broken
400,244,1,belt_rock,8.343493007950026E-06,0.883232,2.38606,-1.06305,1,48.9996,426221,outside_own_roche_hot_not_broken
400,246,1,belt_rock,1.158554041804656E-06,0.440941,4.96228,-2.98445,1,1.45283,237844,outside_own_roche_hot_not_broken
400,247,1,belt_rock,0.00010861397704692734,0.56869,2.37984,-0.971172,1,57.2515,423373,outside_own_roche_hot_not_broken
400,260,1,belt_rock,2.98470493253533E-06,0.92365,8.61909,-0.625654,1,26.859,742831,outside_own_roche_hot_not_broken
400,264,1,belt_rock,1.2184436880334171E-05,0.789579,3.92958,-0.929872,1,28.3509,556081,outside_own_roche_hot_not_broken
400,286,1,belt_rock,6.701834319915527E-07,0.522951,4.18567,-1.00229,1,64.6827,394380,outside_own_roche_hot_not_broken
400,294,1,belt_rock,0.00012308248318356014,0.92361,3.84431,-0.914177,1,28.5389,561920,outside_own_roche_hot_not_broken
400,320,1,belt_rock,2.7371059402551924E-05,0.509089,2.32933,-0.987899,1,55.1171,425886,outside_own_roche_hot_not_broken
400,368,1,belt_rock,1.7305637864581166E-05,0.663132,4.51872,-0.962742,1,47.5778,458535,outside_own_roche_hot_not_broken
400,377,1,belt_rock,1.6827052528707687E-06,0.660093,6.88921,-0.96394,1,38.1767,495543,outside_own_roche_hot_not_broken
400,429,1,belt_rock,4.962854706770443E-05,0.808742,3.53475,-1.05997,1,77.2415,352582,outside_own_roche_hot_not_broken
400,440,1,belt_rock,2.6345516458117787E-05,0.581496,2.67002,-1.00473,1,47.0715,448270,outside_own_roche_hot_not_broken
400,456,1,belt_rock,6.768637285960783E-05,0.697191,2.98907,-1.00873,1,38.2584,480278,outside_own_roche_hot_not_broken
400,474,1,belt_rock,7.189937739453264E-06,0.580963,3.0564,-0.992697,1,42.9176,467020,outside_own_roche_hot_not_broken
400,491,1,belt_rock,1.994653993078051E-05,0.970309,4.5693,-0.651001,1,30.5988,691012,outside_own_roche_hot_not_broken
400,530,1,belt_rock,6.0938757137029374E-05,0.997595,4.30145,-0.610754,1,23.098,793961,outside_own_roche_hot_not_broken
400,531,1,belt_rock,0.00010962232804298293,0.992813,4.15231,-0.66702,1,35.2576,644692,outside_own_roche_hot_not_broken
400,545,1,belt_rock,1.7567281285248877E-05,0.7794,5.30097,-1.04869,1,54.7331,412124,outside_own_roche_hot_not_broken
400,558,1,belt_rock,2.542364504752751E-06,0.918304,5.77031,-1.07435,1,60.6198,389799,outside_own_roche_hot_not_broken
400,563,1,belt_rock,4.4109361305924165E-06,0.751283,4.32476,-1.04624,1,70.8422,369688,outside_own_roche_hot_not_broken
400,585,1,belt_rock,1.0387318549534718E-06,0.91137,6.70891,-0.631045,1,27.4965,732651,outside_own_roche_hot_not_broken
400,623,1,belt_rock,1.2530158011718365E-06,0.672642,4.78266,-0.963094,1,32.3514,522236,outside_own_roche_hot_not_broken
400,649,1,belt_rock,2.9996545972503958E-05,0.973137,4.41488,-0.656081,1,29.9541,693010,outside_own_roche_hot_not_broken
400,670,1,belt_rock,1.0163004062530745E-05,0.998095,7.40066,-0.610128,1,22.9082,796617,outside_own_roche_hot_not_broken
400,697,1,belt_rock,5.4997176006218115E-06,0.708346,3.93175,-0.949803,1,44.3367,474831,outside_own_roche_hot_not_broken
400,705,1,belt_rock,0.0001010755835750245,0.49953,2.75632,-0.992437,1,57.3457,417814,outside_own_roche_hot_not_broken
400,739,1,belt_rock,4.430455529052298E-05,0.637689,3.82671,-0.963563,1,48.4528,455099,outside_own_roche_hot_not_broken
400,758,1,belt_rock,8.249549131554088E-05,0.779501,4.38119,-1.02248,1,38.0966,476519,outside_own_roche_hot_not_broken
400,780,1,belt_rock,6.566667007205502E-07,0.989702,7.95305,-0.626255,1,23.8393,772685,outside_own_roche_hot_not_broken
400,795,1,belt_rock,1.6715475466573741E-06,0.597645,2.19566,-1.01668,1,60.7172,402192,outside_own_roche_hot_not_broken
400,797,1,belt_rock,2.7646422701849708E-05,0.962565,4.39669,-0.61329,1,24.871,772743,outside_own_roche_hot_not_broken
400,799,1,belt_rock,1.857892447505216E-05,0.97589,4.62781,-0.616996,1,23.7618,781332,outside_own_roche_hot_not_broken
400,812,1,belt_rock,7.306187027527655E-05,0.936234,3.99506,-0.628818,1,27.0426,738637,outside_own_roche_hot_not_broken
400,828,1,belt_rock,2.1780771841748363E-06,0.632451,4.07848,-0.987652,1,37.2642,491348,outside_own_roche_hot_not_broken
400,843,1,belt_rock,7.713343142684656E-07,0.68224,5.314,-0.954018,1,41.3059,485705,outside_own_roche_hot_not_broken
400,872,1,belt_rock,2.4268674612332564E-06,0.592156,3.74976,-0.968623,1,47.8589,455785,outside_own_roche_hot_not_broken
400,880,1,belt_rock,1.1923727274855613E-06,0.531124,3.81099,-0.976723,1,57.5731,420984,outside_own_roche_hot_not_broken
400,882,1,belt_rock,6.096981732496212E-06,0.990666,8.04296,-0.615503,1,23.1537,789184,outside_own_roche_hot_not_broken
400,960,1,belt_rock,2.3884137407643173E-05,0.473098,3.07509,-0.99623,1,62.7272,401137,outside_own_roche_hot_not_broken
400,962,1,belt_rock,1.3620312997759259E-05,0.796049,3.90882,-0.939898,1,46.0069,471392,outside_own_roche_hot_not_broken
400,967,1,belt_rock,2.6560160660523208E-05,0.933543,4.10662,-0.917868,1,43.0341,490558,outside_own_roche_hot_not_broken
400,977,1,belt_rock,3.6016924596942088E-06,0.918592,8.2731,-0.919398,1,37.1862,515921,outside_own_roche_hot_not_broken
400,1042,1,belt_rock,3.864563838781366E-06,0.560435,3.28521,-1.01065,1,63.2577,396450,outside_own_roche_hot_not_broken
400,1051,1,belt_rock,7.645045792140398E-07,0.996657,12.2206,-0.643087,1,25.9698,737981,outside_own_roche_hot_not_broken
400,1071,1,belt_rock,7.377244878524375E-05,0.859231,3.66558,-0.919511,1,31.0036,546382,outside_own_roche_hot_not_broken
400,1073,1,belt_rock,4.065454806673326E-05,0.666949,2.81021,-0.989906,1,34.2151,503777,outside_own_roche_hot_not_broken
400,1118,1,belt_rock,5.7689262209639854E-05,0.515006,3.00018,-0.979387,1,58.4157,417734,outside_own_roche_hot_not_broken
400,1144,1,belt_rock,6.915931963981702E-05,0.95469,4.0863,-0.627974,1,25.022,759130,outside_own_roche_hot_not_broken
400,1163,1,belt_rock,5.578221514533597E-06,0.982207,5.42566,-0.638968,1,27.7018,724850,outside_own_roche_hot_not_broken
400,1177,1,belt_rock,7.824343751800845E-05,0.925324,5.22449,-0.620742,1,26.5229,749940,outside_own_roche_hot_not_broken
400,1183,1,belt_rock,7.485663569320985E-05,0.949936,4.0482,-0.630304,1,26.5681,742048,outside_own_roche_hot_not_broken
400,1190,1,belt_rock,2.0524810533250277E-05,0.813342,3.82369,-1.05975,1,67.9848,373987,outside_own_roche_hot_not_broken
400,1201,1,belt_rock,3.174262665981588E-05,0.513842,2.32159,-0.986298,1,57.9037,417610,outside_own_roche_hot_not_broken
400,1208,1,belt_rock,6.958514882627006E-07,0.887689,11.1003,-0.921731,1,42.438,491770,outside_own_roche_hot_not_broken
400,1214,1,belt_rock,7.47805864614159E-05,0.939873,3.76431,-0.63664,1,26.676,736170,outside_own_roche_hot_not_broken
400,1255,1,belt_rock,1.8594550238212058E-06,0.917947,3.29563,-0.91391,1,28.4431,562569,outside_own_roche_hot_not_broken
400,1298,1,belt_rock,5.663401830953736E-05,0.581719,2.38078,-0.997662,1,45.9417,454314,outside_own_roche_hot_not_broken
400,1311,1,belt_rock,1.8563195184059562E-06,0.997967,6.6148,-0.654919,1,31.7226,679206,outside_own_roche_hot_not_broken
400,1327,1,belt_rock,6.388261473972421E-05,0.628464,3.62243,-1.00163,1,41.4098,470067,outside_own_roche_hot_not_broken
400,1328,1,belt_rock,1.553270508424185E-05,0.617859,4.28116,-0.964307,1,46.0389,463797,outside_own_roche_hot_not_broken
400,1331,1,belt_rock,0.0001185720506521227,0.624162,2.60213,-1.01188,1,49.5152,437909,outside_own_roche_hot_not_broken
400,1357,1,belt_rock,7.75371224648779E-05,0.980607,3.91732,-0.618262,1,23.6316,781641,outside_own_roche_hot_not_broken
400,1362,1,belt_rock,0.00013345846774211916,0.914215,3.792,-0.643012,1,29.9911,701593,outside_own_roche_hot_not_broken
400,1401,1,belt_rock,6.0874230779359964E-05,0.533534,2.30155,-0.983524,1,50.6553,441730,outside_own_roche_hot_not_broken
400,1408,1,belt_rock,4.2460029196316964E-05,0.92426,4.08298,-0.924374,1,41.6652,494158,outside_own_roche_hot_not_broken
400,1439,1,belt_rock,3.449798020311295E-05,0.868084,3.7155,-0.933466,1,44.5746,479088,outside_own_roche_hot_not_broken
400,1483,1,belt_rock,8.17287252687648E-07,0.93405,7.195,-0.638064,1,27.8926,723763,outside_own_roche_hot_not_broken
400,1485,1,belt_rock,9.364058502636399E-07,0.870925,6.53736,-0.924744,1,47.106,471833,outside_own_roche_hot_not_broken
400,1491,1,belt_rock,4.948829899383208E-05,0.87276,3.81563,-1.05711,1,47.2748,433334,outside_own_roche_hot_not_broken
400,1493,1,belt_rock,2.7119669110129766E-05,0.883889,4.04903,-1.0357,1,35.8439,481316,outside_own_roche_hot_not_broken
400,1512,1,belt_rock,2.4992053015998232E-05,0.949329,4.37886,-0.912212,1,31.5982,546326,outside_own_roche_hot_not_broken
400,1569,1,belt_rock,1.327403036808673E-05,0.616703,3.03888,-1.00283,1,43.1468,463084,outside_own_roche_hot_not_broken
400,1584,1,belt_rock,2.8006334866250525E-05,0.983471,4.48792,-0.646988,1,27.9901,716398,outside_own_roche_hot_not_broken
400,1644,1,belt_rock,1.1494473281459E-06,0.66381,7.48246,-0.962138,1,40.0672,488149,outside_own_roche_hot_not_broken
400,1652,1,belt_rock,8.036015874221759E-07,0.615294,4.75497,-0.972803,1,39.7945,485740,outside_own_roche_hot_not_broken
400,1655,1,belt_rock,7.321869508164544E-05,0.798382,3.40741,-0.939695,1,37.7002,506150,outside_own_roche_hot_not_broken
400,1717,1,belt_rock,6.521326459355203E-05,0.96317,3.89694,-0.62994,1,25.4483,753290,outside_own_roche_hot_not_broken
400,1726,1,belt_rock,6.971155458501688E-07,0.631833,7.89789,-0.970787,1,39.9153,485908,outside_own_roche_hot_not_broken
400,1733,1,belt_rock,2.347973710348831E-06,0.663204,4.22294,-0.963798,1,46.3851,462650,outside_own_roche_hot_not_broken
400,1739,1,belt_rock,9.087595189338775E-07,0.661691,5.08242,-1.02823,1,65.8603,385718,outside_own_roche_hot_not_broken
400,1741,1,belt_rock,0.00012007395615377616,0.585615,2.2755,-0.979256,1,44.7878,464005,outside_own_roche_hot_not_broken
400,1758,1,belt_rock,8.332167251620688E-05,0.97043,4.11224,-0.629864,1,25.0819,757007,outside_own_roche_hot_not_broken
400,1759,1,belt_rock,8.418777190064311E-05,0.951925,5.338,-0.657591,1,31.5023,679258,outside_own_roche_hot_not_broken
400,1787,1,belt_rock,2.2317840075037942E-05,0.95179,4.26763,-0.624626,1,25.0316,761745,outside_own_roche_hot_not_broken
400,1832,1,belt_rock,4.2652764523081694E-05,0.770955,3.40521,-1.0485,1,72.8886,364436,outside_own_roche_hot_not_broken
400,1870,1,belt_rock,6.576266724697411E-07,0.933194,7.49682,-0.646862,1,30.1044,697982,outside_own_roche_hot_not_broken
400,1874,1,belt_rock,0.00010481676535955368,0.998595,3.91179,-1.08605,1,70.9396,362001,outside_own_roche_hot_not_broken
400,1895,1,belt_rock,3.1088142483657866E-05,0.656885,2.97338,-0.96605,1,33.2098,517062,outside_own_roche_hot_not_broken
400,1910,1,belt_rock,1.1268171028213465E-05,0.53099,2.66814,-1.00494,1,57.0788,415585,outside_own_roche_hot_not_broken
400,1922,1,belt_rock,3.069091717874532E-06,0.957307,5.83381,-0.644039,1,28.3955,714879,outside_own_roche_hot_not_broken
400,1942,1,belt_rock,1.346995867260295E-06,0.977359,3.74658,-0.666711,1,33.0907,661040,outside_own_roche_hot_not_broken
400,1955,1,belt_rock,4.348398567282E-05,0.590214,2.6032,-0.979893,1,41.9112,474903,outside_own_roche_hot_not_broken
400,1996,1,belt_rock,5.589985624591199E-06,0.910791,5.04966,-1.07435,1,64.0272,380944,outside_own_roche_hot_not_broken
450,13,1,belt_rock,7.301354889356378E-07,0.635201,5.0982,-0.916205,1,46.1865,478162,outside_own_roche_hot_not_broken
450,16,1,belt_rock,2.163184684803496E-05,0.842786,5.55378,-0.858635,1,35.9106,546189,outside_own_roche_hot_not_broken
450,69,1,belt_rock,3.901280015250891E-05,0.977672,5.95591,-0.836123,1,26.387,612501,outside_own_roche_hot_not_broken
450,94,1,belt_rock,1.6836773819411585E-06,0.985157,6.64246,-0.839832,1,32.9491,570547,outside_own_roche_hot_not_broken
450,96,1,belt_rock,6.73813028667692E-07,0.876052,11.0288,-0.959436,1,55.8425,430869,outside_own_roche_hot_not_broken
450,116,1,belt_rock,2.224633234259358E-05,0.819393,3.82116,-0.919859,1,29.3535,554992,outside_own_roche_hot_not_broken
450,121,1,belt_rock,1.7787957704379382E-06,0.831823,8.58598,-1.6759,1,190.294,176135,outside_own_roche_hot_not_broken
450,159,1,belt_rock,1.4827623141554978E-06,0.234744,2.51287,-5.19475,1,65.9496,118647,outside_own_roche_hot_not_broken
450,160,1,belt_rock,2.828864175936968E-06,0.760576,4.69625,-0.935916,1,45.7327,473709,outside_own_roche_hot_not_broken
450,186,1,belt_rock,6.577332055508024E-07,0.731948,5.87993,-0.935574,1,49.7708,458463,outside_own_roche_hot_not_broken
450,200,1,belt_rock,6.657106373521731E-07,0.908639,7.2822,-0.850685,1,22.9845,627554,outside_own_roche_hot_not_broken
450,225,1,belt_rock,2.697741149420495E-06,0.703944,2.34059,-0.923546,1,41.9371,493280,outside_own_roche_hot_not_broken
450,231,1,belt_rock,8.88858516021005E-05,0.768934,3.24852,-0.940956,1,39.8361,496315,outside_own_roche_hot_not_broken
450,246,1,belt_rock,1.158554041804656E-06,0.5005,5.63255,-2.98632,1,1.30353,237844,outside_own_roche_hot_not_broken
450,247,1,belt_rock,0.00010861397704692734,0.904366,3.78457,-0.962797,1,57.9217,423372,outside_own_roche_hot_not_broken
450,264,1,belt_rock,1.2184436880334171E-05,0.86037,4.28189,-0.925931,1,28.6655,556085,outside_own_roche_hot_not_broken
450,294,1,belt_rock,0.00012308248318356014,0.755538,3.14476,-0.910733,1,28.8137,561924,outside_own_roche_hot_not_broken
450,368,1,belt_rock,1.7305637864581166E-05,0.827574,5.63926,-0.955332,1,48.1705,458535,outside_own_roche_hot_not_broken
450,376,1,belt_rock,1.0034627590666714E-05,0.800974,3.99582,-0.86484,1,33.5119,556306,outside_own_roche_hot_not_broken
450,377,1,belt_rock,1.6827052528707687E-06,0.900296,9.39613,-0.958839,1,38.5847,495543,outside_own_roche_hot_not_broken
450,396,1,belt_rock,6.225009049112881E-05,0.963579,3.91331,-0.84318,1,27.4427,602043,outside_own_roche_hot_not_broken
450,413,1,belt_rock,2.2892555462876223E-05,0.625343,2.90758,-0.899808,1,40.5056,507885,outside_own_roche_hot_not_broken
450,525,1,belt_rock,1.5419958499169078E-06,0.897109,6.14383,-0.847938,1,36.0869,549760,outside_own_roche_hot_not_broken
450,616,1,belt_rock,8.18217879601421E-06,0.669428,3.50454,-0.88786,1,36.4358,531637,outside_own_roche_hot_not_broken
450,617,1,belt_rock,5.557504651305043E-05,0.598177,2.59468,-0.899654,1,44.3461,491170,outside_own_roche_hot_not_broken
450,623,1,belt_rock,1.2530158011718365E-06,0.973539,6.92212,-0.960006,1,32.5987,522236,outside_own_roche_hot_not_broken
450,691,1,belt_rock,2.0449783241310703E-05,0.647095,3.04166,-0.893261,1,38.1509,521223,outside_own_roche_hot_not_broken
450,697,1,belt_rock,5.4997176006218115E-06,0.797587,4.42709,-0.942841,1,44.8934,474832,outside_own_roche_hot_not_broken
450,737,1,belt_rock,3.595797832041322E-06,0.781926,4.64756,-0.883089,1,24.6204,599702,outside_own_roche_hot_not_broken
450,739,1,belt_rock,4.430455529052298E-05,0.854687,5.12889,-0.956209,1,49.041,455099,outside_own_roche_hot_not_broken
450,786,1,belt_rock,4.765293064052728E-05,0.936381,5.57123,-0.839009,1,22.3387,638637,outside_own_roche_hot_not_broken
450,843,1,belt_rock,7.713343142684656E-07,0.845902,6.58877,-0.947818,1,41.8016,485706,outside_own_roche_hot_not_broken
450,872,1,belt_rock,2.4268674612332564E-06,0.922994,5.84475,-0.962344,1,48.3614,455785,outside_own_roche_hot_not_broken
450,877,1,belt_rock,9.775472823076994E-05,0.699238,2.75083,-0.897235,1,31.4584,553406,outside_own_roche_hot_not_broken
450,880,1,belt_rock,1.1923727274855613E-06,0.959201,6.88258,-0.969493,1,58.152,420982,outside_own_roche_hot_not_broken
450,945,1,belt_rock,0.0001221478665750242,0.358855,1.95023,-1.7199,1,184.616,177315,outside_own_roche_hot_not_broken
450,962,1,belt_rock,1.3620312997759259E-05,0.706122,3.46725,-0.932719,1,46.5811,471393,outside_own_roche_hot_not_broken
450,967,1,belt_rock,2.6560160660523208E-05,0.631687,2.77877,-0.912698,1,43.4481,490557,outside_own_roche_hot_not_broken
450,977,1,belt_rock,3.6016924596942088E-06,0.677791,6.10438,-0.914803,1,37.5537,515922,outside_own_roche_hot_not_broken
450,987,1,belt_rock,9.172057665996528E-06,0.8325,6.29019,-0.860218,1,30.7459,573827,outside_own_roche_hot_not_broken
450,1071,1,belt_rock,7.377244878524375E-05,0.768943,3.28039,-0.915193,1,31.3484,546385,outside_own_roche_hot_not_broken
450,1109,1,belt_rock,1.2438748069170338E-06,0.607279,4.32371,-0.904828,1,43.3145,493792,outside_own_roche_hot_not_broken
450,1118,1,belt_rock,5.7689262209639854E-05,0.984113,5.73296,-0.972867,1,58.938,417732,outside_own_roche_hot_not_broken
450,1201,1,belt_rock,3.174262665981588E-05,0.986402,4.45666,-0.979984,1,58.4095,417607,outside_own_roche_hot_not_broken
450,1208,1,belt_rock,6.958514882627006E-07,0.660457,8.25882,-0.915924,1,42.9026,491770,outside_own_roche_hot_not_broken
450,1255,1,belt_rock,1.8594550238212058E-06,0.759888,2.72816,-0.910421,1,28.7214,562572,outside_own_roche_hot_not_broken
450,1303,1,belt_rock,8.922052498361078E-07,0.699682,5.30029,-0.886978,1,34.3044,542758,outside_own_roche_hot_not_broken
450,1328,1,belt_rock,1.553270508424185E-05,0.897124,6.2162,-0.957886,1,46.5526,463797,outside_own_roche_hot_not_broken
450,1341,1,belt_rock,1.5725995585038536E-05,0.776856,3.75354,-0.879572,1,25.5653,595554,outside_own_roche_hot_not_broken
450,1407,1,belt_rock,6.733096414066795E-05,0.988021,4.23608,-0.842529,1,36.8853,547833,outside_own_roche_hot_not_broken
450,1408,1,belt_rock,4.2460029196316964E-05,0.642111,2.83657,-0.919226,1,42.0773,494157,outside_own_roche_hot_not_broken
450,1439,1,belt_rock,3.449798020311295E-05,0.657185,2.81283,-0.92704,1,45.0887,479088,outside_own_roche_hot_not_broken
450,1485,1,belt_rock,9.364058502636399E-07,0.64634,4.85158,-0.91797,1,47.6481,471832,outside_own_roche_hot_not_broken
450,1486,1,belt_rock,2.569929036493613E-05,0.946072,6.0851,-0.84655,1,27.9639,597068,outside_own_roche_hot_not_broken
450,1500,1,belt_rock,0.00010158250534497991,0.889475,1.76266,-0.847597,1,25.6296,611449,outside_own_roche_hot_not_broken
450,1503,1,belt_rock,0.00011086450836439259,0.641039,2.68006,-0.89279,1,38.7871,518392,outside_own_roche_hot_not_broken
450,1508,1,belt_rock,1.3432360486625381E-05,0.755197,3.7139,-0.876699,1,28.092,581628,outside_own_roche_hot_not_broken
450,1512,1,belt_rock,2.4992053015998232E-05,0.713524,3.29119,-0.908748,1,31.8749,546328,outside_own_roche_hot_not_broken
450,1644,1,belt_rock,1.1494473281459E-06,0.87662,9.88125,-0.956425,1,40.5241,488150,outside_own_roche_hot_not_broken
450,1652,1,belt_rock,8.036015874221759E-07,0.966262,7.46725,-0.968777,1,40.1169,485739,outside_own_roche_hot_not_broken
450,1653,1,belt_rock,7.221997716747379E-05,0.916961,3.91613,-0.845699,1,25.6704,612176,outside_own_roche_hot_not_broken
450,1655,1,belt_rock,7.321869508164544E-05,0.751628,3.20787,-0.933907,1,38.1628,506152,outside_own_roche_hot_not_broken
450,1659,1,belt_rock,1.180721414031133E-06,0.8487,6.10072,-0.8541,1,37.5616,539545,outside_own_roche_hot_not_broken
450,1676,1,belt_rock,1.1732535447126427E-05,0.820642,4.10111,-0.867401,1,26.7696,594125,outside_own_roche_hot_not_broken
450,1686,1,belt_rock,7.855190766223606E-07,0.83271,6.46333,-0.863582,1,40.6083,520828,outside_own_roche_hot_not_broken
450,1726,1,belt_rock,6.971155458501688E-07,0.926715,11.5839,-0.965867,1,40.3089,485907,outside_own_roche_hot_not_broken
450,1733,1,belt_rock,2.347973710348831E-06,0.833007,5.30416,-0.956614,1,46.9597,462650,outside_own_roche_hot_not_broken
450,1741,1,belt_rock,0.00012007395615377616,0.959744,3.72924,-0.974372,1,45.1789,464004,outside_own_roche_hot_not_broken
450,1761,1,belt_rock,4.894319215240835E-05,0.875835,5.19554,-0.853618,1,19.9757,647278,outside_own_roche_hot_not_broken
450,1769,1,belt_rock,6.987905178877002E-05,0.692588,2.96331,-0.879832,1,38.7781,523358,outside_own_roche_hot_not_broken
450,1955,1,belt_rock,4.348398567282E-05,0.998911,4.40581,-0.976547,1,42.1795,474901,outside_own_roche_hot_not_broken
450,1981,1,belt_rock,1.7718268023598462E-06,0.930057,6.21497,-1.66072,1,204.645,169279,outside_own_roche_hot_not_broken
500,16,1,belt_rock,2.163184684803496E-05,0.773801,5.09918,-0.853733,1,36.3022,546192,outside_own_roche_hot_not_broken
500,22,1,belt_rock,8.315027387182423E-05,0.853769,3.61877,-0.812406,1,22.6908,651574,outside_own_roche_hot_not_broken
500,58,1,belt_rock,6.567332992402851E-07,0.209967,1.68722,-1.61815,1,174.271,188106,outside_own_roche_hot_not_broken
500,69,1,belt_rock,3.901280015250891E-05,0.8074,4.91863,-0.833494,1,26.5966,612505,outside_own_roche_hot_not_broken
500,85,1,belt_rock,6.963240679292725E-07,0.993314,12.4193,-0.783569,1,21.2358,680782,outside_own_roche_hot_not_broken
500,93,1,belt_rock,9.022527107260299E-07,0.759104,5.73823,-1.4444,1,79.4132,293038,outside_own_roche_hot_not_broken
500,94,1,belt_rock,1.6836773819411585E-06,0.726685,4.8997,-0.836747,1,33.196,570547,outside_own_roche_hot_not_broken
500,121,1,belt_rock,1.7787957704379382E-06,0.599269,6.18559,-1.66135,1,191.455,176136,outside_own_roche_hot_not_broken
500,159,1,belt_rock,1.4827623141554978E-06,0.176632,1.89079,-5.19307,1,66.0845,118647,outside_own_roche_hot_not_broken
500,193,1,belt_rock,8.409116665768263E-06,0.890972,4.6473,-0.826013,1,19.902,664459,outside_own_roche_hot_not_broken
500,200,1,belt_rock,6.657106373521731E-07,0.89342,7.16023,-0.848029,1,23.1959,627562,outside_own_roche_hot_not_broken
500,237,1,belt_rock,6.102036428621735E-05,0.862368,4.99297,-0.801205,1,23.4791,652376,outside_own_roche_hot_not_broken
500,240,1,belt_rock,1.7010436062457034E-06,0.763521,7.95144,-0.836172,1,28.7884,597103,outside_own_roche_hot_not_broken
500,246,1,belt_rock,1.158554041804656E-06,0.437045,4.91843,-2.98481,1,1.42418,237844,outside_own_roche_hot_not_broken
500,318,1,belt_rock,3.8607115886229345E-06,0.950991,8.43849,-0.789172,1,27.9083,627536,outside_own_roche_hot_not_broken
500,324,1,belt_rock,1.3206366585468799E-05,0.816093,5.80007,-0.826895,1,24.5351,629995,outside_own_roche_hot_not_broken
500,340,1,belt_rock,6.660694634435303E-05,0.992948,4.25995,-0.784932,1,17.7367,709441,outside_own_roche_hot_not_broken
500,376,1,belt_rock,1.0034627590666714E-05,0.833949,4.16032,-0.860274,1,33.8764,556310,outside_own_roche_hot_not_broken
500,396,1,belt_rock,6.225009049112881E-05,0.795137,3.22923,-0.840321,1,27.6706,602048,outside_own_roche_hot_not_broken
500,418,1,belt_rock,6.566668068236153E-07,0.858468,7.04001,-0.80018,1,29.6812,609763,outside_own_roche_hot_not_broken
500,451,1,belt_rock,5.0078647692493076E-06,0.742457,4.17457,-0.813764,1,32.2383,586937,outside_own_roche_hot_not_broken
500,494,1,belt_rock,6.34502903678004E-05,0.966849,5.57477,-0.781814,1,26.5369,641343,outside_own_roche_hot_not_broken
500,525,1,belt_rock,1.5419958499169078E-06,0.737543,5.05105,-0.843417,1,36.4482,549762,outside_own_roche_hot_not_broken
500,600,1,belt_rock,2.541242279226064E-05,0.782433,5.03988,-0.820961,1,27.2755,614639,outside_own_roche_hot_not_broken
500,602,1,belt_rock,6.64030985832495E-07,0.884494,11.1692,-0.802078,1,26.0818,633057,outside_own_roche_hot_not_broken
500,616,1,belt_rock,8.18217879601421E-06,0.989124,5.17818,-0.884571,1,36.6988,531638,outside_own_roche_hot_not_broken
500,625,1,belt_rock,8.789445532453747E-05,0.851616,3.37325,-0.805902,1,26.6206,627186,outside_own_roche_hot_not_broken
500,658,1,belt_rock,1.1865097062911486E-05,0.986861,4.92362,-0.788917,1,16.8953,714074,outside_own_roche_hot_not_broken
500,684,1,belt_rock,1.0710310832703353E-05,0.251229,1.27468,-1.59437,1,133.815,218592,outside_own_roche_hot_not_broken
500,769,1,belt_rock,4.4430291981534104E-05,0.891389,5.34595,-0.795626,1,24.7052,646618,outside_own_roche_hot_not_broken
500,786,1,belt_rock,4.765293064052728E-05,0.89327,5.31474,-0.836542,1,22.5349,638645,outside_own_roche_hot_not_broken
500,832,1,belt_rock,4.020570368839026E-06,0.257491,1.50446,-1.55317,1,130.67,224114,outside_own_roche_hot_not_broken
500,867,1,belt_rock,7.411791933590053E-05,0.550506,2.20784,-1.55728,1,125.936,228056,outside_own_roche_hot_not_broken
500,945,1,belt_rock,0.0001221478665750242,0.980235,5.32717,-1.68332,1,187.546,177313,outside_own_roche_hot_not_broken
500,987,1,belt_rock,9.172057665996528E-06,0.83771,6.32955,-0.856162,1,31.0695,573832,outside_own_roche_hot_not_broken
500,994,1,belt_rock,5.073102656835719E-05,0.728709,3.00919,-0.828407,1,31.8357,582337,outside_own_roche_hot_not_broken
500,1028,1,belt_rock,1.9467089848577998E-05,0.932306,4.41288,-1.4957,1,115.212,243253,outside_own_roche_hot_not_broken
500,1070,1,belt_rock,6.750423070272806E-07,0.714046,8.98582,-1.56806,1,228.548,161394,outside_own_roche_hot_not_broken
500,1075,1,belt_rock,7.897193075790433E-06,0.89492,4.70461,-0.795878,1,25.439,641147,outside_own_roche_hot_not_broken
500,1085,1,belt_rock,4.479118374615934E-05,0.794456,3.4957,-0.817725,1,27.3099,616127,outside_own_roche_hot_not_broken
500,1108,1,belt_rock,1.1137183893734898E-06,0.907208,6.59213,-0.792062,1,22.7977,663073,outside_own_roche_hot_not_broken
500,1111,1,belt_rock,3.0322288565435997E-05,0.830103,3.76322,-0.801536,1,29.9451,607350,outside_own_roche_hot_not_broken
500,1165,1,belt_rock,5.396082938469288E-06,0.411503,2.30266,-1.59656,1,143.622,210550,outside_own_roche_hot_not_broken
500,1187,1,belt_rock,1.7130688190867056E-05,0.943465,6.43628,-0.794211,1,18.7847,694012,outside_own_roche_hot_not_broken
500,1206,1,belt_rock,8.442798734377042E-07,0.953554,4.06347,-0.785662,1,25.0315,650082,outside_own_roche_hot_not_broken
500,1289,1,belt_rock,5.010288387683074E-06,0.585306,3.31018,-1.58111,1,181.327,185605,outside_own_roche_hot_not_broken
500,1293,1,belt_rock,3.712196245283621E-06,0.76292,4.5096,-0.830204,1,28.525,601762,outside_own_roche_hot_not_broken
500,1303,1,belt_rock,8.922052498361078E-07,0.95605,7.24235,-0.883327,1,34.5961,542760,outside_own_roche_hot_not_broken
500,1309,1,belt_rock,3.647692625755359E-05,0.958448,4.07908,-0.78823,1,18.7073,698730,outside_own_roche_hot_not_broken
500,1315,1,belt_rock,4.845988860618527E-05,0.73355,4.35561,-0.827174,1,31.3113,586059,outside_own_roche_hot_not_broken
500,1358,1,belt_rock,1.9615986830551907E-05,0.895028,5.98269,-0.802153,1,21.7851,664657,outside_own_roche_hot_not_broken
500,1363,1,belt_rock,9.107889746462705E-07,0.808297,6.09919,-0.829874,1,25.9704,618579,outside_own_roche_hot_not_broken
500,1407,1,belt_rock,6.733096414066795E-05,0.687919,2.94942,-0.839144,1,37.1564,547830,outside_own_roche_hot_not_broken
500,1486,1,belt_rock,2.569929036493613E-05,0.795147,5.11435,-0.843478,1,28.2089,597072,outside_own_roche_hot_not_broken
500,1500,1,belt_rock,0.00010158250534497991,0.867615,1.71934,-0.844519,1,25.8748,611455,outside_own_roche_hot_not_broken
500,1508,1,belt_rock,1.3432360486625381E-05,0.990327,4.87022,-0.874088,1,28.3005,581630,outside_own_roche_hot_not_broken
500,1591,1,belt_rock,3.560392368572573E-06,0.35442,2.10982,-1.6085,1,237.57,155992,outside_own_roche_hot_not_broken
500,1653,1,belt_rock,7.221997716747379E-05,0.845877,3.61254,-0.842705,1,25.9089,612183,outside_own_roche_hot_not_broken
500,1659,1,belt_rock,1.180721414031133E-06,0.757147,5.44261,-0.848984,1,37.9703,539547,outside_own_roche_hot_not_broken
500,1670,1,belt_rock,0.0001230702731353458,0.928157,3.86296,-0.797659,1,18.9805,690058,outside_own_roche_hot_not_broken
500,1676,1,belt_rock,1.1732535447126427E-05,0.905897,4.52717,-0.864141,1,27.0296,594131,outside_own_roche_hot_not_broken
500,1682,1,belt_rock,1.2358751165267207E-05,0.997561,4.95033,-0.778559,1,25.7711,648817,outside_own_roche_hot_not_broken
500,1686,1,belt_rock,7.855190766223606E-07,0.741535,5.75565,-0.857849,1,41.0666,520829,outside_own_roche_hot_not_broken
500,1725,1,belt_rock,1.3488971464294364E-05,0.912769,6.46519,-0.805409,1,19.2269,682912,outside_own_roche_hot_not_broken
500,1756,1,belt_rock,1.2428109523364325E-05,0.979443,4.87428,-1.51019,1,147.216,213155,outside_own_roche_hot_not_broken
500,1757,1,belt_rock,1.9085166187942505E-05,0.768841,5.15958,-0.813689,1,29.3977,604619,outside_own_roche_hot_not_broken
500,1769,1,belt_rock,6.987905178877002E-05,0.906443,3.8783,-0.874925,1,39.1701,523360,outside_own_roche_hot_not_broken
500,1807,1,belt_rock,7.152092083331152E-07,0.997356,7.8826,-0.779757,1,26.104,645673,outside_own_roche_hot_not_broken
500,1813,1,belt_rock,6.228224419637998E-05,0.708784,1.46564,-0.826406,1,34.1267,569958,outside_own_roche_hot_not_broken
500,1867,1,belt_rock,2.7359345033430177E-06,0.871114,5.40813,-0.797678,1,30.2582,607320,outside_own_roche_hot_not_broken
500,1929,1,belt_rock,1.001534770526575E-05,0.659752,4.92623,-1.57679,1,223.894,163217,outside_own_roche_hot_not_broken
500,1981,1,belt_rock,1.7718268023598462E-06,0.474878,3.1733,-1.63871,1,206.399,169282,outside_own_roche_hot_not_broken
550,59,1,belt_rock,8.636542180844972E-05,0.695401,2.94394,-1.31622,1,119.653,253977,outside_own_roche_hot_not_broken
550,75,1,belt_rock,3.043951604105313E-05,0.81826,5.14291,-0.769705,1,26.8257,646276,outside_own_roche_hot_not_broken
550,85,1,belt_rock,6.963240679292725E-07,0.930285,11.6313,-0.781551,1,21.3958,680794,outside_own_roche_hot_not_broken
550,93,1,belt_rock,9.022527107260299E-07,0.58547,4.42569,-1.43134,1,80.4573,293039,outside_own_roche_hot_not_broken
550,134,1,belt_rock,1.4397576836317145E-05,0.45073,2.20551,-1.41255,1,82.849,291709,outside_own_roche_hot_not_broken
550,155,1,belt_rock,8.94543178490519E-05,0.468946,1.98141,-1.43006,1,85.1434,286307,outside_own_roche_hot_not_broken
550,159,1,belt_rock,1.4827623141554978E-06,0.183408,1.96333,-5.08852,1,74.4479,118647,outside_own_roche_hot_not_broken
550,165,1,belt_rock,6.401611695218777E-05,0.876453,3.76841,-0.752793,1,24.6013,673532,outside_own_roche_hot_not_broken
550,166,1,belt_rock,6.078884194825134E-06,0.795207,4.36607,-1.41988,1,112.936,252209,outside_own_roche_hot_not_broken
550,168,1,belt_rock,6.566668509942685E-07,0.817787,6.57157,-0.778522,1,27.4086,636993,outside_own_roche_hot_not_broken
550,170,1,belt_rock,6.770905541343883E-07,0.921106,7.35779,-0.749983,1,23.4913,684299,outside_own_roche_hot_not_broken
550,177,1,belt_rock,1.0654382583018515E-05,0.236075,1.74363,-1.44578,1,189.864,186995,outside_own_roche_hot_not_broken
550,246,1,belt_rock,1.158554041804656E-06,0.50291,5.65967,-2.98606,1,1.3238,237844,outside_own_roche_hot_not_broken
550,307,1,belt_rock,0.00010955105503733567,0.637783,2.66889,-1.42101,1,90.3834,279971,outside_own_roche_hot_not_broken
550,318,1,belt_rock,3.8607115886229345E-06,0.836557,7.42308,-0.786244,1,28.1416,627542,outside_own_roche_hot_not_broken
550,378,1,belt_rock,1.6697455561173104E-06,0.858939,8.97835,-1.35219,1,70.8567,319118,outside_own_roche_hot_not_broken
550,405,1,belt_rock,2.7992561055251248E-05,0.846896,5.38242,-0.761599,1,25.6172,660143,outside_own_roche_hot_not_broken
550,418,1,belt_rock,6.566668068236153E-07,0.877652,7.19733,-0.796669,1,29.9609,609771,outside_own_roche_hot_not_broken
550,437,1,belt_rock,1.1025318949334356E-05,0.935852,4.60317,-0.777091,1,20.1802,693793,outside_own_roche_hot_not_broken
550,455,1,belt_rock,1.3142077795114273E-06,0.928622,6.54553,-0.747684,1,21.8271,699789,outside_own_roche_hot_not_broken
550,477,1,belt_rock,7.593427859692768E-05,0.529954,2.25809,-1.35733,1,76.3692,308896,outside_own_roche_hot_not_broken
550,494,1,belt_rock,6.34502903678004E-05,0.853438,4.92085,-0.779146,1,26.7493,641350,outside_own_roche_hot_not_broken
550,537,1,belt_rock,1.880332108505585E-05,0.500816,2.37759,-1.36428,1,78.1345,305068,outside_own_roche_hot_not_broken
550,554,1,belt_rock,1.3047195379484566E-05,0.643176,3.18079,-1.45815,1,187.362,187926,outside_own_roche_hot_not_broken
550,602,1,belt_rock,6.64030985832495E-07,0.910108,11.4926,-0.799165,1,26.3135,633066,outside_own_roche_hot_not_broken
550,625,1,belt_rock,8.789445532453747E-05,0.936109,3.70793,-0.802989,1,26.8523,627195,outside_own_roche_hot_not_broken
550,686,1,belt_rock,6.00931993505896E-05,0.780012,3.36928,-1.40462,1,89.974,282352,outside_own_roche_hot_not_broken
550,769,1,belt_rock,4.4430291981534104E-05,0.938081,5.62598,-0.792994,1,24.9144,646628,outside_own_roche_hot_not_broken
550,779,1,belt_rock,6.998887632786786E-06,0.994061,5.31603,-0.769573,1,17.4714,722850,outside_own_roche_hot_not_broken
550,867,1,belt_rock,7.411791933590053E-05,0.825298,3.30992,-1.54164,1,127.188,228055,outside_own_roche_hot_not_broken
550,929,1,belt_rock,0.00011350288795158547,0.991137,4.13924,-0.763334,1,17.35,728571,outside_own_roche_hot_not_broken
550,1008,1,belt_rock,7.920624891384338E-05,0.346317,1.47222,-1.39629,1,88.5194,285343,outside_own_roche_hot_not_broken
550,1028,1,belt_rock,1.9467089848577998E-05,0.40388,1.91168,-1.47221,1,117.087,243257,outside_own_roche_hot_not_broken
550,1070,1,belt_rock,6.750423070272806E-07,0.779264,9.80655,-1.5557,1,229.536,161394,outside_own_roche_hot_not_broken
550,1075,1,belt_rock,7.897193075790433E-06,0.918049,4.8262,-0.793101,1,25.6598,641157,outside_own_roche_hot_not_broken
550,1108,1,belt_rock,1.1137183893734898E-06,0.96882,7.03983,-0.789772,1,22.9795,663084,outside_own_roche_hot_not_broken
550,1111,1,belt_rock,3.0322288565435997E-05,0.90536,4.1044,-0.798058,1,30.2221,607357,outside_own_roche_hot_not_broken
550,1126,1,belt_rock,0.00012051137197200893,0.895521,3.73024,-0.766184,1,21.9649,686193,outside_own_roche_hot_not_broken
550,1165,1,belt_rock,5.396082938469288E-06,0.937719,5.24722,-1.57079,1,145.687,210548,outside_own_roche_hot_not_broken
550,1191,1,belt_rock,0.0001248526236144976,0.959605,3.99135,-0.764123,1,18.1949,720231,outside_own_roche_hot_not_broken
550,1200,1,belt_rock,6.624167436905334E-07,0.317796,2.60152,-1.51985,1,174.176,193168,outside_own_roche_hot_not_broken
550,1206,1,belt_rock,8.442798734377042E-07,0.883375,3.7644,-0.783078,1,25.2371,650091,outside_own_roche_hot_not_broken
550,1229,1,belt_rock,2.981439456329362E-05,0.302818,1.58516,-1.46215,1,168.536,200107,outside_own_roche_hot_not_broken
550,1267,1,belt_rock,1.758532215075069E-05,0.835925,3.98783,-0.762106,1,26.3187,654530,outside_own_roche_hot_not_broken
550,1274,1,belt_rock,6.689211478073642E-07,0.953566,12.0229,-0.757527,1,18.6456,720931,outside_own_roche_hot_not_broken
550,1289,1,belt_rock,5.010288387683074E-06,0.848777,4.80022,-1.56599,1,182.538,185604,outside_own_roche_hot_not_broken
550,1295,1,belt_rock,2.588496501680819E-06,0.956378,5.99172,-1.30346,1,89.231,295244,outside_own_roche_hot_not_broken
550,1304,1,belt_rock,1.695120709535916E-05,0.961748,6.56987,-0.753301,1,18.3076,727134,outside_own_roche_hot_not_broken
550,1321,1,belt_rock,4.6269287599687955E-05,0.563591,2.34795,-1.44507,1,104.637,259406,outside_own_roche_hot_not_broken
550,1379,1,belt_rock,7.1542502385896115E-06,0.816984,4.29234,-0.774765,1,27.7783,636502,outside_own_roche_hot_not_broken
550,1385,1,belt_rock,1.1415810687433403E-05,0.845948,6.15471,-0.770051,1,24.7136,661882,outside_own_roche_hot_not_broken
550,1507,1,belt_rock,1.4608993864857097E-05,0.819733,4.0012,-1.4223,1,118.795,245646,outside_own_roche_hot_not_broken
550,1523,1,belt_rock,0.0001138886429393924,0.394213,1.64693,-1.41463,1,85.6323,287381,outside_own_roche_hot_not_broken
550,1574,1,belt_rock,6.153870205146155E-05,0.350283,2.02787,-1.47594,1,203.134,177866,outside_own_roche_hot_not_broken
550,1640,1,belt_rock,8.69927307519916E-05,0.652896,3.65398,-1.30779,1,197.823,188900,outside_own_roche_hot_not_broken
550,1647,1,belt_rock,6.567082144156321E-07,0.985497,7.91916,-0.736777,1,21.2005,712880,outside_own_roche_hot_not_broken
550,1682,1,belt_rock,1.2358751165267207E-05,0.851469,4.22536,-0.776176,1,25.9609,648823,outside_own_roche_hot_not_broken
550,1710,1,belt_rock,1.118385335029651E-06,0.348768,3.95338,-1.47575,1,103.17,258248,outside_own_roche_hot_not_broken
550,1756,1,belt_rock,1.2428109523364325E-05,0.365292,1.81791,-1.47862,1,149.735,213160,outside_own_roche_hot_not_broken
550,1785,1,belt_rock,4.703611247583584E-06,0.953913,5.38147,-0.748628,1,21.1271,705184,outside_own_roche_hot_not_broken
550,1794,1,belt_rock,1.3896780784160195E-06,0.772146,5.38773,-1.40477,1,88.7532,284049,outside_own_roche_hot_not_broken
550,1800,1,belt_rock,0.0001247861782887393,0.695488,3.77227,-1.44823,1,159.735,207306,outside_own_roche_hot_not_broken
550,1807,1,belt_rock,7.152092083331152E-07,0.845515,6.68252,-0.777345,1,26.2962,645679,outside_own_roche_hot_not_broken
550,1847,1,belt_rock,2.0921773759374507E-05,0.685672,4.54782,-1.448,1,158.222,208464,outside_own_roche_hot_not_broken
550,1867,1,belt_rock,2.7359345033430177E-06,0.858417,5.3293,-0.794081,1,30.5449,607327,outside_own_roche_hot_not_broken
550,1872,1,belt_rock,2.5605471292281518E-06,0.932156,5.85045,-0.748858,1,22.3735,694344,outside_own_roche_hot_not_broken
550,1898,1,belt_rock,8.135500548414582E-07,0.662781,2.89013,-1.31908,1,71.213,323257,outside_own_roche_hot_not_broken
550,1929,1,belt_rock,1.001534770526575E-05,0.823105,6.14595,-1.56366,1,224.945,163217,outside_own_roche_hot_not_broken
550,1940,1,belt_rock,2.2108686677391142E-05,0.825486,5.43374,-1.36142,1,72.1962,315456,outside_own_roche_hot_not_broken
550,1983,1,belt_rock,6.833698821645656E-07,0.706657,5.63464,-1.40752,1,85.8169,287937,outside_own_roche_hot_not_broken
600,14,1,belt_rock,2.8671295820214597E-05,0.371598,1.69448,-1.28336,1,83.6775,306592,outside_own_roche_hot_not_broken
600,59,1,belt_rock,8.636542180844972E-05,0.719438,3.0457,-1.30325,1,120.688,253980,outside_own_roche_hot_not_broken
600,65,1,belt_rock,8.304769814433225E-05,0.593332,2.3603,-1.32362,1,65.1723,333985,outside_own_roche_hot_not_broken
600,134,1,belt_rock,1.4397576836317145E-05,0.890754,4.35864,-1.39617,1,84.1594,291710,outside_own_roche_hot_not_broken
600,144,1,belt_rock,1.418335411047879E-05,0.363735,1.78107,-1.39816,1,119.202,247266,outside_own_roche_hot_not_broken
600,155,1,belt_rock,8.94543178490519E-05,0.872161,3.6851,-1.41376,1,86.4476,286307,outside_own_roche_hot_not_broken
600,159,1,belt_rock,1.4827623141554978E-06,0.245404,2.62698,-5.10147,1,73.4111,118647,outside_own_roche_hot_not_broken
600,166,1,belt_rock,6.078884194825134E-06,0.589533,3.23681,-1.40564,1,114.073,252213,outside_own_roche_hot_not_broken
600,170,1,belt_rock,6.770905541343883E-07,0.99174,7.92201,-0.747789,1,23.665,684315,outside_own_roche_hot_not_broken
600,176,1,belt_rock,3.0006507538053732E-06,0.853629,7.95761,-1.22252,1,101.288,286967,outside_own_roche_hot_not_broken
600,246,1,belt_rock,1.158554041804656E-06,0.434644,4.89141,-2.98524,1,1.38985,237844,outside_own_roche_hot_not_broken
600,267,1,belt_rock,1.048620642138604E-06,0.73829,5.42519,-1.32306,1,75.9265,314308,outside_own_roche_hot_not_broken
600,307,1,belt_rock,0.00010955105503733567,0.725833,3.03734,-1.40816,1,91.4109,279972,outside_own_roche_hot_not_broken
600,311,1,belt_rock,5.6319548543963576E-05,0.528528,2.1654,-1.26373,1,67.8582,338148,outside_own_roche_hot_not_broken
600,362,1,belt_rock,2.675046522657254E-05,0.418573,1.84099,-1.28102,1,102.74,278393,outside_own_roche_hot_not_broken
600,378,1,belt_rock,1.6697455561173104E-06,0.491941,5.14218,-1.33869,1,71.9339,319122,outside_own_roche_hot_not_broken
600,415,1,belt_rock,3.173377727381647E-05,0.783443,3.54238,-1.34047,1,111.35,261370,outside_own_roche_hot_not_broken
600,423,1,belt_rock,3.635126064836267E-05,0.991828,6.09317,-0.714289,1,18.9121,751193,outside_own_roche_hot_not_broken
600,477,1,belt_rock,7.593427859692768E-05,0.824379,3.5126,-1.3437,1,77.4584,308899,outside_own_roche_hot_not_broken
600,518,1,belt_rock,7.89669010602895E-07,0.983233,11.975,-0.714079,1,18.9856,750633,outside_own_roche_hot_not_broken
600,526,1,belt_rock,0.00012282084840867837,0.797584,3.3207,-1.21769,1,64.2792,353335,outside_own_roche_hot_not_broken
600,537,1,belt_rock,1.880332108505585E-05,0.851338,4.04168,-1.34986,1,79.2858,305072,outside_own_roche_hot_not_broken
600,554,1,belt_rock,1.3047195379484566E-05,0.822676,4.0685,-1.44449,1,188.454,187926,outside_own_roche_hot_not_broken
600,628,1,belt_rock,9.341724511972494E-07,0.676828,7.96112,-1.32878,1,73.8174,317190,outside_own_roche_hot_not_broken
600,660,1,belt_rock,1.1669731316942732E-05,0.83439,4.08103,-1.20716,1,63.4441,357038,outside_own_roche_hot_not_broken
600,662,1,belt_rock,1.2698754398678164E-05,0.409917,1.98297,-1.29832,1,66.5152,335321,outside_own_roche_hot_not_broken
600,665,1,belt_rock,1.7712067367314725E-05,0.402645,1.86045,-1.27559,1,68.6459,334706,outside_own_roche_hot_not_broken
600,668,1,belt_rock,2.4532801062004895E-05,0.224579,1.45564,-1.41211,1,171.476,200855,outside_own_roche_hot_not_broken
600,686,1,belt_rock,6.00931993505896E-05,0.580703,2.50836,-1.39098,1,91.0631,282355,outside_own_roche_hot_not_broken
600,690,1,belt_rock,2.0487232111870796E-05,0.959631,2.25854,-0.726122,1,20.4192,727715,outside_own_roche_hot_not_broken
600,709,1,belt_rock,6.969675955960486E-06,0.601731,4.79397,-1.33291,1,70.7736,322041,outside_own_roche_hot_not_broken
600,714,1,belt_rock,4.592437645712026E-05,0.809479,4.84022,-1.33029,1,96.1287,282061,outside_own_roche_hot_not_broken
600,748,1,belt_rock,4.747792045346081E-05,0.980134,4.29462,-0.72621,1,20.693,725121,outside_own_roche_hot_not_broken
600,983,1,belt_rock,8.425043143985532E-06,0.90247,6.93574,-1.21641,1,82.9772,316891,outside_own_roche_hot_not_broken
600,1003,1,belt_rock,5.271623584532397E-05,0.415932,1.81148,-1.37705,1,93.2138,280916,outside_own_roche_hot_not_broken
600,1112,1,belt_rock,6.183001883300503E-07,0.972948,4.45507,-0.729691,1,21.0116,719667,outside_own_roche_hot_not_broken
600,1142,1,belt_rock,1.1447247312755778E-06,0.956405,6.91435,-1.16083,1,73.1454,344145,outside_own_roche_hot_not_broken
600,1143,1,belt_rock,4.947486762541453E-05,0.552094,3.27318,-1.24314,1,64.0889,349346,outside_own_roche_hot_not_broken
600,1149,1,belt_rock,6.999064995170157E-07,0.645103,5.11999,-1.29029,1,57.2569,356007,outside_own_roche_hot_not_broken
600,1169,1,belt_rock,4.686284621592993E-06,0.260972,1.49034,-1.35191,1,175.085,201711,outside_own_roche_hot_not_broken
600,1211,1,belt_rock,3.9427931333678005E-06,0.989734,5.79998,-1.30875,1,91.9958,290460,outside_own_roche_hot_not_broken
600,1216,1,belt_rock,6.610392938527892E-07,0.972714,7.96614,-1.18757,1,58.9471,371101,outside_own_roche_hot_not_broken
600,1295,1,belt_rock,2.588496501680819E-06,0.405354,2.53955,-1.28624,1,90.608,295245,outside_own_roche_hot_not_broken
600,1317,1,belt_rock,7.139985776542619E-05,0.59273,2.53409,-1.36843,1,155.942,215254,outside_own_roche_hot_not_broken
600,1321,1,belt_rock,4.6269287599687955E-05,0.806154,3.35849,-1.43043,1,105.809,259405,outside_own_roche_hot_not_broken
600,1399,1,belt_rock,8.005162457164477E-05,0.94674,4.02243,-1.31534,1,97.0911,282388,outside_own_roche_hot_not_broken
600,1445,1,belt_rock,6.3907314613297145E-06,0.962944,5.24419,-1.30067,1,74.2128,320487,outside_own_roche_hot_not_broken
600,1446,1,belt_rock,4.113859782316302E-06,0.377656,2.19891,-1.38258,1,97.3655,274710,outside_own_roche_hot_not_broken
600,1507,1,belt_rock,1.4608993864857097E-05,0.567927,2.77211,-1.40731,1,119.991,245649,outside_own_roche_hot_not_broken
600,1523,1,belt_rock,0.0001138886429393924,0.945541,3.95026,-1.39727,1,87.0209,287381,outside_own_roche_hot_not_broken
600,1533,1,belt_rock,8.14893470761004E-07,0.621717,4.79178,-1.25193,1,93.8741,294452,outside_own_roche_hot_not_broken
600,1622,1,belt_rock,1.0315388663129851E-05,0.38573,1.96208,-1.28604,1,103.043,277441,outside_own_roche_hot_not_broken
600,1626,1,belt_rock,2.895732438281332E-05,0.406709,2.57674,-1.27407,1,67.8113,336592,outside_own_roche_hot_not_broken
600,1627,1,belt_rock,2.851538515269608E-06,0.408304,1.34821,-1.30807,1,65.3588,336063,outside_own_roche_hot_not_broken
600,1640,1,belt_rock,8.69927307519916E-05,0.842735,4.71643,-1.29411,1,198.914,188902,outside_own_roche_hot_not_broken
600,1647,1,belt_rock,6.567082144156321E-07,0.995739,8.00146,-0.734891,1,21.3494,712898,outside_own_roche_hot_not_broken
600,1691,1,belt_rock,2.3816228147703187E-05,0.666544,3.09186,-1.33252,1,76.5146,311999,outside_own_roche_hot_not_broken
600,1710,1,belt_rock,1.118385335029651E-06,0.978714,11.094,-1.45284,1,105.004,258246,outside_own_roche_hot_not_broken
600,1794,1,belt_rock,1.3896780784160195E-06,0.588002,4.10285,-1.39133,1,89.8271,284051,outside_own_roche_hot_not_broken
600,1800,1,belt_rock,0.0001247861782887393,0.749178,4.06348,-1.4353,1,160.768,207307,outside_own_roche_hot_not_broken
600,1847,1,belt_rock,2.0921773759374507E-05,0.75692,5.02037,-1.43499,1,159.261,208465,outside_own_roche_hot_not_broken
600,1898,1,belt_rock,8.135500548414582E-07,0.699931,3.05213,-1.30735,1,72.1507,323257,outside_own_roche_hot_not_broken
600,1901,1,belt_rock,8.974658211657579E-05,0.948806,5.28951,-0.734503,1,22.0467,707020,outside_own_roche_hot_not_broken
600,1904,1,belt_rock,3.399896616522103E-06,0.353676,1.12544,-1.2873,1,93.5902,290639,outside_own_roche_hot_not_broken
600,1940,1,belt_rock,2.2108686677391142E-05,0.52458,3.45303,-1.34812,1,73.258,315459,outside_own_roche_hot_not_broken
600,1957,1,belt_rock,4.546050945647867E-05,0.857465,3.57716,-1.33394,1,130.566,240778,outside_own_roche_hot_not_broken
600,1983,1,belt_rock,6.833698821645656E-07,0.654078,5.21539,-1.39494,1,86.8227,287939,outside_own_roche_hot_not_broken
650,42,1,belt_rock,9.044688466255514E-06,0.994708,5.14737,-1.12595,1,72.0814,352325,outside_own_roche_hot_not_broken
650,65,1,belt_rock,8.304769814433225E-05,0.765064,3.04346,-1.31193,1,66.1065,333987,outside_own_roche_hot_not_broken
650,111,1,belt_rock,1.678696995073673E-05,0.457113,2.19569,-1.18291,1,66.924,353634,outside_own_roche_hot_not_broken
650,127,1,belt_rock,3.683816768457644E-05,0.953485,5.85455,-1.11877,1,59.0676,384549,outside_own_roche_hot_not_broken
650,135,1,belt_rock,5.258303751555807E-06,0.816771,4.54575,-1.2301,1,54.3783,373934,outside_own_roche_hot_not_broken
650,144,1,belt_rock,1.418335411047879E-05,0.987374,4.83478,-1.37178,1,121.315,247264,outside_own_roche_hot_not_broken
650,150,1,belt_rock,6.148470791553775E-06,0.668672,1.9046,-1.16232,1,82.7225,325154,outside_own_roche_hot_not_broken
650,159,1,belt_rock,1.4827623141554978E-06,0.305487,3.27015,-5.12361,1,71.6396,118648,outside_own_roche_hot_not_broken
650,176,1,belt_rock,3.0006507538053732E-06,0.541009,5.04333,-1.20745,1,102.493,286967,outside_own_roche_hot_not_broken
650,203,1,belt_rock,6.700652613383534E-07,0.955929,7.80711,-1.12326,1,63.571,372362,outside_own_roche_hot_not_broken
650,246,1,belt_rock,1.158554041804656E-06,0.504097,5.67303,-2.9858,1,1.34434,237844,outside_own_roche_hot_not_broken
650,250,1,belt_rock,3.061408992850387E-05,0.490851,2.22524,-1.18124,1,99.4549,294565,outside_own_roche_hot_not_broken
650,267,1,belt_rock,1.048620642138604E-06,0.625852,4.59896,-1.31086,1,76.9013,314310,outside_own_roche_hot_not_broken
650,290,1,belt_rock,4.489785357970836E-06,0.306761,1.76293,-1.29616,1,112.155,264687,outside_own_roche_hot_not_broken
650,305,1,belt_rock,1.1119287236353387E-05,0.543921,2.73999,-1.17638,1,86.4835,316358,outside_own_roche_hot_not_broken
650,311,1,belt_rock,5.6319548543963576E-05,0.843302,3.45505,-1.25141,1,68.8418,338152,outside_own_roche_hot_not_broken
650,362,1,belt_rock,2.675046522657254E-05,0.953812,4.1951,-1.26118,1,104.323,278398,outside_own_roche_hot_not_broken
650,407,1,belt_rock,9.537164663850703E-05,0.469611,1.85071,-1.18516,1,71.8537,342794,outside_own_roche_hot_not_broken
650,415,1,belt_rock,3.173377727381647E-05,0.612983,2.77163,-1.32673,1,112.445,261375,outside_own_roche_hot_not_broken
650,435,1,belt_rock,1.2714545665413913E-05,0.839374,6.01414,-1.13086,1,58.0813,384599,outside_own_roche_hot_not_broken
650,439,1,belt_rock,1.1123448839321772E-05,0.423282,2.1333,-1.18536,1,69.9143,346795,outside_own_roche_hot_not_broken
650,448,1,belt_rock,2.246719544198254E-05,0.460858,2.06855,-1.17257,1,57.4398,377745,outside_own_roche_hot_not_broken
650,453,1,belt_rock,0.00010489770836095581,0.404847,1.58592,-1.19277,1,85.4964,315791,outside_own_roche_hot_not_broken
650,504,1,belt_rock,1.3860795580248966E-05,0.402106,2.84017,-1.18969,1,73.7611,338187,outside_own_roche_hot_not_broken
650,526,1,belt_rock,0.00012282084840867837,0.583539,2.42953,-1.2064,1,65.1818,353336,outside_own_roche_hot_not_broken
650,529,1,belt_rock,9.311867503424329E-05,0.351168,1.95205,-1.1887,1,94.1627,301873,outside_own_roche_hot_not_broken
650,542,1,belt_rock,1.3475931165840605E-05,0.937888,4.62028,-1.10619,1,51.5194,408044,outside_own_roche_hot_not_broken
650,628,1,belt_rock,9.341724511972494E-07,0.685909,8.06793,-1.3169,1,74.7668,317192,outside_own_roche_hot_not_broken
650,638,1,belt_rock,3.4322432703245706E-05,0.932112,4.1865,-1.13326,1,75.4489,343942,outside_own_roche_hot_not_broken
650,646,1,belt_rock,2.1005823501122877E-05,0.465621,2.18457,-1.18309,1,102.578,289680,outside_own_roche_hot_not_broken
650,660,1,belt_rock,1.1669731316942732E-05,0.551103,2.69546,-1.19588,1,64.3455,357041,outside_own_roche_hot_not_broken
650,662,1,belt_rock,1.2698754398678164E-05,0.993897,4.80795,-1.29188,1,67.0277,335326,outside_own_roche_hot_not_broken
650,669,1,belt_rock,3.667176777031462E-06,0.976253,3.05967,-1.12739,1,94.9755,308544,outside_own_roche_hot_not_broken
650,694,1,belt_rock,4.913061497474967E-06,0.905179,5.13375,-1.11169,1,53.1637,402058,outside_own_roche_hot_not_broken
650,709,1,belt_rock,6.969675955960486E-06,0.757165,6.0323,-1.3208,1,71.7413,322043,outside_own_roche_hot_not_broken
650,713,1,belt_rock,0.00012781152288710647,0.331383,1.79388,-1.30553,1,98.1155,282053,outside_own_roche_hot_not_broken
650,714,1,belt_rock,4.592437645712026E-05,0.567085,3.39085,-1.31612,1,97.2592,282067,outside_own_roche_hot_not_broken
650,719,1,belt_rock,2.5825135170275426E-06,0.576606,1.93875,-1.28677,1,101.658,279239,outside_own_roche_hot_not_broken
650,817,1,belt_rock,0.00011965595049649409,0.836518,3.48669,-1.23061,1,55.7193,370583,outside_own_roche_hot_not_broken
650,906,1,belt_rock,2.0343165160066184E-05,0.510219,2.40156,-1.17988,1,91.1458,307930,outside_own_roche_hot_not_broken
650,950,1,belt_rock,6.4183820798641525E-06,0.752043,6.07858,-1.14022,1,59.2712,379645,outside_own_roche_hot_not_broken
650,983,1,belt_rock,8.425043143985532E-06,0.478073,3.67413,-1.20157,1,84.1636,316892,outside_own_roche_hot_not_broken
650,1003,1,belt_rock,5.271623584532397E-05,0.933827,4.06703,-1.35823,1,94.7198,280916,outside_own_roche_hot_not_broken
650,1006,1,belt_rock,7.152108912183968E-05,0.819962,3.29616,-1.14232,1,72.2229,349200,outside_own_roche_hot_not_broken
650,1032,1,belt_rock,3.2133994759622797E-06,0.459711,2.78234,-1.28767,1,75.5697,319919,outside_own_roche_hot_not_broken
650,1035,1,belt_rock,2.2275869411477764E-06,0.952481,6.1189,-1.09195,1,55.9854,398574,outside_own_roche_hot_not_broken
650,1047,1,belt_rock,1.1729322602406433E-06,0.558404,6.26838,-1.278,1,76.9509,318833,outside_own_roche_hot_not_broken
650,1094,1,belt_rock,7.140652465859772E-07,0.434569,3.43568,-1.13771,1,85.0194,324548,outside_own_roche_hot_not_broken
650,1102,1,belt_rock,7.303424977784841E-05,0.500639,2.00947,-1.18041,1,67.8858,351975,outside_own_roche_hot_not_broken
650,1142,1,belt_rock,1.1447247312755778E-06,0.448739,3.24417,-1.14911,1,74.0838,344144,outside_own_roche_hot_not_broken
650,1143,1,belt_rock,4.947486762541453E-05,0.824835,4.89016,-1.23163,1,65.0104,349345,outside_own_roche_hot_not_broken
650,1149,1,belt_rock,6.999064995170157E-07,0.72053,5.71863,-1.27974,1,58.1003,356009,outside_own_roche_hot_not_broken
650,1194,1,belt_rock,1.2651099005388968E-05,0.605322,4.33969,-1.28525,1,131.104,244233,outside_own_roche_hot_not_broken
650,1211,1,belt_rock,3.9427931333678005E-06,0.37344,2.18841,-1.29196,1,93.3306,290471,outside_own_roche_hot_not_broken
650,1216,1,belt_rock,6.610392938527892E-07,0.462401,3.78688,-1.18073,1,59.4928,371106,outside_own_roche_hot_not_broken
650,1227,1,belt_rock,1.112515499055423E-05,0.293227,1.47792,-1.28704,1,132.158,242990,outside_own_roche_hot_not_broken
650,1317,1,belt_rock,7.139985776542619E-05,0.846589,3.61942,-1.35347,1,157.138,215255,outside_own_roche_hot_not_broken
650,1399,1,belt_rock,8.005162457164477E-05,0.413335,1.75614,-1.29618,1,98.6165,282397,outside_own_roche_hot_not_broken
650,1443,1,belt_rock,1.006188093174367E-06,0.937565,6.94299,-1.2405,1,78.1541,322062,outside_own_roche_hot_not_broken
650,1445,1,belt_rock,6.3907314613297145E-06,0.410691,2.23662,-1.28871,1,75.1644,320497,outside_own_roche_hot_not_broken
650,1446,1,belt_rock,4.113859782316302E-06,0.969754,5.64642,-1.36232,1,98.9876,274709,outside_own_roche_hot_not_broken
650,1533,1,belt_rock,8.14893470761004E-07,0.770033,5.93491,-1.23892,1,94.914,294453,outside_own_roche_hot_not_broken
650,1564,1,belt_rock,1.151960144485447E-06,0.647656,4.67679,-1.13314,1,57.7203,385062,outside_own_roche_hot_not_broken
650,1595,1,belt_rock,1.7466836287356323E-06,0.779821,5.22411,-1.25975,1,91.2225,297560,outside_own_roche_hot_not_broken
650,1622,1,belt_rock,1.0315388663129851E-05,0.983158,5.00099,-1.26531,1,104.696,277447,outside_own_roche_hot_not_broken
650,1691,1,belt_rock,2.3816228147703187E-05,0.697626,3.23604,-1.32048,1,77.4772,312000,outside_own_roche_hot_not_broken
650,1953,1,belt_rock,6.60448495806357E-07,0.893576,7.17256,-1.25662,1,121.144,257731,outside_own_roche_hot_not_broken
650,1957,1,belt_rock,4.546050945647867E-05,0.55149,2.3007,-1.31797,1,131.837,240785,outside_own_roche_hot_not_broken
650,1964,1,belt_rock,3.1844806920837496E-05,0.722561,3.26696,-1.11418,1,63.0902,375315,outside_own_roche_hot_not_broken
700,42,1,belt_rock,9.044688466255514E-06,0.434528,2.24857,-1.1166,1,72.8292,352325,outside_own_roche_hot_not_broken
700,102,1,belt_rock,6.585818323810552E-07,0.447327,3.6662,-1.11398,1,84.261,329521,outside_own_roche_hot_not_broken
700,111,1,belt_rock,1.678696995073673E-05,0.951248,4.56921,-1.17272,1,67.7427,353628,outside_own_roche_hot_not_broken
700,117,1,belt_rock,7.757352327044996E-07,0.748121,5.82077,-1.20043,1,98.5099,293671,outside_own_roche_hot_not_broken
700,121,1,belt_rock,1.7787957704379382E-06,0.774976,7.99921,-1.67697,1,190.369,176048,outside_own_roche_hot_not_broken
700,127,1,belt_rock,3.683816768457644E-05,0.489093,3.00311,-1.11077,1,59.7055,384555,outside_own_roche_hot_not_broken
700,135,1,belt_rock,5.258303751555807E-06,0.570108,3.17294,-1.22018,1,55.1704,373938,outside_own_roche_hot_not_broken
700,150,1,belt_rock,6.148470791553775E-06,0.729596,2.07813,-1.15031,1,83.6844,325151,outside_own_roche_hot_not_broken
700,159,1,belt_rock,1.4827623141554978E-06,0.348057,3.72585,-5.1353,1,70.7019,118648,outside_own_roche_hot_not_broken
700,188,1,belt_rock,4.1428413283292995E-05,0.463258,2.38787,-1.11201,1,67.6686,364761,outside_own_roche_hot_not_broken
700,203,1,belt_rock,6.700652613383534E-07,0.475316,3.88193,-1.11421,1,64.2925,372367,outside_own_roche_hot_not_broken
700,245,1,belt_rock,1.484461995818866E-06,0.452274,4.84034,-1.10937,1,63.1472,376124,outside_own_roche_hot_not_broken
700,246,1,belt_rock,1.158554041804656E-06,0.433887,4.88289,-2.9857,1,1.35255,237844,outside_own_roche_hot_not_broken
700,250,1,belt_rock,3.061408992850387E-05,0.905351,4.10435,-1.16488,1,100.766,294562,outside_own_roche_hot_not_broken
700,305,1,belt_rock,1.1119287236353387E-05,0.849778,4.28073,-1.1626,1,87.5882,316353,outside_own_roche_hot_not_broken
700,312,1,belt_rock,2.4034310794126817E-05,0.520404,2.41033,-1.10737,1,73.0575,353438,outside_own_roche_hot_not_broken
700,322,1,belt_rock,1.285900527437872E-06,0.602085,6.63343,-1.09835,1,77.9902,344463,outside_own_roche_hot_not_broken
700,353,1,belt_rock,0.00010428079226531032,0.766245,3.21357,-1.04216,1,53.8311,416403,outside_own_roche_hot_not_broken
700,383,1,belt_rock,3.517047758622054E-05,0.965725,5.96202,-1.06157,1,92.9712,321154,outside_own_roche_hot_not_broken
700,407,1,belt_rock,9.537164663850703E-05,0.925475,3.64724,-1.17287,1,72.8391,342788,outside_own_roche_hot_not_broken
700,417,1,belt_rock,5.8502702553592535E-05,0.439031,1.89911,-1.22018,1,66.8708,347338,outside_own_roche_hot_not_broken
700,435,1,belt_rock,1.2714545665413913E-05,0.571779,4.09682,-1.12085,1,58.8799,384603,outside_own_roche_hot_not_broken
700,436,1,belt_rock,4.1316308939108164E-05,0.895016,3.96279,-1.071,1,80.4419,343917,outside_own_roche_hot_not_broken
700,443,1,belt_rock,2.2161928891504646E-05,0.644275,4.2358,-1.20221,1,64.0642,356538,outside_own_roche_hot_not_broken
700,453,1,belt_rock,0.00010489770836095581,0.989294,3.87541,-1.17851,1,86.638,315788,outside_own_roche_hot_not_broken
700,500,1,belt_rock,6.566728519526325E-07,0.364956,2.93271,-1.23747,1,91.0922,300553,outside_own_roche_hot_not_broken
700,503,1,belt_rock,6.787802871302369E-05,0.78614,3.37051,-1.17694,1,50.7831,394183,outside_own_roche_hot_not_broken
700,542,1,belt_rock,1.3475931165840605E-05,0.524203,2.58236,-1.09932,1,52.0664,408051,outside_own_roche_hot_not_broken
700,577,1,belt_rock,2.3206975591906818E-05,0.384302,1.78568,-1.11678,1,85.9373,325948,outside_own_roche_hot_not_broken
700,604,1,belt_rock,9.130172991510145E-07,0.745095,5.61968,-1.20009,1,94.8684,299315,outside_own_roche_hot_not_broken
700,638,1,belt_rock,3.4322432703245706E-05,0.471971,2.11982,-1.1205,1,76.4694,343942,outside_own_roche_hot_not_broken
700,644,1,belt_rock,1.2597326153480967E-06,0.883451,6.27542,-1.19183,1,93.2377,302954,outside_own_roche_hot_not_broken
700,646,1,belt_rock,2.1005823501122877E-05,0.929503,4.36098,-1.16551,1,103.987,289675,outside_own_roche_hot_not_broken
700,669,1,belt_rock,3.667176777031462E-06,0.423801,1.32823,-1.11045,1,96.336,308535,outside_own_roche_hot_not_broken
700,694,1,belt_rock,4.913061497474967E-06,0.536641,3.04357,-1.10353,1,53.8145,402065,outside_own_roche_hot_not_broken
700,699,1,belt_rock,6.567739579389072E-07,0.72358,5.81436,-1.08283,1,59.9709,389721,outside_own_roche_hot_not_broken
700,719,1,belt_rock,2.5825135170275426E-06,0.814159,2.73748,-1.27257,1,102.791,279243,outside_own_roche_hot_not_broken
700,760,1,belt_rock,2.5280033316475228E-05,0.455235,2.93737,-1.1123,1,62.7767,376461,outside_own_roche_hot_not_broken
700,817,1,belt_rock,0.00011965595049649409,0.550798,2.29578,-1.22054,1,56.5228,370588,outside_own_roche_hot_not_broken
700,831,1,belt_rock,1.2383923654359916E-05,0.632932,4.55724,-1.06298,1,52.5554,415223,outside_own_roche_hot_not_broken
700,852,1,belt_rock,3.750863628109528E-05,0.613806,2.60747,-1.07066,1,52.9161,412301,outside_own_roche_hot_not_broken
700,906,1,belt_rock,2.0343165160066184E-05,0.883185,4.15708,-1.16491,1,92.3455,307927,outside_own_roche_hot_not_broken
700,945,1,belt_rock,0.0001221478665750242,0.213959,1.16278,-1.7409,1,183.074,177239,outside_own_roche_hot_not_broken
700,950,1,belt_rock,6.4183820798641525E-06,0.649408,5.249,-1.13004,1,60.0851,379645,outside_own_roche_hot_not_broken
700,955,1,belt_rock,6.982885582430313E-07,0.418691,3.32452,-1.22201,1,66.7407,347304,outside_own_roche_hot_not_broken
700,973,1,belt_rock,9.59855382994985E-07,0.583053,4.35615,-1.09864,1,67.6144,367395,outside_own_roche_hot_not_broken
700,980,1,belt_rock,8.7762368768501E-07,0.639278,2.72145,-1.09476,1,71.069,360114,outside_own_roche_hot_not_broken
700,1006,1,belt_rock,7.152108912183968E-05,0.576779,2.31859,-1.13038,1,73.1772,349201,outside_own_roche_hot_not_broken
700,1012,1,belt_rock,1.1231928029267697E-06,0.329714,2.39207,-1.24284,1,110.421,272254,outside_own_roche_hot_not_broken
700,1032,1,belt_rock,3.2133994759622797E-06,0.90778,5.49422,-1.27352,1,76.699,319924,outside_own_roche_hot_not_broken
700,1035,1,belt_rock,2.2275869411477764E-06,0.506031,3.25083,-1.08465,1,56.5681,398577,outside_own_roche_hot_not_broken
700,1047,1,belt_rock,1.1729322602406433E-06,0.812449,9.12017,-1.26498,1,77.9909,318837,outside_own_roche_hot_not_broken
700,1094,1,belt_rock,7.140652465859772E-07,0.968255,7.65497,-1.12317,1,86.188,324538,outside_own_roche_hot_not_broken
700,1100,1,belt_rock,1.968610202192028E-05,0.498498,2.35512,-1.10093,1,54.3678,401090,outside_own_roche_hot_not_broken
700,1102,1,belt_rock,7.303424977784841E-05,0.894502,3.59036,-1.16869,1,68.8267,351969,outside_own_roche_hot_not_broken
700,1120,1,belt_rock,4.190881114964229E-05,0.840328,3.7167,-1.07434,1,89.1681,326254,outside_own_roche_hot_not_broken
700,1124,1,belt_rock,2.360064999676318E-05,0.867133,2.00344,-1.02512,1,61.5811,397881,outside_own_roche_hot_not_broken
700,1133,1,belt_rock,9.062121478488048E-06,0.906407,4.68942,-1.18423,1,78.8857,329057,outside_own_roche_hot_not_broken
700,1193,1,belt_rock,1.403650331107966E-05,0.749311,3.67232,-1.17671,1,47.6641,402905,outside_own_roche_hot_not_broken
700,1194,1,belt_rock,1.2651099005388968E-05,0.820526,5.88253,-1.2709,1,132.247,244238,outside_own_roche_hot_not_broken
700,1196,1,belt_rock,1.366567103256755E-06,0.761066,5.32656,-1.05799,1,49.791,424994,outside_own_roche_hot_not_broken
700,1252,1,belt_rock,5.9622430530962124E-05,0.683196,2.9513,-1.08577,1,92.1143,319217,outside_own_roche_hot_not_broken
700,1286,1,belt_rock,7.189266060056848E-06,0.823783,4.4126,-1.0236,1,75.9813,361896,outside_own_roche_hot_not_broken
700,1288,1,belt_rock,7.128374224317015E-05,0.683467,2.74832,-1.1856,1,49.617,395474,outside_own_roche_hot_not_broken
700,1352,1,belt_rock,1.7713233526287838E-06,0.615907,4.11592,-1.0965,1,83.3988,333874,outside_own_roche_hot_not_broken
700,1393,1,belt_rock,6.215480560968838E-07,0.448825,2.08843,-1.21418,1,58.111,368011,outside_own_roche_hot_not_broken
700,1435,1,belt_rock,1.0920348475348742E-06,0.636733,4.64368,-1.09125,1,92.8144,317199,outside_own_roche_hot_not_broken
700,1441,1,belt_rock,6.278045039803311E-05,0.54108,2.19684,-1.20666,1,58.0979,369475,outside_own_roche_hot_not_broken
700,1443,1,belt_rock,1.006188093174367E-06,0.440616,3.26291,-1.22649,1,79.2671,322078,outside_own_roche_hot_not_broken
700,1471,1,belt_rock,9.762145950511814E-05,0.917177,3.85754,-1.06894,1,78.321,348715,outside_own_roche_hot_not_broken
700,1513,1,belt_rock,3.2010068609318657E-06,0.917848,5.55596,-1.03778,1,48.0944,435735,outside_own_roche_hot_not_broken
700,1564,1,belt_rock,1.151960144485447E-06,0.757518,5.47012,-1.1232,1,58.5171,385058,outside_own_roche_hot_not_broken
700,1595,1,belt_rock,1.7466836287356323E-06,0.606475,4.06284,-1.2466,1,92.2689,297568,outside_own_roche_hot_not_broken
700,1616,1,belt_rock,5.75807380610996E-06,0.675482,3.72836,-1.0861,1,97.6966,309517,outside_own_roche_hot_not_broken
700,1643,1,belt_rock,1.314763465869944E-05,0.971253,6.91778,-1.17537,1,72.0703,343962,outside_own_roche_hot_not_broken
700,1660,1,belt_rock,9.657958129205824E-05,0.834931,4.62596,-1.07625,1,71.1536,363312,outside_own_roche_hot_not_broken
700,1755,1,belt_rock,3.896291783259057E-06,0.464386,2.71838,-1.11229,1,76.163,345949,outside_own_roche_hot_not_broken
700,1762,1,belt_rock,1.9837738328615606E-05,0.493757,3.2979,-1.10662,1,88.7704,322234,outside_own_roche_hot_not_broken
700,1802,1,belt_rock,0.00012743139464196945,0.657323,3.55885,-1.21166,1,110.917,274873,outside_own_roche_hot_not_broken
700,1840,1,belt_rock,1.3714635215972978E-05,0.483057,2.37388,-1.10752,1,55.8945,395388,outside_own_roche_hot_not_broken
700,1860,1,belt_rock,0.0001263064893371383,0.932851,3.61463,-1.06624,1,71.0901,365320,outside_own_roche_hot_not_broken
700,1883,1,belt_rock,2.690191475025211E-06,0.69901,2.32823,-1.08397,1,93.6187,316809,outside_own_roche_hot_not_broken
700,1928,1,belt_rock,8.250432351557567E-07,0.90439,10.9149,-1.06955,1,81.4132,342156,outside_own_roche_hot_not_broken
700,1953,1,belt_rock,6.60448495806357E-07,0.50864,4.08275,-1.23917,1,122.531,257741,outside_own_roche_hot_not_broken
700,1964,1,belt_rock,3.1844806920837496E-05,0.682334,3.08507,-1.10374,1,63.9253,375314,outside_own_roche_hot_not_broken
700,1981,1,belt_rock,1.7718268023598462E-06,0.927093,6.19517,-1.66088,1,204.813,169189,outside_own_roche_hot_not_broken
700,1999,1,belt_rock,1.694324414204422E-06,0.524538,3.53279,-1.09707,1,56.1168,397076,outside_own_roche_hot_not_broken
750,4,1,planet,0.10699999999999998,0.993195,4.09466,-0.997814,1,79.0717,359555,outside_own_roche_hot_not_broken
750,24,1,belt_rock,7.005699151282417E-07,0.38884,4.85546,-1.16784,1,79.0145,331312,outside_own_roche_hot_not_broken
750,58,1,belt_rock,6.567332992402851E-07,0.41206,3.31117,-1.63711,1,172.967,187974,outside_own_roche_hot_not_broken
750,92,1,belt_rock,5.359511451581255E-05,0.406208,1.67018,-1.05077,1,78.9472,350486,outside_own_roche_hot_not_broken
750,102,1,belt_rock,6.585818323810552E-07,0.960146,7.86917,-1.09969,1,85.4136,329502,outside_own_roche_hot_not_broken
750,107,1,belt_rock,0.00012006758077576136,0.390353,2.12344,-1.1735,1,82.9492,323092,outside_own_roche_hot_not_broken
750,112,1,belt_rock,8.674031258396646E-07,0.858945,10.2594,-1.01766,1,74.4859,366470,outside_own_roche_hot_not_broken
750,117,1,belt_rock,7.757352327044996E-07,0.657145,5.11293,-1.18761,1,99.5265,293685,outside_own_roche_hot_not_broken
750,121,1,belt_rock,1.7787957704379382E-06,0.667859,6.89356,-1.66398,1,191.403,176051,outside_own_roche_hot_not_broken
750,140,1,belt_rock,5.227079793358343E-06,0.627769,3.51685,-1.03254,1,85.6236,339613,outside_own_roche_hot_not_broken
750,159,1,belt_rock,1.4827623141554978E-06,0.371135,3.97289,-5.14239,1,70.133,118648,outside_own_roche_hot_not_broken
750,188,1,belt_rock,4.1428413283292995E-05,0.966654,4.98264,-1.10246,1,68.4417,364739,outside_own_roche_hot_not_broken
750,208,1,belt_rock,3.5225574551119366E-06,0.688414,4.10486,-1.14584,1,75.8138,341125,outside_own_roche_hot_not_broken
750,246,1,belt_rock,1.158554041804656E-06,0.50403,5.67227,-2.98552,1,1.36453,237846,outside_own_roche_hot_not_broken
750,281,1,belt_rock,2.0010791466914495E-05,0.490613,3.27254,-1.04888,1,73.2772,363465,outside_own_roche_hot_not_broken
750,312,1,belt_rock,2.4034310794126817E-05,0.887568,4.11091,-1.09518,1,74.0393,353423,outside_own_roche_hot_not_broken
750,322,1,belt_rock,1.285900527437872E-06,0.80505,8.86957,-1.0863,1,78.9587,344454,outside_own_roche_hot_not_broken
750,353,1,belt_rock,0.00010428079226531032,0.671279,2.81529,-1.03308,1,54.5562,416408,outside_own_roche_hot_not_broken
750,383,1,belt_rock,3.517047758622054E-05,0.448523,2.76902,-1.04579,1,94.2473,321128,outside_own_roche_hot_not_broken
750,416,1,belt_rock,3.2229514414788686E-06,0.519477,4.77736,-1.04573,1,78.3296,352694,outside_own_roche_hot_not_broken
750,417,1,belt_rock,5.8502702553592535E-05,0.966123,4.17913,-1.21058,1,67.6315,347355,outside_own_roche_hot_not_broken
750,436,1,belt_rock,4.1316308939108164E-05,0.517367,2.2907,-1.05778,1,81.5032,343910,outside_own_roche_hot_not_broken
750,443,1,belt_rock,2.2161928891504646E-05,0.740127,4.86598,-1.19133,1,64.9314,356546,outside_own_roche_hot_not_broken
750,454,1,belt_rock,1.5852134882065105E-05,0.506125,3.49814,-1.16588,1,88.4835,314338,outside_own_roche_hot_not_broken
750,503,1,belt_rock,6.787802871302369E-05,0.617987,2.64957,-1.16783,1,51.5092,394189,outside_own_roche_hot_not_broken
750,551,1,belt_rock,9.59886708006685E-05,0.53561,2.25514,-0.996752,1,61.6408,404101,outside_own_roche_hot_not_broken
750,604,1,belt_rock,9.130172991510145E-07,0.656581,4.95208,-1.18739,1,95.8757,299329,outside_own_roche_hot_not_broken
750,629,1,belt_rock,3.875065131587107E-05,0.931962,4.14569,-1.01078,1,85.7339,342938,outside_own_roche_hot_not_broken
750,639,1,belt_rock,3.7520768535695566E-05,0.814671,3.63298,-1.02096,1,73.5908,367958,outside_own_roche_hot_not_broken
750,644,1,belt_rock,1.2597326153480967E-06,0.506857,3.60036,-1.17642,1,94.4602,302970,outside_own_roche_hot_not_broken
750,651,1,belt_rock,8.148805661071711E-07,0.4839,3.72959,-1.15795,1,57.6489,380159,outside_own_roche_hot_not_broken
750,681,1,belt_rock,0.00011196436009988996,0.79686,3.33042,-1.02159,1,81.1046,350867,outside_own_roche_hot_not_broken
750,684,1,belt_rock,1.0710310832703353E-05,0.571224,2.89825,-1.59489,1,133.948,218446,outside_own_roche_hot_not_broken
750,699,1,belt_rock,6.567739579389072E-07,0.691703,5.55821,-1.07283,1,60.771,389721,outside_own_roche_hot_not_broken
750,746,1,belt_rock,1.1577928619974147E-06,0.461722,3.33103,-1.05066,1,65.8447,381142,outside_own_roche_hot_not_broken
750,776,1,belt_rock,1.8903231773250015E-05,0.374663,1.77668,-1.16592,1,92.0268,308322,outside_own_roche_hot_not_broken
750,789,1,belt_rock,0.00012275117098310706,0.865859,3.60467,-1.13022,1,70.1386,355838,outside_own_roche_hot_not_broken
750,818,1,belt_rock,7.107285329517042E-05,0.556117,2.2364,-1.0432,1,66.6136,380704,outside_own_roche_hot_not_broken
750,831,1,belt_rock,1.2383923654359916E-05,0.804181,5.79027,-1.05411,1,53.2667,415218,outside_own_roche_hot_not_broken
750,832,1,belt_rock,4.020570368839026E-06,0.768432,4.48978,-1.54873,1,131.196,223965,outside_own_roche_hot_not_broken
750,852,1,belt_rock,3.750863628109528E-05,0.822412,3.49364,-1.06179,1,53.6286,412292,outside_own_roche_hot_not_broken
750,908,1,belt_rock,5.0262885067748746E-05,0.721585,2.98356,-1.12666,1,43.1146,428768,outside_own_roche_hot_not_broken
750,917,1,belt_rock,4.57358020391227E-05,0.426506,2.55053,-1.05286,1,73.4522,362328,outside_own_roche_hot_not_broken
750,920,1,belt_rock,0.00011067609374225573,0.434953,1.81883,-1.05281,1,74.6445,359617,outside_own_roche_hot_not_broken
750,973,1,belt_rock,9.59855382994985E-07,0.826139,6.17231,-1.08751,1,68.5095,367384,outside_own_roche_hot_not_broken
750,975,1,belt_rock,3.080101672853503E-05,0.456673,1.01976,-1.16243,1,60.1834,372980,outside_own_roche_hot_not_broken
750,980,1,belt_rock,8.7762368768501E-07,0.768203,3.2703,-1.08355,1,71.9686,360108,outside_own_roche_hot_not_broken
750,995,1,belt_rock,0.00010309973217817811,0.991504,4.1596,-1.11703,1,60.9864,379998,outside_own_roche_hot_not_broken
750,1026,1,belt_rock,2.4666994631121667E-05,0.697294,3.22116,-1.02707,1,83.502,344860,outside_own_roche_hot_not_broken
750,1100,1,belt_rock,1.968610202192028E-05,0.975906,4.61061,-1.0952,1,54.8353,401064,outside_own_roche_hot_not_broken
750,1120,1,belt_rock,4.190881114964229E-05,0.573477,2.53644,-1.06105,1,90.2364,326245,outside_own_roche_hot_not_broken
750,1124,1,belt_rock,2.360064999676318E-05,0.571484,1.32037,-1.01523,1,62.3734,397880,outside_own_roche_hot_not_broken
750,1133,1,belt_rock,9.062121478488048E-06,0.481661,2.49194,-1.17031,1,79.9884,329077,outside_own_roche_hot_not_broken
750,1165,1,belt_rock,5.396082938469288E-06,0.80653,4.51312,-1.57836,1,145.28,210393,outside_own_roche_hot_not_broken
750,1193,1,belt_rock,1.403650331107966E-05,0.658092,3.22526,-1.16801,1,48.3592,402906,outside_own_roche_hot_not_broken
750,1196,1,belt_rock,1.366567103256755E-06,0.680498,4.76268,-1.04941,1,50.4758,425001,outside_own_roche_hot_not_broken
750,1202,1,belt_rock,0.00012296240938349028,0.49879,2.07646,-1.15903,1,58.3626,378146,outside_own_roche_hot_not_broken
750,1224,1,belt_rock,7.171111048297164E-07,0.393582,3.10907,-1.04947,1,83.4317,341314,outside_own_roche_hot_not_broken
750,1231,1,belt_rock,0.00010271548694016204,0.884304,3.71068,-1.11594,1,45.0281,425396,outside_own_roche_hot_not_broken
750,1252,1,belt_rock,5.9622430530962124E-05,0.735033,3.17523,-1.07351,1,93.1,319208,outside_own_roche_hot_not_broken
750,1286,1,belt_rock,7.189266060056848E-06,0.598549,3.20613,-1.01188,1,76.9221,361888,outside_own_roche_hot_not_broken
750,1288,1,belt_rock,7.128374224317015E-05,0.716521,2.88123,-1.17653,1,50.3423,395476,outside_own_roche_hot_not_broken
750,1289,1,belt_rock,5.010288387683074E-06,0.961192,5.43599,-1.57308,1,182.224,185451,outside_own_roche_hot_not_broken
750,1290,1,belt_rock,6.729848344779094E-07,0.676107,5.40713,-0.996462,1,48.7515,444717,outside_own_roche_hot_not_broken
750,1302,1,belt_rock,5.5736894145338306E-05,0.416402,1.70672,-1.16781,1,69.4047,350870,outside_own_roche_hot_not_broken
750,1352,1,belt_rock,1.7713233526287838E-06,0.793575,5.30322,-1.08419,1,84.3883,333865,outside_own_roche_hot_not_broken
750,1434,1,belt_rock,5.036313377294688E-06,0.988114,5.52544,-1.00776,1,78.5814,358866,outside_own_roche_hot_not_broken
750,1435,1,belt_rock,1.0920348475348742E-06,0.780099,5.68924,-1.07863,1,93.8291,317190,outside_own_roche_hot_not_broken
750,1441,1,belt_rock,6.278045039803311E-05,0.852076,3.45951,-1.19629,1,58.9233,369485,outside_own_roche_hot_not_broken
750,1471,1,belt_rock,9.762145950511814E-05,0.497994,2.09451,-1.05598,1,79.3625,348705,outside_own_roche_hot_not_broken
750,1495,1,belt_rock,5.9884128924848085E-06,0.788164,6.44415,-1.02315,1,64.1909,391202,outside_own_roche_hot_not_broken
750,1513,1,belt_rock,3.2010068609318657E-06,0.569742,3.44879,-1.03107,1,48.6283,435745,outside_own_roche_hot_not_broken
750,1514,1,belt_rock,4.139488758084119E-06,0.499036,2.89132,-1.16826,1,96.5031,300752,outside_own_roche_hot_not_broken
750,1577,1,belt_rock,2.2808939259725985E-05,0.442391,1.98095,-1.17068,1,93.7413,304874,outside_own_roche_hot_not_broken
750,1591,1,belt_rock,3.560392368572573E-06,0.294883,1.7554,-1.59042,1,239.267,155886,outside_own_roche_hot_not_broken
750,1597,1,belt_rock,1.2169047056815909E-05,0.418463,2.08379,-1.05241,1,81.127,345586,outside_own_roche_hot_not_broken
750,1616,1,belt_rock,5.75807380610996E-06,0.747285,4.12468,-1.07361,1,98.7014,309508,outside_own_roche_hot_not_broken
750,1629,1,belt_rock,2.057579677528129E-05,0.478045,2.24707,-1.0497,1,76.4908,356038,outside_own_roche_hot_not_broken
750,1643,1,belt_rock,1.314763465869944E-05,0.436789,3.11104,-1.16459,1,72.9193,343989,outside_own_roche_hot_not_broken
750,1646,1,belt_rock,2.9863563136181636E-05,0.533903,2.32,-1.04531,1,71.5748,368120,outside_own_roche_hot_not_broken
750,1660,1,belt_rock,9.657958129205824E-05,0.577361,3.19889,-1.06466,1,72.0814,363311,outside_own_roche_hot_not_broken
750,1663,1,belt_rock,2.4430102879762024E-06,0.896243,5.66909,-1.01473,1,70.0646,377750,outside_own_roche_hot_not_broken
750,1666,1,belt_rock,3.4117957599505874E-05,0.771425,4.0078,-1.02474,1,71.1532,373090,outside_own_roche_hot_not_broken
750,1700,1,belt_rock,3.268397427669105E-06,0.774061,4.67097,-1.13494,1,63.2648,370843,outside_own_roche_hot_not_broken
750,1716,1,belt_rock,6.689638650994544E-07,0.439007,3.51503,-1.16212,1,63.3134,365568,outside_own_roche_hot_not_broken
750,1736,1,belt_rock,3.1383295684367284E-05,0.615667,2.66134,-1.03774,1,73.2567,365585,outside_own_roche_hot_not_broken
750,1755,1,belt_rock,3.896291783259057E-06,0.947695,5.54753,-1.09984,1,77.1677,345930,outside_own_roche_hot_not_broken
750,1762,1,belt_rock,1.9837738328615606E-05,0.91227,6.09323,-1.09183,1,89.9625,322218,outside_own_roche_hot_not_broken
750,1779,1,belt_rock,6.704917353064949E-06,0.487115,1.36613,-1.04877,1,78.1786,352493,outside_own_roche_hot_not_broken
750,1802,1,belt_rock,0.00012743139464196945,0.76017,4.11567,-1.19852,1,111.958,274886,outside_own_roche_hot_not_broken
750,1860,1,belt_rock,0.0001263064893371383,0.492402,1.90797,-1.05487,1,72.0004,365318,outside_own_roche_hot_not_broken
750,1862,1,belt_rock,3.735788956757335E-05,0.392542,1.75133,-1.17561,1,88.6587,312697,outside_own_roche_hot_not_broken
750,1883,1,belt_rock,2.690191475025211E-06,0.720824,2.40088,-1.0717,1,94.6053,316800,outside_own_roche_hot_not_broken
750,1921,1,belt_rock,7.733225181912572E-05,0.727802,2.90902,-1.14381,1,77.3055,338441,outside_own_roche_hot_not_broken
750,1928,1,belt_rock,8.250432351557567E-07,0.508394,6.13571,-1.05613,1,82.4921,342145,outside_own_roche_hot_not_broken
750,1976,1,belt_rock,2.896881840900241E-05,0.485893,2.21474,-1.00577,1,62.1619,400580,outside_own_roche_hot_not_broken
750,1981,1,belt_rock,1.7718268023598462E-06,0.479874,3.20669,-1.63928,1,206.55,169184,outside_own_roche_hot_not_broken
750,1999,1,belt_rock,1.694324414204422E-06,0.918115,6.18355,-1.08875,1,56.7893,397055,outside_own_roche_hot_not_broken
800,4,1,planet,0.10699999999999998,0.452861,1.86702,-0.987359,1,79.9287,359508,outside_own_roche_hot_not_broken
800,21,1,belt_rock,8.02216323041789E-05,0.477772,2.02928,-1.11533,1,80.76,336098,outside_own_roche_hot_not_broken
800,32,1,belt_rock,8.062346186852755E-07,0.396046,4.80275,-0.953345,1,87.2971,349294,outside_own_roche_hot_not_broken
800,58,1,belt_rock,6.567332992402851E-07,0.953725,7.66379,-1.60937,1,175.147,187999,outside_own_roche_hot_not_broken
800,93,1,belt_rock,9.022527107260299E-07,0.891983,6.74268,-1.43882,1,77.7677,296216,outside_own_roche_hot_not_broken
800,101,1,belt_rock,2.4848435860729646E-05,0.720763,4.66085,-1.08988,1,51.3766,412307,outside_own_roche_hot_not_broken
800,104,1,belt_rock,1.607485367308737E-06,0.48293,5.08649,-0.99927,1,75.1959,368268,outside_own_roche_hot_not_broken
800,112,1,belt_rock,8.674031258396646E-07,0.566335,6.76439,-1.00599,1,75.4324,366440,outside_own_roche_hot_not_broken
800,137,1,belt_rock,5.23691460203839E-05,0.491319,2.02415,-1.10788,1,57.5161,390923,outside_own_roche_hot_not_broken
800,140,1,belt_rock,5.227079793358343E-06,0.794764,4.45238,-1.02024,1,86.6117,339606,outside_own_roche_hot_not_broken
800,159,1,belt_rock,1.4827623141554978E-06,0.374804,4.01217,-5.14805,1,69.6852,118647,outside_own_roche_hot_not_broken
800,177,1,belt_rock,1.0654382583018515E-05,0.934955,6.90551,-1.50524,1,185.432,186797,outside_own_roche_hot_not_broken
800,208,1,belt_rock,3.5225574551119366E-06,0.709271,4.22923,-1.13433,1,76.7279,341139,outside_own_roche_hot_not_broken
800,233,1,belt_rock,1.4467493759346776E-05,0.837377,4.08662,-1.08411,1,56.4434,399044,outside_own_roche_hot_not_broken
800,244,1,belt_rock,8.343493007950026E-06,0.994287,2.68608,-1.06852,1,48.7141,425739,outside_own_roche_hot_not_broken
800,246,1,belt_rock,1.158554041804656E-06,0.434819,4.89338,-2.98608,1,1.31626,237850,outside_own_roche_hot_not_broken
800,281,1,belt_rock,2.0010791466914495E-05,0.937963,6.25651,-1.03719,1,74.2204,363447,outside_own_roche_hot_not_broken
800,326,1,belt_rock,3.1513526798221505E-06,0.590405,3.58276,-1.10304,1,61.3199,381993,outside_own_roche_hot_not_broken
800,416,1,belt_rock,3.2229514414788686E-06,0.900918,8.28528,-1.03292,1,79.3598,352682,outside_own_roche_hot_not_broken
800,454,1,belt_rock,1.5852134882065105E-05,0.888483,6.14085,-1.15107,1,89.6551,314361,outside_own_roche_hot_not_broken
800,551,1,belt_rock,9.59886708006685E-05,0.923896,3.88999,-0.987527,1,62.3788,404101,outside_own_roche_hot_not_broken
800,557,1,belt_rock,2.8903420137898514E-06,0.648252,3.98877,-1.10002,1,78.3871,343366,outside_own_roche_hot_not_broken
800,558,1,belt_rock,2.542364504752751E-06,0.877503,5.51393,-1.08084,1,60.2853,389309,outside_own_roche_hot_not_broken
800,587,1,belt_rock,4.952436620733782E-05,0.424487,1.85556,-0.999988,1,75.6357,367091,outside_own_roche_hot_not_broken
800,629,1,belt_rock,3.875065131587107E-05,0.493742,2.19634,-0.997452,1,86.8326,342871,outside_own_roche_hot_not_broken
800,639,1,belt_rock,3.7520768535695566E-05,0.608774,2.7148,-1.00953,1,74.5111,367945,outside_own_roche_hot_not_broken
800,651,1,belt_rock,8.148805661071711E-07,0.951111,7.33055,-1.15022,1,58.2568,380186,outside_own_roche_hot_not_broken
800,677,1,belt_rock,9.313458935218855E-06,0.550645,2.83793,-1.10293,1,49.8435,413768,outside_own_roche_hot_not_broken
800,681,1,belt_rock,0.00011196436009988996,0.625792,2.61546,-1.00969,1,82.0652,350847,outside_own_roche_hot_not_broken
800,684,1,belt_rock,1.0710310832703353E-05,0.812252,4.12117,-1.5798,1,135.139,218459,outside_own_roche_hot_not_broken
800,733,1,belt_rock,2.8715917437901265E-05,0.526862,3.33976,-1.1092,1,75.8159,347198,outside_own_roche_hot_not_broken
800,762,1,belt_rock,8.032954721561723E-07,0.502703,3.9578,-1.11107,1,69.6332,360412,outside_own_roche_hot_not_broken
800,778,1,belt_rock,1.277853927769584E-05,0.761041,3.77417,-0.937363,1,46.0847,471879,outside_own_roche_hot_not_broken
800,789,1,belt_rock,0.00012275117098310706,0.535919,2.23109,-1.11829,1,71.0861,355854,outside_own_roche_hot_not_broken
800,818,1,belt_rock,7.107285329517042E-05,0.871437,3.50444,-1.03232,1,67.4869,380696,outside_own_roche_hot_not_broken
800,826,1,belt_rock,0.00011801079622608172,0.863355,3.59999,-0.920259,1,95.7405,337339,outside_own_roche_hot_not_broken
800,832,1,belt_rock,4.020570368839026E-06,0.625209,3.65295,-1.53513,1,132.294,223956,outside_own_roche_hot_not_broken
800,867,1,belt_rock,7.411791933590053E-05,0.308651,1.23786,-1.5162,1,129.432,227865,outside_own_roche_hot_not_broken
800,908,1,belt_rock,5.0262885067748746E-05,0.713847,2.95157,-1.11906,1,43.7254,428759,outside_own_roche_hot_not_broken
800,975,1,belt_rock,3.080101672853503E-05,0.994724,2.22125,-1.15658,1,60.6363,373016,outside_own_roche_hot_not_broken
800,995,1,belt_rock,0.00010309973217817811,0.466351,1.95646,-1.11033,1,61.5082,380033,outside_own_roche_hot_not_broken
800,1013,1,belt_rock,1.3485739166102349E-06,0.651026,4.56737,-0.947194,1,45.6306,470587,outside_own_roche_hot_not_broken
800,1026,1,belt_rock,2.4666994631121667E-05,0.725978,3.35366,-1.01535,1,84.4449,344849,outside_own_roche_hot_not_broken
800,1028,1,belt_rock,1.9467089848577998E-05,0.816418,3.86434,-1.49749,1,115.291,243022,outside_own_roche_hot_not_broken
800,1070,1,belt_rock,6.750423070272806E-07,0.221769,2.79082,-1.47641,1,236.25,161225,outside_own_roche_hot_not_broken
800,1086,1,belt_rock,4.1977163578123663E-05,0.643128,2.84384,-1.00355,1,81.8648,352344,outside_own_roche_hot_not_broken
800,1165,1,belt_rock,5.396082938469288E-06,0.594039,3.32408,-1.56414,1,146.442,210375,outside_own_roche_hot_not_broken
800,1202,1,belt_rock,0.00012296240938349028,0.922748,3.84139,-1.15007,1,59.0705,378167,outside_own_roche_hot_not_broken
800,1203,1,belt_rock,1.5045700219160083E-06,0.697129,7.44068,-1.07962,1,37.6082,460824,outside_own_roche_hot_not_broken
800,1229,1,belt_rock,2.981439456329362E-05,0.865033,4.52819,-1.50838,1,165.138,199897,outside_own_roche_hot_not_broken
800,1231,1,belt_rock,0.00010271548694016204,0.575691,2.41569,-1.10898,1,45.5729,425435,outside_own_roche_hot_not_broken
800,1289,1,belt_rock,5.010288387683074E-06,0.419104,2.37023,-1.54584,1,184.436,185432,outside_own_roche_hot_not_broken
800,1290,1,belt_rock,6.729848344779094E-07,0.792821,6.34054,-0.988297,1,49.3996,444735,outside_own_roche_hot_not_broken
800,1292,1,belt_rock,1.5826515853868674E-06,0.537045,5.67413,-1.11137,1,80.4951,337252,outside_own_roche_hot_not_broken
800,1329,1,belt_rock,2.0498531456017723E-05,0.425576,2.00091,-0.998059,1,77.0529,364136,outside_own_roche_hot_not_broken
800,1434,1,belt_rock,5.036313377294688E-06,0.454685,2.54256,-0.996898,1,79.4929,358769,outside_own_roche_hot_not_broken
800,1495,1,belt_rock,5.9884128924848085E-06,0.640146,5.23393,-1.01277,1,65.0214,391201,outside_own_roche_hot_not_broken
800,1514,1,belt_rock,4.139488758084119E-06,0.898453,5.20546,-1.15239,1,97.7575,300777,outside_own_roche_hot_not_broken
800,1520,1,belt_rock,2.34262567118865E-05,0.659114,3.05947,-1.09972,1,79.3922,341352,outside_own_roche_hot_not_broken
800,1550,1,belt_rock,7.793046757488623E-05,0.808156,3.44002,-0.913917,1,162.018,242980,outside_own_roche_hot_not_broken
800,1574,1,belt_rock,6.153870205146155E-05,0.800001,4.6314,-1.51881,1,200.053,177673,outside_own_roche_hot_not_broken
800,1577,1,belt_rock,2.2808939259725985E-05,0.950358,4.25554,-1.15372,1,95.0811,304902,outside_own_roche_hot_not_broken
800,1608,1,belt_rock,9.397495555543693E-05,0.752354,3.16991,-0.992316,1,75.5897,368654,outside_own_roche_hot_not_broken
800,1629,1,belt_rock,2.057579677528129E-05,0.948714,4.45948,-1.03743,1,77.4806,356018,outside_own_roche_hot_not_broken
800,1646,1,belt_rock,2.9863563136181636E-05,0.890189,3.86819,-1.03363,1,72.5139,368110,outside_own_roche_hot_not_broken
800,1654,1,belt_rock,1.9367454876199803E-05,0.482637,3.23438,-1.00022,1,72.5395,374496,outside_own_roche_hot_not_broken
800,1663,1,belt_rock,2.4430102879762024E-06,0.536955,3.39645,-1.00366,1,70.9627,377720,outside_own_roche_hot_not_broken
800,1666,1,belt_rock,3.4117957599505874E-05,0.651347,3.38395,-1.01371,1,72.0385,373083,outside_own_roche_hot_not_broken
800,1694,1,belt_rock,7.803530066239186E-05,0.472027,2.00773,-1.00332,1,77.5548,362007,outside_own_roche_hot_not_broken
800,1700,1,belt_rock,3.268397427669105E-06,0.626476,3.78039,-1.12432,1,64.108,370859,outside_own_roche_hot_not_broken
800,1736,1,belt_rock,3.1383295684367284E-05,0.804515,3.47767,-1.02625,1,74.1771,365582,outside_own_roche_hot_not_broken
800,1756,1,belt_rock,1.2428109523364325E-05,0.791727,3.9401,-1.51287,1,147.276,212937,outside_own_roche_hot_not_broken
800,1779,1,belt_rock,6.704917353064949E-06,0.936229,2.62569,-1.03599,1,79.2088,352476,outside_own_roche_hot_not_broken
800,1836,1,belt_rock,3.208823167873846E-05,0.395692,1.78667,-1.11032,1,91.1986,317358,outside_own_roche_hot_not_broken
800,1874,1,belt_rock,0.00010481676535955368,0.697649,2.7329,-1.09447,1,70.4671,361540,outside_own_roche_hot_not_broken
800,1921,1,belt_rock,7.733225181912572E-05,0.670638,2.68054,-1.13217,1,78.2306,338453,outside_own_roche_hot_not_broken
800,1929,1,belt_rock,1.001534770526575E-05,0.340019,2.53885,-1.52666,1,228.262,163051,outside_own_roche_hot_not_broken
800,1996,1,belt_rock,5.589985624591199E-06,0.890688,4.93821,-1.08095,1,63.6999,380435,outside_own_roche_hot_not_broken
850,21,1,belt_rock,8.02216323041789E-05,0.927829,3.94085,-1.10183,1,81.8479,336082,outside_own_roche_hot_not_broken
850,60,1,belt_rock,2.9270059816121648E-06,0.653756,4.01445,-0.932915,1,124.669,286660,outside_own_roche_hot_not_broken
850,64,1,belt_rock,4.148656745890906E-05,0.722788,1.55885,-1.0363,1,34.0728,488405,outside_own_roche_hot_not_broken
850,83,1,belt_rock,2.282560809369908E-05,0.583215,3.81705,-1.05482,1,38.7284,464059,outside_own_roche_hot_not_broken
850,93,1,belt_rock,9.022527107260299E-07,0.439811,3.32462,-1.42342,1,78.943,296303,outside_own_roche_hot_not_broken
850,101,1,belt_rock,2.4848435860729646E-05,0.705486,4.56206,-1.08091,1,52.0983,412295,outside_own_roche_hot_not_broken
850,104,1,belt_rock,1.607485367308737E-06,0.960194,10.1133,-0.987576,1,76.1248,368284,outside_own_roche_hot_not_broken
850,108,1,belt_rock,0.00012018683836046753,0.966286,4.02596,-0.907765,1,73.4274,391186,outside_own_roche_hot_not_broken
850,119,1,belt_rock,0.00010879697811298288,0.676198,3.70784,-0.922675,1,66.551,407025,outside_own_roche_hot_not_broken
850,134,1,belt_rock,1.4397576836317145E-05,0.811168,3.9692,-1.40379,1,83.6694,291531,outside_own_roche_hot_not_broken
850,137,1,belt_rock,5.23691460203839E-05,0.963705,3.9703,-1.1012,1,58.0631,390890,outside_own_roche_hot_not_broken
850,149,1,belt_rock,0.0001336375415731328,0.718746,2.98157,-0.919276,1,83.6388,363480,outside_own_roche_hot_not_broken
850,155,1,belt_rock,8.94543178490519E-05,0.738424,3.12003,-1.42277,1,85.8805,286086,outside_own_roche_hot_not_broken
850,159,1,belt_rock,1.4827623141554978E-06,0.35913,3.84438,-5.15425,1,69.2019,118644,outside_own_roche_hot_not_broken
850,177,1,belt_rock,1.0654382583018515E-05,0.480592,3.54962,-1.48416,1,187.154,186775,outside_own_roche_hot_not_broken
850,233,1,belt_rock,1.4467493759346776E-05,0.589392,2.87639,-1.07436,1,57.2208,399053,outside_own_roche_hot_not_broken
850,244,1,belt_rock,8.343493007950026E-06,0.525614,1.41995,-1.06411,1,49.0632,425749,outside_own_roche_hot_not_broken
850,246,1,belt_rock,1.158554041804656E-06,0.502718,5.6575,-2.98527,1,1.38592,237845,outside_own_roche_hot_not_broken
850,302,1,belt_rock,6.9700057674663455E-06,0.434963,2.33102,-0.927155,1,78.1329,375116,outside_own_roche_hot_not_broken
850,307,1,belt_rock,0.00010955105503733567,0.909508,3.80595,-1.4171,1,90.8493,279761,outside_own_roche_hot_not_broken
850,326,1,belt_rock,3.1513526798221505E-06,0.82276,4.99276,-1.09293,1,62.1408,381964,outside_own_roche_hot_not_broken
850,429,1,belt_rock,4.962854706770443E-05,0.421679,1.84302,-1.07119,1,76.6562,351905,outside_own_roche_hot_not_broken
850,467,1,belt_rock,2.5804791877335333E-05,0.713986,3.28413,-0.921048,1,64.4684,413544,outside_own_roche_hot_not_broken
850,473,1,belt_rock,6.566666995190835E-07,0.894546,7.1884,-0.913585,1,63.0779,419581,outside_own_roche_hot_not_broken
850,476,1,belt_rock,1.083018064921707E-06,0.980457,7.27351,-0.909267,1,68.1216,405587,outside_own_roche_hot_not_broken
850,545,1,belt_rock,1.7567281285248877E-05,0.577757,3.92953,-1.05897,1,54.1506,411414,outside_own_roche_hot_not_broken
850,554,1,belt_rock,1.3047195379484566E-05,0.757387,3.74562,-1.45548,1,187.816,187777,outside_own_roche_hot_not_broken
850,557,1,belt_rock,2.8903420137898514E-06,0.759081,4.67071,-1.0884,1,79.3301,343337,outside_own_roche_hot_not_broken
850,558,1,belt_rock,2.542364504752751E-06,0.549699,3.45412,-1.07068,1,61.0962,389314,outside_own_roche_hot_not_broken
850,563,1,belt_rock,4.4109361305924165E-06,0.584195,3.36292,-1.0595,1,70.0967,368935,outside_own_roche_hot_not_broken
850,621,1,belt_rock,3.202996995605001E-05,0.997913,4.50536,-0.9082,1,66.0472,411902,outside_own_roche_hot_not_broken
850,677,1,belt_rock,9.313458935218855E-06,0.903569,4.65684,-1.09596,1,50.4171,413718,outside_own_roche_hot_not_broken
850,689,1,belt_rock,2.4789845480784857E-05,0.499261,2.30483,-0.9286,1,71.6504,391481,outside_own_roche_hot_not_broken
850,733,1,belt_rock,2.8715917437901265E-05,0.878923,5.57147,-1.0968,1,76.8195,347174,outside_own_roche_hot_not_broken
850,742,1,belt_rock,5.3990469036559724E-05,0.92964,4.04035,-0.911687,1,80.7738,371691,outside_own_roche_hot_not_broken
850,758,1,belt_rock,8.249549131554088E-05,0.864907,4.86122,-1.02909,1,37.7761,475690,outside_own_roche_hot_not_broken
850,762,1,belt_rock,8.032954721561723E-07,0.909797,7.16287,-1.0998,1,70.5453,360388,outside_own_roche_hot_not_broken
850,778,1,belt_rock,1.277853927769584E-05,0.739548,3.66758,-0.930223,1,46.6624,471854,outside_own_roche_hot_not_broken
850,826,1,belt_rock,0.00011801079622608172,0.581696,2.42554,-0.907345,1,96.7408,337404,outside_own_roche_hot_not_broken
850,924,1,belt_rock,0.00010046577544577069,0.432327,1.81573,-0.920334,1,77.7505,377416,outside_own_roche_hot_not_broken
850,1008,1,belt_rock,7.920624891384338E-05,0.767792,3.26393,-1.38768,1,87.6291,287611,outside_own_roche_hot_not_broken
850,1013,1,belt_rock,1.3485739166102349E-06,0.861668,6.04516,-0.940163,1,46.1834,470624,outside_own_roche_hot_not_broken
850,1028,1,belt_rock,1.9467089848577998E-05,0.555071,2.62731,-1.48241,1,116.525,242993,outside_own_roche_hot_not_broken
850,1086,1,belt_rock,4.1977163578123663E-05,0.783922,3.46642,-0.99192,1,82.7999,352334,outside_own_roche_hot_not_broken
850,1190,1,belt_rock,2.0524810533250277E-05,0.448814,2.10997,-1.06868,1,67.5421,373324,outside_own_roche_hot_not_broken
850,1200,1,belt_rock,6.624167436905334E-07,0.243004,1.98926,-1.52989,1,173.697,192956,outside_own_roche_hot_not_broken
850,1203,1,belt_rock,1.5045700219160083E-06,0.784181,8.36981,-1.07321,1,38.1326,460782,outside_own_roche_hot_not_broken
850,1229,1,belt_rock,2.981439456329362E-05,0.555629,2.90855,-1.49236,1,166.455,199872,outside_own_roche_hot_not_broken
850,1292,1,belt_rock,1.5826515853868674E-06,0.867414,9.16462,-1.09844,1,81.5399,337231,outside_own_roche_hot_not_broken
850,1321,1,belt_rock,4.6269287599687955E-05,0.746895,3.11161,-1.44062,1,105.193,259170,outside_own_roche_hot_not_broken
850,1469,1,belt_rock,1.575447010319523E-05,0.837502,5.80151,-0.863698,1,50.0704,479432,outside_own_roche_hot_not_broken
850,1491,1,belt_rock,4.948829899383208E-05,0.532019,2.32594,-1.06097,1,47.1273,432803,outside_own_roche_hot_not_broken
850,1493,1,belt_rock,2.7119669110129766E-05,0.67982,3.1142,-1.0417,1,35.523,480671,outside_own_roche_hot_not_broken
850,1506,1,belt_rock,2.886855000203483E-05,0.803699,3.66044,-0.917591,1,63.9619,415902,outside_own_roche_hot_not_broken
850,1520,1,belt_rock,2.34262567118865E-05,0.748716,3.47538,-1.08809,1,80.3365,341324,outside_own_roche_hot_not_broken
850,1523,1,belt_rock,0.0001138886429393924,0.753135,3.14643,-1.40534,1,86.4935,287210,outside_own_roche_hot_not_broken
850,1550,1,belt_rock,7.793046757488623E-05,0.706213,3.00608,-0.900769,1,163.097,242951,outside_own_roche_hot_not_broken
850,1574,1,belt_rock,6.153870205146155E-05,0.672354,3.89242,-1.50611,1,201.103,177654,outside_own_roche_hot_not_broken
850,1608,1,belt_rock,9.397495555543693E-05,0.676382,2.84982,-0.981684,1,76.4582,368611,outside_own_roche_hot_not_broken
850,1654,1,belt_rock,1.9367454876199803E-05,0.966055,6.47399,-0.989305,1,73.4047,374516,outside_own_roche_hot_not_broken
850,1681,1,belt_rock,7.621729542144317E-06,0.987143,7.71226,-0.908971,1,64.3565,416797,outside_own_roche_hot_not_broken
850,1694,1,belt_rock,7.803530066239186E-05,0.96896,4.1214,-0.991233,1,78.5133,362027,outside_own_roche_hot_not_broken
850,1710,1,belt_rock,1.118385335029651E-06,0.408632,4.63196,-1.47462,1,103.49,257980,outside_own_roche_hot_not_broken
850,1739,1,belt_rock,9.087595189338775E-07,0.86327,6.63073,-1.03855,1,65.352,384894,outside_own_roche_hot_not_broken
850,1756,1,belt_rock,1.2428109523364325E-05,0.624174,3.10625,-1.49927,1,148.396,212912,outside_own_roche_hot_not_broken
850,1800,1,belt_rock,0.0001247861782887393,0.845908,4.58814,-1.44578,1,160.151,207140,outside_own_roche_hot_not_broken
850,1832,1,belt_rock,4.2652764523081694E-05,0.542659,2.39685,-1.06241,1,72.0948,363696,outside_own_roche_hot_not_broken
850,1847,1,belt_rock,2.0921773759374507E-05,0.839673,5.56925,-1.44539,1,158.648,208299,outside_own_roche_hot_not_broken
850,1874,1,belt_rock,0.00010481676535955368,0.709648,2.7799,-1.0835,1,71.3552,361514,outside_own_roche_hot_not_broken
850,1902,1,belt_rock,0.0001179173380469943,0.705078,2.94007,-0.921341,1,70.2389,396899,outside_own_roche_hot_not_broken
850,1996,1,belt_rock,5.589985624591199E-06,0.53322,2.95631,-1.07029,1,64.5525,380434,outside_own_roche_hot_not_broken
900,37,1,belt_rock,6.725408553700501E-05,0.57596,3.30195,-0.897133,1,64.538,419138,outside_own_roche_hot_not_broken
900,59,1,belt_rock,8.636542180844972E-05,0.801772,3.39426,-1.31203,1,119.432,254606,outside_own_roche_hot_not_broken
900,60,1,belt_rock,2.9270059816121648E-06,0.816391,5.01313,-0.919407,1,125.725,286696,outside_own_roche_hot_not_broken
900,64,1,belt_rock,4.148656745890906E-05,0.802459,1.73068,-1.02984,1,34.5686,488493,outside_own_roche_hot_not_broken
900,108,1,belt_rock,0.00012018683836046753,0.504294,2.1011,-0.897207,1,74.2452,391258,outside_own_roche_hot_not_broken
900,119,1,belt_rock,0.00010879697811298288,0.775885,4.25446,-0.913067,1,67.3176,407031,outside_own_roche_hot_not_broken
900,134,1,belt_rock,1.4397576836317145E-05,0.539459,2.63968,-1.38968,1,84.7991,291530,outside_own_roche_hot_not_broken
900,144,1,belt_rock,1.418335411047879E-05,0.931532,4.56135,-1.37778,1,120.903,247190,outside_own_roche_hot_not_broken
900,149,1,belt_rock,0.0001336375415731328,0.725539,3.00975,-0.907899,1,84.5324,363518,outside_own_roche_hot_not_broken
900,155,1,belt_rock,8.94543178490519E-05,0.61836,2.61272,-1.4098,1,86.9202,286084,outside_own_roche_hot_not_broken
900,159,1,belt_rock,1.4827623141554978E-06,0.323941,3.46769,-5.16349,1,68.4598,118645,outside_own_roche_hot_not_broken
900,166,1,belt_rock,6.078884194825134E-06,0.299746,1.64575,-1.40064,1,114.632,252035,outside_own_roche_hot_not_broken
900,195,1,belt_rock,1.7430248357966163E-06,0.58987,3.95306,-1.01841,1,49.3051,436864,outside_own_roche_hot_not_broken
900,199,1,belt_rock,8.063667532988596E-06,0.719347,3.77487,-0.888291,1,69.6279,406082,outside_own_roche_hot_not_broken
900,246,1,belt_rock,1.158554041804656E-06,0.437396,4.92239,-2.98662,1,1.28021,237843,outside_own_roche_hot_not_broken
900,286,1,belt_rock,6.701834319915527E-07,0.581953,4.65792,-1.01685,1,63.8527,393471,outside_own_roche_hot_not_broken
900,307,1,belt_rock,0.00010955105503733567,0.43008,1.79973,-1.39905,1,92.298,279755,outside_own_roche_hot_not_broken
900,320,1,belt_rock,2.7371059402551924E-05,0.981254,4.48972,-0.991036,1,55.1646,424940,outside_own_roche_hot_not_broken
900,346,1,belt_rock,9.446850949573703E-06,0.988839,5.08017,-0.857752,1,57.6538,452446,outside_own_roche_hot_not_broken
900,372,1,belt_rock,2.2240566477441765E-05,0.480184,2.15562,-0.900969,1,65.9166,414019,outside_own_roche_hot_not_broken
900,378,1,belt_rock,1.6697455561173104E-06,0.718586,7.51126,-1.35424,1,70.7033,319099,outside_own_roche_hot_not_broken
900,440,1,belt_rock,2.6345516458117787E-05,0.642047,2.94806,-1.01389,1,46.6325,447239,outside_own_roche_hot_not_broken
900,444,1,belt_rock,1.9203315783859442E-05,0.763608,3.4886,-0.883906,1,75.3831,391060,outside_own_roche_hot_not_broken
900,456,1,belt_rock,6.768637285960783E-05,0.606312,2.59944,-1.0145,1,38.0464,479271,outside_own_roche_hot_not_broken
900,467,1,belt_rock,2.5804791877335333E-05,0.740442,3.40582,-0.911734,1,65.2101,413555,outside_own_roche_hot_not_broken
900,473,1,belt_rock,6.566666995190835E-07,0.578543,4.64905,-0.904335,1,63.7857,419680,outside_own_roche_hot_not_broken
900,474,1,belt_rock,7.189937739453264E-06,0.845855,4.44998,-0.998353,1,42.748,465943,outside_own_roche_hot_not_broken
900,476,1,belt_rock,1.083018064921707E-06,0.50686,3.76014,-0.900317,1,68.7966,405705,outside_own_roche_hot_not_broken
900,477,1,belt_rock,7.593427859692768E-05,0.408041,1.73862,-1.35635,1,75.6921,310164,outside_own_roche_hot_not_broken
900,490,1,belt_rock,4.257850841960174E-05,0.922742,4.07928,-0.819395,1,64.0122,440958,outside_own_roche_hot_not_broken
900,502,1,belt_rock,1.816015031719967E-05,0.613843,1.46949,-0.895123,1,65.3715,417080,outside_own_roche_hot_not_broken
900,537,1,belt_rock,1.880332108505585E-05,0.372133,1.76668,-1.35747,1,77.8035,306501,outside_own_roche_hot_not_broken
900,545,1,belt_rock,1.7567281285248877E-05,0.867177,5.89797,-1.04994,1,54.8879,411368,outside_own_roche_hot_not_broken
900,554,1,belt_rock,1.3047195379484566E-05,0.715579,3.53885,-1.44291,1,188.853,187758,outside_own_roche_hot_not_broken
900,563,1,belt_rock,4.4109361305924165E-06,0.83325,4.7966,-1.04793,1,71.0384,368897,outside_own_roche_hot_not_broken
900,621,1,belt_rock,3.202996995605001E-05,0.5035,2.2732,-0.900285,1,66.6401,412022,outside_own_roche_hot_not_broken
900,668,1,belt_rock,2.4532801062004895E-05,0.758035,4.91332,-1.39676,1,172.779,200802,outside_own_roche_hot_not_broken
900,686,1,belt_rock,6.00931993505896E-05,0.340743,1.47185,-1.41016,1,89.6587,282174,outside_own_roche_hot_not_broken
900,689,1,belt_rock,2.4789845480784857E-05,0.971213,4.4836,-0.918617,1,72.4331,391524,outside_own_roche_hot_not_broken
900,705,1,belt_rock,0.0001010755835750245,0.873918,4.82213,-0.998225,1,57.1914,416872,outside_own_roche_hot_not_broken
900,742,1,belt_rock,5.3990469036559724E-05,0.522161,2.26939,-0.89928,1,81.7452,371742,outside_own_roche_hot_not_broken
900,751,1,belt_rock,8.196136403768549E-05,0.884252,4.97216,-0.879315,1,65.3428,421055,outside_own_roche_hot_not_broken
900,758,1,belt_rock,8.249549131554088E-05,0.655551,3.68453,-1.0232,1,38.2454,475701,outside_own_roche_hot_not_broken
900,768,1,belt_rock,9.792722232842883E-06,0.73131,3.66393,-0.872661,1,55.4924,455943,outside_own_roche_hot_not_broken
900,795,1,belt_rock,1.6715475466573741E-06,0.477007,1.75245,-1.02329,1,60.514,401272,outside_own_roche_hot_not_broken
900,821,1,belt_rock,2.8533251478590335E-05,0.5014,2.28582,-0.900132,1,66.1634,413480,outside_own_roche_hot_not_broken
900,828,1,belt_rock,2.1780771841748363E-06,0.85407,5.50763,-0.993486,1,37.0628,490229,outside_own_roche_hot_not_broken
900,900,1,belt_rock,0.00013125905267176525,0.745192,2.88107,-0.887694,1,64.0049,423137,outside_own_roche_hot_not_broken
900,960,1,belt_rock,2.3884137407643173E-05,0.863502,5.61267,-1.00131,1,62.639,400242,outside_own_roche_hot_not_broken
900,990,1,belt_rock,8.495584809313527E-05,0.474424,2.65884,-0.898441,1,70.1371,402304,outside_own_roche_hot_not_broken
900,1003,1,belt_rock,5.271623584532397E-05,0.998818,4.35008,-1.36374,1,94.3292,280847,outside_own_roche_hot_not_broken
900,1008,1,belt_rock,7.920624891384338E-05,0.59441,2.52687,-1.37423,1,88.6752,287655,outside_own_roche_hot_not_broken
900,1042,1,belt_rock,3.864563838781366E-06,0.486625,2.85255,-1.02334,1,62.5776,395529,outside_own_roche_hot_not_broken
900,1057,1,belt_rock,1.2737532410228328E-05,0.433761,2.1469,-0.894384,1,81.058,374370,outside_own_roche_hot_not_broken
900,1073,1,belt_rock,4.065454806673326E-05,0.808254,3.4056,-0.995957,1,33.9854,502650,outside_own_roche_hot_not_broken
900,1159,1,belt_rock,4.776407022198545E-06,0.66615,3.7809,-0.892067,1,66.143,415481,outside_own_roche_hot_not_broken
900,1161,1,belt_rock,4.0065454221596896E-05,0.908874,1.9677,-0.864125,1,58.3921,448017,outside_own_roche_hot_not_broken
900,1168,1,belt_rock,6.352048758426421E-06,0.565342,3.07015,-0.897109,1,66.5348,413092,outside_own_roche_hot_not_broken
900,1169,1,belt_rock,4.686284621592993E-06,0.599756,3.42506,-1.40951,1,170.53,201673,outside_own_roche_hot_not_broken
900,1232,1,belt_rock,2.061242057702766E-05,0.803702,3.77575,-0.868609,1,56.8121,452350,outside_own_roche_hot_not_broken
900,1298,1,belt_rock,5.663401830953736E-05,0.724306,2.96434,-1.00593,1,45.5714,453266,outside_own_roche_hot_not_broken
900,1321,1,belt_rock,4.6269287599687955E-05,0.630438,2.62644,-1.4273,1,106.269,259159,outside_own_roche_hot_not_broken
900,1327,1,belt_rock,6.388261473972421E-05,0.665885,3.83812,-1.00969,1,41.0397,469007,outside_own_roche_hot_not_broken
900,1331,1,belt_rock,0.0001185720506521227,0.537851,2.24229,-1.01989,1,49.1688,436925,outside_own_roche_hot_not_broken
900,1396,1,belt_rock,4.1327715981051796E-05,0.893368,3.95427,-0.878543,1,67.0365,416051,outside_own_roche_hot_not_broken
900,1446,1,belt_rock,4.113859782316302E-06,0.953469,5.5516,-1.36794,1,98.5845,274648,outside_own_roche_hot_not_broken
900,1469,1,belt_rock,1.575447010319523E-05,0.68395,4.73784,-0.856866,1,50.6061,479476,outside_own_roche_hot_not_broken
900,1493,1,belt_rock,2.7119669110129766E-05,0.841591,3.85526,-1.03528,1,36.0232,480727,outside_own_roche_hot_not_broken
900,1506,1,belt_rock,2.886855000203483E-05,0.654747,2.98204,-0.908153,1,64.6996,415954,outside_own_roche_hot_not_broken
900,1507,1,belt_rock,1.4608993864857097E-05,0.289261,1.41191,-1.40288,1,120.516,245470,outside_own_roche_hot_not_broken
900,1523,1,belt_rock,0.0001138886429393924,0.606091,2.53211,-1.39222,1,87.5413,287213,outside_own_roche_hot_not_broken
900,1544,1,belt_rock,0.00010339274256879358,0.732567,2.87187,-0.887933,1,64.1022,422772,outside_own_roche_hot_not_broken
900,1569,1,belt_rock,1.327403036808673E-05,0.651711,3.21139,-1.01128,1,42.7508,462035,outside_own_roche_hot_not_broken
900,1640,1,belt_rock,8.69927307519916E-05,0.861317,4.82042,-1.3023,1,197.685,189261,outside_own_roche_hot_not_broken
900,1649,1,belt_rock,6.835371831378624E-07,0.955321,7.77067,-0.8613,1,63.5815,431233,outside_own_roche_hot_not_broken
900,1651,1,belt_rock,7.751139618613717E-05,0.704282,2.9964,-0.889775,1,85.7028,364166,outside_own_roche_hot_not_broken
900,1681,1,belt_rock,7.621729542144317E-06,0.514138,4.01681,-0.901057,1,64.9485,416922,outside_own_roche_hot_not_broken
900,1710,1,belt_rock,1.118385335029651E-06,0.927756,10.5164,-1.45333,1,105.261,257901,outside_own_roche_hot_not_broken
900,1739,1,belt_rock,9.087595189338775E-07,0.565387,4.34271,-1.02802,1,66.2004,384879,outside_own_roche_hot_not_broken
900,1794,1,belt_rock,1.3896780784160195E-06,0.340502,2.37589,-1.40868,1,88.5712,283864,outside_own_roche_hot_not_broken
900,1799,1,belt_rock,5.553438913725185E-05,0.724807,3.14434,-0.887563,1,67.3055,413071,outside_own_roche_hot_not_broken
900,1800,1,belt_rock,0.0001247861782887393,0.584755,3.17166,-1.43067,1,161.367,207135,outside_own_roche_hot_not_broken
900,1817,1,belt_rock,5.342541111848468E-06,0.976093,8.14567,-0.852185,1,48.2545,490702,outside_own_roche_hot_not_broken
900,1832,1,belt_rock,4.2652764523081694E-05,0.875566,3.86726,-1.05043,1,73.0784,363637,outside_own_roche_hot_not_broken
900,1847,1,belt_rock,2.0921773759374507E-05,0.590781,3.91844,-1.4305,1,159.847,208293,outside_own_roche_hot_not_broken
900,1888,1,belt_rock,6.153133260203168E-05,0.477398,2.05802,-0.898556,1,68.8833,405861,outside_own_roche_hot_not_broken
900,1898,1,belt_rock,8.135500548414582E-07,0.731807,3.19113,-1.31736,1,71.1713,323584,outside_own_roche_hot_not_broken
900,1902,1,belt_rock,0.0001179173380469943,0.74293,3.0979,-0.911224,1,71.0379,396928,outside_own_roche_hot_not_broken
900,1910,1,belt_rock,1.1268171028213465E-05,0.612546,3.07794,-1.01665,1,56.4628,414616,outside_own_roche_hot_not_broken
900,1919,1,belt_rock,6.197291827056268E-05,0.453726,1.95511,-0.89808,1,72.6434,395406,outside_own_roche_hot_not_broken
900,1940,1,belt_rock,2.2108686677391142E-05,0.629503,4.14368,-1.36494,1,71.9425,315408,outside_own_roche_hot_not_broken
900,1983,1,belt_rock,6.833698821645656E-07,0.344924,2.7503,-1.39579,1,86.8912,287741,outside_own_roche_hot_not_broken
950,14,1,belt_rock,2.8671295820214597E-05,0.670923,3.0594,-1.28166,1,83.8918,306462,outside_own_roche_hot_not_broken
950,37,1,belt_rock,6.725408553700501E-05,0.900023,5.15978,-0.887936,1,65.2751,419134,outside_own_roche_hot_not_broken
950,59,1,belt_rock,8.636542180844972E-05,0.606816,2.56892,-1.29796,1,120.54,254626,outside_own_roche_hot_not_broken
950,65,1,belt_rock,8.304769814433225E-05,0.640836,2.54927,-1.32107,1,65.0485,334626,outside_own_roche_hot_not_broken
950,96,1,belt_rock,6.73813028667692E-07,0.777901,9.79313,-0.967648,1,55.4533,430001,outside_own_roche_hot_not_broken
950,121,1,belt_rock,1.7787957704379382E-06,0.715362,7.38388,-1.67738,1,189.82,176328,outside_own_roche_hot_not_broken
950,130,1,belt_rock,0.00011923515915837287,0.712556,3.87931,-0.800767,1,52.2782,491081,outside_own_roche_hot_not_broken
950,144,1,belt_rock,1.418335411047879E-05,0.436289,2.13634,-1.35634,1,122.612,247197,outside_own_roche_hot_not_broken
950,159,1,belt_rock,1.4827623141554978E-06,0.269902,2.88923,-5.18054,1,67.0906,118646,outside_own_roche_hot_not_broken
950,195,1,belt_rock,1.7430248357966163E-06,0.888978,5.95756,-1.01067,1,49.913,436901,outside_own_roche_hot_not_broken
950,199,1,belt_rock,8.063667532988596E-06,0.73776,3.87149,-0.878175,1,70.4356,406086,outside_own_roche_hot_not_broken
950,246,1,belt_rock,1.158554041804656E-06,0.500177,5.6289,-2.98507,1,1.4059,237841,outside_own_roche_hot_not_broken
950,247,1,belt_rock,0.00010861397704692734,0.709718,2.97001,-0.971616,1,57.4876,422522,outside_own_roche_hot_not_broken
950,267,1,belt_rock,1.048620642138604E-06,0.776715,5.70755,-1.32173,1,75.812,314690,outside_own_roche_hot_not_broken
950,286,1,belt_rock,6.701834319915527E-07,0.853975,6.83518,-1.00636,1,64.6829,393494,outside_own_roche_hot_not_broken
950,301,1,belt_rock,0.00011912664104514497,0.918412,3.82784,-0.834991,1,54.1903,472207,outside_own_roche_hot_not_broken
950,311,1,belt_rock,5.6319548543963576E-05,0.959435,3.93085,-1.25655,1,68.1257,338762,outside_own_roche_hot_not_broken
950,320,1,belt_rock,2.7371059402551924E-05,0.525021,2.40223,-0.985315,1,55.6298,424917,outside_own_roche_hot_not_broken
950,346,1,belt_rock,9.446850949573703E-06,0.553707,2.84467,-0.851397,1,58.1579,452461,outside_own_roche_hot_not_broken
950,362,1,belt_rock,2.675046522657254E-05,0.865619,3.80721,-1.26849,1,104.033,277999,outside_own_roche_hot_not_broken
950,368,1,belt_rock,1.7305637864581166E-05,0.879159,5.99078,-0.962605,1,47.8488,457580,outside_own_roche_hot_not_broken
950,377,1,belt_rock,1.6827052528707687E-06,0.798119,8.32973,-0.965514,1,38.3106,494429,outside_own_roche_hot_not_broken
950,378,1,belt_rock,1.6697455561173104E-06,0.636729,6.65562,-1.34239,1,71.6485,319103,outside_own_roche_hot_not_broken
950,415,1,belt_rock,3.173377727381647E-05,0.705649,3.19063,-1.34128,1,111.015,261693,outside_own_roche_hot_not_broken
950,440,1,belt_rock,2.6345516458117787E-05,0.834215,3.83042,-1.00613,1,47.2443,447272,outside_own_roche_hot_not_broken
950,444,1,belt_rock,1.9203315783859442E-05,0.690134,3.15293,-0.873203,1,76.2373,391065,outside_own_roche_hot_not_broken
950,447,1,belt_rock,8.465071302985872E-07,0.600118,4.67532,-0.847986,1,46.7374,498639,outside_own_roche_hot_not_broken
950,456,1,belt_rock,6.768637285960783E-05,0.981373,4.20744,-1.01052,1,38.3481,479336,outside_own_roche_hot_not_broken
950,474,1,belt_rock,7.189937739453264E-06,0.655668,3.44942,-0.991808,1,43.2751,465929,outside_own_roche_hot_not_broken
950,477,1,belt_rock,7.593427859692768E-05,0.949066,4.04388,-1.34276,1,76.7668,310184,outside_own_roche_hot_not_broken
950,490,1,belt_rock,4.257850841960174E-05,0.583708,2.58047,-0.81063,1,64.7086,440974,outside_own_roche_hot_not_broken
950,502,1,belt_rock,1.816015031719967E-05,0.853522,2.04326,-0.885546,1,66.1374,417080,outside_own_roche_hot_not_broken
950,593,1,belt_rock,0.0001209477782056034,0.807264,4.38808,-0.840381,1,54.481,469406,outside_own_roche_hot_not_broken
950,612,1,belt_rock,2.0418136302480187E-05,0.545596,2.47389,-0.865078,1,67.7902,417034,outside_own_roche_hot_not_broken
950,613,1,belt_rock,1.947078259004743E-05,0.831256,5.56521,-0.812627,1,26.7824,622405,outside_own_roche_hot_not_broken
950,623,1,belt_rock,1.2530158011718365E-06,0.757422,5.38547,-0.965841,1,32.3866,521023,outside_own_roche_hot_not_broken
950,628,1,belt_rock,9.341724511972494E-07,0.686323,8.07281,-1.32757,1,73.6597,317638,outside_own_roche_hot_not_broken
950,662,1,belt_rock,1.2698754398678164E-05,0.535361,2.58979,-1.30168,1,65.9942,335817,outside_own_roche_hot_not_broken
950,665,1,belt_rock,1.7712067367314725E-05,0.640414,2.95908,-1.28042,1,68.3486,334532,outside_own_roche_hot_not_broken
950,668,1,belt_rock,2.4532801062004895E-05,0.707222,4.58397,-1.38384,1,173.802,200809,outside_own_roche_hot_not_broken
950,705,1,belt_rock,0.0001010755835750245,0.58314,3.21767,-0.989525,1,57.8923,416858,outside_own_roche_hot_not_broken
950,709,1,belt_rock,6.969675955960486E-06,0.594794,4.7387,-1.32952,1,70.3542,323299,outside_own_roche_hot_not_broken
950,711,1,belt_rock,6.737309371403601E-05,0.693639,2.97422,-0.844095,1,59.7926,448728,outside_own_roche_hot_not_broken
950,714,1,belt_rock,4.592437645712026E-05,0.798712,4.77584,-1.32978,1,95.9208,282408,outside_own_roche_hot_not_broken
950,739,1,belt_rock,4.430455529052298E-05,0.84258,5.05624,-0.963607,1,48.7098,454156,outside_own_roche_hot_not_broken
950,751,1,belt_rock,8.196136403768549E-05,0.591953,3.32856,-0.869692,1,66.107,421073,outside_own_roche_hot_not_broken
950,768,1,belt_rock,9.792722232842883E-06,0.759219,3.80376,-0.864313,1,56.1596,455946,outside_own_roche_hot_not_broken
950,783,1,belt_rock,5.56541249262284E-05,0.617503,2.67846,-0.850076,1,54.7742,465320,outside_own_roche_hot_not_broken
950,788,1,belt_rock,2.9536933042162192E-05,0.537929,2.44504,-0.85508,1,56.2523,458308,outside_own_roche_hot_not_broken
950,828,1,belt_rock,2.1780771841748363E-06,0.683508,4.40773,-0.987976,1,37.5069,490215,outside_own_roche_hot_not_broken
950,843,1,belt_rock,7.713343142684656E-07,0.958681,7.46721,-0.954085,1,41.5467,484690,outside_own_roche_hot_not_broken
950,872,1,belt_rock,2.4268674612332564E-06,0.712944,4.51464,-0.970226,1,47.9987,454813,outside_own_roche_hot_not_broken
950,880,1,belt_rock,1.1923727274855613E-06,0.588331,4.22147,-0.978908,1,57.6794,420114,outside_own_roche_hot_not_broken
950,900,1,belt_rock,0.00013125905267176525,0.71976,2.78274,-0.878199,1,64.7609,423148,outside_own_roche_hot_not_broken
950,945,1,belt_rock,0.0001221478665750242,0.252368,1.37152,-1.6243,1,192.129,177389,outside_own_roche_hot_not_broken
950,953,1,belt_rock,0.00010193446584013745,0.536418,2.95765,-0.853962,1,57.3752,454540,outside_own_roche_hot_not_broken
950,960,1,belt_rock,2.3884137407643173E-05,0.57937,3.76584,-0.991577,1,63.4217,400231,outside_own_roche_hot_not_broken
950,1003,1,belt_rock,5.271623584532397E-05,0.35323,1.5384,-1.34717,1,95.6562,280844,outside_own_roche_hot_not_broken
950,1042,1,belt_rock,3.864563838781366E-06,0.989285,5.79908,-1.01559,1,63.1903,395550,outside_own_roche_hot_not_broken
950,1073,1,belt_rock,4.065454806673326E-05,0.73956,3.11616,-0.990508,1,34.4203,502654,outside_own_roche_hot_not_broken
950,1118,1,belt_rock,5.7689262209639854E-05,0.539393,3.14224,-0.981816,1,58.5086,416859,outside_own_roche_hot_not_broken
950,1149,1,belt_rock,6.999064995170157E-07,0.871697,6.9184,-1.28666,1,57.3277,356494,outside_own_roche_hot_not_broken
950,1159,1,belt_rock,4.776407022198545E-06,0.795922,4.51745,-0.882345,1,66.9189,415487,outside_own_roche_hot_not_broken
950,1161,1,belt_rock,4.0065454221596896E-05,0.596648,1.29173,-0.855948,1,59.0416,448034,outside_own_roche_hot_not_broken
950,1168,1,belt_rock,6.352048758426421E-06,0.907983,4.93091,-0.887615,1,67.2954,413089,outside_own_roche_hot_not_broken
950,1169,1,belt_rock,4.686284621592993E-06,0.849686,4.85235,-1.39451,1,171.737,201668,outside_own_roche_hot_not_broken
950,1180,1,belt_rock,2.1401996191064295E-06,0.480961,3.13233,-0.863475,1,77.0178,391059,outside_own_roche_hot_not_broken
950,1201,1,belt_rock,3.174262665981588E-05,0.500521,2.2614,-0.986144,1,58.2162,416695,outside_own_roche_hot_not_broken
950,1232,1,belt_rock,2.061242057702766E-05,0.68664,3.2258,-0.860073,1,57.4917,452361,outside_own_roche_hot_not_broken
950,1295,1,belt_rock,2.588496501680819E-06,0.34721,2.17528,-1.30509,1,89.0071,295387,outside_own_roche_hot_not_broken
950,1298,1,belt_rock,5.663401830953736E-05,0.749523,3.06755,-0.998234,1,46.1832,453279,outside_own_roche_hot_not_broken
950,1317,1,belt_rock,7.139985776542619E-05,0.304971,1.30384,-1.39448,1,153.504,215542,outside_own_roche_hot_not_broken
950,1327,1,belt_rock,6.388261473972421E-05,0.837398,4.82671,-1.00291,1,41.5719,469046,outside_own_roche_hot_not_broken
950,1328,1,belt_rock,1.553270508424185E-05,0.788337,5.4624,-0.965241,1,46.225,462817,outside_own_roche_hot_not_broken
950,1331,1,belt_rock,0.0001185720506521227,0.995081,4.14848,-1.015,1,49.5492,436959,outside_own_roche_hot_not_broken
950,1396,1,belt_rock,4.1327715981051796E-05,0.581134,2.57224,-0.868694,1,67.8189,416068,outside_own_roche_hot_not_broken
950,1401,1,belt_rock,6.0874230779359964E-05,0.532267,2.29609,-0.98339,1,50.9625,440720,outside_own_roche_hot_not_broken
950,1446,1,belt_rock,4.113859782316302E-06,0.394901,2.29932,-1.34786,1,100.19,274649,outside_own_roche_hot_not_broken
950,1477,1,belt_rock,9.822031920370727E-06,0.478862,2.44712,-0.863535,1,70.853,408274,outside_own_roche_hot_not_broken
950,1544,1,belt_rock,0.00010339274256879358,0.732096,2.87002,-0.878426,1,64.8601,422781,outside_own_roche_hot_not_broken
950,1569,1,belt_rock,1.327403036808673E-05,0.84419,4.15985,-1.00425,1,43.3027,462073,outside_own_roche_hot_not_broken
950,1622,1,belt_rock,1.0315388663129851E-05,0.804748,4.09348,-1.27314,1,104.352,277068,outside_own_roche_hot_not_broken
950,1626,1,belt_rock,2.895732438281332E-05,0.576514,3.65255,-1.28466,1,67.03,336462,outside_own_roche_hot_not_broken
950,1627,1,belt_rock,2.851538515269608E-06,0.460353,1.52007,-1.31174,1,64.5677,337049,outside_own_roche_hot_not_broken
950,1640,1,belt_rock,8.69927307519916E-05,0.630374,3.52793,-1.28788,1,198.805,189282,outside_own_roche_hot_not_broken
950,1644,1,belt_rock,1.1494473281459E-06,0.837723,9.44281,-0.963151,1,40.2435,487078,outside_own_roche_hot_not_broken
950,1649,1,belt_rock,6.835371831378624E-07,0.549327,4.46827,-0.852959,1,64.2475,431237,outside_own_roche_hot_not_broken
950,1651,1,belt_rock,7.751139618613717E-05,0.746228,3.17486,-0.878344,1,86.6165,364168,outside_own_roche_hot_not_broken
950,1652,1,belt_rock,8.036015874221759E-07,0.65461,5.0588,-0.975387,1,39.8605,484616,outside_own_roche_hot_not_broken
950,1691,1,belt_rock,2.3816228147703187E-05,0.654209,3.03464,-1.33167,1,76.3079,312468,outside_own_roche_hot_not_broken
950,1726,1,belt_rock,6.971155458501688E-07,0.703327,8.79156,-0.972919,1,40.0148,484794,outside_own_roche_hot_not_broken
950,1733,1,belt_rock,2.347973710348831E-06,0.861052,5.48273,-0.963897,1,46.6382,461674,outside_own_roche_hot_not_broken
950,1741,1,belt_rock,0.00012007395615377616,0.596433,2.31754,-0.981187,1,44.9181,462934,outside_own_roche_hot_not_broken
950,1799,1,belt_rock,5.553438913725185E-05,0.735202,3.18944,-0.877696,1,68.0926,413078,outside_own_roche_hot_not_broken
950,1817,1,belt_rock,5.342541111848468E-06,0.607921,5.0732,-0.84694,1,48.6655,490738,outside_own_roche_hot_not_broken
950,1895,1,belt_rock,3.1088142483657866E-05,0.703437,3.1841,-0.969199,1,33.2163,515855,outside_own_roche_hot_not_broken
950,1898,1,belt_rock,8.135500548414582E-07,0.630431,2.74907,-1.30545,1,72.1215,323589,outside_own_roche_hot_not_broken
950,1904,1,belt_rock,3.399896616522103E-06,0.676721,2.1534,-1.28249,1,94.082,290481,outside_own_roche_hot_not_broken
950,1910,1,belt_rock,1.1268171028213465E-05,0.833944,4.19043,-1.00728,1,57.2046,414641,outside_own_roche_hot_not_broken
950,1940,1,belt_rock,2.2108686677391142E-05,0.724963,4.77204,-1.35284,1,72.9038,315419,outside_own_roche_hot_not_broken
950,1944,1,belt_rock,5.675619680170925E-06,0.53107,2.93328,-0.851701,1,59.9454,446061,outside_own_roche_hot_not_broken
950,1955,1,belt_rock,4.348398567282E-05,0.590122,2.6028,-0.981515,1,42.0644,473789,outside_own_roche_hot_not_broken
950,1957,1,belt_rock,4.546050945647867E-05,0.81985,3.42023,-1.33376,1,130.223,241141,outside_own_roche_hot_not_broken
950,1973,1,belt_rock,6.872929405087166E-05,0.506581,2.16963,-0.866155,1,64.1191,428240,outside_own_roche_hot_not_broken
950,1981,1,belt_rock,1.7718268023598462E-06,0.92463,6.17871,-1.66017,1,204.395,169427,outside_own_roche_hot_not_broken
950,2006,1,belt_rock,7.872272735644288E-05,0.714714,4.03666,-0.798011,1,59.5282,463099,outside_own_roche_hot_not_broken
1000,13,1,belt_rock,7.301354889356378E-07,0.954181,7.65836,-0.922378,1,45.7806,477810,outside_own_roche_hot_not_broken
1000,14,1,belt_rock,2.8671295820214597E-05,0.708198,3.22937,-1.26938,1,84.8744,306461,outside_own_roche_hot_not_broken
1000,58,1,belt_rock,6.567332992402851E-07,0.650474,5.22698,-1.61872,1,173.234,188722,outside_own_roche_hot_not_broken
1000,65,1,belt_rock,8.304769814433225E-05,0.718402,2.85783,-1.30969,1,65.9551,334634,outside_own_roche_hot_not_broken
1000,96,1,belt_rock,6.73813028667692E-07,0.680451,8.56632,-0.958939,1,56.1514,429996,outside_own_roche_hot_not_broken
1000,115,1,belt_rock,9.05986867324195E-06,0.853483,4.43189,-0.758428,1,93.4577,370670,outside_own_roche_hot_not_broken
1000,116,1,belt_rock,2.224633234259358E-05,0.839062,3.91288,-0.925278,1,29.1385,553817,outside_own_roche_hot_not_broken
1000,121,1,belt_rock,1.7787957704379382E-06,0.73025,7.53755,-1.66471,1,190.816,176338,outside_own_roche_hot_not_broken
1000,130,1,belt_rock,0.00011923515915837287,0.823247,4.48193,-0.793437,1,52.8654,491078,outside_own_roche_hot_not_broken
1000,159,1,belt_rock,1.4827623141554978E-06,0.204649,2.19071,-5.20565,1,65.0771,118647,outside_own_roche_hot_not_broken
1000,160,1,belt_rock,2.828864175936968E-06,0.605511,3.73879,-0.944135,1,45.3816,472509,outside_own_roche_hot_not_broken
1000,176,1,belt_rock,3.0006507538053732E-06,0.789127,7.35631,-1.22442,1,101.614,286279,outside_own_roche_hot_not_broken
1000,186,1,belt_rock,6.577332055508024E-07,0.601392,4.83114,-0.935594,1,48.7467,462256,outside_own_roche_hot_not_broken
1000,225,1,belt_rock,2.697741149420495E-06,0.801871,2.6662,-0.929506,1,41.4691,493243,outside_own_roche_hot_not_broken
1000,229,1,belt_rock,8.754406789208803E-05,0.91379,3.86318,-0.805659,1,53.2207,485514,outside_own_roche_hot_not_broken
1000,231,1,belt_rock,8.88858516021005E-05,0.622263,2.62888,-0.946895,1,39.6087,495249,outside_own_roche_hot_not_broken
1000,246,1,belt_rock,1.158554041804656E-06,0.441442,4.96792,-2.98695,1,1.2521,237844,outside_own_roche_hot_not_broken
1000,247,1,belt_rock,0.00010861397704692734,0.741572,3.10331,-0.962533,1,58.2134,422525,outside_own_roche_hot_not_broken
1000,264,1,belt_rock,1.2184436880334171E-05,0.764346,3.804,-0.93103,1,28.4774,554897,outside_own_roche_hot_not_broken
1000,267,1,belt_rock,1.048620642138604E-06,0.585794,4.3046,-1.30913,1,76.8155,314697,outside_own_roche_hot_not_broken
1000,290,1,belt_rock,4.489785357970836E-06,0.346653,1.99218,-1.32531,1,109.439,265159,outside_own_roche_hot_not_broken
1000,301,1,belt_rock,0.00011912664104514497,0.616523,2.5696,-0.82789,1,54.7576,472210,outside_own_roche_hot_not_broken
1000,311,1,belt_rock,5.6319548543963576E-05,0.431883,1.76944,-1.24629,1,68.9354,338784,outside_own_roche_hot_not_broken
1000,343,1,belt_rock,3.0129983879800577E-05,0.566892,2.57211,-0.822248,1,55.4099,471427,outside_own_roche_hot_not_broken
1000,362,1,belt_rock,2.675046522657254E-05,0.521668,2.29442,-1.25263,1,105.309,277989,outside_own_roche_hot_not_broken
1000,368,1,belt_rock,1.7305637864581166E-05,0.622412,4.24125,-0.955795,1,48.3977,457565,outside_own_roche_hot_not_broken
1000,377,1,belt_rock,1.6827052528707687E-06,0.734244,7.66309,-0.959565,1,38.7884,494421,outside_own_roche_hot_not_broken
1000,415,1,belt_rock,3.173377727381647E-05,0.695158,3.14319,-1.32831,1,112.044,261704,outside_own_roche_hot_not_broken
1000,516,1,belt_rock,3.212833715590032E-05,0.62221,2.80811,-0.819952,1,53.5486,479519,outside_own_roche_hot_not_broken
1000,526,1,belt_rock,0.00012282084840867837,0.775651,3.22938,-1.21904,1,64.5136,352588,outside_own_roche_hot_not_broken
1000,593,1,belt_rock,0.0001209477782056034,0.70157,3.81355,-0.832357,1,55.1214,469412,outside_own_roche_hot_not_broken
1000,612,1,belt_rock,2.0418136302480187E-05,0.942559,4.27384,-0.855866,1,68.5319,417019,outside_own_roche_hot_not_broken
1000,613,1,belt_rock,1.947078259004743E-05,0.95561,6.39775,-0.809685,1,27.0159,622418,outside_own_roche_hot_not_broken
1000,623,1,belt_rock,1.2530158011718365E-06,0.822452,5.84785,-0.960897,1,32.7802,521031,outside_own_roche_hot_not_broken
1000,628,1,belt_rock,9.341724511972494E-07,0.676464,7.95683,-1.3157,1,74.6055,317645,outside_own_roche_hot_not_broken
1000,660,1,belt_rock,1.1669731316942732E-05,0.884026,4.3238,-1.20782,1,63.747,356247,outside_own_roche_hot_not_broken
1000,662,1,belt_rock,1.2698754398678164E-05,0.827896,4.00493,-1.28946,1,66.9642,335832,outside_own_roche_hot_not_broken
1000,665,1,belt_rock,1.7712067367314725E-05,0.72809,3.36419,-1.2689,1,69.2706,334531,outside_own_roche_hot_not_broken
1000,684,1,belt_rock,1.0710310832703353E-05,0.877129,4.45034,-1.58671,1,134.126,218844,outside_own_roche_hot_not_broken
1000,697,1,belt_rock,5.4997176006218115E-06,0.577361,3.2047,-0.947535,1,44.773,473827,outside_own_roche_hot_not_broken
1000,709,1,belt_rock,6.969675955960486E-06,0.764337,6.08944,-1.31734,1,71.3228,323310,outside_own_roche_hot_not_broken
1000,711,1,belt_rock,6.737309371403601E-05,0.796271,3.41429,-0.835312,1,60.4966,448723,outside_own_roche_hot_not_broken
1000,713,1,belt_rock,0.00012781152288710647,0.483057,2.61495,-1.3097,1,97.4201,282558,outside_own_roche_hot_not_broken
1000,714,1,belt_rock,4.592437645712026E-05,0.579031,3.46228,-1.31587,1,97.0255,282419,outside_own_roche_hot_not_broken
1000,719,1,belt_rock,2.5825135170275426E-06,0.915155,3.07707,-1.27921,1,101.823,279841,outside_own_roche_hot_not_broken
1000,739,1,belt_rock,4.430455529052298E-05,0.646074,3.87702,-0.956259,1,49.301,454144,outside_own_roche_hot_not_broken
1000,783,1,belt_rock,5.56541249262284E-05,0.905319,3.92689,-0.842749,1,55.3651,465302,outside_own_roche_hot_not_broken
1000,843,1,belt_rock,7.713343142684656E-07,0.614411,4.78568,-0.949821,1,41.8933,484668,outside_own_roche_hot_not_broken
1000,872,1,belt_rock,2.4268674612332564E-06,0.766422,4.85328,-0.96251,1,48.615,454816,outside_own_roche_hot_not_broken
1000,880,1,belt_rock,1.1923727274855613E-06,0.873702,6.26909,-0.969943,1,58.3898,420135,outside_own_roche_hot_not_broken
1000,919,1,belt_rock,1.1980447378416672E-05,0.997176,4.84896,-0.799484,1,51.6103,494355,outside_own_roche_hot_not_broken
1000,942,1,belt_rock,1.0090235419802254E-05,0.605499,4.50178,-0.817403,1,56.4942,468732,outside_own_roche_hot_not_broken
1000,946,1,belt_rock,6.641336644213822E-07,0.663292,5.31835,-0.819074,1,54.8515,474608,outside_own_roche_hot_not_broken
1000,962,1,belt_rock,1.3620312997759259E-05,0.669386,3.28687,-0.925342,1,45.1471,479399,outside_own_roche_hot_not_broken
1000,977,1,belt_rock,3.6016924596942088E-06,0.996456,8.97436,-0.919292,1,37.2799,515525,outside_own_roche_hot_not_broken
1000,983,1,belt_rock,8.425043143985532E-06,0.883857,6.79269,-1.21767,1,83.304,316140,outside_own_roche_hot_not_broken
1000,1032,1,belt_rock,3.2133994759622797E-06,0.770065,4.66071,-1.2802,1,75.8409,320505,outside_own_roche_hot_not_broken
1000,1047,1,belt_rock,1.1729322602406433E-06,0.919732,10.3245,-1.271,1,77.1619,319456,outside_own_roche_hot_not_broken
1000,1071,1,belt_rock,7.377244878524375E-05,0.922266,3.93449,-0.920993,1,31.1525,544988,outside_own_roche_hot_not_broken
1000,1118,1,belt_rock,5.7689262209639854E-05,0.937407,5.46088,-0.973568,1,59.1586,416889,outside_own_roche_hot_not_broken
1000,1143,1,belt_rock,4.947486762541453E-05,0.429314,2.54526,-1.24085,1,64.5432,348769,outside_own_roche_hot_not_broken
1000,1145,1,belt_rock,1.921433458680903E-05,0.897896,4.24677,-0.808904,1,51.0961,493333,outside_own_roche_hot_not_broken
1000,1149,1,belt_rock,6.999064995170157E-07,0.504386,4.00316,-1.27628,1,58.1533,356505,outside_own_roche_hot_not_broken
1000,1164,1,belt_rock,6.566807129580454E-07,0.547295,6.92726,-0.82341,1,56.9444,465180,outside_own_roche_hot_not_broken
1000,1194,1,belt_rock,1.2651099005388968E-05,0.970575,6.95826,-1.27743,1,131.15,244840,outside_own_roche_hot_not_broken
1000,1208,1,belt_rock,6.958514882627006E-07,0.94783,11.8523,-0.921752,1,42.5374,491342,outside_own_roche_hot_not_broken
1000,1211,1,belt_rock,3.9427931333678005E-06,0.34146,2.001,-1.31072,1,91.5305,290915,outside_own_roche_hot_not_broken
1000,1227,1,belt_rock,1.112515499055423E-05,0.283564,1.42921,-1.32755,1,128.468,243455,outside_own_roche_hot_not_broken
1000,1269,1,belt_rock,9.321141118388653E-06,0.619837,4.67169,-0.816595,1,56.6116,468530,outside_own_roche_hot_not_broken
1000,1324,1,belt_rock,6.783388779822037E-07,0.884176,7.06025,-0.809859,1,50.5984,495134,outside_own_roche_hot_not_broken
1000,1328,1,belt_rock,1.553270508424185E-05,0.701599,4.8614,-0.957964,1,46.8093,462809,outside_own_roche_hot_not_broken
1000,1369,1,belt_rock,3.433948380886606E-05,0.715929,3.21397,-0.801408,1,34.3357,580326,outside_own_roche_hot_not_broken
1000,1399,1,belt_rock,8.005162457164477E-05,0.350263,1.48817,-1.29771,1,98.1961,282814,outside_own_roche_hot_not_broken
1000,1408,1,belt_rock,4.2460029196316964E-05,0.950296,4.198,-0.924554,1,41.7519,493726,outside_own_roche_hot_not_broken
1000,1439,1,belt_rock,3.449798020311295E-05,0.792885,3.39364,-0.933969,1,44.6075,478794,outside_own_roche_hot_not_broken
1000,1445,1,belt_rock,6.3907314613297145E-06,0.400209,2.17954,-1.30539,1,73.578,320950,outside_own_roche_hot_not_broken
1000,1455,1,belt_rock,0.00010187493537486585,0.796272,3.34182,-0.813961,1,51.2439,490991,outside_own_roche_hot_not_broken
1000,1466,1,belt_rock,4.087745587413839E-06,0.790861,6.94899,-0.809518,1,55.5048,475047,outside_own_roche_hot_not_broken
1000,1485,1,belt_rock,9.364058502636399E-07,0.900464,6.75909,-0.924866,1,47.1895,471469,outside_own_roche_hot_not_broken
1000,1533,1,belt_rock,8.14893470761004E-07,0.365411,2.81635,-1.25795,1,93.7574,293900,outside_own_roche_hot_not_broken
1000,1591,1,belt_rock,3.560392368572573E-06,0.236483,1.40775,-1.56413,1,240.933,156072,outside_own_roche_hot_not_broken
1000,1593,1,belt_rock,3.2156827422358834E-05,0.432199,1.95366,-0.772747,1,87.654,382222,outside_own_roche_hot_not_broken
1000,1600,1,belt_rock,4.2548236559804045E-06,0.557322,3.22236,-0.825182,1,55.1877,471378,outside_own_roche_hot_not_broken
1000,1622,1,belt_rock,1.0315388663129851E-05,0.5911,3.00672,-1.25921,1,105.472,277059,outside_own_roche_hot_not_broken
1000,1626,1,belt_rock,2.895732438281332E-05,0.790255,5.00673,-1.2728,1,67.9791,336461,outside_own_roche_hot_not_broken
1000,1627,1,belt_rock,2.851538515269608E-06,0.908815,3.00088,-1.30002,1,65.4923,337075,outside_own_roche_hot_not_broken
1000,1644,1,belt_rock,1.1494473281459E-06,0.690454,7.78279,-0.957156,1,40.7267,487063,outside_own_roche_hot_not_broken
1000,1652,1,belt_rock,8.036015874221759E-07,0.883612,6.82853,-0.969609,1,40.3158,484645,outside_own_roche_hot_not_broken
1000,1655,1,belt_rock,7.321869508164544E-05,0.686885,2.93155,-0.940912,1,37.8476,505055,outside_own_roche_hot_not_broken
1000,1691,1,belt_rock,2.3816228147703187E-05,0.709824,3.29262,-1.31957,1,77.2708,312477,outside_own_roche_hot_not_broken
1000,1726,1,belt_rock,6.971155458501688E-07,0.8178,10.2225,-0.966602,1,40.517,484807,outside_own_roche_hot_not_broken
1000,1733,1,belt_rock,2.347973710348831E-06,0.640222,4.0766,-0.957069,1,47.1883,461659,outside_own_roche_hot_not_broken
1000,1741,1,belt_rock,0.00012007395615377616,0.932828,3.62465,-0.975371,1,45.3738,462970,outside_own_roche_hot_not_broken
1000,1780,1,belt_rock,2.205688509429849E-06,0.845632,5.44158,-0.809661,1,56.0627,472809,outside_own_roche_hot_not_broken
1000,1895,1,belt_rock,3.1088142483657866E-05,0.883685,3.99999,-0.96448,1,33.5877,515884,outside_own_roche_hot_not_broken
1000,1896,1,belt_rock,6.60873004688978E-07,0.863596,6.93105,-0.807726,1,55.8488,474256,outside_own_roche_hot_not_broken
1000,1904,1,belt_rock,3.399896616522103E-06,0.712555,2.26743,-1.26989,1,95.0906,290480,outside_own_roche_hot_not_broken
1000,1955,1,belt_rock,4.348398567282E-05,0.992416,4.37716,-0.977633,1,42.363,473836,outside_own_roche_hot_not_broken
1000,1957,1,belt_rock,4.546050945647867E-05,0.596372,2.48793,-1.3192,1,131.374,241155,outside_own_roche_hot_not_broken
1000,1981,1,belt_rock,1.7718268023598462E-06,0.483557,3.2313,-1.63882,1,206.083,169437,outside_own_roche_hot_not_broken
1000,1993,1,belt_rock,9.359519559261493E-05,0.748341,3.15332,-0.815659,1,51.8086,488053,outside_own_roche_hot_not_broken
1000,1997,1,belt_rock,1.830476857573022E-05,0.948647,4.35946,-0.800494,1,53.6088,485618,outside_own_roche_hot_not_broken
1000,2006,1,belt_rock,7.872272735644288E-05,0.791862,4.47239,-0.789548,1,60.2061,463096,outside_own_roche_hot_not_broken
1050,13,1,belt_rock,7.301354889356378E-07,0.604049,4.84817,-0.917318,1,46.1861,477807,outside_own_roche_hot_not_broken
1050,58,1,belt_rock,6.567332992402851E-07,0.782613,6.2888,-1.60534,1,174.289,188731,outside_own_roche_hot_not_broken
1050,111,1,belt_rock,1.678696995073673E-05,0.70219,3.37289,-1.18199,1,67.4146,352725,outside_own_roche_hot_not_broken
1050,115,1,belt_rock,9.05986867324195E-06,0.623616,3.23826,-0.746299,1,94.4261,370675,outside_own_roche_hot_not_broken
1050,116,1,belt_rock,2.224633234259358E-05,0.801846,3.73933,-0.921287,1,29.4612,553798,outside_own_roche_hot_not_broken
1050,135,1,belt_rock,5.258303751555807E-06,0.719593,4.0049,-1.22996,1,54.0526,374762,outside_own_roche_hot_not_broken
1050,159,1,belt_rock,1.4827623141554978E-06,0.168622,1.80505,-5.13989,1,70.334,118648,outside_own_roche_hot_not_broken
1050,160,1,belt_rock,2.828864175936968E-06,0.938035,5.79199,-0.938606,1,45.8191,472527,outside_own_roche_hot_not_broken
1050,176,1,belt_rock,3.0006507538053732E-06,0.613021,5.71464,-1.21104,1,102.691,286271,outside_own_roche_hot_not_broken
1050,186,1,belt_rock,6.577332055508024E-07,0.921049,7.39903,-0.9292,1,49.2544,462270,outside_own_roche_hot_not_broken
1050,225,1,belt_rock,2.697741149420495E-06,0.729182,2.42451,-0.923272,1,41.9703,493232,outside_own_roche_hot_not_broken
1050,229,1,belt_rock,8.754406789208803E-05,0.635333,2.68596,-0.798853,1,53.7659,485512,outside_own_roche_hot_not_broken
1050,231,1,belt_rock,8.88858516021005E-05,0.98116,4.14511,-0.943115,1,39.9039,495281,outside_own_roche_hot_not_broken
1050,246,1,belt_rock,1.158554041804656E-06,0.496483,5.58733,-2.9848,1,1.42429,237844,outside_own_roche_hot_not_broken
1050,250,1,belt_rock,3.061408992850387E-05,0.880634,3.9923,-1.17306,1,100.646,293752,outside_own_roche_hot_not_broken
1050,252,1,belt_rock,3.8692328736148656E-05,0.668916,2.97514,-0.788387,1,46.9244,519405,outside_own_roche_hot_not_broken
1050,264,1,belt_rock,1.2184436880334171E-05,0.892123,4.43991,-0.92734,1,28.7732,554894,outside_own_roche_hot_not_broken
1050,294,1,belt_rock,0.00012308248318356014,0.718252,2.98956,-0.913904,1,28.8475,560339,outside_own_roche_hot_not_broken
1050,305,1,belt_rock,1.1119287236353387E-05,0.923892,4.65408,-1.17069,1,87.4235,315510,outside_own_roche_hot_not_broken
1050,358,1,belt_rock,1.853699155284074E-05,0.627079,2.97663,-0.792381,1,52.4322,493272,outside_own_roche_hot_not_broken
1050,370,1,belt_rock,1.5234453256065473E-06,0.792482,5.43904,-0.784596,1,49.698,507996,outside_own_roche_hot_not_broken
1050,407,1,belt_rock,9.537164663850703E-05,0.735743,2.89952,-1.18205,1,72.5386,341899,outside_own_roche_hot_not_broken
1050,413,1,belt_rock,2.2892555462876223E-05,0.815392,3.79123,-0.902043,1,40.3812,507640,outside_own_roche_hot_not_broken
1050,439,1,belt_rock,1.1123448839321772E-05,0.613931,3.09414,-1.18814,1,70.1144,345909,outside_own_roche_hot_not_broken
1050,448,1,belt_rock,2.246719544198254E-05,0.582174,2.61307,-1.18228,1,57.0433,376797,outside_own_roche_hot_not_broken
1050,449,1,belt_rock,5.426548421565147E-06,0.593629,3.29856,-0.795855,1,51.6481,495438,outside_own_roche_hot_not_broken
1050,453,1,belt_rock,0.00010489770836095581,0.640523,2.50915,-1.18958,1,86.2377,314944,outside_own_roche_hot_not_broken
1050,504,1,belt_rock,1.3860795580248966E-05,0.526237,3.71694,-1.19688,1,73.6185,337324,outside_own_roche_hot_not_broken
1050,516,1,belt_rock,3.212833715590032E-05,0.92293,4.16529,-0.813094,1,54.099,479512,outside_own_roche_hot_not_broken
1050,526,1,belt_rock,0.00012282084840867837,0.604784,2.51799,-1.20783,1,65.4127,352583,outside_own_roche_hot_not_broken
1050,529,1,belt_rock,9.311867503424329E-05,0.387542,2.15425,-1.20954,1,92.998,301073,outside_own_roche_hot_not_broken
1050,544,1,belt_rock,6.838134533786537E-07,0.739769,3.32449,-0.781707,1,48.5158,514461,outside_own_roche_hot_not_broken
1050,617,1,belt_rock,5.557504651305043E-05,0.721762,3.13076,-0.904176,1,44.0297,490979,outside_own_roche_hot_not_broken
1050,646,1,belt_rock,2.1005823501122877E-05,0.858716,4.02887,-1.17375,1,103.868,288884,outside_own_roche_hot_not_broken
1050,660,1,belt_rock,1.1669731316942732E-05,0.506139,2.47554,-1.19661,1,64.6464,356240,outside_own_roche_hot_not_broken
1050,684,1,belt_rock,1.0710310832703353E-05,0.484844,2.45998,-1.56747,1,135.661,218848,outside_own_roche_hot_not_broken
1050,691,1,belt_rock,2.0449783241310703E-05,0.908662,4.27115,-0.894886,1,38.0669,521004,outside_own_roche_hot_not_broken
1050,713,1,belt_rock,0.00012781152288710647,0.889003,4.81247,-1.29279,1,98.762,282573,outside_own_roche_hot_not_broken
1050,719,1,belt_rock,2.5825135170275426E-06,0.459431,1.54477,-1.26106,1,103.267,279851,outside_own_roche_hot_not_broken
1050,737,1,belt_rock,3.595797832041322E-06,0.970772,5.77001,-0.885344,1,24.5165,599221,outside_own_roche_hot_not_broken
1050,750,1,belt_rock,3.434832964288003E-05,0.702949,3.15531,-0.781664,1,36.9098,574521,outside_own_roche_hot_not_broken
1050,800,1,belt_rock,2.277834181608701E-06,0.950717,9.34651,-0.779642,1,48.8647,513611,outside_own_roche_hot_not_broken
1050,817,1,belt_rock,0.00011965595049649409,0.734268,3.0605,-1.23049,1,55.3859,371409,outside_own_roche_hot_not_broken
1050,832,1,belt_rock,4.020570368839026E-06,0.335033,1.95752,-1.57331,1,129.179,224009,outside_own_roche_hot_not_broken
1050,846,1,belt_rock,8.543492635435832E-05,0.671841,2.84374,-0.791984,1,50.1402,503372,outside_own_roche_hot_not_broken
1050,867,1,belt_rock,7.411791933590053E-05,0.642024,2.57488,-1.55398,1,126.278,227985,outside_own_roche_hot_not_broken
1050,877,1,belt_rock,9.775472823076994E-05,0.837875,3.29623,-0.899776,1,31.342,552941,outside_own_roche_hot_not_broken
1050,906,1,belt_rock,2.0343165160066184E-05,0.883801,4.15998,-1.17314,1,92.193,307090,outside_own_roche_hot_not_broken
1050,919,1,belt_rock,1.1980447378416672E-05,0.600723,2.92113,-0.794605,1,52.0039,494341,outside_own_roche_hot_not_broken
1050,942,1,belt_rock,1.0090235419802254E-05,0.930444,6.91769,-0.810162,1,57.0756,468724,outside_own_roche_hot_not_broken
1050,946,1,belt_rock,6.641336644213822E-07,0.859864,6.89447,-0.811385,1,55.4676,474604,outside_own_roche_hot_not_broken
1050,955,1,belt_rock,6.982885582430313E-07,0.934649,7.42136,-1.22605,1,66.0352,348114,outside_own_roche_hot_not_broken
1050,962,1,belt_rock,1.3620312997759259E-05,0.852398,4.1855,-0.918757,1,45.6735,479401,outside_own_roche_hot_not_broken
1050,967,1,belt_rock,2.6560160660523208E-05,0.598194,2.63144,-0.915306,1,43.3457,490109,outside_own_roche_hot_not_broken
1050,977,1,belt_rock,3.6016924596942088E-06,0.646491,5.82248,-0.916266,1,37.5241,515515,outside_own_roche_hot_not_broken
1050,983,1,belt_rock,8.425043143985532E-06,0.496942,3.81914,-1.20313,1,84.4725,316131,outside_own_roche_hot_not_broken
1050,986,1,belt_rock,7.513788892493608E-07,0.674329,5.27897,-0.788804,1,41.5504,545911,outside_own_roche_hot_not_broken
1050,998,1,belt_rock,2.452544289854962E-05,0.615108,2.84151,-0.797004,1,48.1275,510620,outside_own_roche_hot_not_broken
1050,1032,1,belt_rock,3.2133994759622797E-06,0.600648,3.63534,-1.26784,1,76.826,320511,outside_own_roche_hot_not_broken
1050,1047,1,belt_rock,1.1729322602406433E-06,0.450193,5.05366,-1.25676,1,78.295,319467,outside_own_roche_hot_not_broken
1050,1070,1,belt_rock,6.750423070272806E-07,0.641602,8.07415,-1.57063,1,228.5,161322,outside_own_roche_hot_not_broken
1050,1071,1,belt_rock,7.377244878524375E-05,0.725679,3.09582,-0.91737,1,31.4464,544967,outside_own_roche_hot_not_broken
1050,1102,1,belt_rock,7.303424977784841E-05,0.794921,3.19066,-1.17718,1,68.5657,351063,outside_own_roche_hot_not_broken
1050,1109,1,belt_rock,1.2438748069170338E-06,0.656636,4.67512,-0.90954,1,43.0045,493506,outside_own_roche_hot_not_broken
1050,1142,1,belt_rock,1.1447247312755778E-06,0.613079,4.43227,-1.16663,1,73.1118,343255,outside_own_roche_hot_not_broken
1050,1143,1,belt_rock,4.947486762541453E-05,0.986974,5.85143,-1.23387,1,65.105,348761,outside_own_roche_hot_not_broken
1050,1145,1,belt_rock,1.921433458680903E-05,0.655248,3.09912,-0.802211,1,51.6312,493335,outside_own_roche_hot_not_broken
1050,1165,1,belt_rock,5.396082938469288E-06,0.24012,1.34365,-1.58518,1,144.354,210688,outside_own_roche_hot_not_broken
1050,1173,1,belt_rock,2.913813412734107E-05,0.944922,4.29916,-0.773625,1,47.909,520334,outside_own_roche_hot_not_broken
1050,1194,1,belt_rock,1.2651099005388968E-05,0.416006,2.98243,-1.25345,1,133.059,244850,outside_own_roche_hot_not_broken
1050,1199,1,belt_rock,6.629207845368145E-07,0.718898,9.08127,-0.787191,1,42.0842,543807,outside_own_roche_hot_not_broken
1050,1208,1,belt_rock,6.958514882627006E-07,0.626147,7.82978,-0.917041,1,42.9159,491336,outside_own_roche_hot_not_broken
1050,1216,1,belt_rock,6.610392938527892E-07,0.484623,3.96887,-1.19275,1,58.9105,370194,outside_own_roche_hot_not_broken
1050,1255,1,belt_rock,1.8594550238212058E-06,0.719712,2.58392,-0.913575,1,28.7548,560995,outside_own_roche_hot_not_broken
1050,1269,1,belt_rock,9.321141118388653E-06,0.909127,6.85205,-0.809042,1,57.2172,468524,outside_own_roche_hot_not_broken
1050,1289,1,belt_rock,5.010288387683074E-06,0.39775,2.24946,-1.59717,1,179.936,185669,outside_own_roche_hot_not_broken
1050,1324,1,belt_rock,6.783388779822037E-07,0.667219,5.32783,-0.803092,1,51.139,495138,outside_own_roche_hot_not_broken
1050,1390,1,belt_rock,1.3042290417079452E-06,0.802936,8.82092,-0.784864,1,48.2001,514754,outside_own_roche_hot_not_broken
1050,1408,1,belt_rock,4.2460029196316964E-05,0.628771,2.77764,-0.920008,1,42.1175,493718,outside_own_roche_hot_not_broken
1050,1439,1,belt_rock,3.449798020311295E-05,0.718166,3.07383,-0.927155,1,45.1548,478785,outside_own_roche_hot_not_broken
1050,1443,1,belt_rock,1.006188093174367E-06,0.750155,5.55516,-1.24136,1,77.6549,322846,outside_own_roche_hot_not_broken
1050,1445,1,belt_rock,6.3907314613297145E-06,0.980602,5.34036,-1.29481,1,74.4103,320976,outside_own_roche_hot_not_broken
1050,1455,1,belt_rock,0.00010187493537486585,0.736042,3.08904,-0.806579,1,51.8329,490998,outside_own_roche_hot_not_broken
1050,1466,1,belt_rock,4.087745587413839E-06,0.724973,6.37006,-0.801526,1,56.1432,475051,outside_own_roche_hot_not_broken
1050,1485,1,belt_rock,9.364058502636399E-07,0.625596,4.69587,-0.918558,1,47.6956,471464,outside_own_roche_hot_not_broken
1050,1503,1,belt_rock,0.00011086450836439259,0.904541,3.78171,-0.894559,1,38.6881,518192,outside_own_roche_hot_not_broken
1050,1512,1,belt_rock,2.4992053015998232E-05,0.692991,3.19648,-0.910798,1,31.7511,546118,outside_own_roche_hot_not_broken
1050,1585,1,belt_rock,0.00013149814973096468,0.598454,2.48402,-0.799384,1,50.4312,499486,outside_own_roche_hot_not_broken
1050,1595,1,belt_rock,1.7466836287356323E-06,0.430873,2.88647,-1.26802,1,90.1016,298273,outside_own_roche_hot_not_broken
1050,1655,1,belt_rock,7.321869508164544E-05,0.878174,3.74795,-0.935666,1,38.266,505061,outside_own_roche_hot_not_broken
1050,1780,1,belt_rock,2.205688509429849E-06,0.673896,4.33647,-0.80176,1,56.6942,472811,outside_own_roche_hot_not_broken
1050,1896,1,belt_rock,6.60873004688978E-07,0.660611,5.30194,-0.799984,1,56.4681,474256,outside_own_roche_hot_not_broken
1050,1929,1,belt_rock,1.001534770526575E-05,0.495668,3.70105,-1.58597,1,223.17,163213,outside_own_roche_hot_not_broken
1050,1953,1,belt_rock,6.60448495806357E-07,0.53154,4.26656,-1.26431,1,119.939,258419,outside_own_roche_hot_not_broken
1050,1975,1,belt_rock,5.036196029025063E-06,0.633385,5.34073,-0.792811,1,52.0351,494822,outside_own_roche_hot_not_broken
1050,1979,1,belt_rock,4.5043698593975495E-06,0.603436,5.20225,-0.793096,1,48.9583,508266,outside_own_roche_hot_not_broken
1050,1993,1,belt_rock,9.359519559261493E-05,0.779811,3.28592,-0.808151,1,52.4079,488058,outside_own_roche_hot_not_broken
1050,1997,1,belt_rock,1.830476857573022E-05,0.613639,2.81995,-0.794222,1,54.1126,485609,outside_own_roche_hot_not_broken
1100,42,1,belt_rock,9.044688466255514E-06,0.959055,4.96288,-1.12722,1,72.37,351480,outside_own_roche_hot_not_broken
1100,111,1,belt_rock,1.678696995073673E-05,0.686233,3.29625,-1.17094,1,68.3009,352720,outside_own_roche_hot_not_broken
1100,117,1,belt_rock,7.757352327044996E-07,0.888431,6.91245,-1.19757,1,98.3351,294283,outside_own_roche_hot_not_broken
1100,127,1,belt_rock,3.683816768457644E-05,0.977915,6.00455,-1.11968,1,59.3421,383651,outside_own_roche_hot_not_broken
1100,135,1,belt_rock,5.258303751555807E-06,0.662529,3.68731,-1.22005,1,54.845,374763,outside_own_roche_hot_not_broken
1100,150,1,belt_rock,6.148470791553775E-06,0.380202,1.08294,-1.16133,1,83.2642,324300,outside_own_roche_hot_not_broken
1100,159,1,belt_rock,1.4827623141554978E-06,0.209675,2.24451,-5.08679,1,74.5812,118648,outside_own_roche_hot_not_broken
1100,177,1,belt_rock,1.0654382583018515E-05,0.749398,5.535,-1.50939,1,185.873,186326,outside_own_roche_hot_not_broken
1100,203,1,belt_rock,6.700652613383534E-07,0.944145,7.71088,-1.12443,1,63.8467,371468,outside_own_roche_hot_not_broken
1100,246,1,belt_rock,1.158554041804656E-06,0.446722,5.02733,-2.9872,1,1.23146,237845,outside_own_roche_hot_not_broken
1100,250,1,belt_rock,3.061408992850387E-05,0.518758,2.35176,-1.15749,1,101.897,293745,outside_own_roche_hot_not_broken
1100,252,1,belt_rock,3.8692328736148656E-05,0.926696,4.12167,-0.782703,1,47.376,519419,outside_own_roche_hot_not_broken
1100,305,1,belt_rock,1.1119287236353387E-05,0.466456,2.34976,-1.1553,1,88.6588,315502,outside_own_roche_hot_not_broken
1100,334,1,belt_rock,1.9841592391714742E-06,0.655928,6.62548,-0.768064,1,48.9476,517536,outside_own_roche_hot_not_broken
1100,358,1,belt_rock,1.853699155284074E-05,0.941332,4.46833,-0.786073,1,52.9362,493275,outside_own_roche_hot_not_broken
1100,370,1,belt_rock,1.5234453256065473E-06,0.761059,5.22337,-0.777682,1,50.2499,508002,outside_own_roche_hot_not_broken
1100,376,1,belt_rock,1.0034627590666714E-05,0.950079,4.73966,-0.864446,1,33.5183,556442,outside_own_roche_hot_not_broken
1100,407,1,belt_rock,9.537164663850703E-05,0.653354,2.57483,-1.17054,1,73.462,341893,outside_own_roche_hot_not_broken
1100,413,1,belt_rock,2.2892555462876223E-05,0.737794,3.43043,-0.896164,1,40.8532,507632,outside_own_roche_hot_not_broken
1100,417,1,belt_rock,5.8502702553592535E-05,0.435401,1.8834,-1.21833,1,66.6282,348166,outside_own_roche_hot_not_broken
1100,435,1,belt_rock,1.2714545665413913E-05,0.770112,5.51788,-1.13274,1,58.2907,383669,outside_own_roche_hot_not_broken
1100,439,1,belt_rock,1.1123448839321772E-05,0.773598,3.89885,-1.17658,1,71.0418,345903,outside_own_roche_hot_not_broken
1100,443,1,belt_rock,2.2161928891504646E-05,0.761843,5.00876,-1.19931,1,63.9349,357345,outside_own_roche_hot_not_broken
1100,448,1,belt_rock,2.246719544198254E-05,0.814355,3.65521,-1.17212,1,57.8589,376791,outside_own_roche_hot_not_broken
1100,453,1,belt_rock,0.00010489770836095581,0.755118,2.95806,-1.17719,1,87.2328,314937,outside_own_roche_hot_not_broken
1100,480,1,belt_rock,4.671869378947701E-06,0.614338,3.50992,-0.714324,1,82.5776,408894,outside_own_roche_hot_not_broken
1100,500,1,belt_rock,6.566728519526325E-07,0.35916,2.88613,-1.21647,1,92.2923,301314,outside_own_roche_hot_not_broken
1100,504,1,belt_rock,1.3860795580248966E-05,0.859953,6.07406,-1.18411,1,74.6434,337317,outside_own_roche_hot_not_broken
1100,522,1,belt_rock,1.2437602273313698E-05,0.630548,3.12795,-0.773132,1,48.2933,518705,outside_own_roche_hot_not_broken
1100,544,1,belt_rock,6.838134533786537E-07,0.824284,3.7043,-0.775053,1,49.046,514471,outside_own_roche_hot_not_broken
1100,591,1,belt_rock,1.354520969904125E-06,0.992851,7.0508,-0.74357,1,42.3992,560752,outside_own_roche_hot_not_broken
1100,604,1,belt_rock,9.130172991510145E-07,0.886821,6.68861,-1.19721,1,94.6979,299946,outside_own_roche_hot_not_broken
1100,614,1,belt_rock,2.7722967791467943E-05,0.693908,3.17021,-0.768586,1,46.7999,527600,outside_own_roche_hot_not_broken
1100,616,1,belt_rock,8.18217879601421E-06,0.664048,3.47637,-0.885812,1,36.6367,531453,outside_own_roche_hot_not_broken
1100,617,1,belt_rock,5.557504651305043E-05,0.807345,3.50198,-0.897645,1,44.5538,490972,outside_own_roche_hot_not_broken
1100,638,1,belt_rock,3.4322432703245706E-05,0.832946,3.7411,-1.13527,1,75.7004,343091,outside_own_roche_hot_not_broken
1100,646,1,belt_rock,2.1005823501122877E-05,0.546286,2.56303,-1.15878,1,105.07,288878,outside_own_roche_hot_not_broken
1100,669,1,belt_rock,3.667176777031462E-06,0.92787,2.90803,-1.12879,1,95.3587,307721,outside_own_roche_hot_not_broken
1100,682,1,belt_rock,5.158715011470259E-05,0.887939,5.23547,-0.75439,1,44.2954,545953,outside_own_roche_hot_not_broken
1100,691,1,belt_rock,2.0449783241310703E-05,0.688977,3.23852,-0.890165,1,38.4457,520998,outside_own_roche_hot_not_broken
1100,694,1,belt_rock,4.913061497474967E-06,0.987417,5.60016,-1.11218,1,53.4363,401178,outside_own_roche_hot_not_broken
1100,737,1,belt_rock,3.595797832041322E-06,0.80034,4.75701,-0.882914,1,24.7137,599203,outside_own_roche_hot_not_broken
1100,800,1,belt_rock,2.277834181608701E-06,0.647005,6.36072,-0.774213,1,49.3006,513604,outside_own_roche_hot_not_broken
1100,817,1,belt_rock,0.00011965595049649409,0.646878,2.69625,-1.22041,1,56.1922,371411,outside_own_roche_hot_not_broken
1100,832,1,belt_rock,4.020570368839026E-06,0.983489,5.7463,-1.54124,1,131.731,224021,outside_own_roche_hot_not_broken
1100,846,1,belt_rock,8.543492635435832E-05,0.891753,3.77458,-0.78541,1,50.6646,503379,outside_own_roche_hot_not_broken
1100,867,1,belt_rock,7.411791933590053E-05,0.747552,2.99811,-1.5406,1,127.343,227989,outside_own_roche_hot_not_broken
1100,877,1,belt_rock,9.775472823076994E-05,0.796343,3.13284,-0.89552,1,31.6851,552927,outside_own_roche_hot_not_broken
1100,906,1,belt_rock,2.0343165160066184E-05,0.50953,2.39832,-1.15803,1,93.4053,307083,outside_own_roche_hot_not_broken
1100,950,1,belt_rock,6.4183820798641525E-06,0.613037,4.95503,-1.14331,1,59.4009,378695,outside_own_roche_hot_not_broken
1100,955,1,belt_rock,6.982885582430313E-07,0.458903,3.64382,-1.21527,1,66.8927,348123,outside_own_roche_hot_not_broken
1100,986,1,belt_rock,7.513788892493608E-07,0.993244,7.77558,-0.784935,1,41.8605,545908,outside_own_roche_hot_not_broken
1100,1002,1,belt_rock,3.499430509866827E-05,0.610928,2.73803,-0.768148,1,48.9316,517579,outside_own_roche_hot_not_broken
1100,1006,1,belt_rock,7.152108912183968E-05,0.643045,2.58497,-1.14618,1,72.3385,348297,outside_own_roche_hot_not_broken
1100,1012,1,belt_rock,1.1231928029267697E-06,0.323565,2.34746,-1.21068,1,112.455,272956,outside_own_roche_hot_not_broken
1100,1028,1,belt_rock,1.9467089848577998E-05,0.677564,3.2071,-1.50143,1,115.433,242550,outside_own_roche_hot_not_broken
1100,1070,1,belt_rock,6.750423070272806E-07,0.842441,10.6016,-1.55701,1,229.576,161328,outside_own_roche_hot_not_broken
1100,1094,1,belt_rock,7.140652465859772E-07,0.391858,3.09801,-1.13607,1,85.6106,323702,outside_own_roche_hot_not_broken
1100,1097,1,belt_rock,5.627985203682593E-05,0.766728,4.4781,-0.753695,1,44.2545,546457,outside_own_roche_hot_not_broken
1100,1102,1,belt_rock,7.303424977784841E-05,0.59438,2.38573,-1.16566,1,69.4901,351058,outside_own_roche_hot_not_broken
1100,1109,1,belt_rock,1.2438748069170338E-06,0.896759,6.38475,-0.903865,1,43.4592,493504,outside_own_roche_hot_not_broken
1100,1142,1,belt_rock,1.1447247312755778E-06,0.77934,5.63426,-1.15487,1,74.0562,343248,outside_own_roche_hot_not_broken
1100,1173,1,belt_rock,2.913813412734107E-05,0.658816,2.99745,-0.76829,1,48.3378,520324,outside_own_roche_hot_not_broken
1100,1193,1,belt_rock,1.403650331107966E-05,0.999501,4.89849,-1.17399,1,47.632,403614,outside_own_roche_hot_not_broken
1100,1199,1,belt_rock,6.629207845368145E-07,0.901998,11.3942,-0.781962,1,42.5008,543816,outside_own_roche_hot_not_broken
1100,1216,1,belt_rock,6.610392938527892E-07,0.928977,7.60794,-1.18376,1,59.6341,370183,outside_own_roche_hot_not_broken
1100,1229,1,belt_rock,2.981439456329362E-05,0.656703,3.43764,-1.51392,1,165.277,199491,outside_own_roche_hot_not_broken
1100,1277,1,belt_rock,7.073731372631375E-05,0.917986,3.92763,-0.701666,1,91.0993,388040,outside_own_roche_hot_not_broken
1100,1288,1,belt_rock,7.128374224317015E-05,0.887695,3.56955,-1.18265,1,49.5632,396269,outside_own_roche_hot_not_broken
1100,1289,1,belt_rock,5.010288387683074E-06,0.973653,5.50646,-1.56714,1,182.316,185682,outside_own_roche_hot_not_broken
1100,1303,1,belt_rock,8.922052498361078E-07,0.676791,5.12689,-0.885566,1,34.4592,542542,outside_own_roche_hot_not_broken
1100,1333,1,belt_rock,1.9079699342390863E-05,0.678309,4.55243,-0.766925,1,50.1441,512405,outside_own_roche_hot_not_broken
1100,1341,1,belt_rock,1.5725995585038536E-05,0.77121,3.72626,-0.879676,1,25.6267,595122,outside_own_roche_hot_not_broken
1100,1390,1,belt_rock,1.3042290417079452E-06,0.759581,8.34462,-0.778206,1,48.7315,514760,outside_own_roche_hot_not_broken
1100,1393,1,belt_rock,6.215480560968838E-07,0.449488,2.09151,-1.21248,1,57.8873,368866,outside_own_roche_hot_not_broken
1100,1441,1,belt_rock,6.278045039803311E-05,0.620393,2.51885,-1.20455,1,57.9154,370315,outside_own_roche_hot_not_broken
1100,1443,1,belt_rock,1.006188093174367E-06,0.629696,4.66312,-1.22923,1,78.623,322851,outside_own_roche_hot_not_broken
1100,1499,1,belt_rock,7.192980593778452E-05,0.931845,3.98073,-0.742567,1,21.7885,703651,outside_own_roche_hot_not_broken
1100,1503,1,belt_rock,0.00011086450836439259,0.687041,2.87238,-0.889696,1,39.0782,518187,outside_own_roche_hot_not_broken
1100,1508,1,belt_rock,1.3432360486625381E-05,0.756233,3.71899,-0.877011,1,28.1185,581324,outside_own_roche_hot_not_broken
1100,1517,1,belt_rock,1.3744942984223593E-05,0.697094,1.73807,-0.764471,1,44.5771,540334,outside_own_roche_hot_not_broken
1100,1564,1,belt_rock,1.151960144485447E-06,0.582091,4.20334,-1.13512,1,57.9217,384130,outside_own_roche_hot_not_broken
1100,1574,1,belt_rock,6.153870205146155E-05,0.505475,2.92632,-1.53134,1,199.691,177320,outside_own_roche_hot_not_broken
1100,1595,1,belt_rock,1.7466836287356323E-06,0.940906,6.30323,-1.25089,1,91.4637,298286,outside_own_roche_hot_not_broken
1100,1621,1,belt_rock,0.00012357740268414342,0.793072,3.30023,-0.753423,1,44.5875,544835,outside_own_roche_hot_not_broken
1100,1676,1,belt_rock,1.1732535447126427E-05,0.902365,4.50952,-0.8678,1,26.7856,593830,outside_own_roche_hot_not_broken
1100,1754,1,belt_rock,0.00012195047251411568,0.692158,1.35288,-0.761813,1,44.4186,542238,outside_own_roche_hot_not_broken
1100,1756,1,belt_rock,1.2428109523364325E-05,0.553877,2.75642,-1.5211,1,147.01,212626,outside_own_roche_hot_not_broken
1100,1769,1,belt_rock,6.987905178877002E-05,0.685236,2.93185,-0.879671,1,38.7823,523399,outside_own_roche_hot_not_broken
1100,1778,1,belt_rock,7.105359335249661E-06,0.750642,4.0074,-0.759053,1,43.0756,550406,outside_own_roche_hot_not_broken
1100,1802,1,belt_rock,0.00012743139464196945,0.728847,3.94609,-1.20899,1,110.67,275482,outside_own_roche_hot_not_broken
1100,1884,1,belt_rock,7.851897129447418E-07,0.632093,4.90657,-0.764099,1,46.3314,531663,outside_own_roche_hot_not_broken
1100,1929,1,belt_rock,1.001534770526575E-05,0.94277,7.03946,-1.56518,1,224.81,163223,outside_own_roche_hot_not_broken
1100,1933,1,belt_rock,7.995838448456708E-07,0.904981,7.00039,-0.75658,1,45.2551,540096,outside_own_roche_hot_not_broken
1100,1953,1,belt_rock,6.60448495806357E-07,0.874582,7.0201,-1.24793,1,121.241,258428,outside_own_roche_hot_not_broken
1100,1964,1,belt_rock,3.1844806920837496E-05,0.812272,3.67257,-1.11416,1,63.4435,374450,outside_own_roche_hot_not_broken
1100,1975,1,belt_rock,5.036196029025063E-06,0.933985,7.87539,-0.786452,1,52.5431,494825,outside_own_roche_hot_not_broken
1150,16,1,belt_rock,2.163184684803496E-05,0.676057,4.45507,-0.856292,1,36.036,546513,outside_own_roche_hot_not_broken
1150,18,1,belt_rock,0.00011419349476458948,0.79161,4.32256,-0.73902,1,46.2154,542375,outside_own_roche_hot_not_broken
1150,24,1,belt_rock,7.005699151282417E-07,0.596456,7.44798,-1.18479,1,80.69,325589,outside_own_roche_hot_not_broken
1150,42,1,belt_rock,9.044688466255514E-06,0.455922,2.35929,-1.11601,1,73.2696,351474,outside_own_roche_hot_not_broken
1150,69,1,belt_rock,3.901280015250891E-05,0.97437,5.93579,-0.835784,1,26.3518,612910,outside_own_roche_hot_not_broken
1150,93,1,belt_rock,9.022527107260299E-07,0.354611,2.68058,-1.43549,1,78.292,295821,outside_own_roche_hot_not_broken
1150,94,1,belt_rock,1.6836773819411585E-06,0.938267,6.3263,-0.839503,1,32.8783,571102,outside_own_roche_hot_not_broken
1150,102,1,belt_rock,6.585818323810552E-07,0.611098,5.00844,-1.11146,1,84.9583,328582,outside_own_roche_hot_not_broken
1150,107,1,belt_rock,0.00012006758077576136,0.849304,4.62003,-1.15694,1,80.9068,329364,outside_own_roche_hot_not_broken
1150,117,1,belt_rock,7.757352327044996E-07,0.50358,3.91811,-1.18159,1,99.6116,294285,outside_own_roche_hot_not_broken
1150,127,1,belt_rock,3.683816768457644E-05,0.476128,2.9235,-1.11291,1,59.8869,383644,outside_own_roche_hot_not_broken
1150,155,1,belt_rock,8.94543178490519E-05,0.96784,4.08936,-1.42158,1,87.0642,284535,outside_own_roche_hot_not_broken
1150,159,1,belt_rock,1.4827623141554978E-06,0.274811,2.94177,-5.11332,1,72.459,118648,outside_own_roche_hot_not_broken
1150,177,1,belt_rock,1.0654382583018515E-05,0.714655,5.27839,-1.49673,1,186.885,186326,outside_own_roche_hot_not_broken
1150,188,1,belt_rock,4.1428413283292995E-05,0.565902,2.91695,-1.11365,1,67.8898,363942,outside_own_roche_hot_not_broken
1150,200,1,belt_rock,6.657106373521731E-07,0.826363,6.6228,-0.849886,1,23.0461,627571,outside_own_roche_hot_not_broken
1150,203,1,belt_rock,6.700652613383534E-07,0.481765,3.93459,-1.11495,1,64.6077,371462,outside_own_roche_hot_not_broken
1150,240,1,belt_rock,1.7010436062457034E-06,0.990579,10.316,-0.838155,1,28.5573,597555,outside_own_roche_hot_not_broken
1150,245,1,belt_rock,1.484461995818866E-06,0.449914,4.81508,-1.11513,1,63.049,375230,outside_own_roche_hot_not_broken
1150,246,1,belt_rock,1.158554041804656E-06,0.491748,5.53405,-2.98455,1,1.44246,237846,outside_own_roche_hot_not_broken
1150,261,1,belt_rock,6.675471966701073E-06,0.792685,4.21594,-0.728237,1,40.4542,578769,outside_own_roche_hot_not_broken
1150,312,1,belt_rock,2.4034310794126817E-05,0.718332,3.32706,-1.10471,1,73.6287,352655,outside_own_roche_hot_not_broken
1150,313,1,belt_rock,1.5852969205609998E-05,0.814358,5.62201,-0.73409,1,39.4265,582068,outside_own_roche_hot_not_broken
1150,322,1,belt_rock,1.285900527437872E-06,0.890733,9.81357,-1.09479,1,78.6626,343661,outside_own_roche_hot_not_broken
1150,334,1,belt_rock,1.9841592391714742E-06,0.943107,9.52625,-0.762416,1,49.3973,517545,outside_own_roche_hot_not_broken
1150,344,1,belt_rock,9.978670243053017E-05,0.822857,3.45652,-0.735956,1,41.8028,567467,outside_own_roche_hot_not_broken
1150,376,1,belt_rock,1.0034627590666714E-05,0.721639,3.60004,-0.860862,1,33.8051,556441,outside_own_roche_hot_not_broken
1150,396,1,belt_rock,6.225009049112881E-05,0.888224,3.60727,-0.842942,1,27.4106,602367,outside_own_roche_hot_not_broken
1150,417,1,belt_rock,5.8502702553592535E-05,0.97437,4.21481,-1.20947,1,67.3336,348173,outside_own_roche_hot_not_broken
1150,435,1,belt_rock,1.2714545665413913E-05,0.634788,4.54828,-1.12269,1,59.0956,383667,outside_own_roche_hot_not_broken
1150,443,1,belt_rock,2.2161928891504646E-05,0.623065,4.09636,-1.18834,1,64.8115,357347,outside_own_roche_hot_not_broken
1150,457,1,belt_rock,7.133033718116092E-05,0.925876,1.89046,-0.732751,1,41.341,571543,outside_own_roche_hot_not_broken
1150,480,1,belt_rock,4.671869378947701E-06,0.880236,5.02908,-0.703341,1,83.457,408892,outside_own_roche_hot_not_broken
1150,503,1,belt_rock,6.787802871302369E-05,0.486886,2.08749,-1.17326,1,50.8214,394881,outside_own_roche_hot_not_broken
1150,524,1,belt_rock,6.601085338736048E-07,0.798096,6.4068,-0.739509,1,43.07,558855,outside_own_roche_hot_not_broken
1150,525,1,belt_rock,1.5419958499169078E-06,0.764474,5.23548,-0.847624,1,36.0178,550259,outside_own_roche_hot_not_broken
1150,527,1,belt_rock,9.547492419230784E-06,0.792341,4.06181,-0.735704,1,39.2104,582584,outside_own_roche_hot_not_broken
1150,528,1,belt_rock,7.321684399494307E-06,0.876253,2.41847,-0.734704,1,44.058,555574,outside_own_roche_hot_not_broken
1150,542,1,belt_rock,1.3475931165840605E-05,0.498197,2.45425,-1.10592,1,51.8389,407179,outside_own_roche_hot_not_broken
1150,554,1,belt_rock,1.3047195379484566E-05,0.852048,4.21376,-1.45572,1,189.836,186528,outside_own_roche_hot_not_broken
1150,577,1,belt_rock,2.3206975591906818E-05,0.438781,2.03882,-1.12312,1,85.934,325014,outside_own_roche_hot_not_broken
1150,590,1,belt_rock,1.9894548730711897E-05,0.746708,3.51894,-0.735656,1,41.3495,570170,outside_own_roche_hot_not_broken
1150,591,1,belt_rock,1.354520969904125E-06,0.690212,4.90159,-0.739775,1,42.705,560740,outside_own_roche_hot_not_broken
1150,604,1,belt_rock,9.130172991510145E-07,0.502974,3.79355,-1.18155,1,95.9485,299949,outside_own_roche_hot_not_broken
1150,614,1,belt_rock,2.7722967791467943E-05,0.903839,4.12931,-0.762777,1,47.2626,527610,outside_own_roche_hot_not_broken
1150,638,1,belt_rock,3.4322432703245706E-05,0.565173,2.53842,-1.12292,1,76.6905,343087,outside_own_roche_hot_not_broken
1150,644,1,belt_rock,1.2597326153480967E-06,0.354408,2.51747,-1.18084,1,93.7532,303539,outside_own_roche_hot_not_broken
1150,651,1,belt_rock,8.148805661071711E-07,0.881842,6.79667,-1.15425,1,57.5252,381223,outside_own_roche_hot_not_broken
1150,656,1,belt_rock,5.896217278215509E-05,0.706837,4.10719,-0.743242,1,44.889,547514,outside_own_roche_hot_not_broken
1150,669,1,belt_rock,3.667176777031462E-06,0.472463,1.48074,-1.11254,1,96.6608,307718,outside_own_roche_hot_not_broken
1150,682,1,belt_rock,5.158715011470259E-05,0.729859,4.3034,-0.748995,1,44.7278,545948,outside_own_roche_hot_not_broken
1150,694,1,belt_rock,4.913061497474967E-06,0.495069,2.8078,-1.10723,1,53.8355,401170,outside_own_roche_hot_not_broken
1150,715,1,belt_rock,3.975474529119768E-05,0.774739,3.43832,-0.735004,1,43.8635,556497,outside_own_roche_hot_not_broken
1150,760,1,belt_rock,2.5280033316475228E-05,0.498007,3.21335,-1.11704,1,62.739,375616,outside_own_roche_hot_not_broken
1150,776,1,belt_rock,1.8903231773250015E-05,0.499287,2.36765,-1.18789,1,90.0678,308657,outside_own_roche_hot_not_broken
1150,786,1,belt_rock,4.765293064052728E-05,0.909183,5.40941,-0.838773,1,22.332,638820,outside_own_roche_hot_not_broken
1150,837,1,belt_rock,4.4166876390895046E-05,0.672529,2.96199,-0.746924,1,43.6291,552626,outside_own_roche_hot_not_broken
1150,945,1,belt_rock,0.0001221478665750242,0.958419,5.20861,-1.68715,1,187.214,177326,outside_own_roche_hot_not_broken
1150,950,1,belt_rock,6.4183820798641525E-06,0.78932,6.37988,-1.13304,1,60.2242,378691,outside_own_roche_hot_not_broken
1150,973,1,belt_rock,9.59855382994985E-07,0.845269,6.31524,-1.09582,1,68.1716,366615,outside_own_roche_hot_not_broken
1150,975,1,belt_rock,3.080101672853503E-05,0.80876,1.80598,-1.1589,1,59.5613,375195,outside_own_roche_hot_not_broken
1150,980,1,belt_rock,8.7762368768501E-07,0.938214,3.99405,-1.09183,1,71.6495,359331,outside_own_roche_hot_not_broken
1150,987,1,belt_rock,9.172057665996528E-06,0.727096,5.49377,-0.857499,1,30.9421,573950,outside_own_roche_hot_not_broken
1150,1006,1,belt_rock,7.152108912183968E-05,0.753524,3.02909,-1.13474,1,73.2562,348292,outside_own_roche_hot_not_broken
1150,1028,1,belt_rock,1.9467089848577998E-05,0.707155,3.34717,-1.48841,1,116.474,242551,outside_own_roche_hot_not_broken
1150,1031,1,belt_rock,7.50386250920112E-07,0.863539,10.6295,-0.7284,1,38.6272,589604,outside_own_roche_hot_not_broken
1150,1035,1,belt_rock,2.2275869411477764E-06,0.542559,3.48549,-1.09622,1,55.9508,397722,outside_own_roche_hot_not_broken
1150,1084,1,belt_rock,1.1205570782970458E-05,0.924232,4.53561,-0.731265,1,39.6103,582318,outside_own_roche_hot_not_broken
1150,1097,1,belt_rock,5.627985203682593E-05,0.8429,4.92298,-0.748016,1,44.708,546461,outside_own_roche_hot_not_broken
1150,1100,1,belt_rock,1.968610202192028E-05,0.624307,2.9495,-1.10407,1,54.4168,400245,outside_own_roche_hot_not_broken
1150,1133,1,belt_rock,9.062121478488048E-06,0.399967,2.06928,-1.18745,1,78.3147,329652,outside_own_roche_hot_not_broken
1150,1193,1,belt_rock,1.403650331107966E-05,0.501374,2.4572,-1.17104,1,47.8643,403625,outside_own_roche_hot_not_broken
1150,1200,1,belt_rock,6.624167436905334E-07,0.21499,1.75993,-1.45858,1,180.576,192194,outside_own_roche_hot_not_broken
1150,1202,1,belt_rock,0.00012296240938349028,0.912124,3.79716,-1.1541,1,58.3383,379197,outside_own_roche_hot_not_broken
1150,1229,1,belt_rock,2.981439456329362E-05,0.782618,4.09677,-1.50061,1,166.338,199493,outside_own_roche_hot_not_broken
1150,1277,1,belt_rock,7.073731372631375E-05,0.574336,2.45732,-0.689573,1,92.0678,388037,outside_own_roche_hot_not_broken
1150,1288,1,belt_rock,7.128374224317015E-05,0.537286,2.1605,-1.17466,1,50.2001,396276,outside_own_roche_hot_not_broken
1150,1302,1,belt_rock,5.5736894145338306E-05,0.663791,2.72071,-1.17356,1,68.9496,350861,outside_own_roche_hot_not_broken
1150,1321,1,belt_rock,4.6269287599687955E-05,0.900997,3.75361,-1.44006,1,106.253,257982,outside_own_roche_hot_not_broken
1150,1333,1,belt_rock,1.9079699342390863E-05,0.898283,6.02878,-0.760558,1,50.6516,512413,outside_own_roche_hot_not_broken
1150,1352,1,belt_rock,1.7713233526287838E-06,0.93021,6.2163,-1.09273,1,84.178,332945,outside_own_roche_hot_not_broken
1150,1407,1,belt_rock,6.733096414066795E-05,0.903209,3.87246,-0.842316,1,36.7865,548441,outside_own_roche_hot_not_broken
1150,1441,1,belt_rock,6.278045039803311E-05,0.766638,3.11262,-1.19423,1,58.7408,370316,outside_own_roche_hot_not_broken
1150,1486,1,belt_rock,2.569929036493613E-05,0.84201,5.41577,-0.846257,1,27.9422,597349,outside_own_roche_hot_not_broken
1150,1500,1,belt_rock,0.00010158250534497991,0.80884,1.60287,-0.846891,1,25.662,611606,outside_own_roche_hot_not_broken
1150,1508,1,belt_rock,1.3432360486625381E-05,0.985584,4.84689,-0.874421,1,28.3273,581314,outside_own_roche_hot_not_broken
1150,1514,1,belt_rock,4.139488758084119E-06,0.998888,5.78736,-1.15767,1,97.0435,301238,outside_own_roche_hot_not_broken
1150,1517,1,belt_rock,1.3744942984223593E-05,0.925506,2.30758,-0.759244,1,44.9926,540348,outside_own_roche_hot_not_broken
1150,1535,1,belt_rock,6.299434464046324E-05,0.661353,2.84653,-0.748923,1,44.4025,547681,outside_own_roche_hot_not_broken
1150,1564,1,belt_rock,1.151960144485447E-06,0.827159,5.973,-1.12509,1,58.7254,384126,outside_own_roche_hot_not_broken
1150,1574,1,belt_rock,6.153870205146155E-05,0.92804,5.37264,-1.51165,1,201.255,177326,outside_own_roche_hot_not_broken
1150,1577,1,belt_rock,2.2808939259725985E-05,0.936225,4.19225,-1.15883,1,94.3319,305456,outside_own_roche_hot_not_broken
1150,1598,1,belt_rock,1.174383645059915E-05,0.673491,3.28316,-0.741986,1,42.3741,561589,outside_own_roche_hot_not_broken
1150,1621,1,belt_rock,0.00012357740268414342,0.811631,3.37746,-0.747633,1,45.0504,544836,outside_own_roche_hot_not_broken
1150,1643,1,belt_rock,1.314763465869944E-05,0.518351,3.69197,-1.18124,1,71.3825,344415,outside_own_roche_hot_not_broken
1150,1653,1,belt_rock,7.221997716747379E-05,0.836569,3.57279,-0.845257,1,25.6751,612377,outside_own_roche_hot_not_broken
1150,1659,1,belt_rock,1.180721414031133E-06,0.681401,4.89812,-0.852802,1,37.5797,539981,outside_own_roche_hot_not_broken
1150,1676,1,belt_rock,1.1732535447126427E-05,0.822633,4.11106,-0.864613,1,27.0425,593818,outside_own_roche_hot_not_broken
1150,1686,1,belt_rock,7.855190766223606E-07,0.637051,4.94466,-0.859811,1,40.8306,521205,outside_own_roche_hot_not_broken
1150,1710,1,belt_rock,1.118385335029651E-06,0.464828,5.26895,-1.47281,1,104.466,257015,outside_own_roche_hot_not_broken
1150,1716,1,belt_rock,6.689638650994544E-07,0.654238,5.23835,-1.17183,1,63.014,364455,outside_own_roche_hot_not_broken
1150,1747,1,belt_rock,2.3123494933816673E-06,0.900875,5.75105,-0.731747,1,42.9111,563151,outside_own_roche_hot_not_broken
1150,1754,1,belt_rock,0.00012195047251411568,0.937958,1.83331,-0.756773,1,44.8189,542253,outside_own_roche_hot_not_broken
1150,1755,1,belt_rock,3.896291783259057E-06,0.613366,3.59047,-1.11103,1,76.6456,345150,outside_own_roche_hot_not_broken
1150,1756,1,belt_rock,1.2428109523364325E-05,0.849212,4.22618,-1.50507,1,148.287,212630,outside_own_roche_hot_not_broken
1150,1761,1,belt_rock,4.894319215240835E-05,0.876036,5.19673,-0.852591,1,20.0932,647020,outside_own_roche_hot_not_broken
1150,1762,1,belt_rock,1.9837738328615606E-05,0.755457,5.04584,-1.10009,1,89.0473,322681,outside_own_roche_hot_not_broken
1150,1769,1,belt_rock,6.987905178877002E-05,0.919097,3.93245,-0.875013,1,39.1564,523392,outside_own_roche_hot_not_broken
1150,1778,1,belt_rock,7.105359335249661E-06,0.869515,4.64202,-0.753629,1,43.508,550415,outside_own_roche_hot_not_broken
1150,1800,1,belt_rock,0.0001247861782887393,0.970779,5.26543,-1.4461,1,161.776,205908,outside_own_roche_hot_not_broken
1150,1802,1,belt_rock,0.00012743139464196945,0.689558,3.73337,-1.19614,1,111.697,275485,outside_own_roche_hot_not_broken
1150,1829,1,belt_rock,1.3866967116444367E-06,0.667363,4.6584,-0.742128,1,42.6042,560260,outside_own_roche_hot_not_broken
1150,1840,1,belt_rock,1.3714635215972978E-05,0.480733,2.36246,-1.11304,1,55.7786,394499,outside_own_roche_hot_not_broken
1150,1847,1,belt_rock,2.0921773759374507E-05,0.96738,6.41628,-1.44566,1,160.285,207047,outside_own_roche_hot_not_broken
1150,1862,1,belt_rock,3.735788956757335E-05,0.81247,3.62484,-1.16554,1,88.6325,314127,outside_own_roche_hot_not_broken
1150,1933,1,belt_rock,7.995838448456708E-07,0.709644,5.48938,-0.751175,1,45.6884,540091,outside_own_roche_hot_not_broken
1150,1964,1,belt_rock,3.1844806920837496E-05,0.594704,2.68887,-1.10349,1,64.2978,374448,outside_own_roche_hot_not_broken
1150,1999,1,belt_rock,1.694324414204422E-06,0.735807,4.95569,-1.09691,1,56.4298,396249,outside_own_roche_hot_not_broken
1200,18,1,belt_rock,0.00011419349476458948,0.809058,4.41784,-0.733036,1,46.6937,542377,outside_own_roche_hot_not_broken
1200,24,1,belt_rock,7.005699151282417E-07,0.794941,9.92647,-1.17225,1,81.6927,325590,outside_own_roche_hot_not_broken
1200,69,1,belt_rock,3.901280015250891E-05,0.809632,4.93222,-0.833181,1,26.5604,612908,outside_own_roche_hot_not_broken
1200,92,1,belt_rock,5.359511451581255E-05,0.990664,4.07325,-1.05478,1,78.5116,350732,outside_own_roche_hot_not_broken
1200,94,1,belt_rock,1.6836773819411585E-06,0.748448,5.04644,-0.835863,1,33.1694,571102,outside_own_roche_hot_not_broken
1200,102,1,belt_rock,6.585818323810552E-07,0.796294,6.52627,-1.09895,1,85.9608,328578,outside_own_roche_hot_not_broken
1200,107,1,belt_rock,0.00012006758077576136,0.544716,2.96314,-1.14368,1,81.9663,329366,outside_own_roche_hot_not_broken
1200,121,1,belt_rock,1.7787957704379382E-06,0.657755,6.78926,-1.67886,1,190.089,176117,outside_own_roche_hot_not_broken
1200,134,1,belt_rock,1.4397576836317145E-05,0.371581,1.81822,-1.41359,1,84.0648,289788,outside_own_roche_hot_not_broken
1200,155,1,belt_rock,8.94543178490519E-05,0.369784,1.56243,-1.40504,1,88.3918,284530,outside_own_roche_hot_not_broken
1200,159,1,belt_rock,1.4827623141554978E-06,0.327454,3.5053,-5.12985,1,71.1372,118648,outside_own_roche_hot_not_broken
1200,166,1,belt_rock,6.078884194825134E-06,0.48312,2.65256,-1.43171,1,113.312,250746,outside_own_roche_hot_not_broken
1200,188,1,belt_rock,4.1428413283292995E-05,0.84033,4.3315,-1.10229,1,68.7998,363938,outside_own_roche_hot_not_broken
1200,193,1,belt_rock,8.409116665768263E-06,0.880497,4.59266,-0.826321,1,19.8408,664741,outside_own_roche_hot_not_broken
1200,208,1,belt_rock,3.5225574551119366E-06,0.505099,3.0118,-1.14907,1,75.3911,341462,outside_own_roche_hot_not_broken
1200,240,1,belt_rock,1.7010436062457034E-06,0.773501,8.05536,-0.835526,1,28.7676,597556,outside_own_roche_hot_not_broken
1200,246,1,belt_rock,1.158554041804656E-06,0.452941,5.09732,-2.98735,1,1.21876,237845,outside_own_roche_hot_not_broken
1200,261,1,belt_rock,6.675471966701073E-06,0.869091,4.6223,-0.723432,1,40.8387,578768,outside_own_roche_hot_not_broken
1200,307,1,belt_rock,0.00010955105503733567,0.372828,1.56015,-1.43137,1,90.709,278396,outside_own_roche_hot_not_broken
1200,312,1,belt_rock,2.4034310794126817E-05,0.686814,3.18108,-1.09344,1,74.5319,352653,outside_own_roche_hot_not_broken
1200,313,1,belt_rock,1.5852969205609998E-05,0.85152,5.87856,-0.72936,1,39.8051,582067,outside_own_roche_hot_not_broken
1200,322,1,belt_rock,1.285900527437872E-06,0.516691,5.6926,-1.08176,1,79.7061,343658,outside_own_roche_hot_not_broken
1200,324,1,belt_rock,1.3206366585468799E-05,0.816249,5.80118,-0.827229,1,24.4391,630476,outside_own_roche_hot_not_broken
1200,344,1,belt_rock,9.978670243053017E-05,0.816996,3.4319,-0.730772,1,42.2176,567467,outside_own_roche_hot_not_broken
1200,348,1,belt_rock,8.061314971806193E-05,0.749579,3.18214,-0.716031,1,38.001,599601,outside_own_roche_hot_not_broken
1200,353,1,belt_rock,0.00010428079226531032,0.824619,3.45838,-1.0413,1,53.791,416734,outside_own_roche_hot_not_broken
1200,367,1,belt_rock,2.79881311752597E-05,0.780485,3.41318,-0.711266,1,37.2769,606639,outside_own_roche_hot_not_broken
1200,383,1,belt_rock,3.517047758622054E-05,0.796395,4.91665,-1.06321,1,92.775,321271,outside_own_roche_hot_not_broken
1200,396,1,belt_rock,6.225009049112881E-05,0.845347,3.43314,-0.839683,1,27.6726,602360,outside_own_roche_hot_not_broken
1200,436,1,belt_rock,4.1316308939108164E-05,0.63653,2.81831,-1.06909,1,76.7008,352173,outside_own_roche_hot_not_broken
1200,451,1,belt_rock,5.0078647692493076E-06,0.943045,5.3024,-0.813983,1,32.0741,587823,outside_own_roche_hot_not_broken
1200,454,1,belt_rock,1.5852134882065105E-05,0.399251,2.75947,-1.14162,1,90.0986,314902,outside_own_roche_hot_not_broken
1200,457,1,belt_rock,7.133033718116092E-05,0.739947,1.51083,-0.728203,1,41.706,571537,outside_own_roche_hot_not_broken
1200,524,1,belt_rock,6.601085338736048E-07,0.828247,6.64885,-0.73407,1,43.5046,558858,outside_own_roche_hot_not_broken
1200,525,1,belt_rock,1.5419958499169078E-06,0.861225,5.89808,-0.842913,1,36.3959,550252,outside_own_roche_hot_not_broken
1200,527,1,belt_rock,9.547492419230784E-06,0.878215,4.50203,-0.731073,1,39.5806,582586,outside_own_roche_hot_not_broken
1200,528,1,belt_rock,7.321684399494307E-06,0.751522,2.07421,-0.729353,1,44.4868,555571,outside_own_roche_hot_not_broken
1200,537,1,belt_rock,1.880332108505585E-05,0.941789,4.47109,-1.35319,1,77.9507,306822,outside_own_roche_hot_not_broken
1200,554,1,belt_rock,1.3047195379484566E-05,0.609393,3.01372,-1.44115,1,191.007,186524,outside_own_roche_hot_not_broken
1200,572,1,belt_rock,2.6199785489025492E-05,0.966445,4.43677,-0.709453,1,37.1003,608718,outside_own_roche_hot_not_broken
1200,577,1,belt_rock,2.3206975591906818E-05,0.966551,4.49114,-1.10835,1,87.1191,325007,outside_own_roche_hot_not_broken
1200,590,1,belt_rock,1.9894548730711897E-05,0.912859,4.30194,-0.730929,1,41.7268,570175,outside_own_roche_hot_not_broken
1200,600,1,belt_rock,2.541242279226064E-05,0.842772,5.42854,-0.821652,1,27.1138,615343,outside_own_roche_hot_not_broken
1200,647,1,belt_rock,1.2261469307505248E-05,0.663004,3.21143,-0.725838,1,44.6814,556039,outside_own_roche_hot_not_broken
1200,651,1,belt_rock,8.148805661071711E-07,0.531049,4.09299,-1.14459,1,58.2962,381227,outside_own_roche_hot_not_broken
1200,656,1,belt_rock,5.896217278215509E-05,0.923816,5.36799,-0.738053,1,45.3022,547524,outside_own_roche_hot_not_broken
1200,686,1,belt_rock,6.00931993505896E-05,0.674649,2.91417,-1.40794,1,90.7578,280896,outside_own_roche_hot_not_broken
1200,699,1,belt_rock,6.567739579389072E-07,0.467528,3.75684,-1.08088,1,60.4119,388966,outside_own_roche_hot_not_broken
1200,715,1,belt_rock,3.975474529119768E-05,0.849789,3.77139,-0.729528,1,44.3011,556500,outside_own_roche_hot_not_broken
1200,760,1,belt_rock,2.5280033316475228E-05,0.926992,5.98135,-1.10727,1,63.5233,375610,outside_own_roche_hot_not_broken
1200,776,1,belt_rock,1.8903231773250015E-05,0.89144,4.22726,-1.1727,1,91.282,308659,outside_own_roche_hot_not_broken
1200,786,1,belt_rock,4.765293064052728E-05,0.91873,5.46621,-0.836364,1,22.5265,638807,outside_own_roche_hot_not_broken
1200,789,1,belt_rock,0.00012275117098310706,0.801699,3.33756,-1.13081,1,70.0524,355925,outside_own_roche_hot_not_broken
1200,831,1,belt_rock,1.2383923654359916E-05,0.532094,3.83119,-1.06335,1,52.9858,413839,outside_own_roche_hot_not_broken
1200,852,1,belt_rock,3.750863628109528E-05,0.49917,2.1205,-1.06725,1,53.475,411451,outside_own_roche_hot_not_broken
1200,876,1,belt_rock,1.1288881976761362E-06,0.756373,8.55733,-0.720983,1,39.7609,586334,outside_own_roche_hot_not_broken
1200,908,1,belt_rock,5.0262885067748746E-05,0.700251,2.89535,-1.12654,1,42.9849,429215,outside_own_roche_hot_not_broken
1200,945,1,belt_rock,0.0001221478665750242,0.399366,2.17039,-1.65713,1,189.628,177320,outside_own_roche_hot_not_broken
1200,973,1,belt_rock,9.59855382994985E-07,0.564598,4.21827,-1.08453,1,69.0756,366612,outside_own_roche_hot_not_broken
1200,975,1,belt_rock,3.080101672853503E-05,0.59019,1.31791,-1.1485,1,60.3919,375198,outside_own_roche_hot_not_broken
1200,980,1,belt_rock,8.7762368768501E-07,0.481101,2.04809,-1.08039,1,72.5656,359328,outside_own_roche_hot_not_broken
1200,994,1,belt_rock,5.073102656835719E-05,0.733304,3.02816,-0.82881,1,31.6886,583020,outside_own_roche_hot_not_broken
1200,1008,1,belt_rock,7.920624891384338E-05,0.408224,1.73539,-1.39646,1,86.594,288094,outside_own_roche_hot_not_broken
1200,1009,1,belt_rock,6.692227917672433E-06,0.98644,7.88354,-0.699876,1,33.59,637777,outside_own_roche_hot_not_broken
1200,1031,1,belt_rock,7.50386250920112E-07,0.81593,10.0435,-0.72388,1,38.9896,589599,outside_own_roche_hot_not_broken
1200,1035,1,belt_rock,2.2275869411477764E-06,0.893141,5.73769,-1.08731,1,56.6643,397720,outside_own_roche_hot_not_broken
1200,1084,1,belt_rock,1.1205570782970458E-05,0.757679,3.71826,-0.726946,1,39.9572,582310,outside_own_roche_hot_not_broken
1200,1085,1,belt_rock,4.479118374615934E-05,0.922739,4.06016,-0.817987,1,27.1713,616909,outside_own_roche_hot_not_broken
1200,1096,1,belt_rock,6.232245491706653E-06,0.794908,6.4332,-0.715496,1,39.9561,587804,outside_own_roche_hot_not_broken
1200,1100,1,belt_rock,1.968610202192028E-05,0.795832,3.75986,-1.09469,1,55.168,400244,outside_own_roche_hot_not_broken
1200,1120,1,belt_rock,4.190881114964229E-05,0.525643,2.32487,-1.08067,1,88.5432,326475,outside_own_roche_hot_not_broken
1200,1141,1,belt_rock,8.052939177863879E-07,0.703992,8.5392,-0.718264,1,40.014,586120,outside_own_roche_hot_not_broken
1200,1166,1,belt_rock,1.1955058486587552E-05,0.745467,3.71577,-0.716132,1,35.6248,614884,outside_own_roche_hot_not_broken
1200,1196,1,belt_rock,1.366567103256755E-06,0.668199,4.6766,-1.05954,1,49.9842,423994,outside_own_roche_hot_not_broken
1200,1202,1,belt_rock,0.00012296240938349028,0.507081,2.11097,-1.14484,1,59.0768,379201,outside_own_roche_hot_not_broken
1200,1231,1,belt_rock,0.00010271548694016204,0.930758,3.9056,-1.11568,1,44.9858,425597,outside_own_roche_hot_not_broken
1200,1246,1,belt_rock,6.192874005183427E-05,0.824731,3.55341,-0.710879,1,34.6262,624419,outside_own_roche_hot_not_broken
1200,1252,1,belt_rock,5.9622430530962124E-05,0.364788,1.57583,-1.07697,1,92.7907,319266,outside_own_roche_hot_not_broken
1200,1293,1,belt_rock,3.712196245283621E-06,0.764836,4.52092,-0.830289,1,28.4284,602332,outside_own_roche_hot_not_broken
1200,1302,1,belt_rock,5.5736894145338306E-05,0.726644,2.97832,-1.16239,1,69.8429,350862,outside_own_roche_hot_not_broken
1200,1315,1,belt_rock,4.845988860618527E-05,0.750096,4.45386,-0.827714,1,31.1517,586760,outside_own_roche_hot_not_broken
1200,1321,1,belt_rock,4.6269287599687955E-05,0.447877,1.86588,-1.4205,1,107.821,257979,outside_own_roche_hot_not_broken
1200,1352,1,belt_rock,1.7713233526287838E-06,0.477806,3.19303,-1.07854,1,85.3144,332942,outside_own_roche_hot_not_broken
1200,1363,1,belt_rock,9.107889746462705E-07,0.798352,6.02415,-0.829889,1,25.9011,619035,outside_own_roche_hot_not_broken
1200,1389,1,belt_rock,0.00011653209048807455,0.683336,3.72516,-0.723881,1,41.6594,573789,outside_own_roche_hot_not_broken
1200,1403,1,belt_rock,6.623337818214514E-07,0.683895,5.48644,-0.719844,1,42.8257,568970,outside_own_roche_hot_not_broken
1200,1407,1,belt_rock,6.733096414066795E-05,0.73068,3.13275,-0.837805,1,37.1474,548442,outside_own_roche_hot_not_broken
1200,1435,1,belt_rock,1.0920348475348742E-06,0.400979,2.92433,-1.07106,1,94.349,317341,outside_own_roche_hot_not_broken
1200,1471,1,belt_rock,9.762145950511814E-05,0.673787,2.83387,-1.0718,1,77.907,349110,outside_own_roche_hot_not_broken
1200,1486,1,belt_rock,2.569929036493613E-05,0.880021,5.66026,-0.842887,1,28.2134,597339,outside_own_roche_hot_not_broken
1200,1500,1,belt_rock,0.00010158250534497991,0.979349,1.94077,-0.844418,1,25.8617,611594,outside_own_roche_hot_not_broken
1200,1507,1,belt_rock,1.4608993864857097E-05,0.469789,2.29309,-1.43571,1,119.069,244232,outside_own_roche_hot_not_broken
1200,1514,1,belt_rock,4.139488758084119E-06,0.395804,2.29321,-1.14022,1,98.4403,301237,outside_own_roche_hot_not_broken
1200,1523,1,belt_rock,0.0001138886429393924,0.338033,1.41223,-1.40573,1,87.7892,285308,outside_own_roche_hot_not_broken
1200,1552,1,belt_rock,5.143190426346027E-05,0.734737,3.03054,-0.716769,1,37.2121,604230,outside_own_roche_hot_not_broken
1200,1577,1,belt_rock,2.2808939259725985E-05,0.457161,2.04709,-1.14216,1,95.6657,305456,outside_own_roche_hot_not_broken
1200,1616,1,belt_rock,5.75807380610996E-06,0.353058,1.94873,-1.07492,1,98.567,309558,outside_own_roche_hot_not_broken
1200,1623,1,belt_rock,5.9593265368369684E-05,0.693516,2.99487,-0.719233,1,41.1066,579168,outside_own_roche_hot_not_broken
1200,1634,1,belt_rock,7.56205765538708E-07,0.731234,5.71739,-0.715981,1,37.2723,604248,outside_own_roche_hot_not_broken
1200,1643,1,belt_rock,1.314763465869944E-05,0.872356,6.21338,-1.16882,1,72.3756,344416,outside_own_roche_hot_not_broken
1200,1653,1,belt_rock,7.221997716747379E-05,0.930646,3.97457,-0.842419,1,25.9039,612365,outside_own_roche_hot_not_broken
1200,1659,1,belt_rock,1.180721414031133E-06,0.975787,7.01426,-0.849197,1,37.8695,539974,outside_own_roche_hot_not_broken
1200,1660,1,belt_rock,9.657958129205824E-05,0.530936,2.94166,-1.08171,1,71.207,362182,outside_own_roche_hot_not_broken
1200,1700,1,belt_rock,3.268397427669105E-06,0.679078,4.09781,-1.13585,1,63.0658,371146,outside_own_roche_hot_not_broken
1200,1701,1,belt_rock,2.0031332441035897E-05,0.719706,3.38935,-0.716802,1,39.6072,589287,outside_own_roche_hot_not_broken
1200,1710,1,belt_rock,1.118385335029651E-06,0.883647,10.0164,-1.45428,1,105.946,257017,outside_own_roche_hot_not_broken
1200,1716,1,belt_rock,6.689638650994544E-07,0.737312,5.9035,-1.16117,1,63.8671,364455,outside_own_roche_hot_not_broken
1200,1727,1,belt_rock,7.790113624877429E-05,0.857665,3.64748,-0.713272,1,38.6945,596641,outside_own_roche_hot_not_broken
1200,1737,1,belt_rock,9.834234364021204E-05,0.930659,1.849,-0.703296,1,34.1471,631917,outside_own_roche_hot_not_broken
1200,1747,1,belt_rock,2.3123494933816673E-06,0.744048,4.74989,-0.726764,1,43.3108,563145,outside_own_roche_hot_not_broken
1200,1755,1,belt_rock,3.896291783259057E-06,0.791018,4.6304,-1.09914,1,77.5985,345147,outside_own_roche_hot_not_broken
1200,1757,1,belt_rock,1.9085166187942505E-05,0.942621,6.32579,-0.814057,1,29.2329,605486,outside_own_roche_hot_not_broken
1200,1762,1,belt_rock,1.9837738328615606E-05,0.657261,4.38997,-1.08782,1,90.0302,322679,outside_own_roche_hot_not_broken
1200,1774,1,belt_rock,9.707037883501332E-05,0.906833,5.02076,-0.705565,1,34.2282,630087,outside_own_roche_hot_not_broken
1200,1794,1,belt_rock,1.3896780784160195E-06,0.665862,4.64612,-1.40818,1,89.5176,282592,outside_own_roche_hot_not_broken
1200,1800,1,belt_rock,0.0001247861782887393,0.410861,2.22848,-1.41886,1,163.965,205901,outside_own_roche_hot_not_broken
1200,1813,1,belt_rock,6.228224419637998E-05,0.752058,1.55512,-0.827023,1,33.9398,570741,outside_own_roche_hot_not_broken
1200,1836,1,belt_rock,3.208823167873846E-05,0.989144,4.46628,-1.12527,1,90.2559,316913,outside_own_roche_hot_not_broken
1200,1847,1,belt_rock,2.0921773759374507E-05,0.414505,2.74926,-1.41894,1,162.432,207040,outside_own_roche_hot_not_broken
1200,1860,1,belt_rock,0.0001263064893371383,0.723566,2.80369,-1.06925,1,71.2831,364310,outside_own_roche_hot_not_broken
1200,1862,1,belt_rock,3.735788956757335E-05,0.585665,2.61295,-1.15232,1,89.6892,314129,outside_own_roche_hot_not_broken
1200,1883,1,belt_rock,2.690191475025211E-06,0.361971,1.20563,-1.08064,1,93.859,316854,outside_own_roche_hot_not_broken
1200,1921,1,belt_rock,7.733225181912572E-05,0.551019,2.20242,-1.14699,1,76.9121,338718,outside_own_roche_hot_not_broken
1200,1928,1,belt_rock,8.250432351557567E-07,0.650881,7.85535,-1.07293,1,81.0275,342391,outside_own_roche_hot_not_broken
1200,1981,1,belt_rock,1.7718268023598462E-06,0.927181,6.19576,-1.65977,1,204.663,169308,outside_own_roche_hot_not_broken
1200,1983,1,belt_rock,6.833698821645656E-07,0.577525,4.60499,-1.41226,1,86.4941,286413,outside_own_roche_hot_not_broken
1200,1999,1,belt_rock,1.694324414204422E-06,0.679928,4.57935,-1.08729,1,57.1999,396248,outside_own_roche_hot_not_broken
1250,21,1,belt_rock,8.02216323041789E-05,0.610096,2.59131,-1.11381,1,81.3447,335185,outside_own_roche_hot_not_broken
1250,22,1,belt_rock,8.315027387182423E-05,0.872147,3.69667,-0.810614,1,22.7373,652295,outside_own_roche_hot_not_broken
1250,58,1,belt_rock,6.567332992402851E-07,0.85041,6.83359,-1.61389,1,173.449,188829,outside_own_roche_hot_not_broken
1250,59,1,belt_rock,8.636542180844972E-05,0.934461,3.95599,-1.30765,1,118.655,255892,outside_own_roche_hot_not_broken
1250,92,1,belt_rock,5.359511451581255E-05,0.442047,1.81753,-1.04336,1,79.4256,350731,outside_own_roche_hot_not_broken
1250,101,1,belt_rock,2.4848435860729646E-05,0.989384,6.3979,-1.08918,1,51.7309,411421,outside_own_roche_hot_not_broken
1250,121,1,belt_rock,1.7787957704379382E-06,0.783963,8.09197,-1.66583,1,191.133,176117,outside_own_roche_hot_not_broken
1250,134,1,belt_rock,1.4397576836317145E-05,0.972163,4.75699,-1.39843,1,85.2779,289787,outside_own_roche_hot_not_broken
1250,137,1,belt_rock,5.23691460203839E-05,0.58205,2.39795,-1.11055,1,57.4589,390505,outside_own_roche_hot_not_broken
1250,140,1,belt_rock,5.227079793358343E-06,0.870202,4.875,-1.02788,1,85.748,340115,outside_own_roche_hot_not_broken
1250,144,1,belt_rock,1.418335411047879E-05,0.600436,2.9401,-1.38476,1,121.339,246132,outside_own_roche_hot_not_broken
1250,159,1,belt_rock,1.4827623141554978E-06,0.361093,3.8654,-5.13887,1,70.4163,118648,outside_own_roche_hot_not_broken
1250,166,1,belt_rock,6.078884194825134E-06,0.88342,4.85039,-1.4135,1,114.768,250747,outside_own_roche_hot_not_broken
1250,208,1,belt_rock,3.5225574551119366E-06,0.892569,5.32219,-1.13614,1,76.4254,341461,outside_own_roche_hot_not_broken
1250,237,1,belt_rock,6.102036428621735E-05,0.850912,4.92664,-0.800214,1,23.4309,653327,outside_own_roche_hot_not_broken
1250,246,1,belt_rock,1.158554041804656E-06,0.48611,5.4706,-2.98434,1,1.45928,237846,outside_own_roche_hot_not_broken
1250,281,1,belt_rock,2.0010791466914495E-05,0.527966,3.5217,-1.0483,1,73.1355,363901,outside_own_roche_hot_not_broken
1250,307,1,belt_rock,0.00010955105503733567,0.963588,4.03226,-1.41284,1,92.1907,278397,outside_own_roche_hot_not_broken
1250,326,1,belt_rock,3.1513526798221505E-06,0.783394,4.75388,-1.10182,1,61.7053,381261,outside_own_roche_hot_not_broken
1250,348,1,belt_rock,8.061314971806193E-05,0.984383,4.17894,-0.712503,1,38.2823,599608,outside_own_roche_hot_not_broken
1250,353,1,belt_rock,0.00010428079226531032,0.618758,2.59502,-1.03248,1,54.4972,416732,outside_own_roche_hot_not_broken
1250,367,1,belt_rock,2.79881311752597E-05,0.946346,4.13851,-0.70746,1,37.5813,606639,outside_own_roche_hot_not_broken
1250,378,1,belt_rock,1.6697455561173104E-06,0.574565,6.00583,-1.35722,1,70.9067,318312,outside_own_roche_hot_not_broken
1250,383,1,belt_rock,3.517047758622054E-05,0.623852,3.85143,-1.05048,1,93.7928,321271,outside_own_roche_hot_not_broken
1250,416,1,belt_rock,3.2229514414788686E-06,0.608713,5.59801,-1.04343,1,78.3595,353030,outside_own_roche_hot_not_broken
1250,418,1,belt_rock,6.566668068236153E-07,0.845183,6.93106,-0.799391,1,29.6004,610701,outside_own_roche_hot_not_broken
1250,422,1,belt_rock,0.00010591345498009504,0.881422,3.69242,-0.6875,1,31.0279,664111,outside_own_roche_hot_not_broken
1250,436,1,belt_rock,4.1316308939108164E-05,0.776479,3.43795,-1.05748,1,77.63,352171,outside_own_roche_hot_not_broken
1250,442,1,belt_rock,3.252231277709665E-05,0.848509,5.28772,-0.691816,1,33.2618,644781,outside_own_roche_hot_not_broken
1250,451,1,belt_rock,5.0078647692493076E-06,0.770613,4.33288,-0.810515,1,32.3512,587825,outside_own_roche_hot_not_broken
1250,477,1,belt_rock,7.593427859692768E-05,0.372005,1.58508,-1.3418,1,76.67,310477,outside_own_roche_hot_not_broken
1250,537,1,belt_rock,1.880332108505585E-05,0.411682,1.95444,-1.33868,1,79.1118,306822,outside_own_roche_hot_not_broken
1250,550,1,belt_rock,1.2844187939738404E-06,0.940068,10.3595,-0.691427,1,34.5421,635817,outside_own_roche_hot_not_broken
1250,557,1,belt_rock,2.8903420137898514E-06,0.896425,5.5158,-1.09837,1,79.1893,341988,outside_own_roche_hot_not_broken
1250,572,1,belt_rock,2.6199785489025492E-05,0.772062,3.5444,-0.705887,1,37.3868,608710,outside_own_roche_hot_not_broken
1250,600,1,belt_rock,2.541242279226064E-05,0.919534,5.92299,-0.818628,1,27.3569,615335,outside_own_roche_hot_not_broken
1250,602,1,belt_rock,6.64030985832495E-07,0.856097,10.8106,-0.801133,1,26.0123,634076,outside_own_roche_hot_not_broken
1250,625,1,belt_rock,8.789445532453747E-05,0.809597,3.20681,-0.804533,1,26.5893,628158,outside_own_roche_hot_not_broken
1250,668,1,belt_rock,2.4532801062004895E-05,0.226953,1.47103,-1.42238,1,172.469,199581,outside_own_roche_hot_not_broken
1250,677,1,belt_rock,9.313458935218855E-06,0.684396,3.52726,-1.10398,1,49.8886,413381,outside_own_roche_hot_not_broken
1250,686,1,belt_rock,6.00931993505896E-05,0.692186,2.98991,-1.39528,1,91.7705,280895,outside_own_roche_hot_not_broken
1250,704,1,belt_rock,7.37364583170097E-07,0.834353,6.5555,-0.69583,1,35.6507,625646,outside_own_roche_hot_not_broken
1250,733,1,belt_rock,2.8715917437901265E-05,0.705087,4.46953,-1.10715,1,76.4485,346213,outside_own_roche_hot_not_broken
1250,746,1,belt_rock,1.1577928619974147E-06,0.479229,3.45734,-1.04111,1,61.2326,395320,outside_own_roche_hot_not_broken
1250,762,1,belt_rock,8.032954721561723E-07,0.641372,5.04955,-1.11031,1,70.0082,359699,outside_own_roche_hot_not_broken
1250,765,1,belt_rock,0.00011740748015016025,0.84931,3.54167,-0.693836,1,33.9677,638530,outside_own_roche_hot_not_broken
1250,769,1,belt_rock,4.4430291981534104E-05,0.914264,5.48314,-0.794921,1,24.6169,647679,outside_own_roche_hot_not_broken
1250,789,1,belt_rock,0.00012275117098310706,0.597738,2.48845,-1.11932,1,70.9713,355926,outside_own_roche_hot_not_broken
1250,818,1,belt_rock,7.107285329517042E-05,0.642062,2.58202,-1.04147,1,66.5239,381284,outside_own_roche_hot_not_broken
1250,831,1,belt_rock,1.2383923654359916E-05,0.937871,6.75286,-1.05625,1,53.5548,413838,outside_own_roche_hot_not_broken
1250,842,1,belt_rock,0.00012008719560475721,0.835487,1.63484,-0.689739,1,32.3585,652658,outside_own_roche_hot_not_broken
1250,876,1,belt_rock,1.1288881976761362E-06,0.934118,10.5683,-0.716698,1,40.1026,586341,outside_own_roche_hot_not_broken
1250,908,1,belt_rock,5.0262885067748746E-05,0.735945,3.04293,-1.1187,1,43.6125,429215,outside_own_roche_hot_not_broken
1250,916,1,belt_rock,2.888144572107913E-05,0.767926,1.7281,-0.697014,1,35.6918,624717,outside_own_roche_hot_not_broken
1250,917,1,belt_rock,4.57358020391227E-05,0.423719,2.53386,-1.04723,1,73.7302,362724,outside_own_roche_hot_not_broken
1250,920,1,belt_rock,0.00011067609374225573,0.425805,1.78058,-1.0506,1,74.6747,359950,outside_own_roche_hot_not_broken
1250,926,1,belt_rock,1.5042675290104856E-06,0.901669,6.27533,-0.693914,1,37.5547,613877,outside_own_roche_hot_not_broken
1250,995,1,belt_rock,0.00010309973217817811,0.456378,1.91462,-1.11328,1,61.3215,379908,outside_own_roche_hot_not_broken
1250,1003,1,belt_rock,5.271623584532397E-05,0.789578,3.43879,-1.36637,1,94.8146,279889,outside_own_roche_hot_not_broken
1250,1008,1,belt_rock,7.920624891384338E-05,0.935448,3.97665,-1.3789,1,88.0024,288089,outside_own_roche_hot_not_broken
1250,1009,1,belt_rock,6.692227917672433E-06,0.80937,6.46841,-0.696874,1,33.8314,637768,outside_own_roche_hot_not_broken
1250,1011,1,belt_rock,6.949076383037441E-06,0.763935,4.03385,-0.69958,1,34.9446,628441,outside_own_roche_hot_not_broken
1250,1026,1,belt_rock,2.4666994631121667E-05,0.979403,4.52437,-1.02291,1,83.5666,345419,outside_own_roche_hot_not_broken
1250,1075,1,belt_rock,7.897193075790433E-06,0.918463,4.82837,-0.795146,1,25.3503,642208,outside_own_roche_hot_not_broken
1250,1085,1,belt_rock,4.479118374615934E-05,0.842583,3.70747,-0.814966,1,27.4134,616906,outside_own_roche_hot_not_broken
1250,1096,1,belt_rock,6.232245491706653E-06,0.882656,7.14335,-0.710877,1,40.3255,587805,outside_own_roche_hot_not_broken
1250,1108,1,belt_rock,1.1137183893734898E-06,0.955532,6.94327,-0.791457,1,22.7062,664152,outside_own_roche_hot_not_broken
1250,1111,1,belt_rock,3.0322288565435997E-05,0.807054,3.65873,-0.800602,1,29.874,608292,outside_own_roche_hot_not_broken
1250,1120,1,belt_rock,4.190881114964229E-05,0.886188,3.91953,-1.06657,1,89.6729,326472,outside_own_roche_hot_not_broken
1250,1124,1,belt_rock,2.360064999676318E-05,0.473985,1.0951,-1.02325,1,61.6373,398141,outside_own_roche_hot_not_broken
1250,1162,1,belt_rock,8.380808269769465E-05,0.715233,3.03009,-0.703588,1,39.9722,593524,outside_own_roche_hot_not_broken
1250,1169,1,belt_rock,4.686284621592993E-06,0.376793,2.15177,-1.36963,1,175.593,200349,outside_own_roche_hot_not_broken
1250,1187,1,belt_rock,1.7130688190867056E-05,0.961066,6.55635,-0.793671,1,18.7161,694955,outside_own_roche_hot_not_broken
1250,1196,1,belt_rock,1.366567103256755E-06,0.773248,5.41182,-1.05101,1,50.6666,423995,outside_own_roche_hot_not_broken
1250,1203,1,belt_rock,1.5045700219160083E-06,0.986267,10.5267,-1.07994,1,37.85,459835,outside_own_roche_hot_not_broken
1250,1224,1,belt_rock,7.171111048297164E-07,0.39284,3.10321,-1.04525,1,83.6216,341615,outside_own_roche_hot_not_broken
1250,1231,1,belt_rock,0.00010271548694016204,0.550191,2.30869,-1.10992,1,45.4445,425602,outside_own_roche_hot_not_broken
1250,1246,1,belt_rock,6.192874005183427E-05,0.926687,3.99269,-0.707279,1,34.9146,624416,outside_own_roche_hot_not_broken
1250,1283,1,belt_rock,8.008475466537784E-07,0.992772,7.82093,-0.682863,1,28.7503,685207,outside_own_roche_hot_not_broken
1250,1286,1,belt_rock,7.189266060056848E-06,0.419036,2.24457,-1.01963,1,76.1883,362150,outside_own_roche_hot_not_broken
1250,1292,1,belt_rock,1.5826515853868674E-06,0.703952,7.43758,-1.10919,1,81.1825,336234,outside_own_roche_hot_not_broken
1250,1315,1,belt_rock,4.845988860618527E-05,0.992344,5.89226,-0.824926,1,31.3761,586751,outside_own_roche_hot_not_broken
1250,1358,1,belt_rock,1.9615986830551907E-05,0.877893,5.86815,-0.801195,1,21.745,665560,outside_own_roche_hot_not_broken
1250,1446,1,belt_rock,4.113859782316302E-06,0.709198,4.12933,-1.37164,1,99.0373,273663,outside_own_roche_hot_not_broken
1250,1454,1,belt_rock,1.1699770283711465E-06,0.805646,9.04847,-0.691489,1,32.3693,651536,outside_own_roche_hot_not_broken
1250,1471,1,belt_rock,9.762145950511814E-05,0.73899,3.10811,-1.06029,1,78.8284,349109,outside_own_roche_hot_not_broken
1250,1507,1,belt_rock,1.4608993864857097E-05,0.898609,4.3862,-1.41638,1,120.614,244234,outside_own_roche_hot_not_broken
1250,1513,1,belt_rock,3.2010068609318657E-06,0.537951,3.25635,-1.0326,1,48.1189,437034,outside_own_roche_hot_not_broken
1250,1520,1,belt_rock,2.34262567118865E-05,0.908741,4.21819,-1.09819,1,80.2112,339939,outside_own_roche_hot_not_broken
1250,1591,1,belt_rock,3.560392368572573E-06,0.182689,1.08753,-1.5664,1,240.859,156026,outside_own_roche_hot_not_broken
1250,1597,1,belt_rock,1.2169047056815909E-05,0.417271,2.07785,-1.05174,1,81.0472,345864,outside_own_roche_hot_not_broken
1250,1629,1,belt_rock,2.057579677528129E-05,0.514015,2.41615,-1.04915,1,76.3638,356416,outside_own_roche_hot_not_broken
1250,1646,1,belt_rock,2.9863563136181636E-05,0.609481,2.64842,-1.04365,1,71.5378,368524,outside_own_roche_hot_not_broken
1250,1660,1,belt_rock,9.657958129205824E-05,0.884011,4.89789,-1.06995,1,72.1496,362179,outside_own_roche_hot_not_broken
1250,1670,1,belt_rock,0.0001230702731353458,0.928532,3.86453,-0.797011,1,18.9275,690933,outside_own_roche_hot_not_broken
1250,1688,1,belt_rock,2.3614247743417538E-05,0.825678,3.67965,-0.690884,1,31.4051,659147,outside_own_roche_hot_not_broken
1250,1700,1,belt_rock,3.268397427669105E-06,0.720713,4.34905,-1.12536,1,63.9055,371147,outside_own_roche_hot_not_broken
1250,1725,1,belt_rock,1.3488971464294364E-05,0.907187,6.42565,-0.804363,1,19.2223,683633,outside_own_roche_hot_not_broken
1250,1727,1,belt_rock,7.790113624877429E-05,0.831669,3.53692,-0.708806,1,39.0523,596638,outside_own_roche_hot_not_broken
1250,1736,1,belt_rock,3.1383295684367284E-05,0.774689,3.34874,-1.03456,1,73.3379,365990,outside_own_roche_hot_not_broken
1250,1737,1,belt_rock,9.834234364021204E-05,0.833994,1.65694,-0.699829,1,34.4257,631908,outside_own_roche_hot_not_broken
1250,1757,1,belt_rock,1.9085166187942505E-05,0.804512,5.39896,-0.810912,1,29.4845,605486,outside_own_roche_hot_not_broken
1250,1774,1,belt_rock,9.707037883501332E-05,0.849658,4.70421,-0.701974,1,34.5166,630079,outside_own_roche_hot_not_broken
1250,1779,1,belt_rock,6.704917353064949E-06,0.539931,1.51426,-1.04765,1,78.1168,352823,outside_own_roche_hot_not_broken
1250,1794,1,belt_rock,1.3896780784160195E-06,0.699423,4.8803,-1.39554,1,90.5294,282591,outside_own_roche_hot_not_broken
1250,1813,1,belt_rock,6.228224419637998E-05,0.926485,1.91581,-0.82318,1,34.2484,570734,outside_own_roche_hot_not_broken
1250,1836,1,belt_rock,3.208823167873846E-05,0.414744,1.87269,-1.10985,1,91.4901,316911,outside_own_roche_hot_not_broken
1250,1860,1,belt_rock,0.0001263064893371383,0.689031,2.66987,-1.05827,1,72.1622,364308,outside_own_roche_hot_not_broken
1250,1867,1,belt_rock,2.7359345033430177E-06,0.884876,5.49356,-0.797042,1,30.1832,608134,outside_own_roche_hot_not_broken
1250,1874,1,belt_rock,0.00010481676535955368,0.972182,3.80832,-1.09333,1,71.1476,360196,outside_own_roche_hot_not_broken
1250,1898,1,belt_rock,8.135500548414582E-07,0.803193,3.50241,-1.31598,1,71.1185,323884,outside_own_roche_hot_not_broken
1250,1921,1,belt_rock,7.733225181912572E-05,0.845686,3.38021,-1.13431,1,77.9267,338718,outside_own_roche_hot_not_broken
1250,1928,1,belt_rock,8.250432351557567E-07,0.762559,9.20318,-1.0611,1,81.9742,342390,outside_own_roche_hot_not_broken
1250,1940,1,belt_rock,2.2108686677391142E-05,0.441433,2.90572,-1.36901,1,72.1302,314515,outside_own_roche_hot_not_broken
1250,1976,1,belt_rock,2.896881840900241E-05,0.664275,3.02781,-1.01455,1,61.3277,400950,outside_own_roche_hot_not_broken
1250,1981,1,belt_rock,1.7718268023598462E-06,0.479814,3.20629,-1.63825,1,206.394,169303,outside_own_roche_hot_not_broken
1250,1983,1,belt_rock,6.833698821645656E-07,0.779289,6.21378,-1.39874,1,87.5759,286412,outside_own_roche_hot_not_broken
1250,1984,1,belt_rock,3.636743198251407E-05,0.782128,3.49456,-0.697333,1,33.5542,639485,outside_own_roche_hot_not_broken
1300,4,1,planet,0.10699999999999998,0.793931,3.27315,-0.999254,1,78.5844,360399,outside_own_roche_hot_not_broken
1300,14,1,belt_rock,2.8671295820214597E-05,0.983635,4.48536,-1.27743,1,84.0873,306698,outside_own_roche_hot_not_broken
1300,21,1,belt_rock,8.02216323041789E-05,0.795138,3.37726,-1.10154,1,82.3266,335185,outside_own_roche_hot_not_broken
1300,58,1,belt_rock,6.567332992402851E-07,0.566618,4.55314,-1.59817,1,174.711,188826,outside_own_roche_hot_not_broken
1300,59,1,belt_rock,8.636542180844972E-05,0.444684,1.88254,-1.28698,1,120.312,255888,outside_own_roche_hot_not_broken
1300,65,1,belt_rock,8.304769814433225E-05,0.70278,2.79569,-1.31969,1,65.3802,334193,outside_own_roche_hot_not_broken
1300,75,1,belt_rock,3.043951604105313E-05,0.993347,6.24336,-0.770925,1,26.7889,645832,outside_own_roche_hot_not_broken
1300,83,1,belt_rock,2.282560809369908E-05,0.906505,5.93293,-1.05986,1,38.844,462110,outside_own_roche_hot_not_broken
1300,85,1,belt_rock,6.963240679292725E-07,0.889902,11.1264,-0.781731,1,21.2379,681960,outside_own_roche_hot_not_broken
1300,101,1,belt_rock,2.4848435860729646E-05,0.507644,3.2827,-1.08447,1,52.1061,411425,outside_own_roche_hot_not_broken
1300,112,1,belt_rock,8.674031258396646E-07,0.459663,5.49028,-1.02087,1,74.0126,366980,outside_own_roche_hot_not_broken
1300,137,1,belt_rock,5.23691460203839E-05,0.835584,3.44246,-1.1008,1,58.2394,390504,outside_own_roche_hot_not_broken
1300,140,1,belt_rock,5.227079793358343E-06,0.550824,3.08579,-1.0147,1,86.8025,340116,outside_own_roche_hot_not_broken
1300,144,1,belt_rock,1.418335411047879E-05,0.800972,3.92205,-1.37059,1,122.473,246132,outside_own_roche_hot_not_broken
1300,159,1,belt_rock,1.4827623141554978E-06,0.375226,4.01669,-5.14501,1,69.9263,118648,outside_own_roche_hot_not_broken
1300,168,1,belt_rock,6.566668509942685E-07,0.847745,6.81231,-0.779314,1,27.197,638048,outside_own_roche_hot_not_broken
1300,233,1,belt_rock,1.4467493759346776E-05,0.509047,2.48428,-1.08734,1,56.6265,397819,outside_own_roche_hot_not_broken
1300,244,1,belt_rock,8.343493007950026E-06,0.77689,2.09878,-1.07196,1,48.9651,424075,outside_own_roche_hot_not_broken
1300,246,1,belt_rock,1.158554041804656E-06,0.459779,5.17427,-2.98742,1,1.21367,237845,outside_own_roche_hot_not_broken
1300,267,1,belt_rock,1.048620642138604E-06,0.823306,6.04991,-1.32089,1,76.1511,314219,outside_own_roche_hot_not_broken
1300,281,1,belt_rock,2.0010791466914495E-05,0.894529,5.96679,-1.03643,1,74.0856,363899,outside_own_roche_hot_not_broken
1300,318,1,belt_rock,3.8607115886229345E-06,0.79381,7.04376,-0.786875,1,28.0071,628121,outside_own_roche_hot_not_broken
1300,326,1,belt_rock,3.1513526798221505E-06,0.626794,3.80358,-1.09149,1,62.5311,381262,outside_own_roche_hot_not_broken
1300,340,1,belt_rock,6.660694634435303E-05,0.957158,4.1064,-0.783094,1,17.7602,710531,outside_own_roche_hot_not_broken
1300,378,1,belt_rock,1.6697455561173104E-06,0.778988,8.14263,-1.34476,1,71.9039,318311,outside_own_roche_hot_not_broken
1300,415,1,belt_rock,3.173377727381647E-05,0.633409,2.86399,-1.34307,1,111.442,261012,outside_own_roche_hot_not_broken
1300,416,1,belt_rock,3.2229514414788686E-06,0.809759,7.44694,-1.03154,1,79.3104,353029,outside_own_roche_hot_not_broken
1300,418,1,belt_rock,6.566668068236153E-07,0.894703,7.33715,-0.795993,1,29.873,610697,outside_own_roche_hot_not_broken
1300,422,1,belt_rock,0.00010591345498009504,0.946379,3.96454,-0.684552,1,31.2647,664104,outside_own_roche_hot_not_broken
1300,429,1,belt_rock,4.962854706770443E-05,0.907784,3.96763,-1.07131,1,78.066,348854,outside_own_roche_hot_not_broken
1300,437,1,belt_rock,1.1025318949334356E-05,0.931043,4.57952,-0.7775,1,20.0043,695002,outside_own_roche_hot_not_broken
1300,442,1,belt_rock,3.252231277709665E-05,0.940325,5.85989,-0.688535,1,33.5249,644776,outside_own_roche_hot_not_broken
1300,494,1,belt_rock,6.34502903678004E-05,0.833097,4.80357,-0.784715,1,26.4836,640058,outside_own_roche_hot_not_broken
1300,550,1,belt_rock,1.2844187939738404E-06,0.831603,9.16426,-0.687993,1,34.8179,635810,outside_own_roche_hot_not_broken
1300,551,1,belt_rock,9.59886708006685E-05,0.480071,2.0213,-0.991645,1,61.8535,404661,outside_own_roche_hot_not_broken
1300,557,1,belt_rock,2.8903420137898514E-06,0.510277,3.13979,-1.08516,1,80.2463,341988,outside_own_roche_hot_not_broken
1300,558,1,belt_rock,2.542364504752751E-06,0.539859,3.39229,-1.08627,1,60.4351,387767,outside_own_roche_hot_not_broken
1300,587,1,belt_rock,4.952436620733782E-05,0.88161,3.85377,-1.00131,1,75.2363,367786,outside_own_roche_hot_not_broken
1300,602,1,belt_rock,6.64030985832495E-07,0.949417,11.989,-0.798445,1,26.2284,634069,outside_own_roche_hot_not_broken
1300,628,1,belt_rock,9.341724511972494E-07,0.706048,8.30481,-1.32711,1,74.0266,317057,outside_own_roche_hot_not_broken
1300,629,1,belt_rock,3.875065131587107E-05,0.557013,2.47779,-1.0163,1,85.0004,343540,outside_own_roche_hot_not_broken
1300,639,1,belt_rock,3.7520768535695566E-05,0.430649,1.92046,-1.01894,1,73.5568,368422,outside_own_roche_hot_not_broken
1300,658,1,belt_rock,1.1865097062911486E-05,0.998913,4.98375,-0.78705,1,16.9362,715044,outside_own_roche_hot_not_broken
1300,662,1,belt_rock,1.2698754398678164E-05,0.734699,3.55409,-1.29656,1,66.0722,336474,outside_own_roche_hot_not_broken
1300,665,1,belt_rock,1.7712067367314725E-05,0.945074,4.36678,-1.27631,1,68.5581,334766,outside_own_roche_hot_not_broken
1300,677,1,belt_rock,9.313458935218855E-06,0.740946,3.81871,-1.09521,1,50.5901,413381,outside_own_roche_hot_not_broken
1300,681,1,belt_rock,0.00011196436009988996,0.403804,1.68767,-1.01728,1,81.2323,351334,outside_own_roche_hot_not_broken
1300,684,1,belt_rock,1.0710310832703353E-05,0.277127,1.40608,-1.61394,1,131.701,219051,outside_own_roche_hot_not_broken
1300,704,1,belt_rock,7.37364583170097E-07,0.912458,7.16917,-0.692075,1,35.9513,625644,outside_own_roche_hot_not_broken
1300,709,1,belt_rock,6.969675955960486E-06,0.613194,4.88529,-1.32902,1,70.7307,322684,outside_own_roche_hot_not_broken
1300,714,1,belt_rock,4.592437645712026E-05,0.796817,4.76451,-1.32962,1,96.3411,281841,outside_own_roche_hot_not_broken
1300,733,1,belt_rock,2.8715917437901265E-05,0.700286,4.4391,-1.09569,1,77.3655,346213,outside_own_roche_hot_not_broken
1300,762,1,belt_rock,8.032954721561723E-07,0.76277,6.00532,-1.09917,1,70.8998,359698,outside_own_roche_hot_not_broken
1300,765,1,belt_rock,0.00011740748015016025,0.923951,3.85293,-0.690377,1,34.2449,638526,outside_own_roche_hot_not_broken
1300,769,1,belt_rock,4.4430291981534104E-05,0.91521,5.48881,-0.792335,1,24.8245,647674,outside_own_roche_hot_not_broken
1300,816,1,belt_rock,0.00010355832747819387,0.841955,3.53064,-0.679093,1,29.5861,680845,outside_own_roche_hot_not_broken
1300,818,1,belt_rock,7.107285329517042E-05,0.77967,3.1354,-1.0309,1,67.3696,381284,outside_own_roche_hot_not_broken
1300,832,1,belt_rock,4.020570368839026E-06,0.865152,5.05489,-1.547,1,130.991,224267,outside_own_roche_hot_not_broken
1300,842,1,belt_rock,0.00012008719560475721,0.982897,1.92329,-0.686828,1,32.592,652654,outside_own_roche_hot_not_broken
1300,914,1,belt_rock,2.3373472658669796E-06,0.763522,4.86541,-0.683645,1,35.7175,631929,outside_own_roche_hot_not_broken
1300,926,1,belt_rock,1.5042675290104856E-06,0.821114,5.71469,-0.689862,1,37.8796,613872,outside_own_roche_hot_not_broken
1300,1003,1,belt_rock,5.271623584532397E-05,0.581928,2.53443,-1.35256,1,95.9205,279888,outside_own_roche_hot_not_broken
1300,1026,1,belt_rock,2.4666994631121667E-05,0.451226,2.08444,-1.00982,1,84.6136,345420,outside_own_roche_hot_not_broken
1300,1075,1,belt_rock,7.897193075790433E-06,0.896883,4.71492,-0.792446,1,25.5669,642204,outside_own_roche_hot_not_broken
1300,1108,1,belt_rock,1.1137183893734898E-06,0.919885,6.68425,-0.789203,1,22.887,664147,outside_own_roche_hot_not_broken
1300,1111,1,belt_rock,3.0322288565435997E-05,0.941432,4.26793,-0.797422,1,30.1293,608286,outside_own_roche_hot_not_broken
1300,1165,1,belt_rock,5.396082938469288E-06,0.630821,3.5299,-1.58177,1,144.398,210866,outside_own_roche_hot_not_broken
1300,1190,1,belt_rock,2.0524810533250277E-05,0.900205,4.23205,-1.07028,1,68.4728,370759,outside_own_roche_hot_not_broken
1300,1203,1,belt_rock,1.5045700219160083E-06,0.583071,6.2233,-1.07698,1,38.0848,459840,outside_own_roche_hot_not_broken
1300,1206,1,belt_rock,8.442798734377042E-07,0.832121,3.54599,-0.783504,1,25.0757,651034,outside_own_roche_hot_not_broken
1300,1233,1,belt_rock,0.00011039722137770567,0.8571,3.58385,-0.678875,1,30.3125,675141,outside_own_roche_hot_not_broken
1300,1283,1,belt_rock,8.008475466537784E-07,0.890874,7.01819,-0.680394,1,28.949,685198,outside_own_roche_hot_not_broken
1300,1289,1,belt_rock,5.010288387683074E-06,0.837497,4.73643,-1.57374,1,181.509,185851,outside_own_roche_hot_not_broken
1300,1290,1,belt_rock,6.729848344779094E-07,0.582277,4.65673,-0.995082,1,48.6872,445323,outside_own_roche_hot_not_broken
1300,1292,1,belt_rock,1.5826515853868674E-06,0.702998,7.42749,-1.09744,1,82.1225,336234,outside_own_roche_hot_not_broken
1300,1295,1,belt_rock,2.588496501680819E-06,0.451599,2.82928,-1.31382,1,88.1374,295649,outside_own_roche_hot_not_broken
1300,1299,1,belt_rock,2.326918652040323E-05,0.913998,4.2412,-0.671887,1,32.9561,658910,outside_own_roche_hot_not_broken
1300,1309,1,belt_rock,3.647692625755359E-05,0.964807,4.10614,-0.786121,1,18.7536,699777,outside_own_roche_hot_not_broken
1300,1317,1,belt_rock,7.139985776542619E-05,0.328445,1.4042,-1.3219,1,160.308,214733,outside_own_roche_hot_not_broken
1300,1329,1,belt_rock,2.0498531456017723E-05,0.79012,3.71487,-1.00529,1,76.1731,364837,outside_own_roche_hot_not_broken
1300,1379,1,belt_rock,7.1542502385896115E-06,0.870941,4.57582,-0.776303,1,27.6252,636716,outside_own_roche_hot_not_broken
1300,1417,1,belt_rock,0.00010944675063615815,0.841038,3.51803,-0.673043,1,29.7494,683457,outside_own_roche_hot_not_broken
1300,1434,1,belt_rock,5.036313377294688E-06,0.661857,3.70104,-1.01114,1,78.0655,359419,outside_own_roche_hot_not_broken
1300,1446,1,belt_rock,4.113859782316302E-06,0.672493,3.91561,-1.35883,1,100.063,273662,outside_own_roche_hot_not_broken
1300,1491,1,belt_rock,4.948829899383208E-05,0.891621,3.89808,-1.06528,1,47.3688,430888,outside_own_roche_hot_not_broken
1300,1495,1,belt_rock,5.9884128924848085E-06,0.462123,3.77838,-1.01724,1,64.467,391728,outside_own_roche_hot_not_broken
1300,1519,1,belt_rock,4.706191963769338E-05,0.832346,1.7705,-0.676206,1,30.6809,673908,outside_own_roche_hot_not_broken
1300,1520,1,belt_rock,2.34262567118865E-05,0.498245,2.31275,-1.08473,1,81.2881,339938,outside_own_roche_hot_not_broken
1300,1543,1,belt_rock,2.5346007817853215E-05,0.961576,4.42794,-0.666655,1,27.079,710498,outside_own_roche_hot_not_broken
1300,1589,1,belt_rock,1.9868245096397734E-06,0.960858,6.29439,-0.670512,1,29.4886,687266,outside_own_roche_hot_not_broken
1300,1626,1,belt_rock,2.895732438281332E-05,0.866839,5.49193,-1.27995,1,67.2862,336701,outside_own_roche_hot_not_broken
1300,1627,1,belt_rock,2.851538515269608E-06,0.581538,1.92022,-1.30943,1,64.6472,337258,outside_own_roche_hot_not_broken
1300,1629,1,belt_rock,2.057579677528129E-05,0.907196,4.26432,-1.03672,1,77.3591,356414,outside_own_roche_hot_not_broken
1300,1640,1,belt_rock,8.69927307519916E-05,0.328957,1.84103,-1.25265,1,198.502,191260,outside_own_roche_hot_not_broken
1300,1646,1,belt_rock,2.9863563136181636E-05,0.810035,3.5199,-1.03241,1,72.4372,368524,outside_own_roche_hot_not_broken
1300,1663,1,belt_rock,2.4430102879762024E-06,0.521154,3.2965,-1.01857,1,69.557,378252,outside_own_roche_hot_not_broken
1300,1666,1,belt_rock,3.4117957599505874E-05,0.441858,2.29559,-1.01568,1,71.6869,373557,outside_own_roche_hot_not_broken
1300,1682,1,belt_rock,1.2358751165267207E-05,0.859754,4.26647,-0.776443,1,25.7361,650326,outside_own_roche_hot_not_broken
1300,1691,1,belt_rock,2.3816228147703187E-05,0.65269,3.02759,-1.33164,1,76.6774,311841,outside_own_roche_hot_not_broken
1300,1736,1,belt_rock,3.1383295684367284E-05,0.645296,2.78942,-1.02339,1,74.2316,365990,outside_own_roche_hot_not_broken
1300,1748,1,belt_rock,8.92556356252985E-05,0.800224,3.16632,-0.684321,1,33.9452,644171,outside_own_roche_hot_not_broken
1300,1779,1,belt_rock,6.704917353064949E-06,0.878873,2.46484,-1.03511,1,79.1207,352821,outside_own_roche_hot_not_broken
1300,1807,1,belt_rock,7.152092083331152E-07,0.848829,6.70871,-0.77742,1,26.0716,647278,outside_own_roche_hot_not_broken
1300,1867,1,belt_rock,2.7359345033430177E-06,0.847381,5.26079,-0.793531,1,30.4644,608132,outside_own_roche_hot_not_broken
1300,1874,1,belt_rock,0.00010481676535955368,0.457295,1.79136,-1.08304,1,71.9705,360196,outside_own_roche_hot_not_broken
1300,1892,1,belt_rock,8.569621381346214E-07,0.869511,6.63749,-0.674374,1,27.8872,698120,outside_own_roche_hot_not_broken
1300,1898,1,belt_rock,8.135500548414582E-07,0.556812,2.42804,-1.30339,1,72.1258,323884,outside_own_roche_hot_not_broken
1300,1904,1,belt_rock,3.399896616522103E-06,0.99431,3.16401,-1.27809,1,94.2755,290715,outside_own_roche_hot_not_broken
1300,1929,1,belt_rock,1.001534770526575E-05,0.925214,6.90837,-1.5712,1,223.906,163420,outside_own_roche_hot_not_broken
1300,1936,1,belt_rock,3.068459133690162E-05,0.853688,5.35973,-0.675237,1,33.6395,651758,outside_own_roche_hot_not_broken
1300,1940,1,belt_rock,2.2108686677391142E-05,0.909017,5.98358,-1.35514,1,73.2412,314514,outside_own_roche_hot_not_broken
1300,1957,1,belt_rock,4.546050945647867E-05,0.793234,3.3092,-1.3337,1,130.638,240725,outside_own_roche_hot_not_broken
1300,1976,1,belt_rock,2.896881840900241E-05,0.769087,3.50556,-1.00473,1,62.1133,400951,outside_own_roche_hot_not_broken
1300,1996,1,belt_rock,5.589985624591199E-06,0.538303,2.98449,-1.08713,1,63.8625,378778,outside_own_roche_hot_not_broken
1350,4,1,planet,0.10699999999999998,0.633207,2.61053,-0.987695,1,79.5087,360400,outside_own_roche_hot_not_broken
1350,14,1,belt_rock,2.8671295820214597E-05,0.3906,1.78113,-1.2633,1,85.2166,306699,outside_own_roche_hot_not_broken
1350,32,1,belt_rock,8.062346186852755E-07,0.67682,8.20762,-0.959429,1,86.3862,350202,outside_own_roche_hot_not_broken
1350,51,1,belt_rock,8.576544336061797E-05,0.917838,5.1385,-0.660494,1,25.6086,728279,outside_own_roche_hot_not_broken
1350,64,1,belt_rock,4.148656745890906E-05,0.782186,1.68695,-1.03793,1,34.6056,485651,outside_own_roche_hot_not_broken
1350,65,1,belt_rock,8.304769814433225E-05,0.656731,2.6125,-1.30834,1,66.2888,334192,outside_own_roche_hot_not_broken
1350,75,1,belt_rock,3.043951604105313E-05,0.844312,5.30665,-0.768462,1,26.9856,645834,outside_own_roche_hot_not_broken
1350,83,1,belt_rock,2.282560809369908E-05,0.612087,4.00601,-1.05459,1,39.2647,462114,outside_own_roche_hot_not_broken
1350,104,1,belt_rock,1.607485367308737E-06,0.426279,4.48981,-0.990834,1,75.5837,368951,outside_own_roche_hot_not_broken
1350,112,1,belt_rock,8.674031258396646E-07,0.988699,11.8092,-1.01061,1,74.8334,366979,outside_own_roche_hot_not_broken
1350,153,1,belt_rock,1.4155138690288362E-06,0.809198,8.74364,-0.662554,1,33.687,659030,outside_own_roche_hot_not_broken
1350,159,1,belt_rock,1.4827623141554978E-06,0.370009,3.96084,-5.15068,1,69.4739,118648,outside_own_roche_hot_not_broken
1350,165,1,belt_rock,6.401611695218777E-05,0.978151,4.20567,-0.75182,1,24.3746,675959,outside_own_roche_hot_not_broken
1350,168,1,belt_rock,6.566668509942685E-07,0.963294,7.74084,-0.77662,1,27.4134,638041,outside_own_roche_hot_not_broken
1350,175,1,belt_rock,0.0001230764151532906,0.832391,3.46411,-0.666418,1,32.5947,665038,outside_own_roche_hot_not_broken
1350,233,1,belt_rock,1.4467493759346776E-05,0.945804,4.61578,-1.07972,1,57.2369,397816,outside_own_roche_hot_not_broken
1350,244,1,belt_rock,8.343493007950026E-06,0.663267,1.79182,-1.06354,1,49.6382,424076,outside_own_roche_hot_not_broken
1350,246,1,belt_rock,1.158554041804656E-06,0.479744,5.39896,-2.98416,1,1.47371,237846,outside_own_roche_hot_not_broken
1350,267,1,belt_rock,1.048620642138604E-06,0.536833,3.94482,-1.30749,1,77.2242,314217,outside_own_roche_hot_not_broken
1350,270,1,belt_rock,6.628189538767523E-06,0.835671,4.50069,-0.665001,1,31.4583,674855,outside_own_roche_hot_not_broken
1350,290,1,belt_rock,4.489785357970836E-06,0.49159,2.82513,-1.31838,1,110.045,265096,outside_own_roche_hot_not_broken
1350,311,1,belt_rock,5.6319548543963576E-05,0.672667,2.75595,-1.2589,1,67.485,339675,outside_own_roche_hot_not_broken
1350,362,1,belt_rock,2.675046522657254E-05,0.416829,1.83332,-1.28171,1,102.842,278179,outside_own_roche_hot_not_broken
1350,405,1,belt_rock,2.7992561055251248E-05,0.870988,5.53554,-0.759539,1,25.1859,664721,outside_own_roche_hot_not_broken
1350,415,1,belt_rock,3.173377727381647E-05,0.765377,3.46069,-1.32969,1,112.512,261011,outside_own_roche_hot_not_broken
1350,429,1,belt_rock,4.962854706770443E-05,0.5062,2.21243,-1.05843,1,79.0967,348853,outside_own_roche_hot_not_broken
1350,491,1,belt_rock,1.994653993078051E-05,0.984403,4.63566,-0.654336,1,30.4192,690285,outside_own_roche_hot_not_broken
1350,496,1,belt_rock,3.0444731039982603E-05,0.845409,5.31339,-0.661673,1,30.4101,685498,outside_own_roche_hot_not_broken
1350,531,1,belt_rock,0.00010962232804298293,0.80367,3.36125,-0.668025,1,35.2807,643940,outside_own_roche_hot_not_broken
1350,545,1,belt_rock,1.7567281285248877E-05,0.507869,3.45419,-1.05929,1,54.9842,408883,outside_own_roche_hot_not_broken
1350,558,1,belt_rock,2.542364504752751E-06,0.888103,5.58054,-1.0765,1,61.2171,387764,outside_own_roche_hot_not_broken
1350,563,1,belt_rock,4.4109361305924165E-06,0.484917,2.79143,-1.06333,1,71.348,365262,outside_own_roche_hot_not_broken
1350,587,1,belt_rock,4.952436620733782E-05,0.548497,2.39764,-0.989429,1,76.1855,367788,outside_own_roche_hot_not_broken
1350,628,1,belt_rock,9.341724511972494E-07,0.656851,7.72614,-1.31517,1,74.9819,317056,outside_own_roche_hot_not_broken
1350,629,1,belt_rock,3.875065131587107E-05,0.867557,3.8592,-1.00329,1,86.04,343541,outside_own_roche_hot_not_broken
1350,649,1,belt_rock,2.9996545972503958E-05,0.907128,4.11542,-0.659183,1,29.801,692212,outside_own_roche_hot_not_broken
1350,662,1,belt_rock,1.2698754398678164E-05,0.629341,3.04442,-1.28511,1,66.9887,336472,outside_own_roche_hot_not_broken
1350,665,1,belt_rock,1.7712067367314725E-05,0.435932,2.01426,-1.26516,1,69.4503,334766,outside_own_roche_hot_not_broken
1350,709,1,belt_rock,6.969675955960486E-06,0.746695,5.94889,-1.31704,1,71.6899,322684,outside_own_roche_hot_not_broken
1350,713,1,belt_rock,0.00012781152288710647,0.696226,3.7689,-1.30198,1,98.042,282552,outside_own_roche_hot_not_broken
1350,714,1,belt_rock,4.592437645712026E-05,0.58165,3.47794,-1.31576,1,97.4511,281839,outside_own_roche_hot_not_broken
1350,832,1,belt_rock,4.020570368839026E-06,0.504825,2.94958,-1.5291,1,132.425,224264,outside_own_roche_hot_not_broken
1350,867,1,belt_rock,7.411791933590053E-05,0.261865,1.05023,-1.54109,1,127.098,228177,outside_own_roche_hot_not_broken
1350,929,1,belt_rock,0.00011350288795158547,0.994021,4.15128,-0.762587,1,17.2806,729773,outside_own_roche_hot_not_broken
1350,937,1,belt_rock,0.00010020320740113841,0.969292,5.35134,-0.653761,1,25.946,730152,outside_own_roche_hot_not_broken
1350,949,1,belt_rock,1.0413825104261386E-05,0.886017,4.48984,-0.663515,1,28.3798,701343,outside_own_roche_hot_not_broken
1350,1016,1,belt_rock,8.103774152758942E-07,0.844964,6.51935,-0.660526,1,30.0481,689251,outside_own_roche_hot_not_broken
1350,1070,1,belt_rock,6.750423070272806E-07,0.312357,3.93082,-1.51067,1,232.831,161534,outside_own_roche_hot_not_broken
1350,1086,1,belt_rock,4.1977163578123663E-05,0.444661,1.96624,-1.00508,1,81.4125,353062,outside_own_roche_hot_not_broken
1350,1126,1,belt_rock,0.00012051137197200893,0.909027,3.7865,-0.76462,1,21.9075,687700,outside_own_roche_hot_not_broken
1350,1149,1,belt_rock,6.999064995170157E-07,0.458403,3.63821,-1.28823,1,57.021,356898,outside_own_roche_hot_not_broken
1350,1165,1,belt_rock,5.396082938469288E-06,0.774913,4.3362,-1.56817,1,145.487,210866,outside_own_roche_hot_not_broken
1350,1190,1,belt_rock,2.0524810533250277E-05,0.52146,2.45149,-1.05914,1,69.364,370759,outside_own_roche_hot_not_broken
1350,1191,1,belt_rock,0.0001248526236144976,0.962939,4.00521,-0.763498,1,18.1384,721199,outside_own_roche_hot_not_broken
1350,1211,1,belt_rock,3.9427931333678005E-06,0.424305,2.48649,-1.31982,1,90.9511,290694,outside_own_roche_hot_not_broken
1350,1227,1,belt_rock,1.112515499055423E-05,0.383203,1.93141,-1.3323,1,128.052,243492,outside_own_roche_hot_not_broken
1350,1267,1,belt_rock,1.758532215075069E-05,0.851548,4.06236,-0.760583,1,26.034,657593,outside_own_roche_hot_not_broken
1350,1274,1,belt_rock,6.689211478073642E-07,0.973775,12.2777,-0.756616,1,18.5441,722520,outside_own_roche_hot_not_broken
1350,1289,1,belt_rock,5.010288387683074E-06,0.599463,3.39024,-1.55911,1,182.684,185849,outside_own_roche_hot_not_broken
1350,1290,1,belt_rock,6.729848344779094E-07,0.917453,7.33728,-0.988449,1,49.2169,445326,outside_own_roche_hot_not_broken
1350,1295,1,belt_rock,2.588496501680819E-06,0.911296,5.70928,-1.29715,1,89.4725,295646,outside_own_roche_hot_not_broken
1350,1299,1,belt_rock,2.326918652040323E-05,0.892802,4.14285,-0.668659,1,33.2152,658903,outside_own_roche_hot_not_broken
1350,1304,1,belt_rock,1.695120709535916E-05,0.993276,6.78524,-0.752635,1,18.1956,728667,outside_own_roche_hot_not_broken
1350,1311,1,belt_rock,1.8563195184059562E-06,0.87527,5.80152,-0.658159,1,31.5554,678463,outside_own_roche_hot_not_broken
1350,1329,1,belt_rock,2.0498531456017723E-05,0.635907,2.98981,-0.993946,1,77.0812,364836,outside_own_roche_hot_not_broken
1350,1379,1,belt_rock,7.1542502385896115E-06,0.924403,4.8567,-0.773373,1,27.8603,636711,outside_own_roche_hot_not_broken
1350,1385,1,belt_rock,1.1415810687433403E-05,0.867597,6.31222,-0.768304,1,24.6956,663094,outside_own_roche_hot_not_broken
1350,1398,1,belt_rock,6.18018757313365E-06,0.945222,5.14657,-0.65454,1,24.1337,746856,outside_own_roche_hot_not_broken
1350,1399,1,belt_rock,8.005162457164477E-05,0.328322,1.39495,-1.31522,1,97.011,282513,outside_own_roche_hot_not_broken
1350,1434,1,belt_rock,5.036313377294688E-06,0.763216,4.26783,-0.999745,1,78.9772,359419,outside_own_roche_hot_not_broken
1350,1445,1,belt_rock,6.3907314613297145E-06,0.540714,2.94473,-1.30612,1,73.633,320746,outside_own_roche_hot_not_broken
1350,1491,1,belt_rock,4.948829899383208E-05,0.579211,2.53226,-1.0582,1,47.9349,430891,outside_own_roche_hot_not_broken
1350,1493,1,belt_rock,2.7119669110129766E-05,0.698202,3.19841,-1.04365,1,36.0008,478124,outside_own_roche_hot_not_broken
1350,1533,1,belt_rock,8.14893470761004E-07,0.922178,7.10753,-1.2477,1,94.473,294057,outside_own_roche_hot_not_broken
1350,1543,1,belt_rock,2.5346007817853215E-05,0.966507,4.45064,-0.664362,1,27.2636,710488,outside_own_roche_hot_not_broken
1350,1556,1,belt_rock,7.136037027233395E-06,0.97922,7.72795,-0.653801,1,27.6547,714519,outside_own_roche_hot_not_broken
1350,1589,1,belt_rock,1.9868245096397734E-06,0.913221,5.98233,-0.66787,1,29.701,687257,outside_own_roche_hot_not_broken
1350,1608,1,belt_rock,9.397495555543693E-05,0.650509,2.74081,-0.993626,1,75.196,369343,outside_own_roche_hot_not_broken
1350,1622,1,belt_rock,1.0315388663129851E-05,0.339591,1.72738,-1.28382,1,103.353,277262,outside_own_roche_hot_not_broken
1350,1626,1,belt_rock,2.895732438281332E-05,0.50142,3.17679,-1.2675,1,68.2813,336702,outside_own_roche_hot_not_broken
1350,1627,1,belt_rock,2.851538515269608E-06,0.779702,2.57455,-1.29776,1,65.5819,337257,outside_own_roche_hot_not_broken
1350,1654,1,belt_rock,1.9367454876199803E-05,0.435806,2.92054,-0.989831,1,73.0781,375216,outside_own_roche_hot_not_broken
1350,1663,1,belt_rock,2.4430102879762024E-06,0.915582,5.79142,-1.00764,1,70.4309,378252,outside_own_roche_hot_not_broken
1350,1682,1,belt_rock,1.2358751165267207E-05,0.986154,4.89372,-0.774044,1,25.929,650318,outside_own_roche_hot_not_broken
1350,1691,1,belt_rock,2.3816228147703187E-05,0.711637,3.30103,-1.31955,1,77.6457,311841,outside_own_roche_hot_not_broken
1350,1694,1,belt_rock,7.803530066239186E-05,0.422584,1.79743,-0.989454,1,78.3399,362752,outside_own_roche_hot_not_broken
1350,1739,1,belt_rock,9.087595189338775E-07,0.93954,7.21656,-1.04074,1,66.9279,380407,outside_own_roche_hot_not_broken
1350,1759,1,belt_rock,8.418777190064311E-05,0.8737,4.89935,-0.660823,1,31.3421,678465,outside_own_roche_hot_not_broken
1350,1763,1,belt_rock,2.286448212084029E-05,0.962209,4.47295,-0.652367,1,24.4907,745071,outside_own_roche_hot_not_broken
1350,1772,1,belt_rock,6.719117711216202E-07,0.994393,12.526,-0.652436,1,27.3242,718470,outside_own_roche_hot_not_broken
1350,1807,1,belt_rock,7.152092083331152E-07,0.995829,7.87053,-0.775059,1,26.2615,647270,outside_own_roche_hot_not_broken
1350,1832,1,belt_rock,4.2652764523081694E-05,0.439684,1.94203,-1.06385,1,73.5882,360009,outside_own_roche_hot_not_broken
1350,1904,1,belt_rock,3.399896616522103E-06,0.375023,1.19336,-1.26079,1,95.6586,290716,outside_own_roche_hot_not_broken
1350,1929,1,belt_rock,1.001534770526575E-05,0.522557,3.90182,-1.55242,1,225.413,163418,outside_own_roche_hot_not_broken
1350,1936,1,belt_rock,3.068459133690162E-05,0.945274,5.93473,-0.671989,1,33.8999,651754,outside_own_roche_hot_not_broken
1350,1942,1,belt_rock,1.346995867260295E-06,0.813053,3.11673,-0.66809,1,33.0853,660238,outside_own_roche_hot_not_broken
1350,1957,1,belt_rock,4.546050945647867E-05,0.627532,2.61792,-1.31992,1,131.742,240723,outside_own_roche_hot_not_broken
1350,1996,1,belt_rock,5.589985624591199E-06,0.882998,4.89557,-1.07666,1,64.7008,378776,outside_own_roche_hot_not_broken
1400,32,1,belt_rock,8.062346186852755E-07,0.760229,9.21911,-0.94769,1,87.3247,350203,outside_own_roche_hot_not_broken
1400,64,1,belt_rock,4.148656745890906E-05,0.736262,1.58791,-1.03211,1,35.0713,485652,outside_own_roche_hot_not_broken
1400,78,1,belt_rock,1.3719362926272877E-05,0.970295,4.62772,-0.646293,1,24.6967,747801,outside_own_roche_hot_not_broken
1400,132,1,belt_rock,6.718008942826338E-07,0.929371,7.43515,-0.578146,1,47.7243,607944,outside_own_roche_hot_not_broken
1400,159,1,belt_rock,1.4827623141554978E-06,0.345367,3.69705,-5.15791,1,68.8965,118647,outside_own_roche_hot_not_broken
1400,165,1,belt_rock,6.401611695218777E-05,0.911283,3.91817,-0.749534,1,24.5572,675960,outside_own_roche_hot_not_broken
1400,170,1,belt_rock,6.770905541343883E-07,0.886597,7.08213,-0.747043,1,23.4146,686865,outside_own_roche_hot_not_broken
1400,176,1,belt_rock,3.0006507538053732E-06,0.715935,6.67401,-1.22566,1,101.412,286428,outside_own_roche_hot_not_broken
1400,177,1,belt_rock,1.0654382583018515E-05,0.52438,3.87303,-1.51801,1,184.874,186515,outside_own_roche_hot_not_broken
1400,195,1,belt_rock,1.7430248357966163E-06,0.849085,5.69021,-1.01845,1,50.3714,433319,outside_own_roche_hot_not_broken
1400,246,1,belt_rock,1.158554041804656E-06,0.466909,5.25451,-2.9874,1,1.21527,237845,outside_own_roche_hot_not_broken
1400,254,1,belt_rock,6.363885250081035E-07,0.942424,4.28518,-0.641385,1,25.7676,741221,outside_own_roche_hot_not_broken
1400,286,1,belt_rock,6.701834319915527E-07,0.952816,7.62629,-1.01426,1,65.904,388535,outside_own_roche_hot_not_broken
1400,290,1,belt_rock,4.489785357970836E-06,0.890635,5.1184,-1.30088,1,111.445,265095,outside_own_roche_hot_not_broken
1400,311,1,belt_rock,5.6319548543963576E-05,0.699909,2.86756,-1.24759,1,68.3899,339673,outside_own_roche_hot_not_broken
1400,362,1,belt_rock,2.675046522657254E-05,0.955293,4.20162,-1.26177,1,104.44,278176,outside_own_roche_hot_not_broken
1400,440,1,belt_rock,2.6345516458117787E-05,0.949601,4.36023,-1.01325,1,47.6725,443805,outside_own_roche_hot_not_broken
1400,455,1,belt_rock,1.3142077795114273E-06,0.916676,6.46132,-0.744628,1,21.646,703457,outside_own_roche_hot_not_broken
1400,456,1,belt_rock,6.768637285960783E-05,0.772601,3.31238,-1.01744,1,38.5696,476240,outside_own_roche_hot_not_broken
1400,491,1,belt_rock,1.994653993078051E-05,0.895503,4.21703,-0.651723,1,30.6292,690276,outside_own_roche_hot_not_broken
1400,526,1,belt_rock,0.00012282084840867837,0.749037,3.11858,-1.21931,1,64.4255,352732,outside_own_roche_hot_not_broken
1400,545,1,belt_rock,1.7567281285248877E-05,0.975992,6.63806,-1.05325,1,55.4679,408880,outside_own_roche_hot_not_broken
1400,549,1,belt_rock,8.531165580025072E-05,0.943423,3.99312,-0.641593,1,24.8518,749970,outside_own_roche_hot_not_broken
1400,563,1,belt_rock,4.4109361305924165E-06,0.943924,5.4337,-1.05219,1,72.2395,365260,outside_own_roche_hot_not_broken
1400,649,1,belt_rock,2.9996545972503958E-05,0.97656,4.43041,-0.656588,1,30.0094,692205,outside_own_roche_hot_not_broken
1400,660,1,belt_rock,1.1669731316942732E-05,0.92752,4.53653,-1.20747,1,63.7344,356336,outside_own_roche_hot_not_broken
1400,713,1,belt_rock,0.00012781152288710647,0.694636,3.7603,-1.2893,1,99.0574,282551,outside_own_roche_hot_not_broken
1400,719,1,belt_rock,2.5825135170275426E-06,0.400402,1.34629,-1.29253,1,100.569,280098,outside_own_roche_hot_not_broken
1400,758,1,belt_rock,8.249549131554088E-05,0.594236,3.33991,-1.02722,1,38.6757,472740,outside_own_roche_hot_not_broken
1400,778,1,belt_rock,1.277853927769584E-05,0.666144,3.30355,-0.937079,1,45.8783,472773,outside_own_roche_hot_not_broken
1400,795,1,belt_rock,1.6715475466573741E-06,0.553533,2.0336,-1.03257,1,61.3544,396861,outside_own_roche_hot_not_broken
1400,841,1,belt_rock,1.983188684147118E-06,0.928847,6.08662,-0.643576,1,25.7272,739926,outside_own_roche_hot_not_broken
1400,927,1,belt_rock,2.0123347825553933E-05,0.96725,6.43951,-0.647772,1,26.1162,733047,outside_own_roche_hot_not_broken
1400,945,1,belt_rock,0.0001221478665750242,0.867799,4.71613,-1.68816,1,187.018,177390,outside_own_roche_hot_not_broken
1400,947,1,belt_rock,1.2769525710145052E-05,0.944767,4.66985,-0.647428,1,25.975,734637,outside_own_roche_hot_not_broken
1400,983,1,belt_rock,8.425043143985532E-06,0.859393,6.60468,-1.21793,1,83.2198,316251,outside_own_roche_hot_not_broken
1400,1013,1,belt_rock,1.3485739166102349E-06,0.573418,4.0229,-0.941842,1,45.8273,471486,outside_own_roche_hot_not_broken
1400,1028,1,belt_rock,1.9467089848577998E-05,0.523938,2.47995,-1.50693,1,114.825,242723,outside_own_roche_hot_not_broken
1400,1032,1,belt_rock,3.2133994759622797E-06,0.380808,2.30479,-1.27684,1,76.0446,320621,outside_own_roche_hot_not_broken
1400,1042,1,belt_rock,3.864563838781366E-06,0.704679,4.13075,-1.02552,1,64.1678,390755,outside_own_roche_hot_not_broken
1400,1047,1,belt_rock,1.1729322602406433E-06,0.512937,5.758,-1.27763,1,76.5328,319632,outside_own_roche_hot_not_broken
1400,1051,1,belt_rock,7.645045792140398E-07,0.919802,11.2782,-0.64458,1,25.8973,737534,outside_own_roche_hot_not_broken
1400,1086,1,belt_rock,4.1977163578123663E-05,0.998664,4.41599,-0.993187,1,82.3639,353062,outside_own_roche_hot_not_broken
1400,1149,1,belt_rock,6.999064995170157E-07,0.939524,7.45672,-1.2802,1,57.6651,356895,outside_own_roche_hot_not_broken
1400,1163,1,belt_rock,5.578221514533597E-06,0.920664,5.0857,-0.641162,1,27.5725,724425,outside_own_roche_hot_not_broken
1400,1194,1,belt_rock,1.2651099005388968E-05,0.427142,3.06228,-1.29353,1,129.351,245378,outside_own_roche_hot_not_broken
1400,1197,1,belt_rock,3.272943286097785E-05,0.913292,4.11392,-0.647127,1,26.1582,733137,outside_own_roche_hot_not_broken
1400,1211,1,belt_rock,3.9427931333678005E-06,0.936719,5.48931,-1.30208,1,92.371,290693,outside_own_roche_hot_not_broken
1400,1227,1,belt_rock,1.112515499055423E-05,0.98876,4.98353,-1.30604,1,130.154,243492,outside_own_roche_hot_not_broken
1400,1229,1,belt_rock,2.981439456329362E-05,0.405363,2.12195,-1.53073,1,163.665,199677,outside_own_roche_hot_not_broken
1400,1234,1,belt_rock,1.018036445181255E-05,0.974154,4.95098,-0.643189,1,23.1148,766156,outside_own_roche_hot_not_broken
1400,1307,1,belt_rock,9.586168646931447E-05,0.976124,4.1079,-0.63917,1,24.06,759800,outside_own_roche_hot_not_broken
1400,1311,1,belt_rock,1.8563195184059562E-06,0.981493,6.50559,-0.655393,1,31.7774,678457,outside_own_roche_hot_not_broken
1400,1327,1,belt_rock,6.388261473972421E-05,0.981671,5.6583,-1.00934,1,41.907,465799,outside_own_roche_hot_not_broken
1400,1331,1,belt_rock,0.0001185720506521227,0.701629,2.92508,-1.02365,1,49.9799,433240,outside_own_roche_hot_not_broken
1400,1343,1,belt_rock,2.648606673121837E-06,0.94674,5.90896,-0.64122,1,24.3274,755466,outside_own_roche_hot_not_broken
1400,1362,1,belt_rock,0.00013345846774211916,0.874477,3.62717,-0.64524,1,29.8792,701022,outside_own_roche_hot_not_broken
1400,1445,1,belt_rock,6.3907314613297145E-06,0.822687,4.48035,-1.29309,1,74.6758,320745,outside_own_roche_hot_not_broken
1400,1483,1,belt_rock,8.17287252687648E-07,0.974947,7.51003,-0.640457,1,27.7557,723263,outside_own_roche_hot_not_broken
1400,1493,1,belt_rock,2.7119669110129766E-05,0.812655,3.72271,-1.0377,1,36.4765,478122,outside_own_roche_hot_not_broken
1400,1533,1,belt_rock,8.14893470761004E-07,0.45362,3.4962,-1.23047,1,95.8503,294059,outside_own_roche_hot_not_broken
1400,1550,1,belt_rock,7.793046757488623E-05,0.837927,3.56674,-0.926307,1,161.487,242505,outside_own_roche_hot_not_broken
1400,1556,1,belt_rock,7.136037027233395E-06,0.952828,7.51967,-0.651499,1,27.8399,714510,outside_own_roche_hot_not_broken
1400,1569,1,belt_rock,1.327403036808673E-05,0.960503,4.73299,-1.01092,1,43.6674,458740,outside_own_roche_hot_not_broken
1400,1574,1,belt_rock,6.153870205146155E-05,0.194818,1.12785,-1.52423,1,199.901,177518,outside_own_roche_hot_not_broken
1400,1584,1,belt_rock,2.8006334866250525E-05,0.888065,4.05255,-0.648337,1,27.9656,715649,outside_own_roche_hot_not_broken
1400,1595,1,belt_rock,1.7466836287356323E-06,0.931214,6.23831,-1.2563,1,90.8123,298627,outside_own_roche_hot_not_broken
1400,1608,1,belt_rock,9.397495555543693E-05,0.778591,3.28046,-0.982453,1,76.0895,369343,outside_own_roche_hot_not_broken
1400,1647,1,belt_rock,6.567082144156321E-07,0.971504,7.80672,-0.735187,1,21.0696,715183,outside_own_roche_hot_not_broken
1400,1739,1,belt_rock,9.087595189338775E-07,0.500679,3.84569,-1.03067,1,67.7333,380407,outside_own_roche_hot_not_broken
1400,1756,1,belt_rock,1.2428109523364325E-05,0.288694,1.43671,-1.54633,1,144.768,212803,outside_own_roche_hot_not_broken
1400,1759,1,belt_rock,8.418777190064311E-05,0.985413,5.52579,-0.65809,1,31.5614,678460,outside_own_roche_hot_not_broken
1400,1772,1,belt_rock,6.719117711216202E-07,0.94871,11.9505,-0.650209,1,27.5035,718461,outside_own_roche_hot_not_broken
1400,1785,1,belt_rock,4.703611247583584E-06,0.918888,5.18388,-0.747198,1,21.3437,704296,outside_own_roche_hot_not_broken
1400,1870,1,belt_rock,6.576266724697411E-07,0.852353,6.84739,-0.6486,1,30.0599,697176,outside_own_roche_hot_not_broken
1400,1872,1,belt_rock,2.5605471292281518E-06,0.904132,5.67456,-0.745839,1,22.2281,697625,outside_own_roche_hot_not_broken
1400,1882,1,belt_rock,4.092687816540044E-06,0.940718,5.44177,-0.642772,1,24.8288,749268,outside_own_roche_hot_not_broken
1400,1909,1,belt_rock,6.221384960247198E-06,0.909484,7.36044,-0.643421,1,27.1669,726497,outside_own_roche_hot_not_broken
1400,1910,1,belt_rock,1.1268171028213465E-05,0.944963,4.74828,-1.01511,1,57.9895,410437,outside_own_roche_hot_not_broken
1400,1922,1,belt_rock,3.069091717874532E-06,0.880698,5.36696,-0.645621,1,28.3205,714418,outside_own_roche_hot_not_broken
1450,17,1,belt_rock,1.4351847486061257E-06,0.90065,6.32506,-0.633385,1,27.7319,728701,outside_own_roche_hot_not_broken
1450,25,1,belt_rock,5.171279079747445E-06,0.948814,5.26123,-0.629654,1,24.7471,760550,outside_own_roche_hot_not_broken
1450,50,1,belt_rock,8.094986004220504E-05,0.950008,4.78653,-0.629532,1,24.6199,761940,outside_own_roche_hot_not_broken
1450,60,1,belt_rock,2.9270059816121648E-06,0.665923,4.08916,-0.931433,1,124.161,287565,outside_own_roche_hot_not_broken
1450,93,1,belt_rock,9.022527107260299E-07,0.427066,3.22828,-1.4493,1,77.1676,295850,outside_own_roche_hot_not_broken
1450,111,1,belt_rock,1.678696995073673E-05,0.960873,4.61545,-1.17913,1,67.5634,352899,outside_own_roche_hot_not_broken
1450,119,1,belt_rock,0.00010879697811298288,0.789916,4.3314,-0.920646,1,66.371,408021,outside_own_roche_hot_not_broken
1450,121,1,belt_rock,1.7787957704379382E-06,0.593447,6.12548,-1.68132,1,189.741,176199,outside_own_roche_hot_not_broken
1450,132,1,belt_rock,6.718008942826338E-07,0.775308,6.20261,-0.573347,1,48.1087,607940,outside_own_roche_hot_not_broken
1450,135,1,belt_rock,5.258303751555807E-06,0.630796,3.5107,-1.23078,1,53.8719,375044,outside_own_roche_hot_not_broken
1450,149,1,belt_rock,0.0001336375415731328,0.905315,3.75551,-0.916188,1,83.4843,364411,outside_own_roche_hot_not_broken
1450,159,1,belt_rock,1.4827623141554978E-06,0.301261,3.22491,-5.16997,1,67.9317,118647,outside_own_roche_hot_not_broken
1450,176,1,belt_rock,3.0006507538053732E-06,0.689712,6.42955,-1.21297,1,102.427,286428,outside_own_roche_hot_not_broken
1450,177,1,belt_rock,1.0654382583018515E-05,0.905432,6.68746,-1.49984,1,186.328,186514,outside_own_roche_hot_not_broken
1450,195,1,belt_rock,1.7430248357966163E-06,0.615487,4.12474,-1.01046,1,51.0106,433320,outside_own_roche_hot_not_broken
1450,246,1,belt_rock,1.158554041804656E-06,0.472866,5.32156,-2.98403,1,1.48477,237846,outside_own_roche_hot_not_broken
1450,260,1,belt_rock,2.98470493253533E-06,0.957444,8.93445,-0.627138,1,26.7655,742588,outside_own_roche_hot_not_broken
1450,286,1,belt_rock,6.701834319915527E-07,0.50072,4.00774,-1.0049,1,66.6536,388534,outside_own_roche_hot_not_broken
1450,302,1,belt_rock,6.9700057674663455E-06,0.457609,2.45238,-0.927864,1,77.5166,376499,outside_own_roche_hot_not_broken
1450,320,1,belt_rock,2.7371059402551924E-05,0.890358,4.07383,-0.992433,1,56.2965,421045,outside_own_roche_hot_not_broken
1450,407,1,belt_rock,9.537164663850703E-05,0.99386,3.91674,-1.17939,1,72.6741,342056,outside_own_roche_hot_not_broken
1450,439,1,belt_rock,1.1123448839321772E-05,0.849601,4.2819,-1.18448,1,70.2993,346134,outside_own_roche_hot_not_broken
1450,440,1,belt_rock,2.6345516458117787E-05,0.563585,2.58778,-1.0076,1,48.1241,443807,outside_own_roche_hot_not_broken
1450,448,1,belt_rock,2.246719544198254E-05,0.831037,3.73008,-1.17922,1,57.2307,376940,outside_own_roche_hot_not_broken
1450,453,1,belt_rock,0.00010489770836095581,0.882894,3.4586,-1.18567,1,86.4452,315126,outside_own_roche_hot_not_broken
1450,456,1,belt_rock,6.768637285960783E-05,0.730673,3.13262,-1.01101,1,39.084,476241,outside_own_roche_hot_not_broken
1450,461,1,belt_rock,0.00012107900665306103,0.983697,4.09657,-0.631676,1,23.0125,776816,outside_own_roche_hot_not_broken
1450,467,1,belt_rock,2.5804791877335333E-05,0.840845,3.86764,-0.919115,1,64.2966,414524,outside_own_roche_hot_not_broken
1450,474,1,belt_rock,7.189937739453264E-06,0.694665,3.65458,-1.0002,1,43.469,462665,outside_own_roche_hot_not_broken
1450,500,1,belt_rock,6.566728519526325E-07,0.941936,7.56919,-1.22795,1,91.1291,301704,outside_own_roche_hot_not_broken
1450,504,1,belt_rock,1.3860795580248966E-05,0.713697,5.04103,-1.19286,1,73.7969,337609,outside_own_roche_hot_not_broken
1450,526,1,belt_rock,0.00012282084840867837,0.631222,2.62806,-1.20826,1,65.3096,352733,outside_own_roche_hot_not_broken
1450,529,1,belt_rock,9.311867503424329E-05,0.509887,2.83434,-1.20701,1,92.9398,301487,outside_own_roche_hot_not_broken
1450,554,1,belt_rock,1.3047195379484566E-05,0.934948,4.62373,-1.4546,1,189.638,186703,outside_own_roche_hot_not_broken
1450,585,1,belt_rock,1.0387318549534718E-06,0.90263,6.64456,-0.632019,1,27.4633,732230,outside_own_roche_hot_not_broken
1450,660,1,belt_rock,1.1669731316942732E-05,0.472187,2.30948,-1.19717,1,64.5581,356337,outside_own_roche_hot_not_broken
1450,689,1,belt_rock,2.4789845480784857E-05,0.544796,2.51505,-0.927626,1,71.3046,392621,outside_own_roche_hot_not_broken
1450,690,1,belt_rock,2.0487232111870796E-05,0.948856,2.23318,-0.725179,1,20.2556,729937,outside_own_roche_hot_not_broken
1450,705,1,belt_rock,0.0001010755835750245,0.704007,3.88459,-1.0008,1,58.3549,412747,outside_own_roche_hot_not_broken
1450,719,1,belt_rock,2.5825135170275426E-06,0.967372,3.25264,-1.27254,1,102.169,280097,outside_own_roche_hot_not_broken
1450,748,1,belt_rock,4.747792045346081E-05,0.949758,4.16152,-0.725211,1,20.5357,727311,outside_own_roche_hot_not_broken
1450,778,1,belt_rock,1.277853927769584E-05,0.845702,4.19402,-0.930214,1,46.427,472775,outside_own_roche_hot_not_broken
1450,780,1,belt_rock,6.566667007205502E-07,0.977268,7.85313,-0.627346,1,23.7609,772593,outside_own_roche_hot_not_broken
1450,795,1,belt_rock,1.6715475466573741E-06,0.887484,3.26048,-1.02291,1,62.1282,396859,outside_own_roche_hot_not_broken
1450,812,1,belt_rock,7.306187027527655E-05,0.911394,3.88907,-0.629919,1,26.983,738365,outside_own_roche_hot_not_broken
1450,817,1,belt_rock,0.00011965595049649409,0.639512,2.66555,-1.23142,1,55.1986,371682,outside_own_roche_hot_not_broken
1450,826,1,belt_rock,0.00011801079622608172,0.447863,1.86749,-0.903593,1,96.4482,338590,outside_own_roche_hot_not_broken
1450,828,1,belt_rock,2.1780771841748363E-06,0.75387,4.86147,-0.994792,1,37.698,487137,outside_own_roche_hot_not_broken
1450,924,1,belt_rock,0.00010046577544577069,0.451205,1.89501,-0.923709,1,76.7027,379365,outside_own_roche_hot_not_broken
1450,945,1,belt_rock,0.0001221478665750242,0.544597,2.95966,-1.67138,1,188.359,177391,outside_own_roche_hot_not_broken
1450,955,1,belt_rock,6.982885582430313E-07,0.856306,6.7993,-1.22636,1,65.884,348381,outside_own_roche_hot_not_broken
1450,960,1,belt_rock,2.3884137407643173E-05,0.654632,4.25503,-1.00459,1,63.9279,395939,outside_own_roche_hot_not_broken
1450,983,1,belt_rock,8.425043143985532E-06,0.522523,4.01574,-1.20387,1,84.3439,316252,outside_own_roche_hot_not_broken
1450,1012,1,belt_rock,1.1231928029267697E-06,0.96595,7.00796,-1.22756,1,110.726,273449,outside_own_roche_hot_not_broken
1450,1028,1,belt_rock,1.9467089848577998E-05,0.841592,3.9835,-1.49057,1,116.135,242722,outside_own_roche_hot_not_broken
1450,1042,1,belt_rock,3.864563838781366E-06,0.721685,4.23044,-1.01537,1,64.9799,390755,outside_own_roche_hot_not_broken
1450,1047,1,belt_rock,1.1729322602406433E-06,0.85623,9.61164,-1.26396,1,77.6274,319631,outside_own_roche_hot_not_broken
1450,1073,1,belt_rock,4.065454806673326E-05,0.703922,2.966,-0.996805,1,34.5728,499768,outside_own_roche_hot_not_broken
1450,1112,1,belt_rock,6.183001883300503E-07,0.955979,4.37737,-0.728457,1,20.8671,721879,outside_own_roche_hot_not_broken
1450,1144,1,belt_rock,6.915931963981702E-05,0.957555,4.09857,-0.629098,1,24.9583,758866,outside_own_roche_hot_not_broken
1450,1183,1,belt_rock,7.485663569320985E-05,0.917961,3.91193,-0.631132,1,26.5315,741763,outside_own_roche_hot_not_broken
1450,1194,1,belt_rock,1.2651099005388968E-05,0.961974,6.8966,-1.27067,1,131.181,245377,outside_own_roche_hot_not_broken
1450,1200,1,belt_rock,6.624167436905334E-07,0.27916,2.28524,-1.4312,1,182.481,192379,outside_own_roche_hot_not_broken
1450,1214,1,belt_rock,7.47805864614159E-05,0.951698,3.81167,-0.636853,1,26.711,735677,outside_own_roche_hot_not_broken
1450,1216,1,belt_rock,6.610392938527892E-07,0.633792,5.1905,-1.19235,1,58.8595,370393,outside_own_roche_hot_not_broken
1450,1229,1,belt_rock,2.981439456329362E-05,0.967436,5.06423,-1.50281,1,165.899,199676,outside_own_roche_hot_not_broken
1450,1298,1,belt_rock,5.663401830953736E-05,0.560393,2.2935,-1.00541,1,46.6056,449725,outside_own_roche_hot_not_broken
1450,1327,1,belt_rock,6.388261473972421E-05,0.583722,3.36454,-1.00553,1,42.2111,465801,outside_own_roche_hot_not_broken
1450,1331,1,belt_rock,0.0001185720506521227,0.750767,3.12994,-1.0153,1,50.648,433240,outside_own_roche_hot_not_broken
1450,1443,1,belt_rock,1.006188093174367E-06,0.558842,4.13842,-1.24495,1,77.1981,323157,outside_own_roche_hot_not_broken
1450,1483,1,belt_rock,8.17287252687648E-07,0.971169,7.48092,-0.638196,1,27.9375,723254,outside_own_roche_hot_not_broken
1450,1506,1,belt_rock,2.886855000203483E-05,0.966382,4.40138,-0.915607,1,63.7982,416881,outside_own_roche_hot_not_broken
1450,1550,1,belt_rock,7.793046757488623E-05,0.671784,2.85953,-0.912794,1,162.568,242505,outside_own_roche_hot_not_broken
1450,1569,1,belt_rock,1.327403036808673E-05,0.579927,2.85766,-1.00624,1,44.0414,458742,outside_own_roche_hot_not_broken
1450,1592,1,belt_rock,0.0001067294942836193,0.926384,3.88136,-0.562458,1,73.3482,482760,outside_own_roche_hot_not_broken
1450,1595,1,belt_rock,1.7466836287356323E-06,0.440981,2.95418,-1.23933,1,92.1719,298624,outside_own_roche_hot_not_broken
1450,1710,1,belt_rock,1.118385335029651E-06,0.522268,5.92005,-1.46961,1,104.58,257179,outside_own_roche_hot_not_broken
1450,1717,1,belt_rock,6.521326459355203E-05,0.935508,3.78502,-0.63078,1,25.4073,753029,outside_own_roche_hot_not_broken
1450,1758,1,belt_rock,8.332167251620688E-05,0.94185,3.99113,-0.630682,1,25.0407,756765,outside_own_roche_hot_not_broken
1450,1901,1,belt_rock,8.974658211657579E-05,0.963455,5.37118,-0.733012,1,21.9152,709221,outside_own_roche_hot_not_broken
1450,1902,1,belt_rock,0.0001179173380469943,0.838959,3.49833,-0.919181,1,70.1324,397671,outside_own_roche_hot_not_broken
1450,1910,1,belt_rock,1.1268171028213465E-05,0.526238,2.64426,-1.0073,1,58.6148,410437,outside_own_roche_hot_not_broken
1450,1953,1,belt_rock,6.60448495806357E-07,0.307471,2.46801,-1.23341,1,121.975,258930,outside_own_roche_hot_not_broken
1450,1981,1,belt_rock,1.7718268023598462E-06,0.927592,6.1985,-1.65973,1,204.513,169385,outside_own_roche_hot_not_broken
1500,60,1,belt_rock,2.9270059816121648E-06,0.804573,4.94056,-0.918283,1,125.212,287567,outside_own_roche_hot_not_broken
1500,93,1,belt_rock,9.022527107260299E-07,0.904406,6.83659,-1.4335,1,78.432,295850,outside_own_roche_hot_not_broken
1500,108,1,belt_rock,0.00012018683836046753,0.516429,2.15166,-0.911578,1,72.7877,392084,outside_own_roche_hot_not_broken
1500,111,1,belt_rock,1.678696995073673E-05,0.450231,2.16263,-1.16921,1,68.3563,352900,outside_own_roche_hot_not_broken
1500,119,1,belt_rock,0.00010879697811298288,0.663325,3.63725,-0.910699,1,67.1667,408021,outside_own_roche_hot_not_broken
1500,121,1,belt_rock,1.7787957704379382E-06,0.836416,8.63338,-1.66664,1,190.917,176198,outside_own_roche_hot_not_broken
1500,134,1,belt_rock,1.4397576836317145E-05,0.711615,3.48207,-1.40637,1,84.5392,289939,outside_own_roche_hot_not_broken
1500,135,1,belt_rock,5.258303751555807E-06,0.752374,4.18735,-1.22083,1,54.6682,375044,outside_own_roche_hot_not_broken
1500,149,1,belt_rock,0.0001336375415731328,0.541242,2.24523,-0.903654,1,84.4865,364412,outside_own_roche_hot_not_broken
1500,150,1,belt_rock,6.148470791553775E-06,0.78805,2.24463,-1.16149,1,83.1974,324399,outside_own_roche_hot_not_broken
1500,155,1,belt_rock,8.94543178490519E-05,0.423304,1.78857,-1.43373,1,85.9868,284685,outside_own_roche_hot_not_broken
1500,159,1,belt_rock,1.4827623141554978E-06,0.24009,2.57009,-5.19249,1,66.1305,118647,outside_own_roche_hot_not_broken
1500,166,1,belt_rock,6.078884194825134E-06,0.782665,4.2972,-1.42164,1,113.967,250911,outside_own_roche_hot_not_broken
1500,246,1,belt_rock,1.158554041804656E-06,0.474021,5.33455,-2.98731,1,1.22241,237845,outside_own_roche_hot_not_broken
1500,247,1,belt_rock,0.00010861397704692734,0.901245,3.77151,-0.968374,1,58.2009,421108,outside_own_roche_hot_not_broken
1500,250,1,belt_rock,3.061408992850387E-05,0.385028,1.7455,-1.18523,1,99.5943,293870,outside_own_roche_hot_not_broken
1500,305,1,belt_rock,1.1119287236353387E-05,0.469903,2.36712,-1.17977,1,86.6297,315628,outside_own_roche_hot_not_broken
1500,307,1,belt_rock,0.00010955105503733567,0.652132,2.72893,-1.42234,1,91.3157,278554,outside_own_roche_hot_not_broken
1500,320,1,belt_rock,2.7371059402551924E-05,0.57474,2.62972,-0.983955,1,56.9747,421045,outside_own_roche_hot_not_broken
1500,372,1,belt_rock,2.2240566477441765E-05,0.724775,3.25363,-0.904985,1,65.3298,414817,outside_own_roche_hot_not_broken
1500,377,1,belt_rock,1.6827052528707687E-06,0.974046,10.1658,-0.964694,1,38.9562,491960,outside_own_roche_hot_not_broken
1500,407,1,belt_rock,9.537164663850703E-05,0.421677,1.66181,-1.17002,1,73.4233,342058,outside_own_roche_hot_not_broken
1500,417,1,belt_rock,5.8502702553592535E-05,0.435102,1.88211,-1.21793,1,66.5122,348481,outside_own_roche_hot_not_broken
1500,439,1,belt_rock,1.1123448839321772E-05,0.538656,2.71477,-1.17231,1,71.2725,346134,outside_own_roche_hot_not_broken
1500,443,1,belt_rock,2.2161928891504646E-05,0.883265,5.80704,-1.19777,1,63.9251,357642,outside_own_roche_hot_not_broken
1500,448,1,belt_rock,2.246719544198254E-05,0.567267,2.54616,-1.1691,1,58.0399,376941,outside_own_roche_hot_not_broken
1500,453,1,belt_rock,0.00010489770836095581,0.505475,1.98012,-1.17103,1,87.6161,315127,outside_own_roche_hot_not_broken
1500,467,1,belt_rock,2.5804791877335333E-05,0.6197,2.85044,-0.909433,1,65.0711,414524,outside_own_roche_hot_not_broken
1500,473,1,belt_rock,6.566666995190835E-07,0.490837,3.94426,-0.910195,1,63.0269,420576,outside_own_roche_hot_not_broken
1500,474,1,belt_rock,7.189937739453264E-06,0.793433,4.1742,-0.993104,1,44.0367,462664,outside_own_roche_hot_not_broken
1500,476,1,belt_rock,1.083018064921707E-06,0.528855,3.92331,-0.912125,1,67.5526,406569,outside_own_roche_hot_not_broken
1500,500,1,belt_rock,6.566728519526325E-07,0.43606,3.50409,-1.21105,1,92.4829,301701,outside_own_roche_hot_not_broken
1500,504,1,belt_rock,1.3860795580248966E-05,0.673959,4.76034,-1.1813,1,74.7214,337610,outside_own_roche_hot_not_broken
1500,529,1,belt_rock,9.311867503424329E-05,0.879628,4.88963,-1.19172,1,94.163,301487,outside_own_roche_hot_not_broken
1500,554,1,belt_rock,1.3047195379484566E-05,0.496067,2.45327,-1.43427,1,191.265,186702,outside_own_roche_hot_not_broken
1500,621,1,belt_rock,3.202996995605001E-05,0.559694,2.5269,-0.911098,1,65.4966,412851,outside_own_roche_hot_not_broken
1500,623,1,belt_rock,1.2530158011718365E-06,0.893748,6.35478,-0.965744,1,32.9143,518564,outside_own_roche_hot_not_broken
1500,646,1,belt_rock,2.1005823501122877E-05,0.358353,1.6813,-1.18517,1,102.89,288979,outside_own_roche_hot_not_broken
1500,686,1,belt_rock,6.00931993505896E-05,0.996775,4.3056,-1.40363,1,90.9875,281055,outside_own_roche_hot_not_broken
1500,689,1,belt_rock,2.4789845480784857E-05,0.912507,4.21258,-0.916948,1,72.1579,392624,outside_own_roche_hot_not_broken
1500,705,1,belt_rock,0.0001010755835750245,0.736698,4.06497,-0.991429,1,59.105,412747,outside_own_roche_hot_not_broken
1500,742,1,belt_rock,5.3990469036559724E-05,0.435717,1.89369,-0.913156,1,80.3003,372554,outside_own_roche_hot_not_broken
1500,797,1,belt_rock,2.7646422701849708E-05,0.98808,4.51323,-0.61378,1,24.8263,772801,outside_own_roche_hot_not_broken
1500,799,1,belt_rock,1.857892447505216E-05,0.976008,4.62837,-0.617071,1,23.7511,781381,outside_own_roche_hot_not_broken
1500,817,1,belt_rock,0.00011965595049649409,0.741971,3.09261,-1.22132,1,56.0073,371681,outside_own_roche_hot_not_broken
1500,821,1,belt_rock,2.8533251478590335E-05,0.572178,2.60849,-0.910658,1,65.1056,414126,outside_own_roche_hot_not_broken
1500,828,1,belt_rock,2.1780771841748363E-06,0.765555,4.93682,-0.988638,1,38.1901,487138,outside_own_roche_hot_not_broken
1500,872,1,belt_rock,2.4268674612332564E-06,0.878137,5.5607,-0.968657,1,48.8172,452318,outside_own_roche_hot_not_broken
1500,880,1,belt_rock,1.1923727274855613E-06,0.68119,4.88776,-0.977645,1,58.626,417518,outside_own_roche_hot_not_broken
1500,882,1,belt_rock,6.096981732496212E-06,0.989132,8.03051,-0.615638,1,23.1235,789395,outside_own_roche_hot_not_broken
1500,906,1,belt_rock,2.0343165160066184E-05,0.406113,1.91154,-1.18327,1,91.3,307226,outside_own_roche_hot_not_broken
1500,955,1,belt_rock,6.982885582430313E-07,0.52454,4.16499,-1.21455,1,66.8295,348380,outside_own_roche_hot_not_broken
1500,960,1,belt_rock,2.3884137407643173E-05,0.778729,5.06165,-0.994509,1,64.7347,395938,outside_own_roche_hot_not_broken
1500,990,1,belt_rock,8.495584809313527E-05,0.625138,3.50349,-0.908202,1,69.0531,403164,outside_own_roche_hot_not_broken
1500,1008,1,belt_rock,7.920624891384338E-05,0.868371,3.6915,-1.38509,1,87.493,288109,outside_own_roche_hot_not_broken
1500,1012,1,belt_rock,1.1231928029267697E-06,0.416546,3.02204,-1.20662,1,112.405,273446,outside_own_roche_hot_not_broken
1500,1057,1,belt_rock,1.2737532410228328E-05,0.677855,3.35505,-0.904941,1,79.8999,375141,outside_own_roche_hot_not_broken
1500,1073,1,belt_rock,4.065454806673326E-05,0.846923,3.56854,-0.991557,1,34.9928,499767,outside_own_roche_hot_not_broken
1500,1102,1,belt_rock,7.303424977784841E-05,0.418364,1.67923,-1.17475,1,68.6918,351212,outside_own_roche_hot_not_broken
1500,1118,1,belt_rock,5.7689262209639854E-05,0.583148,3.39714,-0.982013,1,59.4827,413870,outside_own_roche_hot_not_broken
1500,1142,1,belt_rock,1.1447247312755778E-06,0.412364,2.9812,-1.15433,1,74.0718,343304,outside_own_roche_hot_not_broken
1500,1177,1,belt_rock,7.824343751800845E-05,0.94467,5.33372,-0.620402,1,26.5652,749792,outside_own_roche_hot_not_broken
1500,1201,1,belt_rock,3.174262665981588E-05,0.489997,2.21385,-0.984956,1,59.511,413080,outside_own_roche_hot_not_broken
1500,1216,1,belt_rock,6.610392938527892E-07,0.755232,6.18505,-1.18197,1,59.6892,370394,outside_own_roche_hot_not_broken
1500,1298,1,belt_rock,5.663401830953736E-05,0.977615,4.00105,-1.00085,1,46.9712,449721,outside_own_roche_hot_not_broken
1500,1321,1,belt_rock,4.6269287599687955E-05,0.306952,1.27878,-1.42431,1,107.377,258140,outside_own_roche_hot_not_broken
1500,1357,1,belt_rock,7.75371224648779E-05,0.9882,3.94765,-0.618162,1,23.6315,781727,outside_own_roche_hot_not_broken
1500,1393,1,belt_rock,6.215480560968838E-07,0.450098,2.09435,-1.21238,1,57.7854,369128,outside_own_roche_hot_not_broken
1500,1401,1,belt_rock,6.0874230779359964E-05,0.534203,2.30444,-0.982339,1,52.1271,437077,outside_own_roche_hot_not_broken
1500,1441,1,belt_rock,6.278045039803311E-05,0.713032,2.89498,-1.20301,1,57.9204,370600,outside_own_roche_hot_not_broken
1500,1443,1,belt_rock,1.006188093174367E-06,0.818407,6.06059,-1.23202,1,78.2328,323156,outside_own_roche_hot_not_broken
1500,1506,1,belt_rock,2.886855000203483E-05,0.525422,2.39303,-0.907473,1,64.4488,416881,outside_own_roche_hot_not_broken
1500,1507,1,belt_rock,1.4608993864857097E-05,0.760188,3.71055,-1.42485,1,119.778,244399,outside_own_roche_hot_not_broken
1500,1523,1,belt_rock,0.0001138886429393924,0.640376,2.67535,-1.40878,1,87.4405,285457,outside_own_roche_hot_not_broken
1500,1591,1,belt_rock,3.560392368572573E-06,0.172968,1.02966,-1.69098,1,230.705,156106,outside_own_roche_hot_not_broken
1500,1592,1,belt_rock,0.0001067294942836193,0.638376,2.67467,-0.553865,1,74.0356,482760,outside_own_roche_hot_not_broken
1500,1652,1,belt_rock,8.036015874221759E-07,0.710791,5.49297,-0.976081,1,40.5263,481670,outside_own_roche_hot_not_broken
1500,1681,1,belt_rock,7.621729542144317E-06,0.549672,4.29442,-0.911439,1,63.8411,417766,outside_own_roche_hot_not_broken
1500,1710,1,belt_rock,1.118385335029651E-06,0.837546,9.49382,-1.45363,1,105.86,257178,outside_own_roche_hot_not_broken
1500,1726,1,belt_rock,6.971155458501688E-07,0.798003,9.975,-0.972946,1,40.7026,481972,outside_own_roche_hot_not_broken
1500,1741,1,belt_rock,0.00012007395615377616,0.605492,2.35274,-0.982114,1,45.7051,459727,outside_own_roche_hot_not_broken
1500,1794,1,belt_rock,1.3896780784160195E-06,0.988489,6.89729,-1.40375,1,89.7586,282750,outside_own_roche_hot_not_broken
1500,1800,1,belt_rock,0.0001247861782887393,0.251713,1.36527,-1.40344,1,164.962,206077,outside_own_roche_hot_not_broken
1500,1802,1,belt_rock,0.00012743139464196945,0.805378,4.36044,-1.20734,1,110.439,275965,outside_own_roche_hot_not_broken
1500,1847,1,belt_rock,2.0921773759374507E-05,0.253009,1.67812,-1.40376,1,163.413,207215,outside_own_roche_hot_not_broken
1500,1888,1,belt_rock,6.153133260203168E-05,0.636107,2.7422,-0.907694,1,67.8667,406686,outside_own_roche_hot_not_broken
1500,1895,1,belt_rock,3.1088142483657866E-05,0.794188,3.59488,-0.969735,1,33.7433,513215,outside_own_roche_hot_not_broken
1500,1902,1,belt_rock,0.0001179173380469943,0.612963,2.55596,-0.908703,1,70.9705,397671,outside_own_roche_hot_not_broken
1500,1919,1,belt_rock,6.197291827056268E-05,0.746475,3.21657,-0.902794,1,71.9807,396189,outside_own_roche_hot_not_broken
1500,1955,1,belt_rock,4.348398567282E-05,0.585487,2.58235,-0.982137,1,42.8246,470628,outside_own_roche_hot_not_broken
1500,1981,1,belt_rock,1.7718268023598462E-06,0.478987,3.20076,-1.63812,1,206.241,169385,outside_own_roche_hot_not_broken
1500,1983,1,belt_rock,6.833698821645656E-07,0.906927,7.23152,-1.40614,1,86.8744,286570,outside_own_roche_hot_not_broken
1550,24,1,belt_rock,7.005699151282417E-07,0.885493,11.0572,-1.17982,1,80.8702,325992,outside_own_roche_hot_not_broken
1550,37,1,belt_rock,6.725408553700501E-05,0.490142,2.80996,-0.888813,1,64.9596,419890,outside_own_roche_hot_not_broken
1550,42,1,belt_rock,9.044688466255514E-06,0.916194,4.74108,-1.1276,1,72.3048,351555,outside_own_roche_hot_not_broken
1550,58,1,belt_rock,6.567332992402851E-07,0.309044,2.48337,-1.56669,1,177.104,188905,outside_own_roche_hot_not_broken
1550,96,1,belt_rock,6.73813028667692E-07,0.520779,6.55617,-0.959195,1,56.4885,428842,outside_own_roche_hot_not_broken
1550,108,1,belt_rock,0.00012018683836046753,0.950543,3.96036,-0.901102,1,73.6246,392087,outside_own_roche_hot_not_broken
1550,117,1,belt_rock,7.757352327044996E-07,0.367015,2.85557,-1.17963,1,99.4685,294740,outside_own_roche_hot_not_broken
1550,127,1,belt_rock,3.683816768457644E-05,0.996285,6.11735,-1.11961,1,59.3174,383730,outside_own_roche_hot_not_broken
1550,134,1,belt_rock,1.4397576836317145E-05,0.647705,3.16935,-1.3938,1,85.5456,289938,outside_own_roche_hot_not_broken
1550,150,1,belt_rock,6.148470791553775E-06,0.608564,1.73339,-1.14896,1,84.1992,324400,outside_own_roche_hot_not_broken
1550,155,1,belt_rock,8.94543178490519E-05,0.913163,3.85834,-1.41613,1,87.3959,284684,outside_own_roche_hot_not_broken
1550,159,1,belt_rock,1.4827623141554978E-06,0.179812,1.92484,-5.19832,1,65.6648,118647,outside_own_roche_hot_not_broken
1550,166,1,belt_rock,6.078884194825134E-06,0.604993,3.3217,-1.40774,1,115.081,250910,outside_own_roche_hot_not_broken
1550,199,1,belt_rock,8.063667532988596E-06,0.610123,3.2017,-0.889332,1,69.3186,406735,outside_own_roche_hot_not_broken
1550,203,1,belt_rock,6.700652613383534E-07,0.926247,7.5647,-1.12459,1,63.797,371557,outside_own_roche_hot_not_broken
1550,231,1,belt_rock,8.88858516021005E-05,0.910266,3.84561,-0.946784,1,39.8444,494278,outside_own_roche_hot_not_broken
1550,246,1,belt_rock,1.158554041804656E-06,0.465731,5.24126,-2.98395,1,1.49131,237845,outside_own_roche_hot_not_broken
1550,247,1,belt_rock,0.00010861397704692734,0.568936,2.38087,-0.959806,1,58.8865,421108,outside_own_roche_hot_not_broken
1550,305,1,belt_rock,1.1119287236353387E-05,0.920466,4.63682,-1.16445,1,87.855,315628,outside_own_roche_hot_not_broken
1550,307,1,belt_rock,0.00010955105503733567,0.712872,2.98311,-1.40958,1,92.3376,278552,outside_own_roche_hot_not_broken
1550,368,1,belt_rock,1.7305637864581166E-05,0.561383,3.82538,-0.961028,1,48.4432,455870,outside_own_roche_hot_not_broken
1550,372,1,belt_rock,2.2240566477441765E-05,0.732964,3.29039,-0.895269,1,66.1068,414818,outside_own_roche_hot_not_broken
1550,377,1,belt_rock,1.6827052528707687E-06,0.621548,6.48691,-0.960931,1,39.2567,491962,outside_own_roche_hot_not_broken
1550,417,1,belt_rock,5.8502702553592535E-05,0.975599,4.22012,-1.2092,1,67.2115,348479,outside_own_roche_hot_not_broken
1550,435,1,belt_rock,1.2714545665413913E-05,0.694617,4.97696,-1.13366,1,58.1821,383760,outside_own_roche_hot_not_broken
1550,443,1,belt_rock,2.2161928891504646E-05,0.509097,3.34707,-1.1866,1,64.8196,357640,outside_own_roche_hot_not_broken
1550,444,1,belt_rock,1.9203315783859442E-05,0.715867,3.2705,-0.884199,1,75.1189,391705,outside_own_roche_hot_not_broken
1550,476,1,belt_rock,1.083018064921707E-06,0.947908,7.03205,-0.902705,1,68.3052,406572,outside_own_roche_hot_not_broken
1550,477,1,belt_rock,7.593427859692768E-05,0.910387,3.87907,-1.3479,1,76.1846,310472,outside_own_roche_hot_not_broken
1550,502,1,belt_rock,1.816015031719967E-05,0.489081,1.17082,-0.891109,1,65.4408,417848,outside_own_roche_hot_not_broken
1550,503,1,belt_rock,6.787802871302369E-05,0.656458,2.81451,-1.17727,1,50.3969,395164,outside_own_roche_hot_not_broken
1550,537,1,belt_rock,1.880332108505585E-05,0.793718,3.76813,-1.35475,1,77.8262,306821,outside_own_roche_hot_not_broken
1550,604,1,belt_rock,9.130172991510145E-07,0.370224,2.79231,-1.18082,1,95.7252,300394,outside_own_roche_hot_not_broken
1550,621,1,belt_rock,3.202996995605001E-05,0.912861,4.12137,-0.901592,1,66.2561,412853,outside_own_roche_hot_not_broken
1550,623,1,belt_rock,1.2530158011718365E-06,0.701579,4.98841,-0.961314,1,33.2681,518567,outside_own_roche_hot_not_broken
1550,638,1,belt_rock,3.4322432703245706E-05,0.722294,3.24412,-1.13677,1,75.5392,343175,outside_own_roche_hot_not_broken
1550,644,1,belt_rock,1.2597326153480967E-06,0.443538,3.15059,-1.20085,1,91.8872,303966,outside_own_roche_hot_not_broken
1550,668,1,belt_rock,2.4532801062004895E-05,0.761062,4.93294,-1.39712,1,174.254,199746,outside_own_roche_hot_not_broken
1550,669,1,belt_rock,3.667176777031462E-06,0.869481,2.72504,-1.12946,1,95.2978,307734,outside_own_roche_hot_not_broken
1550,684,1,belt_rock,1.0710310832703353E-05,0.631005,3.20157,-1.5912,1,133.436,219122,outside_own_roche_hot_not_broken
1550,686,1,belt_rock,6.00931993505896E-05,0.34901,1.50756,-1.38858,1,92.1931,281052,outside_own_roche_hot_not_broken
1550,697,1,belt_rock,5.4997176006218115E-06,0.822129,4.56331,-0.948972,1,44.7444,473488,outside_own_roche_hot_not_broken
1550,739,1,belt_rock,4.430455529052298E-05,0.547131,3.28328,-0.960322,1,49.4347,452494,outside_own_roche_hot_not_broken
1550,751,1,belt_rock,8.196136403768549E-05,0.891564,5.01328,-0.878897,1,65.1649,421712,outside_own_roche_hot_not_broken
1550,768,1,belt_rock,9.792722232842883E-06,0.846808,4.24259,-0.871774,1,55.4866,456223,outside_own_roche_hot_not_broken
1550,776,1,belt_rock,1.8903231773250015E-05,0.812362,3.85227,-1.18024,1,90.4216,309088,outside_own_roche_hot_not_broken
1550,821,1,belt_rock,2.8533251478590335E-05,0.898241,4.09498,-0.901096,1,65.8697,414129,outside_own_roche_hot_not_broken
1550,843,1,belt_rock,7.713343142684656E-07,0.691533,5.38638,-0.954291,1,41.8429,483408,outside_own_roche_hot_not_broken
1550,872,1,belt_rock,2.4268674612332564E-06,0.616893,3.90641,-0.961476,1,49.3914,452318,outside_own_roche_hot_not_broken
1550,880,1,belt_rock,1.1923727274855613E-06,0.766899,5.50275,-0.968354,1,59.3694,417517,outside_own_roche_hot_not_broken
1550,900,1,belt_rock,0.00013125905267176525,0.64285,2.48539,-0.888352,1,63.7163,423878,outside_own_roche_hot_not_broken
1550,906,1,belt_rock,2.0343165160066184E-05,0.985953,4.64081,-1.16692,1,92.6075,307226,outside_own_roche_hot_not_broken
1550,950,1,belt_rock,6.4183820798641525E-06,0.494349,3.9957,-1.1432,1,59.3682,378800,outside_own_roche_hot_not_broken
1550,990,1,belt_rock,8.495584809313527E-05,0.830805,4.65612,-0.897925,1,69.8747,403166,outside_own_roche_hot_not_broken
1550,1006,1,belt_rock,7.152108912183968E-05,0.473821,1.90471,-1.14871,1,72.0818,348412,outside_own_roche_hot_not_broken
1550,1008,1,belt_rock,7.920624891384338E-05,0.48156,2.04715,-1.36905,1,88.7757,288110,outside_own_roche_hot_not_broken
1550,1057,1,belt_rock,1.2737532410228328E-05,0.769673,3.80951,-0.893803,1,80.7903,375142,outside_own_roche_hot_not_broken
1550,1094,1,belt_rock,7.140652465859772E-07,0.373534,2.95314,-1.12701,1,86.3386,323696,outside_own_roche_hot_not_broken
1550,1118,1,belt_rock,5.7689262209639854E-05,0.873669,5.08957,-0.972847,1,60.2163,413869,outside_own_roche_hot_not_broken
1550,1133,1,belt_rock,9.062121478488048E-06,0.616411,3.18909,-1.18746,1,78.1095,330041,outside_own_roche_hot_not_broken
1550,1159,1,belt_rock,4.776407022198545E-06,0.531318,3.01563,-0.891974,1,65.8964,416250,outside_own_roche_hot_not_broken
1550,1165,1,belt_rock,5.396082938469288E-06,0.965623,5.40336,-1.57571,1,144.788,210940,outside_own_roche_hot_not_broken
1550,1168,1,belt_rock,6.352048758426421E-06,0.48195,2.61729,-0.888245,1,66.9961,413834,outside_own_roche_hot_not_broken
1550,1169,1,belt_rock,4.686284621592993E-06,0.472668,2.69929,-1.41808,1,171.479,200516,outside_own_roche_hot_not_broken
1550,1193,1,belt_rock,1.403650331107966E-05,0.63338,3.10415,-1.17671,1,47.3142,403900,outside_own_roche_hot_not_broken
1550,1288,1,belt_rock,7.128374224317015E-05,0.505091,2.03104,-1.18313,1,49.4243,396545,outside_own_roche_hot_not_broken
1550,1302,1,belt_rock,5.5736894145338306E-05,0.999492,4.09666,-1.16962,1,69.1,351216,outside_own_roche_hot_not_broken
1550,1328,1,belt_rock,1.553270508424185E-05,0.565105,3.91563,-0.959449,1,47.2459,460736,outside_own_roche_hot_not_broken
1550,1396,1,belt_rock,4.1327715981051796E-05,0.913226,4.04217,-0.878018,1,66.8596,416715,outside_own_roche_hot_not_broken
1550,1441,1,belt_rock,6.278045039803311E-05,0.67302,2.73253,-1.19276,1,58.7409,370599,outside_own_roche_hot_not_broken
1550,1469,1,belt_rock,1.575447010319523E-05,0.571477,3.95871,-0.859983,1,50.1082,480478,outside_own_roche_hot_not_broken
1550,1507,1,belt_rock,1.4608993864857097E-05,0.637267,3.11056,-1.41142,1,120.854,244397,outside_own_roche_hot_not_broken
1550,1523,1,belt_rock,0.0001138886429393924,0.721851,3.01573,-1.39606,1,88.4587,285456,outside_own_roche_hot_not_broken
1550,1544,1,belt_rock,0.00010339274256879358,0.628956,2.46568,-0.888626,1,63.822,423477,outside_own_roche_hot_not_broken
1550,1564,1,belt_rock,1.151960144485447E-06,0.520727,3.76022,-1.13508,1,57.9021,384189,outside_own_roche_hot_not_broken
1550,1643,1,belt_rock,1.314763465869944E-05,0.828981,5.90445,-1.17581,1,71.6366,344789,outside_own_roche_hot_not_broken
1550,1644,1,belt_rock,1.1494473281459E-06,0.597866,6.73913,-0.960048,1,41.0424,484802,outside_own_roche_hot_not_broken
1550,1651,1,belt_rock,7.751139618613717E-05,0.568538,2.41887,-0.892081,1,85.2494,364791,outside_own_roche_hot_not_broken
1550,1652,1,belt_rock,8.036015874221759E-07,0.80391,6.21259,-0.969649,1,41.0408,481670,outside_own_roche_hot_not_broken
1550,1681,1,belt_rock,7.621729542144317E-06,0.931492,7.27747,-0.902495,1,64.5556,417769,outside_own_roche_hot_not_broken
1550,1716,1,belt_rock,6.689638650994544E-07,0.991272,7.9369,-1.16805,1,63.1677,364802,outside_own_roche_hot_not_broken
1550,1726,1,belt_rock,6.971155458501688E-07,0.716431,8.95535,-0.96647,1,41.2204,481973,outside_own_roche_hot_not_broken
1550,1733,1,belt_rock,2.347973710348831E-06,0.55943,3.56216,-0.961318,1,47.3824,459676,outside_own_roche_hot_not_broken
1550,1741,1,belt_rock,0.00012007395615377616,0.908705,3.53092,-0.975914,1,46.2016,459725,outside_own_roche_hot_not_broken
1550,1794,1,belt_rock,1.3896780784160195E-06,0.355769,2.48242,-1.38813,1,91.0104,282747,outside_own_roche_hot_not_broken
1550,1799,1,belt_rock,5.553438913725185E-05,0.626731,2.71887,-0.888352,1,67.0128,413758,outside_own_roche_hot_not_broken
1550,1802,1,belt_rock,0.00012743139464196945,0.6078,3.29072,-1.19355,1,111.544,275963,outside_own_roche_hot_not_broken
1550,1888,1,belt_rock,6.153133260203168E-05,0.820759,3.53821,-0.897586,1,68.6748,406687,outside_own_roche_hot_not_broken
1550,1895,1,belt_rock,3.1088142483657866E-05,0.769086,3.48126,-0.964474,1,34.1638,513216,outside_own_roche_hot_not_broken
1550,1919,1,belt_rock,6.197291827056268E-05,0.704743,3.03675,-0.892398,1,72.812,396190,outside_own_roche_hot_not_broken
1550,1940,1,belt_rock,2.2108686677391142E-05,0.980537,6.45435,-1.36025,1,72.7475,314660,outside_own_roche_hot_not_broken
1550,1955,1,belt_rock,4.348398567282E-05,0.991479,4.37302,-0.978485,1,43.1177,470624,outside_own_roche_hot_not_broken
1550,1964,1,belt_rock,3.1844806920837496E-05,0.893167,4.03833,-1.11347,1,63.4983,374450,outside_own_roche_hot_not_broken
1550,1983,1,belt_rock,6.833698821645656E-07,0.433534,3.45685,-1.38878,1,88.2649,286567,outside_own_roche_hot_not_broken
1600,24,1,belt_rock,7.005699151282417E-07,0.502961,6.2805,-1.16587,1,81.9875,325990,outside_own_roche_hot_not_broken
1600,42,1,belt_rock,9.044688466255514E-06,0.489683,2.53399,-1.11545,1,73.2757,351556,outside_own_roche_hot_not_broken
1600,102,1,belt_rock,6.585818323810552E-07,0.777884,6.37539,-1.10832,1,85.2052,328589,outside_own_roche_hot_not_broken
1600,107,1,belt_rock,0.00012006758077576136,0.536209,2.91686,-1.16256,1,80.2309,329794,outside_own_roche_hot_not_broken
1600,116,1,belt_rock,2.224633234259358E-05,0.861938,4.01956,-0.924528,1,29.2529,553525,outside_own_roche_hot_not_broken
1600,127,1,belt_rock,3.683816768457644E-05,0.469324,2.88172,-1.11392,1,59.772,383731,outside_own_roche_hot_not_broken
1600,144,1,belt_rock,1.418335411047879E-05,0.280046,1.37128,-1.37645,1,121.845,246300,outside_own_roche_hot_not_broken
1600,159,1,belt_rock,1.4827623141554978E-06,0.179808,1.9248,-5.09233,1,74.1443,118647,outside_own_roche_hot_not_broken
1600,160,1,belt_rock,2.828864175936968E-06,0.579321,3.57707,-0.938059,1,45.7728,472879,outside_own_roche_hot_not_broken
1600,186,1,belt_rock,6.577332055508024E-07,0.574888,4.61822,-0.932506,1,48.6574,463517,outside_own_roche_hot_not_broken
1600,188,1,belt_rock,4.1428413283292995E-05,0.689505,3.55407,-1.1116,1,68.022,364015,outside_own_roche_hot_not_broken
1600,199,1,belt_rock,8.063667532988596E-06,0.85238,4.47298,-0.879109,1,70.1358,406737,outside_own_roche_hot_not_broken
1600,203,1,belt_rock,6.700652613383534E-07,0.494109,4.03541,-1.11457,1,64.5981,371558,outside_own_roche_hot_not_broken
1600,225,1,belt_rock,2.697741149420495E-06,0.802758,2.66915,-0.928265,1,41.4273,493845,outside_own_roche_hot_not_broken
1600,231,1,belt_rock,8.88858516021005E-05,0.651368,2.75184,-0.94162,1,40.2569,494280,outside_own_roche_hot_not_broken
1600,245,1,belt_rock,1.484461995818866E-06,0.468847,5.01771,-1.11847,1,62.7437,375322,outside_own_roche_hot_not_broken
1600,246,1,belt_rock,1.158554041804656E-06,0.480831,5.4112,-2.98717,1,1.23387,237845,outside_own_roche_hot_not_broken
1600,264,1,belt_rock,1.2184436880334171E-05,0.746681,3.71608,-0.929986,1,28.6487,554425,outside_own_roche_hot_not_broken
1600,312,1,belt_rock,2.4034310794126817E-05,0.910846,4.21872,-1.1025,1,73.7836,352703,outside_own_roche_hot_not_broken
1600,346,1,belt_rock,9.446850949573703E-06,0.638583,3.28073,-0.860011,1,57.3283,452965,outside_own_roche_hot_not_broken
1600,368,1,belt_rock,1.7305637864581166E-05,0.991546,6.7566,-0.956571,1,48.8006,455867,outside_own_roche_hot_not_broken
1600,378,1,belt_rock,1.6697455561173104E-06,0.437878,4.57707,-1.35947,1,70.6482,318452,outside_own_roche_hot_not_broken
1600,435,1,belt_rock,1.2714545665413913E-05,0.708923,5.07946,-1.12368,1,58.9798,383761,outside_own_roche_hot_not_broken
1600,444,1,belt_rock,1.9203315783859442E-05,0.737843,3.3709,-0.873604,1,75.9662,391706,outside_own_roche_hot_not_broken
1600,447,1,belt_rock,8.465071302985872E-07,0.805253,6.27346,-0.85233,1,46.296,499047,outside_own_roche_hot_not_broken
1600,454,1,belt_rock,1.5852134882065105E-05,0.688897,4.76138,-1.15978,1,88.3924,315343,outside_own_roche_hot_not_broken
1600,477,1,belt_rock,7.593427859692768E-05,0.44191,1.88293,-1.33324,1,77.3569,310474,outside_own_roche_hot_not_broken
1600,503,1,belt_rock,6.787802871302369E-05,0.745674,3.19702,-1.16804,1,51.135,395164,outside_own_roche_hot_not_broken
1600,537,1,belt_rock,1.880332108505585E-05,0.562887,2.67227,-1.34157,1,78.8801,306822,outside_own_roche_hot_not_broken
1600,542,1,belt_rock,1.3475931165840605E-05,0.549944,2.70917,-1.1098,1,51.5157,407216,outside_own_roche_hot_not_broken
1600,577,1,belt_rock,2.3206975591906818E-05,0.514859,2.39232,-1.12188,1,86.033,325015,outside_own_roche_hot_not_broken
1600,612,1,belt_rock,2.0418136302480187E-05,0.824199,3.73716,-0.862607,1,67.8366,417495,outside_own_roche_hot_not_broken
1600,638,1,belt_rock,3.4322432703245706E-05,0.676862,3.04006,-1.12526,1,76.4601,343176,outside_own_roche_hot_not_broken
1600,644,1,belt_rock,1.2597326153480967E-06,0.942731,6.69651,-1.1841,1,93.2287,303964,outside_own_roche_hot_not_broken
1600,651,1,belt_rock,8.148805661071711E-07,0.630888,4.86248,-1.15689,1,57.182,381560,outside_own_roche_hot_not_broken
1600,668,1,belt_rock,2.4532801062004895E-05,0.705586,4.57336,-1.38431,1,175.281,199745,outside_own_roche_hot_not_broken
1600,669,1,belt_rock,3.667176777031462E-06,0.535396,1.67798,-1.11481,1,96.4686,307736,outside_own_roche_hot_not_broken
1600,684,1,belt_rock,1.0710310832703353E-05,0.7612,3.86215,-1.57768,1,134.519,219121,outside_own_roche_hot_not_broken
1600,694,1,belt_rock,4.913061497474967E-06,0.489492,2.77617,-1.11135,1,53.4878,401221,outside_own_roche_hot_not_broken
1600,697,1,belt_rock,5.4997176006218115E-06,0.685568,3.80532,-0.942068,1,45.2963,473490,outside_own_roche_hot_not_broken
1600,751,1,belt_rock,8.196136403768549E-05,0.586423,3.29746,-0.8695,1,65.9165,421712,outside_own_roche_hot_not_broken
1600,760,1,belt_rock,2.5280033316475228E-05,0.565008,3.64567,-1.1172,1,62.696,375692,outside_own_roche_hot_not_broken
1600,768,1,belt_rock,9.792722232842883E-06,0.651958,3.26637,-0.863722,1,56.1307,456223,outside_own_roche_hot_not_broken
1600,776,1,belt_rock,1.8903231773250015E-05,0.584474,2.77161,-1.1669,1,91.4907,309086,outside_own_roche_hot_not_broken
1600,788,1,belt_rock,2.9536933042162192E-05,0.716226,3.25545,-0.859995,1,55.7709,458633,outside_own_roche_hot_not_broken
1600,832,1,belt_rock,4.020570368839026E-06,0.461528,2.6966,-1.56069,1,129.843,224314,outside_own_roche_hot_not_broken
1600,843,1,belt_rock,7.713343142684656E-07,0.830115,6.4658,-0.947896,1,42.3545,483408,outside_own_roche_hot_not_broken
1600,867,1,belt_rock,7.411791933590053E-05,0.73103,2.93185,-1.55138,1,126.196,228249,outside_own_roche_hot_not_broken
1600,900,1,belt_rock,0.00013125905267176525,0.826649,3.196,-0.878899,1,64.4721,423879,outside_own_roche_hot_not_broken
1600,950,1,belt_rock,6.4183820798641525E-06,0.932636,7.53827,-1.1343,1,60.0789,378802,outside_own_roche_hot_not_broken
1600,953,1,belt_rock,0.00010193446584013745,0.820481,4.5239,-0.855995,1,57.1622,454722,outside_own_roche_hot_not_broken
1600,962,1,belt_rock,1.3620312997759259E-05,0.724294,3.55648,-0.923539,1,45.0126,480523,outside_own_roche_hot_not_broken
1600,975,1,belt_rock,3.080101672853503E-05,0.532135,1.18827,-1.1619,1,59.1877,375525,outside_own_roche_hot_not_broken
1600,1003,1,belt_rock,5.271623584532397E-05,0.539486,2.34958,-1.37257,1,94.2004,280051,outside_own_roche_hot_not_broken
1600,1006,1,belt_rock,7.152108912183968E-05,0.93057,3.74079,-1.1366,1,73.0499,348413,outside_own_roche_hot_not_broken
1600,1035,1,belt_rock,2.2275869411477764E-06,0.774546,4.97582,-1.0944,1,56.1025,397706,outside_own_roche_hot_not_broken
1600,1070,1,belt_rock,6.750423070272806E-07,0.568759,7.15748,-1.57359,1,227.643,161605,outside_own_roche_hot_not_broken
1600,1071,1,belt_rock,7.377244878524375E-05,0.991407,4.22945,-0.920052,1,31.2323,544965,outside_own_roche_hot_not_broken
1600,1100,1,belt_rock,1.968610202192028E-05,0.797975,3.76999,-1.10225,1,54.5412,400306,outside_own_roche_hot_not_broken
1600,1133,1,belt_rock,9.062121478488048E-06,0.773733,4.00301,-1.1753,1,79.0826,330039,outside_own_roche_hot_not_broken
1600,1159,1,belt_rock,4.776407022198545E-06,0.958884,5.44239,-0.883233,1,66.5946,416254,outside_own_roche_hot_not_broken
1600,1161,1,belt_rock,4.0065454221596896E-05,0.532039,1.15186,-0.863254,1,58.3012,448582,outside_own_roche_hot_not_broken
1600,1165,1,belt_rock,5.396082938469288E-06,0.367321,2.05543,-1.5446,1,147.276,210941,outside_own_roche_hot_not_broken
1600,1169,1,belt_rock,4.686284621592993E-06,0.944841,5.39575,-1.39644,1,173.213,200514,outside_own_roche_hot_not_broken
1600,1180,1,belt_rock,2.1401996191064295E-06,0.44639,2.90718,-0.869137,1,76.3653,391594,outside_own_roche_hot_not_broken
1600,1193,1,belt_rock,1.403650331107966E-05,0.777052,3.80828,-1.168,1,48.0114,403899,outside_own_roche_hot_not_broken
1600,1202,1,belt_rock,0.00012296240938349028,0.659179,2.74415,-1.15664,1,58.0048,379525,outside_own_roche_hot_not_broken
1600,1288,1,belt_rock,7.128374224317015E-05,0.946983,3.80795,-1.1772,1,49.8998,396542,outside_own_roche_hot_not_broken
1600,1289,1,belt_rock,5.010288387683074E-06,0.224796,1.27133,-1.61986,1,177.697,185925,outside_own_roche_hot_not_broken
1600,1302,1,belt_rock,5.5736894145338306E-05,0.428895,1.75793,-1.16182,1,69.7263,351212,outside_own_roche_hot_not_broken
1600,1317,1,belt_rock,7.139985776542619E-05,0.82967,3.54708,-1.36148,1,156.944,214894,outside_own_roche_hot_not_broken
1600,1396,1,belt_rock,4.1327715981051796E-05,0.565664,2.50377,-0.868499,1,67.6209,416716,outside_own_roche_hot_not_broken
1600,1408,1,belt_rock,4.2460029196316964E-05,0.997249,4.40541,-0.923331,1,41.7218,494273,outside_own_roche_hot_not_broken
1600,1439,1,belt_rock,3.449798020311295E-05,0.747462,3.19922,-0.932918,1,44.5564,479337,outside_own_roche_hot_not_broken
1600,1446,1,belt_rock,4.113859782316302E-06,0.423967,2.46856,-1.38206,1,98.0801,273825,outside_own_roche_hot_not_broken
1600,1477,1,belt_rock,9.822031920370727E-06,0.488549,2.49662,-0.872131,1,69.969,408847,outside_own_roche_hot_not_broken
1600,1485,1,belt_rock,9.364058502636399E-07,0.954116,7.16182,-0.923252,1,46.9636,472855,outside_own_roche_hot_not_broken
1600,1514,1,belt_rock,4.139488758084119E-06,0.662364,3.83761,-1.16199,1,96.4158,301687,outside_own_roche_hot_not_broken
1600,1544,1,belt_rock,0.00010339274256879358,0.841857,3.30032,-0.879176,1,64.5775,423478,outside_own_roche_hot_not_broken
1600,1564,1,belt_rock,1.151960144485447E-06,0.902064,6.5139,-1.12576,1,58.6465,384192,outside_own_roche_hot_not_broken
1600,1577,1,belt_rock,2.2808939259725985E-05,0.584803,2.61865,-1.16468,1,93.5899,305905,outside_own_roche_hot_not_broken
1600,1643,1,belt_rock,1.314763465869944E-05,0.560523,3.99234,-1.16369,1,72.607,344788,outside_own_roche_hot_not_broken
1600,1649,1,belt_rock,6.835371831378624E-07,0.54828,4.45975,-0.863838,1,63.2801,431553,outside_own_roche_hot_not_broken
1600,1651,1,belt_rock,7.751139618613717E-05,0.882702,3.7555,-0.879688,1,86.2398,364794,outside_own_roche_hot_not_broken
1600,1655,1,belt_rock,7.321869508164544E-05,0.629873,2.68823,-0.938115,1,38.1989,504486,outside_own_roche_hot_not_broken
1600,1716,1,belt_rock,6.689638650994544E-07,0.447751,3.58505,-1.16131,1,63.7084,364798,outside_own_roche_hot_not_broken
1600,1755,1,belt_rock,3.896291783259057E-06,0.771869,4.5183,-1.10828,1,76.8323,345221,outside_own_roche_hot_not_broken
1600,1762,1,belt_rock,1.9837738328615606E-05,0.999906,6.67857,-1.09759,1,89.2781,322625,outside_own_roche_hot_not_broken
1600,1799,1,belt_rock,5.553438913725185E-05,0.83811,3.63587,-0.878455,1,67.8041,413760,outside_own_roche_hot_not_broken
1600,1817,1,belt_rock,5.342541111848468E-06,0.73449,6.12944,-0.853305,1,48.0476,491197,outside_own_roche_hot_not_broken
1600,1840,1,belt_rock,1.3714635215972978E-05,0.50817,2.49729,-1.11603,1,55.5126,394572,outside_own_roche_hot_not_broken
1600,1862,1,belt_rock,3.735788956757335E-05,0.41985,1.87317,-1.17375,1,87.7221,314566,outside_own_roche_hot_not_broken
1600,1898,1,belt_rock,8.135500548414582E-07,0.871789,3.80154,-1.31527,1,71.1984,323842,outside_own_roche_hot_not_broken
1600,1929,1,belt_rock,1.001534770526575E-05,0.314403,2.34758,-1.61653,1,220.13,163491,outside_own_roche_hot_not_broken
1600,1940,1,belt_rock,2.2108686677391142E-05,0.389747,2.5655,-1.35082,1,73.5037,314658,outside_own_roche_hot_not_broken
1600,1944,1,belt_rock,5.675619680170925E-06,0.905792,5.00299,-0.851898,1,59.8266,446420,outside_own_roche_hot_not_broken
1600,1964,1,belt_rock,3.1844806920837496E-05,0.522934,2.36437,-1.103,1,64.3357,374451,outside_own_roche_hot_not_broken
1600,1973,1,belt_rock,6.872929405087166E-05,0.503155,2.15495,-0.871608,1,63.4957,428841,outside_own_roche_hot_not_broken
1600,1999,1,belt_rock,1.694324414204422E-06,0.966892,6.51206,-1.09492,1,56.5667,396310,outside_own_roche_hot_not_broken
1650,13,1,belt_rock,7.301354889356378E-07,0.582176,4.67261,-0.917889,1,45.8291,479054,outside_own_roche_hot_not_broken
1650,59,1,belt_rock,8.636542180844972E-05,0.312922,1.32474,-1.2843,1,120.479,255942,outside_own_roche_hot_not_broken
1650,65,1,belt_rock,8.304769814433225E-05,0.759147,3.01992,-1.31879,1,65.3745,334344,outside_own_roche_hot_not_broken
1650,102,1,belt_rock,6.585818323810552E-07,0.630112,5.16428,-1.096,1,86.1901,328591,outside_own_roche_hot_not_broken
1650,107,1,belt_rock,0.00012006758077576136,0.857603,4.66518,-1.14926,1,81.2964,329792,outside_own_roche_hot_not_broken
1650,116,1,belt_rock,2.224633234259358E-05,0.781905,3.64634,-0.920481,1,29.576,553528,outside_own_roche_hot_not_broken
1650,159,1,belt_rock,1.4827623141554978E-06,0.240084,2.57003,-5.09916,1,73.5986,118647,outside_own_roche_hot_not_broken
1650,186,1,belt_rock,6.577332055508024E-07,0.977908,7.85579,-0.927534,1,49.0559,463514,outside_own_roche_hot_not_broken
1650,188,1,belt_rock,4.1428413283292995E-05,0.714289,3.68182,-1.10074,1,68.8898,364016,outside_own_roche_hot_not_broken
1650,208,1,belt_rock,3.5225574551119366E-06,0.401444,2.39372,-1.14117,1,75.815,341886,outside_own_roche_hot_not_broken
1650,225,1,belt_rock,2.697741149420495E-06,0.729253,2.42474,-0.921926,1,41.934,493846,outside_own_roche_hot_not_broken
1650,245,1,belt_rock,1.484461995818866E-06,0.973833,10.4222,-1.1105,1,63.3803,375325,outside_own_roche_hot_not_broken
1650,246,1,belt_rock,1.158554041804656E-06,0.458627,5.16131,-2.98394,1,1.49212,237845,outside_own_roche_hot_not_broken
1650,264,1,belt_rock,1.2184436880334171E-05,0.919908,4.5782,-0.926491,1,28.9284,554424,outside_own_roche_hot_not_broken
1650,267,1,belt_rock,1.048620642138604E-06,0.863816,6.34759,-1.32038,1,76.0987,314381,outside_own_roche_hot_not_broken
1650,294,1,belt_rock,0.00012308248318356014,0.733787,3.05422,-0.914691,1,28.824,560123,outside_own_roche_hot_not_broken
1650,301,1,belt_rock,0.00011912664104514497,0.943463,3.93225,-0.835048,1,54.194,472174,outside_own_roche_hot_not_broken
1650,312,1,belt_rock,2.4034310794126817E-05,0.499026,2.31132,-1.09019,1,74.7674,352705,outside_own_roche_hot_not_broken
1650,322,1,belt_rock,1.285900527437872E-06,0.413518,4.5559,-1.09824,1,78.3668,343702,outside_own_roche_hot_not_broken
1650,346,1,belt_rock,9.446850949573703E-06,0.860912,4.42294,-0.851805,1,57.9847,452966,outside_own_roche_hot_not_broken
1650,378,1,belt_rock,1.6697455561173104E-06,0.916372,9.57868,-1.34618,1,71.7123,318450,outside_own_roche_hot_not_broken
1650,415,1,belt_rock,3.173377727381647E-05,0.55164,2.49426,-1.34595,1,111.068,261183,outside_own_roche_hot_not_broken
1650,447,1,belt_rock,8.465071302985872E-07,0.735496,5.73001,-0.845664,1,46.8297,499046,outside_own_roche_hot_not_broken
1650,454,1,belt_rock,1.5852134882065105E-05,0.714194,4.93623,-1.14757,1,89.3695,315342,outside_own_roche_hot_not_broken
1650,490,1,belt_rock,4.257850841960174E-05,0.555953,2.45777,-0.82135,1,63.7178,441428,outside_own_roche_hot_not_broken
1650,542,1,belt_rock,1.3475931165840605E-05,0.893474,4.40148,-1.10177,1,52.157,407219,outside_own_roche_hot_not_broken
1650,577,1,belt_rock,2.3206975591906818E-05,0.887951,4.12592,-1.1077,1,87.1661,325017,outside_own_roche_hot_not_broken
1650,593,1,belt_rock,0.0001209477782056034,0.755334,4.1058,-0.840935,1,54.4379,469402,outside_own_roche_hot_not_broken
1650,612,1,belt_rock,2.0418136302480187E-05,0.645106,2.9251,-0.852763,1,68.6239,417495,outside_own_roche_hot_not_broken
1650,628,1,belt_rock,9.341724511972494E-07,0.720758,8.47784,-1.32679,1,73.9607,317217,outside_own_roche_hot_not_broken
1650,651,1,belt_rock,8.148805661071711E-07,0.769076,5.92755,-1.14687,1,57.9839,381560,outside_own_roche_hot_not_broken
1650,662,1,belt_rock,1.2698754398678164E-05,0.921117,4.45588,-1.29446,1,66.1851,336582,outside_own_roche_hot_not_broken
1650,699,1,belt_rock,6.567739579389072E-07,0.751778,6.04095,-1.08323,1,60.2044,389017,outside_own_roche_hot_not_broken
1650,709,1,belt_rock,6.969675955960486E-06,0.626878,4.99431,-1.32866,1,70.6736,322842,outside_own_roche_hot_not_broken
1650,711,1,belt_rock,6.737309371403601E-05,0.607955,2.60682,-0.844605,1,59.7352,448786,outside_own_roche_hot_not_broken
1650,714,1,belt_rock,4.592437645712026E-05,0.789292,4.71951,-1.32966,1,96.2163,282010,outside_own_roche_hot_not_broken
1650,760,1,belt_rock,2.5280033316475228E-05,0.845027,5.45248,-1.10657,1,63.5453,375694,outside_own_roche_hot_not_broken
1650,783,1,belt_rock,5.56541249262284E-05,0.54746,2.37465,-0.845127,1,55.0907,465621,outside_own_roche_hot_not_broken
1650,788,1,belt_rock,2.9536933042162192E-05,0.778754,3.53965,-0.851765,1,56.4294,458633,outside_own_roche_hot_not_broken
1650,789,1,belt_rock,0.00012275117098310706,0.740214,3.08159,-1.13143,1,69.8117,356349,outside_own_roche_hot_not_broken
1650,832,1,belt_rock,4.020570368839026E-06,0.896388,5.23739,-1.54017,1,131.486,224312,outside_own_roche_hot_not_broken
1650,852,1,belt_rock,3.750863628109528E-05,0.862587,3.66431,-1.06926,1,53.3127,411457,outside_own_roche_hot_not_broken
1650,867,1,belt_rock,7.411791933590053E-05,0.659563,2.64522,-1.53823,1,127.249,228248,outside_own_roche_hot_not_broken
1650,908,1,belt_rock,5.0262885067748746E-05,0.68355,2.82629,-1.12653,1,42.8906,429522,outside_own_roche_hot_not_broken
1650,945,1,belt_rock,0.0001221478665750242,0.765686,4.16119,-1.6898,1,186.868,177401,outside_own_roche_hot_not_broken
1650,953,1,belt_rock,0.00010193446584013745,0.674881,3.7211,-0.847666,1,57.8285,454722,outside_own_roche_hot_not_broken
1650,962,1,belt_rock,1.3620312997759259E-05,0.789082,3.87461,-0.916595,1,45.5679,480524,outside_own_roche_hot_not_broken
1650,967,1,belt_rock,2.6560160660523208E-05,0.621041,2.73194,-0.91711,1,42.9543,491150,outside_own_roche_hot_not_broken
1650,973,1,belt_rock,9.59855382994985E-07,0.433791,3.24097,-1.09396,1,68.2932,366678,outside_own_roche_hot_not_broken
1650,975,1,belt_rock,3.080101672853503E-05,0.87495,1.95379,-1.15178,1,59.9974,375523,outside_own_roche_hot_not_broken
1650,977,1,belt_rock,3.6016924596942088E-06,0.642949,5.79058,-0.917241,1,37.3675,515881,outside_own_roche_hot_not_broken
1650,980,1,belt_rock,8.7762368768501E-07,0.480505,2.04555,-1.0975,1,71.1774,359372,outside_own_roche_hot_not_broken
1650,1003,1,belt_rock,5.271623584532397E-05,0.826975,3.60166,-1.35777,1,95.3853,280049,outside_own_roche_hot_not_broken
1650,1035,1,belt_rock,2.2275869411477764E-06,0.643827,4.13606,-1.08485,1,56.8664,397706,outside_own_roche_hot_not_broken
1650,1070,1,belt_rock,6.750423070272806E-07,0.897457,11.2939,-1.55744,1,228.938,161603,outside_own_roche_hot_not_broken
1650,1071,1,belt_rock,7.377244878524375E-05,0.698578,2.98021,-0.917283,1,31.4531,544968,outside_own_roche_hot_not_broken
1650,1100,1,belt_rock,1.968610202192028E-05,0.622394,2.94047,-1.0929,1,55.2892,400306,outside_own_roche_hot_not_broken
1650,1109,1,belt_rock,1.2438748069170338E-06,0.859025,6.11609,-0.908335,1,42.8128,494738,outside_own_roche_hot_not_broken
1650,1202,1,belt_rock,0.00012296240938349028,0.739031,3.07657,-1.14655,1,58.8117,379525,outside_own_roche_hot_not_broken
1650,1208,1,belt_rock,6.958514882627006E-07,0.603087,7.54142,-0.917543,1,42.6513,492286,outside_own_roche_hot_not_broken
1650,1231,1,belt_rock,0.00010271548694016204,0.980549,4.11454,-1.11525,1,44.914,425932,outside_own_roche_hot_not_broken
1650,1252,1,belt_rock,5.9622430530962124E-05,0.703951,3.04096,-1.0854,1,92.1673,319175,outside_own_roche_hot_not_broken
1650,1255,1,belt_rock,1.8594550238212058E-06,0.734535,2.63714,-0.914381,1,28.7238,560810,outside_own_roche_hot_not_broken
1650,1295,1,belt_rock,2.588496501680819E-06,0.614718,3.85122,-1.30831,1,88.5945,295624,outside_own_roche_hot_not_broken
1650,1317,1,belt_rock,7.139985776542619E-05,0.61387,2.62447,-1.34714,1,158.092,214893,outside_own_roche_hot_not_broken
1650,1352,1,belt_rock,1.7713233526287838E-06,0.431053,2.88059,-1.1005,1,83.543,332970,outside_own_roche_hot_not_broken
1650,1408,1,belt_rock,4.2460029196316964E-05,0.612908,2.70756,-0.919772,1,42.0064,494273,outside_own_roche_hot_not_broken
1650,1435,1,belt_rock,1.0920348475348742E-06,0.553934,4.03983,-1.0936,1,92.5752,317289,outside_own_roche_hot_not_broken
1650,1439,1,belt_rock,3.449798020311295E-05,0.762639,3.26418,-0.92595,1,45.1135,479338,outside_own_roche_hot_not_broken
1650,1446,1,belt_rock,4.113859782316302E-06,0.928025,5.40345,-1.36263,1,99.6357,273823,outside_own_roche_hot_not_broken
1650,1485,1,belt_rock,9.364058502636399E-07,0.597323,4.48364,-0.9179,1,47.3919,472855,outside_own_roche_hot_not_broken
1650,1512,1,belt_rock,2.4992053015998232E-05,0.763387,3.52118,-0.911687,1,31.6685,546178,outside_own_roche_hot_not_broken
1650,1514,1,belt_rock,4.139488758084119E-06,0.747203,4.32915,-1.14938,1,97.4255,301686,outside_own_roche_hot_not_broken
1650,1574,1,belt_rock,6.153870205146155E-05,0.935698,5.41698,-1.51785,1,200.294,177582,outside_own_roche_hot_not_broken
1650,1577,1,belt_rock,2.2808939259725985E-05,0.818078,3.66321,-1.15119,1,94.6703,305904,outside_own_roche_hot_not_broken
1650,1616,1,belt_rock,5.75807380610996E-06,0.695739,3.84017,-1.08575,1,97.7426,309487,outside_own_roche_hot_not_broken
1650,1627,1,belt_rock,2.851538515269608E-06,0.713584,2.35623,-1.30695,1,64.7849,337379,outside_own_roche_hot_not_broken
1650,1640,1,belt_rock,8.69927307519916E-05,0.281787,1.57704,-1.34549,1,191.068,191265,outside_own_roche_hot_not_broken
1650,1649,1,belt_rock,6.835371831378624E-07,0.957448,7.78797,-0.855746,1,63.9269,431555,outside_own_roche_hot_not_broken
1650,1660,1,belt_rock,9.657958129205824E-05,0.974697,5.40034,-1.07597,1,71.6582,362200,outside_own_roche_hot_not_broken
1650,1691,1,belt_rock,2.3816228147703187E-05,0.646167,2.99734,-1.33172,1,76.5764,312003,outside_own_roche_hot_not_broken
1650,1700,1,belt_rock,3.268397427669105E-06,0.591544,3.5696,-1.13701,1,62.8103,371541,outside_own_roche_hot_not_broken
1650,1755,1,belt_rock,3.896291783259057E-06,0.632724,3.70378,-1.09653,1,77.7713,345222,outside_own_roche_hot_not_broken
1650,1756,1,belt_rock,1.2428109523364325E-05,0.993562,4.94455,-1.51129,1,147.478,212877,outside_own_roche_hot_not_broken
1650,1762,1,belt_rock,1.9837738328615606E-05,0.412907,2.75788,-1.08306,1,90.4393,322628,outside_own_roche_hot_not_broken
1650,1817,1,belt_rock,5.342541111848468E-06,0.795786,6.64097,-0.846324,1,48.6063,491196,outside_own_roche_hot_not_broken
1650,1836,1,belt_rock,3.208823167873846E-05,0.964495,4.35498,-1.12525,1,90.0025,317360,outside_own_roche_hot_not_broken
1650,1840,1,belt_rock,1.3714635215972978E-05,0.938744,4.61325,-1.10833,1,56.1277,394575,outside_own_roche_hot_not_broken
1650,1862,1,belt_rock,3.735788956757335E-05,0.97443,4.34743,-1.15827,1,88.9618,314564,outside_own_roche_hot_not_broken
1650,1883,1,belt_rock,2.690191475025211E-06,0.755169,2.51528,-1.08301,1,93.723,316760,outside_own_roche_hot_not_broken
1650,1898,1,belt_rock,8.135500548414582E-07,0.487429,2.12549,-1.30189,1,72.2678,323843,outside_own_roche_hot_not_broken
1650,1921,1,belt_rock,7.733225181912572E-05,0.416807,1.66598,-1.14571,1,76.8021,339146,outside_own_roche_hot_not_broken
1650,1944,1,belt_rock,5.675619680170925E-06,0.59829,3.30456,-0.843701,1,60.4822,446421,outside_own_roche_hot_not_broken
1650,1957,1,belt_rock,4.546050945647867E-05,0.758993,3.16635,-1.33423,1,130.436,240887,outside_own_roche_hot_not_broken
1650,1999,1,belt_rock,1.694324414204422E-06,0.496342,3.34288,-1.08818,1,57.1057,396311,outside_own_roche_hot_not_broken
1700,14,1,belt_rock,2.8671295820214597E-05,0.514211,2.34479,-1.28577,1,83.4382,306668,outside_own_roche_hot_not_broken
1700,21,1,belt_rock,8.02216323041789E-05,0.751156,3.19045,-1.11095,1,81.3423,335641,outside_own_roche_hot_not_broken
1700,65,1,belt_rock,8.304769814433225E-05,0.59973,2.38575,-1.30716,1,66.3059,334343,outside_own_roche_hot_not_broken
1700,92,1,belt_rock,5.359511451581255E-05,0.898935,3.69609,-1.05556,1,78.4833,350658,outside_own_roche_hot_not_broken
1700,121,1,belt_rock,1.7787957704379382E-06,0.524613,5.41499,-1.68518,1,189.373,176232,outside_own_roche_hot_not_broken
1700,130,1,belt_rock,0.00011923515915837287,0.705014,3.83825,-0.80074,1,52.1721,491538,outside_own_roche_hot_not_broken
1700,137,1,belt_rock,5.23691460203839E-05,0.709757,2.92408,-1.10899,1,57.4286,390920,outside_own_roche_hot_not_broken
1700,159,1,belt_rock,1.4827623141554978E-06,0.301256,3.22486,-5.1223,1,71.7477,118647,outside_own_roche_hot_not_broken
1700,177,1,belt_rock,1.0654382583018515E-05,0.263348,1.94507,-1.55792,1,181.57,186583,outside_own_roche_hot_not_broken
1700,246,1,belt_rock,1.158554041804656E-06,0.487091,5.48165,-2.98698,1,1.24856,237845,outside_own_roche_hot_not_broken
1700,267,1,belt_rock,1.048620642138604E-06,0.494416,3.63313,-1.3063,1,77.2263,314379,outside_own_roche_hot_not_broken
1700,290,1,belt_rock,4.489785357970836E-06,0.643793,3.69982,-1.31221,1,110.399,265267,outside_own_roche_hot_not_broken
1700,294,1,belt_rock,0.00012308248318356014,0.964337,4.01383,-0.911728,1,29.0614,560121,outside_own_roche_hot_not_broken
1700,301,1,belt_rock,0.00011912664104514497,0.600769,2.50394,-0.828476,1,54.7194,472176,outside_own_roche_hot_not_broken
1700,326,1,belt_rock,3.1513526798221505E-06,0.976978,5.9286,-1.1,1,61.6746,381708,outside_own_roche_hot_not_broken
1700,343,1,belt_rock,3.0129983879800577E-05,0.745131,3.38083,-0.823832,1,55.3358,471222,outside_own_roche_hot_not_broken
1700,353,1,belt_rock,0.00010428079226531032,0.881365,3.69637,-1.0409,1,53.8574,416628,outside_own_roche_hot_not_broken
1700,362,1,belt_rock,2.675046522657254E-05,0.861259,3.78803,-1.2685,1,103.95,278110,outside_own_roche_hot_not_broken
1700,383,1,belt_rock,3.517047758622054E-05,0.611571,3.77561,-1.06689,1,92.5383,321167,outside_own_roche_hot_not_broken
1700,413,1,belt_rock,2.2892555462876223E-05,0.63254,2.94104,-0.899873,1,40.3309,508652,outside_own_roche_hot_not_broken
1700,415,1,belt_rock,3.173377727381647E-05,0.83719,3.78539,-1.33071,1,112.288,261181,outside_own_roche_hot_not_broken
1700,436,1,belt_rock,4.1316308939108164E-05,0.451324,1.99829,-1.07107,1,76.5429,352170,outside_own_roche_hot_not_broken
1700,490,1,belt_rock,4.257850841960174E-05,0.964295,4.26298,-0.813489,1,64.346,441430,outside_own_roche_hot_not_broken
1700,516,1,belt_rock,3.212833715590032E-05,0.896556,4.04626,-0.819189,1,53.6829,479224,outside_own_roche_hot_not_broken
1700,593,1,belt_rock,0.0001209477782056034,0.750895,4.08167,-0.832997,1,55.0731,469401,outside_own_roche_hot_not_broken
1700,613,1,belt_rock,1.947078259004743E-05,0.796844,5.33483,-0.811159,1,26.8948,622439,outside_own_roche_hot_not_broken
1700,616,1,belt_rock,8.18217879601421E-06,0.898757,4.7051,-0.888499,1,36.2185,532460,outside_own_roche_hot_not_broken
1700,617,1,belt_rock,5.557504651305043E-05,0.60177,2.61027,-0.89872,1,44.1134,492472,outside_own_roche_hot_not_broken
1700,628,1,belt_rock,9.341724511972494E-07,0.641818,7.54932,-1.3148,1,74.921,317216,outside_own_roche_hot_not_broken
1700,662,1,belt_rock,1.2698754398678164E-05,0.452172,2.18737,-1.28297,1,67.1051,336581,outside_own_roche_hot_not_broken
1700,665,1,belt_rock,1.7712067367314725E-05,0.518306,2.39487,-1.28273,1,68.064,334728,outside_own_roche_hot_not_broken
1700,677,1,belt_rock,9.313458935218855E-06,0.849061,4.37591,-1.10238,1,49.889,413764,outside_own_roche_hot_not_broken
1700,691,1,belt_rock,2.0449783241310703E-05,0.743217,3.49348,-0.894683,1,37.869,522023,outside_own_roche_hot_not_broken
1700,699,1,belt_rock,6.567739579389072E-07,0.6636,5.33239,-1.07324,1,61.0037,389018,outside_own_roche_hot_not_broken
1700,709,1,belt_rock,6.969675955960486E-06,0.733328,5.84239,-1.31678,1,71.6247,322841,outside_own_roche_hot_not_broken
1700,711,1,belt_rock,6.737309371403601E-05,0.89677,3.84522,-0.836364,1,60.3944,448787,outside_own_roche_hot_not_broken
1700,713,1,belt_rock,0.00012781152288710647,0.886411,4.79843,-1.29902,1,98.153,282728,outside_own_roche_hot_not_broken
1700,714,1,belt_rock,4.592437645712026E-05,0.589875,3.52711,-1.31598,1,97.3118,282008,outside_own_roche_hot_not_broken
1700,733,1,belt_rock,2.8715917437901265E-05,0.883608,5.60117,-1.10471,1,76.4252,346672,outside_own_roche_hot_not_broken
1700,737,1,belt_rock,3.595797832041322E-06,0.914044,5.43283,-0.885071,1,24.5065,599421,outside_own_roche_hot_not_broken
1700,762,1,belt_rock,8.032954721561723E-07,0.793876,6.25022,-1.10789,1,70.0023,360152,outside_own_roche_hot_not_broken
1700,789,1,belt_rock,0.00012275117098310706,0.658955,2.7433,-1.1203,1,70.7029,356348,outside_own_roche_hot_not_broken
1700,831,1,belt_rock,1.2383923654359916E-05,0.503118,3.62256,-1.05736,1,53.4755,413807,outside_own_roche_hot_not_broken
1700,852,1,belt_rock,3.750863628109528E-05,0.579976,2.46376,-1.06064,1,54.0017,411457,outside_own_roche_hot_not_broken
1700,877,1,belt_rock,9.775472823076994E-05,0.705995,2.77741,-0.897975,1,31.447,553151,outside_own_roche_hot_not_broken
1700,908,1,belt_rock,5.0262885067748746E-05,0.75387,3.11705,-1.11872,1,43.5159,429522,outside_own_roche_hot_not_broken
1700,942,1,belt_rock,1.0090235419802254E-05,0.941976,7.00343,-0.816159,1,56.7119,468278,outside_own_roche_hot_not_broken
1700,945,1,belt_rock,0.0001221478665750242,0.672854,3.65668,-1.67697,1,187.893,177401,outside_own_roche_hot_not_broken
1700,946,1,belt_rock,6.641336644213822E-07,0.984762,7.89592,-0.81731,1,54.993,474607,outside_own_roche_hot_not_broken
1700,967,1,belt_rock,2.6560160660523208E-05,0.957887,4.21371,-0.912451,1,43.3274,491149,outside_own_roche_hot_not_broken
1700,980,1,belt_rock,8.7762368768501E-07,0.939012,3.99744,-1.08608,1,72.0901,359375,outside_own_roche_hot_not_broken
1700,995,1,belt_rock,0.00010309973217817811,0.456716,1.91604,-1.11618,1,60.9287,380316,outside_own_roche_hot_not_broken
1700,1028,1,belt_rock,1.9467089848577998E-05,0.365473,1.72989,-1.51776,1,113.89,242794,outside_own_roche_hot_not_broken
1700,1109,1,belt_rock,1.2438748069170338E-06,0.684444,4.87311,-0.902209,1,43.3024,494740,outside_own_roche_hot_not_broken
1700,1120,1,belt_rock,4.190881114964229E-05,0.389263,1.72167,-1.06148,1,90.0983,326438,outside_own_roche_hot_not_broken
1700,1149,1,belt_rock,6.999064995170157E-07,0.655394,5.20167,-1.28831,1,56.9563,357029,outside_own_roche_hot_not_broken
1700,1164,1,belt_rock,6.566807129580454E-07,0.568175,7.19154,-0.828743,1,56.545,465077,outside_own_roche_hot_not_broken
1700,1196,1,belt_rock,1.366567103256755E-06,0.581991,4.07325,-1.05967,1,49.9751,423989,outside_own_roche_hot_not_broken
1700,1200,1,belt_rock,6.624167436905334E-07,0.996742,8.15946,-1.48342,1,178.207,192441,outside_own_roche_hot_not_broken
1700,1211,1,belt_rock,3.9427931333678005E-06,0.554392,3.24882,-1.31496,1,91.2229,290867,outside_own_roche_hot_not_broken
1700,1227,1,belt_rock,1.112515499055423E-05,0.510332,2.57217,-1.32271,1,128.664,243654,outside_own_roche_hot_not_broken
1700,1229,1,belt_rock,2.981439456329362E-05,0.225706,1.1815,-1.48452,1,167.26,199748,outside_own_roche_hot_not_broken
1700,1231,1,belt_rock,0.00010271548694016204,0.533383,2.23816,-1.11142,1,45.2219,425928,outside_own_roche_hot_not_broken
1700,1252,1,belt_rock,5.9622430530962124E-05,0.714464,3.08637,-1.0732,1,93.1426,319176,outside_own_roche_hot_not_broken
1700,1255,1,belt_rock,1.8594550238212058E-06,0.965638,3.46684,-0.911444,1,28.959,560809,outside_own_roche_hot_not_broken
1700,1269,1,belt_rock,9.321141118388653E-06,0.981889,7.40046,-0.81496,1,56.8639,468064,outside_own_roche_hot_not_broken
1700,1292,1,belt_rock,1.5826515853868674E-06,0.868215,9.17309,-1.10679,1,81.1423,336695,outside_own_roche_hot_not_broken
1700,1295,1,belt_rock,2.588496501680819E-06,0.762856,4.7793,-1.29536,1,89.6296,295626,outside_own_roche_hot_not_broken
1700,1303,1,belt_rock,8.922052498361078E-07,0.965229,7.31189,-0.887096,1,34.1957,543270,outside_own_roche_hot_not_broken
1700,1352,1,belt_rock,1.7713233526287838E-06,0.984074,6.57626,-1.08697,1,84.6243,332973,outside_own_roche_hot_not_broken
1700,1369,1,belt_rock,3.433948380886606E-05,0.990353,4.44593,-0.80373,1,34.1482,580336,outside_own_roche_hot_not_broken
1700,1399,1,belt_rock,8.005162457164477E-05,0.369139,1.56837,-1.3273,1,95.9218,282684,outside_own_roche_hot_not_broken
1700,1435,1,belt_rock,1.0920348475348742E-06,0.858363,6.26002,-1.07967,1,93.6883,317291,outside_own_roche_hot_not_broken
1700,1445,1,belt_rock,6.3907314613297145E-06,0.714533,3.89134,-1.30221,1,73.8502,320918,outside_own_roche_hot_not_broken
1700,1471,1,belt_rock,9.762145950511814E-05,0.448353,1.88572,-1.07476,1,77.6858,349076,outside_own_roche_hot_not_broken
1700,1503,1,belt_rock,0.00011086450836439259,0.741305,3.09925,-0.894357,1,38.4669,519310,outside_own_roche_hot_not_broken
1700,1512,1,belt_rock,2.4992053015998232E-05,0.86434,3.98684,-0.907341,1,32.0159,546179,outside_own_roche_hot_not_broken
1700,1574,1,belt_rock,6.153870205146155E-05,0.49341,2.85647,-1.4972,1,201.943,177584,outside_own_roche_hot_not_broken
1700,1600,1,belt_rock,4.2548236559804045E-06,0.563101,3.25578,-0.829366,1,54.8447,471410,outside_own_roche_hot_not_broken
1700,1616,1,belt_rock,5.75807380610996E-06,0.727374,4.01478,-1.07334,1,98.7344,309488,outside_own_roche_hot_not_broken
1700,1622,1,belt_rock,1.0315388663129851E-05,0.741714,3.77284,-1.27409,1,104.181,277195,outside_own_roche_hot_not_broken
1700,1626,1,belt_rock,2.895732438281332E-05,0.438999,2.78132,-1.28494,1,66.9059,336663,outside_own_roche_hot_not_broken
1700,1627,1,belt_rock,2.851538515269608E-06,0.648214,2.14038,-1.29567,1,65.6885,337378,outside_own_roche_hot_not_broken
1700,1660,1,belt_rock,9.657958129205824E-05,0.458987,2.54303,-1.06572,1,72.4776,362203,outside_own_roche_hot_not_broken
1700,1691,1,belt_rock,2.3816228147703187E-05,0.717959,3.33035,-1.3196,1,77.5469,312002,outside_own_roche_hot_not_broken
1700,1700,1,belt_rock,3.268397427669105E-06,0.810723,4.89221,-1.1263,1,63.6676,371540,outside_own_roche_hot_not_broken
1700,1756,1,belt_rock,1.2428109523364325E-05,0.343456,1.70924,-1.47684,1,150.233,212878,outside_own_roche_hot_not_broken
1700,1836,1,belt_rock,3.208823167873846E-05,0.436634,1.97153,-1.10952,1,91.2625,317357,outside_own_roche_hot_not_broken
1700,1860,1,belt_rock,0.0001263064893371383,0.511593,1.98233,-1.07249,1,71.0076,364346,outside_own_roche_hot_not_broken
1700,1883,1,belt_rock,2.690191475025211E-06,0.664083,2.21189,-1.0706,1,94.7153,316762,outside_own_roche_hot_not_broken
1700,1904,1,belt_rock,3.399896616522103E-06,0.500604,1.59298,-1.28785,1,93.5177,290681,outside_own_roche_hot_not_broken
1700,1928,1,belt_rock,8.250432351557567E-07,0.423507,5.11122,-1.07499,1,80.8859,342344,outside_own_roche_hot_not_broken
1700,1957,1,belt_rock,4.546050945647867E-05,0.664895,2.77379,-1.32102,1,131.494,240885,outside_own_roche_hot_not_broken
1700,1981,1,belt_rock,1.7718268023598462E-06,0.927921,6.2007,-1.65973,1,204.457,169413,outside_own_roche_hot_not_broken
1700,2006,1,belt_rock,7.872272735644288E-05,0.769191,4.34435,-0.797541,1,59.4505,463533,outside_own_roche_hot_not_broken
1750,14,1,belt_rock,2.8671295820214597E-05,0.856134,3.90395,-1.27129,1,84.5949,306670,outside_own_roche_hot_not_broken
1750,21,1,belt_rock,8.02216323041789E-05,0.654973,2.78193,-1.09905,1,82.2951,335639,outside_own_roche_hot_not_broken
1750,92,1,belt_rock,5.359511451581255E-05,0.517844,2.12918,-1.04278,1,79.5049,350660,outside_own_roche_hot_not_broken
1750,93,1,belt_rock,9.022527107260299E-07,0.577156,4.36284,-1.44498,1,77.5517,295792,outside_own_roche_hot_not_broken
1750,101,1,belt_rock,2.4848435860729646E-05,0.611949,3.95719,-1.09208,1,51.3562,411845,outside_own_roche_hot_not_broken
1750,121,1,belt_rock,1.7787957704379382E-06,0.885957,9.14475,-1.66729,1,190.808,176230,outside_own_roche_hot_not_broken
1750,130,1,belt_rock,0.00011923515915837287,0.832432,4.53194,-0.793534,1,52.7489,491537,outside_own_roche_hot_not_broken
1750,137,1,belt_rock,5.23691460203839E-05,0.701132,2.88854,-1.09921,1,58.2116,390919,outside_own_roche_hot_not_broken
1750,159,1,belt_rock,1.4827623141554978E-06,0.345365,3.69703,-5.13458,1,70.7654,118647,outside_own_roche_hot_not_broken
1750,229,1,belt_rock,8.754406789208803E-05,0.788374,3.33296,-0.806753,1,53.231,485111,outside_own_roche_hot_not_broken
1750,233,1,belt_rock,1.4467493759346776E-05,0.798788,3.89829,-1.08602,1,56.5667,398278,outside_own_roche_hot_not_broken
1750,246,1,belt_rock,1.158554041804656E-06,0.451869,5.08526,-2.98401,1,1.48604,237845,outside_own_roche_hot_not_broken
1750,281,1,belt_rock,2.0010791466914495E-05,0.56756,3.7858,-1.04775,1,73.1896,363877,outside_own_roche_hot_not_broken
1750,290,1,belt_rock,4.489785357970836E-06,0.758641,4.35985,-1.29899,1,111.458,265266,outside_own_roche_hot_not_broken
1750,311,1,belt_rock,5.6319548543963576E-05,0.419961,1.7206,-1.25881,1,67.4594,339740,outside_own_roche_hot_not_broken
1750,326,1,belt_rock,3.1513526798221505E-06,0.474802,2.88124,-1.09254,1,62.2732,381703,outside_own_roche_hot_not_broken
1750,343,1,belt_rock,3.0129983879800577E-05,0.764692,3.46958,-0.815867,1,55.9733,471221,outside_own_roche_hot_not_broken
1750,353,1,belt_rock,0.00010428079226531032,0.573039,2.40328,-1.03255,1,54.5255,416629,outside_own_roche_hot_not_broken
1750,362,1,belt_rock,2.675046522657254E-05,0.52668,2.31647,-1.25278,1,105.206,278112,outside_own_roche_hot_not_broken
1750,383,1,belt_rock,3.517047758622054E-05,0.808153,4.98923,-1.05401,1,93.5669,321169,outside_own_roche_hot_not_broken
1750,413,1,belt_rock,2.2892555462876223E-05,0.995536,4.62882,-0.896386,1,40.6104,508649,outside_own_roche_hot_not_broken
1750,416,1,belt_rock,3.2229514414788686E-06,0.700603,6.44308,-1.04172,1,78.531,352954,outside_own_roche_hot_not_broken
1750,436,1,belt_rock,4.1316308939108164E-05,0.976929,4.32547,-1.05945,1,77.4705,352175,outside_own_roche_hot_not_broken
1750,516,1,belt_rock,3.212833715590032E-05,0.639926,2.88806,-0.812092,1,54.2504,479225,outside_own_roche_hot_not_broken
1750,557,1,belt_rock,2.8903420137898514E-06,0.402613,2.47733,-1.09925,1,78.8962,342444,outside_own_roche_hot_not_broken
1750,558,1,belt_rock,2.542364504752751E-06,0.889634,5.59015,-1.08257,1,60.5497,388244,outside_own_roche_hot_not_broken
1750,616,1,belt_rock,8.18217879601421E-06,0.71266,3.73086,-0.883849,1,36.5899,532463,outside_own_roche_hot_not_broken
1750,665,1,belt_rock,1.7712067367314725E-05,0.849418,3.9248,-1.27022,1,69.0638,334730,outside_own_roche_hot_not_broken
1750,677,1,belt_rock,9.313458935218855E-06,0.58928,3.03705,-1.09406,1,50.5545,413762,outside_own_roche_hot_not_broken
1750,691,1,belt_rock,2.0449783241310703E-05,0.834593,3.92299,-0.889248,1,38.3034,522025,outside_own_roche_hot_not_broken
1750,713,1,belt_rock,0.00012781152288710647,0.486153,2.63171,-1.28229,1,99.493,282726,outside_own_roche_hot_not_broken
1750,719,1,belt_rock,2.5825135170275426E-06,0.763365,2.5667,-1.28034,1,101.414,280278,outside_own_roche_hot_not_broken
1750,733,1,belt_rock,2.8715917437901265E-05,0.522024,3.3091,-1.09199,1,77.4439,346669,outside_own_roche_hot_not_broken
1750,737,1,belt_rock,3.595797832041322E-06,0.832666,4.94914,-0.882102,1,24.7431,599427,outside_own_roche_hot_not_broken
1750,746,1,belt_rock,1.1577928619974147E-06,0.508946,3.67173,-1.04339,1,61.0472,395327,outside_own_roche_hot_not_broken
1750,762,1,belt_rock,8.032954721561723E-07,0.61061,4.80736,-1.09658,1,70.9076,360150,outside_own_roche_hot_not_broken
1750,818,1,belt_rock,7.107285329517042E-05,0.732825,2.94702,-1.04019,1,66.6333,381267,outside_own_roche_hot_not_broken
1750,877,1,belt_rock,9.775472823076994E-05,0.99949,3.93203,-0.895312,1,31.6604,553148,outside_own_roche_hot_not_broken
1750,917,1,belt_rock,4.57358020391227E-05,0.441276,2.63885,-1.04272,1,74.1046,362693,outside_own_roche_hot_not_broken
1750,919,1,belt_rock,1.1980447378416672E-05,0.975483,4.74347,-0.800019,1,51.7446,493599,outside_own_roche_hot_not_broken
1750,920,1,belt_rock,0.00011067609374225573,0.419706,1.75507,-1.04821,1,74.885,359905,outside_own_roche_hot_not_broken
1750,942,1,belt_rock,1.0090235419802254E-05,0.597651,4.44344,-0.809183,1,57.2694,468281,outside_own_roche_hot_not_broken
1750,946,1,belt_rock,6.641336644213822E-07,0.581702,4.66415,-0.811554,1,55.4528,474609,outside_own_roche_hot_not_broken
1750,998,1,belt_rock,2.452544289854962E-05,0.975331,4.50558,-0.801212,1,47.7921,510614,outside_own_roche_hot_not_broken
1750,1028,1,belt_rock,1.9467089848577998E-05,0.961157,4.54943,-1.49178,1,115.971,242791,outside_own_roche_hot_not_broken
1750,1032,1,belt_rock,3.2133994759622797E-06,0.625123,3.78347,-1.28221,1,75.5155,320800,outside_own_roche_hot_not_broken
1750,1047,1,belt_rock,1.1729322602406433E-06,0.883693,9.91993,-1.27067,1,76.9859,319818,outside_own_roche_hot_not_broken
1750,1124,1,belt_rock,2.360064999676318E-05,0.624189,1.44214,-1.02746,1,61.3663,397959,outside_own_roche_hot_not_broken
1750,1145,1,belt_rock,1.921433458680903E-05,0.725136,3.42967,-0.810065,1,51.0455,493153,outside_own_roche_hot_not_broken
1750,1149,1,belt_rock,6.999064995170157E-07,0.710696,5.64058,-1.27781,1,57.7969,357028,outside_own_roche_hot_not_broken
1750,1164,1,belt_rock,6.566807129580454E-07,0.989388,12.5229,-0.822847,1,57.0165,465078,outside_own_roche_hot_not_broken
1750,1194,1,belt_rock,1.2651099005388968E-05,0.838841,6.01384,-1.27788,1,130.466,245523,outside_own_roche_hot_not_broken
1750,1196,1,belt_rock,1.366567103256755E-06,0.87706,6.13838,-1.05188,1,50.5978,423992,outside_own_roche_hot_not_broken
1750,1200,1,belt_rock,6.624167436905334E-07,0.378139,3.09549,-1.45052,1,180.835,192444,outside_own_roche_hot_not_broken
1750,1203,1,belt_rock,1.5045700219160083E-06,0.72602,7.74904,-1.08121,1,37.6489,460203,outside_own_roche_hot_not_broken
1750,1211,1,belt_rock,3.9427931333678005E-06,0.819978,4.80519,-1.30078,1,92.3582,290866,outside_own_roche_hot_not_broken
1750,1224,1,belt_rock,7.171111048297164E-07,0.398335,3.14661,-1.04151,1,84.0013,341450,outside_own_roche_hot_not_broken
1750,1227,1,belt_rock,1.112515499055423E-05,0.892099,4.49635,-1.30507,1,130.077,243652,outside_own_roche_hot_not_broken
1750,1269,1,belt_rock,9.321141118388653E-06,0.575149,4.33488,-0.808812,1,57.3549,468067,outside_own_roche_hot_not_broken
1750,1286,1,belt_rock,7.189266060056848E-06,0.606191,3.24707,-1.02665,1,75.7391,361891,outside_own_roche_hot_not_broken
1750,1292,1,belt_rock,1.5826515853868674E-06,0.535949,5.66255,-1.09359,1,82.199,336692,outside_own_roche_hot_not_broken
1750,1303,1,belt_rock,8.922052498361078E-07,0.696803,5.27848,-0.883598,1,34.475,543273,outside_own_roche_hot_not_broken
1750,1324,1,belt_rock,6.783388779822037E-07,0.701426,5.60098,-0.810952,1,50.5457,494985,outside_own_roche_hot_not_broken
1750,1341,1,belt_rock,1.5725995585038536E-05,0.769715,3.71904,-0.879132,1,25.6448,595279,outside_own_roche_hot_not_broken
1750,1369,1,belt_rock,3.433948380886606E-05,0.733464,3.29269,-0.800624,1,34.3966,580337,outside_own_roche_hot_not_broken
1750,1399,1,belt_rock,8.005162457164477E-05,0.991002,4.21049,-1.30872,1,97.4102,282681,outside_own_roche_hot_not_broken
1750,1445,1,belt_rock,6.3907314613297145E-06,0.652587,3.55398,-1.29033,1,74.8018,320916,outside_own_roche_hot_not_broken
1750,1455,1,belt_rock,0.00010187493537486585,0.599895,2.51766,-0.813339,1,51.3142,490904,outside_own_roche_hot_not_broken
1750,1466,1,belt_rock,4.087745587413839E-06,0.62875,5.52458,-0.810436,1,55.5456,474596,outside_own_roche_hot_not_broken
1750,1471,1,belt_rock,9.762145950511814E-05,0.977685,4.11203,-1.06283,1,78.6382,349081,outside_own_roche_hot_not_broken
1750,1503,1,belt_rock,0.00011086450836439259,0.831724,3.47728,-0.888811,1,38.9102,519312,outside_own_roche_hot_not_broken
1750,1508,1,belt_rock,1.3432360486625381E-05,0.761931,3.74702,-0.876787,1,28.054,581812,outside_own_roche_hot_not_broken
1750,1513,1,belt_rock,3.2010068609318657E-06,0.538857,3.26183,-1.03594,1,47.8667,436985,outside_own_roche_hot_not_broken
1750,1520,1,belt_rock,2.34262567118865E-05,0.403514,1.87303,-1.10054,1,79.7974,340394,outside_own_roche_hot_not_broken
1750,1533,1,belt_rock,8.14893470761004E-07,0.657827,5.07009,-1.25175,1,94.199,293982,outside_own_roche_hot_not_broken
1750,1585,1,belt_rock,0.00013149814973096468,0.933072,3.87293,-0.803995,1,50.0847,499388,outside_own_roche_hot_not_broken
1750,1591,1,belt_rock,3.560392368572573E-06,0.212078,1.26247,-1.73725,1,226.942,156132,outside_own_roche_hot_not_broken
1750,1593,1,belt_rock,3.2156827422358834E-05,0.72764,3.28914,-0.78305,1,86.7554,382412,outside_own_roche_hot_not_broken
1750,1597,1,belt_rock,1.2169047056815909E-05,0.414595,2.06453,-1.05139,1,81.1235,345763,outside_own_roche_hot_not_broken
1750,1622,1,belt_rock,1.0315388663129851E-05,0.659159,3.35292,-1.26113,1,105.216,277197,outside_own_roche_hot_not_broken
1750,1626,1,belt_rock,2.895732438281332E-05,0.9421,5.96876,-1.27401,1,67.7784,336667,outside_own_roche_hot_not_broken
1750,1629,1,belt_rock,2.057579677528129E-05,0.551856,2.59403,-1.04859,1,76.4218,356387,outside_own_roche_hot_not_broken
1750,1646,1,belt_rock,2.9863563136181636E-05,0.688471,2.99165,-1.04234,1,71.6598,368483,outside_own_roche_hot_not_broken
1750,1710,1,belt_rock,1.118385335029651E-06,0.578739,6.56017,-1.46717,1,104.715,257250,outside_own_roche_hot_not_broken
1750,1736,1,belt_rock,3.1383295684367284E-05,0.928083,4.01181,-1.03306,1,73.4994,365894,outside_own_roche_hot_not_broken
1750,1769,1,belt_rock,6.987905178877002E-05,0.687955,2.94348,-0.879115,1,38.5332,524810,outside_own_roche_hot_not_broken
1750,1779,1,belt_rock,6.704917353064949E-06,0.595525,1.67018,-1.04654,1,78.2283,352773,outside_own_roche_hot_not_broken
1750,1780,1,belt_rock,2.205688509429849E-06,0.664313,4.2748,-0.810966,1,55.9858,472701,outside_own_roche_hot_not_broken
1750,1860,1,belt_rock,0.0001263064893371383,0.908742,3.52121,-1.06089,1,71.9348,364350,outside_own_roche_hot_not_broken
1750,1874,1,belt_rock,0.00010481676535955368,0.499449,1.95649,-1.0991,1,70.4822,360659,outside_own_roche_hot_not_broken
1750,1896,1,belt_rock,6.60873004688978E-07,0.708564,5.68679,-0.809052,1,55.8185,473958,outside_own_roche_hot_not_broken
1750,1904,1,belt_rock,3.399896616522103E-06,0.874437,2.78256,-1.27203,1,94.7815,290683,outside_own_roche_hot_not_broken
1750,1981,1,belt_rock,1.7718268023598462E-06,0.47839,3.19677,-1.63805,1,206.187,169415,outside_own_roche_hot_not_broken
1750,1993,1,belt_rock,9.359519559261493E-05,0.575423,2.42468,-0.812908,1,52.0724,487871,outside_own_roche_hot_not_broken
1750,1996,1,belt_rock,5.589985624591199E-06,0.898452,4.98125,-1.08282,1,64.0152,379260,outside_own_roche_hot_not_broken
1750,1997,1,belt_rock,1.830476857573022E-05,0.912845,4.19493,-0.801133,1,53.7432,484853,outside_own_roche_hot_not_broken
1750,2006,1,belt_rock,7.872272735644288E-05,0.736792,4.16135,-0.789147,1,60.1221,463532,outside_own_roche_hot_not_broken
1800,16,1,belt_rock,2.163184684803496E-05,0.82138,5.41272,-0.857962,1,35.5944,548128,outside_own_roche_hot_not_broken
1800,58,1,belt_rock,6.567332992402851E-07,0.266809,2.14398,-1.66093,1,169.523,188931,outside_own_roche_hot_not_broken
1800,83,1,belt_rock,2.282560809369908E-05,0.798241,5.22436,-1.06039,1,38.6855,462547,outside_own_roche_hot_not_broken
1800,93,1,belt_rock,9.022527107260299E-07,0.765931,5.78983,-1.4319,1,78.5963,295794,outside_own_roche_hot_not_broken
1800,101,1,belt_rock,2.4848435860729646E-05,0.821034,5.30925,-1.08333,1,52.0558,411845,outside_own_roche_hot_not_broken
1800,112,1,belt_rock,8.674031258396646E-07,0.786488,9.39393,-1.01778,1,74.3245,366828,outside_own_roche_hot_not_broken
1800,140,1,belt_rock,5.227079793358343E-06,0.389678,2.18303,-1.02175,1,86.3607,339868,outside_own_roche_hot_not_broken
1800,155,1,belt_rock,8.94543178490519E-05,0.681621,2.88002,-1.42523,1,86.6288,284739,outside_own_roche_hot_not_broken
1800,159,1,belt_rock,1.4827623141554978E-06,0.37001,3.96085,-5.14188,1,70.1813,118647,outside_own_roche_hot_not_broken
1800,176,1,belt_rock,3.0006507538053732E-06,0.640328,5.96919,-1.22746,1,101.347,286314,outside_own_roche_hot_not_broken
1800,229,1,belt_rock,8.754406789208803E-05,0.737636,3.11846,-0.799224,1,53.8334,485111,outside_own_roche_hot_not_broken
1800,233,1,belt_rock,1.4467493759346776E-05,0.62293,3.04006,-1.07645,1,57.3326,398276,outside_own_roche_hot_not_broken
1800,244,1,belt_rock,8.343493007950026E-06,0.581274,1.57032,-1.0728,1,48.75,424540,outside_own_roche_hot_not_broken
1800,246,1,belt_rock,1.158554041804656E-06,0.492591,5.54354,-2.98677,1,1.26557,237845,outside_own_roche_hot_not_broken
1800,252,1,belt_rock,3.8692328736148656E-05,0.82384,3.6642,-0.788852,1,47.144,518195,outside_own_roche_hot_not_broken
1800,281,1,belt_rock,2.0010791466914495E-05,0.851899,5.68243,-1.03605,1,74.1242,363880,outside_own_roche_hot_not_broken
1800,307,1,belt_rock,0.00010955105503733567,0.913338,3.82198,-1.41821,1,91.6012,278615,outside_own_roche_hot_not_broken
1800,311,1,belt_rock,5.6319548543963576E-05,0.983726,4.03037,-1.25062,1,68.1148,339739,outside_own_roche_hot_not_broken
1800,358,1,belt_rock,1.853699155284074E-05,0.732102,3.47515,-0.792955,1,52.526,492678,outside_own_roche_hot_not_broken
1800,376,1,belt_rock,1.0034627590666714E-05,0.702968,3.50689,-0.862951,1,33.4084,557689,outside_own_roche_hot_not_broken
1800,416,1,belt_rock,3.2229514414788686E-06,0.718274,6.60559,-1.03031,1,79.4425,352956,outside_own_roche_hot_not_broken
1800,429,1,belt_rock,4.962854706770443E-05,0.637535,2.78646,-1.0749,1,77.5594,349322,outside_own_roche_hot_not_broken
1800,449,1,belt_rock,5.426548421565147E-06,0.611616,3.39851,-0.796894,1,51.5795,495375,outside_own_roche_hot_not_broken
1800,526,1,belt_rock,0.00012282084840867837,0.72254,3.00826,-1.2197,1,64.4339,352645,outside_own_roche_hot_not_broken
1800,551,1,belt_rock,9.59886708006685E-05,0.985736,4.15036,-0.992338,1,61.8971,404377,outside_own_roche_hot_not_broken
1800,554,1,belt_rock,1.3047195379484566E-05,0.374158,1.85037,-1.41943,1,192.369,186753,outside_own_roche_hot_not_broken
1800,558,1,belt_rock,2.542364504752751E-06,0.538997,3.38687,-1.07282,1,61.3308,388240,outside_own_roche_hot_not_broken
1800,639,1,belt_rock,3.7520768535695566E-05,0.671617,2.99504,-1.02227,1,73.319,368355,outside_own_roche_hot_not_broken
1800,660,1,belt_rock,1.1669731316942732E-05,0.970207,4.74532,-1.20721,1,63.8019,356233,outside_own_roche_hot_not_broken
1800,681,1,belt_rock,0.00011196436009988996,0.640552,2.67714,-1.02348,1,80.8046,351187,outside_own_roche_hot_not_broken
1800,684,1,belt_rock,1.0710310832703353E-05,0.924807,4.69225,-1.5857,1,133.861,219134,outside_own_roche_hot_not_broken
1800,719,1,belt_rock,2.5825135170275426E-06,0.631961,2.12487,-1.26719,1,102.467,280276,outside_own_roche_hot_not_broken
1800,746,1,belt_rock,1.1577928619974147E-06,0.946195,6.8262,-1.03482,1,61.7311,395331,outside_own_roche_hot_not_broken
1800,750,1,belt_rock,3.434832964288003E-05,0.832975,3.73895,-0.783495,1,36.7749,574455,outside_own_roche_hot_not_broken
1800,818,1,belt_rock,7.107285329517042E-05,0.688072,2.76705,-1.02973,1,67.4693,381268,outside_own_roche_hot_not_broken
1800,846,1,belt_rock,8.543492635435832E-05,0.79337,3.35815,-0.792009,1,50.2591,502836,outside_own_roche_hot_not_broken
1800,919,1,belt_rock,1.1980447378416672E-05,0.609316,2.96291,-0.794566,1,52.18,493602,outside_own_roche_hot_not_broken
1800,983,1,belt_rock,8.425043143985532E-06,0.834903,6.41647,-1.21824,1,83.2581,316140,outside_own_roche_hot_not_broken
1800,986,1,belt_rock,7.513788892493608E-07,0.766443,6.00008,-0.789981,1,41.4608,545887,outside_own_roche_hot_not_broken
1800,987,1,belt_rock,9.172057665996528E-06,0.78183,5.90733,-0.859562,1,30.5914,575023,outside_own_roche_hot_not_broken
1800,998,1,belt_rock,2.452544289854962E-05,0.631939,2.91927,-0.79634,1,48.1815,510616,outside_own_roche_hot_not_broken
1800,1026,1,belt_rock,2.4666994631121667E-05,0.457272,2.11238,-1.03065,1,83.0834,345136,outside_own_roche_hot_not_broken
1800,1032,1,belt_rock,3.2133994759622797E-06,0.746461,4.51785,-1.2701,1,76.4852,320799,outside_own_roche_hot_not_broken
1800,1047,1,belt_rock,1.1729322602406433E-06,0.485036,5.44479,-1.2566,1,78.1124,319816,outside_own_roche_hot_not_broken
1800,1124,1,belt_rock,2.360064999676318E-05,0.807828,1.86642,-1.01756,1,62.158,397960,outside_own_roche_hot_not_broken
1800,1145,1,belt_rock,1.921433458680903E-05,0.811044,3.83599,-0.802908,1,51.6185,493151,outside_own_roche_hot_not_broken
1800,1190,1,belt_rock,2.0524810533250277E-05,0.655103,3.07977,-1.07311,1,68.04,371256,outside_own_roche_hot_not_broken
1800,1194,1,belt_rock,1.2651099005388968E-05,0.58289,4.17887,-1.26297,1,131.658,245523,outside_own_roche_hot_not_broken
1800,1199,1,belt_rock,6.629207845368145E-07,0.885862,11.1904,-0.787169,1,42.0932,543770,outside_own_roche_hot_not_broken
1800,1203,1,belt_rock,1.5045700219160083E-06,0.751669,8.0228,-1.07452,1,38.1836,460204,outside_own_roche_hot_not_broken
1800,1286,1,belt_rock,7.189266060056848E-06,0.816092,4.3714,-1.01506,1,76.6659,361893,outside_own_roche_hot_not_broken
1800,1321,1,belt_rock,4.6269287599687955E-05,0.364962,1.52045,-1.45741,1,104.669,258211,outside_own_roche_hot_not_broken
1800,1324,1,belt_rock,6.783388779822037E-07,0.840567,6.71203,-0.803985,1,51.1035,494983,outside_own_roche_hot_not_broken
1800,1455,1,belt_rock,0.00010187493537486585,0.990115,4.15534,-0.808309,1,51.7168,490904,outside_own_roche_hot_not_broken
1800,1466,1,belt_rock,4.087745587413839E-06,0.905857,7.95942,-0.803186,1,56.1261,474594,outside_own_roche_hot_not_broken
1800,1491,1,belt_rock,4.948829899383208E-05,0.727583,3.18093,-1.06643,1,47.1311,431364,outside_own_roche_hot_not_broken
1800,1495,1,belt_rock,5.9884128924848085E-06,0.610979,4.99546,-1.02461,1,63.8951,391680,outside_own_roche_hot_not_broken
1800,1507,1,belt_rock,1.4608993864857097E-05,0.997087,4.86688,-1.42202,1,119.942,244464,outside_own_roche_hot_not_broken
1800,1508,1,belt_rock,1.3432360486625381E-05,0.972188,4.78101,-0.873966,1,28.2795,581813,outside_own_roche_hot_not_broken
1800,1513,1,belt_rock,3.2010068609318657E-06,0.996972,6.03491,-1.032,1,48.1804,436990,outside_own_roche_hot_not_broken
1800,1523,1,belt_rock,0.0001138886429393924,0.965662,4.03432,-1.40402,1,87.8041,285481,outside_own_roche_hot_not_broken
1800,1533,1,belt_rock,8.14893470761004E-07,0.735796,5.67103,-1.23907,1,95.2118,293984,outside_own_roche_hot_not_broken
1800,1585,1,belt_rock,0.00013149814973096468,0.639641,2.65498,-0.798022,1,50.5622,499389,outside_own_roche_hot_not_broken
1800,1593,1,belt_rock,3.2156827422358834E-05,0.744877,3.36705,-0.771927,1,87.6449,382413,outside_own_roche_hot_not_broken
1800,1595,1,belt_rock,1.7466836287356323E-06,0.603237,4.04116,-1.26169,1,90.2688,298802,outside_own_roche_hot_not_broken
1800,1629,1,belt_rock,2.057579677528129E-05,0.866777,4.07433,-1.03637,1,77.398,356390,outside_own_roche_hot_not_broken
1800,1646,1,belt_rock,2.9863563136181636E-05,0.730131,3.17268,-1.03142,1,72.5322,368485,outside_own_roche_hot_not_broken
1800,1659,1,belt_rock,1.180721414031133E-06,0.942664,6.77616,-0.852954,1,37.205,541838,outside_own_roche_hot_not_broken
1800,1663,1,belt_rock,2.4430102879762024E-06,0.88522,5.59936,-1.01414,1,69.943,378173,outside_own_roche_hot_not_broken
1800,1666,1,belt_rock,3.4117957599505874E-05,0.557543,2.89661,-1.02725,1,70.7941,373476,outside_own_roche_hot_not_broken
1800,1676,1,belt_rock,1.1732535447126427E-05,0.770017,3.84812,-0.865164,1,26.929,594247,outside_own_roche_hot_not_broken
1800,1686,1,belt_rock,7.855190766223606E-07,0.707417,5.49083,-0.862772,1,40.2114,523029,outside_own_roche_hot_not_broken
1800,1710,1,belt_rock,1.118385335029651E-06,0.790008,8.95497,-1.45293,1,105.855,257248,outside_own_roche_hot_not_broken
1800,1736,1,belt_rock,3.1383295684367284E-05,0.501426,2.16751,-1.02141,1,74.4303,365896,outside_own_roche_hot_not_broken
1800,1761,1,belt_rock,4.894319215240835E-05,0.889939,5.2792,-0.853854,1,19.948,647343,outside_own_roche_hot_not_broken
1800,1769,1,belt_rock,6.987905178877002E-05,0.918081,3.9281,-0.874403,1,38.91,524811,outside_own_roche_hot_not_broken
1800,1779,1,belt_rock,6.704917353064949E-06,0.822336,2.30628,-1.03455,1,79.1866,352776,outside_own_roche_hot_not_broken
1800,1780,1,belt_rock,2.205688509429849E-06,0.857005,5.51477,-0.803232,1,56.6049,472700,outside_own_roche_hot_not_broken
1800,1800,1,belt_rock,0.0001247861782887393,0.278685,1.51157,-1.48564,1,158.307,206136,outside_own_roche_hot_not_broken
1800,1847,1,belt_rock,2.0921773759374507E-05,0.282137,1.87131,-1.48439,1,156.885,207273,outside_own_roche_hot_not_broken
1800,1874,1,belt_rock,0.00010481676535955368,0.91608,3.58855,-1.08749,1,71.4117,360657,outside_own_roche_hot_not_broken
1800,1896,1,belt_rock,6.60873004688978E-07,0.807559,6.4813,-0.801162,1,56.4501,473956,outside_own_roche_hot_not_broken
1800,1953,1,belt_rock,6.60448495806357E-07,0.763352,6.12727,-1.25655,1,120,259075,outside_own_roche_hot_not_broken
1800,1975,1,belt_rock,5.036196029025063E-06,0.732982,6.18053,-0.793307,1,52.1204,494287,outside_own_roche_hot_not_broken
1800,1976,1,belt_rock,2.896881840900241E-05,0.478005,2.17878,-1.00676,1,62.0263,400738,outside_own_roche_hot_not_broken
1800,1979,1,belt_rock,4.5043698593975495E-06,0.599227,5.16596,-0.794433,1,49.0714,507273,outside_own_roche_hot_not_broken
1800,1996,1,belt_rock,5.589985624591199E-06,0.525922,2.91584,-1.0725,1,64.8429,379256,outside_own_roche_hot_not_broken
1800,1997,1,belt_rock,1.830476857573022E-05,0.635359,2.91976,-0.794288,1,54.2902,484856,outside_own_roche_hot_not_broken
1850,4,1,planet,0.10699999999999998,0.58804,2.42432,-1.00293,1,78.5968,359704,outside_own_roche_hot_not_broken
1850,16,1,belt_rock,2.163184684803496E-05,0.7964,5.2481,-0.853053,1,35.9864,548132,outside_own_roche_hot_not_broken
1850,64,1,belt_rock,4.148656745890906E-05,0.848983,1.83101,-1.03757,1,34.5154,486144,outside_own_roche_hot_not_broken
1850,69,1,belt_rock,3.901280015250891E-05,0.983327,5.99036,-0.835604,1,26.1736,614180,outside_own_roche_hot_not_broken
1850,83,1,belt_rock,2.282560809369908E-05,0.687743,4.50117,-1.05379,1,39.2127,462547,outside_own_roche_hot_not_broken
1850,94,1,belt_rock,1.6836773819411585E-06,0.907291,6.11744,-0.839241,1,32.5775,572944,outside_own_roche_hot_not_broken
1850,104,1,belt_rock,1.607485367308737E-06,0.981871,10.3416,-0.992477,1,75.5275,368771,outside_own_roche_hot_not_broken
1850,112,1,belt_rock,8.674031258396646E-07,0.6371,7.60962,-1.00654,1,75.2228,366829,outside_own_roche_hot_not_broken
1850,115,1,belt_rock,9.05986867324195E-06,0.430292,2.23438,-0.746412,1,94.4696,370548,outside_own_roche_hot_not_broken
1850,134,1,belt_rock,1.4397576836317145E-05,0.345569,1.69094,-1.39616,1,85.3321,289974,outside_own_roche_hot_not_broken
1850,135,1,belt_rock,5.258303751555807E-06,0.547993,3.04986,-1.23146,1,53.7433,375226,outside_own_roche_hot_not_broken
1850,155,1,belt_rock,8.94543178490519E-05,0.677802,2.86388,-1.41268,1,87.6337,284738,outside_own_roche_hot_not_broken
1850,159,1,belt_rock,1.4827623141554978E-06,0.37523,4.01673,-5.14756,1,69.727,118647,outside_own_roche_hot_not_broken
1850,166,1,belt_rock,6.078884194825134E-06,0.311698,1.71137,-1.39625,1,115.939,250977,outside_own_roche_hot_not_broken
1850,176,1,belt_rock,3.0006507538053732E-06,0.763653,7.11884,-1.21442,1,102.388,286317,outside_own_roche_hot_not_broken
1850,200,1,belt_rock,6.657106373521731E-07,0.834126,6.68502,-0.848474,1,23.0978,627993,outside_own_roche_hot_not_broken
1850,240,1,belt_rock,1.7010436062457034E-06,0.973902,10.1424,-0.83799,1,28.3529,598919,outside_own_roche_hot_not_broken
1850,244,1,belt_rock,8.343493007950026E-06,0.877645,2.37097,-1.06518,1,49.3599,424540,outside_own_roche_hot_not_broken
1850,246,1,belt_rock,1.158554041804656E-06,0.445784,5.01677,-2.98419,1,1.47223,237845,outside_own_roche_hot_not_broken
1850,252,1,belt_rock,3.8692328736148656E-05,0.74482,3.31274,-0.782459,1,47.6553,518196,outside_own_roche_hot_not_broken
1850,307,1,belt_rock,0.00010955105503733567,0.425915,1.78229,-1.39975,1,93.0767,278617,outside_own_roche_hot_not_broken
1850,358,1,belt_rock,1.853699155284074E-05,0.804006,3.81647,-0.785648,1,53.1109,492676,outside_own_roche_hot_not_broken
1850,370,1,belt_rock,1.5234453256065473E-06,0.598336,4.10655,-0.780779,1,50.1804,507198,outside_own_roche_hot_not_broken
1850,396,1,belt_rock,6.225009049112881E-05,0.835448,3.39294,-0.842597,1,27.2645,603473,outside_own_roche_hot_not_broken
1850,429,1,belt_rock,4.962854706770443E-05,0.774434,3.3848,-1.06323,1,78.4939,349321,outside_own_roche_hot_not_broken
1850,449,1,belt_rock,5.426548421565147E-06,0.975102,5.41826,-0.791496,1,52.0116,495374,outside_own_roche_hot_not_broken
1850,500,1,belt_rock,6.566728519526325E-07,0.837216,6.72769,-1.22891,1,90.9406,301882,outside_own_roche_hot_not_broken
1850,504,1,belt_rock,1.3860795580248966E-05,0.897012,6.33582,-1.19065,1,74.0394,337477,outside_own_roche_hot_not_broken
1850,522,1,belt_rock,1.2437602273313698E-05,0.761608,3.7781,-0.778815,1,47.9838,518022,outside_own_roche_hot_not_broken
1850,525,1,belt_rock,1.5419958499169078E-06,0.692633,4.74348,-0.846009,1,35.7918,552148,outside_own_roche_hot_not_broken
1850,526,1,belt_rock,0.00012282084840867837,0.657651,2.73809,-1.20874,1,65.3102,352647,outside_own_roche_hot_not_broken
1850,529,1,belt_rock,9.311867503424329E-05,0.650934,3.61838,-1.20268,1,93.3813,301337,outside_own_roche_hot_not_broken
1850,544,1,belt_rock,6.838134533786537E-07,0.607221,2.72883,-0.777805,1,49.1592,512931,outside_own_roche_hot_not_broken
1850,545,1,belt_rock,1.7567281285248877E-05,0.496412,3.37627,-1.05372,1,55.2513,409406,outside_own_roche_hot_not_broken
1850,551,1,belt_rock,9.59886708006685E-05,0.498783,2.10009,-0.985143,1,62.4713,404381,outside_own_roche_hot_not_broken
1850,563,1,belt_rock,4.4109361305924165E-06,0.429141,2.47035,-1.057,1,71.6459,365748,outside_own_roche_hot_not_broken
1850,587,1,belt_rock,4.952436620733782E-05,0.640976,2.80189,-1.00455,1,75.0809,367540,outside_own_roche_hot_not_broken
1850,629,1,belt_rock,3.875065131587107E-05,0.430192,1.91365,-0.997161,1,86.695,343202,outside_own_roche_hot_not_broken
1850,639,1,belt_rock,3.7520768535695566E-05,0.751261,3.35021,-1.01126,1,74.1996,368356,outside_own_roche_hot_not_broken
1850,660,1,belt_rock,1.1669731316942732E-05,0.446154,2.18215,-1.19895,1,64.461,356237,outside_own_roche_hot_not_broken
1850,681,1,belt_rock,0.00011196436009988996,0.782367,3.26985,-1.01173,1,81.7432,351189,outside_own_roche_hot_not_broken
1850,684,1,belt_rock,1.0710310832703353E-05,0.415073,2.10598,-1.56102,1,135.831,219138,outside_own_roche_hot_not_broken
1850,686,1,belt_rock,6.00931993505896E-05,0.549576,2.37391,-1.41148,1,90.314,281117,outside_own_roche_hot_not_broken
1850,750,1,belt_rock,3.434832964288003E-05,0.824677,3.70171,-0.778903,1,37.143,574451,outside_own_roche_hot_not_broken
1850,786,1,belt_rock,4.765293064052728E-05,0.892351,5.30926,-0.838571,1,22.2437,639567,outside_own_roche_hot_not_broken
1850,800,1,belt_rock,2.277834181608701E-06,0.687765,6.76142,-0.780843,1,48.9039,512988,outside_own_roche_hot_not_broken
1850,817,1,belt_rock,0.00011965595049649409,0.550061,2.29271,-1.23233,1,55.0494,371868,outside_own_roche_hot_not_broken
1850,832,1,belt_rock,4.020570368839026E-06,0.954506,5.57696,-1.54611,1,131.03,224295,outside_own_roche_hot_not_broken
1850,846,1,belt_rock,8.543492635435832E-05,0.753654,3.19004,-0.785039,1,50.8169,502835,outside_own_roche_hot_not_broken
1850,955,1,belt_rock,6.982885582430313E-07,0.772557,6.13431,-1.2272,1,65.7193,348589,outside_own_roche_hot_not_broken
1850,983,1,belt_rock,8.425043143985532E-06,0.548456,4.21503,-1.20467,1,84.3431,316142,outside_own_roche_hot_not_broken
1850,986,1,belt_rock,7.513788892493608E-07,0.844266,6.60931,-0.7846,1,41.8921,545883,outside_own_roche_hot_not_broken
1850,987,1,belt_rock,9.172057665996528E-06,0.902035,6.81558,-0.855789,1,30.8924,575027,outside_own_roche_hot_not_broken
1850,1002,1,belt_rock,3.499430509866827E-05,0.945975,4.23963,-0.771669,1,48.9051,516385,outside_own_roche_hot_not_broken
1850,1008,1,belt_rock,7.920624891384338E-05,0.512694,2.17949,-1.39307,1,86.9229,288010,outside_own_roche_hot_not_broken
1850,1012,1,belt_rock,1.1231928029267697E-06,0.859666,6.23686,-1.22855,1,110.548,273580,outside_own_roche_hot_not_broken
1850,1026,1,belt_rock,2.4666994631121667E-05,0.971681,4.48869,-1.01739,1,84.1425,345140,outside_own_roche_hot_not_broken
1850,1165,1,belt_rock,5.396082938469288E-06,0.428987,2.40049,-1.59413,1,143.287,210961,outside_own_roche_hot_not_broken
1850,1169,1,belt_rock,4.686284621592993E-06,0.911824,5.2072,-1.40303,1,172.639,200547,outside_own_roche_hot_not_broken
1850,1173,1,belt_rock,2.913813412734107E-05,0.780764,3.55228,-0.774883,1,48.1308,518810,outside_own_roche_hot_not_broken
1850,1190,1,belt_rock,2.0524810533250277E-05,0.757808,3.56261,-1.06231,1,68.904,371255,outside_own_roche_hot_not_broken
1850,1199,1,belt_rock,6.629207845368145E-07,0.730155,9.22347,-0.781938,1,42.5118,543769,outside_own_roche_hot_not_broken
1850,1216,1,belt_rock,6.610392938527892E-07,0.811383,6.6449,-1.1901,1,59.0988,370250,outside_own_roche_hot_not_broken
1850,1289,1,belt_rock,5.010288387683074E-06,0.697397,3.9441,-1.5765,1,181.137,185942,outside_own_roche_hot_not_broken
1850,1290,1,belt_rock,6.729848344779094E-07,0.539721,4.31639,-0.991561,1,49.0152,445162,outside_own_roche_hot_not_broken
1850,1321,1,belt_rock,4.6269287599687955E-05,0.968231,4.03371,-1.43417,1,106.53,258208,outside_own_roche_hot_not_broken
1850,1329,1,belt_rock,2.0498531456017723E-05,0.515755,2.4249,-1.00975,1,75.9386,364552,outside_own_roche_hot_not_broken
1850,1390,1,belt_rock,1.3042290417079452E-06,0.608395,6.68371,-0.781222,1,48.6626,513961,outside_own_roche_hot_not_broken
1850,1407,1,belt_rock,6.733096414066795E-05,0.838055,3.59311,-0.84208,1,36.421,550473,outside_own_roche_hot_not_broken
1850,1434,1,belt_rock,5.036313377294688E-06,0.414734,2.31915,-1.0067,1,78.532,359169,outside_own_roche_hot_not_broken
1850,1443,1,belt_rock,1.006188093174367E-06,0.401153,2.97068,-1.24451,1,77.1281,323348,outside_own_roche_hot_not_broken
1850,1480,1,belt_rock,1.4293605408171484E-05,0.315594,1.54698,-0.493802,1,162.173,283285,outside_own_roche_hot_not_broken
1850,1486,1,belt_rock,2.569929036493613E-05,0.78072,5.02155,-0.845304,1,27.8451,598434,outside_own_roche_hot_not_broken
1850,1491,1,belt_rock,4.948829899383208E-05,0.717337,3.13613,-1.05824,1,47.7859,431365,outside_own_roche_hot_not_broken
1850,1493,1,belt_rock,2.7119669110129766E-05,0.720937,3.30256,-1.04358,1,35.8864,478602,outside_own_roche_hot_not_broken
1850,1495,1,belt_rock,5.9884128924848085E-06,0.819489,6.70027,-1.01438,1,64.7132,391682,outside_own_roche_hot_not_broken
1850,1500,1,belt_rock,0.00010158250534497991,0.788529,1.56262,-0.845555,1,25.6321,612502,outside_own_roche_hot_not_broken
1850,1507,1,belt_rock,1.4608993864857097E-05,0.340799,1.66347,-1.39437,1,122.15,244468,outside_own_roche_hot_not_broken
1850,1523,1,belt_rock,0.0001138886429393924,0.375124,1.56718,-1.38705,1,89.1589,285485,outside_own_roche_hot_not_broken
1850,1595,1,belt_rock,1.7466836287356323E-06,0.782523,5.24221,-1.24856,1,91.3201,298800,outside_own_roche_hot_not_broken
1850,1653,1,belt_rock,7.221997716747379E-05,0.796065,3.39981,-0.844378,1,25.6093,613272,outside_own_roche_hot_not_broken
1850,1654,1,belt_rock,1.9367454876199803E-05,0.929301,6.22768,-0.994456,1,72.8026,374983,outside_own_roche_hot_not_broken
1850,1659,1,belt_rock,1.180721414031133E-06,0.698805,5.02323,-0.848807,1,37.5369,541838,outside_own_roche_hot_not_broken
1850,1663,1,belt_rock,2.4430102879762024E-06,0.546883,3.45925,-1.00306,1,70.8286,378175,outside_own_roche_hot_not_broken
1850,1666,1,belt_rock,3.4117957599505874E-05,0.869561,4.51764,-1.01595,1,71.6971,373479,outside_own_roche_hot_not_broken
1850,1686,1,belt_rock,7.855190766223606E-07,0.881051,6.83854,-0.857433,1,40.6379,523032,outside_own_roche_hot_not_broken
1850,1694,1,belt_rock,7.803530066239186E-05,0.888571,3.77947,-0.996835,1,77.8893,362431,outside_own_roche_hot_not_broken
1850,1761,1,belt_rock,4.894319215240835E-05,0.986318,5.85093,-0.851826,1,20.1093,647350,outside_own_roche_hot_not_broken
1850,1794,1,belt_rock,1.3896780784160195E-06,0.540364,3.77044,-1.41183,1,89.0673,282813,outside_own_roche_hot_not_broken
1850,1832,1,belt_rock,4.2652764523081694E-05,0.432377,1.90975,-1.0516,1,74.3599,360483,outside_own_roche_hot_not_broken
1850,1929,1,belt_rock,1.001534770526575E-05,0.807677,6.03074,-1.5728,1,223.611,163499,outside_own_roche_hot_not_broken
1850,1953,1,belt_rock,6.60448495806357E-07,0.657984,5.28151,-1.24334,1,121.057,259075,outside_own_roche_hot_not_broken
1850,1975,1,belt_rock,5.036196029025063E-06,0.804937,6.78725,-0.786064,1,52.7003,494285,outside_own_roche_hot_not_broken
1850,1983,1,belt_rock,6.833698821645656E-07,0.435959,3.47618,-1.41735,1,85.9365,286629,outside_own_roche_hot_not_broken
1900,4,1,planet,0.10699999999999998,0.839348,3.4604,-0.991001,1,79.5513,359703,outside_own_roche_hot_not_broken
1900,64,1,belt_rock,4.148656745890906E-05,0.682874,1.47276,-1.03219,1,34.9459,486143,outside_own_roche_hot_not_broken
1900,69,1,belt_rock,3.901280015250891E-05,0.808166,4.92329,-0.833038,1,26.378,614185,outside_own_roche_hot_not_broken
1900,94,1,belt_rock,1.6836773819411585E-06,0.770185,5.193,-0.835304,1,32.8918,572948,outside_own_roche_hot_not_broken
1900,104,1,belt_rock,1.607485367308737E-06,0.467842,4.92757,-0.981718,1,76.3866,368775,outside_own_roche_hot_not_broken
1900,111,1,belt_rock,1.678696995073673E-05,0.494268,2.37416,-1.18511,1,67.1533,352751,outside_own_roche_hot_not_broken
1900,135,1,belt_rock,5.258303751555807E-06,0.843474,4.69436,-1.2217,1,54.5245,375226,outside_own_roche_hot_not_broken
1900,144,1,belt_rock,1.418335411047879E-05,0.806109,3.9472,-1.37967,1,121.539,246351,outside_own_roche_hot_not_broken
1900,159,1,belt_rock,1.4827623141554978E-06,0.361101,3.86548,-5.15366,1,69.2388,118647,outside_own_roche_hot_not_broken
1900,193,1,belt_rock,8.409116665768263E-06,0.895772,4.67233,-0.826873,1,19.7267,665282,outside_own_roche_hot_not_broken
1900,240,1,belt_rock,1.7010436062457034E-06,0.78267,8.15085,-0.835149,1,28.5796,598923,outside_own_roche_hot_not_broken
1900,246,1,belt_rock,1.158554041804656E-06,0.497158,5.59494,-2.98654,1,1.28414,237845,outside_own_roche_hot_not_broken
1900,250,1,belt_rock,3.061408992850387E-05,0.764384,3.46529,-1.17475,1,100.62,293588,outside_own_roche_hot_not_broken
1900,305,1,belt_rock,1.1119287236353387E-05,0.84717,4.26759,-1.17159,1,87.4338,315366,outside_own_roche_hot_not_broken
1900,324,1,belt_rock,1.3206366585468799E-05,0.846043,6.01292,-0.827808,1,24.2241,631652,outside_own_roche_hot_not_broken
1900,334,1,belt_rock,1.9841592391714742E-06,0.630442,6.36804,-0.767636,1,49.1558,516721,outside_own_roche_hot_not_broken
1900,396,1,belt_rock,6.225009049112881E-05,0.903387,3.66885,-0.839329,1,27.5247,603481,outside_own_roche_hot_not_broken
1900,407,1,belt_rock,9.537164663850703E-05,0.506287,1.99525,-1.18636,1,72.1993,341888,outside_own_roche_hot_not_broken
1900,417,1,belt_rock,5.8502702553592535E-05,0.433787,1.87642,-1.21764,1,66.4419,348680,outside_own_roche_hot_not_broken
1900,439,1,belt_rock,1.1123448839321772E-05,0.410531,2.06903,-1.18194,1,70.5651,346002,outside_own_roche_hot_not_broken
1900,443,1,belt_rock,2.2161928891504646E-05,0.995798,6.5469,-1.19679,1,63.906,357860,outside_own_roche_hot_not_broken
1900,448,1,belt_rock,2.246719544198254E-05,0.46171,2.07237,-1.17836,1,57.3711,376761,outside_own_roche_hot_not_broken
1900,453,1,belt_rock,0.00010489770836095581,0.366253,1.43474,-1.18503,1,86.5943,314957,outside_own_roche_hot_not_broken
1900,477,1,belt_rock,7.593427859692768E-05,0.791914,3.37427,-1.34925,1,76.17,310315,outside_own_roche_hot_not_broken
1900,500,1,belt_rock,6.566728519526325E-07,0.54907,4.41221,-1.21475,1,92.0733,301881,outside_own_roche_hot_not_broken
1900,504,1,belt_rock,1.3860795580248966E-05,0.490795,3.46661,-1.17762,1,75.0809,337480,outside_own_roche_hot_not_broken
1900,522,1,belt_rock,1.2437602273313698E-05,0.805426,3.99547,-0.772313,1,48.5044,518020,outside_own_roche_hot_not_broken
1900,525,1,belt_rock,1.5419958499169078E-06,0.998242,6.83643,-0.842874,1,36.042,552151,outside_own_roche_hot_not_broken
1900,529,1,belt_rock,9.311867503424329E-05,0.749165,4.16442,-1.18995,1,94.3953,301343,outside_own_roche_hot_not_broken
1900,537,1,belt_rock,1.880332108505585E-05,0.630907,2.9952,-1.35774,1,77.6692,306686,outside_own_roche_hot_not_broken
1900,587,1,belt_rock,4.952436620733782E-05,0.785821,3.43505,-0.993422,1,75.9739,367533,outside_own_roche_hot_not_broken
1900,600,1,belt_rock,2.541242279226064E-05,0.986293,6.353,-0.821627,1,26.8374,617194,outside_own_roche_hot_not_broken
1900,614,1,belt_rock,2.7722967791467943E-05,0.659463,3.01284,-0.768276,1,46.951,526986,outside_own_roche_hot_not_broken
1900,646,1,belt_rock,2.1005823501122877E-05,0.731792,3.43338,-1.1758,1,103.828,288704,outside_own_roche_hot_not_broken
1900,668,1,belt_rock,2.4532801062004895E-05,0.224729,1.45662,-1.41726,1,172.602,199775,outside_own_roche_hot_not_broken
1900,686,1,belt_rock,6.00931993505896E-05,0.808347,3.49168,-1.39714,1,91.4623,281115,outside_own_roche_hot_not_broken
1900,758,1,belt_rock,8.249549131554088E-05,0.617936,3.47311,-1.03032,1,38.2845,473300,outside_own_roche_hot_not_broken
1900,786,1,belt_rock,4.765293064052728E-05,0.940432,5.59533,-0.836119,1,22.4384,639577,outside_own_roche_hot_not_broken
1900,795,1,belt_rock,1.6715475466573741E-06,0.72824,2.67544,-1.03064,1,61.3092,397412,outside_own_roche_hot_not_broken
1900,800,1,belt_rock,2.277834181608701E-06,0.886142,8.71167,-0.774611,1,49.4034,512984,outside_own_roche_hot_not_broken
1900,817,1,belt_rock,0.00011965595049649409,0.8385,3.49495,-1.22228,1,55.853,371868,outside_own_roche_hot_not_broken
1900,832,1,belt_rock,4.020570368839026E-06,0.376908,2.20219,-1.51797,1,133.276,224299,outside_own_roche_hot_not_broken
1900,867,1,belt_rock,7.411791933590053E-05,0.296722,1.19002,-1.5744,1,124.342,228260,outside_own_roche_hot_not_broken
1900,906,1,belt_rock,2.0343165160066184E-05,0.767744,3.61371,-1.1747,1,92.1269,306992,outside_own_roche_hot_not_broken
1900,945,1,belt_rock,0.0001221478665750242,0.650138,3.53323,-1.69283,1,186.678,177371,outside_own_roche_hot_not_broken
1900,955,1,belt_rock,6.982885582430313E-07,0.605886,4.8109,-1.21588,1,66.6259,348587,outside_own_roche_hot_not_broken
1900,994,1,belt_rock,5.073102656835719E-05,0.76637,3.1647,-0.829381,1,31.3054,585035,outside_own_roche_hot_not_broken
1900,1002,1,belt_rock,3.499430509866827E-05,0.652957,2.92639,-0.766144,1,49.346,516390,outside_own_roche_hot_not_broken
1900,1008,1,belt_rock,7.920624891384338E-05,0.841025,3.57525,-1.37798,1,88.1272,288014,outside_own_roche_hot_not_broken
1900,1012,1,belt_rock,1.1231928029267697E-06,0.542536,3.93609,-1.21305,1,111.787,273581,outside_own_roche_hot_not_broken
1900,1042,1,belt_rock,3.864563838781366E-06,0.957913,5.61518,-1.0228,1,64.1885,391282,outside_own_roche_hot_not_broken
1900,1070,1,belt_rock,6.750423070272806E-07,0.40294,5.07074,-1.53187,1,230.969,161610,outside_own_roche_hot_not_broken
1900,1086,1,belt_rock,4.1977163578123663E-05,0.436008,1.92798,-0.987156,1,82.999,352729,outside_own_roche_hot_not_broken
1900,1097,1,belt_rock,5.627985203682593E-05,0.982079,5.73586,-0.753672,1,44.8139,543558,outside_own_roche_hot_not_broken
1900,1102,1,belt_rock,7.303424977784841E-05,0.631313,2.53397,-1.1797,1,68.3769,351037,outside_own_roche_hot_not_broken
1900,1142,1,belt_rock,1.1447247312755778E-06,0.677743,4.89976,-1.16556,1,73.3446,342952,outside_own_roche_hot_not_broken
1900,1165,1,belt_rock,5.396082938469288E-06,0.926049,5.18191,-1.57013,1,145.21,210959,outside_own_roche_hot_not_broken
1900,1169,1,belt_rock,4.686284621592993E-06,0.51991,2.96908,-1.38457,1,174.11,200551,outside_own_roche_hot_not_broken
1900,1173,1,belt_rock,2.913813412734107E-05,0.786743,3.57948,-0.768348,1,48.6537,518810,outside_own_roche_hot_not_broken
1900,1216,1,belt_rock,6.610392938527892E-07,0.580206,4.75165,-1.1796,1,59.9378,370252,outside_own_roche_hot_not_broken
1900,1289,1,belt_rock,5.010288387683074E-06,0.752772,4.25727,-1.56379,1,182.154,185943,outside_own_roche_hot_not_broken
1900,1293,1,belt_rock,3.712196245283621E-06,0.781332,4.61843,-0.830702,1,28.1477,603909,outside_own_roche_hot_not_broken
1900,1315,1,belt_rock,4.845988860618527E-05,0.806824,4.79069,-0.828162,1,30.7816,588781,outside_own_roche_hot_not_broken
1900,1329,1,belt_rock,2.0498531456017723E-05,0.916056,4.30698,-0.99772,1,76.9003,364554,outside_own_roche_hot_not_broken
1900,1331,1,belt_rock,0.0001185720506521227,0.936672,3.90498,-1.02164,1,49.9479,433874,outside_own_roche_hot_not_broken
1900,1333,1,belt_rock,1.9079699342390863E-05,0.665984,4.46971,-0.767056,1,50.3015,511634,outside_own_roche_hot_not_broken
1900,1363,1,belt_rock,9.107889746462705E-07,0.796152,6.00754,-0.830224,1,25.6775,620358,outside_own_roche_hot_not_broken
1900,1393,1,belt_rock,6.215480560968838E-07,0.450445,2.09596,-1.21235,1,57.7034,369331,outside_own_roche_hot_not_broken
1900,1407,1,belt_rock,6.733096414066795E-05,0.783643,3.35983,-0.837158,1,36.8141,550476,outside_own_roche_hot_not_broken
1900,1441,1,belt_rock,6.278045039803311E-05,0.804591,3.26671,-1.2018,1,57.927,370817,outside_own_roche_hot_not_broken
1900,1443,1,belt_rock,1.006188093174367E-06,0.99226,7.34803,-1.23351,1,78.0095,323346,outside_own_roche_hot_not_broken
1900,1446,1,belt_rock,4.113859782316302E-06,0.990803,5.76898,-1.36797,1,99.1702,273873,outside_own_roche_hot_not_broken
1900,1486,1,belt_rock,2.569929036493613E-05,0.982278,6.31797,-0.84259,1,28.0614,598439,outside_own_roche_hot_not_broken
1900,1493,1,belt_rock,2.7119669110129766E-05,0.786875,3.60461,-1.03749,1,36.3729,478604,outside_own_roche_hot_not_broken
1900,1499,1,belt_rock,7.192980593778452E-05,0.944923,4.0366,-0.744092,1,21.7058,703311,outside_own_roche_hot_not_broken
1900,1517,1,belt_rock,1.3744942984223593E-05,0.70547,1.75896,-0.76493,1,44.8206,538906,outside_own_roche_hot_not_broken
1900,1608,1,belt_rock,9.397495555543693E-05,0.551851,2.32513,-0.995388,1,75.1725,369062,outside_own_roche_hot_not_broken
1900,1654,1,belt_rock,1.9367454876199803E-05,0.510961,3.42419,-0.983209,1,73.7011,374987,outside_own_roche_hot_not_broken
1900,1694,1,belt_rock,7.803530066239186E-05,0.541396,2.30279,-0.984614,1,78.8659,362433,outside_own_roche_hot_not_broken
1900,1739,1,belt_rock,9.087595189338775E-07,0.46504,3.57195,-1.03259,1,67.38,380913,outside_own_roche_hot_not_broken
1900,1754,1,belt_rock,0.00012195047251411568,0.733009,1.43272,-0.762629,1,44.7285,540314,outside_own_roche_hot_not_broken
1900,1778,1,belt_rock,7.105359335249661E-06,0.851793,4.5474,-0.759437,1,43.4423,548307,outside_own_roche_hot_not_broken
1900,1794,1,belt_rock,1.3896780784160195E-06,0.815289,5.68877,-1.39732,1,90.2285,282812,outside_own_roche_hot_not_broken
1900,1802,1,belt_rock,0.00012743139464196945,0.876786,4.74705,-1.20634,1,110.442,276069,outside_own_roche_hot_not_broken
1900,1813,1,belt_rock,6.228224419637998E-05,0.846989,1.75142,-0.827027,1,33.545,572999,outside_own_roche_hot_not_broken
1900,1884,1,belt_rock,7.851897129447418E-07,0.627853,4.87366,-0.764247,1,46.6913,529830,outside_own_roche_hot_not_broken
1900,1929,1,belt_rock,1.001534770526575E-05,0.677277,5.05708,-1.55996,1,224.634,163500,outside_own_roche_hot_not_broken
1900,1940,1,belt_rock,2.2108686677391142E-05,0.800549,5.26958,-1.36191,1,72.6015,314684,outside_own_roche_hot_not_broken
1900,1983,1,belt_rock,6.833698821645656E-07,0.904706,7.21381,-1.4001,1,87.3174,286627,outside_own_roche_hot_not_broken
1950,22,1,belt_rock,8.315027387182423E-05,0.888813,3.76731,-0.812384,1,22.3905,653826,outside_own_roche_hot_not_broken
1950,32,1,belt_rock,8.062346186852755E-07,0.412221,4.9989,-0.945585,1,87.89,349353,outside_own_roche_hot_not_broken
1950,111,1,belt_rock,1.678696995073673E-05,0.901422,4.32988,-1.17351,1,68.0793,352754,outside_own_roche_hot_not_broken
1950,117,1,belt_rock,7.757352327044996E-07,0.352978,2.74635,-1.205,1,97.3587,294862,outside_own_roche_hot_not_broken
1950,121,1,belt_rock,1.7787957704379382E-06,0.451145,4.65666,-1.69149,1,188.904,176213,outside_own_roche_hot_not_broken
1950,144,1,belt_rock,1.418335411047879E-05,0.594267,2.9099,-1.36533,1,122.684,246354,outside_own_roche_hot_not_broken
1950,150,1,belt_rock,6.148470791553775E-06,0.439777,1.25263,-1.16865,1,82.7861,324102,outside_own_roche_hot_not_broken
1950,159,1,belt_rock,1.4827623141554978E-06,0.327464,3.50541,-5.16255,1,68.5261,118647,outside_own_roche_hot_not_broken
1950,195,1,belt_rock,1.7430248357966163E-06,0.5395,3.6155,-1.01794,1,50.2113,433980,outside_own_roche_hot_not_broken
1950,246,1,belt_rock,1.158554041804656E-06,0.44069,4.95945,-2.98445,1,1.45048,237846,outside_own_roche_hot_not_broken
1950,250,1,belt_rock,3.061408992850387E-05,0.646275,2.92985,-1.16184,1,101.652,293589,outside_own_roche_hot_not_broken
1950,286,1,belt_rock,6.701834319915527E-07,0.575002,4.60229,-1.01822,1,65.4035,389021,outside_own_roche_hot_not_broken
1950,305,1,belt_rock,1.1119287236353387E-05,0.546696,2.75396,-1.15774,1,88.5412,315368,outside_own_roche_hot_not_broken
1950,324,1,belt_rock,1.3206366585468799E-05,0.975524,6.93316,-0.825329,1,24.4206,631665,outside_own_roche_hot_not_broken
1950,334,1,belt_rock,1.9841592391714742E-06,0.992081,10.0209,-0.762997,1,49.5288,516712,outside_own_roche_hot_not_broken
1950,378,1,belt_rock,1.6697455561173104E-06,0.383832,4.01213,-1.34682,1,71.6494,318471,outside_own_roche_hot_not_broken
1950,407,1,belt_rock,9.537164663850703E-05,0.883616,3.48228,-1.17372,1,73.2088,341891,outside_own_roche_hot_not_broken
1950,417,1,belt_rock,5.8502702553592535E-05,0.978642,4.23328,-1.20911,1,67.1243,348678,outside_own_roche_hot_not_broken
1950,440,1,belt_rock,2.6345516458117787E-05,0.641484,2.94547,-1.01499,1,47.3332,444495,outside_own_roche_hot_not_broken
1950,443,1,belt_rock,2.2161928891504646E-05,0.437522,2.8765,-1.19046,1,64.4123,357860,outside_own_roche_hot_not_broken
1950,448,1,belt_rock,2.246719544198254E-05,0.996423,4.47242,-1.17354,1,57.755,376766,outside_own_roche_hot_not_broken
1950,451,1,belt_rock,5.0078647692493076E-06,0.781148,4.39211,-0.813361,1,31.7077,590351,outside_own_roche_hot_not_broken
1950,456,1,belt_rock,6.768637285960783E-05,0.596637,2.55796,-1.01392,1,38.6869,476892,outside_own_roche_hot_not_broken
1950,477,1,belt_rock,7.593427859692768E-05,0.564698,2.40612,-1.33623,1,77.2106,310317,outside_own_roche_hot_not_broken
1950,503,1,belt_rock,6.787802871302369E-05,0.917235,3.93257,-1.17463,1,50.5255,395389,outside_own_roche_hot_not_broken
1950,537,1,belt_rock,1.880332108505585E-05,0.729361,3.4626,-1.34542,1,78.6538,306688,outside_own_roche_hot_not_broken
1950,591,1,belt_rock,1.354520969904125E-06,0.81733,5.80433,-0.745003,1,42.9409,557163,outside_own_roche_hot_not_broken
1950,600,1,belt_rock,2.541242279226064E-05,0.808073,5.20503,-0.819043,1,27.0436,617197,outside_own_roche_hot_not_broken
1950,604,1,belt_rock,9.130172991510145E-07,0.363977,2.7452,-1.20464,1,93.7367,300525,outside_own_roche_hot_not_broken
1950,614,1,belt_rock,2.7722967791467943E-05,0.9598,4.38497,-0.763323,1,47.349,526977,outside_own_roche_hot_not_broken
1950,644,1,belt_rock,1.2597326153480967E-06,0.654683,4.65042,-1.19414,1,92.3384,304106,outside_own_roche_hot_not_broken
1950,646,1,belt_rock,2.1005823501122877E-05,0.683538,3.20698,-1.16308,1,104.844,288705,outside_own_roche_hot_not_broken
1950,682,1,belt_rock,5.158715011470259E-05,0.645376,3.80527,-0.75217,1,44.824,544128,outside_own_roche_hot_not_broken
1950,758,1,belt_rock,8.249549131554088E-05,0.925331,5.20082,-1.02554,1,38.6664,473304,outside_own_roche_hot_not_broken
1950,795,1,belt_rock,1.6715475466573741E-06,0.699636,2.57035,-1.02078,1,62.0983,397410,outside_own_roche_hot_not_broken
1950,837,1,belt_rock,4.4166876390895046E-05,0.926379,4.08,-0.74795,1,43.7684,551445,outside_own_roche_hot_not_broken
1950,906,1,belt_rock,2.0343165160066184E-05,0.634365,2.98591,-1.16197,1,93.1443,306994,outside_own_roche_hot_not_broken
1950,945,1,belt_rock,0.0001221478665750242,0.785763,4.27029,-1.67963,1,187.732,177373,outside_own_roche_hot_not_broken
1950,994,1,belt_rock,5.073102656835719E-05,0.948234,3.91571,-0.825967,1,31.5769,585045,outside_own_roche_hot_not_broken
1950,1003,1,belt_rock,5.271623584532397E-05,0.331634,1.44434,-1.36955,1,94.3985,280111,outside_own_roche_hot_not_broken
1950,1013,1,belt_rock,1.3485739166102349E-06,0.823,5.77388,-0.945643,1,45.6393,471035,outside_own_roche_hot_not_broken
1950,1042,1,belt_rock,3.864563838781366E-06,0.499189,2.92619,-1.01405,1,64.8905,391278,outside_own_roche_hot_not_broken
1950,1085,1,belt_rock,4.479118374615934E-05,0.791512,3.48275,-0.816661,1,26.9756,618926,outside_own_roche_hot_not_broken
1950,1097,1,belt_rock,5.627985203682593E-05,0.670825,3.91797,-0.749298,1,45.1622,543567,outside_own_roche_hot_not_broken
1950,1102,1,belt_rock,7.303424977784841E-05,0.757864,3.04192,-1.16843,1,69.2776,351037,outside_own_roche_hot_not_broken
1950,1133,1,belt_rock,9.062121478488048E-06,0.870704,4.5047,-1.18328,1,78.3593,330202,outside_own_roche_hot_not_broken
1950,1142,1,belt_rock,1.1447247312755778E-06,0.715228,5.17076,-1.15412,1,74.2595,342952,outside_own_roche_hot_not_broken
1950,1193,1,belt_rock,1.403650331107966E-05,0.887542,4.34978,-1.1743,1,47.4278,404128,outside_own_roche_hot_not_broken
1950,1229,1,belt_rock,2.981439456329362E-05,0.935413,4.8966,-1.50861,1,165.372,199720,outside_own_roche_hot_not_broken
1950,1288,1,belt_rock,7.128374224317015E-05,0.661702,2.66079,-1.18444,1,49.2363,396774,outside_own_roche_hot_not_broken
1950,1293,1,belt_rock,3.712196245283621E-06,0.99666,5.89122,-0.828099,1,28.3545,603918,outside_own_roche_hot_not_broken
1950,1298,1,belt_rock,5.663401830953736E-05,0.874772,3.58014,-1.00574,1,46.3795,450431,outside_own_roche_hot_not_broken
1950,1315,1,belt_rock,4.845988860618527E-05,0.895057,5.31459,-0.824401,1,31.0808,588791,outside_own_roche_hot_not_broken
1950,1317,1,belt_rock,7.139985776542619E-05,0.579184,2.47618,-1.3682,1,156.408,214892,outside_own_roche_hot_not_broken
1950,1327,1,belt_rock,6.388261473972421E-05,0.720799,4.15464,-1.01058,1,41.6204,466511,outside_own_roche_hot_not_broken
1950,1331,1,belt_rock,0.0001185720506521227,0.557259,2.32321,-1.01528,1,50.4594,433864,outside_own_roche_hot_not_broken
1950,1333,1,belt_rock,1.9079699342390863E-05,0.914829,6.13982,-0.760965,1,50.7903,511627,outside_own_roche_hot_not_broken
1950,1441,1,belt_rock,6.278045039803311E-05,0.584634,2.37367,-1.19145,1,58.7566,370814,outside_own_roche_hot_not_broken
1950,1446,1,belt_rock,4.113859782316302E-06,0.356994,2.07861,-1.34823,1,100.744,273881,outside_own_roche_hot_not_broken
1950,1517,1,belt_rock,1.3744942984223593E-05,0.909361,2.26732,-0.7596,1,45.2482,538900,outside_own_roche_hot_not_broken
1950,1535,1,belt_rock,6.299434464046324E-05,0.699789,3.01196,-0.753136,1,44.3058,546422,outside_own_roche_hot_not_broken
1950,1569,1,belt_rock,1.327403036808673E-05,0.68381,3.36956,-1.0123,1,43.367,459442,outside_own_roche_hot_not_broken
1950,1574,1,belt_rock,6.153870205146155E-05,0.683288,3.95572,-1.52235,1,199.974,177560,outside_own_roche_hot_not_broken
1950,1598,1,belt_rock,1.174383645059915E-05,0.971229,4.73457,-0.743874,1,42.6755,559103,outside_own_roche_hot_not_broken
1950,1608,1,belt_rock,9.397495555543693E-05,0.880492,3.7098,-0.983643,1,76.1118,369063,outside_own_roche_hot_not_broken
1950,1621,1,belt_rock,0.00012357740268414342,0.65429,2.72271,-0.749549,1,45.4196,542135,outside_own_roche_hot_not_broken
1950,1754,1,belt_rock,0.00012195047251411568,0.873675,1.70767,-0.757007,1,45.1788,540311,outside_own_roche_hot_not_broken
1950,1756,1,belt_rock,1.2428109523364325E-05,0.802458,3.9935,-1.51346,1,147.32,212864,outside_own_roche_hot_not_broken
1950,1757,1,belt_rock,1.9085166187942505E-05,0.799205,5.36335,-0.813331,1,28.918,607889,outside_own_roche_hot_not_broken
1950,1778,1,belt_rock,7.105359335249661E-06,0.762088,4.0685,-0.753882,1,43.8859,548312,outside_own_roche_hot_not_broken
1950,1802,1,belt_rock,0.00012743139464196945,0.526212,2.84899,-1.19028,1,111.723,276073,outside_own_roche_hot_not_broken
1950,1813,1,belt_rock,6.228224419637998E-05,0.815428,1.68616,-0.822681,1,33.8917,573005,outside_own_roche_hot_not_broken
1950,1829,1,belt_rock,1.3866967116444367E-06,0.912007,6.36609,-0.744995,1,42.8452,557687,outside_own_roche_hot_not_broken
1950,1898,1,belt_rock,8.135500548414582E-07,0.937789,4.08933,-1.31489,1,71.3948,323537,outside_own_roche_hot_not_broken
1950,1910,1,belt_rock,1.1268171028213465E-05,0.585222,2.94064,-1.01806,1,57.5526,411031,outside_own_roche_hot_not_broken
1950,1933,1,belt_rock,7.995838448456708E-07,0.639254,4.94489,-0.753755,1,45.7258,538849,outside_own_roche_hot_not_broken
1950,1940,1,belt_rock,2.2108686677391142E-05,0.550909,3.62634,-1.34897,1,73.635,314687,outside_own_roche_hot_not_broken
1950,1981,1,belt_rock,1.7718268023598462E-06,0.928244,6.20286,-1.65977,1,204.518,169381,outside_own_roche_hot_not_broken
2000,18,1,belt_rock,0.00011419349476458948,0.727342,3.97163,-0.739376,1,46.5056,540739,outside_own_roche_hot_not_broken
2000,22,1,belt_rock,8.315027387182423E-05,0.977937,4.14507,-0.81009,1,22.5712,653847,outside_own_roche_hot_not_broken
2000,24,1,belt_rock,7.005699151282417E-07,0.399416,4.98753,-1.18484,1,80.4009,326118,outside_own_roche_hot_not_broken
2000,42,1,belt_rock,9.044688466255514E-06,0.872326,4.51407,-1.12822,1,72.4925,351041,outside_own_roche_hot_not_broken
2000,59,1,belt_rock,8.636542180844972E-05,0.314666,1.33212,-1.32516,1,117.309,255829,outside_own_roche_hot_not_broken
2000,65,1,belt_rock,8.304769814433225E-05,0.813696,3.23692,-1.31805,1,65.4372,334338,outside_own_roche_hot_not_broken
2000,121,1,belt_rock,1.7787957704379382E-06,0.932738,9.62761,-1.66775,1,190.805,176211,outside_own_roche_hot_not_broken
2000,150,1,belt_rock,6.148470791553775E-06,0.955752,2.7223,-1.15422,1,83.9395,324104,outside_own_roche_hot_not_broken
2000,159,1,belt_rock,1.4827623141554978E-06,0.274826,2.94193,-5.17874,1,67.23,118647,outside_own_roche_hot_not_broken
2000,177,1,belt_rock,1.0654382583018515E-05,0.305724,2.25806,-1.45736,1,189.664,186552,outside_own_roche_hot_not_broken
2000,195,1,belt_rock,1.7430248357966163E-06,0.976333,6.54297,-1.01269,1,50.6303,433984,outside_own_roche_hot_not_broken
2000,203,1,belt_rock,6.700652613383534E-07,0.908059,7.41615,-1.12492,1,63.9548,371112,outside_own_roche_hot_not_broken
2000,237,1,belt_rock,6.102036428621735E-05,0.850527,4.92441,-0.799962,1,23.1293,655739,outside_own_roche_hot_not_broken
2000,246,1,belt_rock,1.158554041804656E-06,0.50066,5.63434,-2.98629,1,1.30363,237846,outside_own_roche_hot_not_broken
2000,261,1,belt_rock,6.675471966701073E-06,0.908738,4.83317,-0.729645,1,41.3137,573125,outside_own_roche_hot_not_broken
2000,267,1,belt_rock,1.048620642138604E-06,0.902711,6.63341,-1.31997,1,76.1383,314369,outside_own_roche_hot_not_broken
2000,286,1,belt_rock,6.701834319915527E-07,0.859042,6.87573,-1.00777,1,66.2391,389023,outside_own_roche_hot_not_broken
2000,313,1,belt_rock,1.5852969205609998E-05,0.823647,5.68614,-0.735029,1,39.9895,578308,outside_own_roche_hot_not_broken
2000,320,1,belt_rock,2.7371059402551924E-05,0.776285,3.55189,-0.993027,1,56.0697,421602,outside_own_roche_hot_not_broken
2000,344,1,belt_rock,9.978670243053017E-05,0.804374,3.37888,-0.736572,1,42.207,564922,outside_own_roche_hot_not_broken
2000,415,1,belt_rock,3.173377727381647E-05,0.467826,2.1153,-1.35015,1,110.724,261193,outside_own_roche_hot_not_broken
2000,418,1,belt_rock,6.566668068236153E-07,0.843914,6.92065,-0.79897,1,29.1641,613785,outside_own_roche_hot_not_broken
2000,435,1,belt_rock,1.2714545665413913E-05,0.620785,4.44795,-1.13473,1,58.239,383391,outside_own_roche_hot_not_broken
2000,440,1,belt_rock,2.6345516458117787E-05,0.831176,3.81647,-1.00736,1,47.9431,444499,outside_own_roche_hot_not_broken
2000,451,1,belt_rock,5.0078647692493076E-06,0.932683,5.24414,-0.809768,1,31.9928,590365,outside_own_roche_hot_not_broken
2000,457,1,belt_rock,7.133033718116092E-05,0.963328,1.96693,-0.733227,1,41.7382,569066,outside_own_roche_hot_not_broken
2000,474,1,belt_rock,7.189937739453264E-06,0.585533,3.08044,-0.99852,1,43.3988,463432,outside_own_roche_hot_not_broken
2000,480,1,belt_rock,4.671869378947701E-06,0.548993,3.13658,-0.715542,1,82.9608,407492,outside_own_roche_hot_not_broken
2000,503,1,belt_rock,6.787802871302369E-05,0.518495,2.223,-1.16738,1,51.1067,395387,outside_own_roche_hot_not_broken
2000,524,1,belt_rock,6.601085338736048E-07,0.72863,5.84916,-0.739687,1,43.3695,557145,outside_own_roche_hot_not_broken
2000,527,1,belt_rock,9.547492419230784E-06,0.776094,3.97852,-0.736443,1,39.7158,579250,outside_own_roche_hot_not_broken
2000,528,1,belt_rock,7.321684399494307E-06,0.88058,2.43042,-0.735205,1,44.4177,553423,outside_own_roche_hot_not_broken
2000,590,1,belt_rock,1.9894548730711897E-05,0.732456,3.45178,-0.73651,1,41.9565,566352,outside_own_roche_hot_not_broken
2000,591,1,belt_rock,1.354520969904125E-06,0.806256,5.72568,-0.739501,1,43.3797,557170,outside_own_roche_hot_not_broken
2000,602,1,belt_rock,6.64030985832495E-07,0.844209,10.6605,-0.800824,1,25.6351,636917,outside_own_roche_hot_not_broken
2000,625,1,belt_rock,8.789445532453747E-05,0.804096,3.18502,-0.803621,1,26.2831,630787,outside_own_roche_hot_not_broken
2000,628,1,belt_rock,9.341724511972494E-07,0.734773,8.64269,-1.32647,1,73.9766,317235,outside_own_roche_hot_not_broken
2000,638,1,belt_rock,3.4322432703245706E-05,0.609315,2.73668,-1.13908,1,75.5728,342726,outside_own_roche_hot_not_broken
2000,644,1,belt_rock,1.2597326153480967E-06,0.745857,5.29805,-1.18157,1,93.343,304107,outside_own_roche_hot_not_broken
2000,656,1,belt_rock,5.896217278215509E-05,0.645692,3.7519,-0.740973,1,45.358,546009,outside_own_roche_hot_not_broken
2000,669,1,belt_rock,3.667176777031462E-06,0.809804,2.538,-1.13066,1,95.6843,306935,outside_own_roche_hot_not_broken
2000,705,1,belt_rock,0.0001010755835750245,0.54099,2.98509,-1.00113,1,58.1454,413294,outside_own_roche_hot_not_broken
2000,709,1,belt_rock,6.969675955960486E-06,0.639935,5.09834,-1.32827,1,70.6914,322866,outside_own_roche_hot_not_broken
2000,714,1,belt_rock,4.592437645712026E-05,0.781175,4.67098,-1.32972,1,96.2147,282005,outside_own_roche_hot_not_broken
2000,715,1,belt_rock,3.975474529119768E-05,0.775586,3.44207,-0.7358,1,44.3823,553357,outside_own_roche_hot_not_broken
2000,769,1,belt_rock,4.4430291981534104E-05,0.953309,5.7173,-0.794823,1,24.2092,650745,outside_own_roche_hot_not_broken
2000,776,1,belt_rock,1.8903231773250015E-05,0.356626,1.69114,-1.17498,1,90.7726,309205,outside_own_roche_hot_not_broken
2000,778,1,belt_rock,1.277853927769584E-05,0.596378,2.95757,-0.936121,1,46.107,472179,outside_own_roche_hot_not_broken
2000,828,1,belt_rock,2.1780771841748363E-06,0.666292,4.29671,-0.994379,1,37.5393,487935,outside_own_roche_hot_not_broken
2000,837,1,belt_rock,4.4166876390895046E-05,0.711219,3.13239,-0.742943,1,44.1671,551455,outside_own_roche_hot_not_broken
2000,950,1,belt_rock,6.4183820798641525E-06,0.457315,3.69636,-1.13528,1,60.1186,378507,outside_own_roche_hot_not_broken
2000,960,1,belt_rock,2.3884137407643173E-05,0.479832,3.11885,-1.00272,1,63.8989,396429,outside_own_roche_hot_not_broken
2000,975,1,belt_rock,3.080101672853503E-05,0.935618,2.08926,-1.15738,1,59.4738,375710,outside_own_roche_hot_not_broken
2000,1006,1,belt_rock,7.152108912183968E-05,0.412706,1.65903,-1.13645,1,73.2024,348115,outside_own_roche_hot_not_broken
2000,1013,1,belt_rock,1.3485739166102349E-06,0.682059,4.78509,-0.938621,1,46.2004,471037,outside_own_roche_hot_not_broken
2000,1028,1,belt_rock,1.9467089848577998E-05,0.279944,1.32506,-1.49225,1,115.953,242772,outside_own_roche_hot_not_broken
2000,1031,1,belt_rock,7.50386250920112E-07,0.979712,12.0595,-0.729356,1,39.3266,584920,outside_own_roche_hot_not_broken
2000,1073,1,belt_rock,4.065454806673326E-05,0.640487,2.69871,-0.995159,1,34.5238,500560,outside_own_roche_hot_not_broken
2000,1075,1,belt_rock,7.897193075790433E-06,0.9581,5.03674,-0.794967,1,24.9292,645367,outside_own_roche_hot_not_broken
2000,1084,1,belt_rock,1.1205570782970458E-05,0.988865,4.85279,-0.732019,1,40.1761,578626,outside_own_roche_hot_not_broken
2000,1094,1,belt_rock,7.140652465859772E-07,0.39106,3.0917,-1.11827,1,87.4065,323021,outside_own_roche_hot_not_broken
2000,1111,1,belt_rock,3.0322288565435997E-05,0.797564,3.61571,-0.800052,1,29.4622,611259,outside_own_roche_hot_not_broken
2000,1133,1,belt_rock,9.062121478488048E-06,0.51702,2.67487,-1.16987,1,79.43,330206,outside_own_roche_hot_not_broken
2000,1187,1,belt_rock,1.7130688190867056E-05,0.993294,6.77621,-0.794108,1,18.4601,696829,outside_own_roche_hot_not_broken
2000,1193,1,belt_rock,1.403650331107966E-05,0.546316,2.67745,-1.16688,1,48.0225,404123,outside_own_roche_hot_not_broken
2000,1200,1,belt_rock,6.624167436905334E-07,0.933465,7.64147,-1.48406,1,178.257,192376,outside_own_roche_hot_not_broken
2000,1229,1,belt_rock,2.981439456329362E-05,0.455415,2.38396,-1.48573,1,167.195,199726,outside_own_roche_hot_not_broken
2000,1288,1,belt_rock,7.128374224317015E-05,0.740014,2.9757,-1.17534,1,49.9642,396774,outside_own_roche_hot_not_broken
2000,1295,1,belt_rock,2.588496501680819E-06,0.776262,4.86329,-1.30528,1,89.1138,295201,outside_own_roche_hot_not_broken
2000,1298,1,belt_rock,5.663401830953736E-05,0.615562,2.51929,-0.998871,1,46.9318,450421,outside_own_roche_hot_not_broken
2000,1302,1,belt_rock,5.5736894145338306E-05,0.597468,2.44886,-1.17438,1,68.6331,351401,outside_own_roche_hot_not_broken
2000,1317,1,belt_rock,7.139985776542619E-05,0.858172,3.66893,-1.35277,1,157.641,214893,outside_own_roche_hot_not_broken
2000,1327,1,belt_rock,6.388261473972421E-05,0.769313,4.43427,-1.00364,1,42.1752,466513,outside_own_roche_hot_not_broken
2000,1358,1,belt_rock,1.9615986830551907E-05,0.874363,5.84455,-0.801052,1,21.4984,667567,outside_own_roche_hot_not_broken
2000,1401,1,belt_rock,6.0874230779359964E-05,0.943501,4.07006,-0.986818,1,51.5881,437682,outside_own_roche_hot_not_broken
2000,1535,1,belt_rock,6.299434464046324E-05,0.933964,4.01987,-0.748194,1,44.7027,546415,outside_own_roche_hot_not_broken
2000,1550,1,belt_rock,7.793046757488623E-05,0.89415,3.80606,-0.925744,1,161.864,242164,outside_own_roche_hot_not_broken
2000,1564,1,belt_rock,1.151960144485447E-06,0.477415,3.44746,-1.13312,1,58.23,383747,outside_own_roche_hot_not_broken
2000,1569,1,belt_rock,1.327403036808673E-05,0.800668,3.94539,-1.00516,1,43.9376,459445,outside_own_roche_hot_not_broken
2000,1574,1,belt_rock,6.153870205146155E-05,0.790272,4.57507,-1.50946,1,201.002,177562,outside_own_roche_hot_not_broken
2000,1591,1,belt_rock,3.560392368572573E-06,0.273167,1.62613,-1.71161,1,229.094,156089,outside_own_roche_hot_not_broken
2000,1598,1,belt_rock,1.174383645059915E-05,0.697323,3.39933,-0.739572,1,43.0174,559115,outside_own_roche_hot_not_broken
2000,1627,1,belt_rock,2.851538515269608E-06,0.841934,2.78004,-1.30534,1,64.9527,337302,outside_own_roche_hot_not_broken
2000,1640,1,belt_rock,8.69927307519916E-05,0.584824,3.27301,-1.30587,1,194.45,191129,outside_own_roche_hot_not_broken
2000,1643,1,belt_rock,1.314763465869944E-05,0.419044,2.98466,-1.17749,1,71.422,344957,outside_own_roche_hot_not_broken
2000,1670,1,belt_rock,0.0001230702731353458,0.935306,3.89271,-0.797296,1,18.7054,692602,outside_own_roche_hot_not_broken
2000,1691,1,belt_rock,2.3816228147703187E-05,0.638996,2.96407,-1.33177,1,76.5569,312029,outside_own_roche_hot_not_broken
2000,1716,1,belt_rock,6.689638650994544E-07,0.615852,4.93099,-1.17206,1,62.7676,364986,outside_own_roche_hot_not_broken
2000,1725,1,belt_rock,1.3488971464294364E-05,0.926473,6.56225,-0.804086,1,19.0986,684828,outside_own_roche_hot_not_broken
2000,1747,1,belt_rock,2.3123494933816673E-06,0.962735,6.14595,-0.732272,1,43.4002,560218,outside_own_roche_hot_not_broken
2000,1756,1,belt_rock,1.2428109523364325E-05,0.611515,3.04325,-1.49927,1,148.45,212869,outside_own_roche_hot_not_broken
2000,1757,1,belt_rock,1.9085166187942505E-05,0.960614,6.44653,-0.810282,1,29.1594,607905,outside_own_roche_hot_not_broken
2000,1829,1,belt_rock,1.3866967116444367E-06,0.729364,5.09119,-0.739968,1,43.2455,557697,outside_own_roche_hot_not_broken
2000,1862,1,belt_rock,3.735788956757335E-05,0.851593,3.79939,-1.16469,1,88.4069,314635,outside_own_roche_hot_not_broken
2000,1867,1,belt_rock,2.7359345033430177E-06,0.909673,5.64751,-0.796548,1,29.7364,611299,outside_own_roche_hot_not_broken
2000,1898,1,belt_rock,8.135500548414582E-07,0.428864,1.87011,-1.30237,1,72.3963,323537,outside_own_roche_hot_not_broken
2000,1910,1,belt_rock,1.1268171028213465E-05,0.863156,4.33721,-1.0089,1,58.2838,411034,outside_own_roche_hot_not_broken
2000,1957,1,belt_rock,4.546050945647867E-05,0.723423,3.01796,-1.33493,1,130.418,240848,outside_own_roche_hot_not_broken
2000,1964,1,belt_rock,3.1844806920837496E-05,0.972172,4.39554,-1.11335,1,63.8358,373647,outside_own_roche_hot_not_broken
2000,1981,1,belt_rock,1.7718268023598462E-06,0.47793,3.1937,-1.63799,1,206.253,169384,outside_own_roche_hot_not_broken
