step,slot,gen,origin,mass_E,dist_over_rmax,dist_over_own_roche,specific_energy_est,bound_est,excess_over_vapor_est,circular_over_hostR_est,reason_est
50,29,1,belt_rock,7.415129758338482E-05,0.533835,2.27548,-1.01854,1,1253.88,8844.54,outside_own_roche_hot_not_broken
50,58,1,belt_rock,1.7254673485562205E-06,0.483778,3.24785,-2.23834,1,662.832,14028.5,outside_own_roche_hot_not_broken
50,83,1,belt_rock,5.5003009931766945E-05,0.642279,2.78667,-2.16195,1,2574.35,4298.99,outside_own_roche_hot_not_broken
50,84,1,belt_rock,1.0731612296091364E-06,0.914962,3.6586,-0.797604,1,2.17441E+06,5.43148,outside_own_roche_hot_not_broken
50,88,1,belt_rock,2.4844189979726295E-05,0.772557,3.56124,-2.04203,1,44530.5,264.256,outside_own_roche_hot_not_broken
50,106,1,belt_rock,9.989621165819789E-07,0.637451,4.72693,-2.16725,1,2611.98,4240.25,outside_own_roche_hot_not_broken
50,110,1,belt_rock,5.995263054619686E-05,0.275531,1.59738,-1.23127,1,46675.2,252.506,outside_own_roche_hot_not_broken
50,172,1,belt_rock,2.7262675860769095E-05,0.434279,1.98594,-2.34841,1,1524.34,6897.88,outside_own_roche_hot_not_broken
50,183,1,belt_rock,7.514426820808907E-07,0.70157,8.6333,-2.04229,1,717.2,13412.3,outside_own_roche_hot_not_broken
50,193,1,belt_rock,6.251551443423197E-05,0.544075,1.12453,-1.01512,1,715.885,14817.1,outside_own_roche_hot_not_broken
50,214,1,belt_rock,8.65139313484343E-05,0.993899,4.20295,-1.7698,1,1095.62,9546.22,outside_own_roche_hot_not_broken
50,239,1,belt_rock,0.00011508512138717126,0.792622,3.30718,-0.836865,1,1683.12,6748.67,outside_own_roche_hot_not_broken
50,310,1,belt_rock,3.052840703602538E-05,0.615688,2.78833,-2.16645,1,1332.97,7840.87,outside_own_roche_hot_not_broken
50,315,1,belt_rock,6.779185458102007E-05,0.86574,3.70921,-1.8433,1,467.842,19194.7,outside_own_roche_hot_not_broken
50,361,1,belt_rock,3.4969525043006715E-05,0.263387,1.18002,-2.4568,1,677.607,13511,outside_own_roche_hot_not_broken
50,372,1,belt_rock,4.276073707647674E-06,0.791037,6.85993,-2.00139,1,1906.29,5715.54,outside_own_roche_hot_not_broken
50,381,1,belt_rock,6.71049021629911E-05,0.833882,3.57392,-0.845427,1,1.59227E+06,7.41715,outside_own_roche_hot_not_broken
50,427,1,belt_rock,1.3130073863905397E-06,0.192924,1.36008,-2.25989,1,190.622,31799.2,outside_own_roche_hot_not_broken
50,478,1,belt_rock,4.7792294772332905E-05,0.95445,4.17755,-0.780299,1,271106,43.5546,outside_own_roche_hot_not_broken
50,488,1,belt_rock,9.635752618049203E-07,0.628606,4.69307,-0.948314,1,13642.8,860.915,outside_own_roche_hot_not_broken
50,504,1,belt_rock,1.5764471185863046E-05,0.737619,3.44795,-0.860346,1,862.208,12685.5,outside_own_roche_hot_not_broken
50,548,1,belt_rock,1.1361598220820847E-06,0.447406,5.05515,-1.12109,1,486.838,20485.9,outside_own_roche_hot_not_broken
50,580,1,belt_rock,5.123003537975256E-05,0.410119,1.78711,-1.1026,1,8802.18,1328.47,outside_own_roche_hot_not_broken
50,593,1,belt_rock,3.034512054616222E-06,0.44451,2.69915,-1.09707,1,351400,33.6018,outside_own_roche_hot_not_broken
50,627,1,belt_rock,7.399350571099165E-05,0.7456,3.17833,-0.860725,1,2882.77,4001.39,outside_own_roche_hot_not_broken
50,656,1,belt_rock,1.149380293673649E-05,0.787145,2.01648,-2.02656,1,6953.38,1659.84,outside_own_roche_hot_not_broken
50,668,1,belt_rock,8.10093443170024E-06,0.767684,3.94207,-0.915247,1,11279.9,1040.3,outside_own_roche_hot_not_broken
50,672,1,belt_rock,1.151838066992738E-05,0.502463,2.51207,-2.31862,1,64905.8,181.447,outside_own_roche_hot_not_broken
50,683,1,belt_rock,6.389245679859074E-05,0.381777,1.64147,-2.42012,1,2954.76,3751.35,outside_own_roche_hot_not_broken
50,708,1,belt_rock,6.654967670883609E-05,0.610368,2.61801,-2.12403,1,672.299,14023.2,outside_own_roche_hot_not_broken
50,718,1,belt_rock,5.9492213673361914E-05,0.539881,2.33049,-1.00495,1,2741.36,4185.56,outside_own_roche_hot_not_broken
50,726,1,belt_rock,4.5358408977083655E-06,0.692159,3.94099,-2.12724,1,36722.1,320.138,outside_own_roche_hot_not_broken
50,738,1,belt_rock,0.00010547019390133567,0.967308,4.05142,-0.820519,1,2527.9,4553.86,outside_own_roche_hot_not_broken
50,766,1,belt_rock,1.808318569179846E-05,0.311551,2.10643,-2.47132,1,1633.61,6449.26,outside_own_roche_hot_not_broken
50,850,1,belt_rock,4.267575560909948E-05,0.398085,1.75706,-2.3247,1,712.807,13140.7,outside_own_roche_hot_not_broken
50,894,1,belt_rock,2.771218867781808E-05,0.704616,3.21723,-1.99504,1,450.54,19357.1,outside_own_roche_hot_not_broken
50,895,1,belt_rock,5.1673629218995624E-05,0.518697,2.2589,-1.03117,1,18171.4,647.018,outside_own_roche_hot_not_broken
50,905,1,belt_rock,2.4827329840534488E-05,0.90174,4.15656,-1.90101,1,996422,11.8512,outside_own_roche_hot_not_broken
50,909,1,belt_rock,4.151086850201267E-05,0.256891,1.07935,-1.29999,1,669.69,15265.3,outside_own_roche_hot_not_broken
50,945,1,belt_rock,1.8817652171939333E-05,0.902441,4.12504,-0.774156,1,15683.8,750.085,outside_own_roche_hot_not_broken
50,972,1,belt_rock,1.2010704141531678E-05,0.418771,3.01618,-1.11353,1,738.65,14268.6,outside_own_roche_hot_not_broken
50,1001,1,belt_rock,1.929050069785043E-05,0.693784,4.64157,-0.907862,1,768.217,14046.1,outside_own_roche_hot_not_broken
50,1026,1,belt_rock,9.845457718814451E-07,0.163982,1.90806,-2.81752,1,11651.1,994.457,outside_own_roche_hot_not_broken
50,1085,1,belt_rock,7.127011405440585E-05,0.486454,2.07849,-2.25877,1,829.989,11685.7,outside_own_roche_hot_not_broken
50,1112,1,belt_rock,9.376480857881003E-05,0.634988,2.67436,-0.954867,1,603.398,17374,outside_own_roche_hot_not_broken
50,1121,1,belt_rock,7.901247092792759E-05,0.703486,3.96693,-0.90656,1,35318.4,333.719,outside_own_roche_hot_not_broken
50,1129,1,belt_rock,3.974317893046079E-06,0.84984,4.91244,-0.819879,1,53116.7,222.078,outside_own_roche_hot_not_broken
50,1132,1,belt_rock,4.648461187540949E-05,0.572008,2.50949,-2.22889,1,2054.4,5289.81,outside_own_roche_hot_not_broken
50,1146,1,belt_rock,6.568865319172369E-07,0.513728,6.50196,-1.02673,1,2725.05,4207.29,outside_own_roche_hot_not_broken
50,1152,1,belt_rock,3.949910807611757E-05,0.923966,4.09875,-0.760392,1,15848.1,742.392,outside_own_roche_hot_not_broken
50,1184,1,belt_rock,2.7110505103185334E-05,0.509109,2.32791,-1.03686,1,2592.24,4414.88,outside_own_roche_hot_not_broken
50,1213,1,belt_rock,6.612395081672647E-07,0.667153,5.35386,-0.919114,1,7157.22,1633.39,outside_own_roche_hot_not_broken
50,1225,1,belt_rock,5.9962265711686885E-05,0.912269,3.71367,-0.786542,1,1.54112E+07,0.766362,outside_own_roche_hot_not_broken
50,1239,1,belt_rock,1.0695635117649592E-05,0.850597,4.28947,-1.95967,1,16064,728.118,outside_own_roche_hot_not_broken
50,1262,1,belt_rock,7.221978235600674E-07,0.795296,6.27379,-2.02156,1,36664.6,320.712,outside_own_roche_hot_not_broken
50,1265,1,belt_rock,9.261363922954694E-07,0.814943,9.6028,-1.99752,1,19063.3,614.397,outside_own_roche_hot_not_broken
50,1266,1,belt_rock,0.0001282055120828094,0.575793,2.22838,-0.984142,1,10716.9,1094.02,outside_own_roche_hot_not_broken
50,1267,1,belt_rock,2.1520546759638664E-05,0.177019,1.16596,-1.42108,1,1501.13,7313.91,outside_own_roche_hot_not_broken
50,1295,1,belt_rock,8.319479763930594E-07,0.29937,3.60679,-2.35679,1,253.029,26746.8,outside_own_roche_hot_not_broken
50,1320,1,belt_rock,4.701483024156435E-05,0.663973,2.90966,-0.926208,1,5004.44,2325.59,outside_own_roche_hot_not_broken
50,1344,1,belt_rock,9.054946995266729E-05,0.602273,2.5408,-1.01216,1,13456.1,872.462,outside_own_roche_hot_not_broken
50,1354,1,belt_rock,2.6930836912761245E-05,0.622742,2.85057,-2.13656,1,910.076,10925.6,outside_own_roche_hot_not_broken
50,1375,1,belt_rock,7.214030879228659E-06,0.422177,3.31692,-1.10638,1,14877.4,789.168,outside_own_roche_hot_not_broken
50,1377,1,belt_rock,9.492038112381383E-06,0.390385,1.99997,-2.39242,1,1610.6,6554.2,outside_own_roche_hot_not_broken
50,1381,1,belt_rock,0.00013326930539289778,0.928884,3.85264,-1.87649,1,35221.3,333.903,outside_own_roche_hot_not_broken
50,1387,1,belt_rock,3.392206718692938E-05,0.253071,1.56815,-2.38026,1,381.259,20659.5,outside_own_roche_hot_not_broken
50,1388,1,belt_rock,7.262325417492989E-07,0.5634,4.43966,-2.08094,1,341.994,23227.8,outside_own_roche_hot_not_broken
50,1407,1,belt_rock,4.208094594046739E-05,0.796371,3.3411,-0.900915,1,8353,1401.84,outside_own_roche_hot_not_broken
50,1416,1,belt_rock,0.00013026604954011943,0.703959,2.92254,-2.03293,1,657.531,14400.3,outside_own_roche_hot_not_broken
50,1427,1,belt_rock,6.8100374645058154E-06,0.620752,3.31892,-0.964636,1,34530.6,341.271,outside_own_roche_hot_not_broken
50,1428,1,belt_rock,6.240367488289082E-05,0.770722,3.12785,-0.84264,1,854.349,12813.1,outside_own_roche_hot_not_broken
50,1432,1,belt_rock,0.0001150861648073365,0.419326,1.7497,-1.09389,1,2130.17,5325.67,outside_own_roche_hot_not_broken
50,1457,1,belt_rock,0.00011032023831895741,0.36686,1.53384,-2.27866,1,418.365,19662.8,outside_own_roche_hot_not_broken
50,1460,1,belt_rock,4.7841661323221145E-05,0.338116,1.40257,-1.18187,1,163808,72.0587,outside_own_roche_hot_not_broken
50,1474,1,belt_rock,1.526929331519664E-05,0.497523,2.40589,-1.04677,1,25398.7,463.481,outside_own_roche_hot_not_broken
50,1483,1,belt_rock,0.0001286768960709658,0.759814,3.15553,-0.933068,1,5222.99,2229.42,outside_own_roche_hot_not_broken
50,1501,1,belt_rock,4.184927084353385E-06,0.935525,5.37662,-0.807081,1,11827.4,993.162,outside_own_roche_hot_not_broken
50,1510,1,belt_rock,2.9361717046501838E-05,0.471526,1.05866,-1.06539,1,11127.1,1053.36,outside_own_roche_hot_not_broken
50,1511,1,belt_rock,1.645170242546003E-05,0.646611,3.10149,-0.996275,1,6543.85,1783.13,outside_own_roche_hot_not_broken
50,1535,1,belt_rock,6.242607937569754E-05,0.91252,5.26728,-0.75677,1,1487.85,7627.69,outside_own_roche_hot_not_broken
50,1557,1,belt_rock,9.704813403801734E-05,0.459742,1.8091,-2.32268,1,1507.3,6975.67,outside_own_roche_hot_not_broken
50,1562,1,belt_rock,4.9534108569627474E-05,0.599624,3.55023,-2.17383,1,1108.16,9212.19,outside_own_roche_hot_not_broken
50,1564,1,belt_rock,1.424533495308481E-05,0.299648,1.46186,-2.48714,1,1687.36,6261.16,outside_own_roche_hot_not_broken
50,1567,1,belt_rock,2.6928903232889538E-05,0.909122,4.15859,-0.760828,1,2549.26,4524.93,outside_own_roche_hot_not_broken
50,1582,1,belt_rock,3.228750081474862E-05,0.675251,4.20785,-0.910401,1,3095.31,3727.94,outside_own_roche_hot_not_broken
50,1602,1,belt_rock,8.116582144119873E-05,0.928204,3.93722,-0.773447,1,23938.4,492.104,outside_own_roche_hot_not_broken
50,1609,1,belt_rock,6.842231611565695E-07,0.960406,12.052,-1.7605,1,527.87,17661.8,outside_own_roche_hot_not_broken
50,1640,1,belt_rock,3.976406260109118E-06,0.413697,2.39375,-1.1284,1,48992.3,240.628,outside_own_roche_hot_not_broken
50,1656,1,belt_rock,0.00010412931987340396,0.277077,1.16147,-2.53637,1,2960.89,3733.05,outside_own_roche_hot_not_broken
50,1660,1,belt_rock,3.6103335063269325E-06,0.926078,8.27457,-0.811259,1,16302.9,721.576,outside_own_roche_hot_not_broken
50,1665,1,belt_rock,5.1750000803789114E-05,0.261809,1.07882,-1.2446,1,1430.91,7716.93,outside_own_roche_hot_not_broken
50,1681,1,belt_rock,3.270624879871033E-05,0.693203,3.12169,-2.0216,1,528.592,17108.9,outside_own_roche_hot_not_broken
50,1695,1,belt_rock,0.00010867306958707806,0.711787,2.97776,-2.10668,1,1.20826E+06,9.77353,outside_own_roche_hot_not_broken
50,1700,1,belt_rock,8.813111703626046E-05,0.761905,4.25293,-0.868322,1,7268.38,1609.55,outside_own_roche_hot_not_broken
50,1703,1,belt_rock,5.356465384019055E-05,0.836622,3.63579,-1.95494,1,2003.27,5468.74,outside_own_roche_hot_not_broken
50,1733,1,belt_rock,8.171056839131142E-07,0.482737,3.71869,-1.06331,1,636.556,16366.8,outside_own_roche_hot_not_broken
50,1739,1,belt_rock,6.772782935538258E-05,0.971942,4.16339,-0.713313,1,2803.4,4128.91,outside_own_roche_hot_not_broken
50,1740,1,belt_rock,6.998104059086197E-06,0.337742,1.77917,-2.28586,1,372.391,21270.4,outside_own_roche_hot_not_broken
50,1742,1,belt_rock,6.812963993313899E-06,0.935782,7.42287,-0.731382,1,1847.51,6196.48,outside_own_roche_hot_not_broken
50,1746,1,belt_rock,0.00011960139126514386,0.998813,5.43223,-1.79995,1,116515,101.24,outside_own_roche_hot_not_broken
50,1818,1,belt_rock,6.689213950071773E-07,0.829353,6.64054,-1.95459,1,1481.24,7212.13,outside_own_roche_hot_not_broken
50,1824,1,belt_rock,7.019431170025994E-05,0.31151,1.33216,-2.50452,1,5142.64,2210.48,outside_own_roche_hot_not_broken
50,1861,1,belt_rock,8.424842874227605E-05,0.336897,1.42645,-1.17115,1,33338.8,353.268,outside_own_roche_hot_not_broken
50,1895,1,belt_rock,1.3129653071763286E-05,0.962741,4.61338,-1.83394,1,4682.61,2445.6,outside_own_roche_hot_not_broken
50,1906,1,belt_rock,5.004294381349749E-06,0.951652,7.98746,-0.754418,1,74311.2,158.806,outside_own_roche_hot_not_broken
50,1908,1,belt_rock,9.046472078039928E-07,0.541722,4.09293,-1.02251,1,88017.1,134.061,outside_own_roche_hot_not_broken
50,1949,1,belt_rock,2.8228498543789084E-05,0.786694,4.98901,-0.840324,1,3149.65,3671.45,outside_own_roche_hot_not_broken
50,1984,1,belt_rock,5.874267657127136E-05,0.570768,2.32743,-1.0176,1,483933,24.4014,outside_own_roche_hot_not_broken
100,55,1,belt_rock,9.75946849677895E-05,0.588099,2.47285,-0.406623,1,587.498,19048.5,outside_own_roche_hot_not_broken
100,61,1,belt_rock,1.0473319429668802E-06,0.701518,5.15617,-1.50364,1,525169,22.484,outside_own_roche_hot_not_broken
100,67,1,belt_rock,7.184934149232222E-07,0.661189,5.22107,-0.360488,1,1173.09,9826.42,outside_own_roche_hot_not_broken
100,133,1,belt_rock,1.544554533575785E-06,0.951582,6.51496,-0.233568,1,1846.55,6331.96,outside_own_roche_hot_not_broken
100,149,1,belt_rock,5.409833447348342E-05,0.897322,5.26171,-0.327893,1,446.438,24987.1,outside_own_roche_hot_not_broken
100,151,1,belt_rock,2.793270093961756E-06,0.69699,2.30423,-1.52202,1,7246.23,1602.96,outside_own_roche_hot_not_broken
100,159,1,belt_rock,4.45023776890028E-06,0.78599,4.47503,-0.360547,1,518.504,21577.9,outside_own_roche_hot_not_broken
100,184,1,belt_rock,2.85253088798564E-06,0.894642,2.93658,-0.221242,1,13738.7,858.554,outside_own_roche_hot_not_broken
100,210,1,belt_rock,5.6870093377229005E-06,0.810411,2.33714,-0.321118,1,653.207,17396.8,outside_own_roche_hot_not_broken
100,224,1,belt_rock,5.226723528331741E-06,0.720459,6.04615,-1.52045,1,3613.74,3161.83,outside_own_roche_hot_not_broken
100,230,1,belt_rock,4.342668678982829E-06,0.514604,4.4606,-0.388396,1,2564.86,4549.66,outside_own_roche_hot_not_broken
100,236,1,belt_rock,1.3737511448273232E-06,0.641774,4.4874,-0.303016,1,2.95124E+07,0.400192,outside_own_roche_hot_not_broken
100,267,1,belt_rock,4.3248990411126446E-05,0.307249,1.35525,-0.453927,1,775941,15.2203,outside_own_roche_hot_not_broken
100,271,1,belt_rock,7.256669797790492E-07,0.568387,4.47963,-0.357727,1,3393.78,3450.98,outside_own_roche_hot_not_broken
100,279,1,belt_rock,5.720654004218349E-05,0.997027,4.3156,-0.187874,1,3955.3,2974.72,outside_own_roche_hot_not_broken
100,297,1,belt_rock,1.2694531043938425E-05,0.839751,4.04619,-0.245713,1,7774.98,1515.22,outside_own_roche_hot_not_broken
100,309,1,belt_rock,0.00010412867287164442,0.893351,4.91686,-1.40359,1,9039.94,1290.46,outside_own_roche_hot_not_broken
100,324,1,belt_rock,6.187410359181482E-07,0.731588,3.34816,-0.376162,1,588.2,19102,outside_own_roche_hot_not_broken
100,371,1,belt_rock,0.00010802348032346932,0.669233,2.80085,-0.38599,1,723.298,15660.3,outside_own_roche_hot_not_broken
100,384,1,belt_rock,2.8494801798169636E-05,0.973018,4.43659,-1.37651,1,12029.4,972.908,outside_own_roche_hot_not_broken
100,429,1,belt_rock,7.063660106598864E-05,0.401363,1.71609,-0.427065,1,2406.28,4839.55,outside_own_roche_hot_not_broken
100,462,1,belt_rock,1.671538180195072E-06,0.270726,1.84667,-0.468863,1,144545,81.6879,outside_own_roche_hot_not_broken
100,508,1,belt_rock,1.425865708752866E-06,0.630447,4.37865,-1.52855,1,519862,22.7134,outside_own_roche_hot_not_broken
100,513,1,belt_rock,0.00010878504529488519,0.906995,3.79458,-0.230539,1,3296.68,3562.65,outside_own_roche_hot_not_broken
100,533,1,belt_rock,7.761964542320152E-07,0.533539,4.22969,-0.342139,1,20634.4,571.616,outside_own_roche_hot_not_broken
100,538,1,belt_rock,4.9410002280251484E-05,0.438323,2.59674,-0.418294,1,1929.79,6015.83,outside_own_roche_hot_not_broken
100,554,1,belt_rock,6.264510289611913E-07,0.682101,3.15015,-1.51985,1,29265.5,401.898,outside_own_roche_hot_not_broken
100,563,1,belt_rock,9.83000940021853E-07,0.752014,5.59336,-1.50477,1,5718.93,2022.61,outside_own_roche_hot_not_broken
100,567,1,belt_rock,0.0001001257122877767,0.952368,3.99945,-0.329132,1,370.594,29755.4,outside_own_roche_hot_not_broken
100,584,1,belt_rock,5.937722709574997E-05,0.269089,1.16233,-0.482137,1,11930.1,986.793,outside_own_roche_hot_not_broken
100,608,1,belt_rock,1.1214531635169931E-06,0.651155,7.37689,-0.413,1,490.63,22553.6,outside_own_roche_hot_not_broken
100,636,1,belt_rock,1.2084476002809443E-05,0.318526,2.30034,-1.66023,1,171219,68.9263,outside_own_roche_hot_not_broken
100,639,1,belt_rock,9.746203710551199E-06,0.927184,4.73507,-0.211583,1,10850.9,1086.75,outside_own_roche_hot_not_broken
100,641,1,belt_rock,1.334044214705529E-05,0.416843,2.0503,-0.396419,1,20116,586.203,outside_own_roche_hot_not_broken
100,646,1,belt_rock,4.100844260076472E-05,0.861158,3.81217,-0.304235,1,935.545,12304.2,outside_own_roche_hot_not_broken
100,665,1,belt_rock,1.523934913168059E-06,0.968992,6.6501,-0.25127,1,841.175,13712.9,outside_own_roche_hot_not_broken
100,678,1,belt_rock,6.585970433448093E-07,0.403731,3.24245,-0.444712,1,1758.71,6582.37,outside_own_roche_hot_not_broken
100,752,1,belt_rock,3.3600219277249815E-06,0.302956,1.81987,-0.444631,1,1.28937E+06,9.15971,outside_own_roche_hot_not_broken
100,780,1,belt_rock,1.0015177306013484E-05,0.760986,3.88319,-1.49732,1,12166.4,961.289,outside_own_roche_hot_not_broken
100,795,1,belt_rock,4.088523964561641E-06,0.715349,4.16903,-1.48323,1,42327.9,278.247,outside_own_roche_hot_not_broken
100,818,1,belt_rock,6.754064422780164E-07,0.835221,6.81029,-0.266747,1,1943.01,6012.5,outside_own_roche_hot_not_broken
100,840,1,belt_rock,6.796957577082962E-07,0.629829,5.02731,-1.55112,1,3912.81,2925.67,outside_own_roche_hot_not_broken
100,855,1,belt_rock,2.6730112074829286E-05,0.310907,1.4262,-1.65131,1,68211.9,172.812,outside_own_roche_hot_not_broken
100,961,1,belt_rock,2.550656604497459E-05,0.688798,3.16932,-0.403214,1,476.83,23199.6,outside_own_roche_hot_not_broken
100,965,1,belt_rock,3.790663143827348E-06,0.843884,4.95793,-0.233491,1,30452.5,387.6,outside_own_roche_hot_not_broken
100,967,1,belt_rock,6.413753990884223E-05,0.523017,3.0137,-1.56797,1,325889,36.2273,outside_own_roche_hot_not_broken
100,996,1,belt_rock,9.055183568033024E-05,0.847609,3.35046,-0.254788,1,8166.61,1442.61,outside_own_roche_hot_not_broken
100,1010,1,belt_rock,5.9680744144243964E-05,0.364555,1.57494,-1.65536,1,1657.14,6599.71,outside_own_roche_hot_not_broken
100,1016,1,belt_rock,2.232218839771328E-06,0.476891,3.06256,-0.459718,1,557.851,19862.2,outside_own_roche_hot_not_broken
100,1029,1,belt_rock,7.019538979864662E-05,0.948261,1.93894,-0.282733,1,613.027,18580.5,outside_own_roche_hot_not_broken
100,1072,1,belt_rock,0.00010440408880845706,0.347216,1.45548,-0.423863,1,2.89004E+06,4.08661,outside_own_roche_hot_not_broken
100,1078,1,belt_rock,3.0360101278397817E-06,0.882665,5.38809,-0.231172,1,4276,2750.18,outside_own_roche_hot_not_broken
100,1099,1,belt_rock,2.666401661439939E-06,0.405391,2.52742,-1.63491,1,1747.43,6288.18,outside_own_roche_hot_not_broken
100,1113,1,belt_rock,5.332982608591728E-05,0.647018,2.81336,-0.369706,1,827.398,13781.8,outside_own_roche_hot_not_broken
100,1122,1,belt_rock,1.1570037517425314E-06,0.592764,4.27696,-0.359214,1,3130.49,3738.45,outside_own_roche_hot_not_broken
100,1135,1,belt_rock,3.361854847826575E-06,0.383901,3.50253,-1.60817,1,40791.6,288.625,outside_own_roche_hot_not_broken
100,1199,1,belt_rock,0.00010528709787761894,0.949364,3.71698,-0.211162,1,10770.6,1094.85,outside_own_roche_hot_not_broken
100,1249,1,belt_rock,9.576087134278705E-07,0.591578,4.42179,-0.403062,1,698.968,16152.1,outside_own_roche_hot_not_broken
100,1277,1,belt_rock,4.4879758236117436E-05,0.293743,1.29229,-0.474825,1,2946.19,3957.75,outside_own_roche_hot_not_broken
100,1285,1,belt_rock,2.1044921547262486E-06,0.500733,4.99958,-1.5888,1,13038.8,897.062,outside_own_roche_hot_not_broken
100,1295,1,belt_rock,8.319479763930594E-07,0.692302,8.34082,-2.35802,1,245.249,27220.3,outside_own_roche_hot_not_broken
100,1306,1,belt_rock,1.270183842965404E-05,0.971818,4.81225,-1.37305,1,8261.74,1410.8,outside_own_roche_hot_not_broken
100,1355,1,belt_rock,7.618198029479165E-05,0.515892,2.19658,-0.36674,1,3201.95,3655.09,outside_own_roche_hot_not_broken
100,1378,1,belt_rock,5.6394561661384295E-05,0.766841,3.32243,-0.338662,1,867.78,13198.1,outside_own_roche_hot_not_broken
100,1392,1,belt_rock,6.964652440262799E-07,0.761668,9.52268,-0.338895,1,778.952,14652.2,outside_own_roche_hot_not_broken
100,1400,1,belt_rock,7.682589038240997E-05,0.761462,1.54444,-0.347869,1,801.291,14244.8,outside_own_roche_hot_not_broken
100,1404,1,belt_rock,6.570592722748303E-07,0.561728,4.51341,-0.329333,1,20201.1,583.891,outside_own_roche_hot_not_broken
100,1410,1,belt_rock,2.0914925189223986E-05,0.375321,2.48501,-0.408717,1,51996.6,226.999,outside_own_roche_hot_not_broken
100,1420,1,belt_rock,7.916642299722799E-07,0.714213,5.63955,-0.308542,1,4573.85,2568.35,outside_own_roche_hot_not_broken
100,1421,1,belt_rock,3.5831691317334104E-05,0.970445,5.97183,-0.30526,1,394.101,28219.9,outside_own_roche_hot_not_broken
100,1430,1,belt_rock,1.988020196328842E-06,0.625554,4.09746,-0.322109,1,5027.14,2337.39,outside_own_roche_hot_not_broken
100,1448,1,belt_rock,3.437731736057392E-06,0.756855,4.53018,-1.50782,1,2863.5,3957.82,outside_own_roche_hot_not_broken
100,1479,1,belt_rock,1.0774832325037705E-06,0.673388,4.92328,-0.285286,1,422371,27.9612,outside_own_roche_hot_not_broken
100,1482,1,belt_rock,5.8253541868329984E-05,0.705662,4.10725,-1.49485,1,355613,33.2009,outside_own_roche_hot_not_broken
100,1515,1,belt_rock,1.425352889541142E-05,0.743201,3.6266,-0.285453,1,2946.57,3977.43,outside_own_roche_hot_not_broken
100,1586,1,belt_rock,6.332687678284627E-06,0.308051,1.67738,-1.67424,1,24112.4,487.109,outside_own_roche_hot_not_broken
100,1589,1,belt_rock,8.290720024190884E-07,0.985805,7.5729,-1.37606,1,17615.8,666.292,outside_own_roche_hot_not_broken
100,1591,1,belt_rock,1.4414860190809002E-05,0.616789,3.00639,-0.383776,1,951.9,12019.7,outside_own_roche_hot_not_broken
100,1631,1,belt_rock,3.507283147114604E-05,0.980103,4.38995,-0.289695,1,418.597,26734.6,outside_own_roche_hot_not_broken
100,1678,1,belt_rock,7.81337618734545E-06,0.487903,1.33173,-0.422467,1,991.761,11516.3,outside_own_roche_hot_not_broken
100,1714,1,belt_rock,6.480991478117173E-05,0.841861,3.61685,-0.353036,1,371.183,29569,outside_own_roche_hot_not_broken
100,1765,1,belt_rock,6.6884151035971E-07,0.621225,4.9742,-1.51962,1,63050.6,186.959,outside_own_roche_hot_not_broken
100,1819,1,belt_rock,0.0001117860383953989,0.932657,3.89821,-1.42481,1,34639.2,339.843,outside_own_roche_hot_not_broken
100,1869,1,belt_rock,8.89111798961875E-06,0.762566,5.78674,-0.278831,1,6107.67,1926.7,outside_own_roche_hot_not_broken
100,1891,1,belt_rock,8.38780286167778E-06,0.575535,2.95658,-1.5748,1,1643.87,6673.23,outside_own_roche_hot_not_broken
150,16,1,belt_rock,8.721632761113683E-05,0.534599,2.26093,0.108083,0,NaN,65430.3,unbound
150,52,1,belt_rock,2.4539572313025482E-05,0.31459,1.45446,-0.00890983,1,206.362,57035.5,outside_own_roche_hot_not_broken
150,56,1,belt_rock,3.125996828522022E-05,0.761035,3.44319,0.18409,0,NaN,74308,unbound
150,117,1,belt_rock,6.285790367911833E-06,0.397663,2.17614,-1.09673,1,1570.57,7122.1,outside_own_roche_hot_not_broken
150,121,1,belt_rock,5.045219082921966E-06,0.64224,3.61892,0.0832919,0,NaN,82533.3,unbound
150,126,1,belt_rock,2.3456772970261447E-05,0.83828,3.89503,-0.977044,1,1042.2,10541.8,outside_own_roche_hot_not_broken
150,134,1,belt_rock,3.546551291463778E-06,0.998754,5.94906,0.288018,0,NaN,69292.9,unbound
150,138,1,belt_rock,9.13045740934095E-05,0.76098,3.21073,0.262567,0,NaN,33990.8,unbound
150,141,1,belt_rock,6.096549603188333E-05,0.726467,4.2078,0.110241,0,NaN,92363.9,unbound
150,162,1,belt_rock,1.7803060516831073E-06,0.56841,3.79515,0.167361,0,NaN,45440.8,unbound
150,178,1,belt_rock,0.00012132576914686781,0.576738,2.40216,0.0968358,0,NaN,70411.1,unbound
150,180,1,belt_rock,9.416707619553214E-07,0.698516,5.23767,0.196391,0,NaN,48387.4,unbound
150,232,1,belt_rock,6.527342666792909E-05,0.577115,1.18815,0.0562053,0,NaN,87036.9,unbound
150,248,1,belt_rock,9.396162854509097E-05,0.705284,2.97288,-1.10147,1,1716.62,6544.24,outside_own_roche_hot_not_broken
150,400,1,belt_rock,7.339290530718813E-05,0.993373,4.23895,0.23273,0,NaN,87712.2,unbound
150,406,1,belt_rock,0.00012284732097645541,0.428808,2.32831,0.0840355,0,NaN,47719.7,unbound
150,426,1,belt_rock,1.6336812194088133E-06,0.507769,3.47869,0.113797,0,NaN,51397.5,unbound
150,432,1,belt_rock,0.00011297787256659718,0.752459,1.47907,0.206666,0,NaN,54315.7,unbound
150,474,1,belt_rock,4.401599900482596E-05,0.875067,3.65971,0.232761,0,NaN,65078.4,unbound
150,497,1,belt_rock,1.4512264955015069E-06,0.977912,6.77038,0.339661,0,NaN,47166.4,unbound
150,544,1,belt_rock,0.00010201719042163645,0.655095,2.74948,0.173731,0,NaN,60063.9,unbound
150,570,1,belt_rock,3.814864534225505E-06,0.402416,2.37013,0.0656731,0,NaN,50166,unbound
150,597,1,belt_rock,1.278095388773519E-06,0.709641,5.02748,0.0849309,0,NaN,89322.9,unbound
150,601,1,belt_rock,7.258925145147878E-07,0.167679,1.32145,-0.0884881,1,305.683,37762.3,outside_own_roche_hot_not_broken
150,619,1,belt_rock,1.4424044668242505E-05,0.339293,2.38077,0.0325592,0,NaN,57218.4,unbound
150,629,1,belt_rock,0.00012597961196872463,0.637279,2.65014,0.0658357,0,NaN,93206.3,unbound
150,633,1,belt_rock,3.2047046802466206E-05,0.466114,2.10502,0.0814189,0,NaN,59849.1,unbound
150,649,1,belt_rock,8.101046037720878E-05,0.305186,1.29571,0.00785993,0,NaN,56421,unbound
150,658,1,belt_rock,2.703560408683843E-05,0.775923,3.55437,0.208566,0,NaN,65229.9,unbound
150,682,1,belt_rock,1.0500771131447005E-05,0.530854,2.70097,-1.1557,1,2787.82,4100.52,outside_own_roche_hot_not_broken
150,686,1,belt_rock,8.025981000085922E-07,0.619284,4.78696,0.0874111,0,NaN,81747.6,unbound
150,787,1,belt_rock,3.061069906415563E-06,0.470379,2.86769,0.0989311,0,NaN,58109.1,unbound
150,813,1,belt_rock,8.9227833200925E-06,0.921679,4.77179,0.14722,0,NaN,105308,unbound
150,819,1,belt_rock,6.71775302538942E-07,0.709248,5.67416,0.194071,0,NaN,49971.2,unbound
150,834,1,belt_rock,1.7104993528709994E-05,0.761083,5.19631,0.245121,0,NaN,46415.2,unbound
150,854,1,belt_rock,5.4974633430916456E-05,0.515926,3.02401,-1.10438,1,2167.94,5234.54,outside_own_roche_hot_not_broken
150,884,1,belt_rock,1.6169008578338754E-05,0.917238,4.42783,-0.983534,1,848.323,12740.6,outside_own_roche_hot_not_broken
150,886,1,belt_rock,4.4524573309960355E-06,0.809985,4.65341,0.215453,0,NaN,67116.1,unbound
150,890,1,belt_rock,1.4775727961245645E-05,0.701564,3.4144,0.243824,0,NaN,30193.4,unbound
150,940,1,belt_rock,3.253180833281578E-05,0.324518,1.69044,-0.040797,1,164.458,70418.1,outside_own_roche_hot_not_broken
150,954,1,belt_rock,8.296777750317205E-05,0.50119,1.9934,0.123522,0,NaN,49707,unbound
150,957,1,belt_rock,7.043976274377333E-05,0.413999,2.36426,-1.15431,1,2621.14,4352.57,outside_own_roche_hot_not_broken
150,968,1,belt_rock,9.75506256770658E-05,0.299344,1.17831,-1.16595,1,1792.8,6262.01,outside_own_roche_hot_not_broken
150,1019,1,belt_rock,7.806841663598732E-07,0.615222,4.71159,0.163142,0,NaN,52865.9,unbound
150,1037,1,belt_rock,2.11822106113961E-05,0.538391,2.52371,0.065519,0,NaN,72437.3,unbound
150,1039,1,belt_rock,1.2960516571214601E-06,0.799454,5.64937,0.143072,0,NaN,93171.7,unbound
150,1087,1,belt_rock,3.7040372763589545E-06,0.556393,1.73997,0.18248,0,NaN,31383.7,unbound
150,1090,1,belt_rock,4.1394332899438535E-05,0.699848,3.09791,0.166154,0,NaN,65804.8,unbound
150,1125,1,belt_rock,8.863036640206866E-06,0.683548,5.22412,-0.0546563,1,271.863,42755.6,outside_own_roche_hot_not_broken
150,1172,1,belt_rock,5.850413918192465E-05,0.841728,3.63988,0.262007,0,NaN,56998.2,unbound
150,1192,1,belt_rock,7.53199641015491E-06,0.473722,2.51381,0.0486638,0,NaN,73954.7,unbound
150,1201,1,belt_rock,1.768033744210839E-05,0.215431,1.02877,-0.00192323,1,668.465,17664.2,outside_own_roche_hot_not_broken
150,1226,1,belt_rock,3.454689732521436E-05,0.604376,3.7396,0.155322,0,NaN,57022.2,unbound
150,1228,1,belt_rock,1.2512962451554162E-05,0.398527,2.86535,-0.0867995,1,248.682,46202.8,outside_own_roche_hot_not_broken
150,1236,1,belt_rock,1.0623970652800713E-05,0.219385,1.1116,-0.00415769,1,563.211,20957.8,outside_own_roche_hot_not_broken
150,1295,1,belt_rock,8.319479763930594E-07,0.551082,6.6394,-2.33669,1,260.769,26380.4,outside_own_roche_hot_not_broken
150,1331,1,belt_rock,5.905562818146934E-05,0.60859,1.26503,0.225184,0,NaN,21337.8,unbound
150,1339,1,belt_rock,5.589096559548396E-06,0.181907,1.51213,-1.38471,1,3158.9,3612.17,outside_own_roche_hot_not_broken
150,1390,1,belt_rock,1.2988599385540738E-06,0.969897,6.8511,-0.928825,1,891.883,12223.9,outside_own_roche_hot_not_broken
150,1393,1,belt_rock,3.342004089311858E-05,0.587897,2.64568,0.119205,0,NaN,60264,unbound
150,1456,1,belt_rock,2.457336783710384E-05,0.2188,1.41749,-0.0325852,1,225.588,51756.8,outside_own_roche_hot_not_broken
150,1469,1,belt_rock,5.1847814476603925E-05,0.740294,4.36676,-1.00203,1,1234.25,8985.51,outside_own_roche_hot_not_broken
150,1472,1,belt_rock,4.78140490456358E-06,0.238401,1.35719,-0.0113172,1,257.1,45776.7,outside_own_roche_hot_not_broken
150,1490,1,belt_rock,4.8294722623914586E-05,0.634302,2.77964,-1.11975,1,3301.22,3483.14,outside_own_roche_hot_not_broken
150,1506,1,belt_rock,2.8884696666281473E-05,0.562687,2.56314,0.191787,0,NaN,37238.6,unbound
150,1603,1,belt_rock,1.2609858430881305E-06,0.593404,4.21436,0.200632,0,NaN,38598.7,unbound
150,1661,1,belt_rock,1.0374648687842477E-06,0.681087,7.84009,0.143424,0,NaN,69510.9,unbound
150,1685,1,belt_rock,0.0001267561361479715,0.600391,2.32586,0.163389,0,NaN,50241.1,unbound
150,1745,1,belt_rock,6.997228378351329E-07,0.185769,1.47447,-0.0782068,1,242.959,47391.2,outside_own_roche_hot_not_broken
150,1761,1,belt_rock,2.856155706328101E-06,0.640319,6.02562,-1.12039,1,2416.56,4712.59,outside_own_roche_hot_not_broken
150,1770,1,belt_rock,4.327821959861061E-06,0.276332,1.59676,-0.0634578,1,177.294,64761.7,outside_own_roche_hot_not_broken
150,1810,1,belt_rock,1.1890944185199493E-06,0.289138,1.1484,-0.0346719,1,189.101,61553.9,outside_own_roche_hot_not_broken
150,1838,1,belt_rock,8.856233859053702E-05,0.41647,1.76001,0.115994,0,NaN,35825.4,unbound
150,1841,1,belt_rock,2.1490380746410318E-05,0.744245,3.48779,-1.00138,1,1250.83,8873.9,outside_own_roche_hot_not_broken
150,1846,1,belt_rock,4.466093444329174E-06,0.935797,5.38216,-0.935874,1,856.203,12685,outside_own_roche_hot_not_broken
150,1885,1,belt_rock,1.522191013524797E-05,0.870556,4.23089,-0.978335,1,795.601,13515.3,outside_own_roche_hot_not_broken
150,1889,1,belt_rock,7.734065278462333E-05,0.917223,3.90477,-0.967295,1,759.579,14111.3,outside_own_roche_hot_not_broken
150,1915,1,belt_rock,9.060237699095551E-05,0.52865,2.94577,0.0384326,0,NaN,75725.7,unbound
150,1946,1,belt_rock,4.537347180561453E-05,0.800016,3.51801,0.151692,0,NaN,90961.6,unbound
150,1982,1,belt_rock,1.2298087852558681E-05,0.636354,3.16472,0.110936,0,NaN,74672.9,unbound
150,1987,1,belt_rock,3.361735646919132E-06,0.6661,4.00097,0.237031,0,NaN,36244.9,unbound
150,1991,1,belt_rock,6.911239450870801E-07,0.627299,4.99091,-1.03332,1,1337.17,8318.32,outside_own_roche_hot_not_broken
150,1994,1,belt_rock,0.00011645690778087109,0.424624,2.31554,0.115147,0,NaN,40741.1,unbound
150,2002,1,belt_rock,6.039436000269368E-07,0.437564,2.04051,0.140265,0,NaN,35145,unbound
200,0,1,sun,333333.33379529126,0.271449,Infinity,3.76034,0,NaN,0.10083,unbound
200,3,1,planet,1,0.836696,3.50585,5.68984,0,NaN,636230,unbound
200,9,1,moon,0.0123,0.839191,3.4843,5.82381,0,NaN,651331,unbound
200,44,1,belt_rock,8.852283561299575E-05,0.698604,3.9026,2.38599,0,NaN,366311,unbound
200,56,1,belt_rock,3.117522954689992E-05,0.907692,4.12355,-1.615,1,303.324,27306.3,outside_own_roche_hot_not_broken
200,65,1,belt_rock,2.564248693457498E-06,0.595381,3.73587,1.89937,0,NaN,222749,unbound
200,81,1,belt_rock,6.567670551217517E-07,0.822917,6.61261,2.64138,0,NaN,511605,unbound
200,92,1,belt_rock,0.0001121843475891616,0.521792,2.85529,2.18343,0,NaN,209802,unbound
200,99,1,belt_rock,4.661012025065244E-05,0.588506,2.58523,2.42017,0,NaN,282886,unbound
200,121,1,belt_rock,5.034470734442024E-06,0.946888,5.35137,-1.65226,1,204.035,35128.1,outside_own_roche_hot_not_broken
200,125,1,belt_rock,6.566749992462903E-07,0.588047,7.44308,3.10663,0,NaN,341807,unbound
200,134,1,belt_rock,3.546551291463778E-06,0.764258,4.55229,-1.45344,1,335.548,26139.9,outside_own_roche_hot_not_broken
200,139,1,belt_rock,8.709843407407884E-06,0.425955,2.22386,0.9759,0,NaN,80733.1,unbound
200,141,1,belt_rock,6.0890589308280466E-05,0.892708,5.182,-1.64093,1,343.8,24860.6,outside_own_roche_hot_not_broken
200,143,1,belt_rock,4.340612022266509E-05,0.858726,3.79071,2.62265,0,NaN,543790,unbound
200,152,1,belt_rock,3.6071275132237348E-06,0.917966,8.26513,3.13546,0,NaN,682821,unbound
200,177,1,belt_rock,5.034254672545088E-06,0.716424,4.04892,-0.783664,1,185.922,47505.6,outside_own_roche_hot_not_broken
200,198,1,belt_rock,8.279507288967805E-05,0.639045,2.71081,2.77389,0,NaN,357129,unbound
200,223,1,belt_rock,3.520490512440083E-05,0.889756,5.49891,2.80486,0,NaN,11509.4,unbound
200,242,1,belt_rock,6.130811600420801E-06,0.541659,2.97741,14.9661,0,NaN,553165,unbound
200,272,1,belt_rock,7.197691667922144E-07,0.655886,2.96575,2.08894,0,NaN,292408,unbound
200,281,1,belt_rock,1.831866988672988E-06,0.636612,4.22938,8.43063,0,NaN,283925,unbound
200,300,1,belt_rock,5.874308153166851E-05,0.903478,5.25523,3.87676,0,NaN,702921,unbound
200,334,1,belt_rock,1.9725231062414738E-05,0.83908,3.96303,4.18266,0,NaN,613568,unbound
200,344,1,belt_rock,6.56722042392166E-07,0.650074,5.22378,0.661766,0,NaN,129417,unbound
200,367,1,belt_rock,3.140882962985506E-06,0.931013,5.65267,3.76914,0,NaN,736716,unbound
200,376,1,belt_rock,5.713299764379653E-05,0.759942,3.29295,2.82533,0,NaN,477566,unbound
200,379,1,belt_rock,4.783129952477751E-06,0.759807,6.49483,3.61888,0,NaN,531424,unbound
200,382,1,belt_rock,8.004137809075066E-05,0.51558,2.19153,0.88448,0,NaN,98095.6,unbound
200,389,1,belt_rock,8.731038579696367E-05,0.985371,4.16891,2.48671,0,NaN,4251.79,unbound
200,400,1,belt_rock,7.332451710949852E-05,0.736291,3.14649,-1.24565,1,296.853,29786.8,outside_own_roche_hot_not_broken
200,418,1,belt_rock,3.525851572674954E-05,0.669303,4.13719,0.806976,0,NaN,151012,unbound
200,424,1,belt_rock,1.6688266015606265E-05,0.699958,3.37081,5.03223,0,NaN,103114,unbound
200,431,1,belt_rock,2.5933179387092167E-05,0.797949,3.52382,2.68709,0,NaN,496632,unbound
200,436,1,belt_rock,1.3454135325069842E-05,0.560715,2.68936,3.18707,0,NaN,322799,unbound
200,453,1,belt_rock,6.992885638261917E-05,0.834357,4.76639,3.84888,0,NaN,614732,unbound
200,464,1,belt_rock,3.879567028825407E-06,0.828141,4.85126,2.65431,0,NaN,522064,unbound
200,466,1,belt_rock,4.865764545319357E-06,0.708128,6.03436,3.13589,0,NaN,456353,unbound
200,473,1,belt_rock,1.868486202232704E-05,0.89361,6.02696,3.20838,0,NaN,663420,unbound
200,475,1,belt_rock,4.9160442346040124E-05,0.855502,3.74489,3.08071,0,NaN,21257.4,unbound
200,484,1,belt_rock,6.724524269909974E-07,0.632588,7.96713,0.444282,0,NaN,108727,unbound
200,494,1,belt_rock,5.102479074598439E-06,0.98799,8.34455,3.24786,0,NaN,777360,unbound
200,495,1,belt_rock,0.00010228677431724056,0.905148,3.80016,3.25113,0,NaN,35934.9,unbound
200,497,1,belt_rock,1.4512264955015069E-06,0.849755,5.88311,-1.43557,1,135.079,47256.9,outside_own_roche_hot_not_broken
200,503,1,belt_rock,5.7430997765532065E-05,0.490099,2.12336,2.45917,0,NaN,210824,unbound
200,511,1,belt_rock,9.024849591409564E-06,0.471977,2.44882,2.98848,0,NaN,239532,unbound
200,524,1,belt_rock,3.261797531074073E-05,0.57335,2.58973,0.2664,0,NaN,76095.9,unbound
200,525,1,belt_rock,1.4823341785997185E-06,0.649926,4.52558,1.42924,0,NaN,209041,unbound
200,532,1,belt_rock,5.1581301120989146E-05,0.458733,2.00099,3.37242,0,NaN,248133,unbound
200,540,1,belt_rock,4.11993829289831E-05,0.875805,5.30508,3.0593,0,NaN,626532,unbound
200,592,1,belt_rock,5.728988085325562E-06,0.518045,2.87135,3.61785,0,NaN,302118,unbound
200,596,1,belt_rock,0.00010472713543588404,0.769809,3.22851,2.78022,0,NaN,5643.92,unbound
200,597,1,belt_rock,1.278095388773519E-06,0.895831,6.34656,-1.68178,1,274.865,28848.1,outside_own_roche_hot_not_broken
200,598,1,belt_rock,1.5025550365101884E-05,0.996768,4.84753,3.33361,0,NaN,801320,unbound
200,607,1,belt_rock,1.718598099938071E-06,0.502689,3.37717,2.13961,0,NaN,194489,unbound
200,626,1,belt_rock,5.280982166788213E-06,0.958498,8.04857,2.47868,0,NaN,3366.76,unbound
200,629,1,belt_rock,0.0001259110395993854,0.937437,3.90172,-1.68165,1,282.207,28340.6,outside_own_roche_hot_not_broken
200,631,1,belt_rock,1.7932161166426683E-06,0.701024,4.67468,-0.884479,1,254.418,36320.7,outside_own_roche_hot_not_broken
200,643,1,belt_rock,6.909100001198158E-07,0.72936,5.80327,2.60492,0,NaN,419143,unbound
200,654,1,belt_rock,6.757675773939491E-07,0.616907,4.92972,3.38787,0,NaN,384858,unbound
200,662,1,belt_rock,2.960215670939273E-05,0.678802,3.0878,3.47529,0,NaN,447116,unbound
200,686,1,belt_rock,8.025981000085922E-07,0.964848,7.45811,-1.63708,1,200.951,35583,outside_own_roche_hot_not_broken
200,717,1,belt_rock,2.2707846419077505E-05,0.697971,3.25588,5.84763,0,NaN,156083,unbound
200,725,1,belt_rock,6.235829557211184E-05,0.561844,2.42147,3.27606,0,NaN,329379,unbound
200,737,1,belt_rock,0.00010009879115595672,0.631916,2.48401,-0.63535,1,239.835,40633.4,outside_own_roche_hot_not_broken
200,778,1,belt_rock,2.6514376433355864E-06,0.564231,3.52096,3.24307,0,NaN,329836,unbound
200,801,1,belt_rock,1.1422330404320835E-05,0.501709,2.8024,1.54105,0,NaN,140500,unbound
200,813,1,belt_rock,8.855674418590257E-06,0.767123,4.0146,-1.24237,1,257.743,33070.7,outside_own_roche_hot_not_broken
200,834,1,belt_rock,1.7015977169776016E-05,0.99497,6.84564,-1.25795,1,40.2607,83824.9,outside_own_roche_hot_not_broken
200,841,1,belt_rock,0.00012286983867613435,0.892112,3.71431,3.15532,0,NaN,656141,unbound
200,849,1,belt_rock,3.070596874896153E-05,0.661929,3.00206,3.15661,0,NaN,413176,unbound
200,852,1,belt_rock,2.3330739551683784E-05,0.737262,1.70582,3.90406,0,NaN,510702,unbound
200,859,1,belt_rock,5.546543035554521E-06,0.582964,3.21837,-0.656267,1,264.491,37258.4,outside_own_roche_hot_not_broken
200,867,1,belt_rock,7.639233837715225E-05,0.679432,2.8964,-1.0249,1,265.298,34008,outside_own_roche_hot_not_broken
200,870,1,belt_rock,4.0718180270311874E-05,0.844702,5.1231,3.99871,0,NaN,630333,unbound
200,872,1,belt_rock,0.0001265295520468032,0.871046,3.62194,4.17735,0,NaN,647972,unbound
200,875,1,belt_rock,7.484029169640384E-07,0.751064,5.9981,2.71727,0,NaN,452516,unbound
200,878,1,belt_rock,1.0077853640904324E-06,0.713617,5.28301,3.80891,0,NaN,483643,unbound
200,886,1,belt_rock,4.446815339787865E-06,0.892752,5.13789,-1.59707,1,262.773,30241.9,outside_own_roche_hot_not_broken
200,887,1,belt_rock,4.891841053755979E-05,0.939102,5.57425,3.38591,0,NaN,726806,unbound
200,906,1,belt_rock,8.471420692965514E-05,0.410148,1.73797,1.88478,0,NaN,123632,unbound
200,908,1,belt_rock,1.2520479610584671E-05,0.649174,3.23451,0.622131,0,NaN,130196,unbound
200,930,1,belt_rock,1.5855997387264657E-05,0.477317,2.31205,0.506097,0,NaN,67612.9,unbound
200,958,1,belt_rock,4.707231868630916E-05,0.573041,2.51575,2.23271,0,NaN,244564,unbound
200,966,1,belt_rock,1.9345286246486087E-05,0.693502,4.65461,3.05342,0,NaN,434710,unbound
200,989,1,belt_rock,6.41698227667311E-06,0.538885,4.37212,1.00665,0,NaN,118387,unbound
200,994,1,belt_rock,1.745865127732295E-05,0.626196,2.99683,3.63494,0,NaN,401793,unbound
200,1002,1,belt_rock,3.458534219604765E-05,0.800261,4.95382,3.464,0,NaN,575791,unbound
200,1006,1,belt_rock,2.723900722712057E-05,0.687973,3.15234,3.43432,0,NaN,454237,unbound
200,1012,1,belt_rock,3.079283341384113E-06,0.657297,4.00819,2.43303,0,NaN,337127,unbound
200,1038,1,belt_rock,1.123039871300166E-06,0.711532,5.16229,4.02934,0,NaN,481342,unbound
200,1039,1,belt_rock,1.2960516571214601E-06,0.852664,6.02538,-1.557,1,363.882,24180.2,outside_own_roche_hot_not_broken
200,1044,1,belt_rock,2.2728678175769895E-05,0.555696,2.59023,2.88901,0,NaN,296130,unbound
200,1045,1,belt_rock,2.6725468501962197E-05,0.703627,3.10135,-0.415133,1,162.337,60397.8,outside_own_roche_hot_not_broken
200,1066,1,belt_rock,3.0101260918964537E-05,0.623309,3.92943,3.46955,0,NaN,394152,unbound
200,1080,1,belt_rock,6.871401832299599E-05,0.334584,1.43512,-2.07226,1,40.7769,57178.3,outside_own_roche_hot_not_broken
200,1082,1,belt_rock,5.703663655454942E-05,0.720882,3.12448,2.22253,0,NaN,361935,unbound
200,1091,1,belt_rock,6.484161499446903E-05,0.850053,3.65605,4.5366,0,NaN,126095,unbound
200,1104,1,belt_rock,4.50823566824228E-05,0.589363,2.59613,0.780293,0,NaN,120573,unbound
200,1118,1,belt_rock,2.4665194976272173E-05,0.786153,3.4938,7.48499,0,NaN,391760,unbound
200,1197,1,belt_rock,8.535780065514528E-07,0.713693,8.55289,3.61108,0,NaN,484925,unbound
200,1204,1,belt_rock,0.00011232577974364132,0.524295,2.86896,1.28519,0,NaN,133890,unbound
200,1220,1,belt_rock,3.476459542894631E-06,0.656028,5.94768,2.07003,0,NaN,290024,unbound
200,1221,1,belt_rock,2.2362078106696202E-06,0.647838,4.15911,3.83542,0,NaN,424147,unbound
200,1271,1,belt_rock,9.447345734858725E-05,0.680112,2.86574,3.09932,0,NaN,426092,unbound
200,1281,1,belt_rock,0.0001255033177684123,0.725424,2.81215,3.92489,0,NaN,500859,unbound
200,1282,1,belt_rock,2.3748972948209223E-05,0.397546,1.84564,2.43349,0,NaN,152169,unbound
200,1289,1,belt_rock,9.088343094409988E-05,0.866156,4.82578,3.77196,0,NaN,652145,unbound
200,1297,1,belt_rock,8.199182351865695E-07,0.640211,7.73658,2.7893,0,NaN,359171,unbound
200,1307,1,belt_rock,0.00012763252177902957,0.521236,2.16687,3.31792,0,NaN,296607,unbound
200,1316,1,belt_rock,4.974774965095563E-06,0.547882,3.10172,1.09469,0,NaN,123691,unbound
200,1328,1,belt_rock,4.761002882582794E-06,0.457147,2.60462,2.88944,0,NaN,221245,unbound
200,1330,1,belt_rock,1.6123502669304657E-05,0.90013,4.3498,2.96925,0,NaN,19649.8,unbound
200,1341,1,belt_rock,4.4509004473818285E-06,0.714157,4.10949,1.96397,0,NaN,315672,unbound
200,1358,1,belt_rock,1.6420719661915807E-06,0.557511,3.77569,-0.249833,1,229.555,47329.4,outside_own_roche_hot_not_broken
200,1389,1,belt_rock,0.00011619089133474088,0.961465,4.01232,4.14421,0,NaN,771267,unbound
200,1402,1,belt_rock,0.00013086889619444062,0.601751,2.49898,3.37517,0,NaN,370014,unbound
200,1403,1,belt_rock,0.00011100584274697695,0.289903,1.13258,-0.500426,1,117.906,74779.1,outside_own_roche_hot_not_broken
200,1417,1,belt_rock,0.00010164901647760529,0.540954,2.27216,-0.205926,1,229.539,48008.1,outside_own_roche_hot_not_broken
200,1424,1,belt_rock,6.666243895766523E-05,0.643873,2.7651,1.03062,0,NaN,157123,unbound
200,1450,1,belt_rock,3.902604338997615E-06,0.710828,4.17206,-1.3496,1,332.221,26830.8,outside_own_roche_hot_not_broken
200,1508,1,belt_rock,9.281420583424006E-05,0.688928,2.90515,3.93882,0,NaN,462578,unbound
200,1517,1,belt_rock,1.7447384546361423E-05,0.436776,2.0917,2.70539,0,NaN,196755,unbound
200,1529,1,belt_rock,9.471527052528397E-05,0.662804,2.79251,2.95957,0,NaN,398321,unbound
200,1531,1,belt_rock,3.051909854359889E-06,0.72772,4.44464,1.8902,0,NaN,311664,unbound
200,1541,1,belt_rock,4.010059708147671E-06,0.44244,2.5861,2.20506,0,NaN,164252,unbound
200,1546,1,belt_rock,1.073155975413114E-05,0.931683,6.86963,3.18768,0,NaN,706126,unbound
200,1554,1,belt_rock,9.799834962744704E-06,0.581595,2.92153,3.2242,0,NaN,344043,unbound
200,1593,1,belt_rock,6.959228055886601E-05,0.547792,2.20772,10.7261,0,NaN,299031,unbound
200,1596,1,belt_rock,6.327301182556603E-05,0.867767,3.73583,4.09044,0,NaN,649133,unbound
200,1599,1,belt_rock,6.0079163720249055E-06,0.735416,4.05376,-1.39889,1,327.588,26872.9,outside_own_roche_hot_not_broken
200,1601,1,belt_rock,7.241245935005754E-05,0.982297,4.1961,3.70135,0,NaN,803852,unbound
200,1616,1,belt_rock,3.344557602256245E-05,0.477125,1.05502,3.45807,0,NaN,265286,unbound
200,1626,1,belt_rock,0.00012194715081585406,0.509939,2.12398,3.13018,0,NaN,278195,unbound
200,1633,1,belt_rock,5.378055067564789E-06,0.43818,2.4531,3.17979,0,NaN,225209,unbound
200,1639,1,belt_rock,9.601274622360839E-05,0.631391,2.65941,0.0746803,0,NaN,83498.6,unbound
200,1644,1,belt_rock,5.328730656895987E-05,0.63506,2.76451,2.50871,0,NaN,327259,unbound
200,1661,1,belt_rock,1.0374648687842477E-06,0.958377,11.032,-1.58464,1,163.385,40704.4,outside_own_roche_hot_not_broken
200,1680,1,belt_rock,1.9329046972791895E-05,0.775356,1.84118,2.98185,0,NaN,11406.4,unbound
200,1682,1,belt_rock,9.748241192372095E-06,0.295116,1.52389,-1.474,1,56.4031,67751.2,outside_own_roche_hot_not_broken
200,1710,1,belt_rock,0.00011444150715678446,0.96798,4.04248,3.0379,0,NaN,731848,unbound
200,1790,1,belt_rock,3.075450042289376E-05,0.492549,2.23445,2.16813,0,NaN,192829,unbound
200,1797,1,belt_rock,3.1528712417947605E-06,0.691439,6.38534,3.24131,0,NaN,448103,unbound
200,1813,1,belt_rock,4.600187236816065E-05,0.689541,1.4708,1.29113,0,NaN,208230,unbound
200,1815,1,belt_rock,1.3855784545437669E-06,0.724833,5.06031,2.98004,0,NaN,459744,unbound
200,1856,1,belt_rock,1.4704340874060698E-05,0.625353,2.96662,11.5652,0,NaN,500483,unbound
200,1880,1,belt_rock,9.648546062486889E-05,0.878722,3.69947,2.79213,0,NaN,9718.59,unbound
200,1901,1,belt_rock,7.603009653070251E-06,0.305962,1.63413,-1.62515,1,46.9837,66728.3,outside_own_roche_hot_not_broken
200,1913,1,belt_rock,8.413019268612437E-07,0.768027,5.88346,3.59169,0,NaN,539253,unbound
200,1934,1,belt_rock,5.534734256489569E-05,0.648024,3.79621,1.49131,0,NaN,207843,unbound
200,1940,1,belt_rock,4.3943956712865806E-05,0.907333,4.00033,4.07912,0,NaN,693719,unbound
200,1946,1,belt_rock,4.529544935863284E-05,0.855812,3.7733,-1.56156,1,368.85,23919.1,outside_own_roche_hot_not_broken
200,1960,1,belt_rock,6.566667295295054E-07,0.552189,4.43728,1.49711,0,NaN,167141,unbound
200,1967,1,belt_rock,2.5734513251590596E-06,0.552211,3.46294,0.81406,0,NaN,112465,unbound
200,1969,1,belt_rock,6.66049191349817E-07,0.401252,5.0637,1.86659,0,NaN,119708,unbound
200,1977,1,belt_rock,9.765683184915472E-05,0.639697,3.54169,3.38188,0,NaN,405502,unbound
200,1979,1,belt_rock,1.9358361595623597E-06,0.456941,3.00678,-0.175178,1,262.719,42678.8,outside_own_roche_hot_not_broken
200,1982,1,belt_rock,1.2226649856195345E-05,0.970118,4.86543,-1.59925,1,164.595,40373.5,outside_own_roche_hot_not_broken
250,0,2,moon,0.0001921875,0.681505,3.06507,-1.56378,1,102.887,250591,outside_own_roche_hot_not_broken
250,1,2,moon,0.0001921875,0.68144,3.06478,-1.5643,1,102.867,250568,outside_own_roche_hot_not_broken
250,3,1,planet,1,0.701459,2.93919,-1.37726,1,110.068,259398,outside_own_roche_hot_not_broken
250,9,2,moon,0.0001921875,0.68144,3.06478,-1.5643,1,102.867,250568,outside_own_roche_hot_not_broken
250,21,1,belt_rock,9.226608910716799E-05,0.915814,1.82891,-0.834059,1,61.0211,447233,outside_own_roche_hot_not_broken
250,22,1,belt_rock,8.591034909746685E-05,0.341126,1.4442,-1.49171,1,124.011,234775,outside_own_roche_hot_not_broken
250,23,1,belt_rock,0.00012001304674150088,0.611952,2.54986,-0.957463,1,73.5092,380611,outside_own_roche_hot_not_broken
250,44,1,belt_rock,8.852283561299575E-05,0.916147,5.11786,-0.606495,1,62.081,516562,outside_own_roche_hot_not_broken
250,60,1,belt_rock,2.081949803860068E-05,0.517247,2.42996,-1.07873,1,54.1985,406644,outside_own_roche_hot_not_broken
250,70,2,moon,0.0001921875,0.681505,3.06507,-1.56378,1,102.887,250591,outside_own_roche_hot_not_broken
250,80,1,belt_rock,8.394409761393371E-05,0.774057,3.27965,-0.918172,1,67.0863,406518,outside_own_roche_hot_not_broken
250,81,1,belt_rock,6.567670551217517E-07,0.761396,6.11824,-0.852151,1,47.8952,492233,outside_own_roche_hot_not_broken
250,96,1,belt_rock,7.275807928936603E-05,0.983618,4.20073,-1.28148,1,90.5895,295855,outside_own_roche_hot_not_broken
250,102,1,belt_rock,0.000106429692621863,0.51533,2.15889,-1.24956,1,99.555,286349,outside_own_roche_hot_not_broken
250,124,1,belt_rock,1.8035420372590957E-05,0.445311,3.0206,-1.41163,1,89.1087,282777,outside_own_roche_hot_not_broken
250,125,1,belt_rock,6.566749992462903E-07,0.874659,11.0708,-0.960235,1,68.1518,394095,outside_own_roche_hot_not_broken
250,126,2,moon,0.0001921875,0.681505,3.06507,-1.56378,1,102.887,250591,outside_own_roche_hot_not_broken
250,129,1,belt_rock,1.0817756122801134E-05,0.502264,2.53674,-0.961041,1,81.3508,361061,outside_own_roche_hot_not_broken
250,132,1,belt_rock,2.3258926797284054E-06,0.613278,3.91123,-0.940571,1,70.5497,391865,outside_own_roche_hot_not_broken
250,138,2,moon,0.0001921875,0.68144,3.06478,-1.5643,1,102.867,250568,outside_own_roche_hot_not_broken
250,142,1,belt_rock,3.2384639213008784E-05,0.759985,3.43057,-1.38242,1,160.916,210423,outside_own_roche_hot_not_broken
250,143,1,belt_rock,4.340612022266509E-05,0.74332,3.28126,-0.856171,1,45.7402,500133,outside_own_roche_hot_not_broken
250,150,1,belt_rock,1.0009771444657666E-06,0.774918,5.74413,-0.922496,1,66.9443,405929,outside_own_roche_hot_not_broken
250,152,1,belt_rock,3.6071275132237348E-06,0.589549,5.30814,-1.10952,1,57.0024,391950,outside_own_roche_hot_not_broken
250,155,1,belt_rock,1.7668409822199188E-05,0.564316,2.60907,-1.3619,1,80.6295,301359,outside_own_roche_hot_not_broken
250,162,2,moon,0.0001921875,0.68144,3.06478,-1.5643,1,102.867,250568,outside_own_roche_hot_not_broken
250,178,2,moon,0.0001921875,0.681505,3.06507,-1.56378,1,102.887,250591,outside_own_roche_hot_not_broken
250,188,1,belt_rock,0.00011360651665443813,0.802419,3.35132,-0.911152,1,67.3472,407390,outside_own_roche_hot_not_broken
250,189,1,belt_rock,3.4084114162771265E-05,0.868741,3.90218,-0.823515,1,58.7832,458287,outside_own_roche_hot_not_broken
250,198,1,belt_rock,8.279507288967805E-05,0.897235,3.80605,-0.769182,1,63.7924,455865,outside_own_roche_hot_not_broken
250,199,1,belt_rock,8.528662937842702E-07,0.662636,5.06291,-0.924851,1,72.4678,390098,outside_own_roche_hot_not_broken
250,202,1,belt_rock,3.297801870852921E-05,0.892957,4.02488,-1.29546,1,79.5689,311846,outside_own_roche_hot_not_broken
250,207,2,moon,0.0001921875,0.68144,3.06478,-1.5643,1,102.867,250568,outside_own_roche_hot_not_broken
250,208,1,belt_rock,2.6675843482823566E-05,0.631602,2.8969,-0.975965,1,65.6848,397408,outside_own_roche_hot_not_broken
250,216,2,moon,0.0001921875,0.681505,3.06507,-1.56378,1,102.887,250591,outside_own_roche_hot_not_broken
250,223,1,belt_rock,3.520490512440083E-05,0.76932,4.75458,-1.77283,1,201.403,166455,outside_own_roche_hot_not_broken
250,226,1,belt_rock,6.229078729211419E-06,0.409685,2.24181,-1.42752,1,94.2432,274088,outside_own_roche_hot_not_broken
250,229,2,moon,0.0001921875,0.68144,3.06478,-1.5643,1,102.867,250568,outside_own_roche_hot_not_broken
250,248,2,moon,0.0001921875,0.681505,3.06507,-1.56378,1,102.887,250591,outside_own_roche_hot_not_broken
250,250,1,belt_rock,6.57644026336519E-07,0.513745,4.12716,-1.25465,1,91.0086,298526,outside_own_roche_hot_not_broken
250,254,2,moon,0.0001921875,0.681505,3.06507,-1.56378,1,102.887,250591,outside_own_roche_hot_not_broken
250,255,1,belt_rock,1.598210655002663E-05,0.5571,2.68791,-0.987938,1,76.1707,368106,outside_own_roche_hot_not_broken
250,258,1,belt_rock,8.093035867515557E-05,0.590495,2.50764,-1.34105,1,72.6172,317575,outside_own_roche_hot_not_broken
250,260,1,belt_rock,6.566717042702423E-07,0.442589,3.55655,-1.08972,1,66.3611,372103,outside_own_roche_hot_not_broken
250,270,1,belt_rock,1.1094084069288126E-05,0.673818,1.7381,-1.40363,1,139.902,226541,outside_own_roche_hot_not_broken
250,274,1,belt_rock,6.292355206369382E-06,0.536846,2.92214,-1.00354,1,71.1919,377173,outside_own_roche_hot_not_broken
250,293,1,belt_rock,6.567384692686147E-07,0.977931,7.85829,-0.845722,1,58.0214,454587,outside_own_roche_hot_not_broken
250,294,2,moon,0.0001921875,0.68144,3.06478,-1.5643,1,102.867,250568,outside_own_roche_hot_not_broken
250,298,1,belt_rock,3.132478669401927E-05,0.692068,3.1305,-0.948805,1,69.8249,392043,outside_own_roche_hot_not_broken
250,300,1,belt_rock,5.874308153166851E-05,0.581102,3.38007,-1.30616,1,84.781,301850,outside_own_roche_hot_not_broken
250,322,1,belt_rock,4.128182066808917E-05,0.471642,1.01777,-1.05524,1,62.3663,389221,outside_own_roche_hot_not_broken
250,334,1,belt_rock,1.9725231062414738E-05,0.660109,3.11774,-1.40628,1,108.232,258828,outside_own_roche_hot_not_broken
250,347,1,belt_rock,2.2965908368954902E-05,0.469717,2.18543,-1.09116,1,62.2445,382060,outside_own_roche_hot_not_broken
250,353,1,belt_rock,0.00011972290424567593,0.647793,3.52534,-1.29223,1,60.0865,349507,outside_own_roche_hot_not_broken
250,362,1,belt_rock,1.2463612439116556E-06,0.497903,3.59346,-1.30351,1,59.1364,349609,outside_own_roche_hot_not_broken
250,367,1,belt_rock,3.140882962985506E-06,0.556491,3.37875,-1.26877,1,79.1197,316309,outside_own_roche_hot_not_broken
250,376,1,belt_rock,5.713299764379653E-05,0.756556,3.27828,-0.941598,1,53.9395,441969,outside_own_roche_hot_not_broken
250,377,1,belt_rock,5.544561486291012E-05,0.478142,2.79769,-1.00167,1,82.0549,352257,outside_own_roche_hot_not_broken
250,379,1,belt_rock,4.783129952477751E-06,0.678792,5.80231,-1.33013,1,77.8134,310124,outside_own_roche_hot_not_broken
250,380,1,belt_rock,1.940742606575168E-05,0.389069,1.83988,-1.12089,1,87.6131,322263,outside_own_roche_hot_not_broken
250,385,1,belt_rock,1.1054259914976268E-05,0.517807,2.5491,-1.00882,1,76.0001,364582,outside_own_roche_hot_not_broken
250,396,1,belt_rock,8.42302818852397E-07,0.948959,7.26784,-0.85476,1,59.9381,445236,outside_own_roche_hot_not_broken
250,397,1,belt_rock,1.138881726395724E-06,0.438732,3.17483,-1.06705,1,71.4586,364311,outside_own_roche_hot_not_broken
250,398,2,moon,0.0001921875,0.68144,3.06478,-1.5643,1,102.867,250568,outside_own_roche_hot_not_broken
250,412,2,moon,0.0001921875,0.68144,3.06478,-1.5643,1,102.867,250568,outside_own_roche_hot_not_broken
250,424,1,belt_rock,1.6688266015606265E-05,0.920848,4.43456,-1.32813,1,153.945,219574,outside_own_roche_hot_not_broken
250,430,1,belt_rock,0.00010209958041092731,0.517341,2.85284,-1.07307,1,55.3507,404629,outside_own_roche_hot_not_broken
250,431,1,belt_rock,2.5933179387092167E-05,0.756825,3.34221,-0.881244,1,50.7754,471096,outside_own_roche_hot_not_broken
250,436,1,belt_rock,1.3454135325069842E-05,0.892435,4.28038,-0.97431,1,70.9457,383719,outside_own_roche_hot_not_broken
250,437,1,belt_rock,2.1492077850253872E-05,0.50347,2.27117,-1.08872,1,58.4117,392635,outside_own_roche_hot_not_broken
250,438,1,belt_rock,9.166936833783189E-06,0.447598,2.31262,-1.1388,1,73.6052,346867,outside_own_roche_hot_not_broken
250,448,2,moon,0.0001921875,0.681505,3.06507,-1.56378,1,102.887,250591,outside_own_roche_hot_not_broken
250,449,1,belt_rock,2.011197199927163E-06,0.323201,2.11279,-1.46321,1,102.208,260562,outside_own_roche_hot_not_broken
250,453,1,belt_rock,6.992885638261917E-05,0.636513,3.63618,-1.35063,1,89.7412,288850,outside_own_roche_hot_not_broken
250,457,1,belt_rock,7.217235775549694E-07,0.446009,3.51885,-1.0668,1,70.2225,367252,outside_own_roche_hot_not_broken
250,463,1,belt_rock,3.93273765467171E-05,0.478966,2.91889,-1.50499,1,114.829,242880,outside_own_roche_hot_not_broken
250,464,1,belt_rock,3.879567028825407E-06,0.739384,4.33132,-0.880856,1,49.213,477368,outside_own_roche_hot_not_broken
250,466,1,belt_rock,4.865764545319357E-06,0.756975,6.45061,-1.07178,1,56.908,400504,outside_own_roche_hot_not_broken
250,468,1,belt_rock,7.07434180973347E-06,0.472688,3.74934,-1.20443,1,92.6879,302219,outside_own_roche_hot_not_broken
250,473,1,belt_rock,1.868486202232704E-05,0.605172,4.08159,-1.1267,1,55.419,392512,outside_own_roche_hot_not_broken
250,474,2,moon,0.0001921875,0.681505,3.06507,-1.56378,1,102.887,250591,outside_own_roche_hot_not_broken
250,476,1,belt_rock,9.817656689245505E-05,0.483592,2.03336,-1.03057,1,74.0437,365087,outside_own_roche_hot_not_broken
250,479,1,belt_rock,3.392719511201223E-05,0.657146,4.08026,-1.66533,1,164.593,191835,outside_own_roche_hot_not_broken
250,489,1,belt_rock,2.232182176900832E-05,0.740892,3.45369,-0.865059,1,65.9261,422791,outside_own_roche_hot_not_broken
250,490,1,belt_rock,6.685319087040335E-07,0.576084,4.61317,-0.956683,1,74.2923,378793,outside_own_roche_hot_not_broken
250,494,1,belt_rock,5.102479074598439E-06,0.532889,4.50077,-1.13095,1,61.9784,374750,outside_own_roche_hot_not_broken
250,532,1,belt_rock,5.1581301120989146E-05,0.969694,4.2298,-0.974055,1,92.6367,334966,outside_own_roche_hot_not_broken
250,540,1,belt_rock,4.11993829289831E-05,0.627556,3.80134,-1.08428,1,54.9157,403309,outside_own_roche_hot_not_broken
250,544,2,moon,0.0001921875,0.681505,3.06507,-1.56378,1,102.887,250591,outside_own_roche_hot_not_broken
250,546,1,belt_rock,7.302283430031609E-07,0.307506,3.80674,-1.46968,1,106.153,255364,outside_own_roche_hot_not_broken
250,558,1,belt_rock,5.805066788445415E-05,0.474023,2.05121,-1.05228,1,63.5169,386815,outside_own_roche_hot_not_broken
250,560,1,belt_rock,6.588914285216677E-07,0.527666,4.23742,-1.01013,1,70.9365,376496,outside_own_roche_hot_not_broken
250,566,1,belt_rock,6.428092628046496E-05,0.885835,3.80865,-0.827114,1,58.2908,459040,outside_own_roche_hot_not_broken
250,571,1,belt_rock,6.899255929334052E-06,0.648788,3.49454,-1.30631,1,64.3132,338424,outside_own_roche_hot_not_broken
250,573,1,belt_rock,2.2491168309642697E-05,0.575629,3.77376,-0.932175,1,76.2842,378714,outside_own_roche_hot_not_broken
250,574,1,belt_rock,4.6628283751133235E-06,0.832689,7.15078,-1.34586,1,114.854,256747,outside_own_roche_hot_not_broken
250,579,2,moon,0.0001921875,0.68144,3.06478,-1.5643,1,102.867,250568,outside_own_roche_hot_not_broken
250,585,1,belt_rock,1.4668281194973436E-06,0.927372,6.48549,-0.873259,1,62.3095,432262,outside_own_roche_hot_not_broken
250,592,1,belt_rock,5.728988085325562E-06,0.861112,4.77286,-1.31443,1,84.3255,301520,outside_own_roche_hot_not_broken
250,594,1,belt_rock,7.4934178738710455E-06,0.893332,4.73556,-0.844854,1,58.7651,452161,outside_own_roche_hot_not_broken
250,596,2,moon,0.0001921875,0.68144,3.06478,-1.5643,1,102.867,250568,outside_own_roche_hot_not_broken
250,598,1,belt_rock,1.5025550365101884E-05,0.530606,2.58047,-1.13923,1,59.154,380139,outside_own_roche_hot_not_broken
250,605,2,moon,0.0001921875,0.681505,3.06507,-1.56378,1,102.887,250591,outside_own_roche_hot_not_broken
250,614,1,belt_rock,3.754598078788781E-05,0.648087,3.96769,-0.914211,1,71.3141,395512,outside_own_roche_hot_not_broken
250,616,1,belt_rock,4.3524622726962354E-05,0.851945,3.75915,-1.32957,1,104.299,271199,outside_own_roche_hot_not_broken
250,620,1,belt_rock,1.688403118547852E-05,0.520829,2.50332,-1.62312,1,163.123,195008,outside_own_roche_hot_not_broken
250,624,1,belt_rock,5.612562519785337E-06,0.824981,4.56419,-0.881446,1,67.4971,413963,outside_own_roche_hot_not_broken
250,626,1,belt_rock,5.280982166788213E-06,0.72105,6.0547,-1.76687,1,210.827,162226,outside_own_roche_hot_not_broken
250,630,1,belt_rock,0.00010670168751858713,0.414175,1.73487,-1.10735,1,74.0979,351181,outside_own_roche_hot_not_broken
250,637,1,belt_rock,1.4522775510693742E-05,0.772586,3.76632,-0.861033,1,62.5355,434735,outside_own_roche_hot_not_broken
250,643,1,belt_rock,6.909100001198158E-07,0.841418,6.69488,-0.771295,1,55.4518,487661,outside_own_roche_hot_not_broken
250,654,1,belt_rock,6.757675773939491E-07,0.799581,6.38948,-1.19149,1,66.7692,352476,outside_own_roche_hot_not_broken
250,658,2,moon,0.0001921875,0.68144,3.06478,-1.5643,1,102.867,250568,outside_own_roche_hot_not_broken
250,660,1,belt_rock,1.1772379558727024E-06,0.180438,1.29775,-1.5062,1,237.697,159501,outside_own_roche_hot_not_broken
250,662,1,belt_rock,2.960215670939273E-05,0.738752,3.36051,-1.27444,1,68.931,334328,outside_own_roche_hot_not_broken
250,667,1,belt_rock,6.163959811296187E-05,0.56446,2.2945,-0.969487,1,75.5323,373190,outside_own_roche_hot_not_broken
250,675,1,belt_rock,2.683401390978431E-06,0.896811,5.58536,-1.33092,1,112.938,260388,outside_own_roche_hot_not_broken
250,699,1,belt_rock,2.5989139157173602E-05,0.471861,2.17027,-1.1905,1,79.4396,327068,outside_own_roche_hot_not_broken
250,702,1,belt_rock,1.1289317074143082E-06,0.262104,1.89976,-1.50471,1,128.943,229152,outside_own_roche_hot_not_broken
250,707,1,belt_rock,9.706564149433196E-07,0.440447,3.26092,-1.17855,1,95.7612,300623,outside_own_roche_hot_not_broken
250,713,1,belt_rock,8.947110075500334E-06,0.806568,4.18397,-1.3559,1,122.658,247186,outside_own_roche_hot_not_broken
250,716,1,belt_rock,2.7772258657696042E-05,0.641297,2.93356,-1.30764,1,64.2143,338410,outside_own_roche_hot_not_broken
250,717,1,belt_rock,2.2707846419077505E-05,0.962657,4.49058,-0.978262,1,140.541,261113,outside_own_roche_hot_not_broken
250,720,1,belt_rock,6.586090713966271E-07,0.483614,3.96357,-1.21872,1,97.7949,292546,outside_own_roche_hot_not_broken
250,721,2,moon,0.0001921875,0.681505,3.06507,-1.56378,1,102.887,250591,outside_own_roche_hot_not_broken
250,724,1,belt_rock,1.0260498174324889E-05,0.447272,2.22814,-1.1479,1,75.8698,340677,outside_own_roche_hot_not_broken
250,725,1,belt_rock,6.235829557211184E-05,0.865705,3.73106,-1.0782,1,72.9591,358837,outside_own_roche_hot_not_broken
250,731,1,belt_rock,4.793449187823939E-05,0.457386,2.00421,-1.1944,1,89.2938,309079,outside_own_roche_hot_not_broken
250,733,1,belt_rock,1.758715134744336E-06,0.947558,3.44045,-0.86942,1,58.7134,445416,outside_own_roche_hot_not_broken
250,746,1,belt_rock,9.968363858681124E-06,0.48578,2.47995,-1.02464,1,75.3216,363221,outside_own_roche_hot_not_broken
250,753,1,belt_rock,9.437212190284525E-05,0.457718,1.92838,-1.07179,1,62.6347,385045,outside_own_roche_hot_not_broken
250,754,1,belt_rock,9.950781541434903E-05,0.422146,1.77395,-1.09188,1,71.6241,359379,outside_own_roche_hot_not_broken
250,757,1,belt_rock,8.69520400842481E-07,0.645584,5.0026,-0.967568,1,67.5249,394204,outside_own_roche_hot_not_broken
250,762,1,belt_rock,6.650428469851786E-07,0.918328,11.5928,-0.83187,1,56.2384,465291,outside_own_roche_hot_not_broken
250,772,1,belt_rock,0.00012201131044899116,0.422424,1.75907,-1.1579,1,94.9169,304625,outside_own_roche_hot_not_broken
250,778,1,belt_rock,2.6514376433355864E-06,0.866154,5.40505,-1.0656,1,73.4549,359994,outside_own_roche_hot_not_broken
250,788,2,moon,0.0001921875,0.68144,3.06478,-1.5643,1,102.867,250568,outside_own_roche_hot_not_broken
250,806,1,belt_rock,6.877766768383333E-06,0.81705,4.32714,-0.883208,1,62.4093,429352,outside_own_roche_hot_not_broken
250,816,1,belt_rock,3.1641558276192383E-06,0.638209,3.87318,-0.950964,1,73.7446,381334,outside_own_roche_hot_not_broken
250,828,1,belt_rock,7.310961986766228E-07,0.302676,3.74602,-1.47945,1,108.264,252105,outside_own_roche_hot_not_broken
250,835,1,belt_rock,1.3283206087038474E-06,0.758848,8.30569,-0.908053,1,66.0936,411799,outside_own_roche_hot_not_broken
250,839,1,belt_rock,0.00011527774719392456,0.783512,3.27028,-0.914232,1,67.5479,406095,outside_own_roche_hot_not_broken
250,841,1,belt_rock,0.00012286983867613435,0.611686,2.54676,-1.10879,1,54.361,399347,outside_own_roche_hot_not_broken
250,846,1,belt_rock,5.5467845167615725E-05,0.396223,1.71944,-1.10766,1,79.9874,338862,outside_own_roche_hot_not_broken
250,848,1,belt_rock,2.0929574188950525E-06,0.494254,3.209,-1.02959,1,71.2177,371990,outside_own_roche_hot_not_broken
250,849,1,belt_rock,3.070596874896153E-05,0.792111,3.59248,-1.06645,1,60.7489,391142,outside_own_roche_hot_not_broken
250,851,1,belt_rock,6.940234196401335E-05,0.316763,1.27649,-1.46358,1,103.592,258893,outside_own_roche_hot_not_broken
250,852,2,moon,0.0001921875,0.681505,3.06507,-1.56378,1,102.887,250591,outside_own_roche_hot_not_broken
250,870,1,belt_rock,4.0718180270311874E-05,0.633438,3.84179,-1.37058,1,93.0424,281871,outside_own_roche_hot_not_broken
250,872,1,belt_rock,0.0001265295520468032,0.639748,2.66016,-1.37374,1,109.424,260492,outside_own_roche_hot_not_broken
250,875,1,belt_rock,7.484029169640384E-07,0.802362,6.40777,-0.848816,1,52.4862,474553,outside_own_roche_hot_not_broken
250,878,1,belt_rock,1.0077853640904324E-06,0.717586,5.31239,-1.42189,1,88.6792,282231,outside_own_roche_hot_not_broken
250,884,2,moon,0.0001921875,0.681505,3.06507,-1.56378,1,102.887,250591,outside_own_roche_hot_not_broken
250,887,1,belt_rock,4.891841053755979E-05,0.553583,3.28592,-1.18503,1,67.9785,350976,outside_own_roche_hot_not_broken
250,890,2,moon,0.0001921875,0.68144,3.06478,-1.5643,1,102.867,250568,outside_own_roche_hot_not_broken
250,893,1,belt_rock,3.431201186069597E-05,0.374066,1.67991,-1.08334,1,90.8828,321781,outside_own_roche_hot_not_broken
250,901,1,belt_rock,4.063228349063333E-06,0.396926,2.31544,-1.33043,1,68.268,327025,outside_own_roche_hot_not_broken
250,916,1,belt_rock,4.612318145272097E-06,0.777146,4.436,-0.891568,1,69.3749,406055,outside_own_roche_hot_not_broken
250,919,1,belt_rock,0.00013183487570977428,0.376689,1.56358,-1.08746,1,87.2365,327906,outside_own_roche_hot_not_broken
250,924,2,moon,0.0001921875,0.68144,3.06478,-1.5643,1,102.867,250568,outside_own_roche_hot_not_broken
250,933,2,moon,0.0001921875,0.68144,3.06478,-1.5643,1,102.867,250568,outside_own_roche_hot_not_broken
250,937,1,belt_rock,6.820288570372173E-06,0.963893,7.68007,-0.845057,1,62.6458,438633,outside_own_roche_hot_not_broken
250,964,1,belt_rock,2.4716827128849646E-05,0.776792,3.58679,-0.910475,1,64.0772,417281,outside_own_roche_hot_not_broken
250,966,1,belt_rock,1.9345286246486087E-05,0.783474,5.25848,-1.01541,1,57.2092,412680,outside_own_roche_hot_not_broken
250,969,1,belt_rock,5.908919641170029E-07,0.615913,2.91023,-1.42379,1,153.324,213796,outside_own_roche_hot_not_broken
250,976,1,belt_rock,6.644448574966501E-07,0.428196,3.433,-1.63148,1,236.096,155837,outside_own_roche_hot_not_broken
250,979,2,moon,0.0001921875,0.68144,3.06478,-1.5643,1,102.867,250568,outside_own_roche_hot_not_broken
250,992,1,belt_rock,9.249848985838083E-07,0.387941,4.57243,-1.11783,1,97.5102,305623,outside_own_roche_hot_not_broken
250,994,1,belt_rock,1.745865127732295E-05,0.770247,3.68623,-1.35261,1,73.6783,314108,outside_own_roche_hot_not_broken
250,1002,1,belt_rock,3.458534219604765E-05,0.64919,4.01865,-1.24205,1,64.1943,349308,outside_own_roche_hot_not_broken
250,1006,1,belt_rock,2.723900722712057E-05,0.734051,3.36347,-1.25611,1,68.1189,338846,outside_own_roche_hot_not_broken
250,1009,1,belt_rock,2.1188508753212374E-05,0.854981,4.00534,-0.882227,1,67.69,413198,outside_own_roche_hot_not_broken
250,1012,1,belt_rock,3.079283341384113E-06,0.952961,5.81114,-0.566427,1,67.262,507498,outside_own_roche_hot_not_broken
250,1013,2,moon,0.0001921875,0.681505,3.06507,-1.56378,1,102.887,250591,outside_own_roche_hot_not_broken
250,1027,1,belt_rock,1.203467211679938E-06,0.868848,6.22365,-0.840889,1,56.7661,460605,outside_own_roche_hot_not_broken
250,1035,1,belt_rock,5.069287576064303E-05,0.400766,1.74939,-1.09935,1,78.3015,343653,outside_own_roche_hot_not_broken
250,1038,1,belt_rock,1.123039871300166E-06,0.728576,5.28594,-1.48916,1,98.8107,262142,outside_own_roche_hot_not_broken
250,1044,1,belt_rock,2.2728678175769895E-05,0.972734,4.53414,-0.698411,1,75.9744,433320,outside_own_roche_hot_not_broken
250,1051,1,belt_rock,6.065796713657821E-05,0.436828,1.77824,-1.16544,1,84.3075,321794,outside_own_roche_hot_not_broken
250,1063,1,belt_rock,7.008552213936559E-07,0.430958,3.41949,-1.28258,1,59.3362,352792,outside_own_roche_hot_not_broken
250,1066,1,belt_rock,3.0101260918964537E-05,0.784285,4.94425,-1.25244,1,68.8691,337931,outside_own_roche_hot_not_broken
250,1077,1,belt_rock,1.5912252144867457E-06,0.616812,4.20065,-0.944876,1,73.2357,383886,outside_own_roche_hot_not_broken
250,1080,2,moon,0.0001921875,0.68144,3.06478,-1.5643,1,102.867,250568,outside_own_roche_hot_not_broken
250,1082,1,belt_rock,5.703663655454942E-05,0.937396,4.06291,-0.527811,1,61.9369,548494,outside_own_roche_hot_not_broken
250,1086,1,belt_rock,7.701292930739975E-05,0.494878,2.10748,-1.56349,1,136.054,218785,outside_own_roche_hot_not_broken
250,1090,2,moon,0.0001921875,0.68144,3.06478,-1.5643,1,102.867,250568,outside_own_roche_hot_not_broken
250,1091,1,belt_rock,6.484161499446903E-05,0.784109,3.37243,-1.23276,1,106.458,278587,outside_own_roche_hot_not_broken
250,1092,1,belt_rock,6.56770333777072E-07,0.700174,5.74171,-1.38084,1,117.972,250098,outside_own_roche_hot_not_broken
250,1095,1,belt_rock,6.567100297507928E-07,0.941085,7.56228,-0.837775,1,59.5173,451497,outside_own_roche_hot_not_broken
250,1109,1,belt_rock,9.141481982163067E-07,0.589447,6.96441,-1.54387,1,124.32,230529,outside_own_roche_hot_not_broken
250,1114,1,belt_rock,2.0220155206019416E-05,0.418121,2.78837,-1.31144,1,62.4947,341271,outside_own_roche_hot_not_broken
250,1124,1,belt_rock,9.01042065793917E-05,0.536165,2.2637,-0.959668,1,73.8889,379206,outside_own_roche_hot_not_broken
250,1125,2,moon,0.0001921875,0.681505,3.06507,-1.56378,1,102.887,250591,outside_own_roche_hot_not_broken
250,1141,1,belt_rock,6.569620341173448E-07,0.81727,6.56684,-0.890903,1,65.5529,417556,outside_own_roche_hot_not_broken
250,1151,1,belt_rock,7.525309276687851E-06,0.501708,2.66055,-1.01225,1,76.5447,362686,outside_own_roche_hot_not_broken
250,1154,1,belt_rock,2.3578798003590776E-05,0.636908,2.95402,-0.948432,1,68.9883,394388,outside_own_roche_hot_not_broken
250,1162,1,belt_rock,8.64979179947056E-05,0.58361,2.46989,-1.30298,1,60.8828,346002,outside_own_roche_hot_not_broken
250,1166,1,belt_rock,9.191991536182768E-05,0.438095,1.73047,-1.0314,1,80.1748,351179,outside_own_roche_hot_not_broken
250,1167,1,belt_rock,3.024088834869624E-05,0.453817,2.0592,-1.04595,1,74.8676,360356,outside_own_roche_hot_not_broken
250,1172,2,moon,0.0001921875,0.681505,3.06507,-1.56378,1,102.887,250591,outside_own_roche_hot_not_broken
250,1191,1,belt_rock,5.1129856908838495E-05,0.51964,2.2667,-1.00835,1,72.9099,372007,outside_own_roche_hot_not_broken
250,1195,1,belt_rock,4.933013102614774E-05,0.506403,2.21491,-1.17186,1,66.0578,357509,outside_own_roche_hot_not_broken
250,1197,1,belt_rock,8.535780065514528E-07,0.709621,8.50409,-1.3393,1,75.457,312880,outside_own_roche_hot_not_broken
250,1198,1,belt_rock,5.780502203981333E-05,0.639064,1.33117,-0.975439,1,64.0335,402144,outside_own_roche_hot_not_broken
250,1214,1,belt_rock,1.1124544848885341E-05,0.471809,2.38215,-1.49263,1,111.162,247784,outside_own_roche_hot_not_broken
250,1221,1,belt_rock,2.2362078106696202E-06,0.752741,4.83259,-1.45327,1,82.7134,287132,outside_own_roche_hot_not_broken
250,1228,2,moon,0.0001921875,0.681505,3.06507,-1.56378,1,102.887,250591,outside_own_roche_hot_not_broken
250,1232,1,belt_rock,1.1018607877703977E-05,0.474374,2.3932,-1.18847,1,77.134,331756,outside_own_roche_hot_not_broken
250,1237,1,belt_rock,0.00011952353721160026,0.470406,2.55987,-1.0587,1,61.792,390013,outside_own_roche_hot_not_broken
250,1238,1,belt_rock,1.138200077509474E-06,0.801813,5.89043,-1.3301,1,91.3625,288881,outside_own_roche_hot_not_broken
250,1241,1,belt_rock,7.223261531182404E-05,0.972789,4.15617,-1.31058,1,113.135,262096,outside_own_roche_hot_not_broken
250,1243,1,belt_rock,7.270145220654691E-05,0.502011,2.85594,-1.00399,1,78.1618,360498,outside_own_roche_hot_not_broken
250,1251,1,belt_rock,9.534043876086905E-07,0.776323,9.09311,-0.853286,1,60.8531,442487,outside_own_roche_hot_not_broken
250,1253,1,belt_rock,4.474939972688944E-06,0.533984,4.61487,-0.956572,1,73.554,380679,outside_own_roche_hot_not_broken
250,1271,1,belt_rock,9.447345734858725E-05,0.784725,3.30654,-1.04229,1,59.1122,400940,outside_own_roche_hot_not_broken
250,1272,1,belt_rock,2.449288943529442E-06,0.946077,5.98175,-1.30925,1,100.731,278055,outside_own_roche_hot_not_broken
250,1274,1,belt_rock,1.3392560690466934E-05,0.451171,3.20418,-1.16568,1,77.3664,334849,outside_own_roche_hot_not_broken
250,1276,2,moon,0.0001921875,0.68144,3.06478,-1.5643,1,102.867,250568,outside_own_roche_hot_not_broken
250,1281,1,belt_rock,0.0001255033177684123,0.70788,2.74414,-1.44448,1,88.5843,279864,outside_own_roche_hot_not_broken
250,1289,1,belt_rock,9.088343094409988E-05,0.608324,3.38927,-1.31375,1,84.8938,300706,outside_own_roche_hot_not_broken
250,1291,1,belt_rock,1.4518036766759182E-05,0.888952,4.33299,-0.85048,1,64.5309,430960,outside_own_roche_hot_not_broken
250,1295,2,moon,0.0001921875,0.681505,3.06507,-1.56378,1,102.887,250591,outside_own_roche_hot_not_broken
250,1297,1,belt_rock,8.199182351865695E-07,0.894791,10.813,-0.777289,1,63.2675,455415,outside_own_roche_hot_not_broken
250,1307,1,belt_rock,0.00012763252177902957,0.904453,3.75997,-1.0481,1,78.6425,351603,outside_own_roche_hot_not_broken
250,1310,1,belt_rock,8.68870417300339E-06,0.935762,4.7851,-1.27176,1,73.1674,326640,outside_own_roche_hot_not_broken
250,1311,1,belt_rock,4.6077184062286455E-06,0.443392,2.53566,-1.04881,1,76.7576,355604,outside_own_roche_hot_not_broken
250,1340,1,belt_rock,3.120729144962515E-06,0.679886,4.13616,-0.895673,1,64.5606,419428,outside_own_roche_hot_not_broken
250,1350,2,moon,0.0001921875,0.68144,3.06478,-1.5643,1,102.867,250568,outside_own_roche_hot_not_broken
250,1352,1,belt_rock,1.419189573346924E-05,0.449432,2.13597,-1.01717,1,83.7709,345952,outside_own_roche_hot_not_broken
250,1360,1,belt_rock,0.0001096541818025347,0.437888,1.83185,-1.04932,1,77.932,352934,outside_own_roche_hot_not_broken
250,1372,1,belt_rock,6.831828976310988E-06,0.489985,2.64383,-1.37421,1,78.1219,303800,outside_own_roche_hot_not_broken
250,1389,1,belt_rock,0.00011619089133474088,0.554614,2.31447,-1.29525,1,96.2899,285790,outside_own_roche_hot_not_broken
250,1390,2,moon,0.0001921875,0.681505,3.06507,-1.56378,1,102.887,250591,outside_own_roche_hot_not_broken
250,1393,2,moon,0.0001921875,0.68144,3.06478,-1.5643,1,102.867,250568,outside_own_roche_hot_not_broken
250,1394,2,moon,0.0001921875,0.681505,3.06507,-1.56378,1,102.887,250591,outside_own_roche_hot_not_broken
250,1395,1,belt_rock,2.2132168404336843E-05,0.97567,4.55648,-1.26248,1,72.7412,328837,outside_own_roche_hot_not_broken
250,1396,1,belt_rock,1.65993682879337E-05,0.61814,2.97398,-1.42672,1,157.535,210297,outside_own_roche_hot_not_broken
250,1398,1,belt_rock,1.058678945228966E-05,0.571378,2.89463,-1.00064,1,66.0098,391153,outside_own_roche_hot_not_broken
250,1402,1,belt_rock,0.00013086889619444062,0.813913,3.38006,-1.17899,1,68.5256,350838,outside_own_roche_hot_not_broken
250,1403,2,moon,0.0001921875,0.68144,3.06478,-1.5643,1,102.867,250568,outside_own_roche_hot_not_broken
250,1425,1,belt_rock,6.700160141177978E-07,0.418322,3.41651,-1.03044,1,83.2056,344916,outside_own_roche_hot_not_broken
250,1429,1,belt_rock,4.775903706088304E-06,0.668666,5.7067,-0.966756,1,61.8334,410509,outside_own_roche_hot_not_broken
250,1446,1,belt_rock,6.57814109504489E-07,0.373717,4.72853,-1.07896,1,96.8408,311929,outside_own_roche_hot_not_broken
250,1464,1,belt_rock,3.0460226663579216E-05,0.440576,2.00002,-1.32884,1,73.5176,317710,outside_own_roche_hot_not_broken
250,1469,2,moon,0.0001921875,0.681505,3.06507,-1.56378,1,102.887,250591,outside_own_roche_hot_not_broken
250,1475,1,belt_rock,2.3726793605748828E-05,0.374869,1.67072,-1.03924,1,90.5676,328900,outside_own_roche_hot_not_broken
250,1476,2,moon,0.0001921875,0.681505,3.06507,-1.56378,1,102.887,250591,outside_own_roche_hot_not_broken
250,1480,1,belt_rock,6.414234586537477E-06,0.585652,3.19008,-1.27277,1,53.9365,366801,outside_own_roche_hot_not_broken
250,1487,1,belt_rock,1.853271166328581E-05,0.788438,3.74851,-1.37961,1,163.219,208826,outside_own_roche_hot_not_broken
250,1490,2,moon,0.0001921875,0.681505,3.06507,-1.56378,1,102.887,250591,outside_own_roche_hot_not_broken
250,1508,1,belt_rock,9.281420583424006E-05,0.73269,3.08969,-1.47498,1,90.2354,274366,outside_own_roche_hot_not_broken
250,1516,1,belt_rock,1.8923018626483087E-06,0.486336,4.95868,-1.05369,1,58.4814,400150,outside_own_roche_hot_not_broken
250,1529,1,belt_rock,9.471527052528397E-05,0.821567,3.4614,-0.950094,1,60.9837,417049,outside_own_roche_hot_not_broken
250,1530,1,belt_rock,1.0375013121573242E-06,0.476123,5.48068,-1.19566,1,107.657,281010,outside_own_roche_hot_not_broken
250,1537,1,belt_rock,2.720107824390686E-06,0.929758,5.77769,-1.29712,1,89.9821,294872,outside_own_roche_hot_not_broken
250,1543,2,moon,0.0001921875,0.68144,3.06478,-1.5643,1,102.867,250568,outside_own_roche_hot_not_broken
250,1546,1,belt_rock,1.073155975413114E-05,0.582684,4.29634,-1.11436,1,55.0944,396083,outside_own_roche_hot_not_broken
250,1549,1,belt_rock,2.041252440654941E-05,0.254392,1.69396,-1.50512,1,135.501,223251,outside_own_roche_hot_not_broken
250,1554,1,belt_rock,9.799834962744704E-06,0.852119,4.28046,-1.06782,1,70.9149,365435,outside_own_roche_hot_not_broken
250,1592,1,belt_rock,1.7841409363609926E-06,0.538639,3.59502,-0.967559,1,74.6645,375698,outside_own_roche_hot_not_broken
250,1596,1,belt_rock,6.327301182556603E-05,0.63131,2.71786,-1.367,1,102.715,269396,outside_own_roche_hot_not_broken
250,1597,1,belt_rock,1.0692946945625085E-05,0.758911,3.83788,-0.924514,1,65.0288,411052,outside_own_roche_hot_not_broken
250,1601,1,belt_rock,7.241245935005754E-05,0.519557,2.21941,-1.22497,1,73.2547,333613,outside_own_roche_hot_not_broken
250,1603,2,moon,0.0001921875,0.681505,3.06507,-1.56378,1,102.887,250591,outside_own_roche_hot_not_broken
250,1616,2,moon,0.0001921875,0.681505,3.06507,-1.56378,1,102.887,250591,outside_own_roche_hot_not_broken
250,1626,1,belt_rock,0.00012194715081585406,0.95596,3.98173,-0.859808,1,82.7741,376964,outside_own_roche_hot_not_broken
250,1630,1,belt_rock,2.275288810153228E-06,0.606532,3.88256,-0.986138,1,65.4723,395752,outside_own_roche_hot_not_broken
250,1644,1,belt_rock,5.328730656895987E-05,0.96074,4.18224,-0.578647,1,69.3896,493875,outside_own_roche_hot_not_broken
250,1654,1,belt_rock,0.00012146668229443167,0.703224,2.92861,-0.894757,1,70.6784,401606,outside_own_roche_hot_not_broken
250,1680,2,moon,0.0001921875,0.681505,3.06507,-1.56378,1,102.887,250591,outside_own_roche_hot_not_broken
250,1682,2,moon,0.0001921875,0.681505,3.06507,-1.56378,1,102.887,250591,outside_own_roche_hot_not_broken
250,1710,1,belt_rock,0.00011444150715678446,0.588491,2.45766,-1.05431,1,49.6498,426376,outside_own_roche_hot_not_broken
250,1721,1,belt_rock,4.311417912617211E-06,0.514158,1.56184,-0.954056,1,76.509,373819,outside_own_roche_hot_not_broken
250,1726,1,belt_rock,3.4487569539371296E-05,0.803692,3.44007,-0.881598,1,66.7564,416160,outside_own_roche_hot_not_broken
250,1738,1,belt_rock,1.7058540383070304E-05,0.942727,4.51456,-0.850468,1,63.5195,434277,outside_own_roche_hot_not_broken
250,1743,1,belt_rock,6.77641431699792E-07,0.461453,5.80243,-1.05531,1,69.1023,372130,outside_own_roche_hot_not_broken
250,1749,1,belt_rock,4.492860204019897E-06,0.485613,2.7868,-0.979354,1,78.9424,363226,outside_own_roche_hot_not_broken
250,1750,1,belt_rock,6.840717131936392E-07,0.972676,7.75424,-0.818936,1,58.3035,461419,outside_own_roche_hot_not_broken
250,1761,2,moon,0.0001921875,0.68144,3.06478,-1.5643,1,102.867,250568,outside_own_roche_hot_not_broken
250,1775,1,belt_rock,1.2446664084629126E-05,0.477898,2.31302,-1.02197,1,75.1638,364081,outside_own_roche_hot_not_broken
250,1776,2,moon,0.0001921875,0.681505,3.06507,-1.56378,1,102.887,250591,outside_own_roche_hot_not_broken
250,1779,1,belt_rock,1.6831379183306376E-06,0.387941,2.61585,-1.0725,1,83.9513,336564,outside_own_roche_hot_not_broken
250,1781,1,belt_rock,7.620337015369286E-05,0.719222,2.87738,-0.865392,1,63.9136,429097,outside_own_roche_hot_not_broken
250,1786,1,belt_rock,4.890562683191691E-06,0.395947,2.24236,-1.06113,1,84.3817,337517,outside_own_roche_hot_not_broken
250,1791,1,belt_rock,2.1069297519723604E-05,0.561126,3.72052,-1.15662,1,62.8584,367674,outside_own_roche_hot_not_broken
250,1794,1,belt_rock,3.442938399011237E-05,0.579022,2.59915,-0.966907,1,77.5766,368763,outside_own_roche_hot_not_broken
250,1795,1,belt_rock,7.355470087618728E-07,0.462088,3.63235,-1.31964,1,62.0307,340879,outside_own_roche_hot_not_broken
250,1797,1,belt_rock,3.1528712417947605E-06,0.754476,6.96747,-1.12973,1,59.5623,381031,outside_own_roche_hot_not_broken
250,1799,1,belt_rock,1.967124075014925E-06,0.958198,6.33889,-0.826232,1,57.3985,462619,outside_own_roche_hot_not_broken
250,1815,1,belt_rock,1.3855784545437669E-06,0.756929,5.28437,-1.01451,1,57.439,412209,outside_own_roche_hot_not_broken
250,1826,1,belt_rock,6.601416286482346E-07,0.500602,4.0186,-1.35367,1,71.3474,318035,outside_own_roche_hot_not_broken
250,1829,1,belt_rock,6.819856322480782E-05,0.753671,3.22942,-0.902104,1,68.4117,406403,outside_own_roche_hot_not_broken
250,1840,1,belt_rock,3.6783261126248175E-06,0.702383,4.16013,-0.926919,1,71.2288,392979,outside_own_roche_hot_not_broken
250,1841,2,moon,0.0001921875,0.68144,3.06478,-1.5643,1,102.867,250568,outside_own_roche_hot_not_broken
250,1846,2,moon,0.0001921875,0.681505,3.06507,-1.56378,1,102.887,250591,outside_own_roche_hot_not_broken
250,1851,1,belt_rock,6.653736720759908E-07,0.668051,5.35456,-1.34074,1,79.9636,305156,outside_own_roche_hot_not_broken
250,1858,1,belt_rock,1.6215334315138656E-05,0.463246,3.19142,-1.18134,1,80.5111,326436,outside_own_roche_hot_not_broken
250,1864,2,moon,0.0001921875,0.681505,3.06507,-1.56378,1,102.887,250591,outside_own_roche_hot_not_broken
250,1872,1,belt_rock,7.651909710333095E-06,0.450021,2.38376,-1.11305,1,64.9567,370986,outside_own_roche_hot_not_broken
250,1881,1,belt_rock,0.00012429180988576835,0.935708,3.89299,-0.87652,1,59.1877,441825,outside_own_roche_hot_not_broken
250,1882,2,moon,0.0001921875,0.68144,3.06478,-1.5643,1,102.867,250568,outside_own_roche_hot_not_broken
250,1883,1,belt_rock,8.412931028393017E-07,0.470445,3.60384,-1.12471,1,63.082,373269,outside_own_roche_hot_not_broken
250,1884,1,belt_rock,7.321975527576645E-05,0.755342,4.29374,-0.875161,1,65.0974,422855,outside_own_roche_hot_not_broken
250,1885,2,moon,0.0001921875,0.68144,3.06478,-1.5643,1,102.867,250568,outside_own_roche_hot_not_broken
250,1889,2,moon,0.0001921875,0.68144,3.06478,-1.5643,1,102.867,250568,outside_own_roche_hot_not_broken
250,1896,1,belt_rock,3.499665395753723E-06,0.472491,2.82022,-0.965824,1,81.0286,360923,outside_own_roche_hot_not_broken
250,1900,1,belt_rock,1.0633749950518829E-05,0.447906,3.30497,-1.08748,1,64.4002,377362,outside_own_roche_hot_not_broken
250,1901,2,moon,0.0001921875,0.68144,3.06478,-1.5643,1,102.867,250568,outside_own_roche_hot_not_broken
250,1904,1,belt_rock,3.1169495720659575E-05,0.411944,1.86448,-1.05903,1,81.8212,343046,outside_own_roche_hot_not_broken
250,1913,1,belt_rock,8.413019268612437E-07,0.672953,5.15515,-1.31811,1,76.9962,313148,outside_own_roche_hot_not_broken
250,1920,1,belt_rock,6.781631266321813E-05,0.644955,2.60244,-0.926166,1,71.762,391704,outside_own_roche_hot_not_broken
250,1923,1,belt_rock,1.5202050466784962E-06,0.498417,5.30872,-1.01322,1,73.7816,368978,outside_own_roche_hot_not_broken
250,1924,1,belt_rock,9.667326106368634E-07,0.400662,2.98943,-1.04887,1,85.4815,337279,outside_own_roche_hot_not_broken
250,1929,1,belt_rock,0.00010910246448047122,0.373435,2.04739,-1.09379,1,90.3597,321215,outside_own_roche_hot_not_broken
250,1938,1,belt_rock,6.905178728564901E-06,0.832963,4.46808,-0.8544,1,59.9949,445138,outside_own_roche_hot_not_broken
250,1940,1,belt_rock,4.3943956712865806E-05,0.603316,2.65995,-1.33328,1,103.225,272204,outside_own_roche_hot_not_broken
250,1942,1,belt_rock,2.9344414706457616E-05,0.435461,1.98316,-1.42894,1,94.4591,273655,outside_own_roche_hot_not_broken
250,1944,1,belt_rock,5.804841253576382E-05,0.5606,2.42559,-1.00265,1,67.6871,386291,outside_own_roche_hot_not_broken
250,1945,1,belt_rock,1.9083106580083907E-05,0.181526,1.22087,-1.50392,1,235.713,160471,outside_own_roche_hot_not_broken
250,1954,1,belt_rock,1.3047832455605517E-06,0.771215,5.44315,-0.863179,1,66.3584,421911,outside_own_roche_hot_not_broken
250,1957,1,belt_rock,3.606828597332622E-05,0.48461,2.16778,-1.03659,1,70.1603,373200,outside_own_roche_hot_not_broken
250,1959,1,belt_rock,1.2050611372753873E-05,0.391564,1.90453,-1.11169,1,82.4092,333434,outside_own_roche_hot_not_broken
250,1965,2,moon,0.0001921875,0.68144,3.06478,-1.5643,1,102.867,250568,outside_own_roche_hot_not_broken
250,1977,1,belt_rock,9.765683184915472E-05,0.778222,4.30864,-1.21067,1,67.2985,348043,outside_own_roche_hot_not_broken
250,1979,1,belt_rock,1.9358361595623597E-06,0.538873,3.54592,-2.87141,1,5.00304,243409,outside_own_roche_hot_not_broken
250,1987,2,moon,0.0001921875,0.68144,3.06478,-1.5643,1,102.867,250568,outside_own_roche_hot_not_broken
250,1989,1,belt_rock,2.109217022613033E-05,0.477754,2.24115,-1.07203,1,58.1321,397042,outside_own_roche_hot_not_broken
250,1991,2,moon,0.0001921875,0.681505,3.06507,-1.56378,1,102.887,250591,outside_own_roche_hot_not_broken
250,1992,1,belt_rock,1.160809559929263E-05,0.961736,4.81233,-0.850178,1,61.1406,442354,outside_own_roche_hot_not_broken
250,1997,1,belt_rock,1.9017462653961546E-05,0.423456,2.00614,-1.03341,1,82.2679,346379,outside_own_roche_hot_not_broken
250,2005,1,belt_rock,8.009899012835271E-05,0.653817,2.7779,-1.42425,1,169.979,201226,outside_own_roche_hot_not_broken
300,21,1,belt_rock,9.226608910716799E-05,0.593097,1.18443,-0.825854,1,61.6775,447233,outside_own_roche_hot_not_broken
300,22,1,belt_rock,8.591034909746685E-05,0.990796,4.19464,-1.4621,1,126.382,234774,outside_own_roche_hot_not_broken
300,23,1,belt_rock,0.00012001304674150088,0.827339,3.44733,-0.946404,1,74.3937,380612,outside_own_roche_hot_not_broken
300,80,1,belt_rock,8.394409761393371E-05,0.678385,2.87429,-0.908176,1,67.886,406518,outside_own_roche_hot_not_broken
300,96,1,belt_rock,7.275807928936603E-05,0.385132,1.64478,-1.26492,1,91.9147,295856,outside_own_roche_hot_not_broken
300,124,1,belt_rock,1.8035420372590957E-05,0.898868,6.09713,-1.39416,1,90.5069,282776,outside_own_roche_hot_not_broken
300,129,1,belt_rock,1.0817756122801134E-05,0.939454,4.74482,-0.948405,1,82.3612,361062,outside_own_roche_hot_not_broken
300,132,1,belt_rock,2.3258926797284054E-06,0.832772,5.31108,-0.929934,1,71.4006,391865,outside_own_roche_hot_not_broken
300,136,1,belt_rock,4.9712015681628984E-05,0.621662,2.57177,-0.75941,1,47.7101,526744,outside_own_roche_hot_not_broken
300,142,1,belt_rock,3.2384639213008784E-05,0.693972,3.13258,-1.36946,1,161.955,210423,outside_own_roche_hot_not_broken
300,150,1,belt_rock,1.0009771444657666E-06,0.676551,5.01498,-0.912493,1,67.7445,405930,outside_own_roche_hot_not_broken
300,155,1,belt_rock,1.7668409822199188E-05,0.794336,3.67255,-1.34854,1,81.6988,301359,outside_own_roche_hot_not_broken
300,169,1,belt_rock,3.6827740903979625E-05,0.547654,2.445,-0.848988,1,57.3541,456060,outside_own_roche_hot_not_broken
300,175,1,belt_rock,0.00012558367405120387,0.802499,3.33717,-0.717405,1,36.446,608835,outside_own_roche_hot_not_broken
300,188,1,belt_rock,0.00011360651665443813,0.652745,2.7262,-0.901122,1,68.1495,407390,outside_own_roche_hot_not_broken
300,189,1,belt_rock,3.4084114162771265E-05,0.640154,2.87543,-0.815325,1,59.4385,458287,outside_own_roche_hot_not_broken
300,199,1,belt_rock,8.528662937842702E-07,0.78363,5.98737,-0.914241,1,73.3166,390098,outside_own_roche_hot_not_broken
300,202,1,belt_rock,3.297801870852921E-05,0.470394,2.12024,-1.28065,1,80.7543,311846,outside_own_roche_hot_not_broken
300,208,1,belt_rock,2.6675843482823566E-05,0.80891,3.71014,-0.965783,1,66.4992,397408,outside_own_roche_hot_not_broken
300,209,1,belt_rock,9.202889886496645E-07,0.571763,4.3059,-0.811171,1,53.8149,481281,outside_own_roche_hot_not_broken
300,217,1,belt_rock,2.1074065600349562E-06,0.65422,4.24261,-0.777759,1,51.5851,502014,outside_own_roche_hot_not_broken
300,225,1,belt_rock,1.813043676237973E-05,0.431539,2.0556,-1.25437,1,109.694,272002,outside_own_roche_hot_not_broken
300,226,1,belt_rock,6.229078729211419E-06,0.930106,5.08958,-1.40802,1,95.8042,274087,outside_own_roche_hot_not_broken
300,249,1,belt_rock,3.0389562939634483E-05,0.672177,3.04721,-0.743479,1,44.1825,551145,outside_own_roche_hot_not_broken
300,255,1,belt_rock,1.598210655002663E-05,0.876047,4.22677,-0.976103,1,77.1169,368107,outside_own_roche_hot_not_broken
300,258,1,belt_rock,8.093035867515557E-05,0.76759,3.25971,-1.32868,1,73.6073,317575,outside_own_roche_hot_not_broken
300,274,1,belt_rock,6.292355206369382E-06,0.899015,4.89349,-0.992337,1,72.0872,377174,outside_own_roche_hot_not_broken
300,283,1,belt_rock,8.972875687133024E-05,0.664842,1.33075,-0.739885,1,43.2647,557629,outside_own_roche_hot_not_broken
300,287,1,belt_rock,6.281990022588881E-05,0.546991,3.15769,-0.832042,1,56.0273,466040,outside_own_roche_hot_not_broken
300,293,1,belt_rock,6.567384692686147E-07,0.561474,4.5118,-0.839219,1,58.5415,454587,outside_own_roche_hot_not_broken
300,298,1,belt_rock,3.132478669401927E-05,0.749464,3.39012,-0.938415,1,70.656,392043,outside_own_roche_hot_not_broken
300,318,1,belt_rock,8.71166345144088E-07,0.760614,9.07674,-0.746767,1,42.7573,557394,outside_own_roche_hot_not_broken
300,325,1,belt_rock,2.6155973729202612E-05,0.632876,2.78835,-0.757415,1,48.0579,525831,outside_own_roche_hot_not_broken
300,335,1,belt_rock,1.0575885605781047E-05,0.311857,2.30418,-1.26723,1,125.392,251939,outside_own_roche_hot_not_broken
300,353,1,belt_rock,0.00011972290424567593,0.716865,3.90123,-1.28139,1,60.9539,349506,outside_own_roche_hot_not_broken
300,362,1,belt_rock,1.2463612439116556E-06,0.87253,6.29722,-1.29257,1,60.0114,349609,outside_own_roche_hot_not_broken
300,369,1,belt_rock,1.0655189027919443E-05,0.679391,1.76233,-0.752193,1,45.5499,540383,outside_own_roche_hot_not_broken
300,377,1,belt_rock,5.544561486291012E-05,0.955761,5.59233,-0.988659,1,83.0951,352259,outside_own_roche_hot_not_broken
300,383,1,belt_rock,6.188782444247134E-05,0.746137,3.21486,-0.755532,1,45.255,540524,outside_own_roche_hot_not_broken
300,385,1,belt_rock,1.1054259914976268E-05,0.913915,4.49909,-0.996766,1,76.9638,364584,outside_own_roche_hot_not_broken
300,392,1,belt_rock,3.6301003373576995E-05,0.317942,1.42192,-1.26855,1,104.407,277487,outside_own_roche_hot_not_broken
300,396,1,belt_rock,8.42302818852397E-07,0.567493,4.34628,-0.847188,1,60.5437,445236,outside_own_roche_hot_not_broken
300,414,1,belt_rock,1.4503356162887746E-06,0.548294,3.79643,-0.837636,1,57.9621,457156,outside_own_roche_hot_not_broken
300,416,1,belt_rock,1.756018035339469E-05,0.570038,2.72121,-0.79885,1,53.6694,485911,outside_own_roche_hot_not_broken
300,452,1,belt_rock,5.6477910654771475E-05,0.590809,2.56011,-0.780818,1,51.1024,503066,outside_own_roche_hot_not_broken
300,461,1,belt_rock,9.549892410675618E-05,0.792694,3.12297,-0.720296,1,36.2498,608607,outside_own_roche_hot_not_broken
300,465,1,belt_rock,2.9716234778385004E-06,0.659624,4.04062,-0.776716,1,49.1884,513198,outside_own_roche_hot_not_broken
300,467,1,belt_rock,7.720517558245949E-05,0.972305,4.1372,-0.690503,1,30.2104,668598,outside_own_roche_hot_not_broken
300,476,1,belt_rock,9.817656689245505E-05,0.951301,3.99993,-1.01911,1,74.9587,365090,outside_own_roche_hot_not_broken
300,489,1,belt_rock,2.232182176900832E-05,0.727515,3.39133,-0.855472,1,66.6932,422791,outside_own_roche_hot_not_broken
300,490,1,belt_rock,6.685319087040335E-07,0.864992,6.92668,-0.94536,1,75.198,378793,outside_own_roche_hot_not_broken
300,518,1,belt_rock,8.903828548713378E-05,0.771227,3.25753,-0.743468,1,42.2223,561772,outside_own_roche_hot_not_broken
300,520,1,belt_rock,6.472329143042803E-05,0.773557,3.32409,-0.749345,1,48.3669,527465,outside_own_roche_hot_not_broken
300,522,1,belt_rock,1.2501166320317757E-06,0.920496,6.54775,-0.724746,1,43.9415,560552,outside_own_roche_hot_not_broken
300,534,1,belt_rock,2.5807334923599078E-06,0.948292,5.94401,-0.722353,1,39.9925,584288,outside_own_roche_hot_not_broken
300,537,1,belt_rock,1.25216236511179E-05,0.554204,2.7519,-1.21895,1,90.482,303898,outside_own_roche_hot_not_broken
300,558,1,belt_rock,5.805066788445415E-05,0.994106,4.30173,-1.04514,1,64.0864,386819,outside_own_roche_hot_not_broken
300,560,1,belt_rock,6.588914285216677E-07,0.90816,7.29298,-0.998973,1,71.8286,376497,outside_own_roche_hot_not_broken
300,566,1,belt_rock,6.428092628046496E-05,0.62699,2.69575,-0.819108,1,58.9313,459040,outside_own_roche_hot_not_broken
300,571,1,belt_rock,6.899255929334052E-06,0.713271,3.84185,-1.29506,1,65.2134,338424,outside_own_roche_hot_not_broken
300,573,1,belt_rock,2.2491168309642697E-05,0.87023,5.70513,-0.920722,1,77.2004,378714,outside_own_roche_hot_not_broken
300,574,1,belt_rock,4.6628283751133235E-06,0.559807,4.80739,-1.33071,1,116.066,256747,outside_own_roche_hot_not_broken
300,582,1,belt_rock,1.8540042615775663E-05,0.672734,3.19294,-0.760263,1,46.5282,532208,outside_own_roche_hot_not_broken
300,583,1,belt_rock,1.6832882586950613E-06,0.821374,5.53837,-0.717249,1,36.1765,610670,outside_own_roche_hot_not_broken
300,585,1,belt_rock,1.4668281194973436E-06,0.568209,3.97371,-0.864775,1,62.988,432262,outside_own_roche_hot_not_broken
300,594,1,belt_rock,7.4934178738710455E-06,0.613455,3.25193,-0.836741,1,59.4141,452161,outside_own_roche_hot_not_broken
300,602,1,belt_rock,2.8419230691224156E-05,0.907909,5.75914,-0.706221,1,38.2721,602852,outside_own_roche_hot_not_broken
300,611,1,belt_rock,7.748337336914898E-07,0.556821,6.80844,-0.827418,1,54.3809,473833,outside_own_roche_hot_not_broken
300,614,1,belt_rock,3.754598078788781E-05,0.802327,4.91198,-0.903718,1,72.1536,395512,outside_own_roche_hot_not_broken
300,616,1,belt_rock,4.3524622726962354E-05,0.527141,2.32597,-1.31381,1,105.56,271199,outside_own_roche_hot_not_broken
300,621,1,belt_rock,3.984914810645337E-05,0.431675,1.91704,-1.22786,1,61.8387,356925,outside_own_roche_hot_not_broken
300,624,1,belt_rock,5.612562519785337E-06,0.639598,3.53857,-0.871535,1,68.29,413963,outside_own_roche_hot_not_broken
300,637,1,belt_rock,1.4522775510693742E-05,0.703889,3.43142,-0.85187,1,63.2686,434735,outside_own_roche_hot_not_broken
300,667,1,belt_rock,6.163959811296187E-05,0.873246,3.5497,-0.957878,1,76.4608,373191,outside_own_roche_hot_not_broken
300,674,1,belt_rock,0.00011492830067691924,0.710296,2.9649,-0.740358,1,39.8918,576391,outside_own_roche_hot_not_broken
300,675,1,belt_rock,2.683401390978431E-06,0.481784,3.00056,-1.31271,1,114.395,260388,outside_own_roche_hot_not_broken
300,677,1,belt_rock,4.54249804290326E-06,0.83139,7.14666,-0.72289,1,41.5698,574764,outside_own_roche_hot_not_broken
300,703,1,belt_rock,4.1500090933876456E-05,0.93148,4.12091,-0.687234,1,33.2268,647716,outside_own_roche_hot_not_broken
300,712,1,belt_rock,1.646824250574705E-05,0.657141,3.1581,-0.754907,1,46.0794,536593,outside_own_roche_hot_not_broken
300,713,1,belt_rock,8.947110075500334E-06,0.598803,3.10622,-1.34163,1,123.799,247186,outside_own_roche_hot_not_broken
300,716,1,belt_rock,2.7772258657696042E-05,0.72045,3.29564,-1.29637,1,65.1162,338409,outside_own_roche_hot_not_broken
300,733,1,belt_rock,1.758715134744336E-06,0.567899,2.06197,-0.861996,1,59.307,445417,outside_own_roche_hot_not_broken
300,740,1,belt_rock,1.2783489267728684E-05,0.576319,4.1178,-0.810382,1,52.7678,485824,outside_own_roche_hot_not_broken
300,744,1,belt_rock,2.623837778379504E-05,0.763415,4.90017,-1.16533,1,68.7047,352817,outside_own_roche_hot_not_broken
300,746,1,belt_rock,9.968363858681124E-06,0.948251,4.84091,-1.01288,1,76.2616,363224,outside_own_roche_hot_not_broken
300,749,1,belt_rock,2.5723339565779192E-05,0.821855,3.77944,-0.724284,1,42.4769,568934,outside_own_roche_hot_not_broken
300,755,1,belt_rock,0.00010987808730037803,0.504932,2.11231,-1.23273,1,92.9075,298300,outside_own_roche_hot_not_broken
300,757,1,belt_rock,8.69520400842481E-07,0.794407,6.15583,-0.957241,1,68.3509,394205,outside_own_roche_hot_not_broken
300,762,1,belt_rock,6.650428469851786E-07,0.609243,7.69094,-0.824547,1,56.8242,465291,outside_own_roche_hot_not_broken
300,793,1,belt_rock,4.936754104127013E-05,0.961093,5.6946,-0.68856,1,32.2189,654406,outside_own_roche_hot_not_broken
300,797,1,belt_rock,3.0209628681646513E-06,0.53954,3.29629,-0.820252,1,58.011,462117,outside_own_roche_hot_not_broken
300,806,1,belt_rock,6.877766768383333E-06,0.655497,3.47154,-0.873962,1,63.1489,429352,outside_own_roche_hot_not_broken
300,816,1,belt_rock,3.1641558276192383E-06,0.801562,4.86453,-0.940034,1,74.6188,381335,outside_own_roche_hot_not_broken
300,829,1,belt_rock,7.117532374238981E-07,0.598652,4.73588,-0.79032,1,54.9674,483380,outside_own_roche_hot_not_broken
300,833,1,belt_rock,6.52083514785166E-05,0.72121,3.09801,-0.741002,1,40.3893,573216,outside_own_roche_hot_not_broken
300,835,1,belt_rock,1.3283206087038474E-06,0.697244,7.63143,-0.898231,1,66.8794,411799,outside_own_roche_hot_not_broken
300,839,1,belt_rock,0.00011527774719392456,0.669748,2.79544,-0.90419,1,68.3512,406096,outside_own_roche_hot_not_broken
300,848,1,belt_rock,2.0929574188950525E-06,0.943002,6.12254,-1.01865,1,72.0923,371992,outside_own_roche_hot_not_broken
300,892,1,belt_rock,6.878326805556079E-07,0.895067,11.2197,-1.14938,1,80.4487,331395,outside_own_roche_hot_not_broken
300,903,1,belt_rock,2.2914851194394037E-05,0.588346,2.73526,-0.796544,1,51.185,497196,outside_own_roche_hot_not_broken
300,916,1,belt_rock,4.612318145272097E-06,0.679872,3.88076,-0.881447,1,70.1846,406055,outside_own_roche_hot_not_broken
300,932,1,belt_rock,1.931286276926466E-05,0.896833,4.23802,-0.716176,1,42.083,574903,outside_own_roche_hot_not_broken
300,934,1,belt_rock,7.194944665707225E-06,0.952274,2.6386,-1.12442,1,61.2003,377973,outside_own_roche_hot_not_broken
300,935,1,belt_rock,7.158949777627068E-05,0.617568,2.63871,-0.771856,1,49.3895,514065,outside_own_roche_hot_not_broken
300,937,1,belt_rock,6.820288570372173E-06,0.552123,4.39918,-0.837324,1,63.2644,438633,outside_own_roche_hot_not_broken
300,949,1,belt_rock,9.496125806033039E-05,0.999086,4.20665,-0.67943,1,31.5459,665098,outside_own_roche_hot_not_broken
300,953,1,belt_rock,5.5735301423280515E-05,0.717739,2.94065,-0.769629,1,48.6043,518560,outside_own_roche_hot_not_broken
300,959,1,belt_rock,5.416711763075184E-05,0.64509,3.7833,-0.753559,1,45.3981,540600,outside_own_roche_hot_not_broken
300,964,1,belt_rock,2.4716827128849646E-05,0.682077,3.14945,-0.900864,1,64.8461,417281,outside_own_roche_hot_not_broken
300,969,1,belt_rock,5.908919641170029E-07,0.817418,3.86236,-1.40962,1,154.459,213795,outside_own_roche_hot_not_broken
300,978,1,belt_rock,1.2256851961564646E-06,0.981126,7.00432,-1.10292,1,50.6641,411325,outside_own_roche_hot_not_broken
300,984,1,belt_rock,1.152880737286123E-05,0.641532,3.14083,-1.2028,1,99.583,291777,outside_own_roche_hot_not_broken
300,987,1,belt_rock,1.0446526819158121E-05,0.771805,5.71242,-1.14539,1,56.6231,385365,outside_own_roche_hot_not_broken
300,1009,1,belt_rock,2.1188508753212374E-05,0.611821,2.86621,-0.872283,1,68.4854,413198,outside_own_roche_hot_not_broken
300,1027,1,belt_rock,1.203467211679938E-06,0.640703,4.58942,-0.832927,1,57.403,460605,outside_own_roche_hot_not_broken
300,1028,1,belt_rock,5.9043704127081914E-05,0.581659,2.51347,-0.795332,1,52.4751,492087,outside_own_roche_hot_not_broken
300,1040,1,belt_rock,4.3552702239255555E-05,0.956833,4.21814,-0.714322,1,39.5405,590902,outside_own_roche_hot_not_broken
300,1043,1,belt_rock,1.3699433489732374E-06,0.5564,3.8924,-0.821555,1,56.1027,468961,outside_own_roche_hot_not_broken
300,1056,1,belt_rock,3.1722963361190054E-05,0.431441,1.95041,-1.24721,1,97.1671,290094,outside_own_roche_hot_not_broken
300,1077,1,belt_rock,1.5912252144867457E-06,0.825592,5.6225,-0.933926,1,74.1117,383886,outside_own_roche_hot_not_broken
300,1081,1,belt_rock,5.6070312001726264E-05,0.671313,2.74917,-0.764804,1,45.9223,533414,outside_own_roche_hot_not_broken
300,1084,1,belt_rock,6.188998355852659E-05,0.960141,4.13676,-0.704826,1,36.867,612657,outside_own_roche_hot_not_broken
300,1092,1,belt_rock,6.56770333777072E-07,0.703981,5.77293,-1.36788,1,119.009,250098,outside_own_roche_hot_not_broken
300,1095,1,belt_rock,6.567100297507928E-07,0.579666,4.65802,-0.830202,1,60.1232,451497,outside_own_roche_hot_not_broken
300,1114,1,belt_rock,2.0220155206019416E-05,0.993041,6.6224,-1.30643,1,62.8962,341270,outside_own_roche_hot_not_broken
300,1123,1,belt_rock,6.879641599031865E-07,0.538439,4.28774,-0.836486,1,59.4067,452261,outside_own_roche_hot_not_broken
300,1124,1,belt_rock,9.01042065793917E-05,0.90901,3.83786,-0.948328,1,74.796,379207,outside_own_roche_hot_not_broken
300,1126,1,belt_rock,7.345224361945922E-05,0.681189,3.87042,-0.765815,1,49.4353,516096,outside_own_roche_hot_not_broken
300,1131,1,belt_rock,2.1440727379131126E-06,0.346609,2.24116,-1.26934,1,113.924,265150,outside_own_roche_hot_not_broken
300,1141,1,belt_rock,6.569620341173448E-07,0.647131,5.19976,-0.881194,1,66.3296,417556,outside_own_roche_hot_not_broken
300,1151,1,belt_rock,7.525309276687851E-06,0.930957,4.93685,-1.00013,1,77.5137,362688,outside_own_roche_hot_not_broken
300,1153,1,belt_rock,3.99247983322351E-05,0.610477,3.70847,-0.783318,1,51.3526,501080,outside_own_roche_hot_not_broken
300,1154,1,belt_rock,2.3578798003590776E-05,0.807179,3.74375,-0.938007,1,69.8222,394388,outside_own_roche_hot_not_broken
300,1162,1,belt_rock,8.64979179947056E-05,0.779182,3.29757,-1.29174,1,61.7818,346002,outside_own_roche_hot_not_broken
300,1167,1,belt_rock,3.024088834869624E-05,0.98592,4.47361,-1.03528,1,75.7194,360360,outside_own_roche_hot_not_broken
300,1174,1,belt_rock,2.4597285638734086E-06,0.631674,4.01025,-0.773781,1,45.6098,531401,outside_own_roche_hot_not_broken
300,1181,1,belt_rock,6.54871618816341E-06,0.611868,4.91002,-0.785854,1,49.803,507069,outside_own_roche_hot_not_broken
300,1183,1,belt_rock,6.526187723294961E-05,0.64866,2.6248,-0.759332,1,44.1618,544591,outside_own_roche_hot_not_broken
300,1186,1,belt_rock,7.830805653317793E-07,0.993736,12.124,-0.691868,1,33.4092,643680,outside_own_roche_hot_not_broken
300,1191,1,belt_rock,5.1129856908838495E-05,0.91544,3.9932,-0.996873,1,73.8274,372009,outside_own_roche_hot_not_broken
300,1212,1,belt_rock,2.8410076010065325E-05,0.692283,4.39234,-0.740425,1,41.9918,564403,outside_own_roche_hot_not_broken
300,1222,1,belt_rock,6.567551089215899E-06,0.463182,3.72508,-1.24623,1,108.325,274644,outside_own_roche_hot_not_broken
300,1223,1,belt_rock,4.408148264470157E-05,0.691766,1.48187,-0.769527,1,48.6078,518582,outside_own_roche_hot_not_broken
300,1238,1,belt_rock,1.138200077509474E-06,0.570633,4.19209,-1.31625,1,92.4708,288880,outside_own_roche_hot_not_broken
300,1241,1,belt_rock,7.223261531182404E-05,0.391936,1.67452,-1.28758,1,114.975,262096,outside_own_roche_hot_not_broken
300,1243,1,belt_rock,7.270145220654691E-05,0.931177,5.29746,-0.991614,1,79.1512,360500,outside_own_roche_hot_not_broken
300,1251,1,belt_rock,9.534043876086905E-07,0.70659,8.27632,-0.844383,1,61.5655,442487,outside_own_roche_hot_not_broken
300,1253,1,belt_rock,4.474939972688944E-06,0.912908,7.88965,-0.945325,1,74.4536,380679,outside_own_roche_hot_not_broken
300,1261,1,belt_rock,1.1442014232735235E-05,0.55659,4.05008,-0.814037,1,55.4405,473876,outside_own_roche_hot_not_broken
300,1264,1,belt_rock,7.198214225985294E-07,0.896399,11.1302,-1.12292,1,53.8897,397515,outside_own_roche_hot_not_broken
300,1272,1,belt_rock,2.449288943529442E-06,0.416806,2.63534,-1.28953,1,102.308,278055,outside_own_roche_hot_not_broken
300,1275,1,belt_rock,6.576178648915663E-07,0.425046,5.37831,-1.23371,1,68.5113,341683,outside_own_roche_hot_not_broken
300,1279,1,belt_rock,0.00012844344676875118,0.54942,2.97217,-0.814054,1,57.1113,467394,outside_own_roche_hot_not_broken
300,1288,1,belt_rock,3.407419597380296E-05,0.649422,2.91656,-0.771388,1,49.7505,512572,outside_own_roche_hot_not_broken
300,1291,1,belt_rock,1.4518036766759182E-05,0.598636,2.91791,-0.841331,1,65.2628,430960,outside_own_roche_hot_not_broken
300,1310,1,belt_rock,8.68870417300339E-06,0.438677,2.24321,-1.25887,1,74.1989,326639,outside_own_roche_hot_not_broken
300,1311,1,belt_rock,4.6077184062286455E-06,0.99607,5.69631,-1.03806,1,77.6153,355608,outside_own_roche_hot_not_broken
300,1314,1,belt_rock,8.355724078100428E-07,0.569518,4.44851,-0.812762,1,53.0151,484023,outside_own_roche_hot_not_broken
300,1323,1,belt_rock,6.602189138387087E-07,0.907891,7.28796,-1.10755,1,45.067,427409,outside_own_roche_hot_not_broken
300,1326,1,belt_rock,9.893245669451218E-05,0.551441,2.31745,-0.801752,1,57.0457,471442,outside_own_roche_hot_not_broken
300,1340,1,belt_rock,3.120729144962515E-06,0.782931,4.76305,-0.886079,1,65.3283,419427,outside_own_roche_hot_not_broken
300,1352,1,belt_rock,1.419189573346924E-05,0.984515,4.679,-1.0041,1,84.8153,345955,outside_own_roche_hot_not_broken
300,1356,1,belt_rock,0.00013095010690963047,0.67151,2.78766,-0.78645,1,49.0584,510225,outside_own_roche_hot_not_broken
300,1359,1,belt_rock,4.470043932629267E-05,0.677794,2.98437,-1.18482,1,83.3462,320729,outside_own_roche_hot_not_broken
300,1372,1,belt_rock,6.831828976310988E-06,0.859602,4.63818,-1.35953,1,79.2965,303799,outside_own_roche_hot_not_broken
300,1373,1,belt_rock,7.755539609164374E-07,0.639935,4.97926,-1.19192,1,70.1971,345103,outside_own_roche_hot_not_broken
300,1380,1,belt_rock,2.565950567024009E-05,0.864643,3.98058,-1.14423,1,75.7611,341496,outside_own_roche_hot_not_broken
300,1395,1,belt_rock,2.2132168404336843E-05,0.413169,1.92954,-1.25191,1,73.587,328837,outside_own_roche_hot_not_broken
300,1396,1,belt_rock,1.65993682879337E-05,0.819465,3.94259,-1.41257,1,158.668,210297,outside_own_roche_hot_not_broken
300,1398,1,belt_rock,1.058678945228966E-05,0.867538,4.39499,-0.990245,1,66.8408,391154,outside_own_roche_hot_not_broken
300,1419,1,belt_rock,2.682885326908465E-05,0.884618,4.05285,-0.726966,1,39.7126,583756,outside_own_roche_hot_not_broken
300,1423,1,belt_rock,2.04207505970823E-06,0.910616,5.93723,-0.707356,1,37.2149,609063,outside_own_roche_hot_not_broken
300,1429,1,belt_rock,4.775903706088304E-06,0.777751,6.63769,-0.957129,1,62.6034,410509,outside_own_roche_hot_not_broken
300,1480,1,belt_rock,6.414234586537477E-06,0.78856,4.29534,-1.26257,1,54.7524,366801,outside_own_roche_hot_not_broken
300,1487,1,belt_rock,1.853271166328581E-05,0.666106,3.1669,-1.36632,1,164.282,208826,outside_own_roche_hot_not_broken
300,1509,1,belt_rock,0.0001288043910698863,0.630438,2.61947,-1.18816,1,68.8801,348509,outside_own_roche_hot_not_broken
300,1519,1,belt_rock,5.818677805881165E-05,0.960577,4.15586,-1.13584,1,84.4118,325949,outside_own_roche_hot_not_broken
300,1533,1,belt_rock,9.719062483603241E-05,0.978787,4.11653,-0.70159,1,37.2724,611696,outside_own_roche_hot_not_broken
300,1537,1,belt_rock,2.720107824390686E-06,0.433555,2.69419,-1.2799,1,91.3596,294873,outside_own_roche_hot_not_broken
300,1544,1,belt_rock,7.346227678048891E-07,0.537095,4.22298,-1.18083,1,50.785,393333,outside_own_roche_hot_not_broken
300,1563,1,belt_rock,6.13628543380343E-07,0.855663,3.97543,-1.15044,1,85.4611,321877,outside_own_roche_hot_not_broken
300,1571,1,belt_rock,8.369130309176661E-06,0.959382,5.00431,-0.684819,1,31.531,661891,outside_own_roche_hot_not_broken
300,1575,1,belt_rock,1.035329165599612E-05,0.8137,4.1278,-0.720675,1,39.2446,589607,outside_own_roche_hot_not_broken
300,1592,1,belt_rock,1.7841409363609926E-06,0.903004,6.02689,-0.956023,1,75.5871,375699,outside_own_roche_hot_not_broken
300,1597,1,belt_rock,1.0692946945625085E-05,0.694022,3.50973,-0.914731,1,65.8114,411052,outside_own_roche_hot_not_broken
300,1619,1,belt_rock,1.4408054182583987E-05,0.788481,3.84456,-0.743224,1,45.7973,542796,outside_own_roche_hot_not_broken
300,1622,1,belt_rock,4.911807024151414E-05,0.814541,3.56131,-0.73748,1,44.3243,552948,outside_own_roche_hot_not_broken
300,1627,1,belt_rock,1.1687362915939393E-06,0.891828,6.42281,-0.704315,1,37.6677,607705,outside_own_roche_hot_not_broken
300,1630,1,belt_rock,2.275288810153228E-06,0.833337,5.33439,-0.975897,1,66.2913,395753,outside_own_roche_hot_not_broken
300,1654,1,belt_rock,0.00012146668229443167,0.75128,3.12874,-0.884522,1,71.4973,401606,outside_own_roche_hot_not_broken
300,1658,1,belt_rock,4.6954281703912345E-05,0.648535,1.38003,-1.19341,1,92.2193,304393,outside_own_roche_hot_not_broken
300,1666,1,belt_rock,8.10643211524436E-06,0.909633,4.69673,-1.14024,1,84.9881,324233,outside_own_roche_hot_not_broken
300,1683,1,belt_rock,5.881733992861934E-05,0.844591,3.65034,-0.706912,1,36.794,612041,outside_own_roche_hot_not_broken
300,1694,1,belt_rock,1.2903984627086387E-06,0.928533,6.56674,-1.10698,1,46.8547,421910,outside_own_roche_hot_not_broken
300,1707,1,belt_rock,7.307704949357682E-05,0.652927,2.61983,-0.755267,1,44.5536,544245,outside_own_roche_hot_not_broken
300,1719,1,belt_rock,6.855236546430281E-05,0.571892,2.45047,-1.18587,1,59.3292,370510,outside_own_roche_hot_not_broken
300,1721,1,belt_rock,4.311417912617211E-06,0.933005,2.83416,-0.942375,1,77.4433,373820,outside_own_roche_hot_not_broken
300,1726,1,belt_rock,3.4487569539371296E-05,0.66057,2.82746,-0.871794,1,67.5406,416160,outside_own_roche_hot_not_broken
300,1729,1,belt_rock,1.6208793130723968E-05,0.593221,2.85595,-0.777688,1,51.1146,504123,outside_own_roche_hot_not_broken
300,1738,1,belt_rock,1.7058540383070304E-05,0.561174,2.68737,-0.842113,1,64.1878,434277,outside_own_roche_hot_not_broken
300,1743,1,belt_rock,6.77641431699792E-07,0.988547,12.4302,-1.04639,1,69.8146,372134,outside_own_roche_hot_not_broken
300,1749,1,belt_rock,4.492860204019897E-06,0.956794,5.49078,-0.967208,1,79.9135,363228,outside_own_roche_hot_not_broken
300,1750,1,belt_rock,6.840717131936392E-07,0.572202,4.56163,-0.812312,1,58.8337,461418,outside_own_roche_hot_not_broken
300,1773,1,belt_rock,8.468538964892363E-06,0.795936,4.14569,-0.728116,1,38.1592,592605,outside_own_roche_hot_not_broken
300,1775,1,belt_rock,1.2446664084629126E-05,0.95949,4.64391,-1.01048,1,76.0822,364083,outside_own_roche_hot_not_broken
300,1781,1,belt_rock,7.620337015369286E-05,0.752733,3.01144,-0.856038,1,64.6621,429097,outside_own_roche_hot_not_broken
300,1792,1,belt_rock,6.84873477479531E-05,0.952775,5.45126,-0.696254,1,32.591,647087,outside_own_roche_hot_not_broken
300,1794,1,belt_rock,3.442938399011237E-05,0.857253,3.84809,-0.95515,1,78.5167,368764,outside_own_roche_hot_not_broken
300,1795,1,belt_rock,7.355470087618728E-07,0.907984,7.13742,-1.30867,1,62.9085,340879,outside_own_roche_hot_not_broken
300,1799,1,belt_rock,1.967124075014925E-06,0.581483,3.84676,-0.81942,1,57.9435,462619,outside_own_roche_hot_not_broken
300,1826,1,belt_rock,6.601416286482346E-07,0.851547,6.83583,-1.34016,1,72.428,318035,outside_own_roche_hot_not_broken
300,1829,1,belt_rock,6.819856322480782E-05,0.701123,3.00426,-0.892063,1,69.215,406403,outside_own_roche_hot_not_broken
300,1833,1,belt_rock,0.00012068881521162628,0.752026,3.13315,-1.15214,1,55.6966,386373,outside_own_roche_hot_not_broken
300,1840,1,belt_rock,3.6783261126248175E-06,0.743478,4.40353,-0.916497,1,72.0625,392979,outside_own_roche_hot_not_broken
300,1845,1,belt_rock,3.647100791004545E-06,0.29824,1.76877,-1.27634,1,118.225,259301,outside_own_roche_hot_not_broken
300,1851,1,belt_rock,6.653736720759908E-07,0.697756,5.59264,-1.32853,1,80.9412,305155,outside_own_roche_hot_not_broken
300,1881,1,belt_rock,0.00012429180988576835,0.571376,2.3772,-0.868749,1,59.8091,441826,outside_own_roche_hot_not_broken
300,1884,1,belt_rock,7.321975527576645E-05,0.711588,4.04502,-0.865616,1,65.8611,422855,outside_own_roche_hot_not_broken
300,1896,1,belt_rock,3.499665395753723E-06,0.974298,5.81544,-0.953568,1,82.0085,360924,outside_own_roche_hot_not_broken
300,1910,1,belt_rock,7.693219027352096E-07,0.936463,11.4675,-0.691962,1,33.7139,641423,outside_own_roche_hot_not_broken
300,1920,1,belt_rock,6.781631266321813E-05,0.802096,3.23652,-0.915565,1,72.6102,391704,outside_own_roche_hot_not_broken
300,1923,1,belt_rock,1.5202050466784962E-06,0.938366,9.99469,-1.00173,1,74.6995,368980,outside_own_roche_hot_not_broken
300,1938,1,belt_rock,6.905178728564901E-06,0.656233,3.52008,-0.84569,1,60.6917,445138,outside_own_roche_hot_not_broken
300,1944,1,belt_rock,5.804841253576382E-05,0.876747,3.79348,-0.991995,1,68.5392,386292,outside_own_roche_hot_not_broken
300,1954,1,belt_rock,1.3047832455605517E-06,0.697547,4.92321,-0.853541,1,67.1295,421911,outside_own_roche_hot_not_broken
300,1957,1,belt_rock,3.606828597332622E-05,0.956057,4.27669,-1.02615,1,70.9936,373203,outside_own_roche_hot_not_broken
300,1966,1,belt_rock,7.849289931981127E-07,0.894873,6.94683,-0.736992,1,42.4504,563379,outside_own_roche_hot_not_broken
300,1976,1,belt_rock,0.00010169273989486092,0.566534,2.37778,-0.801434,1,56.274,474564,outside_own_roche_hot_not_broken
300,1979,1,belt_rock,1.9358361595623597E-06,0.433394,2.85184,-2.86697,1,5.35904,243409,outside_own_roche_hot_not_broken
300,1992,1,belt_rock,1.160809559929263E-05,0.556965,2.78694,-0.842669,1,61.7412,442354,outside_own_roche_hot_not_broken
350,19,1,belt_rock,5.4798573249671766E-06,0.910891,5.04506,-0.65349,1,30.6349,689052,outside_own_roche_hot_not_broken
350,26,1,belt_rock,2.8392415441211646E-05,0.92562,4.21918,-0.652739,1,27.0836,720431,outside_own_roche_hot_not_broken
350,27,1,belt_rock,2.4565945108074E-06,0.851657,5.38209,-0.66774,1,30.0215,684703,outside_own_roche_hot_not_broken
350,90,1,belt_rock,8.208353209303653E-07,0.848176,10.2473,-0.662343,1,30.5777,683684,outside_own_roche_hot_not_broken
350,113,1,belt_rock,1.0639841369632227E-05,0.975413,4.92715,-0.647224,1,29.7818,700495,outside_own_roche_hot_not_broken
350,115,1,belt_rock,7.294394492322567E-07,0.795969,6.16226,-1.03645,1,61.7662,394879,outside_own_roche_hot_not_broken
350,127,1,belt_rock,8.077702642988861E-07,0.469728,3.62645,-1.09154,1,63.3188,379258,outside_own_roche_hot_not_broken
350,135,1,belt_rock,2.6534977744702162E-06,0.900655,5.63996,-0.657643,1,26.2751,724231,outside_own_roche_hot_not_broken
350,165,1,belt_rock,3.895057382673961E-06,0.713141,4.17498,-0.703527,1,40.7417,588846,outside_own_roche_hot_not_broken
350,173,1,belt_rock,1.0313755962278207E-06,0.919,6.77407,-1.00681,1,40.8728,470543,outside_own_roche_hot_not_broken
350,175,1,belt_rock,0.00012558367405120387,0.920374,3.82735,-0.71348,1,36.7601,608835,outside_own_roche_hot_not_broken
350,213,1,belt_rock,0.00012665046230156922,0.996174,1.94178,-0.642565,1,28.5466,714583,outside_own_roche_hot_not_broken
350,217,1,belt_rock,2.1074065600349562E-06,0.914951,5.93345,-0.771407,1,52.0938,502012,outside_own_roche_hot_not_broken
350,225,1,belt_rock,1.813043676237973E-05,0.951025,4.53014,-1.23413,1,111.314,272000,outside_own_roche_hot_not_broken
350,263,1,belt_rock,6.624594774401624E-07,0.849527,6.81495,-1.02172,1,45.9967,447272,outside_own_roche_hot_not_broken
350,276,1,belt_rock,4.4692888503205165E-05,0.601847,2.64954,-1.07059,1,66.4546,375617,outside_own_roche_hot_not_broken
350,277,1,belt_rock,6.571059482080137E-07,0.66086,5.30985,-1.04899,1,42.6198,451499,outside_own_roche_hot_not_broken
350,285,1,belt_rock,8.687170134992252E-07,0.63332,4.82198,-1.06734,1,78.2743,349086,outside_own_roche_hot_not_broken
350,316,1,belt_rock,7.095415057450046E-05,0.713757,2.87058,-1.04723,1,51.1235,423508,outside_own_roche_hot_not_broken
350,318,1,belt_rock,8.71166345144088E-07,0.869148,10.3719,-0.741503,1,43.1787,557392,outside_own_roche_hot_not_broken
350,366,1,belt_rock,2.4678316271193956E-06,0.76195,4.83442,-0.69944,1,36.848,615627,outside_own_roche_hot_not_broken
350,368,1,belt_rock,3.1373371721346994E-05,0.979079,4.42525,-0.642199,1,27.6098,723322,outside_own_roche_hot_not_broken
350,369,1,belt_rock,1.0655189027919443E-05,0.954861,2.4769,-0.74736,1,45.9372,540379,outside_own_roche_hot_not_broken
350,383,1,belt_rock,6.188782444247134E-05,0.857278,3.69373,-0.749775,1,45.716,540523,outside_own_roche_hot_not_broken
350,399,1,belt_rock,4.814942063750507E-05,0.838674,3.67171,-0.676524,1,30.4524,675526,outside_own_roche_hot_not_broken
350,402,1,belt_rock,9.783721067115973E-07,0.989275,7.48783,-0.639389,1,24.6113,754096,outside_own_roche_hot_not_broken
350,445,1,belt_rock,1.7334122240822694E-06,0.947398,6.35523,-0.643449,1,25.4659,742537,outside_own_roche_hot_not_broken
350,461,1,belt_rock,9.549892410675618E-05,0.93504,3.68377,-0.71649,1,36.5545,608606,outside_own_roche_hot_not_broken
350,465,1,belt_rock,2.9716234778385004E-06,0.928014,5.68468,-0.77091,1,49.6535,513195,outside_own_roche_hot_not_broken
350,467,1,belt_rock,7.720517558245949E-05,0.872968,3.71452,-0.687695,1,30.4342,668605,outside_own_roche_hot_not_broken
350,481,1,belt_rock,0.00011804674518101909,0.406605,1.69552,-1.11055,1,90.1507,319183,outside_own_roche_hot_not_broken
350,510,1,belt_rock,1.8747241736540915E-06,0.873089,8.91847,-1.02763,1,61.2111,398351,outside_own_roche_hot_not_broken
350,518,1,belt_rock,8.903828548713378E-05,0.864036,3.64954,-0.738277,1,42.6379,561771,outside_own_roche_hot_not_broken
350,519,1,belt_rock,1.8789539354836143E-06,0.597391,3.95134,-1.06404,1,52.0224,416581,outside_own_roche_hot_not_broken
350,520,1,belt_rock,6.472329143042803E-05,0.806404,3.46524,-0.742959,1,48.8779,527464,outside_own_roche_hot_not_broken
350,522,1,belt_rock,1.2501166320317757E-06,0.726254,5.16605,-0.719772,1,44.3389,560555,outside_own_roche_hot_not_broken
350,534,1,belt_rock,2.5807334923599078E-06,0.744839,4.66874,-0.718184,1,40.3253,584292,outside_own_roche_hot_not_broken
350,535,1,belt_rock,6.273860713951598E-05,0.995368,4.28457,-0.641593,1,28.3449,717089,outside_own_roche_hot_not_broken
350,537,1,belt_rock,1.25216236511179E-05,0.835211,4.14724,-1.20495,1,91.6028,303897,outside_own_roche_hot_not_broken
350,578,1,belt_rock,8.153523772732692E-07,0.864735,6.66408,-0.673733,1,29.7884,682688,outside_own_roche_hot_not_broken
350,582,1,belt_rock,1.8540042615775663E-05,0.947341,4.49629,-0.755168,1,46.9365,532205,outside_own_roche_hot_not_broken
350,583,1,belt_rock,1.6832882586950613E-06,0.899657,6.06622,-0.71325,1,36.4964,610670,outside_own_roche_hot_not_broken
350,589,1,belt_rock,1.633624525481355E-05,0.666276,4.58329,-1.0422,1,37.7441,471698,outside_own_roche_hot_not_broken
350,602,1,belt_rock,2.8419230691224156E-05,0.79922,5.06969,-0.702002,1,38.609,602855,outside_own_roche_hot_not_broken
350,677,1,belt_rock,4.54249804290326E-06,0.819732,7.04645,-0.717827,1,41.9747,574765,outside_own_roche_hot_not_broken
350,680,1,belt_rock,1.6123363140435017E-06,0.771733,5.30033,-0.675507,1,35.2858,639588,outside_own_roche_hot_not_broken
350,690,1,belt_rock,1.4997876132188474E-06,0.655311,6.99882,-1.06375,1,70.7755,366524,outside_own_roche_hot_not_broken
350,692,1,belt_rock,5.573525476409748E-06,0.974305,5.33437,-0.642771,1,25.8159,739693,outside_own_roche_hot_not_broken
350,703,1,belt_rock,4.1500090933876456E-05,0.859574,3.80279,-0.683888,1,33.4938,647721,outside_own_roche_hot_not_broken
350,712,1,belt_rock,1.646824250574705E-05,0.991264,4.76383,-0.750616,1,46.4235,536589,outside_own_roche_hot_not_broken
350,744,1,belt_rock,2.623837778379504E-05,0.628408,4.03359,-1.15406,1,69.6069,352816,outside_own_roche_hot_not_broken
350,749,1,belt_rock,2.5723339565779192E-05,0.819506,3.76864,-0.719054,1,42.8952,568935,outside_own_roche_hot_not_broken
350,755,1,belt_rock,0.00010987808730037803,0.879629,3.67979,-1.21725,1,94.1466,298299,outside_own_roche_hot_not_broken
350,777,1,belt_rock,3.7785773764082265E-06,0.982138,5.78046,-0.642264,1,23.2826,765193,outside_own_roche_hot_not_broken
350,784,1,belt_rock,1.9415971967176395E-06,0.786463,5.17247,-0.680474,1,34.1408,644987,outside_own_roche_hot_not_broken
350,790,1,belt_rock,3.221538287259678E-05,0.749967,3.38281,-0.695828,1,37.101,615865,outside_own_roche_hot_not_broken
350,793,1,belt_rock,4.936754104127013E-05,0.851662,5.04621,-0.685474,1,32.465,654412,outside_own_roche_hot_not_broken
350,798,1,belt_rock,2.0221278783447786E-06,0.981468,6.40997,-1.0109,1,65.1289,391314,outside_own_roche_hot_not_broken
350,820,1,belt_rock,4.884415814633505E-05,0.89043,3.8941,-0.659541,1,30.1772,688833,outside_own_roche_hot_not_broken
350,824,1,belt_rock,3.599387387985598E-05,0.796267,3.56221,-1.02425,1,44.7482,450966,outside_own_roche_hot_not_broken
350,829,1,belt_rock,7.117532374238981E-07,0.970921,7.68087,-0.784303,1,55.4493,483378,outside_own_roche_hot_not_broken
350,833,1,belt_rock,6.52083514785166E-05,0.965304,4.14654,-0.736972,1,40.7122,573213,outside_own_roche_hot_not_broken
350,856,1,belt_rock,1.893499971278667E-05,0.73451,4.93991,-1.03149,1,38.4758,472185,outside_own_roche_hot_not_broken
350,866,1,belt_rock,3.572851931793923E-05,0.837492,3.74639,-0.668292,1,31.7735,670275,outside_own_roche_hot_not_broken
350,871,1,belt_rock,1.6085964784512033E-06,0.982449,6.67785,-0.647113,1,28.9312,707955,outside_own_roche_hot_not_broken
350,889,1,belt_rock,6.566786953082084E-07,0.963809,7.74495,-0.645965,1,29.7327,701784,outside_own_roche_hot_not_broken
350,892,1,belt_rock,6.878326805556079E-07,0.500044,6.26808,-1.13562,1,81.5495,331394,outside_own_roche_hot_not_broken
350,898,1,belt_rock,1.2109380785811135E-06,0.862055,6.16797,-0.66359,1,29.0257,695775,outside_own_roche_hot_not_broken
350,920,1,belt_rock,8.022589617583062E-07,0.442503,3.48475,-1.10732,1,64.8772,372287,outside_own_roche_hot_not_broken
350,932,1,belt_rock,1.931286276926466E-05,0.763399,3.60748,-0.711306,1,42.4721,574905,outside_own_roche_hot_not_broken
350,934,1,belt_rock,7.194944665707225E-06,0.482744,1.33761,-1.11592,1,61.8809,377971,outside_own_roche_hot_not_broken
350,938,1,belt_rock,4.614813348566103E-05,0.965857,4.02273,-0.993396,1,36.316,493421,outside_own_roche_hot_not_broken
350,943,1,belt_rock,7.823826749602393E-05,0.842944,3.36536,-0.672151,1,32.7444,660361,outside_own_roche_hot_not_broken
350,946,1,belt_rock,3.6899876659023318E-06,0.488258,2.89048,-1.08753,1,65.8193,373849,outside_own_roche_hot_not_broken
350,949,1,belt_rock,9.496125806033039E-05,0.846499,3.56418,-0.676676,1,31.7653,665105,outside_own_roche_hot_not_broken
350,950,1,belt_rock,9.755860418309401E-05,0.794454,3.34057,-0.669625,1,33.7717,654121,outside_own_roche_hot_not_broken
350,953,1,belt_rock,5.5735301423280515E-05,0.856465,3.50902,-0.763271,1,49.1134,518557,outside_own_roche_hot_not_broken
350,978,1,belt_rock,1.2256851961564646E-06,0.510645,3.64553,-1.09812,1,51.0492,411321,outside_own_roche_hot_not_broken
350,984,1,belt_rock,1.152880737286123E-05,0.764279,3.74178,-1.18987,1,100.618,291777,outside_own_roche_hot_not_broken
350,987,1,belt_rock,1.0446526819158121E-05,0.631643,4.67503,-1.13551,1,57.4141,385364,outside_own_roche_hot_not_broken
350,1005,1,belt_rock,8.022987989457047E-05,0.7567,3.21306,-0.696768,1,36.7328,617817,outside_own_roche_hot_not_broken
350,1008,1,belt_rock,4.288151531680917E-05,0.791993,4.77157,-1.0325,1,58.7162,404285,outside_own_roche_hot_not_broken
350,1018,1,belt_rock,1.6355160786595306E-05,0.763279,5.24191,-0.68169,1,35.7123,633060,outside_own_roche_hot_not_broken
350,1020,1,belt_rock,0.00012393235555062696,0.811588,4.40326,-1.02988,1,59.1994,403505,outside_own_roche_hot_not_broken
350,1040,1,belt_rock,4.3552702239255555E-05,0.749247,3.30301,-0.710314,1,39.8605,590906,outside_own_roche_hot_not_broken
350,1048,1,belt_rock,4.143592895581972E-06,0.572563,3.33015,-1.06824,1,50.3477,420686,outside_own_roche_hot_not_broken
350,1056,1,belt_rock,3.1722963361190054E-05,0.946293,4.27789,-1.22893,1,98.6303,290092,outside_own_roche_hot_not_broken
350,1069,1,belt_rock,4.176475362727333E-06,0.821817,4.77418,-1.00871,1,35.5592,491433,outside_own_roche_hot_not_broken
350,1081,1,belt_rock,5.6070312001726264E-05,0.953602,3.9052,-0.759875,1,46.3173,533410,outside_own_roche_hot_not_broken
350,1084,1,belt_rock,6.188998355852659E-05,0.781211,3.36584,-0.701175,1,37.1583,612662,outside_own_roche_hot_not_broken
350,1115,1,belt_rock,8.426437491768853E-05,0.623824,2.643,-1.0467,1,34.2507,484226,outside_own_roche_hot_not_broken
350,1117,1,belt_rock,3.4010464563941787E-06,0.869867,7.91653,-0.663424,1,28.1446,703438,outside_own_roche_hot_not_broken
350,1126,1,belt_rock,7.345224361945922E-05,0.900674,5.1175,-0.759692,1,49.9257,516094,outside_own_roche_hot_not_broken
350,1138,1,belt_rock,9.618061632610872E-06,0.744257,3.80979,-0.694568,1,38.6567,606356,outside_own_roche_hot_not_broken
350,1145,1,belt_rock,2.7887310087182198E-05,0.960671,6.10923,-0.642396,1,23.5342,762515,outside_own_roche_hot_not_broken
350,1153,1,belt_rock,3.99247983322351E-05,0.992535,6.02936,-0.778357,1,51.7502,501077,outside_own_roche_hot_not_broken
350,1163,1,belt_rock,9.151075701852086E-05,0.865139,3.41751,-0.663923,1,29.9516,687797,outside_own_roche_hot_not_broken
350,1185,1,belt_rock,0.00010621860538040504,0.799178,3.34794,-1.02852,1,53.7721,419924,outside_own_roche_hot_not_broken
350,1186,1,belt_rock,7.830805653317793E-07,0.813996,9.93112,-0.688887,1,33.6467,643686,outside_own_roche_hot_not_broken
350,1202,1,belt_rock,5.0099188463805305E-06,0.804417,6.779,-0.673126,1,34.8784,643898,outside_own_roche_hot_not_broken
350,1222,1,belt_rock,6.567551089215899E-06,0.924537,7.43547,-1.22767,1,109.81,274642,outside_own_roche_hot_not_broken
350,1223,1,belt_rock,4.408148264470157E-05,0.890258,1.90707,-0.763417,1,49.0971,518579,outside_own_roche_hot_not_broken
350,1230,1,belt_rock,3.487588960376383E-05,0.816882,3.66104,-0.666884,1,33.3345,659075,outside_own_roche_hot_not_broken
350,1235,1,belt_rock,6.567997374173691E-07,0.8527,6.85186,-0.673264,1,29.4194,686020,outside_own_roche_hot_not_broken
350,1264,1,belt_rock,7.198214225985294E-07,0.537281,6.67117,-1.11445,1,54.5675,397513,outside_own_roche_hot_not_broken
350,1275,1,belt_rock,6.576178648915663E-07,0.980191,12.4028,-1.22472,1,69.231,341681,outside_own_roche_hot_not_broken
350,1288,1,belt_rock,3.407419597380296E-05,0.943469,4.23713,-0.765737,1,50.2033,512569,outside_own_roche_hot_not_broken
350,1292,1,belt_rock,1.2159294762964989E-05,0.621968,3.09761,-1.0562,1,48.3372,430103,outside_own_roche_hot_not_broken
350,1321,1,belt_rock,2.8344823311113942E-06,0.768587,4.74419,-0.68577,1,36.4073,625976,outside_own_roche_hot_not_broken
350,1323,1,belt_rock,6.602189138387087E-07,0.564177,4.52885,-1.10119,1,45.577,427406,outside_own_roche_hot_not_broken
350,1346,1,belt_rock,7.443387126713012E-06,0.783299,4.15008,-0.676539,1,34.0866,647685,outside_own_roche_hot_not_broken
350,1348,1,belt_rock,9.319779773392947E-05,0.949564,4.00162,-0.644469,1,24.7407,748800,outside_own_roche_hot_not_broken
350,1356,1,belt_rock,0.00013095010690963047,0.904235,3.75378,-0.780337,1,49.5481,510222,outside_own_roche_hot_not_broken
350,1359,1,belt_rock,4.470043932629267E-05,0.717084,3.15737,-1.17276,1,84.3111,320729,outside_own_roche_hot_not_broken
350,1373,1,belt_rock,7.755539609164374E-07,0.746862,5.81124,-1.1805,1,71.1112,345103,outside_own_roche_hot_not_broken
350,1379,1,belt_rock,6.321398343326647E-05,0.699099,3.00935,-1.0296,1,36.4434,480864,outside_own_roche_hot_not_broken
350,1380,1,belt_rock,2.565950567024009E-05,0.531725,2.44792,-1.13148,1,76.7813,341496,outside_own_roche_hot_not_broken
350,1383,1,belt_rock,1.305277164820316E-06,0.747407,5.27475,-0.686885,1,37.4788,618115,outside_own_roche_hot_not_broken
350,1411,1,belt_rock,6.900906112506091E-07,0.781788,9.79303,-0.674244,1,35.8856,636038,outside_own_roche_hot_not_broken
350,1419,1,belt_rock,2.682885326908465E-05,0.788066,3.6105,-0.722327,1,40.0833,583758,outside_own_roche_hot_not_broken
350,1423,1,belt_rock,2.04207505970823E-06,0.808131,5.26902,-0.703294,1,37.5392,609066,outside_own_roche_hot_not_broken
350,1439,1,belt_rock,8.112150172263277E-05,0.870053,4.89642,-0.669601,1,29.2521,689834,outside_own_roche_hot_not_broken
350,1451,1,belt_rock,5.994101171787438E-05,0.775382,4.49748,-0.691934,1,35.1477,631277,outside_own_roche_hot_not_broken
350,1452,1,belt_rock,2.9717926455947776E-05,0.498173,2.26408,-1.0932,1,52.1499,409239,outside_own_roche_hot_not_broken
350,1471,1,belt_rock,3.623359964060946E-05,0.628293,3.86437,-1.0651,1,53.9298,410615,outside_own_roche_hot_not_broken
350,1509,1,belt_rock,0.0001288043910698863,0.756959,3.14516,-1.17681,1,69.7887,348508,outside_own_roche_hot_not_broken
350,1519,1,belt_rock,5.818677805881165E-05,0.440416,1.90543,-1.12136,1,85.57,325949,outside_own_roche_hot_not_broken
350,1528,1,belt_rock,5.0574990857476974E-05,0.731584,3.19342,-1.0454,1,65.5454,382980,outside_own_roche_hot_not_broken
350,1533,1,belt_rock,9.719062483603241E-05,0.769012,3.23427,-0.698083,1,37.5521,611701,outside_own_roche_hot_not_broken
350,1544,1,belt_rock,7.346227678048891E-07,0.884158,6.95182,-1.17249,1,51.4515,393334,outside_own_roche_hot_not_broken
350,1551,1,belt_rock,0.00012019013459511332,0.788444,3.28451,-0.680687,1,34.0261,645699,outside_own_roche_hot_not_broken
350,1558,1,belt_rock,0.00012331584972141517,0.919184,3.82516,-0.649432,1,25.5116,737511,outside_own_roche_hot_not_broken
350,1563,1,belt_rock,6.13628543380343E-07,0.540881,2.51295,-1.13673,1,86.5584,321877,outside_own_roche_hot_not_broken
350,1571,1,belt_rock,8.369130309176661E-06,0.866335,4.51896,-0.681814,1,31.7706,661897,outside_own_roche_hot_not_broken
350,1572,1,belt_rock,0.00012944083834083187,0.970262,4.02945,-0.64369,1,28.6252,713078,outside_own_roche_hot_not_broken
350,1575,1,belt_rock,1.035329165599612E-05,0.864882,4.38744,-0.716069,1,39.6131,589607,outside_own_roche_hot_not_broken
350,1598,1,belt_rock,5.3828043225724526E-06,0.754896,2.19911,-0.693183,1,35.887,625477,outside_own_roche_hot_not_broken
350,1610,1,belt_rock,1.497445714382595E-06,0.998967,6.87735,-0.643843,1,21.7053,780357,outside_own_roche_hot_not_broken
350,1611,1,belt_rock,6.705223871774515E-07,0.825056,10.3974,-0.672816,1,30.8644,674605,outside_own_roche_hot_not_broken
350,1619,1,belt_rock,1.4408054182583987E-05,0.813019,3.9642,-0.737307,1,46.2707,542796,outside_own_roche_hot_not_broken
350,1622,1,belt_rock,4.911807024151414E-05,0.801992,3.50645,-0.731846,1,44.775,552948,outside_own_roche_hot_not_broken
350,1627,1,belt_rock,1.1687362915939393E-06,0.819991,5.90545,-0.700115,1,38.0032,607709,outside_own_roche_hot_not_broken
350,1632,1,belt_rock,0.0001266779933499099,0.893136,4.83628,-0.661237,1,29.593,692578,outside_own_roche_hot_not_broken
350,1657,1,belt_rock,1.942033007312838E-06,0.744096,4.89363,-1.02021,1,34.5856,491661,outside_own_roche_hot_not_broken
350,1666,1,belt_rock,8.10643211524436E-06,0.48729,2.51604,-1.12569,1,86.1518,324233,outside_own_roche_hot_not_broken
350,1683,1,belt_rock,5.881733992861934E-05,0.873329,3.77455,-0.702788,1,37.1237,612042,outside_own_roche_hot_not_broken
350,1689,1,belt_rock,0.0001113023791935621,0.898471,3.50629,-0.666628,1,26.4377,716230,outside_own_roche_hot_not_broken
350,1694,1,belt_rock,1.2903984627086387E-06,0.546215,3.86293,-1.10085,1,47.3461,421906,outside_own_roche_hot_not_broken
350,1704,1,belt_rock,9.233320338669969E-07,0.797916,6.10935,-1.01611,1,37.3605,481521,outside_own_roche_hot_not_broken
350,1705,1,belt_rock,7.241293853868404E-05,0.809773,3.2517,-1.03147,1,66.9913,382131,outside_own_roche_hot_not_broken
350,1719,1,belt_rock,6.855236546430281E-05,0.821926,3.52183,-1.17535,1,60.1708,370510,outside_own_roche_hot_not_broken
350,1724,1,belt_rock,1.462177369506799E-05,0.885155,4.31265,-1.01899,1,61.3818,399802,outside_own_roche_hot_not_broken
350,1728,1,belt_rock,1.0888555991343835E-06,0.810258,5.9124,-0.684119,1,32.3416,656155,outside_own_roche_hot_not_broken
350,1759,1,belt_rock,5.15130121818047E-05,0.73416,3.19961,-0.706179,1,39.3597,596033,outside_own_roche_hot_not_broken
350,1768,1,belt_rock,7.185553892578624E-07,0.741159,9.20601,-1.03837,1,52.5303,421329,outside_own_roche_hot_not_broken
350,1773,1,belt_rock,8.468538964892363E-06,0.893747,4.65515,-0.723757,1,38.5081,592604,outside_own_roche_hot_not_broken
350,1778,1,belt_rock,7.438067820221023E-07,0.534083,4.18924,-1.0817,1,51.1292,415008,outside_own_roche_hot_not_broken
350,1789,1,belt_rock,5.5044936327138806E-05,0.788135,3.42,-0.678248,1,35.055,639671,outside_own_roche_hot_not_broken
350,1792,1,belt_rock,6.84873477479531E-05,0.845425,4.83706,-0.693057,1,32.846,647092,outside_own_roche_hot_not_broken
350,1793,1,belt_rock,3.393960017536284E-05,0.509895,3.16256,-1.08942,1,50.7231,414372,outside_own_roche_hot_not_broken
350,1833,1,belt_rock,0.00012068881521162628,0.649851,2.70746,-1.14235,1,56.4801,386372,outside_own_roche_hot_not_broken
350,1855,1,belt_rock,9.964937321377566E-07,0.989199,7.46006,-0.645606,1,29.9498,700163,outside_own_roche_hot_not_broken
350,1909,1,belt_rock,1.1792483931838004E-05,0.494302,3.58343,-1.09199,1,53.2699,406262,outside_own_roche_hot_not_broken
350,1910,1,belt_rock,7.693219027352096E-07,0.844876,10.346,-0.688556,1,33.9857,641428,outside_own_roche_hot_not_broken
350,1932,1,belt_rock,7.785225509393497E-05,0.92855,3.94884,-0.645141,1,28.2249,715617,outside_own_roche_hot_not_broken
350,1956,1,belt_rock,1.125265088915372E-05,0.822907,4.12912,-0.665836,1,32.5756,665547,outside_own_roche_hot_not_broken
350,1966,1,belt_rock,7.849289931981127E-07,0.749171,5.81576,-0.73197,1,42.8517,563381,outside_own_roche_hot_not_broken
350,1974,1,belt_rock,4.35442535855201E-05,0.441888,1.94912,-1.1035,1,65.3285,371933,outside_own_roche_hot_not_broken
350,1979,1,belt_rock,1.9358361595623597E-06,0.556993,3.66515,-2.87042,1,5.0834,243408,outside_own_roche_hot_not_broken
350,2004,1,belt_rock,1.6526925218512253E-06,0.850526,5.75354,-0.668965,1,29.2632,690165,outside_own_roche_hot_not_broken
400,19,1,belt_rock,5.4798573249671766E-06,0.960079,5.31749,-0.650723,1,30.856,689054,outside_own_roche_hot_not_broken
400,33,1,belt_rock,7.873348398412519E-07,0.639522,4.96164,-0.971837,1,34.9196,507091,outside_own_roche_hot_not_broken
400,39,1,belt_rock,1.6092175789788556E-05,0.976378,4.70014,-0.612934,1,23.9984,782277,outside_own_roche_hot_not_broken
400,49,1,belt_rock,5.069891646821336E-06,0.597774,3.36209,-0.972822,1,44.3372,467671,outside_own_roche_hot_not_broken
400,66,1,belt_rock,0.00011775981766351847,0.667674,1.30837,-0.956569,1,39.8663,490860,outside_own_roche_hot_not_broken
400,73,1,belt_rock,8.194482352592859E-07,0.773958,6.06908,-0.934533,1,29.9798,545453,outside_own_roche_hot_not_broken
400,113,1,belt_rock,1.0639841369632227E-05,0.920785,4.65121,-0.644621,1,29.9894,700500,outside_own_roche_hot_not_broken
400,115,1,belt_rock,7.294394492322567E-07,0.631937,4.89235,-1.02646,1,62.566,394878,outside_own_roche_hot_not_broken
400,127,1,belt_rock,8.077702642988861E-07,0.982826,7.58772,-1.08389,1,63.9311,379257,outside_own_roche_hot_not_broken
400,130,1,belt_rock,4.015900961947586E-05,0.681017,2.87227,-0.955772,1,48.8289,455997,outside_own_roche_hot_not_broken
400,156,1,belt_rock,7.919609693281555E-06,0.728994,3.83779,-0.947211,1,27.7574,551818,outside_own_roche_hot_not_broken
400,173,1,belt_rock,1.0313755962278207E-06,0.615279,4.5353,-1.00158,1,41.2924,470539,outside_own_roche_hot_not_broken
400,205,1,belt_rock,1.0735023332739205E-05,0.996185,7.31942,-0.619768,1,22.9601,787577,outside_own_roche_hot_not_broken
400,213,1,belt_rock,0.00012665046230156922,0.933646,1.8199,-0.640179,1,28.7367,714589,outside_own_roche_hot_not_broken
400,263,1,belt_rock,6.624594774401624E-07,0.629584,5.05056,-1.0145,1,46.5753,447270,outside_own_roche_hot_not_broken
400,276,1,belt_rock,4.4692888503205165E-05,0.814232,3.58454,-1.05977,1,67.32,375617,outside_own_roche_hot_not_broken
400,277,1,belt_rock,6.571059482080137E-07,0.814295,6.54266,-1.04188,1,43.1879,451500,outside_own_roche_hot_not_broken
400,285,1,belt_rock,8.687170134992252E-07,0.780287,5.94095,-1.05561,1,79.213,349086,outside_own_roche_hot_not_broken
400,316,1,belt_rock,7.095415057450046E-05,0.726962,2.92369,-1.03858,1,51.816,423508,outside_own_roche_hot_not_broken
400,323,1,belt_rock,9.582135041635011E-05,0.505748,2.12881,-0.987809,1,56.1096,422780,outside_own_roche_hot_not_broken
400,337,1,belt_rock,0.00011395067462637273,0.517594,2.16148,-0.988323,1,55.5281,424478,outside_own_roche_hot_not_broken
400,338,1,belt_rock,1.3836059439018717E-05,0.952896,6.7166,-0.632565,1,27.0345,735862,outside_own_roche_hot_not_broken
400,368,1,belt_rock,3.1373371721346994E-05,0.968299,4.37652,-0.639898,1,27.7933,723328,outside_own_roche_hot_not_broken
400,393,1,belt_rock,9.773110611002353E-06,0.704985,3.60669,-0.955278,1,37.1752,502935,outside_own_roche_hot_not_broken
400,425,1,belt_rock,5.181125882081864E-06,0.663025,3.71413,-0.956345,1,52.336,443422,outside_own_roche_hot_not_broken
400,435,1,belt_rock,1.1929423633609304E-05,0.926137,4.61332,-0.642493,1,28.5077,714981,outside_own_roche_hot_not_broken
400,459,1,belt_rock,1.8875211953657907E-05,0.971921,5.19829,-0.627487,1,24.4249,765602,outside_own_roche_hot_not_broken
400,460,1,belt_rock,6.572945783292398E-07,0.747736,6.00754,-0.943256,1,28.969,547088,outside_own_roche_hot_not_broken
400,471,1,belt_rock,3.1005096197406065E-05,0.850556,3.85043,-0.921552,1,29.8864,551412,outside_own_roche_hot_not_broken
400,510,1,belt_rock,1.8747241736540915E-06,0.566475,5.78645,-1.01793,1,61.988,398350,outside_own_roche_hot_not_broken
400,519,1,belt_rock,1.8789539354836143E-06,0.8472,5.60366,-1.0555,1,52.7049,416581,outside_own_roche_hot_not_broken
400,535,1,belt_rock,6.273860713951598E-05,0.939361,4.04349,-0.639231,1,28.5332,717095,outside_own_roche_hot_not_broken
400,555,1,belt_rock,1.0074173281330098E-05,0.933248,4.74575,-0.621611,1,26.0119,754311,outside_own_roche_hot_not_broken
400,572,1,belt_rock,8.807467696257103E-05,0.977866,4.13213,-0.629539,1,24.2793,765411,outside_own_roche_hot_not_broken
400,589,1,belt_rock,1.633624525481355E-05,0.841684,5.78992,-1.03619,1,38.2248,471700,outside_own_roche_hot_not_broken
400,606,1,belt_rock,7.275144027667875E-07,0.942095,7.4213,-0.629947,1,26.8063,740034,outside_own_roche_hot_not_broken
400,638,1,belt_rock,3.486789198496073E-05,0.924398,4.14267,-0.640118,1,28.9752,712507,outside_own_roche_hot_not_broken
400,685,1,belt_rock,3.934263700985176E-05,0.543762,3.30987,-0.977759,1,50.8028,442804,outside_own_roche_hot_not_broken
400,688,1,belt_rock,0.00012025778915883485,0.632348,2.63453,-0.965905,1,55.1673,431382,outside_own_roche_hot_not_broken
400,690,1,belt_rock,1.4997876132188474E-06,0.758942,8.10561,-1.05275,1,71.6557,366524,outside_own_roche_hot_not_broken
400,711,1,belt_rock,6.574452403832531E-07,0.676823,5.54906,-0.953912,1,42.1524,482269,outside_own_roche_hot_not_broken
400,736,1,belt_rock,8.449826855926906E-06,0.670092,3.49547,-0.959638,1,36.1677,505868,outside_own_roche_hot_not_broken
400,747,1,belt_rock,1.1937101192021467E-05,0.959653,6.92708,-0.618523,1,24.7482,769663,outside_own_roche_hot_not_broken
400,760,1,belt_rock,2.0548258717118188E-05,0.622741,2.82204,-0.967489,1,45.7507,463924,outside_own_roche_hot_not_broken
400,773,1,belt_rock,4.555810874266834E-05,0.887506,5.30821,-0.926608,1,43.2279,486825,outside_own_roche_hot_not_broken
400,776,1,belt_rock,6.660268888965755E-07,0.700511,5.61365,-0.956522,1,28.9995,541428,outside_own_roche_hot_not_broken
400,789,1,belt_rock,6.569531378108764E-07,0.632789,5.18883,-0.965287,1,43.1096,474785,outside_own_roche_hot_not_broken
400,798,1,belt_rock,2.0221278783447786E-06,0.486394,3.17664,-1.00279,1,65.7778,391313,outside_own_roche_hot_not_broken
400,808,1,belt_rock,1.650636015602605E-05,0.518939,3.56225,-0.98911,1,53.1352,431955,outside_own_roche_hot_not_broken
400,817,1,belt_rock,7.109037514987156E-07,0.845109,6.68713,-0.936828,1,49.5052,459072,outside_own_roche_hot_not_broken
400,820,1,belt_rock,4.884415814633505E-05,0.990781,4.33296,-0.656928,1,30.3861,688834,outside_own_roche_hot_not_broken
400,824,1,belt_rock,3.599387387985598E-05,0.677074,3.02898,-1.01684,1,45.3416,450965,outside_own_roche_hot_not_broken
400,832,1,belt_rock,6.321687646580635E-06,0.94922,5.08513,-0.622387,1,25.1813,762043,outside_own_roche_hot_not_broken
400,856,1,belt_rock,1.893499971278667E-05,0.762103,5.12548,-1.02497,1,38.9972,472186,outside_own_roche_hot_not_broken
400,871,1,belt_rock,1.6085964784512033E-06,0.931636,6.33247,-0.644631,1,29.1291,707961,outside_own_roche_hot_not_broken
400,889,1,belt_rock,6.566786953082084E-07,0.932764,7.49548,-0.643348,1,29.9415,701788,outside_own_roche_hot_not_broken
400,899,1,belt_rock,5.0373467733765504E-05,0.940201,4.10314,-0.631935,1,27.1718,735039,outside_own_roche_hot_not_broken
400,914,1,belt_rock,9.839654793734442E-07,0.492447,3.66207,-0.993658,1,58.3964,414334,outside_own_roche_hot_not_broken
400,929,1,belt_rock,3.066509173486116E-05,0.811248,3.67549,-0.932228,1,43.0059,485883,outside_own_roche_hot_not_broken
400,938,1,belt_rock,4.614813348566103E-05,0.630585,2.62634,-0.989826,1,36.6029,493416,outside_own_roche_hot_not_broken
400,943,1,belt_rock,7.823826749602393E-05,0.985507,3.93452,-0.66923,1,32.9784,660359,outside_own_roche_hot_not_broken
400,946,1,belt_rock,3.6899876659023318E-06,0.943509,5.58556,-1.07758,1,66.6152,373849,outside_own_roche_hot_not_broken
400,1003,1,belt_rock,1.1853569596409044E-05,0.998921,2.54731,-0.621292,1,22.5095,791163,outside_own_roche_hot_not_broken
400,1008,1,belt_rock,4.288151531680917E-05,0.641065,3.86226,-1.02293,1,59.4823,404284,outside_own_roche_hot_not_broken
400,1015,1,belt_rock,6.570363622611409E-05,0.960089,5.51743,-0.901369,1,24.7961,589565,outside_own_roche_hot_not_broken
400,1020,1,belt_rock,0.00012393235555062696,0.622973,3.37993,-1.02027,1,59.9686,403504,outside_own_roche_hot_not_broken
400,1048,1,belt_rock,4.143592895581972E-06,0.884764,5.14598,-1.06045,1,50.9709,420687,outside_own_roche_hot_not_broken
400,1054,1,belt_rock,1.0361094316156866E-06,0.871601,6.41919,-0.923184,1,29.6687,551876,outside_own_roche_hot_not_broken
400,1065,1,belt_rock,1.2378958103551002E-06,0.939183,6.69271,-0.633674,1,27.635,729387,outside_own_roche_hot_not_broken
400,1069,1,belt_rock,4.176475362727333E-06,0.710471,4.12733,-1.00306,1,36.0117,491433,outside_own_roche_hot_not_broken
400,1115,1,belt_rock,8.426437491768853E-05,0.9656,4.09103,-1.04342,1,34.5122,484229,outside_own_roche_hot_not_broken
400,1136,1,belt_rock,9.970065298378194E-05,0.866298,3.63941,-0.926612,1,49.651,461562,outside_own_roche_hot_not_broken
400,1160,1,belt_rock,1.8870760853445593E-06,0.494027,3.26521,-0.99075,1,58.866,413623,outside_own_roche_hot_not_broken
400,1164,1,belt_rock,6.730494887113006E-07,0.742605,5.93883,-0.942506,1,40.6039,492500,outside_own_roche_hot_not_broken
400,1173,1,belt_rock,1.989950814000773E-05,0.977322,4.60709,-0.911686,1,33.9477,534532,outside_own_roche_hot_not_broken
400,1185,1,belt_rock,0.00010621860538040504,0.645254,2.70312,-1.01968,1,54.4795,419922,outside_own_roche_hot_not_broken
400,1209,1,belt_rock,3.778331761941263E-05,0.631698,2.81489,-0.96747,1,54.2951,433829,outside_own_roche_hot_not_broken
400,1254,1,belt_rock,4.271535590295029E-05,0.495558,2.1884,-0.992041,1,57.7411,416705,outside_own_roche_hot_not_broken
400,1287,1,belt_rock,2.6131822303054097E-05,0.927202,4.25636,-0.627812,1,26.1964,747593,outside_own_roche_hot_not_broken
400,1292,1,belt_rock,1.2159294762964989E-05,0.833088,4.14906,-1.04823,1,48.9746,430104,outside_own_roche_hot_not_broken
400,1294,1,belt_rock,7.912144320608955E-05,0.552472,2.34811,-0.98825,1,46.913,453527,outside_own_roche_hot_not_broken
400,1302,1,belt_rock,4.7713619758031443E-05,0.535513,3.18609,-0.980999,1,55.2251,427300,outside_own_roche_hot_not_broken
400,1312,1,belt_rock,9.413123027088383E-05,0.995754,3.92622,-0.634264,1,24.8239,756065,outside_own_roche_hot_not_broken
400,1337,1,belt_rock,2.5702876014642227E-05,0.904565,4.15869,-0.63784,1,29.2386,711787,outside_own_roche_hot_not_broken
400,1379,1,belt_rock,6.321398343326647E-05,0.816379,3.5142,-1.02365,1,36.919,480866,outside_own_roche_hot_not_broken
400,1384,1,belt_rock,5.796812517497883E-06,0.793218,4.36753,-0.940799,1,40.7811,492327,outside_own_roche_hot_not_broken
400,1391,1,belt_rock,6.820244124305144E-05,0.503091,2.15577,-0.994443,1,56.1776,420915,outside_own_roche_hot_not_broken
400,1442,1,belt_rock,2.0529670032673337E-06,0.75631,4.92665,-0.937766,1,27.5692,556895,outside_own_roche_hot_not_broken
400,1445,1,belt_rock,1.2390191804910979E-06,0.944011,6.82096,-0.620119,1,25.4588,761069,outside_own_roche_hot_not_broken
400,1455,1,belt_rock,2.586309430723206E-05,0.915417,4.20936,-0.915564,1,32.2762,541428,outside_own_roche_hot_not_broken
400,1471,1,belt_rock,3.623359964060946E-05,0.80529,4.95301,-1.05604,1,54.6548,410615,outside_own_roche_hot_not_broken
400,1473,1,belt_rock,8.320568573576248E-07,0.907343,10.9313,-0.924563,1,40.8238,497715,outside_own_roche_hot_not_broken
400,1518,1,belt_rock,5.578760822173084E-05,0.494799,2.14597,-0.985258,1,58.9436,414709,outside_own_roche_hot_not_broken
400,1528,1,belt_rock,5.0574990857476974E-05,0.688702,3.00624,-1.03503,1,66.3754,382980,outside_own_roche_hot_not_broken
400,1555,1,belt_rock,1.7974782932948866E-06,0.967261,9.96325,-0.624363,1,24.1394,771134,outside_own_roche_hot_not_broken
400,1572,1,belt_rock,0.00012944083834083187,0.95228,3.95477,-0.641239,1,28.8207,713084,outside_own_roche_hot_not_broken
400,1629,1,belt_rock,6.576936951884467E-07,0.997218,8.17525,-0.609142,1,23.2177,794063,outside_own_roche_hot_not_broken
400,1632,1,belt_rock,0.0001266779933499099,0.999557,5.41254,-0.658723,1,29.7941,692579,outside_own_roche_hot_not_broken
400,1655,1,belt_rock,1.7631660868541665E-05,0.608531,2.90471,-0.965929,1,46.0313,463338,outside_own_roche_hot_not_broken
400,1657,1,belt_rock,1.942033007312838E-06,0.783855,5.15512,-1.01449,1,35.0432,491662,outside_own_roche_hot_not_broken
400,1701,1,belt_rock,6.603382234169165E-05,0.557236,2.25308,-0.988808,1,46.195,455964,outside_own_roche_hot_not_broken
400,1704,1,belt_rock,9.233320338669969E-07,0.715482,5.47818,-1.00998,1,37.8508,481521,outside_own_roche_hot_not_broken
400,1705,1,belt_rock,7.241293853868404E-05,0.614819,2.46885,-1.02084,1,67.8427,382130,outside_own_roche_hot_not_broken
400,1711,1,belt_rock,8.655283460153985E-05,0.519185,2.19637,-0.989792,1,53.1664,431675,outside_own_roche_hot_not_broken
400,1724,1,belt_rock,1.462177369506799E-05,0.558759,2.72238,-1.0094,1,62.1494,399800,outside_own_roche_hot_not_broken
400,1748,1,belt_rock,5.55321315350064E-05,0.991964,4.30177,-0.612684,1,23.11,792130,outside_own_roche_hot_not_broken
400,1768,1,belt_rock,7.185553892578624E-07,0.699384,8.68712,-1.02957,1,53.2343,421329,outside_own_roche_hot_not_broken
400,1771,1,belt_rock,5.6329498505651184E-06,0.774359,4.24168,-0.945709,1,43.3726,479984,outside_own_roche_hot_not_broken
400,1778,1,belt_rock,7.438067820221023E-07,0.935864,7.34072,-1.07491,1,51.6721,415009,outside_own_roche_hot_not_broken
400,1788,1,belt_rock,1.461317122725545E-05,0.92714,6.48463,-0.915702,1,43.0764,491110,outside_own_roche_hot_not_broken
400,1793,1,belt_rock,3.393960017536284E-05,0.997497,6.18685,-1.08532,1,51.0509,414372,outside_own_roche_hot_not_broken
400,1808,1,belt_rock,5.6769810111980155E-05,0.965175,4.18106,-0.912198,1,44.6791,485590,outside_own_roche_hot_not_broken
400,1811,1,belt_rock,1.3906931766420854E-06,0.988713,6.89794,-0.905616,1,32.6492,543605,outside_own_roche_hot_not_broken
400,1834,1,belt_rock,1.150021549841283E-06,0.805748,5.82021,-0.936487,1,49.3956,459577,outside_own_roche_hot_not_broken
400,1855,1,belt_rock,9.964937321377566E-07,0.909106,6.85604,-0.643035,1,30.1548,700169,outside_own_roche_hot_not_broken
400,1857,1,belt_rock,2.2038280406786937E-05,0.650049,3.03457,-0.968094,1,34.9489,508309,outside_own_roche_hot_not_broken
400,1914,1,belt_rock,0.0001241899273288049,0.667434,2.77695,-0.953711,1,47.8644,460145,outside_own_roche_hot_not_broken
400,1963,1,belt_rock,8.80904266755749E-05,0.899026,5.02146,-0.928259,1,45.1528,478439,outside_own_roche_hot_not_broken
400,1979,1,belt_rock,1.9358361595623597E-06,0.41605,2.73771,-2.86945,1,5.16079,243409,outside_own_roche_hot_not_broken
450,0,2,moon,0.0001921875,0.982963,4.42088,-1.57272,1,102.318,250431,outside_own_roche_hot_not_broken
450,1,2,moon,0.0001921875,0.981199,4.41295,-1.57325,1,102.295,250408,outside_own_roche_hot_not_broken
450,9,2,moon,0.0001921875,0.981199,4.41295,-1.57325,1,102.295,250408,outside_own_roche_hot_not_broken
450,49,1,belt_rock,5.069891646821336E-06,0.942839,5.30286,-0.967561,1,44.7575,467674,outside_own_roche_hot_not_broken
450,66,1,belt_rock,0.00011775981766351847,0.876399,1.71739,-0.950901,1,40.3192,490863,outside_own_roche_hot_not_broken
450,70,2,moon,0.0001921875,0.982963,4.42088,-1.57272,1,102.318,250431,outside_own_roche_hot_not_broken
450,73,1,belt_rock,8.194482352592859E-07,0.853811,6.69525,-0.930288,1,30.3188,545457,outside_own_roche_hot_not_broken
450,126,2,moon,0.0001921875,0.982963,4.42088,-1.57272,1,102.318,250431,outside_own_roche_hot_not_broken
450,130,1,belt_rock,4.015900961947586E-05,0.804105,3.3914,-0.948088,1,49.4434,455997,outside_own_roche_hot_not_broken
450,138,2,moon,0.0001921875,0.981199,4.41295,-1.57325,1,102.295,250408,outside_own_roche_hot_not_broken
450,140,1,belt_rock,7.136453330084144E-07,0.88496,11.0079,-0.849487,1,37.44,542056,outside_own_roche_hot_not_broken
450,156,1,belt_rock,7.919609693281555E-06,0.957261,5.03951,-0.944236,1,27.9945,551823,outside_own_roche_hot_not_broken
450,160,1,belt_rock,2.3724310100572596E-05,0.943019,4.98468,-0.841167,1,18.8795,662995,outside_own_roche_hot_not_broken
450,162,2,moon,0.0001921875,0.981199,4.41295,-1.57325,1,102.295,250408,outside_own_roche_hot_not_broken
450,178,2,moon,0.0001921875,0.982963,4.42088,-1.57272,1,102.318,250431,outside_own_roche_hot_not_broken
450,207,2,moon,0.0001921875,0.981199,4.41295,-1.57325,1,102.295,250408,outside_own_roche_hot_not_broken
450,216,2,moon,0.0001921875,0.982963,4.42088,-1.57272,1,102.318,250431,outside_own_roche_hot_not_broken
450,220,1,belt_rock,7.733821001916975E-05,0.752114,4.25263,-0.88792,1,26.8862,583459,outside_own_roche_hot_not_broken
450,223,1,belt_rock,3.520490512440083E-05,0.215951,1.33463,-1.70431,1,206.926,166434,outside_own_roche_hot_not_broken
450,229,2,moon,0.0001921875,0.981199,4.41295,-1.57325,1,102.295,250408,outside_own_roche_hot_not_broken
450,240,1,belt_rock,1.0652790247539184E-05,0.938638,4.74643,-0.842497,1,23.8882,625845,outside_own_roche_hot_not_broken
450,246,1,belt_rock,4.3894961954037085E-06,0.83946,4.82383,-0.857862,1,38.295,534325,outside_own_roche_hot_not_broken
450,248,2,moon,0.0001921875,0.982963,4.42088,-1.57272,1,102.318,250431,outside_own_roche_hot_not_broken
450,254,2,moon,0.0001921875,0.982963,4.42088,-1.57272,1,102.318,250431,outside_own_roche_hot_not_broken
450,294,2,moon,0.0001921875,0.981199,4.41295,-1.57325,1,102.295,250408,outside_own_roche_hot_not_broken
450,307,1,belt_rock,2.6885458345888608E-05,0.772188,3.53758,-0.863282,1,36.3473,542000,outside_own_roche_hot_not_broken
450,337,1,belt_rock,0.00011395067462637273,0.999197,4.17265,-0.983024,1,55.9517,424479,outside_own_roche_hot_not_broken
450,393,1,belt_rock,9.773110611002353E-06,0.849065,4.34381,-0.949773,1,37.6151,502938,outside_own_roche_hot_not_broken
450,398,2,moon,0.0001921875,0.981199,4.41295,-1.57325,1,102.295,250408,outside_own_roche_hot_not_broken
450,412,2,moon,0.0001921875,0.981199,4.41295,-1.57325,1,102.295,250408,outside_own_roche_hot_not_broken
450,425,1,belt_rock,5.181125882081864E-06,0.810774,4.54179,-0.948135,1,52.9926,443423,outside_own_roche_hot_not_broken
450,434,1,belt_rock,9.286780040092213E-06,0.96194,4.95224,-0.834329,1,17.3789,679132,outside_own_roche_hot_not_broken
450,448,2,moon,0.0001921875,0.982963,4.42088,-1.57272,1,102.318,250431,outside_own_roche_hot_not_broken
450,460,1,belt_rock,6.572945783292398E-07,0.898125,7.21581,-0.939454,1,29.2724,547092,outside_own_roche_hot_not_broken
450,471,1,belt_rock,3.1005096197406065E-05,0.786213,3.55916,-0.917375,1,30.2205,551413,outside_own_roche_hot_not_broken
450,474,2,moon,0.0001921875,0.982963,4.42088,-1.57272,1,102.318,250431,outside_own_roche_hot_not_broken
450,479,1,belt_rock,3.392719511201223E-05,0.693163,4.3039,-1.67996,1,163.464,191808,outside_own_roche_hot_not_broken
450,501,1,belt_rock,0.00010638575293607016,0.774246,3.24297,-0.871589,1,30.2355,571535,outside_own_roche_hot_not_broken
450,544,2,moon,0.0001921875,0.982963,4.42088,-1.57272,1,102.318,250431,outside_own_roche_hot_not_broken
450,579,2,moon,0.0001921875,0.981199,4.41295,-1.57325,1,102.295,250408,outside_own_roche_hot_not_broken
450,596,2,moon,0.0001921875,0.981199,4.41295,-1.57325,1,102.295,250408,outside_own_roche_hot_not_broken
450,605,2,moon,0.0001921875,0.982963,4.42088,-1.57272,1,102.318,250431,outside_own_roche_hot_not_broken
450,620,1,belt_rock,1.688403118547852E-05,0.936079,4.49919,-1.64019,1,161.802,194979,outside_own_roche_hot_not_broken
450,626,1,belt_rock,5.280982166788213E-06,0.184094,1.54585,-1.81907,1,206.694,162206,outside_own_roche_hot_not_broken
450,658,2,moon,0.0001921875,0.981199,4.41295,-1.57325,1,102.295,250408,outside_own_roche_hot_not_broken
450,685,1,belt_rock,3.934263700985176E-05,0.993004,6.04439,-0.972996,1,51.1833,442806,outside_own_roche_hot_not_broken
450,688,1,belt_rock,0.00012025778915883485,0.833126,3.47102,-0.957291,1,55.8562,431383,outside_own_roche_hot_not_broken
450,691,1,belt_rock,4.215405560490873E-05,0.92851,4.1032,-0.847499,1,37.8227,540908,outside_own_roche_hot_not_broken
450,695,1,belt_rock,7.80741967124538E-05,0.789192,3.35646,-0.882679,1,23.8652,604704,outside_own_roche_hot_not_broken
450,697,1,belt_rock,7.954378473744548E-06,0.853621,4.48775,-0.861399,1,22.4062,625639,outside_own_roche_hot_not_broken
450,711,1,belt_rock,6.574452403832531E-07,0.846927,6.94369,-0.947585,1,42.6581,482270,outside_own_roche_hot_not_broken
450,721,2,moon,0.0001921875,0.982963,4.42088,-1.57272,1,102.318,250431,outside_own_roche_hot_not_broken
450,736,1,belt_rock,8.449826855926906E-06,0.910761,4.75089,-0.954989,1,36.5389,505871,outside_own_roche_hot_not_broken
450,760,1,belt_rock,2.0548258717118188E-05,0.889782,4.03217,-0.96099,1,46.2701,463926,outside_own_roche_hot_not_broken
450,773,1,belt_rock,4.555810874266834E-05,0.653921,3.91113,-0.920685,1,43.7027,486821,outside_own_roche_hot_not_broken
450,776,1,belt_rock,6.660268888965755E-07,0.998103,7.99846,-0.954102,1,29.1922,541432,outside_own_roche_hot_not_broken
450,788,2,moon,0.0001921875,0.981199,4.41295,-1.57325,1,102.295,250408,outside_own_roche_hot_not_broken
450,789,1,belt_rock,6.569531378108764E-07,0.896117,7.3481,-0.959334,1,43.5853,474787,outside_own_roche_hot_not_broken
450,791,1,belt_rock,4.267087949323744E-05,0.678596,2.99668,-0.899222,1,33.6154,541264,outside_own_roche_hot_not_broken
450,817,1,belt_rock,7.109037514987156E-07,0.651072,5.15177,-0.92939,1,50.1009,459069,outside_own_roche_hot_not_broken
450,826,1,belt_rock,1.4917630626011445E-06,0.661537,4.55742,-0.900663,1,35.6431,530493,outside_own_roche_hot_not_broken
450,852,2,moon,0.0001921875,0.982963,4.42088,-1.57272,1,102.318,250431,outside_own_roche_hot_not_broken
450,884,2,moon,0.0001921875,0.982963,4.42088,-1.57272,1,102.318,250431,outside_own_roche_hot_not_broken
450,885,1,belt_rock,5.471936835509628E-06,0.581559,3.19941,-0.902032,1,46.4681,481597,outside_own_roche_hot_not_broken
450,890,2,moon,0.0001921875,0.981199,4.41295,-1.57325,1,102.295,250408,outside_own_roche_hot_not_broken
450,924,2,moon,0.0001921875,0.981199,4.41295,-1.57325,1,102.295,250408,outside_own_roche_hot_not_broken
450,929,1,belt_rock,3.066509173486116E-05,0.710975,3.22119,-0.925662,1,43.5316,485881,outside_own_roche_hot_not_broken
450,933,2,moon,0.0001921875,0.981199,4.41295,-1.57325,1,102.295,250408,outside_own_roche_hot_not_broken
450,976,1,belt_rock,6.644448574966501E-07,0.975201,7.81855,-1.65945,1,233.927,155808,outside_own_roche_hot_not_broken
450,979,2,moon,0.0001921875,0.981199,4.41295,-1.57325,1,102.295,250408,outside_own_roche_hot_not_broken
450,1013,2,moon,0.0001921875,0.982963,4.42088,-1.57272,1,102.318,250431,outside_own_roche_hot_not_broken
450,1015,1,belt_rock,6.570363622611409E-05,0.790214,4.54119,-0.898716,1,25.0087,589563,outside_own_roche_hot_not_broken
450,1022,1,belt_rock,2.776081416893355E-05,0.803204,3.66991,-0.8671,1,26.5676,595525,outside_own_roche_hot_not_broken
450,1054,1,belt_rock,1.0361094316156866E-06,0.770964,5.67802,-0.919149,1,29.9916,551876,outside_own_roche_hot_not_broken
450,1074,1,belt_rock,9.674594183823152E-06,0.617356,3.16064,-0.900779,1,41.3388,503806,outside_own_roche_hot_not_broken
450,1080,2,moon,0.0001921875,0.981199,4.41295,-1.57325,1,102.295,250408,outside_own_roche_hot_not_broken
450,1090,2,moon,0.0001921875,0.981199,4.41295,-1.57325,1,102.295,250408,outside_own_roche_hot_not_broken
450,1125,2,moon,0.0001921875,0.982963,4.42088,-1.57272,1,102.318,250431,outside_own_roche_hot_not_broken
450,1136,1,belt_rock,9.970065298378194E-05,0.637892,2.67985,-0.919385,1,50.23,461559,outside_own_roche_hot_not_broken
450,1164,1,belt_rock,6.730494887113006E-07,0.785901,6.28509,-0.936184,1,41.1095,492500,outside_own_roche_hot_not_broken
450,1172,2,moon,0.0001921875,0.982963,4.42088,-1.57272,1,102.318,250431,outside_own_roche_hot_not_broken
450,1173,1,belt_rock,1.989950814000773E-05,0.682333,3.21651,-0.908478,1,34.2056,534526,outside_own_roche_hot_not_broken
450,1178,1,belt_rock,2.7417074091352562E-05,0.844534,3.86302,-0.859505,1,23.7061,617868,outside_own_roche_hot_not_broken
450,1209,1,belt_rock,3.778331761941263E-05,0.836089,3.72566,-0.958999,1,54.9725,433830,outside_own_roche_hot_not_broken
450,1216,1,belt_rock,9.234901422011216E-06,0.856594,4.41166,-0.856515,1,28.8516,586736,outside_own_roche_hot_not_broken
450,1228,2,moon,0.0001921875,0.982963,4.42088,-1.57272,1,102.318,250431,outside_own_roche_hot_not_broken
450,1242,1,belt_rock,1.1044763989078897E-05,0.649411,4.75379,-0.89019,1,40.4897,511456,outside_own_roche_hot_not_broken
450,1276,2,moon,0.0001921875,0.981199,4.41295,-1.57325,1,102.295,250408,outside_own_roche_hot_not_broken
450,1295,2,moon,0.0001921875,0.982963,4.42088,-1.57272,1,102.318,250431,outside_own_roche_hot_not_broken
450,1296,1,belt_rock,1.081920190071607E-05,0.988483,4.98886,-0.835119,1,22.114,642486,outside_own_roche_hot_not_broken
450,1302,1,belt_rock,4.7713619758031443E-05,0.964452,5.73811,-0.974401,1,55.7525,427301,outside_own_roche_hot_not_broken
450,1334,1,belt_rock,3.083893656750734E-05,0.852007,3.85825,-0.856983,1,22.8742,624854,outside_own_roche_hot_not_broken
450,1343,1,belt_rock,6.79281404962069E-07,0.757211,3.40254,-0.866481,1,38.7324,528752,outside_own_roche_hot_not_broken
450,1350,2,moon,0.0001921875,0.981199,4.41295,-1.57325,1,102.295,250408,outside_own_roche_hot_not_broken
450,1384,1,belt_rock,5.796812517497883E-06,0.73561,4.05034,-0.934484,1,41.2864,492327,outside_own_roche_hot_not_broken
450,1390,2,moon,0.0001921875,0.982963,4.42088,-1.57272,1,102.318,250431,outside_own_roche_hot_not_broken
450,1393,2,moon,0.0001921875,0.981199,4.41295,-1.57325,1,102.295,250408,outside_own_roche_hot_not_broken
450,1394,2,moon,0.0001921875,0.982963,4.42088,-1.57272,1,102.318,250431,outside_own_roche_hot_not_broken
450,1403,2,moon,0.0001921875,0.981199,4.41295,-1.57325,1,102.295,250408,outside_own_roche_hot_not_broken
450,1442,1,belt_rock,2.0529670032673337E-06,0.9146,5.95777,-0.934311,1,27.8447,556900,outside_own_roche_hot_not_broken
450,1455,1,belt_rock,2.586309430723206E-05,0.721959,3.31978,-0.911604,1,32.5935,541424,outside_own_roche_hot_not_broken
450,1469,2,moon,0.0001921875,0.982963,4.42088,-1.57272,1,102.318,250431,outside_own_roche_hot_not_broken
450,1473,1,belt_rock,8.320568573576248E-07,0.656769,7.9125,-0.919298,1,41.2459,497711,outside_own_roche_hot_not_broken
450,1476,2,moon,0.0001921875,0.982963,4.42088,-1.57272,1,102.318,250431,outside_own_roche_hot_not_broken
450,1490,2,moon,0.0001921875,0.982963,4.42088,-1.57272,1,102.318,250431,outside_own_roche_hot_not_broken
450,1499,1,belt_rock,2.037028062959184E-06,0.646884,4.25168,-0.891143,1,41.4529,506740,outside_own_roche_hot_not_broken
450,1526,1,belt_rock,5.8010060903881536E-05,0.653815,2.8285,-0.897304,1,37.0423,524983,outside_own_roche_hot_not_broken
450,1543,2,moon,0.0001921875,0.981199,4.41295,-1.57325,1,102.295,250408,outside_own_roche_hot_not_broken
450,1569,1,belt_rock,4.838353076963848E-05,0.88205,5.23853,-0.855269,1,34.9572,552649,outside_own_roche_hot_not_broken
450,1574,1,belt_rock,1.5799783932586857E-05,0.764686,3.58075,-0.876197,1,30.8183,566146,outside_own_roche_hot_not_broken
450,1583,1,belt_rock,5.084547790606446E-05,0.861891,1.81861,-0.859376,1,35.5659,547683,outside_own_roche_hot_not_broken
450,1603,2,moon,0.0001921875,0.982963,4.42088,-1.57272,1,102.318,250431,outside_own_roche_hot_not_broken
450,1616,2,moon,0.0001921875,0.982963,4.42088,-1.57272,1,102.318,250431,outside_own_roche_hot_not_broken
450,1638,1,belt_rock,7.06394996612401E-07,0.868226,7.01527,-0.858255,1,23.6351,619013,outside_own_roche_hot_not_broken
450,1649,1,belt_rock,9.049383250841666E-05,0.686924,1.374,-0.898096,1,33.1395,544182,outside_own_roche_hot_not_broken
450,1655,1,belt_rock,1.7631660868541665E-05,0.911301,4.34993,-0.959738,1,46.526,463340,outside_own_roche_hot_not_broken
450,1680,2,moon,0.0001921875,0.982963,4.42088,-1.57272,1,102.318,250431,outside_own_roche_hot_not_broken
450,1682,2,moon,0.0001921875,0.982963,4.42088,-1.57272,1,102.318,250431,outside_own_roche_hot_not_broken
450,1696,1,belt_rock,4.934400792513331E-06,0.686891,3.87625,-0.887151,1,33.5756,546469,outside_own_roche_hot_not_broken
450,1725,1,belt_rock,1.0653318457787003E-06,0.688418,7.88148,-0.889256,1,34.172,542501,outside_own_roche_hot_not_broken
450,1761,2,moon,0.0001921875,0.981199,4.41295,-1.57325,1,102.295,250408,outside_own_roche_hot_not_broken
450,1771,1,belt_rock,5.6329498505651184E-06,0.736351,4.03348,-0.938887,1,43.9185,479983,outside_own_roche_hot_not_broken
450,1776,2,moon,0.0001921875,0.982963,4.42088,-1.57272,1,102.318,250431,outside_own_roche_hot_not_broken
450,1788,1,belt_rock,1.461317122725545E-05,0.635712,4.44631,-0.910443,1,43.4982,491106,outside_own_roche_hot_not_broken
450,1808,1,belt_rock,5.6769810111980155E-05,0.609539,2.64048,-0.907502,1,45.0561,485585,outside_own_roche_hot_not_broken
450,1811,1,belt_rock,1.3906931766420854E-06,0.693446,4.83796,-0.902714,1,32.8827,543599,outside_own_roche_hot_not_broken
450,1834,1,belt_rock,1.150021549841283E-06,0.684783,4.94643,-0.928848,1,50.0072,459576,outside_own_roche_hot_not_broken
450,1841,2,moon,0.0001921875,0.981199,4.41295,-1.57325,1,102.295,250408,outside_own_roche_hot_not_broken
450,1846,2,moon,0.0001921875,0.982963,4.42088,-1.57272,1,102.318,250431,outside_own_roche_hot_not_broken
450,1857,1,belt_rock,2.2038280406786937E-05,0.971118,4.53339,-0.964702,1,35.2196,508312,outside_own_roche_hot_not_broken
450,1864,2,moon,0.0001921875,0.982963,4.42088,-1.57272,1,102.318,250431,outside_own_roche_hot_not_broken
450,1882,2,moon,0.0001921875,0.981199,4.41295,-1.57325,1,102.295,250408,outside_own_roche_hot_not_broken
450,1885,2,moon,0.0001921875,0.981199,4.41295,-1.57325,1,102.295,250408,outside_own_roche_hot_not_broken
450,1888,1,belt_rock,2.3214476746087197E-05,0.634011,2.94402,-0.898862,1,39.3819,513358,outside_own_roche_hot_not_broken
450,1889,2,moon,0.0001921875,0.981199,4.41295,-1.57325,1,102.295,250408,outside_own_roche_hot_not_broken
450,1898,1,belt_rock,3.1022427062033695E-05,0.749598,3.39272,-0.874885,1,29.236,575773,outside_own_roche_hot_not_broken
450,1901,2,moon,0.0001921875,0.981199,4.41295,-1.57325,1,102.295,250408,outside_own_roche_hot_not_broken
450,1914,1,belt_rock,0.0001241899273288049,0.825222,3.43344,-0.946291,1,48.4576,460146,outside_own_roche_hot_not_broken
450,1953,1,belt_rock,0.00011886916050397715,0.828709,3.45427,-0.865726,1,25.0474,605820,outside_own_roche_hot_not_broken
450,1963,1,belt_rock,8.80904266755749E-05,0.635367,3.54881,-0.922178,1,45.6402,478436,outside_own_roche_hot_not_broken
450,1965,2,moon,0.0001921875,0.981199,4.41295,-1.57325,1,102.295,250408,outside_own_roche_hot_not_broken
450,1979,1,belt_rock,1.9358361595623597E-06,0.558857,3.67742,-2.86945,1,5.16117,243408,outside_own_roche_hot_not_broken
450,1987,2,moon,0.0001921875,0.981199,4.41295,-1.57325,1,102.295,250408,outside_own_roche_hot_not_broken
450,1991,2,moon,0.0001921875,0.982963,4.42088,-1.57272,1,102.318,250431,outside_own_roche_hot_not_broken
500,0,2,moon,0.0001921875,0.318853,1.43404,-1.55137,1,104.031,250425,outside_own_roche_hot_not_broken
500,1,2,moon,0.0001921875,0.320332,1.4407,-1.55161,1,104.032,250403,outside_own_roche_hot_not_broken
500,9,2,moon,0.0001921875,0.320332,1.4407,-1.55161,1,104.032,250403,outside_own_roche_hot_not_broken
500,32,1,belt_rock,9.816752830161308E-07,0.915373,6.81013,-0.794244,1,21.2878,673512,outside_own_roche_hot_not_broken
500,70,2,moon,0.0001921875,0.318853,1.43404,-1.55137,1,104.031,250425,outside_own_roche_hot_not_broken
500,93,1,belt_rock,0.00013013132255512548,0.770689,3.20024,-0.833325,1,28.2504,601920,outside_own_roche_hot_not_broken
500,105,1,belt_rock,0.00011815024574401716,0.799676,3.33399,-0.829997,1,25.7494,619997,outside_own_roche_hot_not_broken
500,118,1,belt_rock,9.339218637497795E-05,0.870522,3.43456,-0.817331,1,20.9195,661972,outside_own_roche_hot_not_broken
500,126,2,moon,0.0001921875,0.318853,1.43404,-1.55137,1,104.031,250425,outside_own_roche_hot_not_broken
500,138,2,moon,0.0001921875,0.320332,1.4407,-1.55161,1,104.032,250403,outside_own_roche_hot_not_broken
500,140,1,belt_rock,7.136453330084144E-07,0.733292,9.12134,-0.844697,1,37.824,542052,outside_own_roche_hot_not_broken
500,160,1,belt_rock,2.3724310100572596E-05,0.961402,5.08185,-0.8392,1,19.0358,663003,outside_own_roche_hot_not_broken
500,162,2,moon,0.0001921875,0.320332,1.4407,-1.55161,1,104.032,250403,outside_own_roche_hot_not_broken
500,174,1,belt_rock,1.1339647904664108E-05,0.689231,5.02134,-0.832223,1,36.1547,556125,outside_own_roche_hot_not_broken
500,178,2,moon,0.0001921875,0.318853,1.43404,-1.55137,1,104.031,250425,outside_own_roche_hot_not_broken
500,186,1,belt_rock,4.117365516990541E-05,0.709959,3.14268,-0.826142,1,33.7328,572327,outside_own_roche_hot_not_broken
500,207,2,moon,0.0001921875,0.320332,1.4407,-1.55161,1,104.032,250403,outside_own_roche_hot_not_broken
500,216,2,moon,0.0001921875,0.318853,1.43404,-1.55137,1,104.031,250425,outside_own_roche_hot_not_broken
500,229,2,moon,0.0001921875,0.320332,1.4407,-1.55161,1,104.032,250403,outside_own_roche_hot_not_broken
500,240,1,belt_rock,1.0652790247539184E-05,0.861086,4.35428,-0.839858,1,24.0992,625846,outside_own_roche_hot_not_broken
500,246,1,belt_rock,4.3894961954037085E-06,0.756579,4.34757,-0.852595,1,38.7167,534323,outside_own_roche_hot_not_broken
500,248,2,moon,0.0001921875,0.318853,1.43404,-1.55137,1,104.031,250425,outside_own_roche_hot_not_broken
500,254,2,moon,0.0001921875,0.318853,1.43404,-1.55137,1,104.031,250425,outside_own_roche_hot_not_broken
500,259,1,belt_rock,2.3322031797438903E-05,0.975962,4.52926,-0.789904,1,17.9377,704204,outside_own_roche_hot_not_broken
500,282,1,belt_rock,2.4198438764036467E-05,0.96189,4.44903,-0.798028,1,16.438,711659,outside_own_roche_hot_not_broken
500,294,2,moon,0.0001921875,0.320332,1.4407,-1.55161,1,104.032,250403,outside_own_roche_hot_not_broken
500,307,1,belt_rock,2.6885458345888608E-05,0.836727,3.83325,-0.858274,1,36.7476,542001,outside_own_roche_hot_not_broken
500,330,1,belt_rock,6.995722590333941E-07,0.737758,3.29118,-0.835205,1,31.1099,583419,outside_own_roche_hot_not_broken
500,334,1,belt_rock,1.9725231062414738E-05,0.991422,4.68256,-1.41612,1,107.554,258699,outside_own_roche_hot_not_broken
500,398,2,moon,0.0001921875,0.320332,1.4407,-1.55161,1,104.032,250403,outside_own_roche_hot_not_broken
500,408,1,belt_rock,2.0111705274629965E-06,0.874032,5.71363,-0.814613,1,21.0096,662950,outside_own_roche_hot_not_broken
500,412,2,moon,0.0001921875,0.320332,1.4407,-1.55161,1,104.032,250403,outside_own_roche_hot_not_broken
500,421,1,belt_rock,0.00011349062892309939,0.885094,4.83566,-0.799667,1,22.2811,662367,outside_own_roche_hot_not_broken
500,434,1,belt_rock,9.286780040092213E-06,0.99216,5.10782,-0.832613,1,17.515,679142,outside_own_roche_hot_not_broken
500,448,2,moon,0.0001921875,0.318853,1.43404,-1.55137,1,104.031,250425,outside_own_roche_hot_not_broken
500,463,1,belt_rock,3.93273765467171E-05,0.610291,3.7192,-1.52881,1,112.963,242839,outside_own_roche_hot_not_broken
500,474,2,moon,0.0001921875,0.318853,1.43404,-1.55137,1,104.031,250425,outside_own_roche_hot_not_broken
500,479,1,belt_rock,3.392719511201223E-05,0.725303,4.50346,-1.66718,1,164.485,191809,outside_own_roche_hot_not_broken
500,498,1,belt_rock,2.022377040552625E-06,0.825846,2.90872,-0.806336,1,26.3998,628470,outside_own_roche_hot_not_broken
500,501,1,belt_rock,0.00010638575293607016,0.90726,3.8001,-0.867872,1,30.5319,571540,outside_own_roche_hot_not_broken
500,543,1,belt_rock,0.00010610710727968392,0.780395,3.26892,-0.815045,1,28.5445,609422,outside_own_roche_hot_not_broken
500,544,2,moon,0.0001921875,0.318853,1.43404,-1.55137,1,104.031,250425,outside_own_roche_hot_not_broken
500,579,2,moon,0.0001921875,0.320332,1.4407,-1.55161,1,104.032,250403,outside_own_roche_hot_not_broken
500,586,1,belt_rock,5.782230444459488E-05,0.942225,4.07649,-0.786223,1,22.6296,667997,outside_own_roche_hot_not_broken
500,596,2,moon,0.0001921875,0.320332,1.4407,-1.55161,1,104.032,250403,outside_own_roche_hot_not_broken
500,605,2,moon,0.0001921875,0.318853,1.43404,-1.55137,1,104.031,250425,outside_own_roche_hot_not_broken
500,620,1,belt_rock,1.688403118547852E-05,0.419224,2.01496,-1.614,1,163.895,194980,outside_own_roche_hot_not_broken
500,658,2,moon,0.0001921875,0.320332,1.4407,-1.55161,1,104.032,250403,outside_own_roche_hot_not_broken
500,660,1,belt_rock,1.1772379558727024E-06,0.645242,4.64073,-1.57843,1,232.007,159462,outside_own_roche_hot_not_broken
500,691,1,belt_rock,4.215405560490873E-05,0.704006,3.11109,-0.843136,1,38.173,540901,outside_own_roche_hot_not_broken
500,697,1,belt_rock,7.954378473744548E-06,0.963019,5.06289,-0.858994,1,22.5974,625647,outside_own_roche_hot_not_broken
500,702,1,belt_rock,1.1289317074143082E-06,0.966163,7.00289,-1.50049,1,129.331,229106,outside_own_roche_hot_not_broken
500,710,1,belt_rock,2.0412939894573412E-05,0.867947,4.08,-0.81151,1,21.3481,662256,outside_own_roche_hot_not_broken
500,721,2,moon,0.0001921875,0.318853,1.43404,-1.55137,1,104.031,250425,outside_own_roche_hot_not_broken
500,732,1,belt_rock,9.251723070443742E-06,0.790424,4.06881,-0.821923,1,26.5215,619148,outside_own_roche_hot_not_broken
500,743,1,belt_rock,1.1469206835530423E-05,0.825746,4.13689,-0.822607,1,23.7668,637811,outside_own_roche_hot_not_broken
500,788,2,moon,0.0001921875,0.320332,1.4407,-1.55161,1,104.032,250403,outside_own_roche_hot_not_broken
500,825,1,belt_rock,9.638644995500933E-07,0.965138,7.20515,-0.790453,1,18.4605,699320,outside_own_roche_hot_not_broken
500,830,1,belt_rock,3.930738926204781E-05,0.904216,4.01622,-0.792519,1,23.5215,657272,outside_own_roche_hot_not_broken
500,852,2,moon,0.0001921875,0.318853,1.43404,-1.55137,1,104.031,250425,outside_own_roche_hot_not_broken
500,857,1,belt_rock,2.2192572457075023E-05,0.963022,4.48912,-0.78704,1,29.1272,620392,outside_own_roche_hot_not_broken
500,878,1,belt_rock,1.0077853640904324E-06,0.842764,6.2391,-1.4312,1,88.019,282113,outside_own_roche_hot_not_broken
500,884,2,moon,0.0001921875,0.318853,1.43404,-1.55137,1,104.031,250425,outside_own_roche_hot_not_broken
500,890,2,moon,0.0001921875,0.320332,1.4407,-1.55161,1,104.032,250403,outside_own_roche_hot_not_broken
500,910,1,belt_rock,2.6567284176923616E-05,0.978796,4.48845,-0.785031,1,20.3886,686758,outside_own_roche_hot_not_broken
500,924,2,moon,0.0001921875,0.320332,1.4407,-1.55161,1,104.032,250403,outside_own_roche_hot_not_broken
500,933,2,moon,0.0001921875,0.320332,1.4407,-1.55161,1,104.032,250403,outside_own_roche_hot_not_broken
500,976,1,belt_rock,6.644448574966501E-07,0.427861,3.43032,-1.63144,1,236.166,155809,outside_own_roche_hot_not_broken
500,979,2,moon,0.0001921875,0.320332,1.4407,-1.55161,1,104.032,250403,outside_own_roche_hot_not_broken
500,1013,2,moon,0.0001921875,0.318853,1.43404,-1.55137,1,104.031,250425,outside_own_roche_hot_not_broken
500,1022,1,belt_rock,2.776081416893355E-05,0.937388,4.28301,-0.864074,1,26.8087,595532,outside_own_roche_hot_not_broken
500,1038,1,belt_rock,1.123039871300166E-06,0.483952,3.51115,-1.50827,1,97.3575,262051,outside_own_roche_hot_not_broken
500,1080,2,moon,0.0001921875,0.320332,1.4407,-1.55161,1,104.032,250403,outside_own_roche_hot_not_broken
500,1083,1,belt_rock,1.8013106825284673E-06,0.801677,8.25416,-0.804754,1,30.9561,599269,outside_own_roche_hot_not_broken
500,1086,1,belt_rock,7.701292930739975E-05,0.284675,1.21231,-1.61124,1,132.275,218752,outside_own_roche_hot_not_broken
500,1090,2,moon,0.0001921875,0.320332,1.4407,-1.55161,1,104.032,250403,outside_own_roche_hot_not_broken
500,1093,1,belt_rock,1.3370864863097398E-06,0.777361,5.46217,-0.808955,1,30.7371,598533,outside_own_roche_hot_not_broken
500,1109,1,belt_rock,9.141481982163067E-07,0.322014,3.80464,-1.58194,1,121.316,230491,outside_own_roche_hot_not_broken
500,1125,2,moon,0.0001921875,0.318853,1.43404,-1.55137,1,104.031,250425,outside_own_roche_hot_not_broken
500,1133,1,belt_rock,4.923753794538991E-05,0.968275,4.2329,-0.78418,1,20.0148,690425,outside_own_roche_hot_not_broken
500,1144,1,belt_rock,2.5138311030488232E-06,0.847111,5.33292,-0.797512,1,27.8605,623295,outside_own_roche_hot_not_broken
500,1172,2,moon,0.0001921875,0.318853,1.43404,-1.55137,1,104.031,250425,outside_own_roche_hot_not_broken
500,1178,1,belt_rock,2.7417074091352562E-05,0.946222,4.32816,-0.856868,1,23.9159,617876,outside_own_roche_hot_not_broken
500,1214,1,belt_rock,1.1124544848885341E-05,0.67889,3.42769,-1.51459,1,109.446,247740,outside_own_roche_hot_not_broken
500,1216,1,belt_rock,9.234901422011216E-06,0.842122,4.33712,-0.852841,1,29.1452,586738,outside_own_roche_hot_not_broken
500,1221,1,belt_rock,2.2362078106696202E-06,0.639364,4.10471,-1.46519,1,81.8258,287037,outside_own_roche_hot_not_broken
500,1228,2,moon,0.0001921875,0.318853,1.43404,-1.55137,1,104.031,250425,outside_own_roche_hot_not_broken
500,1242,1,belt_rock,1.1044763989078897E-05,0.956454,7.00139,-0.885812,1,40.839,511460,outside_own_roche_hot_not_broken
500,1270,1,belt_rock,2.5058950388299246E-06,0.806396,5.07926,-0.807672,1,31.0968,596926,outside_own_roche_hot_not_broken
500,1276,2,moon,0.0001921875,0.320332,1.4407,-1.55161,1,104.032,250403,outside_own_roche_hot_not_broken
500,1281,1,belt_rock,0.0001255033177684123,0.735042,2.84944,-1.45547,1,87.783,279757,outside_own_roche_hot_not_broken
500,1295,2,moon,0.0001921875,0.318853,1.43404,-1.55137,1,104.031,250425,outside_own_roche_hot_not_broken
500,1296,1,belt_rock,1.081920190071607E-05,0.86704,4.37594,-0.832957,1,22.287,642486,outside_own_roche_hot_not_broken
500,1334,1,belt_rock,3.083893656750734E-05,0.959177,4.34356,-0.854515,1,23.0705,624861,outside_own_roche_hot_not_broken
500,1336,1,belt_rock,1.8888447272046063E-05,0.766156,3.50598,-0.81365,1,30.9686,594751,outside_own_roche_hot_not_broken
500,1343,1,belt_rock,6.79281404962069E-07,0.828872,3.72455,-0.861033,1,39.1679,528754,outside_own_roche_hot_not_broken
500,1349,1,belt_rock,7.834095030958626E-07,0.94555,7.34297,-0.811969,1,17.2927,694614,outside_own_roche_hot_not_broken
500,1350,2,moon,0.0001921875,0.320332,1.4407,-1.55161,1,104.032,250403,outside_own_roche_hot_not_broken
500,1390,2,moon,0.0001921875,0.318853,1.43404,-1.55137,1,104.031,250425,outside_own_roche_hot_not_broken
500,1393,2,moon,0.0001921875,0.320332,1.4407,-1.55161,1,104.032,250403,outside_own_roche_hot_not_broken
500,1394,2,moon,0.0001921875,0.318853,1.43404,-1.55137,1,104.031,250425,outside_own_roche_hot_not_broken
500,1403,2,moon,0.0001921875,0.320332,1.4407,-1.55161,1,104.032,250403,outside_own_roche_hot_not_broken
500,1413,1,belt_rock,1.0977672111498336E-06,0.757962,5.52242,-0.814344,1,33.1307,581330,outside_own_roche_hot_not_broken
500,1418,1,belt_rock,0.00012560658271972575,0.98256,4.08588,-0.783157,1,17.8878,709360,outside_own_roche_hot_not_broken
500,1453,1,belt_rock,8.489842946405878E-05,0.963705,4.08038,-0.788435,1,17.4649,709366,outside_own_roche_hot_not_broken
500,1469,2,moon,0.0001921875,0.318853,1.43404,-1.55137,1,104.031,250425,outside_own_roche_hot_not_broken
500,1476,2,moon,0.0001921875,0.318853,1.43404,-1.55137,1,104.031,250425,outside_own_roche_hot_not_broken
500,1478,1,belt_rock,2.8632786017109795E-06,0.919108,8.645,-0.799243,1,18.843,690147,outside_own_roche_hot_not_broken
500,1490,2,moon,0.0001921875,0.318853,1.43404,-1.55137,1,104.031,250425,outside_own_roche_hot_not_broken
500,1499,1,belt_rock,2.037028062959184E-06,0.946512,6.221,-0.886451,1,41.8274,506744,outside_own_roche_hot_not_broken
500,1508,1,belt_rock,9.281420583424006E-05,0.550859,2.32293,-1.49036,1,89.075,274273,outside_own_roche_hot_not_broken
500,1543,2,moon,0.0001921875,0.320332,1.4407,-1.55161,1,104.032,250403,outside_own_roche_hot_not_broken
500,1549,1,belt_rock,2.041252440654941E-05,0.890063,5.92682,-1.51551,1,134.72,223207,outside_own_roche_hot_not_broken
500,1569,1,belt_rock,4.838353076963848E-05,0.753813,4.47692,-0.85079,1,35.316,552646,outside_own_roche_hot_not_broken
500,1574,1,belt_rock,1.5799783932586857E-05,0.907595,4.24994,-0.872395,1,31.1216,566151,outside_own_roche_hot_not_broken
500,1580,1,belt_rock,0.00012272282973080926,0.777616,4.22159,-0.814338,1,29.4983,603644,outside_own_roche_hot_not_broken
500,1583,1,belt_rock,5.084547790606446E-05,0.760851,1.60541,-0.854651,1,35.9443,547681,outside_own_roche_hot_not_broken
500,1603,2,moon,0.0001921875,0.318853,1.43404,-1.55137,1,104.031,250425,outside_own_roche_hot_not_broken
500,1616,2,moon,0.0001921875,0.318853,1.43404,-1.55137,1,104.031,250425,outside_own_roche_hot_not_broken
500,1617,1,belt_rock,6.739452297156582E-05,0.833537,3.57345,-0.803898,1,28.8323,613374,outside_own_roche_hot_not_broken
500,1638,1,belt_rock,7.06394996612401E-07,0.9159,7.40047,-0.855495,1,23.855,619019,outside_own_roche_hot_not_broken
500,1647,1,belt_rock,1.408093352882206E-06,0.795842,5.60957,-0.81108,1,28.1414,614140,outside_own_roche_hot_not_broken
500,1651,1,belt_rock,1.702807447716589E-05,0.883947,6.0344,-0.795302,1,27.8498,624572,outside_own_roche_hot_not_broken
500,1652,1,belt_rock,1.1739582922491534E-05,0.921821,4.60614,-0.826465,1,19.2193,669492,outside_own_roche_hot_not_broken
500,1680,2,moon,0.0001921875,0.318853,1.43404,-1.55137,1,104.031,250425,outside_own_roche_hot_not_broken
500,1682,2,moon,0.0001921875,0.318853,1.43404,-1.55137,1,104.031,250425,outside_own_roche_hot_not_broken
500,1725,1,belt_rock,1.0653318457787003E-06,0.987713,11.308,-0.886132,1,34.4208,542507,outside_own_roche_hot_not_broken
500,1753,1,belt_rock,7.430021626078467E-05,0.809976,3.45349,-0.804842,1,32.0405,592485,outside_own_roche_hot_not_broken
500,1761,2,moon,0.0001921875,0.320332,1.4407,-1.55161,1,104.032,250403,outside_own_roche_hot_not_broken
500,1776,2,moon,0.0001921875,0.318853,1.43404,-1.55137,1,104.031,250425,outside_own_roche_hot_not_broken
500,1821,1,belt_rock,5.680006187117565E-06,0.950384,5.24395,-0.796069,1,18.5788,694495,outside_own_roche_hot_not_broken
500,1841,2,moon,0.0001921875,0.320332,1.4407,-1.55161,1,104.032,250403,outside_own_roche_hot_not_broken
500,1846,2,moon,0.0001921875,0.318853,1.43404,-1.55137,1,104.031,250425,outside_own_roche_hot_not_broken
500,1864,2,moon,0.0001921875,0.318853,1.43404,-1.55137,1,104.031,250425,outside_own_roche_hot_not_broken
500,1882,2,moon,0.0001921875,0.320332,1.4407,-1.55161,1,104.032,250403,outside_own_roche_hot_not_broken
500,1885,2,moon,0.0001921875,0.320332,1.4407,-1.55161,1,104.032,250403,outside_own_roche_hot_not_broken
500,1889,2,moon,0.0001921875,0.320332,1.4407,-1.55161,1,104.032,250403,outside_own_roche_hot_not_broken
500,1898,1,belt_rock,3.1022427062033695E-05,0.972871,4.40327,-0.871951,1,29.4696,575779,outside_own_roche_hot_not_broken
500,1901,2,moon,0.0001921875,0.320332,1.4407,-1.55161,1,104.032,250403,outside_own_roche_hot_not_broken
500,1939,1,belt_rock,9.766292886183389E-05,0.873993,3.43828,-0.802348,1,23.2572,653349,outside_own_roche_hot_not_broken
500,1942,1,belt_rock,2.9344414706457616E-05,0.996806,4.53962,-1.44672,1,93.0787,273600,outside_own_roche_hot_not_broken
500,1945,1,belt_rock,1.9083106580083907E-05,0.664862,4.4716,-1.57411,1,230.188,160431,outside_own_roche_hot_not_broken
500,1953,1,belt_rock,0.00011886916050397715,0.931418,3.88239,-0.862834,1,25.2776,605827,outside_own_roche_hot_not_broken
500,1955,1,belt_rock,4.079853860126699E-06,0.948998,5.52391,-0.808148,1,16.9002,700560,outside_own_roche_hot_not_broken
500,1965,2,moon,0.0001921875,0.320332,1.4407,-1.55161,1,104.032,250403,outside_own_roche_hot_not_broken
500,1979,1,belt_rock,1.9358361595623597E-06,0.427345,2.81204,-2.87225,1,4.93645,243409,outside_own_roche_hot_not_broken
500,1987,2,moon,0.0001921875,0.320332,1.4407,-1.55161,1,104.032,250403,outside_own_roche_hot_not_broken
500,1991,2,moon,0.0001921875,0.318853,1.43404,-1.55137,1,104.031,250425,outside_own_roche_hot_not_broken
550,3,1,planet,1.0000104077239373,0.30659,1.28464,-1.39632,1,108.485,259466,outside_own_roche_hot_not_broken
550,22,1,belt_rock,8.591034909746685E-05,0.355949,1.50695,-1.49064,1,124.149,234725,outside_own_roche_hot_not_broken
550,25,1,belt_rock,7.955819775133234E-05,0.888677,1.79697,-0.749762,1,24.1974,678703,outside_own_roche_hot_not_broken
550,32,1,belt_rock,9.816752830161308E-07,0.997663,7.42234,-0.792221,1,21.448,673524,outside_own_roche_hot_not_broken
550,59,1,belt_rock,5.227086210614274E-05,0.949359,4.13375,-0.763693,1,18.6623,716321,outside_own_roche_hot_not_broken
550,111,1,belt_rock,6.566679056533981E-07,0.990876,7.96248,-0.734226,1,22.2091,705795,outside_own_roche_hot_not_broken
550,124,1,belt_rock,1.8035420372590957E-05,0.827289,5.61161,-1.40122,1,89.986,282716,outside_own_roche_hot_not_broken
550,226,1,belt_rock,6.229078729211419E-06,0.726703,3.97655,-1.41642,1,95.1762,274028,outside_own_roche_hot_not_broken
550,243,1,belt_rock,7.844879861411625E-05,0.992431,4.21888,-0.737679,1,20.5222,718313,outside_own_roche_hot_not_broken
550,268,1,belt_rock,4.673061918388881E-06,0.968008,5.46599,-0.737976,1,20.5617,717742,outside_own_roche_hot_not_broken
550,300,1,belt_rock,5.874308153166851E-05,0.843585,4.90685,-1.31884,1,83.8982,301640,outside_own_roche_hot_not_broken
550,329,1,belt_rock,7.771602534879625E-05,0.931646,1.88771,-0.741929,1,22.7395,695937,outside_own_roche_hot_not_broken
550,334,1,belt_rock,1.9725231062414738E-05,0.345192,1.63037,-1.39277,1,109.427,258693,outside_own_roche_hot_not_broken
550,343,1,belt_rock,4.588161087742407E-05,0.944671,4.14924,-0.748942,1,20.2241,712909,outside_own_roche_hot_not_broken
550,379,1,belt_rock,4.783129952477751E-06,0.606595,5.18517,-1.34412,1,76.8048,309938,outside_own_roche_hot_not_broken
550,424,1,belt_rock,1.6688266015606265E-05,0.429007,2.06598,-1.35329,1,152.03,219492,outside_own_roche_hot_not_broken
550,441,1,belt_rock,9.522256915062464E-05,0.836907,3.29756,-0.770014,1,25.6414,654866,outside_own_roche_hot_not_broken
550,449,1,belt_rock,2.011197199927163E-06,0.418892,2.73833,-1.46419,1,102.172,260512,outside_own_roche_hot_not_broken
550,453,1,belt_rock,6.992885638261917E-05,0.509351,2.90975,-1.36979,1,88.3297,288673,outside_own_roche_hot_not_broken
550,463,1,belt_rock,3.93273765467171E-05,0.763534,4.65309,-1.51507,1,114.06,242842,outside_own_roche_hot_not_broken
550,498,1,belt_rock,2.022377040552625E-06,0.985817,3.47216,-0.803781,1,26.6026,628481,outside_own_roche_hot_not_broken
550,546,1,belt_rock,7.302283430031609E-07,0.353449,4.37548,-1.47622,1,105.674,255314,outside_own_roche_hot_not_broken
550,586,1,belt_rock,5.782230444459488E-05,0.93954,4.06487,-0.783947,1,22.811,668003,outside_own_roche_hot_not_broken
550,592,1,belt_rock,5.728988085325562E-06,0.540201,2.99415,-1.32817,1,83.3148,301380,outside_own_roche_hot_not_broken
550,660,1,belt_rock,1.1772379558727024E-06,0.840911,6.04803,-1.56495,1,233.082,159463,outside_own_roche_hot_not_broken
550,662,1,belt_rock,2.960215670939273E-05,0.901212,4.09952,-1.28257,1,68.395,334104,outside_own_roche_hot_not_broken
550,673,1,belt_rock,5.609638491647952E-06,0.933441,7.70184,-0.74602,1,21.3873,704735,outside_own_roche_hot_not_broken
550,702,1,belt_rock,1.1289317074143082E-06,0.369469,2.67796,-1.47317,1,131.56,229066,outside_own_roche_hot_not_broken
550,769,1,belt_rock,5.3870648010601055E-05,0.970553,4.21761,-0.745539,1,18.4191,731879,outside_own_roche_hot_not_broken
550,828,1,belt_rock,7.310961986766228E-07,0.310543,3.84338,-1.48267,1,108.049,252058,outside_own_roche_hot_not_broken
550,830,1,belt_rock,3.930738926204781E-05,0.953612,4.23562,-0.790108,1,23.7134,657280,outside_own_roche_hot_not_broken
550,851,1,belt_rock,6.940234196401335E-05,0.403288,1.62517,-1.46646,1,103.405,258841,outside_own_roche_hot_not_broken
550,857,1,belt_rock,2.2192572457075023E-05,0.814375,3.7962,-0.784145,1,29.3604,620381,outside_own_roche_hot_not_broken
550,870,1,belt_rock,4.0718180270311874E-05,0.389684,2.36343,-1.39437,1,91.257,281708,outside_own_roche_hot_not_broken
550,872,1,belt_rock,0.0001265295520468032,0.353491,1.46987,-1.40258,1,107.255,260328,outside_own_roche_hot_not_broken
550,878,1,belt_rock,1.0077853640904324E-06,0.502364,3.71907,-1.41562,1,89.2661,282112,outside_own_roche_hot_not_broken
550,900,1,belt_rock,5.08047035550256E-05,0.990065,4.31873,-0.738889,1,18.6831,734401,outside_own_roche_hot_not_broken
550,901,1,belt_rock,4.063228349063333E-06,0.957485,5.58543,-1.33574,1,67.887,326943,outside_own_roche_hot_not_broken
550,904,1,belt_rock,6.642726985544086E-05,0.994197,4.26551,-0.737849,1,19.4259,728226,outside_own_roche_hot_not_broken
550,910,1,belt_rock,2.6567284176923616E-05,0.959141,4.39832,-0.783092,1,20.543,686764,outside_own_roche_hot_not_broken
550,969,1,belt_rock,5.908919641170029E-07,0.925652,4.37377,-1.41753,1,153.913,213726,outside_own_roche_hot_not_broken
550,994,1,belt_rock,1.745865127732295E-05,0.408183,1.95347,-1.36717,1,72.5973,313963,outside_own_roche_hot_not_broken
550,1038,1,belt_rock,1.123039871300166E-06,0.856157,6.21157,-1.49118,1,98.725,262051,outside_own_roche_hot_not_broken
550,1059,1,belt_rock,8.002963060763357E-07,0.982084,7.59552,-0.744319,1,18.2533,734358,outside_own_roche_hot_not_broken
550,1066,1,belt_rock,3.0101260918964537E-05,0.999236,6.29934,-1.25932,1,68.4306,337708,outside_own_roche_hot_not_broken
550,1083,1,belt_rock,1.8013106825284673E-06,0.923702,9.51054,-0.801253,1,31.2351,599275,outside_own_roche_hot_not_broken
550,1093,1,belt_rock,1.3370864863097398E-06,0.966193,6.78901,-0.805827,1,30.9859,598542,outside_own_roche_hot_not_broken
550,1109,1,belt_rock,9.141481982163067E-07,0.987316,11.6653,-1.55128,1,123.766,230494,outside_own_roche_hot_not_broken
550,1133,1,belt_rock,4.923753794538991E-05,0.980203,4.28504,-0.782287,1,20.1651,690434,outside_own_roche_hot_not_broken
550,1144,1,belt_rock,2.5138311030488232E-06,0.926311,5.83152,-0.794441,1,28.1053,623301,outside_own_roche_hot_not_broken
550,1197,1,belt_rock,8.535780065514528E-07,0.521658,6.25154,-1.35479,1,74.3178,312709,outside_own_roche_hot_not_broken
550,1214,1,belt_rock,1.1124544848885341E-05,0.6964,3.5161,-1.5016,1,110.483,247743,outside_own_roche_hot_not_broken
550,1221,1,belt_rock,2.2362078106696202E-06,0.708046,4.54565,-1.4526,1,82.8332,287037,outside_own_roche_hot_not_broken
550,1270,1,belt_rock,2.5058950388299246E-06,0.911102,5.73878,-0.804064,1,31.3845,596932,outside_own_roche_hot_not_broken
550,1281,1,belt_rock,0.0001255033177684123,0.618997,2.39958,-1.44248,1,88.8229,279757,outside_own_roche_hot_not_broken
550,1289,1,belt_rock,9.088343094409988E-05,0.775146,4.31872,-1.32656,1,84.0009,300496,outside_own_roche_hot_not_broken
550,1336,1,belt_rock,1.8888447272046063E-05,0.978454,4.47746,-0.810626,1,31.2089,594761,outside_own_roche_hot_not_broken
550,1365,1,belt_rock,2.2073533536481665E-05,0.931128,6.11624,-0.747242,1,21.0152,707129,outside_own_roche_hot_not_broken
550,1389,1,belt_rock,0.00011619089133474088,0.937662,3.91298,-1.30863,1,95.3623,285586,outside_own_roche_hot_not_broken
550,1396,1,belt_rock,1.65993682879337E-05,0.912956,4.3924,-1.42063,1,158.113,210227,outside_own_roche_hot_not_broken
550,1406,1,belt_rock,9.817869124283008E-07,0.864817,6.43387,-0.769125,1,24.59,663402,outside_own_roche_hot_not_broken
550,1413,1,belt_rock,1.0977672111498336E-06,0.945019,6.88531,-0.810742,1,33.4176,581338,outside_own_roche_hot_not_broken
550,1464,1,belt_rock,3.0460226663579216E-05,0.828584,3.7614,-1.34337,1,72.4013,317628,outside_own_roche_hot_not_broken
550,1508,1,belt_rock,9.281420583424006E-05,0.793929,3.34793,-1.47607,1,90.2187,274273,outside_own_roche_hot_not_broken
550,1549,1,belt_rock,2.041252440654941E-05,0.481554,3.2066,-1.49602,1,136.277,223209,outside_own_roche_hot_not_broken
550,1580,1,belt_rock,0.00012272282973080926,0.991517,5.38284,-0.811583,1,29.7171,603655,outside_own_roche_hot_not_broken
550,1596,1,belt_rock,6.327301182556603E-05,0.403395,1.73666,-1.393,1,100.766,269230,outside_own_roche_hot_not_broken
550,1612,1,belt_rock,1.590029528999113E-05,0.944358,4.55385,-0.748443,1,20.5808,710102,outside_own_roche_hot_not_broken
550,1617,1,belt_rock,6.739452297156582E-05,0.918548,3.9379,-0.800641,1,29.0919,613380,outside_own_roche_hot_not_broken
550,1647,1,belt_rock,1.408093352882206E-06,0.993339,7.00164,-0.80845,1,28.3501,614151,outside_own_roche_hot_not_broken
550,1651,1,belt_rock,1.702807447716589E-05,0.885726,6.04655,-0.792155,1,28.1013,624574,outside_own_roche_hot_not_broken
550,1753,1,belt_rock,7.430021626078467E-05,0.893558,3.80986,-0.801024,1,32.3453,592489,outside_own_roche_hot_not_broken
550,1913,1,belt_rock,8.413019268612437E-07,0.689282,5.28023,-1.33036,1,76.1314,312950,outside_own_roche_hot_not_broken
550,1939,1,belt_rock,9.766292886183389E-05,0.993492,3.90839,-0.800116,1,23.4342,653361,outside_own_roche_hot_not_broken
550,1940,1,belt_rock,4.3943956712865806E-05,0.658478,2.90315,-1.34959,1,102.066,272014,outside_own_roche_hot_not_broken
550,1942,1,belt_rock,2.9344414706457616E-05,0.338706,1.54252,-1.43116,1,94.3213,273602,outside_own_roche_hot_not_broken
550,1945,1,belt_rock,1.9083106580083907E-05,0.823745,5.54018,-1.56105,1,231.228,160433,outside_own_roche_hot_not_broken
550,1979,1,belt_rock,1.9358361595623597E-06,0.544238,3.58122,-2.86844,1,5.24055,243410,outside_own_roche_hot_not_broken
600,22,1,belt_rock,8.591034909746685E-05,0.979669,4.14754,-1.46202,1,126.438,234726,outside_own_roche_hot_not_broken
600,102,1,belt_rock,0.000106429692621863,0.453621,1.90037,-1.27647,1,97.5743,286102,outside_own_roche_hot_not_broken
600,111,1,belt_rock,6.566679056533981E-07,0.967763,7.77675,-0.732289,1,22.3645,705791,outside_own_roche_hot_not_broken
600,124,1,belt_rock,1.8035420372590957E-05,0.527794,3.58009,-1.38628,1,91.1771,282721,outside_own_roche_hot_not_broken
600,142,1,belt_rock,3.2384639213008784E-05,0.326751,1.47495,-1.41273,1,158.6,210340,outside_own_roche_hot_not_broken
600,155,1,belt_rock,1.7668409822199188E-05,0.397782,1.83911,-1.36514,1,80.4132,301291,outside_own_roche_hot_not_broken
600,226,1,belt_rock,6.229078729211419E-06,0.642914,3.51805,-1.40346,1,96.2101,274033,outside_own_roche_hot_not_broken
600,250,1,belt_rock,6.57644026336519E-07,0.432375,3.47347,-1.28032,1,89.1139,298278,outside_own_roche_hot_not_broken
600,258,1,belt_rock,8.093035867515557E-05,0.5337,2.26645,-1.34252,1,72.5392,317504,outside_own_roche_hot_not_broken
600,295,1,belt_rock,2.301472447944057E-06,0.98055,6.26465,-0.710254,1,19.2331,751210,outside_own_roche_hot_not_broken
600,300,1,belt_rock,5.874308153166851E-05,0.519862,3.02386,-1.30437,1,85.058,301636,outside_own_roche_hot_not_broken
600,339,1,belt_rock,4.3769868853161944E-05,0.979105,4.31424,-0.70891,1,19.3538,751081,outside_own_roche_hot_not_broken
600,353,1,belt_rock,0.00011972290424567593,0.865514,4.71018,-1.28947,1,60.3499,349415,outside_own_roche_hot_not_broken
600,362,1,belt_rock,1.2463612439116556E-06,0.649471,4.68736,-1.30156,1,59.3323,349524,outside_own_roche_hot_not_broken
600,367,1,belt_rock,3.140882962985506E-06,0.377802,2.29384,-1.28277,1,78.1427,316058,outside_own_roche_hot_not_broken
600,379,1,belt_rock,4.783129952477751E-06,0.754429,6.44886,-1.33164,1,77.8037,309936,outside_own_roche_hot_not_broken
600,424,1,belt_rock,1.6688266015606265E-05,0.969291,4.66785,-1.32864,1,153.997,219496,outside_own_roche_hot_not_broken
600,433,1,belt_rock,5.796222993616737E-06,0.970583,7.95658,-0.721325,1,20.7531,728177,outside_own_roche_hot_not_broken
600,449,1,belt_rock,2.011197199927163E-06,0.920272,6.0159,-1.44352,1,103.824,260513,outside_own_roche_hot_not_broken
600,453,1,belt_rock,6.992885638261917E-05,0.849,4.85004,-1.35452,1,89.5522,288671,outside_own_roche_hot_not_broken
600,468,1,belt_rock,7.07434180973347E-06,0.863273,6.84744,-1.22138,1,91.5461,301877,outside_own_roche_hot_not_broken
600,546,1,belt_rock,7.302283430031609E-07,0.975033,12.0703,-1.45238,1,107.58,255316,outside_own_roche_hot_not_broken
600,569,1,belt_rock,2.59580247112061E-05,0.999898,4.59307,-0.702522,1,19.0782,758929,outside_own_roche_hot_not_broken
600,571,1,belt_rock,6.899255929334052E-06,0.790132,4.25585,-1.3042,1,64.5243,338339,outside_own_roche_hot_not_broken
600,574,1,belt_rock,4.6628283751133235E-06,0.712417,6.11793,-1.34798,1,114.764,256656,outside_own_roche_hot_not_broken
600,592,1,belt_rock,5.728988085325562E-06,0.824424,4.56951,-1.31419,1,84.4337,301379,outside_own_roche_hot_not_broken
600,615,1,belt_rock,3.677118643303391E-06,0.930256,8.3277,-0.724509,1,22.021,714314,outside_own_roche_hot_not_broken
600,616,1,belt_rock,4.3524622726962354E-05,0.840195,3.7073,-1.32979,1,104.357,271102,outside_own_roche_hot_not_broken
600,654,1,belt_rock,6.757675773939491E-07,0.700047,5.5941,-1.20171,1,66.0994,352154,outside_own_roche_hot_not_broken
600,662,1,belt_rock,2.960215670939273E-05,0.469066,2.13374,-1.2701,1,69.3951,334099,outside_own_roche_hot_not_broken
600,675,1,belt_rock,2.683401390978431E-06,0.874078,5.44378,-1.33125,1,112.997,260286,outside_own_roche_hot_not_broken
600,699,1,belt_rock,2.5989139157173602E-05,0.98413,4.5264,-1.20423,1,78.5411,326694,outside_own_roche_hot_not_broken
600,713,1,belt_rock,8.947110075500334E-06,0.611621,3.17271,-1.36051,1,122.371,247098,outside_own_roche_hot_not_broken
600,716,1,belt_rock,2.7772258657696042E-05,0.775664,3.54822,-1.30557,1,64.4218,338326,outside_own_roche_hot_not_broken
600,720,1,belt_rock,6.586090713966271E-07,0.735778,6.03024,-1.23773,1,96.4635,292263,outside_own_roche_hot_not_broken
600,731,1,belt_rock,4.793449187823939E-05,0.955698,4.18775,-1.21038,1,88.2161,308744,outside_own_roche_hot_not_broken
600,851,1,belt_rock,6.940234196401335E-05,0.933476,3.76172,-1.44482,1,105.136,258843,outside_own_roche_hot_not_broken
600,870,1,belt_rock,4.0718180270311874E-05,0.954741,5.79049,-1.37547,1,92.7698,281707,outside_own_roche_hot_not_broken
600,872,1,belt_rock,0.0001265295520468032,0.990593,4.11903,-1.37889,1,109.148,260331,outside_own_roche_hot_not_broken
600,887,1,belt_rock,4.891841053755979E-05,0.963081,5.71659,-1.19591,1,67.2911,350582,outside_own_roche_hot_not_broken
600,901,1,belt_rock,4.063228349063333E-06,0.41547,2.42362,-1.32562,1,68.6933,326950,outside_own_roche_hot_not_broken
600,969,1,belt_rock,5.908919641170029E-07,0.475013,2.24447,-1.39663,1,155.581,213729,outside_own_roche_hot_not_broken
600,994,1,belt_rock,1.745865127732295E-05,0.949448,4.54385,-1.35438,1,73.6161,313971,outside_own_roche_hot_not_broken
600,999,1,belt_rock,2.0193878878500018E-05,0.98778,4.48246,-0.730633,1,20.4722,723899,outside_own_roche_hot_not_broken
600,1002,1,belt_rock,3.458534219604765E-05,0.481914,2.98317,-1.25643,1,63.1689,349040,outside_own_roche_hot_not_broken
600,1006,1,belt_rock,2.723900722712057E-05,0.40848,1.87168,-1.25879,1,68.0341,338587,outside_own_roche_hot_not_broken
600,1063,1,belt_rock,7.008552213936559E-07,0.573764,4.5526,-1.2896,1,58.8167,352700,outside_own_roche_hot_not_broken
600,1066,1,belt_rock,3.0101260918964537E-05,0.411397,2.59351,-1.25249,1,68.9817,337699,outside_own_roche_hot_not_broken
600,1091,1,belt_rock,6.484161499446903E-05,0.386263,1.66131,-1.25594,1,104.691,278467,outside_own_roche_hot_not_broken
600,1092,1,belt_rock,6.56770333777072E-07,0.335182,2.74863,-1.39824,1,116.647,250024,outside_own_roche_hot_not_broken
600,1114,1,belt_rock,2.0220155206019416E-05,0.457592,3.05159,-1.31664,1,62.1185,341190,outside_own_roche_hot_not_broken
600,1158,1,belt_rock,2.5307191195701372E-06,0.962096,6.05008,-0.717465,1,19.97,738454,outside_own_roche_hot_not_broken
600,1162,1,belt_rock,8.64979179947056E-05,0.747534,3.16363,-1.30033,1,61.1357,345916,outside_own_roche_hot_not_broken
600,1197,1,belt_rock,8.535780065514528E-07,0.831752,9.9677,-1.3412,1,75.4047,312709,outside_own_roche_hot_not_broken
600,1232,1,belt_rock,1.1018607877703977E-05,0.999906,5.04448,-1.20162,1,76.2781,331378,outside_own_roche_hot_not_broken
600,1238,1,belt_rock,1.138200077509474E-06,0.789792,5.80212,-1.33033,1,91.4054,288792,outside_own_roche_hot_not_broken
600,1289,1,belt_rock,9.088343094409988E-05,0.593172,3.30485,-1.31352,1,85.0462,300493,outside_own_roche_hot_not_broken
600,1372,1,belt_rock,6.831828976310988E-06,0.363987,1.96398,-1.35882,1,79.3926,303736,outside_own_roche_hot_not_broken
600,1389,1,belt_rock,0.00011619089133474088,0.424104,1.76984,-1.29012,1,96.8472,285579,outside_own_roche_hot_not_broken
600,1396,1,belt_rock,1.65993682879337E-05,0.497524,2.39368,-1.40114,1,159.668,210230,outside_own_roche_hot_not_broken
600,1402,1,belt_rock,0.00013086889619444062,0.789618,3.27916,-1.18781,1,67.9414,350576,outside_own_roche_hot_not_broken
600,1464,1,belt_rock,3.0460226663579216E-05,0.525187,2.38411,-1.33009,1,73.4609,317633,outside_own_roche_hot_not_broken
600,1480,1,belt_rock,6.414234586537477E-06,0.906241,4.93635,-1.26914,1,54.2698,366700,outside_own_roche_hot_not_broken
600,1487,1,belt_rock,1.853271166328581E-05,0.378391,1.79901,-1.40304,1,161.456,208741,outside_own_roche_hot_not_broken
600,1530,1,belt_rock,1.0375013121573242E-06,0.9264,10.6638,-1.21358,1,106.381,280793,outside_own_roche_hot_not_broken
600,1596,1,belt_rock,6.327301182556603E-05,0.945322,4.06971,-1.37219,1,102.433,269226,outside_own_roche_hot_not_broken
600,1601,1,belt_rock,7.241245935005754E-05,0.687276,2.93585,-1.24039,1,72.1783,333307,outside_own_roche_hot_not_broken
600,1732,1,belt_rock,2.4248273473964993E-05,0.946835,6.13676,-0.733322,1,22.8387,700969,outside_own_roche_hot_not_broken
600,1795,1,belt_rock,7.355470087618728E-07,0.519801,4.08601,-1.31984,1,62.0526,340802,outside_own_roche_hot_not_broken
600,1800,1,belt_rock,3.8179628633421815E-05,0.964973,4.29461,-0.713725,1,19.9131,741869,outside_own_roche_hot_not_broken
600,1826,1,belt_rock,6.601416286482346E-07,0.407762,3.27333,-1.35267,1,71.465,317969,outside_own_roche_hot_not_broken
600,1830,1,belt_rock,1.315307222647193E-05,0.969211,4.64764,-0.720824,1,20.6931,729107,outside_own_roche_hot_not_broken
600,1851,1,belt_rock,6.653736720759908E-07,0.600276,4.81132,-1.34239,1,79.878,305080,outside_own_roche_hot_not_broken
600,1913,1,belt_rock,8.413019268612437E-07,0.674909,5.17013,-1.31835,1,77.0929,312948,outside_own_roche_hot_not_broken
600,1940,1,belt_rock,4.3943956712865806E-05,0.729752,3.21739,-1.33667,1,103.102,272012,outside_own_roche_hot_not_broken
600,1977,1,belt_rock,9.765683184915472E-05,0.573489,3.17513,-1.22325,1,66.4341,347742,outside_own_roche_hot_not_broken
600,1979,1,belt_rock,1.9358361595623597E-06,0.46069,3.03145,-2.87318,1,4.86602,243405,outside_own_roche_hot_not_broken
650,96,1,belt_rock,7.275807928936603E-05,0.471138,2.01208,-1.29194,1,89.8053,295776,outside_own_roche_hot_not_broken
650,102,1,belt_rock,0.000106429692621863,0.920796,3.85752,-1.2587,1,98.9982,286098,outside_own_roche_hot_not_broken
650,152,1,belt_rock,3.6071275132237348E-06,0.863033,7.77053,-1.11935,1,56.439,391351,outside_own_roche_hot_not_broken
650,155,1,belt_rock,1.7668409822199188E-05,0.955452,4.41746,-1.35018,1,81.6072,301296,outside_own_roche_hot_not_broken
650,202,1,belt_rock,3.297801870852921E-05,0.369789,1.66678,-1.29538,1,79.6347,311746,outside_own_roche_hot_not_broken
650,223,1,belt_rock,3.520490512440083E-05,0.664507,4.10681,-1.78573,1,200.49,166397,outside_own_roche_hot_not_broken
650,250,1,belt_rock,6.57644026336519E-07,0.936717,7.52509,-1.26338,1,90.4714,298275,outside_own_roche_hot_not_broken
650,258,1,belt_rock,8.093035867515557E-05,0.821888,3.4903,-1.32937,1,73.5894,317508,outside_own_roche_hot_not_broken
650,335,1,belt_rock,1.0575885605781047E-05,0.408127,3.01547,-1.31053,1,122.03,251825,outside_own_roche_hot_not_broken
650,353,1,belt_rock,0.00011972290424567593,0.505301,2.74988,-1.27831,1,61.2406,349420,outside_own_roche_hot_not_broken
650,362,1,belt_rock,1.2463612439116556E-06,0.713151,5.14694,-1.29077,1,60.1943,349527,outside_own_roche_hot_not_broken
650,380,1,belt_rock,1.940742606575168E-05,0.943576,4.46209,-1.13347,1,86.7767,321954,outside_own_roche_hot_not_broken
650,392,1,belt_rock,3.6301003373576995E-05,0.688524,3.07925,-1.2735,1,104.104,277362,outside_own_roche_hot_not_broken
650,438,1,belt_rock,9.166936833783189E-06,0.721414,3.72736,-1.15322,1,72.7235,346294,outside_own_roche_hot_not_broken
650,468,1,belt_rock,7.07434180973347E-06,0.522238,4.14237,-1.20651,1,92.7382,301872,outside_own_roche_hot_not_broken
650,473,1,belt_rock,1.868486202232704E-05,0.704409,4.75089,-1.13777,1,54.7207,392008,outside_own_roche_hot_not_broken
650,494,1,belt_rock,5.102479074598439E-06,0.723116,6.10743,-1.14343,1,61.2111,374182,outside_own_roche_hot_not_broken
650,571,1,belt_rock,6.899255929334052E-06,0.571444,3.07794,-1.29248,1,65.4607,338343,outside_own_roche_hot_not_broken
650,574,1,belt_rock,4.6628283751133235E-06,0.692038,5.94293,-1.33501,1,115.798,256659,outside_own_roche_hot_not_broken
650,598,1,belt_rock,1.5025550365101884E-05,0.669287,3.25491,-1.15181,1,58.3503,379628,outside_own_roche_hot_not_broken
650,616,1,belt_rock,4.3524622726962354E-05,0.541038,2.38729,-1.31446,1,105.581,271105,outside_own_roche_hot_not_broken
650,621,1,belt_rock,3.984914810645337E-05,0.922914,4.09859,-1.23081,1,61.6509,356817,outside_own_roche_hot_not_broken
650,626,1,belt_rock,5.280982166788213E-06,0.758004,6.365,-1.77854,1,210.02,162168,outside_own_roche_hot_not_broken
650,654,1,belt_rock,6.757675773939491E-07,0.684111,5.46675,-1.19069,1,66.9815,352152,outside_own_roche_hot_not_broken
650,675,1,belt_rock,2.683401390978431E-06,0.50997,3.17611,-1.31431,1,114.35,260289,outside_own_roche_hot_not_broken
650,699,1,belt_rock,2.5989139157173602E-05,0.412338,1.89651,-1.19216,1,79.5108,326686,outside_own_roche_hot_not_broken
650,707,1,belt_rock,9.706564149433196E-07,0.345739,2.55974,-1.19093,1,94.9762,300300,outside_own_roche_hot_not_broken
650,713,1,belt_rock,8.947110075500334E-06,0.795447,4.12629,-1.34653,1,123.487,247102,outside_own_roche_hot_not_broken
650,716,1,belt_rock,2.7772258657696042E-05,0.585682,2.67916,-1.29396,1,65.3489,338330,outside_own_roche_hot_not_broken
650,720,1,belt_rock,6.586090713966271E-07,0.662053,5.42601,-1.22504,1,97.4812,292260,outside_own_roche_hot_not_broken
650,724,1,belt_rock,1.0260498174324889E-05,0.622226,3.09969,-1.16506,1,74.7603,340143,outside_own_roche_hot_not_broken
650,725,1,belt_rock,6.235829557211184E-05,0.915885,3.94733,-1.08527,1,72.223,359221,outside_own_roche_hot_not_broken
650,731,1,belt_rock,4.793449187823939E-05,0.426659,1.86957,-1.19427,1,89.5098,308737,outside_own_roche_hot_not_broken
650,772,1,belt_rock,0.00012201131044899116,0.467026,1.9448,-1.18575,1,92.8358,304387,outside_own_roche_hot_not_broken
650,841,1,belt_rock,0.00012286983867613435,0.853005,3.55149,-1.11815,1,53.8138,398784,outside_own_roche_hot_not_broken
650,887,1,belt_rock,4.891841053755979E-05,0.44537,2.64359,-1.18616,1,68.0733,350577,outside_own_roche_hot_not_broken
650,992,1,belt_rock,9.249848985838083E-07,0.91048,10.7313,-1.13549,1,96.1989,305457,outside_own_roche_hot_not_broken
650,1002,1,belt_rock,3.458534219604765E-05,0.900567,5.57473,-1.24532,1,64.0604,349035,outside_own_roche_hot_not_broken
650,1051,1,belt_rock,6.065796713657821E-05,0.438777,1.78617,-1.18948,1,82.628,321353,outside_own_roche_hot_not_broken
650,1063,1,belt_rock,7.008552213936559E-07,0.793167,6.29348,-1.27864,1,59.6927,352703,outside_own_roche_hot_not_broken
650,1091,1,belt_rock,6.484161499446903E-05,0.989164,4.25436,-1.23508,1,106.356,278472,outside_own_roche_hot_not_broken
650,1114,1,belt_rock,2.0220155206019416E-05,0.914816,6.10073,-1.30588,1,62.9767,341195,outside_own_roche_hot_not_broken
650,1131,1,belt_rock,2.1440727379131126E-06,0.932475,6.02934,-1.25158,1,115.464,265003,outside_own_roche_hot_not_broken
650,1162,1,belt_rock,8.64979179947056E-05,0.615014,2.60279,-1.28924,1,62.0209,345919,outside_own_roche_hot_not_broken
650,1195,1,belt_rock,4.933013102614774E-05,0.439781,1.92352,-1.18548,1,65.1573,357086,outside_own_roche_hot_not_broken
650,1232,1,belt_rock,1.1018607877703977E-05,0.407003,2.05331,-1.19163,1,77.082,331370,outside_own_roche_hot_not_broken
650,1238,1,belt_rock,1.138200077509474E-06,0.58395,4.28992,-1.31672,1,92.4915,288796,outside_own_roche_hot_not_broken
650,1241,1,belt_rock,7.223261531182404E-05,0.306138,1.30795,-1.29521,1,114.368,262092,outside_own_roche_hot_not_broken
650,1272,1,belt_rock,2.449288943529442E-06,0.328518,2.07712,-1.29615,1,101.865,277938,outside_own_roche_hot_not_broken
650,1274,1,belt_rock,1.3392560690466934E-05,0.457956,3.25237,-1.1866,1,75.9223,334399,outside_own_roche_hot_not_broken
650,1310,1,belt_rock,8.68870417300339E-06,0.525677,2.6881,-1.27851,1,72.6995,326506,outside_own_roche_hot_not_broken
650,1395,1,belt_rock,2.2132168404336843E-05,0.633642,2.95918,-1.26605,1,72.2708,329188,outside_own_roche_hot_not_broken
650,1402,1,belt_rock,0.00013086889619444062,0.597377,2.48082,-1.17633,1,68.8614,350574,outside_own_roche_hot_not_broken
650,1480,1,belt_rock,6.414234586537477E-06,0.489065,2.66397,-1.26036,1,54.9701,366705,outside_own_roche_hot_not_broken
650,1530,1,belt_rock,1.0375013121573242E-06,0.462792,5.32722,-1.19532,1,107.847,280786,outside_own_roche_hot_not_broken
650,1537,1,belt_rock,2.720107824390686E-06,0.348739,2.16712,-1.301,1,89.7507,294752,outside_own_roche_hot_not_broken
650,1546,1,belt_rock,1.073155975413114E-05,0.834636,6.15407,-1.12418,1,54.5147,395518,outside_own_roche_hot_not_broken
650,1601,1,belt_rock,7.241245935005754E-05,0.690709,2.95052,-1.22883,1,73.1045,333305,outside_own_roche_hot_not_broken
650,1791,1,belt_rock,2.1069297519723604E-05,0.49013,3.24978,-1.17101,1,61.7714,367522,outside_own_roche_hot_not_broken
650,1795,1,belt_rock,7.355470087618728E-07,0.840971,6.61065,-1.30807,1,62.9924,340806,outside_own_roche_hot_not_broken
650,1797,1,belt_rock,3.1528712417947605E-06,0.530073,4.89514,-1.14273,1,58.4069,381326,outside_own_roche_hot_not_broken
650,1826,1,belt_rock,6.601416286482346E-07,0.956458,7.678,-1.34107,1,72.3898,317974,outside_own_roche_hot_not_broken
650,1845,1,belt_rock,3.647100791004545E-06,0.736631,4.36873,-1.2711,1,118.758,259167,outside_own_roche_hot_not_broken
650,1851,1,belt_rock,6.653736720759908E-07,0.763208,6.11726,-1.32965,1,80.8954,305084,outside_own_roche_hot_not_broken
650,1858,1,belt_rock,1.6215334315138656E-05,0.382255,2.63345,-1.19114,1,79.9469,326025,outside_own_roche_hot_not_broken
650,1883,1,belt_rock,8.412931028393017E-07,0.879225,6.7353,-1.13418,1,62.5692,372672,outside_own_roche_hot_not_broken
650,1977,1,belt_rock,9.765683184915472E-05,0.806769,4.46669,-1.21164,1,67.3646,347739,outside_own_roche_hot_not_broken
650,1979,1,belt_rock,1.9358361595623597E-06,0.515076,3.38933,-2.86745,1,5.32386,243406,outside_own_roche_hot_not_broken
700,60,1,belt_rock,2.081949803860068E-05,0.598048,2.80956,-1.08946,1,53.6341,405795,outside_own_roche_hot_not_broken
700,96,1,belt_rock,7.275807928936603E-05,0.898079,3.83541,-1.27562,1,91.1069,295782,outside_own_roche_hot_not_broken
700,152,1,belt_rock,3.6071275132237348E-06,0.557799,5.02228,-1.10986,1,57.1986,391349,outside_own_roche_hot_not_broken
700,223,1,belt_rock,3.520490512440083E-05,0.772821,4.77622,-1.77293,1,201.509,166399,outside_own_roche_hot_not_broken
700,225,1,belt_rock,1.813043676237973E-05,0.314405,1.49765,-1.22709,1,111.996,271846,outside_own_roche_hot_not_broken
700,260,1,belt_rock,6.566717042702423E-07,0.569476,4.57619,-1.10006,1,65.9024,371211,outside_own_roche_hot_not_broken
700,335,1,belt_rock,1.0575885605781047E-05,0.96881,7.15811,-1.28702,1,123.904,251832,outside_own_roche_hot_not_broken
700,347,1,belt_rock,2.2965908368954902E-05,0.511826,2.38136,-1.10313,1,61.6211,381208,outside_own_roche_hot_not_broken
700,380,1,belt_rock,1.940742606575168E-05,0.455385,2.15348,-1.11839,1,87.9898,321942,outside_own_roche_hot_not_broken
700,392,1,belt_rock,3.6301003373576995E-05,0.713439,3.19068,-1.26069,1,105.125,277367,outside_own_roche_hot_not_broken
700,397,1,belt_rock,1.138881726395724E-06,0.966036,6.9906,-1.06575,1,71.9028,363523,outside_own_roche_hot_not_broken
700,430,1,belt_rock,0.00010209958041092731,0.632703,3.489,-1.08407,1,54.7904,403715,outside_own_roche_hot_not_broken
700,437,1,belt_rock,2.1492077850253872E-05,0.506348,2.28415,-1.10028,1,57.7914,391816,outside_own_roche_hot_not_broken
700,438,1,belt_rock,9.166936833783189E-06,0.673662,3.48064,-1.14183,1,73.6359,346292,outside_own_roche_hot_not_broken
700,457,1,belt_rock,7.217235775549694E-07,0.977381,7.71117,-1.06514,1,70.6649,366522,outside_own_roche_hot_not_broken
700,466,1,belt_rock,4.865764545319357E-06,0.482349,4.11037,-1.07618,1,56.4726,400739,outside_own_roche_hot_not_broken
700,473,1,belt_rock,1.868486202232704E-05,0.701796,4.73327,-1.12815,1,55.4903,392008,outside_own_roche_hot_not_broken
700,479,1,belt_rock,3.392719511201223E-05,0.622929,3.86781,-1.68226,1,163.36,191756,outside_own_roche_hot_not_broken
700,494,1,belt_rock,5.102479074598439E-06,0.675709,5.70703,-1.13305,1,62.0415,374181,outside_own_roche_hot_not_broken
700,537,1,belt_rock,1.25216236511179E-05,0.572596,2.84322,-1.21846,1,90.6316,303719,outside_own_roche_hot_not_broken
700,540,1,belt_rock,4.11993829289831E-05,0.487224,2.9513,-1.09061,1,54.6485,402630,outside_own_roche_hot_not_broken
700,598,1,belt_rock,1.5025550365101884E-05,0.729678,3.54861,-1.1417,1,59.1595,379627,outside_own_roche_hot_not_broken
700,620,1,belt_rock,1.688403118547852E-05,0.99755,4.79464,-1.63971,1,161.922,194924,outside_own_roche_hot_not_broken
700,621,1,belt_rock,3.984914810645337E-05,0.473142,2.10119,-1.22079,1,62.4491,356825,outside_own_roche_hot_not_broken
700,626,1,belt_rock,5.280982166788213E-06,0.690242,5.79601,-1.76608,1,211.016,162168,outside_own_roche_hot_not_broken
700,630,1,belt_rock,0.00010670168751858713,0.42299,1.7718,-1.1169,1,73.6498,350500,outside_own_roche_hot_not_broken
700,724,1,belt_rock,1.0260498174324889E-05,0.770989,3.84077,-1.15324,1,75.7072,340140,outside_own_roche_hot_not_broken
700,725,1,belt_rock,6.235829557211184E-05,0.500236,2.15594,-1.07347,1,73.1721,359210,outside_own_roche_hot_not_broken
700,753,1,belt_rock,9.437212190284525E-05,0.798701,3.36495,-1.07662,1,62.6569,383987,outside_own_roche_hot_not_broken
700,754,1,belt_rock,9.950781541434903E-05,0.615197,2.58519,-1.09868,1,71.3856,358690,outside_own_roche_hot_not_broken
700,755,1,belt_rock,0.00010987808730037803,0.42629,1.78332,-1.23543,1,92.7966,298136,outside_own_roche_hot_not_broken
700,772,1,belt_rock,0.00012201131044899116,0.923344,3.84502,-1.16942,1,94.1458,304381,outside_own_roche_hot_not_broken
700,778,1,belt_rock,2.6514376433355864E-06,0.426337,2.66046,-1.06599,1,73.2215,360454,outside_own_roche_hot_not_broken
700,841,1,belt_rock,0.00012286983867613435,0.571652,2.38007,-1.10906,1,54.5417,398782,outside_own_roche_hot_not_broken
700,846,1,belt_rock,5.5467845167615725E-05,0.406064,1.76215,-1.11847,1,79.3851,338335,outside_own_roche_hot_not_broken
700,849,1,belt_rock,3.070596874896153E-05,0.467949,2.1223,-1.0718,1,60.1961,391477,outside_own_roche_hot_not_broken
700,893,1,belt_rock,3.431201186069597E-05,0.570731,2.56313,-1.0988,1,89.2186,322557,outside_own_roche_hot_not_broken
700,919,1,belt_rock,0.00013183487570977428,0.618663,2.56798,-1.09693,1,86.658,327569,outside_own_roche_hot_not_broken
700,966,1,belt_rock,1.9345286246486087E-05,0.913293,6.12979,-1.0226,1,56.3167,413627,outside_own_roche_hot_not_broken
700,976,1,belt_rock,6.644448574966501E-07,0.975645,7.82211,-1.65949,1,234.042,155758,outside_own_roche_hot_not_broken
700,984,1,belt_rock,1.152880737286123E-05,0.784852,3.8425,-1.20006,1,99.9386,291574,outside_own_roche_hot_not_broken
700,992,1,belt_rock,9.249848985838083E-07,0.490054,5.77599,-1.11958,1,97.4777,305447,outside_own_roche_hot_not_broken
700,1035,1,belt_rock,5.069287576064303E-05,0.477764,2.08549,-1.11227,1,77.6203,342925,outside_own_roche_hot_not_broken
700,1051,1,belt_rock,6.065796713657821E-05,0.951725,3.87429,-1.17486,1,83.8011,321346,outside_own_roche_hot_not_broken
700,1056,1,belt_rock,3.1722963361190054E-05,0.3331,1.50584,-1.23156,1,98.5234,289940,outside_own_roche_hot_not_broken
700,1131,1,belt_rock,2.1440727379131126E-06,0.455456,2.94496,-1.23189,1,117.039,265004,outside_own_roche_hot_not_broken
700,1195,1,belt_rock,4.933013102614774E-05,0.988159,4.32201,-1.17801,1,65.7591,357076,outside_own_roche_hot_not_broken
700,1222,1,belt_rock,6.567551089215899E-06,0.321095,2.58236,-1.24285,1,108.717,274482,outside_own_roche_hot_not_broken
700,1271,1,belt_rock,9.447345734858725E-05,0.627327,2.64332,-1.05255,1,58.1201,401423,outside_own_roche_hot_not_broken
700,1274,1,belt_rock,1.3392560690466934E-05,0.93499,6.64023,-1.17343,1,76.9794,334392,outside_own_roche_hot_not_broken
700,1275,1,belt_rock,6.576178648915663E-07,0.414014,5.23872,-1.22285,1,69.4397,341561,outside_own_roche_hot_not_broken
700,1307,1,belt_rock,0.00012763252177902957,0.451826,1.87832,-1.06063,1,77.1915,352577,outside_own_roche_hot_not_broken
700,1310,1,belt_rock,8.68870417300339E-06,0.842793,4.30969,-1.26546,1,73.7405,326511,outside_own_roche_hot_not_broken
700,1359,1,belt_rock,4.470043932629267E-05,0.943905,4.15608,-1.18149,1,83.7326,320513,outside_own_roche_hot_not_broken
700,1373,1,belt_rock,7.755539609164374E-07,0.840532,6.54007,-1.18911,1,70.5142,344912,outside_own_roche_hot_not_broken
700,1395,1,belt_rock,2.2132168404336843E-05,0.739242,3.45234,-1.25424,1,73.2131,329192,outside_own_roche_hot_not_broken
700,1446,1,belt_rock,6.57814109504489E-07,0.531182,6.72089,-1.10076,1,94.5455,312871,outside_own_roche_hot_not_broken
700,1509,1,belt_rock,0.0001288043910698863,0.85965,3.57184,-1.18504,1,69.2228,348312,outside_own_roche_hot_not_broken
700,1544,1,belt_rock,7.346227678048891E-07,0.756103,5.94497,-1.17949,1,50.9529,393169,outside_own_roche_hot_not_broken
700,1546,1,belt_rock,1.073155975413114E-05,0.583743,4.30414,-1.1148,1,55.2656,395517,outside_own_roche_hot_not_broken
700,1554,1,belt_rock,9.799834962744704E-06,0.437562,2.19801,-1.06771,1,70.7579,365821,outside_own_roche_hot_not_broken
700,1710,1,belt_rock,0.00011444150715678446,0.736174,3.07441,-1.06408,1,49.1645,425435,outside_own_roche_hot_not_broken
700,1719,1,belt_rock,6.855236546430281E-05,0.801685,3.4351,-1.18293,1,59.6405,370328,outside_own_roche_hot_not_broken
700,1779,1,belt_rock,1.6831379183306376E-06,0.832724,5.61499,-1.07516,1,83.2641,337508,outside_own_roche_hot_not_broken
700,1791,1,belt_rock,2.1069297519723604E-05,0.920813,6.1054,-1.16112,1,62.5618,367524,outside_own_roche_hot_not_broken
700,1797,1,belt_rock,3.1528712417947605E-06,0.88562,8.17857,-1.13299,1,59.1876,381321,outside_own_roche_hot_not_broken
700,1815,1,belt_rock,1.3855784545437669E-06,0.946626,6.60871,-1.02198,1,56.64,412809,outside_own_roche_hot_not_broken
700,1845,1,belt_rock,3.647100791004545E-06,0.682616,4.04839,-1.25807,1,119.796,259170,outside_own_roche_hot_not_broken
700,1872,1,belt_rock,7.651909710333095E-06,0.442727,2.34512,-1.11556,1,65.0338,370319,outside_own_roche_hot_not_broken
700,1883,1,belt_rock,8.412931028393017E-07,0.530366,4.06287,-1.12361,1,63.4165,372668,outside_own_roche_hot_not_broken
700,1900,1,belt_rock,1.0633749950518829E-05,0.644089,4.75256,-1.09427,1,64.1955,376520,outside_own_roche_hot_not_broken
700,1929,1,belt_rock,0.00010910246448047122,0.459518,2.51935,-1.1128,1,89.0297,320870,outside_own_roche_hot_not_broken
700,1959,1,belt_rock,1.2050611372753873E-05,0.386004,1.87749,-1.11688,1,82.1914,333050,outside_own_roche_hot_not_broken
700,1979,1,belt_rock,1.9358361595623597E-06,0.500513,3.2935,-2.87264,1,4.9118,243402,outside_own_roche_hot_not_broken
700,1989,1,belt_rock,2.109217022613033E-05,0.7509,3.52249,-1.07881,1,57.9544,396039,outside_own_roche_hot_not_broken
750,0,2,moon,0.0001921875,0.529676,2.38222,-1.5818,1,101.41,250630,outside_own_roche_hot_not_broken
750,1,2,moon,0.0001921875,0.524691,2.3598,-1.58255,1,101.37,250609,outside_own_roche_hot_not_broken
750,9,2,moon,0.0001921875,0.524691,2.3598,-1.58255,1,101.37,250609,outside_own_roche_hot_not_broken
750,60,1,belt_rock,2.081949803860068E-05,0.832307,3.91007,-1.08038,1,54.3607,405793,outside_own_roche_hot_not_broken
750,70,2,moon,0.0001921875,0.529676,2.38222,-1.5818,1,101.41,250630,outside_own_roche_hot_not_broken
750,125,1,belt_rock,6.566749992462903E-07,0.785033,9.93639,-0.966779,1,66.3685,397549,outside_own_roche_hot_not_broken
750,126,2,moon,0.0001921875,0.529676,2.38222,-1.5818,1,101.41,250630,outside_own_roche_hot_not_broken
750,138,2,moon,0.0001921875,0.524691,2.3598,-1.58255,1,101.37,250609,outside_own_roche_hot_not_broken
750,162,2,moon,0.0001921875,0.524691,2.3598,-1.58255,1,101.37,250609,outside_own_roche_hot_not_broken
750,178,2,moon,0.0001921875,0.529676,2.38222,-1.5818,1,101.41,250630,outside_own_roche_hot_not_broken
750,207,2,moon,0.0001921875,0.524691,2.3598,-1.58255,1,101.37,250609,outside_own_roche_hot_not_broken
750,216,2,moon,0.0001921875,0.529676,2.38222,-1.5818,1,101.41,250630,outside_own_roche_hot_not_broken
750,229,2,moon,0.0001921875,0.524691,2.3598,-1.58255,1,101.37,250609,outside_own_roche_hot_not_broken
750,248,2,moon,0.0001921875,0.529676,2.38222,-1.5818,1,101.41,250630,outside_own_roche_hot_not_broken
750,254,2,moon,0.0001921875,0.529676,2.38222,-1.5818,1,101.41,250630,outside_own_roche_hot_not_broken
750,260,1,belt_rock,6.566717042702423E-07,0.84153,6.76236,-1.08905,1,66.7852,371207,outside_own_roche_hot_not_broken
750,294,2,moon,0.0001921875,0.524691,2.3598,-1.58255,1,101.37,250609,outside_own_roche_hot_not_broken
750,347,1,belt_rock,2.2965908368954902E-05,0.915928,4.26151,-1.09342,1,62.4004,381201,outside_own_roche_hot_not_broken
750,397,1,belt_rock,1.138881726395724E-06,0.466761,3.37766,-1.05519,1,72.7554,363503,outside_own_roche_hot_not_broken
750,398,2,moon,0.0001921875,0.524691,2.3598,-1.58255,1,101.37,250609,outside_own_roche_hot_not_broken
750,412,2,moon,0.0001921875,0.524691,2.3598,-1.58255,1,101.37,250609,outside_own_roche_hot_not_broken
750,430,1,belt_rock,0.00010209958041092731,0.792314,4.36916,-1.07471,1,55.5391,403715,outside_own_roche_hot_not_broken
750,436,1,belt_rock,1.3454135325069842E-05,0.583493,2.79861,-0.983951,1,69.0573,386620,outside_own_roche_hot_not_broken
750,437,1,belt_rock,2.1492077850253872E-05,0.938518,4.23369,-1.09208,1,58.4504,391808,outside_own_roche_hot_not_broken
750,448,2,moon,0.0001921875,0.529676,2.38222,-1.5818,1,101.41,250630,outside_own_roche_hot_not_broken
750,457,1,belt_rock,7.217235775549694E-07,0.461844,3.64377,-1.0554,1,71.4533,366501,outside_own_roche_hot_not_broken
750,474,2,moon,0.0001921875,0.529676,2.38222,-1.5818,1,101.41,250630,outside_own_roche_hot_not_broken
750,476,1,belt_rock,9.817656689245505E-05,0.73312,3.08255,-1.02909,1,74.2563,364866,outside_own_roche_hot_not_broken
750,479,1,belt_rock,3.392719511201223E-05,0.788601,4.89648,-1.66853,1,164.455,191759,outside_own_roche_hot_not_broken
750,481,1,belt_rock,0.00011804674518101909,0.975374,4.06725,-1.12552,1,89.1253,318877,outside_own_roche_hot_not_broken
750,532,1,belt_rock,5.1581301120989146E-05,0.509058,2.22051,-0.986813,1,90.1673,337835,outside_own_roche_hot_not_broken
750,537,1,belt_rock,1.25216236511179E-05,0.818364,4.06358,-1.20481,1,91.7195,303725,outside_own_roche_hot_not_broken
750,544,2,moon,0.0001921875,0.529676,2.38222,-1.5818,1,101.41,250630,outside_own_roche_hot_not_broken
750,558,1,belt_rock,5.805066788445415E-05,0.461342,1.99634,-1.05213,1,63.9962,385594,outside_own_roche_hot_not_broken
750,579,2,moon,0.0001921875,0.524691,2.3598,-1.58255,1,101.37,250609,outside_own_roche_hot_not_broken
750,596,2,moon,0.0001921875,0.524691,2.3598,-1.58255,1,101.37,250609,outside_own_roche_hot_not_broken
750,605,2,moon,0.0001921875,0.529676,2.38222,-1.5818,1,101.41,250630,outside_own_roche_hot_not_broken
750,620,1,belt_rock,1.688403118547852E-05,0.31465,1.51234,-1.59745,1,165.316,194916,outside_own_roche_hot_not_broken
750,658,2,moon,0.0001921875,0.524691,2.3598,-1.58255,1,101.37,250609,outside_own_roche_hot_not_broken
750,717,1,belt_rock,2.2707846419077505E-05,0.454375,2.11956,-1.0002,1,139.005,260852,outside_own_roche_hot_not_broken
750,721,2,moon,0.0001921875,0.529676,2.38222,-1.5818,1,101.41,250630,outside_own_roche_hot_not_broken
750,744,1,belt_rock,2.623837778379504E-05,0.440382,2.8267,-1.16762,1,68.6254,352591,outside_own_roche_hot_not_broken
750,746,1,belt_rock,9.968363858681124E-06,0.82181,4.19541,-1.02008,1,74.7371,365428,outside_own_roche_hot_not_broken
750,753,1,belt_rock,9.437212190284525E-05,0.617775,2.6027,-1.06626,1,63.4871,383983,outside_own_roche_hot_not_broken
750,754,1,belt_rock,9.950781541434903E-05,0.79163,3.3266,-1.08728,1,72.2996,358686,outside_own_roche_hot_not_broken
750,755,1,belt_rock,0.00010987808730037803,0.952602,3.98506,-1.21796,1,94.1879,298145,outside_own_roche_hot_not_broken
750,788,2,moon,0.0001921875,0.524691,2.3598,-1.58255,1,101.37,250609,outside_own_roche_hot_not_broken
750,848,1,belt_rock,2.0929574188950525E-06,0.748695,4.86099,-1.027,1,70.7702,373582,outside_own_roche_hot_not_broken
750,852,2,moon,0.0001921875,0.529676,2.38222,-1.5818,1,101.41,250630,outside_own_roche_hot_not_broken
750,884,2,moon,0.0001921875,0.529676,2.38222,-1.5818,1,101.41,250630,outside_own_roche_hot_not_broken
750,890,2,moon,0.0001921875,0.524691,2.3598,-1.58255,1,101.37,250609,outside_own_roche_hot_not_broken
750,892,1,belt_rock,6.878326805556079E-07,0.646605,8.10522,-1.15321,1,80.2843,331121,outside_own_roche_hot_not_broken
750,893,1,belt_rock,3.431201186069597E-05,0.839687,3.77099,-1.08543,1,90.2913,322551,outside_own_roche_hot_not_broken
750,919,1,belt_rock,0.00013183487570977428,0.792484,3.28948,-1.08442,1,87.6612,327564,outside_own_roche_hot_not_broken
750,924,2,moon,0.0001921875,0.524691,2.3598,-1.58255,1,101.37,250609,outside_own_roche_hot_not_broken
750,933,2,moon,0.0001921875,0.524691,2.3598,-1.58255,1,101.37,250609,outside_own_roche_hot_not_broken
750,934,1,belt_rock,7.194944665707225E-06,0.934239,2.58863,-1.1248,1,61.2926,377667,outside_own_roche_hot_not_broken
750,966,1,belt_rock,1.9345286246486087E-05,0.549029,3.68494,-1.01443,1,56.9758,413611,outside_own_roche_hot_not_broken
750,976,1,belt_rock,6.644448574966501E-07,0.427151,3.42463,-1.63146,1,236.3,155751,outside_own_roche_hot_not_broken
750,979,2,moon,0.0001921875,0.524691,2.3598,-1.58255,1,101.37,250609,outside_own_roche_hot_not_broken
750,984,1,belt_rock,1.152880737286123E-05,0.619732,3.0341,-1.1868,1,100.998,291577,outside_own_roche_hot_not_broken
750,987,1,belt_rock,1.0446526819158121E-05,0.598305,4.42828,-1.14759,1,56.5415,385121,outside_own_roche_hot_not_broken
750,1013,2,moon,0.0001921875,0.529676,2.38222,-1.5818,1,101.41,250630,outside_own_roche_hot_not_broken
750,1035,1,belt_rock,5.069287576064303E-05,0.930505,4.06176,-1.09919,1,78.6712,342917,outside_own_roche_hot_not_broken
750,1080,2,moon,0.0001921875,0.524691,2.3598,-1.58255,1,101.37,250609,outside_own_roche_hot_not_broken
750,1086,1,belt_rock,7.701292930739975E-05,0.662686,2.8221,-1.58616,1,134.363,218683,outside_own_roche_hot_not_broken
750,1090,2,moon,0.0001921875,0.524691,2.3598,-1.58255,1,101.37,250609,outside_own_roche_hot_not_broken
750,1109,1,belt_rock,9.141481982163067E-07,0.799239,9.44313,-1.55821,1,123.279,230431,outside_own_roche_hot_not_broken
750,1125,2,moon,0.0001921875,0.529676,2.38222,-1.5818,1,101.41,250630,outside_own_roche_hot_not_broken
750,1151,1,belt_rock,7.525309276687851E-06,0.996991,5.28703,-1.00506,1,75.6595,366080,outside_own_roche_hot_not_broken
750,1166,1,belt_rock,9.191991536182768E-05,0.682705,2.69667,-1.02824,1,79.2359,353770,outside_own_roche_hot_not_broken
750,1167,1,belt_rock,3.024088834869624E-05,0.515467,2.33893,-1.04756,1,74.3336,361280,outside_own_roche_hot_not_broken
750,1172,2,moon,0.0001921875,0.529676,2.38222,-1.5818,1,101.41,250630,outside_own_roche_hot_not_broken
750,1228,2,moon,0.0001921875,0.529676,2.38222,-1.5818,1,101.41,250630,outside_own_roche_hot_not_broken
750,1237,1,belt_rock,0.00011952353721160026,0.473127,2.57468,-1.05301,1,62.692,388832,outside_own_roche_hot_not_broken
750,1264,1,belt_rock,7.198214225985294E-07,0.892938,11.0872,-1.12316,1,53.9767,397220,outside_own_roche_hot_not_broken
750,1271,1,belt_rock,9.447345734858725E-05,0.802013,3.37938,-1.04289,1,58.8925,401423,outside_own_roche_hot_not_broken
750,1276,2,moon,0.0001921875,0.524691,2.3598,-1.58255,1,101.37,250609,outside_own_roche_hot_not_broken
750,1295,2,moon,0.0001921875,0.529676,2.38222,-1.5818,1,101.41,250630,outside_own_roche_hot_not_broken
750,1307,1,belt_rock,0.00012763252177902957,0.978426,4.06749,-1.04891,1,78.1319,352571,outside_own_roche_hot_not_broken
750,1311,1,belt_rock,4.6077184062286455E-06,0.481671,2.75457,-1.0505,1,76.1403,356674,outside_own_roche_hot_not_broken
750,1350,2,moon,0.0001921875,0.524691,2.3598,-1.58255,1,101.37,250609,outside_own_roche_hot_not_broken
750,1352,1,belt_rock,1.419189573346924E-05,0.912646,4.33744,-1.00905,1,82.8115,349356,outside_own_roche_hot_not_broken
750,1359,1,belt_rock,4.470043932629267E-05,0.445453,1.96136,-1.16658,1,84.9248,320515,outside_own_roche_hot_not_broken
750,1360,1,belt_rock,0.0001096541818025347,0.471572,1.97276,-1.05113,1,77.3112,353975,outside_own_roche_hot_not_broken
750,1373,1,belt_rock,7.755539609164374E-07,0.546384,4.25134,-1.17692,1,71.4865,344916,outside_own_roche_hot_not_broken
750,1380,1,belt_rock,2.565950567024009E-05,0.669326,3.08139,-1.14718,1,75.6613,341218,outside_own_roche_hot_not_broken
750,1390,2,moon,0.0001921875,0.529676,2.38222,-1.5818,1,101.41,250630,outside_own_roche_hot_not_broken
750,1393,2,moon,0.0001921875,0.524691,2.3598,-1.58255,1,101.37,250609,outside_own_roche_hot_not_broken
750,1394,2,moon,0.0001921875,0.529676,2.38222,-1.5818,1,101.41,250630,outside_own_roche_hot_not_broken
750,1403,2,moon,0.0001921875,0.524691,2.3598,-1.58255,1,101.37,250609,outside_own_roche_hot_not_broken
750,1425,1,belt_rock,6.700160141177978E-07,0.665132,5.43225,-1.02792,1,82.1323,347591,outside_own_roche_hot_not_broken
750,1446,1,belt_rock,6.57814109504489E-07,0.879566,11.1289,-1.08614,1,95.7185,312865,outside_own_roche_hot_not_broken
750,1469,2,moon,0.0001921875,0.529676,2.38222,-1.5818,1,101.41,250630,outside_own_roche_hot_not_broken
750,1475,1,belt_rock,2.3726793605748828E-05,0.408745,1.8217,-1.0476,1,88.7567,331077,outside_own_roche_hot_not_broken
750,1476,2,moon,0.0001921875,0.529676,2.38222,-1.5818,1,101.41,250630,outside_own_roche_hot_not_broken
750,1490,2,moon,0.0001921875,0.529676,2.38222,-1.5818,1,101.41,250630,outside_own_roche_hot_not_broken
750,1509,1,belt_rock,0.0001288043910698863,0.529357,2.19948,-1.17294,1,70.1881,348317,outside_own_roche_hot_not_broken
750,1516,1,belt_rock,1.8923018626483087E-06,0.476603,4.85943,-1.05161,1,59.0812,398939,outside_own_roche_hot_not_broken
750,1519,1,belt_rock,5.818677805881165E-05,0.837916,3.62518,-1.13727,1,84.457,325654,outside_own_roche_hot_not_broken
750,1529,1,belt_rock,9.471527052528397E-05,0.965193,4.06652,-0.95508,1,59.2493,421155,outside_own_roche_hot_not_broken
750,1543,2,moon,0.0001921875,0.524691,2.3598,-1.58255,1,101.37,250609,outside_own_roche_hot_not_broken
750,1544,1,belt_rock,7.346227678048891E-07,0.64484,5.07015,-1.1702,1,51.694,393173,outside_own_roche_hot_not_broken
750,1563,1,belt_rock,6.13628543380343E-07,0.591937,2.75015,-1.15537,1,85.2163,321607,outside_own_roche_hot_not_broken
750,1603,2,moon,0.0001921875,0.529676,2.38222,-1.5818,1,101.41,250630,outside_own_roche_hot_not_broken
750,1616,2,moon,0.0001921875,0.529676,2.38222,-1.5818,1,101.41,250630,outside_own_roche_hot_not_broken
750,1666,1,belt_rock,8.10643211524436E-06,0.744993,3.84665,-1.14249,1,84.9639,323945,outside_own_roche_hot_not_broken
750,1680,2,moon,0.0001921875,0.529676,2.38222,-1.5818,1,101.41,250630,outside_own_roche_hot_not_broken
750,1682,2,moon,0.0001921875,0.529676,2.38222,-1.5818,1,101.41,250630,outside_own_roche_hot_not_broken
750,1710,1,belt_rock,0.00011444150715678446,0.703947,2.93982,-1.05557,1,49.8452,425437,outside_own_roche_hot_not_broken
750,1719,1,belt_rock,6.855236546430281E-05,0.590628,2.53075,-1.1724,1,60.4803,370333,outside_own_roche_hot_not_broken
750,1743,1,belt_rock,6.77641431699792E-07,0.441553,5.55221,-1.05421,1,69.5153,371344,outside_own_roche_hot_not_broken
750,1761,2,moon,0.0001921875,0.524691,2.3598,-1.58255,1,101.37,250609,outside_own_roche_hot_not_broken
750,1775,1,belt_rock,1.2446664084629126E-05,0.83776,4.05474,-1.01648,1,74.3377,367041,outside_own_roche_hot_not_broken
750,1776,2,moon,0.0001921875,0.529676,2.38222,-1.5818,1,101.41,250630,outside_own_roche_hot_not_broken
750,1779,1,belt_rock,1.6831379183306376E-06,0.57895,3.90381,-1.0625,1,84.2817,337498,outside_own_roche_hot_not_broken
750,1786,1,belt_rock,4.890562683191691E-06,0.403481,2.28503,-1.04813,1,84.9156,338528,outside_own_roche_hot_not_broken
750,1815,1,belt_rock,1.3855784545437669E-06,0.527442,3.68225,-1.01458,1,57.2384,412789,outside_own_roche_hot_not_broken
750,1833,1,belt_rock,0.00012068881521162628,0.539849,2.24916,-1.15421,1,55.6163,386151,outside_own_roche_hot_not_broken
750,1841,2,moon,0.0001921875,0.524691,2.3598,-1.58255,1,101.37,250609,outside_own_roche_hot_not_broken
750,1846,2,moon,0.0001921875,0.529676,2.38222,-1.5818,1,101.41,250630,outside_own_roche_hot_not_broken
750,1864,2,moon,0.0001921875,0.529676,2.38222,-1.5818,1,101.41,250630,outside_own_roche_hot_not_broken
750,1882,2,moon,0.0001921875,0.524691,2.3598,-1.58255,1,101.37,250609,outside_own_roche_hot_not_broken
750,1885,2,moon,0.0001921875,0.524691,2.3598,-1.58255,1,101.37,250609,outside_own_roche_hot_not_broken
750,1889,2,moon,0.0001921875,0.524691,2.3598,-1.58255,1,101.37,250609,outside_own_roche_hot_not_broken
750,1900,1,belt_rock,1.0633749950518829E-05,0.765873,5.65116,-1.08371,1,65.0409,376518,outside_own_roche_hot_not_broken
750,1901,2,moon,0.0001921875,0.524691,2.3598,-1.58255,1,101.37,250609,outside_own_roche_hot_not_broken
750,1904,1,belt_rock,3.1169495720659575E-05,0.394887,1.78728,-1.05211,1,82.4632,342865,outside_own_roche_hot_not_broken
750,1923,1,belt_rock,1.5202050466784962E-06,0.9615,10.2411,-1.00637,1,72.9161,372377,outside_own_roche_hot_not_broken
750,1924,1,belt_rock,9.667326106368634E-07,0.426991,3.18588,-1.05162,1,84.4389,338925,outside_own_roche_hot_not_broken
750,1929,1,belt_rock,0.00010910246448047122,0.945476,5.18366,-1.09739,1,90.267,320861,outside_own_roche_hot_not_broken
750,1957,1,belt_rock,3.606828597332622E-05,0.639066,2.8587,-1.03743,1,70.3831,372494,outside_own_roche_hot_not_broken
750,1965,2,moon,0.0001921875,0.524691,2.3598,-1.58255,1,101.37,250609,outside_own_roche_hot_not_broken
750,1979,1,belt_rock,1.9358361595623597E-06,0.476503,3.13551,-2.86665,1,5.3912,243402,outside_own_roche_hot_not_broken
750,1987,2,moon,0.0001921875,0.524691,2.3598,-1.58255,1,101.37,250609,outside_own_roche_hot_not_broken
750,1989,1,belt_rock,2.109217022613033E-05,0.668257,3.13481,-1.06905,1,58.735,396038,outside_own_roche_hot_not_broken
750,1991,2,moon,0.0001921875,0.529676,2.38222,-1.5818,1,101.41,250630,outside_own_roche_hot_not_broken
750,1997,1,belt_rock,1.9017462653961546E-05,0.636542,3.01565,-1.03147,1,81.2229,348919,outside_own_roche_hot_not_broken
800,0,2,moon,0.0001921875,0.811968,3.65183,-1.56623,1,102.658,250628,outside_own_roche_hot_not_broken
800,1,2,moon,0.0001921875,0.815912,3.66957,-1.5668,1,102.632,250606,outside_own_roche_hot_not_broken
800,9,2,moon,0.0001921875,0.815912,3.66957,-1.5668,1,102.632,250606,outside_own_roche_hot_not_broken
800,70,2,moon,0.0001921875,0.811968,3.65183,-1.56623,1,102.658,250628,outside_own_roche_hot_not_broken
800,125,1,belt_rock,6.566749992462903E-07,0.655611,8.29826,-0.956676,1,67.18,397540,outside_own_roche_hot_not_broken
800,126,2,moon,0.0001921875,0.811968,3.65183,-1.56623,1,102.658,250628,outside_own_roche_hot_not_broken
800,127,1,belt_rock,8.077702642988861E-07,0.727119,5.61358,-1.0916,1,63.4729,378858,outside_own_roche_hot_not_broken
800,129,1,belt_rock,1.0817756122801134E-05,0.906542,4.5786,-0.952882,1,80.7189,364016,outside_own_roche_hot_not_broken
800,138,2,moon,0.0001921875,0.815912,3.66957,-1.5668,1,102.632,250606,outside_own_roche_hot_not_broken
800,162,2,moon,0.0001921875,0.815912,3.66957,-1.5668,1,102.632,250606,outside_own_roche_hot_not_broken
800,178,2,moon,0.0001921875,0.811968,3.65183,-1.56623,1,102.658,250628,outside_own_roche_hot_not_broken
800,207,2,moon,0.0001921875,0.815912,3.66957,-1.5668,1,102.632,250606,outside_own_roche_hot_not_broken
800,208,1,belt_rock,2.6675843482823566E-05,0.785234,3.60155,-0.971745,1,63.8202,403590,outside_own_roche_hot_not_broken
800,216,2,moon,0.0001921875,0.811968,3.65183,-1.56623,1,102.658,250628,outside_own_roche_hot_not_broken
800,229,2,moon,0.0001921875,0.815912,3.66957,-1.5668,1,102.632,250606,outside_own_roche_hot_not_broken
800,248,2,moon,0.0001921875,0.811968,3.65183,-1.56623,1,102.658,250628,outside_own_roche_hot_not_broken
800,254,2,moon,0.0001921875,0.811968,3.65183,-1.56623,1,102.658,250628,outside_own_roche_hot_not_broken
800,255,1,belt_rock,1.598210655002663E-05,0.583392,2.81476,-0.985365,1,74.2103,373316,outside_own_roche_hot_not_broken
800,274,1,belt_rock,6.292355206369382E-06,0.444359,2.41872,-0.995936,1,70.2461,381082,outside_own_roche_hot_not_broken
800,294,2,moon,0.0001921875,0.815912,3.66957,-1.5668,1,102.632,250606,outside_own_roche_hot_not_broken
800,376,1,belt_rock,5.713299764379653E-05,0.544144,2.35786,-0.947129,1,52.1536,446610,outside_own_roche_hot_not_broken
800,377,1,belt_rock,5.544561486291012E-05,0.409486,2.39598,-0.992204,1,81.0063,356224,outside_own_roche_hot_not_broken
800,385,1,belt_rock,1.1054259914976268E-05,0.431041,2.12196,-0.99611,1,75.665,367755,outside_own_roche_hot_not_broken
800,398,2,moon,0.0001921875,0.815912,3.66957,-1.5668,1,102.632,250606,outside_own_roche_hot_not_broken
800,412,2,moon,0.0001921875,0.815912,3.66957,-1.5668,1,102.632,250606,outside_own_roche_hot_not_broken
800,436,1,belt_rock,1.3454135325069842E-05,0.854715,4.09947,-0.973137,1,69.9216,386622,outside_own_roche_hot_not_broken
800,448,2,moon,0.0001921875,0.811968,3.65183,-1.56623,1,102.658,250628,outside_own_roche_hot_not_broken
800,463,1,belt_rock,3.93273765467171E-05,0.32126,1.9578,-1.54419,1,111.803,242766,outside_own_roche_hot_not_broken
800,474,2,moon,0.0001921875,0.811968,3.65183,-1.56623,1,102.658,250628,outside_own_roche_hot_not_broken
800,476,1,belt_rock,9.817656689245505E-05,0.687901,2.89241,-1.01802,1,75.1451,364860,outside_own_roche_hot_not_broken
800,481,1,belt_rock,0.00011804674518101909,0.427145,1.78117,-1.11008,1,90.3642,318870,outside_own_roche_hot_not_broken
800,532,1,belt_rock,5.1581301120989146E-05,0.922095,4.02218,-0.972584,1,91.306,337835,outside_own_roche_hot_not_broken
800,544,2,moon,0.0001921875,0.811968,3.65183,-1.56623,1,102.658,250628,outside_own_roche_hot_not_broken
800,560,1,belt_rock,6.588914285216677E-07,0.457463,3.67366,-0.996554,1,70.6741,379872,outside_own_roche_hot_not_broken
800,579,2,moon,0.0001921875,0.815912,3.66957,-1.5668,1,102.632,250606,outside_own_roche_hot_not_broken
800,596,2,moon,0.0001921875,0.815912,3.66957,-1.5668,1,102.632,250606,outside_own_roche_hot_not_broken
800,605,2,moon,0.0001921875,0.811968,3.65183,-1.56623,1,102.658,250628,outside_own_roche_hot_not_broken
800,658,2,moon,0.0001921875,0.815912,3.66957,-1.5668,1,102.632,250606,outside_own_roche_hot_not_broken
800,660,1,belt_rock,1.1772379558727024E-06,0.369817,2.65981,-1.53397,1,235.702,159400,outside_own_roche_hot_not_broken
800,667,1,belt_rock,6.163959811296187E-05,0.8262,3.35846,-0.963025,1,74.3445,377392,outside_own_roche_hot_not_broken
800,702,1,belt_rock,1.1289317074143082E-06,0.822621,5.96247,-1.50335,1,129.224,228994,outside_own_roche_hot_not_broken
800,717,1,belt_rock,2.2707846419077505E-05,0.993227,4.63318,-0.978949,1,140.714,260841,outside_own_roche_hot_not_broken
800,721,2,moon,0.0001921875,0.811968,3.65183,-1.56623,1,102.658,250628,outside_own_roche_hot_not_broken
800,744,1,belt_rock,2.623837778379504E-05,0.979461,6.28691,-1.1584,1,69.3592,352600,outside_own_roche_hot_not_broken
800,746,1,belt_rock,9.968363858681124E-06,0.601587,3.07116,-1.00865,1,75.6567,365416,outside_own_roche_hot_not_broken
800,757,1,belt_rock,8.69520400842481E-07,0.909534,7.04794,-0.9614,1,65.5885,400926,outside_own_roche_hot_not_broken
800,788,2,moon,0.0001921875,0.815912,3.66957,-1.5668,1,102.632,250606,outside_own_roche_hot_not_broken
800,848,1,belt_rock,2.0929574188950525E-06,0.673495,4.37274,-1.01621,1,71.6369,373575,outside_own_roche_hot_not_broken
800,852,2,moon,0.0001921875,0.811968,3.65183,-1.56623,1,102.658,250628,outside_own_roche_hot_not_broken
800,884,2,moon,0.0001921875,0.811968,3.65183,-1.56623,1,102.658,250628,outside_own_roche_hot_not_broken
800,890,2,moon,0.0001921875,0.815912,3.66957,-1.5668,1,102.632,250606,outside_own_roche_hot_not_broken
800,892,1,belt_rock,6.878326805556079E-07,0.751525,9.4204,-1.14124,1,81.2409,331123,outside_own_roche_hot_not_broken
800,920,1,belt_rock,8.022589617583062E-07,0.483254,3.80567,-1.11391,1,64.4924,371941,outside_own_roche_hot_not_broken
800,924,2,moon,0.0001921875,0.815912,3.66957,-1.5668,1,102.632,250606,outside_own_roche_hot_not_broken
800,933,2,moon,0.0001921875,0.815912,3.66957,-1.5668,1,102.632,250606,outside_own_roche_hot_not_broken
800,934,1,belt_rock,7.194944665707225E-06,0.493598,1.36768,-1.11552,1,62.0327,377672,outside_own_roche_hot_not_broken
800,946,1,belt_rock,3.6899876659023318E-06,0.833516,4.93441,-1.08447,1,66.2322,373437,outside_own_roche_hot_not_broken
800,978,1,belt_rock,1.2256851961564646E-06,0.526398,3.75799,-1.10479,1,50.6264,410993,outside_own_roche_hot_not_broken
800,979,2,moon,0.0001921875,0.815912,3.66957,-1.5668,1,102.632,250606,outside_own_roche_hot_not_broken
800,987,1,belt_rock,1.0446526819158121E-05,0.807469,5.97639,-1.13775,1,57.3287,385121,outside_own_roche_hot_not_broken
800,1013,2,moon,0.0001921875,0.811968,3.65183,-1.56623,1,102.658,250628,outside_own_roche_hot_not_broken
800,1038,1,belt_rock,1.123039871300166E-06,0.349524,2.53586,-1.51276,1,96.5867,262547,outside_own_roche_hot_not_broken
800,1080,2,moon,0.0001921875,0.815912,3.66957,-1.5668,1,102.632,250606,outside_own_roche_hot_not_broken
800,1086,1,belt_rock,7.701292930739975E-05,0.733839,3.12511,-1.57308,1,135.412,218681,outside_own_roche_hot_not_broken
800,1090,2,moon,0.0001921875,0.815912,3.66957,-1.5668,1,102.632,250606,outside_own_roche_hot_not_broken
800,1109,1,belt_rock,9.141481982163067E-07,0.576989,6.81721,-1.54355,1,124.459,230424,outside_own_roche_hot_not_broken
800,1124,1,belt_rock,9.01042065793917E-05,0.920294,3.8855,-0.952816,1,73.3402,381988,outside_own_roche_hot_not_broken
800,1125,2,moon,0.0001921875,0.811968,3.65183,-1.56623,1,102.658,250628,outside_own_roche_hot_not_broken
800,1151,1,belt_rock,7.525309276687851E-06,0.454746,2.41151,-0.995125,1,76.4634,366059,outside_own_roche_hot_not_broken
800,1166,1,belt_rock,9.191991536182768E-05,0.739023,2.91913,-1.0168,1,80.1531,353766,outside_own_roche_hot_not_broken
800,1167,1,belt_rock,3.024088834869624E-05,0.907681,4.11861,-1.03544,1,75.3036,361278,outside_own_roche_hot_not_broken
800,1172,2,moon,0.0001921875,0.811968,3.65183,-1.56623,1,102.658,250628,outside_own_roche_hot_not_broken
800,1191,1,belt_rock,5.1129856908838495E-05,0.4444,1.9385,-0.995066,1,72.4844,375648,outside_own_roche_hot_not_broken
800,1214,1,belt_rock,1.1124544848885341E-05,0.453037,2.28737,-1.52446,1,108.723,247668,outside_own_roche_hot_not_broken
800,1221,1,belt_rock,2.2362078106696202E-06,0.685706,4.40222,-1.46352,1,81.6307,287512,outside_own_roche_hot_not_broken
800,1228,2,moon,0.0001921875,0.811968,3.65183,-1.56623,1,102.658,250628,outside_own_roche_hot_not_broken
800,1243,1,belt_rock,7.270145220654691E-05,0.420007,2.38941,-0.993707,1,77.233,364527,outside_own_roche_hot_not_broken
800,1253,1,belt_rock,4.474939972688944E-06,0.957586,8.27577,-0.949591,1,73.1005,383263,outside_own_roche_hot_not_broken
800,1264,1,belt_rock,7.198214225985294E-07,0.539433,6.69788,-1.11453,1,54.6648,397228,outside_own_roche_hot_not_broken
800,1276,2,moon,0.0001921875,0.815912,3.66957,-1.5668,1,102.632,250606,outside_own_roche_hot_not_broken
800,1281,1,belt_rock,0.0001255033177684123,0.817289,3.16827,-1.45356,1,87.5726,280256,outside_own_roche_hot_not_broken
800,1295,2,moon,0.0001921875,0.811968,3.65183,-1.56623,1,102.658,250628,outside_own_roche_hot_not_broken
800,1311,1,belt_rock,4.6077184062286455E-06,0.944469,5.40121,-1.03826,1,77.1216,356670,outside_own_roche_hot_not_broken
800,1323,1,belt_rock,6.602189138387087E-07,0.52947,4.25024,-1.10473,1,45.3836,427118,outside_own_roche_hot_not_broken
800,1350,2,moon,0.0001921875,0.815912,3.66957,-1.5668,1,102.632,250606,outside_own_roche_hot_not_broken
800,1352,1,belt_rock,1.419189573346924E-05,0.513555,2.44072,-0.996035,1,83.8583,349344,outside_own_roche_hot_not_broken
800,1360,1,belt_rock,0.0001096541818025347,0.955204,3.99598,-1.03878,1,78.3014,353970,outside_own_roche_hot_not_broken
800,1380,1,belt_rock,2.565950567024009E-05,0.728018,3.3516,-1.13562,1,76.5855,341219,outside_own_roche_hot_not_broken
800,1390,2,moon,0.0001921875,0.811968,3.65183,-1.56623,1,102.658,250628,outside_own_roche_hot_not_broken
800,1393,2,moon,0.0001921875,0.815912,3.66957,-1.5668,1,102.632,250606,outside_own_roche_hot_not_broken
800,1394,2,moon,0.0001921875,0.811968,3.65183,-1.56623,1,102.658,250628,outside_own_roche_hot_not_broken
800,1398,1,belt_rock,1.058678945228966E-05,0.475374,2.40826,-0.998982,1,65.2519,393552,outside_own_roche_hot_not_broken
800,1403,2,moon,0.0001921875,0.815912,3.66957,-1.5668,1,102.632,250606,outside_own_roche_hot_not_broken
800,1425,1,belt_rock,6.700160141177978E-07,0.757387,6.18571,-1.01622,1,83.0698,347587,outside_own_roche_hot_not_broken
800,1429,1,belt_rock,4.775903706088304E-06,0.927736,7.91773,-0.961362,1,59.8732,417687,outside_own_roche_hot_not_broken
800,1452,1,belt_rock,2.9717926455947776E-05,0.613743,2.78931,-1.09844,1,51.8544,408875,outside_own_roche_hot_not_broken
800,1469,2,moon,0.0001921875,0.811968,3.65183,-1.56623,1,102.658,250628,outside_own_roche_hot_not_broken
800,1476,2,moon,0.0001921875,0.811968,3.65183,-1.56623,1,102.658,250628,outside_own_roche_hot_not_broken
800,1490,2,moon,0.0001921875,0.811968,3.65183,-1.56623,1,102.658,250628,outside_own_roche_hot_not_broken
800,1508,1,belt_rock,9.281420583424006E-05,0.483096,2.03717,-1.49265,1,88.5144,274771,outside_own_roche_hot_not_broken
800,1519,1,belt_rock,5.818677805881165E-05,0.56169,2.43011,-1.12402,1,85.5182,325651,outside_own_roche_hot_not_broken
800,1529,1,belt_rock,9.471527052528397E-05,0.528666,2.22736,-0.948006,1,59.8235,421130,outside_own_roche_hot_not_broken
800,1543,2,moon,0.0001921875,0.815912,3.66957,-1.5668,1,102.632,250606,outside_own_roche_hot_not_broken
800,1549,1,belt_rock,2.041252440654941E-05,0.66411,4.42223,-1.51982,1,134.463,223130,outside_own_roche_hot_not_broken
800,1563,1,belt_rock,6.13628543380343E-07,0.807099,3.7498,-1.14253,1,86.2423,321609,outside_own_roche_hot_not_broken
800,1592,1,belt_rock,1.7841409363609926E-06,0.820234,5.47446,-0.961324,1,73.8482,378975,outside_own_roche_hot_not_broken
800,1603,2,moon,0.0001921875,0.811968,3.65183,-1.56623,1,102.658,250628,outside_own_roche_hot_not_broken
800,1616,2,moon,0.0001921875,0.811968,3.65183,-1.56623,1,102.658,250628,outside_own_roche_hot_not_broken
800,1630,1,belt_rock,2.275288810153228E-06,0.633476,4.05503,-0.984311,1,63.7878,400835,outside_own_roche_hot_not_broken
800,1666,1,belt_rock,8.10643211524436E-06,0.657713,3.39599,-1.13035,1,85.9364,323944,outside_own_roche_hot_not_broken
800,1680,2,moon,0.0001921875,0.811968,3.65183,-1.56623,1,102.658,250628,outside_own_roche_hot_not_broken
800,1682,2,moon,0.0001921875,0.811968,3.65183,-1.56623,1,102.658,250628,outside_own_roche_hot_not_broken
800,1694,1,belt_rock,1.2903984627086387E-06,0.520688,3.68239,-1.10523,1,47.0918,421609,outside_own_roche_hot_not_broken
800,1721,1,belt_rock,4.311417912617211E-06,0.986932,2.99798,-0.946434,1,76.1229,376271,outside_own_roche_hot_not_broken
800,1749,1,belt_rock,4.492860204019897E-06,0.614164,3.52452,-0.975632,1,77.8958,366358,outside_own_roche_hot_not_broken
800,1761,2,moon,0.0001921875,0.815912,3.66957,-1.5668,1,102.632,250606,outside_own_roche_hot_not_broken
800,1775,1,belt_rock,1.2446664084629126E-05,0.587014,2.84114,-1.00503,1,75.2585,367029,outside_own_roche_hot_not_broken
800,1776,2,moon,0.0001921875,0.811968,3.65183,-1.56623,1,102.658,250628,outside_own_roche_hot_not_broken
800,1778,1,belt_rock,7.438067820221023E-07,0.843168,6.61364,-1.0811,1,51.315,414592,outside_own_roche_hot_not_broken
800,1793,1,belt_rock,3.393960017536284E-05,0.69015,4.28057,-1.09244,1,50.6081,413991,outside_own_roche_hot_not_broken
800,1794,1,belt_rock,3.442938399011237E-05,0.884438,3.97012,-0.959628,1,76.1505,373606,outside_own_roche_hot_not_broken
800,1833,1,belt_rock,0.00012068881521162628,0.875784,3.64876,-1.14492,1,56.3592,386151,outside_own_roche_hot_not_broken
800,1841,2,moon,0.0001921875,0.815912,3.66957,-1.5668,1,102.632,250606,outside_own_roche_hot_not_broken
800,1846,2,moon,0.0001921875,0.811968,3.65183,-1.56623,1,102.658,250628,outside_own_roche_hot_not_broken
800,1864,2,moon,0.0001921875,0.811968,3.65183,-1.56623,1,102.658,250628,outside_own_roche_hot_not_broken
800,1882,2,moon,0.0001921875,0.815912,3.66957,-1.5668,1,102.632,250606,outside_own_roche_hot_not_broken
800,1885,2,moon,0.0001921875,0.815912,3.66957,-1.5668,1,102.632,250606,outside_own_roche_hot_not_broken
800,1889,2,moon,0.0001921875,0.815912,3.66957,-1.5668,1,102.632,250606,outside_own_roche_hot_not_broken
800,1896,1,belt_rock,3.499665395753723E-06,0.795793,4.74997,-0.959124,1,80.4169,363559,outside_own_roche_hot_not_broken
800,1901,2,moon,0.0001921875,0.815912,3.66957,-1.5668,1,102.632,250606,outside_own_roche_hot_not_broken
800,1909,1,belt_rock,1.1792483931838004E-05,0.587985,4.26258,-1.09879,1,52.8511,405899,outside_own_roche_hot_not_broken
800,1923,1,belt_rock,1.5202050466784962E-06,0.48303,5.14483,-0.995835,1,73.7659,372359,outside_own_roche_hot_not_broken
800,1944,1,belt_rock,5.804841253576382E-05,0.460938,1.99437,-0.997965,1,66.7298,389802,outside_own_roche_hot_not_broken
800,1945,1,belt_rock,1.9083106580083907E-05,0.317281,2.13391,-1.51682,1,234.905,160370,outside_own_roche_hot_not_broken
800,1957,1,belt_rock,3.606828597332622E-05,0.781624,3.4964,-1.02644,1,71.2627,372492,outside_own_roche_hot_not_broken
800,1965,2,moon,0.0001921875,0.815912,3.66957,-1.5668,1,102.632,250606,outside_own_roche_hot_not_broken
800,1974,1,belt_rock,4.35442535855201E-05,0.485456,2.14129,-1.11165,1,64.8216,371582,outside_own_roche_hot_not_broken
800,1979,1,belt_rock,1.9358361595623597E-06,0.534256,3.51554,-2.87162,1,4.99013,243406,outside_own_roche_hot_not_broken
800,1987,2,moon,0.0001921875,0.815912,3.66957,-1.5668,1,102.632,250606,outside_own_roche_hot_not_broken
800,1991,2,moon,0.0001921875,0.811968,3.65183,-1.56623,1,102.658,250628,outside_own_roche_hot_not_broken
800,1997,1,belt_rock,1.9017462653961546E-05,0.784857,3.71829,-1.01963,1,82.1718,348916,outside_own_roche_hot_not_broken
850,3,1,planet,1.0000104077239373,0.780057,3.26853,-1.38851,1,109.171,259395,outside_own_roche_hot_not_broken
850,22,1,belt_rock,8.591034909746685E-05,0.372133,1.57547,-1.4895,1,124.312,234656,outside_own_roche_hot_not_broken
850,23,1,belt_rock,0.00012001304674150088,0.462711,1.92801,-0.942341,1,72.9575,385131,outside_own_roche_hot_not_broken
850,80,1,belt_rock,8.394409761393371E-05,0.949584,4.02335,-0.913356,1,65.7746,411487,outside_own_roche_hot_not_broken
850,115,1,belt_rock,7.294394492322567E-07,0.913764,7.07421,-1.03596,1,61.9984,394354,outside_own_roche_hot_not_broken
850,127,1,belt_rock,8.077702642988861E-07,0.683103,5.27377,-1.08123,1,64.3049,378852,outside_own_roche_hot_not_broken
850,129,1,belt_rock,1.0817756122801134E-05,0.533207,2.69303,-0.940588,1,81.695,364033,outside_own_roche_hot_not_broken
850,132,1,belt_rock,2.3258926797284054E-06,0.50697,3.23325,-0.938673,1,69.6258,394778,outside_own_roche_hot_not_broken
850,150,1,belt_rock,1.0009771444657666E-06,0.892006,6.61205,-0.917493,1,65.2551,412046,outside_own_roche_hot_not_broken
850,199,1,belt_rock,8.528662937842702E-07,0.75895,5.7988,-0.921287,1,71.6253,393125,outside_own_roche_hot_not_broken
850,208,1,belt_rock,2.6675843482823566E-05,0.65708,3.01375,-0.961965,1,64.6069,403578,outside_own_roche_hot_not_broken
850,226,1,belt_rock,6.229078729211419E-06,0.99803,5.46126,-1.41328,1,95.4458,274004,outside_own_roche_hot_not_broken
850,255,1,belt_rock,1.598210655002663E-05,0.849964,4.10093,-0.973893,1,75.1273,373318,outside_own_roche_hot_not_broken
850,276,1,belt_rock,4.4692888503205165E-05,0.451396,1.98721,-1.06827,1,66.8266,375157,outside_own_roche_hot_not_broken
850,277,1,belt_rock,6.571059482080137E-07,0.650655,5.22786,-1.04942,1,42.7297,450985,outside_own_roche_hot_not_broken
850,285,1,belt_rock,8.687170134992252E-07,0.460836,3.50871,-1.07044,1,78.2352,348642,outside_own_roche_hot_not_broken
850,298,1,belt_rock,3.132478669401927E-05,0.495129,2.23966,-0.945091,1,67.4056,399489,outside_own_roche_hot_not_broken
850,316,1,belt_rock,7.095415057450046E-05,0.721011,2.89976,-1.04769,1,51.2579,422971,outside_own_roche_hot_not_broken
850,334,1,belt_rock,1.9725231062414738E-05,0.436828,2.06317,-1.43008,1,106.091,259105,outside_own_roche_hot_not_broken
850,431,1,belt_rock,2.5933179387092167E-05,0.666231,2.94214,-0.88497,1,48.6148,478444,outside_own_roche_hot_not_broken
850,449,1,belt_rock,2.011197199927163E-06,0.53963,3.52761,-1.45795,1,102.728,260445,outside_own_roche_hot_not_broken
850,463,1,belt_rock,3.93273765467171E-05,0.991771,6.044,-1.518,1,113.899,242765,outside_own_roche_hot_not_broken
850,464,1,belt_rock,3.879567028825407E-06,0.697008,4.08308,-0.884071,1,46.9762,485397,outside_own_roche_hot_not_broken
850,490,1,belt_rock,6.685319087040335E-07,0.469904,3.76289,-0.940207,1,74.2312,382288,outside_own_roche_hot_not_broken
850,519,1,belt_rock,1.8789539354836143E-06,0.513365,3.39556,-1.06184,1,52.3544,416106,outside_own_roche_hot_not_broken
850,546,1,belt_rock,7.302283430031609E-07,0.419292,5.19058,-1.47336,1,105.964,255245,outside_own_roche_hot_not_broken
850,573,1,belt_rock,2.2491168309642697E-05,0.582953,3.82178,-0.930136,1,75.4871,381140,outside_own_roche_hot_not_broken
850,589,1,belt_rock,1.633624525481355E-05,0.695267,4.78272,-1.04271,1,37.8359,471182,outside_own_roche_hot_not_broken
850,614,1,belt_rock,3.754598078788781E-05,0.905884,5.54597,-0.909608,1,70.9139,397628,outside_own_roche_hot_not_broken
850,667,1,belt_rock,6.163959811296187E-05,0.61064,2.48222,-0.95199,1,75.2275,377392,outside_own_roche_hot_not_broken
850,690,1,belt_rock,1.4997876132188474E-06,0.514579,5.49579,-1.06634,1,70.7683,366055,outside_own_roche_hot_not_broken
850,702,1,belt_rock,1.1289317074143082E-06,0.565122,4.09608,-1.48816,1,130.45,228984,outside_own_roche_hot_not_broken
850,757,1,belt_rock,8.69520400842481E-07,0.547339,4.24131,-0.95184,1,66.3581,400912,outside_own_roche_hot_not_broken
850,816,1,belt_rock,3.1641558276192383E-06,0.448357,2.721,-0.943922,1,72.4046,386241,outside_own_roche_hot_not_broken
850,828,1,belt_rock,7.310961986766228E-07,0.320643,3.96838,-1.48517,1,107.921,251978,outside_own_roche_hot_not_broken
850,851,1,belt_rock,6.940234196401335E-05,0.516911,2.08305,-1.46025,1,103.957,258778,outside_own_roche_hot_not_broken
850,856,1,belt_rock,1.893499971278667E-05,0.857922,5.76992,-1.03141,1,38.6303,471610,outside_own_roche_hot_not_broken
850,870,1,belt_rock,4.0718180270311874E-05,0.879321,5.33307,-1.38102,1,92.1174,281997,outside_own_roche_hot_not_broken
850,872,1,belt_rock,0.0001265295520468032,0.859732,3.57489,-1.38466,1,108.46,260600,outside_own_roche_hot_not_broken
850,878,1,belt_rock,1.0077853640904324E-06,0.338431,2.50546,-1.42012,1,88.5462,282615,outside_own_roche_hot_not_broken
850,920,1,belt_rock,8.022589617583062E-07,0.944634,7.43908,-1.10434,1,65.2606,371934,outside_own_roche_hot_not_broken
850,946,1,belt_rock,3.6899876659023318E-06,0.579852,3.43272,-1.0735,1,67.1115,373433,outside_own_roche_hot_not_broken
850,978,1,belt_rock,1.2256851961564646E-06,0.940702,6.71573,-1.09841,1,51.142,410979,outside_own_roche_hot_not_broken
850,994,1,belt_rock,1.745865127732295E-05,0.947095,4.53258,-1.35926,1,73.1597,314085,outside_own_roche_hot_not_broken
850,1008,1,belt_rock,4.288151531680917E-05,0.947313,5.70733,-1.03178,1,58.9619,403749,outside_own_roche_hot_not_broken
850,1020,1,belt_rock,0.00012393235555062696,0.991707,5.3805,-1.02905,1,59.4532,402971,outside_own_roche_hot_not_broken
850,1038,1,belt_rock,1.123039871300166E-06,0.96901,7.03034,-1.49175,1,98.2737,262540,outside_own_roche_hot_not_broken
850,1048,1,belt_rock,4.143592895581972E-06,0.512521,2.98093,-1.0627,1,50.9365,420235,outside_own_roche_hot_not_broken
850,1077,1,belt_rock,1.5912252144867457E-06,0.470488,3.20415,-0.941633,1,72.1294,387441,outside_own_roche_hot_not_broken
850,1115,1,belt_rock,8.426437491768853E-05,0.619971,2.62667,-1.04665,1,34.3646,483776,outside_own_roche_hot_not_broken
850,1124,1,belt_rock,9.01042065793917E-05,0.528253,2.2303,-0.94181,1,74.2138,382005,outside_own_roche_hot_not_broken
850,1154,1,belt_rock,2.3578798003590776E-05,0.468789,2.17428,-0.942956,1,68.0447,398186,outside_own_roche_hot_not_broken
850,1185,1,belt_rock,0.00010621860538040504,0.985458,4.12831,-1.02772,1,54.0163,419368,outside_own_roche_hot_not_broken
850,1214,1,belt_rock,1.1124544848885341E-05,0.888686,4.48694,-1.50494,1,110.291,247662,outside_own_roche_hot_not_broken
850,1221,1,belt_rock,2.2362078106696202E-06,0.662011,4.2501,-1.45108,1,82.6245,287514,outside_own_roche_hot_not_broken
850,1253,1,belt_rock,4.474939972688944E-06,0.500137,4.32235,-0.939116,1,73.9288,383288,outside_own_roche_hot_not_broken
850,1281,1,belt_rock,0.0001255033177684123,0.527208,2.04376,-1.4388,1,88.7454,280267,outside_own_roche_hot_not_broken
850,1292,1,belt_rock,1.2159294762964989E-05,0.569831,2.83795,-1.05617,1,48.493,429607,outside_own_roche_hot_not_broken
850,1379,1,belt_rock,6.321398343326647E-05,0.824181,3.54778,-1.02977,1,36.5703,480297,outside_own_roche_hot_not_broken
850,1429,1,belt_rock,4.775903706088304E-06,0.547715,4.67445,-0.953243,1,60.5304,417663,outside_own_roche_hot_not_broken
850,1452,1,belt_rock,2.9717926455947776E-05,0.815333,3.70549,-1.08963,1,52.5629,408865,outside_own_roche_hot_not_broken
850,1471,1,belt_rock,3.623359964060946E-05,0.517611,3.18361,-1.06425,1,54.161,410134,outside_own_roche_hot_not_broken
850,1508,1,belt_rock,9.281420583424006E-05,0.851523,3.5908,-1.47626,1,89.8273,274768,outside_own_roche_hot_not_broken
850,1528,1,belt_rock,5.0574990857476974E-05,0.765965,3.34349,-1.04553,1,65.7316,382477,outside_own_roche_hot_not_broken
850,1549,1,belt_rock,2.041252440654941E-05,0.741145,4.93519,-1.50676,1,135.516,223123,outside_own_roche_hot_not_broken
850,1592,1,belt_rock,1.7841409363609926E-06,0.61709,4.11862,-0.950367,1,74.7236,378978,outside_own_roche_hot_not_broken
850,1596,1,belt_rock,6.327301182556603E-05,0.929167,4.00016,-1.37756,1,101.802,269482,outside_own_roche_hot_not_broken
850,1597,1,belt_rock,1.0692946945625085E-05,0.841019,4.25311,-0.920382,1,63.6921,416043,outside_own_roche_hot_not_broken
850,1626,1,belt_rock,0.00012194715081585406,0.761775,3.17292,-0.865852,1,81.0774,380005,outside_own_roche_hot_not_broken
850,1630,1,belt_rock,2.275288810153228E-06,0.807002,5.16581,-0.974287,1,64.5892,400837,outside_own_roche_hot_not_broken
850,1657,1,belt_rock,1.942033007312838E-06,0.945965,6.22125,-1.01997,1,34.746,491062,outside_own_roche_hot_not_broken
850,1705,1,belt_rock,7.241293853868404E-05,0.984318,3.9526,-1.03055,1,67.2608,381633,outside_own_roche_hot_not_broken
850,1721,1,belt_rock,4.311417912617211E-06,0.474868,1.44249,-0.935988,1,76.9457,376303,outside_own_roche_hot_not_broken
850,1749,1,belt_rock,4.492860204019897E-06,0.818923,4.69958,-0.964079,1,78.819,366360,outside_own_roche_hot_not_broken
850,1768,1,belt_rock,7.185553892578624E-07,0.833337,10.351,-1.0381,1,52.7287,420780,outside_own_roche_hot_not_broken
850,1778,1,belt_rock,7.438067820221023E-07,0.596904,4.68199,-1.0725,1,52.0018,414597,outside_own_roche_hot_not_broken
850,1793,1,belt_rock,3.393960017536284E-05,0.737204,4.57242,-1.08363,1,51.3146,413986,outside_own_roche_hot_not_broken
850,1794,1,belt_rock,3.442938399011237E-05,0.555169,2.49207,-0.948126,1,77.0695,373609,outside_own_roche_hot_not_broken
850,1840,1,belt_rock,3.6783261126248175E-06,0.761854,4.51237,-0.923356,1,70.0423,396997,outside_own_roche_hot_not_broken
850,1896,1,belt_rock,3.499665395753723E-06,0.639777,3.81873,-0.947675,1,81.3297,363566,outside_own_roche_hot_not_broken
850,1909,1,belt_rock,1.1792483931838004E-05,0.843069,6.11181,-1.08999,1,53.5596,405888,outside_own_roche_hot_not_broken
850,1920,1,belt_rock,6.781631266321813E-05,0.721987,2.91328,-0.922987,1,71.0012,394449,outside_own_roche_hot_not_broken
850,1942,1,belt_rock,2.9344414706457616E-05,0.335134,1.52625,-1.45677,1,92.3125,273550,outside_own_roche_hot_not_broken
850,1974,1,belt_rock,4.35442535855201E-05,0.941293,4.15193,-1.1019,1,65.6048,371575,outside_own_roche_hot_not_broken
850,1979,1,belt_rock,1.9358361595623597E-06,0.438713,2.88684,-2.86676,1,5.37972,243405,outside_own_roche_hot_not_broken
900,3,1,planet,1.0000104077239373,0.606744,2.54232,-1.37465,1,110.271,259405,outside_own_roche_hot_not_broken
900,22,1,belt_rock,8.591034909746685E-05,0.967799,4.09729,-1.46232,1,126.503,234640,outside_own_roche_hot_not_broken
900,80,1,belt_rock,8.394409761393371E-05,0.531382,2.25144,-0.904459,1,66.4763,411517,outside_own_roche_hot_not_broken
900,81,1,belt_rock,6.567670551217517E-07,0.597304,4.79968,-0.85222,1,46.4472,498427,outside_own_roche_hot_not_broken
900,115,1,belt_rock,7.294394492322567E-07,0.530616,4.10794,-1.02648,1,62.7602,394344,outside_own_roche_hot_not_broken
900,124,1,belt_rock,1.8035420372590957E-05,0.38082,2.58315,-1.41293,1,89.0641,282695,outside_own_roche_hot_not_broken
900,132,1,belt_rock,2.3258926797284054E-06,0.962245,6.1368,-0.928954,1,70.3976,394794,outside_own_roche_hot_not_broken
900,142,1,belt_rock,3.2384639213008784E-05,0.937765,4.23306,-1.37986,1,161.089,210449,outside_own_roche_hot_not_broken
900,143,1,belt_rock,4.340612022266509E-05,0.61225,2.70268,-0.855144,1,44.2727,507011,outside_own_roche_hot_not_broken
900,150,1,belt_rock,1.0009771444657666E-06,0.574555,4.25893,-0.907961,1,66.0118,412064,outside_own_roche_hot_not_broken
900,155,1,belt_rock,1.7668409822199188E-05,0.987651,4.56633,-1.35511,1,81.1682,301367,outside_own_roche_hot_not_broken
900,173,1,belt_rock,1.0313755962278207E-06,0.69047,5.08955,-1.00864,1,40.9031,469860,outside_own_roche_hot_not_broken
900,188,1,belt_rock,0.00011360651665443813,0.479387,2.00217,-0.902557,1,66.2832,412543,outside_own_roche_hot_not_broken
900,199,1,belt_rock,8.528662937842702E-07,0.688046,5.25706,-0.91092,1,72.4498,393138,outside_own_roche_hot_not_broken
900,223,1,belt_rock,3.520490512440083E-05,0.219268,1.35513,-1.70406,1,206.832,166490,outside_own_roche_hot_not_broken
900,226,1,belt_rock,6.229078729211419E-06,0.342898,1.87635,-1.39635,1,96.8074,273995,outside_own_roche_hot_not_broken
900,263,1,belt_rock,6.624594774401624E-07,0.550147,4.41331,-1.02063,1,46.2624,446648,outside_own_roche_hot_not_broken
900,277,1,belt_rock,6.571059482080137E-07,0.826162,6.63801,-1.04247,1,43.293,450958,outside_own_roche_hot_not_broken
900,285,1,belt_rock,8.687170134992252E-07,0.961712,7.32228,-1.05805,1,79.2401,348612,outside_own_roche_hot_not_broken
900,298,1,belt_rock,3.132478669401927E-05,0.987013,4.46465,-0.936562,1,68.0815,399507,outside_own_roche_hot_not_broken
900,300,1,belt_rock,5.874308153166851E-05,0.894631,5.20377,-1.31826,1,83.9574,301620,outside_own_roche_hot_not_broken
900,316,1,belt_rock,7.095415057450046E-05,0.719216,2.89254,-1.03887,1,51.963,422973,outside_own_roche_hot_not_broken
900,334,1,belt_rock,1.9725231062414738E-05,0.914365,4.31861,-1.40991,1,107.701,259111,outside_own_roche_hot_not_broken
900,379,1,belt_rock,4.783129952477751E-06,0.527184,4.50637,-1.34592,1,76.5646,310099,outside_own_roche_hot_not_broken
900,424,1,belt_rock,1.6688266015606265E-05,0.362847,1.74737,-1.36077,1,151.177,219706,outside_own_roche_hot_not_broken
900,431,1,belt_rock,2.5933179387092167E-05,0.856684,3.7832,-0.878097,1,49.1651,478442,outside_own_roche_hot_not_broken
900,449,1,belt_rock,2.011197199927163E-06,0.822738,5.37831,-1.44291,1,103.951,260421,outside_own_roche_hot_not_broken
900,453,1,belt_rock,6.992885638261917E-05,0.341849,1.95287,-1.36297,1,88.6986,288931,outside_own_roche_hot_not_broken
900,464,1,belt_rock,3.879567028825407E-06,0.828768,4.85494,-0.877323,1,47.5178,485390,outside_own_roche_hot_not_broken
900,510,1,belt_rock,1.8747241736540915E-06,0.471372,4.81499,-1.02522,1,61.6054,397792,outside_own_roche_hot_not_broken
900,519,1,belt_rock,1.8789539354836143E-06,0.987257,6.53004,-1.05699,1,52.7555,416066,outside_own_roche_hot_not_broken
900,546,1,belt_rock,7.302283430031609E-07,0.921101,11.4027,-1.4523,1,107.667,255224,outside_own_roche_hot_not_broken
900,573,1,belt_rock,2.2491168309642697E-05,0.863506,5.66105,-0.91886,1,76.3857,381149,outside_own_roche_hot_not_broken
900,589,1,belt_rock,1.633624525481355E-05,0.803892,5.52995,-1.03655,1,38.338,471146,outside_own_roche_hot_not_broken
900,592,1,belt_rock,5.728988085325562E-06,0.577666,3.20181,-1.32695,1,83.5317,301190,outside_own_roche_hot_not_broken
900,614,1,belt_rock,3.754598078788781E-05,0.555149,3.39871,-0.899102,1,71.7458,397651,outside_own_roche_hot_not_broken
900,624,1,belt_rock,5.612562519785337E-06,0.811302,4.48852,-0.879974,1,66.8875,416156,outside_own_roche_hot_not_broken
900,626,1,belt_rock,5.280982166788213E-06,0.209071,1.75559,-1.8514,1,203.987,162262,outside_own_roche_hot_not_broken
900,690,1,belt_rock,1.4997876132188474E-06,0.907321,9.69033,-1.05493,1,71.6928,366027,outside_own_roche_hot_not_broken
900,798,1,belt_rock,2.0221278783447786E-06,0.637813,4.16556,-1.01514,1,64.9892,390779,outside_own_roche_hot_not_broken
900,806,1,belt_rock,6.877766768383333E-06,0.772504,4.09122,-0.882192,1,61.9184,431206,outside_own_roche_hot_not_broken
900,808,1,belt_rock,1.650636015602605E-05,0.93537,6.42083,-0.992955,1,53.0096,431362,outside_own_roche_hot_not_broken
900,824,1,belt_rock,3.599387387985598E-05,0.556551,2.48981,-1.02019,1,45.2433,450361,outside_own_roche_hot_not_broken
900,835,1,belt_rock,1.3283206087038474E-06,0.482407,5.28002,-0.900153,1,65.7127,414828,outside_own_roche_hot_not_broken
900,839,1,belt_rock,0.00011527774719392456,0.494306,2.06317,-0.902379,1,66.8517,410898,outside_own_roche_hot_not_broken
900,851,1,belt_rock,6.940234196401335E-05,0.842702,3.39593,-1.44427,1,105.255,258756,outside_own_roche_hot_not_broken
900,856,1,belt_rock,1.893499971278667E-05,0.654464,4.40157,-1.0253,1,39.1149,471625,outside_own_roche_hot_not_broken
900,870,1,belt_rock,4.0718180270311874E-05,0.4733,2.87056,-1.36403,1,93.4598,282019,outside_own_roche_hot_not_broken
900,872,1,belt_rock,0.0001265295520468032,0.512697,2.13187,-1.36773,1,109.799,260619,outside_own_roche_hot_not_broken
900,875,1,belt_rock,7.484029169640384E-07,0.568021,4.53629,-0.849351,1,51.1929,479534,outside_own_roche_hot_not_broken
900,901,1,belt_rock,4.063228349063333E-06,0.910685,5.31243,-1.33597,1,67.7998,327073,outside_own_roche_hot_not_broken
900,914,1,belt_rock,9.839654793734442E-07,0.925032,6.87897,-0.996521,1,58.3538,413775,outside_own_roche_hot_not_broken
900,916,1,belt_rock,4.612318145272097E-06,0.609502,3.47908,-0.89177,1,68.543,408423,outside_own_roche_hot_not_broken
900,938,1,belt_rock,4.614813348566103E-05,0.8563,3.56643,-0.994639,1,36.387,492696,outside_own_roche_hot_not_broken
900,964,1,belt_rock,2.4716827128849646E-05,0.494453,2.28311,-0.901617,1,63.6553,420755,outside_own_roche_hot_not_broken
900,969,1,belt_rock,5.908919641170029E-07,0.27196,1.28503,-1.45222,1,151.114,213745,outside_own_roche_hot_not_broken
900,994,1,belt_rock,1.745865127732295E-05,0.410044,1.96238,-1.3465,1,74.1657,314110,outside_own_roche_hot_not_broken
900,1008,1,belt_rock,4.288151531680917E-05,0.517065,3.11519,-1.02379,1,59.6052,403736,outside_own_roche_hot_not_broken
900,1009,1,belt_rock,2.1188508753212374E-05,0.826604,3.8724,-0.880543,1,66.9056,415963,outside_own_roche_hot_not_broken
900,1020,1,belt_rock,0.00012393235555062696,0.494059,2.68051,-1.02278,1,59.9618,402952,outside_own_roche_hot_not_broken
900,1069,1,belt_rock,4.176475362727333E-06,0.64116,3.72469,-1.00866,1,35.721,490768,outside_own_roche_hot_not_broken
900,1092,1,belt_rock,6.56770333777072E-07,0.901356,7.39148,-1.37766,1,118.232,250092,outside_own_roche_hot_not_broken
900,1115,1,belt_rock,8.426437491768853E-05,0.979683,4.15069,-1.0439,1,34.5985,483718,outside_own_roche_hot_not_broken
900,1141,1,belt_rock,6.569620341173448E-07,0.655553,5.26743,-0.89064,1,64.7046,420226,outside_own_roche_hot_not_broken
900,1160,1,belt_rock,1.8870760853445593E-06,0.886374,5.85838,-0.996279,1,58.6081,413072,outside_own_roche_hot_not_broken
900,1185,1,belt_rock,0.00010621860538040504,0.517043,2.16601,-1.02225,1,54.4598,419351,outside_own_roche_hot_not_broken
900,1197,1,belt_rock,8.535780065514528E-07,0.411743,4.93432,-1.35508,1,74.1905,312887,outside_own_roche_hot_not_broken
900,1254,1,belt_rock,4.271535590295029E-05,0.927919,4.09773,-0.99537,1,57.6596,416144,outside_own_roche_hot_not_broken
900,1289,1,belt_rock,9.088343094409988E-05,0.786329,4.38102,-1.32622,1,83.9892,300558,outside_own_roche_hot_not_broken
900,1292,1,belt_rock,1.2159294762964989E-05,0.904731,4.50587,-1.04926,1,49.0565,429574,outside_own_roche_hot_not_broken
900,1294,1,belt_rock,7.912144320608955E-05,0.970955,4.12675,-0.990907,1,46.8803,452880,outside_own_roche_hot_not_broken
900,1340,1,belt_rock,3.120729144962515E-06,0.509346,3.09866,-0.893537,1,64.3159,420711,outside_own_roche_hot_not_broken
900,1372,1,belt_rock,6.831828976310988E-06,0.812035,4.38152,-1.36695,1,78.7147,303780,outside_own_roche_hot_not_broken
900,1379,1,belt_rock,6.321398343326647E-05,0.692038,2.97896,-1.02365,1,37.0543,480319,outside_own_roche_hot_not_broken
900,1391,1,belt_rock,6.820244124305144E-05,0.871057,3.73252,-0.999069,1,55.9956,420333,outside_own_roche_hot_not_broken
900,1396,1,belt_rock,1.65993682879337E-05,0.242854,1.16841,-1.44514,1,156.131,210244,outside_own_roche_hot_not_broken
900,1464,1,belt_rock,3.0460226663579216E-05,0.738654,3.35316,-1.34447,1,72.2404,317757,outside_own_roche_hot_not_broken
900,1471,1,belt_rock,3.623359964060946E-05,0.957539,5.88943,-1.05774,1,54.6937,410099,outside_own_roche_hot_not_broken
900,1487,1,belt_rock,1.853271166328581E-05,0.988608,4.70019,-1.3771,1,163.381,208855,outside_own_roche_hot_not_broken
900,1528,1,belt_rock,5.0574990857476974E-05,0.654633,2.85752,-1.03501,1,66.5759,382470,outside_own_roche_hot_not_broken
900,1596,1,belt_rock,6.327301182556603E-05,0.422409,1.81851,-1.35737,1,103.4,269505,outside_own_roche_hot_not_broken
900,1597,1,belt_rock,1.0692946945625085E-05,0.62027,3.13676,-0.91089,1,64.4474,416055,outside_own_roche_hot_not_broken
900,1626,1,belt_rock,0.00012194715081585406,0.693781,2.88971,-0.854869,1,81.9499,380021,outside_own_roche_hot_not_broken
900,1654,1,belt_rock,0.00012146668229443167,0.515728,2.14777,-0.894539,1,70.0674,403388,outside_own_roche_hot_not_broken
900,1657,1,belt_rock,1.942033007312838E-06,0.637172,4.19044,-1.01603,1,35.0596,491070,outside_own_roche_hot_not_broken
900,1701,1,belt_rock,6.603382234169165E-05,0.927199,3.74896,-0.992639,1,46.0681,455312,outside_own_roche_hot_not_broken
900,1704,1,belt_rock,9.233320338669969E-07,0.604175,4.62595,-1.01425,1,37.6657,480887,outside_own_roche_hot_not_broken
900,1705,1,belt_rock,7.241293853868404E-05,0.474157,1.90401,-1.02205,1,67.948,381614,outside_own_roche_hot_not_broken
900,1711,1,belt_rock,8.655283460153985E-05,0.978749,4.14051,-0.991866,1,53.1829,431081,outside_own_roche_hot_not_broken
900,1724,1,belt_rock,1.462177369506799E-05,0.502724,2.44937,-1.02181,1,61.3561,399243,outside_own_roche_hot_not_broken
900,1726,1,belt_rock,3.4487569539371296E-05,0.78911,3.37765,-0.880316,1,66.2392,418047,outside_own_roche_hot_not_broken
900,1768,1,belt_rock,7.185553892578624E-07,0.614995,7.63891,-1.0294,1,53.4247,420780,outside_own_roche_hot_not_broken
900,1781,1,belt_rock,7.620337015369286E-05,0.981281,3.92579,-0.862759,1,63.9726,429586,outside_own_roche_hot_not_broken
900,1829,1,belt_rock,6.819856322480782E-05,0.484304,2.0752,-0.899275,1,67.7179,409080,outside_own_roche_hot_not_broken
900,1840,1,belt_rock,3.6783261126248175E-06,0.685909,4.06256,-0.913158,1,70.8541,397008,outside_own_roche_hot_not_broken
900,1881,1,belt_rock,0.00012429180988576835,0.988292,4.11176,-0.873997,1,58.4218,445157,outside_own_roche_hot_not_broken
900,1884,1,belt_rock,7.321975527576645E-05,0.851501,4.84035,-0.873371,1,64.902,423918,outside_own_roche_hot_not_broken
900,1913,1,belt_rock,8.413019268612437E-07,0.684638,5.24466,-1.33018,1,76.0911,313044,outside_own_roche_hot_not_broken
900,1920,1,belt_rock,6.781631266321813E-05,0.72487,2.92491,-0.912716,1,71.8195,394459,outside_own_roche_hot_not_broken
900,1940,1,belt_rock,4.3943956712865806E-05,0.525055,2.31491,-1.35387,1,101.638,272126,outside_own_roche_hot_not_broken
900,1979,1,belt_rock,1.9358361595623597E-06,0.554989,3.65196,-2.87065,1,5.0717,243402,outside_own_roche_hot_not_broken
950,21,1,belt_rock,9.226608910716799E-05,0.968971,1.93506,-0.833602,1,60.996,447449,outside_own_roche_hot_not_broken
950,33,1,belt_rock,7.873348398412519E-07,0.656518,5.09351,-0.973992,1,34.9172,506326,outside_own_roche_hot_not_broken
950,49,1,belt_rock,5.069891646821336E-06,0.65969,3.71033,-0.974573,1,44.3726,467001,outside_own_roche_hot_not_broken
950,66,1,belt_rock,0.00011775981766351847,0.900271,1.76417,-0.956756,1,40.0103,490191,outside_own_roche_hot_not_broken
950,102,1,belt_rock,0.000106429692621863,0.902991,3.78293,-1.26585,1,98.9208,285391,outside_own_roche_hot_not_broken
950,124,1,belt_rock,1.8035420372590957E-05,0.95963,6.50929,-1.3949,1,90.5287,282663,outside_own_roche_hot_not_broken
950,130,1,belt_rock,4.015900961947586E-05,0.988222,4.16794,-0.954413,1,49.0837,455466,outside_own_roche_hot_not_broken
950,142,1,belt_rock,3.2384639213008784E-05,0.473917,2.13926,-1.35862,1,162.784,210452,outside_own_roche_hot_not_broken
950,155,1,belt_rock,1.7668409822199188E-05,0.37465,1.73216,-1.34303,1,82.1361,301364,outside_own_roche_hot_not_broken
950,156,1,belt_rock,7.919609693281555E-06,0.937244,4.93413,-0.948718,1,27.7904,551001,outside_own_roche_hot_not_broken
950,169,1,belt_rock,3.6827740903979625E-05,0.723359,3.22944,-0.854621,1,56.2867,458317,outside_own_roche_hot_not_broken
950,173,1,belt_rock,1.0313755962278207E-06,0.808313,5.95818,-1.00179,1,41.4474,469874,outside_own_roche_hot_not_broken
950,250,1,belt_rock,6.57644026336519E-07,0.835954,6.71562,-1.27074,1,90.2012,297780,outside_own_roche_hot_not_broken
950,258,1,belt_rock,8.093035867515557E-05,0.481961,2.04674,-1.34371,1,72.3801,317618,outside_own_roche_hot_not_broken
950,293,1,belt_rock,6.567384692686147E-07,0.821445,6.60083,-0.846054,1,57.7052,455637,outside_own_roche_hot_not_broken
950,300,1,belt_rock,5.874308153166851E-05,0.464633,2.70261,-1.30245,1,85.2132,301633,outside_own_roche_hot_not_broken
950,323,1,belt_rock,9.582135041635011E-05,0.510913,2.15055,-0.984716,1,56.5426,422200,outside_own_roche_hot_not_broken
950,337,1,belt_rock,0.00011395067462637273,0.505637,2.11154,-0.986072,1,55.895,423889,outside_own_roche_hot_not_broken
950,362,1,belt_rock,1.2463612439116556E-06,0.814077,5.87535,-1.29913,1,59.4294,349732,outside_own_roche_hot_not_broken
950,367,1,belt_rock,3.140882962985506E-06,0.622396,3.7789,-1.28563,1,78.0435,315832,outside_own_roche_hot_not_broken
950,379,1,belt_rock,4.783129952477751E-06,0.829222,7.08819,-1.33222,1,77.6545,310109,outside_own_roche_hot_not_broken
950,393,1,belt_rock,9.773110611002353E-06,0.946595,4.84277,-0.955341,1,37.3313,502223,outside_own_roche_hot_not_broken
950,396,1,belt_rock,8.42302818852397E-07,0.648601,4.96747,-0.856026,1,59.4207,446684,outside_own_roche_hot_not_broken
950,414,1,belt_rock,1.4503356162887746E-06,0.905529,6.26994,-0.842725,1,57.2181,458391,outside_own_roche_hot_not_broken
950,425,1,belt_rock,5.181125882081864E-06,0.980379,5.49188,-0.95463,1,52.6129,442942,outside_own_roche_hot_not_broken
950,479,1,belt_rock,3.392719511201223E-05,0.548013,3.40265,-1.68533,1,162.799,191960,outside_own_roche_hot_not_broken
950,489,1,belt_rock,2.232182176900832E-05,0.510563,2.38001,-0.855196,1,66.4994,423467,outside_own_roche_hot_not_broken
950,571,1,belt_rock,6.899255929334052E-06,0.925142,4.98305,-1.30289,1,64.581,338437,outside_own_roche_hot_not_broken
950,574,1,belt_rock,4.6628283751133235E-06,0.584147,5.01641,-1.35163,1,114.359,256786,outside_own_roche_hot_not_broken
950,585,1,belt_rock,1.4668281194973436E-06,0.515735,3.60674,-0.865426,1,62.0343,435232,outside_own_roche_hot_not_broken
950,592,1,belt_rock,5.728988085325562E-06,0.790084,4.37917,-1.31366,1,84.5884,301201,outside_own_roche_hot_not_broken
950,594,1,belt_rock,7.4934178738710455E-06,0.758257,4.01953,-0.845582,1,58.5876,452588,outside_own_roche_hot_not_broken
950,616,1,belt_rock,4.3524622726962354E-05,0.830476,3.66442,-1.32962,1,104.197,271326,outside_own_roche_hot_not_broken
950,624,1,belt_rock,5.612562519785337E-06,0.6537,3.61659,-0.87017,1,67.6678,416168,outside_own_roche_hot_not_broken
950,637,1,belt_rock,1.4522775510693742E-05,0.504721,2.46049,-0.855989,1,62.7685,435300,outside_own_roche_hot_not_broken
950,662,1,belt_rock,2.960215670939273E-05,0.445502,2.02654,-1.28884,1,68.0599,333781,outside_own_roche_hot_not_broken
950,675,1,belt_rock,2.683401390978431E-06,0.852986,5.31242,-1.3312,1,112.815,260507,outside_own_roche_hot_not_broken
950,685,1,belt_rock,3.934263700985176E-05,0.562349,3.423,-0.979755,1,50.8204,442196,outside_own_roche_hot_not_broken
950,688,1,belt_rock,0.00012025778915883485,0.845586,3.52293,-0.964726,1,55.4136,430888,outside_own_roche_hot_not_broken
950,711,1,belt_rock,6.574452403832531E-07,0.961053,7.87938,-0.953405,1,42.346,481646,outside_own_roche_hot_not_broken
950,713,1,belt_rock,8.947110075500334E-06,0.400211,2.07605,-1.3726,1,121.277,247234,outside_own_roche_hot_not_broken
950,716,1,belt_rock,2.7772258657696042E-05,0.905098,4.1403,-1.30409,1,64.4567,338492,outside_own_roche_hot_not_broken
950,733,1,belt_rock,1.758715134744336E-06,0.524844,1.90564,-0.865497,1,58.2629,448086,outside_own_roche_hot_not_broken
950,736,1,belt_rock,8.449826855926906E-06,0.836965,4.36594,-0.960733,1,36.245,505131,outside_own_roche_hot_not_broken
950,760,1,belt_rock,2.0548258717118188E-05,0.763376,3.45935,-0.968067,1,45.8729,463290,outside_own_roche_hot_not_broken
950,776,1,belt_rock,6.660268888965755E-07,0.808398,6.47822,-0.958843,1,28.9731,540612,outside_own_roche_hot_not_broken
950,789,1,belt_rock,6.569531378108764E-07,0.78234,6.41514,-0.966028,1,43.218,474124,outside_own_roche_hot_not_broken
950,798,1,belt_rock,2.0221278783447786E-06,0.792312,5.17459,-1.00473,1,65.8231,390777,outside_own_roche_hot_not_broken
950,806,1,belt_rock,6.877766768383333E-06,0.698624,3.69995,-0.873032,1,62.6487,431214,outside_own_roche_hot_not_broken
950,808,1,belt_rock,1.650636015602605E-05,0.55546,3.81295,-0.986019,1,53.5685,431349,outside_own_roche_hot_not_broken
950,901,1,belt_rock,4.063228349063333E-06,0.448975,2.61907,-1.3236,1,68.7904,327070,outside_own_roche_hot_not_broken
950,914,1,belt_rock,9.839654793734442E-07,0.543228,4.0397,-0.98826,1,59.0185,413763,outside_own_roche_hot_not_broken
950,916,1,belt_rock,4.612318145272097E-06,0.853569,4.87223,-0.881716,1,69.3458,408428,outside_own_roche_hot_not_broken
950,937,1,belt_rock,6.820288570372173E-06,0.816793,6.50801,-0.845403,1,62.2892,439744,outside_own_roche_hot_not_broken
950,938,1,belt_rock,4.614813348566103E-05,0.685793,2.85628,-0.989082,1,36.8294,492706,outside_own_roche_hot_not_broken
950,976,1,belt_rock,6.644448574966501E-07,0.976195,7.82652,-1.65915,1,233.614,155951,outside_own_roche_hot_not_broken
950,1002,1,belt_rock,3.458534219604765E-05,0.931882,5.76858,-1.25098,1,63.6009,349049,outside_own_roche_hot_not_broken
950,1006,1,belt_rock,2.723900722712057E-05,0.700172,3.20824,-1.26188,1,65.0259,344219,outside_own_roche_hot_not_broken
950,1009,1,belt_rock,2.1188508753212374E-05,0.639301,2.99494,-0.870728,1,67.6862,415977,outside_own_roche_hot_not_broken
950,1027,1,belt_rock,1.203467211679938E-06,0.804161,5.76029,-0.84128,1,56.7115,460691,outside_own_roche_hot_not_broken
950,1063,1,belt_rock,7.008552213936559E-07,0.815302,6.46911,-1.28573,1,58.9742,353032,outside_own_roche_hot_not_broken
950,1066,1,belt_rock,3.0101260918964537E-05,0.687862,4.33638,-1.26297,1,68.2612,337463,outside_own_roche_hot_not_broken
950,1069,1,belt_rock,4.176475362727333E-06,0.93103,5.40863,-1.0042,1,36.0783,490766,outside_own_roche_hot_not_broken
950,1092,1,belt_rock,6.56770333777072E-07,0.472891,3.8779,-1.35861,1,119.755,250092,outside_own_roche_hot_not_broken
950,1095,1,belt_rock,6.567100297507928E-07,0.924275,7.4272,-0.837606,1,59.4096,451930,outside_own_roche_hot_not_broken
950,1114,1,belt_rock,2.0220155206019416E-05,0.530962,3.54088,-1.31671,1,62.0175,341385,outside_own_roche_hot_not_broken
950,1123,1,belt_rock,6.879641599031865E-07,0.93786,7.46844,-0.84123,1,58.6514,453610,outside_own_roche_hot_not_broken
950,1141,1,belt_rock,6.569620341173448E-07,0.81009,6.50916,-0.881122,1,65.4649,420229,outside_own_roche_hot_not_broken
950,1160,1,belt_rock,1.8870760853445593E-06,0.570527,3.77083,-0.987338,1,59.3261,413064,outside_own_roche_hot_not_broken
950,1162,1,belt_rock,8.64979179947056E-05,0.907209,3.83939,-1.29892,1,61.2571,345898,outside_own_roche_hot_not_broken
950,1197,1,belt_rock,8.535780065514528E-07,0.946273,11.3401,-1.3418,1,75.2453,312900,outside_own_roche_hot_not_broken
950,1209,1,belt_rock,3.778331761941263E-05,0.822185,3.66371,-0.966567,1,54.5241,433313,outside_own_roche_hot_not_broken
950,1238,1,belt_rock,1.138200077509474E-06,0.779887,5.72936,-1.3304,1,91.3149,288915,outside_own_roche_hot_not_broken
950,1251,1,belt_rock,9.534043876086905E-07,0.550607,6.44928,-0.853362,1,60.7683,442757,outside_own_roche_hot_not_broken
950,1254,1,belt_rock,4.271535590295029E-05,0.543705,2.40102,-0.987321,1,58.3075,416132,outside_own_roche_hot_not_broken
950,1289,1,belt_rock,9.088343094409988E-05,0.581165,3.23796,-1.31294,1,85.0436,300571,outside_own_roche_hot_not_broken
950,1291,1,belt_rock,1.4518036766759182E-05,0.655196,3.1936,-0.852007,1,64.1338,431856,outside_own_roche_hot_not_broken
950,1294,1,belt_rock,7.912144320608955E-05,0.566219,2.40654,-0.986108,1,47.2689,452863,outside_own_roche_hot_not_broken
950,1297,1,belt_rock,8.199182351865695E-07,0.950736,11.4891,-0.782455,1,62.4063,457047,outside_own_roche_hot_not_broken
950,1302,1,belt_rock,4.7713619758031443E-05,0.5509,3.27764,-0.982381,1,55.2923,426733,outside_own_roche_hot_not_broken
950,1372,1,belt_rock,6.831828976310988E-06,0.541393,2.92122,-1.35331,1,79.8075,303778,outside_own_roche_hot_not_broken
950,1389,1,belt_rock,0.00011619089133474088,0.338307,1.4118,-1.29684,1,96.4062,285442,outside_own_roche_hot_not_broken
950,1391,1,belt_rock,6.820244124305144E-05,0.588201,2.52047,-0.990405,1,56.6907,420327,outside_own_roche_hot_not_broken
950,1464,1,belt_rock,3.0460226663579216E-05,0.618905,2.80955,-1.33237,1,73.2072,317759,outside_own_roche_hot_not_broken
950,1487,1,belt_rock,1.853271166328581E-05,0.401476,1.90876,-1.34866,1,165.65,208860,outside_own_roche_hot_not_broken
950,1518,1,belt_rock,5.578760822173084E-05,0.490914,2.12912,-0.983574,1,59.2596,414164,outside_own_roche_hot_not_broken
950,1654,1,belt_rock,0.00012146668229443167,0.965644,4.02146,-0.885121,1,70.8184,403396,outside_own_roche_hot_not_broken
950,1655,1,belt_rock,1.7631660868541665E-05,0.757369,3.61516,-0.966739,1,46.1319,462717,outside_own_roche_hot_not_broken
950,1701,1,belt_rock,6.603382234169165E-05,0.589412,2.38318,-0.98675,1,46.5422,455301,outside_own_roche_hot_not_broken
950,1711,1,belt_rock,8.655283460153985E-05,0.533844,2.25838,-0.986284,1,53.6348,431064,outside_own_roche_hot_not_broken
950,1724,1,belt_rock,1.462177369506799E-05,0.965577,4.70449,-1.01379,1,62.0083,399214,outside_own_roche_hot_not_broken
950,1726,1,belt_rock,3.4487569539371296E-05,0.675588,2.89174,-0.870612,1,67.0122,418057,outside_own_roche_hot_not_broken
950,1738,1,belt_rock,1.7058540383070304E-05,0.703217,3.36759,-0.851624,1,63.0375,435566,outside_own_roche_hot_not_broken
950,1781,1,belt_rock,7.620337015369286E-05,0.532129,2.12888,-0.855036,1,64.5848,429605,outside_own_roche_hot_not_broken
950,1795,1,belt_rock,7.355470087618728E-07,0.590017,4.63796,-1.31853,1,62.0711,340979,outside_own_roche_hot_not_broken
950,1826,1,belt_rock,6.601416286482346E-07,0.384438,3.08609,-1.34015,1,72.4223,318047,outside_own_roche_hot_not_broken
950,1851,1,belt_rock,6.653736720759908E-07,0.534775,4.28633,-1.34424,1,79.6521,305207,outside_own_roche_hot_not_broken
950,1857,1,belt_rock,2.2038280406786937E-05,0.709665,3.31287,-0.97021,1,34.9504,507538,outside_own_roche_hot_not_broken
950,1881,1,belt_rock,0.00012429180988576835,0.545495,2.26951,-0.867622,1,58.922,445191,outside_own_roche_hot_not_broken
950,1884,1,belt_rock,7.321975527576645E-05,0.622581,3.53906,-0.863849,1,65.6597,423931,outside_own_roche_hot_not_broken
950,1913,1,belt_rock,8.413019268612437E-07,0.67959,5.20599,-1.31815,1,77.0465,313055,outside_own_roche_hot_not_broken
950,1914,1,belt_rock,0.0001241899273288049,0.990886,4.12271,-0.952394,1,48.1135,459612,outside_own_roche_hot_not_broken
950,1938,1,belt_rock,6.905178728564901E-06,0.571602,3.06612,-0.855156,1,59.7821,445667,outside_own_roche_hot_not_broken
950,1940,1,belt_rock,4.3943956712865806E-05,0.84937,3.74478,-1.33813,1,102.889,272137,outside_own_roche_hot_not_broken
950,1954,1,belt_rock,1.3047832455605517E-06,0.490616,3.46271,-0.856039,1,66.6778,422697,outside_own_roche_hot_not_broken
950,1979,1,belt_rock,1.9358361595623597E-06,0.417063,2.74438,-2.86902,1,5.20475,243399,outside_own_roche_hot_not_broken
950,1992,1,belt_rock,1.160809559929263E-05,0.728711,3.64632,-0.851079,1,60.6771,443698,outside_own_roche_hot_not_broken
1000,0,2,moon,0.0001921875,0.875347,3.93688,-1.57372,1,102.206,250466,outside_own_roche_hot_not_broken
1000,1,2,moon,0.0001921875,0.869583,3.91095,-1.5743,1,102.18,250443,outside_own_roche_hot_not_broken
1000,9,2,moon,0.0001921875,0.869583,3.91095,-1.5743,1,102.18,250443,outside_own_roche_hot_not_broken
1000,21,1,belt_rock,9.226608910716799E-05,0.558685,1.11571,-0.826235,1,61.5823,447460,outside_own_roche_hot_not_broken
1000,33,1,belt_rock,7.873348398412519E-07,0.945338,7.33427,-0.969854,1,35.2423,506353,outside_own_roche_hot_not_broken
1000,49,1,belt_rock,5.069891646821336E-06,0.843316,4.74311,-0.967591,1,44.9269,467017,outside_own_roche_hot_not_broken
1000,66,1,belt_rock,0.00011775981766351847,0.651659,1.27699,-0.951455,1,40.437,490180,outside_own_roche_hot_not_broken
1000,70,2,moon,0.0001921875,0.875347,3.93688,-1.57372,1,102.206,250466,outside_own_roche_hot_not_broken
1000,73,1,belt_rock,8.194482352592859E-07,0.725567,5.68962,-0.934888,1,30.0999,544681,outside_own_roche_hot_not_broken
1000,96,1,belt_rock,7.275807928936603E-05,0.793217,3.38758,-1.28294,1,90.2784,296155,outside_own_roche_hot_not_broken
1000,102,1,belt_rock,0.000106429692621863,0.474098,1.98615,-1.24863,1,100.299,285391,outside_own_roche_hot_not_broken
1000,126,2,moon,0.0001921875,0.875347,3.93688,-1.57372,1,102.206,250466,outside_own_roche_hot_not_broken
1000,130,1,belt_rock,4.015900961947586E-05,0.561397,2.36776,-0.949847,1,49.4538,455448,outside_own_roche_hot_not_broken
1000,138,2,moon,0.0001921875,0.869583,3.91095,-1.5743,1,102.18,250443,outside_own_roche_hot_not_broken
1000,156,1,belt_rock,7.919609693281555E-06,0.735789,3.87357,-0.94552,1,28.048,550992,outside_own_roche_hot_not_broken
1000,162,2,moon,0.0001921875,0.869583,3.91095,-1.5743,1,102.18,250443,outside_own_roche_hot_not_broken
1000,169,1,belt_rock,3.6827740903979625E-05,0.771659,3.44507,-0.846382,1,56.9459,458317,outside_own_roche_hot_not_broken
1000,178,2,moon,0.0001921875,0.875347,3.93688,-1.57372,1,102.206,250466,outside_own_roche_hot_not_broken
1000,189,1,belt_rock,3.4084114162771265E-05,0.532422,2.39152,-0.821043,1,59.0745,457944,outside_own_roche_hot_not_broken
1000,198,1,belt_rock,8.279507288967805E-05,0.524456,2.22473,-0.772126,1,63.1573,457323,outside_own_roche_hot_not_broken
1000,202,1,belt_rock,3.297801870852921E-05,0.512848,2.31159,-1.30246,1,78.8928,312045,outside_own_roche_hot_not_broken
1000,207,2,moon,0.0001921875,0.869583,3.91095,-1.5743,1,102.18,250443,outside_own_roche_hot_not_broken
1000,209,1,belt_rock,9.202889886496645E-07,0.733163,5.52139,-0.817192,1,53.3919,481043,outside_own_roche_hot_not_broken
1000,216,2,moon,0.0001921875,0.875347,3.93688,-1.57372,1,102.206,250466,outside_own_roche_hot_not_broken
1000,229,2,moon,0.0001921875,0.869583,3.91095,-1.5743,1,102.18,250443,outside_own_roche_hot_not_broken
1000,248,2,moon,0.0001921875,0.875347,3.93688,-1.57372,1,102.206,250466,outside_own_roche_hot_not_broken
1000,250,1,belt_rock,6.57644026336519E-07,0.542181,4.35559,-1.25634,1,91.3505,297783,outside_own_roche_hot_not_broken
1000,254,2,moon,0.0001921875,0.875347,3.93688,-1.57372,1,102.206,250466,outside_own_roche_hot_not_broken
1000,258,1,belt_rock,8.093035867515557E-05,0.872396,3.70479,-1.32977,1,73.4953,317618,outside_own_roche_hot_not_broken
1000,287,1,belt_rock,6.281990022588881E-05,0.547089,3.15825,-0.831972,1,55.7173,467243,outside_own_roche_hot_not_broken
1000,293,1,belt_rock,6.567384692686147E-07,0.675903,5.4313,-0.837663,1,58.3744,455645,outside_own_roche_hot_not_broken
1000,294,2,moon,0.0001921875,0.869583,3.91095,-1.5743,1,102.18,250443,outside_own_roche_hot_not_broken
1000,335,1,belt_rock,1.0575885605781047E-05,0.690155,5.09925,-1.29638,1,122.825,252200,outside_own_roche_hot_not_broken
1000,353,1,belt_rock,0.00011972290424567593,0.434866,2.36657,-1.29022,1,60.1491,349717,outside_own_roche_hot_not_broken
1000,362,1,belt_rock,1.2463612439116556E-06,0.550512,3.97315,-1.28801,1,60.3189,349731,outside_own_roche_hot_not_broken
1000,367,1,belt_rock,3.140882962985506E-06,0.750225,4.55501,-1.27332,1,79.024,315839,outside_own_roche_hot_not_broken
1000,393,1,belt_rock,9.773110611002353E-06,0.646659,3.3083,-0.951256,1,37.6618,502206,outside_own_roche_hot_not_broken
1000,396,1,belt_rock,8.42302818852397E-07,0.84314,6.45739,-0.847491,1,60.1048,446679,outside_own_roche_hot_not_broken
1000,398,2,moon,0.0001921875,0.869583,3.91095,-1.5743,1,102.18,250443,outside_own_roche_hot_not_broken
1000,412,2,moon,0.0001921875,0.869583,3.91095,-1.5743,1,102.18,250443,outside_own_roche_hot_not_broken
1000,414,1,belt_rock,1.4503356162887746E-06,0.610587,4.22774,-0.834941,1,57.8367,458407,outside_own_roche_hot_not_broken
1000,425,1,belt_rock,5.181125882081864E-06,0.547468,3.0668,-0.949219,1,53.0501,442927,outside_own_roche_hot_not_broken
1000,448,2,moon,0.0001921875,0.875347,3.93688,-1.57372,1,102.206,250466,outside_own_roche_hot_not_broken
1000,460,1,belt_rock,6.572945783292398E-07,0.701114,5.63296,-0.942193,1,29.211,546267,outside_own_roche_hot_not_broken
1000,468,1,belt_rock,7.07434180973347E-06,0.8093,6.41932,-1.22262,1,91.7338,301420,outside_own_roche_hot_not_broken
1000,471,1,belt_rock,3.1005096197406065E-05,0.893298,4.04393,-0.922196,1,29.9668,550711,outside_own_roche_hot_not_broken
1000,474,2,moon,0.0001921875,0.875347,3.93688,-1.57372,1,102.206,250466,outside_own_roche_hot_not_broken
1000,479,1,belt_rock,3.392719511201223E-05,0.847031,5.25927,-1.66896,1,164.114,191956,outside_own_roche_hot_not_broken
1000,544,2,moon,0.0001921875,0.875347,3.93688,-1.57372,1,102.206,250466,outside_own_roche_hot_not_broken
1000,566,1,belt_rock,6.428092628046496E-05,0.536558,2.30694,-0.822649,1,58.7044,458832,outside_own_roche_hot_not_broken
1000,571,1,belt_rock,6.899255929334052E-06,0.449279,2.41993,-1.29204,1,65.4488,338437,outside_own_roche_hot_not_broken
1000,574,1,belt_rock,4.6628283751133235E-06,0.811861,6.97192,-1.33714,1,115.521,256783,outside_own_roche_hot_not_broken
1000,579,2,moon,0.0001921875,0.869583,3.91095,-1.5743,1,102.18,250443,outside_own_roche_hot_not_broken
1000,594,1,belt_rock,7.4934178738710455E-06,0.732718,3.88415,-0.837,1,59.2737,452590,outside_own_roche_hot_not_broken
1000,596,2,moon,0.0001921875,0.869583,3.91095,-1.5743,1,102.18,250443,outside_own_roche_hot_not_broken
1000,605,2,moon,0.0001921875,0.875347,3.93688,-1.57372,1,102.206,250466,outside_own_roche_hot_not_broken
1000,611,1,belt_rock,7.748337336914898E-07,0.60638,7.41442,-0.829757,1,53.8901,475030,outside_own_roche_hot_not_broken
1000,616,1,belt_rock,4.3524622726962354E-05,0.552237,2.43671,-1.31467,1,105.389,271330,outside_own_roche_hot_not_broken
1000,620,1,belt_rock,1.688403118547852E-05,0.23187,1.11446,-1.59981,1,164.774,195151,outside_own_roche_hot_not_broken
1000,643,1,belt_rock,6.909100001198158E-07,0.571573,4.54782,-0.774222,1,54.6965,489840,outside_own_roche_hot_not_broken
1000,654,1,belt_rock,6.757675773939491E-07,0.808649,6.46194,-1.20098,1,66.4333,351558,outside_own_roche_hot_not_broken
1000,658,2,moon,0.0001921875,0.869583,3.91095,-1.5743,1,102.18,250443,outside_own_roche_hot_not_broken
1000,662,1,belt_rock,2.960215670939273E-05,0.929878,4.22992,-1.27706,1,68.9978,333789,outside_own_roche_hot_not_broken
1000,675,1,belt_rock,2.683401390978431E-06,0.535448,3.33478,-1.31531,1,114.082,260512,outside_own_roche_hot_not_broken
1000,685,1,belt_rock,3.934263700985176E-05,0.94686,5.76351,-0.973269,1,51.3359,442208,outside_own_roche_hot_not_broken
1000,688,1,belt_rock,0.00012025778915883485,0.621357,2.58873,-0.956195,1,56.0978,430882,outside_own_roche_hot_not_broken
1000,711,1,belt_rock,6.574452403832531E-07,0.608851,4.99178,-0.949008,1,42.7022,481628,outside_own_roche_hot_not_broken
1000,713,1,belt_rock,8.947110075500334E-06,0.964142,5.00137,-1.34835,1,123.232,247218,outside_own_roche_hot_not_broken
1000,716,1,belt_rock,2.7772258657696042E-05,0.464379,2.12426,-1.29262,1,65.3749,338492,outside_own_roche_hot_not_broken
1000,720,1,belt_rock,6.586090713966271E-07,0.551259,4.51797,-1.24311,1,96.3063,291855,outside_own_roche_hot_not_broken
1000,721,2,moon,0.0001921875,0.875347,3.93688,-1.57372,1,102.206,250466,outside_own_roche_hot_not_broken
1000,731,1,belt_rock,4.793449187823939E-05,0.979284,4.29111,-1.21088,1,88.4974,308209,outside_own_roche_hot_not_broken
1000,736,1,belt_rock,8.449826855926906E-06,0.717986,3.7453,-0.955245,1,36.6836,505133,outside_own_roche_hot_not_broken
1000,740,1,belt_rock,1.2783489267728684E-05,0.919039,6.56652,-0.811564,1,52.6398,485963,outside_own_roche_hot_not_broken
1000,760,1,belt_rock,2.0548258717118188E-05,0.725209,3.28639,-0.960623,1,46.4672,463295,outside_own_roche_hot_not_broken
1000,762,1,belt_rock,6.650428469851786E-07,0.56202,7.09481,-0.825883,1,56.7217,465274,outside_own_roche_hot_not_broken
1000,773,1,belt_rock,4.555810874266834E-05,0.892448,5.33776,-0.92711,1,43.2976,486370,outside_own_roche_hot_not_broken
1000,776,1,belt_rock,6.660268888965755E-07,0.808797,6.48143,-0.954409,1,29.3237,540633,outside_own_roche_hot_not_broken
1000,788,2,moon,0.0001921875,0.869583,3.91095,-1.5743,1,102.18,250443,outside_own_roche_hot_not_broken
1000,789,1,belt_rock,6.569531378108764E-07,0.720485,5.90794,-0.959074,1,43.7732,474129,outside_own_roche_hot_not_broken
1000,797,1,belt_rock,3.0209628681646513E-06,0.623887,3.8116,-0.825647,1,57.4378,462647,outside_own_roche_hot_not_broken
1000,817,1,belt_rock,7.109037514987156E-07,0.732016,5.79226,-0.93816,1,49.512,458654,outside_own_roche_hot_not_broken
1000,852,2,moon,0.0001921875,0.875347,3.93688,-1.57372,1,102.206,250466,outside_own_roche_hot_not_broken
1000,884,2,moon,0.0001921875,0.875347,3.93688,-1.57372,1,102.206,250466,outside_own_roche_hot_not_broken
1000,890,2,moon,0.0001921875,0.869583,3.91095,-1.5743,1,102.18,250443,outside_own_roche_hot_not_broken
1000,924,2,moon,0.0001921875,0.869583,3.91095,-1.5743,1,102.18,250443,outside_own_roche_hot_not_broken
1000,929,1,belt_rock,3.066509173486116E-05,0.758433,3.43621,-0.933085,1,43.0585,485383,outside_own_roche_hot_not_broken
1000,933,2,moon,0.0001921875,0.869583,3.91095,-1.5743,1,102.18,250443,outside_own_roche_hot_not_broken
1000,937,1,belt_rock,6.820288570372173E-06,0.667916,5.32179,-0.836354,1,63.0111,439751,outside_own_roche_hot_not_broken
1000,976,1,belt_rock,6.644448574966501E-07,0.425795,3.41375,-1.63083,1,235.852,155963,outside_own_roche_hot_not_broken
1000,979,2,moon,0.0001921875,0.869583,3.91095,-1.5743,1,102.18,250443,outside_own_roche_hot_not_broken
1000,1002,1,belt_rock,3.458534219604765E-05,0.458639,2.83909,-1.24066,1,64.4228,349056,outside_own_roche_hot_not_broken
1000,1006,1,belt_rock,2.723900722712057E-05,0.671131,3.07517,-1.25075,1,65.9139,344224,outside_own_roche_hot_not_broken
1000,1013,2,moon,0.0001921875,0.875347,3.93688,-1.57372,1,102.206,250466,outside_own_roche_hot_not_broken
1000,1027,1,belt_rock,1.203467211679938E-06,0.696345,4.98799,-0.832996,1,57.3728,460696,outside_own_roche_hot_not_broken
1000,1043,1,belt_rock,1.3699433489732374E-06,0.580845,4.06341,-0.827028,1,55.5833,469275,outside_own_roche_hot_not_broken
1000,1054,1,belt_rock,1.0361094316156866E-06,0.899724,6.6263,-0.923866,1,29.7511,551147,outside_own_roche_hot_not_broken
1000,1063,1,belt_rock,7.008552213936559E-07,0.552864,4.38676,-1.27476,1,59.8515,353032,outside_own_roche_hot_not_broken
1000,1066,1,belt_rock,3.0101260918964537E-05,0.684118,4.31278,-1.2516,1,69.1688,337467,outside_own_roche_hot_not_broken
1000,1080,2,moon,0.0001921875,0.869583,3.91095,-1.5743,1,102.18,250443,outside_own_roche_hot_not_broken
1000,1086,1,belt_rock,7.701292930739975E-05,0.963754,4.10422,-1.58095,1,134.498,218919,outside_own_roche_hot_not_broken
1000,1090,2,moon,0.0001921875,0.869583,3.91095,-1.5743,1,102.18,250443,outside_own_roche_hot_not_broken
1000,1091,1,belt_rock,6.484161499446903E-05,0.34963,1.50375,-1.2203,1,107.18,278960,outside_own_roche_hot_not_broken
1000,1095,1,belt_rock,6.567100297507928E-07,0.591336,4.7518,-0.829684,1,60.0399,451942,outside_own_roche_hot_not_broken
1000,1114,1,belt_rock,2.0220155206019416E-05,0.82994,5.53471,-1.30487,1,62.9602,341393,outside_own_roche_hot_not_broken
1000,1123,1,belt_rock,6.879641599031865E-07,0.583767,4.6487,-0.833652,1,59.2529,453627,outside_own_roche_hot_not_broken
1000,1125,2,moon,0.0001921875,0.875347,3.93688,-1.57372,1,102.206,250466,outside_own_roche_hot_not_broken
1000,1136,1,belt_rock,9.970065298378194E-05,0.876541,3.68244,-0.926976,1,49.7103,461233,outside_own_roche_hot_not_broken
1000,1162,1,belt_rock,8.64979179947056E-05,0.468082,1.98096,-1.28836,1,62.1017,345897,outside_own_roche_hot_not_broken
1000,1164,1,belt_rock,6.730494887113006E-07,0.627837,5.021,-0.942262,1,40.7686,491884,outside_own_roche_hot_not_broken
1000,1172,2,moon,0.0001921875,0.875347,3.93688,-1.57372,1,102.206,250466,outside_own_roche_hot_not_broken
1000,1209,1,belt_rock,3.778331761941263E-05,0.643082,2.86561,-0.958033,1,55.2079,433310,outside_own_roche_hot_not_broken
1000,1228,2,moon,0.0001921875,0.875347,3.93688,-1.57372,1,102.206,250466,outside_own_roche_hot_not_broken
1000,1238,1,belt_rock,1.138200077509474E-06,0.594699,4.36889,-1.31701,1,92.3847,288917,outside_own_roche_hot_not_broken
1000,1241,1,belt_rock,7.223261531182404E-05,0.32791,1.40097,-1.32684,1,111.593,262386,outside_own_roche_hot_not_broken
1000,1251,1,belt_rock,9.534043876086905E-07,0.97348,11.4024,-0.846299,1,61.3373,442743,outside_own_roche_hot_not_broken
1000,1261,1,belt_rock,1.1442014232735235E-05,0.828073,6.02555,-0.816058,1,55.181,474261,outside_own_roche_hot_not_broken
1000,1272,1,belt_rock,2.449288943529442E-06,0.34763,2.19796,-1.32174,1,99.6116,278217,outside_own_roche_hot_not_broken
1000,1276,2,moon,0.0001921875,0.869583,3.91095,-1.5743,1,102.18,250443,outside_own_roche_hot_not_broken
1000,1279,1,belt_rock,0.00012844344676875118,0.846828,4.58104,-0.815444,1,56.8592,467933,outside_own_roche_hot_not_broken
1000,1291,1,belt_rock,1.4518036766759182E-05,0.824239,4.01756,-0.842748,1,64.8755,431853,outside_own_roche_hot_not_broken
1000,1295,2,moon,0.0001921875,0.875347,3.93688,-1.57372,1,102.206,250466,outside_own_roche_hot_not_broken
1000,1297,1,belt_rock,8.199182351865695E-07,0.581786,7.03055,-0.774654,1,63.0267,457061,outside_own_roche_hot_not_broken
1000,1302,1,belt_rock,4.7713619758031443E-05,0.935215,5.56416,-0.974738,1,55.901,426741,outside_own_roche_hot_not_broken
1000,1310,1,belt_rock,8.68870417300339E-06,0.880013,4.50002,-1.27186,1,73.0247,326892,outside_own_roche_hot_not_broken
1000,1314,1,belt_rock,8.355724078100428E-07,0.832562,6.50315,-0.815294,1,52.7822,484147,outside_own_roche_hot_not_broken
1000,1326,1,belt_rock,9.893245669451218E-05,0.935215,3.93028,-0.80619,1,56.7868,471068,outside_own_roche_hot_not_broken
1000,1350,2,moon,0.0001921875,0.869583,3.91095,-1.5743,1,102.18,250443,outside_own_roche_hot_not_broken
1000,1384,1,belt_rock,5.796812517497883E-06,0.668086,3.67854,-0.941548,1,40.8649,491718,outside_own_roche_hot_not_broken
1000,1390,2,moon,0.0001921875,0.875347,3.93688,-1.57372,1,102.206,250466,outside_own_roche_hot_not_broken
1000,1393,2,moon,0.0001921875,0.869583,3.91095,-1.5743,1,102.18,250443,outside_own_roche_hot_not_broken
1000,1394,2,moon,0.0001921875,0.875347,3.93688,-1.57372,1,102.206,250466,outside_own_roche_hot_not_broken
1000,1402,1,belt_rock,0.00013086889619444062,0.987406,4.10055,-1.18678,1,68.3164,349948,outside_own_roche_hot_not_broken
1000,1403,2,moon,0.0001921875,0.869583,3.91095,-1.5743,1,102.18,250443,outside_own_roche_hot_not_broken
1000,1442,1,belt_rock,2.0529670032673337E-06,0.719009,4.68367,-0.937459,1,27.7455,556072,outside_own_roche_hot_not_broken
1000,1469,2,moon,0.0001921875,0.875347,3.93688,-1.57372,1,102.206,250466,outside_own_roche_hot_not_broken
1000,1473,1,belt_rock,8.320568573576248E-07,0.93338,11.245,-0.924982,1,40.9033,497225,outside_own_roche_hot_not_broken
1000,1476,2,moon,0.0001921875,0.875347,3.93688,-1.57372,1,102.206,250466,outside_own_roche_hot_not_broken
1000,1480,1,belt_rock,6.414234586537477E-06,0.566218,3.08422,-1.27258,1,53.8354,367074,outside_own_roche_hot_not_broken
1000,1490,2,moon,0.0001921875,0.875347,3.93688,-1.57372,1,102.206,250466,outside_own_roche_hot_not_broken
1000,1530,1,belt_rock,1.0375013121573242E-06,0.92998,10.7051,-1.21427,1,106.719,280251,outside_own_roche_hot_not_broken
1000,1537,1,belt_rock,2.720107824390686E-06,0.507875,3.15603,-1.3055,1,89.1844,295067,outside_own_roche_hot_not_broken
1000,1543,2,moon,0.0001921875,0.869583,3.91095,-1.5743,1,102.18,250443,outside_own_roche_hot_not_broken
1000,1601,1,belt_rock,7.241245935005754E-05,0.511092,2.18325,-1.24444,1,72.0071,333011,outside_own_roche_hot_not_broken
1000,1603,2,moon,0.0001921875,0.875347,3.93688,-1.57372,1,102.206,250466,outside_own_roche_hot_not_broken
1000,1616,2,moon,0.0001921875,0.875347,3.93688,-1.57372,1,102.206,250466,outside_own_roche_hot_not_broken
1000,1655,1,belt_rock,1.7631660868541665E-05,0.730457,3.4867,-0.959252,1,46.7295,462722,outside_own_roche_hot_not_broken
1000,1680,2,moon,0.0001921875,0.875347,3.93688,-1.57372,1,102.206,250466,outside_own_roche_hot_not_broken
1000,1682,2,moon,0.0001921875,0.875347,3.93688,-1.57372,1,102.206,250466,outside_own_roche_hot_not_broken
1000,1738,1,belt_rock,1.7058540383070304E-05,0.775397,3.71325,-0.842477,1,63.7693,435566,outside_own_roche_hot_not_broken
1000,1750,1,belt_rock,6.840717131936392E-07,0.612058,4.87937,-0.821229,1,58.1686,461238,outside_own_roche_hot_not_broken
1000,1761,2,moon,0.0001921875,0.869583,3.91095,-1.5743,1,102.18,250443,outside_own_roche_hot_not_broken
1000,1771,1,belt_rock,5.6329498505651184E-06,0.614968,3.36859,-0.945862,1,43.5076,479391,outside_own_roche_hot_not_broken
1000,1776,2,moon,0.0001921875,0.875347,3.93688,-1.57372,1,102.206,250466,outside_own_roche_hot_not_broken
1000,1795,1,belt_rock,7.355470087618728E-07,0.7691,6.04569,-1.30706,1,62.9853,340985,outside_own_roche_hot_not_broken
1000,1799,1,belt_rock,1.967124075014925E-06,0.543648,3.59646,-0.825217,1,57.4814,462613,outside_own_roche_hot_not_broken
1000,1834,1,belt_rock,1.150021549841283E-06,0.702735,5.07611,-0.937714,1,49.4095,459163,outside_own_roche_hot_not_broken
1000,1841,2,moon,0.0001921875,0.869583,3.91095,-1.5743,1,102.18,250443,outside_own_roche_hot_not_broken
1000,1846,2,moon,0.0001921875,0.875347,3.93688,-1.57372,1,102.206,250466,outside_own_roche_hot_not_broken
1000,1851,1,belt_rock,6.653736720759908E-07,0.824174,6.60591,-1.33032,1,80.7661,305206,outside_own_roche_hot_not_broken
1000,1857,1,belt_rock,2.2038280406786937E-05,0.853938,3.98637,-0.964863,1,35.3727,507563,outside_own_roche_hot_not_broken
1000,1864,2,moon,0.0001921875,0.875347,3.93688,-1.57372,1,102.206,250466,outside_own_roche_hot_not_broken
1000,1882,2,moon,0.0001921875,0.869583,3.91095,-1.5743,1,102.18,250443,outside_own_roche_hot_not_broken
1000,1885,2,moon,0.0001921875,0.869583,3.91095,-1.5743,1,102.18,250443,outside_own_roche_hot_not_broken
1000,1889,2,moon,0.0001921875,0.869583,3.91095,-1.5743,1,102.18,250443,outside_own_roche_hot_not_broken
1000,1901,2,moon,0.0001921875,0.869583,3.91095,-1.5743,1,102.18,250443,outside_own_roche_hot_not_broken
1000,1914,1,belt_rock,0.0001241899273288049,0.566218,2.35582,-0.948057,1,48.4652,459595,outside_own_roche_hot_not_broken
1000,1938,1,belt_rock,6.905178728564901E-06,0.943272,5.05978,-0.847588,1,60.3908,445656,outside_own_roche_hot_not_broken
1000,1963,1,belt_rock,8.80904266755749E-05,0.884307,4.93925,-0.928856,1,45.2129,478007,outside_own_roche_hot_not_broken
1000,1965,2,moon,0.0001921875,0.869583,3.91095,-1.5743,1,102.18,250443,outside_own_roche_hot_not_broken
1000,1977,1,belt_rock,9.765683184915472E-05,0.540033,2.9899,-1.22443,1,66.5789,347237,outside_own_roche_hot_not_broken
1000,1979,1,belt_rock,1.9358361595623597E-06,0.559733,3.68318,-2.86974,1,5.15167,243394,outside_own_roche_hot_not_broken
1000,1987,2,moon,0.0001921875,0.869583,3.91095,-1.5743,1,102.18,250443,outside_own_roche_hot_not_broken
1000,1991,2,moon,0.0001921875,0.875347,3.93688,-1.57372,1,102.206,250466,outside_own_roche_hot_not_broken
1000,1992,1,belt_rock,1.160809559929263E-05,0.754815,3.77694,-0.842226,1,61.3851,443699,outside_own_roche_hot_not_broken
1050,0,2,moon,0.0001921875,0.448928,2.01905,-1.55443,1,103.757,250457,outside_own_roche_hot_not_broken
1050,1,2,moon,0.0001921875,0.456338,2.05238,-1.55542,1,103.699,250434,outside_own_roche_hot_not_broken
1050,9,2,moon,0.0001921875,0.456338,2.05238,-1.55542,1,103.699,250434,outside_own_roche_hot_not_broken
1050,70,2,moon,0.0001921875,0.448928,2.01905,-1.55443,1,103.757,250457,outside_own_roche_hot_not_broken
1050,73,1,belt_rock,8.194482352592859E-07,0.926919,7.26854,-0.931114,1,30.395,544716,outside_own_roche_hot_not_broken
1050,96,1,belt_rock,7.275807928936603E-05,0.58711,2.50737,-1.2695,1,91.3495,296160,outside_own_roche_hot_not_broken
1050,126,2,moon,0.0001921875,0.448928,2.01905,-1.55443,1,103.757,250457,outside_own_roche_hot_not_broken
1050,138,2,moon,0.0001921875,0.456338,2.05238,-1.55542,1,103.699,250434,outside_own_roche_hot_not_broken
1050,162,2,moon,0.0001921875,0.456338,2.05238,-1.55542,1,103.699,250434,outside_own_roche_hot_not_broken
1050,178,2,moon,0.0001921875,0.448928,2.01905,-1.55443,1,103.757,250457,outside_own_roche_hot_not_broken
1050,202,1,belt_rock,3.297801870852921E-05,0.85216,3.841,-1.28829,1,80.0227,312050,outside_own_roche_hot_not_broken
1050,207,2,moon,0.0001921875,0.456338,2.05238,-1.55542,1,103.699,250434,outside_own_roche_hot_not_broken
1050,209,1,belt_rock,9.202889886496645E-07,0.787807,5.93291,-0.809513,1,54.0063,481042,outside_own_roche_hot_not_broken
1050,216,2,moon,0.0001921875,0.448928,2.01905,-1.55443,1,103.757,250457,outside_own_roche_hot_not_broken
1050,220,1,belt_rock,7.733821001916975E-05,0.924221,5.22576,-0.890482,1,26.77,582930,outside_own_roche_hot_not_broken
1050,225,1,belt_rock,1.813043676237973E-05,0.890521,4.24194,-1.24008,1,110.538,272390,outside_own_roche_hot_not_broken
1050,229,2,moon,0.0001921875,0.456338,2.05238,-1.55542,1,103.699,250434,outside_own_roche_hot_not_broken
1050,248,2,moon,0.0001921875,0.448928,2.01905,-1.55443,1,103.757,250457,outside_own_roche_hot_not_broken
1050,254,2,moon,0.0001921875,0.448928,2.01905,-1.55443,1,103.757,250457,outside_own_roche_hot_not_broken
1050,294,2,moon,0.0001921875,0.456338,2.05238,-1.55542,1,103.699,250434,outside_own_roche_hot_not_broken
1050,335,1,belt_rock,1.0575885605781047E-05,0.731074,5.40159,-1.28332,1,123.864,252206,outside_own_roche_hot_not_broken
1050,353,1,belt_rock,0.00011972290424567593,0.973269,5.2966,-1.2835,1,60.6808,349730,outside_own_roche_hot_not_broken
1050,392,1,belt_rock,3.6301003373576995E-05,0.321444,1.43758,-1.2592,1,104.915,277811,outside_own_roche_hot_not_broken
1050,398,2,moon,0.0001921875,0.456338,2.05238,-1.55542,1,103.699,250434,outside_own_roche_hot_not_broken
1050,412,2,moon,0.0001921875,0.456338,2.05238,-1.55542,1,103.699,250434,outside_own_roche_hot_not_broken
1050,416,1,belt_rock,1.756018035339469E-05,0.58385,2.78715,-0.797495,1,53.9143,485347,outside_own_roche_hot_not_broken
1050,448,2,moon,0.0001921875,0.448928,2.01905,-1.55443,1,103.757,250457,outside_own_roche_hot_not_broken
1050,452,1,belt_rock,5.6477910654771475E-05,0.725361,3.14315,-0.785745,1,50.9604,501952,outside_own_roche_hot_not_broken
1050,463,1,belt_rock,3.93273765467171E-05,0.920173,5.60767,-1.52302,1,113.346,242922,outside_own_roche_hot_not_broken
1050,468,1,belt_rock,7.07434180973347E-06,0.581413,4.61174,-1.20907,1,92.8192,301418,outside_own_roche_hot_not_broken
1050,471,1,belt_rock,3.1005096197406065E-05,0.753499,3.41106,-0.918351,1,30.2768,550698,outside_own_roche_hot_not_broken
1050,474,2,moon,0.0001921875,0.448928,2.01905,-1.55443,1,103.757,250457,outside_own_roche_hot_not_broken
1050,544,2,moon,0.0001921875,0.448928,2.01905,-1.55443,1,103.757,250457,outside_own_roche_hot_not_broken
1050,579,2,moon,0.0001921875,0.456338,2.05238,-1.55542,1,103.699,250434,outside_own_roche_hot_not_broken
1050,596,2,moon,0.0001921875,0.456338,2.05238,-1.55542,1,103.699,250434,outside_own_roche_hot_not_broken
1050,605,2,moon,0.0001921875,0.448928,2.01905,-1.55443,1,103.757,250457,outside_own_roche_hot_not_broken
1050,611,1,belt_rock,7.748337336914898E-07,0.939715,11.4902,-0.823266,1,54.4131,475015,outside_own_roche_hot_not_broken
1050,621,1,belt_rock,3.984914810645337E-05,0.813006,3.6105,-1.23109,1,61.38,357372,outside_own_roche_hot_not_broken
1050,654,1,belt_rock,6.757675773939491E-07,0.575905,4.60207,-1.18945,1,67.3569,351555,outside_own_roche_hot_not_broken
1050,658,2,moon,0.0001921875,0.456338,2.05238,-1.55542,1,103.699,250434,outside_own_roche_hot_not_broken
1050,660,1,belt_rock,1.1772379558727024E-06,0.46543,3.34748,-1.58986,1,230.783,159600,outside_own_roche_hot_not_broken
1050,699,1,belt_rock,2.5989139157173602E-05,0.384334,1.7677,-1.19946,1,79.2197,326141,outside_own_roche_hot_not_broken
1050,707,1,belt_rock,9.706564149433196E-07,0.410909,3.04223,-1.2087,1,93.9327,299704,outside_own_roche_hot_not_broken
1050,720,1,belt_rock,6.586090713966271E-07,0.838575,6.87274,-1.22863,1,97.4624,291859,outside_own_roche_hot_not_broken
1050,721,2,moon,0.0001921875,0.448928,2.01905,-1.55443,1,103.757,250457,outside_own_roche_hot_not_broken
1050,731,1,belt_rock,4.793449187823939E-05,0.405306,1.776,-1.19515,1,89.7606,308202,outside_own_roche_hot_not_broken
1050,740,1,belt_rock,1.2783489267728684E-05,0.63227,4.51756,-0.804833,1,53.1754,485974,outside_own_roche_hot_not_broken
1050,772,1,belt_rock,0.00012201131044899116,0.810799,3.37636,-1.17778,1,93.8658,303751,outside_own_roche_hot_not_broken
1050,773,1,belt_rock,4.555810874266834E-05,0.650083,3.88817,-0.92131,1,43.7644,486358,outside_own_roche_hot_not_broken
1050,788,2,moon,0.0001921875,0.456338,2.05238,-1.55542,1,103.699,250434,outside_own_roche_hot_not_broken
1050,791,1,belt_rock,4.267087949323744E-05,0.802504,3.54385,-0.9022,1,33.4669,540804,outside_own_roche_hot_not_broken
1050,797,1,belt_rock,3.0209628681646513E-06,0.894748,5.46641,-0.817913,1,58.0595,462636,outside_own_roche_hot_not_broken
1050,817,1,belt_rock,7.109037514987156E-07,0.753866,5.96515,-0.930357,1,50.1353,458658,outside_own_roche_hot_not_broken
1050,826,1,belt_rock,1.4917630626011445E-06,0.762373,5.2521,-0.904125,1,35.4523,530070,outside_own_roche_hot_not_broken
1050,829,1,belt_rock,7.117532374238981E-07,0.740303,5.85647,-0.791263,1,54.9938,482964,outside_own_roche_hot_not_broken
1050,852,2,moon,0.0001921875,0.448928,2.01905,-1.55443,1,103.757,250457,outside_own_roche_hot_not_broken
1050,884,2,moon,0.0001921875,0.448928,2.01905,-1.55443,1,103.757,250457,outside_own_roche_hot_not_broken
1050,885,1,belt_rock,5.471936835509628E-06,0.752868,4.14186,-0.905041,1,46.2034,481694,outside_own_roche_hot_not_broken
1050,887,1,belt_rock,4.891841053755979E-05,0.421611,2.50257,-1.19727,1,67.4443,350018,outside_own_roche_hot_not_broken
1050,890,2,moon,0.0001921875,0.456338,2.05238,-1.55542,1,103.699,250434,outside_own_roche_hot_not_broken
1050,903,1,belt_rock,2.2914851194394037E-05,0.593057,2.75716,-0.796388,1,51.3724,496441,outside_own_roche_hot_not_broken
1050,924,2,moon,0.0001921875,0.456338,2.05238,-1.55542,1,103.699,250434,outside_own_roche_hot_not_broken
1050,929,1,belt_rock,3.066509173486116E-05,0.759513,3.4411,-0.926375,1,43.5948,485385,outside_own_roche_hot_not_broken
1050,933,2,moon,0.0001921875,0.456338,2.05238,-1.55542,1,103.699,250434,outside_own_roche_hot_not_broken
1050,979,2,moon,0.0001921875,0.456338,2.05238,-1.55542,1,103.699,250434,outside_own_roche_hot_not_broken
1050,1013,2,moon,0.0001921875,0.448928,2.01905,-1.55443,1,103.757,250457,outside_own_roche_hot_not_broken
1050,1015,1,belt_rock,6.570363622611409E-05,0.792017,4.55155,-0.901627,1,24.8938,588846,outside_own_roche_hot_not_broken
1050,1028,1,belt_rock,5.9043704127081914E-05,0.594562,2.56923,-0.796941,1,52.4787,491527,outside_own_roche_hot_not_broken
1050,1043,1,belt_rock,1.3699433489732374E-06,0.973554,6.81068,-0.820958,1,56.0737,469257,outside_own_roche_hot_not_broken
1050,1051,1,belt_rock,6.065796713657821E-05,0.711864,2.89786,-1.1842,1,83.4037,320715,outside_own_roche_hot_not_broken
1050,1054,1,belt_rock,1.0361094316156866E-06,0.750606,5.52808,-0.920101,1,30.0547,551135,outside_own_roche_hot_not_broken
1050,1056,1,belt_rock,3.1722963361190054E-05,0.946642,4.27947,-1.23419,1,97.9352,290497,outside_own_roche_hot_not_broken
1050,1074,1,belt_rock,9.674594183823152E-06,0.789815,4.04357,-0.903552,1,41.1809,503522,outside_own_roche_hot_not_broken
1050,1080,2,moon,0.0001921875,0.456338,2.05238,-1.55542,1,103.699,250434,outside_own_roche_hot_not_broken
1050,1086,1,belt_rock,7.701292930739975E-05,0.357875,1.52404,-1.55009,1,136.954,218930,outside_own_roche_hot_not_broken
1050,1090,2,moon,0.0001921875,0.456338,2.05238,-1.55542,1,103.699,250434,outside_own_roche_hot_not_broken
1050,1109,1,belt_rock,9.141481982163067E-07,0.332683,3.9307,-1.58124,1,121.203,230648,outside_own_roche_hot_not_broken
1050,1125,2,moon,0.0001921875,0.448928,2.01905,-1.55443,1,103.757,250457,outside_own_roche_hot_not_broken
1050,1131,1,belt_rock,2.1440727379131126E-06,0.623832,4.03367,-1.25634,1,114.662,265522,outside_own_roche_hot_not_broken
1050,1136,1,belt_rock,9.970065298378194E-05,0.629912,2.64633,-0.91991,1,50.2778,461224,outside_own_roche_hot_not_broken
1050,1153,1,belt_rock,3.99247983322351E-05,0.841862,5.11406,-0.784576,1,51.4475,500222,outside_own_roche_hot_not_broken
1050,1164,1,belt_rock,6.730494887113006E-07,0.949761,7.59552,-0.937513,1,41.1416,491914,outside_own_roche_hot_not_broken
1050,1172,2,moon,0.0001921875,0.448928,2.01905,-1.55443,1,103.757,250457,outside_own_roche_hot_not_broken
1050,1173,1,belt_rock,1.989950814000773E-05,0.681529,3.21273,-0.911671,1,34.0616,533969,outside_own_roche_hot_not_broken
1050,1174,1,belt_rock,2.4597285638734086E-06,0.859464,5.45639,-0.777976,1,45.5569,530007,outside_own_roche_hot_not_broken
1050,1181,1,belt_rock,6.54871618816341E-06,0.770896,6.18616,-0.787932,1,49.8313,506195,outside_own_roche_hot_not_broken
1050,1195,1,belt_rock,4.933013102614774E-05,0.619141,2.708,-1.18781,1,65.2579,356446,outside_own_roche_hot_not_broken
1050,1228,2,moon,0.0001921875,0.448928,2.01905,-1.55443,1,103.757,250457,outside_own_roche_hot_not_broken
1050,1232,1,belt_rock,1.1018607877703977E-05,0.390507,1.97009,-1.20218,1,76.5285,330811,outside_own_roche_hot_not_broken
1050,1261,1,belt_rock,1.1442014232735235E-05,0.68987,5.01991,-0.808196,1,55.8083,474267,outside_own_roche_hot_not_broken
1050,1274,1,belt_rock,1.3392560690466934E-05,0.729976,5.18424,-1.18234,1,76.5942,333752,outside_own_roche_hot_not_broken
1050,1275,1,belt_rock,6.576178648915663E-07,0.903396,11.4311,-1.22949,1,68.6364,342117,outside_own_roche_hot_not_broken
1050,1276,2,moon,0.0001921875,0.456338,2.05238,-1.55542,1,103.699,250434,outside_own_roche_hot_not_broken
1050,1279,1,belt_rock,0.00012844344676875118,0.667812,3.61262,-0.807405,1,57.5004,467940,outside_own_roche_hot_not_broken
1050,1295,2,moon,0.0001921875,0.448928,2.01905,-1.55443,1,103.757,250457,outside_own_roche_hot_not_broken
1050,1310,1,belt_rock,8.68870417300339E-06,0.488828,2.49967,-1.2585,1,74.0915,326896,outside_own_roche_hot_not_broken
1050,1314,1,belt_rock,8.355724078100428E-07,0.696054,5.43689,-0.807812,1,53.3788,484155,outside_own_roche_hot_not_broken
1050,1326,1,belt_rock,9.893245669451218E-05,0.605244,2.54356,-0.799036,1,57.3577,471074,outside_own_roche_hot_not_broken
1050,1350,2,moon,0.0001921875,0.456338,2.05238,-1.55542,1,103.699,250434,outside_own_roche_hot_not_broken
1050,1356,1,belt_rock,0.00013095010690963047,0.887872,3.68586,-0.786455,1,49.1994,509581,outside_own_roche_hot_not_broken
1050,1384,1,belt_rock,5.796812517497883E-06,0.876909,4.82834,-0.935659,1,41.3311,491739,outside_own_roche_hot_not_broken
1050,1390,2,moon,0.0001921875,0.448928,2.01905,-1.55443,1,103.757,250457,outside_own_roche_hot_not_broken
1050,1393,2,moon,0.0001921875,0.456338,2.05238,-1.55542,1,103.699,250434,outside_own_roche_hot_not_broken
1050,1394,2,moon,0.0001921875,0.448928,2.01905,-1.55443,1,103.757,250457,outside_own_roche_hot_not_broken
1050,1395,1,belt_rock,2.2132168404336843E-05,0.392948,1.83511,-1.25717,1,72.7531,329621,outside_own_roche_hot_not_broken
1050,1402,1,belt_rock,0.00013086889619444062,0.432261,1.79511,-1.1783,1,68.9987,349940,outside_own_roche_hot_not_broken
1050,1403,2,moon,0.0001921875,0.456338,2.05238,-1.55542,1,103.699,250434,outside_own_roche_hot_not_broken
1050,1455,1,belt_rock,2.586309430723206E-05,0.683725,3.14397,-0.913741,1,32.5449,540798,outside_own_roche_hot_not_broken
1050,1469,2,moon,0.0001921875,0.448928,2.01905,-1.55443,1,103.757,250457,outside_own_roche_hot_not_broken
1050,1473,1,belt_rock,8.320568573576248E-07,0.641937,7.73381,-0.920221,1,41.2877,497210,outside_own_roche_hot_not_broken
1050,1476,2,moon,0.0001921875,0.448928,2.01905,-1.55443,1,103.757,250457,outside_own_roche_hot_not_broken
1050,1480,1,belt_rock,6.414234586537477E-06,0.809896,4.41156,-1.26236,1,54.6488,367085,outside_own_roche_hot_not_broken
1050,1490,2,moon,0.0001921875,0.448928,2.01905,-1.55443,1,103.757,250457,outside_own_roche_hot_not_broken
1050,1526,1,belt_rock,5.8010060903881536E-05,0.77033,3.33256,-0.901207,1,36.8038,524628,outside_own_roche_hot_not_broken
1050,1530,1,belt_rock,1.0375013121573242E-06,0.458724,5.28039,-1.19578,1,108.204,280243,outside_own_roche_hot_not_broken
1050,1537,1,belt_rock,2.720107824390686E-06,0.861905,5.35603,-1.29016,1,90.4086,295072,outside_own_roche_hot_not_broken
1050,1543,2,moon,0.0001921875,0.456338,2.05238,-1.55542,1,103.699,250434,outside_own_roche_hot_not_broken
1050,1601,1,belt_rock,7.241245935005754E-05,0.864952,3.69484,-1.23152,1,73.0387,333015,outside_own_roche_hot_not_broken
1050,1603,2,moon,0.0001921875,0.448928,2.01905,-1.55443,1,103.757,250457,outside_own_roche_hot_not_broken
1050,1616,2,moon,0.0001921875,0.448928,2.01905,-1.55443,1,103.757,250457,outside_own_roche_hot_not_broken
1050,1649,1,belt_rock,9.049383250841666E-05,0.781752,1.56367,-0.901583,1,32.9501,543718,outside_own_roche_hot_not_broken
1050,1680,2,moon,0.0001921875,0.448928,2.01905,-1.55443,1,103.757,250457,outside_own_roche_hot_not_broken
1050,1682,2,moon,0.0001921875,0.448928,2.01905,-1.55443,1,103.757,250457,outside_own_roche_hot_not_broken
1050,1696,1,belt_rock,4.934400792513331E-06,0.982726,5.5457,-0.888772,1,33.5059,546156,outside_own_roche_hot_not_broken
1050,1725,1,belt_rock,1.0653318457787003E-06,0.997661,11.4219,-0.8903,1,34.1498,542185,outside_own_roche_hot_not_broken
1050,1729,1,belt_rock,1.6208793130723968E-05,0.843234,4.05959,-0.780876,1,51.1148,502990,outside_own_roche_hot_not_broken
1050,1750,1,belt_rock,6.840717131936392E-07,0.909392,7.24973,-0.81353,1,58.7881,461225,outside_own_roche_hot_not_broken
1050,1761,2,moon,0.0001921875,0.456338,2.05238,-1.55542,1,103.699,250434,outside_own_roche_hot_not_broken
1050,1771,1,belt_rock,5.6329498505651184E-06,0.938443,5.14048,-0.940481,1,43.9317,479416,outside_own_roche_hot_not_broken
1050,1776,2,moon,0.0001921875,0.448928,2.01905,-1.55443,1,103.757,250457,outside_own_roche_hot_not_broken
1050,1788,1,belt_rock,1.461317122725545E-05,0.59772,4.18059,-0.913786,1,43.3192,490733,outside_own_roche_hot_not_broken
1050,1791,1,belt_rock,2.1069297519723604E-05,0.826956,5.48309,-1.16677,1,61.8131,368226,outside_own_roche_hot_not_broken
1050,1808,1,belt_rock,5.6769810111980155E-05,0.602382,2.60947,-0.912408,1,44.7383,485277,outside_own_roche_hot_not_broken
1050,1811,1,belt_rock,1.3906931766420854E-06,0.726637,5.06952,-0.9063,1,32.6979,543071,outside_own_roche_hot_not_broken
1050,1834,1,belt_rock,1.150021549841283E-06,0.785301,5.67251,-0.92995,1,50.0287,459170,outside_own_roche_hot_not_broken
1050,1841,2,moon,0.0001921875,0.456338,2.05238,-1.55542,1,103.699,250434,outside_own_roche_hot_not_broken
1050,1845,1,belt_rock,3.647100791004545E-06,0.296209,1.75673,-1.27289,1,118.218,259633,outside_own_roche_hot_not_broken
1050,1846,2,moon,0.0001921875,0.448928,2.01905,-1.55443,1,103.757,250457,outside_own_roche_hot_not_broken
1050,1858,1,belt_rock,1.6215334315138656E-05,0.435914,3.00313,-1.20452,1,79.1903,325443,outside_own_roche_hot_not_broken
1050,1864,2,moon,0.0001921875,0.448928,2.01905,-1.55443,1,103.757,250457,outside_own_roche_hot_not_broken
1050,1882,2,moon,0.0001921875,0.456338,2.05238,-1.55542,1,103.699,250434,outside_own_roche_hot_not_broken
1050,1885,2,moon,0.0001921875,0.456338,2.05238,-1.55542,1,103.699,250434,outside_own_roche_hot_not_broken
1050,1888,1,belt_rock,2.3214476746087197E-05,0.749947,3.48236,-0.902954,1,39.1237,513040,outside_own_roche_hot_not_broken
1050,1889,2,moon,0.0001921875,0.456338,2.05238,-1.55542,1,103.699,250434,outside_own_roche_hot_not_broken
1050,1901,2,moon,0.0001921875,0.456338,2.05238,-1.55542,1,103.699,250434,outside_own_roche_hot_not_broken
1050,1945,1,belt_rock,1.9083106580083907E-05,0.535217,3.59966,-1.58024,1,229.402,160564,outside_own_roche_hot_not_broken
1050,1963,1,belt_rock,8.80904266755749E-05,0.644482,3.59972,-0.922629,1,45.7138,477997,outside_own_roche_hot_not_broken
1050,1965,2,moon,0.0001921875,0.456338,2.05238,-1.55542,1,103.699,250434,outside_own_roche_hot_not_broken
1050,1976,1,belt_rock,0.00010169273989486092,0.555003,2.32938,-0.800148,1,56.3883,474519,outside_own_roche_hot_not_broken
1050,1977,1,belt_rock,9.765683184915472E-05,0.840999,4.6562,-1.21261,1,67.5253,347236,outside_own_roche_hot_not_broken
1050,1979,1,belt_rock,1.9358361595623597E-06,0.423391,2.78602,-2.87197,1,4.96946,243398,outside_own_roche_hot_not_broken
1050,1987,2,moon,0.0001921875,0.456338,2.05238,-1.55542,1,103.699,250434,outside_own_roche_hot_not_broken
1050,1991,2,moon,0.0001921875,0.448928,2.01905,-1.55443,1,103.757,250457,outside_own_roche_hot_not_broken
1100,136,1,belt_rock,4.9712015681628984E-05,0.636062,2.63134,-0.762111,1,47.811,525209,outside_own_roche_hot_not_broken
1100,152,1,belt_rock,3.6071275132237348E-06,0.89002,8.01351,-1.11994,1,56.6727,390600,outside_own_roche_hot_not_broken
1100,217,1,belt_rock,2.1074065600349562E-06,0.591509,3.83593,-0.773451,1,52.112,501212,outside_own_roche_hot_not_broken
1100,220,1,belt_rock,7.733821001916975E-05,0.791434,4.47495,-0.887409,1,27.0191,582910,outside_own_roche_hot_not_broken
1100,223,1,belt_rock,3.520490512440083E-05,0.660111,4.07965,-1.78619,1,200.734,166261,outside_own_roche_hot_not_broken
1100,225,1,belt_rock,1.813043676237973E-05,0.503945,2.40051,-1.2231,1,111.89,272398,outside_own_roche_hot_not_broken
1100,283,1,belt_rock,8.972875687133024E-05,0.992974,1.98754,-0.742578,1,43.3706,555885,outside_own_roche_hot_not_broken
1100,307,1,belt_rock,2.6885458345888608E-05,0.952656,4.36435,-0.86278,1,36.3488,542199,outside_own_roche_hot_not_broken
1100,325,1,belt_rock,2.6155973729202612E-05,0.711313,3.13393,-0.76001,1,48.1653,524311,outside_own_roche_hot_not_broken
1100,369,1,belt_rock,1.0655189027919443E-05,0.88363,2.29212,-0.753518,1,45.7569,538788,outside_own_roche_hot_not_broken
1100,380,1,belt_rock,1.940742606575168E-05,0.840595,3.9751,-1.13527,1,86.9951,321298,outside_own_roche_hot_not_broken
1100,383,1,belt_rock,6.188782444247134E-05,0.926133,3.99041,-0.756055,1,45.496,539082,outside_own_roche_hot_not_broken
1100,438,1,belt_rock,9.166936833783189E-06,0.472289,2.4402,-1.15815,1,72.6704,345580,outside_own_roche_hot_not_broken
1100,452,1,belt_rock,5.6477910654771475E-05,0.823411,3.56802,-0.778658,1,51.5264,501956,outside_own_roche_hot_not_broken
1100,463,1,belt_rock,3.93273765467171E-05,0.412273,2.51245,-1.50024,1,115.162,242928,outside_own_roche_hot_not_broken
1100,465,1,belt_rock,2.9716234778385004E-06,0.60704,3.7185,-0.773063,1,49.6858,512254,outside_own_roche_hot_not_broken
1100,473,1,belt_rock,1.868486202232704E-05,0.598752,4.03829,-1.13978,1,54.8387,391261,outside_own_roche_hot_not_broken
1100,494,1,belt_rock,5.102479074598439E-06,0.56421,4.76531,-1.14646,1,61.2723,373439,outside_own_roche_hot_not_broken
1100,501,1,belt_rock,0.00010638575293607016,0.825127,3.45608,-0.872128,1,30.2363,571284,outside_own_roche_hot_not_broken
1100,537,1,belt_rock,1.25216236511179E-05,0.595086,2.9549,-1.21696,1,90.3658,304343,outside_own_roche_hot_not_broken
1100,582,1,belt_rock,1.8540042615775663E-05,0.740208,3.51319,-0.761848,1,46.6961,530751,outside_own_roche_hot_not_broken
1100,598,1,belt_rock,1.5025550365101884E-05,0.484115,2.35437,-1.15267,1,58.5717,378897,outside_own_roche_hot_not_broken
1100,621,1,belt_rock,3.984914810645337E-05,0.566787,2.51706,-1.22007,1,62.2603,357375,outside_own_roche_hot_not_broken
1100,626,1,belt_rock,5.280982166788213E-06,0.786151,6.60135,-1.77829,1,210.319,162039,outside_own_roche_hot_not_broken
1100,660,1,belt_rock,1.1772379558727024E-06,0.965972,6.9475,-1.56614,1,232.668,159605,outside_own_roche_hot_not_broken
1100,695,1,belt_rock,7.80741967124538E-05,0.796025,3.38552,-0.882736,1,23.9542,604106,outside_own_roche_hot_not_broken
1100,697,1,belt_rock,7.954378473744548E-06,0.960567,5.04999,-0.862117,1,22.4003,625286,outside_own_roche_hot_not_broken
1100,702,1,belt_rock,1.1289317074143082E-06,0.653459,4.73637,-1.50691,1,128.85,229075,outside_own_roche_hot_not_broken
1100,707,1,belt_rock,9.706564149433196E-07,0.974012,7.21126,-1.19123,1,95.3297,299705,outside_own_roche_hot_not_broken
1100,712,1,belt_rock,1.646824250574705E-05,0.788034,3.78715,-0.757032,1,46.2231,535017,outside_own_roche_hot_not_broken
1100,724,1,belt_rock,1.0260498174324889E-05,0.401557,2.0004,-1.15529,1,75.884,339452,outside_own_roche_hot_not_broken
1100,755,1,belt_rock,0.00010987808730037803,0.369016,1.54372,-1.23253,1,92.6456,298733,outside_own_roche_hot_not_broken
1100,772,1,belt_rock,0.00012201131044899116,0.589461,2.45465,-1.16435,1,94.9448,303745,outside_own_roche_hot_not_broken
1100,791,1,belt_rock,4.267087949323744E-05,0.806192,3.56014,-0.897466,1,33.8469,540798,outside_own_roche_hot_not_broken
1100,826,1,belt_rock,1.4917630626011445E-06,0.828548,5.70799,-0.899061,1,35.8577,530068,outside_own_roche_hot_not_broken
1100,829,1,belt_rock,7.117532374238981E-07,0.784662,6.20739,-0.783476,1,55.6166,482965,outside_own_roche_hot_not_broken
1100,841,1,belt_rock,0.00012286983867613435,0.889606,3.70388,-1.11865,1,54.0411,398041,outside_own_roche_hot_not_broken
1100,885,1,belt_rock,5.471936835509628E-06,0.761656,4.1902,-0.898036,1,46.7646,481691,outside_own_roche_hot_not_broken
1100,935,1,belt_rock,7.158949777627068E-05,0.611875,2.61438,-0.76923,1,49.8715,512810,outside_own_roche_hot_not_broken
1100,953,1,belt_rock,5.5735301423280515E-05,0.667427,2.73452,-0.770176,1,48.7703,517574,outside_own_roche_hot_not_broken
1100,959,1,belt_rock,5.416711763075184E-05,0.748188,4.38795,-0.756749,1,45.4622,538972,outside_own_roche_hot_not_broken
1100,984,1,belt_rock,1.152880737286123E-05,0.920073,4.50452,-1.19765,1,99.7148,292195,outside_own_roche_hot_not_broken
1100,992,1,belt_rock,9.249848985838083E-07,0.785889,9.26283,-1.13776,1,96.4035,304828,outside_own_roche_hot_not_broken
1100,1015,1,belt_rock,6.570363622611409E-05,0.95341,5.47904,-0.898854,1,25.113,588862,outside_own_roche_hot_not_broken
1100,1022,1,belt_rock,2.776081416893355E-05,0.878313,4.01309,-0.867766,1,26.5587,595250,outside_own_roche_hot_not_broken
1100,1038,1,belt_rock,1.123039871300166E-06,0.314484,2.28163,-1.48402,1,99.0511,262348,outside_own_roche_hot_not_broken
1100,1044,1,belt_rock,2.2728678175769895E-05,0.654758,3.05198,-0.707959,1,75.3322,432921,outside_own_roche_hot_not_broken
1100,1051,1,belt_rock,6.065796713657821E-05,0.683069,2.78064,-1.17216,1,84.3691,320712,outside_own_roche_hot_not_broken
1100,1056,1,belt_rock,3.1722963361190054E-05,0.431136,1.94903,-1.21585,1,99.396,290506,outside_own_roche_hot_not_broken
1100,1074,1,belt_rock,9.674594183823152E-06,0.755036,3.86551,-0.897441,1,41.6713,503515,outside_own_roche_hot_not_broken
1100,1081,1,belt_rock,5.6070312001726264E-05,0.674145,2.76077,-0.765962,1,46.1111,532016,outside_own_roche_hot_not_broken
1100,1109,1,belt_rock,9.141481982163067E-07,0.979121,11.5685,-1.5509,1,123.613,230664,outside_own_roche_hot_not_broken
1100,1126,1,belt_rock,7.345224361945922E-05,0.683854,3.88556,-0.766801,1,49.6143,514897,outside_own_roche_hot_not_broken
1100,1131,1,belt_rock,2.1440727379131126E-06,0.789566,5.1053,-1.24267,1,115.748,265530,outside_own_roche_hot_not_broken
1100,1153,1,belt_rock,3.99247983322351E-05,0.707443,4.29751,-0.777508,1,52.0116,500228,outside_own_roche_hot_not_broken
1100,1173,1,belt_rock,1.989950814000773E-05,0.97724,4.6067,-0.908313,1,34.3244,533998,outside_own_roche_hot_not_broken
1100,1174,1,belt_rock,2.4597285638734086E-06,0.730363,4.63678,-0.771967,1,46.036,530015,outside_own_roche_hot_not_broken
1100,1178,1,belt_rock,2.7417074091352562E-05,0.979541,4.48056,-0.860082,1,23.7004,617598,outside_own_roche_hot_not_broken
1100,1181,1,belt_rock,6.54871618816341E-06,0.779994,6.25916,-0.780933,1,50.39,506201,outside_own_roche_hot_not_broken
1100,1183,1,belt_rock,6.526187723294961E-05,0.663449,2.68464,-0.761826,1,44.2726,542985,outside_own_roche_hot_not_broken
1100,1195,1,belt_rock,4.933013102614774E-05,0.768622,3.3618,-1.17674,1,66.1447,356444,outside_own_roche_hot_not_broken
1100,1214,1,belt_rock,1.1124544848885341E-05,0.2876,1.45208,-1.50995,1,109.767,247794,outside_own_roche_hot_not_broken
1100,1221,1,belt_rock,2.2362078106696202E-06,0.733901,4.71163,-1.46276,1,81.7731,287394,outside_own_roche_hot_not_broken
1100,1222,1,belt_rock,6.567551089215899E-06,0.370589,2.98042,-1.21105,1,110.832,275049,outside_own_roche_hot_not_broken
1100,1223,1,belt_rock,4.408148264470157E-05,0.647228,1.38646,-0.769872,1,48.813,517488,outside_own_roche_hot_not_broken
1100,1242,1,belt_rock,1.1044763989078897E-05,0.629351,4.60695,-0.887307,1,40.7168,511472,outside_own_roche_hot_not_broken
1100,1274,1,belt_rock,1.3392560690466934E-05,0.660763,4.69269,-1.17059,1,77.5359,333749,outside_own_roche_hot_not_broken
1100,1275,1,belt_rock,6.576178648915663E-07,0.479575,6.0683,-1.21736,1,69.6044,342123,outside_own_roche_hot_not_broken
1100,1281,1,belt_rock,0.0001255033177684123,0.897426,3.47893,-1.45277,1,87.7067,280158,outside_own_roche_hot_not_broken
1100,1288,1,belt_rock,3.407419597380296E-05,0.60428,2.71383,-0.770251,1,50.0881,511441,outside_own_roche_hot_not_broken
1100,1343,1,belt_rock,6.79281404962069E-07,0.907897,4.07965,-0.865978,1,38.7277,528972,outside_own_roche_hot_not_broken
1100,1356,1,belt_rock,0.00013095010690963047,0.682258,2.83228,-0.780046,1,49.7106,509589,outside_own_roche_hot_not_broken
1100,1499,1,belt_rock,2.037028062959184E-06,0.621916,4.08758,-0.888,1,41.7085,506722,outside_own_roche_hot_not_broken
1100,1508,1,belt_rock,9.281420583424006E-05,0.420271,1.77225,-1.49561,1,88.4096,274597,outside_own_roche_hot_not_broken
1100,1526,1,belt_rock,5.8010060903881536E-05,0.808988,3.4998,-0.895885,1,37.2304,524623,outside_own_roche_hot_not_broken
1100,1544,1,belt_rock,7.346227678048891E-07,0.99549,7.82718,-1.17679,1,50.9088,393872,outside_own_roche_hot_not_broken
1100,1546,1,belt_rock,1.073155975413114E-05,0.823439,6.07151,-1.12509,1,54.716,394767,outside_own_roche_hot_not_broken
1100,1549,1,belt_rock,2.041252440654941E-05,0.389056,2.59067,-1.53652,1,132.974,223263,outside_own_roche_hot_not_broken
1100,1574,1,belt_rock,1.5799783932586857E-05,0.778577,3.6458,-0.876632,1,30.8314,565877,outside_own_roche_hot_not_broken
1100,1633,1,belt_rock,5.378055067564789E-06,0.733483,4.10632,-0.703686,1,102.279,360287,outside_own_roche_hot_not_broken
1100,1649,1,belt_rock,9.049383250841666E-05,0.834347,1.66887,-0.896978,1,33.3191,543715,outside_own_roche_hot_not_broken
1100,1696,1,belt_rock,4.934400792513331E-06,0.695971,3.92749,-0.885754,1,33.7504,546140,outside_own_roche_hot_not_broken
1100,1707,1,belt_rock,7.307704949357682E-05,0.735799,2.95235,-0.758195,1,44.6338,542620,outside_own_roche_hot_not_broken
1100,1725,1,belt_rock,1.0653318457787003E-06,0.685198,7.84462,-0.887491,1,34.3775,542170,outside_own_roche_hot_not_broken
1100,1729,1,belt_rock,1.6208793130723968E-05,0.709611,3.41628,-0.773891,1,51.6724,502996,outside_own_roche_hot_not_broken
1100,1791,1,belt_rock,2.1069297519723604E-05,0.569199,3.77405,-1.156,1,62.6727,368232,outside_own_roche_hot_not_broken
1100,1797,1,belt_rock,3.1528712417947605E-06,0.460746,4.25491,-1.1387,1,59.0113,380609,outside_own_roche_hot_not_broken
1100,1808,1,belt_rock,5.6769810111980155E-05,0.982952,4.25807,-0.908001,1,45.0845,485303,outside_own_roche_hot_not_broken
1100,1811,1,belt_rock,1.3906931766420854E-06,0.909659,6.34641,-0.902195,1,33.024,543083,outside_own_roche_hot_not_broken
1100,1858,1,belt_rock,1.6215334315138656E-05,0.953473,6.56873,-1.19076,1,80.2911,325443,outside_own_roche_hot_not_broken
1100,1883,1,belt_rock,8.412931028393017E-07,0.779948,5.97479,-1.13601,1,62.728,371933,outside_own_roche_hot_not_broken
1100,1888,1,belt_rock,2.3214476746087197E-05,0.810877,3.76529,-0.897223,1,39.5827,513037,outside_own_roche_hot_not_broken
1100,1898,1,belt_rock,3.1022427062033695E-05,0.761699,3.44749,-0.8755,1,29.2378,575477,outside_own_roche_hot_not_broken
1100,1945,1,belt_rock,1.9083106580083907E-05,0.921264,6.19606,-1.56209,1,230.84,160571,outside_own_roche_hot_not_broken
1100,1953,1,belt_rock,0.00011886916050397715,0.915613,3.81651,-0.866335,1,25.047,605510,outside_own_roche_hot_not_broken
1100,1979,1,belt_rock,1.9358361595623597E-06,0.547904,3.60534,-2.8687,1,5.22979,243400,outside_own_roche_hot_not_broken
1150,22,1,belt_rock,8.591034909746685E-05,0.384007,1.62573,-1.48865,1,124.454,234584,outside_own_roche_hot_not_broken
1150,60,1,belt_rock,2.081949803860068E-05,0.892415,4.19246,-1.08743,1,54.0333,405113,outside_own_roche_hot_not_broken
1150,140,1,belt_rock,7.136453330084144E-07,0.73721,9.17008,-0.849283,1,37.3694,542504,outside_own_roche_hot_not_broken
1150,152,1,belt_rock,3.6071275132237348E-06,0.536096,4.82687,-1.11075,1,57.4086,390596,outside_own_roche_hot_not_broken
1150,160,1,belt_rock,2.3724310100572596E-05,0.912217,4.82186,-0.841176,1,18.9066,662780,outside_own_roche_hot_not_broken
1150,223,1,belt_rock,3.520490512440083E-05,0.776832,4.80101,-1.77331,1,201.758,166264,outside_own_roche_hot_not_broken
1150,240,1,belt_rock,1.0652790247539184E-05,0.883832,4.4693,-0.84217,1,23.8446,626324,outside_own_roche_hot_not_broken
1150,246,1,belt_rock,4.3894961954037085E-06,0.659023,3.78697,-0.855898,1,38.3836,534668,outside_own_roche_hot_not_broken
1150,249,1,belt_rock,3.0389562939634483E-05,0.669095,3.03324,-0.741185,1,44.6905,549425,outside_own_roche_hot_not_broken
1150,260,1,belt_rock,6.566717042702423E-07,0.815066,6.5497,-1.09731,1,66.4063,370528,outside_own_roche_hot_not_broken
1150,283,1,belt_rock,8.972875687133024E-05,0.682798,1.36669,-0.738655,1,43.6865,555874,outside_own_roche_hot_not_broken
1150,307,1,belt_rock,2.6885458345888608E-05,0.696107,3.18903,-0.858952,1,36.6565,542191,outside_own_roche_hot_not_broken
1150,318,1,belt_rock,8.71166345144088E-07,0.661245,7.89093,-0.745176,1,43.1905,555735,outside_own_roche_hot_not_broken
1150,325,1,belt_rock,2.6155973729202612E-05,0.873832,3.84996,-0.75376,1,48.6633,524320,outside_own_roche_hot_not_broken
1150,334,1,belt_rock,1.9725231062414738E-05,0.758527,3.58257,-1.41812,1,107.072,259077,outside_own_roche_hot_not_broken
1150,347,1,belt_rock,2.2965908368954902E-05,0.698281,3.24887,-1.10228,1,61.9715,380491,outside_own_roche_hot_not_broken
1150,369,1,belt_rock,1.0655189027919443E-05,0.722983,1.87541,-0.747818,1,46.2126,538789,outside_own_roche_hot_not_broken
1150,380,1,belt_rock,1.940742606575168E-05,0.560432,2.65024,-1.12182,1,88.074,321292,outside_own_roche_hot_not_broken
1150,383,1,belt_rock,6.188782444247134E-05,0.694418,2.99202,-0.750795,1,45.9169,539082,outside_own_roche_hot_not_broken
1150,430,1,belt_rock,0.00010209958041092731,0.980168,5.40507,-1.08158,1,55.2259,403042,outside_own_roche_hot_not_broken
1150,434,1,belt_rock,9.286780040092213E-06,0.965579,4.97097,-0.834528,1,17.3841,678962,outside_own_roche_hot_not_broken
1150,437,1,belt_rock,2.1492077850253872E-05,0.687192,3.09994,-1.10065,1,58.0319,391092,outside_own_roche_hot_not_broken
1150,438,1,belt_rock,9.166936833783189E-06,0.929016,4.79999,-1.14587,1,73.6553,345575,outside_own_roche_hot_not_broken
1150,449,1,belt_rock,2.011197199927163E-06,0.653088,4.26929,-1.45456,1,103.143,260274,outside_own_roche_hot_not_broken
1150,466,1,belt_rock,4.865764545319357E-06,0.740386,6.30925,-1.08132,1,56.2664,400162,outside_own_roche_hot_not_broken
1150,473,1,belt_rock,1.868486202232704E-05,0.812125,5.47738,-1.13019,1,55.6073,391256,outside_own_roche_hot_not_broken
1150,494,1,belt_rock,5.102479074598439E-06,0.839292,7.08865,-1.1359,1,62.1193,373434,outside_own_roche_hot_not_broken
1150,501,1,belt_rock,0.00010638575293607016,0.842334,3.52816,-0.868189,1,30.5532,571274,outside_own_roche_hot_not_broken
1150,518,1,belt_rock,8.903828548713378E-05,0.676648,2.85805,-0.743241,1,42.55,560068,outside_own_roche_hot_not_broken
1150,520,1,belt_rock,6.472329143042803E-05,0.617548,2.65369,-0.747239,1,48.827,526049,outside_own_roche_hot_not_broken
1150,537,1,belt_rock,1.25216236511179E-05,0.797386,3.95942,-1.20373,1,91.4208,304349,outside_own_roche_hot_not_broken
1150,540,1,belt_rock,4.11993829289831E-05,0.624116,3.7805,-1.09668,1,54.4125,401923,outside_own_roche_hot_not_broken
1150,546,1,belt_rock,7.302283430031609E-07,0.486991,6.02865,-1.46953,1,106.377,255124,outside_own_roche_hot_not_broken
1150,582,1,belt_rock,1.8540042615775663E-05,0.848435,4.02686,-0.755674,1,47.1881,530760,outside_own_roche_hot_not_broken
1150,598,1,belt_rock,1.5025550365101884E-05,0.948788,4.61419,-1.14464,1,59.2173,378889,outside_own_roche_hot_not_broken
1150,626,1,belt_rock,5.280982166788213E-06,0.658775,5.53178,-1.76539,1,211.35,162040,outside_own_roche_hot_not_broken
1150,630,1,belt_rock,0.00010670168751858713,0.467945,1.9601,-1.12102,1,73.6404,349814,outside_own_roche_hot_not_broken
1150,674,1,belt_rock,0.00011492830067691924,0.690165,2.88087,-0.739677,1,40.2569,574590,outside_own_roche_hot_not_broken
1150,691,1,belt_rock,4.215405560490873E-05,0.789278,3.48792,-0.847566,1,37.7217,541398,outside_own_roche_hot_not_broken
1150,697,1,belt_rock,7.954378473744548E-06,0.854335,4.4915,-0.859813,1,22.5875,625266,outside_own_roche_hot_not_broken
1150,702,1,belt_rock,1.1289317074143082E-06,0.746106,5.40788,-1.49362,1,129.908,229081,outside_own_roche_hot_not_broken
1150,712,1,belt_rock,1.646824250574705E-05,0.802128,3.85488,-0.750861,1,46.7152,535025,outside_own_roche_hot_not_broken
1150,725,1,belt_rock,6.235829557211184E-05,0.513798,2.21439,-1.09156,1,71.9703,358656,outside_own_roche_hot_not_broken
1150,744,1,belt_rock,2.623837778379504E-05,0.804669,5.16496,-1.1642,1,68.5939,353257,outside_own_roche_hot_not_broken
1150,754,1,belt_rock,9.950781541434903E-05,0.883789,3.71388,-1.09555,1,71.9069,358081,outside_own_roche_hot_not_broken
1150,778,1,belt_rock,2.6514376433355864E-06,0.772394,4.81996,-1.07476,1,72.7395,359955,outside_own_roche_hot_not_broken
1150,828,1,belt_rock,7.310961986766228E-07,0.329326,4.07584,-1.48635,1,107.867,251933,outside_own_roche_hot_not_broken
1150,833,1,belt_rock,6.52083514785166E-05,0.683941,2.93792,-0.740396,1,40.75,571426,outside_own_roche_hot_not_broken
1150,841,1,belt_rock,0.00012286983867613435,0.542944,2.26055,-1.11001,1,54.7338,398038,outside_own_roche_hot_not_broken
1150,846,1,belt_rock,5.5467845167615725E-05,0.450406,1.95458,-1.12279,1,79.3644,337685,outside_own_roche_hot_not_broken
1150,849,1,belt_rock,3.070596874896153E-05,0.810702,3.67679,-1.07518,1,60.124,390945,outside_own_roche_hot_not_broken
1150,851,1,belt_rock,6.940234196401335E-05,0.62559,2.52101,-1.45648,1,104.406,258605,outside_own_roche_hot_not_broken
1150,878,1,belt_rock,1.0077853640904324E-06,0.43998,3.25724,-1.44127,1,86.9048,282544,outside_own_roche_hot_not_broken
1150,893,1,belt_rock,3.431201186069597E-05,0.891048,4.00165,-1.09347,1,89.8913,322108,outside_own_roche_hot_not_broken
1150,919,1,belt_rock,0.00013183487570977428,0.93492,3.88071,-1.0927,1,87.2867,327026,outside_own_roche_hot_not_broken
1150,953,1,belt_rock,5.5735301423280515E-05,0.924262,3.7868,-0.764314,1,49.2396,517573,outside_own_roche_hot_not_broken
1150,959,1,belt_rock,5.416711763075184E-05,0.852227,4.99811,-0.750818,1,45.9344,538983,outside_own_roche_hot_not_broken
1150,984,1,belt_rock,1.152880737286123E-05,0.468854,2.29543,-1.18039,1,101.092,292202,outside_own_roche_hot_not_broken
1150,992,1,belt_rock,9.249848985838083E-07,0.625224,7.36915,-1.1248,1,97.4432,304823,outside_own_roche_hot_not_broken
1150,1022,1,belt_rock,2.776081416893355E-05,0.845359,3.86252,-0.864533,1,26.8197,595236,outside_own_roche_hot_not_broken
1150,1035,1,belt_rock,5.069287576064303E-05,0.639957,2.79348,-1.10988,1,78.1321,342267,outside_own_roche_hot_not_broken
1150,1044,1,belt_rock,2.2728678175769895E-05,0.848656,3.95578,-0.697976,1,76.1321,432917,outside_own_roche_hot_not_broken
1150,1081,1,belt_rock,5.6070312001726264E-05,0.94502,3.87006,-0.760748,1,46.5271,532021,outside_own_roche_hot_not_broken
1150,1126,1,belt_rock,7.345224361945922E-05,0.894828,5.08429,-0.760482,1,50.1191,514900,outside_own_roche_hot_not_broken
1150,1178,1,belt_rock,2.7417074091352562E-05,0.826309,3.77966,-0.857799,1,23.886,617579,outside_own_roche_hot_not_broken
1150,1212,1,belt_rock,2.8410076010065325E-05,0.672049,4.26396,-0.739511,1,42.3836,562632,outside_own_roche_hot_not_broken
1150,1216,1,belt_rock,9.234901422011216E-06,0.744811,3.83595,-0.854823,1,28.966,586863,outside_own_roche_hot_not_broken
1150,1221,1,belt_rock,2.2362078106696202E-06,0.612037,3.92927,-1.44995,1,82.8015,287389,outside_own_roche_hot_not_broken
1150,1223,1,belt_rock,4.408148264470157E-05,0.958957,2.05423,-0.76452,1,49.2419,517485,outside_own_roche_hot_not_broken
1150,1281,1,belt_rock,0.0001255033177684123,0.434438,1.68413,-1.43503,1,89.13,280152,outside_own_roche_hot_not_broken
1150,1296,1,belt_rock,1.081920190071607E-05,0.994249,5.01796,-0.834744,1,22.027,643333,outside_own_roche_hot_not_broken
1150,1334,1,belt_rock,3.083893656750734E-05,0.831237,3.7642,-0.855556,1,23.0301,624569,outside_own_roche_hot_not_broken
1150,1343,1,belt_rock,6.79281404962069E-07,0.699161,3.14169,-0.861231,1,39.1089,528965,outside_own_roche_hot_not_broken
1150,1359,1,belt_rock,4.470043932629267E-05,0.421574,1.85622,-1.18926,1,82.7474,321169,outside_own_roche_hot_not_broken
1150,1373,1,belt_rock,7.755539609164374E-07,0.412856,3.21238,-1.18158,1,70.7899,345593,outside_own_roche_hot_not_broken
1150,1446,1,belt_rock,6.57814109504489E-07,0.858355,10.8605,-1.0942,1,95.3178,312447,outside_own_roche_hot_not_broken
1150,1508,1,belt_rock,9.281420583424006E-05,0.904903,3.8159,-1.4771,1,89.8922,274595,outside_own_roche_hot_not_broken
1150,1509,1,belt_rock,0.0001288043910698863,0.416066,1.72875,-1.18273,1,69.0845,348999,outside_own_roche_hot_not_broken
1150,1544,1,belt_rock,7.346227678048891E-07,0.48682,3.82769,-1.17315,1,51.1963,393883,outside_own_roche_hot_not_broken
1150,1546,1,belt_rock,1.073155975413114E-05,0.592775,4.37074,-1.11563,1,55.474,394765,outside_own_roche_hot_not_broken
1150,1549,1,belt_rock,2.041252440654941E-05,0.954084,6.35313,-1.50937,1,135.133,223274,outside_own_roche_hot_not_broken
1150,1554,1,belt_rock,9.799834962744704E-06,0.73378,3.686,-1.07758,1,70.1896,365303,outside_own_roche_hot_not_broken
1150,1569,1,belt_rock,4.838353076963848E-05,0.705291,4.18874,-0.854365,1,34.975,552940,outside_own_roche_hot_not_broken
1150,1574,1,belt_rock,1.5799783932586857E-05,0.886351,4.15046,-0.872733,1,31.1442,565873,outside_own_roche_hot_not_broken
1150,1583,1,belt_rock,5.084547790606446E-05,0.679873,1.43455,-0.857472,1,35.6719,547926,outside_own_roche_hot_not_broken
1150,1619,1,belt_rock,1.4408054182583987E-05,0.671154,3.27248,-0.743693,1,46.0685,541209,outside_own_roche_hot_not_broken
1150,1622,1,belt_rock,4.911807024151414E-05,0.772903,3.37927,-0.738704,1,44.5405,551272,outside_own_roche_hot_not_broken
1150,1633,1,belt_rock,5.378055067564789E-06,0.756592,4.23569,-0.691902,1,103.225,360281,outside_own_roche_hot_not_broken
1150,1638,1,belt_rock,7.06394996612401E-07,0.811257,6.55496,-0.856782,1,23.7945,618734,outside_own_roche_hot_not_broken
1150,1707,1,belt_rock,7.307704949357682E-05,0.874042,3.50704,-0.752499,1,45.087,542633,outside_own_roche_hot_not_broken
1150,1719,1,belt_rock,6.855236546430281E-05,0.448741,1.92279,-1.17741,1,59.7894,371030,outside_own_roche_hot_not_broken
1150,1773,1,belt_rock,8.468538964892363E-06,0.897606,4.67524,-0.729364,1,38.3612,590755,outside_own_roche_hot_not_broken
1150,1833,1,belt_rock,0.00012068881521162628,0.982714,4.09426,-1.14958,1,55.7275,386829,outside_own_roche_hot_not_broken
1150,1872,1,belt_rock,7.651909710333095E-06,0.439944,2.33039,-1.11752,1,65.1779,369598,outside_own_roche_hot_not_broken
1150,1883,1,belt_rock,8.412931028393017E-07,0.620781,4.75549,-1.12539,1,63.5787,371930,outside_own_roche_hot_not_broken
1150,1898,1,belt_rock,3.1022427062033695E-05,0.94424,4.27369,-0.872286,1,29.4949,575478,outside_own_roche_hot_not_broken
1150,1900,1,belt_rock,1.0633749950518829E-05,0.930704,6.8674,-1.09163,1,64.6648,375882,outside_own_roche_hot_not_broken
1150,1929,1,belt_rock,0.00010910246448047122,0.659063,3.61337,-1.10804,1,89.7126,320327,outside_own_roche_hot_not_broken
1150,1942,1,belt_rock,2.9344414706457616E-05,0.424244,1.93208,-1.46098,1,92.1563,273315,outside_own_roche_hot_not_broken
1150,1953,1,belt_rock,0.00011886916050397715,0.838911,3.4968,-0.863464,1,25.2793,605493,outside_own_roche_hot_not_broken
1150,1959,1,belt_rock,1.2050611372753873E-05,0.386505,1.87993,-1.12048,1,82.2313,332416,outside_own_roche_hot_not_broken
1150,1966,1,belt_rock,7.849289931981127E-07,0.853277,6.62392,-0.738245,1,42.6454,561743,outside_own_roche_hot_not_broken
1150,1979,1,belt_rock,1.9358361595623597E-06,0.453978,2.98729,-2.87323,1,4.87044,243396,outside_own_roche_hot_not_broken
1200,3,1,planet,1.0000104077239373,0.371877,1.5582,-1.404,1,107.756,259602,outside_own_roche_hot_not_broken
1200,22,1,belt_rock,8.591034909746685E-05,0.95923,4.06101,-1.46229,1,126.553,234594,outside_own_roche_hot_not_broken
1200,60,1,belt_rock,2.081949803860068E-05,0.550242,2.58497,-1.07897,1,54.7107,405110,outside_own_roche_hot_not_broken
1200,93,1,belt_rock,0.00013013132255512548,0.770254,3.19843,-0.833209,1,28.1961,602324,outside_own_roche_hot_not_broken
1200,105,1,belt_rock,0.00011815024574401716,0.79623,3.31962,-0.830305,1,25.6667,620387,outside_own_roche_hot_not_broken
1200,118,1,belt_rock,9.339218637497795E-05,0.916494,3.61594,-0.817929,1,20.8126,662425,outside_own_roche_hot_not_broken
1200,124,1,belt_rock,1.8035420372590957E-05,0.755501,5.12465,-1.40308,1,90.2189,282183,outside_own_roche_hot_not_broken
1200,140,1,belt_rock,7.136453330084144E-07,0.880415,10.9514,-0.844496,1,37.7533,542498,outside_own_roche_hot_not_broken
1200,174,1,belt_rock,1.1339647904664108E-05,0.686485,5.00133,-0.832509,1,36.1047,556272,outside_own_roche_hot_not_broken
1200,175,1,belt_rock,0.00012558367405120387,0.732982,3.04808,-0.716467,1,36.8057,606994,outside_own_roche_hot_not_broken
1200,186,1,belt_rock,4.117365516990541E-05,0.74191,3.28411,-0.826588,1,33.4487,573755,outside_own_roche_hot_not_broken
1200,226,1,belt_rock,6.229078729211419E-06,0.481564,2.63514,-1.42511,1,94.8326,273567,outside_own_roche_hot_not_broken
1200,240,1,belt_rock,1.0652790247539184E-05,0.911161,4.60749,-0.839522,1,24.0585,626310,outside_own_roche_hot_not_broken
1200,260,1,belt_rock,6.566717042702423E-07,0.59402,4.77342,-1.08634,1,67.2852,370525,outside_own_roche_hot_not_broken
1200,330,1,belt_rock,6.995722590333941E-07,0.743188,3.3154,-0.834763,1,31.0675,583883,outside_own_roche_hot_not_broken
1200,334,1,belt_rock,1.9725231062414738E-05,0.623503,2.94485,-1.4047,1,108.149,259073,outside_own_roche_hot_not_broken
1200,347,1,belt_rock,2.2965908368954902E-05,0.710248,3.30455,-1.09202,1,62.7933,380488,outside_own_roche_hot_not_broken
1200,397,1,belt_rock,1.138881726395724E-06,0.760787,5.50534,-1.06825,1,71.9211,363017,outside_own_roche_hot_not_broken
1200,408,1,belt_rock,2.0111705274629965E-06,0.918213,6.00245,-0.815372,1,20.8817,663467,outside_own_roche_hot_not_broken
1200,430,1,belt_rock,0.00010209958041092731,0.499101,2.75226,-1.07573,1,55.6957,403036,outside_own_roche_hot_not_broken
1200,434,1,belt_rock,9.286780040092213E-06,0.987331,5.08295,-0.832901,1,17.5166,678942,outside_own_roche_hot_not_broken
1200,437,1,belt_rock,2.1492077850253872E-05,0.725466,3.2726,-1.09082,1,58.8193,391089,outside_own_roche_hot_not_broken
1200,449,1,belt_rock,2.011197199927163E-06,0.721726,4.71799,-1.44152,1,104.183,260278,outside_own_roche_hot_not_broken
1200,453,1,belt_rock,6.992885638261917E-05,0.901589,5.15047,-1.36058,1,88.8437,288998,outside_own_roche_hot_not_broken
1200,457,1,belt_rock,7.217235775549694E-07,0.780107,6.15476,-1.06742,1,70.6807,366057,outside_own_roche_hot_not_broken
1200,461,1,belt_rock,9.549892410675618E-05,0.748895,2.95041,-0.718539,1,36.6762,606760,outside_own_roche_hot_not_broken
1200,466,1,belt_rock,4.865764545319357E-06,0.6801,5.79551,-1.07179,1,57.0299,400161,outside_own_roche_hot_not_broken
1200,479,1,belt_rock,3.392719511201223E-05,0.469263,2.91369,-1.69134,1,162.969,191541,outside_own_roche_hot_not_broken
1200,481,1,belt_rock,0.00011804674518101909,0.947184,3.9497,-1.12548,1,88.9545,319186,outside_own_roche_hot_not_broken
1200,522,1,belt_rock,1.2501166320317757E-06,0.662328,4.71133,-0.724029,1,44.3159,558814,outside_own_roche_hot_not_broken
1200,534,1,belt_rock,2.5807334923599078E-06,0.710462,4.45326,-0.722688,1,40.2727,582459,outside_own_roche_hot_not_broken
1200,540,1,belt_rock,4.11993829289831E-05,0.798431,4.8364,-1.08735,1,55.1604,401920,outside_own_roche_hot_not_broken
1200,543,1,belt_rock,0.00010610710727968392,0.942548,3.94815,-0.815445,1,28.4035,610131,outside_own_roche_hot_not_broken
1200,546,1,belt_rock,7.302283430031609E-07,0.868121,10.7468,-1.45191,1,107.78,255131,outside_own_roche_hot_not_broken
1200,583,1,belt_rock,1.6832882586950613E-06,0.735488,4.95926,-0.716639,1,36.5101,608817,outside_own_roche_hot_not_broken
1200,602,1,belt_rock,2.8419230691224156E-05,0.924844,5.86656,-0.707288,1,38.4741,601029,outside_own_roche_hot_not_broken
1200,630,1,belt_rock,0.00010670168751858713,0.943989,3.95413,-1.10899,1,74.6056,349806,outside_own_roche_hot_not_broken
1200,677,1,belt_rock,4.54249804290326E-06,0.683829,5.87822,-0.720953,1,42.0407,572943,outside_own_roche_hot_not_broken
1200,691,1,belt_rock,4.215405560490873E-05,0.815191,3.60243,-0.842429,1,38.1341,541391,outside_own_roche_hot_not_broken
1200,710,1,belt_rock,2.0412939894573412E-05,0.987059,4.63992,-0.812118,1,21.2257,662823,outside_own_roche_hot_not_broken
1200,725,1,belt_rock,6.235829557211184E-05,0.899872,3.87832,-1.07961,1,72.9296,358649,outside_own_roche_hot_not_broken
1200,732,1,belt_rock,9.251723070443742E-06,0.830109,4.2731,-0.822639,1,26.3745,619751,outside_own_roche_hot_not_broken
1200,743,1,belt_rock,1.1469206835530423E-05,0.85309,4.27388,-0.822907,1,23.667,638351,outside_own_roche_hot_not_broken
1200,744,1,belt_rock,2.623837778379504E-05,0.587623,3.7718,-1.15268,1,69.5135,353261,outside_own_roche_hot_not_broken
1200,749,1,belt_rock,2.5723339565779192E-05,0.68234,3.13786,-0.721666,1,43.0058,567130,outside_own_roche_hot_not_broken
1200,753,1,belt_rock,9.437212190284525E-05,0.52193,2.19891,-1.08015,1,62.6186,383359,outside_own_roche_hot_not_broken
1200,754,1,belt_rock,9.950781541434903E-05,0.526384,2.21198,-1.08359,1,72.8652,358077,outside_own_roche_hot_not_broken
1200,778,1,belt_rock,2.6514376433355864E-06,0.638853,3.98662,-1.06347,1,73.6441,359952,outside_own_roche_hot_not_broken
1200,828,1,belt_rock,7.310961986766228E-07,0.995807,12.3244,-1.46238,1,109.774,251945,outside_own_roche_hot_not_broken
1200,846,1,belt_rock,5.5467845167615725E-05,0.958243,4.15838,-1.1096,1,80.4231,337677,outside_own_roche_hot_not_broken
1200,849,1,belt_rock,3.070596874896153E-05,0.609826,2.76576,-1.06517,1,60.9259,390943,outside_own_roche_hot_not_broken
1200,851,1,belt_rock,6.940234196401335E-05,0.748942,3.01809,-1.44312,1,105.471,258609,outside_own_roche_hot_not_broken
1200,870,1,belt_rock,4.0718180270311874E-05,0.547432,3.32016,-1.38762,1,91.5552,282044,outside_own_roche_hot_not_broken
1200,872,1,belt_rock,0.0001265295520468032,0.48143,2.00185,-1.39486,1,107.614,260636,outside_own_roche_hot_not_broken
1200,878,1,belt_rock,1.0077853640904324E-06,0.896917,6.64001,-1.42386,1,88.3007,282539,outside_own_roche_hot_not_broken
1200,892,1,belt_rock,6.878326805556079E-07,0.419866,5.26303,-1.15541,1,79.8091,331697,outside_own_roche_hot_not_broken
1200,893,1,belt_rock,3.431201186069597E-05,0.516787,2.32086,-1.07903,1,91.0492,322105,outside_own_roche_hot_not_broken
1200,919,1,belt_rock,0.00013183487570977428,0.472501,1.96128,-1.0779,1,88.4728,327021,outside_own_roche_hot_not_broken
1200,932,1,belt_rock,1.931286276926466E-05,0.738612,3.49034,-0.717261,1,42.3121,573081,outside_own_roche_hot_not_broken
1200,934,1,belt_rock,7.194944665707225E-06,0.916063,2.53826,-1.12442,1,61.1095,378201,outside_own_roche_hot_not_broken
1200,969,1,belt_rock,5.908919641170029E-07,0.633812,2.99481,-1.42405,1,154.016,213227,outside_own_roche_hot_not_broken
1200,976,1,belt_rock,6.644448574966501E-07,0.978355,7.84384,-1.65941,1,234.493,155569,outside_own_roche_hot_not_broken
1200,987,1,belt_rock,1.0446526819158121E-05,0.478938,3.5448,-1.14445,1,56.536,385788,outside_own_roche_hot_not_broken
1200,994,1,belt_rock,1.745865127732295E-05,0.772321,3.69616,-1.36066,1,72.985,314193,outside_own_roche_hot_not_broken
1200,1035,1,belt_rock,5.069287576064303E-05,0.765276,3.34051,-1.0981,1,79.0771,342262,outside_own_roche_hot_not_broken
1200,1040,1,belt_rock,4.3552702239255555E-05,0.817243,3.60277,-0.715717,1,39.7342,589042,outside_own_roche_hot_not_broken
1200,1237,1,belt_rock,0.00011952353721160026,0.87172,4.74376,-1.06066,1,62.2762,388312,outside_own_roche_hot_not_broken
1200,1264,1,belt_rock,7.198214225985294E-07,0.890031,11.0511,-1.12263,1,53.8125,397792,outside_own_roche_hot_not_broken
1200,1271,1,belt_rock,9.447345734858725E-05,0.6006,2.53071,-1.05311,1,58.2185,401019,outside_own_roche_hot_not_broken
1200,1296,1,belt_rock,1.081920190071607E-05,0.86599,4.37064,-0.832705,1,22.1925,643315,outside_own_roche_hot_not_broken
1200,1307,1,belt_rock,0.00012763252177902957,0.411523,1.71078,-1.05548,1,77.7716,352211,outside_own_roche_hot_not_broken
1200,1336,1,belt_rock,1.8888447272046063E-05,0.983798,4.50192,-0.813536,1,30.8267,595687,outside_own_roche_hot_not_broken
1200,1349,1,belt_rock,7.834095030958626E-07,0.965659,7.49913,-0.812803,1,17.2009,694826,outside_own_roche_hot_not_broken
1200,1359,1,belt_rock,4.470043932629267E-05,0.971882,4.27926,-1.17503,1,83.8794,321180,outside_own_roche_hot_not_broken
1200,1380,1,belt_rock,2.565950567024009E-05,0.481406,2.21626,-1.15013,1,75.1471,341786,outside_own_roche_hot_not_broken
1200,1396,1,belt_rock,1.65993682879337E-05,0.573435,2.7589,-1.42954,1,158.022,209748,outside_own_roche_hot_not_broken
1200,1413,1,belt_rock,1.0977672111498336E-06,0.99946,7.28195,-0.813844,1,33.0048,582314,outside_own_roche_hot_not_broken
1200,1419,1,belt_rock,2.682885326908465E-05,0.705817,3.23368,-0.724765,1,40.1963,581927,outside_own_roche_hot_not_broken
1200,1423,1,belt_rock,2.04207505970823E-06,0.904101,5.89475,-0.708481,1,37.4087,607226,outside_own_roche_hot_not_broken
1200,1446,1,belt_rock,6.57814109504489E-07,0.554066,7.01043,-1.08008,1,96.4496,312444,outside_own_roche_hot_not_broken
1200,1516,1,belt_rock,1.8923018626483087E-06,0.970856,9.89883,-1.05496,1,58.9875,398453,outside_own_roche_hot_not_broken
1200,1519,1,belt_rock,5.818677805881165E-05,0.706523,3.05672,-1.13871,1,84.0957,326111,outside_own_roche_hot_not_broken
1200,1554,1,belt_rock,9.799834962744704E-06,0.677124,3.40141,-1.06663,1,71.0668,365301,outside_own_roche_hot_not_broken
1200,1563,1,belt_rock,6.13628543380343E-07,0.380289,1.76683,-1.15259,1,85.1356,322157,outside_own_roche_hot_not_broken
1200,1569,1,belt_rock,4.838353076963848E-05,0.969974,5.7607,-0.850908,1,35.2514,552941,outside_own_roche_hot_not_broken
1200,1575,1,belt_rock,1.035329165599612E-05,0.705272,3.57776,-0.719098,1,39.6752,587761,outside_own_roche_hot_not_broken
1200,1580,1,belt_rock,0.00012272282973080926,0.970541,5.26896,-0.81432,1,29.3406,604661,outside_own_roche_hot_not_broken
1200,1596,1,belt_rock,6.327301182556603E-05,0.616674,2.65485,-1.3826,1,101.353,269540,outside_own_roche_hot_not_broken
1200,1619,1,belt_rock,1.4408054182583987E-05,0.971959,4.73918,-0.738953,1,46.4461,541217,outside_own_roche_hot_not_broken
1200,1622,1,belt_rock,4.911807024151414E-05,0.843231,3.68675,-0.733004,1,44.9947,551282,outside_own_roche_hot_not_broken
1200,1627,1,belt_rock,1.1687362915939393E-06,0.945079,6.80632,-0.705298,1,37.8682,605906,outside_own_roche_hot_not_broken
1200,1652,1,belt_rock,1.1739582922491534E-05,0.897354,4.48388,-0.826993,1,19.1948,669353,outside_own_roche_hot_not_broken
1200,1666,1,belt_rock,8.10643211524436E-06,0.571041,2.94848,-1.14572,1,84.4414,324432,outside_own_roche_hot_not_broken
1200,1683,1,belt_rock,5.881733992861934E-05,0.845483,3.6542,-0.708025,1,36.9794,610246,outside_own_roche_hot_not_broken
1200,1710,1,belt_rock,0.00011444150715678446,0.60212,2.51457,-1.06535,1,49.2468,424853,outside_own_roche_hot_not_broken
1200,1759,1,belt_rock,5.15130121818047E-05,0.94792,4.13122,-0.710852,1,39.2874,594163,outside_own_roche_hot_not_broken
1200,1773,1,belt_rock,8.468538964892363E-06,0.789991,4.11472,-0.724982,1,38.7117,590756,outside_own_roche_hot_not_broken
1200,1779,1,belt_rock,1.6831379183306376E-06,0.518352,3.49521,-1.08158,1,82.9409,337127,outside_own_roche_hot_not_broken
1200,1786,1,belt_rock,4.890562683191691E-06,0.914744,5.18045,-1.05905,1,84.2011,338210,outside_own_roche_hot_not_broken
1200,1833,1,belt_rock,0.00012068881521162628,0.478422,1.99324,-1.14455,1,56.1416,386797,outside_own_roche_hot_not_broken
1200,1900,1,belt_rock,1.0633749950518829E-05,0.497904,3.67389,-1.08165,1,65.4646,375877,outside_own_roche_hot_not_broken
1200,1904,1,belt_rock,3.1169495720659575E-05,0.998115,4.51753,-1.05569,1,82.3511,342505,outside_own_roche_hot_not_broken
1200,1929,1,belt_rock,0.00010910246448047122,0.753264,4.12984,-1.09574,1,90.6992,320322,outside_own_roche_hot_not_broken
1200,1942,1,belt_rock,2.9344414706457616E-05,0.909955,4.14408,-1.44209,1,93.6616,273322,outside_own_roche_hot_not_broken
1200,1966,1,belt_rock,7.849289931981127E-07,0.779905,6.05434,-0.732907,1,43.0712,561750,outside_own_roche_hot_not_broken
1200,1979,1,belt_rock,1.9358361595623597E-06,0.521017,3.42842,-2.86769,1,5.31291,243397,outside_own_roche_hot_not_broken
1200,1989,1,belt_rock,2.109217022613033E-05,0.496763,2.33033,-1.07976,1,58.113,395396,outside_own_roche_hot_not_broken
1250,3,1,planet,1.0000104077239373,0.973865,4.0806,-1.38065,1,109.631,259593,outside_own_roche_hot_not_broken
1250,32,1,belt_rock,9.816752830161308E-07,0.939838,6.99214,-0.793795,1,21.2145,674379,outside_own_roche_hot_not_broken
1250,118,1,belt_rock,9.339218637497795E-05,0.973667,3.84151,-0.815932,1,20.9751,662404,outside_own_roche_hot_not_broken
1250,124,1,belt_rock,1.8035420372590957E-05,0.608168,4.12528,-1.38989,1,91.2733,282184,outside_own_roche_hot_not_broken
1250,142,1,belt_rock,3.2384639213008784E-05,0.557525,2.51666,-1.39013,1,161.465,209525,outside_own_roche_hot_not_broken
1250,155,1,belt_rock,1.7668409822199188E-05,0.829388,3.83461,-1.3574,1,81.5303,300502,outside_own_roche_hot_not_broken
1250,165,1,belt_rock,3.895057382673961E-06,0.70903,4.15091,-0.704763,1,40.9506,586984,outside_own_roche_hot_not_broken
1250,186,1,belt_rock,4.117365516990541E-05,0.955363,4.22897,-0.823153,1,33.7257,573743,outside_own_roche_hot_not_broken
1250,226,1,belt_rock,6.229078729211419E-06,0.869171,4.75614,-1.40827,1,96.1785,273569,outside_own_roche_hot_not_broken
1250,282,1,belt_rock,2.4198438764036467E-05,0.962133,4.45016,-0.797605,1,16.4076,712229,outside_own_roche_hot_not_broken
1250,300,1,belt_rock,5.874308153166851E-05,0.947699,5.51245,-1.31744,1,83.9407,301750,outside_own_roche_hot_not_broken
1250,366,1,belt_rock,2.4678316271193956E-06,0.738987,4.68872,-0.701627,1,36.9575,613745,outside_own_roche_hot_not_broken
1250,379,1,belt_rock,4.783129952477751E-06,0.458165,3.91639,-1.34744,1,76.3817,310202,outside_own_roche_hot_not_broken
1250,397,1,belt_rock,1.138881726395724E-06,0.65195,4.71775,-1.05712,1,72.8135,363014,outside_own_roche_hot_not_broken
1250,408,1,belt_rock,2.0111705274629965E-06,0.973047,6.3609,-0.813372,1,21.0445,663446,outside_own_roche_hot_not_broken
1250,421,1,belt_rock,0.00011349062892309939,0.878042,4.79713,-0.798982,1,22.2296,663185,outside_own_roche_hot_not_broken
1250,424,1,belt_rock,1.6688266015606265E-05,0.309664,1.49126,-1.36872,1,152.656,217934,outside_own_roche_hot_not_broken
1250,453,1,belt_rock,6.992885638261917E-05,0.45004,2.57092,-1.34357,1,90.2078,288994,outside_own_roche_hot_not_broken
1250,457,1,belt_rock,7.217235775549694E-07,0.633174,4.99551,-1.05631,1,71.5707,366053,outside_own_roche_hot_not_broken
1250,467,1,belt_rock,7.720517558245949E-05,0.85087,3.62049,-0.690976,1,30.3803,666976,outside_own_roche_hot_not_broken
1250,476,1,belt_rock,9.817656689245505E-05,0.961965,4.04477,-1.02677,1,74.531,364659,outside_own_roche_hot_not_broken
1250,479,1,belt_rock,3.392719511201223E-05,0.901403,5.59687,-1.67014,1,164.66,191544,outside_own_roche_hot_not_broken
1250,481,1,belt_rock,0.00011804674518101909,0.453215,1.88988,-1.10994,1,90.1959,319190,outside_own_roche_hot_not_broken
1250,543,1,belt_rock,0.00010610710727968392,0.814293,3.41092,-0.812436,1,28.6458,610121,outside_own_roche_hot_not_broken
1250,558,1,belt_rock,5.805066788445415E-05,0.455728,1.97204,-1.0487,1,64.4488,385131,outside_own_roche_hot_not_broken
1250,592,1,belt_rock,5.728988085325562E-06,0.621749,3.44615,-1.32489,1,83.2675,301873,outside_own_roche_hot_not_broken
1250,602,1,belt_rock,2.8419230691224156E-05,0.784214,4.9745,-0.70321,1,38.8021,601018,outside_own_roche_hot_not_broken
1250,620,1,belt_rock,1.688403118547852E-05,0.236809,1.1382,-1.6786,1,159.043,194770,outside_own_roche_hot_not_broken
1250,703,1,belt_rock,4.1500090933876456E-05,0.845779,3.74176,-0.687932,1,33.3861,646140,outside_own_roche_hot_not_broken
1250,710,1,belt_rock,2.0412939894573412E-05,0.905069,4.2545,-0.810134,1,21.3868,662805,outside_own_roche_hot_not_broken
1250,732,1,belt_rock,9.251723070443742E-06,0.953873,4.91019,-0.819938,1,26.5931,619734,outside_own_roche_hot_not_broken
1250,743,1,belt_rock,1.1469206835530423E-05,0.986783,4.94367,-0.820693,1,23.8466,638333,outside_own_roche_hot_not_broken
1250,753,1,belt_rock,9.437212190284525E-05,0.908216,3.82634,-1.06973,1,63.4439,383380,outside_own_roche_hot_not_broken
1250,790,1,belt_rock,3.221538287259678E-05,0.756368,3.41168,-0.699081,1,37.1228,613999,outside_own_roche_hot_not_broken
1250,793,1,belt_rock,4.936754104127013E-05,0.853644,5.05795,-0.689265,1,32.3785,652792,outside_own_roche_hot_not_broken
1250,830,1,belt_rock,3.930738926204781E-05,0.953147,4.23355,-0.791935,1,23.4228,658374,outside_own_roche_hot_not_broken
1250,848,1,belt_rock,2.0929574188950525E-06,0.992378,6.44312,-1.02467,1,71.0026,373470,outside_own_roche_hot_not_broken
1250,870,1,belt_rock,4.0718180270311874E-05,0.815142,4.94383,-1.37311,1,92.719,282039,outside_own_roche_hot_not_broken
1250,872,1,belt_rock,0.0001265295520468032,0.885151,3.68058,-1.37684,1,109.06,260630,outside_own_roche_hot_not_broken
1250,892,1,belt_rock,6.878326805556079E-07,0.987972,12.3843,-1.14307,1,80.7933,331703,outside_own_roche_hot_not_broken
1250,901,1,belt_rock,4.063228349063333E-06,0.861105,5.0232,-1.33726,1,68.2954,325954,outside_own_roche_hot_not_broken
1250,920,1,belt_rock,8.022589617583062E-07,0.574098,4.52107,-1.1139,1,64.3407,372311,outside_own_roche_hot_not_broken
1250,932,1,belt_rock,1.931286276926466E-05,0.928963,4.38985,-0.71256,1,42.686,573093,outside_own_roche_hot_not_broken
1250,934,1,belt_rock,7.194944665707225E-06,0.506589,1.40368,-1.11476,1,61.8801,378206,outside_own_roche_hot_not_broken
1250,966,1,belt_rock,1.9345286246486087E-05,0.518193,3.47798,-1.02415,1,56.2643,413412,outside_own_roche_hot_not_broken
1250,969,1,belt_rock,5.908919641170029E-07,0.802635,3.79251,-1.41028,1,155.115,213229,outside_own_roche_hot_not_broken
1250,976,1,belt_rock,6.644448574966501E-07,0.422646,3.38851,-1.63072,1,236.802,155563,outside_own_roche_hot_not_broken
1250,978,1,belt_rock,1.2256851961564646E-06,0.637288,4.54964,-1.10564,1,50.4149,411419,outside_own_roche_hot_not_broken
1250,987,1,belt_rock,1.0446526819158121E-05,0.977156,7.2323,-1.13836,1,57.0219,385791,outside_own_roche_hot_not_broken
1250,994,1,belt_rock,1.745865127732295E-05,0.581173,2.78136,-1.34811,1,73.9906,314190,outside_own_roche_hot_not_broken
1250,1005,1,belt_rock,8.022987989457047E-05,0.748999,3.18036,-0.699748,1,36.7753,615945,outside_own_roche_hot_not_broken
1250,1040,1,belt_rock,4.3552702239255555E-05,0.859095,3.78727,-0.711025,1,40.109,589046,outside_own_roche_hot_not_broken
1250,1083,1,belt_rock,1.8013106825284673E-06,0.763653,7.86266,-0.803366,1,30.8944,600356,outside_own_roche_hot_not_broken
1250,1084,1,belt_rock,6.188998355852659E-05,0.757801,3.26498,-0.702675,1,37.3232,610796,outside_own_roche_hot_not_broken
1250,1092,1,belt_rock,6.56770333777072E-07,0.559906,4.59145,-1.38625,1,118.256,249315,outside_own_roche_hot_not_broken
1250,1093,1,belt_rock,1.3370864863097398E-06,0.750854,5.27592,-0.806699,1,30.7585,599533,outside_own_roche_hot_not_broken
1250,1138,1,belt_rock,9.618061632610872E-06,0.73971,3.78652,-0.698219,1,38.6499,604525,outside_own_roche_hot_not_broken
1250,1144,1,belt_rock,2.5138311030488232E-06,0.856781,5.3938,-0.796791,1,27.7529,624421,outside_own_roche_hot_not_broken
1250,1166,1,belt_rock,9.191991536182768E-05,0.943487,3.72676,-1.02494,1,79.5077,353754,outside_own_roche_hot_not_broken
1250,1167,1,belt_rock,3.024088834869624E-05,0.569828,2.5856,-1.04688,1,74.4918,361042,outside_own_roche_hot_not_broken
1250,1186,1,belt_rock,7.830805653317793E-07,0.826981,10.0895,-0.692612,1,33.5881,641955,outside_own_roche_hot_not_broken
1250,1197,1,belt_rock,8.535780065514528E-07,0.374912,4.49294,-1.34204,1,75.1802,312978,outside_own_roche_hot_not_broken
1250,1237,1,belt_rock,0.00011952353721160026,0.556638,3.02913,-1.05056,1,63.0865,388307,outside_own_roche_hot_not_broken
1250,1264,1,belt_rock,7.198214225985294E-07,0.542059,6.73049,-1.11404,1,54.4983,397796,outside_own_roche_hot_not_broken
1250,1270,1,belt_rock,2.5058950388299246E-06,0.753147,4.74386,-0.805958,1,31.0659,597976,outside_own_roche_hot_not_broken
1250,1271,1,belt_rock,9.447345734858725E-05,0.831405,3.50323,-1.04348,1,58.9886,401019,outside_own_roche_hot_not_broken
1250,1289,1,belt_rock,9.088343094409988E-05,0.80231,4.47006,-1.32567,1,83.9487,300691,outside_own_roche_hot_not_broken
1250,1311,1,belt_rock,4.6077184062286455E-06,0.506706,2.89774,-1.05064,1,76.2556,356393,outside_own_roche_hot_not_broken
1250,1321,1,belt_rock,2.8344823311113942E-06,0.88854,5.48461,-0.689813,1,36.3365,624247,outside_own_roche_hot_not_broken
1250,1323,1,belt_rock,6.602189138387087E-07,0.556858,4.47009,-1.10813,1,44.9496,427635,outside_own_roche_hot_not_broken
1250,1336,1,belt_rock,1.8888447272046063E-05,0.765505,3.50299,-0.810663,1,31.0573,595683,outside_own_roche_hot_not_broken
1250,1360,1,belt_rock,0.0001096541818025347,0.491819,2.05746,-1.05138,1,77.4175,353698,outside_own_roche_hot_not_broken
1250,1372,1,belt_rock,6.831828976310988E-06,0.571502,3.08367,-1.37259,1,78.7595,302981,outside_own_roche_hot_not_broken
1250,1380,1,belt_rock,2.565950567024009E-05,0.918318,4.22768,-1.13725,1,76.1768,341788,outside_own_roche_hot_not_broken
1250,1383,1,belt_rock,1.305277164820316E-06,0.895952,6.3231,-0.690725,1,37.4366,616348,outside_own_roche_hot_not_broken
1250,1396,1,belt_rock,1.65993682879337E-05,0.856448,4.12053,-1.41399,1,159.261,209751,outside_own_roche_hot_not_broken
1250,1413,1,belt_rock,1.0977672111498336E-06,0.73611,5.36321,-0.810982,1,33.2339,582313,outside_own_roche_hot_not_broken
1250,1423,1,belt_rock,2.04207505970823E-06,0.810052,5.28155,-0.704408,1,37.7359,607216,outside_own_roche_hot_not_broken
1250,1425,1,belt_rock,6.700160141177978E-07,0.940011,7.67723,-1.0242,1,82.4209,347611,outside_own_roche_hot_not_broken
1250,1451,1,belt_rock,5.994101171787438E-05,0.81,4.69828,-0.695512,1,35.1237,629453,outside_own_roche_hot_not_broken
1250,1452,1,belt_rock,2.9717926455947776E-05,0.82536,3.75107,-1.09634,1,51.9102,409206,outside_own_roche_hot_not_broken
1250,1464,1,belt_rock,3.0460226663579216E-05,0.643114,2.91945,-1.34718,1,72.7337,316507,outside_own_roche_hot_not_broken
1250,1475,1,belt_rock,2.3726793605748828E-05,0.474557,2.11501,-1.04862,1,88.7057,331018,outside_own_roche_hot_not_broken
1250,1478,1,belt_rock,2.8632786017109795E-06,0.917841,8.63308,-0.798671,1,18.8079,690823,outside_own_roche_hot_not_broken
1250,1487,1,belt_rock,1.853271166328581E-05,0.64336,3.05876,-1.38421,1,164.049,207916,outside_own_roche_hot_not_broken
1250,1516,1,belt_rock,1.8923018626483087E-06,0.497743,5.07497,-1.04784,1,59.5602,398445,outside_own_roche_hot_not_broken
1250,1519,1,belt_rock,5.818677805881165E-05,0.696858,3.01491,-1.12675,1,85.0518,326112,outside_own_roche_hot_not_broken
1250,1533,1,belt_rock,9.719062483603241E-05,0.733222,3.08375,-0.700453,1,37.6459,609851,outside_own_roche_hot_not_broken
1250,1571,1,belt_rock,8.369130309176661E-06,0.907028,4.73122,-0.685631,1,31.6654,660366,outside_own_roche_hot_not_broken
1250,1580,1,belt_rock,0.00012272282973080926,0.788237,4.27925,-0.811446,1,29.5716,604654,outside_own_roche_hot_not_broken
1250,1596,1,belt_rock,6.327301182556603E-05,0.763766,3.28809,-1.3692,1,102.429,269535,outside_own_roche_hot_not_broken
1250,1598,1,belt_rock,5.3828043225724526E-06,0.833645,2.42851,-0.69642,1,35.903,623600,outside_own_roche_hot_not_broken
1250,1617,1,belt_rock,6.739452297156582E-05,0.797402,3.41854,-0.802757,1,28.7642,614425,outside_own_roche_hot_not_broken
1250,1627,1,belt_rock,1.1687362915939393E-06,0.778889,5.60944,-0.701473,1,38.1762,605893,outside_own_roche_hot_not_broken
1250,1647,1,belt_rock,1.408093352882206E-06,0.788315,5.55652,-0.808537,1,28.137,615515,outside_own_roche_hot_not_broken
1250,1651,1,belt_rock,1.702807447716589E-05,0.920289,6.2825,-0.794555,1,27.738,625746,outside_own_roche_hot_not_broken
1250,1666,1,belt_rock,8.10643211524436E-06,0.828484,4.27774,-1.13265,1,85.4865,324432,outside_own_roche_hot_not_broken
1250,1683,1,belt_rock,5.881733992861934E-05,0.868917,3.75548,-0.70389,1,37.3108,610242,outside_own_roche_hot_not_broken
1250,1694,1,belt_rock,1.2903984627086387E-06,0.563717,3.9867,-1.10846,1,46.6736,422105,outside_own_roche_hot_not_broken
1250,1710,1,belt_rock,0.00011444150715678446,0.850673,3.55258,-1.05728,1,49.892,424855,outside_own_roche_hot_not_broken
1250,1728,1,belt_rock,1.0888555991343835E-06,0.961734,7.01771,-0.687462,1,32.2989,654466,outside_own_roche_hot_not_broken
1250,1743,1,belt_rock,6.77641431699792E-07,0.436394,5.48733,-1.04877,1,70.1169,370944,outside_own_roche_hot_not_broken
1250,1753,1,belt_rock,7.430021626078467E-05,0.763918,3.25712,-0.803558,1,31.9608,593608,outside_own_roche_hot_not_broken
1250,1759,1,belt_rock,5.15130121818047E-05,0.758958,3.30769,-0.706849,1,39.6094,594153,outside_own_roche_hot_not_broken
1250,1779,1,belt_rock,1.6831379183306376E-06,0.89262,6.01886,-1.06785,1,84.0342,337138,outside_own_roche_hot_not_broken
1250,1786,1,belt_rock,4.890562683191691E-06,0.500013,2.83171,-1.04526,1,85.307,338205,outside_own_roche_hot_not_broken
1250,1792,1,belt_rock,6.84873477479531E-05,0.787546,4.50591,-0.695857,1,32.8613,645343,outside_own_roche_hot_not_broken
1250,1793,1,belt_rock,3.393960017536284E-05,0.948065,5.88025,-1.09019,1,50.6943,414274,outside_own_roche_hot_not_broken
1250,1815,1,belt_rock,1.3855784545437669E-06,0.537524,3.75263,-1.02474,1,56.5087,412543,outside_own_roche_hot_not_broken
1250,1821,1,belt_rock,5.680006187117565E-06,0.95937,5.29353,-0.795622,1,18.5266,695238,outside_own_roche_hot_not_broken
1250,1826,1,belt_rock,6.601416286482346E-07,0.905734,7.27081,-1.34728,1,72.3606,317149,outside_own_roche_hot_not_broken
1250,1904,1,belt_rock,3.1169495720659575E-05,0.431235,1.9518,-1.04348,1,83.3313,342498,outside_own_roche_hot_not_broken
1250,1909,1,belt_rock,1.1792483931838004E-05,0.796624,5.77511,-1.09678,1,52.9052,406206,outside_own_roche_hot_not_broken
1250,1910,1,belt_rock,7.693219027352096E-07,0.795365,9.73967,-0.692211,1,33.9269,639751,outside_own_roche_hot_not_broken
1250,1913,1,belt_rock,8.413019268612437E-07,0.685199,5.24896,-1.32989,1,76.0416,313169,outside_own_roche_hot_not_broken
1250,1924,1,belt_rock,9.667326106368634E-07,0.448255,3.34453,-1.05243,1,84.4745,338723,outside_own_roche_hot_not_broken
1250,1939,1,belt_rock,9.766292886183389E-05,0.855954,3.36732,-0.801468,1,23.2199,654154,outside_own_roche_hot_not_broken
1250,1940,1,belt_rock,4.3943956712865806E-05,0.400766,1.76693,-1.35965,1,101.097,272228,outside_own_roche_hot_not_broken
1250,1955,1,belt_rock,4.079853860126699E-06,0.993932,5.78547,-0.807435,1,16.9164,700911,outside_own_roche_hot_not_broken
1250,1957,1,belt_rock,3.606828597332622E-05,0.786406,3.51779,-1.03541,1,70.6578,372219,outside_own_roche_hot_not_broken
1250,1974,1,belt_rock,4.35442535855201E-05,0.598384,2.6394,-1.11122,1,64.7193,371912,outside_own_roche_hot_not_broken
1250,1979,1,belt_rock,1.9358361595623597E-06,0.493734,3.24889,-2.87295,1,4.90515,243384,outside_own_roche_hot_not_broken
1250,1989,1,belt_rock,2.109217022613033E-05,0.964534,4.52465,-1.07317,1,58.676,395297,outside_own_roche_hot_not_broken
1250,1997,1,belt_rock,1.9017462653961546E-05,0.876112,4.15062,-1.0278,1,81.5271,348896,outside_own_roche_hot_not_broken
1300,0,2,moon,0.0001921875,0.381258,1.71471,-1.59068,1,100.762,250561,outside_own_roche_hot_not_broken
1300,1,2,moon,0.0001921875,0.372338,1.67459,-1.59162,1,100.707,250539,outside_own_roche_hot_not_broken
1300,9,2,moon,0.0001921875,0.372338,1.67459,-1.59162,1,100.707,250539,outside_own_roche_hot_not_broken
1300,32,1,belt_rock,9.816752830161308E-07,0.966826,7.19292,-0.791771,1,21.378,674367,outside_own_roche_hot_not_broken
1300,44,1,belt_rock,8.852283561299575E-05,0.941827,5.26131,-0.612964,1,61.7654,515621,outside_own_roche_hot_not_broken
1300,70,2,moon,0.0001921875,0.381258,1.71471,-1.59068,1,100.762,250561,outside_own_roche_hot_not_broken
1300,126,2,moon,0.0001921875,0.381258,1.71471,-1.59068,1,100.762,250561,outside_own_roche_hot_not_broken
1300,127,1,belt_rock,8.077702642988861E-07,0.455888,3.5196,-1.08366,1,64.073,378946,outside_own_roche_hot_not_broken
1300,138,2,moon,0.0001921875,0.372338,1.67459,-1.59162,1,100.707,250539,outside_own_roche_hot_not_broken
1300,142,1,belt_rock,3.2384639213008784E-05,0.877412,3.96063,-1.37384,1,162.767,209526,outside_own_roche_hot_not_broken
1300,155,1,belt_rock,1.7668409822199188E-05,0.526306,2.43333,-1.34319,1,82.6679,300501,outside_own_roche_hot_not_broken
1300,162,2,moon,0.0001921875,0.372338,1.67459,-1.59162,1,100.707,250539,outside_own_roche_hot_not_broken
1300,178,2,moon,0.0001921875,0.381258,1.71471,-1.59068,1,100.762,250561,outside_own_roche_hot_not_broken
1300,207,2,moon,0.0001921875,0.372338,1.67459,-1.59162,1,100.707,250539,outside_own_roche_hot_not_broken
1300,216,2,moon,0.0001921875,0.381258,1.71471,-1.59068,1,100.762,250561,outside_own_roche_hot_not_broken
1300,229,2,moon,0.0001921875,0.372338,1.67459,-1.59162,1,100.707,250539,outside_own_roche_hot_not_broken
1300,248,2,moon,0.0001921875,0.381258,1.71471,-1.59068,1,100.762,250561,outside_own_roche_hot_not_broken
1300,254,2,moon,0.0001921875,0.381258,1.71471,-1.59068,1,100.762,250561,outside_own_roche_hot_not_broken
1300,258,1,belt_rock,8.093035867515557E-05,0.433208,1.8397,-1.34468,1,72.8312,316687,outside_own_roche_hot_not_broken
1300,259,1,belt_rock,2.3322031797438903E-05,0.977127,4.53467,-0.788009,1,17.9937,705035,outside_own_roche_hot_not_broken
1300,274,1,belt_rock,6.292355206369382E-06,0.930265,5.06358,-0.997168,1,70.076,381263,outside_own_roche_hot_not_broken
1300,276,1,belt_rock,4.4692888503205165E-05,0.915685,4.03117,-1.06786,1,67.0475,374695,outside_own_roche_hot_not_broken
1300,294,2,moon,0.0001921875,0.372338,1.67459,-1.59162,1,100.707,250539,outside_own_roche_hot_not_broken
1300,300,1,belt_rock,5.874308153166851E-05,0.411679,2.3946,-1.3015,1,85.2161,301749,outside_own_roche_hot_not_broken
1300,362,1,belt_rock,1.2463612439116556E-06,0.96892,6.99288,-1.29827,1,59.9283,348814,outside_own_roche_hot_not_broken
1300,367,1,belt_rock,3.140882962985506E-06,0.917963,5.57344,-1.28084,1,78.275,316097,outside_own_roche_hot_not_broken
1300,379,1,belt_rock,4.783129952477751E-06,0.895605,7.65563,-1.33272,1,77.5623,310197,outside_own_roche_hot_not_broken
1300,385,1,belt_rock,1.1054259914976268E-05,0.804248,3.95921,-1.004,1,75.0149,367800,outside_own_roche_hot_not_broken
1300,398,2,moon,0.0001921875,0.372338,1.67459,-1.59162,1,100.707,250539,outside_own_roche_hot_not_broken
1300,399,1,belt_rock,4.814942063750507E-05,0.82659,3.6188,-0.677884,1,30.5335,674012,outside_own_roche_hot_not_broken
1300,412,2,moon,0.0001921875,0.372338,1.67459,-1.59162,1,100.707,250539,outside_own_roche_hot_not_broken
1300,436,1,belt_rock,1.3454135325069842E-05,0.622366,2.98505,-0.983007,1,69.0344,386877,outside_own_roche_hot_not_broken
1300,441,1,belt_rock,9.522256915062464E-05,0.986017,3.88508,-0.770906,1,25.3778,656312,outside_own_roche_hot_not_broken
1300,448,2,moon,0.0001921875,0.381258,1.71471,-1.59068,1,100.762,250561,outside_own_roche_hot_not_broken
1300,474,2,moon,0.0001921875,0.381258,1.71471,-1.59068,1,100.762,250561,outside_own_roche_hot_not_broken
1300,476,1,belt_rock,9.817656689245505E-05,0.47504,1.9974,-1.01554,1,75.4306,364656,outside_own_roche_hot_not_broken
1300,519,1,belt_rock,1.8789539354836143E-06,0.957126,6.33074,-1.06218,1,52.4262,415808,outside_own_roche_hot_not_broken
1300,532,1,belt_rock,5.1581301120989146E-05,0.565964,2.46873,-0.98493,1,90.196,338079,outside_own_roche_hot_not_broken
1300,544,2,moon,0.0001921875,0.381258,1.71471,-1.59068,1,100.762,250561,outside_own_roche_hot_not_broken
1300,560,1,belt_rock,6.588914285216677E-07,0.751791,6.03726,-1.00611,1,69.8683,379977,outside_own_roche_hot_not_broken
1300,574,1,belt_rock,4.6628283751133235E-06,0.445884,3.82906,-1.35962,1,114.559,255821,outside_own_roche_hot_not_broken
1300,578,1,belt_rock,8.153523772732692E-07,0.837168,6.45164,-0.675347,1,29.8292,681305,outside_own_roche_hot_not_broken
1300,579,2,moon,0.0001921875,0.372338,1.67459,-1.59162,1,100.707,250539,outside_own_roche_hot_not_broken
1300,586,1,belt_rock,5.782230444459488E-05,0.873529,3.77928,-0.783882,1,22.6668,669172,outside_own_roche_hot_not_broken
1300,592,1,belt_rock,5.728988085325562E-06,0.748545,4.14894,-1.31225,1,84.28,301871,outside_own_roche_hot_not_broken
1300,596,2,moon,0.0001921875,0.372338,1.67459,-1.59162,1,100.707,250539,outside_own_roche_hot_not_broken
1300,605,2,moon,0.0001921875,0.381258,1.71471,-1.59068,1,100.762,250561,outside_own_roche_hot_not_broken
1300,616,1,belt_rock,4.3524622726962354E-05,0.820402,3.61996,-1.33046,1,104.899,270338,outside_own_roche_hot_not_broken
1300,658,2,moon,0.0001921875,0.372338,1.67459,-1.59162,1,100.707,250539,outside_own_roche_hot_not_broken
1300,660,1,belt_rock,1.1772379558727024E-06,0.905602,6.5133,-1.57249,1,232.443,159479,outside_own_roche_hot_not_broken
1300,662,1,belt_rock,2.960215670939273E-05,0.705879,3.21097,-1.28481,1,68.2437,334050,outside_own_roche_hot_not_broken
1300,675,1,belt_rock,2.683401390978431E-06,0.831211,5.1768,-1.3322,1,113.572,259516,outside_own_roche_hot_not_broken
1300,680,1,belt_rock,1.6123363140435017E-06,0.802143,5.50919,-0.677464,1,35.3606,637936,outside_own_roche_hot_not_broken
1300,689,1,belt_rock,8.180602982802939E-07,0.997357,12.0582,-0.775459,1,15.555,736317,outside_own_roche_hot_not_broken
1300,703,1,belt_rock,4.1500090933876456E-05,0.946281,4.18638,-0.684681,1,33.6468,646135,outside_own_roche_hot_not_broken
1300,713,1,belt_rock,8.947110075500334E-06,0.281393,1.45969,-1.34309,1,124.52,246295,outside_own_roche_hot_not_broken
1300,717,1,belt_rock,2.2707846419077505E-05,0.369339,1.72288,-1.02875,1,160.066,235727,outside_own_roche_hot_not_broken
1300,721,2,moon,0.0001921875,0.381258,1.71471,-1.59068,1,100.762,250561,outside_own_roche_hot_not_broken
1300,746,1,belt_rock,9.968363858681124E-06,0.428877,2.18945,-1.01984,1,74.7865,365357,outside_own_roche_hot_not_broken
1300,784,1,belt_rock,1.9415971967176395E-06,0.789572,5.19291,-0.681227,1,34.3101,643320,outside_own_roche_hot_not_broken
1300,788,2,moon,0.0001921875,0.372338,1.67459,-1.59162,1,100.707,250539,outside_own_roche_hot_not_broken
1300,793,1,belt_rock,4.936754104127013E-05,0.953948,5.65226,-0.686171,1,32.6267,652787,outside_own_roche_hot_not_broken
1300,825,1,belt_rock,9.638644995500933E-07,0.973818,7.26995,-0.788467,1,18.5209,700163,outside_own_roche_hot_not_broken
1300,830,1,belt_rock,3.930738926204781E-05,0.907012,4.02864,-0.789599,1,23.6107,658366,outside_own_roche_hot_not_broken
1300,848,1,belt_rock,2.0929574188950525E-06,0.46237,3.00199,-1.01554,1,71.734,373467,outside_own_roche_hot_not_broken
1300,852,2,moon,0.0001921875,0.381258,1.71471,-1.59068,1,100.762,250561,outside_own_roche_hot_not_broken
1300,857,1,belt_rock,2.2192572457075023E-05,0.780959,3.64043,-0.784747,1,29.1116,621736,outside_own_roche_hot_not_broken
1300,884,2,moon,0.0001921875,0.381258,1.71471,-1.59068,1,100.762,250561,outside_own_roche_hot_not_broken
1300,890,2,moon,0.0001921875,0.372338,1.67459,-1.59162,1,100.707,250539,outside_own_roche_hot_not_broken
1300,901,1,belt_rock,4.063228349063333E-06,0.493408,2.87827,-1.32427,1,69.3363,325952,outside_own_roche_hot_not_broken
1300,910,1,belt_rock,2.6567284176923616E-05,0.904256,4.14663,-0.783039,1,20.4013,687970,outside_own_roche_hot_not_broken
1300,920,1,belt_rock,8.022589617583062E-07,0.834226,6.5696,-1.10308,1,65.2062,372311,outside_own_roche_hot_not_broken
1300,924,2,moon,0.0001921875,0.372338,1.67459,-1.59162,1,100.707,250539,outside_own_roche_hot_not_broken
1300,926,1,belt_rock,6.577087774474805E-05,0.986359,4.23469,-0.772547,1,17.2668,722546,outside_own_roche_hot_not_broken
1300,933,2,moon,0.0001921875,0.372338,1.67459,-1.59162,1,100.707,250539,outside_own_roche_hot_not_broken
1300,943,1,belt_rock,7.823826749602393E-05,0.986979,3.9404,-0.673445,1,32.8677,658635,outside_own_roche_hot_not_broken
1300,946,1,belt_rock,3.6899876659023318E-06,0.478524,2.83285,-1.08779,1,65.9935,373371,outside_own_roche_hot_not_broken
1300,949,1,belt_rock,9.496125806033039E-05,0.82527,3.47479,-0.677847,1,31.8628,663628,outside_own_roche_hot_not_broken
1300,950,1,belt_rock,9.755860418309401E-05,0.918568,3.86245,-0.67172,1,33.8089,652592,outside_own_roche_hot_not_broken
1300,966,1,belt_rock,1.9345286246486087E-05,0.965485,6.48009,-1.01732,1,56.8115,413410,outside_own_roche_hot_not_broken
1300,978,1,belt_rock,1.2256851961564646E-06,0.789726,5.63791,-1.09688,1,51.1161,411418,outside_own_roche_hot_not_broken
1300,979,2,moon,0.0001921875,0.372338,1.67459,-1.59162,1,100.707,250539,outside_own_roche_hot_not_broken
1300,1013,2,moon,0.0001921875,0.381258,1.71471,-1.59068,1,100.762,250561,outside_own_roche_hot_not_broken
1300,1018,1,belt_rock,1.6355160786595306E-05,0.759551,5.2163,-0.682367,1,35.9105,631295,outside_own_roche_hot_not_broken
1300,1048,1,belt_rock,4.143592895581972E-06,0.834226,4.85204,-1.06743,1,50.6119,420069,outside_own_roche_hot_not_broken
1300,1080,2,moon,0.0001921875,0.372338,1.67459,-1.59162,1,100.707,250539,outside_own_roche_hot_not_broken
1300,1086,1,belt_rock,7.701292930739975E-05,0.415494,1.76941,-1.59988,1,133.198,218739,outside_own_roche_hot_not_broken
1300,1090,2,moon,0.0001921875,0.372338,1.67459,-1.59162,1,100.707,250539,outside_own_roche_hot_not_broken
1300,1092,1,belt_rock,6.56770333777072E-07,0.832204,6.82441,-1.37103,1,119.473,249316,outside_own_roche_hot_not_broken
1300,1109,1,belt_rock,9.141481982163067E-07,0.812688,9.60203,-1.55744,1,123.121,230635,outside_own_roche_hot_not_broken
1300,1114,1,belt_rock,2.0220155206019416E-05,0.619341,4.13026,-1.31563,1,62.6036,340368,outside_own_roche_hot_not_broken
1300,1125,2,moon,0.0001921875,0.381258,1.71471,-1.59068,1,100.762,250561,outside_own_roche_hot_not_broken
1300,1133,1,belt_rock,4.923753794538991E-05,0.913451,3.99323,-0.782167,1,20.0248,691688,outside_own_roche_hot_not_broken
1300,1144,1,belt_rock,2.5138311030488232E-06,0.916551,5.77007,-0.79376,1,27.9967,624412,outside_own_roche_hot_not_broken
1300,1151,1,belt_rock,7.525309276687851E-06,0.707394,3.7513,-1.00806,1,75.3985,366130,outside_own_roche_hot_not_broken
1300,1166,1,belt_rock,9.191991536182768E-05,0.48422,1.91266,-1.01225,1,80.5235,353752,outside_own_roche_hot_not_broken
1300,1167,1,belt_rock,3.024088834869624E-05,0.849165,3.85309,-1.03504,1,75.4408,361039,outside_own_roche_hot_not_broken
1300,1172,2,moon,0.0001921875,0.381258,1.71471,-1.59068,1,100.762,250561,outside_own_roche_hot_not_broken
1300,1186,1,belt_rock,7.830805653317793E-07,0.965022,11.7737,-0.689423,1,33.8433,641955,outside_own_roche_hot_not_broken
1300,1191,1,belt_rock,5.1129856908838495E-05,0.803925,3.50677,-1.00304,1,71.7897,375787,outside_own_roche_hot_not_broken
1300,1202,1,belt_rock,5.0099188463805305E-06,0.924134,7.78788,-0.674645,1,34.9922,642195,outside_own_roche_hot_not_broken
1300,1228,2,moon,0.0001921875,0.381258,1.71471,-1.59068,1,100.762,250561,outside_own_roche_hot_not_broken
1300,1235,1,belt_rock,6.567997374173691E-07,0.847637,6.81118,-0.675078,1,29.4471,684600,outside_own_roche_hot_not_broken
1300,1238,1,belt_rock,1.138200077509474E-06,0.767674,5.63963,-1.33128,1,91.8897,287975,outside_own_roche_hot_not_broken
1300,1243,1,belt_rock,7.270145220654691E-05,0.93756,5.33377,-0.996044,1,76.9651,364715,outside_own_roche_hot_not_broken
1300,1276,2,moon,0.0001921875,0.372338,1.67459,-1.59162,1,100.707,250539,outside_own_roche_hot_not_broken
1300,1289,1,belt_rock,9.088343094409988E-05,0.563847,3.14147,-1.31213,1,85.0326,300690,outside_own_roche_hot_not_broken
1300,1295,2,moon,0.0001921875,0.381258,1.71471,-1.59068,1,100.762,250561,outside_own_roche_hot_not_broken
1300,1311,1,belt_rock,4.6077184062286455E-06,0.915045,5.23295,-1.03822,1,77.2513,356388,outside_own_roche_hot_not_broken
1300,1321,1,belt_rock,2.8344823311113942E-06,0.850534,5.25001,-0.685928,1,36.6483,624241,outside_own_roche_hot_not_broken
1300,1323,1,belt_rock,6.602189138387087E-07,0.922309,7.4037,-1.10218,1,45.4261,427633,outside_own_roche_hot_not_broken
1300,1346,1,belt_rock,7.443387126713012E-06,0.789866,4.18487,-0.678254,1,34.1728,646049,outside_own_roche_hot_not_broken
1300,1350,2,moon,0.0001921875,0.372338,1.67459,-1.59162,1,100.707,250539,outside_own_roche_hot_not_broken
1300,1352,1,belt_rock,1.419189573346924E-05,0.564286,2.68182,-1.01445,1,82.3439,349432,outside_own_roche_hot_not_broken
1300,1360,1,belt_rock,0.0001096541818025347,0.930771,3.89377,-1.03878,1,78.4278,353692,outside_own_roche_hot_not_broken
1300,1372,1,belt_rock,6.831828976310988E-06,0.784353,4.23216,-1.35946,1,79.8092,302981,outside_own_roche_hot_not_broken
1300,1383,1,belt_rock,1.305277164820316E-06,0.829621,5.85497,-0.686688,1,37.7605,616342,outside_own_roche_hot_not_broken
1300,1385,1,belt_rock,4.0957512962743016E-05,0.981601,5.94436,-0.774029,1,16.9363,724488,outside_own_roche_hot_not_broken
1300,1389,1,belt_rock,0.00011619089133474088,0.341315,1.42435,-1.32277,1,97.5683,280899,outside_own_roche_hot_not_broken
1300,1390,2,moon,0.0001921875,0.381258,1.71471,-1.59068,1,100.762,250561,outside_own_roche_hot_not_broken
1300,1393,2,moon,0.0001921875,0.372338,1.67459,-1.59162,1,100.707,250539,outside_own_roche_hot_not_broken
1300,1394,2,moon,0.0001921875,0.381258,1.71471,-1.59068,1,100.762,250561,outside_own_roche_hot_not_broken
1300,1398,1,belt_rock,1.058678945228966E-05,0.977323,4.95116,-0.996934,1,65.3934,393613,outside_own_roche_hot_not_broken
1300,1403,2,moon,0.0001921875,0.372338,1.67459,-1.59162,1,100.707,250539,outside_own_roche_hot_not_broken
1300,1406,1,belt_rock,9.817869124283008E-07,0.96028,7.14407,-0.770172,1,24.3156,664873,outside_own_roche_hot_not_broken
1300,1411,1,belt_rock,6.900906112506091E-07,0.869048,10.8861,-0.675988,1,35.9856,634346,outside_own_roche_hot_not_broken
1300,1418,1,belt_rock,0.00012560658271972575,0.955131,3.97182,-0.781512,1,17.9124,710303,outside_own_roche_hot_not_broken
1300,1425,1,belt_rock,6.700160141177978E-07,0.485157,3.96236,-1.01089,1,83.4856,347610,outside_own_roche_hot_not_broken
1300,1439,1,belt_rock,8.112150172263277E-05,0.85982,4.83883,-0.67179,1,29.2306,688556,outside_own_roche_hot_not_broken
1300,1451,1,belt_rock,5.994101171787438E-05,0.957098,5.5515,-0.692071,1,35.3985,629457,outside_own_roche_hot_not_broken
1300,1452,1,belt_rock,2.9717926455947776E-05,0.60542,2.75149,-1.08751,1,52.6152,409208,outside_own_roche_hot_not_broken
1300,1464,1,belt_rock,3.0460226663579216E-05,0.715345,3.24735,-1.33523,1,73.6907,316506,outside_own_roche_hot_not_broken
1300,1469,2,moon,0.0001921875,0.381258,1.71471,-1.59068,1,100.762,250561,outside_own_roche_hot_not_broken
1300,1471,1,belt_rock,3.623359964060946E-05,0.982812,6.04488,-1.06301,1,54.3563,409852,outside_own_roche_hot_not_broken
1300,1475,1,belt_rock,2.3726793605748828E-05,0.944275,4.20846,-1.03386,1,89.8892,331013,outside_own_roche_hot_not_broken
1300,1476,2,moon,0.0001921875,0.381258,1.71471,-1.59068,1,100.762,250561,outside_own_roche_hot_not_broken
1300,1487,1,belt_rock,1.853271166328581E-05,0.809637,3.8493,-1.37055,1,165.141,207916,outside_own_roche_hot_not_broken
1300,1490,2,moon,0.0001921875,0.381258,1.71471,-1.59068,1,100.762,250561,outside_own_roche_hot_not_broken
1300,1543,2,moon,0.0001921875,0.372338,1.67459,-1.59162,1,100.707,250539,outside_own_roche_hot_not_broken
1300,1551,1,belt_rock,0.00012019013459511332,0.785994,3.2743,-0.681717,1,34.1891,643913,outside_own_roche_hot_not_broken
1300,1571,1,belt_rock,8.369130309176661E-06,0.907417,4.73325,-0.682536,1,31.9142,660357,outside_own_roche_hot_not_broken
1300,1598,1,belt_rock,5.3828043225724526E-06,0.908728,2.64724,-0.692597,1,36.2086,623602,outside_own_roche_hot_not_broken
1300,1603,2,moon,0.0001921875,0.381258,1.71471,-1.59068,1,100.762,250561,outside_own_roche_hot_not_broken
1300,1611,1,belt_rock,6.705223871774515E-07,0.857273,10.8034,-0.674826,1,30.8941,673091,outside_own_roche_hot_not_broken
1300,1616,2,moon,0.0001921875,0.381258,1.71471,-1.59068,1,100.762,250561,outside_own_roche_hot_not_broken
1300,1617,1,belt_rock,6.739452297156582E-05,0.984364,4.22006,-0.800077,1,28.9802,614414,outside_own_roche_hot_not_broken
1300,1651,1,belt_rock,1.702807447716589E-05,0.855988,5.84353,-0.791536,1,27.9802,625741,outside_own_roche_hot_not_broken
1300,1680,2,moon,0.0001921875,0.381258,1.71471,-1.59068,1,100.762,250561,outside_own_roche_hot_not_broken
1300,1682,2,moon,0.0001921875,0.381258,1.71471,-1.59068,1,100.762,250561,outside_own_roche_hot_not_broken
1300,1689,1,belt_rock,0.0001113023791935621,0.948672,3.7022,-0.668693,1,26.401,715077,outside_own_roche_hot_not_broken
1300,1694,1,belt_rock,1.2903984627086387E-06,0.897498,6.34726,-1.10154,1,47.228,422103,outside_own_roche_hot_not_broken
1300,1728,1,belt_rock,1.0888555991343835E-06,0.851007,6.20974,-0.684444,1,32.5417,654455,outside_own_roche_hot_not_broken
1300,1753,1,belt_rock,7.430021626078467E-05,0.972804,4.14774,-0.800468,1,32.2095,593599,outside_own_roche_hot_not_broken
1300,1761,2,moon,0.0001921875,0.372338,1.67459,-1.59162,1,100.707,250539,outside_own_roche_hot_not_broken
1300,1775,1,belt_rock,1.2446664084629126E-05,0.454475,2.19965,-1.01974,1,74.0572,367087,outside_own_roche_hot_not_broken
1300,1776,2,moon,0.0001921875,0.381258,1.71471,-1.59068,1,100.762,250561,outside_own_roche_hot_not_broken
1300,1778,1,belt_rock,7.438067820221023E-07,0.556171,4.36249,-1.08277,1,51.1393,414719,outside_own_roche_hot_not_broken
1300,1789,1,belt_rock,5.5044936327138806E-05,0.813415,3.5297,-0.67972,1,35.1855,637898,outside_own_roche_hot_not_broken
1300,1793,1,belt_rock,3.393960017536284E-05,0.527019,3.26877,-1.0839,1,51.1949,414279,outside_own_roche_hot_not_broken
1300,1795,1,belt_rock,7.355470087618728E-07,0.663804,5.21798,-1.31773,1,62.6196,339996,outside_own_roche_hot_not_broken
1300,1815,1,belt_rock,1.3855784545437669E-06,0.929337,6.48801,-1.01674,1,57.1489,412542,outside_own_roche_hot_not_broken
1300,1826,1,belt_rock,6.601416286482346E-07,0.447703,3.59395,-1.33347,1,73.466,317147,outside_own_roche_hot_not_broken
1300,1841,2,moon,0.0001921875,0.372338,1.67459,-1.59162,1,100.707,250539,outside_own_roche_hot_not_broken
1300,1846,2,moon,0.0001921875,0.381258,1.71471,-1.59068,1,100.762,250561,outside_own_roche_hot_not_broken
1300,1851,1,belt_rock,6.653736720759908E-07,0.468521,3.75529,-1.34745,1,80.0805,304094,outside_own_roche_hot_not_broken
1300,1864,2,moon,0.0001921875,0.381258,1.71471,-1.59068,1,100.762,250561,outside_own_roche_hot_not_broken
1300,1882,2,moon,0.0001921875,0.372338,1.67459,-1.59162,1,100.707,250539,outside_own_roche_hot_not_broken
1300,1885,2,moon,0.0001921875,0.372338,1.67459,-1.59162,1,100.707,250539,outside_own_roche_hot_not_broken
1300,1889,2,moon,0.0001921875,0.372338,1.67459,-1.59162,1,100.707,250539,outside_own_roche_hot_not_broken
1300,1901,2,moon,0.0001921875,0.372338,1.67459,-1.59162,1,100.707,250539,outside_own_roche_hot_not_broken
1300,1909,1,belt_rock,1.1792483931838004E-05,0.628316,4.55496,-1.08769,1,53.632,406208,outside_own_roche_hot_not_broken
1300,1913,1,belt_rock,8.413019268612437E-07,0.679031,5.2017,-1.31789,1,77.0027,313167,outside_own_roche_hot_not_broken
1300,1923,1,belt_rock,1.5202050466784962E-06,0.660875,7.03909,-1.00969,1,72.5988,372501,outside_own_roche_hot_not_broken
1300,1924,1,belt_rock,9.667326106368634E-07,0.975165,7.27594,-1.03871,1,85.5753,338717,outside_own_roche_hot_not_broken
1300,1940,1,belt_rock,4.3943956712865806E-05,0.954091,4.20648,-1.33901,1,102.753,272222,outside_own_roche_hot_not_broken
1300,1944,1,belt_rock,5.804841253576382E-05,0.94398,4.08438,-0.997622,1,66.7113,389924,outside_own_roche_hot_not_broken
1300,1945,1,belt_rock,1.9083106580083907E-05,0.964913,6.48962,-1.56823,1,230.582,160465,outside_own_roche_hot_not_broken
1300,1957,1,belt_rock,3.606828597332622E-05,0.634299,2.83738,-1.02443,1,71.5369,372217,outside_own_roche_hot_not_broken
1300,1965,2,moon,0.0001921875,0.372338,1.67459,-1.59162,1,100.707,250539,outside_own_roche_hot_not_broken
1300,1974,1,belt_rock,4.35442535855201E-05,0.80872,3.56717,-1.10044,1,65.5824,371912,outside_own_roche_hot_not_broken
1300,1979,1,belt_rock,1.9358361595623597E-06,0.483509,3.18161,-2.8669,1,5.38888,243384,outside_own_roche_hot_not_broken
1300,1987,2,moon,0.0001921875,0.372338,1.67459,-1.59162,1,100.707,250539,outside_own_roche_hot_not_broken
1300,1991,2,moon,0.0001921875,0.381258,1.71471,-1.59068,1,100.762,250561,outside_own_roche_hot_not_broken
1300,1997,1,belt_rock,1.9017462653961546E-05,0.545059,2.58224,-1.01501,1,82.5508,348895,outside_own_roche_hot_not_broken
1300,2004,1,belt_rock,1.6526925218512253E-06,0.907472,6.13876,-0.671158,1,29.2506,688811,outside_own_roche_hot_not_broken
1350,0,2,moon,0.0001921875,0.927253,4.17033,-1.56774,1,102.6,250559,outside_own_roche_hot_not_broken
1350,1,2,moon,0.0001921875,0.934249,4.20179,-1.56832,1,102.574,250536,outside_own_roche_hot_not_broken
1350,9,2,moon,0.0001921875,0.934249,4.20179,-1.56832,1,102.574,250536,outside_own_roche_hot_not_broken
1350,19,1,belt_rock,5.4798573249671766E-06,0.995722,5.5149,-0.654192,1,30.7301,687796,outside_own_roche_hot_not_broken
1350,26,1,belt_rock,2.8392415441211646E-05,0.993699,4.5295,-0.653257,1,27.1476,719474,outside_own_roche_hot_not_broken
1350,27,1,belt_rock,2.4565945108074E-06,0.864454,5.46296,-0.66693,1,30.2703,683197,outside_own_roche_hot_not_broken
1350,44,1,belt_rock,8.852283561299575E-05,0.65401,3.65348,-0.606073,1,62.3174,515618,outside_own_roche_hot_not_broken
1350,59,1,belt_rock,5.227086210614274E-05,0.952029,4.14538,-0.76282,1,18.5746,717739,outside_own_roche_hot_not_broken
1350,70,2,moon,0.0001921875,0.927253,4.17033,-1.56774,1,102.6,250559,outside_own_roche_hot_not_broken
1350,90,1,belt_rock,8.208353209303653E-07,0.833336,10.0681,-0.662296,1,30.7487,682318,outside_own_roche_hot_not_broken
1350,102,1,belt_rock,0.000106429692621863,0.486775,2.03926,-1.27535,1,97.9729,285660,outside_own_roche_hot_not_broken
1350,125,1,belt_rock,6.566749992462903E-07,0.482276,6.10431,-0.957329,1,66.9983,397898,outside_own_roche_hot_not_broken
1350,126,2,moon,0.0001921875,0.927253,4.17033,-1.56774,1,102.6,250559,outside_own_roche_hot_not_broken
1350,135,1,belt_rock,2.6534977744702162E-06,0.899553,5.63306,-0.658122,1,26.3426,723261,outside_own_roche_hot_not_broken
1350,138,2,moon,0.0001921875,0.934249,4.20179,-1.56832,1,102.574,250536,outside_own_roche_hot_not_broken
1350,162,2,moon,0.0001921875,0.934249,4.20179,-1.56832,1,102.574,250536,outside_own_roche_hot_not_broken
1350,178,2,moon,0.0001921875,0.927253,4.17033,-1.56774,1,102.6,250559,outside_own_roche_hot_not_broken
1350,202,1,belt_rock,3.297801870852921E-05,0.727122,3.2774,-1.29775,1,79.8006,311143,outside_own_roche_hot_not_broken
1350,207,2,moon,0.0001921875,0.934249,4.20179,-1.56832,1,102.574,250536,outside_own_roche_hot_not_broken
1350,208,1,belt_rock,2.6675843482823566E-05,0.940917,4.3156,-0.970097,1,63.863,403844,outside_own_roche_hot_not_broken
1350,216,2,moon,0.0001921875,0.927253,4.17033,-1.56774,1,102.6,250559,outside_own_roche_hot_not_broken
1350,223,1,belt_rock,3.520490512440083E-05,0.224393,1.3868,-1.70431,1,207.196,166304,outside_own_roche_hot_not_broken
1350,229,2,moon,0.0001921875,0.934249,4.20179,-1.56832,1,102.574,250536,outside_own_roche_hot_not_broken
1350,248,2,moon,0.0001921875,0.927253,4.17033,-1.56774,1,102.6,250559,outside_own_roche_hot_not_broken
1350,250,1,belt_rock,6.57644026336519E-07,0.404732,3.2514,-1.28092,1,89.2534,297987,outside_own_roche_hot_not_broken
1350,254,2,moon,0.0001921875,0.927253,4.17033,-1.56774,1,102.6,250559,outside_own_roche_hot_not_broken
1350,255,1,belt_rock,1.598210655002663E-05,0.613321,2.95917,-0.985182,1,74.2036,373368,outside_own_roche_hot_not_broken
1350,258,1,belt_rock,8.093035867515557E-05,0.924177,3.92468,-1.33108,1,73.9195,316687,outside_own_roche_hot_not_broken
1350,274,1,belt_rock,6.292355206369382E-06,0.513526,2.79521,-0.986516,1,70.9289,381262,outside_own_roche_hot_not_broken
1350,276,1,belt_rock,4.4692888503205165E-05,0.511383,2.25129,-1.05717,1,67.9016,374697,outside_own_roche_hot_not_broken
1350,277,1,belt_rock,6.571059482080137E-07,0.633308,5.08848,-1.05004,1,42.7982,450563,outside_own_roche_hot_not_broken
1350,285,1,belt_rock,8.687170134992252E-07,0.413628,3.14928,-1.05566,1,79.796,347839,outside_own_roche_hot_not_broken
1350,294,2,moon,0.0001921875,0.934249,4.20179,-1.56832,1,102.574,250536,outside_own_roche_hot_not_broken
1350,316,1,belt_rock,7.095415057450046E-05,0.717183,2.88436,-1.04856,1,51.4257,422230,outside_own_roche_hot_not_broken
1350,335,1,belt_rock,1.0575885605781047E-05,0.939883,6.94438,-1.29288,1,123.927,251288,outside_own_roche_hot_not_broken
1350,353,1,belt_rock,0.00011972290424567593,0.602746,3.28019,-1.2931,1,60.3238,348851,outside_own_roche_hot_not_broken
1350,362,1,belt_rock,1.2463612439116556E-06,0.435237,3.14119,-1.29153,1,60.4685,348811,outside_own_roche_hot_not_broken
1350,367,1,belt_rock,3.140882962985506E-06,0.449226,2.72749,-1.26629,1,79.4399,316096,outside_own_roche_hot_not_broken
1350,376,1,belt_rock,5.713299764379653E-05,0.883994,3.83049,-0.947116,1,52.0384,447016,outside_own_roche_hot_not_broken
1350,377,1,belt_rock,5.544561486291012E-05,0.44579,2.60839,-0.980776,1,81.8121,356465,outside_own_roche_hot_not_broken
1350,385,1,belt_rock,1.1054259914976268E-05,0.622421,3.0641,-0.992662,1,75.9222,367799,outside_own_roche_hot_not_broken
1350,398,2,moon,0.0001921875,0.934249,4.20179,-1.56832,1,102.574,250536,outside_own_roche_hot_not_broken
1350,412,2,moon,0.0001921875,0.934249,4.20179,-1.56832,1,102.574,250536,outside_own_roche_hot_not_broken
1350,436,1,belt_rock,1.3454135325069842E-05,0.813268,3.90067,-0.972348,1,69.8865,386879,outside_own_roche_hot_not_broken
1350,441,1,belt_rock,9.522256915062464E-05,0.870274,3.42903,-0.768569,1,25.5662,656301,outside_own_roche_hot_not_broken
1350,448,2,moon,0.0001921875,0.927253,4.17033,-1.56774,1,102.6,250559,outside_own_roche_hot_not_broken
1350,463,1,belt_rock,3.93273765467171E-05,0.675807,4.11847,-1.52676,1,113.045,242924,outside_own_roche_hot_not_broken
1350,474,2,moon,0.0001921875,0.927253,4.17033,-1.56774,1,102.6,250559,outside_own_roche_hot_not_broken
1350,519,1,belt_rock,1.8789539354836143E-06,0.524726,3.47071,-1.05586,1,52.9298,415812,outside_own_roche_hot_not_broken
1350,532,1,belt_rock,5.1581301120989146E-05,0.865873,3.77694,-0.971678,1,91.2559,338080,outside_own_roche_hot_not_broken
1350,544,2,moon,0.0001921875,0.927253,4.17033,-1.56774,1,102.6,250559,outside_own_roche_hot_not_broken
1350,560,1,belt_rock,6.588914285216677E-07,0.675675,5.42601,-0.995451,1,70.721,379976,outside_own_roche_hot_not_broken
1350,571,1,belt_rock,6.899255929334052E-06,0.410981,2.21365,-1.30346,1,64.9892,337528,outside_own_roche_hot_not_broken
1350,574,1,belt_rock,4.6628283751133235E-06,0.925182,7.94506,-1.33932,1,116.183,255821,outside_own_roche_hot_not_broken
1350,579,2,moon,0.0001921875,0.934249,4.20179,-1.56832,1,102.574,250536,outside_own_roche_hot_not_broken
1350,589,1,belt_rock,1.633624525481355E-05,0.717989,4.93903,-1.04356,1,37.8967,470682,outside_own_roche_hot_not_broken
1350,596,2,moon,0.0001921875,0.934249,4.20179,-1.56832,1,102.574,250536,outside_own_roche_hot_not_broken
1350,605,2,moon,0.0001921875,0.927253,4.17033,-1.56774,1,102.6,250559,outside_own_roche_hot_not_broken
1350,616,1,belt_rock,4.3524622726962354E-05,0.564613,2.49131,-1.31582,1,106.072,270336,outside_own_roche_hot_not_broken
1350,626,1,belt_rock,5.280982166788213E-06,0.244916,2.05657,-1.84491,1,204.902,162079,outside_own_roche_hot_not_broken
1350,658,2,moon,0.0001921875,0.934249,4.20179,-1.56832,1,102.574,250536,outside_own_roche_hot_not_broken
1350,660,1,belt_rock,1.1772379558727024E-06,0.559456,4.02373,-1.55581,1,233.785,159476,outside_own_roche_hot_not_broken
1350,662,1,belt_rock,2.960215670939273E-05,0.661629,3.00968,-1.27335,1,69.1603,334050,outside_own_roche_hot_not_broken
1350,675,1,belt_rock,2.683401390978431E-06,0.562205,3.50143,-1.31717,1,114.777,259514,outside_own_roche_hot_not_broken
1350,680,1,belt_rock,1.6123363140435017E-06,0.989909,6.79878,-0.674317,1,35.6122,637938,outside_own_roche_hot_not_broken
1350,690,1,belt_rock,1.4997876132188474E-06,0.428433,4.57573,-1.06051,1,71.5222,365382,outside_own_roche_hot_not_broken
1350,716,1,belt_rock,2.7772258657696042E-05,0.40859,1.86907,-1.30171,1,65.1026,337581,outside_own_roche_hot_not_broken
1350,721,2,moon,0.0001921875,0.927253,4.17033,-1.56774,1,102.6,250559,outside_own_roche_hot_not_broken
1350,788,2,moon,0.0001921875,0.934249,4.20179,-1.56832,1,102.574,250536,outside_own_roche_hot_not_broken
1350,820,1,belt_rock,4.884415814633505E-05,0.875811,3.83017,-0.660184,1,30.2965,687418,outside_own_roche_hot_not_broken
1350,852,2,moon,0.0001921875,0.927253,4.17033,-1.56774,1,102.6,250559,outside_own_roche_hot_not_broken
1350,856,1,belt_rock,1.893499971278667E-05,0.976956,6.57047,-1.03165,1,38.8181,470805,outside_own_roche_hot_not_broken
1350,866,1,belt_rock,3.572851931793923E-05,0.836207,3.74064,-0.667247,1,32.0579,668699,outside_own_roche_hot_not_broken
1350,884,2,moon,0.0001921875,0.927253,4.17033,-1.56774,1,102.6,250559,outside_own_roche_hot_not_broken
1350,890,2,moon,0.0001921875,0.934249,4.20179,-1.56832,1,102.574,250536,outside_own_roche_hot_not_broken
1350,898,1,belt_rock,1.2109380785811135E-06,0.860459,6.15654,-0.66336,1,29.2021,694439,outside_own_roche_hot_not_broken
1350,924,2,moon,0.0001921875,0.934249,4.20179,-1.56832,1,102.574,250536,outside_own_roche_hot_not_broken
1350,933,2,moon,0.0001921875,0.934249,4.20179,-1.56832,1,102.574,250536,outside_own_roche_hot_not_broken
1350,943,1,belt_rock,7.823826749602393E-05,0.839205,3.35043,-0.670552,1,33.1002,658626,outside_own_roche_hot_not_broken
1350,946,1,belt_rock,3.6899876659023318E-06,0.957496,5.66837,-1.0783,1,66.7537,373370,outside_own_roche_hot_not_broken
1350,950,1,belt_rock,9.755860418309401E-05,0.875487,3.6813,-0.668377,1,34.0773,652585,outside_own_roche_hot_not_broken
1350,979,2,moon,0.0001921875,0.934249,4.20179,-1.56832,1,102.574,250536,outside_own_roche_hot_not_broken
1350,1002,1,belt_rock,3.458534219604765E-05,0.682368,4.22403,-1.25344,1,63.2751,349325,outside_own_roche_hot_not_broken
1350,1006,1,belt_rock,2.723900722712057E-05,0.42955,1.96823,-1.26207,1,64.8839,344483,outside_own_roche_hot_not_broken
1350,1013,2,moon,0.0001921875,0.927253,4.17033,-1.56774,1,102.6,250559,outside_own_roche_hot_not_broken
1350,1038,1,belt_rock,1.123039871300166E-06,0.907085,6.58106,-1.49736,1,97.9026,262445,outside_own_roche_hot_not_broken
1350,1048,1,belt_rock,4.143592895581972E-06,0.610448,3.55049,-1.05903,1,51.2833,420072,outside_own_roche_hot_not_broken
1350,1063,1,belt_rock,7.008552213936559E-07,0.432429,3.43116,-1.28467,1,59.4459,352190,outside_own_roche_hot_not_broken
1350,1066,1,belt_rock,3.0101260918964537E-05,0.413191,2.60482,-1.26211,1,68.1973,337728,outside_own_roche_hot_not_broken
1350,1080,2,moon,0.0001921875,0.934249,4.20179,-1.56832,1,102.574,250536,outside_own_roche_hot_not_broken
1350,1086,1,belt_rock,7.701292930739975E-05,0.925912,3.94307,-1.57535,1,135.16,218739,outside_own_roche_hot_not_broken
1350,1090,2,moon,0.0001921875,0.934249,4.20179,-1.56832,1,102.574,250536,outside_own_roche_hot_not_broken
1350,1091,1,belt_rock,6.484161499446903E-05,0.853455,3.67068,-1.23736,1,104.178,281207,outside_own_roche_hot_not_broken
1350,1109,1,belt_rock,9.141481982163067E-07,0.56041,6.62133,-1.54222,1,124.342,230632,outside_own_roche_hot_not_broken
1350,1114,1,belt_rock,2.0220155206019416E-05,0.740399,4.93758,-1.30438,1,63.5043,340367,outside_own_roche_hot_not_broken
1350,1115,1,belt_rock,8.426437491768853E-05,0.616532,2.61211,-1.04674,1,34.4318,483470,outside_own_roche_hot_not_broken
1350,1117,1,belt_rock,3.4010464563941787E-06,0.881084,8.01862,-0.663228,1,28.3065,702173,outside_own_roche_hot_not_broken
1350,1125,2,moon,0.0001921875,0.927253,4.17033,-1.56774,1,102.6,250559,outside_own_roche_hot_not_broken
1350,1151,1,belt_rock,7.525309276687851E-06,0.718156,3.80837,-0.996978,1,76.2851,366130,outside_own_roche_hot_not_broken
1350,1162,1,belt_rock,8.64979179947056E-05,0.424334,1.79582,-1.29987,1,61.6152,344991,outside_own_roche_hot_not_broken
1350,1163,1,belt_rock,9.151075701852086E-05,0.840535,3.32032,-0.663744,1,30.1409,686351,outside_own_roche_hot_not_broken
1350,1172,2,moon,0.0001921875,0.927253,4.17033,-1.56774,1,102.6,250559,outside_own_roche_hot_not_broken
1350,1191,1,belt_rock,5.1129856908838495E-05,0.624195,2.72277,-0.992035,1,72.6707,375787,outside_own_roche_hot_not_broken
1350,1202,1,belt_rock,5.0099188463805305E-06,0.851237,7.17356,-0.671136,1,35.2738,642189,outside_own_roche_hot_not_broken
1350,1214,1,belt_rock,1.1124544848885341E-05,0.900995,4.54909,-1.51101,1,109.692,247783,outside_own_roche_hot_not_broken
1350,1228,2,moon,0.0001921875,0.927253,4.17033,-1.56774,1,102.6,250559,outside_own_roche_hot_not_broken
1350,1230,1,belt_rock,3.487588960376383E-05,0.810934,3.63439,-0.66587,1,33.6185,657537,outside_own_roche_hot_not_broken
1350,1238,1,belt_rock,1.138200077509474E-06,0.608478,4.47011,-1.31808,1,92.9464,287974,outside_own_roche_hot_not_broken
1350,1241,1,belt_rock,7.223261531182404E-05,0.439886,1.87938,-1.32513,1,112.564,261385,outside_own_roche_hot_not_broken
1350,1243,1,belt_rock,7.270145220654691E-05,0.498669,2.83692,-0.984044,1,77.9257,364714,outside_own_roche_hot_not_broken
1350,1272,1,belt_rock,2.449288943529442E-06,0.457276,2.89121,-1.32162,1,100.339,277248,outside_own_roche_hot_not_broken
1350,1276,2,moon,0.0001921875,0.934249,4.20179,-1.56832,1,102.574,250536,outside_own_roche_hot_not_broken
1350,1292,1,belt_rock,1.2159294762964989E-05,0.532053,2.6498,-1.05475,1,48.7322,429202,outside_own_roche_hot_not_broken
1350,1295,2,moon,0.0001921875,0.927253,4.17033,-1.56774,1,102.6,250559,outside_own_roche_hot_not_broken
1350,1350,2,moon,0.0001921875,0.934249,4.20179,-1.56832,1,102.574,250536,outside_own_roche_hot_not_broken
1350,1352,1,belt_rock,1.419189573346924E-05,0.860573,4.08996,-1.00182,1,83.3549,349431,outside_own_roche_hot_not_broken
1350,1379,1,belt_rock,6.321398343326647E-05,0.95306,4.10256,-1.03002,1,36.7659,479427,outside_own_roche_hot_not_broken
1350,1390,2,moon,0.0001921875,0.927253,4.17033,-1.56774,1,102.6,250559,outside_own_roche_hot_not_broken
1350,1393,2,moon,0.0001921875,0.934249,4.20179,-1.56832,1,102.574,250536,outside_own_roche_hot_not_broken
1350,1394,2,moon,0.0001921875,0.927253,4.17033,-1.56774,1,102.6,250559,outside_own_roche_hot_not_broken
1350,1398,1,belt_rock,1.058678945228966E-05,0.491693,2.49094,-0.988609,1,66.0604,393610,outside_own_roche_hot_not_broken
1350,1403,2,moon,0.0001921875,0.934249,4.20179,-1.56832,1,102.574,250536,outside_own_roche_hot_not_broken
1350,1406,1,belt_rock,9.817869124283008E-07,0.906743,6.74578,-0.767817,1,24.5051,664865,outside_own_roche_hot_not_broken
1350,1411,1,belt_rock,6.900906112506091E-07,0.886456,11.1042,-0.672221,1,36.2875,634342,outside_own_roche_hot_not_broken
1350,1469,2,moon,0.0001921875,0.927253,4.17033,-1.56774,1,102.6,250559,outside_own_roche_hot_not_broken
1350,1471,1,belt_rock,3.623359964060946E-05,0.506564,3.11567,-1.05738,1,54.8051,409856,outside_own_roche_hot_not_broken
1350,1476,2,moon,0.0001921875,0.927253,4.17033,-1.56774,1,102.6,250559,outside_own_roche_hot_not_broken
1350,1480,1,belt_rock,6.414234586537477E-06,0.892598,4.86204,-1.26894,1,54.4268,366368,outside_own_roche_hot_not_broken
1350,1490,2,moon,0.0001921875,0.927253,4.17033,-1.56774,1,102.6,250559,outside_own_roche_hot_not_broken
1350,1528,1,belt_rock,5.0574990857476974E-05,0.783945,3.42198,-1.04651,1,66.1073,381318,outside_own_roche_hot_not_broken
1350,1529,1,belt_rock,9.471527052528397E-05,0.607099,2.55781,-0.95796,1,58.9122,421487,outside_own_roche_hot_not_broken
1350,1537,1,belt_rock,2.720107824390686E-06,0.722176,4.48773,-1.29997,1,90.2406,294134,outside_own_roche_hot_not_broken
1350,1543,2,moon,0.0001921875,0.934249,4.20179,-1.56832,1,102.574,250536,outside_own_roche_hot_not_broken
1350,1558,1,belt_rock,0.00012331584972141517,0.954179,3.97079,-0.65118,1,25.4774,736506,outside_own_roche_hot_not_broken
1350,1603,2,moon,0.0001921875,0.927253,4.17033,-1.56774,1,102.6,250559,outside_own_roche_hot_not_broken
1350,1616,2,moon,0.0001921875,0.927253,4.17033,-1.56774,1,102.6,250559,outside_own_roche_hot_not_broken
1350,1630,1,belt_rock,2.275288810153228E-06,0.654511,4.18968,-0.983712,1,63.7567,401058,outside_own_roche_hot_not_broken
1350,1632,1,belt_rock,0.0001266779933499099,0.863976,4.67838,-0.661667,1,29.7311,691133,outside_own_roche_hot_not_broken
1350,1680,2,moon,0.0001921875,0.927253,4.17033,-1.56774,1,102.6,250559,outside_own_roche_hot_not_broken
1350,1682,2,moon,0.0001921875,0.927253,4.17033,-1.56774,1,102.6,250559,outside_own_roche_hot_not_broken
1350,1689,1,belt_rock,0.0001113023791935621,0.99526,3.88401,-0.666521,1,26.576,715067,outside_own_roche_hot_not_broken
1350,1749,1,belt_rock,4.492860204019897E-06,0.7788,4.46932,-0.972303,1,77.9326,366898,outside_own_roche_hot_not_broken
1350,1761,2,moon,0.0001921875,0.934249,4.20179,-1.56832,1,102.574,250536,outside_own_roche_hot_not_broken
1350,1768,1,belt_rock,7.185553892578624E-07,0.9117,11.3243,-1.03852,1,53.0096,419808,outside_own_roche_hot_not_broken
1350,1775,1,belt_rock,1.2446664084629126E-05,0.997502,4.82789,-1.00989,1,74.8464,367085,outside_own_roche_hot_not_broken
1350,1776,2,moon,0.0001921875,0.927253,4.17033,-1.56774,1,102.6,250559,outside_own_roche_hot_not_broken
1350,1778,1,belt_rock,7.438067820221023E-07,0.898362,7.04657,-1.07505,1,51.7575,414717,outside_own_roche_hot_not_broken
1350,1789,1,belt_rock,5.5044936327138806E-05,0.969985,4.20912,-0.676413,1,35.4497,637900,outside_own_roche_hot_not_broken
1350,1795,1,belt_rock,7.355470087618728E-07,0.695508,5.4672,-1.30661,1,63.5091,339996,outside_own_roche_hot_not_broken
1350,1841,2,moon,0.0001921875,0.934249,4.20179,-1.56832,1,102.574,250536,outside_own_roche_hot_not_broken
1350,1846,2,moon,0.0001921875,0.927253,4.17033,-1.56774,1,102.6,250559,outside_own_roche_hot_not_broken
1350,1851,1,belt_rock,6.653736720759908E-07,0.885966,7.10119,-1.33223,1,81.2984,304093,outside_own_roche_hot_not_broken
1350,1864,2,moon,0.0001921875,0.927253,4.17033,-1.56774,1,102.6,250559,outside_own_roche_hot_not_broken
1350,1882,2,moon,0.0001921875,0.934249,4.20179,-1.56832,1,102.574,250536,outside_own_roche_hot_not_broken
1350,1885,2,moon,0.0001921875,0.934249,4.20179,-1.56832,1,102.574,250536,outside_own_roche_hot_not_broken
1350,1889,2,moon,0.0001921875,0.934249,4.20179,-1.56832,1,102.574,250536,outside_own_roche_hot_not_broken
1350,1901,2,moon,0.0001921875,0.934249,4.20179,-1.56832,1,102.574,250536,outside_own_roche_hot_not_broken
1350,1923,1,belt_rock,1.5202050466784962E-06,0.765109,8.1493,-0.998727,1,73.476,372502,outside_own_roche_hot_not_broken
1350,1944,1,belt_rock,5.804841253576382E-05,0.509468,2.20435,-0.987953,1,67.4857,389922,outside_own_roche_hot_not_broken
1350,1945,1,belt_rock,1.9083106580083907E-05,0.46652,3.13763,-1.5447,1,232.474,160461,outside_own_roche_hot_not_broken
1350,1956,1,belt_rock,1.125265088915372E-05,0.817003,4.09949,-0.665054,1,32.831,664054,outside_own_roche_hot_not_broken
1350,1965,2,moon,0.0001921875,0.934249,4.20179,-1.56832,1,102.574,250536,outside_own_roche_hot_not_broken
1350,1979,1,belt_rock,1.9358361595623597E-06,0.529155,3.48197,-2.87197,1,4.9818,243385,outside_own_roche_hot_not_broken
1350,1987,2,moon,0.0001921875,0.934249,4.20179,-1.56832,1,102.574,250536,outside_own_roche_hot_not_broken
1350,1991,2,moon,0.0001921875,0.927253,4.17033,-1.56774,1,102.6,250559,outside_own_roche_hot_not_broken
1350,2004,1,belt_rock,1.6526925218512253E-06,0.972929,6.58156,-0.668578,1,29.4579,688803,outside_own_roche_hot_not_broken
1400,19,1,belt_rock,5.4798573249671766E-06,0.883098,4.89112,-0.6516,1,30.938,687792,outside_own_roche_hot_not_broken
1400,23,1,belt_rock,0.00012001304674150088,0.691353,2.8807,-0.952763,1,71.8956,385724,outside_own_roche_hot_not_broken
1400,25,1,belt_rock,7.955819775133234E-05,0.891414,1.8025,-0.746925,1,24.1774,680700,outside_own_roche_hot_not_broken
1400,26,1,belt_rock,2.8392415441211646E-05,0.952061,4.3397,-0.651055,1,27.3249,719464,outside_own_roche_hot_not_broken
1400,48,1,belt_rock,2.3941339132872545E-05,0.999963,4.62767,-0.638852,1,24.2986,757653,outside_own_roche_hot_not_broken
1400,96,1,belt_rock,7.275807928936603E-05,0.343387,1.4665,-1.27914,1,91.143,295296,outside_own_roche_hot_not_broken
1400,102,1,belt_rock,0.000106429692621863,0.891925,3.73657,-1.25869,1,99.3064,285658,outside_own_roche_hot_not_broken
1400,111,1,belt_rock,6.566679056533981E-07,0.997114,8.01261,-0.732952,1,22.083,707789,outside_own_roche_hot_not_broken
1400,113,1,belt_rock,1.0639841369632227E-05,0.859121,4.33972,-0.646851,1,29.9496,699312,outside_own_roche_hot_not_broken
1400,115,1,belt_rock,7.294394492322567E-07,0.474692,3.67499,-1.03074,1,62.9073,393020,outside_own_roche_hot_not_broken
1400,129,1,belt_rock,1.0817756122801134E-05,0.532222,2.68805,-0.9578,1,80.0329,364696,outside_own_roche_hot_not_broken
1400,202,1,belt_rock,3.297801870852921E-05,0.644993,2.90722,-1.2855,1,80.7807,311142,outside_own_roche_hot_not_broken
1400,208,1,belt_rock,2.6675843482823566E-05,0.52571,2.41122,-0.961106,1,64.5825,403844,outside_own_roche_hot_not_broken
1400,213,1,belt_rock,0.00012665046230156922,0.91971,1.79274,-0.642763,1,28.6418,713591,outside_own_roche_hot_not_broken
1400,243,1,belt_rock,7.844879861411625E-05,0.971446,4.12967,-0.736248,1,20.4149,720321,outside_own_roche_hot_not_broken
1400,250,1,belt_rock,6.57644026336519E-07,0.964765,7.75042,-1.26394,1,90.6132,297984,outside_own_roche_hot_not_broken
1400,255,1,belt_rock,1.598210655002663E-05,0.818801,3.95057,-0.973926,1,75.1039,373369,outside_own_roche_hot_not_broken
1400,263,1,belt_rock,6.624594774401624E-07,0.677807,5.43741,-1.02462,1,46.2957,445422,outside_own_roche_hot_not_broken
1400,268,1,belt_rock,4.673061918388881E-06,0.950858,5.36916,-0.736475,1,20.4604,719744,outside_own_roche_hot_not_broken
1400,277,1,belt_rock,6.571059482080137E-07,0.848096,6.81425,-1.04323,1,43.3441,450561,outside_own_roche_hot_not_broken
1400,316,1,belt_rock,7.095415057450046E-05,0.722334,2.90507,-1.03985,1,52.1222,422230,outside_own_roche_hot_not_broken
1400,329,1,belt_rock,7.771602534879625E-05,0.899474,1.82252,-0.740079,1,22.6581,697887,outside_own_roche_hot_not_broken
1400,335,1,belt_rock,1.0575885605781047E-05,0.445962,3.29502,-1.27181,1,125.616,251284,outside_own_roche_hot_not_broken
1400,343,1,belt_rock,4.588161087742407E-05,0.953884,4.18971,-0.74678,1,20.2067,714606,outside_own_roche_hot_not_broken
1400,353,1,belt_rock,0.00011972290424567593,0.762104,4.14742,-1.28207,1,61.207,348851,outside_own_roche_hot_not_broken
1400,368,1,belt_rock,3.1373371721346994E-05,0.917977,4.14908,-0.642256,1,27.7,722455,outside_own_roche_hot_not_broken
1400,376,1,belt_rock,5.713299764379653E-05,0.608093,2.63496,-0.939574,1,52.642,447016,outside_own_roche_hot_not_broken
1400,392,1,belt_rock,3.6301003373576995E-05,0.664618,2.97234,-1.27363,1,104.326,277050,outside_own_roche_hot_not_broken
1400,402,1,belt_rock,9.783721067115973E-07,0.966954,7.31888,-0.639459,1,24.6583,753573,outside_own_roche_hot_not_broken
1400,413,1,belt_rock,8.770072909813337E-07,0.996674,7.57478,-0.736777,1,17.5691,746715,outside_own_roche_hot_not_broken
1400,435,1,belt_rock,1.1929423633609304E-05,0.904284,4.50446,-0.644902,1,28.4408,713857,outside_own_roche_hot_not_broken
1400,445,1,belt_rock,1.7334122240822694E-06,0.923626,6.19576,-0.64297,1,25.5685,741917,outside_own_roche_hot_not_broken
1400,463,1,belt_rock,3.93273765467171E-05,0.702453,4.28085,-1.51377,1,114.086,242922,outside_own_roche_hot_not_broken
1400,468,1,belt_rock,7.07434180973347E-06,0.752975,5.97256,-1.22319,1,91.5263,301678,outside_own_roche_hot_not_broken
1400,490,1,belt_rock,6.685319087040335E-07,0.682563,5.46582,-0.951948,1,73.033,382952,outside_own_roche_hot_not_broken
1400,510,1,belt_rock,1.8747241736540915E-06,0.555657,5.67595,-1.03293,1,61.5696,396189,outside_own_roche_hot_not_broken
1400,511,1,belt_rock,9.024849591409564E-06,0.439021,2.27783,-0.581385,1,96.7725,398735,outside_own_roche_hot_not_broken
1400,535,1,belt_rock,6.273860713951598E-05,0.932406,4.01355,-0.641833,1,28.4299,716152,outside_own_roche_hot_not_broken
1400,589,1,belt_rock,1.633624525481355E-05,0.777164,5.34609,-1.03712,1,38.4121,470682,outside_own_roche_hot_not_broken
1400,638,1,belt_rock,3.486789198496073E-05,0.923684,4.13947,-0.642761,1,28.8796,711479,outside_own_roche_hot_not_broken
1400,654,1,belt_rock,6.757675773939491E-07,0.910734,7.2777,-1.19981,1,66.4148,351800,outside_own_roche_hot_not_broken
1400,667,1,belt_rock,6.163959811296187E-05,0.435437,1.77003,-0.958516,1,74.4934,377921,outside_own_roche_hot_not_broken
1400,673,1,belt_rock,5.609638491647952E-06,0.920843,7.59789,-0.743724,1,21.3311,706827,outside_own_roche_hot_not_broken
1400,692,1,belt_rock,5.573525476409748E-06,0.925247,5.06577,-0.642592,1,25.907,738959,outside_own_roche_hot_not_broken
1400,702,1,belt_rock,1.1289317074143082E-06,0.465698,3.37545,-1.51589,1,128.131,229076,outside_own_roche_hot_not_broken
1400,720,1,belt_rock,6.586090713966271E-07,0.381064,3.1231,-1.24767,1,95.761,292125,outside_own_roche_hot_not_broken
1400,757,1,belt_rock,8.69520400842481E-07,0.491995,3.81245,-0.963026,1,65.3184,401320,outside_own_roche_hot_not_broken
1400,769,1,belt_rock,5.3870648010601055E-05,0.985488,4.28251,-0.743716,1,18.3817,733601,outside_own_roche_hot_not_broken
1400,777,1,belt_rock,3.7785773764082265E-06,0.961874,5.6612,-0.641939,1,23.3525,764743,outside_own_roche_hot_not_broken
1400,816,1,belt_rock,3.1641558276192383E-06,0.898333,5.45182,-0.944057,1,72.1626,386846,outside_own_roche_hot_not_broken
1400,824,1,belt_rock,3.599387387985598E-05,0.606944,2.71525,-1.02642,1,45.0751,449191,outside_own_roche_hot_not_broken
1400,856,1,belt_rock,1.893499971278667E-05,0.595837,4.00727,-1.02813,1,39.0986,470809,outside_own_roche_hot_not_broken
1400,871,1,belt_rock,1.6085964784512033E-06,0.871018,5.92044,-0.64676,1,29.0918,706796,outside_own_roche_hot_not_broken
1400,889,1,belt_rock,6.566786953082084E-07,0.863216,6.93661,-0.645659,1,29.8847,700686,outside_own_roche_hot_not_broken
1400,900,1,belt_rock,5.08047035550256E-05,0.974837,4.25231,-0.737329,1,18.5941,736425,outside_own_roche_hot_not_broken
1400,904,1,belt_rock,6.642726985544086E-05,0.97643,4.18928,-0.736384,1,19.3266,730241,outside_own_roche_hot_not_broken
1400,1002,1,belt_rock,3.458534219604765E-05,0.69061,4.27505,-1.2425,1,64.1505,349325,outside_own_roche_hot_not_broken
1400,1006,1,belt_rock,2.723900722712057E-05,0.973548,4.46086,-1.25386,1,65.5413,344481,outside_own_roche_hot_not_broken
1400,1008,1,belt_rock,4.288151531680917E-05,0.479901,2.89128,-1.03156,1,59.4727,402345,outside_own_roche_hot_not_broken
1400,1020,1,belt_rock,0.00012393235555062696,0.498565,2.70496,-1.03263,1,59.7058,401446,outside_own_roche_hot_not_broken
1400,1038,1,belt_rock,1.123039871300166E-06,0.420362,3.0498,-1.47727,1,99.5088,262447,outside_own_roche_hot_not_broken
1400,1059,1,belt_rock,8.002963060763357E-07,0.97689,7.55535,-0.742658,1,18.2178,735950,outside_own_roche_hot_not_broken
1400,1063,1,belt_rock,7.008552213936559E-07,0.993353,7.88188,-1.2802,1,59.8047,352187,outside_own_roche_hot_not_broken
1400,1066,1,belt_rock,3.0101260918964537E-05,0.994346,6.26851,-1.25475,1,68.7869,337727,outside_own_roche_hot_not_broken
1400,1069,1,belt_rock,4.176475362727333E-06,0.87962,5.10997,-1.01019,1,35.9251,489393,outside_own_roche_hot_not_broken
1400,1091,1,belt_rock,6.484161499446903E-05,0.541467,2.32883,-1.22216,1,105.396,281205,outside_own_roche_hot_not_broken
1400,1124,1,belt_rock,9.01042065793917E-05,0.560984,2.36849,-0.956662,1,72.7501,382710,outside_own_roche_hot_not_broken
1400,1145,1,belt_rock,2.7887310087182198E-05,0.967776,6.15441,-0.641941,1,23.6055,762160,outside_own_roche_hot_not_broken
1400,1154,1,belt_rock,2.3578798003590776E-05,0.937023,4.34598,-0.941945,1,67.8758,398880,outside_own_roche_hot_not_broken
1400,1162,1,belt_rock,8.64979179947056E-05,0.987303,4.17835,-1.29436,1,62.0564,344989,outside_own_roche_hot_not_broken
1400,1185,1,belt_rock,0.00010621860538040504,0.527658,2.21048,-1.03078,1,54.2204,417992,outside_own_roche_hot_not_broken
1400,1214,1,belt_rock,1.1124544848885341E-05,0.436699,2.20488,-1.49035,1,111.348,247780,outside_own_roche_hot_not_broken
1400,1221,1,belt_rock,2.2362078106696202E-06,0.779396,5.00371,-1.46188,1,81.7289,287560,outside_own_roche_hot_not_broken
1400,1241,1,belt_rock,7.223261531182404E-05,0.934061,3.99071,-1.30476,1,114.194,261385,outside_own_roche_hot_not_broken
1400,1253,1,belt_rock,4.474939972688944E-06,0.6374,5.50862,-0.952545,1,72.5679,384026,outside_own_roche_hot_not_broken
1400,1272,1,belt_rock,2.449288943529442E-06,0.91135,5.76218,-1.30347,1,101.792,277247,outside_own_roche_hot_not_broken
1400,1281,1,belt_rock,0.0001255033177684123,0.970661,3.76283,-1.45208,1,87.6803,280270,outside_own_roche_hot_not_broken
1400,1292,1,belt_rock,1.2159294762964989E-05,0.985034,4.9058,-1.05028,1,49.0909,429200,outside_own_roche_hot_not_broken
1400,1310,1,belt_rock,8.68870417300339E-06,0.47522,2.43008,-1.27923,1,72.8549,326108,outside_own_roche_hot_not_broken
1400,1337,1,belt_rock,2.5702876014642227E-05,0.982537,4.51716,-0.640567,1,29.1358,710765,outside_own_roche_hot_not_broken
1400,1348,1,belt_rock,9.319779773392947E-05,0.941824,3.969,-0.643852,1,24.8491,748221,outside_own_roche_hot_not_broken
1400,1365,1,belt_rock,2.2073533536481665E-05,0.937166,6.1559,-0.745276,1,21.0056,708592,outside_own_roche_hot_not_broken
1400,1379,1,belt_rock,6.321398343326647E-05,0.616702,2.65467,-1.02611,1,37.078,479431,outside_own_roche_hot_not_broken
1400,1395,1,belt_rock,2.2132168404336843E-05,0.718336,3.3547,-1.2641,1,72.5777,328902,outside_own_roche_hot_not_broken
1400,1429,1,belt_rock,4.775903706088304E-06,0.523212,4.46533,-0.962926,1,59.6314,418044,outside_own_roche_hot_not_broken
1400,1480,1,belt_rock,6.414234586537477E-06,0.498002,2.71265,-1.2597,1,55.1666,366367,outside_own_roche_hot_not_broken
1400,1508,1,belt_rock,9.281420583424006E-05,0.365383,1.54079,-1.49572,1,88.3348,274684,outside_own_roche_hot_not_broken
1400,1528,1,belt_rock,5.0574990857476974E-05,0.636608,2.77884,-1.03595,1,66.9518,381319,outside_own_roche_hot_not_broken
1400,1529,1,belt_rock,9.471527052528397E-05,0.855012,3.60231,-0.948895,1,59.6369,421489,outside_own_roche_hot_not_broken
1400,1530,1,belt_rock,1.0375013121573242E-06,0.931285,10.7201,-1.21407,1,106.56,280492,outside_own_roche_hot_not_broken
1400,1537,1,belt_rock,2.720107824390686E-06,0.65979,4.10005,-1.28739,1,91.2481,294133,outside_own_roche_hot_not_broken
1400,1549,1,belt_rock,2.041252440654941E-05,0.279448,1.86081,-1.48194,1,137.417,223197,outside_own_roche_hot_not_broken
1400,1572,1,belt_rock,0.00012944083834083187,0.892187,3.70521,-0.64363,1,28.7387,712113,outside_own_roche_hot_not_broken
1400,1592,1,belt_rock,1.7841409363609926E-06,0.438727,2.92818,-0.958228,1,73.8504,379594,outside_own_roche_hot_not_broken
1400,1601,1,belt_rock,7.241245935005754E-05,0.399187,1.70522,-1.23817,1,72.3681,333284,outside_own_roche_hot_not_broken
1400,1610,1,belt_rock,1.497445714382595E-06,0.99735,6.86622,-0.643351,1,21.7764,780020,outside_own_roche_hot_not_broken
1400,1612,1,belt_rock,1.590029528999113E-05,0.940796,4.53667,-0.746355,1,20.5686,711688,outside_own_roche_hot_not_broken
1400,1630,1,belt_rock,2.275288810153228E-06,0.784904,5.02436,-0.973742,1,64.5541,401058,outside_own_roche_hot_not_broken
1400,1644,1,belt_rock,5.328730656895987E-05,0.640577,2.78853,-0.586995,1,68.9263,493003,outside_own_roche_hot_not_broken
1400,1657,1,belt_rock,1.942033007312838E-06,0.652082,4.28849,-1.02086,1,34.874,490226,outside_own_roche_hot_not_broken
1400,1704,1,belt_rock,9.233320338669969E-07,0.737894,5.64978,-1.01797,1,37.6605,479705,outside_own_roche_hot_not_broken
1400,1705,1,belt_rock,7.241293853868404E-05,0.455649,1.82969,-1.03387,1,67.7036,379834,outside_own_roche_hot_not_broken
1400,1721,1,belt_rock,4.311417912617211E-06,0.706399,2.14581,-0.948582,1,75.6354,377055,outside_own_roche_hot_not_broken
1400,1724,1,belt_rock,1.462177369506799E-05,0.741738,3.6139,-1.02274,1,62.0292,397169,outside_own_roche_hot_not_broken
1400,1732,1,belt_rock,2.4248273473964993E-05,0.997688,6.46635,-0.733993,1,22.5545,702957,outside_own_roche_hot_not_broken
1400,1749,1,belt_rock,4.492860204019897E-06,0.654135,3.7539,-0.961004,1,78.8363,366898,outside_own_roche_hot_not_broken
1400,1768,1,belt_rock,7.185553892578624E-07,0.55529,6.89732,-1.03083,1,53.6239,419810,outside_own_roche_hot_not_broken
1400,1794,1,belt_rock,3.442938399011237E-05,0.456546,2.04937,-0.962554,1,75.7102,374111,outside_own_roche_hot_not_broken
1400,1845,1,belt_rock,3.647100791004545E-06,0.741119,4.39535,-1.27049,1,119.036,258897,outside_own_roche_hot_not_broken
1400,1855,1,belt_rock,9.964937321377566E-07,0.873525,6.5877,-0.645589,1,30.0873,698997,outside_own_roche_hot_not_broken
1400,1896,1,belt_rock,3.499665395753723E-06,0.419071,2.50137,-0.956934,1,80.3027,364230,outside_own_roche_hot_not_broken
1400,1932,1,belt_rock,7.785225509393497E-05,0.878359,3.7354,-0.644509,1,28.3724,714749,outside_own_roche_hot_not_broken
1400,1977,1,belt_rock,9.765683184915472E-05,0.508316,2.8143,-1.22458,1,66.4394,347507,outside_own_roche_hot_not_broken
1400,1979,1,belt_rock,1.9358361595623597E-06,0.444599,2.92557,-2.86679,1,5.39685,243385,outside_own_roche_hot_not_broken
1450,22,1,belt_rock,8.591034909746685E-05,0.401667,1.7005,-1.48645,1,124.317,234886,outside_own_roche_hot_not_broken
1450,23,1,belt_rock,0.00012001304674150088,0.74788,3.11624,-0.942155,1,72.7442,385724,outside_own_roche_hot_not_broken
1450,111,1,belt_rock,6.566679056533981E-07,0.967057,7.77107,-0.731039,1,22.2362,707788,outside_own_roche_hot_not_broken
1450,129,1,belt_rock,1.0817756122801134E-05,0.90795,4.58571,-0.945443,1,81.0212,364696,outside_own_roche_hot_not_broken
1450,132,1,belt_rock,2.3258926797284054E-06,0.461794,2.94513,-0.933787,1,69.7306,395560,outside_own_roche_hot_not_broken
1450,173,1,belt_rock,1.0313755962278207E-06,0.581567,4.28681,-1.00549,1,41.5453,468357,outside_own_roche_hot_not_broken
1450,199,1,belt_rock,8.528662937842702E-07,0.887435,6.7805,-0.919212,1,71.4716,393991,outside_own_roche_hot_not_broken
1450,225,1,belt_rock,1.813043676237973E-05,0.684727,3.26165,-1.2422,1,109.712,273244,outside_own_roche_hot_not_broken
1450,263,1,belt_rock,6.624594774401624E-07,0.788742,6.32733,-1.01692,1,46.9117,445422,outside_own_roche_hot_not_broken
1450,298,1,belt_rock,3.132478669401927E-05,0.488078,2.20777,-0.933364,1,68.1577,400010,outside_own_roche_hot_not_broken
1450,323,1,belt_rock,9.582135041635011E-05,0.913336,3.84445,-0.992036,1,57.0151,418925,outside_own_roche_hot_not_broken
1450,337,1,belt_rock,0.00011395067462637273,0.980713,4.09546,-0.990355,1,56.5803,420681,outside_own_roche_hot_not_broken
1450,338,1,belt_rock,1.3836059439018717E-05,0.924457,6.51614,-0.633178,1,27.0538,735215,outside_own_roche_hot_not_broken
1450,392,1,belt_rock,3.6301003373576995E-05,0.737092,3.29646,-1.26073,1,105.358,277049,outside_own_roche_hot_not_broken
1450,433,1,belt_rock,5.796222993616737E-06,0.949051,7.78007,-0.720837,1,20.5703,730242,outside_own_roche_hot_not_broken
1450,449,1,belt_rock,2.011197199927163E-06,0.762493,4.98448,-1.45182,1,103.142,260535,outside_own_roche_hot_not_broken
1450,459,1,belt_rock,1.8875211953657907E-05,0.964744,5.1599,-0.628623,1,24.3756,765175,outside_own_roche_hot_not_broken
1450,468,1,belt_rock,7.07434180973347E-06,0.641318,5.0869,-1.2105,1,92.5414,301678,outside_own_roche_hot_not_broken
1450,479,1,belt_rock,3.392719511201223E-05,0.384297,2.38613,-1.70106,1,162.019,191652,outside_own_roche_hot_not_broken
1450,490,1,belt_rock,6.685319087040335E-07,0.756398,6.05709,-0.941224,1,73.8907,382952,outside_own_roche_hot_not_broken
1450,510,1,belt_rock,1.8747241736540915E-06,0.884211,9.03207,-1.02319,1,62.3488,396189,outside_own_roche_hot_not_broken
1450,531,1,belt_rock,8.21827851585152E-05,0.971782,4.12096,-0.63067,1,23.489,772656,outside_own_roche_hot_not_broken
1450,546,1,belt_rock,7.302283430031609E-07,0.559837,6.93044,-1.46553,1,106.445,255411,outside_own_roche_hot_not_broken
1450,572,1,belt_rock,8.807467696257103E-05,0.955972,4.03962,-0.630449,1,24.2534,764931,outside_own_roche_hot_not_broken
1450,573,1,belt_rock,2.2491168309642697E-05,0.617567,4.0487,-0.928876,1,75.2626,381969,outside_own_roche_hot_not_broken
1450,606,1,belt_rock,7.275144027667875E-07,0.912722,7.18991,-0.630959,1,26.7874,739439,outside_own_roche_hot_not_broken
1450,615,1,belt_rock,3.677118643303391E-06,0.925526,8.28536,-0.723925,1,21.8433,716325,outside_own_roche_hot_not_broken
1450,621,1,belt_rock,3.984914810645337E-05,0.70473,3.12965,-1.23264,1,61.538,356743,outside_own_roche_hot_not_broken
1450,654,1,belt_rock,6.757675773939491E-07,0.482958,3.85933,-1.18845,1,67.3232,351800,outside_own_roche_hot_not_broken
1450,699,1,belt_rock,2.5989139157173602E-05,0.391035,1.79852,-1.2081,1,78.3979,326383,outside_own_roche_hot_not_broken
1450,702,1,belt_rock,1.1289317074143082E-06,0.898281,6.51087,-1.49574,1,129.743,229076,outside_own_roche_hot_not_broken
1450,707,1,belt_rock,9.706564149433196E-07,0.557111,4.12466,-1.20387,1,94.1696,299938,outside_own_roche_hot_not_broken
1450,720,1,belt_rock,6.586090713966271E-07,0.996813,8.16962,-1.22984,1,97.1889,292123,outside_own_roche_hot_not_broken
1450,731,1,belt_rock,4.793449187823939E-05,0.388398,1.70191,-1.19608,1,89.5371,308450,outside_own_roche_hot_not_broken
1450,735,1,belt_rock,9.763124194937906E-05,0.979294,3.85234,-0.630904,1,23.178,775722,outside_own_roche_hot_not_broken
1450,757,1,belt_rock,8.69520400842481E-07,0.994829,7.70889,-0.955408,1,65.9278,401320,outside_own_roche_hot_not_broken
1450,798,1,belt_rock,2.0221278783447786E-06,0.471288,3.07798,-1.00616,1,66.7045,388133,outside_own_roche_hot_not_broken
1450,808,1,belt_rock,1.650636015602605E-05,0.802473,5.50857,-0.995793,1,53.6811,428455,outside_own_roche_hot_not_broken
1450,816,1,belt_rock,3.1641558276192383E-06,0.550695,3.34207,-0.933097,1,73.0394,386846,outside_own_roche_hot_not_broken
1450,824,1,belt_rock,3.599387387985598E-05,0.884488,3.95687,-1.01978,1,45.6067,449190,outside_own_roche_hot_not_broken
1450,828,1,belt_rock,7.310961986766228E-07,0.343276,4.2485,-1.48632,1,107.603,252229,outside_own_roche_hot_not_broken
1450,851,1,belt_rock,6.940234196401335E-05,0.731527,2.94791,-1.45349,1,104.417,258872,outside_own_roche_hot_not_broken
1450,878,1,belt_rock,1.0077853640904324E-06,0.657643,4.86863,-1.43366,1,87.4578,282622,outside_own_roche_hot_not_broken
1450,887,1,belt_rock,4.891841053755979E-05,0.494088,2.93277,-1.20246,1,66.9185,350256,outside_own_roche_hot_not_broken
1450,899,1,belt_rock,5.0373467733765504E-05,0.912109,3.98054,-0.632692,1,27.1829,734362,outside_own_roche_hot_not_broken
1450,914,1,belt_rock,9.839654793734442E-07,0.746559,5.55177,-1.00005,1,59.0901,410743,outside_own_roche_hot_not_broken
1450,938,1,belt_rock,4.614813348566103E-05,0.740151,3.08268,-0.996242,1,36.674,490938,outside_own_roche_hot_not_broken
1450,976,1,belt_rock,6.644448574966501E-07,0.978803,7.84743,-1.65931,1,234.29,155659,outside_own_roche_hot_not_broken
1450,980,1,belt_rock,6.788461588067303E-07,0.996886,7.9591,-0.631393,1,23.1973,775106,outside_own_roche_hot_not_broken
1450,999,1,belt_rock,2.0193878878500018E-05,0.975416,4.42635,-0.729451,1,20.3435,725952,outside_own_roche_hot_not_broken
1450,1012,1,belt_rock,3.079283341384113E-06,0.569432,3.47239,-0.57194,1,67.0042,506673,outside_own_roche_hot_not_broken
1450,1020,1,belt_rock,0.00012393235555062696,0.977424,5.303,-1.02557,1,60.2704,401446,outside_own_roche_hot_not_broken
1450,1051,1,belt_rock,6.065796713657821E-05,0.974392,3.96656,-1.18097,1,83.5402,320935,outside_own_roche_hot_not_broken
1450,1056,1,belt_rock,3.1722963361190054E-05,0.794731,3.59273,-1.2342,1,96.8564,292098,outside_own_roche_hot_not_broken
1450,1065,1,belt_rock,1.2378958103551002E-06,0.920712,6.56108,-0.634221,1,27.6709,728646,outside_own_roche_hot_not_broken
1450,1069,1,belt_rock,4.176475362727333E-06,0.666125,3.86972,-1.00504,1,36.337,489395,outside_own_roche_hot_not_broken
1450,1077,1,belt_rock,1.5912252144867457E-06,0.458688,3.12379,-0.930456,1,72.7533,388153,outside_own_roche_hot_not_broken
1450,1124,1,belt_rock,9.01042065793917E-05,0.883046,3.72824,-0.945492,1,73.6433,382711,outside_own_roche_hot_not_broken
1450,1131,1,belt_rock,2.1440727379131126E-06,0.31706,2.0501,-1.27103,1,117.223,260990,outside_own_roche_hot_not_broken
1450,1142,1,belt_rock,1.6886141314991132E-06,0.99736,6.72127,-0.634167,1,24.5373,759023,outside_own_roche_hot_not_broken
1450,1154,1,belt_rock,2.3578798003590776E-05,0.527265,2.44549,-0.932159,1,68.6586,398880,outside_own_roche_hot_not_broken
1450,1160,1,belt_rock,1.8870760853445593E-06,0.712985,4.71239,-0.999994,1,59.3915,409870,outside_own_roche_hot_not_broken
1450,1185,1,belt_rock,0.00010621860538040504,0.956958,4.00892,-1.02412,1,54.7532,417991,outside_own_roche_hot_not_broken
1450,1195,1,belt_rock,4.933013102614774E-05,0.84704,3.70478,-1.18447,1,65.4245,356670,outside_own_roche_hot_not_broken
1450,1221,1,belt_rock,2.2362078106696202E-06,0.562514,3.61133,-1.44826,1,82.8176,287560,outside_own_roche_hot_not_broken
1450,1222,1,belt_rock,6.567551089215899E-06,0.867139,6.97386,-1.23325,1,108.625,275622,outside_own_roche_hot_not_broken
1450,1232,1,belt_rock,1.1018607877703977E-05,0.426926,2.15382,-1.20938,1,75.8279,331051,outside_own_roche_hot_not_broken
1450,1253,1,belt_rock,4.474939972688944E-06,0.802697,6.93717,-0.941711,1,73.4344,384027,outside_own_roche_hot_not_broken
1450,1254,1,belt_rock,4.271535590295029E-05,0.763258,3.37058,-0.998746,1,58.4137,413063,outside_own_roche_hot_not_broken
1450,1274,1,belt_rock,1.3392560690466934E-05,0.99365,7.05683,-1.17941,1,76.717,333970,outside_own_roche_hot_not_broken
1450,1275,1,belt_rock,6.576178648915663E-07,0.801047,10.136,-1.2308,1,68.902,341360,outside_own_roche_hot_not_broken
1450,1281,1,belt_rock,0.0001255033177684123,0.360596,1.39787,-1.4356,1,88.9977,280271,outside_own_roche_hot_not_broken
1450,1287,1,belt_rock,2.6131822303054097E-05,0.958304,4.39913,-0.629169,1,26.161,746879,outside_own_roche_hot_not_broken
1450,1294,1,belt_rock,7.912144320608955E-05,0.86442,3.67395,-0.993139,1,47.3985,450392,outside_own_roche_hot_not_broken
1450,1310,1,belt_rock,8.68870417300339E-06,0.894101,4.57206,-1.26576,1,73.9332,326108,outside_own_roche_hot_not_broken
1450,1312,1,belt_rock,9.413123027088383E-05,0.9811,3.86844,-0.634636,1,24.8508,755500,outside_own_roche_hot_not_broken
1450,1337,1,belt_rock,2.5702876014642227E-05,0.934822,4.2978,-0.638118,1,29.3321,710762,outside_own_roche_hot_not_broken
1450,1391,1,belt_rock,6.820244124305144E-05,0.672815,2.88304,-1.00277,1,56.597,417576,outside_own_roche_hot_not_broken
1450,1395,1,belt_rock,2.2132168404336843E-05,0.655047,3.05914,-1.25238,1,73.5151,328902,outside_own_roche_hot_not_broken
1450,1402,1,belt_rock,0.00013086889619444062,0.467938,1.94328,-1.19268,1,67.7448,350162,outside_own_roche_hot_not_broken
1450,1429,1,belt_rock,4.775903706088304E-06,0.968783,8.26804,-0.955586,1,60.2185,418044,outside_own_roche_hot_not_broken
1450,1508,1,belt_rock,9.281420583424006E-05,0.956762,4.03458,-1.47744,1,89.798,274682,outside_own_roche_hot_not_broken
1450,1518,1,belt_rock,5.578760822173084E-05,0.999966,4.33691,-0.988521,1,60.1339,410386,outside_own_roche_hot_not_broken
1450,1530,1,belt_rock,1.0375013121573242E-06,0.457129,5.26203,-1.19552,1,108.043,280493,outside_own_roche_hot_not_broken
1450,1597,1,belt_rock,1.0692946945625085E-05,0.959749,4.85354,-0.918694,1,63.5422,416908,outside_own_roche_hot_not_broken
1450,1644,1,belt_rock,5.328730656895987E-05,0.932174,4.05789,-0.578964,1,69.5684,493005,outside_own_roche_hot_not_broken
1450,1657,1,belt_rock,1.942033007312838E-06,0.908589,5.97544,-1.0163,1,35.2386,490224,outside_own_roche_hot_not_broken
1450,1701,1,belt_rock,6.603382234169165E-05,0.805755,3.25792,-0.994991,1,46.5483,452899,outside_own_roche_hot_not_broken
1450,1704,1,belt_rock,9.233320338669969E-07,0.770317,5.89804,-1.0117,1,38.1623,479705,outside_own_roche_hot_not_broken
1450,1711,1,belt_rock,8.655283460153985E-05,0.856122,3.62175,-0.994507,1,53.8649,428195,outside_own_roche_hot_not_broken
1450,1721,1,belt_rock,4.311417912617211E-06,0.732182,2.22413,-0.937692,1,76.5065,377055,outside_own_roche_hot_not_broken
1450,1724,1,belt_rock,1.462177369506799E-05,0.687619,3.35022,-1.01283,1,62.8224,397169,outside_own_roche_hot_not_broken
1450,1732,1,belt_rock,2.4248273473964993E-05,0.954335,6.18536,-0.732024,1,22.7122,702956,outside_own_roche_hot_not_broken
1450,1830,1,belt_rock,1.315307222647193E-05,0.952734,4.56862,-0.720376,1,20.5075,731174,outside_own_roche_hot_not_broken
1450,1840,1,belt_rock,3.6783261126248175E-06,0.856033,5.07018,-0.921659,1,69.8651,397862,outside_own_roche_hot_not_broken
1450,1845,1,belt_rock,3.647100791004545E-06,0.678364,4.02317,-1.25747,1,120.078,258896,outside_own_roche_hot_not_broken
1450,1858,1,belt_rock,1.6215334315138656E-05,0.567774,3.91154,-1.20212,1,79.2547,325680,outside_own_roche_hot_not_broken
1450,1920,1,belt_rock,6.781631266321813E-05,0.830466,3.35099,-0.921018,1,70.8422,395313,outside_own_roche_hot_not_broken
1450,1942,1,belt_rock,2.9344414706457616E-05,0.547329,2.49263,-1.45509,1,92.4021,273609,outside_own_roche_hot_not_broken
1450,1977,1,belt_rock,9.765683184915472E-05,0.875166,4.84537,-1.21268,1,67.3915,347507,outside_own_roche_hot_not_broken
1450,1979,1,belt_rock,1.9358361595623597E-06,0.552465,3.63536,-2.87095,1,5.06306,243385,outside_own_roche_hot_not_broken
1500,3,1,planet,1.000041577219658,0.868086,3.63737,-1.38697,1,109.155,259558,outside_own_roche_hot_not_broken
1500,22,1,belt_rock,8.591034909746685E-05,0.94646,4.00694,-1.4617,1,126.297,234886,outside_own_roche_hot_not_broken
1500,33,1,belt_rock,7.873348398412519E-07,0.683809,5.30523,-0.97596,1,35.2964,503930,outside_own_roche_hot_not_broken
1500,49,1,belt_rock,5.069891646821336E-06,0.729047,4.10042,-0.975987,1,45.0726,463917,outside_own_roche_hot_not_broken
1500,80,1,belt_rock,8.394409761393371E-05,0.489318,2.07322,-0.913256,1,65.4927,412348,outside_own_roche_hot_not_broken
1500,150,1,belt_rock,1.0009771444657666E-06,0.485813,3.60112,-0.91075,1,65.4689,413016,outside_own_roche_hot_not_broken
1500,188,1,belt_rock,0.00011360651665443813,0.654931,2.73533,-0.908719,1,65.5183,413355,outside_own_roche_hot_not_broken
1500,199,1,belt_rock,8.528662937842702E-07,0.567537,4.3363,-0.908506,1,72.328,393992,outside_own_roche_hot_not_broken
1500,225,1,belt_rock,1.813043676237973E-05,0.728081,3.46817,-1.22935,1,110.741,273244,outside_own_roche_hot_not_broken
1500,226,1,belt_rock,6.229078729211419E-06,0.792342,4.33573,-1.41596,1,95.4251,273750,outside_own_roche_hot_not_broken
1500,295,1,belt_rock,2.301472447944057E-06,0.986076,6.29995,-0.708673,1,19.1546,753240,outside_own_roche_hot_not_broken
1500,323,1,belt_rock,9.582135041635011E-05,0.556387,2.34196,-0.98378,1,57.6753,418926,outside_own_roche_hot_not_broken
1500,334,1,belt_rock,1.9725231062414738E-05,0.319351,1.50832,-1.39549,1,108.831,259138,outside_own_roche_hot_not_broken
1500,337,1,belt_rock,0.00011395067462637273,0.520018,2.1716,-0.984098,1,57.0806,420682,outside_own_roche_hot_not_broken
1500,339,1,belt_rock,4.3769868853161944E-05,0.983366,4.33301,-0.707463,1,19.2803,752953,outside_own_roche_hot_not_broken
1500,431,1,belt_rock,2.5933179387092167E-05,0.625635,2.76286,-0.883922,1,48.4698,479363,outside_own_roche_hot_not_broken
1500,438,1,belt_rock,9.166936833783189E-06,0.966713,4.99476,-1.15134,1,73.1299,345759,outside_own_roche_hot_not_broken
1500,449,1,belt_rock,2.011197199927163E-06,0.608954,3.98078,-1.43824,1,104.229,260534,outside_own_roche_hot_not_broken
1500,464,1,belt_rock,3.879567028825407E-06,0.660488,3.86915,-0.883289,1,46.8175,486311,outside_own_roche_hot_not_broken
1500,479,1,belt_rock,3.392719511201223E-05,0.9529,5.91662,-1.67054,1,164.459,191652,outside_own_roche_hot_not_broken
1500,537,1,belt_rock,1.25216236511179E-05,0.618296,3.07015,-1.21638,1,90.1675,304740,outside_own_roche_hot_not_broken
1500,546,1,belt_rock,7.302283430031609E-07,0.808523,10.009,-1.45073,1,107.629,255410,outside_own_roche_hot_not_broken
1500,555,1,belt_rock,1.0074173281330098E-05,0.959388,4.87868,-0.621267,1,26.0833,753875,outside_own_roche_hot_not_broken
1500,573,1,belt_rock,2.2491168309642697E-05,0.827454,5.4247,-0.917762,1,76.1515,381970,outside_own_roche_hot_not_broken
1500,598,1,belt_rock,1.5025550365101884E-05,0.921558,4.48176,-1.14994,1,58.7346,379037,outside_own_roche_hot_not_broken
1500,614,1,belt_rock,3.754598078788781E-05,0.475974,2.91399,-0.910459,1,70.5232,398522,outside_own_roche_hot_not_broken
1500,620,1,belt_rock,1.688403118547852E-05,0.324531,1.55983,-1.67494,1,159.214,194851,outside_own_roche_hot_not_broken
1500,621,1,belt_rock,3.984914810645337E-05,0.672908,2.98833,-1.22192,1,62.3959,356743,outside_own_roche_hot_not_broken
1500,685,1,belt_rock,3.934263700985176E-05,0.575211,3.50129,-0.982167,1,51.6578,438698,outside_own_roche_hot_not_broken
1500,707,1,belt_rock,9.706564149433196E-07,0.837799,6.20279,-1.18971,1,95.3033,299937,outside_own_roche_hot_not_broken
1500,724,1,belt_rock,1.0260498174324889E-05,0.705879,3.51642,-1.16419,1,75.0744,339649,outside_own_roche_hot_not_broken
1500,747,1,belt_rock,1.1937101192021467E-05,0.967221,6.98171,-0.618424,1,24.7698,769521,outside_own_roche_hot_not_broken
1500,755,1,belt_rock,0.00010987808730037803,0.34595,1.44723,-1.22133,1,93.104,299419,outside_own_roche_hot_not_broken
1500,760,1,belt_rock,2.0548258717118188E-05,0.916537,4.15342,-0.968717,1,46.7557,459805,outside_own_roche_hot_not_broken
1500,772,1,belt_rock,0.00012201131044899116,0.349812,1.4567,-1.17589,1,93.9006,303939,outside_own_roche_hot_not_broken
1500,776,1,belt_rock,6.660268888965755E-07,0.985223,7.89524,-0.959546,1,29.4073,538114,outside_own_roche_hot_not_broken
1500,789,1,belt_rock,6.569531378108764E-07,0.949836,7.7886,-0.96661,1,44.0243,470793,outside_own_roche_hot_not_broken
1500,808,1,belt_rock,1.650636015602605E-05,0.653074,4.48302,-0.987145,1,54.3729,428455,outside_own_roche_hot_not_broken
1500,828,1,belt_rock,7.310961986766228E-07,0.982719,12.1624,-1.46181,1,109.563,252230,outside_own_roche_hot_not_broken
1500,832,1,belt_rock,6.321687646580635E-06,0.992915,5.31921,-0.62202,1,25.2472,761672,outside_own_roche_hot_not_broken
1500,835,1,belt_rock,1.3283206087038474E-06,0.689134,7.54266,-0.90594,1,64.9698,415672,outside_own_roche_hot_not_broken
1500,839,1,belt_rock,0.00011527774719392456,0.557798,2.32818,-0.912458,1,65.7684,411718,outside_own_roche_hot_not_broken
1500,851,1,belt_rock,6.940234196401335E-05,0.644113,2.59565,-1.44037,1,105.467,258871,outside_own_roche_hot_not_broken
1500,872,1,belt_rock,0.0001265295520468032,0.972948,4.04565,-1.38294,1,108.554,260652,outside_own_roche_hot_not_broken
1500,878,1,belt_rock,1.0077853640904324E-06,0.701338,5.19211,-1.42101,1,88.4696,282622,outside_own_roche_hot_not_broken
1500,887,1,belt_rock,4.891841053755979E-05,0.896957,5.3241,-1.19074,1,67.8568,350255,outside_own_roche_hot_not_broken
1500,914,1,belt_rock,9.839654793734442E-07,0.693273,5.1555,-0.990597,1,59.8467,410743,outside_own_roche_hot_not_broken
1500,938,1,belt_rock,4.614813348566103E-05,0.786204,3.27449,-0.990307,1,37.1489,490938,outside_own_roche_hot_not_broken
1500,964,1,belt_rock,2.4716827128849646E-05,0.637204,2.94225,-0.908769,1,62.8133,421593,outside_own_roche_hot_not_broken
1500,969,1,belt_rock,5.908919641170029E-07,0.936029,4.4228,-1.41807,1,154.255,213418,outside_own_roche_hot_not_broken
1500,976,1,belt_rock,6.644448574966501E-07,0.421636,3.38041,-1.63048,1,236.598,155658,outside_own_roche_hot_not_broken
1500,1051,1,belt_rock,6.065796713657821E-05,0.419369,1.70717,-1.1668,1,84.674,320935,outside_own_roche_hot_not_broken
1500,1056,1,belt_rock,3.1722963361190054E-05,0.600259,2.71358,-1.22074,1,97.9338,292098,outside_own_roche_hot_not_broken
1500,1160,1,belt_rock,1.8870760853445593E-06,0.726147,4.79938,-0.990504,1,60.1508,409869,outside_own_roche_hot_not_broken
1500,1195,1,belt_rock,4.933013102614774E-05,0.543445,2.37692,-1.17303,1,66.3402,356670,outside_own_roche_hot_not_broken
1500,1222,1,belt_rock,6.567551089215899E-06,0.530906,4.26974,-1.21744,1,109.891,275620,outside_own_roche_hot_not_broken
1500,1232,1,belt_rock,1.1018607877703977E-05,0.967569,4.88134,-1.19709,1,76.8121,331049,outside_own_roche_hot_not_broken
1500,1254,1,belt_rock,4.271535590295029E-05,0.678601,2.99673,-0.989379,1,59.1631,413063,outside_own_roche_hot_not_broken
1500,1274,1,belt_rock,1.3392560690466934E-05,0.414579,2.94431,-1.16865,1,77.578,333970,outside_own_roche_hot_not_broken
1500,1275,1,belt_rock,6.576178648915663E-07,0.576526,7.29506,-1.21892,1,69.8533,341359,outside_own_roche_hot_not_broken
1500,1294,1,belt_rock,7.912144320608955E-05,0.623483,2.64992,-0.985944,1,47.9739,450393,outside_own_roche_hot_not_broken
1500,1302,1,belt_rock,4.7713619758031443E-05,0.554537,3.29928,-0.984638,1,56.2956,422992,outside_own_roche_hot_not_broken
1500,1340,1,belt_rock,3.120729144962515E-06,0.989966,6.02257,-0.891177,1,64.2283,421569,outside_own_roche_hot_not_broken
1500,1391,1,belt_rock,6.820244124305144E-05,0.77173,3.3069,-0.993624,1,57.3287,417576,outside_own_roche_hot_not_broken
1500,1396,1,belt_rock,1.65993682879337E-05,0.875001,4.20979,-1.42169,1,158.395,209944,outside_own_roche_hot_not_broken
1500,1402,1,belt_rock,0.00013086889619444062,0.93103,3.86643,-1.18142,1,68.6459,350162,outside_own_roche_hot_not_broken
1500,1445,1,belt_rock,1.2390191804910979E-06,0.95822,6.92362,-0.619903,1,25.5076,760749,outside_own_roche_hot_not_broken
1500,1518,1,belt_rock,5.578760822173084E-05,0.499596,2.16677,-0.982366,1,60.6262,410386,outside_own_roche_hot_not_broken
1500,1597,1,belt_rock,1.0692946945625085E-05,0.529288,2.67666,-0.910423,1,64.204,416908,outside_own_roche_hot_not_broken
1500,1655,1,belt_rock,1.7631660868541665E-05,0.926529,4.42261,-0.967353,1,47.0775,459019,outside_own_roche_hot_not_broken
1500,1701,1,belt_rock,6.603382234169165E-05,0.67313,2.72168,-0.987478,1,47.1493,452899,outside_own_roche_hot_not_broken
1500,1711,1,belt_rock,8.655283460153985E-05,0.607346,2.56933,-0.986107,1,54.5368,428195,outside_own_roche_hot_not_broken
1500,1791,1,belt_rock,2.1069297519723604E-05,0.504264,3.3435,-1.1678,1,60.9331,370129,outside_own_roche_hot_not_broken
1500,1797,1,belt_rock,3.1528712417947605E-06,0.9348,8.63273,-1.13952,1,58.8834,380767,outside_own_roche_hot_not_broken
1500,1800,1,belt_rock,3.8179628633421815E-05,0.994911,4.42785,-0.711925,1,19.8465,743903,outside_own_roche_hot_not_broken
1500,1829,1,belt_rock,6.819856322480782E-05,0.868971,3.72347,-0.898279,1,67.5107,409923,outside_own_roche_hot_not_broken
1500,1840,1,belt_rock,3.6783261126248175E-06,0.596961,3.53573,-0.911171,1,70.7041,397862,outside_own_roche_hot_not_broken
1500,1857,1,belt_rock,2.2038280406786937E-05,0.792555,3.69982,-0.971489,1,35.3963,505078,outside_own_roche_hot_not_broken
1500,1858,1,belt_rock,1.6215334315138656E-05,0.818785,5.64083,-1.18925,1,80.2848,325679,outside_own_roche_hot_not_broken
1500,1920,1,belt_rock,6.781631266321813E-05,0.61965,2.50034,-0.910454,1,71.6872,395314,outside_own_roche_hot_not_broken
1500,1942,1,belt_rock,2.9344414706457616E-05,0.80577,3.66961,-1.44055,1,93.5659,273608,outside_own_roche_hot_not_broken
1500,1979,1,belt_rock,1.9358361595623597E-06,0.418969,2.75692,-2.86858,1,5.25303,243385,outside_own_roche_hot_not_broken
1550,0,2,moon,0.0001921875,0.751861,3.3815,-1.57542,1,102.011,250531,outside_own_roche_hot_not_broken
1550,1,2,moon,0.0001921875,0.74105,3.33288,-1.57613,1,101.974,250509,outside_own_roche_hot_not_broken
1550,3,1,planet,1.000041577219658,0.502772,2.10666,-1.36993,1,110.517,259560,outside_own_roche_hot_not_broken
1550,9,2,moon,0.0001921875,0.74105,3.33288,-1.57613,1,101.974,250509,outside_own_roche_hot_not_broken
1550,33,1,belt_rock,7.873348398412519E-07,0.884306,6.86076,-0.971095,1,35.6868,503925,outside_own_roche_hot_not_broken
1550,49,1,belt_rock,5.069891646821336E-06,0.759532,4.27187,-0.968876,1,45.6465,463898,outside_own_roche_hot_not_broken
1550,66,1,belt_rock,0.00011775981766351847,0.624487,1.22374,-0.958069,1,40.7322,486738,outside_own_roche_hot_not_broken
1550,70,2,moon,0.0001921875,0.751861,3.3815,-1.57542,1,102.011,250531,outside_own_roche_hot_not_broken
1550,81,1,belt_rock,6.567670551217517E-07,0.817987,6.57299,-0.854482,1,46.0436,499397,outside_own_roche_hot_not_broken
1550,124,1,belt_rock,1.8035420372590957E-05,0.336192,2.28043,-1.40487,1,89.9628,282340,outside_own_roche_hot_not_broken
1550,126,2,moon,0.0001921875,0.751861,3.3815,-1.57542,1,102.011,250531,outside_own_roche_hot_not_broken
1550,130,1,belt_rock,4.015900961947586E-05,0.628569,2.65106,-0.972024,1,54.7964,430996,outside_own_roche_hot_not_broken
1550,138,2,moon,0.0001921875,0.74105,3.33288,-1.57613,1,101.974,250509,outside_own_roche_hot_not_broken
1550,143,1,belt_rock,4.340612022266509E-05,0.749646,3.30919,-0.858204,1,43.8134,507978,outside_own_roche_hot_not_broken
1550,152,1,belt_rock,3.6071275132237348E-06,0.912133,8.21261,-1.11974,1,56.6346,390744,outside_own_roche_hot_not_broken
1550,156,1,belt_rock,7.919609693281555E-06,0.76079,4.00518,-0.949713,1,28.2118,548351,outside_own_roche_hot_not_broken
1550,162,2,moon,0.0001921875,0.74105,3.33288,-1.57613,1,101.974,250509,outside_own_roche_hot_not_broken
1550,178,2,moon,0.0001921875,0.751861,3.3815,-1.57542,1,102.011,250531,outside_own_roche_hot_not_broken
1550,188,1,belt_rock,0.00011360651665443813,0.803815,3.35715,-0.898888,1,66.3034,413359,outside_own_roche_hot_not_broken
1550,207,2,moon,0.0001921875,0.74105,3.33288,-1.57613,1,101.974,250509,outside_own_roche_hot_not_broken
1550,216,2,moon,0.0001921875,0.751861,3.3815,-1.57542,1,102.011,250531,outside_own_roche_hot_not_broken
1550,223,1,belt_rock,3.520490512440083E-05,0.655305,4.04994,-1.78632,1,200.613,166314,outside_own_roche_hot_not_broken
1550,226,1,belt_rock,6.229078729211419E-06,0.571312,3.12625,-1.40189,1,96.5529,273748,outside_own_roche_hot_not_broken
1550,229,2,moon,0.0001921875,0.74105,3.33288,-1.57613,1,101.974,250509,outside_own_roche_hot_not_broken
1550,248,2,moon,0.0001921875,0.751861,3.3815,-1.57542,1,102.011,250531,outside_own_roche_hot_not_broken
1550,254,2,moon,0.0001921875,0.751861,3.3815,-1.57542,1,102.011,250531,outside_own_roche_hot_not_broken
1550,294,2,moon,0.0001921875,0.74105,3.33288,-1.57613,1,101.974,250509,outside_own_roche_hot_not_broken
1550,380,1,belt_rock,1.940742606575168E-05,0.725803,3.43226,-1.13689,1,86.7856,321443,outside_own_roche_hot_not_broken
1550,393,1,belt_rock,9.773110611002353E-06,0.671591,3.43586,-0.957147,1,37.8883,499145,outside_own_roche_hot_not_broken
1550,398,2,moon,0.0001921875,0.74105,3.33288,-1.57613,1,101.974,250509,outside_own_roche_hot_not_broken
1550,412,2,moon,0.0001921875,0.74105,3.33288,-1.57613,1,101.974,250509,outside_own_roche_hot_not_broken
1550,425,1,belt_rock,5.181125882081864E-06,0.640647,3.58877,-0.957616,1,53.1729,440216,outside_own_roche_hot_not_broken
1550,431,1,belt_rock,2.5933179387092167E-05,0.916126,4.0457,-0.877629,1,48.9711,479371,outside_own_roche_hot_not_broken
1550,438,1,belt_rock,9.166936833783189E-06,0.443722,2.2926,-1.14006,1,74.0314,345760,outside_own_roche_hot_not_broken
1550,448,2,moon,0.0001921875,0.751861,3.3815,-1.57542,1,102.011,250531,outside_own_roche_hot_not_broken
1550,453,1,belt_rock,6.992885638261917E-05,0.699414,3.99551,-1.36351,1,88.6133,288993,outside_own_roche_hot_not_broken
1550,460,1,belt_rock,6.572945783292398E-07,0.867669,6.97112,-0.945427,1,29.4848,543500,outside_own_roche_hot_not_broken
1550,464,1,belt_rock,3.879567028825407E-06,0.876981,5.13737,-0.876775,1,47.3368,486318,outside_own_roche_hot_not_broken
1550,473,1,belt_rock,1.868486202232704E-05,0.511789,3.45177,-1.13908,1,54.8268,391442,outside_own_roche_hot_not_broken
1550,474,2,moon,0.0001921875,0.751861,3.3815,-1.57542,1,102.011,250531,outside_own_roche_hot_not_broken
1550,494,1,belt_rock,5.102479074598439E-06,0.455418,3.84646,-1.14305,1,61.5236,373491,outside_own_roche_hot_not_broken
1550,537,1,belt_rock,1.25216236511179E-05,0.775372,3.85011,-1.2036,1,91.1927,304736,outside_own_roche_hot_not_broken
1550,544,2,moon,0.0001921875,0.751861,3.3815,-1.57542,1,102.011,250531,outside_own_roche_hot_not_broken
1550,579,2,moon,0.0001921875,0.74105,3.33288,-1.57613,1,101.974,250509,outside_own_roche_hot_not_broken
1550,596,2,moon,0.0001921875,0.74105,3.33288,-1.57613,1,101.974,250509,outside_own_roche_hot_not_broken
1550,598,1,belt_rock,1.5025550365101884E-05,0.5009,2.436,-1.14087,1,59.4599,379038,outside_own_roche_hot_not_broken
1550,605,2,moon,0.0001921875,0.751861,3.3815,-1.57542,1,102.011,250531,outside_own_roche_hot_not_broken
1550,620,1,belt_rock,1.688403118547852E-05,0.991911,4.76754,-1.63488,1,162.419,194851,outside_own_roche_hot_not_broken
1550,624,1,belt_rock,5.612562519785337E-06,0.824311,4.56049,-0.879233,1,66.6617,417022,outside_own_roche_hot_not_broken
1550,626,1,belt_rock,5.280982166788213E-06,0.813167,6.82821,-1.77776,1,210.236,162097,outside_own_roche_hot_not_broken
1550,658,2,moon,0.0001921875,0.74105,3.33288,-1.57613,1,101.974,250509,outside_own_roche_hot_not_broken
1550,685,1,belt_rock,3.934263700985176E-05,0.916926,5.58131,-0.975083,1,52.2257,438694,outside_own_roche_hot_not_broken
1550,688,1,belt_rock,0.00012025778915883485,0.499044,2.07915,-0.966279,1,58.5034,420690,outside_own_roche_hot_not_broken
1550,711,1,belt_rock,6.574452403832531E-07,0.671306,5.50383,-0.956367,1,43.0999,477656,outside_own_roche_hot_not_broken
1550,721,2,moon,0.0001921875,0.751861,3.3815,-1.57542,1,102.011,250531,outside_own_roche_hot_not_broken
1550,724,1,belt_rock,1.0260498174324889E-05,0.687898,3.42684,-1.15263,1,75.9983,339651,outside_own_roche_hot_not_broken
1550,736,1,belt_rock,8.449826855926906E-06,0.627303,3.27226,-0.959185,1,37.0223,502229,outside_own_roche_hot_not_broken
1550,760,1,belt_rock,2.0548258717118188E-05,0.600955,2.72331,-0.962504,1,47.2522,459806,outside_own_roche_hot_not_broken
1550,776,1,belt_rock,6.660268888965755E-07,0.697547,5.58991,-0.956882,1,29.6194,538119,outside_own_roche_hot_not_broken
1550,788,2,moon,0.0001921875,0.74105,3.33288,-1.57613,1,101.974,250509,outside_own_roche_hot_not_broken
1550,789,1,belt_rock,6.569531378108764E-07,0.598691,4.90923,-0.961581,1,44.4262,470794,outside_own_roche_hot_not_broken
1550,806,1,belt_rock,6.877766768383333E-06,0.751919,3.9822,-0.881828,1,61.6861,432059,outside_own_roche_hot_not_broken
1550,835,1,belt_rock,1.3283206087038474E-06,0.769562,8.42296,-0.896231,1,65.7455,415676,outside_own_roche_hot_not_broken
1550,839,1,belt_rock,0.00011527774719392456,0.914044,3.8151,-0.902873,1,66.5334,411724,outside_own_roche_hot_not_broken
1550,841,1,belt_rock,0.00012286983867613435,0.921075,3.8349,-1.11841,1,54.0143,398170,outside_own_roche_hot_not_broken
1550,852,2,moon,0.0001921875,0.751861,3.3815,-1.57542,1,102.011,250531,outside_own_roche_hot_not_broken
1550,870,1,belt_rock,4.0718180270311874E-05,0.341039,2.0684,-1.36678,1,93.216,282052,outside_own_roche_hot_not_broken
1550,872,1,belt_rock,0.0001265295520468032,0.373327,1.55235,-1.35953,1,110.427,260652,outside_own_roche_hot_not_broken
1550,875,1,belt_rock,7.484029169640384E-07,0.846047,6.75665,-0.851812,1,50.7541,480509,outside_own_roche_hot_not_broken
1550,884,2,moon,0.0001921875,0.751861,3.3815,-1.57542,1,102.011,250531,outside_own_roche_hot_not_broken
1550,890,2,moon,0.0001921875,0.74105,3.33288,-1.57613,1,101.974,250509,outside_own_roche_hot_not_broken
1550,916,1,belt_rock,4.612318145272097E-06,0.502616,2.86896,-0.890331,1,68.3753,409251,outside_own_roche_hot_not_broken
1550,924,2,moon,0.0001921875,0.74105,3.33288,-1.57613,1,101.974,250509,outside_own_roche_hot_not_broken
1550,933,2,moon,0.0001921875,0.74105,3.33288,-1.57613,1,101.974,250509,outside_own_roche_hot_not_broken
1550,964,1,belt_rock,2.4716827128849646E-05,0.828089,3.82365,-0.8993,1,63.5692,421598,outside_own_roche_hot_not_broken
1550,969,1,belt_rock,5.908919641170029E-07,0.460378,2.17532,-1.3961,1,156.017,213414,outside_own_roche_hot_not_broken
1550,979,2,moon,0.0001921875,0.74105,3.33288,-1.57613,1,101.974,250509,outside_own_roche_hot_not_broken
1550,984,1,belt_rock,1.152880737286123E-05,0.341683,1.67282,-1.18405,1,99.9767,293435,outside_own_roche_hot_not_broken
1550,992,1,belt_rock,9.249848985838083E-07,0.646643,7.62161,-1.14044,1,96.1018,304970,outside_own_roche_hot_not_broken
1550,994,1,belt_rock,1.745865127732295E-05,0.578158,2.76693,-1.36457,1,72.7076,314132,outside_own_roche_hot_not_broken
1550,1009,1,belt_rock,2.1188508753212374E-05,0.827664,3.87737,-0.879928,1,66.6824,416790,outside_own_roche_hot_not_broken
1550,1013,2,moon,0.0001921875,0.751861,3.3815,-1.57542,1,102.011,250531,outside_own_roche_hot_not_broken
1550,1080,2,moon,0.0001921875,0.74105,3.33288,-1.57613,1,101.974,250509,outside_own_roche_hot_not_broken
1550,1086,1,belt_rock,7.701292930739975E-05,0.782168,3.33092,-1.58314,1,134.545,218732,outside_own_roche_hot_not_broken
1550,1090,2,moon,0.0001921875,0.74105,3.33288,-1.57613,1,101.974,250509,outside_own_roche_hot_not_broken
1550,1125,2,moon,0.0001921875,0.751861,3.3815,-1.57542,1,102.011,250531,outside_own_roche_hot_not_broken
1550,1141,1,belt_rock,6.569620341173448E-07,0.544599,4.3759,-0.890291,1,64.4648,421055,outside_own_roche_hot_not_broken
1550,1164,1,belt_rock,6.730494887113006E-07,0.958779,7.66764,-0.958565,1,46.6731,463140,outside_own_roche_hot_not_broken
1550,1172,2,moon,0.0001921875,0.751861,3.3815,-1.57542,1,102.011,250531,outside_own_roche_hot_not_broken
1550,1197,1,belt_rock,8.535780065514528E-07,0.917562,10.996,-1.34716,1,74.7943,312938,outside_own_roche_hot_not_broken
1550,1209,1,belt_rock,3.778331761941263E-05,0.517898,2.30779,-0.962914,1,56.422,428100,outside_own_roche_hot_not_broken
1550,1228,2,moon,0.0001921875,0.751861,3.3815,-1.57542,1,102.011,250531,outside_own_roche_hot_not_broken
1550,1276,2,moon,0.0001921875,0.74105,3.33288,-1.57613,1,101.974,250509,outside_own_roche_hot_not_broken
1550,1295,2,moon,0.0001921875,0.751861,3.3815,-1.57542,1,102.011,250531,outside_own_roche_hot_not_broken
1550,1302,1,belt_rock,4.7713619758031443E-05,0.923027,5.49165,-0.976771,1,56.9263,422988,outside_own_roche_hot_not_broken
1550,1340,1,belt_rock,3.120729144962515E-06,0.51809,3.15186,-0.883741,1,64.8239,421567,outside_own_roche_hot_not_broken
1550,1350,2,moon,0.0001921875,0.74105,3.33288,-1.57613,1,101.974,250509,outside_own_roche_hot_not_broken
1550,1359,1,belt_rock,4.470043932629267E-05,0.700805,3.08569,-1.18285,1,82.9168,321791,outside_own_roche_hot_not_broken
1550,1373,1,belt_rock,7.755539609164374E-07,0.505418,3.93259,-1.19239,1,69.6175,346237,outside_own_roche_hot_not_broken
1550,1390,2,moon,0.0001921875,0.751861,3.3815,-1.57542,1,102.011,250531,outside_own_roche_hot_not_broken
1550,1393,2,moon,0.0001921875,0.74105,3.33288,-1.57613,1,101.974,250509,outside_own_roche_hot_not_broken
1550,1394,2,moon,0.0001921875,0.751861,3.3815,-1.57542,1,102.011,250531,outside_own_roche_hot_not_broken
1550,1396,1,belt_rock,1.65993682879337E-05,0.549259,2.64258,-1.40513,1,159.724,209941,outside_own_roche_hot_not_broken
1550,1403,2,moon,0.0001921875,0.74105,3.33288,-1.57613,1,101.974,250509,outside_own_roche_hot_not_broken
1550,1442,1,belt_rock,2.0529670032673337E-06,0.957626,6.23804,-0.939829,1,28.0927,553182,outside_own_roche_hot_not_broken
1550,1469,2,moon,0.0001921875,0.751861,3.3815,-1.57542,1,102.011,250531,outside_own_roche_hot_not_broken
1550,1476,2,moon,0.0001921875,0.751861,3.3815,-1.57542,1,102.011,250531,outside_own_roche_hot_not_broken
1550,1490,2,moon,0.0001921875,0.751861,3.3815,-1.57542,1,102.011,250531,outside_own_roche_hot_not_broken
1550,1509,1,belt_rock,0.0001288043910698863,0.582123,2.41872,-1.18732,1,68.4332,349606,outside_own_roche_hot_not_broken
1550,1543,2,moon,0.0001921875,0.74105,3.33288,-1.57613,1,101.974,250509,outside_own_roche_hot_not_broken
1550,1544,1,belt_rock,7.346227678048891E-07,0.605065,4.75741,-1.17929,1,50.5042,394430,outside_own_roche_hot_not_broken
1550,1546,1,belt_rock,1.073155975413114E-05,0.807717,5.95559,-1.1252,1,54.6534,394915,outside_own_roche_hot_not_broken
1550,1596,1,belt_rock,6.327301182556603E-05,0.316128,1.36096,-1.3823,1,101.372,269547,outside_own_roche_hot_not_broken
1550,1603,2,moon,0.0001921875,0.751861,3.3815,-1.57542,1,102.011,250531,outside_own_roche_hot_not_broken
1550,1616,2,moon,0.0001921875,0.751861,3.3815,-1.57542,1,102.011,250531,outside_own_roche_hot_not_broken
1550,1626,1,belt_rock,0.00012194715081585406,0.446651,1.86038,-0.854137,1,81.6257,380991,outside_own_roche_hot_not_broken
1550,1654,1,belt_rock,0.00012146668229443167,0.46948,1.95517,-0.884598,1,70.5543,404269,outside_own_roche_hot_not_broken
1550,1655,1,belt_rock,1.7631660868541665E-05,0.594283,2.8367,-0.961293,1,47.562,459020,outside_own_roche_hot_not_broken
1550,1680,2,moon,0.0001921875,0.751861,3.3815,-1.57542,1,102.011,250531,outside_own_roche_hot_not_broken
1550,1682,2,moon,0.0001921875,0.751861,3.3815,-1.57542,1,102.011,250531,outside_own_roche_hot_not_broken
1550,1719,1,belt_rock,6.855236546430281E-05,0.581406,2.49123,-1.184,1,59.0211,371613,outside_own_roche_hot_not_broken
1550,1726,1,belt_rock,3.4487569539371296E-05,0.79917,3.42071,-0.879623,1,66.016,418901,outside_own_roche_hot_not_broken
1550,1761,2,moon,0.0001921875,0.74105,3.33288,-1.57613,1,101.974,250509,outside_own_roche_hot_not_broken
1550,1776,2,moon,0.0001921875,0.751861,3.3815,-1.57542,1,102.011,250531,outside_own_roche_hot_not_broken
1550,1791,1,belt_rock,2.1069297519723604E-05,0.904741,5.99884,-1.15777,1,61.7379,370124,outside_own_roche_hot_not_broken
1550,1797,1,belt_rock,3.1528712417947605E-06,0.494852,4.56989,-1.13088,1,59.575,380766,outside_own_roche_hot_not_broken
1550,1829,1,belt_rock,6.819856322480782E-05,0.595275,2.55071,-0.888294,1,68.3092,409923,outside_own_roche_hot_not_broken
1550,1841,2,moon,0.0001921875,0.74105,3.33288,-1.57613,1,101.974,250509,outside_own_roche_hot_not_broken
1550,1846,2,moon,0.0001921875,0.751861,3.3815,-1.57542,1,102.011,250531,outside_own_roche_hot_not_broken
1550,1857,1,belt_rock,2.2038280406786937E-05,0.75646,3.53132,-0.966179,1,35.8299,505039,outside_own_roche_hot_not_broken
1550,1864,2,moon,0.0001921875,0.751861,3.3815,-1.57542,1,102.011,250531,outside_own_roche_hot_not_broken
1550,1882,2,moon,0.0001921875,0.74105,3.33288,-1.57613,1,101.974,250509,outside_own_roche_hot_not_broken
1550,1883,1,belt_rock,8.412931028393017E-07,0.674668,5.16829,-1.13732,1,62.5489,372112,outside_own_roche_hot_not_broken
1550,1884,1,belt_rock,7.321975527576645E-05,0.964547,5.48296,-0.872001,1,64.7529,424733,outside_own_roche_hot_not_broken
1550,1885,2,moon,0.0001921875,0.74105,3.33288,-1.57613,1,101.974,250509,outside_own_roche_hot_not_broken
1550,1889,2,moon,0.0001921875,0.74105,3.33288,-1.57613,1,101.974,250509,outside_own_roche_hot_not_broken
1550,1901,2,moon,0.0001921875,0.74105,3.33288,-1.57613,1,101.974,250509,outside_own_roche_hot_not_broken
1550,1914,1,belt_rock,0.0001241899273288049,0.696462,2.89772,-0.950059,1,47.0385,464326,outside_own_roche_hot_not_broken
1550,1965,2,moon,0.0001921875,0.74105,3.33288,-1.57613,1,101.974,250509,outside_own_roche_hot_not_broken
1550,1979,1,belt_rock,1.9358361595623597E-06,0.560118,3.68571,-2.86999,1,5.14119,243385,outside_own_roche_hot_not_broken
1550,1987,2,moon,0.0001921875,0.74105,3.33288,-1.57613,1,101.974,250509,outside_own_roche_hot_not_broken
1550,1991,2,moon,0.0001921875,0.751861,3.3815,-1.57542,1,102.011,250531,outside_own_roche_hot_not_broken
1600,0,2,moon,0.0001921875,0.600546,2.70096,-1.56173,1,103.105,250533,outside_own_roche_hot_not_broken
1600,1,2,moon,0.0001921875,0.612492,2.75469,-1.56264,1,103.051,250511,outside_own_roche_hot_not_broken
1600,9,2,moon,0.0001921875,0.612492,2.75469,-1.56264,1,103.051,250511,outside_own_roche_hot_not_broken
1600,66,1,belt_rock,0.00011775981766351847,0.942873,1.84765,-0.953393,1,41.107,486734,outside_own_roche_hot_not_broken
1600,70,2,moon,0.0001921875,0.600546,2.70096,-1.56173,1,103.105,250533,outside_own_roche_hot_not_broken
1600,73,1,belt_rock,8.194482352592859E-07,0.692232,5.42822,-0.934886,1,30.7389,541384,outside_own_roche_hot_not_broken
1600,81,1,belt_rock,6.567670551217517E-07,0.724508,5.82183,-0.847893,1,46.5712,499395,outside_own_roche_hot_not_broken
1600,126,2,moon,0.0001921875,0.600546,2.70096,-1.56173,1,103.105,250533,outside_own_roche_hot_not_broken
1600,130,1,belt_rock,4.015900961947586E-05,0.836391,3.52758,-0.96346,1,55.4818,430995,outside_own_roche_hot_not_broken
1600,138,2,moon,0.0001921875,0.612492,2.75469,-1.56264,1,103.051,250511,outside_own_roche_hot_not_broken
1600,142,1,belt_rock,3.2384639213008784E-05,0.262089,1.18307,-1.33708,1,165.651,209569,outside_own_roche_hot_not_broken
1600,143,1,belt_rock,4.340612022266509E-05,0.80257,3.54281,-0.851903,1,44.3178,507976,outside_own_roche_hot_not_broken
1600,152,1,belt_rock,3.6071275132237348E-06,0.520494,4.6864,-1.11105,1,57.3301,390744,outside_own_roche_hot_not_broken
1600,155,1,belt_rock,1.7668409822199188E-05,0.648801,2.99968,-1.36065,1,81.283,300482,outside_own_roche_hot_not_broken
1600,156,1,belt_rock,7.919609693281555E-06,0.88372,4.65235,-0.945898,1,28.5172,548350,outside_own_roche_hot_not_broken
1600,162,2,moon,0.0001921875,0.612492,2.75469,-1.56264,1,103.051,250511,outside_own_roche_hot_not_broken
1600,178,2,moon,0.0001921875,0.600546,2.70096,-1.56173,1,103.105,250533,outside_own_roche_hot_not_broken
1600,207,2,moon,0.0001921875,0.612492,2.75469,-1.56264,1,103.051,250511,outside_own_roche_hot_not_broken
1600,216,2,moon,0.0001921875,0.600546,2.70096,-1.56173,1,103.105,250533,outside_own_roche_hot_not_broken
1600,223,1,belt_rock,3.520490512440083E-05,0.780898,4.82614,-1.77343,1,201.649,166312,outside_own_roche_hot_not_broken
1600,229,2,moon,0.0001921875,0.612492,2.75469,-1.56264,1,103.051,250511,outside_own_roche_hot_not_broken
1600,248,2,moon,0.0001921875,0.600546,2.70096,-1.56173,1,103.105,250533,outside_own_roche_hot_not_broken
1600,254,2,moon,0.0001921875,0.600546,2.70096,-1.56173,1,103.105,250533,outside_own_roche_hot_not_broken
1600,294,2,moon,0.0001921875,0.612492,2.75469,-1.56264,1,103.051,250511,outside_own_roche_hot_not_broken
1600,300,1,belt_rock,5.874308153166851E-05,0.998015,5.80512,-1.317,1,83.9124,301851,outside_own_roche_hot_not_broken
1600,347,1,belt_rock,2.2965908368954902E-05,0.899506,4.1851,-1.10009,1,62.095,380621,outside_own_roche_hot_not_broken
1600,379,1,belt_rock,4.783129952477751E-06,0.401152,3.42905,-1.34649,1,76.4813,310163,outside_own_roche_hot_not_broken
1600,380,1,belt_rock,1.940742606575168E-05,0.679592,3.21374,-1.12476,1,87.7549,321444,outside_own_roche_hot_not_broken
1600,393,1,belt_rock,9.773110611002353E-06,0.88953,4.55083,-0.951977,1,38.3023,499143,outside_own_roche_hot_not_broken
1600,398,2,moon,0.0001921875,0.612492,2.75469,-1.56264,1,103.051,250511,outside_own_roche_hot_not_broken
1600,412,2,moon,0.0001921875,0.612492,2.75469,-1.56264,1,103.051,250511,outside_own_roche_hot_not_broken
1600,424,1,belt_rock,1.6688266015606265E-05,0.256828,1.23682,-1.36281,1,152.829,218183,outside_own_roche_hot_not_broken
1600,425,1,belt_rock,5.181125882081864E-06,0.833303,4.66799,-0.94937,1,53.8327,440215,outside_own_roche_hot_not_broken
1600,437,1,belt_rock,2.1492077850253872E-05,0.896361,4.04351,-1.09848,1,58.1591,391216,outside_own_roche_hot_not_broken
1600,448,2,moon,0.0001921875,0.600546,2.70096,-1.56173,1,103.105,250533,outside_own_roche_hot_not_broken
1600,453,1,belt_rock,6.992885638261917E-05,0.671482,3.83595,-1.35094,1,89.6175,288994,outside_own_roche_hot_not_broken
1600,460,1,belt_rock,6.572945783292398E-07,0.761473,6.1179,-0.941302,1,29.8141,543504,outside_own_roche_hot_not_broken
1600,471,1,belt_rock,3.1005096197406065E-05,0.949245,4.29719,-0.917227,1,29.0053,558021,outside_own_roche_hot_not_broken
1600,473,1,belt_rock,1.868486202232704E-05,0.924788,6.23724,-1.13101,1,55.4706,391447,outside_own_roche_hot_not_broken
1600,474,2,moon,0.0001921875,0.600546,2.70096,-1.56173,1,103.105,250533,outside_own_roche_hot_not_broken
1600,489,1,belt_rock,2.232182176900832E-05,0.568497,2.65007,-0.865439,1,65.4466,424201,outside_own_roche_hot_not_broken
1600,494,1,belt_rock,5.102479074598439E-06,0.999913,8.44526,-1.13713,1,61.9949,373497,outside_own_roche_hot_not_broken
1600,540,1,belt_rock,4.11993829289831E-05,0.861563,5.21881,-1.09431,1,54.5688,402017,outside_own_roche_hot_not_broken
1600,544,2,moon,0.0001921875,0.600546,2.70096,-1.56173,1,103.105,250533,outside_own_roche_hot_not_broken
1600,579,2,moon,0.0001921875,0.612492,2.75469,-1.56264,1,103.051,250511,outside_own_roche_hot_not_broken
1600,585,1,belt_rock,1.4668281194973436E-06,0.520207,3.63802,-0.870971,1,61.3366,436076,outside_own_roche_hot_not_broken
1600,592,1,belt_rock,5.728988085325562E-06,0.665823,3.69044,-1.32384,1,83.3489,301877,outside_own_roche_hot_not_broken
1600,596,2,moon,0.0001921875,0.612492,2.75469,-1.56264,1,103.051,250511,outside_own_roche_hot_not_broken
1600,605,2,moon,0.0001921875,0.600546,2.70096,-1.56173,1,103.105,250533,outside_own_roche_hot_not_broken
1600,624,1,belt_rock,5.612562519785337E-06,0.642151,3.55269,-0.869455,1,67.444,417022,outside_own_roche_hot_not_broken
1600,626,1,belt_rock,5.280982166788213E-06,0.626026,5.25678,-1.7642,1,211.327,162094,outside_own_roche_hot_not_broken
1600,630,1,belt_rock,0.00010670168751858713,0.53028,2.22121,-1.12069,1,73.5998,349956,outside_own_roche_hot_not_broken
1600,637,1,belt_rock,1.4522775510693742E-05,0.7061,3.4422,-0.860834,1,62.1726,435992,outside_own_roche_hot_not_broken
1600,658,2,moon,0.0001921875,0.612492,2.75469,-1.56264,1,103.051,250511,outside_own_roche_hot_not_broken
1600,660,1,belt_rock,1.1772379558727024E-06,0.267113,1.92114,-1.63616,1,227.319,159493,outside_own_roche_hot_not_broken
1600,711,1,belt_rock,6.574452403832531E-07,0.846204,6.93776,-0.949881,1,43.619,477655,outside_own_roche_hot_not_broken
1600,713,1,belt_rock,8.947110075500334E-06,0.928111,4.81447,-1.35577,1,123.687,246101,outside_own_roche_hot_not_broken
1600,721,2,moon,0.0001921875,0.600546,2.70096,-1.56173,1,103.105,250533,outside_own_roche_hot_not_broken
1600,725,1,belt_rock,6.235829557211184E-05,0.864924,3.72769,-1.08644,1,72.3751,358667,outside_own_roche_hot_not_broken
1600,733,1,belt_rock,1.758715134744336E-06,0.612292,2.22315,-0.869358,1,57.7249,448892,outside_own_roche_hot_not_broken
1600,744,1,belt_rock,2.623837778379504E-05,0.47391,3.04191,-1.16809,1,68.1028,353650,outside_own_roche_hot_not_broken
1600,773,1,belt_rock,4.555810874266834E-05,0.90373,5.40524,-0.927007,1,43.8535,484113,outside_own_roche_hot_not_broken
1600,788,2,moon,0.0001921875,0.612492,2.75469,-1.56264,1,103.051,250511,outside_own_roche_hot_not_broken
1600,806,1,belt_rock,6.877766768383333E-06,0.719222,3.80904,-0.872672,1,62.4187,432058,outside_own_roche_hot_not_broken
1600,817,1,belt_rock,7.109037514987156E-07,0.633851,5.0155,-0.938753,1,50.2249,455871,outside_own_roche_hot_not_broken
1600,841,1,belt_rock,0.00012286983867613435,0.522115,2.17383,-1.11054,1,54.644,398170,outside_own_roche_hot_not_broken
1600,846,1,belt_rock,5.5467845167615725E-05,0.510566,2.21565,-1.12236,1,79.3336,337816,outside_own_roche_hot_not_broken
1600,852,2,moon,0.0001921875,0.600546,2.70096,-1.56173,1,103.105,250533,outside_own_roche_hot_not_broken
1600,875,1,belt_rock,7.484029169640384E-07,0.678611,5.41948,-0.844628,1,51.3294,480507,outside_own_roche_hot_not_broken
1600,884,2,moon,0.0001921875,0.600546,2.70096,-1.56173,1,103.105,250533,outside_own_roche_hot_not_broken
1600,890,2,moon,0.0001921875,0.612492,2.75469,-1.56264,1,103.051,250511,outside_own_roche_hot_not_broken
1600,892,1,belt_rock,6.878326805556079E-07,0.956796,11.9935,-1.14827,1,80.2189,332008,outside_own_roche_hot_not_broken
1600,901,1,belt_rock,4.063228349063333E-06,0.805304,4.69769,-1.33825,1,68.2877,325823,outside_own_roche_hot_not_broken
1600,916,1,belt_rock,4.612318145272097E-06,0.995867,5.68447,-0.882125,1,69.0296,409257,outside_own_roche_hot_not_broken
1600,924,2,moon,0.0001921875,0.612492,2.75469,-1.56264,1,103.051,250511,outside_own_roche_hot_not_broken
1600,929,1,belt_rock,3.066509173486116E-05,0.709604,3.21497,-0.933419,1,43.6442,482870,outside_own_roche_hot_not_broken
1600,933,2,moon,0.0001921875,0.612492,2.75469,-1.56264,1,103.051,250511,outside_own_roche_hot_not_broken
1600,979,2,moon,0.0001921875,0.612492,2.75469,-1.56264,1,103.051,250511,outside_own_roche_hot_not_broken
1600,987,1,belt_rock,1.0446526819158121E-05,0.941801,6.97062,-1.14312,1,56.5383,386060,outside_own_roche_hot_not_broken
1600,992,1,belt_rock,9.249848985838083E-07,0.765443,9.02184,-1.12772,1,97.1185,304972,outside_own_roche_hot_not_broken
1600,994,1,belt_rock,1.745865127732295E-05,0.775196,3.70991,-1.35198,1,73.7136,314134,outside_own_roche_hot_not_broken
1600,1009,1,belt_rock,2.1188508753212374E-05,0.638834,2.99275,-0.870144,1,67.4652,416789,outside_own_roche_hot_not_broken
1600,1013,2,moon,0.0001921875,0.600546,2.70096,-1.56173,1,103.105,250533,outside_own_roche_hot_not_broken
1600,1035,1,belt_rock,5.069287576064303E-05,0.80653,3.5206,-1.10716,1,78.2866,342397,outside_own_roche_hot_not_broken
1600,1054,1,belt_rock,1.0361094316156866E-06,0.919659,6.77313,-0.926075,1,30.6466,545505,outside_own_roche_hot_not_broken
1600,1080,2,moon,0.0001921875,0.612492,2.75469,-1.56264,1,103.051,250511,outside_own_roche_hot_not_broken
1600,1082,1,belt_rock,5.703663655454942E-05,0.619747,2.68614,-0.528975,1,61.9561,547903,outside_own_roche_hot_not_broken
1600,1086,1,belt_rock,7.701292930739975E-05,0.60862,2.59186,-1.56914,1,135.668,218730,outside_own_roche_hot_not_broken
1600,1090,2,moon,0.0001921875,0.612492,2.75469,-1.56264,1,103.051,250511,outside_own_roche_hot_not_broken
1600,1092,1,belt_rock,6.56770333777072E-07,0.289705,2.3757,-1.36267,1,120.072,249392,outside_own_roche_hot_not_broken
1600,1109,1,belt_rock,9.141481982163067E-07,0.351299,4.15065,-1.57973,1,121.29,230680,outside_own_roche_hot_not_broken
1600,1125,2,moon,0.0001921875,0.600546,2.70096,-1.56173,1,103.105,250533,outside_own_roche_hot_not_broken
1600,1136,1,belt_rock,9.970065298378194E-05,0.90448,3.79981,-0.926276,1,50.303,459243,outside_own_roche_hot_not_broken
1600,1141,1,belt_rock,6.569620341173448E-07,0.945495,7.59714,-0.881576,1,65.1605,421060,outside_own_roche_hot_not_broken
1600,1164,1,belt_rock,6.730494887113006E-07,0.583624,4.66742,-0.953343,1,47.0901,463143,outside_own_roche_hot_not_broken
1600,1172,2,moon,0.0001921875,0.600546,2.70096,-1.56173,1,103.105,250533,outside_own_roche_hot_not_broken
1600,1197,1,belt_rock,8.535780065514528E-07,0.435927,5.22414,-1.33293,1,75.9316,312940,outside_own_roche_hot_not_broken
1600,1228,2,moon,0.0001921875,0.600546,2.70096,-1.56173,1,103.105,250533,outside_own_roche_hot_not_broken
1600,1251,1,belt_rock,9.534043876086905E-07,0.963202,11.282,-0.851345,1,60.7557,443354,outside_own_roche_hot_not_broken
1600,1276,2,moon,0.0001921875,0.612492,2.75469,-1.56264,1,103.051,250511,outside_own_roche_hot_not_broken
1600,1289,1,belt_rock,9.088343094409988E-05,0.816453,4.54886,-1.32567,1,84.0546,300524,outside_own_roche_hot_not_broken
1600,1295,2,moon,0.0001921875,0.600546,2.70096,-1.56173,1,103.105,250533,outside_own_roche_hot_not_broken
1600,1350,2,moon,0.0001921875,0.612492,2.75469,-1.56264,1,103.051,250511,outside_own_roche_hot_not_broken
1600,1359,1,belt_rock,4.470043932629267E-05,0.6941,3.05617,-1.17083,1,83.8785,321790,outside_own_roche_hot_not_broken
1600,1372,1,belt_rock,6.831828976310988E-06,0.369733,1.99498,-1.37125,1,78.8269,303045,outside_own_roche_hot_not_broken
1600,1373,1,belt_rock,7.755539609164374E-07,0.884487,6.88208,-1.18016,1,70.597,346235,outside_own_roche_hot_not_broken
1600,1384,1,belt_rock,5.796812517497883E-06,0.621933,3.42442,-0.932131,1,39.2232,502068,outside_own_roche_hot_not_broken
1600,1390,2,moon,0.0001921875,0.600546,2.70096,-1.56173,1,103.105,250533,outside_own_roche_hot_not_broken
1600,1393,2,moon,0.0001921875,0.612492,2.75469,-1.56264,1,103.051,250511,outside_own_roche_hot_not_broken
1600,1394,2,moon,0.0001921875,0.600546,2.70096,-1.56173,1,103.105,250533,outside_own_roche_hot_not_broken
1600,1403,2,moon,0.0001921875,0.612492,2.75469,-1.56264,1,103.051,250511,outside_own_roche_hot_not_broken
1600,1442,1,belt_rock,2.0529670032673337E-06,0.729392,4.75131,-0.936822,1,28.3322,553188,outside_own_roche_hot_not_broken
1600,1464,1,belt_rock,3.0460226663579216E-05,0.541515,2.45823,-1.35009,1,72.5681,316390,outside_own_roche_hot_not_broken
1600,1469,2,moon,0.0001921875,0.600546,2.70096,-1.56173,1,103.105,250533,outside_own_roche_hot_not_broken
1600,1473,1,belt_rock,8.320568573576248E-07,0.964571,11.6208,-0.92479,1,41.4054,495128,outside_own_roche_hot_not_broken
1600,1476,2,moon,0.0001921875,0.600546,2.70096,-1.56173,1,103.105,250533,outside_own_roche_hot_not_broken
1600,1487,1,belt_rock,1.853271166328581E-05,0.234499,1.11489,-1.39798,1,162.922,207934,outside_own_roche_hot_not_broken
1600,1490,2,moon,0.0001921875,0.600546,2.70096,-1.56173,1,103.105,250533,outside_own_roche_hot_not_broken
1600,1509,1,belt_rock,0.0001288043910698863,0.805793,3.34807,-1.17568,1,69.3643,349605,outside_own_roche_hot_not_broken
1600,1543,2,moon,0.0001921875,0.612492,2.75469,-1.56264,1,103.051,250511,outside_own_roche_hot_not_broken
1600,1544,1,belt_rock,7.346227678048891E-07,0.800659,6.2953,-1.17014,1,51.2365,394429,outside_own_roche_hot_not_broken
1600,1546,1,belt_rock,1.073155975413114E-05,0.606777,4.47399,-1.11573,1,55.4107,394915,outside_own_roche_hot_not_broken
1600,1563,1,belt_rock,6.13628543380343E-07,0.90382,4.19917,-1.14941,1,85.2086,322486,outside_own_roche_hot_not_broken
1600,1603,2,moon,0.0001921875,0.600546,2.70096,-1.56173,1,103.105,250533,outside_own_roche_hot_not_broken
1600,1616,2,moon,0.0001921875,0.600546,2.70096,-1.56173,1,103.105,250533,outside_own_roche_hot_not_broken
1600,1680,2,moon,0.0001921875,0.600546,2.70096,-1.56173,1,103.105,250533,outside_own_roche_hot_not_broken
1600,1682,2,moon,0.0001921875,0.600546,2.70096,-1.56173,1,103.105,250533,outside_own_roche_hot_not_broken
1600,1719,1,belt_rock,6.855236546430281E-05,0.812424,3.48111,-1.17354,1,59.8579,371612,outside_own_roche_hot_not_broken
1600,1726,1,belt_rock,3.4487569539371296E-05,0.666552,2.85306,-0.869937,1,66.791,418900,outside_own_roche_hot_not_broken
1600,1761,2,moon,0.0001921875,0.612492,2.75469,-1.56264,1,103.051,250511,outside_own_roche_hot_not_broken
1600,1776,2,moon,0.0001921875,0.600546,2.70096,-1.56173,1,103.105,250533,outside_own_roche_hot_not_broken
1600,1781,1,belt_rock,7.620337015369286E-05,0.550777,2.20348,-0.865167,1,63.5553,430313,outside_own_roche_hot_not_broken
1600,1826,1,belt_rock,6.601416286482346E-07,0.792848,6.36461,-1.34878,1,72.2899,317062,outside_own_roche_hot_not_broken
1600,1833,1,belt_rock,0.00012068881521162628,0.766326,3.19273,-1.15162,1,55.466,387086,outside_own_roche_hot_not_broken
1600,1834,1,belt_rock,1.150021549841283E-06,0.616924,4.45626,-0.937986,1,50.1583,456337,outside_own_roche_hot_not_broken
1600,1841,2,moon,0.0001921875,0.612492,2.75469,-1.56264,1,103.051,250511,outside_own_roche_hot_not_broken
1600,1846,2,moon,0.0001921875,0.600546,2.70096,-1.56173,1,103.105,250533,outside_own_roche_hot_not_broken
1600,1864,2,moon,0.0001921875,0.600546,2.70096,-1.56173,1,103.105,250533,outside_own_roche_hot_not_broken
1600,1872,1,belt_rock,7.651909710333095E-06,0.439764,2.32943,-1.11835,1,65.0492,369747,outside_own_roche_hot_not_broken
1600,1881,1,belt_rock,0.00012429180988576835,0.523008,2.17596,-0.870057,1,58.5068,445957,outside_own_roche_hot_not_broken
1600,1882,2,moon,0.0001921875,0.612492,2.75469,-1.56264,1,103.051,250511,outside_own_roche_hot_not_broken
1600,1883,1,belt_rock,8.412931028393017E-07,0.725057,5.5543,-1.12686,1,63.3855,372113,outside_own_roche_hot_not_broken
1600,1884,1,belt_rock,7.321975527576645E-05,0.536688,3.0508,-0.863768,1,65.4111,424735,outside_own_roche_hot_not_broken
1600,1885,2,moon,0.0001921875,0.612492,2.75469,-1.56264,1,103.051,250511,outside_own_roche_hot_not_broken
1600,1889,2,moon,0.0001921875,0.612492,2.75469,-1.56264,1,103.051,250511,outside_own_roche_hot_not_broken
1600,1901,2,moon,0.0001921875,0.612492,2.75469,-1.56264,1,103.051,250511,outside_own_roche_hot_not_broken
1600,1913,1,belt_rock,8.413019268612437E-07,0.684044,5.24011,-1.33006,1,76.1115,313025,outside_own_roche_hot_not_broken
1600,1914,1,belt_rock,0.0001241899273288049,0.797186,3.31679,-0.942665,1,47.6298,464326,outside_own_roche_hot_not_broken
1600,1929,1,belt_rock,0.00010910246448047122,0.853112,4.67726,-1.10494,1,89.9158,320407,outside_own_roche_hot_not_broken
1600,1938,1,belt_rock,6.905178728564901E-06,0.967583,5.19019,-0.852711,1,59.79,446321,outside_own_roche_hot_not_broken
1600,1940,1,belt_rock,4.3943956712865806E-05,0.3187,1.40511,-1.35016,1,101.873,272206,outside_own_roche_hot_not_broken
1600,1945,1,belt_rock,1.9083106580083907E-05,0.398138,2.67772,-1.59524,1,228.333,160505,outside_own_roche_hot_not_broken
1600,1954,1,belt_rock,1.3047832455605517E-06,0.641141,4.5251,-0.863525,1,65.8434,423435,outside_own_roche_hot_not_broken
1600,1959,1,belt_rock,1.2050611372753873E-05,0.389859,1.89624,-1.12247,1,82.0072,332541,outside_own_roche_hot_not_broken
1600,1963,1,belt_rock,8.80904266755749E-05,0.87631,4.89458,-0.928885,1,45.7973,475673,outside_own_roche_hot_not_broken
1600,1965,2,moon,0.0001921875,0.612492,2.75469,-1.56264,1,103.051,250511,outside_own_roche_hot_not_broken
1600,1979,1,belt_rock,1.9358361595623597E-06,0.420074,2.76419,-2.87182,1,5.01436,243364,outside_own_roche_hot_not_broken
1600,1987,2,moon,0.0001921875,0.612492,2.75469,-1.56264,1,103.051,250511,outside_own_roche_hot_not_broken
1600,1991,2,moon,0.0001921875,0.600546,2.70096,-1.56173,1,103.105,250533,outside_own_roche_hot_not_broken
1650,60,1,belt_rock,2.081949803860068E-05,0.540167,2.53764,-1.08982,1,53.8121,405199,outside_own_roche_hot_not_broken
1650,155,1,belt_rock,1.7668409822199188E-05,0.714742,3.30455,-1.34828,1,82.2739,300480,outside_own_roche_hot_not_broken
1650,169,1,belt_rock,3.6827740903979625E-05,0.543196,2.4251,-0.851704,1,56.3112,459086,outside_own_roche_hot_not_broken
1650,258,1,belt_rock,8.093035867515557E-05,0.395706,1.68044,-1.34256,1,73.1409,316441,outside_own_roche_hot_not_broken
1650,260,1,belt_rock,6.566717042702423E-07,0.439552,3.53215,-1.09188,1,66.7911,370648,outside_own_roche_hot_not_broken
1650,293,1,belt_rock,6.567384692686147E-07,0.683719,5.49412,-0.846796,1,57.4552,456331,outside_own_roche_hot_not_broken
1650,300,1,belt_rock,5.874308153166851E-05,0.372871,2.16887,-1.30455,1,84.9073,301854,outside_own_roche_hot_not_broken
1650,347,1,belt_rock,2.2965908368954902E-05,0.523701,2.4366,-1.09007,1,62.897,380621,outside_own_roche_hot_not_broken
1650,379,1,belt_rock,4.783129952477751E-06,0.960055,8.20655,-1.33329,1,77.5362,310165,outside_own_roche_hot_not_broken
1650,396,1,belt_rock,8.42302818852397E-07,0.524721,4.0187,-0.848951,1,59.7734,447430,outside_own_roche_hot_not_broken
1650,414,1,belt_rock,1.4503356162887746E-06,0.808965,5.60132,-0.843081,1,56.9996,459092,outside_own_roche_hot_not_broken
1650,430,1,belt_rock,0.00010209958041092731,0.649429,3.58123,-1.08461,1,54.9571,403118,outside_own_roche_hot_not_broken
1650,437,1,belt_rock,2.1492077850253872E-05,0.534216,2.40987,-1.08923,1,58.8992,391216,outside_own_roche_hot_not_broken
1650,463,1,belt_rock,3.93273765467171E-05,0.38224,2.32942,-1.5416,1,111.665,243123,outside_own_roche_hot_not_broken
1650,466,1,belt_rock,4.865764545319357E-06,0.490345,4.17851,-1.08005,1,56.3684,400163,outside_own_roche_hot_not_broken
1650,471,1,belt_rock,3.1005096197406065E-05,0.736316,3.33328,-0.914023,1,29.2609,558025,outside_own_roche_hot_not_broken
1650,481,1,belt_rock,0.00011804674518101909,0.92282,3.84811,-1.12494,1,88.6166,319867,outside_own_roche_hot_not_broken
1650,489,1,belt_rock,2.232182176900832E-05,0.919103,4.28443,-0.856295,1,66.1778,424202,outside_own_roche_hot_not_broken
1650,540,1,belt_rock,4.11993829289831E-05,0.570165,3.4537,-1.08533,1,55.2873,402017,outside_own_roche_hot_not_broken
1650,574,1,belt_rock,4.6628283751133235E-06,0.323319,2.77653,-1.36526,1,114.528,255341,outside_own_roche_hot_not_broken
1650,592,1,belt_rock,5.728988085325562E-06,0.705905,3.9126,-1.3115,1,84.3353,301878,outside_own_roche_hot_not_broken
1650,594,1,belt_rock,7.4934178738710455E-06,0.640593,3.39579,-0.84614,1,58.3742,453194,outside_own_roche_hot_not_broken
1650,616,1,belt_rock,4.3524622726962354E-05,0.792291,3.49593,-1.33078,1,105.088,270064,outside_own_roche_hot_not_broken
1650,630,1,belt_rock,0.00010670168751858713,0.8734,3.65845,-1.10832,1,74.5885,349958,outside_own_roche_hot_not_broken
1650,637,1,belt_rock,1.4522775510693742E-05,0.771256,3.75983,-0.851724,1,62.9013,435992,outside_own_roche_hot_not_broken
1650,662,1,belt_rock,2.960215670939273E-05,0.968154,4.40403,-1.28193,1,68.4809,334037,outside_own_roche_hot_not_broken
1650,675,1,belt_rock,2.683401390978431E-06,0.795566,4.9548,-1.33262,1,113.642,259394,outside_own_roche_hot_not_broken
1650,713,1,belt_rock,8.947110075500334E-06,0.448345,2.32573,-1.33481,1,125.365,246100,outside_own_roche_hot_not_broken
1650,725,1,belt_rock,6.235829557211184E-05,0.545769,2.35219,-1.07453,1,73.3268,358669,outside_own_roche_hot_not_broken
1650,733,1,belt_rock,1.758715134744336E-06,0.888485,3.22597,-0.86124,1,58.374,448894,outside_own_roche_hot_not_broken
1650,744,1,belt_rock,2.623837778379504E-05,0.93043,5.97219,-1.15686,1,69.0017,353648,outside_own_roche_hot_not_broken
1650,753,1,belt_rock,9.437212190284525E-05,0.93704,3.94777,-1.07558,1,62.9514,383443,outside_own_roche_hot_not_broken
1650,754,1,belt_rock,9.950781541434903E-05,0.429994,1.80693,-1.09721,1,71.7334,358172,outside_own_roche_hot_not_broken
1650,773,1,belt_rock,4.555810874266834E-05,0.639942,3.82752,-0.92117,1,44.3201,484114,outside_own_roche_hot_not_broken
1650,778,1,belt_rock,2.6514376433355864E-06,0.494132,3.08352,-1.07904,1,72.4051,359937,outside_own_roche_hot_not_broken
1650,817,1,belt_rock,7.109037514987156E-07,0.862711,6.82641,-0.931303,1,50.821,455871,outside_own_roche_hot_not_broken
1650,846,1,belt_rock,5.5467845167615725E-05,0.891956,3.87072,-1.10899,1,80.402,337818,outside_own_roche_hot_not_broken
1650,849,1,belt_rock,3.070596874896153E-05,0.547329,2.48231,-1.07805,1,59.9023,390925,outside_own_roche_hot_not_broken
1650,892,1,belt_rock,6.878326805556079E-07,0.443786,5.56288,-1.13473,1,81.3048,332003,outside_own_roche_hot_not_broken
1650,893,1,belt_rock,3.431201186069597E-05,0.387525,1.74036,-1.09958,1,89.3901,322132,outside_own_roche_hot_not_broken
1650,901,1,belt_rock,4.063228349063333E-06,0.549187,3.20365,-1.32579,1,69.2851,325820,outside_own_roche_hot_not_broken
1650,919,1,belt_rock,0.00013183487570977428,0.426225,1.7692,-1.10128,1,86.5588,327103,outside_own_roche_hot_not_broken
1650,929,1,belt_rock,3.066509173486116E-05,0.808324,3.66224,-0.92671,1,44.1808,482871,outside_own_roche_hot_not_broken
1650,934,1,belt_rock,7.194944665707225E-06,0.903352,2.50304,-1.12489,1,61.1124,378099,outside_own_roche_hot_not_broken
1650,937,1,belt_rock,6.820288570372173E-06,0.686282,5.46813,-0.846262,1,62.0118,440451,outside_own_roche_hot_not_broken
1650,987,1,belt_rock,1.0446526819158121E-05,0.495877,3.67018,-1.13531,1,57.1642,386057,outside_own_roche_hot_not_broken
1650,1015,1,belt_rock,6.570363622611409E-05,0.957257,5.50115,-0.901486,1,24.9784,588401,outside_own_roche_hot_not_broken
1650,1027,1,belt_rock,1.203467211679938E-06,0.743053,5.32257,-0.841619,1,56.558,461161,outside_own_roche_hot_not_broken
1650,1035,1,belt_rock,5.069287576064303E-05,0.598063,2.61061,-1.095,1,79.2586,342398,outside_own_roche_hot_not_broken
1650,1038,1,belt_rock,1.123039871300166E-06,0.786232,5.70425,-1.49882,1,97.7868,262444,outside_own_roche_hot_not_broken
1650,1054,1,belt_rock,1.0361094316156866E-06,0.728987,5.36886,-0.92232,1,30.9462,545509,outside_own_roche_hot_not_broken
1650,1095,1,belt_rock,6.567100297507928E-07,0.91282,7.33515,-0.837446,1,59.2599,452511,outside_own_roche_hot_not_broken
1650,1109,1,belt_rock,9.141481982163067E-07,0.965455,11.407,-1.55077,1,123.609,230678,outside_own_roche_hot_not_broken
1650,1114,1,belt_rock,2.0220155206019416E-05,0.712052,4.74854,-1.31338,1,62.4585,341029,outside_own_roche_hot_not_broken
1650,1123,1,belt_rock,6.879641599031865E-07,0.863168,6.87364,-0.841381,1,58.4432,454318,outside_own_roche_hot_not_broken
1650,1136,1,belt_rock,9.970065298378194E-05,0.608316,2.5556,-0.919378,1,50.8549,459243,outside_own_roche_hot_not_broken
1650,1173,1,belt_rock,1.989950814000773E-05,0.772928,3.64358,-0.912455,1,34.2695,532621,outside_own_roche_hot_not_broken
1650,1214,1,belt_rock,1.1124544848885341E-05,0.711115,3.59039,-1.51366,1,109.336,247938,outside_own_roche_hot_not_broken
1650,1251,1,belt_rock,9.534043876086905E-07,0.557094,6.52527,-0.843939,1,61.3475,443357,outside_own_roche_hot_not_broken
1650,1264,1,belt_rock,7.198214225985294E-07,0.892411,11.0806,-1.12307,1,53.8431,397611,outside_own_roche_hot_not_broken
1650,1289,1,belt_rock,9.088343094409988E-05,0.548467,3.05578,-1.3118,1,85.163,300526,outside_own_roche_hot_not_broken
1650,1291,1,belt_rock,1.4518036766759182E-05,0.507215,2.4723,-0.848915,1,64.1652,432562,outside_own_roche_hot_not_broken
1650,1372,1,belt_rock,6.831828976310988E-06,0.998023,5.38507,-1.3616,1,79.6007,303042,outside_own_roche_hot_not_broken
1650,1380,1,belt_rock,2.565950567024009E-05,0.40169,1.84927,-1.13836,1,75.9635,342042,outside_own_roche_hot_not_broken
1650,1389,1,belt_rock,0.00011619089133474088,0.414894,1.73141,-1.32618,1,97.2773,280924,outside_own_roche_hot_not_broken
1650,1446,1,belt_rock,6.57814109504489E-07,0.359404,4.54743,-1.0958,1,95.1809,312462,outside_own_roche_hot_not_broken
1650,1455,1,belt_rock,2.586309430723206E-05,0.695442,3.19785,-0.915099,1,32.6929,539487,outside_own_roche_hot_not_broken
1650,1464,1,belt_rock,3.0460226663579216E-05,0.812911,3.69025,-1.33704,1,73.6127,316389,outside_own_roche_hot_not_broken
1650,1473,1,belt_rock,8.320568573576248E-07,0.624969,7.52939,-0.92047,1,41.7507,495129,outside_own_roche_hot_not_broken
1650,1519,1,belt_rock,5.818677805881165E-05,0.577745,2.49957,-1.14224,1,83.8908,325966,outside_own_roche_hot_not_broken
1650,1549,1,belt_rock,2.041252440654941E-05,0.843385,5.61599,-1.51588,1,134.499,223373,outside_own_roche_hot_not_broken
1650,1554,1,belt_rock,9.799834962744704E-06,0.458097,2.30116,-1.07967,1,70.0271,365293,outside_own_roche_hot_not_broken
1650,1563,1,belt_rock,6.13628543380343E-07,0.491173,2.282,-1.13484,1,86.3761,322482,outside_own_roche_hot_not_broken
1650,1666,1,belt_rock,8.10643211524436E-06,0.422775,2.18293,-1.14833,1,84.1525,324579,outside_own_roche_hot_not_broken
1650,1738,1,belt_rock,1.7058540383070304E-05,0.529701,2.53665,-0.850577,1,62.9002,436302,outside_own_roche_hot_not_broken
1650,1781,1,belt_rock,7.620337015369286E-05,0.951602,3.80705,-0.856894,1,64.2168,430315,outside_own_roche_hot_not_broken
1650,1788,1,belt_rock,1.461317122725545E-05,0.643209,4.49875,-0.915993,1,43.4584,489405,outside_own_roche_hot_not_broken
1650,1795,1,belt_rock,7.355470087618728E-07,0.739485,5.81289,-1.31613,1,62.4934,340510,outside_own_roche_hot_not_broken
1650,1808,1,belt_rock,5.6769810111980155E-05,0.732797,3.17442,-0.912761,1,44.8917,484529,outside_own_roche_hot_not_broken
1650,1811,1,belt_rock,1.3906931766420854E-06,0.905479,6.31724,-0.905972,1,32.9323,541999,outside_own_roche_hot_not_broken
1650,1826,1,belt_rock,6.601416286482346E-07,0.561477,4.50727,-1.33606,1,73.3091,317060,outside_own_roche_hot_not_broken
1650,1833,1,belt_rock,0.00012068881521162628,0.636564,2.6521,-1.14185,1,56.2481,387085,outside_own_roche_hot_not_broken
1650,1834,1,belt_rock,1.150021549841283E-06,0.886467,6.40327,-0.930812,1,50.7324,456336,outside_own_roche_hot_not_broken
1650,1851,1,belt_rock,6.653736720759908E-07,0.407134,3.26325,-1.34856,1,80.1712,303804,outside_own_roche_hot_not_broken
1650,1900,1,belt_rock,1.0633749950518829E-05,0.499845,3.68821,-1.09595,1,64.2816,375973,outside_own_roche_hot_not_broken
1650,1913,1,belt_rock,8.413019268612437E-07,0.680221,5.21082,-1.31805,1,77.0715,313026,outside_own_roche_hot_not_broken
1650,1929,1,belt_rock,0.00010910246448047122,0.554506,3.04013,-1.09121,1,91.0139,320408,outside_own_roche_hot_not_broken
1650,1938,1,belt_rock,6.905178728564901E-06,0.557687,2.99147,-0.845595,1,60.3587,446323,outside_own_roche_hot_not_broken
1650,1954,1,belt_rock,1.3047832455605517E-06,0.83226,5.874,-0.853937,1,66.6103,423435,outside_own_roche_hot_not_broken
1650,1963,1,belt_rock,8.80904266755749E-05,0.647085,3.61426,-0.92236,1,46.319,475674,outside_own_roche_hot_not_broken
1650,1979,1,belt_rock,1.9358361595623597E-06,0.551173,3.62685,-2.86919,1,5.22462,243364,outside_own_roche_hot_not_broken
1650,1989,1,belt_rock,2.109217022613033E-05,0.841338,3.94674,-1.07922,1,58.1677,395363,outside_own_roche_hot_not_broken
1650,1992,1,belt_rock,1.160809559929263E-05,0.552683,2.76551,-0.850661,1,60.4979,444432,outside_own_roche_hot_not_broken
1700,21,1,belt_rock,9.226608910716799E-05,0.533371,1.06516,-0.827605,1,61.3291,447963,outside_own_roche_hot_not_broken
1700,60,1,belt_rock,2.081949803860068E-05,0.907195,4.26189,-1.08168,1,54.4625,405201,outside_own_roche_hot_not_broken
1700,102,1,belt_rock,0.000106429692621863,0.933122,3.90916,-1.26517,1,98.8007,285641,outside_own_roche_hot_not_broken
1700,189,1,belt_rock,3.4084114162771265E-05,0.661039,2.96923,-0.825335,1,58.6472,458252,outside_own_roche_hot_not_broken
1700,202,1,belt_rock,3.297801870852921E-05,0.925048,4.16953,-1.29472,1,79.7475,311644,outside_own_roche_hot_not_broken
1700,220,1,belt_rock,7.733821001916975E-05,0.828048,4.68198,-0.890001,1,26.8897,582447,outside_own_roche_hot_not_broken
1700,250,1,belt_rock,6.57644026336519E-07,0.805323,6.46954,-1.27098,1,90.0561,297975,outside_own_roche_hot_not_broken
1700,258,1,belt_rock,8.093035867515557E-05,0.975773,4.14379,-1.33207,1,73.9811,316439,outside_own_roche_hot_not_broken
1700,287,1,belt_rock,6.281990022588881E-05,0.549665,3.17313,-0.832967,1,55.4705,467883,outside_own_roche_hot_not_broken
1700,293,1,belt_rock,6.567384692686147E-07,0.813368,6.53593,-0.838454,1,58.1226,456331,outside_own_roche_hot_not_broken
1700,353,1,belt_rock,0.00011972290424567593,0.824756,4.48838,-1.28941,1,60.4198,349276,outside_own_roche_hot_not_broken
1700,362,1,belt_rock,1.2463612439116556E-06,0.462878,3.34068,-1.30235,1,59.3287,349396,outside_own_roche_hot_not_broken
1700,367,1,belt_rock,3.140882962985506E-06,0.4402,2.67268,-1.28945,1,77.5818,316105,outside_own_roche_hot_not_broken
1700,397,1,belt_rock,1.138881726395724E-06,0.546739,3.95641,-1.07179,1,71.6377,363019,outside_own_roche_hot_not_broken
1700,414,1,belt_rock,1.4503356162887746E-06,0.690359,4.78009,-0.834818,1,57.6606,459092,outside_own_roche_hot_not_broken
1700,430,1,belt_rock,0.00010209958041092731,0.773756,4.26682,-1.07525,1,55.7051,403119,outside_own_roche_hot_not_broken
1700,457,1,belt_rock,7.217235775549694E-07,0.57157,4.50947,-1.07077,1,70.4451,365981,outside_own_roche_hot_not_broken
1700,463,1,belt_rock,3.93273765467171E-05,0.942459,5.74348,-1.51697,1,113.637,243121,outside_own_roche_hot_not_broken
1700,466,1,belt_rock,4.865764545319357E-06,0.994412,8.47394,-1.07468,1,56.797,400166,outside_own_roche_hot_not_broken
1700,479,1,belt_rock,3.392719511201223E-05,0.299366,1.85878,-1.71624,1,160.746,191690,outside_own_roche_hot_not_broken
1700,481,1,belt_rock,0.00011804674518101909,0.477368,1.9906,-1.10978,1,89.8305,319865,outside_own_roche_hot_not_broken
1700,558,1,belt_rock,5.805066788445415E-05,0.997273,4.31544,-1.05208,1,64.2135,385040,outside_own_roche_hot_not_broken
1700,566,1,belt_rock,6.428092628046496E-05,0.57702,2.4809,-0.828323,1,58.14,459240,outside_own_roche_hot_not_broken
1700,571,1,belt_rock,6.899255929334052E-06,0.49238,2.65208,-1.30865,1,64.1909,338295,outside_own_roche_hot_not_broken
1700,594,1,belt_rock,7.4934178738710455E-06,0.860316,4.56054,-0.837842,1,59.0381,453194,outside_own_roche_hot_not_broken
1700,611,1,belt_rock,7.748337336914898E-07,0.714845,8.74067,-0.829842,1,53.7283,475643,outside_own_roche_hot_not_broken
1700,616,1,belt_rock,4.3524622726962354E-05,0.596796,2.63332,-1.31692,1,106.198,270063,outside_own_roche_hot_not_broken
1700,662,1,belt_rock,2.960215670939273E-05,0.420388,1.9123,-1.27228,1,69.2517,334039,outside_own_roche_hot_not_broken
1700,675,1,belt_rock,2.683401390978431E-06,0.603438,3.75822,-1.31866,1,114.76,259393,outside_own_roche_hot_not_broken
1700,695,1,belt_rock,7.80741967124538E-05,0.956344,4.06737,-0.884563,1,23.8716,603700,outside_own_roche_hot_not_broken
1700,702,1,belt_rock,1.1289317074143082E-06,0.286238,2.07469,-1.52612,1,127.169,229208,outside_own_roche_hot_not_broken
1700,716,1,belt_rock,2.7772258657696042E-05,0.465483,2.12932,-1.30948,1,64.0779,338387,outside_own_roche_hot_not_broken
1700,753,1,belt_rock,9.437212190284525E-05,0.501259,2.11181,-1.06625,1,63.6978,383444,outside_own_roche_hot_not_broken
1700,762,1,belt_rock,6.650428469851786E-07,0.547055,6.90588,-0.82829,1,55.9649,467422,outside_own_roche_hot_not_broken
1700,778,1,belt_rock,2.6514376433355864E-06,0.925835,5.77747,-1.06726,1,73.3465,359939,outside_own_roche_hot_not_broken
1700,791,1,belt_rock,4.267087949323744E-05,0.676406,2.987,-0.89942,1,33.8584,539940,outside_own_roche_hot_not_broken
1700,797,1,belt_rock,3.0209628681646513E-06,0.836958,5.11335,-0.824296,1,57.4082,463164,outside_own_roche_hot_not_broken
1700,826,1,belt_rock,1.4917630626011445E-06,0.66256,4.56447,-0.900073,1,35.9506,529215,outside_own_roche_hot_not_broken
1700,849,1,belt_rock,3.070596874896153E-05,0.882795,4.00376,-1.06834,1,60.6778,390927,outside_own_roche_hot_not_broken
1700,885,1,belt_rock,5.471936835509628E-06,0.581174,3.19729,-0.900196,1,46.5116,482017,outside_own_roche_hot_not_broken
1700,919,1,belt_rock,0.00013183487570977428,0.986685,4.09558,-1.08694,1,87.7047,327105,outside_own_roche_hot_not_broken
1700,920,1,belt_rock,8.022589617583062E-07,0.68934,5.42861,-1.11168,1,64.2833,372881,outside_own_roche_hot_not_broken
1700,934,1,belt_rock,7.194944665707225E-06,0.515842,1.42932,-1.115,1,61.9048,378096,outside_own_roche_hot_not_broken
1700,937,1,belt_rock,6.820288570372173E-06,0.797442,6.35382,-0.837261,1,62.7318,440451,outside_own_roche_hot_not_broken
1700,976,1,belt_rock,6.644448574966501E-07,0.979143,7.85016,-1.65932,1,234.227,155685,outside_own_roche_hot_not_broken
1700,978,1,belt_rock,1.2256851961564646E-06,0.788347,5.62806,-1.10346,1,50.3214,412214,outside_own_roche_hot_not_broken
1700,1006,1,belt_rock,2.723900722712057E-05,0.807244,3.69884,-1.26013,1,65.0497,344459,outside_own_roche_hot_not_broken
1700,1015,1,belt_rock,6.570363622611409E-05,0.789076,4.53465,-0.898768,1,25.1952,588405,outside_own_roche_hot_not_broken
1700,1027,1,belt_rock,1.203467211679938E-06,0.755518,5.41185,-0.833364,1,57.2185,461161,outside_own_roche_hot_not_broken
1700,1038,1,belt_rock,1.123039871300166E-06,0.567603,4.11806,-1.48452,1,98.9297,262446,outside_own_roche_hot_not_broken
1700,1043,1,belt_rock,1.3699433489732374E-06,0.718474,5.02622,-0.827612,1,55.419,469728,outside_own_roche_hot_not_broken
1700,1063,1,belt_rock,7.008552213936559E-07,0.601716,4.77439,-1.28869,1,58.9707,352524,outside_own_roche_hot_not_broken
1700,1066,1,belt_rock,3.0101260918964537E-05,0.786905,4.96077,-1.26125,1,68.2868,337687,outside_own_roche_hot_not_broken
1700,1074,1,belt_rock,9.674594183823152E-06,0.61678,3.15769,-0.900324,1,41.5144,503188,outside_own_roche_hot_not_broken
1700,1095,1,belt_rock,6.567100297507928E-07,0.599946,4.82099,-0.8295,1,59.8953,452513,outside_own_roche_hot_not_broken
1700,1114,1,belt_rock,2.0220155206019416E-05,0.647912,4.3208,-1.30226,1,63.3483,341028,outside_own_roche_hot_not_broken
1700,1123,1,belt_rock,6.879641599031865E-07,0.639532,5.09277,-0.833118,1,59.1042,454318,outside_own_roche_hot_not_broken
1700,1162,1,belt_rock,8.64979179947056E-05,0.527305,2.2316,-1.30391,1,60.9957,345609,outside_own_roche_hot_not_broken
1700,1173,1,belt_rock,1.989950814000773E-05,0.822582,3.87764,-0.907486,1,34.6667,532623,outside_own_roche_hot_not_broken
1700,1214,1,belt_rock,1.1124544848885341E-05,0.663603,3.35051,-1.50063,1,110.379,247938,outside_own_roche_hot_not_broken
1700,1221,1,belt_rock,2.2362078106696202E-06,0.8236,5.2875,-1.46131,1,81.7945,287530,outside_own_roche_hot_not_broken
1700,1237,1,belt_rock,0.00011952353721160026,0.730529,3.97541,-1.06219,1,62.1501,388323,outside_own_roche_hot_not_broken
1700,1241,1,belt_rock,7.223261531182404E-05,0.576504,2.46307,-1.31679,1,112.452,262320,outside_own_roche_hot_not_broken
1700,1242,1,belt_rock,1.1044763989078897E-05,0.890817,6.52091,-0.890176,1,40.4529,511629,outside_own_roche_hot_not_broken
1700,1264,1,belt_rock,7.198214225985294E-07,0.540152,6.70682,-1.11452,1,54.5276,397609,outside_own_roche_hot_not_broken
1700,1271,1,belt_rock,9.447345734858725E-05,0.571182,2.40675,-1.05322,1,58.204,401036,outside_own_roche_hot_not_broken
1700,1272,1,belt_rock,2.449288943529442E-06,0.595854,3.7674,-1.31437,1,100.171,278258,outside_own_roche_hot_not_broken
1700,1307,1,belt_rock,0.00012763252177902957,0.419693,1.74474,-1.04625,1,78.5074,352217,outside_own_roche_hot_not_broken
1700,1323,1,belt_rock,6.602189138387087E-07,0.635549,5.10178,-1.11053,1,45.0416,426728,outside_own_roche_hot_not_broken
1700,1389,1,belt_rock,0.00011619089133474088,0.946245,3.9488,-1.30692,1,98.8176,280926,outside_own_roche_hot_not_broken
1700,1455,1,belt_rock,2.586309430723206E-05,0.966369,4.44365,-0.911804,1,32.9566,539486,outside_own_roche_hot_not_broken
1700,1499,1,belt_rock,2.037028062959184E-06,0.880447,5.78679,-0.891007,1,41.4286,506899,outside_own_roche_hot_not_broken
1700,1508,1,belt_rock,9.281420583424006E-05,0.331001,1.3958,-1.4881,1,88.9517,274674,outside_own_roche_hot_not_broken
1700,1516,1,belt_rock,1.8923018626483087E-06,0.883874,9.01196,-1.05569,1,58.9511,398394,outside_own_roche_hot_not_broken
1700,1519,1,belt_rock,5.818677805881165E-05,0.822412,3.5581,-1.1293,1,84.9267,325965,outside_own_roche_hot_not_broken
1700,1526,1,belt_rock,5.8010060903881536E-05,0.649127,2.80822,-0.897832,1,37.1666,524181,outside_own_roche_hot_not_broken
1700,1537,1,belt_rock,2.720107824390686E-06,0.915986,5.69211,-1.29682,1,90.1741,294617,outside_own_roche_hot_not_broken
1700,1549,1,belt_rock,2.041252440654941E-05,0.5438,3.62109,-1.49969,1,135.794,223373,outside_own_roche_hot_not_broken
1700,1554,1,belt_rock,9.799834962744704E-06,0.980456,4.92513,-1.07006,1,70.7952,365296,outside_own_roche_hot_not_broken
1700,1649,1,belt_rock,9.049383250841666E-05,0.681607,1.36336,-0.898413,1,33.3561,542931,outside_own_roche_hot_not_broken
1700,1666,1,belt_rock,8.10643211524436E-06,0.980338,5.06181,-1.13424,1,85.2804,324578,outside_own_roche_hot_not_broken
1700,1694,1,belt_rock,1.2903984627086387E-06,0.656105,4.64009,-1.11221,1,47.1641,419654,outside_own_roche_hot_not_broken
1700,1696,1,belt_rock,4.934400792513331E-06,0.878708,4.95871,-0.888611,1,33.5536,545974,outside_own_roche_hot_not_broken
1700,1710,1,belt_rock,0.00011444150715678446,0.522016,2.18004,-1.0621,1,49.5354,424763,outside_own_roche_hot_not_broken
1700,1725,1,belt_rock,1.0653318457787003E-06,0.87363,10.0019,-0.890277,1,34.2141,541864,outside_own_roche_hot_not_broken
1700,1743,1,belt_rock,6.77641431699792E-07,0.990897,12.4598,-1.05221,1,69.2208,372444,outside_own_roche_hot_not_broken
1700,1750,1,belt_rock,6.840717131936392E-07,0.904113,7.20765,-0.819485,1,58.2033,461629,outside_own_roche_hot_not_broken
1700,1779,1,belt_rock,1.6831379183306376E-06,0.415832,2.80392,-1.06217,1,84.8442,336433,outside_own_roche_hot_not_broken
1700,1786,1,belt_rock,4.890562683191691E-06,0.776872,4.39964,-1.0605,1,83.9953,338390,outside_own_roche_hot_not_broken
1700,1788,1,belt_rock,1.461317122725545E-05,0.90972,6.36279,-0.910351,1,43.9099,489405,outside_own_roche_hot_not_broken
1700,1795,1,belt_rock,7.355470087618728E-07,0.619689,4.87121,-1.30489,1,63.3931,340509,outside_own_roche_hot_not_broken
1700,1799,1,belt_rock,1.967124075014925E-06,0.647431,4.28303,-0.827989,1,57.0544,463383,outside_own_roche_hot_not_broken
1700,1808,1,belt_rock,5.6769810111980155E-05,0.785817,3.4041,-0.905891,1,45.4411,484530,outside_own_roche_hot_not_broken
1700,1811,1,belt_rock,1.3906931766420854E-06,0.727121,5.07289,-0.901808,1,33.265,542001,outside_own_roche_hot_not_broken
1700,1851,1,belt_rock,6.653736720759908E-07,0.948903,7.60564,-1.33349,1,81.3779,303802,outside_own_roche_hot_not_broken
1700,1888,1,belt_rock,2.3214476746087197E-05,0.630797,2.92909,-0.898654,1,39.5454,512682,outside_own_roche_hot_not_broken
1700,1900,1,belt_rock,1.0633749950518829E-05,0.928106,6.84823,-1.08594,1,65.0819,375976,outside_own_roche_hot_not_broken
1700,1974,1,belt_rock,4.35442535855201E-05,0.737634,3.25362,-1.10876,1,64.7072,372420,outside_own_roche_hot_not_broken
1700,1979,1,belt_rock,1.9358361595623597E-06,0.447311,2.94342,-2.87346,1,4.88292,243364,outside_own_roche_hot_not_broken
1700,1989,1,belt_rock,2.109217022613033E-05,0.584234,2.74065,-1.06956,1,58.9408,395363,outside_own_roche_hot_not_broken
1700,1992,1,belt_rock,1.160809559929263E-05,0.973105,4.86922,-0.843539,1,61.0671,444434,outside_own_roche_hot_not_broken
1750,22,1,belt_rock,8.591034909746685E-05,0.418574,1.77208,-1.4849,1,124.366,234959,outside_own_roche_hot_not_broken
1750,96,1,belt_rock,7.275807928936603E-05,0.586912,2.50652,-1.28742,1,90.3053,295564,outside_own_roche_hot_not_broken
1750,102,1,belt_rock,0.000106429692621863,0.439834,1.84261,-1.24677,1,100.272,285642,outside_own_roche_hot_not_broken
1750,127,1,belt_rock,8.077702642988861E-07,0.598895,4.62365,-1.09331,1,63.164,379290,outside_own_roche_hot_not_broken
1750,189,1,belt_rock,3.4084114162771265E-05,0.843634,3.78941,-0.817032,1,59.3115,458252,outside_own_roche_hot_not_broken
1750,198,1,belt_rock,8.279507288967805E-05,0.931134,3.94984,-0.774475,1,62.8239,457856,outside_own_roche_hot_not_broken
1750,202,1,belt_rock,3.297801870852921E-05,0.43904,1.97891,-1.27974,1,80.9462,311643,outside_own_roche_hot_not_broken
1750,209,1,belt_rock,9.202889886496645E-07,0.564561,4.25166,-0.813032,1,53.6437,481371,outside_own_roche_hot_not_broken
1750,220,1,belt_rock,7.733821001916975E-05,0.871794,4.92933,-0.886513,1,27.1684,582449,outside_own_roche_hot_not_broken
1750,250,1,belt_rock,6.57644026336519E-07,0.57576,4.62535,-1.25736,1,91.1451,297977,outside_own_roche_hot_not_broken
1750,335,1,belt_rock,1.0575885605781047E-05,0.293647,2.16963,-1.30565,1,122.633,251589,outside_own_roche_hot_not_broken
1750,353,1,belt_rock,0.00011972290424567593,0.542202,2.9507,-1.27813,1,61.3226,349275,outside_own_roche_hot_not_broken
1750,362,1,belt_rock,1.2463612439116556E-06,0.918465,6.62874,-1.29257,1,60.1114,349395,outside_own_roche_hot_not_broken
1750,367,1,belt_rock,3.140882962985506E-06,0.927736,5.63277,-1.275,1,78.737,316107,outside_own_roche_hot_not_broken
1750,397,1,belt_rock,1.138881726395724E-06,0.868994,6.28837,-1.06006,1,72.5749,363020,outside_own_roche_hot_not_broken
1750,416,1,belt_rock,1.756018035339469E-05,0.937979,4.47766,-0.802889,1,53.4597,485442,outside_own_roche_hot_not_broken
1750,449,1,belt_rock,2.011197199927163E-06,0.86264,5.63915,-1.45039,1,103.207,260593,outside_own_roche_hot_not_broken
1750,457,1,belt_rock,7.217235775549694E-07,0.8435,6.6549,-1.05933,1,71.3596,365983,outside_own_roche_hot_not_broken
1750,501,1,belt_rock,0.00010638575293607016,0.964838,4.04127,-0.867748,1,30.3652,572552,outside_own_roche_hot_not_broken
1750,546,1,belt_rock,7.302283430031609E-07,0.63017,7.80112,-1.463,1,106.592,255475,outside_own_roche_hot_not_broken
1750,558,1,belt_rock,5.805066788445415E-05,0.47061,2.03644,-1.04499,1,64.7798,385042,outside_own_roche_hot_not_broken
1750,566,1,belt_rock,6.428092628046496E-05,0.959449,4.12515,-0.821394,1,58.6943,459240,outside_own_roche_hot_not_broken
1750,571,1,belt_rock,6.899255929334052E-06,0.87242,4.69907,-1.29662,1,65.1536,338294,outside_own_roche_hot_not_broken
1750,611,1,belt_rock,7.748337336914898E-07,0.800441,9.78728,-0.82212,1,54.3461,475642,outside_own_roche_hot_not_broken
1750,620,1,belt_rock,1.688403118547852E-05,0.429609,2.06488,-1.65917,1,160.44,194875,outside_own_roche_hot_not_broken
1750,643,1,belt_rock,6.909100001198158E-07,0.908717,7.23036,-0.776174,1,54.3948,490452,outside_own_roche_hot_not_broken
1750,695,1,belt_rock,7.80741967124538E-05,0.816491,3.47257,-0.881955,1,24.0796,603704,outside_own_roche_hot_not_broken
1750,716,1,belt_rock,2.7772258657696042E-05,0.90374,4.13409,-1.29791,1,65.0044,338386,outside_own_roche_hot_not_broken
1750,740,1,belt_rock,1.2783489267728684E-05,0.7017,5.01364,-0.812692,1,52.4408,486412,outside_own_roche_hot_not_broken
1750,797,1,belt_rock,3.0209628681646513E-06,0.671056,4.09978,-0.816162,1,58.0588,463164,outside_own_roche_hot_not_broken
1750,828,1,belt_rock,7.310961986766228E-07,0.357555,4.42521,-1.48614,1,107.55,252305,outside_own_roche_hot_not_broken
1750,851,1,belt_rock,6.940234196401335E-05,0.829089,3.34107,-1.45191,1,104.494,258929,outside_own_roche_hot_not_broken
1750,878,1,belt_rock,1.0077853640904324E-06,0.859082,6.35991,-1.43038,1,87.7597,282566,outside_own_roche_hot_not_broken
1750,903,1,belt_rock,2.2914851194394037E-05,0.989401,4.59979,-0.800831,1,51.0311,496380,outside_own_roche_hot_not_broken
1750,920,1,belt_rock,8.022589617583062E-07,0.715597,5.63539,-1.10117,1,65.1249,372880,outside_own_roche_hot_not_broken
1750,946,1,belt_rock,3.6899876659023318E-06,0.813586,4.81642,-1.08483,1,66.1052,373676,outside_own_roche_hot_not_broken
1750,966,1,belt_rock,1.9345286246486087E-05,0.712961,4.78522,-1.0246,1,56.2667,413298,outside_own_roche_hot_not_broken
1750,976,1,belt_rock,6.644448574966501E-07,0.420942,3.37485,-1.63036,1,236.539,155687,outside_own_roche_hot_not_broken
1750,978,1,belt_rock,1.2256851961564646E-06,0.639242,4.56359,-1.0947,1,51.0222,412214,outside_own_roche_hot_not_broken
1750,1002,1,belt_rock,3.458534219604765E-05,0.454082,2.81088,-1.25514,1,63.1493,349302,outside_own_roche_hot_not_broken
1750,1006,1,belt_rock,2.723900722712057E-05,0.564184,2.58513,-1.24846,1,65.9828,344460,outside_own_roche_hot_not_broken
1750,1043,1,belt_rock,1.3699433489732374E-06,0.790621,5.53094,-0.819633,1,56.0575,469728,outside_own_roche_hot_not_broken
1750,1063,1,belt_rock,7.008552213936559E-07,0.764506,6.06606,-1.27781,1,59.8409,352524,outside_own_roche_hot_not_broken
1750,1066,1,belt_rock,3.0101260918964537E-05,0.584216,3.68298,-1.24939,1,69.2353,337688,outside_own_roche_hot_not_broken
1750,1091,1,belt_rock,6.484161499446903E-05,0.665522,2.86239,-1.24067,1,103.921,281197,outside_own_roche_hot_not_broken
1750,1162,1,belt_rock,8.64979179947056E-05,0.837542,3.54455,-1.29242,1,61.915,345608,outside_own_roche_hot_not_broken
1750,1167,1,belt_rock,3.024088834869624E-05,0.623406,2.82871,-1.04588,1,74.5649,361058,outside_own_roche_hot_not_broken
1750,1221,1,belt_rock,2.2362078106696202E-06,0.512896,3.29278,-1.44653,1,82.9762,287532,outside_own_roche_hot_not_broken
1750,1237,1,belt_rock,0.00011952353721160026,0.688135,3.74471,-1.0521,1,62.9575,388323,outside_own_roche_hot_not_broken
1750,1241,1,belt_rock,7.223261531182404E-05,0.821238,3.50868,-1.30223,1,113.618,262319,outside_own_roche_hot_not_broken
1750,1242,1,belt_rock,1.1044763989078897E-05,0.685482,5.01783,-0.884822,1,40.8811,511630,outside_own_roche_hot_not_broken
1750,1261,1,belt_rock,1.1442014232735235E-05,0.580291,4.22254,-0.815867,1,55.1197,474562,outside_own_roche_hot_not_broken
1750,1271,1,belt_rock,9.447345734858725E-05,0.866018,3.64908,-1.04382,1,58.9554,401037,outside_own_roche_hot_not_broken
1750,1272,1,belt_rock,2.449288943529442E-06,0.791225,5.00267,-1.30067,1,101.268,278257,outside_own_roche_hot_not_broken
1750,1279,1,belt_rock,0.00012844344676875118,0.589539,3.1892,-0.816001,1,56.6938,468396,outside_own_roche_hot_not_broken
1750,1281,1,belt_rock,0.0001255033177684123,0.33181,1.28628,-1.45055,1,87.8239,280240,outside_own_roche_hot_not_broken
1750,1297,1,belt_rock,8.199182351865695E-07,0.603616,7.29435,-0.784471,1,62.0688,457692,outside_own_roche_hot_not_broken
1750,1310,1,belt_rock,8.68870417300339E-06,0.828575,4.23699,-1.27245,1,73.2736,326340,outside_own_roche_hot_not_broken
1750,1311,1,belt_rock,4.6077184062286455E-06,0.529401,3.02753,-1.05034,1,76.2564,356444,outside_own_roche_hot_not_broken
1750,1314,1,belt_rock,8.355724078100428E-07,0.600375,4.68954,-0.815068,1,52.6852,484620,outside_own_roche_hot_not_broken
1750,1323,1,belt_rock,6.602189138387087E-07,0.806578,6.47469,-1.10267,1,45.6707,426728,outside_own_roche_hot_not_broken
1750,1326,1,belt_rock,9.893245669451218E-05,0.798241,3.35464,-0.807158,1,56.6494,471301,outside_own_roche_hot_not_broken
1750,1360,1,belt_rock,0.0001096541818025347,0.509425,2.13112,-1.05123,1,77.4078,353746,outside_own_roche_hot_not_broken
1750,1452,1,belt_rock,2.9717926455947776E-05,0.498705,2.2665,-1.09282,1,52.0421,409645,outside_own_roche_hot_not_broken
1750,1475,1,belt_rock,2.3726793605748828E-05,0.552118,2.46068,-1.04675,1,88.919,330895,outside_own_roche_hot_not_broken
1750,1480,1,belt_rock,6.414234586537477E-06,0.552946,3.01193,-1.27264,1,54.0392,366583,outside_own_roche_hot_not_broken
1750,1499,1,belt_rock,2.037028062959184E-06,0.685617,4.50626,-0.885386,1,41.8781,506900,outside_own_roche_hot_not_broken
1750,1516,1,belt_rock,1.8923018626483087E-06,0.554259,5.65121,-1.04632,1,59.7001,398395,outside_own_roche_hot_not_broken
1750,1537,1,belt_rock,2.720107824390686E-06,0.448346,2.7861,-1.27987,1,91.5308,294616,outside_own_roche_hot_not_broken
1750,1574,1,belt_rock,1.5799783932586857E-05,0.782256,3.66302,-0.878485,1,30.9274,564512,outside_own_roche_hot_not_broken
1750,1601,1,belt_rock,7.241245935005754E-05,0.923528,3.94506,-1.23755,1,72.4352,333250,outside_own_roche_hot_not_broken
1750,1694,1,belt_rock,1.2903984627086387E-06,0.775347,5.48338,-1.10385,1,47.8328,419654,outside_own_roche_hot_not_broken
1750,1696,1,belt_rock,4.934400792513331E-06,0.749049,4.22702,-0.884166,1,33.9089,545976,outside_own_roche_hot_not_broken
1750,1725,1,belt_rock,1.0653318457787003E-06,0.745654,8.53677,-0.885689,1,34.5808,541866,outside_own_roche_hot_not_broken
1750,1743,1,belt_rock,6.77641431699792E-07,0.460441,5.78971,-1.04345,1,69.921,372446,outside_own_roche_hot_not_broken
1750,1750,1,belt_rock,6.840717131936392E-07,0.616258,4.91285,-0.811709,1,58.8251,461630,outside_own_roche_hot_not_broken
1750,1778,1,belt_rock,7.438067820221023E-07,0.878857,6.89358,-1.08078,1,51.2013,415012,outside_own_roche_hot_not_broken
1750,1786,1,belt_rock,4.890562683191691E-06,0.639435,3.6213,-1.04843,1,84.9599,338391,outside_own_roche_hot_not_broken
1750,1793,1,belt_rock,3.393960017536284E-05,0.57539,3.56878,-1.09256,1,50.3777,414655,outside_own_roche_hot_not_broken
1750,1799,1,belt_rock,1.967124075014925E-06,0.865181,5.72354,-0.82003,1,57.6912,463383,outside_own_roche_hot_not_broken
1750,1815,1,belt_rock,1.3855784545437669E-06,0.753455,5.26012,-1.02384,1,56.6057,412468,outside_own_roche_hot_not_broken
1750,1898,1,belt_rock,3.1022427062033695E-05,0.772363,3.49576,-0.87665,1,29.2874,574658,outside_own_roche_hot_not_broken
1750,1909,1,belt_rock,1.1792483931838004E-05,0.495681,3.59342,-1.09146,1,53.1822,406638,outside_own_roche_hot_not_broken
1750,1924,1,belt_rock,9.667326106368634E-07,0.468212,3.49344,-1.05253,1,84.4731,338710,outside_own_roche_hot_not_broken
1750,1942,1,belt_rock,2.9344414706457616E-05,0.670226,3.05232,-1.45131,1,92.6709,273653,outside_own_roche_hot_not_broken
1750,1957,1,belt_rock,3.606828597332622E-05,0.925849,4.14156,-1.03406,1,70.7468,372266,outside_own_roche_hot_not_broken
1750,1974,1,belt_rock,4.35442535855201E-05,0.667825,2.9457,-1.09818,1,65.5535,372419,outside_own_roche_hot_not_broken
1750,1979,1,belt_rock,1.9358361595623597E-06,0.526773,3.4663,-2.86817,1,5.30621,243364,outside_own_roche_hot_not_broken
1800,22,1,belt_rock,8.591034909746685E-05,0.9343,3.95546,-1.46154,1,126.236,234958,outside_own_roche_hot_not_broken
1800,96,1,belt_rock,7.275807928936603E-05,0.793737,3.3898,-1.27399,1,91.3799,295563,outside_own_roche_hot_not_broken
1800,127,1,belt_rock,8.077702642988861E-07,0.814217,6.28601,-1.08279,1,64.006,379290,outside_own_roche_hot_not_broken
1800,198,1,belt_rock,8.279507288967805E-05,0.596283,2.52941,-0.766446,1,63.4658,457857,outside_own_roche_hot_not_broken
1800,223,1,belt_rock,3.520490512440083E-05,0.231381,1.42999,-1.70544,1,207.078,166317,outside_own_roche_hot_not_broken
1800,246,1,belt_rock,4.3894961954037085E-06,0.845157,4.85656,-0.856533,1,37.9841,536418,outside_own_roche_hot_not_broken
1800,276,1,belt_rock,4.4692888503205165E-05,0.691548,3.04444,-1.07063,1,66.8042,374748,outside_own_roche_hot_not_broken
1800,285,1,belt_rock,8.687170134992252E-07,0.83133,6.32958,-1.06702,1,79.2408,347092,outside_own_roche_hot_not_broken
1800,307,1,belt_rock,2.6885458345888608E-05,0.693184,3.17565,-0.860771,1,36.1526,544041,outside_own_roche_hot_not_broken
1800,334,1,belt_rock,1.9725231062414738E-05,0.4808,2.27085,-1.42747,1,106.341,259056,outside_own_roche_hot_not_broken
1800,392,1,belt_rock,3.6301003373576995E-05,0.328173,1.46767,-1.25426,1,105.735,277238,outside_own_roche_hot_not_broken
1800,416,1,belt_rock,1.756018035339469E-05,0.619779,2.95866,-0.796448,1,53.9747,485444,outside_own_roche_hot_not_broken
1800,449,1,belt_rock,2.011197199927163E-06,0.490811,3.20847,-1.43319,1,104.583,260593,outside_own_roche_hot_not_broken
1800,452,1,belt_rock,5.6477910654771475E-05,0.981681,4.25384,-0.78477,1,51.1426,501492,outside_own_roche_hot_not_broken
1800,468,1,belt_rock,7.07434180973347E-06,0.694904,5.51195,-1.2243,1,91.4793,301611,outside_own_roche_hot_not_broken
1800,476,1,belt_rock,9.817656689245505E-05,0.445707,1.87406,-1.03078,1,74.2033,364675,outside_own_roche_hot_not_broken
1800,501,1,belt_rock,0.00010638575293607016,0.744764,3.11948,-0.864628,1,30.6145,572554,outside_own_roche_hot_not_broken
1800,519,1,belt_rock,1.8789539354836143E-06,0.803679,5.31579,-1.06375,1,52.3248,415734,outside_own_roche_hot_not_broken
1800,546,1,belt_rock,7.302283430031609E-07,0.746458,9.24069,-1.44968,1,107.657,255474,outside_own_roche_hot_not_broken
1800,620,1,belt_rock,1.688403118547852E-05,0.929851,4.46925,-1.63432,1,162.43,194873,outside_own_roche_hot_not_broken
1800,626,1,belt_rock,5.280982166788213E-06,0.284376,2.38792,-1.83033,1,206.025,162099,outside_own_roche_hot_not_broken
1800,643,1,belt_rock,6.909100001198158E-07,0.645162,5.13334,-0.769296,1,54.9449,490452,outside_own_roche_hot_not_broken
1800,690,1,belt_rock,1.4997876132188474E-06,0.922593,9.85343,-1.06402,1,71.842,363983,outside_own_roche_hot_not_broken
1800,697,1,belt_rock,7.954378473744548E-06,0.821144,4.317,-0.860266,1,22.5532,625252,outside_own_roche_hot_not_broken
1800,720,1,belt_rock,6.586090713966271E-07,0.353252,2.89516,-1.22038,1,97.981,292069,outside_own_roche_hot_not_broken
1800,740,1,belt_rock,1.2783489267728684E-05,0.829027,5.92339,-0.805355,1,53.0279,486412,outside_own_roche_hot_not_broken
1800,746,1,belt_rock,9.968363858681124E-06,0.684705,3.49548,-1.02197,1,74.6389,365303,outside_own_roche_hot_not_broken
1800,828,1,belt_rock,7.310961986766228E-07,0.970212,12.0076,-1.46166,1,109.509,252304,outside_own_roche_hot_not_broken
1800,829,1,belt_rock,7.117532374238981E-07,0.912368,7.21767,-0.790207,1,55.0381,483128,outside_own_roche_hot_not_broken
1800,848,1,belt_rock,2.0929574188950525E-06,0.490995,3.18784,-1.02999,1,70.5929,373432,outside_own_roche_hot_not_broken
1800,851,1,belt_rock,6.940234196401335E-05,0.53329,2.14906,-1.43632,1,105.742,258929,outside_own_roche_hot_not_broken
1800,878,1,belt_rock,1.0077853640904324E-06,0.483356,3.57835,-1.41423,1,89.0508,282567,outside_own_roche_hot_not_broken
1800,903,1,belt_rock,2.2914851194394037E-05,0.606695,2.82057,-0.795805,1,51.4326,496382,outside_own_roche_hot_not_broken
1800,946,1,belt_rock,3.6899876659023318E-06,0.598675,3.54415,-1.07399,1,66.9732,373675,outside_own_roche_hot_not_broken
1800,966,1,belt_rock,1.9345286246486087E-05,0.724069,4.85976,-1.01538,1,57.0043,413298,outside_own_roche_hot_not_broken
1800,1002,1,belt_rock,3.458534219604765E-05,0.939121,5.81339,-1.24526,1,63.9388,349304,outside_own_roche_hot_not_broken
1800,1022,1,belt_rock,2.776081416893355E-05,0.77432,3.53793,-0.863762,1,26.8075,595695,outside_own_roche_hot_not_broken
1800,1028,1,belt_rock,5.9043704127081914E-05,0.610247,2.63701,-0.797716,1,52.3937,491624,outside_own_roche_hot_not_broken
1800,1048,1,belt_rock,4.143592895581972E-06,0.649713,3.77887,-1.0692,1,50.4315,420189,outside_own_roche_hot_not_broken
1800,1091,1,belt_rock,6.484161499446903E-05,0.740412,3.18449,-1.22781,1,104.95,281198,outside_own_roche_hot_not_broken
1800,1131,1,belt_rock,2.1440727379131126E-06,0.877633,5.67474,-1.25548,1,118.358,261119,outside_own_roche_hot_not_broken
1800,1166,1,belt_rock,9.191991536182768E-05,0.43109,1.7028,-1.02975,1,79.1719,353646,outside_own_roche_hot_not_broken
1800,1167,1,belt_rock,3.024088834869624E-05,0.79456,3.60532,-1.03444,1,75.4792,361059,outside_own_roche_hot_not_broken
1800,1178,1,belt_rock,2.7417074091352562E-05,0.814189,3.72421,-0.860169,1,23.95,615890,outside_own_roche_hot_not_broken
1800,1181,1,belt_rock,6.54871618816341E-06,0.9845,7.90025,-0.787026,1,49.936,506050,outside_own_roche_hot_not_broken
1800,1216,1,belt_rock,9.234901422011216E-06,0.870429,4.48291,-0.855371,1,28.7247,588055,outside_own_roche_hot_not_broken
1800,1261,1,belt_rock,1.1442014232735235E-05,0.987567,7.18612,-0.810166,1,55.5756,474563,outside_own_roche_hot_not_broken
1800,1279,1,belt_rock,0.00012844344676875118,0.955775,5.1704,-0.809289,1,57.2305,468397,outside_own_roche_hot_not_broken
1800,1292,1,belt_rock,1.2159294762964989E-05,0.961187,4.78703,-1.06114,1,49.6476,424652,outside_own_roche_hot_not_broken
1800,1297,1,belt_rock,8.199182351865695E-07,0.919883,11.1163,-0.776385,1,62.7157,457692,outside_own_roche_hot_not_broken
1800,1310,1,belt_rock,8.68870417300339E-06,0.540281,2.76277,-1.25956,1,74.305,326339,outside_own_roche_hot_not_broken
1800,1311,1,belt_rock,4.6077184062286455E-06,0.890195,5.09083,-1.03799,1,77.2441,356445,outside_own_roche_hot_not_broken
1800,1314,1,belt_rock,8.355724078100428E-07,0.971501,7.58841,-0.809372,1,53.1408,484620,outside_own_roche_hot_not_broken
1800,1326,1,belt_rock,9.893245669451218E-05,0.714796,3.00396,-0.799127,1,57.2919,471301,outside_own_roche_hot_not_broken
1800,1334,1,belt_rock,3.083893656750734E-05,0.838721,3.79809,-0.859744,1,23.2555,620765,outside_own_roche_hot_not_broken
1800,1343,1,belt_rock,6.79281404962069E-07,0.653032,2.93441,-0.862425,1,38.5892,531051,outside_own_roche_hot_not_broken
1800,1360,1,belt_rock,0.0001096541818025347,0.910995,3.81104,-1.03861,1,78.4166,353748,outside_own_roche_hot_not_broken
1800,1395,1,belt_rock,2.2132168404336843E-05,0.407858,1.90474,-1.26595,1,72.3288,329093,outside_own_roche_hot_not_broken
1800,1425,1,belt_rock,6.700160141177978E-07,0.42502,3.47121,-1.02975,1,82.0409,347475,outside_own_roche_hot_not_broken
1800,1471,1,belt_rock,3.623359964060946E-05,0.819674,5.04148,-1.06456,1,54.238,409835,outside_own_roche_hot_not_broken
1800,1475,1,belt_rock,2.3726793605748828E-05,0.867118,3.86458,-1.03322,1,90.0009,330897,outside_own_roche_hot_not_broken
1800,1480,1,belt_rock,6.414234586537477E-06,0.824486,4.49103,-1.26249,1,54.8513,366583,outside_own_roche_hot_not_broken
1800,1530,1,belt_rock,1.0375013121573242E-06,0.932721,10.7366,-1.21415,1,106.649,280360,outside_own_roche_hot_not_broken
1800,1569,1,belt_rock,4.838353076963848E-05,0.941314,5.59049,-0.853963,1,34.7372,554389,outside_own_roche_hot_not_broken
1800,1574,1,belt_rock,1.5799783932586857E-05,0.878232,4.11244,-0.874462,1,31.2489,564514,outside_own_roche_hot_not_broken
1800,1583,1,belt_rock,5.084547790606446E-05,0.826924,1.74483,-0.858189,1,35.3323,549414,outside_own_roche_hot_not_broken
1800,1601,1,belt_rock,7.241245935005754E-05,0.457353,1.95369,-1.22474,1,73.4596,333251,outside_own_roche_hot_not_broken
1800,1638,1,belt_rock,7.06394996612401E-07,0.838753,6.77712,-0.862026,1,24.1665,613475,outside_own_roche_hot_not_broken
1800,1775,1,belt_rock,1.2446664084629126E-05,0.787116,3.80962,-1.01699,1,74.3302,366962,outside_own_roche_hot_not_broken
1800,1778,1,belt_rock,7.438067820221023E-07,0.569963,4.47068,-1.07271,1,51.8477,415011,outside_own_roche_hot_not_broken
1800,1793,1,belt_rock,3.393960017536284E-05,0.869849,5.39513,-1.08444,1,51.0274,414654,outside_own_roche_hot_not_broken
1800,1815,1,belt_rock,1.3855784545437669E-06,0.68373,4.77335,-1.01458,1,57.3464,412469,outside_own_roche_hot_not_broken
1800,1845,1,belt_rock,3.647100791004545E-06,0.296787,1.76016,-1.27467,1,118.561,259062,outside_own_roche_hot_not_broken
1800,1898,1,belt_rock,3.1022427062033695E-05,0.922112,4.17353,-0.873182,1,29.5646,574659,outside_own_roche_hot_not_broken
1800,1924,1,belt_rock,9.667326106368634E-07,0.951939,7.10264,-1.03856,1,85.5897,338713,outside_own_roche_hot_not_broken
1800,1942,1,belt_rock,2.9344414706457616E-05,0.692515,3.15383,-1.43857,1,93.6906,273653,outside_own_roche_hot_not_broken
1800,1953,1,belt_rock,0.00011886916050397715,0.784654,3.27064,-0.863211,1,25.2579,605760,outside_own_roche_hot_not_broken
1800,1957,1,belt_rock,3.606828597332622E-05,0.506538,2.26587,-1.02295,1,71.6345,372267,outside_own_roche_hot_not_broken
1800,1976,1,belt_rock,0.00010169273989486092,0.553314,2.3223,-0.798396,1,56.4416,474861,outside_own_roche_hot_not_broken
1800,1977,1,belt_rock,9.765683184915472E-05,0.479281,2.65355,-1.22463,1,66.4859,347400,outside_own_roche_hot_not_broken
1800,1979,1,belt_rock,1.9358361595623597E-06,0.486544,3.20158,-2.87326,1,4.89796,243365,outside_own_roche_hot_not_broken
1800,1997,1,belt_rock,1.9017462653961546E-05,0.401007,1.89979,-1.02315,1,81.9513,348786,outside_own_roche_hot_not_broken
1850,0,2,moon,0.0001921875,0.294356,1.32387,-1.57276,1,102.249,250503,outside_own_roche_hot_not_broken
1850,1,2,moon,0.0001921875,0.294379,1.32397,-1.56848,1,102.612,250480,outside_own_roche_hot_not_broken
1850,3,1,planet,1.0000653015297587,0.470904,1.97314,-1.39835,1,108.312,259479,outside_own_roche_hot_not_broken
1850,9,2,moon,0.0001921875,0.294379,1.32397,-1.56848,1,102.612,250480,outside_own_roche_hot_not_broken
1850,70,2,moon,0.0001921875,0.294356,1.32387,-1.57276,1,102.249,250503,outside_own_roche_hot_not_broken
1850,124,1,belt_rock,1.8035420372590957E-05,0.674818,4.57737,-1.40449,1,89.9621,282383,outside_own_roche_hot_not_broken
1850,126,2,moon,0.0001921875,0.294356,1.32387,-1.57276,1,102.249,250503,outside_own_roche_hot_not_broken
1850,138,2,moon,0.0001921875,0.294379,1.32397,-1.56848,1,102.612,250480,outside_own_roche_hot_not_broken
1850,140,1,belt_rock,7.136453330084144E-07,0.670731,8.34315,-0.846724,1,37.2502,544177,outside_own_roche_hot_not_broken
1850,162,2,moon,0.0001921875,0.294379,1.32397,-1.56848,1,102.612,250480,outside_own_roche_hot_not_broken
1850,178,2,moon,0.0001921875,0.294356,1.32387,-1.57276,1,102.249,250503,outside_own_roche_hot_not_broken
1850,207,2,moon,0.0001921875,0.294379,1.32397,-1.56848,1,102.612,250480,outside_own_roche_hot_not_broken
1850,216,2,moon,0.0001921875,0.294356,1.32387,-1.57276,1,102.249,250503,outside_own_roche_hot_not_broken
1850,217,1,belt_rock,2.1074065600349562E-06,0.804907,5.21981,-0.778405,1,51.7395,501107,outside_own_roche_hot_not_broken
1850,225,1,belt_rock,1.813043676237973E-05,0.461731,2.19943,-1.25074,1,108.938,273363,outside_own_roche_hot_not_broken
1850,226,1,belt_rock,6.229078729211419E-06,0.320563,1.75414,-1.40889,1,95.9591,273792,outside_own_roche_hot_not_broken
1850,229,2,moon,0.0001921875,0.294379,1.32397,-1.56848,1,102.612,250480,outside_own_roche_hot_not_broken
1850,240,1,belt_rock,1.0652790247539184E-05,0.848976,4.29304,-0.84508,1,23.58,626542,outside_own_roche_hot_not_broken
1850,246,1,belt_rock,4.3894961954037085E-06,0.755133,4.33925,-0.851334,1,38.3999,536419,outside_own_roche_hot_not_broken
1850,248,2,moon,0.0001921875,0.294356,1.32387,-1.57276,1,102.249,250503,outside_own_roche_hot_not_broken
1850,254,2,moon,0.0001921875,0.294356,1.32387,-1.57276,1,102.249,250503,outside_own_roche_hot_not_broken
1850,274,1,belt_rock,6.292355206369382E-06,0.74389,4.04911,-0.999126,1,69.9833,381101,outside_own_roche_hot_not_broken
1850,276,1,belt_rock,4.4692888503205165E-05,0.722021,3.17859,-1.06004,1,67.6518,374748,outside_own_roche_hot_not_broken
1850,277,1,belt_rock,6.571059482080137E-07,0.629248,5.05585,-1.04844,1,42.5214,452007,outside_own_roche_hot_not_broken
1850,285,1,belt_rock,8.687170134992252E-07,0.581395,4.42662,-1.05473,1,80.2244,347091,outside_own_roche_hot_not_broken
1850,294,2,moon,0.0001921875,0.294379,1.32397,-1.56848,1,102.612,250480,outside_own_roche_hot_not_broken
1850,307,1,belt_rock,2.6885458345888608E-05,0.965952,4.42526,-0.857092,1,36.4467,544043,outside_own_roche_hot_not_broken
1850,316,1,belt_rock,7.095415057450046E-05,0.7205,2.8977,-1.04776,1,51.2139,423091,outside_own_roche_hot_not_broken
1850,330,1,belt_rock,6.995722590333941E-07,0.997446,4.44966,-0.83683,1,30.7018,585081,outside_own_roche_hot_not_broken
1850,334,1,belt_rock,1.9725231062414738E-05,0.879477,4.15383,-1.40962,1,107.769,259057,outside_own_roche_hot_not_broken
1850,377,1,belt_rock,5.544561486291012E-05,0.869805,5.08938,-0.993366,1,80.9078,356236,outside_own_roche_hot_not_broken
1850,385,1,belt_rock,1.1054259914976268E-05,0.543401,2.6751,-1.00812,1,74.7194,367719,outside_own_roche_hot_not_broken
1850,398,2,moon,0.0001921875,0.294379,1.32397,-1.56848,1,102.612,250480,outside_own_roche_hot_not_broken
1850,412,2,moon,0.0001921875,0.294379,1.32397,-1.56848,1,102.612,250480,outside_own_roche_hot_not_broken
1850,434,1,belt_rock,9.286780040092213E-06,0.972591,5.00707,-0.833748,1,17.3567,679687,outside_own_roche_hot_not_broken
1850,436,1,belt_rock,1.3454135325069842E-05,0.659558,3.16343,-0.982584,1,69.2133,386498,outside_own_roche_hot_not_broken
1850,448,2,moon,0.0001921875,0.294356,1.32387,-1.57276,1,102.249,250503,outside_own_roche_hot_not_broken
1850,452,1,belt_rock,5.6477910654771475E-05,0.615892,2.6688,-0.779561,1,51.5587,501495,outside_own_roche_hot_not_broken
1850,465,1,belt_rock,2.9716234778385004E-06,0.821098,5.02975,-0.77767,1,49.3654,512033,outside_own_roche_hot_not_broken
1850,468,1,belt_rock,7.07434180973347E-06,0.700647,5.5575,-1.21188,1,92.4726,301612,outside_own_roche_hot_not_broken
1850,474,2,moon,0.0001921875,0.294356,1.32387,-1.57276,1,102.249,250503,outside_own_roche_hot_not_broken
1850,519,1,belt_rock,1.8789539354836143E-06,0.633443,4.1898,-1.05495,1,53.029,415733,outside_own_roche_hot_not_broken
1850,532,1,belt_rock,5.1581301120989146E-05,0.621577,2.71132,-0.983678,1,90.5133,337645,outside_own_roche_hot_not_broken
1850,544,2,moon,0.0001921875,0.294356,1.32387,-1.57276,1,102.249,250503,outside_own_roche_hot_not_broken
1850,560,1,belt_rock,6.588914285216677E-07,0.497273,3.99335,-1.00885,1,69.6962,379857,outside_own_roche_hot_not_broken
1850,579,2,moon,0.0001921875,0.294379,1.32397,-1.56848,1,102.612,250480,outside_own_roche_hot_not_broken
1850,589,1,belt_rock,1.633624525481355E-05,0.749907,5.15859,-1.04271,1,37.75,471515,outside_own_roche_hot_not_broken
1850,596,2,moon,0.0001921875,0.294379,1.32397,-1.56848,1,102.612,250480,outside_own_roche_hot_not_broken
1850,605,2,moon,0.0001921875,0.294356,1.32387,-1.57276,1,102.249,250503,outside_own_roche_hot_not_broken
1850,621,1,belt_rock,3.984914810645337E-05,0.590687,2.6232,-1.23443,1,61.3339,356878,outside_own_roche_hot_not_broken
1850,654,1,belt_rock,6.757675773939491E-07,0.426052,3.4046,-1.19317,1,67.0333,351611,outside_own_roche_hot_not_broken
1850,658,2,moon,0.0001921875,0.294379,1.32397,-1.56848,1,102.612,250480,outside_own_roche_hot_not_broken
1850,660,1,belt_rock,1.1772379558727024E-06,0.773964,5.56653,-1.57471,1,232.217,159500,outside_own_roche_hot_not_broken
1850,690,1,belt_rock,1.4997876132188474E-06,0.500269,5.34295,-1.05248,1,72.7663,363981,outside_own_roche_hot_not_broken
1850,691,1,belt_rock,4.215405560490873E-05,0.698328,3.086,-0.846026,1,37.5169,543087,outside_own_roche_hot_not_broken
1850,699,1,belt_rock,2.5989139157173602E-05,0.427908,1.96812,-1.21281,1,78.0749,326284,outside_own_roche_hot_not_broken
1850,707,1,belt_rock,9.706564149433196E-07,0.712236,5.27316,-1.19991,1,94.5956,299768,outside_own_roche_hot_not_broken
1850,717,1,belt_rock,2.2707846419077505E-05,0.391446,1.82601,-0.973897,1,164.595,235590,outside_own_roche_hot_not_broken
1850,721,2,moon,0.0001921875,0.294356,1.32387,-1.57276,1,102.249,250503,outside_own_roche_hot_not_broken
1850,731,1,belt_rock,4.793449187823939E-05,0.374498,1.641,-1.19813,1,89.4332,308349,outside_own_roche_hot_not_broken
1850,746,1,belt_rock,9.968363858681124E-06,0.737999,3.76755,-1.01088,1,75.5259,365304,outside_own_roche_hot_not_broken
1850,788,2,moon,0.0001921875,0.294379,1.32397,-1.56848,1,102.612,250480,outside_own_roche_hot_not_broken
1850,829,1,belt_rock,7.117532374238981E-07,0.634105,5.01635,-0.783194,1,55.5988,483129,outside_own_roche_hot_not_broken
1850,848,1,belt_rock,2.0929574188950525E-06,0.948523,6.15839,-1.0193,1,71.4475,373434,outside_own_roche_hot_not_broken
1850,852,2,moon,0.0001921875,0.294356,1.32387,-1.57276,1,102.249,250503,outside_own_roche_hot_not_broken
1850,870,1,belt_rock,4.0718180270311874E-05,0.71625,4.34405,-1.38297,1,92.0245,281909,outside_own_roche_hot_not_broken
1850,872,1,belt_rock,0.0001265295520468032,0.625436,2.60065,-1.38857,1,108.232,260499,outside_own_roche_hot_not_broken
1850,884,2,moon,0.0001921875,0.294356,1.32387,-1.57276,1,102.249,250503,outside_own_roche_hot_not_broken
1850,887,1,belt_rock,4.891841053755979E-05,0.614434,3.64711,-1.2008,1,67.1011,350149,outside_own_roche_hot_not_broken
1850,890,2,moon,0.0001921875,0.294379,1.32397,-1.56848,1,102.612,250480,outside_own_roche_hot_not_broken
1850,924,2,moon,0.0001921875,0.294379,1.32397,-1.56848,1,102.612,250480,outside_own_roche_hot_not_broken
1850,933,2,moon,0.0001921875,0.294379,1.32397,-1.56848,1,102.612,250480,outside_own_roche_hot_not_broken
1850,935,1,belt_rock,7.158949777627068E-05,0.863845,3.69099,-0.774259,1,49.6149,512140,outside_own_roche_hot_not_broken
1850,969,1,belt_rock,5.908919641170029E-07,0.276928,1.3085,-1.45347,1,151.381,213451,outside_own_roche_hot_not_broken
1850,979,2,moon,0.0001921875,0.294379,1.32397,-1.56848,1,102.612,250480,outside_own_roche_hot_not_broken
1850,1013,2,moon,0.0001921875,0.294356,1.32387,-1.57276,1,102.249,250503,outside_own_roche_hot_not_broken
1850,1028,1,belt_rock,5.9043704127081914E-05,0.968304,4.18425,-0.792031,1,52.8486,491624,outside_own_roche_hot_not_broken
1850,1048,1,belt_rock,4.143592895581972E-06,0.788802,4.58784,-1.0606,1,51.1193,420190,outside_own_roche_hot_not_broken
1850,1056,1,belt_rock,3.1722963361190054E-05,0.63889,2.88822,-1.23724,1,96.5312,292220,outside_own_roche_hot_not_broken
1850,1080,2,moon,0.0001921875,0.294379,1.32397,-1.56848,1,102.612,250480,outside_own_roche_hot_not_broken
1850,1086,1,belt_rock,7.701292930739975E-05,0.253511,1.0796,-1.56255,1,136.181,218742,outside_own_roche_hot_not_broken
1850,1090,2,moon,0.0001921875,0.294379,1.32397,-1.56848,1,102.612,250480,outside_own_roche_hot_not_broken
1850,1109,1,belt_rock,9.141481982163067E-07,0.826244,9.7622,-1.55733,1,123.08,230682,outside_own_roche_hot_not_broken
1850,1115,1,belt_rock,8.426437491768853E-05,0.620512,2.62897,-1.04419,1,34.0366,485934,outside_own_roche_hot_not_broken
1850,1125,2,moon,0.0001921875,0.294356,1.32387,-1.57276,1,102.249,250503,outside_own_roche_hot_not_broken
1850,1131,1,belt_rock,2.1440727379131126E-06,0.525216,3.39602,-1.23895,1,119.681,261120,outside_own_roche_hot_not_broken
1850,1151,1,belt_rock,7.525309276687851E-06,0.446869,2.36974,-1.00943,1,75.3343,366024,outside_own_roche_hot_not_broken
1850,1153,1,belt_rock,3.99247983322351E-05,0.58766,3.56986,-0.782329,1,51.6581,500087,outside_own_roche_hot_not_broken
1850,1172,2,moon,0.0001921875,0.294356,1.32387,-1.57276,1,102.249,250503,outside_own_roche_hot_not_broken
1850,1174,1,belt_rock,2.4597285638734086E-06,0.666498,4.23133,-0.77828,1,45.7459,528960,outside_own_roche_hot_not_broken
1850,1181,1,belt_rock,6.54871618816341E-06,0.620756,4.98134,-0.782051,1,50.3335,506053,outside_own_roche_hot_not_broken
1850,1191,1,belt_rock,5.1129856908838495E-05,0.559469,2.44043,-1.00666,1,71.5585,375644,outside_own_roche_hot_not_broken
1850,1216,1,belt_rock,9.234901422011216E-06,0.832111,4.28556,-0.851744,1,29.0144,588058,outside_own_roche_hot_not_broken
1850,1222,1,belt_rock,6.567551089215899E-06,0.713247,5.73619,-1.23563,1,108.35,275734,outside_own_roche_hot_not_broken
1850,1228,2,moon,0.0001921875,0.294356,1.32387,-1.57276,1,102.249,250503,outside_own_roche_hot_not_broken
1850,1232,1,belt_rock,1.1018607877703977E-05,0.498065,2.51272,-1.20992,1,75.8396,330945,outside_own_roche_hot_not_broken
1850,1243,1,belt_rock,7.270145220654691E-05,0.759569,4.32118,-0.997979,1,76.8876,364535,outside_own_roche_hot_not_broken
1850,1275,1,belt_rock,6.576178648915663E-07,0.686019,8.68053,-1.23242,1,68.7062,341495,outside_own_roche_hot_not_broken
1850,1276,2,moon,0.0001921875,0.294379,1.32397,-1.56848,1,102.612,250480,outside_own_roche_hot_not_broken
1850,1292,1,belt_rock,1.2159294762964989E-05,0.534351,2.66125,-1.05558,1,50.0932,424649,outside_own_roche_hot_not_broken
1850,1295,2,moon,0.0001921875,0.294356,1.32387,-1.57276,1,102.249,250503,outside_own_roche_hot_not_broken
1850,1334,1,belt_rock,3.083893656750734E-05,0.968464,4.38562,-0.857315,1,23.4494,620768,outside_own_roche_hot_not_broken
1850,1350,2,moon,0.0001921875,0.294379,1.32397,-1.56848,1,102.612,250480,outside_own_roche_hot_not_broken
1850,1352,1,belt_rock,1.419189573346924E-05,0.423222,2.01141,-0.997506,1,83.7649,349292,outside_own_roche_hot_not_broken
1850,1356,1,belt_rock,0.00013095010690963047,0.602228,2.50005,-0.784459,1,49.3515,509616,outside_own_roche_hot_not_broken
1850,1390,2,moon,0.0001921875,0.294356,1.32387,-1.57276,1,102.249,250503,outside_own_roche_hot_not_broken
1850,1393,2,moon,0.0001921875,0.294379,1.32397,-1.56848,1,102.612,250480,outside_own_roche_hot_not_broken
1850,1394,2,moon,0.0001921875,0.294356,1.32387,-1.57276,1,102.249,250503,outside_own_roche_hot_not_broken
1850,1395,1,belt_rock,2.2132168404336843E-05,0.985871,4.60412,-1.25629,1,73.1022,329092,outside_own_roche_hot_not_broken
1850,1396,1,belt_rock,1.65993682879337E-05,0.235061,1.13092,-1.40491,1,159.693,209978,outside_own_roche_hot_not_broken
1850,1398,1,belt_rock,1.058678945228966E-05,0.796568,4.03545,-0.99848,1,65.2947,393545,outside_own_roche_hot_not_broken
1850,1402,1,belt_rock,0.00013086889619444062,0.655703,2.72304,-1.19063,1,68.0342,349893,outside_own_roche_hot_not_broken
1850,1403,2,moon,0.0001921875,0.294379,1.32397,-1.56848,1,102.612,250480,outside_own_roche_hot_not_broken
1850,1469,2,moon,0.0001921875,0.294356,1.32387,-1.57276,1,102.249,250503,outside_own_roche_hot_not_broken
1850,1471,1,belt_rock,3.623359964060946E-05,0.614865,3.78178,-1.05552,1,54.9617,409834,outside_own_roche_hot_not_broken
1850,1476,2,moon,0.0001921875,0.294356,1.32387,-1.57276,1,102.249,250503,outside_own_roche_hot_not_broken
1850,1490,2,moon,0.0001921875,0.294356,1.32387,-1.57276,1,102.249,250503,outside_own_roche_hot_not_broken
1850,1528,1,belt_rock,5.0574990857476974E-05,0.804492,3.51167,-1.04583,1,65.922,381928,outside_own_roche_hot_not_broken
1850,1530,1,belt_rock,1.0375013121573242E-06,0.455502,5.24331,-1.19551,1,108.14,280360,outside_own_roche_hot_not_broken
1850,1543,2,moon,0.0001921875,0.294379,1.32397,-1.56848,1,102.612,250480,outside_own_roche_hot_not_broken
1850,1569,1,belt_rock,4.838353076963848E-05,0.720438,4.27871,-0.850108,1,35.0459,554387,outside_own_roche_hot_not_broken
1850,1583,1,belt_rock,5.084547790606446E-05,0.793601,1.67451,-0.85335,1,35.719,549416,outside_own_roche_hot_not_broken
1850,1596,1,belt_rock,6.327301182556603E-05,0.82076,3.53346,-1.37844,1,101.794,269403,outside_own_roche_hot_not_broken
1850,1603,2,moon,0.0001921875,0.294356,1.32387,-1.57276,1,102.249,250503,outside_own_roche_hot_not_broken
1850,1616,2,moon,0.0001921875,0.294356,1.32387,-1.57276,1,102.249,250503,outside_own_roche_hot_not_broken
1850,1638,1,belt_rock,7.06394996612401E-07,0.940833,7.60193,-0.859316,1,24.3828,613479,outside_own_roche_hot_not_broken
1850,1680,2,moon,0.0001921875,0.294356,1.32387,-1.57276,1,102.249,250503,outside_own_roche_hot_not_broken
1850,1682,2,moon,0.0001921875,0.294356,1.32387,-1.57276,1,102.249,250503,outside_own_roche_hot_not_broken
1850,1729,1,belt_rock,1.6208793130723968E-05,0.60824,2.92826,-0.780492,1,51.2542,502510,outside_own_roche_hot_not_broken
1850,1761,2,moon,0.0001921875,0.294379,1.32397,-1.56848,1,102.612,250480,outside_own_roche_hot_not_broken
1850,1768,1,belt_rock,7.185553892578624E-07,0.991582,12.3165,-1.03765,1,52.8965,420372,outside_own_roche_hot_not_broken
1850,1775,1,belt_rock,1.2446664084629126E-05,0.636649,3.08137,-1.00575,1,75.2293,366963,outside_own_roche_hot_not_broken
1850,1776,2,moon,0.0001921875,0.294356,1.32387,-1.57276,1,102.249,250503,outside_own_roche_hot_not_broken
1850,1841,2,moon,0.0001921875,0.294379,1.32397,-1.56848,1,102.612,250480,outside_own_roche_hot_not_broken
1850,1846,2,moon,0.0001921875,0.294356,1.32387,-1.57276,1,102.249,250503,outside_own_roche_hot_not_broken
1850,1858,1,belt_rock,1.6215334315138656E-05,0.714598,4.92306,-1.199,1,79.5721,325554,outside_own_roche_hot_not_broken
1850,1864,2,moon,0.0001921875,0.294356,1.32387,-1.57276,1,102.249,250503,outside_own_roche_hot_not_broken
1850,1882,2,moon,0.0001921875,0.294379,1.32397,-1.56848,1,102.612,250480,outside_own_roche_hot_not_broken
1850,1885,2,moon,0.0001921875,0.294379,1.32397,-1.56848,1,102.612,250480,outside_own_roche_hot_not_broken
1850,1889,2,moon,0.0001921875,0.294379,1.32397,-1.56848,1,102.612,250480,outside_own_roche_hot_not_broken
1850,1901,2,moon,0.0001921875,0.294379,1.32397,-1.56848,1,102.612,250480,outside_own_roche_hot_not_broken
1850,1923,1,belt_rock,1.5202050466784962E-06,0.434799,4.63111,-1.00611,1,72.9506,372343,outside_own_roche_hot_not_broken
1850,1944,1,belt_rock,5.804841253576382E-05,0.754663,3.26525,-0.999459,1,66.6066,389812,outside_own_roche_hot_not_broken
1850,1945,1,belt_rock,1.9083106580083907E-05,0.875228,5.88644,-1.56938,1,230.388,160511,outside_own_roche_hot_not_broken
1850,1965,2,moon,0.0001921875,0.294379,1.32397,-1.56848,1,102.612,250480,outside_own_roche_hot_not_broken
1850,1977,1,belt_rock,9.765683184915472E-05,0.908759,5.03135,-1.21303,1,67.4133,347401,outside_own_roche_hot_not_broken
1850,1979,1,belt_rock,1.9358361595623597E-06,0.490709,3.22899,-2.86721,1,5.38243,243365,outside_own_roche_hot_not_broken
1850,1987,2,moon,0.0001921875,0.294379,1.32397,-1.56848,1,102.612,250480,outside_own_roche_hot_not_broken
1850,1991,2,moon,0.0001921875,0.294356,1.32387,-1.57276,1,102.249,250503,outside_own_roche_hot_not_broken
1900,3,1,planet,1.0000763557896737,0.89375,3.7449,-1.37989,1,109.786,259482,outside_own_roche_hot_not_broken
1900,93,1,belt_rock,0.00013013132255512548,0.76932,3.19455,-0.832839,1,28.0686,603323,outside_own_roche_hot_not_broken
1900,105,1,belt_rock,0.00011815024574401716,0.802658,3.34642,-0.830366,1,25.5384,621220,outside_own_roche_hot_not_broken
1900,115,1,belt_rock,7.294394492322567E-07,0.471136,3.64746,-1.0367,1,62.2476,393516,outside_own_roche_hot_not_broken
1900,124,1,belt_rock,1.8035420372590957E-05,0.691597,4.69119,-1.39188,1,90.972,282381,outside_own_roche_hot_not_broken
1900,125,1,belt_rock,6.566749992462903E-07,0.512252,6.48373,-0.96872,1,66.2525,397441,outside_own_roche_hot_not_broken
1900,136,1,belt_rock,4.9712015681628984E-05,0.654736,2.70859,-0.763518,1,48.0323,523602,outside_own_roche_hot_not_broken
1900,142,1,belt_rock,3.2384639213008784E-05,0.750254,3.38664,-1.38378,1,161.888,209590,outside_own_roche_hot_not_broken
1900,174,1,belt_rock,1.1339647904664108E-05,0.687414,5.0081,-0.832364,1,35.8244,557857,outside_own_roche_hot_not_broken
1900,186,1,belt_rock,4.117365516990541E-05,0.827448,3.66275,-0.826717,1,33.1796,575251,outside_own_roche_hot_not_broken
1900,217,1,belt_rock,2.1074065600349562E-06,0.741503,4.80864,-0.771303,1,52.3081,501105,outside_own_roche_hot_not_broken
1900,225,1,belt_rock,1.813043676237973E-05,0.925459,4.40836,-1.23207,1,110.434,273360,outside_own_roche_hot_not_broken
1900,240,1,belt_rock,1.0652790247539184E-05,0.962323,4.8662,-0.842611,1,23.7778,626540,outside_own_roche_hot_not_broken
1900,255,1,belt_rock,1.598210655002663E-05,0.630353,3.04135,-0.984978,1,74.306,373158,outside_own_roche_hot_not_broken
1900,263,1,belt_rock,6.624594774401624E-07,0.889764,7.13773,-1.02302,1,46.2976,445861,outside_own_roche_hot_not_broken
1900,274,1,belt_rock,6.292355206369382E-06,0.685121,3.72923,-0.988494,1,70.8336,381102,outside_own_roche_hot_not_broken
1900,277,1,belt_rock,6.571059482080137E-07,0.856228,6.87958,-1.04177,1,43.0557,452005,outside_own_roche_hot_not_broken
1900,316,1,belt_rock,7.095415057450046E-05,0.71978,2.8948,-1.03911,1,51.9073,423088,outside_own_roche_hot_not_broken
1900,325,1,belt_rock,2.6155973729202612E-05,0.808908,3.56391,-0.760496,1,48.4303,522853,outside_own_roche_hot_not_broken
1900,330,1,belt_rock,6.995722590333941E-07,0.747639,3.33526,-0.834106,1,30.9201,585079,outside_own_roche_hot_not_broken
1900,377,1,belt_rock,5.544561486291012E-05,0.558927,3.27038,-0.980934,1,81.9027,356236,outside_own_roche_hot_not_broken
1900,434,1,belt_rock,9.286780040092213E-06,0.981443,5.05264,-0.83205,1,17.4924,679688,outside_own_roche_hot_not_broken
1900,436,1,belt_rock,1.3454135325069842E-05,0.774606,3.71524,-0.972026,1,70.0574,386499,outside_own_roche_hot_not_broken
1900,453,1,belt_rock,6.992885638261917E-05,0.477568,2.72818,-1.37037,1,88.1476,288871,outside_own_roche_hot_not_broken
1900,463,1,belt_rock,3.93273765467171E-05,0.972742,5.92803,-1.52213,1,113.216,243129,outside_own_roche_hot_not_broken
1900,465,1,belt_rock,2.9716234778385004E-06,0.739698,4.53112,-0.770988,1,49.9003,512031,outside_own_roche_hot_not_broken
1900,510,1,belt_rock,1.8747241736540915E-06,0.729036,7.44699,-1.03096,1,61.5691,396624,outside_own_roche_hot_not_broken
1900,532,1,belt_rock,5.1581301120989146E-05,0.811913,3.54156,-0.97114,1,91.5137,337651,outside_own_roche_hot_not_broken
1900,537,1,belt_rock,1.25216236511179E-05,0.641842,3.18706,-1.21583,1,90.1439,304851,outside_own_roche_hot_not_broken
1900,560,1,belt_rock,6.588914285216677E-07,0.949428,7.62439,-0.998835,1,70.5068,379833,outside_own_roche_hot_not_broken
1900,582,1,belt_rock,1.8540042615775663E-05,0.804619,3.8189,-0.762235,1,46.8832,529678,outside_own_roche_hot_not_broken
1900,589,1,belt_rock,1.633624525481355E-05,0.745165,5.12597,-1.03626,1,38.2667,471513,outside_own_roche_hot_not_broken
1900,621,1,belt_rock,3.984914810645337E-05,0.787969,3.49931,-1.22348,1,62.2114,356876,outside_own_roche_hot_not_broken
1900,660,1,belt_rock,1.1772379558727024E-06,0.721423,5.18864,-1.56244,1,233.198,159501,outside_own_roche_hot_not_broken
1900,691,1,belt_rock,4.215405560490873E-05,0.945821,4.1797,-0.841909,1,37.8465,543085,outside_own_roche_hot_not_broken
1900,699,1,belt_rock,2.5989139157173602E-05,0.962148,4.4253,-1.19959,1,79.1329,326283,outside_own_roche_hot_not_broken
1900,707,1,belt_rock,9.706564149433196E-07,0.690084,5.10915,-1.18737,1,95.5965,299770,outside_own_roche_hot_not_broken
1900,712,1,belt_rock,1.646824250574705E-05,0.947229,4.55221,-0.757106,1,46.5534,533338,outside_own_roche_hot_not_broken
1900,732,1,belt_rock,9.251723070443742E-06,0.943314,4.85584,-0.822669,1,26.2182,620787,outside_own_roche_hot_not_broken
1900,743,1,belt_rock,1.1469206835530423E-05,0.944144,4.73005,-0.823062,1,23.547,639119,outside_own_roche_hot_not_broken
1900,755,1,belt_rock,0.00010987808730037803,0.359155,1.50247,-1.20937,1,93.9848,299538,outside_own_roche_hot_not_broken
1900,772,1,belt_rock,0.00012201131044899116,0.618671,2.57629,-1.18167,1,93.6377,303618,outside_own_roche_hot_not_broken
1900,824,1,belt_rock,3.599387387985598E-05,0.774747,3.46593,-1.0259,1,44.9916,449634,outside_own_roche_hot_not_broken
1900,856,1,belt_rock,1.893499971278667E-05,0.601212,4.04342,-1.031,1,38.7396,471311,outside_own_roche_hot_not_broken
1900,870,1,belt_rock,4.0718180270311874E-05,0.655108,3.97322,-1.37018,1,93.046,281911,outside_own_roche_hot_not_broken
1900,872,1,belt_rock,0.0001265295520468032,0.762864,3.1721,-1.37503,1,109.315,260500,outside_own_roche_hot_not_broken
1900,887,1,belt_rock,4.891841053755979E-05,0.770272,4.57213,-1.18932,1,68.0148,350159,outside_own_roche_hot_not_broken
1900,935,1,belt_rock,7.158949777627068E-05,0.703798,3.00715,-0.767759,1,50.1353,512138,outside_own_roche_hot_not_broken
1900,953,1,belt_rock,5.5735301423280515E-05,0.623878,2.55609,-0.769218,1,48.8999,517326,outside_own_roche_hot_not_broken
1900,959,1,belt_rock,5.416711763075184E-05,0.901062,5.28451,-0.757199,1,45.8572,536789,outside_own_roche_hot_not_broken
1900,994,1,belt_rock,1.745865127732295E-05,0.407439,1.94991,-1.36624,1,72.6638,313976,outside_own_roche_hot_not_broken
1900,1008,1,belt_rock,4.288151531680917E-05,0.541399,3.26179,-1.0362,1,58.9372,402813,outside_own_roche_hot_not_broken
1900,1020,1,belt_rock,0.00012393235555062696,0.619051,3.35866,-1.03378,1,59.4549,401893,outside_own_roche_hot_not_broken
1900,1051,1,belt_rock,6.065796713657821E-05,0.445856,1.81499,-1.19033,1,82.8979,320743,outside_own_roche_hot_not_broken
1900,1056,1,belt_rock,3.1722963361190054E-05,0.758586,3.42933,-1.22437,1,97.5624,292218,outside_own_roche_hot_not_broken
1900,1081,1,belt_rock,5.6070312001726264E-05,0.665066,2.72359,-0.766253,1,46.2671,531129,outside_own_roche_hot_not_broken
1900,1092,1,belt_rock,6.56770333777072E-07,0.769471,6.30997,-1.38036,1,118.621,249431,outside_own_roche_hot_not_broken
1900,1109,1,belt_rock,9.141481982163067E-07,0.543359,6.41987,-1.54146,1,124.347,230684,outside_own_roche_hot_not_broken
1900,1115,1,belt_rock,8.426437491768853E-05,0.999528,4.23477,-1.04184,1,34.2257,485931,outside_own_roche_hot_not_broken
1900,1126,1,belt_rock,7.345224361945922E-05,0.67233,3.82009,-0.767047,1,49.7072,514375,outside_own_roche_hot_not_broken
1900,1174,1,belt_rock,2.4597285638734086E-06,0.952872,6.0494,-0.773337,1,46.1419,528958,outside_own_roche_hot_not_broken
1900,1183,1,belt_rock,6.526187723294961E-05,0.681426,2.75738,-0.763207,1,44.5326,541079,outside_own_roche_hot_not_broken
1900,1185,1,belt_rock,0.00010621860538040504,0.656448,2.75001,-1.03153,1,54.0118,418446,outside_own_roche_hot_not_broken
1900,1191,1,belt_rock,5.1129856908838495E-05,0.872262,3.80486,-0.995112,1,72.4634,375690,outside_own_roche_hot_not_broken
1900,1195,1,belt_rock,4.933013102614774E-05,0.426506,1.86545,-1.18206,1,65.6932,356500,outside_own_roche_hot_not_broken
1900,1197,1,belt_rock,8.535780065514528E-07,0.804523,9.64139,-1.34837,1,74.7882,312782,outside_own_roche_hot_not_broken
1900,1222,1,belt_rock,6.567551089215899E-06,0.698964,5.62133,-1.22286,1,109.373,275732,outside_own_roche_hot_not_broken
1900,1223,1,belt_rock,4.408148264470157E-05,0.613623,1.31447,-0.768537,1,48.9982,517121,outside_own_roche_hot_not_broken
1900,1232,1,belt_rock,1.1018607877703977E-05,0.885599,4.46781,-1.19674,1,76.9064,330921,outside_own_roche_hot_not_broken
1900,1243,1,belt_rock,7.270145220654691E-05,0.667941,3.79991,-0.986726,1,77.7874,364536,outside_own_roche_hot_not_broken
1900,1274,1,belt_rock,1.3392560690466934E-05,0.49408,3.50892,-1.18722,1,76.1905,333779,outside_own_roche_hot_not_broken
1900,1275,1,belt_rock,6.576178648915663E-07,0.692211,8.75889,-1.22114,1,69.61,341493,outside_own_roche_hot_not_broken
1900,1288,1,belt_rock,3.407419597380296E-05,0.616721,2.7697,-0.76728,1,50.4213,511004,outside_own_roche_hot_not_broken
1900,1296,1,belt_rock,1.081920190071607E-05,0.861174,4.34633,-0.832243,1,22.135,644000,outside_own_roche_hot_not_broken
1900,1372,1,belt_rock,6.831828976310988E-06,0.876781,4.73088,-1.36707,1,79.1368,303084,outside_own_roche_hot_not_broken
1900,1379,1,belt_rock,6.321398343326647E-05,0.612488,2.63653,-1.02896,1,36.7305,479910,outside_own_roche_hot_not_broken
1900,1398,1,belt_rock,1.058678945228966E-05,0.637415,3.22917,-0.988235,1,66.1143,393545,outside_own_roche_hot_not_broken
1900,1402,1,belt_rock,0.00013086889619444062,0.731069,3.03602,-1.17941,1,68.9302,349896,outside_own_roche_hot_not_broken
1900,1487,1,belt_rock,1.853271166328581E-05,0.85374,4.05898,-1.37981,1,164.356,207949,outside_own_roche_hot_not_broken
1900,1528,1,belt_rock,5.0574990857476974E-05,0.617144,2.69388,-1.03527,1,66.7684,381925,outside_own_roche_hot_not_broken
1900,1529,1,belt_rock,9.471527052528397E-05,0.93138,3.92407,-0.955336,1,59.2765,421007,outside_own_roche_hot_not_broken
1900,1596,1,belt_rock,6.327301182556603E-05,0.552481,2.37849,-1.36358,1,102.983,269403,outside_own_roche_hot_not_broken
1900,1630,1,belt_rock,2.275288810153228E-06,0.671457,4.29816,-0.983577,1,63.8318,400877,outside_own_roche_hot_not_broken
1900,1652,1,belt_rock,1.1739582922491534E-05,0.89191,4.45668,-0.827023,1,19.1165,669948,outside_own_roche_hot_not_broken
1900,1657,1,belt_rock,1.942033007312838E-06,0.80993,5.3266,-1.02118,1,34.7518,490632,outside_own_roche_hot_not_broken
1900,1704,1,belt_rock,9.233320338669969E-07,0.976475,7.47651,-1.01672,1,37.6606,480109,outside_own_roche_hot_not_broken
1900,1705,1,belt_rock,7.241293853868404E-05,0.558032,2.24082,-1.03684,1,67.2997,380255,outside_own_roche_hot_not_broken
1900,1707,1,belt_rock,7.307704949357682E-05,0.852829,3.42193,-0.758858,1,44.975,540596,outside_own_roche_hot_not_broken
1900,1749,1,belt_rock,4.492860204019897E-06,0.938067,5.38331,-0.970978,1,78.2958,366293,outside_own_roche_hot_not_broken
1900,1768,1,belt_rock,7.185553892578624E-07,0.516702,6.41801,-1.03269,1,53.2951,420368,outside_own_roche_hot_not_broken
1900,1791,1,belt_rock,2.1069297519723604E-05,0.864418,5.73148,-1.164,1,61.2465,370108,outside_own_roche_hot_not_broken
1900,1858,1,belt_rock,1.6215334315138656E-05,0.67501,4.65032,-1.18705,1,80.527,325556,outside_own_roche_hot_not_broken
1900,1944,1,belt_rock,5.804841253576382E-05,0.676575,2.92738,-0.989137,1,67.4321,389813,outside_own_roche_hot_not_broken
1900,1945,1,belt_rock,1.9083106580083907E-05,0.600226,4.03688,-1.55449,1,231.576,160513,outside_own_roche_hot_not_broken
1900,1979,1,belt_rock,1.9358361595623597E-06,0.523396,3.44408,-2.87292,1,4.98726,243301,outside_own_roche_hot_not_broken
1950,118,1,belt_rock,9.339218637497795E-05,0.878524,3.46613,-0.816349,1,20.8555,663067,outside_own_roche_hot_not_broken
1950,125,1,belt_rock,6.566749992462903E-07,0.953454,12.0681,-0.959465,1,66.9926,397441,outside_own_roche_hot_not_broken
1950,129,1,belt_rock,1.0817756122801134E-05,0.961996,4.85868,-0.952443,1,81.0809,363259,outside_own_roche_hot_not_broken
1950,136,1,belt_rock,4.9712015681628984E-05,0.959473,3.96927,-0.758392,1,48.4429,523599,outside_own_roche_hot_not_broken
1950,142,1,belt_rock,3.2384639213008784E-05,0.705124,3.18292,-1.37089,1,162.92,209589,outside_own_roche_hot_not_broken
1950,155,1,belt_rock,1.7668409822199188E-05,0.460289,2.12811,-1.36634,1,80.8346,300471,outside_own_roche_hot_not_broken
1950,173,1,belt_rock,1.0313755962278207E-06,0.75999,5.60199,-1.00947,1,41.1238,468753,outside_own_roche_hot_not_broken
1950,186,1,belt_rock,4.117365516990541E-05,0.838971,3.71376,-0.822445,1,33.5208,575254,outside_own_roche_hot_not_broken
1950,208,1,belt_rock,2.6675843482823566E-05,0.473108,2.16995,-0.96771,1,64.1341,403615,outside_own_roche_hot_not_broken
1950,249,1,belt_rock,3.0389562939634483E-05,0.782292,3.54641,-0.749147,1,45.5211,541779,outside_own_roche_hot_not_broken
1950,255,1,belt_rock,1.598210655002663E-05,0.801308,3.86617,-0.973826,1,75.1978,373159,outside_own_roche_hot_not_broken
1950,263,1,belt_rock,6.624594774401624E-07,0.599491,4.80915,-1.01626,1,46.8389,445859,outside_own_roche_hot_not_broken
1950,283,1,belt_rock,8.972875687133024E-05,0.82464,1.6506,-0.744085,1,43.8643,552583,outside_own_roche_hot_not_broken
1950,318,1,belt_rock,8.71166345144088E-07,0.837106,9.98956,-0.748658,1,43.2568,553877,outside_own_roche_hot_not_broken
1950,325,1,belt_rock,2.6155973729202612E-05,0.764963,3.3703,-0.754029,1,48.9477,522853,outside_own_roche_hot_not_broken
1950,369,1,belt_rock,1.0655189027919443E-05,0.634973,1.64711,-0.751856,1,46.2371,537029,outside_own_roche_hot_not_broken
1950,376,1,belt_rock,5.713299764379653E-05,0.642985,2.78616,-0.948998,1,52.0226,446546,outside_own_roche_hot_not_broken
1950,379,1,belt_rock,4.783129952477751E-06,0.370515,3.16717,-1.3393,1,77.2316,309868,outside_own_roche_hot_not_broken
1950,383,1,belt_rock,6.188782444247134E-05,0.636812,2.74381,-0.754109,1,45.8419,538116,outside_own_roche_hot_not_broken
1950,408,1,belt_rock,2.0111705274629965E-06,0.874439,5.71629,-0.813982,1,20.894,664230,outside_own_roche_hot_not_broken
1950,424,1,belt_rock,1.6688266015606265E-05,0.243368,1.17199,-1.32019,1,156.283,218147,outside_own_roche_hot_not_broken
1950,438,1,belt_rock,9.166936833783189E-06,0.712401,3.68079,-1.1541,1,73.0352,345494,outside_own_roche_hot_not_broken
1950,453,1,belt_rock,6.992885638261917E-05,0.877058,5.01033,-1.35418,1,89.4417,288873,outside_own_roche_hot_not_broken
1950,463,1,belt_rock,3.93273765467171E-05,0.343352,2.09244,-1.49536,1,115.348,243139,outside_own_roche_hot_not_broken
1950,479,1,belt_rock,3.392719511201223E-05,0.231655,1.43836,-1.71481,1,160.858,191691,outside_own_roche_hot_not_broken
1950,494,1,belt_rock,5.102479074598439E-06,0.939709,7.93677,-1.14221,1,61.6891,373252,outside_own_roche_hot_not_broken
1950,510,1,belt_rock,1.8747241736540915E-06,0.698467,7.13473,-1.02107,1,62.3609,396624,outside_own_roche_hot_not_broken
1950,518,1,belt_rock,8.903828548713378E-05,0.971182,4.10211,-0.745094,1,42.8258,557750,outside_own_roche_hot_not_broken
1950,520,1,belt_rock,6.472329143042803E-05,0.790786,3.39813,-0.750805,1,48.7406,525087,outside_own_roche_hot_not_broken
1950,537,1,belt_rock,1.25216236511179E-05,0.75288,3.73842,-1.20322,1,91.1531,304850,outside_own_roche_hot_not_broken
1950,543,1,belt_rock,0.00010610710727968392,0.794385,3.32752,-0.814496,1,28.2821,611419,outside_own_roche_hot_not_broken
1950,582,1,belt_rock,1.8540042615775663E-05,0.778157,3.6933,-0.756006,1,47.3816,529678,outside_own_roche_hot_not_broken
1950,592,1,belt_rock,5.728988085325562E-06,0.710058,3.93562,-1.32295,1,83.4723,301794,outside_own_roche_hot_not_broken
1950,598,1,belt_rock,1.5025550365101884E-05,0.698375,3.39637,-1.15214,1,58.666,378767,outside_own_roche_hot_not_broken
1950,667,1,belt_rock,6.163959811296187E-05,0.609811,2.47885,-0.965847,1,74.1338,377355,outside_own_roche_hot_not_broken
1950,674,1,belt_rock,0.00011492830067691924,0.916832,3.82701,-0.743018,1,40.4582,571895,outside_own_roche_hot_not_broken
1950,710,1,belt_rock,2.0412939894573412E-05,0.891695,4.19164,-0.811474,1,21.1792,663578,outside_own_roche_hot_not_broken
1950,712,1,belt_rock,1.646824250574705E-05,0.674158,3.23988,-0.751988,1,46.9623,533340,outside_own_roche_hot_not_broken
1950,713,1,belt_rock,8.947110075500334E-06,0.742275,3.85046,-1.35834,1,123.447,246138,outside_own_roche_hot_not_broken
1950,724,1,belt_rock,1.0260498174324889E-05,0.405735,2.02122,-1.16376,1,75.2323,339399,outside_own_roche_hot_not_broken
1950,732,1,belt_rock,9.251723070443742E-06,0.838674,4.31719,-0.81982,1,26.4455,620792,outside_own_roche_hot_not_broken
1950,743,1,belt_rock,1.1469206835530423E-05,0.880758,4.4125,-0.820529,1,23.7489,639124,outside_own_roche_hot_not_broken
1950,757,1,belt_rock,8.69520400842481E-07,0.719925,5.57867,-0.963089,1,65.4267,401001,outside_own_roche_hot_not_broken
1950,772,1,belt_rock,0.00012201131044899116,0.783548,3.26288,-1.16869,1,94.6754,303619,outside_own_roche_hot_not_broken
1950,798,1,belt_rock,2.0221278783447786E-06,0.632181,4.12878,-1.01709,1,65.7048,388464,outside_own_roche_hot_not_broken
1950,824,1,belt_rock,3.599387387985598E-05,0.69477,3.10815,-1.01835,1,45.5957,449634,outside_own_roche_hot_not_broken
1950,833,1,belt_rock,6.52083514785166E-05,0.945471,4.06134,-0.741941,1,40.5485,571872,outside_own_roche_hot_not_broken
1950,856,1,belt_rock,1.893499971278667E-05,0.960643,6.46076,-1.02705,1,39.0554,471311,outside_own_roche_hot_not_broken
1950,901,1,belt_rock,4.063228349063333E-06,0.744942,4.34557,-1.33903,1,68.2129,325845,outside_own_roche_hot_not_broken
1950,959,1,belt_rock,5.416711763075184E-05,0.707827,4.15123,-0.751639,1,46.3016,536791,outside_own_roche_hot_not_broken
1950,976,1,belt_rock,6.644448574966501E-07,0.979536,7.85331,-1.65932,1,234.231,155684,outside_own_roche_hot_not_broken
1950,984,1,belt_rock,1.152880737286123E-05,0.394302,1.93044,-1.20781,1,98.0184,293522,outside_own_roche_hot_not_broken
1950,994,1,belt_rock,1.745865127732295E-05,0.950614,4.54942,-1.35381,1,73.6567,313980,outside_own_roche_hot_not_broken
1950,1008,1,belt_rock,4.288151531680917E-05,0.908899,5.4759,-1.02725,1,59.6527,402813,outside_own_roche_hot_not_broken
1950,1020,1,belt_rock,0.00012393235555062696,0.814592,4.41956,-1.0241,1,60.2299,401893,outside_own_roche_hot_not_broken
1950,1038,1,belt_rock,1.123039871300166E-06,0.651716,4.72831,-1.50153,1,97.6098,262396,outside_own_roche_hot_not_broken
1950,1051,1,belt_rock,6.065796713657821E-05,0.943542,3.84097,-1.17553,1,84.0806,320746,outside_own_roche_hot_not_broken
1950,1069,1,belt_rock,4.176475362727333E-06,0.664491,3.86022,-1.01025,1,35.8307,489772,outside_own_roche_hot_not_broken
1950,1081,1,belt_rock,5.6070312001726264E-05,0.959711,3.93022,-0.761371,1,46.6583,531126,outside_own_roche_hot_not_broken
1950,1092,1,belt_rock,6.56770333777072E-07,0.631926,5.18205,-1.36684,1,119.703,249430,outside_own_roche_hot_not_broken
1950,1093,1,belt_rock,1.3370864863097398E-06,0.933947,6.56243,-0.808481,1,30.3795,601024,outside_own_roche_hot_not_broken
1950,1124,1,belt_rock,9.01042065793917E-05,0.969222,4.09208,-0.952613,1,73.7706,380933,outside_own_roche_hot_not_broken
1950,1126,1,belt_rock,7.345224361945922E-05,0.910437,5.17298,-0.760981,1,50.193,514373,outside_own_roche_hot_not_broken
1950,1183,1,belt_rock,6.526187723294961E-05,0.954647,3.86297,-0.758482,1,44.9113,541076,outside_own_roche_hot_not_broken
1950,1185,1,belt_rock,0.00010621860538040504,0.785455,3.29045,-1.02259,1,54.7267,418446,outside_own_roche_hot_not_broken
1950,1197,1,belt_rock,8.535780065514528E-07,0.550576,6.59809,-1.33525,1,75.8375,312783,outside_own_roche_hot_not_broken
1950,1212,1,belt_rock,2.8410076010065325E-05,0.913008,5.79277,-0.742712,1,42.4268,560978,outside_own_roche_hot_not_broken
1950,1214,1,belt_rock,1.1124544848885341E-05,0.489249,2.4702,-1.5218,1,108.677,247946,outside_own_roche_hot_not_broken
1950,1274,1,belt_rock,1.3392560690466934E-05,0.894927,6.3557,-1.17383,1,77.2603,333781,outside_own_roche_hot_not_broken
1950,1289,1,belt_rock,9.088343094409988E-05,0.830786,4.62872,-1.32546,1,84.0977,300483,outside_own_roche_hot_not_broken
1950,1336,1,belt_rock,1.8888447272046063E-05,0.814641,3.72784,-0.813193,1,30.6206,597142,outside_own_roche_hot_not_broken
1950,1349,1,belt_rock,7.834095030958626E-07,0.936361,7.2716,-0.811859,1,17.2111,695378,outside_own_roche_hot_not_broken
1950,1359,1,belt_rock,4.470043932629267E-05,0.975546,4.29539,-1.17949,1,83.1199,321909,outside_own_roche_hot_not_broken
1950,1372,1,belt_rock,6.831828976310988E-06,0.471662,2.54496,-1.35196,1,80.3467,303083,outside_own_roche_hot_not_broken
1950,1373,1,belt_rock,7.755539609164374E-07,0.716633,5.57603,-1.18861,1,69.8613,346359,outside_own_roche_hot_not_broken
1950,1379,1,belt_rock,6.321398343326647E-05,0.969624,4.17386,-1.02549,1,37.0083,479910,outside_own_roche_hot_not_broken
1950,1413,1,belt_rock,1.0977672111498336E-06,0.810627,5.90614,-0.813697,1,32.758,583853,outside_own_roche_hot_not_broken
1950,1429,1,belt_rock,4.775903706088304E-06,0.740276,6.31785,-0.962821,1,59.7273,417776,outside_own_roche_hot_not_broken
1950,1464,1,belt_rock,3.0460226663579216E-05,0.446766,2.02812,-1.35184,1,72.4171,316409,outside_own_roche_hot_not_broken
1950,1487,1,belt_rock,1.853271166328581E-05,0.590583,2.80784,-1.36473,1,165.566,207947,outside_own_roche_hot_not_broken
1950,1509,1,belt_rock,0.0001288043910698863,0.82584,3.43136,-1.18348,1,68.688,349717,outside_own_roche_hot_not_broken
1950,1529,1,belt_rock,9.471527052528397E-05,0.548893,2.31258,-0.947133,1,59.9323,421009,outside_own_roche_hot_not_broken
1950,1544,1,belt_rock,7.346227678048891E-07,0.852616,6.70382,-1.17683,1,50.6578,394547,outside_own_roche_hot_not_broken
1950,1549,1,belt_rock,2.041252440654941E-05,0.606962,4.04168,-1.5213,1,134.048,223388,outside_own_roche_hot_not_broken
1950,1580,1,belt_rock,0.00012272282973080926,0.809061,4.3923,-0.81376,1,29.1737,606018,outside_own_roche_hot_not_broken
1950,1592,1,belt_rock,1.7841409363609926E-06,0.654175,4.36614,-0.963384,1,73.7707,378756,outside_own_roche_hot_not_broken
1950,1630,1,belt_rock,2.275288810153228E-06,0.767176,4.91087,-0.973635,1,64.627,400877,outside_own_roche_hot_not_broken
1950,1647,1,belt_rock,1.408093352882206E-06,0.883276,6.22585,-0.810568,1,27.7756,616837,outside_own_roche_hot_not_broken
1950,1657,1,belt_rock,1.942033007312838E-06,0.719438,4.73147,-1.01552,1,35.204,490633,outside_own_roche_hot_not_broken
1950,1704,1,belt_rock,9.233320338669969E-07,0.609077,4.66348,-1.0133,1,37.9347,480106,outside_own_roche_hot_not_broken
1950,1705,1,belt_rock,7.241293853868404E-05,0.870184,3.49428,-1.02601,1,68.1664,380255,outside_own_roche_hot_not_broken
1950,1707,1,belt_rock,7.307704949357682E-05,0.750032,3.00946,-0.753091,1,45.4361,540597,outside_own_roche_hot_not_broken
1950,1719,1,belt_rock,6.855236546430281E-05,0.82455,3.53307,-1.18084,1,59.2254,371730,outside_own_roche_hot_not_broken
1950,1724,1,belt_rock,1.462177369506799E-05,0.479347,2.33547,-1.01458,1,62.5448,397549,outside_own_roche_hot_not_broken
1950,1749,1,belt_rock,4.492860204019897E-06,0.502911,2.88607,-0.958859,1,79.2647,366294,outside_own_roche_hot_not_broken
1950,1791,1,belt_rock,2.1069297519723604E-05,0.536946,3.56019,-1.15343,1,62.0924,370106,outside_own_roche_hot_not_broken
1950,1794,1,belt_rock,3.442938399011237E-05,0.746228,3.34971,-0.960935,1,76.0512,373593,outside_own_roche_hot_not_broken
1950,1797,1,belt_rock,3.1528712417947605E-06,0.800671,7.39407,-1.13985,1,58.5719,381492,outside_own_roche_hot_not_broken
1950,1826,1,belt_rock,6.601416286482346E-07,0.669558,5.3749,-1.35071,1,72.1041,317117,outside_own_roche_hot_not_broken
1950,1896,1,belt_rock,3.499665395753723E-06,0.701725,4.18849,-0.960498,1,80.6365,362798,outside_own_roche_hot_not_broken
1950,1913,1,belt_rock,8.413019268612437E-07,0.683339,5.23471,-1.33002,1,76.1306,312998,outside_own_roche_hot_not_broken
1950,1940,1,belt_rock,4.3943956712865806E-05,0.347167,1.53062,-1.32441,1,104.052,272051,outside_own_roche_hot_not_broken
1950,1955,1,belt_rock,4.079853860126699E-06,0.958996,5.58211,-0.808371,1,16.7775,701462,outside_own_roche_hot_not_broken
1950,1979,1,belt_rock,1.9358361595623597E-06,0.451077,2.9682,-2.86744,1,5.42567,243301,outside_own_roche_hot_not_broken
2000,23,1,belt_rock,0.00012001304674150088,0.445681,1.85705,-0.949173,1,72.4738,384967,outside_own_roche_hot_not_broken
2000,32,1,belt_rock,9.816752830161308E-07,0.973718,7.2442,-0.79382,1,21.0867,675382,outside_own_roche_hot_not_broken
2000,129,1,belt_rock,1.0817756122801134E-05,0.484492,2.44699,-0.940092,1,82.0684,363261,outside_own_roche_hot_not_broken
2000,152,1,belt_rock,3.6071275132237348E-06,0.935637,8.42424,-1.11947,1,56.6729,390698,outside_own_roche_hot_not_broken
2000,155,1,belt_rock,1.7668409822199188E-05,0.890235,4.11593,-1.35074,1,82.0833,300471,outside_own_roche_hot_not_broken
2000,173,1,belt_rock,1.0313755962278207E-06,0.732621,5.40025,-1.00262,1,41.6717,468754,outside_own_roche_hot_not_broken
2000,223,1,belt_rock,3.520490512440083E-05,0.648305,4.00668,-1.78659,1,200.605,166308,outside_own_roche_hot_not_broken
2000,249,1,belt_rock,3.0389562939634483E-05,0.818106,3.70876,-0.74324,1,45.9937,541778,outside_own_roche_hot_not_broken
2000,258,1,belt_rock,8.093035867515557E-05,0.378764,1.60849,-1.33529,1,73.6963,316487,outside_own_roche_hot_not_broken
2000,282,1,belt_rock,2.4198438764036467E-05,0.96302,4.45426,-0.797497,1,16.3544,712778,outside_own_roche_hot_not_broken
2000,283,1,belt_rock,8.972875687133024E-05,0.792032,1.58533,-0.738489,1,44.3118,552584,outside_own_roche_hot_not_broken
2000,298,1,belt_rock,3.132478669401927E-05,0.794453,3.59363,-0.943114,1,67.5758,399456,outside_own_roche_hot_not_broken
2000,300,1,belt_rock,5.874308153166851E-05,0.355374,2.06709,-1.31309,1,84.2687,301782,outside_own_roche_hot_not_broken
2000,318,1,belt_rock,8.71166345144088E-07,0.782737,9.34075,-0.743167,1,43.696,553877,outside_own_roche_hot_not_broken
2000,323,1,belt_rock,9.582135041635011E-05,0.801798,3.37496,-0.992766,1,56.8186,419349,outside_own_roche_hot_not_broken
2000,337,1,belt_rock,0.00011395067462637273,0.884994,3.69574,-0.990847,1,56.4096,421088,outside_own_roche_hot_not_broken
2000,376,1,belt_rock,5.713299764379653E-05,0.838478,3.63326,-0.941032,1,52.6601,446545,outside_own_roche_hot_not_broken
2000,380,1,belt_rock,1.940742606575168E-05,0.611467,2.89158,-1.13894,1,86.5198,321626,outside_own_roche_hot_not_broken
2000,421,1,belt_rock,0.00011349062892309939,0.875141,4.78128,-0.798738,1,22.1168,664204,outside_own_roche_hot_not_broken
2000,438,1,belt_rock,9.166936833783189E-06,0.682637,3.52701,-1.14272,1,73.9453,345495,outside_own_roche_hot_not_broken
2000,473,1,belt_rock,1.868486202232704E-05,0.474846,3.20261,-1.134,1,55.3355,391167,outside_own_roche_hot_not_broken
2000,490,1,belt_rock,6.685319087040335E-07,0.441996,3.53942,-0.948884,1,73.7388,381773,outside_own_roche_hot_not_broken
2000,494,1,belt_rock,5.102479074598439E-06,0.484598,4.09291,-1.13304,1,62.422,373254,outside_own_roche_hot_not_broken
2000,518,1,belt_rock,8.903828548713378E-05,0.695487,2.93762,-0.740829,1,43.1663,557753,outside_own_roche_hot_not_broken
2000,520,1,belt_rock,6.472329143042803E-05,0.785573,3.37572,-0.744335,1,49.2583,525087,outside_own_roche_hot_not_broken
2000,543,1,belt_rock,0.00010610710727968392,0.986626,4.13279,-0.811809,1,28.4966,611423,outside_own_roche_hot_not_broken
2000,574,1,belt_rock,4.6628283751133235E-06,0.305897,2.62691,-1.32625,1,117.615,255379,outside_own_roche_hot_not_broken
2000,592,1,belt_rock,5.728988085325562E-06,0.661646,3.66729,-1.31059,1,84.4608,301795,outside_own_roche_hot_not_broken
2000,598,1,belt_rock,1.5025550365101884E-05,0.699939,3.40397,-1.14204,1,59.4739,378768,outside_own_roche_hot_not_broken
2000,616,1,belt_rock,4.3524622726962354E-05,0.777357,3.43003,-1.33099,1,105.045,270097,outside_own_roche_hot_not_broken
2000,620,1,belt_rock,1.688403118547852E-05,0.531152,2.55294,-1.65067,1,161.123,194872,outside_own_roche_hot_not_broken
2000,626,1,belt_rock,5.280982166788213E-06,0.837467,7.03226,-1.77744,1,210.277,162090,outside_own_roche_hot_not_broken
2000,667,1,belt_rock,6.163959811296187E-05,0.82713,3.36224,-0.954675,1,75.0274,377355,outside_own_roche_hot_not_broken
2000,674,1,belt_rock,0.00011492830067691924,0.747549,3.1204,-0.738423,1,40.8253,571898,outside_own_roche_hot_not_broken
2000,675,1,belt_rock,2.683401390978431E-06,0.768074,4.78358,-1.33305,1,113.581,259427,outside_own_roche_hot_not_broken
2000,702,1,belt_rock,1.1289317074143082E-06,0.319343,2.31464,-1.469,1,131.725,229220,outside_own_roche_hot_not_broken
2000,713,1,belt_rock,8.947110075500334E-06,0.670584,3.47857,-1.34523,1,124.496,246138,outside_own_roche_hot_not_broken
2000,744,1,belt_rock,2.623837778379504E-05,0.862821,5.53823,-1.16307,1,68.4439,353783,outside_own_roche_hot_not_broken
2000,757,1,belt_rock,8.69520400842481E-07,0.721607,5.5917,-0.953098,1,66.2259,401001,outside_own_roche_hot_not_broken
2000,798,1,belt_rock,2.0221278783447786E-06,0.796979,5.20507,-1.0067,1,66.5362,388464,outside_own_roche_hot_not_broken
2000,808,1,belt_rock,1.650636015602605E-05,0.665825,4.57055,-0.996937,1,53.483,428798,outside_own_roche_hot_not_broken
2000,816,1,belt_rock,3.1641558276192383E-06,0.65077,3.94941,-0.947454,1,72.214,386001,outside_own_roche_hot_not_broken
2000,833,1,belt_rock,6.52083514785166E-05,0.729796,3.13489,-0.737624,1,40.8933,571875,outside_own_roche_hot_not_broken
2000,841,1,belt_rock,0.00012286983867613435,0.953492,3.96987,-1.11814,1,54.0693,398076,outside_own_roche_hot_not_broken
2000,901,1,belt_rock,4.063228349063333E-06,0.611156,3.56514,-1.32719,1,69.1599,325845,outside_own_roche_hot_not_broken
2000,914,1,belt_rock,9.839654793734442E-07,0.572879,4.2602,-1.0015,1,58.8631,411072,outside_own_roche_hot_not_broken
2000,938,1,belt_rock,4.614813348566103E-05,0.651588,2.71382,-0.995589,1,36.6366,491317,outside_own_roche_hot_not_broken
2000,976,1,belt_rock,6.644448574966501E-07,0.420221,3.36907,-1.63025,1,236.552,155686,outside_own_roche_hot_not_broken
2000,984,1,belt_rock,1.152880737286123E-05,0.991155,4.85253,-1.18937,1,99.4953,293520,outside_own_roche_hot_not_broken
2000,992,1,belt_rock,9.249848985838083E-07,0.509228,6.00198,-1.14439,1,95.7089,305094,outside_own_roche_hot_not_broken
2000,1038,1,belt_rock,1.123039871300166E-06,0.709662,5.14872,-1.48858,1,98.6453,262397,outside_own_roche_hot_not_broken
2000,1044,1,belt_rock,2.2728678175769895E-05,0.736991,3.43528,-0.708822,1,76.5117,428864,outside_own_roche_hot_not_broken
2000,1069,1,belt_rock,4.176475362727333E-06,0.883251,5.13107,-1.00515,1,36.2382,489773,outside_own_roche_hot_not_broken
2000,1077,1,belt_rock,1.5912252144867457E-06,0.884018,6.0204,-0.939285,1,72.8782,385973,outside_own_roche_hot_not_broken
2000,1083,1,belt_rock,1.8013106825284673E-06,0.752332,7.7461,-0.802245,1,30.7442,601873,outside_own_roche_hot_not_broken
2000,1093,1,belt_rock,1.3370864863097398E-06,0.79945,5.61738,-0.805124,1,30.6477,601026,outside_own_roche_hot_not_broken
2000,1114,1,belt_rock,2.0220155206019416E-05,0.801684,5.34628,-1.31217,1,62.5484,341043,outside_own_roche_hot_not_broken
2000,1124,1,belt_rock,9.01042065793917E-05,0.489765,2.0678,-0.942102,1,74.6109,380934,outside_own_roche_hot_not_broken
2000,1144,1,belt_rock,2.5138311030488232E-06,0.873068,5.49633,-0.796649,1,27.5539,625860,outside_own_roche_hot_not_broken
2000,1154,1,belt_rock,2.3578798003590776E-05,0.72075,3.34289,-0.94477,1,68.1697,397438,outside_own_roche_hot_not_broken
2000,1160,1,belt_rock,1.8870760853445593E-06,0.550454,3.63816,-1.00098,1,59.2066,410182,outside_own_roche_hot_not_broken
2000,1212,1,belt_rock,2.8410076010065325E-05,0.733378,4.65307,-0.737812,1,42.8184,560980,outside_own_roche_hot_not_broken
2000,1214,1,belt_rock,1.1124544848885341E-05,0.860781,4.34605,-1.50416,1,110.089,247946,outside_own_roche_hot_not_broken
2000,1221,1,belt_rock,2.2362078106696202E-06,0.866502,5.56293,-1.46086,1,81.8802,287459,outside_own_roche_hot_not_broken
2000,1253,1,belt_rock,4.474939972688944E-06,0.438184,3.78693,-0.946376,1,74.6143,380059,outside_own_roche_hot_not_broken
2000,1254,1,belt_rock,4.271535590295029E-05,0.598345,2.64232,-1.00027,1,58.1844,413384,outside_own_roche_hot_not_broken
2000,1270,1,belt_rock,2.5058950388299246E-06,0.755195,4.75676,-0.80431,1,30.9587,599475,outside_own_roche_hot_not_broken
2000,1289,1,belt_rock,9.088343094409988E-05,0.532794,2.96846,-1.31124,1,85.2343,300484,outside_own_roche_hot_not_broken
2000,1294,1,belt_rock,7.912144320608955E-05,0.753886,3.20416,-0.993856,1,47.235,450770,outside_own_roche_hot_not_broken
2000,1336,1,belt_rock,1.8888447272046063E-05,0.902206,4.12855,-0.809581,1,30.9089,597146,outside_own_roche_hot_not_broken
2000,1359,1,belt_rock,4.470043932629267E-05,0.419137,1.84549,-1.16551,1,84.238,321910,outside_own_roche_hot_not_broken
2000,1373,1,belt_rock,7.755539609164374E-07,0.670633,5.21811,-1.17734,1,70.7636,346359,outside_own_roche_hot_not_broken
2000,1389,1,belt_rock,0.00011619089133474088,0.514301,2.14625,-1.32185,1,97.694,280828,outside_own_roche_hot_not_broken
2000,1391,1,belt_rock,6.820244124305144E-05,0.51788,2.21914,-1.00154,1,56.5809,417926,outside_own_roche_hot_not_broken
2000,1413,1,belt_rock,1.0977672111498336E-06,0.873979,6.36771,-0.809642,1,33.0817,583856,outside_own_roche_hot_not_broken
2000,1429,1,belt_rock,4.775903706088304E-06,0.70944,6.05469,-0.953482,1,60.4745,417776,outside_own_roche_hot_not_broken
2000,1464,1,belt_rock,3.0460226663579216E-05,0.907296,4.11871,-1.33796,1,73.527,316409,outside_own_roche_hot_not_broken
2000,1478,1,belt_rock,2.8632786017109795E-06,0.9187,8.64116,-0.798451,1,18.7343,691586,outside_own_roche_hot_not_broken
2000,1508,1,belt_rock,9.281420583424006E-05,0.328224,1.38409,-1.47374,1,90.1448,274616,outside_own_roche_hot_not_broken
2000,1509,1,belt_rock,0.0001288043910698863,0.562444,2.33695,-1.1717,1,69.631,349716,outside_own_roche_hot_not_broken
2000,1518,1,belt_rock,5.578760822173084E-05,0.922791,4.0022,-0.988907,1,59.9889,410723,outside_own_roche_hot_not_broken
2000,1544,1,belt_rock,7.346227678048891E-07,0.561689,4.41636,-1.16807,1,51.3592,394545,outside_own_roche_hot_not_broken
2000,1546,1,belt_rock,1.073155975413114E-05,0.794036,5.85471,-1.12515,1,54.6438,394952,outside_own_roche_hot_not_broken
2000,1549,1,belt_rock,2.041252440654941E-05,0.791941,5.27343,-1.5072,1,135.177,223388,outside_own_roche_hot_not_broken
2000,1580,1,belt_rock,0.00012272282973080926,0.93683,5.08595,-0.810549,1,29.43,606022,outside_own_roche_hot_not_broken
2000,1592,1,belt_rock,1.7841409363609926E-06,0.782233,5.22083,-0.952474,1,74.6435,378756,outside_own_roche_hot_not_broken
2000,1617,1,belt_rock,6.739452297156582E-05,0.780873,3.34768,-0.801944,1,28.6139,615851,outside_own_roche_hot_not_broken
2000,1619,1,belt_rock,1.4408054182583987E-05,0.644494,3.14249,-0.740666,1,46.6208,539623,outside_own_roche_hot_not_broken
2000,1622,1,belt_rock,4.911807024151414E-05,0.714522,3.12401,-0.739477,1,44.9423,548817,outside_own_roche_hot_not_broken
2000,1633,1,belt_rock,5.378055067564789E-06,0.988717,5.53522,-0.701047,1,102.645,359935,outside_own_roche_hot_not_broken
2000,1647,1,belt_rock,1.408093352882206E-06,0.87303,6.15364,-0.807335,1,28.0336,616842,outside_own_roche_hot_not_broken
2000,1651,1,belt_rock,1.702807447716589E-05,0.967333,6.60365,-0.794366,1,27.5429,627191,outside_own_roche_hot_not_broken
2000,1701,1,belt_rock,6.603382234169165E-05,0.686718,2.77662,-0.995673,1,46.3892,453275,outside_own_roche_hot_not_broken
2000,1711,1,belt_rock,8.655283460153985E-05,0.725066,3.06733,-0.995598,1,53.6722,428534,outside_own_roche_hot_not_broken
2000,1719,1,belt_rock,6.855236546430281E-05,0.570317,2.44372,-1.17039,1,60.0621,371729,outside_own_roche_hot_not_broken
2000,1721,1,belt_rock,4.311417912617211E-06,0.467796,1.42101,-0.946114,1,72.6664,385103,outside_own_roche_hot_not_broken
2000,1753,1,belt_rock,7.430021626078467E-05,0.743863,3.17161,-0.802486,1,31.7973,595150,outside_own_roche_hot_not_broken
2000,1773,1,belt_rock,8.468538964892363E-06,0.995001,5.18253,-0.729879,1,38.9822,586737,outside_own_roche_hot_not_broken
2000,1794,1,belt_rock,3.442938399011237E-05,0.689429,3.09475,-0.949946,1,76.93,373594,outside_own_roche_hot_not_broken
2000,1795,1,belt_rock,7.355470087618728E-07,0.810177,6.36859,-1.31522,1,62.554,340535,outside_own_roche_hot_not_broken
2000,1797,1,belt_rock,3.1528712417947605E-06,0.60373,5.57535,-1.12971,1,59.3827,381493,outside_own_roche_hot_not_broken
2000,1821,1,belt_rock,5.680006187117565E-06,0.972297,5.36485,-0.795656,1,18.4461,695896,outside_own_roche_hot_not_broken
2000,1826,1,belt_rock,6.601416286482346E-07,0.688025,5.52315,-1.33887,1,73.0517,317117,outside_own_roche_hot_not_broken
2000,1851,1,belt_rock,6.653736720759908E-07,0.36588,2.9326,-1.34241,1,80.6344,303851,outside_own_roche_hot_not_broken
2000,1883,1,belt_rock,8.412931028393017E-07,0.574157,4.39833,-1.13879,1,62.524,371889,outside_own_roche_hot_not_broken
2000,1896,1,belt_rock,3.499665395753723E-06,0.73389,4.38048,-0.9492,1,81.5403,362798,outside_own_roche_hot_not_broken
2000,1913,1,belt_rock,8.413019268612437E-07,0.680954,5.21644,-1.31801,1,77.0906,312999,outside_own_roche_hot_not_broken
2000,1939,1,belt_rock,9.766292886183389E-05,0.849335,3.34128,-0.800952,1,23.1217,655201,outside_own_roche_hot_not_broken
2000,1966,1,belt_rock,7.849289931981127E-07,0.791844,6.14702,-0.738987,1,42.8794,560128,outside_own_roche_hot_not_broken
2000,1979,1,belt_rock,1.9358361595623597E-06,0.54922,3.61401,-2.87191,1,5.06876,243300,outside_own_roche_hot_not_broken
