step,slot,gen,origin,mass_E,dist_over_rmax,dist_over_own_roche,specific_energy_est,bound_est,excess_over_vapor_est,circular_over_hostR_est,reason_est
50,26,1,belt_rock,5.8788627978839665E-05,0.389537,1.64305,-2.43849,1,9095.56,1272.11,outside_own_roche_hot_not_broken
50,41,1,belt_rock,5.586312619865175E-06,0.670935,5.39899,-2.16281,1,5923.22,1938.68,outside_own_roche_hot_not_broken
50,43,1,belt_rock,5.709264524901967E-05,0.602654,1.22666,-0.981528,1,993.185,11027.9,outside_own_roche_hot_not_broken
50,47,1,belt_rock,6.453914630204645E-05,0.923661,3.87289,-0.810752,1,73598.4,160.442,outside_own_roche_hot_not_broken
50,67,1,belt_rock,0.00012977028486609789,0.503472,2.04043,-1.06979,1,56865.6,207.523,outside_own_roche_hot_not_broken
50,80,1,belt_rock,5.290661850878837E-06,0.456777,2.48079,-2.17304,1,329.437,23483.3,outside_own_roche_hot_not_broken
50,118,1,belt_rock,1.160129731814546E-06,0.874229,6.15428,-1.93851,1,2039,5386.61,outside_own_roche_hot_not_broken
50,125,1,belt_rock,1.61695398977266E-05,0.911851,4.27641,-0.829042,1,8397.75,1396.33,outside_own_roche_hot_not_broken
50,126,1,belt_rock,9.286941913649413E-05,0.731024,3.00717,-2.10188,1,5887.69,1951.62,outside_own_roche_hot_not_broken
50,134,1,belt_rock,4.005000455873454E-05,0.670394,2.9004,-0.930789,1,821.989,13183.8,outside_own_roche_hot_not_broken
50,194,1,belt_rock,1.414675372466043E-05,0.748022,3.46449,-2.08778,1,55426.1,212.592,outside_own_roche_hot_not_broken
50,220,1,belt_rock,1.3589473042997936E-05,0.229307,1.09692,-1.32228,1,822.456,12732.4,outside_own_roche_hot_not_broken
50,260,1,belt_rock,9.590749915401273E-05,0.853498,3.50551,-1.96589,1,2636.12,4230.95,outside_own_roche_hot_not_broken
50,263,1,belt_rock,1.3874466636971073E-05,0.719957,3.43773,-1.96366,1,346.63,23462.6,outside_own_roche_hot_not_broken
50,267,1,belt_rock,6.71709039384415E-05,0.97969,4.09841,-0.730787,1,2974.33,3896.96,outside_own_roche_hot_not_broken
50,316,1,belt_rock,1.7107914208933843E-06,0.213603,1.40192,-1.3468,1,42074.5,280.181,outside_own_roche_hot_not_broken
50,320,1,belt_rock,1.2872960698560737E-05,0.310561,2.15945,-1.26706,1,478.989,20364.6,outside_own_roche_hot_not_broken
50,333,1,belt_rock,1.2257039190059096E-05,0.910423,2.25321,-0.812075,1,40605.7,290.595,outside_own_roche_hot_not_broken
50,335,1,belt_rock,2.4328421151848088E-05,0.837317,3.62551,-0.89515,1,4720.44,2466.31,outside_own_roche_hot_not_broken
50,337,1,belt_rock,1.0825788519952853E-05,0.37817,1.86018,-2.33486,1,610.626,14821.2,outside_own_roche_hot_not_broken
50,347,1,belt_rock,0.00012540130235564023,0.832958,3.38033,-0.854904,1,56690.2,208.227,outside_own_roche_hot_not_broken
50,377,1,belt_rock,2.7345845412238577E-05,0.464192,2.07037,-1.07639,1,8612.09,1358.75,outside_own_roche_hot_not_broken
50,382,1,belt_rock,1.0859052484432568E-06,0.924671,10.2933,-1.86237,1,1029.57,10028.1,outside_own_roche_hot_not_broken
50,385,1,belt_rock,1.0684274275162959E-06,0.990329,7.07892,-1.83558,1,14963.5,782.157,outside_own_roche_hot_not_broken
50,419,1,belt_rock,1.1679628323022948E-06,0.71103,7.79806,-0.914633,1,25839.1,456.103,outside_own_roche_hot_not_broken
50,423,1,belt_rock,3.243366535258249E-06,0.776821,6.92317,-0.918594,1,14669.3,801.657,outside_own_roche_hot_not_broken
50,441,1,belt_rock,3.176153916257013E-06,0.877323,5.17324,-1.89122,1,733.306,13360.4,outside_own_roche_hot_not_broken
50,454,1,belt_rock,1.2643064833204936E-06,0.933754,6.56005,-0.82965,1,6186.77,1890.04,outside_own_roche_hot_not_broken
50,475,1,belt_rock,1.3085649138544868E-06,0.738703,7.91635,-0.953142,1,11146,1053.14,outside_own_roche_hot_not_broken
50,489,1,belt_rock,1.2406725433793743E-06,0.218819,2.3705,-1.33616,1,158121,74.6937,outside_own_roche_hot_not_broken
50,562,1,belt_rock,3.8298381176723464E-05,0.705232,4.19916,-0.902737,1,1457.42,7726.44,outside_own_roche_hot_not_broken
50,596,1,belt_rock,9.356620633488159E-07,0.384394,2.81695,-2.28338,1,449.714,18689.1,outside_own_roche_hot_not_broken
50,618,1,belt_rock,8.200518837456402E-07,0.699836,2.89946,-0.955777,1,48512,243.24,outside_own_roche_hot_not_broken
50,626,1,belt_rock,6.994723388615429E-06,0.503357,3.8818,-1.04751,1,1660.75,6774.62,outside_own_roche_hot_not_broken
50,642,1,belt_rock,1.9097491920043684E-05,0.904042,4.16787,-0.849858,1,5794.76,2015.89,outside_own_roche_hot_not_broken
50,663,1,belt_rock,7.873759996361561E-06,0.886533,4.53388,-0.79794,1,4531.03,2572.15,outside_own_roche_hot_not_broken
50,667,1,belt_rock,7.753768702757532E-06,0.90594,4.64309,-0.762297,1,1044.29,10693,outside_own_roche_hot_not_broken
50,671,1,belt_rock,1.585098870562806E-05,0.548144,3.68723,-1.01574,1,5626.47,2070.64,outside_own_roche_hot_not_broken
50,689,1,belt_rock,5.415321190928553E-06,0.63622,3.44118,-2.18668,1,2748.88,4042.2,outside_own_roche_hot_not_broken
50,699,1,belt_rock,4.4714058899335014E-05,0.589763,2.53247,-2.2077,1,1339.24,7796.71,outside_own_roche_hot_not_broken
50,705,1,belt_rock,6.986354918485625E-05,0.970387,4.05047,-0.766895,1,43177.1,273.337,outside_own_roche_hot_not_broken
50,716,1,belt_rock,6.790477425541724E-07,0.604362,4.8051,-2.22803,1,5606.13,2043.21,outside_own_roche_hot_not_broken
50,723,1,belt_rock,8.07566924591569E-06,0.926865,4.7236,-0.779389,1,31223.7,377.761,outside_own_roche_hot_not_broken
50,732,1,belt_rock,7.23699995910779E-05,0.244766,1.01981,-1.2929,1,522260,22.6254,outside_own_roche_hot_not_broken
50,829,1,belt_rock,5.1391041787205914E-05,0.372558,1.58442,-1.13941,1,3656.34,3153.75,outside_own_roche_hot_not_broken
50,856,1,belt_rock,8.393548977643027E-05,0.957846,5.24245,-0.73566,1,1639.26,6959.89,outside_own_roche_hot_not_broken
50,893,1,belt_rock,4.094208127479884E-06,0.652636,3.68984,-2.06907,1,497.502,17825.3,outside_own_roche_hot_not_broken
50,894,1,belt_rock,1.6217327280634548E-06,0.356124,2.35948,-1.16491,1,1354.27,8165.07,outside_own_roche_hot_not_broken
50,956,1,belt_rock,4.669872319171079E-05,0.525219,2.13116,-1.056,1,94214.2,125.332,outside_own_roche_hot_not_broken
50,981,1,belt_rock,6.56669885325061E-07,0.492744,6.08805,-1.09446,1,51370.7,229.675,outside_own_roche_hot_not_broken
50,991,1,belt_rock,6.643645928094288E-07,0.52427,4.1031,-1.03655,1,5397.57,2156.5,outside_own_roche_hot_not_broken
50,1024,1,belt_rock,7.00101357011943E-05,0.838633,3.50017,-0.88568,1,11413,1029.16,outside_own_roche_hot_not_broken
50,1029,1,belt_rock,6.42010249741081E-05,0.569247,2.3884,-2.15582,1,559.355,16149.7,outside_own_roche_hot_not_broken
50,1073,1,belt_rock,9.372905252038321E-05,0.819787,1.59588,-0.869826,1,355440,33.2443,outside_own_roche_hot_not_broken
50,1076,1,belt_rock,1.1117317470125938E-05,0.276797,1.3554,-1.24464,1,34746.8,339.165,outside_own_roche_hot_not_broken
50,1090,1,belt_rock,6.609159937611547E-06,0.825144,4.32323,-0.867853,1,673271,17.5523,outside_own_roche_hot_not_broken
50,1118,1,belt_rock,4.555326120148213E-05,0.966064,4.14245,-1.81858,1,991.286,10396.7,outside_own_roche_hot_not_broken
50,1129,1,belt_rock,3.313480881504691E-05,0.398823,1.75072,-1.12663,1,9147.86,1279.35,outside_own_roche_hot_not_broken
50,1160,1,belt_rock,4.650400613769161E-06,0.561938,3.10391,-1.02831,1,116919,101.013,outside_own_roche_hot_not_broken
50,1187,1,belt_rock,1.555227765810852E-05,0.66989,3.15836,-2.15489,1,3069.45,3645.67,outside_own_roche_hot_not_broken
50,1255,1,belt_rock,1.7174089778194406E-06,0.655219,6.6481,-0.954223,1,4058,2858.66,outside_own_roche_hot_not_broken
50,1282,1,belt_rock,1.4622823671792473E-06,0.856054,5.77746,-1.95415,1,1796.81,6051.11,outside_own_roche_hot_not_broken
50,1295,1,belt_rock,8.621277006557087E-06,0.27921,2.07839,-2.55757,1,18374.7,636.121,outside_own_roche_hot_not_broken
50,1306,1,belt_rock,2.2708492413231443E-05,0.8008,3.63129,-0.837896,1,1501.57,7534.52,outside_own_roche_hot_not_broken
50,1319,1,belt_rock,8.55524488744603E-07,0.467805,3.48696,-1.07306,1,10820.9,1083.61,outside_own_roche_hot_not_broken
50,1329,1,belt_rock,0.00011772780572898096,0.826873,3.13906,-2.00486,1,212683,55.5275,outside_own_roche_hot_not_broken
50,1334,1,belt_rock,3.755728111305265E-05,0.760025,3.30375,-0.860472,1,1108.06,10042.2,outside_own_roche_hot_not_broken
50,1366,1,belt_rock,2.0078326050142794E-05,0.556477,2.55377,-1.03197,1,625.309,16696.2,outside_own_roche_hot_not_broken
50,1387,1,belt_rock,7.674731261719431E-07,0.937225,7.13284,-0.842931,1,3190.75,3627.38,outside_own_roche_hot_not_broken
50,1397,1,belt_rock,9.938688019716643E-05,0.79284,4.2742,-0.8535,1,3098.34,3732.26,outside_own_roche_hot_not_broken
50,1478,1,belt_rock,6.736365649081922E-07,0.655011,5.21627,-2.1367,1,1140.31,9013.3,outside_own_roche_hot_not_broken
50,1507,1,belt_rock,2.0636047518667512E-05,0.888958,4.06733,-0.858431,1,8355,1403.03,outside_own_roche_hot_not_broken
50,1535,1,belt_rock,3.550106941041299E-05,0.890066,3.88531,-0.817337,1,177791,66.4507,outside_own_roche_hot_not_broken
50,1544,1,belt_rock,1.2774687026846546E-06,0.389915,4.199,-2.29776,1,506.527,17119.9,outside_own_roche_hot_not_broken
50,1552,1,belt_rock,3.5688342885082924E-05,0.570933,2.49153,-1.01637,1,26184.6,449.962,outside_own_roche_hot_not_broken
50,1556,1,belt_rock,6.993397893510033E-07,0.276987,3.37749,-2.40809,1,506.537,16903.5,outside_own_roche_hot_not_broken
50,1559,1,belt_rock,2.3677692326285965E-05,0.917547,4.14409,-0.844851,1,5301.24,2201.35,outside_own_roche_hot_not_broken
50,1612,1,belt_rock,8.271867304493534E-05,0.805876,3.33363,-0.855031,1,15494,759.436,outside_own_roche_hot_not_broken
50,1639,1,belt_rock,3.3028590829687327E-06,0.292712,2.61422,-2.24583,1,225.563,29165.4,outside_own_roche_hot_not_broken
50,1643,1,belt_rock,2.9141786281844563E-05,0.26664,1.18356,-2.27995,1,257.166,26887.4,outside_own_roche_hot_not_broken
50,1651,1,belt_rock,6.569437186654989E-07,0.14693,1.17608,-1.64419,1,59410.8,198.492,outside_own_roche_hot_not_broken
50,1666,1,belt_rock,1.1077563499637072E-05,0.901632,4.41397,-0.820072,1,402381,29.3671,outside_own_roche_hot_not_broken
50,1668,1,belt_rock,2.057979959666874E-05,0.959066,4.38945,-0.733542,1,1290.6,8759.21,outside_own_roche_hot_not_broken
50,1671,1,belt_rock,1.3398809926210434E-05,0.317944,1.52299,-1.20142,1,2.15841E+06,5.4754,outside_own_roche_hot_not_broken
50,1693,1,belt_rock,6.78118432607467E-05,0.748623,3.13022,-0.891478,1,3654.64,3171.98,outside_own_roche_hot_not_broken
50,1727,1,belt_rock,7.176052553601212E-05,0.941926,3.92581,-0.829557,1,5444,2144.81,outside_own_roche_hot_not_broken
50,1746,1,belt_rock,6.41047341550396E-05,0.184096,1.03493,-2.62789,1,739.461,12444.7,outside_own_roche_hot_not_broken
50,1750,1,belt_rock,2.7578311824421677E-05,0.93205,4.15323,-0.752288,1,2119.62,5421.9,outside_own_roche_hot_not_broken
50,1759,1,belt_rock,7.174484398145851E-07,0.589074,4.54194,-1.03449,1,27047.8,435.621,outside_own_roche_hot_not_broken
50,1775,1,belt_rock,6.713312468030229E-07,0.172225,1.34515,-1.47536,1,9389.02,1243.15,outside_own_roche_hot_not_broken
50,1783,1,belt_rock,5.998596675655305E-06,0.517259,2.75585,-2.29939,1,2694.99,4105.22,outside_own_roche_hot_not_broken
50,1789,1,belt_rock,6.336397391863665E-05,0.535634,2.24851,-1.05376,1,216486,54.5719,outside_own_roche_hot_not_broken
50,1827,1,belt_rock,4.739869403103484E-06,0.222133,1.84263,-1.41998,1,353.411,25307.1,outside_own_roche_hot_not_broken
50,1836,1,belt_rock,0.0001083555803959528,0.860836,4.20353,-1.96964,1,1.00411E+08,0.117703,outside_own_roche_hot_not_broken
50,1844,1,belt_rock,8.169210618190779E-07,0.950985,7.15133,-0.773329,1,22465.3,524.641,outside_own_roche_hot_not_broken
50,1860,1,belt_rock,5.983100286494928E-06,0.546887,2.87855,-1.01593,1,2588.62,4426.64,outside_own_roche_hot_not_broken
50,1879,1,belt_rock,9.28843459216667E-05,0.703587,2.89381,-0.938233,1,89734,131.598,outside_own_roche_hot_not_broken
50,1904,1,belt_rock,7.814175172645201E-07,0.698478,5.39788,-0.942665,1,95507.6,123.648,outside_own_roche_hot_not_broken
50,1919,1,belt_rock,1.8679833772819683E-06,0.795856,5.14372,-0.843135,1,972.295,11366.9,outside_own_roche_hot_not_broken
50,1935,1,belt_rock,7.004689455138169E-07,0.86938,6.86875,-1.89229,1,675.271,14297,outside_own_roche_hot_not_broken
50,1938,1,belt_rock,9.858183814763472E-07,0.690337,5.00945,-0.919529,1,665.301,15995.8,outside_own_roche_hot_not_broken
50,1960,1,belt_rock,0.00013033593140995267,0.784872,3.18059,-2.05174,1,20122.1,582.594,outside_own_roche_hot_not_broken
50,1986,1,belt_rock,6.601993715399538E-07,0.830707,10.2522,-0.832246,1,2385.95,4818.98,outside_own_roche_hot_not_broken
50,1999,1,belt_rock,1.0428322284447059E-06,0.408654,2.93433,-1.13579,1,769.796,13732.1,outside_own_roche_hot_not_broken
50,2005,1,belt_rock,3.3799685051573375E-06,0.36819,2.1442,-1.19198,1,602.725,16930.2,outside_own_roche_hot_not_broken
100,20,1,belt_rock,3.565334157002391E-05,0.99457,2.12981,-0.207184,1,8947.13,1318.5,outside_own_roche_hot_not_broken
100,37,1,belt_rock,9.842480692421445E-07,0.528272,3.83457,-0.406932,1,1456.6,7936.5,outside_own_roche_hot_not_broken
100,49,1,belt_rock,9.288932985978536E-05,0.768227,3.76538,-0.36303,1,647.954,17457.5,outside_own_roche_hot_not_broken
100,57,1,belt_rock,2.3499340889532652E-05,0.651737,2.94934,-0.338395,1,4024.79,2916.85,outside_own_roche_hot_not_broken
100,91,1,belt_rock,3.1876191698385306E-06,0.68162,6.13176,-0.318022,1,14499.3,813.692,outside_own_roche_hot_not_broken
100,95,1,belt_rock,4.0240080497728405E-05,0.788046,3.41224,-1.45789,1,18275.5,642.595,outside_own_roche_hot_not_broken
100,133,1,belt_rock,4.5063835420122536E-06,0.648785,5.44825,-0.345005,1,2115.67,5514.33,outside_own_roche_hot_not_broken
100,142,1,belt_rock,8.380647181948051E-07,0.645681,4.8318,-0.386697,1,791.545,14369.5,outside_own_roche_hot_not_broken
100,163,1,belt_rock,2.801406292602746E-05,0.317228,1.41482,-1.6824,1,1327.99,8080.67,outside_own_roche_hot_not_broken
100,185,1,belt_rock,6.571663516007635E-07,0.685383,8.46684,-1.53997,1,1772.98,6232.88,outside_own_roche_hot_not_broken
100,209,1,belt_rock,1.4672044064061146E-06,0.259134,1.74783,-0.54005,1,1645.99,6996.63,outside_own_roche_hot_not_broken
100,266,1,belt_rock,6.330910650601656E-05,0.494606,2.7845,-0.443111,1,713.096,15788.9,outside_own_roche_hot_not_broken
100,372,1,belt_rock,3.8460660293015666E-05,0.522304,2.63277,-0.410629,1,941.031,12135.6,outside_own_roche_hot_not_broken
100,461,1,belt_rock,4.707719276633363E-05,0.456269,1.95285,-0.393752,1,6728.83,1748.24,outside_own_roche_hot_not_broken
100,463,1,belt_rock,6.324339588524714E-05,0.389465,1.63663,-1.64705,1,3126.55,3627.23,outside_own_roche_hot_not_broken
100,468,1,belt_rock,6.760941920900544E-07,0.879944,10.8059,-1.42712,1,25665.8,458.445,outside_own_roche_hot_not_broken
100,483,1,belt_rock,6.173608964044709E-06,0.715614,3.80099,-0.287078,1,11345.5,1039.6,outside_own_roche_hot_not_broken
100,546,1,belt_rock,1.2059907046819269E-06,0.596489,6.49926,-0.4041,1,818.389,13892.6,outside_own_roche_hot_not_broken
100,552,1,belt_rock,5.1456242467987484E-05,0.683926,2.90963,-0.344195,1,1410.74,8217.25,outside_own_roche_hot_not_broken
100,567,1,belt_rock,1.7492079797405458E-06,0.721281,4.7155,-1.51053,1,41325,285.159,outside_own_roche_hot_not_broken
100,578,1,belt_rock,2.6229088541814963E-06,0.299089,1.82512,-0.482451,1,2293.81,5067.15,outside_own_roche_hot_not_broken
100,589,1,belt_rock,3.227237865854014E-06,0.76461,4.50988,-0.282918,1,5157.82,2281.4,outside_own_roche_hot_not_broken
100,613,1,belt_rock,1.1595941152839164E-06,0.568561,4.00282,-1.5828,1,1428.64,7599.15,outside_own_roche_hot_not_broken
100,623,1,belt_rock,0.00011610893657943614,0.489784,1.99467,-0.375646,1,16133.2,731.207,outside_own_roche_hot_not_broken
100,637,1,belt_rock,8.44850477879869E-07,0.23066,2.70404,-0.564663,1,2968.26,3921.99,outside_own_roche_hot_not_broken
100,641,1,belt_rock,2.454772627873929E-05,0.926385,4.17461,-0.321859,1,438.514,25456.8,outside_own_roche_hot_not_broken
100,718,1,belt_rock,1.2597604242213122E-05,0.519439,3.63568,-1.55079,1,17427.5,673.369,outside_own_roche_hot_not_broken
100,755,1,belt_rock,1.762393154683081E-05,0.871245,5.78059,-1.43035,1,25985.7,452.821,outside_own_roche_hot_not_broken
100,758,1,belt_rock,7.409078247737696E-06,0.832725,2.23838,-0.343578,1,614.221,18417.6,outside_own_roche_hot_not_broken
100,843,1,belt_rock,3.0667765664041165E-05,0.242812,1.48852,-0.515653,1,109581,107.812,outside_own_roche_hot_not_broken
100,911,1,belt_rock,2.610443169231576E-06,0.704295,4.30118,-0.309863,1,2579.51,4538.13,outside_own_roche_hot_not_broken
100,930,1,belt_rock,2.1330231878642116E-05,0.619039,2.82734,-0.320984,1,69167.2,170.808,outside_own_roche_hot_not_broken
100,958,1,belt_rock,0.00010777977478139625,0.982472,3.75039,-1.42848,1,5301.63,2182.21,outside_own_roche_hot_not_broken
100,963,1,belt_rock,0.00010488459481708322,0.612623,2.50614,-0.391575,1,796.602,14275,outside_own_roche_hot_not_broken
100,975,1,belt_rock,2.7096107008394922E-05,0.65638,2.93241,-0.320319,1,5643.04,2084.91,outside_own_roche_hot_not_broken
100,989,1,belt_rock,1.917221318723596E-06,0.870369,5.59998,-0.360365,1,434.012,25535,outside_own_roche_hot_not_broken
100,1018,1,belt_rock,4.671645969638349E-05,0.819899,3.32815,-0.276694,1,2973.12,3945.8,outside_own_roche_hot_not_broken
100,1027,1,belt_rock,6.7232867931928935E-06,0.163596,1.27518,-0.738534,1,15396.6,764.681,outside_own_roche_hot_not_broken
100,1079,1,belt_rock,2.151953079398538E-05,0.69973,4.50271,-0.302883,1,27084.3,435.976,outside_own_roche_hot_not_broken
100,1085,1,belt_rock,7.693864779686134E-06,0.871759,2.32829,-0.237238,1,203583,58.0479,outside_own_roche_hot_not_broken
100,1136,1,belt_rock,3.0736880472472424E-06,0.740897,4.40626,-1.51183,1,10324.1,1131.51,outside_own_roche_hot_not_broken
100,1145,1,belt_rock,0.0001302415990655016,0.288341,1.1687,-0.549177,1,766.472,14583.6,outside_own_roche_hot_not_broken
100,1168,1,belt_rock,1.9350455810520844E-05,0.440985,2.03651,-1.61953,1,7443.66,1560.59,outside_own_roche_hot_not_broken
100,1194,1,belt_rock,5.175198292838069E-05,0.249028,1.43275,-0.528529,1,8029.29,1464.23,outside_own_roche_hot_not_broken
100,1209,1,belt_rock,6.80547796015723E-05,0.450643,1.88551,-1.59803,1,698660,16.9131,outside_own_roche_hot_not_broken
100,1247,1,belt_rock,1.0137778709914647E-06,0.374586,2.70396,-0.46877,1,1106.14,10334.3,outside_own_roche_hot_not_broken
100,1252,1,belt_rock,6.589394411241986E-07,0.857527,10.5874,-1.44443,1,131054,90.1025,outside_own_roche_hot_not_broken
100,1275,1,belt_rock,4.012249614137483E-05,0.533433,3.16296,-1.57457,1,44946,262.218,outside_own_roche_hot_not_broken
100,1339,1,belt_rock,3.905475195064676E-06,0.431694,3.73098,-0.40696,1,4714.11,2489.89,outside_own_roche_hot_not_broken
100,1389,1,belt_rock,4.914065241023131E-06,0.227456,1.88028,-0.559583,1,3813.72,3063.03,outside_own_roche_hot_not_broken
100,1435,1,belt_rock,9.387441132364908E-05,0.798373,3.2829,-0.327318,1,993.746,11587.7,outside_own_roche_hot_not_broken
100,1484,1,belt_rock,4.430816686231014E-06,0.472976,2.64674,-0.410606,1,2044.27,5689.94,outside_own_roche_hot_not_broken
100,1495,1,belt_rock,8.984992138900392E-06,0.510508,2.53185,-1.55483,1,18441.3,636.586,outside_own_roche_hot_not_broken
100,1521,1,belt_rock,1.2077087728448838E-06,0.23519,1.64344,-0.523598,1,186307,63.4222,outside_own_roche_hot_not_broken
100,1537,1,belt_rock,1.4660697475782594E-05,0.665332,3.15954,-0.317395,1,6635.75,1774.27,outside_own_roche_hot_not_broken
100,1576,1,belt_rock,8.087558641339983E-05,0.844386,3.28304,-0.246037,1,189591,62.3314,outside_own_roche_hot_not_broken
100,1587,1,belt_rock,7.347953748543736E-07,0.858694,6.59026,-1.4406,1,60544.6,194.835,outside_own_roche_hot_not_broken
100,1592,1,belt_rock,1.2424342331496943E-05,0.910361,4.29431,-0.327233,1,460.289,24294.9,outside_own_roche_hot_not_broken
100,1603,1,belt_rock,3.4552967426719834E-06,0.505772,2.95101,-0.374824,1,21884.1,539.318,outside_own_roche_hot_not_broken
100,1615,1,belt_rock,6.642276704558427E-07,0.747031,5.84674,-1.47868,1,46337,254.41,outside_own_roche_hot_not_broken
100,1639,1,belt_rock,3.301118600703921E-06,0.760721,6.79824,-2.22639,1,192.984,31848.1,outside_own_roche_hot_not_broken
100,1640,1,belt_rock,0.00012686361368812797,0.231019,1.22138,-1.74886,1,1.37885E+10,0.000857138,outside_own_roche_hot_not_broken
100,1661,1,belt_rock,7.35256862921162E-05,0.756077,3.14835,-0.273796,1,11708.7,1007.5,outside_own_roche_hot_not_broken
100,1663,1,belt_rock,2.6432896563331884E-06,0.562073,5.2405,-0.363604,1,6210.15,1894.25,outside_own_roche_hot_not_broken
100,1672,1,belt_rock,3.917221201442736E-05,0.312082,1.35445,-1.68761,1,1348.87,7964.72,outside_own_roche_hot_not_broken
100,1719,1,belt_rock,7.858120811876666E-07,0.642119,4.86477,-0.378337,1,1031.36,11132.6,outside_own_roche_hot_not_broken
100,1768,1,belt_rock,9.080458400427679E-05,0.918845,4.99471,-0.285111,1,987.304,11700.3,outside_own_roche_hot_not_broken
100,1793,1,belt_rock,2.0437379302111744E-05,0.413008,2.67821,-0.410653,1,4482.98,2617.16,outside_own_roche_hot_not_broken
100,1796,1,belt_rock,6.415832915066964E-05,0.527841,2.21517,-0.440536,1,611.891,18263.1,outside_own_roche_hot_not_broken
100,1842,1,belt_rock,1.2423785397316495E-05,0.589846,2.85517,-0.388745,1,1367.49,8450.42,outside_own_roche_hot_not_broken
100,1922,1,belt_rock,1.70045172037421E-06,0.706072,4.63905,-0.29638,1,12218.1,965.436,outside_own_roche_hot_not_broken
100,1945,1,belt_rock,2.365372051264526E-05,0.639078,2.89376,-1.55712,1,1301.94,8285.02,outside_own_roche_hot_not_broken
100,1957,1,belt_rock,1.7879690950729936E-05,0.539813,2.43031,-1.55467,1,88987.1,132.628,outside_own_roche_hot_not_broken
100,1965,1,belt_rock,8.278030505257026E-06,0.447072,2.28543,-1.60405,1,83962.7,140.546,outside_own_roche_hot_not_broken
100,2001,1,belt_rock,0.00012021673897254582,0.898004,4.37803,-1.45907,1,5448.89,2123.51,outside_own_roche_hot_not_broken
150,2,1,planet,0.8150000000000001,0.994121,4.14565,0.626238,0,NaN,73810.6,unbound
150,85,1,belt_rock,1.763003908292248E-05,0.959706,4.47956,-0.952217,1,772.818,13920.8,outside_own_roche_hot_not_broken
150,116,1,belt_rock,1.156747154685607E-05,0.214085,1.02311,-0.0821044,1,200.057,57198.7,outside_own_roche_hot_not_broken
150,148,1,belt_rock,1.6115061500115864E-06,0.74058,7.61034,0.247999,0,NaN,33356.8,unbound
150,167,1,belt_rock,6.034941933529422E-07,0.392102,1.78753,0.0461185,0,NaN,51794.2,unbound
150,170,1,belt_rock,8.352859644487399E-06,0.959224,7.21843,-0.946302,1,771.323,13953.1,outside_own_roche_hot_not_broken
150,182,1,belt_rock,4.6748446140421365E-06,0.778435,4.6105,0.261938,0,NaN,40068.7,unbound
150,198,1,belt_rock,5.406420242172139E-06,0.454876,2.47638,0.0697917,0,NaN,61523.2,unbound
150,255,1,belt_rock,6.699307244513222E-07,0.305356,3.75703,-1.24161,1,6600.15,1764.12,outside_own_roche_hot_not_broken
150,272,1,belt_rock,2.9545611727383015E-05,0.470106,2.89793,0.171237,0,NaN,16153.2,unbound
150,291,1,belt_rock,4.098794272187346E-05,0.811489,3.50887,0.119972,0,NaN,100240,unbound
150,298,1,belt_rock,5.122111533905549E-05,0.281305,1.1335,0.0235498,0,NaN,42620.2,unbound
150,349,1,belt_rock,4.382867310386886E-06,0.732867,4.1011,0.261029,0,NaN,31563.6,unbound
150,351,1,belt_rock,3.265618033555232E-05,0.470634,2.07161,0.0296359,0,NaN,67866.5,unbound
150,373,1,belt_rock,7.469577306305666E-05,0.327235,1.81267,0.0512553,0,NaN,43413.4,unbound
150,404,1,belt_rock,1.3097356185192657E-06,0.694494,2.62812,0.113111,0,NaN,75289.9,unbound
150,408,1,belt_rock,2.828139601545954E-05,0.945532,4.21553,-0.942363,1,891.819,12219.4,outside_own_roche_hot_not_broken
150,438,1,belt_rock,2.697938832945816E-06,0.87208,5.29709,0.111523,0,NaN,112379,unbound
150,445,1,belt_rock,4.645234589354548E-05,0.8879,3.80494,0.172841,0,NaN,83645.3,unbound
150,457,1,belt_rock,4.4528746267362255E-05,0.376476,1.61849,0.100124,0,NaN,35996.2,unbound
150,528,1,belt_rock,1.104892901189293E-05,0.952435,4.68164,0.308207,0,NaN,49796.5,unbound
150,539,1,belt_rock,1.3202836955165121E-06,0.758173,5.21224,0.150787,0,NaN,71443.2,unbound
150,563,1,belt_rock,7.061182600143068E-07,0.685785,8.3454,0.119111,0,NaN,81718.8,unbound
150,609,1,belt_rock,1.8951757198112603E-05,0.554953,3.64899,-1.12674,1,2220.48,5114.94,outside_own_roche_hot_not_broken
150,670,1,belt_rock,0.00012727432227177229,0.400559,1.62534,0.135458,0,NaN,21960.7,unbound
150,694,1,belt_rock,7.677633260181478E-05,0.249445,1.0368,-0.0637174,1,186.016,61841,outside_own_roche_hot_not_broken
150,749,1,belt_rock,2.907001426170705E-06,0.512147,3.07328,0.0941082,0,NaN,58221.5,unbound
150,763,1,belt_rock,0.00010380181747515183,0.461246,1.88897,-1.17863,1,5879.04,1978.57,outside_own_roche_hot_not_broken
150,773,1,belt_rock,0.00012578072484560593,0.558084,2.26627,-1.12336,1,2847.49,4023.57,outside_own_roche_hot_not_broken
150,784,1,belt_rock,6.567625027153533E-07,0.259034,2.03184,-1.25227,1,4182.54,2759.62,outside_own_roche_hot_not_broken
150,813,1,belt_rock,5.803080422627167E-05,0.262833,1.49425,-0.0605111,1,186.868,61649.1,outside_own_roche_hot_not_broken
150,838,1,belt_rock,9.761199217578098E-05,0.874879,3.5916,0.203882,0,NaN,82902.8,unbound
150,863,1,belt_rock,6.660868119876046E-07,0.600603,7.39859,0.0551481,0,NaN,85425.5,unbound
150,907,1,belt_rock,0.00011274404887211645,0.789148,3.21849,0.131703,0,NaN,92660.7,unbound
150,916,1,belt_rock,0.00012061926724112709,0.723805,3.84163,0.24941,0,NaN,33029.6,unbound
150,927,1,belt_rock,2.5560789263112107E-05,0.822048,3.69424,0.203407,0,NaN,67204.5,unbound
150,950,1,belt_rock,2.5791527908387645E-06,0.904414,5.53431,0.318253,0,NaN,41295.7,unbound
150,985,1,belt_rock,2.095591774440787E-05,0.924337,4.23193,0.267399,0,NaN,59548.8,unbound
150,994,1,belt_rock,3.8167254775536514E-06,0.640551,3.6731,-1.05685,1,1609.54,6976.42,outside_own_roche_hot_not_broken
150,1009,1,belt_rock,1.2240465849905241E-05,0.804303,5.65416,0.0987451,0,NaN,107114,unbound
150,1014,1,belt_rock,6.596091333289716E-07,0.384446,3.01302,0.0957875,0,NaN,31895.6,unbound
150,1015,1,belt_rock,1.4759848262082786E-06,0.384066,2.58771,0.128373,0,NaN,22215.8,unbound
150,1038,1,belt_rock,3.792988840258521E-05,0.762798,3.31757,0.128232,0,NaN,90456.9,unbound
150,1050,1,belt_rock,2.8431545458989543E-06,0.206078,1.24108,-0.079409,1,196.921,58141.6,outside_own_roche_hot_not_broken
150,1053,1,belt_rock,3.386879968006382E-05,0.861782,3.78109,0.151955,0,NaN,97397,unbound
150,1066,1,belt_rock,8.273128545203E-05,0.279563,1.1573,0.0642871,0,NaN,25996.4,unbound
150,1159,1,belt_rock,6.909145079581102E-06,0.549969,2.88279,0.185927,0,NaN,28389.3,unbound
150,1205,1,belt_rock,6.978824895209527E-07,0.523085,4.05483,-1.14289,1,2740.21,4173.79,outside_own_roche_hot_not_broken
150,1206,1,belt_rock,1.911284938587011E-06,0.749795,7.44782,-0.0110592,1,328.933,35833.9,outside_own_roche_hot_not_broken
150,1228,1,belt_rock,1.9697439617039232E-05,0.858598,5.60158,0.221412,0,NaN,62248.7,unbound
150,1232,1,belt_rock,1.3386703998087628E-05,0.194915,1.35205,0.00508278,0,NaN,49037.5,unbound
150,1251,1,belt_rock,6.584285044739169E-07,0.776422,6.08717,0.101138,0,NaN,97828.2,unbound
150,1269,1,belt_rock,2.245884582262785E-05,0.732532,3.33224,0.119173,0,NaN,85510.1,unbound
150,1375,1,belt_rock,7.151459359386434E-05,0.949468,5.28082,0.236097,0,NaN,84088.7,unbound
150,1382,1,belt_rock,2.8231105043498545E-05,0.232306,1.03521,0.013673,0,NaN,11934.2,unbound
150,1438,1,belt_rock,0.0001279705373526354,0.889001,3.60716,-0.955919,1,891.362,12211.4,outside_own_roche_hot_not_broken
150,1440,1,belt_rock,0.0001210779772603047,0.310961,1.26445,0.0407469,0,NaN,42952.4,unbound
150,1457,1,belt_rock,4.8422393066113286E-05,0.953019,4.07219,0.295611,0,NaN,49026.9,unbound
150,1475,1,belt_rock,4.218201890127638E-06,0.686243,2.04343,0.193175,0,NaN,51654,unbound
150,1476,1,belt_rock,0.0001262194809869094,0.474935,1.79643,0.166661,0,NaN,27749.1,unbound
150,1483,1,belt_rock,1.5118928210446765E-06,0.263765,2.74542,0.0451511,0,NaN,28845.8,unbound
150,1532,1,belt_rock,1.7295664595614296E-05,0.741822,3.46421,0.206763,0,NaN,57420.2,unbound
150,1547,1,belt_rock,4.5285675251262435E-05,0.688852,4.02854,-1.01599,1,1243.75,8919.54,outside_own_roche_hot_not_broken
150,1548,1,belt_rock,6.566677836144316E-07,0.788486,9.74206,0.0954199,0,NaN,104932,unbound
150,1596,1,belt_rock,1.2105743204383435E-05,0.202719,1.42865,-0.0350891,1,699.075,16838.5,outside_own_roche_hot_not_broken
150,1639,1,belt_rock,3.301118600703921E-06,0.396666,3.54483,-2.3086,1,222.873,28998.6,outside_own_roche_hot_not_broken
150,1665,1,belt_rock,8.776283770386617E-05,0.655276,2.70427,0.0830369,0,NaN,79175.9,unbound
150,1690,1,belt_rock,7.004685974613692E-07,0.784102,9.55786,0.271723,0,NaN,36939.4,unbound
150,1736,1,belt_rock,1.3375283959967573E-06,0.195317,1.33959,-0.0257554,1,209.154,55955.7,outside_own_roche_hot_not_broken
150,1752,1,belt_rock,1.179587966201296E-06,0.680034,7.44306,-1.06435,1,1505.29,7431.07,outside_own_roche_hot_not_broken
150,1766,1,belt_rock,1.9482208707281794E-05,0.831653,3.83573,0.218468,0,NaN,60009.9,unbound
150,1799,1,belt_rock,0.00011521185756863959,0.326558,1.33114,-1.23534,1,5413.79,2143.93,outside_own_roche_hot_not_broken
150,1857,1,belt_rock,8.835951039582826E-05,0.329974,1.36148,-0.0335066,1,163.168,71261.9,outside_own_roche_hot_not_broken
150,1862,1,belt_rock,3.26574949180363E-05,0.40475,1.70111,0.0690188,0,NaN,49492.5,unbound
150,1878,1,belt_rock,0.00011439095722853599,0.903532,3.43672,0.145758,0,NaN,99620,unbound
150,1911,1,belt_rock,7.364904131920923E-07,0.793897,9.57646,0.267743,0,NaN,42536.4,unbound
150,1933,1,belt_rock,1.0549610353758881E-05,0.298608,2.15345,0.0884572,0,NaN,22716.4,unbound
150,1934,1,belt_rock,2.430553554018905E-06,0.192396,1.18896,-0.0640094,1,783.652,14983.6,outside_own_roche_hot_not_broken
150,1940,1,belt_rock,3.325199595134104E-06,0.931415,5.47056,0.298769,0,NaN,47953.2,unbound
150,1978,1,belt_rock,0.00011259015639696114,0.45331,1.8496,-1.1208,1,1972.16,5732.14,outside_own_roche_hot_not_broken
150,1992,1,belt_rock,7.234681814447588E-07,0.561372,4.32135,0.0653971,0,NaN,72902.1,unbound
200,0,1,sun,333333.33423168474,0.276736,Infinity,3.78284,0,NaN,0.237797,unbound
200,2,1,planet,0.8150009321314304,0.794517,3.31327,1.40914,0,NaN,59418.9,unbound
200,15,1,belt_rock,9.90142812158635E-06,0.661911,4.84574,0.579391,0,NaN,124061,unbound
200,17,1,belt_rock,6.827172754266853E-07,0.89437,6.96259,4.15219,0,NaN,658546,unbound
200,52,1,belt_rock,1.8842060779531114E-05,0.94244,6.20347,3.37228,0,NaN,46745,unbound
200,59,1,belt_rock,0.00012550914248654336,0.501282,2.0359,1.72995,0,NaN,149344,unbound
200,76,1,belt_rock,7.054543003480369E-05,0.748418,4.17505,-1.28882,1,337.656,26814.2,outside_own_roche_hot_not_broken
200,89,1,belt_rock,1.9447634323182094E-06,0.339996,2.20026,-0.201164,1,165.332,65143.6,outside_own_roche_hot_not_broken
200,112,1,belt_rock,6.245637779014688E-05,0.526733,2.97289,2.01674,0,NaN,189445,unbound
200,137,1,belt_rock,0.00012948321103650742,0.792998,2.99576,2.76767,0,NaN,480936,unbound
200,154,1,belt_rock,0.00013206989377439362,0.731052,2.75892,2.052,0,NaN,328359,unbound
200,162,1,belt_rock,7.721602180571307E-07,0.926176,7.0405,2.85899,0,NaN,630554,unbound
200,164,1,belt_rock,9.749742460643025E-05,0.583095,3.15321,-0.530749,1,261.323,38905,outside_own_roche_hot_not_broken
200,204,1,belt_rock,2.0563942663161594E-06,0.558441,3.54994,12.8281,0,NaN,402026,unbound
200,238,1,belt_rock,8.304589477177037E-07,0.696755,5.22309,-0.505386,1,163.648,57912.1,outside_own_roche_hot_not_broken
200,241,1,belt_rock,6.886108372865109E-05,0.547179,3.05693,2.78364,0,NaN,272278,unbound
200,244,1,belt_rock,1.936135125523182E-06,0.776976,4.99061,3.85414,0,NaN,541555,unbound
200,248,1,belt_rock,1.7500991200260577E-06,0.429953,2.83806,1.51523,0,NaN,103644,unbound
200,291,1,belt_rock,4.091443046073488E-05,0.871488,3.77863,-1.53529,1,366.081,24173.8,outside_own_roche_hot_not_broken
200,308,1,belt_rock,7.187033557342713E-05,0.887374,3.70197,3.47526,0,NaN,646233,unbound
200,309,1,belt_rock,6.955664245724917E-07,0.66967,5.19446,0.499639,0,NaN,117839,unbound
200,317,1,belt_rock,8.846340250621285E-07,0.890257,6.59376,2.88348,0,NaN,595084,unbound
200,371,1,belt_rock,5.2933199199458425E-06,0.708503,3.88062,2.11339,0,NaN,316478,unbound
200,378,1,belt_rock,3.5557221198580994E-06,0.848066,4.92901,3.50483,0,NaN,609828,unbound
200,379,1,belt_rock,1.06646324355252E-05,0.925178,4.58675,2.41627,0,NaN,985.211,unbound
200,405,1,belt_rock,5.1419254107412145E-05,0.588193,2.50523,2.74724,0,NaN,302134,unbound
200,438,1,belt_rock,2.697938832945816E-06,0.831976,5.05349,-1.33497,1,291.382,29681.8,outside_own_roche_hot_not_broken
200,445,1,belt_rock,4.637204609944234E-05,0.837272,3.59751,-1.55928,1,337.522,25566.9,outside_own_roche_hot_not_broken
200,460,1,belt_rock,2.8487389211205142E-05,0.654702,4.06252,9.98954,0,NaN,395730,unbound
200,479,1,belt_rock,2.4619934054999554E-05,0.490053,2.21322,2.62329,0,NaN,217031,unbound
200,486,1,belt_rock,7.593542922282444E-05,0.632427,2.47176,2.02201,0,NaN,252025,unbound
200,526,1,belt_rock,6.954935084349453E-06,0.877292,6.8176,4.07204,0,NaN,641719,unbound
200,539,1,belt_rock,1.3202836955165121E-06,0.938695,6.45328,-1.62997,1,215.383,34179.6,outside_own_roche_hot_not_broken
200,550,1,belt_rock,4.7161816707888294E-05,0.707181,4.11639,2.47783,0,NaN,367850,unbound
200,560,1,belt_rock,5.360621325778537E-05,0.30317,1.74121,0.139439,0,NaN,63652.6,unbound
200,563,1,belt_rock,7.061182600143068E-07,0.965508,11.7494,-1.65163,1,280.281,28657.5,outside_own_roche_hot_not_broken
200,576,1,belt_rock,7.5239513054918764E-06,0.714316,5.49125,8.85087,0,NaN,402326,unbound
200,585,1,belt_rock,6.080155762063524E-05,0.744651,2.96128,-0.526136,1,151.713,60982.5,outside_own_roche_hot_not_broken
200,592,1,belt_rock,1.7318405733717002E-05,0.858044,4.01137,3.22409,0,NaN,599183,unbound
200,605,1,belt_rock,2.4041749778437364E-05,0.627792,2.84012,3.69942,0,NaN,387474,unbound
200,619,1,belt_rock,7.157780159668868E-07,0.555934,4.3731,-0.121208,1,224.297,50508.5,outside_own_roche_hot_not_broken
200,632,1,belt_rock,1.2948120316980612E-05,0.918868,4.44612,2.36769,0,NaN,430.381,unbound
200,680,1,belt_rock,4.861405982743535E-05,0.763725,3.26428,3.80183,0,NaN,525825,unbound
200,686,1,belt_rock,8.84887329596979E-05,0.697955,2.88151,-0.252575,1,142.987,72421.3,outside_own_roche_hot_not_broken
200,693,1,belt_rock,8.493340734583963E-06,0.579109,2.91275,-0.0256909,1,185.124,63140.9,outside_own_roche_hot_not_broken
200,701,1,belt_rock,9.077457884876786E-05,0.684461,2.82119,2.09706,0,NaN,298598,unbound
200,736,1,belt_rock,1.2163055744275947E-06,0.486675,3.44499,2.39222,0,NaN,198230,unbound
200,767,1,belt_rock,9.746011346282736E-05,0.589142,2.42024,12.3633,0,NaN,440602,unbound
200,770,1,belt_rock,0.00010004977584820363,0.649697,3.50579,-0.931893,1,309.586,30766.8,outside_own_roche_hot_not_broken
200,819,1,belt_rock,1.3076001520001579E-06,0.693299,4.77463,9.87172,0,NaN,462486,unbound
200,822,1,belt_rock,8.60588281831528E-05,0.280693,1.53571,-0.22467,1,156.67,67673,outside_own_roche_hot_not_broken
200,833,1,belt_rock,7.177213757332786E-05,0.867388,4.82421,4.15672,0,NaN,627927,unbound
200,838,1,belt_rock,9.753000498156267E-05,0.858939,3.53083,-1.52151,1,393.268,22949.4,outside_own_roche_hot_not_broken
200,855,1,belt_rock,3.8079219550174494E-05,0.671484,2.92344,9.07206,0,NaN,355673,unbound
200,863,1,belt_rock,6.660868119876046E-07,0.996686,12.2778,-1.64761,1,188.509,36896.7,outside_own_roche_hot_not_broken
200,870,1,belt_rock,7.08820678119854E-07,0.670512,5.18198,1.2334,0,NaN,190713,unbound
200,872,1,belt_rock,9.526680434921478E-07,0.922947,6.74066,3.35423,0,NaN,682670,unbound
200,881,1,belt_rock,0.00010741339014381921,0.477852,1.954,1.48266,0,NaN,120232,unbound
200,889,1,belt_rock,7.21670858618009E-07,0.657846,5.06643,0.376266,0,NaN,107884,unbound
200,898,1,belt_rock,1.1462926508708358E-05,0.769594,3.78178,4.57323,0,NaN,91157.8,unbound
200,900,1,belt_rock,1.0796437951920822E-06,0.644757,4.59979,3.89558,0,NaN,31698.9,unbound
200,907,1,belt_rock,0.00011266740219482651,0.891627,3.64035,-1.59551,1,376.667,23435.4,outside_own_roche_hot_not_broken
200,912,1,belt_rock,1.8596621356939974E-05,0.727907,4.80107,1.76037,0,NaN,279765,unbound
200,917,1,belt_rock,6.020158404260856E-05,0.97387,4.10481,4.08762,0,NaN,754369,unbound
200,927,1,belt_rock,2.5468744127964638E-05,0.916807,4.14235,-1.60904,1,254.414,30847.1,outside_own_roche_hot_not_broken
200,933,1,belt_rock,5.700690420181217E-05,0.630413,1.28376,2.5894,0,NaN,317302,unbound
200,935,1,belt_rock,6.124858892125132E-05,0.253727,1.06949,-1.67342,1,67.4034,58718.3,outside_own_roche_hot_not_broken
200,940,1,belt_rock,0.0001035452761373101,0.522502,2.14013,1.95489,0,NaN,176348,unbound
200,947,1,belt_rock,1.4080377107167892E-06,0.74818,5.08391,5.93086,0,NaN,184868,unbound
200,966,1,belt_rock,2.9676775854433788E-05,0.60748,2.58306,-0.689586,1,262.225,37236.9,outside_own_roche_hot_not_broken
200,969,1,belt_rock,1.3584039054105519E-06,0.550824,3.76725,-1.35432,1,1796.41,6204.82,outside_own_roche_hot_not_broken
200,978,1,belt_rock,3.8538414950805646E-05,0.725296,4.33089,-0.916787,1,240.107,37705.1,outside_own_roche_hot_not_broken
200,980,1,belt_rock,3.9641705493473356E-05,0.579661,2.39137,3.01268,0,NaN,316292,unbound
200,1002,1,belt_rock,6.785979509706564E-07,0.916777,7.29,3.26659,0,NaN,668383,unbound
200,1003,1,belt_rock,6.641968612579456E-07,0.574093,7.07623,-0.507682,1,544.187,20209.7,outside_own_roche_hot_not_broken
200,1009,1,belt_rock,1.2169900424557413E-05,0.871346,6.17537,-1.51183,1,352.133,24982.4,outside_own_roche_hot_not_broken
200,1023,1,belt_rock,9.407014455134558E-06,0.567538,2.86146,1.81135,0,NaN,190237,unbound
200,1034,1,belt_rock,6.212814044913783E-05,0.749099,3.15489,-0.80476,1,173.847,49610.9,outside_own_roche_hot_not_broken
200,1038,1,belt_rock,3.78532675136971E-05,0.909655,3.96845,-1.62389,1,371.557,23568.2,outside_own_roche_hot_not_broken
200,1053,1,belt_rock,3.3794468748957756E-05,0.8465,3.72639,-1.45971,1,359.019,24839.8,outside_own_roche_hot_not_broken
200,1074,1,belt_rock,0.0001121627428978337,0.672953,3.5941,3.35665,0,NaN,421450,unbound
200,1082,1,belt_rock,2.5860448992110093E-06,0.751984,4.59954,3.11876,0,NaN,480990,unbound
200,1106,1,belt_rock,4.784559652363653E-06,0.893506,4.96578,3.99732,0,NaN,660729,unbound
200,1123,1,belt_rock,1.2944045950927664E-05,0.698415,3.37738,2.56622,0,NaN,371237,unbound
200,1139,1,belt_rock,1.1097034661703108E-05,0.701789,3.46111,1.92314,0,NaN,290101,unbound
200,1142,1,belt_rock,0.00010033257362657559,0.648004,3.4947,1.60276,0,NaN,217387,unbound
200,1143,1,belt_rock,1.2209623118812813E-06,0.721514,5.03164,4.70094,0,NaN,85605.5,unbound
200,1175,1,belt_rock,5.5070913323681556E-05,0.614657,3.5168,1.41666,0,NaN,182666,unbound
200,1201,1,belt_rock,5.881881375868684E-06,0.686114,3.69481,3.76481,0,NaN,446695,unbound
200,1202,1,belt_rock,0.00013197115224069698,0.607527,2.46193,3.41818,0,NaN,362751,unbound
200,1210,1,belt_rock,8.701675026262705E-07,0.977884,7.26551,1.96783,0,NaN,3192.42,unbound
200,1221,1,belt_rock,3.446499453894573E-05,0.584909,2.44822,-0.125742,1,207.753,54260.7,outside_own_roche_hot_not_broken
200,1228,1,belt_rock,1.9599699331668116E-05,0.905135,5.9496,-1.58998,1,215.612,34475.8,outside_own_roche_hot_not_broken
200,1240,1,belt_rock,2.9528664068557612E-05,0.630981,2.80384,2.23326,0,NaN,275786,unbound
200,1245,1,belt_rock,3.842572833542985E-06,0.630766,5.47885,12.7629,0,NaN,602503,unbound
200,1251,1,belt_rock,6.584285044739169E-07,0.888591,6.96658,-1.61325,1,356.145,24358.1,outside_own_roche_hot_not_broken
200,1269,1,belt_rock,2.23821955526488E-05,0.929879,4.2515,-1.65816,1,318.246,26211.3,outside_own_roche_hot_not_broken
200,1289,1,belt_rock,4.8447027526678364E-05,0.689903,2.95309,-1.04713,1,274.357,33001.3,outside_own_roche_hot_not_broken
200,1301,1,belt_rock,1.2609080904554019E-05,0.693,3.3636,2.00994,0,NaN,291633,unbound
200,1303,1,belt_rock,0.00011572735510682796,0.605078,2.46645,-0.484512,1,218.961,45858.2,outside_own_roche_hot_not_broken
200,1324,1,belt_rock,1.452314681472189E-06,0.609456,4.11824,0.0560477,0,NaN,73012,unbound
200,1325,1,belt_rock,9.219194837431378E-07,0.803267,5.90306,4.10561,0,NaN,555330,unbound
200,1358,1,belt_rock,5.5148323525593856E-05,0.848386,3.39919,2.71825,0,NaN,5918.79,unbound
200,1375,1,belt_rock,7.143814405113379E-05,0.812011,4.52509,-1.39017,1,376.945,24210.7,outside_own_roche_hot_not_broken
200,1385,1,belt_rock,8.945435885561685E-05,0.696153,2.87285,-1.10759,1,295.84,30742,outside_own_roche_hot_not_broken
200,1421,1,belt_rock,1.571658877790296E-05,0.596726,2.73425,3.84295,0,NaN,360849,unbound
200,1431,1,belt_rock,1.2877988446477373E-05,0.590037,4.12054,3.60294,0,NaN,353411,unbound
200,1446,1,belt_rock,0.0001067680559677498,0.916287,3.7468,3.57214,0,NaN,691079,unbound
200,1450,1,belt_rock,0.0001066156866107117,0.570149,1.09888,2.6293,0,NaN,275703,unbound
200,1463,1,belt_rock,3.2569851283366274E-05,0.677234,2.98692,0.000255835,0,NaN,84437.2,unbound
200,1487,1,belt_rock,9.862134709118373E-06,0.919543,6.7182,2.84939,0,NaN,621087,unbound
200,1492,1,belt_rock,9.44053262067516E-05,0.71279,2.93181,3.27087,0,NaN,453664,unbound
200,1529,1,belt_rock,1.4054045845361508E-05,0.596551,2.86034,10.6355,0,NaN,347656,unbound
200,1548,1,belt_rock,6.566677836144316E-07,0.88,10.8728,-1.5541,1,359.893,24407.6,outside_own_roche_hot_not_broken
200,1550,1,belt_rock,7.657662953358019E-06,0.944446,4.90028,2.57717,0,NaN,4549.55,unbound
200,1571,1,belt_rock,3.8849378993641016E-06,0.748463,4.29114,2.71946,0,NaN,432118,unbound
200,1602,1,belt_rock,1.2079473342680562E-05,0.541815,2.64687,0.0069806,0,NaN,57885,unbound
200,1613,1,belt_rock,5.674816646459498E-05,0.654066,2.61541,-0.243209,1,180.609,59074,outside_own_roche_hot_not_broken
200,1624,1,belt_rock,0.00012796138765296694,0.884733,4.67462,4.07741,0,NaN,658206,unbound
200,1630,1,belt_rock,9.557036556617762E-05,0.881969,3.62628,4.29429,0,NaN,109649,unbound
200,1644,1,belt_rock,6.967618186293612E-05,0.648022,3.61805,-0.226175,1,174.564,61345.5,outside_own_roche_hot_not_broken
200,1646,1,belt_rock,7.263977250155467E-06,0.70604,5.47336,-0.985569,1,249.104,36038.1,outside_own_roche_hot_not_broken
200,1655,1,belt_rock,6.509007219212118E-05,0.767988,3.22239,3.42123,0,NaN,516251,unbound
200,1665,1,belt_rock,8.769138552278833E-05,0.976122,4.03353,-1.63879,1,177.385,38311.5,outside_own_roche_hot_not_broken
200,1680,1,belt_rock,6.158020657043453E-05,0.91196,3.83894,3.50624,0,NaN,681481,unbound
200,1685,1,belt_rock,1.776224965867709E-05,0.670833,4.45106,3.70744,0,NaN,430634,unbound
200,1707,1,belt_rock,5.715425089611271E-06,0.445387,2.41318,2.40482,0,NaN,172091,unbound
200,1710,1,belt_rock,3.552791290881249E-05,0.690986,3.0271,-0.953863,1,283.22,32872.6,outside_own_roche_hot_not_broken
200,1716,1,belt_rock,3.3684845327246066E-05,0.570029,2.50669,-0.124511,1,216.639,52156.6,outside_own_roche_hot_not_broken
200,1722,1,belt_rock,7.005142127119329E-05,0.943394,3.9411,4.01046,0,NaN,722623,unbound
200,1732,1,belt_rock,8.30784914647856E-07,0.511104,3.90151,0.363085,0,NaN,67409.4,unbound
200,1761,1,belt_rock,6.813887392790074E-05,0.865675,3.62259,3.24444,0,NaN,611266,unbound
200,1782,1,belt_rock,8.245178938175916E-05,0.913316,3.78219,3.02724,0,NaN,640563,unbound
200,1804,1,belt_rock,8.786787052031937E-05,0.652965,3.56308,2.5229,0,NaN,329716,unbound
200,1808,1,belt_rock,4.6603754174642896E-05,0.522682,3.04783,0.942287,0,NaN,105621,unbound
200,1838,1,belt_rock,4.745002461219935E-05,0.603087,2.44692,3.73001,0,NaN,367474,unbound
200,1878,1,belt_rock,0.00011431950041286707,0.813666,3.09754,-1.39649,1,310.437,27996,outside_own_roche_hot_not_broken
200,1880,1,belt_rock,2.260909468200779E-06,0.646716,4.04536,-0.0617686,1,157.009,72977.1,outside_own_roche_hot_not_broken
200,1883,1,belt_rock,6.657343282087218E-07,0.98636,7.71647,3.2486,0,NaN,44191.3,unbound
200,1887,1,belt_rock,6.82126824701485E-07,0.877095,6.82925,3.02709,0,NaN,600910,unbound
200,1894,1,belt_rock,1.4398197530175788E-05,0.839468,3.89716,4.08329,0,NaN,76781.6,unbound
200,1925,1,belt_rock,2.5270986729503305E-06,0.743988,6.99707,-0.860332,1,223.868,40378.9,outside_own_roche_hot_not_broken
200,1944,1,belt_rock,9.157612575948428E-07,0.641947,7.40109,12.0544,0,NaN,554647,unbound
200,1964,1,belt_rock,1.3594247357711863E-05,0.703073,3.38953,-0.520676,1,181.198,53033.7,outside_own_roche_hot_not_broken
200,1990,1,belt_rock,8.433918453223833E-06,0.5648,2.89463,0.474844,0,NaN,82966.1,unbound
200,1995,1,belt_rock,0.00011611101119094785,0.53061,2.82657,1.04391,0,NaN,109838,unbound
250,17,1,belt_rock,6.827172754266853E-07,0.644248,5.01541,-1.37056,1,103.068,268690,outside_own_roche_hot_not_broken
250,30,1,belt_rock,7.38240689475372E-06,0.392379,2.00768,-1.09872,1,85.9401,328777,outside_own_roche_hot_not_broken
250,50,1,belt_rock,2.8576963723282348E-05,0.533061,2.7256,-1.01026,1,74.1495,368804,outside_own_roche_hot_not_broken
250,52,1,belt_rock,1.8842060779531114E-05,0.726261,4.78051,-1.54667,1,130.241,225037,outside_own_roche_hot_not_broken
250,54,1,belt_rock,0.00011263083187765426,0.494907,1.88444,-1.15872,1,65.856,360469,outside_own_roche_hot_not_broken
250,60,1,belt_rock,3.969287064508921E-05,0.493233,1.0435,-1.00536,1,76.6792,363786,outside_own_roche_hot_not_broken
250,73,1,belt_rock,1.0632625213682056E-05,0.828511,2.09905,-0.912711,1,65.4043,412897,outside_own_roche_hot_not_broken
250,89,1,belt_rock,1.9447634323182094E-06,0.361437,2.33901,-4.32681,1,8.07284,161352,outside_own_roche_hot_not_broken
250,99,1,belt_rock,0.00011394564875542001,0.322717,1.31591,-1.51818,1,142.825,216263,outside_own_roche_hot_not_broken
250,101,1,belt_rock,1.9692976926747173E-06,0.438935,2.81108,-1.07418,1,73.4989,358481,outside_own_roche_hot_not_broken
250,109,1,belt_rock,2.456960938733791E-05,0.282604,1.27631,-1.50986,1,149.171,211712,outside_own_roche_hot_not_broken
250,119,1,belt_rock,2.0919949642102475E-06,0.833311,8.13127,-0.857495,1,57.8814,451876,outside_own_roche_hot_not_broken
250,121,1,belt_rock,5.235806259328425E-06,0.710307,3.87983,-0.932094,1,68.4732,399563,outside_own_roche_hot_not_broken
250,123,1,belt_rock,5.003564208642042E-05,0.420135,1.79178,-1.11858,1,75.5648,346278,outside_own_roche_hot_not_broken
250,124,1,belt_rock,1.3846795585550809E-05,0.383024,2.63973,-1.06792,1,89.8903,325989,outside_own_roche_hot_not_broken
250,130,1,belt_rock,3.2312730057913415E-06,0.505239,2.98093,-1.01039,1,74.6183,367667,outside_own_roche_hot_not_broken
250,137,1,belt_rock,0.00012948321103650742,0.792188,2.9927,-0.889952,1,51.0355,467585,outside_own_roche_hot_not_broken
250,144,1,belt_rock,2.478928073063024E-06,0.632075,3.89329,-0.942091,1,68.9649,395988,outside_own_roche_hot_not_broken
250,151,1,belt_rock,8.80737237346813E-05,0.51412,2.8049,-1.54484,1,127.353,227758,outside_own_roche_hot_not_broken
250,156,1,belt_rock,3.698011065557734E-05,0.467596,2.80099,-1.14351,1,70.9005,351972,outside_own_roche_hot_not_broken
250,162,1,belt_rock,7.721602180571307E-07,0.676973,5.14614,-0.979984,1,46.6614,457010,outside_own_roche_hot_not_broken
250,176,1,belt_rock,2.1228965894217067E-05,0.532643,2.34746,-1.00466,1,73.244,372054,outside_own_roche_hot_not_broken
250,187,1,belt_rock,3.217959851025406E-05,0.458529,1.92969,-0.99246,1,80.3291,357824,outside_own_roche_hot_not_broken
250,193,1,belt_rock,3.347116514333176E-06,0.468232,2.74726,-1.05791,1,69.5701,370640,outside_own_roche_hot_not_broken
250,199,1,belt_rock,7.80086165053359E-06,0.340323,2.59366,-1.44258,1,93.6942,273331,outside_own_roche_hot_not_broken
250,205,1,belt_rock,5.708514414059186E-06,0.438022,3.53001,-1.09249,1,70.113,362853,outside_own_roche_hot_not_broken
250,217,1,belt_rock,5.179983931979467E-05,0.399519,1.69991,-1.12804,1,91.1117,315149,outside_own_roche_hot_not_broken
250,221,1,belt_rock,1.3679684436860946E-06,0.600296,4.10038,-0.985847,1,69.19,386023,outside_own_roche_hot_not_broken
250,224,1,belt_rock,9.167525598203719E-07,0.422538,3.10846,-1.03079,1,85.3523,340574,outside_own_roche_hot_not_broken
250,243,1,belt_rock,6.279534805245629E-05,0.464993,2.62109,-1.05034,1,73.7021,362354,outside_own_roche_hot_not_broken
250,244,1,belt_rock,1.936135125523182E-06,0.693963,4.45741,-1.39391,1,79.7817,298773,outside_own_roche_hot_not_broken
250,262,1,belt_rock,3.6612291394108806E-06,0.550773,4.82729,-1.01112,1,70.1902,378301,outside_own_roche_hot_not_broken
250,264,1,belt_rock,1.1450342531930353E-06,0.318183,2.27906,-1.45077,1,99.0115,265741,outside_own_roche_hot_not_broken
250,273,1,belt_rock,3.3188480904606746E-06,0.804017,7.17789,-0.907778,1,68.8107,404105,outside_own_roche_hot_not_broken
250,280,1,belt_rock,6.695682277626445E-05,0.529975,2.21928,-1.00547,1,73.9352,370231,outside_own_roche_hot_not_broken
250,281,1,belt_rock,6.858618499834726E-07,0.501965,3.98289,-1.03206,1,71.9585,369872,outside_own_roche_hot_not_broken
250,284,1,belt_rock,2.4307338359113666E-05,0.51631,2.33241,-1.22922,1,82.0582,316824,outside_own_roche_hot_not_broken
250,285,1,belt_rock,2.7642825589176594E-06,0.772209,7.13801,-1.29641,1,67.3112,334185,outside_own_roche_hot_not_broken
250,292,1,belt_rock,2.3103908208262464E-06,0.391432,2.45366,-1.107,1,89.1978,321526,outside_own_roche_hot_not_broken
250,294,1,belt_rock,9.754305347086909E-07,0.535203,3.89145,-1.01749,1,70.5982,376018,outside_own_roche_hot_not_broken
250,297,1,belt_rock,1.4396121228647316E-06,0.878331,5.94448,-1.36008,1,152.546,218684,outside_own_roche_hot_not_broken
250,304,1,belt_rock,9.975954360357335E-06,0.457158,3.33607,-1.60689,1,172.054,190129,outside_own_roche_hot_not_broken
250,308,1,belt_rock,7.187033557342713E-05,0.617387,2.57563,-1.23584,1,70.7637,336930,outside_own_roche_hot_not_broken
250,312,1,belt_rock,2.261395482829255E-05,0.394648,2.52425,-1.0676,1,86.7653,331955,outside_own_roche_hot_not_broken
250,313,1,belt_rock,8.199003628706731E-05,0.88549,3.66663,-0.870144,1,63.0157,430935,outside_own_roche_hot_not_broken
250,317,1,belt_rock,8.846340250621285E-07,0.698475,5.17331,-0.981064,1,47.2893,454415,outside_own_roche_hot_not_broken
250,319,1,belt_rock,1.6170601804744153E-05,0.979643,6.593,-1.29125,1,88.5593,297894,outside_own_roche_hot_not_broken
250,341,1,belt_rock,7.431986081784527E-07,0.389728,2.9845,-1.0909,1,85.7213,330381,outside_own_roche_hot_not_broken
250,354,1,belt_rock,1.4494545158656718E-05,0.932204,4.44369,-1.31395,1,101.341,276832,outside_own_roche_hot_not_broken
250,360,1,belt_rock,4.027573292914273E-05,0.647864,2.80482,-0.906509,1,67.7829,407358,outside_own_roche_hot_not_broken
250,378,1,belt_rock,3.5557221198580994E-06,0.644209,3.74419,-1.24461,1,64.6403,348054,outside_own_roche_hot_not_broken
250,381,1,belt_rock,2.0774821337134934E-06,0.283806,2.77311,-1.54316,1,256.088,150586,outside_own_roche_hot_not_broken
250,388,1,belt_rock,9.077453292717553E-07,0.323725,3.73906,-1.45651,1,98.7268,265526,outside_own_roche_hot_not_broken
250,390,1,belt_rock,2.7576377582395805E-05,0.460234,2.05719,-1.4091,1,89.6411,282424,outside_own_roche_hot_not_broken
250,397,1,belt_rock,2.2159016367563655E-06,0.657944,4.1296,-0.971903,1,66.9393,395004,outside_own_roche_hot_not_broken
250,405,1,belt_rock,5.1419254107412145E-05,0.994671,4.2365,-0.649938,1,76.1701,445938,outside_own_roche_hot_not_broken
250,418,1,belt_rock,9.811249370545657E-05,0.760887,3.12283,-0.91894,1,67.8065,404423,outside_own_roche_hot_not_broken
250,421,1,belt_rock,1.7261250963131759E-06,0.798762,8.09636,-0.89216,1,65.0924,418816,outside_own_roche_hot_not_broken
250,422,1,belt_rock,1.655565366171249E-05,0.874178,4.10018,-0.834061,1,55.2101,468723,outside_own_roche_hot_not_broken
250,425,1,belt_rock,5.524092275825576E-06,0.701416,3.81409,-1.40675,1,141.635,224860,outside_own_roche_hot_not_broken
250,428,1,belt_rock,8.935650146133422E-07,0.891716,6.70838,-0.891336,1,65.3855,418119,outside_own_roche_hot_not_broken
250,449,1,belt_rock,7.455531783574016E-05,0.476713,1.86498,-1.09821,1,61.0851,383732,outside_own_roche_hot_not_broken
250,496,1,belt_rock,0.00012102442704219571,0.905895,3.68314,-0.858385,1,60.761,441574,outside_own_roche_hot_not_broken
250,497,1,belt_rock,7.402492523004493E-07,0.445273,3.41248,-1.15672,1,79.136,332922,outside_own_roche_hot_not_broken
250,526,1,belt_rock,6.954935084349453E-06,0.648805,5.04199,-1.37438,1,98.4185,274291,outside_own_roche_hot_not_broken
250,529,1,belt_rock,3.376534791648795E-05,0.882211,3.87118,-0.882925,1,61.9825,430970,outside_own_roche_hot_not_broken
250,540,1,belt_rock,5.918366719071476E-05,0.39459,2.23823,-1.11806,1,99.618,302300,outside_own_roche_hot_not_broken
250,543,1,belt_rock,1.6653546853497135E-05,0.48261,2.26413,-1.20507,1,99.4247,291854,outside_own_roche_hot_not_broken
250,550,1,belt_rock,4.7161816707888294E-05,0.935848,5.44743,-0.635765,1,61.6864,507818,outside_own_roche_hot_not_broken
250,556,1,belt_rock,1.2294819836209372E-06,0.4398,3.06313,-1.63959,1,250.026,149934,outside_own_roche_hot_not_broken
250,571,1,belt_rock,4.245065768434779E-05,0.398433,1.63227,-1.08033,1,83.7194,335911,outside_own_roche_hot_not_broken
250,581,1,belt_rock,7.476979178758243E-05,0.44595,2.46982,-1.05655,1,76.5464,354837,outside_own_roche_hot_not_broken
250,592,1,belt_rock,1.7318405733717002E-05,0.652246,3.04926,-1.1517,1,60.1713,375253,outside_own_roche_hot_not_broken
250,601,1,belt_rock,1.704057254601463E-05,0.509618,2.3871,-1.41613,1,100.493,267344,outside_own_roche_hot_not_broken
250,602,1,belt_rock,7.218161535711282E-06,0.697236,3.62874,-0.932193,1,71.563,391093,outside_own_roche_hot_not_broken
250,605,1,belt_rock,2.4041749778437364E-05,0.800519,3.62154,-1.40159,1,81.4534,295245,outside_own_roche_hot_not_broken
250,633,1,belt_rock,2.2297405295397162E-06,0.328986,3.1703,-1.43863,1,95.5473,271336,outside_own_roche_hot_not_broken
250,636,1,belt_rock,1.3057175961291948E-05,0.426394,2.05606,-1.09861,1,73.1214,354970,outside_own_roche_hot_not_broken
250,639,1,belt_rock,6.57072814511316E-07,0.747105,5.85968,-0.925785,1,70.1161,396408,outside_own_roche_hot_not_broken
250,645,1,belt_rock,2.855972095977906E-05,0.536932,3.32459,-1.0101,1,71.6952,374771,outside_own_roche_hot_not_broken
250,649,1,belt_rock,8.662589025225851E-06,0.574204,2.92273,-1.34213,1,70.6889,320981,outside_own_roche_hot_not_broken
250,658,1,belt_rock,7.094293522511151E-07,0.893903,6.90729,-0.860904,1,63.1768,432822,outside_own_roche_hot_not_broken
250,664,1,belt_rock,8.019870948084456E-05,0.801977,4.41113,-0.895621,1,63.4236,423131,outside_own_roche_hot_not_broken
250,675,1,belt_rock,0.00011585296376493188,0.476216,1.93996,-1.03509,1,76.7835,358127,outside_own_roche_hot_not_broken
250,678,1,belt_rock,1.784486290465502E-05,0.412983,2.73942,-1.35102,1,68.6643,323367,outside_own_roche_hot_not_broken
250,680,1,belt_rock,4.861405982743535E-05,0.702929,3.00443,-1.38631,1,78.809,301263,outside_own_roche_hot_not_broken
250,690,1,belt_rock,4.023587267859821E-05,0.881375,3.62992,-1.35503,1,138.247,231721,outside_own_roche_hot_not_broken
250,698,1,belt_rock,0.0001103880913655758,0.86346,3.52465,-0.886635,1,64.203,422942,outside_own_roche_hot_not_broken
250,719,1,belt_rock,9.073861927316481E-05,0.910225,3.74971,-0.837501,1,61.2763,445551,outside_own_roche_hot_not_broken
250,735,1,belt_rock,4.035525376652153E-05,0.457616,2.71186,-1.12543,1,69.1007,359153,outside_own_roche_hot_not_broken
250,741,1,belt_rock,5.936967784450944E-05,0.505152,2.01045,-0.980208,1,75.9562,370232,outside_own_roche_hot_not_broken
250,769,1,belt_rock,4.200454182736083E-05,0.52053,2.24828,-1.35219,1,71.1402,318733,outside_own_roche_hot_not_broken
250,776,1,belt_rock,5.407065716808426E-06,0.223813,1.22217,-1.5194,1,178.606,190412,outside_own_roche_hot_not_broken
250,777,1,belt_rock,6.991219520240566E-05,0.768504,3.20998,-0.926483,1,64.2486,413058,outside_own_roche_hot_not_broken
250,792,1,belt_rock,1.3771353375516246E-05,0.528638,2.53418,-1.24328,1,80.9166,316854,outside_own_roche_hot_not_broken
250,798,1,belt_rock,0.00013075126953582405,0.626665,3.30494,-0.969216,1,69.7854,387949,outside_own_roche_hot_not_broken
250,815,1,belt_rock,6.327516872018089E-05,0.304182,1.27853,-1.56064,1,204.66,173450,outside_own_roche_hot_not_broken
250,832,1,belt_rock,1.2723288705446799E-06,0.687414,4.75778,-1.39778,1,130.034,236313,outside_own_roche_hot_not_broken
250,833,1,belt_rock,7.177213757332786E-05,0.664065,3.69338,-1.3944,1,103.672,265555,outside_own_roche_hot_not_broken
250,849,1,belt_rock,0.00011815221795815683,0.882972,3.5945,-1.26555,1,64.0481,345775,outside_own_roche_hot_not_broken
250,866,1,belt_rock,8.181715438909201E-06,0.589097,3.01324,-0.951005,1,70.7974,389125,outside_own_roche_hot_not_broken
250,872,1,belt_rock,9.526680434921478E-07,0.598302,4.36964,-1.18023,1,62.9443,363197,outside_own_roche_hot_not_broken
250,884,1,belt_rock,0.00011970146347325267,0.840829,3.42022,-0.833884,1,59.8574,451565,outside_own_roche_hot_not_broken
250,885,1,belt_rock,5.339743715901957E-05,0.41901,1.77918,-1.06337,1,80.5767,345035,outside_own_roche_hot_not_broken
250,891,1,belt_rock,6.672223024239317E-07,0.996311,7.79093,-1.21756,1,53.3187,379196,outside_own_roche_hot_not_broken
250,895,1,belt_rock,8.183703194771465E-05,0.935006,3.87203,-0.867363,1,60.1205,441309,outside_own_roche_hot_not_broken
250,898,1,belt_rock,1.1462926508708358E-05,0.887903,4.36315,-1.40635,1,142.789,223872,outside_own_roche_hot_not_broken
250,900,1,belt_rock,1.0796437951920822E-06,0.953086,6.79946,-2.01499,1,282.664,128764,outside_own_roche_hot_not_broken
250,901,1,belt_rock,8.749650426566604E-07,0.539906,4.00721,-1.19826,1,62.522,360859,outside_own_roche_hot_not_broken
250,917,1,belt_rock,6.020158404260856E-05,0.578151,2.43688,-1.29974,1,98.1013,282827,outside_own_roche_hot_not_broken
250,918,1,belt_rock,1.557636876652008E-05,0.629624,2.97782,-1.42505,1,148.3,217891,outside_own_roche_hot_not_broken
250,919,1,belt_rock,8.10947816908295E-05,0.923551,3.82641,-0.859957,1,59.4757,445566,outside_own_roche_hot_not_broken
250,924,1,belt_rock,3.3763399598335448E-06,0.705565,4.13412,-0.943364,1,70.7681,390829,outside_own_roche_hot_not_broken
250,933,1,belt_rock,5.700690420181217E-05,0.997837,2.03198,-0.580442,1,71.3702,485153,outside_own_roche_hot_not_broken
250,938,1,belt_rock,4.2847607367795894E-05,0.862592,3.71746,-0.9053,1,63.0816,421781,outside_own_roche_hot_not_broken
250,941,1,belt_rock,8.318587866088515E-05,0.496474,2.05456,-1.04236,1,68.3105,376757,outside_own_roche_hot_not_broken
250,947,1,belt_rock,1.4080377107167892E-06,0.969201,6.58576,-0.868567,1,125.97,292413,outside_own_roche_hot_not_broken
250,957,1,belt_rock,1.817757452683593E-05,0.677285,3.04564,-1.31104,1,65.9342,334590,outside_own_roche_hot_not_broken
250,959,1,belt_rock,6.602452728696196E-07,0.417772,3.27359,-1.14124,1,81.869,330048,outside_own_roche_hot_not_broken
250,962,1,belt_rock,6.94522668816033E-05,0.445827,1.86317,-1.07245,1,70.6564,365310,outside_own_roche_hot_not_broken
250,964,1,belt_rock,4.1643191854283803E-05,0.471395,2.03658,-1.10942,1,62.7867,377153,outside_own_roche_hot_not_broken
250,967,1,belt_rock,4.333662951166406E-06,0.547663,3.0885,-1.61334,1,155.757,200663,outside_own_roche_hot_not_broken
250,979,1,belt_rock,0.00011519500890023811,0.626287,2.3812,-0.930034,1,72.586,388831,outside_own_roche_hot_not_broken
250,980,1,belt_rock,3.9641705493473356E-05,0.940471,3.87988,-0.854975,1,73.1701,403719,outside_own_roche_hot_not_broken
250,984,1,belt_rock,0.00011368772789273172,0.973788,5.19288,-0.828005,1,61.2823,448185,outside_own_roche_hot_not_broken
250,990,1,belt_rock,1.3741454516244253E-05,0.884629,4.24313,-1.33041,1,108.076,266441,outside_own_roche_hot_not_broken
250,1002,1,belt_rock,6.785979509706564E-07,0.6083,4.83706,-1.15507,1,60.5841,373579,outside_own_roche_hot_not_broken
250,1003,1,belt_rock,6.641968612579456E-07,0.811838,10.0067,-2.22757,1,14.4125,296721,outside_own_roche_hot_not_broken
250,1016,1,belt_rock,9.920689763785043E-05,0.531706,2.18159,-1.09296,1,56.233,397814,outside_own_roche_hot_not_broken
250,1022,1,belt_rock,0.0001159041442414687,0.835036,3.40134,-0.832866,1,61.0054,447792,outside_own_roche_hot_not_broken
250,1055,1,belt_rock,1.5798873331229318E-06,0.778802,5.18392,-0.884116,1,62.5952,428682,outside_own_roche_hot_not_broken
250,1069,1,belt_rock,7.0186138085546636E-06,0.27921,1.46454,-1.58318,1,218.64,165522,outside_own_roche_hot_not_broken
250,1074,1,belt_rock,0.0001121627428978337,0.789381,4.21592,-1.18259,1,63.4391,361627,outside_own_roche_hot_not_broken
250,1081,1,belt_rock,3.697895310258282E-05,0.643931,3.8604,-1.53627,1,122.629,232777,outside_own_roche_hot_not_broken
250,1082,1,belt_rock,2.5860448992110093E-06,0.745207,4.55808,-1.09804,1,59.9342,386755,outside_own_roche_hot_not_broken
250,1106,1,belt_rock,4.784559652363653E-06,0.631959,3.5122,-1.35055,1,94.9593,281541,outside_own_roche_hot_not_broken
250,1116,1,belt_rock,6.620812279777769E-07,0.430461,3.37119,-1.16058,1,94.3812,305263,outside_own_roche_hot_not_broken
250,1123,1,belt_rock,1.2944045950927664E-05,0.923208,4.46443,-0.682739,1,61.4033,492609,outside_own_roche_hot_not_broken
250,1143,1,belt_rock,1.2209623118812813E-06,0.92752,6.46826,-1.45242,1,160.401,206634,outside_own_roche_hot_not_broken
250,1158,1,belt_rock,9.41390110065754E-06,0.68802,3.3925,-1.41889,1,163.75,206137,outside_own_roche_hot_not_broken
250,1161,1,belt_rock,4.6487284144720425E-05,0.363782,1.47894,-1.50274,1,124.245,233792,outside_own_roche_hot_not_broken
250,1163,1,belt_rock,3.464418339932956E-05,0.813669,3.56329,-0.91306,1,66.3791,409928,outside_own_roche_hot_not_broken
250,1169,1,belt_rock,8.175272778759332E-06,0.444965,2.27683,-1.00398,1,81.6534,352862,outside_own_roche_hot_not_broken
250,1176,1,belt_rock,2.870646814965824E-06,0.548013,3.2952,-0.958221,1,78.7,367885,outside_own_roche_hot_not_broken
250,1191,1,belt_rock,1.5125619003887156E-05,0.976243,2.3435,-1.25969,1,67.0697,340515,outside_own_roche_hot_not_broken
250,1201,1,belt_rock,5.881881375868684E-06,0.755282,4.06729,-1.40795,1,77.9639,299863,outside_own_roche_hot_not_broken
250,1202,1,belt_rock,0.00013197115224069698,0.834499,3.38171,-1.22336,1,73.7424,333043,outside_own_roche_hot_not_broken
250,1208,1,belt_rock,3.358371755939549E-05,0.889027,3.90571,-1.31746,1,94.4578,285976,outside_own_roche_hot_not_broken
250,1236,1,belt_rock,3.956026175725538E-06,0.863793,7.46115,-0.890313,1,64.4475,421262,outside_own_roche_hot_not_broken
250,1239,1,belt_rock,9.02734900157154E-06,0.823655,4.16672,-1.30325,1,73.5916,321357,outside_own_roche_hot_not_broken
250,1254,1,belt_rock,1.179143334727382E-05,0.77114,5.45299,-0.918424,1,65.0148,412696,outside_own_roche_hot_not_broken
250,1267,1,belt_rock,6.759839068479217E-07,0.527253,4.11254,-1.24766,1,95.8541,292097,outside_own_roche_hot_not_broken
250,1268,1,belt_rock,6.022738869411063E-05,0.501954,1.01663,-1.45007,1,132.92,229602,outside_own_roche_hot_not_broken
250,1276,1,belt_rock,7.601107279775003E-07,0.890309,6.91882,-0.829802,1,57.8172,460170,outside_own_roche_hot_not_broken
250,1284,1,belt_rock,8.018649085216489E-06,0.834362,2.21423,-0.879262,1,64.7822,422975,outside_own_roche_hot_not_broken
250,1291,1,belt_rock,6.94641919182026E-07,0.470065,3.64712,-1.04849,1,73.1727,363917,outside_own_roche_hot_not_broken
250,1293,1,belt_rock,4.3071127847538974E-05,0.793126,3.24426,-0.911492,1,66.9197,408711,outside_own_roche_hot_not_broken
250,1300,1,belt_rock,1.66224728314871E-06,0.510737,3.40434,-1.14374,1,64.9823,365243,outside_own_roche_hot_not_broken
250,1305,1,belt_rock,8.307795636088752E-07,0.682236,8.02582,-1.39656,1,120.71,245891,outside_own_roche_hot_not_broken
250,1317,1,belt_rock,9.15531759102845E-05,0.600584,2.3168,-1.42844,1,139.624,225104,outside_own_roche_hot_not_broken
250,1318,1,belt_rock,3.025883601582657E-05,0.508025,2.2502,-1.03769,1,66.5589,382110,outside_own_roche_hot_not_broken
250,1325,1,belt_rock,9.219194837431378E-07,0.708676,5.20793,-1.44374,1,104.989,259215,outside_own_roche_hot_not_broken
250,1352,1,belt_rock,8.990148025323063E-06,0.404726,2.00728,-1.12765,1,89.6635,317741,outside_own_roche_hot_not_broken
250,1357,1,belt_rock,2.2656698601279335E-05,0.961787,4.36984,-0.819374,1,53.4988,480087,outside_own_roche_hot_not_broken
250,1360,1,belt_rock,7.055911110701351E-07,0.746176,5.77185,-0.916753,1,68.2696,403600,outside_own_roche_hot_not_broken
250,1384,1,belt_rock,5.598302899299441E-05,0.497051,1.98807,-1.17834,1,74.4804,338693,outside_own_roche_hot_not_broken
250,1400,1,belt_rock,1.484281702368616E-05,0.75941,5.18182,-1.2994,1,68.0718,332243,outside_own_roche_hot_not_broken
250,1401,1,belt_rock,9.135925973096071E-07,0.857259,6.31067,-0.873506,1,60.9565,436832,outside_own_roche_hot_not_broken
250,1416,1,belt_rock,0.0001321997738157315,0.480812,1.94788,-1.00523,1,81.4412,353106,outside_own_roche_hot_not_broken
250,1421,1,belt_rock,1.571658877790296E-05,0.819021,3.75283,-1.48097,1,87.5806,277367,outside_own_roche_hot_not_broken
250,1425,1,belt_rock,1.8267352167162287E-06,0.917388,5.95228,-0.858461,1,64.0526,430603,outside_own_roche_hot_not_broken
250,1429,1,belt_rock,3.7997762985218234E-05,0.530215,2.30559,-0.941566,1,77.7611,373343,outside_own_roche_hot_not_broken
250,1431,1,belt_rock,1.2877988446477373E-05,0.833297,5.81936,-1.32821,1,77.4807,311062,outside_own_roche_hot_not_broken
250,1434,1,belt_rock,7.800129872908682E-05,0.864138,1.70881,-1.32942,1,96.3351,281978,outside_own_roche_hot_not_broken
250,1437,1,belt_rock,4.6884996640353235E-06,0.86048,7.1871,-0.845715,1,58.1462,454310,outside_own_roche_hot_not_broken
250,1446,1,belt_rock,0.0001067680559677498,0.594763,2.43205,-1.23915,1,67.2919,343423,outside_own_roche_hot_not_broken
250,1456,1,belt_rock,4.0532637405193653E-05,0.602565,2.48037,-1.30827,1,61.9911,342952,outside_own_roche_hot_not_broken
250,1459,1,belt_rock,7.682984472032719E-06,0.659957,3.40489,-0.948545,1,71.06,388950,outside_own_roche_hot_not_broken
250,1468,1,belt_rock,1.5050873292970126E-06,0.417635,2.80405,-1.10049,1,75.8282,348781,outside_own_roche_hot_not_broken
250,1477,1,belt_rock,2.8308653645344172E-06,0.486955,2.93469,-1.06046,1,61.1512,391496,outside_own_roche_hot_not_broken
250,1482,1,belt_rock,2.8298309093900424E-05,0.53139,2.36716,-1.02655,1,65.9048,386098,outside_own_roche_hot_not_broken
250,1487,1,belt_rock,9.862134709118373E-06,0.688666,5.03141,-0.968995,1,45.835,463329,outside_own_roche_hot_not_broken
250,1492,1,belt_rock,9.44053262067516E-05,0.760875,3.12959,-1.16603,1,63.6531,364185,outside_own_roche_hot_not_broken
250,1531,1,belt_rock,3.729638899649471E-05,0.530037,2.30811,-0.961256,1,77.7978,369453,outside_own_roche_hot_not_broken
250,1533,1,belt_rock,6.797580885390364E-07,0.513093,6.29376,-1.23457,1,100.648,286609,outside_own_roche_hot_not_broken
250,1534,1,belt_rock,3.2467360686223855E-05,0.924741,4.07042,-0.83047,1,60.5981,449903,outside_own_roche_hot_not_broken
250,1549,1,belt_rock,1.1520328550631034E-05,0.710568,3.48226,-1.3881,1,122.569,244647,outside_own_roche_hot_not_broken
250,1553,1,belt_rock,4.0531201478537706E-05,0.402796,1.74346,-1.13046,1,89.2569,318062,outside_own_roche_hot_not_broken
250,1554,1,belt_rock,9.732021728961247E-06,0.455635,2.27948,-1.09999,1,65.0547,373422,outside_own_roche_hot_not_broken
250,1557,1,belt_rock,0.00010390914397456924,0.427222,1.7494,-1.30194,1,62.7545,342424,outside_own_roche_hot_not_broken
250,1567,1,belt_rock,2.0018021102618764E-05,0.719953,1.65966,-0.868443,1,65.4571,423573,outside_own_roche_hot_not_broken
250,1571,1,belt_rock,3.8849378993641016E-06,0.845531,4.84766,-0.823947,1,54.0386,476462,outside_own_roche_hot_not_broken
250,1574,1,belt_rock,5.231274063515944E-05,0.81029,3.44634,-1.33951,1,98.5579,277825,outside_own_roche_hot_not_broken
250,1578,1,belt_rock,2.2657187153962727E-05,0.484466,2.20199,-1.02187,1,76.479,361209,outside_own_roche_hot_not_broken
250,1593,1,belt_rock,9.55366195508094E-06,0.486831,2.43907,-0.986898,1,79.3939,360943,outside_own_roche_hot_not_broken
250,1607,1,belt_rock,1.3745875838304412E-05,0.642303,3.07621,-0.900421,1,69.6705,403331,outside_own_roche_hot_not_broken
250,1614,1,belt_rock,1.992183699927453E-06,0.994178,6.35437,-0.851057,1,59.412,448277,outside_own_roche_hot_not_broken
250,1624,1,belt_rock,0.00012796138765296694,0.634481,3.35238,-1.36794,1,92.0676,283638,outside_own_roche_hot_not_broken
250,1630,1,belt_rock,9.557036556617762E-05,0.784995,3.22757,-1.30073,1,107.695,269907,outside_own_roche_hot_not_broken
250,1655,1,belt_rock,6.509007219212118E-05,0.70557,2.96049,-1.24685,1,67.773,341173,outside_own_roche_hot_not_broken
250,1657,1,belt_rock,9.857023070139824E-05,0.868262,3.56361,-1.35904,1,143.882,226258,outside_own_roche_hot_not_broken
250,1664,1,belt_rock,2.8322137360573915E-05,0.345074,1.53835,-1.49038,1,119.236,239673,outside_own_roche_hot_not_broken
250,1674,1,belt_rock,4.8052161831309224E-05,0.611368,3.54791,-0.930263,1,75.4069,381463,outside_own_roche_hot_not_broken
250,1680,1,belt_rock,6.158020657043453E-05,0.599519,2.52371,-1.22459,1,66.0527,348456,outside_own_roche_hot_not_broken
250,1685,1,belt_rock,1.776224965867709E-05,0.766884,5.08837,-1.3871,1,76.5045,304864,outside_own_roche_hot_not_broken
250,1688,1,belt_rock,9.9395369210029E-06,0.510258,3.71535,-1.01255,1,74.6818,367109,outside_own_roche_hot_not_broken
250,1689,1,belt_rock,5.841988806528529E-05,0.398638,1.68313,-1.10933,1,100.104,302641,outside_own_roche_hot_not_broken
250,1691,1,belt_rock,7.99598800209545E-05,0.614383,2.54833,-1.43278,1,176.979,195999,outside_own_roche_hot_not_broken
250,1703,1,belt_rock,4.267325314183137E-05,0.740211,4.35805,-1.39733,1,166.592,205310,outside_own_roche_hot_not_broken
250,1705,1,belt_rock,7.243667174845303E-07,0.323502,2.5386,-1.47069,1,106.041,255498,outside_own_roche_hot_not_broken
250,1706,1,belt_rock,4.57761263009354E-05,0.387589,1.6638,-1.45668,1,104.568,258494,outside_own_roche_hot_not_broken
250,1718,1,belt_rock,0.0001061888921921048,0.525807,2.15056,-1.17659,1,67.1148,354460,outside_own_roche_hot_not_broken
250,1720,1,belt_rock,1.5765540184169807E-05,0.602481,4.06625,-0.939,1,71.3475,390214,outside_own_roche_hot_not_broken
250,1722,1,belt_rock,7.005142127119329E-05,0.592273,2.47426,-1.31414,1,92.3351,289435,outside_own_roche_hot_not_broken
250,1729,1,belt_rock,1.6974650892955918E-05,0.404676,2.70504,-1.3491,1,68.9497,323126,outside_own_roche_hot_not_broken
250,1733,1,belt_rock,3.7973166626542763E-06,0.381809,2.19131,-1.43443,1,91.7003,276834,outside_own_roche_hot_not_broken
250,1745,1,belt_rock,5.682982586276066E-05,0.71078,4.05092,-1.2655,1,54.5143,366947,outside_own_roche_hot_not_broken
250,1749,1,belt_rock,2.820525754627518E-05,0.909405,4.05067,-0.878927,1,63.2722,427841,outside_own_roche_hot_not_broken
250,1761,1,belt_rock,6.813887392790074E-05,0.652181,2.72918,-1.14214,1,56.0151,387781,outside_own_roche_hot_not_broken
250,1776,1,belt_rock,6.388438626092742E-05,0.852758,3.58196,-1.28272,1,67.6457,335678,outside_own_roche_hot_not_broken
250,1782,1,belt_rock,8.245178938175916E-05,0.641864,2.65806,-1.0635,1,52.7119,414784,outside_own_roche_hot_not_broken
250,1804,1,belt_rock,8.786787052031937E-05,0.981804,5.35748,-0.584906,1,68.9641,493741,outside_own_roche_hot_not_broken
250,1813,1,belt_rock,0.00010327407142110633,0.966386,3.9577,-1.25062,1,64.4785,347380,outside_own_roche_hot_not_broken
250,1825,1,belt_rock,2.8615348288902183E-06,0.968606,3.10671,-0.838254,1,58.216,456221,outside_own_roche_hot_not_broken
250,1838,1,belt_rock,4.745002461219935E-05,0.815526,3.30885,-1.40835,1,80.2312,296288,outside_own_roche_hot_not_broken
250,1848,1,belt_rock,9.643357686819514E-05,0.832564,4.50432,-1.28708,1,67.3413,335591,outside_own_roche_hot_not_broken
250,1864,1,belt_rock,3.455384629849253E-06,0.715412,4.17663,-0.947573,1,65.8513,403465,outside_own_roche_hot_not_broken
250,1867,1,belt_rock,3.8839903155708504E-05,0.623983,2.70881,-0.965179,1,73.5441,379108,outside_own_roche_hot_not_broken
250,1871,1,belt_rock,6.569500624288507E-07,0.776581,6.21603,-0.894296,1,63.819,422227,outside_own_roche_hot_not_broken
250,1874,1,belt_rock,1.0248031212141847E-06,0.503847,3.68863,-1.36707,1,75.2555,309574,outside_own_roche_hot_not_broken
250,1883,1,belt_rock,6.657343282087218E-07,0.682488,5.33923,-1.53037,1,123.546,232355,outside_own_roche_hot_not_broken
250,1887,1,belt_rock,6.82126824701485E-07,0.670926,5.22397,-1.05627,1,51.9685,418799,outside_own_roche_hot_not_broken
250,1894,1,belt_rock,1.4398197530175788E-05,0.821023,3.81153,-1.46342,1,132.482,229022,outside_own_roche_hot_not_broken
250,1907,1,belt_rock,2.8453549299963537E-05,0.763363,3.39785,-0.907278,1,67.2145,408835,outside_own_roche_hot_not_broken
250,1920,1,belt_rock,7.605997785744625E-07,0.606516,4.71278,-1.3728,1,89.0433,287397,outside_own_roche_hot_not_broken
250,1927,1,belt_rock,8.156357114200867E-05,0.558539,2.3143,-1.44913,1,175.975,195795,outside_own_roche_hot_not_broken
250,1941,1,belt_rock,4.164750891839388E-05,0.555658,2.39987,-0.992438,1,74.5509,371258,outside_own_roche_hot_not_broken
250,1948,1,belt_rock,8.918372974748205E-06,0.423485,3.1441,-1.15077,1,92.0195,310482,outside_own_roche_hot_not_broken
250,1952,1,belt_rock,6.606311162767822E-05,0.662507,2.77817,-1.61014,1,143.031,210246,outside_own_roche_hot_not_broken
250,1966,1,belt_rock,9.860644374558425E-06,0.782661,3.90372,-0.92402,1,65.6227,409574,outside_own_roche_hot_not_broken
250,1998,1,belt_rock,5.927086706501088E-07,0.280957,1.29996,-1.4989,1,120.617,237616,outside_own_roche_hot_not_broken
300,11,1,belt_rock,0.00011469774197258625,0.625197,2.37748,-0.798061,1,51.0134,497594,outside_own_roche_hot_not_broken
300,34,1,belt_rock,9.363267300218779E-05,0.516436,2.12465,-1.23109,1,112.554,270813,outside_own_roche_hot_not_broken
300,44,1,belt_rock,6.965488713799063E-06,0.878932,4.59063,-0.723203,1,40.3135,582184,outside_own_roche_hot_not_broken
300,46,1,belt_rock,5.261693167516406E-06,0.707827,2.02171,-0.756454,1,45.5477,538852,outside_own_roche_hot_not_broken
300,50,1,belt_rock,2.8576963723282348E-05,0.935144,4.78149,-0.998529,1,75.0883,368798,outside_own_roche_hot_not_broken
300,70,1,belt_rock,4.980722034468837E-05,0.687865,3.97491,-0.755465,1,42.3902,555813,outside_own_roche_hot_not_broken
300,73,1,belt_rock,1.0632625213682056E-05,0.665214,1.68533,-0.902901,1,66.1892,412891,outside_own_roche_hot_not_broken
300,89,1,belt_rock,1.9447634323182094E-06,0.317877,2.05712,-4.32267,1,8.40371,161349,outside_own_roche_hot_not_broken
300,94,1,belt_rock,3.791464172776052E-05,0.817011,4.87827,-1.16801,1,82.9225,324064,outside_own_roche_hot_not_broken
300,97,1,belt_rock,1.7618261886964836E-06,0.342524,2.23648,-1.26266,1,102.123,281352,outside_own_roche_hot_not_broken
300,104,1,belt_rock,3.971913568667692E-05,0.980025,4.24559,-0.708135,1,39.0251,597359,outside_own_roche_hot_not_broken
300,115,1,belt_rock,1.0938661822824471E-06,0.59207,4.21365,-0.803178,1,56.5357,473159,outside_own_roche_hot_not_broken
300,119,1,belt_rock,2.0919949642102475E-06,0.695378,6.78535,-0.849027,1,58.559,451869,outside_own_roche_hot_not_broken
300,121,1,belt_rock,5.235806259328425E-06,0.772287,4.21837,-0.921901,1,69.2887,399556,outside_own_roche_hot_not_broken
300,130,1,belt_rock,3.2312730057913415E-06,0.96783,5.71024,-0.998829,1,75.5436,367661,outside_own_roche_hot_not_broken
300,135,1,belt_rock,4.712989848135413E-06,0.625974,1.82463,-0.769964,1,48.7579,517900,outside_own_roche_hot_not_broken
300,136,1,belt_rock,5.400980043346332E-06,0.949837,5.15279,-0.697671,1,34.7435,631125,outside_own_roche_hot_not_broken
300,143,1,belt_rock,9.975394853266468E-05,0.363355,1.49044,-1.2641,1,87.2978,303317,outside_own_roche_hot_not_broken
300,144,1,belt_rock,2.478928073063024E-06,0.850669,5.23972,-0.93164,1,69.801,395981,outside_own_roche_hot_not_broken
300,145,1,belt_rock,2.911124883697746E-06,0.985022,5.92205,-0.698924,1,33.5249,639016,outside_own_roche_hot_not_broken
300,150,1,belt_rock,6.700850686487743E-07,0.935185,7.30684,-0.69561,1,32.8102,646095,outside_own_roche_hot_not_broken
300,160,1,belt_rock,0.00012919578673162237,0.418677,1.69798,-1.24387,1,70.7542,335672,outside_own_roche_hot_not_broken
300,176,1,belt_rock,2.1228965894217067E-05,0.938402,4.13572,-0.993147,1,74.1652,372048,outside_own_roche_hot_not_broken
300,177,1,belt_rock,4.535582331316806E-05,0.710959,4.15245,-0.741661,1,43.6046,555219,outside_own_roche_hot_not_broken
300,180,1,belt_rock,2.412704921690744E-05,0.600938,2.71415,-0.804948,1,54.1821,481985,outside_own_roche_hot_not_broken
300,197,1,belt_rock,1.487595522297578E-06,0.99462,6.692,-0.713985,1,39.5745,591073,outside_own_roche_hot_not_broken
300,203,1,belt_rock,2.3726504151572597E-05,0.742139,1.67186,-0.735165,1,41.4394,570088,outside_own_roche_hot_not_broken
300,212,1,belt_rock,6.566931872251E-07,0.932412,7.3139,-0.723772,1,42.8855,567064,outside_own_roche_hot_not_broken
300,219,1,belt_rock,5.11870546070562E-06,0.856027,4.68372,-0.712638,1,37.5776,604225,outside_own_roche_hot_not_broken
300,221,1,belt_rock,1.3679684436860946E-06,0.872405,5.95905,-0.975068,1,70.0525,386017,outside_own_roche_hot_not_broken
300,242,1,belt_rock,2.523738327348692E-06,0.96009,9.03178,-0.698461,1,32.5231,646525,outside_own_roche_hot_not_broken
300,262,1,belt_rock,3.6612291394108806E-06,0.919447,8.05855,-1.00004,1,71.0768,378294,outside_own_roche_hot_not_broken
300,273,1,belt_rock,3.3188480904606746E-06,0.685347,6.11846,-0.897621,1,69.6234,404098,outside_own_roche_hot_not_broken
300,278,1,belt_rock,1.6019635045865684E-06,0.574745,3.81624,-0.812352,1,54.7992,477119,outside_own_roche_hot_not_broken
300,280,1,belt_rock,6.695682277626445E-05,0.94039,3.93789,-0.993833,1,74.8665,370225,outside_own_roche_hot_not_broken
300,281,1,belt_rock,6.858618499834726E-07,0.969784,7.69484,-1.021,1,72.8432,369865,outside_own_roche_hot_not_broken
300,285,1,belt_rock,2.7642825589176594E-06,0.625482,5.78172,-1.28474,1,68.2445,334180,outside_own_roche_hot_not_broken
300,294,1,belt_rock,9.754305347086909E-07,0.935288,6.80047,-1.00637,1,71.4876,376012,outside_own_roche_hot_not_broken
300,297,1,belt_rock,1.4396121228647316E-06,0.589167,3.98744,-1.34455,1,153.789,218680,outside_own_roche_hot_not_broken
300,302,1,belt_rock,0.00011502705840204598,0.414071,2.20665,-1.25025,1,72.0445,332159,outside_own_roche_hot_not_broken
300,313,1,belt_rock,8.199003628706731E-05,0.631875,2.61647,-0.860997,1,63.7477,430928,outside_own_roche_hot_not_broken
300,319,1,belt_rock,1.6170601804744153E-05,0.418486,2.81642,-1.27434,1,89.9124,297889,outside_own_roche_hot_not_broken
300,329,1,belt_rock,0.00012525180328705775,0.93279,3.78676,-0.713044,1,36.7891,609093,outside_own_roche_hot_not_broken
300,350,1,belt_rock,7.294135930532069E-05,0.847099,3.53044,-1.15187,1,75.3857,341139,outside_own_roche_hot_not_broken
300,354,1,belt_rock,1.4494545158656718E-05,0.469573,2.23839,-1.29573,1,102.799,276827,outside_own_roche_hot_not_broken
300,360,1,belt_rock,4.027573292914273E-05,0.845663,3.66116,-0.896416,1,68.5903,407351,outside_own_roche_hot_not_broken
300,364,1,belt_rock,6.152637531757845E-06,0.555263,2.92272,-0.827975,1,56.9406,463984,outside_own_roche_hot_not_broken
300,380,1,belt_rock,9.001051030801394E-07,0.576296,4.25435,-0.827108,1,59.2636,455647,outside_own_roche_hot_not_broken
300,386,1,belt_rock,1.883396316875123E-06,0.594403,5.92149,-0.815021,1,53.5634,481226,outside_own_roche_hot_not_broken
300,397,1,belt_rock,2.2159016367563655E-06,0.817095,5.12852,-0.961607,1,67.7631,394997,outside_own_roche_hot_not_broken
300,403,1,belt_rock,1.6097798397137784E-06,0.999183,10.27,-0.710885,1,40.8526,584843,outside_own_roche_hot_not_broken
300,418,1,belt_rock,9.811249370545657E-05,0.725674,2.97831,-0.908886,1,68.6109,404416,outside_own_roche_hot_not_broken
300,421,1,belt_rock,1.7261250963131759E-06,0.699924,7.09453,-0.882515,1,65.864,418809,outside_own_roche_hot_not_broken
300,422,1,belt_rock,1.655565366171249E-05,0.677898,3.17956,-0.82629,1,55.832,468715,outside_own_roche_hot_not_broken
300,425,1,belt_rock,5.524092275825576E-06,0.762868,4.14825,-1.3937,1,142.679,224857,outside_own_roche_hot_not_broken
300,428,1,belt_rock,8.935650146133422E-07,0.614818,4.62528,-0.881714,1,66.1554,418112,outside_own_roche_hot_not_broken
300,442,1,belt_rock,7.011034373292999E-06,0.661929,5.1219,-0.754397,1,44.6495,544306,outside_own_roche_hot_not_broken
300,492,1,belt_rock,1.3226425832453694E-06,0.889679,6.11433,-1.10408,1,43.1903,434568,outside_own_roche_hot_not_broken
300,496,1,belt_rock,0.00012102442704219571,0.624979,2.54101,-0.849788,1,61.449,441566,outside_own_roche_hot_not_broken
300,498,1,belt_rock,4.413302245239351E-06,0.577438,4.87817,-0.827378,1,55.422,469960,outside_own_roche_hot_not_broken
300,508,1,belt_rock,3.7302525994614356E-05,0.86779,3.77756,-0.705541,1,35.4952,621642,outside_own_roche_hot_not_broken
300,511,1,belt_rock,8.473125613025931E-05,0.781188,4.27404,-0.749399,1,44.3815,547790,outside_own_roche_hot_not_broken
300,514,1,belt_rock,2.115951315924581E-06,0.615719,3.895,-1.2042,1,86.1871,313126,outside_own_roche_hot_not_broken
300,524,1,belt_rock,9.604654164338964E-05,0.785383,3.22627,-0.738036,1,41.6369,567669,outside_own_roche_hot_not_broken
300,529,1,belt_rock,3.376534791648795E-05,0.633072,2.77795,-0.87385,1,62.7086,430963,outside_own_roche_hot_not_broken
300,601,1,belt_rock,1.704057254601463E-05,0.883424,4.13804,-1.39944,1,101.828,267340,outside_own_roche_hot_not_broken
300,602,1,belt_rock,7.218161535711282E-06,0.782969,4.07494,-0.921677,1,72.4043,391087,outside_own_roche_hot_not_broken
300,606,1,belt_rock,1.290627479530527E-06,0.558766,2.11661,-0.84363,1,61.6985,442397,outside_own_roche_hot_not_broken
300,639,1,belt_rock,6.57072814511316E-07,0.73535,5.76748,-0.915475,1,70.941,396402,outside_own_roche_hot_not_broken
300,645,1,belt_rock,2.855972095977906E-05,0.933854,5.78227,-0.998814,1,72.5981,374765,outside_own_roche_hot_not_broken
300,649,1,belt_rock,8.662589025225851E-06,0.815011,4.14844,-1.32955,1,71.6953,320976,outside_own_roche_hot_not_broken
300,650,1,belt_rock,2.7044608066181788E-05,0.432155,1.85352,-1.23378,1,65.7262,347584,outside_own_roche_hot_not_broken
300,654,1,belt_rock,3.1434544679676156E-05,0.313059,1.38264,-1.26588,1,125.023,252560,outside_own_roche_hot_not_broken
300,658,1,belt_rock,7.094293522511151E-07,0.627371,4.84777,-0.851823,1,63.9035,432814,outside_own_roche_hot_not_broken
300,664,1,belt_rock,8.019870948084456E-05,0.698675,3.84294,-0.886161,1,64.1805,423124,outside_own_roche_hot_not_broken
300,665,1,belt_rock,3.471781708639984E-05,0.723034,4.36235,-0.749757,1,42.4161,558151,outside_own_roche_hot_not_broken
300,675,1,belt_rock,0.00011585296376493188,0.993692,4.048,-1.02338,1,77.7209,358120,outside_own_roche_hot_not_broken
300,678,1,belt_rock,1.784486290465502E-05,0.996621,6.61083,-1.34204,1,69.3823,323362,outside_own_roche_hot_not_broken
300,690,1,belt_rock,4.023587267859821E-05,0.56788,2.3388,-1.33899,1,139.53,231717,outside_own_roche_hot_not_broken
300,698,1,belt_rock,0.0001103880913655758,0.64322,2.62563,-0.87715,1,64.9619,422935,outside_own_roche_hot_not_broken
300,704,1,belt_rock,0.00011865581926903092,0.649765,3.45274,-0.785521,1,51.743,498782,outside_own_roche_hot_not_broken
300,719,1,belt_rock,9.073861927316481E-05,0.627074,2.58326,-0.828969,1,61.9593,445543,outside_own_roche_hot_not_broken
300,741,1,belt_rock,5.936967784450944E-05,0.97531,3.88163,-0.96865,1,76.881,370226,outside_own_roche_hot_not_broken
300,744,1,belt_rock,5.963441676946734E-05,0.678452,2.86126,-1.16963,1,57.3692,378646,outside_own_roche_hot_not_broken
300,754,1,belt_rock,3.944070507977821E-05,0.804674,3.31777,-0.743162,1,45.1983,546126,outside_own_roche_hot_not_broken
300,756,1,belt_rock,7.133940698881861E-07,0.930685,7.18374,-0.722947,1,40.8883,578915,outside_own_roche_hot_not_broken
300,769,1,belt_rock,4.200454182736083E-05,0.865295,3.73739,-1.33882,1,72.2097,318728,outside_own_roche_hot_not_broken
300,777,1,belt_rock,6.991219520240566E-05,0.720584,3.00982,-0.916777,1,65.0251,413052,outside_own_roche_hot_not_broken
300,798,1,belt_rock,0.00013075126953582405,0.847996,4.47221,-0.958517,1,70.6413,387943,outside_own_roche_hot_not_broken
300,804,1,belt_rock,6.845560813856027E-05,0.57535,2.4067,-1.20026,1,63.273,358788,outside_own_roche_hot_not_broken
300,807,1,belt_rock,5.702887272086544E-05,0.812168,3.43438,-1.16901,1,93.3519,305839,outside_own_roche_hot_not_broken
300,808,1,belt_rock,7.408125236630625E-06,0.373562,1.9405,-1.26504,1,120.638,257630,outside_own_roche_hot_not_broken
300,809,1,belt_rock,5.600919844523897E-06,0.915032,4.95454,-1.128,1,58.8076,383454,outside_own_roche_hot_not_broken
300,811,1,belt_rock,5.316428066498142E-05,0.751907,1.54179,-1.1612,1,62.1799,368548,outside_own_roche_hot_not_broken
300,818,1,belt_rock,7.981140050761311E-07,0.795033,6.00532,-0.731357,1,42.1669,567694,outside_own_roche_hot_not_broken
300,832,1,belt_rock,1.2723288705446799E-06,0.763416,5.28381,-1.38464,1,131.085,236309,outside_own_roche_hot_not_broken
300,839,1,belt_rock,2.289446660935923E-05,0.957387,4.34392,-0.706079,1,36.0843,617397,outside_own_roche_hot_not_broken
300,849,1,belt_rock,0.00011815221795815683,0.523969,2.13303,-1.2538,1,64.9876,345769,outside_own_roche_hot_not_broken
300,861,1,belt_rock,9.675546798348637E-07,0.903191,6.57712,-0.71667,1,37.8025,600749,outside_own_roche_hot_not_broken
300,866,1,belt_rock,8.181715438909201E-06,0.892858,4.56698,-0.940184,1,71.6631,389118,outside_own_roche_hot_not_broken
300,884,1,belt_rock,0.00011970146347325267,0.691159,2.81141,-0.825282,1,60.5457,451557,outside_own_roche_hot_not_broken
300,891,1,belt_rock,6.672223024239317E-07,0.484719,3.79039,-1.21227,1,53.7415,379191,outside_own_roche_hot_not_broken
300,895,1,belt_rock,8.183703194771465E-05,0.601816,2.49223,-0.859111,1,60.7808,441301,outside_own_roche_hot_not_broken
300,918,1,belt_rock,1.557636876652008E-05,0.833175,3.94052,-1.41088,1,149.433,217888,outside_own_roche_hot_not_broken
300,919,1,belt_rock,8.10947816908295E-05,0.61482,2.54729,-0.851728,1,60.1343,445558,outside_own_roche_hot_not_broken
300,922,1,belt_rock,3.218767067705556E-06,0.975103,5.75922,-0.705994,1,36.5914,614078,outside_own_roche_hot_not_broken
300,924,1,belt_rock,3.3763399598335448E-06,0.772207,4.52459,-0.932894,1,71.6058,390823,outside_own_roche_hot_not_broken
300,934,1,belt_rock,4.5149665654366586E-05,0.858394,5.01592,-0.730198,1,39.7351,582295,outside_own_roche_hot_not_broken
300,938,1,belt_rock,4.2847607367795894E-05,0.640561,2.76058,-0.895867,1,63.8363,421775,outside_own_roche_hot_not_broken
300,941,1,belt_rock,8.318587866088515E-05,0.982678,4.06662,-1.03246,1,69.1024,376750,outside_own_roche_hot_not_broken
300,943,1,belt_rock,3.277912449224114E-05,0.714673,3.14297,-0.734985,1,41.8253,567984,outside_own_roche_hot_not_broken
300,944,1,belt_rock,2.8829032946206203E-05,0.560093,2.8608,-0.827507,1,56.143,467150,outside_own_roche_hot_not_broken
300,952,1,belt_rock,6.741222067946179E-07,0.680148,5.30796,-0.754529,1,44.9015,542949,outside_own_roche_hot_not_broken
300,953,1,belt_rock,9.629902295407514E-05,0.753065,3.09312,-0.763008,1,45.7746,535063,outside_own_roche_hot_not_broken
300,957,1,belt_rock,1.817757452683593E-05,0.717847,3.22804,-1.29968,1,66.8427,334585,outside_own_roche_hot_not_broken
300,979,1,belt_rock,0.00011519500890023811,0.856384,3.25605,-0.91919,1,73.4535,388825,outside_own_roche_hot_not_broken
300,984,1,belt_rock,0.00011368772789273172,0.584814,3.11861,-0.820325,1,61.8973,448176,outside_own_roche_hot_not_broken
300,988,1,belt_rock,9.968858215165637E-05,0.594902,2.44021,-1.19696,1,66.3862,352484,outside_own_roche_hot_not_broken
300,990,1,belt_rock,1.3741454516244253E-05,0.530239,2.54329,-1.31407,1,109.383,266436,outside_own_roche_hot_not_broken
300,998,1,belt_rock,2.2792375646292976E-05,0.38655,1.75709,-1.25613,1,81.4378,314151,outside_own_roche_hot_not_broken
300,1003,1,belt_rock,6.641968612579456E-07,0.690607,8.51238,-2.23035,1,14.1904,296715,outside_own_roche_hot_not_broken
300,1005,1,belt_rock,8.637437983213775E-07,0.540642,4.02255,-1.19319,1,57.0349,374797,outside_own_roche_hot_not_broken
300,1022,1,belt_rock,0.0001159041442414687,0.693551,2.82503,-0.824095,1,61.7073,447784,outside_own_roche_hot_not_broken
300,1055,1,belt_rock,1.5798873331229318E-06,0.726169,4.83358,-0.87482,1,63.3389,428675,outside_own_roche_hot_not_broken
300,1062,1,belt_rock,1.3771057314427694E-06,0.903371,6.16314,-0.711561,1,34.2722,626696,outside_own_roche_hot_not_broken
300,1063,1,belt_rock,1.081542812867445E-05,0.452129,1.14296,-1.22076,1,59.7661,363044,outside_own_roche_hot_not_broken
300,1086,1,belt_rock,6.620068730487008E-07,0.741356,5.92482,-0.745164,1,42.2128,561280,outside_own_roche_hot_not_broken
300,1087,1,belt_rock,0.00011050098932837874,0.878091,3.58385,-0.735589,1,42.2082,565560,outside_own_roche_hot_not_broken
300,1112,1,belt_rock,1.7681335535810255E-06,0.575692,3.75659,-0.799077,1,55.5059,478538,outside_own_roche_hot_not_broken
300,1124,1,belt_rock,8.643283642769594E-06,0.573818,2.91,-0.800681,1,55.4025,478439,outside_own_roche_hot_not_broken
300,1131,1,belt_rock,6.856366412862193E-05,0.584975,2.30203,-0.806123,1,55.5914,475951,outside_own_roche_hot_not_broken
300,1149,1,belt_rock,3.8246390384014373E-05,0.290952,1.20398,-1.274,1,125.56,251244,outside_own_roche_hot_not_broken
300,1153,1,belt_rock,8.621506956892179E-05,0.719746,2.97337,-1.13613,1,44.1199,423323,outside_own_roche_hot_not_broken
300,1158,1,belt_rock,9.41390110065754E-06,0.798823,3.93885,-1.40572,1,164.804,206134,outside_own_roche_hot_not_broken
300,1163,1,belt_rock,3.464418339932956E-05,0.677686,2.96778,-0.90314,1,67.1728,409921,outside_own_roche_hot_not_broken
300,1170,1,belt_rock,1.1142923462670623E-05,0.483656,2.3793,-1.20257,1,53.6318,381432,outside_own_roche_hot_not_broken
300,1171,1,belt_rock,3.812154259163373E-05,0.792476,3.27824,-0.737761,1,40.1624,576235,outside_own_roche_hot_not_broken
300,1176,1,belt_rock,2.870646814965824E-06,0.928251,5.58157,-0.946088,1,79.6708,367879,outside_own_roche_hot_not_broken
300,1191,1,belt_rock,1.5125619003887156E-05,0.447842,1.07506,-1.24943,1,67.8907,340510,outside_own_roche_hot_not_broken
300,1208,1,belt_rock,3.358371755939549E-05,0.513477,2.25583,-1.30152,1,95.7337,285972,outside_own_roche_hot_not_broken
300,1211,1,belt_rock,9.67589661537222E-06,0.643486,1.65506,-0.769831,1,46.2382,530053,outside_own_roche_hot_not_broken
300,1220,1,belt_rock,1.2091146342930153E-06,0.93916,6.56118,-1.14755,1,82.3719,328134,outside_own_roche_hot_not_broken
300,1236,1,belt_rock,3.956026175725538E-06,0.641319,5.53949,-0.880772,1,65.211,421255,outside_own_roche_hot_not_broken
300,1238,1,belt_rock,4.377380235917646E-06,0.834191,4.68018,-0.730405,1,39.5246,583448,outside_own_roche_hot_not_broken
300,1239,1,belt_rock,9.02734900157154E-06,0.573421,2.90083,-1.29049,1,74.6125,321352,outside_own_roche_hot_not_broken
300,1250,1,belt_rock,9.772943806356989E-05,0.652252,2.5052,-1.20264,1,90.5228,306065,outside_own_roche_hot_not_broken
300,1254,1,belt_rock,1.179143334727382E-05,0.71922,5.08584,-0.90867,1,65.7952,412689,outside_own_roche_hot_not_broken
300,1276,1,belt_rock,7.601107279775003E-07,0.656843,5.10449,-0.821738,1,58.4626,460162,outside_own_roche_hot_not_broken
300,1277,1,belt_rock,2.0641378376823398E-05,0.995391,4.40265,-1.12211,1,67.7001,362946,outside_own_roche_hot_not_broken
300,1281,1,belt_rock,3.5793218281960345E-06,0.984513,5.71419,-0.689555,1,31.2425,661439,outside_own_roche_hot_not_broken
300,1284,1,belt_rock,8.018649085216489E-06,0.670723,1.77996,-0.869716,1,65.546,422968,outside_own_roche_hot_not_broken
300,1293,1,belt_rock,4.3071127847538974E-05,0.69715,2.85167,-0.901541,1,67.7158,408704,outside_own_roche_hot_not_broken
300,1305,1,belt_rock,8.307795636088752E-07,0.757002,8.90537,-1.38343,1,121.76,245888,outside_own_roche_hot_not_broken
300,1312,1,belt_rock,4.953047568209296E-05,0.980153,4.18076,-0.710802,1,37.236,607362,outside_own_roche_hot_not_broken
300,1317,1,belt_rock,9.15531759102845E-05,0.847887,3.27079,-1.4136,1,140.811,225100,outside_own_roche_hot_not_broken
300,1318,1,belt_rock,3.025883601582657E-05,0.972748,4.3086,-1.02795,1,67.3379,382104,outside_own_roche_hot_not_broken
300,1320,1,belt_rock,1.9502554120553218E-05,0.878595,4.049,-0.729901,1,42.5833,566008,outside_own_roche_hot_not_broken
300,1328,1,belt_rock,6.709164919336832E-06,0.629479,3.3076,-0.780328,1,48.4807,515322,outside_own_roche_hot_not_broken
300,1331,1,belt_rock,7.177005102180299E-07,0.588265,4.62491,-0.8184,1,56.683,467872,outside_own_roche_hot_not_broken
300,1333,1,belt_rock,7.986154280475739E-05,0.721966,2.99331,-0.75794,1,48.6282,523074,outside_own_roche_hot_not_broken
300,1344,1,belt_rock,6.018783574121593E-05,0.705686,2.97325,-0.747048,1,41.0337,567007,outside_own_roche_hot_not_broken
300,1347,1,belt_rock,0.00010790258446132883,0.852907,3.48476,-0.741317,1,43.9387,553570,outside_own_roche_hot_not_broken
300,1355,1,belt_rock,8.22811858779635E-05,0.801166,1.57681,-0.738737,1,44.6612,550817,outside_own_roche_hot_not_broken
300,1357,1,belt_rock,2.2656698601279335E-05,0.627927,2.85296,-0.812895,1,54.0177,480077,outside_own_roche_hot_not_broken
300,1360,1,belt_rock,7.055911110701351E-07,0.740426,5.72737,-0.906666,1,69.0767,403593,outside_own_roche_hot_not_broken
300,1376,1,belt_rock,4.4676591679245336E-05,0.609041,2.6167,-0.793635,1,54.7662,483294,outside_own_roche_hot_not_broken
300,1395,1,belt_rock,2.7279062147012035E-05,0.727768,3.11531,-0.76959,1,49.1207,516342,outside_own_roche_hot_not_broken
300,1400,1,belt_rock,1.484281702368616E-05,0.638166,4.35451,-1.28775,1,69.004,332238,outside_own_roche_hot_not_broken
300,1401,1,belt_rock,9.135925973096071E-07,0.660166,4.85978,-0.864557,1,61.6726,436824,outside_own_roche_hot_not_broken
300,1403,1,belt_rock,1.0336419449546872E-05,0.569163,2.82543,-1.21581,1,85.6593,312440,outside_own_roche_hot_not_broken
300,1404,1,belt_rock,6.688696473827213E-07,0.558365,4.36419,-0.843348,1,57.8457,456079,outside_own_roche_hot_not_broken
300,1416,1,belt_rock,0.0001321997738157315,0.989919,4.01039,-0.992463,1,82.4632,353100,outside_own_roche_hot_not_broken
300,1425,1,belt_rock,1.8267352167162287E-06,0.606828,3.93727,-0.849393,1,64.7782,430596,outside_own_roche_hot_not_broken
300,1429,1,belt_rock,3.7997762985218234E-05,0.95402,4.14846,-0.929718,1,78.7091,373337,outside_own_roche_hot_not_broken
300,1437,1,belt_rock,4.6884996640353235E-06,0.674839,5.63654,-0.837357,1,58.815,454302,outside_own_roche_hot_not_broken
300,1448,1,belt_rock,6.0569389819862366E-05,0.647126,2.72537,-0.794652,1,50.7862,499770,outside_own_roche_hot_not_broken
300,1456,1,belt_rock,4.0532637405193653E-05,0.792362,3.26164,-1.29692,1,62.8988,342947,outside_own_roche_hot_not_broken
300,1459,1,belt_rock,7.682984472032719E-06,0.81745,4.21744,-0.93791,1,71.9109,388944,outside_own_roche_hot_not_broken
300,1464,1,belt_rock,6.78474482184845E-07,0.728853,5.68094,-0.764891,1,45.3777,536299,outside_own_roche_hot_not_broken
300,1482,1,belt_rock,2.8298309093900424E-05,0.946346,4.21564,-1.01647,1,66.712,386091,outside_own_roche_hot_not_broken
300,1485,1,belt_rock,2.501537933445565E-06,0.723304,4.4485,-1.18022,1,82.351,323319,outside_own_roche_hot_not_broken
300,1486,1,belt_rock,0.00012044368057620707,0.707218,2.87576,-0.766235,1,49.1301,517553,outside_own_roche_hot_not_broken
300,1517,1,belt_rock,7.473831491356644E-05,0.871111,3.6245,-0.726095,1,38.4001,592333,outside_own_roche_hot_not_broken
300,1531,1,belt_rock,3.729638899649471E-05,0.948497,4.13034,-0.949243,1,78.7591,369447,outside_own_roche_hot_not_broken
300,1534,1,belt_rock,3.2467360686223855E-05,0.620428,2.73093,-0.822218,1,61.2587,449894,outside_own_roche_hot_not_broken
300,1536,1,belt_rock,9.026599525237927E-07,0.600515,4.43076,-0.801737,1,52.9781,487997,outside_own_roche_hot_not_broken
300,1549,1,belt_rock,1.1520328550631034E-05,0.732931,3.59186,-1.37512,1,123.608,244643,outside_own_roche_hot_not_broken
300,1567,1,belt_rock,2.0018021102618764E-05,0.784874,1.80932,-0.858882,1,66.222,423566,outside_own_roche_hot_not_broken
300,1568,1,belt_rock,1.863013986285672E-05,0.590908,2.64461,-0.810888,1,52.4894,486986,outside_own_roche_hot_not_broken
300,1570,1,belt_rock,6.599173965356059E-07,0.995103,7.7982,-1.07569,1,38.4508,459037,outside_own_roche_hot_not_broken
300,1574,1,belt_rock,5.231274063515944E-05,0.603713,2.56772,-1.3257,1,99.6624,277821,outside_own_roche_hot_not_broken
300,1578,1,belt_rock,2.2657187153962727E-05,0.987618,4.48892,-1.01016,1,77.4163,361203,outside_own_roche_hot_not_broken
300,1593,1,belt_rock,9.55366195508094E-06,0.990833,4.96418,-0.974756,1,80.3656,360936,outside_own_roche_hot_not_broken
300,1597,1,belt_rock,7.277415759858875E-06,0.857571,6.58662,-0.720902,1,40.9342,579606,outside_own_roche_hot_not_broken
300,1607,1,belt_rock,1.3745875838304412E-05,0.850805,4.0748,-0.890116,1,70.4949,403325,outside_own_roche_hot_not_broken
300,1614,1,belt_rock,1.992183699927453E-06,0.571981,3.65587,-0.844091,1,59.9696,448268,outside_own_roche_hot_not_broken
300,1616,1,belt_rock,0.00011977222286049424,0.400686,1.63016,-1.25702,1,79.5797,317266,outside_own_roche_hot_not_broken
300,1636,1,belt_rock,7.52739959112928E-07,0.580274,4.43276,-0.801058,1,55.5515,477722,outside_own_roche_hot_not_broken
300,1649,1,belt_rock,0.0001131309544627968,0.770767,3.14342,-1.14718,1,51.5702,398708,outside_own_roche_hot_not_broken
300,1657,1,belt_rock,9.857023070139824E-05,0.590778,2.42473,-1.34371,1,145.108,226254,outside_own_roche_hot_not_broken
300,1674,1,belt_rock,4.8052161831309224E-05,0.869829,5.04781,-0.919026,1,76.3059,381456,outside_own_roche_hot_not_broken
300,1683,1,belt_rock,9.37186776526829E-05,0.898512,3.69637,-1.11817,1,48.6254,413915,outside_own_roche_hot_not_broken
300,1688,1,belt_rock,9.9395369210029E-06,0.960829,6.99609,-1.00087,1,75.6164,367103,outside_own_roche_hot_not_broken
300,1703,1,belt_rock,4.267325314183137E-05,0.754902,4.44455,-1.38452,1,167.616,205307,outside_own_roche_hot_not_broken
300,1706,1,belt_rock,4.57761263009354E-05,0.980353,4.20835,-1.43382,1,106.397,258491,outside_own_roche_hot_not_broken
300,1720,1,belt_rock,1.5765540184169807E-05,0.880849,5.945,-0.928192,1,72.2122,390208,outside_own_roche_hot_not_broken
300,1733,1,belt_rock,3.7973166626542763E-06,0.986752,5.66326,-1.4155,1,93.2149,276830,outside_own_roche_hot_not_broken
300,1739,1,belt_rock,9.52010787032452E-05,0.897124,3.68674,-0.738309,1,44.2766,553049,outside_own_roche_hot_not_broken
300,1745,1,belt_rock,5.682982586276066E-05,0.695565,3.9642,-1.25537,1,55.3249,366942,outside_own_roche_hot_not_broken
300,1749,1,belt_rock,2.820525754627518E-05,0.608712,2.71133,-0.869815,1,64.0014,427834,outside_own_roche_hot_not_broken
300,1755,1,belt_rock,9.323079667100621E-06,0.629969,3.16278,-0.789118,1,49.0303,509566,outside_own_roche_hot_not_broken
300,1776,1,belt_rock,6.388438626092742E-05,0.547185,2.29842,-1.2704,1,68.6316,335673,outside_own_roche_hot_not_broken
300,1795,1,belt_rock,6.566667308472614E-07,0.790188,6.3255,-1.16441,1,73.5313,342882,outside_own_roche_hot_not_broken
300,1800,1,belt_rock,2.4722625895541677E-06,0.799831,4.9521,-1.17129,1,101.167,293287,outside_own_roche_hot_not_broken
300,1802,1,belt_rock,4.420959277904999E-05,0.733857,3.15675,-1.1573,1,57.4456,380944,outside_own_roche_hot_not_broken
300,1807,1,belt_rock,3.4249918159041645E-05,0.855709,3.57934,-1.13151,1,51.8616,401404,outside_own_roche_hot_not_broken
300,1813,1,belt_rock,0.00010327407142110633,0.46088,1.88747,-1.24063,1,65.2774,347375,outside_own_roche_hot_not_broken
300,1825,1,belt_rock,2.8615348288902183E-06,0.596077,1.91186,-0.831002,1,58.7966,456213,outside_own_roche_hot_not_broken
300,1826,1,belt_rock,5.70382678004636E-05,0.798318,4.54437,-0.74178,1,41.8499,564794,outside_own_roche_hot_not_broken
300,1830,1,belt_rock,6.472560252373216E-05,0.857187,3.38772,-0.730394,1,41.9806,569182,outside_own_roche_hot_not_broken
300,1848,1,belt_rock,9.643357686819514E-05,0.566323,3.06391,-1.27494,1,68.3126,335586,outside_own_roche_hot_not_broken
300,1850,1,belt_rock,0.0001097162832545768,0.641626,3.43148,-0.776359,1,52.6249,498135,outside_own_roche_hot_not_broken
300,1863,1,belt_rock,8.665744045728343E-05,0.669336,2.59118,-1.18771,1,68.2241,350113,outside_own_roche_hot_not_broken
300,1864,1,belt_rock,3.455384629849253E-06,0.765664,4.47001,-0.93759,1,66.65,403459,outside_own_roche_hot_not_broken
300,1867,1,belt_rock,3.8839903155708504E-05,0.848889,3.68517,-0.954061,1,74.4337,379102,outside_own_roche_hot_not_broken
300,1871,1,belt_rock,6.569500624288507E-07,0.722922,5.78652,-0.8848,1,64.5788,422220,outside_own_roche_hot_not_broken
300,1874,1,belt_rock,1.0248031212141847E-06,0.879417,6.43814,-1.35284,1,76.3937,309569,outside_own_roche_hot_not_broken
300,1893,1,belt_rock,2.4611062147050183E-05,0.97123,4.38148,-1.11524,1,55.4748,394991,outside_own_roche_hot_not_broken
300,1898,1,belt_rock,0.00011956044744985102,0.565629,1.08075,-0.832175,1,54.8295,470768,outside_own_roche_hot_not_broken
300,1901,1,belt_rock,4.486598859316946E-06,0.974984,5.4445,-0.717381,1,41.1258,580136,outside_own_roche_hot_not_broken
300,1907,1,belt_rock,2.8453549299963537E-05,0.727135,3.23659,-0.897339,1,68.0097,408828,outside_own_roche_hot_not_broken
300,1920,1,belt_rock,7.605997785744625E-07,0.793678,6.16707,-1.35944,1,90.1119,287392,outside_own_roche_hot_not_broken
300,1936,1,belt_rock,5.967526700139252E-05,0.705736,3.99808,-0.77519,1,48.0066,519468,outside_own_roche_hot_not_broken
300,1941,1,belt_rock,4.164750891839388E-05,0.914196,3.94839,-0.980751,1,75.4861,371252,outside_own_roche_hot_not_broken
300,1947,1,belt_rock,6.772838159879024E-07,0.684956,5.34061,-0.771268,1,47.1944,524839,outside_own_roche_hot_not_broken
300,1954,1,belt_rock,6.698025955086477E-05,0.876574,3.6697,-0.71183,1,37.0542,608005,outside_own_roche_hot_not_broken
300,1966,1,belt_rock,9.860644374558425E-06,0.705501,3.51887,-0.914163,1,66.4114,409567,outside_own_roche_hot_not_broken
300,1975,1,belt_rock,6.433777645222496E-06,0.772254,4.0806,-0.760317,1,47.1863,529136,outside_own_roche_hot_not_broken
300,1980,1,belt_rock,8.939593315858296E-05,0.834288,3.44004,-1.15728,1,82.1154,327152,outside_own_roche_hot_not_broken
300,1982,1,belt_rock,3.794537017416716E-05,0.63254,2.61785,-0.772091,1,50.4712,509209,outside_own_roche_hot_not_broken
300,1994,1,belt_rock,1.4268039005855543E-05,0.777493,3.70478,-0.74508,1,45.7004,542727,outside_own_roche_hot_not_broken
350,2,1,planet,0.8150701593868301,0.833439,3.47551,-1.73839,1,17.5485,364909,outside_own_roche_hot_not_broken
350,29,1,belt_rock,2.4719757426853993E-05,0.947965,4.2699,-0.653488,1,27.4514,716815,outside_own_roche_hot_not_broken
350,34,1,belt_rock,9.363267300218779E-05,0.917708,3.77551,-1.21404,1,113.919,270809,outside_own_roche_hot_not_broken
350,38,1,belt_rock,1.1021391526631291E-05,0.59226,4.23956,-1.06727,1,39.2074,458724,outside_own_roche_hot_not_broken
350,39,1,belt_rock,0.00011998106390312054,0.851029,4.51781,-0.66413,1,32.0189,671198,outside_own_roche_hot_not_broken
350,44,1,belt_rock,6.965488713799063E-06,0.827254,4.32072,-0.718398,1,40.6979,582175,outside_own_roche_hot_not_broken
350,46,1,belt_rock,5.261693167516406E-06,0.954182,2.72535,-0.751274,1,45.9619,538845,outside_own_roche_hot_not_broken
350,63,1,belt_rock,1.11602651350854E-06,0.87695,6.21788,-0.679111,1,29.874,678741,outside_own_roche_hot_not_broken
350,89,1,belt_rock,1.9447634323182094E-06,0.283673,1.83577,-4.32905,1,7.8941,161347,outside_own_roche_hot_not_broken
350,93,1,belt_rock,3.06510603592216E-05,0.812325,3.59394,-1.01718,1,37.2536,481776,outside_own_roche_hot_not_broken
350,94,1,belt_rock,3.791464172776052E-05,0.612114,3.65486,-1.15534,1,83.9356,324059,outside_own_roche_hot_not_broken
350,104,1,belt_rock,3.971913568667692E-05,0.777202,3.36693,-0.704218,1,39.3386,597349,outside_own_roche_hot_not_broken
350,128,1,belt_rock,6.62596637038842E-06,0.486874,2.5692,-1.10343,1,57.0432,393289,outside_own_roche_hot_not_broken
350,136,1,belt_rock,5.400980043346332E-06,0.854086,4.63335,-0.694088,1,35.0302,631115,outside_own_roche_hot_not_broken
350,145,1,belt_rock,2.911124883697746E-06,0.845515,5.08332,-0.695692,1,33.7836,639006,outside_own_roche_hot_not_broken
350,150,1,belt_rock,6.700850686487743E-07,0.895489,6.99669,-0.692253,1,33.0788,646084,outside_own_roche_hot_not_broken
350,161,1,belt_rock,1.3024645498304806E-05,0.950745,4.5824,-1.01916,1,63.1685,394966,outside_own_roche_hot_not_broken
350,166,1,belt_rock,3.586487126151925E-06,0.795016,4.60647,-0.685493,1,34.6177,638876,outside_own_roche_hot_not_broken
350,177,1,belt_rock,4.535582331316806E-05,0.989473,5.77915,-0.73724,1,43.9582,555211,outside_own_roche_hot_not_broken
350,190,1,belt_rock,2.3394188082489894E-05,0.96809,4.2152,-0.648216,1,24.8116,745439,outside_own_roche_hot_not_broken
350,197,1,belt_rock,1.487595522297578E-06,0.760186,5.11468,-0.71015,1,39.8814,591064,outside_own_roche_hot_not_broken
350,203,1,belt_rock,2.3726504151572597E-05,0.971872,2.18939,-0.730803,1,41.7883,570080,outside_own_roche_hot_not_broken
350,211,1,belt_rock,7.240430544660192E-05,0.863678,3.38472,-0.665109,1,30.1413,685686,outside_own_roche_hot_not_broken
350,212,1,belt_rock,6.566931872251E-07,0.760894,5.9685,-0.718869,1,43.2777,567056,outside_own_roche_hot_not_broken
350,219,1,belt_rock,5.11870546070562E-06,0.889558,4.86718,-0.708358,1,37.9201,604216,outside_own_roche_hot_not_broken
350,242,1,belt_rock,2.523738327348692E-06,0.877014,8.25027,-0.695213,1,32.7831,646515,outside_own_roche_hot_not_broken
350,259,1,belt_rock,1.2263857490121185E-05,0.846438,4.10463,-0.687265,1,33.3259,647196,outside_own_roche_hot_not_broken
350,265,1,belt_rock,1.582276039482607E-06,0.934891,6.22122,-0.659656,1,25.517,730009,outside_own_roche_hot_not_broken
350,329,1,belt_rock,0.00012525180328705775,0.829094,3.3658,-0.709036,1,37.1099,609084,outside_own_roche_hot_not_broken
350,350,1,belt_rock,7.294135930532069E-05,0.581826,2.42487,-1.13951,1,76.3745,341134,outside_own_roche_hot_not_broken
350,358,1,belt_rock,1.4986673529084448E-06,0.831054,8.66537,-0.667496,1,33.3518,658802,outside_own_roche_hot_not_broken
350,375,1,belt_rock,8.017452124624617E-05,0.876479,3.63306,-0.670759,1,28.7607,693412,outside_own_roche_hot_not_broken
350,403,1,belt_rock,1.6097798397137784E-06,0.747483,7.68292,-0.706967,1,41.1661,584834,outside_own_roche_hot_not_broken
350,432,1,belt_rock,6.680547538572403E-07,0.889286,6.95233,-1.01741,1,54.3274,421101,outside_own_roche_hot_not_broken
350,464,1,belt_rock,0.00010667959372088253,0.739637,3.02342,-0.697815,1,40.1772,595318,outside_own_roche_hot_not_broken
350,492,1,belt_rock,1.3226425832453694E-06,0.61218,4.20721,-1.09725,1,43.736,434562,outside_own_roche_hot_not_broken
350,507,1,belt_rock,8.491019954531664E-07,0.989483,7.52026,-0.649978,1,29.3294,702737,outside_own_roche_hot_not_broken
350,508,1,belt_rock,3.7302525994614356E-05,0.912464,3.97203,-0.701677,1,35.8043,621633,outside_own_roche_hot_not_broken
350,511,1,belt_rock,8.473125613025931E-05,0.870679,4.76366,-0.743767,1,44.832,547783,outside_own_roche_hot_not_broken
350,514,1,belt_rock,2.115951315924581E-06,0.810129,5.12482,-1.19133,1,87.217,313122,outside_own_roche_hot_not_broken
350,524,1,belt_rock,9.604654164338964E-05,0.90214,3.7059,-0.733042,1,42.0364,567661,outside_own_roche_hot_not_broken
350,537,1,belt_rock,1.3036827955600053E-05,0.787034,3.78845,-0.689197,1,35.4545,630885,outside_own_roche_hot_not_broken
350,538,1,belt_rock,6.569448769827544E-07,0.464432,3.64276,-1.09897,1,71.904,357599,outside_own_roche_hot_not_broken
350,579,1,belt_rock,3.6327168605900935E-05,0.771751,3.36576,-0.6909,1,36.0932,625533,outside_own_roche_hot_not_broken
350,603,1,belt_rock,4.168297972225906E-06,0.810914,4.56383,-0.683106,1,33.1157,651199,outside_own_roche_hot_not_broken
350,607,1,belt_rock,2.7172843853709414E-06,0.828131,5.02426,-1.03923,1,72.5956,366985,outside_own_roche_hot_not_broken
350,610,1,belt_rock,6.187371765808272E-05,0.771667,3.24528,-0.683324,1,36.4977,626917,outside_own_roche_hot_not_broken
350,614,1,belt_rock,5.650293830965371E-06,0.810997,4.37875,-1.03835,1,69.5472,374485,outside_own_roche_hot_not_broken
350,615,1,belt_rock,4.0330174319880445E-05,0.490352,2.12312,-1.0937,1,56.8764,395865,outside_own_roche_hot_not_broken
350,638,1,belt_rock,5.309885447692337E-05,0.799294,3.39497,-1.03361,1,52.1256,423931,outside_own_roche_hot_not_broken
350,640,1,belt_rock,6.659154956500555E-07,0.659816,8.12845,-1.04963,1,41.605,455120,outside_own_roche_hot_not_broken
350,653,1,belt_rock,7.526053552981611E-05,0.88811,4.91341,-0.661811,1,32.4197,669505,outside_own_roche_hot_not_broken
350,665,1,belt_rock,3.471781708639984E-05,0.976424,5.89116,-0.745294,1,42.7731,558144,outside_own_roche_hot_not_broken
350,672,1,belt_rock,8.42775082612278E-05,0.434974,2.38168,-1.10626,1,72.2813,355462,outside_own_roche_hot_not_broken
350,704,1,belt_rock,0.00011865581926903092,0.963495,5.11985,-0.779449,1,52.2287,498775,outside_own_roche_hot_not_broken
350,710,1,belt_rock,1.614774210820879E-05,0.891951,4.19256,-0.67645,1,30.001,679434,outside_own_roche_hot_not_broken
350,738,1,belt_rock,6.056326407358601E-06,0.873781,4.60673,-0.66366,1,29.2933,693710,outside_own_roche_hot_not_broken
350,739,1,belt_rock,7.3836420835405E-06,0.977009,5.05719,-0.642383,1,27.3221,726083,outside_own_roche_hot_not_broken
350,744,1,belt_rock,5.963441676946734E-05,0.751181,3.16798,-1.15958,1,58.1737,378641,outside_own_roche_hot_not_broken
350,754,1,belt_rock,3.944070507977821E-05,0.841464,3.46947,-0.737353,1,45.663,546119,outside_own_roche_hot_not_broken
350,756,1,belt_rock,7.133940698881861E-07,0.780599,6.02526,-0.718316,1,41.2589,578906,outside_own_roche_hot_not_broken
350,761,1,belt_rock,0.00011805587077993833,0.812224,3.08331,-0.674075,1,34.2175,648397,outside_own_roche_hot_not_broken
350,762,1,belt_rock,5.228761023098206E-06,0.789906,4.28379,-1.02396,1,42.6008,458988,outside_own_roche_hot_not_broken
350,764,1,belt_rock,6.955996269256479E-05,0.481497,2.01205,-1.10215,1,58.6389,389290,outside_own_roche_hot_not_broken
350,796,1,belt_rock,6.85577897346876E-05,0.380061,1.58942,-1.10966,1,88.9404,321597,outside_own_roche_hot_not_broken
350,797,1,belt_rock,1.7132531292981684E-05,0.782752,3.659,-1.03708,1,60.986,397021,outside_own_roche_hot_not_broken
350,804,1,belt_rock,6.845560813856027E-05,0.846297,3.54008,-1.18909,1,64.1667,358783,outside_own_roche_hot_not_broken
350,807,1,belt_rock,5.702887272086544E-05,0.624979,2.64282,-1.15592,1,94.3989,305834,outside_own_roche_hot_not_broken
350,809,1,belt_rock,5.600919844523897E-06,0.54019,2.92492,-1.1184,1,59.5751,383449,outside_own_roche_hot_not_broken
350,818,1,belt_rock,7.981140050761311E-07,0.889444,6.71846,-0.726251,1,42.5753,567686,outside_own_roche_hot_not_broken
350,830,1,belt_rock,7.849494695636164E-05,0.505672,2.09901,-1.08658,1,57.1786,396599,outside_own_roche_hot_not_broken
350,839,1,belt_rock,2.289446660935923E-05,0.825181,3.74407,-0.702337,1,36.3838,617387,outside_own_roche_hot_not_broken
350,840,1,belt_rock,2.489537581427059E-05,0.830297,3.59003,-0.688857,1,32.5178,652224,outside_own_roche_hot_not_broken
350,861,1,belt_rock,9.675546798348637E-07,0.838222,6.10401,-0.712368,1,38.1467,600739,outside_own_roche_hot_not_broken
350,868,1,belt_rock,8.917864153292904E-06,0.582427,4.32237,-1.07676,1,59.3613,392793,outside_own_roche_hot_not_broken
350,899,1,belt_rock,1.312331850658831E-06,0.421666,2.90203,-1.10934,1,77.0346,344742,outside_own_roche_hot_not_broken
350,906,1,belt_rock,2.2837145817206435E-05,0.846122,3.69705,-1.02554,1,49.9629,432949,outside_own_roche_hot_not_broken
350,922,1,belt_rock,3.218767067705556E-06,0.807987,4.77219,-0.702322,1,36.8853,614068,outside_own_roche_hot_not_broken
350,929,1,belt_rock,1.813812595870774E-06,0.838779,5.44898,-0.676808,1,31.1814,669807,outside_own_roche_hot_not_broken
350,934,1,belt_rock,4.5149665654366586E-05,0.847447,4.95195,-0.725412,1,40.118,582287,outside_own_roche_hot_not_broken
350,953,1,belt_rock,9.629902295407514E-05,0.88295,3.62661,-0.757143,1,46.2437,535055,outside_own_roche_hot_not_broken
350,988,1,belt_rock,9.968858215165637E-05,0.825355,3.38549,-1.18551,1,67.3024,352479,outside_own_roche_hot_not_broken
350,996,1,belt_rock,9.671140290286834E-05,0.854695,4.6203,-0.664035,1,31.491,675445,outside_own_roche_hot_not_broken
350,1003,1,belt_rock,6.641968612579456E-07,0.491473,6.05786,-2.22467,1,14.6449,296711,outside_own_roche_hot_not_broken
350,1005,1,belt_rock,8.637437983213775E-07,0.896008,6.66658,-1.18334,1,57.8231,374792,outside_own_roche_hot_not_broken
350,1007,1,belt_rock,3.3115050571296646E-05,0.495044,2.17618,-1.09122,1,81.8909,337801,outside_own_roche_hot_not_broken
350,1013,1,belt_rock,9.36852339477434E-06,0.762389,3.83075,-1.02618,1,39.0737,471677,outside_own_roche_hot_not_broken
350,1039,1,belt_rock,1.4902153064625616E-05,0.592169,4.034,-1.06553,1,44.3743,440931,outside_own_roche_hot_not_broken
350,1062,1,belt_rock,1.3771057314427694E-06,0.887901,6.0576,-0.707843,1,34.5698,626686,outside_own_roche_hot_not_broken
350,1086,1,belt_rock,6.620068730487008E-07,0.951974,7.60806,-0.740456,1,42.5893,561273,outside_own_roche_hot_not_broken
350,1087,1,belt_rock,0.00011050098932837874,0.80152,3.27133,-0.730409,1,42.6227,565551,outside_own_roche_hot_not_broken
350,1098,1,belt_rock,1.883857758626955E-05,0.459715,2.12851,-1.10906,1,63.4634,375534,outside_own_roche_hot_not_broken
350,1119,1,belt_rock,6.608765001275766E-07,0.938176,7.35001,-0.995119,1,34.955,498863,outside_own_roche_hot_not_broken
350,1132,1,belt_rock,8.230863680180347E-07,0.882963,10.4072,-0.678271,1,30.8865,671207,outside_own_roche_hot_not_broken
350,1138,1,belt_rock,1.3301076109901263E-05,0.419856,2.01959,-1.11003,1,74.5137,349947,outside_own_roche_hot_not_broken
350,1153,1,belt_rock,8.621506956892179E-05,0.744367,3.07509,-1.12804,1,44.7671,423317,outside_own_roche_hot_not_broken
350,1171,1,belt_rock,3.812154259163373E-05,0.910905,3.76815,-0.733038,1,40.5402,576227,outside_own_roche_hot_not_broken
350,1177,1,belt_rock,6.569764214704718E-07,0.75373,5.91181,-0.694471,1,37.697,612859,outside_own_roche_hot_not_broken
350,1216,1,belt_rock,5.357541163999251E-06,0.775049,4.20653,-0.682083,1,36.2508,629306,outside_own_roche_hot_not_broken
350,1219,1,belt_rock,2.551433884531027E-05,0.864086,3.8808,-0.668646,1,32.688,663173,outside_own_roche_hot_not_broken
350,1220,1,belt_rock,1.2091146342930153E-06,0.490944,3.42984,-1.13327,1,83.5134,328129,outside_own_roche_hot_not_broken
350,1224,1,belt_rock,2.0804853927468405E-05,0.952158,4.36332,-1.01196,1,48.5942,441154,outside_own_roche_hot_not_broken
350,1238,1,belt_rock,4.377380235917646E-06,0.874656,4.90721,-0.725675,1,39.903,583440,outside_own_roche_hot_not_broken
350,1250,1,belt_rock,9.772943806356989E-05,0.779045,2.9922,-1.18998,1,91.5356,306061,outside_own_roche_hot_not_broken
350,1263,1,belt_rock,3.3062155481458894E-05,0.837894,5.08549,-0.666422,1,33.1294,661151,outside_own_roche_hot_not_broken
350,1277,1,belt_rock,2.0641378376823398E-05,0.468748,2.07329,-1.11274,1,68.4498,362942,outside_own_roche_hot_not_broken
350,1281,1,belt_rock,3.5793218281960345E-06,0.886993,5.14818,-0.686605,1,31.4786,661428,outside_own_roche_hot_not_broken
350,1298,1,belt_rock,1.2262131942111052E-06,0.937014,10.1751,-0.653032,1,25.6253,733962,outside_own_roche_hot_not_broken
350,1310,1,belt_rock,6.57392693100624E-07,0.808688,9.98936,-1.03568,1,59.5401,401363,outside_own_roche_hot_not_broken
350,1311,1,belt_rock,3.07529357563284E-05,0.766103,3.38615,-0.706951,1,38.1176,603673,outside_own_roche_hot_not_broken
350,1312,1,belt_rock,4.953047568209296E-05,0.794396,3.38843,-0.707087,1,37.5334,607352,outside_own_roche_hot_not_broken
350,1320,1,belt_rock,1.9502554120553218E-05,0.801362,3.69307,-0.724695,1,42.9998,565999,outside_own_roche_hot_not_broken
350,1330,1,belt_rock,4.88126566803689E-05,0.82516,3.52312,-0.69039,1,34.9443,633786,outside_own_roche_hot_not_broken
350,1333,1,belt_rock,7.986154280475739E-05,0.901982,3.73967,-0.751782,1,49.1208,523067,outside_own_roche_hot_not_broken
350,1338,1,belt_rock,5.937082442777558E-05,0.486802,2.05327,-1.09413,1,62.7994,380178,outside_own_roche_hot_not_broken
350,1345,1,belt_rock,6.38062925384163E-05,0.426216,1.78991,-1.10724,1,75.5806,348149,outside_own_roche_hot_not_broken
350,1347,1,belt_rock,0.00010790258446132883,0.805337,3.2904,-0.73575,1,44.384,553562,outside_own_roche_hot_not_broken
350,1355,1,belt_rock,8.22811858779635E-05,0.852722,1.67828,-0.733066,1,45.1149,550809,outside_own_roche_hot_not_broken
350,1395,1,belt_rock,2.7279062147012035E-05,0.883327,3.78121,-0.763169,1,49.6343,516335,outside_own_roche_hot_not_broken
350,1403,1,belt_rock,1.0336419449546872E-05,0.851753,4.22825,-1.20219,1,86.7487,312436,outside_own_roche_hot_not_broken
350,1408,1,belt_rock,6.724761594833252E-07,0.885503,6.91386,-1.00991,1,38.2317,480170,outside_own_roche_hot_not_broken
350,1445,1,belt_rock,1.8156750496775532E-05,0.519154,2.41224,-1.08182,1,76.3572,350835,outside_own_roche_hot_not_broken
350,1448,1,belt_rock,6.0569389819862366E-05,0.970478,4.08717,-0.788814,1,51.2531,499763,outside_own_roche_hot_not_broken
350,1455,1,belt_rock,6.160052900240057E-05,0.981939,4.131,-0.653092,1,23.0842,758673,outside_own_roche_hot_not_broken
350,1464,1,belt_rock,6.78474482184845E-07,0.917339,7.15006,-0.759323,1,45.823,536292,outside_own_roche_hot_not_broken
350,1479,1,belt_rock,2.6647602801082736E-05,0.86809,3.72748,-1.02274,1,45.3677,449355,outside_own_roche_hot_not_broken
350,1485,1,belt_rock,2.501537933445565E-06,0.705909,4.34152,-1.16824,1,83.3097,323315,outside_own_roche_hot_not_broken
350,1486,1,belt_rock,0.00012044368057620707,0.912293,3.70966,-0.760043,1,49.6253,517546,outside_own_roche_hot_not_broken
350,1499,1,belt_rock,8.180009856267662E-06,0.989684,5.05001,-0.644945,1,29.2343,707066,outside_own_roche_hot_not_broken
350,1501,1,belt_rock,2.3666981552968807E-06,0.38564,2.39379,-1.11323,1,86.2105,326082,outside_own_roche_hot_not_broken
350,1517,1,belt_rock,7.473831491356644E-05,0.853107,3.5496,-0.721573,1,38.7619,592324,outside_own_roche_hot_not_broken
350,1522,1,belt_rock,5.201450869522759E-05,0.497149,2.11461,-1.09116,1,60.6066,386425,outside_own_roche_hot_not_broken
350,1565,1,belt_rock,1.0951948596902604E-05,0.743813,3.65602,-0.703908,1,38.8859,600345,outside_own_roche_hot_not_broken
350,1570,1,belt_rock,6.599173965356059E-07,0.598223,4.68802,-1.0722,1,38.7292,459032,outside_own_roche_hot_not_broken
350,1573,1,belt_rock,0.00010933804792976136,0.508959,2.07863,-1.09216,1,73.942,354288,outside_own_roche_hot_not_broken
350,1597,1,belt_rock,7.277415759858875E-06,0.842368,6.46985,-0.715971,1,41.3287,579597,outside_own_roche_hot_not_broken
350,1623,1,belt_rock,0.0001288837005130319,0.801831,3.25124,-0.687706,1,34.4359,638910,outside_own_roche_hot_not_broken
350,1625,1,belt_rock,6.789067757934015E-05,0.795339,4.44696,-1.04371,1,72.7705,365732,outside_own_roche_hot_not_broken
350,1642,1,belt_rock,0.00011263299426646068,0.805674,1.5462,-0.686714,1,35.8818,629296,outside_own_roche_hot_not_broken
350,1649,1,belt_rock,0.0001131309544627968,0.673123,2.7452,-1.13796,1,52.3078,398703,outside_own_roche_hot_not_broken
350,1679,1,belt_rock,9.380250515967634E-05,0.860268,3.53864,-0.999795,1,31.5646,512352,outside_own_roche_hot_not_broken
350,1683,1,belt_rock,9.37186776526829E-05,0.581337,2.39155,-1.11041,1,49.246,413909,outside_own_roche_hot_not_broken
350,1717,1,belt_rock,8.76194721247026E-05,0.954706,3.94027,-0.989202,1,33.5516,507171,outside_own_roche_hot_not_broken
350,1739,1,belt_rock,9.52010787032452E-05,0.766846,3.15136,-0.732887,1,44.7104,553041,outside_own_roche_hot_not_broken
350,1753,1,belt_rock,6.241632068387203E-05,0.729276,3.06643,-1.05145,1,70.9147,368649,outside_own_roche_hot_not_broken
350,1780,1,belt_rock,0.00012735572462583146,0.885577,3.59245,-0.660851,1,31.2053,679787,outside_own_roche_hot_not_broken
350,1794,1,belt_rock,8.335811318711791E-07,0.772125,5.78394,-0.700927,1,38.0343,607299,outside_own_roche_hot_not_broken
350,1795,1,belt_rock,6.566667308472614E-07,0.636513,5.09532,-1.15268,1,74.4695,342877,outside_own_roche_hot_not_broken
350,1800,1,belt_rock,2.4722625895541677E-06,0.645586,3.99711,-1.15816,1,102.217,293283,outside_own_roche_hot_not_broken
350,1802,1,belt_rock,4.420959277904999E-05,0.698593,3.00507,-1.1473,1,58.2454,380938,outside_own_roche_hot_not_broken
350,1807,1,belt_rock,3.4249918159041645E-05,0.601082,2.51426,-1.12258,1,52.5756,401398,outside_own_roche_hot_not_broken
350,1826,1,belt_rock,5.70382678004636E-05,0.880981,5.01493,-0.736632,1,42.2617,564786,outside_own_roche_hot_not_broken
350,1830,1,belt_rock,6.472560252373216E-05,0.825787,3.26362,-0.725227,1,42.3941,569174,outside_own_roche_hot_not_broken
350,1835,1,belt_rock,5.600599093037584E-05,0.495034,2.09567,-1.09264,1,55.7018,399350,outside_own_roche_hot_not_broken
350,1845,1,belt_rock,0.0001270215715298655,0.887188,1.68775,-0.662178,1,30.2635,686612,outside_own_roche_hot_not_broken
350,1850,1,belt_rock,0.0001097162832545768,0.975902,5.21923,-0.770376,1,53.1034,498128,outside_own_roche_hot_not_broken
350,1863,1,belt_rock,8.665744045728343E-05,0.752206,2.91199,-1.17652,1,69.1195,350108,outside_own_roche_hot_not_broken
350,1872,1,belt_rock,3.432184835916248E-05,0.855583,3.74771,-0.665057,1,32.7413,664977,outside_own_roche_hot_not_broken
350,1873,1,belt_rock,5.668307244797223E-05,0.748218,3.16361,-0.694808,1,38.4155,607999,outside_own_roche_hot_not_broken
350,1875,1,belt_rock,6.14996322009509E-05,0.65973,3.72673,-1.05661,1,56.3355,405724,outside_own_roche_hot_not_broken
350,1882,1,belt_rock,1.590713950485052E-05,0.900421,4.2384,-0.66226,1,27.6289,708997,outside_own_roche_hot_not_broken
350,1890,1,belt_rock,6.632279485941831E-07,0.439198,5.41518,-1.10755,1,69.1656,362249,outside_own_roche_hot_not_broken
350,1893,1,belt_rock,2.4611062147050183E-05,0.515902,2.32737,-1.10794,1,56.0586,394986,outside_own_roche_hot_not_broken
350,1901,1,belt_rock,4.486598859316946E-06,0.753751,4.20909,-0.713138,1,41.4653,580127,outside_own_roche_hot_not_broken
350,1936,1,belt_rock,5.967526700139252E-05,0.917943,5.20026,-0.769182,1,48.4871,519461,outside_own_roche_hot_not_broken
350,1947,1,belt_rock,6.772838159879024E-07,0.961144,7.49406,-0.765895,1,47.6241,524832,outside_own_roche_hot_not_broken
350,1954,1,belt_rock,6.698025955086477E-05,0.875653,3.66584,-0.707631,1,37.3903,607995,outside_own_roche_hot_not_broken
350,1975,1,belt_rock,6.433777645222496E-06,0.850559,4.49437,-0.754102,1,47.6835,529128,outside_own_roche_hot_not_broken
350,1980,1,belt_rock,8.939593315858296E-05,0.595743,2.45644,-1.14448,1,83.1393,327148,outside_own_roche_hot_not_broken
350,1994,1,belt_rock,1.4268039005855543E-05,0.866166,4.12731,-0.739245,1,46.1671,542719,outside_own_roche_hot_not_broken
350,1997,1,belt_rock,1.1818933621728792E-05,0.864835,6.10531,-0.664875,1,32.0281,670656,outside_own_roche_hot_not_broken
350,2007,1,belt_rock,4.032760860212176E-05,0.901923,3.90292,-0.65894,1,27.6111,711498,outside_own_roche_hot_not_broken
400,2,1,planet,0.8150701593868301,0.551085,2.29807,-1.73559,1,17.7725,364904,outside_own_roche_hot_not_broken
400,16,1,belt_rock,1.2326635398662286E-05,0.540674,3.79557,-0.987439,1,51.6822,437346,outside_own_roche_hot_not_broken
400,28,1,belt_rock,2.4751342865935246E-05,0.802498,5.06624,-0.935181,1,34.0492,524980,outside_own_roche_hot_not_broken
400,32,1,belt_rock,0.00011625754112287155,0.90363,4.80997,-0.929439,1,50.617,457312,outside_own_roche_hot_not_broken
400,53,1,belt_rock,9.924819245770942E-06,0.928498,4.61837,-0.640657,1,29.7,705985,outside_own_roche_hot_not_broken
400,61,1,belt_rock,5.029390807611366E-05,0.657876,2.80387,-0.959025,1,52.374,442703,outside_own_roche_hot_not_broken
400,89,1,belt_rock,1.9447634323182094E-06,0.301473,1.95096,-4.34071,1,6.96052,161345,outside_own_roche_hot_not_broken
400,93,1,belt_rock,3.06510603592216E-05,0.737932,3.2648,-1.01104,1,37.7441,481770,outside_own_roche_hot_not_broken
400,161,1,belt_rock,1.3024645498304806E-05,0.535447,2.58075,-1.0098,1,63.9176,394960,outside_own_roche_hot_not_broken
400,181,1,belt_rock,1.4461918151408038E-05,0.990046,4.70816,-0.64192,1,26.8108,731167,outside_own_roche_hot_not_broken
400,188,1,belt_rock,5.329425686639111E-05,0.696936,2.95918,-0.952823,1,41.8077,484195,outside_own_roche_hot_not_broken
400,261,1,belt_rock,6.86379976415117E-07,0.865635,6.86741,-0.926528,1,36.093,518542,outside_own_roche_hot_not_broken
400,338,1,belt_rock,2.2679149767573066E-05,0.754034,3.42645,-0.94218,1,29.7456,543676,outside_own_roche_hot_not_broken
400,361,1,belt_rock,1.7913641842768234E-05,0.853776,3.97118,-0.928494,1,36.9396,513861,outside_own_roche_hot_not_broken
400,416,1,belt_rock,6.204326084543968E-07,0.966965,4.31362,-0.632456,1,27.3096,733591,outside_own_roche_hot_not_broken
400,432,1,belt_rock,6.680547538572403E-07,0.603918,4.72135,-1.00892,1,55.0066,421096,outside_own_roche_hot_not_broken
400,487,1,belt_rock,2.208146258834928E-06,0.951067,6.01146,-0.634688,1,27.2893,732104,outside_own_roche_hot_not_broken
400,507,1,belt_rock,8.491019954531664E-07,0.957779,7.2793,-0.64743,1,29.5336,702726,outside_own_roche_hot_not_broken
400,510,1,belt_rock,0.0001214564872671588,0.846173,3.20734,-0.931754,1,37.2851,511076,outside_own_roche_hot_not_broken
400,538,1,belt_rock,6.569448769827544E-07,0.999049,7.83602,-1.08855,1,72.738,357594,outside_own_roche_hot_not_broken
400,541,1,belt_rock,5.907572724691388E-05,0.734505,2.92421,-0.949417,1,39.8984,493313,outside_own_roche_hot_not_broken
400,542,1,belt_rock,6.974451943119302E-05,0.835562,3.49043,-0.937215,1,40.2233,496103,outside_own_roche_hot_not_broken
400,551,1,belt_rock,1.5217619224404696E-05,0.656503,3.10789,-0.961102,1,44.5046,470796,outside_own_roche_hot_not_broken
400,568,1,belt_rock,7.161676582395779E-07,0.696492,5.37202,-0.953032,1,34.7068,515111,outside_own_roche_hot_not_broken
400,607,1,belt_rock,2.7172843853709414E-06,0.626302,3.79976,-1.02793,1,73.5004,366979,outside_own_roche_hot_not_broken
400,612,1,belt_rock,2.2753067746902656E-06,0.74054,4.62729,-0.947078,1,30.3262,538693,outside_own_roche_hot_not_broken
400,614,1,belt_rock,5.650293830965371E-06,0.644587,3.48026,-1.02744,1,70.4196,374479,outside_own_roche_hot_not_broken
400,638,1,belt_rock,5.309885447692337E-05,0.68134,2.89396,-1.02494,1,52.8192,423926,outside_own_roche_hot_not_broken
400,640,1,belt_rock,6.659154956500555E-07,0.861965,10.6188,-1.04295,1,42.1398,455113,outside_own_roche_hot_not_broken
400,651,1,belt_rock,7.413041658018244E-05,0.559848,2.3309,-0.994733,1,48.2918,446947,outside_own_roche_hot_not_broken
400,653,1,belt_rock,7.526053552981611E-05,0.993229,5.49497,-0.658858,1,32.6561,669495,outside_own_roche_hot_not_broken
400,677,1,belt_rock,1.9139381041712634E-06,0.682242,6.77495,-0.959691,1,36.2675,505572,outside_own_roche_hot_not_broken
400,721,1,belt_rock,3.3365585053430035E-05,0.735188,3.22965,-0.950316,1,30.2536,537748,outside_own_roche_hot_not_broken
400,762,1,belt_rock,5.228761023098206E-06,0.726508,3.93998,-1.01681,1,43.1727,458982,outside_own_roche_hot_not_broken
400,793,1,belt_rock,9.424353029916942E-06,0.993921,4.98448,-0.908202,1,39.032,511704,outside_own_roche_hot_not_broken
400,797,1,belt_rock,1.7132531292981684E-05,0.67962,3.1769,-1.0272,1,61.7763,397016,outside_own_roche_hot_not_broken
400,830,1,belt_rock,7.849494695636164E-05,0.998014,4.14268,-1.08001,1,57.7046,396593,outside_own_roche_hot_not_broken
400,868,1,belt_rock,8.917864153292904E-06,0.879905,6.53005,-1.06698,1,60.1434,392787,outside_own_roche_hot_not_broken
400,900,1,belt_rock,1.0796437951920822E-06,0.173149,1.23527,-1.86621,1,294.599,128749,outside_own_roche_hot_not_broken
400,906,1,belt_rock,2.2837145817206435E-05,0.648922,2.8354,-1.01742,1,50.6123,432943,outside_own_roche_hot_not_broken
400,908,1,belt_rock,0.00010972241820094588,0.809211,3.30407,-0.944182,1,49.0611,458694,outside_own_roche_hot_not_broken
400,923,1,belt_rock,5.045014996196998E-05,0.968848,4.12861,-0.91007,1,27.6271,569050,outside_own_roche_hot_not_broken
400,965,1,belt_rock,3.544193844069842E-05,0.967776,4.2281,-0.624646,1,25.5792,756460,outside_own_roche_hot_not_broken
400,973,1,belt_rock,6.567553000252864E-07,0.520327,4.0814,-0.989884,1,56.5592,421004,outside_own_roche_hot_not_broken
400,1003,1,belt_rock,6.641968612579456E-07,0.785728,9.68483,-2.22705,1,14.4542,296708,outside_own_roche_hot_not_broken
400,1007,1,belt_rock,3.3115050571296646E-05,0.950154,4.1768,-1.07746,1,82.9918,337796,outside_own_roche_hot_not_broken
400,1013,1,belt_rock,9.36852339477434E-06,0.770057,3.86927,-1.01959,1,39.6008,471670,outside_own_roche_hot_not_broken
400,1039,1,belt_rock,1.4902153064625616E-05,0.93721,6.38451,-1.05952,1,44.8556,440924,outside_own_roche_hot_not_broken
400,1108,1,belt_rock,7.406120524284268E-05,0.73699,1.46398,-0.948065,1,45.1407,472379,outside_own_roche_hot_not_broken
400,1119,1,belt_rock,6.608765001275766E-07,0.676058,5.29648,-0.99069,1,35.3092,498857,outside_own_roche_hot_not_broken
400,1150,1,belt_rock,4.112951772181824E-06,0.555818,3.15798,-0.983181,1,49.9425,444421,outside_own_roche_hot_not_broken
400,1155,1,belt_rock,5.734627957392281E-05,0.981975,4.1487,-0.638742,1,26.5232,736272,outside_own_roche_hot_not_broken
400,1224,1,belt_rock,2.0804853927468405E-05,0.584212,2.67719,-1.00562,1,49.1016,441148,outside_own_roche_hot_not_broken
400,1244,1,belt_rock,6.834052236094362E-05,0.628695,2.62943,-0.971899,1,42.5033,475249,outside_own_roche_hot_not_broken
400,1258,1,belt_rock,1.1814356734940736E-06,0.921337,10.0809,-0.926113,1,38.1102,509373,outside_own_roche_hot_not_broken
400,1310,1,belt_rock,6.57392693100624E-07,0.657272,8.11899,-1.02598,1,60.3166,401358,outside_own_roche_hot_not_broken
400,1314,1,belt_rock,6.449832857160362E-05,0.961574,4.03373,-0.628995,1,26.277,746132,outside_own_roche_hot_not_broken
400,1338,1,belt_rock,5.937082442777558E-05,0.997566,4.20762,-1.08616,1,63.4372,380172,outside_own_roche_hot_not_broken
400,1342,1,belt_rock,3.1990054360684496E-06,0.565859,3.34573,-0.989245,1,47.5353,451165,outside_own_roche_hot_not_broken
400,1349,1,belt_rock,3.557813549754691E-05,0.745058,4.48255,-0.950159,1,38.1062,500804,outside_own_roche_hot_not_broken
400,1380,1,belt_rock,1.291927664251079E-05,0.882781,4.25809,-0.926249,1,33.7486,529921,outside_own_roche_hot_not_broken
400,1393,1,belt_rock,0.00010161800003068023,0.938242,5.04987,-0.631606,1,28.2583,725392,outside_own_roche_hot_not_broken
400,1408,1,belt_rock,6.724761594833252E-07,0.678192,5.29521,-1.0042,1,38.6883,480164,outside_own_roche_hot_not_broken
400,1411,1,belt_rock,0.00012568273917686705,0.616123,2.50112,-0.969879,1,45.5246,464211,outside_own_roche_hot_not_broken
400,1445,1,belt_rock,1.8156750496775532E-05,0.92925,4.31774,-1.06918,1,77.3688,350830,outside_own_roche_hot_not_broken
400,1451,1,belt_rock,6.708441784602077E-05,0.867613,3.63236,-0.932417,1,39.6863,500100,outside_own_roche_hot_not_broken
400,1479,1,belt_rock,2.6647602801082736E-05,0.649141,2.78734,-1.01558,1,45.9401,449349,outside_own_roche_hot_not_broken
400,1494,1,belt_rock,6.599418822007003E-07,0.881961,6.9115,-0.927025,1,44.2929,482473,outside_own_roche_hot_not_broken
400,1499,1,belt_rock,8.180009856267662E-06,0.965481,4.92651,-0.642432,1,29.4356,707054,outside_own_roche_hot_not_broken
400,1506,1,belt_rock,2.7984732763033035E-06,0.911425,5.5031,-0.924404,1,34.1793,528534,outside_own_roche_hot_not_broken
400,1513,1,belt_rock,1.7064281298281216E-05,0.836395,3.90995,-0.934944,1,45.6854,474359,outside_own_roche_hot_not_broken
400,1522,1,belt_rock,5.201450869522759E-05,0.990852,4.21457,-1.08344,1,61.2248,386419,outside_own_roche_hot_not_broken
400,1551,1,belt_rock,2.2403898880474616E-05,0.649316,2.95399,-0.96688,1,37.954,495655,outside_own_roche_hot_not_broken
400,1573,1,belt_rock,0.00010933804792976136,0.9399,3.83863,-1.07992,1,74.9216,354283,outside_own_roche_hot_not_broken
400,1581,1,belt_rock,0.00011512051540402504,0.834951,4.44822,-0.930435,1,31.2847,540593,outside_own_roche_hot_not_broken
400,1625,1,belt_rock,6.789067757934015E-05,0.657623,3.67695,-1.03255,1,73.6641,365727,outside_own_roche_hot_not_broken
400,1637,1,belt_rock,4.0610954655918444E-05,0.651998,2.68165,-0.966166,1,40.3534,485787,outside_own_roche_hot_not_broken
400,1679,1,belt_rock,9.380250515967634E-05,0.749132,3.08149,-0.994967,1,31.9509,512346,outside_own_roche_hot_not_broken
400,1709,1,belt_rock,8.8443259906132E-07,0.943442,10.9556,-0.634784,1,28.1989,723602,outside_own_roche_hot_not_broken
400,1715,1,belt_rock,3.2416132718824174E-05,0.592474,2.60874,-0.983167,1,43.068,469525,outside_own_roche_hot_not_broken
400,1717,1,belt_rock,8.76194721247026E-05,0.681941,2.81451,-0.985238,1,33.8686,507165,outside_own_roche_hot_not_broken
400,1743,1,belt_rock,1.0458561462361684E-06,0.674434,4.84013,-0.961108,1,47.6396,458942,outside_own_roche_hot_not_broken
400,1753,1,belt_rock,6.241632068387203E-05,0.722187,3.03662,-1.04058,1,71.7844,368644,outside_own_roche_hot_not_broken
400,1767,1,belt_rock,6.265320440241188E-06,0.709022,3.76965,-0.960515,1,29.3612,538135,outside_own_roche_hot_not_broken
400,1803,1,belt_rock,4.758476682424609E-05,0.904425,3.6665,-0.926006,1,39.1439,504761,outside_own_roche_hot_not_broken
400,1806,1,belt_rock,1.406228566542807E-06,0.97825,10.3319,-0.629092,1,26.3727,745126,outside_own_roche_hot_not_broken
400,1821,1,belt_rock,0.00013105447116016063,0.573886,2.32574,-0.995109,1,46.0472,454823,outside_own_roche_hot_not_broken
400,1822,1,belt_rock,3.6214741016949315E-05,0.962569,4.20019,-0.919538,1,49.0975,465930,outside_own_roche_hot_not_broken
400,1875,1,belt_rock,6.14996322009509E-05,0.80534,4.54926,-1.04723,1,57.0862,405718,outside_own_roche_hot_not_broken
400,1877,1,belt_rock,3.550335602875593E-05,0.710366,3.10513,-0.951156,1,32.7659,525005,outside_own_roche_hot_not_broken
400,1910,1,belt_rock,4.8176910352455536E-05,0.985074,5.71448,-0.912414,1,33.7427,535446,outside_own_roche_hot_not_broken
400,1981,1,belt_rock,3.8167350633221346E-05,0.623432,2.57927,-0.972273,1,45.4883,463626,outside_own_roche_hot_not_broken
400,2004,1,belt_rock,8.163804929419628E-06,0.995345,5.07859,-0.616071,1,24.2249,777456,outside_own_roche_hot_not_broken
450,2,1,planet,0.8150742723386023,0.880309,3.67096,-1.73492,1,17.8288,364893,outside_own_roche_hot_not_broken
450,14,1,belt_rock,1.6482828131626075E-05,0.708417,3.32377,-0.888971,1,32.6958,550512,outside_own_roche_hot_not_broken
450,28,1,belt_rock,2.4751342865935246E-05,0.818304,5.16602,-0.930083,1,34.4571,524973,outside_own_roche_hot_not_broken
450,32,1,belt_rock,0.00011625754112287155,0.636767,3.38947,-0.92218,1,51.1977,457307,outside_own_roche_hot_not_broken
450,56,1,belt_rock,8.666578338158843E-06,0.893429,4.44813,-0.85085,1,32.1716,570140,outside_own_roche_hot_not_broken
450,61,1,belt_rock,5.029390807611366E-05,0.854552,3.64211,-0.950913,1,53.0232,442697,outside_own_roche_hot_not_broken
450,89,1,belt_rock,1.9447634323182094E-06,0.347336,2.24776,-4.33884,1,7.11079,161343,outside_own_roche_hot_not_broken
450,173,1,belt_rock,2.8768110116398428E-05,0.968035,4.30352,-0.840875,1,31.1787,580512,outside_own_roche_hot_not_broken
450,188,1,belt_rock,5.329425686639111E-05,0.866549,3.67935,-0.946563,1,42.3088,484188,outside_own_roche_hot_not_broken
450,202,1,belt_rock,1.7572654544806803E-06,0.785529,7.93393,-0.866048,1,35.4021,545924,outside_own_roche_hot_not_broken
450,261,1,belt_rock,6.86379976415117E-07,0.749204,5.94372,-0.921309,1,36.5105,518536,outside_own_roche_hot_not_broken
450,277,1,belt_rock,8.325496905340597E-06,0.602579,3.07207,-0.908411,1,47.0765,477252,outside_own_roche_hot_not_broken
450,306,1,belt_rock,0.00011710813134841915,0.880753,3.58596,-0.861155,1,22.2769,626862,outside_own_roche_hot_not_broken
450,338,1,belt_rock,2.2679149767573066E-05,0.928616,4.21978,-0.938417,1,30.0471,543668,outside_own_roche_hot_not_broken
450,339,1,belt_rock,0.0001312834701080259,0.974126,3.94719,-0.83979,1,22.6601,636114,outside_own_roche_hot_not_broken
450,361,1,belt_rock,1.7913641842768234E-05,0.751054,3.49339,-0.923059,1,37.3745,513855,outside_own_roche_hot_not_broken
450,455,1,belt_rock,4.766650301068784E-06,0.995678,5.50977,-0.838002,1,34.0186,565518,outside_own_roche_hot_not_broken
450,495,1,belt_rock,4.636029221887132E-05,0.834456,4.86153,-0.862382,1,33.4655,557806,outside_own_roche_hot_not_broken
450,510,1,belt_rock,0.0001214564872671588,0.752963,2.85404,-0.926206,1,37.729,511070,outside_own_roche_hot_not_broken
450,541,1,belt_rock,5.907572724691388E-05,0.83599,3.32824,-0.943291,1,40.3887,493307,outside_own_roche_hot_not_broken
450,542,1,belt_rock,6.974451943119302E-05,0.738911,3.08669,-0.931099,1,40.7126,496097,outside_own_roche_hot_not_broken
450,551,1,belt_rock,1.5217619224404696E-05,0.897422,4.24841,-0.954669,1,45.0196,470789,outside_own_roche_hot_not_broken
450,554,1,belt_rock,1.1215213674619746E-05,0.786693,3.85933,-0.877606,1,26.2473,592505,outside_own_roche_hot_not_broken
450,556,1,belt_rock,1.2294819836209372E-06,0.978197,6.81297,-1.66798,1,247.718,149940,outside_own_roche_hot_not_broken
450,568,1,belt_rock,7.161676582395779E-07,0.942177,7.26698,-0.948808,1,35.0453,515103,outside_own_roche_hot_not_broken
450,570,1,belt_rock,0.00011640535663719694,0.736223,2.99818,-0.881195,1,37.268,530333,outside_own_roche_hot_not_broken
450,583,1,belt_rock,5.021726248224694E-06,0.651729,3.58007,-0.898697,1,38.9652,515516,outside_own_roche_hot_not_broken
450,612,1,belt_rock,2.2753067746902656E-06,0.937487,5.85792,-0.943332,1,30.6264,538684,outside_own_roche_hot_not_broken
450,657,1,belt_rock,4.461910550187999E-05,0.89797,5.25496,-0.856027,1,30.6457,576534,outside_own_roche_hot_not_broken
450,677,1,belt_rock,1.9139381041712634E-06,0.940165,9.33622,-0.955302,1,36.6196,505561,outside_own_roche_hot_not_broken
450,721,1,belt_rock,3.3365585053430035E-05,0.945683,4.15435,-0.946672,1,30.5455,537739,outside_own_roche_hot_not_broken
450,725,1,belt_rock,1.9461636517486805E-05,0.969988,4.47218,-0.838908,1,26.7689,608752,outside_own_roche_hot_not_broken
450,748,1,belt_rock,6.56830056463787E-07,0.676949,5.41874,-0.886784,1,37.4689,527163,outside_own_roche_hot_not_broken
450,780,1,belt_rock,1.7023275073904924E-05,0.691931,4.61309,-0.891393,1,36.1105,532020,outside_own_roche_hot_not_broken
450,793,1,belt_rock,9.424353029916942E-06,0.66233,3.32156,-0.904294,1,39.3444,511699,outside_own_roche_hot_not_broken
450,858,1,belt_rock,4.356085624201125E-06,0.784993,2.32214,-0.873259,1,26.8821,590747,outside_own_roche_hot_not_broken
450,897,1,belt_rock,6.617702194274802E-07,0.871595,6.96618,-0.852503,1,37.6536,539901,outside_own_roche_hot_not_broken
450,908,1,belt_rock,0.00010972241820094588,0.71462,2.91784,-0.936491,1,49.6765,458688,outside_own_roche_hot_not_broken
450,923,1,belt_rock,5.045014996196998E-05,0.775915,3.30646,-0.906983,1,27.8739,569045,outside_own_roche_hot_not_broken
450,942,1,belt_rock,1.6434755667784452E-05,0.693207,3.25306,-0.883426,1,36.9393,531073,outside_own_roche_hot_not_broken
450,967,1,belt_rock,4.333662951166406E-06,0.982882,5.54289,-1.62912,1,154.473,200667,outside_own_roche_hot_not_broken
450,970,1,belt_rock,5.396334500678071E-05,0.788431,3.34504,-0.89645,1,25.5558,587535,outside_own_roche_hot_not_broken
450,997,1,belt_rock,5.023951928804106E-05,0.760885,4.39267,-0.876819,1,32.9857,554154,outside_own_roche_hot_not_broken
450,1003,1,belt_rock,6.641968612579456E-07,0.747959,9.21929,-2.22956,1,14.2535,296704,outside_own_roche_hot_not_broken
450,1097,1,belt_rock,7.702165657203223E-07,0.991518,7.54087,-0.845597,1,31.6637,575468,outside_own_roche_hot_not_broken
450,1108,1,belt_rock,7.406120524284268E-05,0.801504,1.59213,-0.940956,1,45.7096,472373,outside_own_roche_hot_not_broken
450,1111,1,belt_rock,4.91100840138848E-06,0.679066,3.74463,-0.904588,1,35.6678,529001,outside_own_roche_hot_not_broken
450,1126,1,belt_rock,1.4749354025154826E-05,0.771823,3.66527,-0.869954,1,31.6663,564379,outside_own_roche_hot_not_broken
450,1148,1,belt_rock,1.4679822329642312E-05,0.621817,2.8698,-0.895707,1,42.8935,498913,outside_own_roche_hot_not_broken
450,1217,1,belt_rock,2.845199099165375E-05,0.599339,2.66726,-0.903746,1,46.2233,482190,outside_own_roche_hot_not_broken
450,1225,1,belt_rock,3.3187852085454637E-05,0.844998,3.71307,-0.868787,1,22.337,622285,outside_own_roche_hot_not_broken
450,1244,1,belt_rock,6.834052236094362E-05,0.954826,3.99343,-0.966669,1,42.9221,475242,outside_own_roche_hot_not_broken
450,1258,1,belt_rock,1.1814356734940736E-06,0.695761,7.61277,-0.921115,1,38.51,509367,outside_own_roche_hot_not_broken
450,1273,1,belt_rock,7.141107836139182E-05,0.800028,3.33743,-0.872929,1,28.4502,581481,outside_own_roche_hot_not_broken
450,1335,1,belt_rock,1.9662491704167285E-06,0.935273,5.99138,-0.850177,1,37.7684,540264,outside_own_roche_hot_not_broken
450,1337,1,belt_rock,9.398903653121013E-05,0.693132,2.85041,-0.883246,1,36.1638,535000,outside_own_roche_hot_not_broken
450,1343,1,belt_rock,1.1882956849418542E-06,0.846266,3.26264,-0.863326,1,34.5186,551728,outside_own_roche_hot_not_broken
450,1349,1,belt_rock,3.557813549754691E-05,0.836939,5.03534,-0.944333,1,38.5724,500798,outside_own_roche_hot_not_broken
450,1379,1,belt_rock,1.892038919773968E-05,0.827411,3.69642,-0.864963,1,26.3096,598394,outside_own_roche_hot_not_broken
450,1380,1,belt_rock,1.291927664251079E-05,0.755879,3.64598,-0.921519,1,34.1271,529915,outside_own_roche_hot_not_broken
450,1411,1,belt_rock,0.00012568273917686705,0.948717,3.85127,-0.96406,1,45.9905,464204,outside_own_roche_hot_not_broken
450,1451,1,belt_rock,6.708441784602077E-05,0.718746,3.00911,-0.926606,1,40.1511,500094,outside_own_roche_hot_not_broken
450,1490,1,belt_rock,0.0001145999561379438,0.889878,3.62631,-0.858511,1,34.7691,552446,outside_own_roche_hot_not_broken
450,1494,1,belt_rock,6.599418822007003E-07,0.683216,5.35404,-0.92061,1,44.806,482467,outside_own_roche_hot_not_broken
450,1506,1,belt_rock,2.7984732763033035E-06,0.73356,4.42917,-0.919867,1,34.5422,528528,outside_own_roche_hot_not_broken
450,1513,1,belt_rock,1.7064281298281216E-05,0.709073,3.31475,-0.927945,1,46.2454,474354,outside_own_roche_hot_not_broken
450,1530,1,belt_rock,0.00010158132024388023,0.90503,3.70807,-0.854168,1,33.0212,563868,outside_own_roche_hot_not_broken
450,1551,1,belt_rock,2.2403898880474616E-05,0.97969,4.45699,-0.962901,1,38.2726,495648,outside_own_roche_hot_not_broken
450,1581,1,belt_rock,0.00011512051540402504,0.816983,4.35249,-0.925878,1,31.6493,540587,outside_own_roche_hot_not_broken
450,1584,1,belt_rock,1.2114145495280296E-05,0.955056,6.72011,-0.848623,1,28.1139,595296,outside_own_roche_hot_not_broken
450,1622,1,belt_rock,1.967167102589526E-05,0.839081,3.86518,-0.865447,1,25.8072,601313,outside_own_roche_hot_not_broken
450,1628,1,belt_rock,2.8921587527756106E-06,0.780092,4.68503,-0.876375,1,30.3725,568761,outside_own_roche_hot_not_broken
450,1637,1,belt_rock,4.0610954655918444E-05,0.93929,3.86328,-0.960976,1,40.769,485780,outside_own_roche_hot_not_broken
450,1714,1,belt_rock,2.824129078702953E-06,0.734719,6.76363,-0.878588,1,36.4817,535274,outside_own_roche_hot_not_broken
450,1743,1,belt_rock,1.0458561462361684E-06,0.854622,6.13327,-0.953757,1,48.2279,458936,outside_own_roche_hot_not_broken
450,1791,1,belt_rock,4.521499067988599E-05,0.589796,2.53185,-0.909736,1,49.1283,468804,outside_own_roche_hot_not_broken
450,1803,1,belt_rock,4.758476682424609E-05,0.699247,2.83471,-0.92065,1,39.5724,504755,outside_own_roche_hot_not_broken
450,1822,1,belt_rock,3.6214741016949315E-05,0.610057,2.662,-0.91352,1,49.5787,465926,outside_own_roche_hot_not_broken
450,1877,1,belt_rock,3.550335602875593E-05,0.948678,4.14683,-0.947255,1,33.0785,524997,outside_own_roche_hot_not_broken
450,1909,1,belt_rock,7.085088107455433E-05,0.624406,2.45125,-0.908929,1,43.3843,492259,outside_own_roche_hot_not_broken
450,1910,1,belt_rock,4.8176910352455536E-05,0.706369,4.0977,-0.908925,1,34.0216,535440,outside_own_roche_hot_not_broken
450,1915,1,belt_rock,2.8363238962754064E-05,0.657236,2.92563,-0.890531,1,42.4411,502716,outside_own_roche_hot_not_broken
450,1926,1,belt_rock,6.863947909387181E-07,0.934012,11.4336,-0.844878,1,30.5852,582127,outside_own_roche_hot_not_broken
450,1952,1,belt_rock,6.606311162767822E-05,0.919195,3.85458,-1.62131,1,142.117,210250,outside_own_roche_hot_not_broken
450,1956,1,belt_rock,5.735576047180096E-06,0.735763,3.96051,-0.896251,1,29.8714,562663,outside_own_roche_hot_not_broken
450,1959,1,belt_rock,1.8851506864886237E-06,0.83406,5.38208,-0.859533,1,27.8624,591468,outside_own_roche_hot_not_broken
450,1981,1,belt_rock,3.8167350633221346E-05,0.934381,3.86573,-0.966184,1,45.9757,463620,outside_own_roche_hot_not_broken
450,1991,1,belt_rock,1.1954547176952766E-05,0.744633,3.62486,-0.897344,1,29.4622,564451,outside_own_roche_hot_not_broken
500,52,1,belt_rock,1.8842060779531114E-05,0.263683,1.73566,-1.55268,1,129.736,225043,outside_own_roche_hot_not_broken
500,56,1,belt_rock,8.666578338158843E-06,0.812048,4.04296,-0.846731,1,32.501,570135,outside_own_roche_hot_not_broken
500,89,1,belt_rock,1.9447634323182094E-06,0.377024,2.43988,-4.33391,1,7.50477,161341,outside_own_roche_hot_not_broken
500,109,1,belt_rock,2.456960938733791E-05,0.686956,3.10247,-1.55482,1,145.551,211716,outside_own_roche_hot_not_broken
500,131,1,belt_rock,1.2055591394494105E-06,0.905921,6.33239,-0.796041,1,28.5401,619691,outside_own_roche_hot_not_broken
500,151,1,belt_rock,8.80737237346813E-05,0.387677,2.11506,-1.58353,1,124.238,227761,outside_own_roche_hot_not_broken
500,173,1,belt_rock,2.8768110116398428E-05,0.780965,3.47188,-0.837475,1,31.4504,580507,outside_own_roche_hot_not_broken
500,202,1,belt_rock,1.7572654544806803E-06,0.872505,8.8124,-0.86126,1,35.7853,545918,outside_own_roche_hot_not_broken
500,295,1,belt_rock,2.1704753697564006E-05,0.842515,3.84286,-0.825456,1,24.95,628115,outside_own_roche_hot_not_broken
500,304,1,belt_rock,9.975954360357335E-06,0.290877,2.12264,-1.57977,1,174.202,190130,outside_own_roche_hot_not_broken
500,306,1,belt_rock,0.00011710813134841915,0.98067,3.99277,-0.858768,1,22.4678,626856,outside_own_roche_hot_not_broken
500,330,1,belt_rock,8.965713228249624E-05,0.843002,3.47472,-0.831099,1,24.1388,630609,outside_own_roche_hot_not_broken
500,339,1,belt_rock,0.0001312834701080259,0.897757,3.63774,-0.837366,1,22.8536,636110,outside_own_roche_hot_not_broken
500,381,1,belt_rock,2.0774821337134934E-06,0.28362,2.77129,-1.67613,1,245.404,150595,outside_own_roche_hot_not_broken
500,383,1,belt_rock,3.952775802632738E-06,0.866152,7.46893,-0.802461,1,28.7874,614620,outside_own_roche_hot_not_broken
500,392,1,belt_rock,0.00010339385265950777,0.953333,5.12444,-0.808589,1,17.6433,694154,outside_own_roche_hot_not_broken
500,439,1,belt_rock,1.7629018445710437E-05,0.802456,3.61547,-0.812666,1,30.6493,597412,outside_own_roche_hot_not_broken
500,455,1,belt_rock,4.766650301068784E-06,0.740269,4.09642,-0.834636,1,34.2876,565514,outside_own_roche_hot_not_broken
500,495,1,belt_rock,4.636029221887132E-05,0.842519,4.90851,-0.857855,1,33.8276,557800,outside_own_roche_hot_not_broken
500,506,1,belt_rock,1.7545219170812693E-05,0.973795,6.46266,-0.819043,1,17.1889,690949,outside_own_roche_hot_not_broken
500,520,1,belt_rock,5.3256920606839926E-05,0.999918,4.24532,-0.792926,1,15.9786,719658,outside_own_roche_hot_not_broken
500,556,1,belt_rock,1.2294819836209372E-06,0.486918,3.3913,-1.6452,1,249.541,149938,outside_own_roche_hot_not_broken
500,570,1,belt_rock,0.00011640535663719694,0.904866,3.68495,-0.876287,1,37.6608,530327,outside_own_roche_hot_not_broken
500,605,1,belt_rock,2.4041749778437364E-05,0.901695,4.07926,-1.40915,1,80.8375,295243,outside_own_roche_hot_not_broken
500,657,1,belt_rock,4.461910550187999E-05,0.822442,4.81296,-0.852139,1,30.9566,576529,outside_own_roche_hot_not_broken
500,725,1,belt_rock,1.9461636517486805E-05,0.836294,3.85578,-0.836007,1,27.0007,608747,outside_own_roche_hot_not_broken
500,746,1,belt_rock,3.707360858749081E-05,0.847451,3.69048,-0.801856,1,28.3827,617629,outside_own_roche_hot_not_broken
500,776,1,belt_rock,5.407065716808426E-06,0.722168,3.94353,-1.5602,1,175.31,190420,outside_own_roche_hot_not_broken
500,780,1,belt_rock,1.7023275073904924E-05,0.998167,6.65476,-0.887891,1,36.391,532013,outside_own_roche_hot_not_broken
500,802,1,belt_rock,6.86444772501363E-05,0.748988,3.13115,-0.822207,1,32.0658,584103,outside_own_roche_hot_not_broken
500,876,1,belt_rock,4.137134032490676E-05,0.818057,3.5338,-0.825385,1,25.9462,621351,outside_own_roche_hot_not_broken
500,897,1,belt_rock,6.617702194274802E-07,0.77444,6.18968,-0.847412,1,38.0608,539896,outside_own_roche_hot_not_broken
500,898,1,belt_rock,1.1462926508708358E-05,0.909315,4.46836,-1.41379,1,142.153,223893,outside_own_roche_hot_not_broken
500,928,1,belt_rock,4.499819435898952E-05,0.996214,5.82355,-0.785227,1,21.0695,681268,outside_own_roche_hot_not_broken
500,942,1,belt_rock,1.6434755667784452E-05,0.986851,4.63107,-0.879635,1,37.2428,531066,outside_own_roche_hot_not_broken
500,967,1,belt_rock,4.333662951166406E-06,0.383779,2.16429,-1.59781,1,156.979,200664,outside_own_roche_hot_not_broken
500,997,1,belt_rock,5.023951928804106E-05,0.929822,5.36795,-0.872764,1,33.3102,554148,outside_own_roche_hot_not_broken
500,1003,1,belt_rock,6.641968612579456E-07,0.468264,5.77179,-2.22824,1,14.359,296701,outside_own_roche_hot_not_broken
500,1078,1,belt_rock,9.10255632775755E-06,0.721922,3.63475,-0.832721,1,35.0883,561914,outside_own_roche_hot_not_broken
500,1081,1,belt_rock,3.697895310258282E-05,0.3401,2.03892,-1.57189,1,119.758,232782,outside_own_roche_hot_not_broken
500,1083,1,belt_rock,2.6398126617105643E-06,0.917151,2.98902,-0.822631,1,19.5472,669535,outside_own_roche_hot_not_broken
500,1097,1,belt_rock,7.702165657203223E-07,0.76163,5.79248,-0.842404,1,31.9188,575464,outside_own_roche_hot_not_broken
500,1115,1,belt_rock,7.685439102371505E-07,0.750287,5.7086,-0.836564,1,31.9805,577823,outside_own_roche_hot_not_broken
500,1126,1,belt_rock,1.4749354025154826E-05,0.941118,4.46923,-0.866193,1,31.9674,564373,outside_own_roche_hot_not_broken
500,1143,1,belt_rock,1.2209623118812813E-06,0.597478,4.16665,-1.46682,1,159.209,206650,outside_own_roche_hot_not_broken
500,1161,1,belt_rock,4.6487284144720425E-05,0.703618,2.86052,-1.53534,1,121.618,233795,outside_own_roche_hot_not_broken
500,1186,1,belt_rock,3.912272775255686E-06,0.932561,5.32934,-0.792417,1,24.3978,650976,outside_own_roche_hot_not_broken
500,1201,1,belt_rock,5.881881375868684E-06,0.900407,4.8488,-1.41607,1,77.3027,299861,outside_own_roche_hot_not_broken
500,1212,1,belt_rock,2.0005788744008962E-06,0.781004,4.98824,-0.809874,1,31.1285,595819,outside_own_roche_hot_not_broken
500,1222,1,belt_rock,1.8091206561119412E-05,0.90187,4.1882,-0.79281,1,25.506,642634,outside_own_roche_hot_not_broken
500,1230,1,belt_rock,2.3350651469967306E-06,0.884051,5.49999,-0.798115,1,25.1158,642387,outside_own_roche_hot_not_broken
500,1257,1,belt_rock,8.840500656300798E-06,0.8524,6.32757,-0.83131,1,23.7897,632928,outside_own_roche_hot_not_broken
500,1273,1,belt_rock,7.141107836139182E-05,0.95167,3.97003,-0.869646,1,28.713,581474,outside_own_roche_hot_not_broken
500,1325,1,belt_rock,9.219194837431378E-07,0.795535,5.84625,-1.45485,1,104.087,259214,outside_own_roche_hot_not_broken
500,1335,1,belt_rock,1.9662491704167285E-06,0.729731,4.67468,-0.845592,1,38.1351,540260,outside_own_roche_hot_not_broken
500,1343,1,belt_rock,1.1882956849418542E-06,0.818936,3.15728,-0.858611,1,34.8958,551723,outside_own_roche_hot_not_broken
500,1379,1,belt_rock,1.892038919773968E-05,0.961899,4.29723,-0.862018,1,26.5454,598387,outside_own_roche_hot_not_broken
500,1398,1,belt_rock,1.4870440473304852E-05,0.805985,3.82297,-0.816381,1,28.7618,607511,outside_own_roche_hot_not_broken
500,1421,1,belt_rock,1.571658877790296E-05,0.462269,2.11816,-1.4991,1,86.1219,277359,outside_own_roche_hot_not_broken
500,1428,1,belt_rock,0.00011213249397402534,0.875249,3.57004,-0.807019,1,23.0324,652443,outside_own_roche_hot_not_broken
500,1490,1,belt_rock,0.0001145999561379438,0.782573,3.18903,-0.853945,1,35.1343,552441,outside_own_roche_hot_not_broken
500,1515,1,belt_rock,5.914466330813979E-05,0.798823,3.36907,-0.821659,1,27.4434,613354,outside_own_roche_hot_not_broken
500,1530,1,belt_rock,0.00010158132024388023,0.79167,3.24361,-0.849973,1,33.3566,563863,outside_own_roche_hot_not_broken
500,1584,1,belt_rock,1.2114145495280296E-05,0.819624,5.76716,-0.845443,1,28.368,595291,outside_own_roche_hot_not_broken
500,1594,1,belt_rock,4.469832094023741E-05,0.759809,3.26395,-0.829424,1,31.5473,583752,outside_own_roche_hot_not_broken
500,1621,1,belt_rock,1.0732448800057236E-05,0.94668,2.39454,-0.817775,1,18.5854,680297,outside_own_roche_hot_not_broken
500,1622,1,belt_rock,1.967167102589526E-05,0.953452,4.39202,-0.862499,1,26.0431,601306,outside_own_roche_hot_not_broken
500,1628,1,belt_rock,2.8921587527756106E-06,0.943708,5.66766,-0.872786,1,30.6599,568754,outside_own_roche_hot_not_broken
500,1685,1,belt_rock,1.776224965867709E-05,0.990955,6.57511,-1.39431,1,75.9123,304870,outside_own_roche_hot_not_broken
500,1714,1,belt_rock,2.824129078702953E-06,0.919149,8.46144,-0.873941,1,36.8536,535268,outside_own_roche_hot_not_broken
500,1838,1,belt_rock,4.745002461219935E-05,0.850938,3.45252,-1.41619,1,79.5948,296283,outside_own_roche_hot_not_broken
500,1883,1,belt_rock,6.657343282087218E-07,0.338394,2.64732,-1.56518,1,120.739,232361,outside_own_roche_hot_not_broken
500,1894,1,belt_rock,1.4398197530175788E-05,0.611169,2.8373,-1.47781,1,131.298,229036,outside_own_roche_hot_not_broken
500,1895,1,belt_rock,2.542333325669472E-05,0.897126,3.87032,-0.804414,1,23.2794,652155,outside_own_roche_hot_not_broken
500,1897,1,belt_rock,2.748412464718791E-06,0.965096,8.93084,-0.786483,1,26.7119,637617,outside_own_roche_hot_not_broken
500,1915,1,belt_rock,2.8363238962754064E-05,0.968341,4.3105,-0.885714,1,42.8267,502710,outside_own_roche_hot_not_broken
500,1926,1,belt_rock,6.863947909387181E-07,0.805046,9.85489,-0.841247,1,30.8754,582122,outside_own_roche_hot_not_broken
500,1952,1,belt_rock,6.606311162767822E-05,0.470532,1.97314,-1.59998,1,143.824,210248,outside_own_roche_hot_not_broken
500,1959,1,belt_rock,1.8851506864886237E-06,0.92576,5.9738,-0.856173,1,28.1312,591461,outside_own_roche_hot_not_broken
550,17,1,belt_rock,6.827172754266853E-07,0.394866,3.074,-1.3972,1,100.931,268677,outside_own_roche_hot_not_broken
550,33,1,belt_rock,8.4288352221063E-05,0.962832,3.98053,-0.744635,1,21.7848,702465,outside_own_roche_hot_not_broken
550,89,1,belt_rock,1.9447634323182094E-06,0.374026,2.42048,-4.32912,1,7.88821,161340,outside_own_roche_hot_not_broken
550,99,1,belt_rock,0.00011394564875542001,0.253123,1.03213,-1.5001,1,144.24,216272,outside_own_roche_hot_not_broken
550,109,1,belt_rock,2.456960938733791E-05,0.761767,3.44034,-1.54175,1,146.597,211714,outside_own_roche_hot_not_broken
550,111,1,belt_rock,1.139707520094303E-05,0.876403,4.18671,-0.764064,1,24.3114,668912,outside_own_roche_hot_not_broken
550,131,1,belt_rock,1.2055591394494105E-06,0.89519,6.25738,-0.792791,1,28.8004,619684,outside_own_roche_hot_not_broken
550,151,1,belt_rock,8.80737237346813E-05,0.970541,5.29501,-1.55643,1,126.407,227758,outside_own_roche_hot_not_broken
550,199,1,belt_rock,7.80086165053359E-06,0.514209,3.91888,-1.44334,1,93.6154,273335,outside_own_roche_hot_not_broken
550,244,1,belt_rock,1.936135125523182E-06,0.374252,2.40387,-1.39272,1,79.8291,298826,outside_own_roche_hot_not_broken
550,264,1,belt_rock,1.1450342531930353E-06,0.366042,2.62186,-1.4674,1,97.6622,265744,outside_own_roche_hot_not_broken
550,383,1,belt_rock,3.952775802632738E-06,0.928009,8.00232,-0.799191,1,29.0492,614613,outside_own_roche_hot_not_broken
550,388,1,belt_rock,9.077453292717553E-07,0.402756,4.65187,-1.46503,1,98.0274,265528,outside_own_roche_hot_not_broken
550,390,1,belt_rock,2.7576377582395805E-05,0.349794,1.56354,-1.43203,1,87.7846,282433,outside_own_roche_hot_not_broken
550,412,1,belt_rock,1.2591822255341544E-06,0.988479,6.85454,-0.766378,1,18.2612,718216,outside_own_roche_hot_not_broken
550,439,1,belt_rock,1.7629018445710437E-05,0.975404,4.39469,-0.809448,1,30.9071,597404,outside_own_roche_hot_not_broken
550,526,1,belt_rock,6.954935084349453E-06,0.37532,2.91668,-1.39946,1,96.4078,274276,outside_own_roche_hot_not_broken
550,601,1,belt_rock,1.704057254601463E-05,0.881041,4.12688,-1.40668,1,101.226,267353,outside_own_roche_hot_not_broken
550,605,1,belt_rock,2.4041749778437364E-05,0.471084,2.13118,-1.39332,1,82.1038,295240,outside_own_roche_hot_not_broken
550,633,1,belt_rock,2.2297405295397162E-06,0.362984,3.49793,-1.46167,1,93.6869,271339,outside_own_roche_hot_not_broken
550,680,1,belt_rock,4.861405982743535E-05,0.369134,1.57774,-1.38985,1,78.555,301194,outside_own_roche_hot_not_broken
550,746,1,belt_rock,3.707360858749081E-05,0.962855,4.19304,-0.798814,1,28.6264,617622,outside_own_roche_hot_not_broken
550,776,1,belt_rock,5.407065716808426E-06,0.760169,4.15103,-1.54749,1,176.328,190418,outside_own_roche_hot_not_broken
550,778,1,belt_rock,5.948178449142919E-06,0.959226,5.12652,-0.758525,1,19.4878,712855,outside_own_roche_hot_not_broken
550,787,1,belt_rock,6.577720713437467E-05,0.915781,3.83773,-0.770994,1,21.8486,684195,outside_own_roche_hot_not_broken
550,833,1,belt_rock,7.177213757332786E-05,0.317691,1.76693,-1.39564,1,103.509,265613,outside_own_roche_hot_not_broken
550,898,1,belt_rock,1.1462926508708358E-05,0.526364,2.58655,-1.39582,1,143.59,223890,outside_own_roche_hot_not_broken
550,900,1,belt_rock,1.0796437951920822E-06,0.897488,6.40282,-2.02041,1,282.233,128754,outside_own_roche_hot_not_broken
550,917,1,belt_rock,6.020158404260856E-05,0.928475,3.91347,-1.31297,1,97.0312,282822,outside_own_roche_hot_not_broken
550,918,1,belt_rock,1.557636876652008E-05,0.940397,4.44763,-1.41882,1,148.749,217916,outside_own_roche_hot_not_broken
550,928,1,belt_rock,4.499819435898952E-05,0.972057,5.68234,-0.78322,1,21.2303,681260,outside_own_roche_hot_not_broken
550,1003,1,belt_rock,6.641968612579456E-07,0.742412,9.15091,-2.22641,1,14.5056,296698,outside_own_roche_hot_not_broken
550,1025,1,belt_rock,3.759624372968149E-05,0.899695,5.3733,-0.754881,1,23.2494,683280,outside_own_roche_hot_not_broken
550,1080,1,belt_rock,3.340023574239117E-05,0.924859,4.06006,-0.74833,1,24.8723,674420,outside_own_roche_hot_not_broken
550,1106,1,belt_rock,4.784559652363653E-06,0.540141,3.00191,-1.36992,1,93.4002,281532,outside_own_roche_hot_not_broken
550,1137,1,belt_rock,6.869406057846202E-07,0.997477,7.75596,-0.774476,1,19.2105,704083,outside_own_roche_hot_not_broken
550,1143,1,belt_rock,1.2209623118812813E-06,0.865726,6.03733,-1.45166,1,160.423,206647,outside_own_roche_hot_not_broken
550,1161,1,belt_rock,4.6487284144720425E-05,0.718667,2.92171,-1.52234,1,122.659,233792,outside_own_roche_hot_not_broken
550,1186,1,belt_rock,3.912272775255686E-06,0.94989,5.42838,-0.789869,1,24.6019,650969,outside_own_roche_hot_not_broken
550,1192,1,belt_rock,1.7014632563700975E-06,0.938535,6.22825,-0.753642,1,21.9315,695055,outside_own_roche_hot_not_broken
550,1201,1,belt_rock,5.881881375868684E-06,0.469757,2.5297,-1.40076,1,78.5278,299858,outside_own_roche_hot_not_broken
550,1222,1,belt_rock,1.8091206561119412E-05,0.961184,4.46365,-0.790134,1,25.7203,642627,outside_own_roche_hot_not_broken
550,1230,1,belt_rock,2.3350651469967306E-06,0.989501,6.15604,-0.795597,1,25.3175,642379,outside_own_roche_hot_not_broken
550,1317,1,belt_rock,9.15531759102845E-05,0.900149,3.47239,-1.42165,1,140.125,225125,outside_own_roche_hot_not_broken
550,1325,1,belt_rock,9.219194837431378E-07,0.608605,4.47253,-1.44095,1,105.199,259211,outside_own_roche_hot_not_broken
550,1407,1,belt_rock,9.713024084427334E-05,0.988295,4.05752,-0.755903,1,18.1695,726706,outside_own_roche_hot_not_broken
550,1421,1,belt_rock,1.571658877790296E-05,0.89751,4.11247,-1.48188,1,87.5003,277356,outside_own_roche_hot_not_broken
550,1431,1,belt_rock,1.2877988446477373E-05,0.508497,3.55111,-1.34289,1,76.3032,311043,outside_own_roche_hot_not_broken
550,1525,1,belt_rock,4.6257258235996315E-05,0.958255,4.10609,-0.746971,1,22.5885,694014,outside_own_roche_hot_not_broken
550,1599,1,belt_rock,8.956770900593148E-07,0.979258,7.36349,-0.756602,1,18.4947,723201,outside_own_roche_hot_not_broken
550,1624,1,belt_rock,0.00012796138765296694,0.426652,2.25428,-1.39129,1,90.1939,283624,outside_own_roche_hot_not_broken
550,1629,1,belt_rock,0.00013132278046958326,0.93916,3.80525,-0.766762,1,20.3815,699311,outside_own_roche_hot_not_broken
550,1630,1,belt_rock,9.557036556617762E-05,0.783018,3.21944,-1.31101,1,106.829,269943,outside_own_roche_hot_not_broken
550,1648,1,belt_rock,0.0001200418438195893,0.91646,1.75055,-0.771181,1,22.778,676545,outside_own_roche_hot_not_broken
550,1660,1,belt_rock,1.4753770968086442E-06,0.981145,6.69041,-0.776565,1,19.7848,697710,outside_own_roche_hot_not_broken
550,1664,1,belt_rock,2.8322137360573915E-05,0.363069,1.61857,-1.48948,1,119.284,239678,outside_own_roche_hot_not_broken
550,1676,1,belt_rock,7.989632046031273E-07,0.922482,10.9405,-0.777975,1,22.5905,673706,outside_own_roche_hot_not_broken
550,1685,1,belt_rock,1.776224965867709E-05,0.395052,2.62122,-1.38232,1,76.8716,304866,outside_own_roche_hot_not_broken
550,1705,1,belt_rock,7.243667174845303E-07,0.389978,3.06025,-1.47338,1,105.805,255502,outside_own_roche_hot_not_broken
550,1706,1,belt_rock,4.57761263009354E-05,0.573477,2.46176,-1.447,1,105.322,258499,outside_own_roche_hot_not_broken
550,1722,1,belt_rock,7.005142127119329E-05,0.820425,3.42739,-1.32775,1,91.2358,289429,outside_own_roche_hot_not_broken
550,1729,1,belt_rock,1.6974650892955918E-05,0.981676,6.56197,-1.34707,1,69.0907,323141,outside_own_roche_hot_not_broken
550,1733,1,belt_rock,3.7973166626542763E-06,0.656236,3.76633,-1.42544,1,92.4016,276837,outside_own_roche_hot_not_broken
550,1818,1,belt_rock,1.4188400271471215E-05,0.997817,4.75789,-0.779501,1,19.4706,698387,outside_own_roche_hot_not_broken
550,1838,1,belt_rock,4.745002461219935E-05,0.524737,2.12902,-1.4017,1,80.7539,296280,outside_own_roche_hot_not_broken
550,1894,1,belt_rock,1.4398197530175788E-05,0.823149,3.8214,-1.46345,1,132.448,229034,outside_own_roche_hot_not_broken
550,1897,1,belt_rock,2.748412464718791E-06,0.884422,8.1843,-0.783695,1,26.9352,637609,outside_own_roche_hot_not_broken
550,1976,1,belt_rock,4.2553395098811385E-05,0.976903,4.2109,-0.754549,1,18.7757,722135,outside_own_roche_hot_not_broken
550,1998,1,belt_rock,5.927086706501088E-07,0.336279,1.55593,-1.46395,1,123.393,237619,outside_own_roche_hot_not_broken
600,2,1,planet,0.8151215664792153,0.700909,2.92286,-1.73967,1,17.4921,364782,outside_own_roche_hot_not_broken
600,17,1,belt_rock,6.827172754266853E-07,0.984106,7.66117,-1.37589,1,102.635,268675,outside_own_roche_hot_not_broken
600,89,1,belt_rock,1.9447634323182094E-06,0.339653,2.19804,-4.32417,1,8.28389,161339,outside_own_roche_hot_not_broken
600,199,1,belt_rock,7.80086165053359E-06,0.868771,6.62107,-1.42731,1,94.8988,273331,outside_own_roche_hot_not_broken
600,264,1,belt_rock,1.1450342531930353E-06,0.995339,7.12935,-1.44641,1,99.343,265740,outside_own_roche_hot_not_broken
600,284,1,belt_rock,2.4307338359113666E-05,0.669154,3.02287,-1.24677,1,80.6394,316823,outside_own_roche_hot_not_broken
600,285,1,belt_rock,2.7642825589176594E-06,0.964384,8.91439,-1.29449,1,67.4444,334197,outside_own_roche_hot_not_broken
600,297,1,belt_rock,1.4396121228647316E-06,0.641568,4.34209,-1.36555,1,152.002,218756,outside_own_roche_hot_not_broken
600,308,1,belt_rock,7.187033557342713E-05,0.553285,2.3082,-1.25189,1,69.4675,336926,outside_own_roche_hot_not_broken
600,378,1,belt_rock,3.5557221198580994E-06,0.492862,2.86455,-1.25937,1,63.4496,348046,outside_own_roche_hot_not_broken
600,388,1,belt_rock,9.077453292717553E-07,0.962387,11.1157,-1.44402,1,99.709,265524,outside_own_roche_hot_not_broken
600,425,1,belt_rock,5.524092275825576E-06,0.298604,1.62372,-1.36639,1,144.816,224884,outside_own_roche_hot_not_broken
600,543,1,belt_rock,1.6653546853497135E-05,0.87622,4.11072,-1.22271,1,97.9975,291853,outside_own_roche_hot_not_broken
600,601,1,belt_rock,1.704057254601463E-05,0.512439,2.40031,-1.39005,1,102.557,267350,outside_own_roche_hot_not_broken
600,633,1,belt_rock,2.2297405295397162E-06,0.999936,9.63598,-1.44263,1,95.211,271335,outside_own_roche_hot_not_broken
600,649,1,belt_rock,8.662589025225851E-06,0.518441,2.63889,-1.3435,1,70.5616,320987,outside_own_roche_hot_not_broken
600,678,1,belt_rock,1.784486290465502E-05,0.410301,2.72163,-1.33835,1,69.6588,323375,outside_own_roche_hot_not_broken
600,690,1,belt_rock,4.023587267859821E-05,0.688817,2.83687,-1.35857,1,137.898,231763,outside_own_roche_hot_not_broken
600,769,1,belt_rock,4.200454182736083E-05,0.429548,1.85531,-1.35218,1,71.1234,318737,outside_own_roche_hot_not_broken
600,792,1,belt_rock,1.3771353375516246E-05,0.548892,2.63127,-1.26338,1,79.295,316851,outside_own_roche_hot_not_broken
600,826,1,belt_rock,5.325857756018523E-06,0.97835,5.26874,-0.72429,1,21.8956,715804,outside_own_roche_hot_not_broken
600,832,1,belt_rock,1.2723288705446799E-06,0.278952,1.93071,-1.3756,1,131.765,236335,outside_own_roche_hot_not_broken
600,872,1,belt_rock,9.526680434921478E-07,0.99827,7.29077,-1.18967,1,62.1763,363197,outside_own_roche_hot_not_broken
600,900,1,belt_rock,1.0796437951920822E-06,0.563249,4.0183,-2.00398,1,283.546,128753,outside_own_roche_hot_not_broken
600,901,1,belt_rock,8.749650426566604E-07,0.922621,6.84775,-1.20884,1,61.6315,360929,outside_own_roche_hot_not_broken
600,917,1,belt_rock,6.020158404260856E-05,0.470848,1.9846,-1.29531,1,98.4433,282821,outside_own_roche_hot_not_broken
600,918,1,belt_rock,1.557636876652008E-05,0.491229,2.32328,-1.3985,1,150.376,217913,outside_own_roche_hot_not_broken
600,957,1,belt_rock,1.817757452683593E-05,0.795965,3.57933,-1.30927,1,66.0594,334594,outside_own_roche_hot_not_broken
600,990,1,belt_rock,1.3741454516244253E-05,0.869482,4.17048,-1.3306,1,108.012,266479,outside_own_roche_hot_not_broken
600,1003,1,belt_rock,6.641968612579456E-07,0.789433,9.73049,-2.22892,1,14.3028,296699,outside_own_roche_hot_not_broken
600,1033,1,belt_rock,8.654584838430561E-07,0.974919,7.25096,-0.729609,1,22.353,707975,outside_own_roche_hot_not_broken
600,1074,1,belt_rock,0.0001121627428978337,0.81825,4.37011,-1.19081,1,62.7714,361619,outside_own_roche_hot_not_broken
600,1106,1,belt_rock,4.784559652363653E-06,0.858027,4.7686,-1.35481,1,94.6072,281533,outside_own_roche_hot_not_broken
600,1158,1,belt_rock,9.41390110065754E-06,0.399522,1.96997,-1.38373,1,166.502,206165,outside_own_roche_hot_not_broken
600,1202,1,belt_rock,0.00013197115224069698,0.466514,1.89049,-1.23728,1,72.6192,333033,outside_own_roche_hot_not_broken
600,1208,1,belt_rock,3.358371755939549E-05,0.953512,4.18901,-1.31686,1,94.4672,286008,outside_own_roche_hot_not_broken
600,1239,1,belt_rock,9.02734900157154E-06,0.972669,4.92055,-1.30186,1,73.6815,321368,outside_own_roche_hot_not_broken
600,1267,1,belt_rock,6.759839068479217E-07,0.487247,3.8005,-1.27267,1,93.8382,292096,outside_own_roche_hot_not_broken
600,1305,1,belt_rock,8.307795636088752E-07,0.289451,3.4051,-1.37994,1,122.004,245909,outside_own_roche_hot_not_broken
600,1317,1,belt_rock,9.15531759102845E-05,0.534442,2.06165,-1.40417,1,141.525,225122,outside_own_roche_hot_not_broken
600,1400,1,belt_rock,1.484281702368616E-05,0.937243,6.39525,-1.2975,1,68.2031,332256,outside_own_roche_hot_not_broken
600,1431,1,belt_rock,1.2877988446477373E-05,0.880226,6.14709,-1.32869,1,77.4384,311043,outside_own_roche_hot_not_broken
600,1446,1,belt_rock,0.0001067680559677498,0.556534,2.27573,-1.25498,1,66.0142,343418,outside_own_roche_hot_not_broken
600,1456,1,belt_rock,4.0532637405193653E-05,0.742489,3.05635,-1.30594,1,62.1598,342959,outside_own_roche_hot_not_broken
600,1492,1,belt_rock,9.44053262067516E-05,0.972965,4.00195,-1.17329,1,63.0612,364181,outside_own_roche_hot_not_broken
600,1533,1,belt_rock,6.797580885390364E-07,0.602362,7.38876,-1.25654,1,98.8742,286609,outside_own_roche_hot_not_broken
600,1549,1,belt_rock,1.1520328550631034E-05,0.300221,1.47129,-1.40128,1,121.475,244668,outside_own_roche_hot_not_broken
600,1557,1,belt_rock,0.00010390914397456924,0.463449,1.89775,-1.31092,1,62.0122,342444,outside_own_roche_hot_not_broken
600,1574,1,belt_rock,5.231274063515944E-05,0.738836,3.14243,-1.3407,1,98.4279,277848,outside_own_roche_hot_not_broken
600,1582,1,belt_rock,6.566776387872793E-07,0.974792,7.64636,-0.727685,1,22.2332,710384,outside_own_roche_hot_not_broken
600,1624,1,belt_rock,0.00012796138765296694,0.952347,5.03187,-1.37302,1,91.655,283623,outside_own_roche_hot_not_broken
600,1630,1,belt_rock,9.557036556617762E-05,0.648397,2.66594,-1.29771,1,107.893,269940,outside_own_roche_hot_not_broken
600,1655,1,belt_rock,6.509007219212118E-05,0.440075,1.84651,-1.25925,1,66.7711,341165,outside_own_roche_hot_not_broken
600,1657,1,belt_rock,9.857023070139824E-05,0.641932,2.63468,-1.36309,1,143.488,226302,outside_own_roche_hot_not_broken
600,1680,1,belt_rock,6.158020657043453E-05,0.660017,2.77837,-1.23821,1,64.9517,348452,outside_own_roche_hot_not_broken
600,1703,1,belt_rock,4.267325314183137E-05,0.232541,1.3691,-1.38774,1,167.285,205347,outside_own_roche_hot_not_broken
600,1705,1,belt_rock,7.243667174845303E-07,0.975765,7.65707,-1.4502,1,107.66,255498,outside_own_roche_hot_not_broken
600,1706,1,belt_rock,4.57761263009354E-05,0.829849,3.56228,-1.43223,1,106.504,258496,outside_own_roche_hot_not_broken
600,1712,1,belt_rock,0.00011106968587007351,0.988907,4.03497,-0.721546,1,21.3194,723011,outside_own_roche_hot_not_broken
600,1722,1,belt_rock,7.005142127119329E-05,0.586136,2.44863,-1.31393,1,92.3411,289428,outside_own_roche_hot_not_broken
600,1729,1,belt_rock,1.6974650892955918E-05,0.420803,2.81284,-1.33665,1,69.9248,323137,outside_own_roche_hot_not_broken
600,1733,1,belt_rock,3.7973166626542763E-06,0.742711,4.26263,-1.41256,1,93.4328,276834,outside_own_roche_hot_not_broken
600,1874,1,belt_rock,1.0248031212141847E-06,0.379514,2.7784,-1.3583,1,75.939,309578,outside_own_roche_hot_not_broken
600,1920,1,belt_rock,7.605997785744625E-07,0.366477,2.84761,-1.37642,1,88.7309,287406,outside_own_roche_hot_not_broken
650,2,1,planet,0.8151215664792153,0.629339,2.6244,-1.73366,1,17.9737,364779,outside_own_roche_hot_not_broken
650,54,1,belt_rock,0.00011263083187765426,0.551747,2.10086,-1.17429,1,64.5937,360474,outside_own_roche_hot_not_broken
650,89,1,belt_rock,1.9447634323182094E-06,0.294802,1.90779,-4.3239,1,8.30569,161337,outside_own_roche_hot_not_broken
650,97,1,belt_rock,1.7618261886964836E-06,0.585241,3.82129,-1.284,1,100.343,281433,outside_own_roche_hot_not_broken
650,143,1,belt_rock,9.975394853266468E-05,0.683585,2.804,-1.27311,1,86.53,303371,outside_own_roche_hot_not_broken
650,156,1,belt_rock,3.698011065557734E-05,0.695617,4.16688,-1.15752,1,69.7598,351983,outside_own_roche_hot_not_broken
650,160,1,belt_rock,0.00012919578673162237,0.765651,3.10516,-1.2538,1,69.9273,335711,outside_own_roche_hot_not_broken
650,217,1,belt_rock,5.179983931979467E-05,0.862152,3.66835,-1.14333,1,89.8639,315163,outside_own_roche_hot_not_broken
650,284,1,belt_rock,2.4307338359113666E-05,0.746759,3.37345,-1.23461,1,81.6114,316822,outside_own_roche_hot_not_broken
650,285,1,belt_rock,2.7642825589176594E-06,0.446671,4.12886,-1.28347,1,68.3284,334191,outside_own_roche_hot_not_broken
650,297,1,belt_rock,1.4396121228647316E-06,0.83454,5.64811,-1.3516,1,153.119,218753,outside_own_roche_hot_not_broken
650,302,1,belt_rock,0.00011502705840204598,0.717635,3.8244,-1.26123,1,71.1395,332186,outside_own_roche_hot_not_broken
650,308,1,belt_rock,7.187033557342713E-05,0.854557,3.56506,-1.23949,1,70.4581,336926,outside_own_roche_hot_not_broken
650,319,1,belt_rock,1.6170601804744153E-05,0.401019,2.69886,-1.30223,1,87.6419,297927,outside_own_roche_hot_not_broken
650,354,1,belt_rock,1.4494545158656718E-05,0.378193,1.80279,-1.29299,1,102.971,276868,outside_own_roche_hot_not_broken
650,378,1,belt_rock,3.5557221198580994E-06,0.922547,5.3619,-1.24811,1,64.3497,348046,outside_own_roche_hot_not_broken
650,497,1,belt_rock,7.402492523004493E-07,0.557516,4.27269,-1.17605,1,77.5694,332930,outside_own_roche_hot_not_broken
650,540,1,belt_rock,5.918366719071476E-05,0.923274,5.23709,-1.13592,1,98.1659,302311,outside_own_roche_hot_not_broken
650,543,1,belt_rock,1.6653546853497135E-05,0.549281,2.57691,-1.20772,1,99.1957,291852,outside_own_roche_hot_not_broken
650,592,1,belt_rock,1.7318405733717002E-05,0.495944,2.31854,-1.16356,1,59.2076,375255,outside_own_roche_hot_not_broken
650,649,1,belt_rock,8.662589025225851E-06,0.869132,4.42392,-1.33024,1,71.6233,320983,outside_own_roche_hot_not_broken
650,650,1,belt_rock,2.7044608066181788E-05,0.976808,4.18954,-1.23301,1,65.7561,347625,outside_own_roche_hot_not_broken
650,654,1,belt_rock,3.1434544679676156E-05,0.461658,2.03893,-1.30425,1,121.853,252654,outside_own_roche_hot_not_broken
650,690,1,belt_rock,4.023587267859821E-05,0.776668,3.19868,-1.34547,1,138.946,231762,outside_own_roche_hot_not_broken
650,735,1,belt_rock,4.035525376652153E-05,0.904754,5.36162,-1.13508,1,68.3072,359168,outside_own_roche_hot_not_broken
650,769,1,belt_rock,4.200454182736083E-05,0.96421,4.16463,-1.33976,1,72.1189,318732,outside_own_roche_hot_not_broken
650,792,1,belt_rock,1.3771353375516246E-05,0.858589,4.1159,-1.2498,1,80.3805,316850,outside_own_roche_hot_not_broken
650,849,1,belt_rock,0.00011815221795815683,0.532061,2.16598,-1.2707,1,63.6145,345789,outside_own_roche_hot_not_broken
650,872,1,belt_rock,9.526680434921478E-07,0.463572,3.38565,-1.18212,1,62.7796,363195,outside_own_roche_hot_not_broken
650,891,1,belt_rock,6.672223024239317E-07,0.973095,7.60938,-1.2178,1,53.2763,379219,outside_own_roche_hot_not_broken
650,901,1,belt_rock,8.749650426566604E-07,0.507475,3.76651,-1.19837,1,62.4711,360922,outside_own_roche_hot_not_broken
650,957,1,belt_rock,1.817757452683593E-05,0.598231,2.69015,-1.29742,1,67.0059,334594,outside_own_roche_hot_not_broken
650,959,1,belt_rock,6.602452728696196E-07,0.751056,5.88514,-1.15556,1,80.7026,330057,outside_own_roche_hot_not_broken
650,990,1,belt_rock,1.3741454516244253E-05,0.548244,2.62966,-1.3149,1,109.27,266474,outside_own_roche_hot_not_broken
650,998,1,belt_rock,2.2792375646292976E-05,0.673883,3.06318,-1.26936,1,80.3373,314199,outside_own_roche_hot_not_broken
650,1002,1,belt_rock,6.785979509706564E-07,0.501634,3.98887,-1.16801,1,59.5339,373582,outside_own_roche_hot_not_broken
650,1003,1,belt_rock,6.641968612579456E-07,0.496796,6.12347,-2.23156,1,14.094,296693,outside_own_roche_hot_not_broken
650,1074,1,belt_rock,0.0001121627428978337,0.603974,3.2257,-1.17986,1,63.6474,361616,outside_own_roche_hot_not_broken
650,1082,1,belt_rock,2.5860448992110093E-06,0.852807,5.21622,-1.10628,1,59.2597,386760,outside_own_roche_hot_not_broken
650,1116,1,belt_rock,6.620812279777769E-07,0.458351,3.58961,-1.18836,1,92.1382,305270,outside_own_roche_hot_not_broken
650,1149,1,belt_rock,3.8246390384014373E-05,0.580358,2.40155,-1.29112,1,124.077,251350,outside_own_roche_hot_not_broken
650,1191,1,belt_rock,1.5125619003887156E-05,0.656792,1.57665,-1.26363,1,66.7337,340527,outside_own_roche_hot_not_broken
650,1202,1,belt_rock,0.00013197115224069698,0.950086,3.85011,-1.2244,1,73.6481,333033,outside_own_roche_hot_not_broken
650,1208,1,belt_rock,3.358371755939549E-05,0.440272,1.93422,-1.2986,1,95.9302,286003,outside_own_roche_hot_not_broken
650,1239,1,belt_rock,9.02734900157154E-06,0.431117,2.18094,-1.28925,1,74.6927,321362,outside_own_roche_hot_not_broken
650,1267,1,belt_rock,6.759839068479217E-07,0.921823,7.19016,-1.25605,1,95.167,292094,outside_own_roche_hot_not_broken
650,1300,1,belt_rock,1.66224728314871E-06,0.659158,4.39364,-1.15753,1,63.8615,365251,outside_own_roche_hot_not_broken
650,1352,1,belt_rock,8.990148025323063E-06,0.86258,4.27805,-1.14275,1,88.4353,317747,outside_own_roche_hot_not_broken
650,1384,1,belt_rock,5.598302899299441E-05,0.410001,1.63989,-1.18913,1,73.6001,338697,outside_own_roche_hot_not_broken
650,1400,1,belt_rock,1.484281702368616E-05,0.465516,3.17643,-1.28525,1,69.1848,332250,outside_own_roche_hot_not_broken
650,1446,1,belt_rock,0.0001067680559677498,0.851077,3.48015,-1.24304,1,66.9681,343417,outside_own_roche_hot_not_broken
650,1456,1,belt_rock,4.0532637405193653E-05,0.652416,2.68557,-1.29484,1,63.044,342964,outside_own_roche_hot_not_broken
650,1492,1,belt_rock,9.44053262067516E-05,0.479068,1.97048,-1.16412,1,63.7947,364179,outside_own_roche_hot_not_broken
650,1533,1,belt_rock,6.797580885390364E-07,0.825404,10.1247,-1.24273,1,99.9778,286608,outside_own_roche_hot_not_broken
650,1553,1,belt_rock,4.0531201478537706E-05,0.842336,3.64596,-1.14546,1,88.0343,318074,outside_own_roche_hot_not_broken
650,1557,1,belt_rock,0.00010390914397456924,0.947188,3.87857,-1.30062,1,62.8368,342439,outside_own_roche_hot_not_broken
650,1574,1,belt_rock,5.231274063515944E-05,0.680281,2.89338,-1.32771,1,99.4759,277835,outside_own_roche_hot_not_broken
650,1616,1,belt_rock,0.00011977222286049424,0.626716,2.54975,-1.27324,1,78.2461,317306,outside_own_roche_hot_not_broken
650,1655,1,belt_rock,6.509007219212118E-05,0.991198,4.15895,-1.2499,1,67.5188,341163,outside_own_roche_hot_not_broken
650,1657,1,belt_rock,9.857023070139824E-05,0.825224,3.38697,-1.34922,1,144.598,226299,outside_own_roche_hot_not_broken
650,1680,1,belt_rock,6.158020657043453E-05,0.75028,3.15834,-1.22708,1,65.8409,348451,outside_own_roche_hot_not_broken
650,1718,1,belt_rock,0.0001061888921921048,0.434567,1.77739,-1.18637,1,66.3165,354462,outside_own_roche_hot_not_broken
650,1745,1,belt_rock,5.682982586276066E-05,0.466011,2.65591,-1.26286,1,54.708,366955,outside_own_roche_hot_not_broken
650,1761,1,belt_rock,6.813887392790074E-05,0.569295,2.38233,-1.15399,1,55.0535,387782,outside_own_roche_hot_not_broken
650,1776,1,belt_rock,6.388438626092742E-05,0.423855,1.78038,-1.28462,1,67.475,335686,outside_own_roche_hot_not_broken
650,1813,1,belt_rock,0.00010327407142110633,0.713443,2.92181,-1.25344,1,64.2276,347402,outside_own_roche_hot_not_broken
650,1848,1,belt_rock,9.643357686819514E-05,0.413924,2.2394,-1.28432,1,67.5443,335596,outside_own_roche_hot_not_broken
650,1948,1,belt_rock,8.918372974748205E-06,0.573785,4.25998,-1.17384,1,90.1544,310486,outside_own_roche_hot_not_broken
700,2,1,planet,0.8151215664792153,0.983386,4.10082,-1.73585,1,17.8005,364770,outside_own_roche_hot_not_broken
700,30,1,belt_rock,7.38240689475372E-06,0.44454,2.27457,-1.11472,1,84.6354,328792,outside_own_roche_hot_not_broken
700,34,1,belt_rock,9.363267300218779E-05,0.457774,1.88331,-1.23423,1,112.097,271055,outside_own_roche_hot_not_broken
700,54,1,belt_rock,0.00011263083187765426,0.87773,3.3421,-1.16298,1,65.4942,360482,outside_own_roche_hot_not_broken
700,89,1,belt_rock,1.9447634323182094E-06,0.286548,1.85437,-4.33697,1,7.2605,161336,outside_own_roche_hot_not_broken
700,97,1,belt_rock,1.7618261886964836E-06,0.83818,5.47284,-1.26977,1,101.483,281428,outside_own_roche_hot_not_broken
700,101,1,belt_rock,1.9692976926747173E-06,0.902952,5.78279,-1.07241,1,73.6062,358523,outside_own_roche_hot_not_broken
700,123,1,belt_rock,5.003564208642042E-05,0.42804,1.82549,-1.11648,1,75.7093,346295,outside_own_roche_hot_not_broken
700,124,1,belt_rock,1.3846795585550809E-05,0.820242,5.65296,-1.07511,1,89.2906,326003,outside_own_roche_hot_not_broken
700,143,1,belt_rock,9.975394853266468E-05,0.733278,3.00783,-1.26073,1,87.5219,303366,outside_own_roche_hot_not_broken
700,156,1,belt_rock,3.698011065557734E-05,0.732483,4.38772,-1.14636,1,70.6514,351985,outside_own_roche_hot_not_broken
700,160,1,belt_rock,0.00012919578673162237,0.64182,2.60296,-1.24215,1,70.8608,335706,outside_own_roche_hot_not_broken
700,205,1,belt_rock,5.708514414059186E-06,0.571543,4.60606,-1.10162,1,69.352,362888,outside_own_roche_hot_not_broken
700,217,1,belt_rock,5.179983931979467E-05,0.573322,2.43941,-1.12962,1,90.9597,315163,outside_own_roche_hot_not_broken
700,292,1,belt_rock,2.3103908208262464E-06,0.379158,2.37672,-1.11341,1,88.6613,321538,outside_own_roche_hot_not_broken
700,302,1,belt_rock,0.00011502705840204598,0.689537,3.67466,-1.24966,1,72.0661,332182,outside_own_roche_hot_not_broken
700,312,1,belt_rock,2.261395482829255E-05,0.964558,6.16951,-1.06562,1,86.8896,331988,outside_own_roche_hot_not_broken
700,319,1,belt_rock,1.6170601804744153E-05,0.998984,6.72317,-1.286,1,88.9436,297920,outside_own_roche_hot_not_broken
700,341,1,belt_rock,7.431986081784527E-07,0.586611,4.49221,-1.10065,1,84.9106,330408,outside_own_roche_hot_not_broken
700,449,1,belt_rock,7.455531783574016E-05,0.508162,1.98802,-1.10722,1,60.3397,383759,outside_own_roche_hot_not_broken
700,497,1,belt_rock,7.402492523004493E-07,0.86735,6.64718,-1.16303,1,78.6059,332937,outside_own_roche_hot_not_broken
700,514,1,belt_rock,2.115951315924581E-06,0.754039,4.77,-1.20137,1,86.227,313421,outside_own_roche_hot_not_broken
700,540,1,belt_rock,5.918366719071476E-05,0.513536,2.91293,-1.12007,1,99.4317,302311,outside_own_roche_hot_not_broken
700,556,1,belt_rock,1.2294819836209372E-06,0.950704,6.62149,-1.66818,1,247.603,149973,outside_own_roche_hot_not_broken
700,571,1,belt_rock,4.245065768434779E-05,0.784239,3.21281,-1.08213,1,83.5401,335947,outside_own_roche_hot_not_broken
700,592,1,belt_rock,1.7318405733717002E-05,0.964421,4.50868,-1.15494,1,59.8914,375267,outside_own_roche_hot_not_broken
700,636,1,belt_rock,1.3057175961291948E-05,0.519519,2.50511,-1.10841,1,72.308,355000,outside_own_roche_hot_not_broken
700,650,1,belt_rock,2.7044608066181788E-05,0.456273,1.95696,-1.22323,1,66.5427,347614,outside_own_roche_hot_not_broken
700,654,1,belt_rock,3.1434544679676156E-05,0.95901,4.2355,-1.28366,1,123.504,252648,outside_own_roche_hot_not_broken
700,735,1,belt_rock,4.035525376652153E-05,0.533222,3.1599,-1.1235,1,69.2329,359167,outside_own_roche_hot_not_broken
700,804,1,belt_rock,6.845560813856027E-05,0.715748,2.99399,-1.19836,1,63.3705,358883,outside_own_roche_hot_not_broken
700,808,1,belt_rock,7.408125236630625E-06,0.37537,1.94989,-1.2192,1,124.138,257803,outside_own_roche_hot_not_broken
700,849,1,belt_rock,0.00011815221795815683,0.874093,3.55836,-1.25897,1,64.5536,345784,outside_own_roche_hot_not_broken
700,891,1,belt_rock,6.672223024239317E-07,0.493435,3.85855,-1.21123,1,53.8051,379209,outside_own_roche_hot_not_broken
700,959,1,belt_rock,6.602452728696196E-07,0.68116,5.33745,-1.14364,1,81.6545,330058,outside_own_roche_hot_not_broken
700,962,1,belt_rock,6.94522668816033E-05,0.898993,3.75702,-1.07182,1,70.6456,365418,outside_own_roche_hot_not_broken
700,964,1,belt_rock,4.1643191854283803E-05,0.46149,1.99379,-1.1133,1,62.4537,377172,outside_own_roche_hot_not_broken
700,988,1,belt_rock,9.968858215165637E-05,0.767078,3.14645,-1.19444,1,66.5026,352641,outside_own_roche_hot_not_broken
700,998,1,belt_rock,2.2792375646292976E-05,0.737917,3.35425,-1.25722,1,81.3105,314195,outside_own_roche_hot_not_broken
700,1002,1,belt_rock,6.785979509706564E-07,0.952159,7.57135,-1.15885,1,60.2608,373594,outside_own_roche_hot_not_broken
700,1003,1,belt_rock,6.641968612579456E-07,0.683465,8.42435,-2.2256,1,14.572,296689,outside_own_roche_hot_not_broken
700,1005,1,belt_rock,8.637437983213775E-07,0.709685,5.28028,-1.1918,1,57.1003,374879,outside_own_roche_hot_not_broken
700,1016,1,belt_rock,9.920689763785043E-05,0.502974,2.0637,-1.10149,1,55.5279,397837,outside_own_roche_hot_not_broken
700,1063,1,belt_rock,1.081542812867445E-05,0.455254,1.15086,-1.21682,1,60.0557,363073,outside_own_roche_hot_not_broken
700,1082,1,belt_rock,2.5860448992110093E-06,0.597316,3.6535,-1.09628,1,60.0599,386758,outside_own_roche_hot_not_broken
700,1116,1,belt_rock,6.620812279777769E-07,0.964752,7.55552,-1.1716,1,93.4704,305281,outside_own_roche_hot_not_broken
700,1149,1,belt_rock,3.8246390384014373E-05,0.866451,3.58542,-1.27591,1,125.297,251345,outside_own_roche_hot_not_broken
700,1170,1,belt_rock,1.1142923462670623E-05,0.516754,2.54213,-1.20593,1,53.3392,381463,outside_own_roche_hot_not_broken
700,1191,1,belt_rock,1.5125619003887156E-05,0.748297,1.79631,-1.25227,1,67.643,340523,outside_own_roche_hot_not_broken
700,1250,1,belt_rock,9.772943806356989E-05,0.798852,3.06827,-1.19991,1,90.5254,306395,outside_own_roche_hot_not_broken
700,1300,1,belt_rock,1.66224728314871E-06,0.769914,5.13189,-1.14678,1,64.7193,365254,outside_own_roche_hot_not_broken
700,1352,1,belt_rock,8.990148025323063E-06,0.572112,2.83745,-1.12912,1,89.5242,317747,outside_own_roche_hot_not_broken
700,1403,1,belt_rock,1.0336419449546872E-05,0.616509,3.06046,-1.21464,1,85.6076,312664,outside_own_roche_hot_not_broken
700,1468,1,belt_rock,1.5050873292970126E-06,0.492884,3.30928,-1.11126,1,74.9369,348809,outside_own_roche_hot_not_broken
700,1553,1,belt_rock,4.0531201478537706E-05,0.592867,2.56615,-1.13222,1,89.0922,318074,outside_own_roche_hot_not_broken
700,1554,1,belt_rock,9.732021728961247E-06,0.511746,2.56019,-1.10883,1,64.3212,373449,outside_own_roche_hot_not_broken
700,1616,1,belt_rock,0.00011977222286049424,0.781639,3.18004,-1.26085,1,79.2387,317302,outside_own_roche_hot_not_broken
700,1689,1,belt_rock,5.841988806528529E-05,0.433205,1.82908,-1.10899,1,100.108,302648,outside_own_roche_hot_not_broken
700,1761,1,belt_rock,6.813887392790074E-05,0.878529,3.67638,-1.14452,1,55.8082,387787,outside_own_roche_hot_not_broken
700,1782,1,belt_rock,8.245178938175916E-05,0.60773,2.51671,-1.07396,1,51.8514,414813,outside_own_roche_hot_not_broken
700,1813,1,belt_rock,0.00010327407142110633,0.693301,2.83932,-1.2424,1,65.1111,347399,outside_own_roche_hot_not_broken
700,1863,1,belt_rock,8.665744045728343E-05,0.906428,3.50903,-1.18495,1,68.3208,350352,outside_own_roche_hot_not_broken
700,1887,1,belt_rock,6.82126824701485E-07,0.645104,5.02292,-1.06624,1,51.1486,418828,outside_own_roche_hot_not_broken
700,1948,1,belt_rock,8.918372974748205E-06,0.857774,6.36841,-1.16002,1,91.2554,310491,outside_own_roche_hot_not_broken
750,30,1,belt_rock,7.38240689475372E-06,0.999447,5.11386,-1.1006,1,85.7607,328797,outside_own_roche_hot_not_broken
750,34,1,belt_rock,9.363267300218779E-05,0.966206,3.97504,-1.21448,1,113.681,271049,outside_own_roche_hot_not_broken
750,52,1,belt_rock,1.8842060779531114E-05,0.725509,4.77556,-1.55904,1,129.225,225038,outside_own_roche_hot_not_broken
750,89,1,belt_rock,1.9447634323182094E-06,0.326179,2.11084,-4.3407,1,6.9619,161335,outside_own_roche_hot_not_broken
750,94,1,belt_rock,3.791464172776052E-05,0.419735,2.50619,-1.17397,1,82.0802,324707,outside_own_roche_hot_not_broken
750,101,1,belt_rock,1.9692976926747173E-06,0.54616,3.49778,-1.06039,1,74.5678,358521,outside_own_roche_hot_not_broken
750,124,1,belt_rock,1.3846795585550809E-05,0.630149,4.34287,-1.06248,1,90.3006,326001,outside_own_roche_hot_not_broken
750,151,1,belt_rock,8.80737237346813E-05,0.84879,4.63077,-1.56304,1,125.858,227770,outside_own_roche_hot_not_broken
750,162,1,belt_rock,7.721602180571307E-07,0.80082,6.08758,-0.987387,1,46.0362,457083,outside_own_roche_hot_not_broken
750,193,1,belt_rock,3.347116514333176E-06,0.445022,2.61108,-1.05211,1,69.9991,370686,outside_own_roche_hot_not_broken
750,205,1,belt_rock,5.708514414059186E-06,0.871955,7.02707,-1.09017,1,70.2672,362888,outside_own_roche_hot_not_broken
750,224,1,belt_rock,9.167525598203719E-07,0.667189,4.90827,-1.02881,1,85.4868,340588,outside_own_roche_hot_not_broken
750,243,1,belt_rock,6.279534805245629E-05,0.474304,2.67357,-1.05065,1,73.6363,362410,outside_own_roche_hot_not_broken
750,281,1,belt_rock,6.858618499834726E-07,0.719654,5.71017,-1.02928,1,72.1387,369935,outside_own_roche_hot_not_broken
750,294,1,belt_rock,9.754305347086909E-07,0.931608,6.77371,-1.0125,1,70.9521,376090,outside_own_roche_hot_not_broken
750,304,1,belt_rock,9.975954360357335E-06,0.225526,1.64575,-1.66084,1,167.613,190188,outside_own_roche_hot_not_broken
750,312,1,belt_rock,2.261395482829255E-05,0.483988,3.09569,-1.05109,1,88.0482,331993,outside_own_roche_hot_not_broken
750,317,1,belt_rock,8.846340250621285E-07,0.76085,5.63529,-0.988801,1,46.6391,454480,outside_own_roche_hot_not_broken
750,341,1,belt_rock,7.431986081784527E-07,0.856154,6.55635,-1.08771,1,85.945,330408,outside_own_roche_hot_not_broken
750,350,1,belt_rock,7.294135930532069E-05,0.58482,2.43735,-1.156,1,74.6129,342011,outside_own_roche_hot_not_broken
750,381,1,belt_rock,2.0774821337134934E-06,0.586611,5.73186,-1.62248,1,249.64,150612,outside_own_roche_hot_not_broken
750,449,1,belt_rock,7.455531783574016E-05,0.965012,3.7753,-1.09856,1,61.0293,383764,outside_own_roche_hot_not_broken
750,514,1,belt_rock,2.115951315924581E-06,0.673919,4.26316,-1.18908,1,87.2131,313414,outside_own_roche_hot_not_broken
750,556,1,belt_rock,1.2294819836209372E-06,0.532162,3.70641,-1.64903,1,249.111,149981,outside_own_roche_hot_not_broken
750,571,1,belt_rock,4.245065768434779E-05,0.662743,2.71508,-1.07016,1,84.4984,335943,outside_own_roche_hot_not_broken
750,581,1,belt_rock,7.476979178758243E-05,0.424676,2.352,-1.05203,1,76.9025,354812,outside_own_roche_hot_not_broken
750,636,1,belt_rock,1.3057175961291948E-05,0.924847,4.45959,-1.09634,1,73.2703,355004,outside_own_roche_hot_not_broken
750,675,1,belt_rock,0.00011585296376493188,0.670915,2.7331,-1.03256,1,76.9441,358184,outside_own_roche_hot_not_broken
750,744,1,belt_rock,5.963441676946734E-05,0.474675,2.00186,-1.16226,1,57.8694,378839,outside_own_roche_hot_not_broken
750,804,1,belt_rock,6.845560813856027E-05,0.703381,2.94226,-1.18756,1,64.2343,358880,outside_own_roche_hot_not_broken
750,807,1,belt_rock,5.702887272086544E-05,0.385746,1.63119,-1.17606,1,92.4164,306421,outside_own_roche_hot_not_broken
750,809,1,belt_rock,5.600919844523897E-06,0.875715,4.74165,-1.12698,1,58.2096,385177,outside_own_roche_hot_not_broken
750,885,1,belt_rock,5.339743715901957E-05,0.434799,1.84622,-1.0486,1,81.7213,345076,outside_own_roche_hot_not_broken
750,900,1,belt_rock,1.0796437951920822E-06,0.659025,4.70159,-2.02575,1,281.879,128729,outside_own_roche_hot_not_broken
750,941,1,belt_rock,8.318587866088515E-05,0.573803,2.37457,-1.04255,1,68.2537,376822,outside_own_roche_hot_not_broken
750,962,1,belt_rock,6.94522668816033E-05,0.552126,2.30741,-1.06028,1,71.5686,365416,outside_own_roche_hot_not_broken
750,967,1,belt_rock,4.333662951166406E-06,0.243446,1.3729,-1.59387,1,157.207,200718,outside_own_roche_hot_not_broken
750,988,1,belt_rock,9.968858215165637E-05,0.652561,2.67672,-1.1833,1,67.3959,352634,outside_own_roche_hot_not_broken
750,1003,1,belt_rock,6.641968612579456E-07,0.813574,10.0281,-2.22842,1,14.3427,296693,outside_own_roche_hot_not_broken
750,1005,1,belt_rock,8.637437983213775E-07,0.713876,5.31146,-1.18165,1,57.9122,374878,outside_own_roche_hot_not_broken
750,1081,1,belt_rock,3.697895310258282E-05,0.866658,5.19566,-1.54832,1,121.644,232772,outside_own_roche_hot_not_broken
750,1153,1,belt_rock,8.621506956892179E-05,0.641988,2.65215,-1.13775,1,43.9151,423522,outside_own_roche_hot_not_broken
750,1170,1,belt_rock,1.1142923462670623E-05,0.935491,4.60206,-1.19765,1,54.001,381460,outside_own_roche_hot_not_broken
750,1220,1,belt_rock,1.2091146342930153E-06,0.706574,4.93628,-1.14968,1,81.6849,329080,outside_own_roche_hot_not_broken
750,1250,1,belt_rock,9.772943806356989E-05,0.631153,2.42417,-1.18705,1,91.5573,306387,outside_own_roche_hot_not_broken
750,1291,1,belt_rock,6.94641919182026E-07,0.4949,3.8398,-1.04911,1,73.0873,363962,outside_own_roche_hot_not_broken
750,1318,1,belt_rock,3.025883601582657E-05,0.632287,2.80059,-1.03714,1,66.5593,382182,outside_own_roche_hot_not_broken
750,1403,1,belt_rock,1.0336419449546872E-05,0.807103,4.00661,-1.20176,1,86.6393,312659,outside_own_roche_hot_not_broken
750,1468,1,belt_rock,1.5050873292970126E-06,0.952178,6.39304,-1.09879,1,75.9298,348817,outside_own_roche_hot_not_broken
750,1477,1,belt_rock,2.8308653645344172E-06,0.491268,2.96069,-1.05269,1,61.7423,391538,outside_own_roche_hot_not_broken
750,1482,1,belt_rock,2.8298309093900424E-05,0.791542,3.52605,-1.02367,1,66.09,386177,outside_own_roche_hot_not_broken
750,1485,1,belt_rock,2.501537933445565E-06,0.411349,2.5299,-1.16497,1,83.3039,323781,outside_own_roche_hot_not_broken
750,1487,1,belt_rock,9.862134709118373E-06,0.915489,6.68858,-0.975483,1,45.283,463405,outside_own_roche_hot_not_broken
750,1554,1,belt_rock,9.732021728961247E-06,0.946701,4.73621,-1.09872,1,65.1278,373453,outside_own_roche_hot_not_broken
750,1578,1,belt_rock,2.2657187153962727E-05,0.846054,3.84548,-1.01688,1,76.8449,361248,outside_own_roche_hot_not_broken
750,1649,1,belt_rock,0.0001131309544627968,0.599754,2.44598,-1.14988,1,51.2353,399004,outside_own_roche_hot_not_broken
750,1683,1,belt_rock,9.37186776526829E-05,0.940137,3.86761,-1.11654,1,47.9487,416310,outside_own_roche_hot_not_broken
750,1688,1,belt_rock,9.9395369210029E-06,0.984608,7.16923,-1.00654,1,75.129,367151,outside_own_roche_hot_not_broken
750,1782,1,belt_rock,8.245178938175916E-05,0.870086,3.60317,-1.06553,1,52.5284,414803,outside_own_roche_hot_not_broken
750,1795,1,belt_rock,6.566667308472614E-07,0.450137,3.60337,-1.16869,1,72.8702,343508,outside_own_roche_hot_not_broken
750,1800,1,belt_rock,2.4722625895541677E-06,0.352107,2.18005,-1.17568,1,100.459,293800,outside_own_roche_hot_not_broken
750,1802,1,belt_rock,4.420959277904999E-05,0.503263,2.16483,-1.15877,1,57.1677,381318,outside_own_roche_hot_not_broken
750,1807,1,belt_rock,3.4249918159041645E-05,0.793145,3.31764,-1.13277,1,51.3155,402628,outside_own_roche_hot_not_broken
750,1863,1,belt_rock,8.665744045728343E-05,0.519335,2.01049,-1.17313,1,69.2741,350333,outside_own_roche_hot_not_broken
750,1883,1,belt_rock,6.657343282087218E-07,0.896787,7.01572,-1.541,1,122.683,232343,outside_own_roche_hot_not_broken
750,1887,1,belt_rock,6.82126824701485E-07,0.830558,6.46691,-1.05772,1,51.8328,418817,outside_own_roche_hot_not_broken
750,1952,1,belt_rock,6.606311162767822E-05,0.27806,1.16603,-1.58139,1,145.242,210293,outside_own_roche_hot_not_broken
750,1980,1,belt_rock,8.939593315858296E-05,0.513848,2.11876,-1.16346,1,81.2079,327900,outside_own_roche_hot_not_broken
800,50,1,belt_rock,2.8576963723282348E-05,0.527162,2.35686,-0.995302,1,75.3288,368849,outside_own_roche_hot_not_broken
800,52,1,belt_rock,1.8842060779531114E-05,0.803719,4.62583,-1.55155,1,130.114,224806,outside_own_roche_hot_not_broken
800,89,1,belt_rock,1.9447634323182094E-06,0.418742,2.36947,-4.3417,1,7.29779,161164,outside_own_roche_hot_not_broken
800,109,1,belt_rock,2.456960938733791E-05,0.280156,1.10633,-1.54954,1,146.125,211613,outside_own_roche_hot_not_broken
800,128,1,belt_rock,6.62596637038842E-06,0.598941,2.76356,-1.10889,1,56.0772,394744,outside_own_roche_hot_not_broken
800,130,1,belt_rock,3.2312730057913415E-06,0.547736,2.82573,-0.994149,1,75.9222,367660,outside_own_roche_hot_not_broken
800,151,1,belt_rock,8.80737237346813E-05,0.636574,3.03673,-1.5495,1,127.171,227588,outside_own_roche_hot_not_broken
800,162,1,belt_rock,7.721602180571307E-07,0.820083,5.45095,-0.979175,1,46.6621,457248,outside_own_roche_hot_not_broken
800,176,1,belt_rock,2.1228965894217067E-05,0.50698,1.9537,-0.994583,1,74.0647,372022,outside_own_roche_hot_not_broken
800,187,1,belt_rock,3.217959851025406E-05,0.492669,1.81292,-0.990147,1,80.6089,357615,outside_own_roche_hot_not_broken
800,221,1,belt_rock,1.3679684436860946E-06,0.699902,4.18023,-0.986109,1,69.2134,385911,outside_own_roche_hot_not_broken
800,224,1,belt_rock,9.167525598203719E-07,0.905299,5.82339,-1.01498,1,86.5205,340774,outside_own_roche_hot_not_broken
800,262,1,belt_rock,3.6612291394108806E-06,0.545716,4.18216,-0.997182,1,71.2731,378386,outside_own_roche_hot_not_broken
800,280,1,belt_rock,6.695682277626445E-05,0.506166,1.85333,-0.994376,1,74.8338,370209,outside_own_roche_hot_not_broken
800,281,1,belt_rock,6.858618499834726E-07,0.842731,5.8468,-1.01699,1,73.0631,370117,outside_own_roche_hot_not_broken
800,294,1,belt_rock,9.754305347086909E-07,0.61575,3.91473,-1.00145,1,71.833,376141,outside_own_roche_hot_not_broken
800,317,1,belt_rock,8.846340250621285E-07,0.860228,5.57103,-0.980267,1,47.286,454661,outside_own_roche_hot_not_broken
800,350,1,belt_rock,7.294135930532069E-05,0.965241,3.51751,-1.14545,1,75.5394,341882,outside_own_roche_hot_not_broken
800,397,1,belt_rock,2.2159016367563655E-06,0.962173,5.28052,-0.969997,1,67.131,394901,outside_own_roche_hot_not_broken
800,492,1,belt_rock,1.3226425832453694E-06,0.64029,3.84766,-1.09875,1,42.683,437685,outside_own_roche_hot_not_broken
800,538,1,belt_rock,6.569448769827544E-07,0.825793,5.66349,-1.09676,1,71.8954,358029,outside_own_roche_hot_not_broken
800,615,1,belt_rock,4.0330174319880445E-05,0.741006,2.80539,-1.09741,1,56.2341,396831,outside_own_roche_hot_not_broken
800,645,1,belt_rock,2.855972095977906E-05,0.538443,2.91517,-0.995881,1,72.8228,374799,outside_own_roche_hot_not_broken
800,672,1,belt_rock,8.42775082612278E-05,0.636551,3.0476,-1.11017,1,71.7234,356019,outside_own_roche_hot_not_broken
800,675,1,belt_rock,0.00011585296376493188,0.89759,3.19721,-1.01936,1,77.9289,358384,outside_own_roche_hot_not_broken
800,741,1,belt_rock,5.936967784450944E-05,0.689676,2.40005,-0.979911,1,76.1006,369946,outside_own_roche_hot_not_broken
800,764,1,belt_rock,6.955996269256479E-05,0.590984,2.15936,-1.10863,1,57.6584,390534,outside_own_roche_hot_not_broken
800,776,1,belt_rock,5.407065716808426E-06,0.248693,1.18745,-1.54117,1,177.005,190325,outside_own_roche_hot_not_broken
800,796,1,belt_rock,6.85577897346876E-05,0.445902,1.63053,-1.12057,1,87.8893,321932,outside_own_roche_hot_not_broken
800,798,1,belt_rock,0.00013075126953582405,0.982112,4.52891,-0.966663,1,70.0686,387745,outside_own_roche_hot_not_broken
800,809,1,belt_rock,5.600919844523897E-06,0.655328,3.10263,-1.11976,1,58.8888,384957,outside_own_roche_hot_not_broken
800,830,1,belt_rock,7.849494695636164E-05,0.90356,3.27949,-1.08634,1,56.9416,397322,outside_own_roche_hot_not_broken
800,899,1,belt_rock,1.312331850658831E-06,0.472674,2.84446,-1.11469,1,76.3127,345368,outside_own_roche_hot_not_broken
800,900,1,belt_rock,1.0796437951920822E-06,0.948841,5.91889,-2.02815,1,282.42,128531,outside_own_roche_hot_not_broken
800,1003,1,belt_rock,6.641968612579456E-07,0.640896,6.90735,-2.23299,1,14.081,296566,outside_own_roche_hot_not_broken
800,1081,1,belt_rock,3.697895310258282E-05,0.606526,3.17941,-1.53342,1,123.046,232599,outside_own_roche_hot_not_broken
800,1098,1,belt_rock,1.883857758626955E-05,0.54135,2.19164,-1.11436,1,62.5709,376709,outside_own_roche_hot_not_broken
800,1138,1,belt_rock,1.3301076109901263E-05,0.5274,2.21823,-1.1176,1,73.6304,350557,outside_own_roche_hot_not_broken
800,1143,1,belt_rock,1.2209623118812813E-06,0.77165,4.70532,-1.46422,1,159.515,206592,outside_own_roche_hot_not_broken
800,1153,1,belt_rock,8.621506956892179E-05,0.949542,3.42996,-1.13124,1,44.496,423380,outside_own_roche_hot_not_broken
800,1161,1,belt_rock,4.6487284144720425E-05,0.3979,1.41445,-1.5561,1,120.084,233691,outside_own_roche_hot_not_broken
800,1169,1,belt_rock,8.175272778759332E-06,0.514734,2.30299,-0.987065,1,83.0552,352760,outside_own_roche_hot_not_broken
800,1220,1,belt_rock,1.2091146342930153E-06,0.831902,5.08181,-1.14133,1,82.4883,328861,outside_own_roche_hot_not_broken
800,1277,1,belt_rock,2.0641378376823398E-05,0.533804,2.06446,-1.11304,1,67.9607,364032,outside_own_roche_hot_not_broken
800,1318,1,belt_rock,3.025883601582657E-05,0.945631,3.66236,-1.02485,1,67.4758,382395,outside_own_roche_hot_not_broken
800,1338,1,belt_rock,5.937082442777558E-05,0.842514,3.10725,-1.09349,1,62.6027,380820,outside_own_roche_hot_not_broken
800,1345,1,belt_rock,6.38062925384163E-05,0.63569,2.33428,-1.1107,1,75.0874,348622,outside_own_roche_hot_not_broken
800,1416,1,belt_rock,0.0001321997738157315,0.485614,1.72021,-0.990105,1,82.6787,353050,outside_own_roche_hot_not_broken
800,1421,1,belt_rock,1.571658877790296E-05,0.436856,1.75027,-1.50156,1,86.158,277068,outside_own_roche_hot_not_broken
800,1482,1,belt_rock,2.8298309093900424E-05,0.765845,2.98304,-1.01239,1,66.9495,386333,outside_own_roche_hot_not_broken
800,1487,1,belt_rock,9.862134709118373E-06,0.726065,4.63832,-0.968921,1,45.7971,463498,outside_own_roche_hot_not_broken
800,1501,1,belt_rock,2.3666981552968807E-06,0.447909,2.43108,-1.12065,1,85.4034,326492,outside_own_roche_hot_not_broken
800,1522,1,belt_rock,5.201450869522759E-05,0.878226,3.26629,-1.09028,1,60.4264,387096,outside_own_roche_hot_not_broken
800,1570,1,belt_rock,6.599173965356059E-07,0.872423,5.97802,-1.07543,1,37.9623,460934,outside_own_roche_hot_not_broken
800,1578,1,belt_rock,2.2657187153962727E-05,0.700715,2.78483,-1.00507,1,77.7753,361322,outside_own_roche_hot_not_broken
800,1593,1,belt_rock,9.55366195508094E-06,0.582532,2.55194,-0.987656,1,79.4349,360715,outside_own_roche_hot_not_broken
800,1649,1,belt_rock,0.0001131309544627968,0.974948,3.47668,-1.14195,1,51.9218,398905,outside_own_roche_hot_not_broken
800,1683,1,belt_rock,9.37186776526829E-05,0.638226,2.29578,-1.11236,1,48.3614,416120,outside_own_roche_hot_not_broken
800,1688,1,belt_rock,9.9395369210029E-06,0.562362,3.58038,-0.99572,1,76.0187,367135,outside_own_roche_hot_not_broken
800,1807,1,belt_rock,3.4249918159041645E-05,0.750926,2.74649,-1.12658,1,51.9351,402320,outside_own_roche_hot_not_broken
800,1835,1,belt_rock,5.600599093037584E-05,0.743475,2.75206,-1.09656,1,55.0313,400363,outside_own_roche_hot_not_broken
800,1883,1,belt_rock,6.657343282087218E-07,0.563831,3.85688,-1.52375,1,124.259,232185,outside_own_roche_hot_not_broken
800,1890,1,belt_rock,6.632279485941831E-07,0.579551,6.24811,-1.1137,1,68.3616,362982,outside_own_roche_hot_not_broken
800,1893,1,belt_rock,2.4611062147050183E-05,0.567119,2.23706,-1.10967,1,55.2333,396885,outside_own_roche_hot_not_broken
800,1894,1,belt_rock,1.4398197530175788E-05,0.695576,2.82353,-1.47828,1,131.366,228957,outside_own_roche_hot_not_broken
800,1941,1,belt_rock,4.164750891839388E-05,0.579019,2.18664,-0.993042,1,74.5454,371159,outside_own_roche_hot_not_broken
800,5010,1,saturn_ring_ice,6.305919640030804E-07,0.955075,2.10338,-0.885083,1,22.0883,615257,outside_own_roche_hot_not_broken
800,5011,1,saturn_ring_ice,6.306793160532106E-07,0.946495,2.08438,-0.806754,1,26.1887,629945,outside_own_roche_hot_not_broken
800,5012,1,saturn_ring_ice,6.306451776156747E-07,0.985234,2.16974,-0.615304,1,32.5224,699163,outside_own_roche_hot_not_broken
800,5015,1,saturn_ring_ice,6.306719596752764E-07,0.954034,2.10099,-0.758958,1,27.8053,645651,outside_own_roche_hot_not_broken
800,5020,1,saturn_ring_ice,6.306206227209635E-07,0.996574,2.19474,-0.505584,1,37.4114,734082,outside_own_roche_hot_not_broken
800,5021,1,saturn_ring_ice,6.306235869136185E-07,0.970248,2.13676,-0.798388,1,24.7649,644821,outside_own_roche_hot_not_broken
800,5022,1,saturn_ring_ice,6.306694851138738E-07,0.938835,2.06752,-0.878663,1,23.4794,609499,outside_own_roche_hot_not_broken
800,5026,1,saturn_ring_ice,6.306227000466488E-07,0.990694,2.18179,-0.729993,1,26.6039,672377,outside_own_roche_hot_not_broken
800,5030,1,saturn_ring_ice,6.306427771522474E-07,0.945196,2.08156,-0.853116,1,24.2652,617787,outside_own_roche_hot_not_broken
800,5031,1,saturn_ring_ice,6.305554037939482E-07,0.934021,2.05706,-0.83068,1,25.7882,619608,outside_own_roche_hot_not_broken
800,5033,1,saturn_ring_ice,6.306510594862657E-07,0.957041,2.10764,-0.738209,1,28.5302,652544,outside_own_roche_hot_not_broken
800,5034,1,saturn_ring_ice,6.306209562318332E-07,0.973964,2.14494,-0.609777,1,33.5344,694322,outside_own_roche_hot_not_broken
800,5036,1,saturn_ring_ice,6.305572179613136E-07,0.942481,2.07569,-0.840214,1,25.0633,619354,outside_own_roche_hot_not_broken
800,5039,1,saturn_ring_ice,6.306222680374056E-07,0.998616,2.19923,-0.709392,1,27.095,681655,outside_own_roche_hot_not_broken
800,5040,1,saturn_ring_ice,6.306534348127071E-07,0.969111,2.13422,-0.862826,1,22.059,627482,outside_own_roche_hot_not_broken
800,5043,1,saturn_ring_ice,6.305999877917958E-07,0.941858,2.07426,-0.847643,1,24.7817,617263,outside_own_roche_hot_not_broken
800,5047,1,saturn_ring_ice,6.306489168957402E-07,0.947593,2.08684,-0.802258,1,26.2954,631706,outside_own_roche_hot_not_broken
800,5048,1,saturn_ring_ice,6.306660811206185E-07,0.972802,2.14233,-0.641527,1,32.0414,685602,outside_own_roche_hot_not_broken
800,5050,1,saturn_ring_ice,6.306402980441891E-07,0.952734,2.09817,-0.837331,1,24.2208,626642,outside_own_roche_hot_not_broken
800,5051,1,saturn_ring_ice,6.306485391920395E-07,0.964854,2.12485,-0.84081,1,23.2662,631323,outside_own_roche_hot_not_broken
800,5052,1,saturn_ring_ice,6.306103655629414E-07,0.965866,2.12712,-0.846713,1,22.9495,630239,outside_own_roche_hot_not_broken
800,5054,1,saturn_ring_ice,6.306124641646983E-07,0.947561,2.08681,-0.851506,1,23.9739,620605,outside_own_roche_hot_not_broken
800,5055,1,saturn_ring_ice,6.30620586462825E-07,0.959504,2.1131,-0.89014,1,21.5849,615912,outside_own_roche_hot_not_broken
800,5064,1,saturn_ring_ice,6.306925053180381E-07,0.945919,2.0831,-0.818323,1,25.5009,628299,outside_own_roche_hot_not_broken
800,5065,1,saturn_ring_ice,6.30605472717927E-07,0.968937,2.13389,-0.678785,1,30.5069,673912,outside_own_roche_hot_not_broken
800,5068,1,saturn_ring_ice,6.306588533903363E-07,0.96241,2.11945,-0.704432,1,29.7252,663969,outside_own_roche_hot_not_broken
800,5069,1,saturn_ring_ice,6.306021942890872E-07,0.942382,2.07542,-0.890074,1,22.7899,608051,outside_own_roche_hot_not_broken
800,5070,1,saturn_ring_ice,6.306223474030383E-07,0.975732,2.14884,-0.875512,1,21.1023,627082,outside_own_roche_hot_not_broken
800,5071,1,saturn_ring_ice,6.306846669769685E-07,0.950228,2.09259,-0.781895,1,27.0525,637854,outside_own_roche_hot_not_broken
800,5075,1,saturn_ring_ice,6.306521882075041E-07,0.957871,2.10947,-0.714448,1,29.5696,659025,outside_own_roche_hot_not_broken
800,5076,1,saturn_ring_ice,6.306636265086535E-07,0.954182,2.10133,-0.725928,1,29.2997,654135,outside_own_roche_hot_not_broken
800,5078,1,saturn_ring_ice,6.306087918980254E-07,0.992667,2.18615,-0.586516,1,33.4845,710823,outside_own_roche_hot_not_broken
800,5081,1,saturn_ring_ice,6.306519006107597E-07,0.964917,2.12498,-0.691341,1,30.174,668618,outside_own_roche_hot_not_broken
800,5082,1,saturn_ring_ice,6.306601850265554E-07,0.956585,2.10662,-0.790096,1,26.0292,640478,outside_own_roche_hot_not_broken
800,5086,1,saturn_ring_ice,6.305879482910825E-07,0.949163,2.09037,-0.897952,1,22.0079,609035,outside_own_roche_hot_not_broken
800,5087,1,saturn_ring_ice,6.306453840749689E-07,0.944449,2.07992,-0.888818,1,22.6906,609346,outside_own_roche_hot_not_broken
800,5088,1,saturn_ring_ice,6.306234126713355E-07,0.974345,2.14578,-0.782714,1,25.2031,650810,outside_own_roche_hot_not_broken
800,5090,1,saturn_ring_ice,6.306264082651832E-07,0.950518,2.0933,-0.8386,1,24.3166,625289,outside_own_roche_hot_not_broken
800,5091,1,saturn_ring_ice,6.306396088108711E-07,0.984096,2.16723,-0.619331,1,32.3968,697485,outside_own_roche_hot_not_broken
800,5094,1,saturn_ring_ice,6.306110149181616E-07,0.943512,2.07789,-0.836375,1,25.1213,621031,outside_own_roche_hot_not_broken
800,5102,1,saturn_ring_ice,6.306219703459984E-07,0.978896,2.1558,-0.587763,1,34.3112,702726,outside_own_roche_hot_not_broken
800,5103,1,saturn_ring_ice,6.306476619112925E-07,0.95378,2.10046,-0.775318,1,26.881,642858,outside_own_roche_hot_not_broken
800,5104,1,saturn_ring_ice,6.307038867820819E-07,0.948167,2.08803,-0.796676,1,26.5354,633152,outside_own_roche_hot_not_broken
800,5105,1,saturn_ring_ice,6.306295544686117E-07,0.936089,2.06152,-0.790741,1,27.387,630520,outside_own_roche_hot_not_broken
800,5107,1,saturn_ring_ice,6.305638011651795E-07,0.952424,2.09758,-0.760154,1,27.663,645991,outside_own_roche_hot_not_broken
800,5108,1,saturn_ring_ice,6.306541348805656E-07,0.953914,2.10075,-0.877469,1,22.4722,616752,outside_own_roche_hot_not_broken
800,5109,1,saturn_ring_ice,6.306448484925736E-07,0.936871,2.06323,-0.786821,1,27.5083,631860,outside_own_roche_hot_not_broken
800,5110,1,saturn_ring_ice,6.306352073124497E-07,0.950699,2.09369,-0.769802,1,27.5252,641394,outside_own_roche_hot_not_broken
800,5116,1,saturn_ring_ice,6.306311041871713E-07,0.985446,2.17022,-0.831908,1,22.3244,643071,outside_own_roche_hot_not_broken
800,5117,1,saturn_ring_ice,6.30604226644998E-07,0.937462,2.06458,-0.837983,1,25.2393,619371,outside_own_roche_hot_not_broken
800,5118,1,saturn_ring_ice,6.306565490815428E-07,0.973233,2.14329,-0.663418,1,30.9598,680139,outside_own_roche_hot_not_broken
800,5119,1,saturn_ring_ice,6.306802247816671E-07,0.961954,2.11842,-0.698758,1,30.0221,665182,outside_own_roche_hot_not_broken
800,5120,1,saturn_ring_ice,6.305990632732434E-07,0.929981,2.04811,-0.832385,1,25.9974,617295,outside_own_roche_hot_not_broken
800,5122,1,saturn_ring_ice,6.306730968822746E-07,0.940654,2.07153,-0.887306,1,23.0209,607990,outside_own_roche_hot_not_broken
800,5124,1,saturn_ring_ice,6.306705569905071E-07,0.947005,2.08551,-0.898946,1,22.1653,607501,outside_own_roche_hot_not_broken
800,5127,1,saturn_ring_ice,6.306048592674772E-07,0.941179,2.07276,-0.889623,1,22.9539,607225,outside_own_roche_hot_not_broken
800,5130,1,saturn_ring_ice,6.306712252259109E-07,0.956226,2.10582,-0.745556,1,28.2753,650073,outside_own_roche_hot_not_broken
800,5131,1,saturn_ring_ice,6.306130844927141E-07,0.94775,2.08722,-0.841892,1,24.3664,623154,outside_own_roche_hot_not_broken
800,5134,1,saturn_ring_ice,6.306391105859033E-07,0.987638,2.17504,-0.557403,1,35.2871,715507,outside_own_roche_hot_not_broken
800,5135,1,saturn_ring_ice,6.307256030125538E-07,0.987822,2.17533,-0.666781,1,29.834,687145,outside_own_roche_hot_not_broken
800,5136,1,saturn_ring_ice,6.306813231121778E-07,0.940082,2.07026,-0.832675,1,25.2825,621941,outside_own_roche_hot_not_broken
800,5137,1,saturn_ring_ice,6.305560446268028E-07,0.935005,2.05922,-0.82102,1,26.1342,622489,outside_own_roche_hot_not_broken
800,5142,1,saturn_ring_ice,6.306135648103875E-07,0.94688,2.08531,-0.856364,1,23.8181,619040,outside_own_roche_hot_not_broken
800,5144,1,saturn_ring_ice,6.305695183929318E-07,0.936983,2.06356,-0.875034,1,23.7534,609606,outside_own_roche_hot_not_broken
800,5148,1,saturn_ring_ice,6.306369393285188E-07,0.995765,2.19294,-0.810704,1,22.6148,653407,outside_own_roche_hot_not_broken
800,5154,1,saturn_ring_ice,6.306316130107886E-07,0.992129,2.18494,-0.811915,1,22.7828,651435,outside_own_roche_hot_not_broken
800,5156,1,saturn_ring_ice,6.306494693949013E-07,0.950979,2.09429,-0.902186,1,21.7415,608566,outside_own_roche_hot_not_broken
800,5159,1,saturn_ring_ice,6.306876792262526E-07,0.984586,2.16825,-0.61899,1,32.3823,697842,outside_own_roche_hot_not_broken
800,5161,1,saturn_ring_ice,6.306412435960021E-07,0.946638,2.08474,-0.807487,1,26.1424,629859,outside_own_roche_hot_not_broken
800,5166,1,saturn_ring_ice,6.306772148202513E-07,0.944518,2.08003,-0.823853,1,25.6101,624512,outside_own_roche_hot_not_broken
800,5168,1,saturn_ring_ice,6.306955914698467E-07,0.955937,2.10515,-0.889668,1,21.8475,614424,outside_own_roche_hot_not_broken
800,5169,1,saturn_ring_ice,6.306006352093403E-07,0.946094,2.08359,-0.812907,1,25.9581,628133,outside_own_roche_hot_not_broken
800,5171,1,saturn_ring_ice,6.306101674583294E-07,0.991313,2.18317,-0.591364,1,33.3267,708795,outside_own_roche_hot_not_broken
800,5173,1,saturn_ring_ice,6.306800718742101E-07,0.947165,2.08585,-0.803214,1,26.2907,631205,outside_own_roche_hot_not_broken
800,5176,1,saturn_ring_ice,6.306723345884741E-07,0.947043,2.0856,-0.89611,1,22.3017,608086,outside_own_roche_hot_not_broken
800,5177,1,saturn_ring_ice,6.306115526284648E-07,0.941708,2.07392,-0.862222,1,24.1151,613949,outside_own_roche_hot_not_broken
800,5179,1,saturn_ring_ice,6.306686474203832E-07,0.980739,2.15981,-0.842972,1,22.1474,637988,outside_own_roche_hot_not_broken
800,5181,1,saturn_ring_ice,6.306579856661158E-07,0.952555,2.09775,-0.880423,1,22.4469,615351,outside_own_roche_hot_not_broken
800,5184,1,saturn_ring_ice,6.306281989887079E-07,0.948078,2.08793,-0.891264,1,22.4312,609761,outside_own_roche_hot_not_broken
800,5185,1,saturn_ring_ice,6.306389695230936E-07,0.996275,2.19406,-0.700239,1,27.676,682887,outside_own_roche_hot_not_broken
800,5186,1,saturn_ring_ice,6.306995350350795E-07,0.939541,2.06904,-0.889554,1,23.0884,606393,outside_own_roche_hot_not_broken
800,5187,1,saturn_ring_ice,6.305549486933242E-07,0.938488,2.06689,-0.894853,1,22.9136,604795,outside_own_roche_hot_not_broken
800,5189,1,saturn_ring_ice,6.306325367345549E-07,0.953075,2.09893,-0.760246,1,27.8011,644931,outside_own_roche_hot_not_broken
800,5190,1,saturn_ring_ice,6.30605654127689E-07,0.945001,2.08118,-0.868048,1,23.468,615145,outside_own_roche_hot_not_broken
800,5191,1,saturn_ring_ice,6.306345332730903E-07,0.981561,2.16166,-0.842826,1,22.0998,638410,outside_own_roche_hot_not_broken
800,5194,1,saturn_ring_ice,6.306427721591941E-07,0.954027,2.10101,-0.863466,1,23.0366,620474,outside_own_roche_hot_not_broken
800,5195,1,saturn_ring_ice,6.306394429075873E-07,0.943447,2.07772,-0.8615,1,23.8432,616131,outside_own_roche_hot_not_broken
800,5196,1,saturn_ring_ice,6.306628802196443E-07,0.932737,2.0541,-0.799,1,27.253,626877,outside_own_roche_hot_not_broken
800,5197,1,saturn_ring_ice,6.306289395958787E-07,0.988724,2.17744,-0.840039,1,21.7695,642381,outside_own_roche_hot_not_broken
800,5199,1,saturn_ring_ice,6.306343892483468E-07,0.963168,2.12115,-0.793339,1,25.4492,642788,outside_own_roche_hot_not_broken
800,5205,1,saturn_ring_ice,6.305812002632465E-07,0.976688,2.15099,-0.61222,1,33.2311,695234,outside_own_roche_hot_not_broken
800,5210,1,saturn_ring_ice,6.306556759435295E-07,0.95114,2.09464,-0.903159,1,21.6906,608391,outside_own_roche_hot_not_broken
800,5211,1,saturn_ring_ice,6.30668472101594E-07,0.973784,2.14449,-0.793474,1,24.7544,647770,outside_own_roche_hot_not_broken
800,5216,1,saturn_ring_ice,6.306408897999464E-07,0.944002,2.07894,-0.87499,1,23.3812,612059,outside_own_roche_hot_not_broken
800,5217,1,saturn_ring_ice,6.306101281075474E-07,0.96874,2.13345,-0.665692,1,31.1441,677188,outside_own_roche_hot_not_broken
800,5219,1,saturn_ring_ice,6.30628507810514E-07,0.944874,2.08087,-0.843239,1,24.7139,620076,outside_own_roche_hot_not_broken
800,5220,1,saturn_ring_ice,6.306095191302684E-07,0.943655,2.07821,-0.876085,1,23.2383,612421,outside_own_roche_hot_not_broken
800,5224,1,saturn_ring_ice,6.305831035000852E-07,0.957912,2.10964,-0.71648,1,29.4715,658536,outside_own_roche_hot_not_broken
800,5229,1,saturn_ring_ice,6.306390980675417E-07,0.951228,2.09485,-0.842335,1,24.1096,624661,outside_own_roche_hot_not_broken
800,5231,1,saturn_ring_ice,6.305565837521136E-07,0.933137,2.05511,-0.847336,1,25.1482,614991,outside_own_roche_hot_not_broken
800,5234,1,saturn_ring_ice,6.307047513648318E-07,0.962219,2.11898,-0.715042,1,29.2628,661002,outside_own_roche_hot_not_broken
800,5235,1,saturn_ring_ice,6.306338950963379E-07,0.951794,2.0961,-0.746932,1,28.5022,647591,outside_own_roche_hot_not_broken
800,5239,1,saturn_ring_ice,6.306764308470112E-07,0.949328,2.09062,-0.902003,1,21.8546,607928,outside_own_roche_hot_not_broken
800,5240,1,saturn_ring_ice,6.306554257608428E-07,0.951272,2.09493,-0.772775,1,27.3502,640943,outside_own_roche_hot_not_broken
800,5243,1,saturn_ring_ice,6.305513665964697E-07,0.939457,2.06903,-0.875877,1,23.7436,609231,outside_own_roche_hot_not_broken
800,5248,1,saturn_ring_ice,6.307060819348453E-07,0.94242,2.07538,-0.845203,1,24.8218,618298,outside_own_roche_hot_not_broken
850,2,1,planet,0.8151215664792153,0.667638,2.4344,-1.73754,1,17.3974,365432,outside_own_roche_hot_not_broken
850,38,1,belt_rock,1.1021391526631291E-05,0.73607,4.60714,-1.06193,1,39.2305,460234,outside_own_roche_hot_not_broken
850,89,1,belt_rock,1.9447634323182094E-06,0.433742,2.45435,-4.33691,1,7.68118,161163,outside_own_roche_hot_not_broken
850,99,1,belt_rock,0.00011394564875542001,0.318954,1.13719,-1.44904,1,148.401,216227,outside_own_roche_hot_not_broken
850,121,1,belt_rock,5.235806259328425E-06,0.775272,3.70275,-0.932841,1,68.5278,399245,outside_own_roche_hot_not_broken
850,137,1,belt_rock,0.00012948321103650742,0.661928,2.1865,-0.895844,1,50.631,467332,outside_own_roche_hot_not_broken
850,144,1,belt_rock,2.478928073063024E-06,0.574059,3.09178,-0.941978,1,69.1132,395607,outside_own_roche_hot_not_broken
850,199,1,belt_rock,7.80086165053359E-06,0.826337,5.5066,-1.4371,1,94.1587,273298,outside_own_roche_hot_not_broken
850,221,1,belt_rock,1.3679684436860946E-06,0.98316,5.87202,-0.975363,1,70.0727,385910,outside_own_roche_hot_not_broken
850,244,1,belt_rock,1.936135125523182E-06,0.673926,3.78497,-1.40962,1,78.8254,298306,outside_own_roche_hot_not_broken
850,264,1,belt_rock,1.1450342531930353E-06,0.529183,3.31428,-1.46447,1,97.9534,265695,outside_own_roche_hot_not_broken
850,388,1,belt_rock,9.077453292717553E-07,0.594933,6.00838,-1.4595,1,98.5245,265482,outside_own_roche_hot_not_broken
850,390,1,belt_rock,2.7576377582395805E-05,0.632539,2.47222,-1.43387,1,87.6834,282391,outside_own_roche_hot_not_broken
850,397,1,belt_rock,2.2159016367563655E-06,0.726229,3.98563,-0.959623,1,67.9592,394903,outside_own_roche_hot_not_broken
850,526,1,belt_rock,6.954935084349453E-06,0.989946,6.72672,-1.38664,1,97.8195,273791,outside_own_roche_hot_not_broken
850,538,1,belt_rock,6.569448769827544E-07,0.822608,5.64165,-1.08565,1,72.7838,358026,outside_own_roche_hot_not_broken
850,602,1,belt_rock,7.218161535711282E-06,0.763636,3.4751,-0.932933,1,71.6201,390784,outside_own_roche_hot_not_broken
850,605,1,belt_rock,2.4041749778437364E-05,0.480093,1.89911,-1.42014,1,80.3342,294691,outside_own_roche_hot_not_broken
850,615,1,belt_rock,4.0330174319880445E-05,0.921075,3.48712,-1.08782,1,57.0011,396829,outside_own_roche_hot_not_broken
850,633,1,belt_rock,2.2297405295397162E-06,0.542622,4.5722,-1.4596,1,93.9079,271289,outside_own_roche_hot_not_broken
850,639,1,belt_rock,6.57072814511316E-07,0.920664,6.3139,-0.925392,1,70.2521,396123,outside_own_roche_hot_not_broken
850,640,1,belt_rock,6.659154956500555E-07,0.743792,8.01199,-1.04922,1,41.4353,455872,outside_own_roche_hot_not_broken
850,680,1,belt_rock,4.861405982743535E-05,0.769155,2.87454,-1.39945,1,78.1362,300665,outside_own_roche_hot_not_broken
850,741,1,belt_rock,5.936967784450944E-05,0.990063,3.44539,-0.968334,1,77.0264,369945,outside_own_roche_hot_not_broken
850,777,1,belt_rock,6.991219520240566E-05,0.921867,3.36689,-0.926391,1,64.3554,412763,outside_own_roche_hot_not_broken
850,798,1,belt_rock,0.00013075126953582405,0.70503,3.25117,-0.955903,1,70.9288,387745,outside_own_roche_hot_not_broken
850,830,1,belt_rock,7.849494695636164E-05,0.759589,2.75694,-1.07672,1,57.7117,397319,outside_own_roche_hot_not_broken
850,833,1,belt_rock,7.177213757332786E-05,0.701745,3.41269,-1.4117,1,102.619,265147,outside_own_roche_hot_not_broken
850,866,1,belt_rock,8.181715438909201E-06,0.533297,2.38518,-0.940813,1,71.7597,388737,outside_own_roche_hot_not_broken
850,868,1,belt_rock,8.917864153292904E-06,0.559718,3.63207,-1.0671,1,59.9538,393293,outside_own_roche_hot_not_broken
850,898,1,belt_rock,1.1462926508708358E-05,0.322758,1.38681,-1.44107,1,140.009,223875,outside_own_roche_hot_not_broken
850,924,1,belt_rock,3.3763399598335448E-06,0.601332,3.0808,-0.945323,1,70.7007,390592,outside_own_roche_hot_not_broken
850,947,1,belt_rock,1.4080377107167892E-06,0.725221,4.3089,-0.881687,1,124.998,292298,outside_own_roche_hot_not_broken
850,979,1,belt_rock,0.00011519500890023811,0.738353,2.45466,-0.930101,1,72.7316,388434,outside_own_roche_hot_not_broken
850,1003,1,belt_rock,6.641968612579456E-07,0.700901,7.55406,-2.2256,1,14.6723,296564,outside_own_roche_hot_not_broken
850,1007,1,belt_rock,3.3115050571296646E-05,0.612365,2.35377,-1.07083,1,83.4294,337997,outside_own_roche_hot_not_broken
850,1039,1,belt_rock,1.4902153064625616E-05,0.643843,3.83509,-1.06035,1,44.5186,441868,outside_own_roche_hot_not_broken
850,1143,1,belt_rock,1.2209623118812813E-06,0.915529,5.58266,-1.45091,1,160.58,206591,outside_own_roche_hot_not_broken
850,1176,1,belt_rock,2.870646814965824E-06,0.57477,3.02196,-0.94082,1,80.2354,367547,outside_own_roche_hot_not_broken
850,1201,1,belt_rock,5.881881375868684E-06,0.458242,2.15772,-1.42525,1,76.9246,299322,outside_own_roche_hot_not_broken
850,1325,1,belt_rock,9.219194837431378E-07,0.578159,3.71508,-1.43728,1,105.856,258805,outside_own_roche_hot_not_broken
850,1338,1,belt_rock,5.937082442777558E-05,0.810102,2.98771,-1.08322,1,63.4247,380817,outside_own_roche_hot_not_broken
850,1429,1,belt_rock,3.7997762985218234E-05,0.51146,1.94467,-0.938236,1,78.2054,372911,outside_own_roche_hot_not_broken
850,1445,1,belt_rock,1.8156750496775532E-05,0.525531,2.13514,-1.06375,1,77.7106,351046,outside_own_roche_hot_not_broken
850,1459,1,belt_rock,7.682984472032719E-06,0.533619,2.40726,-0.945993,1,71.371,388669,outside_own_roche_hot_not_broken
850,1522,1,belt_rock,5.201450869522759E-05,0.777892,2.89313,-1.08023,1,61.2309,387093,outside_own_roche_hot_not_broken
850,1531,1,belt_rock,3.729638899649471E-05,0.640547,2.43896,-0.944332,1,79.303,369093,outside_own_roche_hot_not_broken
850,1570,1,belt_rock,6.599173965356059E-07,0.860294,5.89491,-1.06873,1,38.4979,460932,outside_own_roche_hot_not_broken
850,1573,1,belt_rock,0.00010933804792976136,0.650136,2.32168,-1.07471,1,75.1974,354610,outside_own_roche_hot_not_broken
850,1625,1,belt_rock,6.789067757934015E-05,0.973875,4.76122,-1.04323,1,72.7683,365839,outside_own_roche_hot_not_broken
850,1664,1,belt_rock,2.8322137360573915E-05,0.436152,1.70014,-1.48844,1,119.432,239633,outside_own_roche_hot_not_broken
850,1674,1,belt_rock,4.8052161831309224E-05,0.725861,3.68321,-0.930236,1,75.5624,381074,outside_own_roche_hot_not_broken
850,1685,1,belt_rock,1.776224965867709E-05,0.695259,4.03367,-1.40069,1,75.767,304298,outside_own_roche_hot_not_broken
850,1705,1,belt_rock,7.243667174845303E-07,0.543349,3.72821,-1.46857,1,106.246,255457,outside_own_roche_hot_not_broken
850,1706,1,belt_rock,4.57761263009354E-05,0.861943,3.23528,-1.44224,1,105.748,258467,outside_own_roche_hot_not_broken
850,1720,1,belt_rock,1.5765540184169807E-05,0.584311,3.44825,-0.939377,1,71.4717,389805,outside_own_roche_hot_not_broken
850,1753,1,belt_rock,6.241632068387203E-05,0.807657,2.96943,-1.05194,1,70.8207,368793,outside_own_roche_hot_not_broken
850,1835,1,belt_rock,5.600599093037584E-05,0.921114,3.40961,-1.08715,1,55.7846,400361,outside_own_roche_hot_not_broken
850,1838,1,belt_rock,4.745002461219935E-05,0.421207,1.4943,-1.42016,1,79.6698,295701,outside_own_roche_hot_not_broken
850,1864,1,belt_rock,3.455384629849253E-06,0.577602,2.94851,-0.947678,1,65.9277,403226,outside_own_roche_hot_not_broken
850,1867,1,belt_rock,3.8839903155708504E-05,0.63363,2.40517,-0.950375,1,74.8124,378899,outside_own_roche_hot_not_broken
850,1875,1,belt_rock,6.14996322009509E-05,0.683176,3.37441,-1.057,1,56.1849,406083,outside_own_roche_hot_not_broken
850,1894,1,belt_rock,1.4398197530175788E-05,0.944353,3.83339,-1.46383,1,132.522,228956,outside_own_roche_hot_not_broken
850,1966,1,belt_rock,9.860644374558425E-06,0.979495,4.27181,-0.92357,1,65.7527,409300,outside_own_roche_hot_not_broken
850,1998,1,belt_rock,5.927086706501088E-07,0.541129,2.18925,-1.47434,1,122.645,237555,outside_own_roche_hot_not_broken
900,2,1,planet,0.8151215664792153,0.871207,3.17667,-1.73244,1,17.806,365430,outside_own_roche_hot_not_broken
900,17,1,belt_rock,6.827172754266853E-07,0.543943,3.70263,-1.36433,1,103.964,268189,outside_own_roche_hot_not_broken
900,73,1,belt_rock,1.0632625213682056E-05,0.571402,1.26581,-0.905758,1,66.0532,412621,outside_own_roche_hot_not_broken
900,89,1,belt_rock,1.9447634323182094E-06,0.41087,2.32492,-4.33203,1,8.07154,161163,outside_own_roche_hot_not_broken
900,93,1,belt_rock,3.06510603592216E-05,0.709808,2.7459,-1.01436,1,37.3703,482232,outside_own_roche_hot_not_broken
900,121,1,belt_rock,5.235806259328425E-06,0.921109,4.39928,-0.922589,1,69.348,399243,outside_own_roche_hot_not_broken
900,161,1,belt_rock,1.3024645498304806E-05,0.612354,2.58069,-1.02284,1,62.8414,395065,outside_own_roche_hot_not_broken
900,199,1,belt_rock,7.80086165053359E-06,0.77458,5.1617,-1.42429,1,95.1837,273297,outside_own_roche_hot_not_broken
900,244,1,belt_rock,1.936135125523182E-06,0.907911,5.0991,-1.39649,1,79.8757,298304,outside_own_roche_hot_not_broken
900,273,1,belt_rock,3.3188480904606746E-06,0.54595,4.26176,-0.903571,1,69.2585,403787,outside_own_roche_hot_not_broken
900,360,1,belt_rock,4.027573292914273E-05,0.585979,2.21823,-0.895096,1,68.867,406861,outside_own_roche_hot_not_broken
900,388,1,belt_rock,9.077453292717553E-07,0.990281,10.0011,-1.4433,1,99.8211,265479,outside_own_roche_hot_not_broken
900,390,1,belt_rock,2.7576377582395805E-05,0.950359,3.71439,-1.4194,1,88.8419,282388,outside_own_roche_hot_not_broken
900,418,1,belt_rock,9.811249370545657E-05,0.662292,2.37674,-0.907602,1,68.8264,404100,outside_own_roche_hot_not_broken
900,421,1,belt_rock,1.7261250963131759E-06,0.704357,6.24266,-0.894332,1,65.0566,418392,outside_own_roche_hot_not_broken
900,425,1,belt_rock,5.524092275825576E-06,0.66757,3.17407,-1.411,1,141.25,224900,outside_own_roche_hot_not_broken
900,428,1,belt_rock,8.935650146133422E-07,0.801164,5.27008,-0.893524,1,65.3156,417798,outside_own_roche_hot_not_broken
900,432,1,belt_rock,6.680547538572403E-07,0.626475,4.28249,-1.01861,1,54.185,421257,outside_own_roche_hot_not_broken
900,526,1,belt_rock,6.954935084349453E-06,0.607253,4.12631,-1.37092,1,99.0775,273789,outside_own_roche_hot_not_broken
900,529,1,belt_rock,3.376534791648795E-05,0.949825,3.64434,-0.883669,1,62.0477,430565,outside_own_roche_hot_not_broken
900,601,1,belt_rock,1.704057254601463E-05,0.42071,1.72311,-1.42199,1,100.024,267345,outside_own_roche_hot_not_broken
900,602,1,belt_rock,7.218161535711282E-06,0.929878,4.23162,-0.922332,1,72.4682,390782,outside_own_roche_hot_not_broken
900,607,1,belt_rock,2.7172843853709414E-06,0.60736,3.22198,-1.02676,1,73.5579,367078,outside_own_roche_hot_not_broken
900,614,1,belt_rock,5.650293830965371E-06,0.618462,2.91976,-1.0263,1,70.4712,374594,outside_own_roche_hot_not_broken
900,638,1,belt_rock,5.309885447692337E-05,0.65088,2.41732,-1.02524,1,52.7103,424210,outside_own_roche_hot_not_broken
900,639,1,belt_rock,6.57072814511316E-07,0.775697,5.31971,-0.914991,1,71.0842,396121,outside_own_roche_hot_not_broken
900,651,1,belt_rock,7.413041658018244E-05,0.986577,3.5916,-0.999337,1,47.8834,447106,outside_own_roche_hot_not_broken
900,664,1,belt_rock,8.019870948084456E-05,0.659314,3.17092,-0.897651,1,63.3954,422711,outside_own_roche_hot_not_broken
900,680,1,belt_rock,4.861405982743535E-05,0.817856,3.05655,-1.38718,1,79.1179,300663,outside_own_roche_hot_not_broken
900,698,1,belt_rock,0.0001103880913655758,0.861361,3.07442,-0.888003,1,64.2179,422553,outside_own_roche_hot_not_broken
900,762,1,belt_rock,5.228761023098206E-06,0.674577,3.19882,-1.01878,1,42.919,459356,outside_own_roche_hot_not_broken
900,777,1,belt_rock,6.991219520240566E-05,0.78237,2.85741,-0.916653,1,65.1344,412761,outside_own_roche_hot_not_broken
900,797,1,belt_rock,1.7132531292981684E-05,0.652658,2.66764,-1.02638,1,61.7825,397195,outside_own_roche_hot_not_broken
900,832,1,belt_rock,1.2723288705446799E-06,0.801665,4.85158,-1.3976,1,130.005,236355,outside_own_roche_hot_not_broken
900,833,1,belt_rock,7.177213757332786E-05,0.910936,4.43001,-1.39795,1,103.719,265146,outside_own_roche_hot_not_broken
900,906,1,belt_rock,2.2837145817206435E-05,0.616313,2.35466,-1.02165,1,50.1979,433213,outside_own_roche_hot_not_broken
900,918,1,belt_rock,1.557636876652008E-05,0.312599,1.29273,-1.4489,1,146.358,217919,outside_own_roche_hot_not_broken
900,938,1,belt_rock,4.2847607367795894E-05,0.593746,2.23741,-0.905802,1,63.134,421493,outside_own_roche_hot_not_broken
900,979,1,belt_rock,0.00011519500890023811,0.956009,3.17826,-0.919318,1,73.5942,388432,outside_own_roche_hot_not_broken
900,980,1,belt_rock,3.9641705493473356E-05,0.699969,2.52497,-0.851565,1,73.5724,403350,outside_own_roche_hot_not_broken
900,1003,1,belt_rock,6.641968612579456E-07,0.93752,10.1043,-2.22895,1,14.4035,296564,outside_own_roche_hot_not_broken
900,1013,1,belt_rock,9.36852339477434E-06,0.724064,3.18117,-1.02016,1,39.4329,472166,outside_own_roche_hot_not_broken
900,1055,1,belt_rock,1.5798873331229318E-06,0.827553,4.8165,-0.885017,1,62.6785,428182,outside_own_roche_hot_not_broken
900,1106,1,belt_rock,4.784559652363653E-06,0.392544,1.90758,-1.36851,1,93.9001,281018,outside_own_roche_hot_not_broken
900,1119,1,belt_rock,6.608765001275766E-07,0.940417,6.44211,-0.995548,1,34.8516,499179,outside_own_roche_hot_not_broken
900,1158,1,belt_rock,9.41390110065754E-06,0.431502,1.8604,-1.44137,1,161.896,206178,outside_own_roche_hot_not_broken
900,1163,1,belt_rock,3.464418339932956E-05,0.573429,2.19577,-0.905017,1,67.1218,409636,outside_own_roche_hot_not_broken
900,1224,1,belt_rock,2.0804853927468405E-05,0.743345,2.97853,-1.01393,1,48.3774,441371,outside_own_roche_hot_not_broken
900,1236,1,belt_rock,3.956026175725538E-06,0.794273,5.99888,-0.892317,1,64.4059,420894,outside_own_roche_hot_not_broken
900,1254,1,belt_rock,1.179143334727382E-05,0.65847,4.07138,-0.90777,1,65.9796,412361,outside_own_roche_hot_not_broken
900,1284,1,belt_rock,8.018649085216489E-06,0.973921,2.25994,-0.87943,1,64.9113,422529,outside_own_roche_hot_not_broken
900,1293,1,belt_rock,4.3071127847538974E-05,0.568199,2.03225,-0.903488,1,67.6723,408383,outside_own_roche_hot_not_broken
900,1305,1,belt_rock,8.307795636088752E-07,0.813718,8.37014,-1.39601,1,120.722,245925,outside_own_roche_hot_not_broken
900,1310,1,belt_rock,6.57392693100624E-07,0.626101,6.76247,-1.02578,1,60.2689,401553,outside_own_roche_hot_not_broken
900,1317,1,belt_rock,9.15531759102845E-05,0.297001,1.00179,-1.42244,1,140.082,225123,outside_own_roche_hot_not_broken
900,1360,1,belt_rock,7.055911110701351E-07,0.641059,4.33587,-0.905164,1,69.3192,403251,outside_own_roche_hot_not_broken
900,1408,1,belt_rock,6.724761594833252E-07,0.758607,5.17907,-1.01005,1,38.1295,480553,outside_own_roche_hot_not_broken
900,1431,1,belt_rock,1.2877988446477373E-05,0.524599,3.20337,-1.34482,1,76.5836,310332,outside_own_roche_hot_not_broken
900,1479,1,belt_rock,2.6647602801082736E-05,0.648939,2.43646,-1.02069,1,45.437,449702,outside_own_roche_hot_not_broken
900,1549,1,belt_rock,1.1520328550631034E-05,0.958683,4.10805,-1.38593,1,122.699,244693,outside_own_roche_hot_not_broken
900,1571,1,belt_rock,3.8849378993641016E-06,0.937893,4.70175,-0.831219,1,53.5556,476070,outside_own_roche_hot_not_broken
900,1607,1,belt_rock,1.3745875838304412E-05,0.543751,2.2771,-0.89347,1,70.4023,402831,outside_own_roche_hot_not_broken
900,1624,1,belt_rock,0.00012796138765296694,0.506278,2.33899,-1.36156,1,92.9568,283105,outside_own_roche_hot_not_broken
900,1625,1,belt_rock,6.789067757934015E-05,0.689057,3.36876,-1.03174,1,73.6876,365838,outside_own_roche_hot_not_broken
900,1674,1,belt_rock,4.8052161831309224E-05,0.966769,4.90564,-0.919108,1,76.4527,381072,outside_own_roche_hot_not_broken
900,1679,1,belt_rock,9.380250515967634E-05,0.841111,3.02524,-0.999616,1,31.4898,512778,outside_own_roche_hot_not_broken
900,1685,1,belt_rock,1.776224965867709E-05,0.886591,5.14371,-1.38803,1,76.7801,304297,outside_own_roche_hot_not_broken
900,1703,1,belt_rock,4.267325314183137E-05,0.855816,4.40576,-1.39729,1,166.504,205377,outside_own_roche_hot_not_broken
900,1706,1,belt_rock,4.57761263009354E-05,0.753606,2.82864,-1.42906,1,106.801,258466,outside_own_roche_hot_not_broken
900,1722,1,belt_rock,7.005142127119329E-05,0.940374,3.43502,-1.32861,1,91.5772,288850,outside_own_roche_hot_not_broken
900,1729,1,belt_rock,1.6974650892955918E-05,0.997764,5.83174,-1.34811,1,69.006,323167,outside_own_roche_hot_not_broken
900,1733,1,belt_rock,3.7973166626542763E-06,0.527005,2.6447,-1.40359,1,94.1858,276810,outside_own_roche_hot_not_broken
900,1753,1,belt_rock,6.241632068387203E-05,0.85237,3.13382,-1.04105,1,71.6917,368791,outside_own_roche_hot_not_broken
900,1821,1,belt_rock,0.00013105447116016063,0.975703,3.45746,-0.999725,1,45.6308,455013,outside_own_roche_hot_not_broken
900,1871,1,belt_rock,6.569500624288507E-07,0.658203,4.6067,-0.896125,1,63.8166,421778,outside_own_roche_hot_not_broken
900,1907,1,belt_rock,2.8453549299963537E-05,0.555916,2.16365,-0.901121,1,67.8369,408455,outside_own_roche_hot_not_broken
900,1966,1,belt_rock,9.860644374558425E-06,0.727153,3.17128,-0.913647,1,66.5466,409298,outside_own_roche_hot_not_broken
950,16,1,belt_rock,1.2326635398662286E-05,0.654146,4.01532,-0.984578,1,51.8903,437433,outside_own_roche_hot_not_broken
950,89,1,belt_rock,1.9447634323182094E-06,0.361036,2.04293,-4.32809,1,8.38662,161162,outside_own_roche_hot_not_broken
950,119,1,belt_rock,2.0919949642102475E-06,0.636165,5.42782,-0.857282,1,58.0677,451270,outside_own_roche_hot_not_broken
950,297,1,belt_rock,1.4396121228647316E-06,0.414094,2.45053,-1.38695,1,150.248,218808,outside_own_roche_hot_not_broken
950,313,1,belt_rock,8.199003628706731E-05,0.602171,2.18026,-0.86344,1,63.6905,430484,outside_own_roche_hot_not_broken
950,425,1,belt_rock,5.524092275825576E-06,0.990261,4.70835,-1.39556,1,142.485,224899,outside_own_roche_hot_not_broken
950,428,1,belt_rock,8.935650146133422E-07,0.912135,6.00005,-0.883855,1,66.089,417796,outside_own_roche_hot_not_broken
950,496,1,belt_rock,0.00012102442704219571,0.648877,2.30678,-0.860231,1,60.76,441072,outside_own_roche_hot_not_broken
950,529,1,belt_rock,3.376534791648795E-05,0.775882,2.97695,-0.874461,1,62.7837,430565,outside_own_roche_hot_not_broken
950,551,1,belt_rock,1.5217619224404696E-05,0.998539,4.13332,-0.960553,1,44.5435,470834,outside_own_roche_hot_not_broken
950,606,1,belt_rock,1.290627479530527E-06,0.862603,2.8571,-0.852798,1,61.1041,441926,outside_own_roche_hot_not_broken
950,649,1,belt_rock,8.662589025225851E-06,0.534392,2.37841,-1.34424,1,70.4923,321029,outside_own_roche_hot_not_broken
950,651,1,belt_rock,7.413041658018244E-05,0.745991,2.71576,-0.991817,1,48.485,447104,outside_own_roche_hot_not_broken
950,658,1,belt_rock,7.094293522511151E-07,0.606594,4.09845,-0.861629,1,63.2652,432340,outside_own_roche_hot_not_broken
950,677,1,belt_rock,1.9139381041712634E-06,0.973782,8.45538,-0.960337,1,36.1996,505664,outside_own_roche_hot_not_broken
950,678,1,belt_rock,1.784486290465502E-05,0.560049,3.2483,-1.33448,1,69.9668,323403,outside_own_roche_hot_not_broken
950,690,1,belt_rock,4.023587267859821E-05,0.535051,1.92679,-1.36931,1,137.001,231817,outside_own_roche_hot_not_broken
950,698,1,belt_rock,0.0001103880913655758,0.854701,3.05065,-0.878497,1,64.978,422552,outside_own_roche_hot_not_broken
950,769,1,belt_rock,4.200454182736083E-05,0.44849,1.6938,-1.34216,1,71.9203,318771,outside_own_roche_hot_not_broken
950,832,1,belt_rock,1.2723288705446799E-06,0.858187,5.19365,-1.38456,1,131.048,236354,outside_own_roche_hot_not_broken
950,895,1,belt_rock,8.183703194771465E-05,0.602231,2.18068,-0.86515,1,60.4258,440870,outside_own_roche_hot_not_broken
950,900,1,belt_rock,1.0796437951920822E-06,0.275934,1.72128,-2.12883,1,274.367,128529,outside_own_roche_hot_not_broken
950,917,1,belt_rock,6.020158404260856E-05,0.435734,1.6059,-1.29412,1,98.9982,282200,outside_own_roche_hot_not_broken
950,919,1,belt_rock,8.10947816908295E-05,0.64729,2.34495,-0.86154,1,59.49,445075,outside_own_roche_hot_not_broken
950,973,1,belt_rock,6.567553000252864E-07,0.59199,4.06024,-0.98575,1,56.8767,421061,outside_own_roche_hot_not_broken
950,990,1,belt_rock,1.3741454516244253E-05,0.976645,4.09606,-1.33084,1,107.958,266543,outside_own_roche_hot_not_broken
950,1003,1,belt_rock,6.641968612579456E-07,0.7246,7.80949,-2.23214,1,14.1486,296562,outside_own_roche_hot_not_broken
950,1055,1,belt_rock,1.5798873331229318E-06,0.893317,5.19926,-0.875707,1,63.4231,428181,outside_own_roche_hot_not_broken
950,1119,1,belt_rock,6.608765001275766E-07,0.865504,5.92893,-0.989984,1,35.2967,499177,outside_own_roche_hot_not_broken
950,1224,1,belt_rock,2.0804853927468405E-05,0.979666,3.92546,-1.0062,1,48.9955,441369,outside_own_roche_hot_not_broken
950,1236,1,belt_rock,3.956026175725538E-06,0.921572,6.96033,-0.882757,1,65.1705,420893,outside_own_roche_hot_not_broken
950,1244,1,belt_rock,6.834052236094362E-05,0.804326,2.94143,-0.972776,1,42.4142,475343,outside_own_roche_hot_not_broken
950,1284,1,belt_rock,8.018649085216489E-06,0.748753,1.73744,-0.869871,1,65.6755,422529,outside_own_roche_hot_not_broken
950,1305,1,belt_rock,8.307795636088752E-07,0.833255,8.57111,-1.38303,1,121.76,245924,outside_own_roche_hot_not_broken
950,1342,1,belt_rock,3.1990054360684496E-06,0.703798,3.63861,-0.986772,1,47.7015,451294,outside_own_roche_hot_not_broken
950,1401,1,belt_rock,9.135925973096071E-07,0.659466,4.24483,-0.865034,1,61.7785,436348,outside_own_roche_hot_not_broken
950,1404,1,belt_rock,6.688696473827213E-07,0.955096,6.52735,-0.849998,1,57.4377,455633,outside_own_roche_hot_not_broken
950,1411,1,belt_rock,0.00012568273917686705,0.825398,2.92978,-0.97059,1,45.4569,464269,outside_own_roche_hot_not_broken
950,1425,1,belt_rock,1.8267352167162287E-06,0.640801,3.63544,-0.860996,1,63.992,430140,outside_own_roche_hot_not_broken
950,1437,1,belt_rock,4.6884996640353235E-06,0.821111,5.99679,-0.847223,1,58.1978,453686,outside_own_roche_hot_not_broken
950,1549,1,belt_rock,1.1520328550631034E-05,0.680397,2.91556,-1.3712,1,123.878,244691,outside_own_roche_hot_not_broken
950,1551,1,belt_rock,2.2403898880474616E-05,0.845166,3.36201,-0.968211,1,37.8262,495766,outside_own_roche_hot_not_broken
950,1557,1,belt_rock,0.00010390914397456924,0.647149,2.3171,-1.31116,1,61.9727,342512,outside_own_roche_hot_not_broken
950,1567,1,belt_rock,2.0018021102618764E-05,0.662261,1.3349,-0.85756,1,66.511,422996,outside_own_roche_hot_not_broken
950,1571,1,belt_rock,3.8849378993641016E-06,0.837964,4.2008,-0.823511,1,54.1714,476071,outside_own_roche_hot_not_broken
950,1574,1,belt_rock,5.231274063515944E-05,0.760757,2.82923,-1.34223,1,98.2885,277893,outside_own_roche_hot_not_broken
950,1614,1,belt_rock,1.992183699927453E-06,0.844847,4.72162,-0.853186,1,59.4152,447665,outside_own_roche_hot_not_broken
950,1630,1,belt_rock,9.557036556617762E-05,0.576252,2.07169,-1.29212,1,108.306,270005,outside_own_roche_hot_not_broken
950,1637,1,belt_rock,4.0610954655918444E-05,0.890653,3.20309,-0.966727,1,40.2921,485874,outside_own_roche_hot_not_broken
950,1655,1,belt_rock,6.509007219212118E-05,0.98373,3.60914,-1.25754,1,67.4787,340033,outside_own_roche_hot_not_broken
950,1657,1,belt_rock,9.857023070139824E-05,0.443948,1.59322,-1.38031,1,142.072,226353,outside_own_roche_hot_not_broken
950,1703,1,belt_rock,4.267325314183137E-05,0.853982,4.39632,-1.38449,1,167.528,205376,outside_own_roche_hot_not_broken
950,1715,1,belt_rock,3.2416132718824174E-05,0.686436,2.64281,-0.982167,1,43.1164,469665,outside_own_roche_hot_not_broken
950,1717,1,belt_rock,8.76194721247026E-05,0.821125,2.96326,-0.984597,1,33.8588,507459,outside_own_roche_hot_not_broken
950,1722,1,belt_rock,7.005142127119329E-05,0.66831,2.44122,-1.31474,1,92.687,288849,outside_own_roche_hot_not_broken
950,1729,1,belt_rock,1.6974650892955918E-05,0.586345,3.42708,-1.33499,1,70.0559,323165,outside_own_roche_hot_not_broken
950,1749,1,belt_rock,2.820525754627518E-05,0.685279,2.66895,-0.870097,1,64.0981,427456,outside_own_roche_hot_not_broken
950,1767,1,belt_rock,6.265320440241188E-06,0.888166,4.12896,-0.96234,1,29.1834,538317,outside_own_roche_hot_not_broken
950,1821,1,belt_rock,0.00013105447116016063,0.764822,2.71019,-0.992508,1,46.2082,455011,outside_own_roche_hot_not_broken
950,1874,1,belt_rock,1.0248031212141847E-06,0.546071,3.49558,-1.34493,1,77.0102,309599,outside_own_roche_hot_not_broken
950,1920,1,belt_rock,7.605997785744625E-07,0.519247,3.52787,-1.34998,1,90.845,287429,outside_own_roche_hot_not_broken
950,1981,1,belt_rock,3.8167350633221346E-05,0.814444,2.94627,-0.972821,1,45.4303,463697,outside_own_roche_hot_not_broken
1000,28,1,belt_rock,2.4751342865935246E-05,0.844515,4.66179,-0.935098,1,34.0548,525003,outside_own_roche_hot_not_broken
1000,61,1,belt_rock,5.029390807611366E-05,0.672628,2.50665,-0.95017,1,53.0874,442702,outside_own_roche_hot_not_broken
1000,89,1,belt_rock,1.9447634323182094E-06,0.323803,1.83225,-4.33495,1,7.83796,161161,outside_own_roche_hot_not_broken
1000,115,1,belt_rock,1.0938661822824471E-06,0.934131,5.81295,-0.810603,1,56.1163,472479,outside_own_roche_hot_not_broken
1000,180,1,belt_rock,2.412704921690744E-05,0.917336,3.62274,-0.811929,1,53.7968,481286,outside_own_roche_hot_not_broken
1000,188,1,belt_rock,5.329425686639111E-05,0.710985,2.63963,-0.94772,1,42.2133,484222,outside_own_roche_hot_not_broken
1000,261,1,belt_rock,6.86379976415117E-07,0.996392,6.91183,-0.926646,1,36.0881,518538,outside_own_roche_hot_not_broken
1000,278,1,belt_rock,1.6019635045865684E-06,0.874298,5.07604,-0.817853,1,54.5117,476515,outside_own_roche_hot_not_broken
1000,284,1,belt_rock,2.4307338359113666E-05,0.499912,1.97465,-1.25368,1,80.8136,315575,outside_own_roche_hot_not_broken
1000,285,1,belt_rock,2.7642825589176594E-06,0.504503,4.07765,-1.29982,1,66.9874,334282,outside_own_roche_hot_not_broken
1000,304,1,belt_rock,9.975954360357335E-06,0.421784,2.6913,-1.65934,1,167.652,190257,outside_own_roche_hot_not_broken
1000,308,1,belt_rock,7.187033557342713E-05,0.469568,1.71289,-1.24383,1,70.6969,335794,outside_own_roche_hot_not_broken
1000,319,1,belt_rock,1.6170601804744153E-05,0.736572,4.33446,-1.29619,1,88.0761,298028,outside_own_roche_hot_not_broken
1000,338,1,belt_rock,2.2679149767573066E-05,0.815167,3.23895,-0.940404,1,29.8775,543748,outside_own_roche_hot_not_broken
1000,354,1,belt_rock,1.4494545158656718E-05,0.375821,1.56645,-1.30596,1,101.89,276949,outside_own_roche_hot_not_broken
1000,361,1,belt_rock,1.7913641842768234E-05,0.960623,3.90691,-0.928679,1,36.9294,513858,outside_own_roche_hot_not_broken
1000,364,1,belt_rock,6.152637531757845E-06,0.65432,3.01149,-0.831733,1,56.7695,463499,outside_own_roche_hot_not_broken
1000,378,1,belt_rock,3.5557221198580994E-06,0.555226,2.82166,-1.24453,1,65.2425,346792,outside_own_roche_hot_not_broken
1000,380,1,belt_rock,9.001051030801394E-07,0.632858,4.08506,-0.828828,1,59.2793,455094,outside_own_roche_hot_not_broken
1000,381,1,belt_rock,2.0774821337134934E-06,0.943563,8.06159,-1.61449,1,250.422,150569,outside_own_roche_hot_not_broken
1000,386,1,belt_rock,1.883396316875123E-06,0.757318,6.59679,-0.822005,1,53.1654,480578,outside_own_roche_hot_not_broken
1000,422,1,belt_rock,1.655565366171249E-05,0.724249,2.97026,-0.826788,1,55.973,468024,outside_own_roche_hot_not_broken
1000,498,1,belt_rock,4.413302245239351E-06,0.644296,4.75928,-0.830072,1,55.3519,469401,outside_own_roche_hot_not_broken
1000,510,1,belt_rock,0.0001214564872671588,0.915275,3.03349,-0.932023,1,37.2667,511079,outside_own_roche_hot_not_broken
1000,541,1,belt_rock,5.907572724691388E-05,0.713577,2.48404,-0.946258,1,40.1477,493345,outside_own_roche_hot_not_broken
1000,542,1,belt_rock,6.974451943119302E-05,0.841544,3.07385,-0.937622,1,40.1933,496108,outside_own_roche_hot_not_broken
1000,551,1,belt_rock,1.5217619224404696E-05,0.771031,3.19158,-0.953868,1,45.0782,470832,outside_own_roche_hot_not_broken
1000,556,1,belt_rock,1.2294819836209372E-06,0.654928,3.98848,-1.65149,1,248.705,150078,outside_own_roche_hot_not_broken
1000,568,1,belt_rock,7.161676582395779E-07,0.809091,5.45662,-0.948875,1,35.0278,515182,outside_own_roche_hot_not_broken
1000,606,1,belt_rock,1.290627479530527E-06,0.87386,2.89439,-0.843855,1,61.8196,441924,outside_own_roche_hot_not_broken
1000,612,1,belt_rock,2.2753067746902656E-06,0.817339,4.46565,-0.944437,1,30.523,538784,outside_own_roche_hot_not_broken
1000,654,1,belt_rock,3.1434544679676156E-05,0.883717,3.41271,-1.29233,1,122.73,252759,outside_own_roche_hot_not_broken
1000,677,1,belt_rock,1.9139381041712634E-06,0.847756,7.3611,-0.954862,1,36.6376,505662,outside_own_roche_hot_not_broken
1000,719,1,belt_rock,9.073861927316481E-05,0.720667,2.5959,-0.829312,1,62.0955,444978,outside_own_roche_hot_not_broken
1000,721,1,belt_rock,3.3365585053430035E-05,0.833131,3.20018,-0.947253,1,30.4798,537862,outside_own_roche_hot_not_broken
1000,792,1,belt_rock,1.3771353375516246E-05,0.460817,1.93158,-1.24562,1,81.3096,315835,outside_own_roche_hot_not_broken
1000,884,1,belt_rock,0.00011970146347325267,0.721421,2.5659,-0.82544,1,60.7185,450900,outside_own_roche_hot_not_broken
1000,908,1,belt_rock,0.00010972241820094588,0.723011,2.58129,-0.944874,1,49.0127,458684,outside_own_roche_hot_not_broken
1000,944,1,belt_rock,2.8829032946206203E-05,0.660579,2.95023,-0.831354,1,55.9663,466653,outside_own_roche_hot_not_broken
1000,957,1,belt_rock,1.817757452683593E-05,0.55914,2.19853,-1.29579,1,67.1158,334662,outside_own_roche_hot_not_broken
1000,967,1,belt_rock,4.333662951166406E-06,0.338246,1.66791,-1.66764,1,151.225,200793,outside_own_roche_hot_not_broken
1000,984,1,belt_rock,0.00011368772789273172,0.60703,2.83047,-0.825929,1,61.6139,447600,outside_own_roche_hot_not_broken
1000,990,1,belt_rock,1.3741454516244253E-05,0.647931,2.71743,-1.31573,1,109.167,266542,outside_own_roche_hot_not_broken
1000,1003,1,belt_rock,6.641968612579456E-07,0.618018,6.66078,-2.22492,1,14.7261,296561,outside_own_roche_hot_not_broken
1000,1022,1,belt_rock,0.0001159041442414687,0.703816,2.50674,-0.824203,1,61.8854,447132,outside_own_roche_hot_not_broken
1000,1108,1,belt_rock,7.406120524284268E-05,0.677931,1.1775,-0.94576,1,45.3282,472384,outside_own_roche_hot_not_broken
1000,1131,1,belt_rock,6.856366412862193E-05,0.918025,3.15888,-0.812878,1,55.2183,475292,outside_own_roche_hot_not_broken
1000,1202,1,belt_rock,0.00013197115224069698,0.457769,1.62204,-1.23084,1,74.7185,330011,outside_own_roche_hot_not_broken
1000,1208,1,belt_rock,3.358371755939549E-05,0.433775,1.6663,-1.29868,1,95.8869,286079,outside_own_roche_hot_not_broken
1000,1239,1,belt_rock,9.02734900157154E-06,0.459263,2.03149,-1.3052,1,73.3839,321446,outside_own_roche_hot_not_broken
1000,1244,1,belt_rock,6.834052236094362E-05,0.964246,3.52626,-0.966157,1,42.9437,475341,outside_own_roche_hot_not_broken
1000,1267,1,belt_rock,6.759839068479217E-07,0.516086,3.51979,-1.24589,1,96.5613,291252,outside_own_roche_hot_not_broken
1000,1276,1,belt_rock,7.601107279775003E-07,0.651067,4.42406,-0.823617,1,58.4875,459516,outside_own_roche_hot_not_broken
1000,1331,1,belt_rock,7.177005102180299E-07,0.666207,4.57977,-0.825529,1,56.2739,467257,outside_own_roche_hot_not_broken
1000,1349,1,belt_rock,3.557813549754691E-05,0.728797,3.83395,-0.947045,1,38.3482,500853,outside_own_roche_hot_not_broken
1000,1357,1,belt_rock,2.2656698601279335E-05,0.712101,2.82899,-0.820803,1,53.5634,479362,outside_own_roche_hot_not_broken
1000,1400,1,belt_rock,1.484281702368616E-05,0.47681,2.84482,-1.29949,1,68.0138,332338,outside_own_roche_hot_not_broken
1000,1404,1,belt_rock,6.688696473827213E-07,0.798109,5.45446,-0.841638,1,58.1065,455631,outside_own_roche_hot_not_broken
1000,1411,1,belt_rock,0.00012568273917686705,0.92182,3.27203,-0.963315,1,46.0389,464267,outside_own_roche_hot_not_broken
1000,1437,1,belt_rock,4.6884996640353235E-06,0.928466,6.78083,-0.838727,1,58.8775,453684,outside_own_roche_hot_not_broken
1000,1446,1,belt_rock,0.0001067680559677498,0.485467,1.73577,-1.24515,1,67.4502,342107,outside_own_roche_hot_not_broken
1000,1451,1,belt_rock,6.708441784602077E-05,0.928134,3.39764,-0.93279,1,39.6606,500099,outside_own_roche_hot_not_broken
1000,1456,1,belt_rock,4.0532637405193653E-05,0.594716,2.14055,-1.29278,1,63.1879,343035,outside_own_roche_hot_not_broken
1000,1513,1,belt_rock,1.7064281298281216E-05,0.860124,3.51581,-0.935557,1,45.6448,474342,outside_own_roche_hot_not_broken
1000,1533,1,belt_rock,6.797580885390364E-07,0.386071,4.14081,-1.25331,1,99.8802,285559,outside_own_roche_hot_not_broken
1000,1534,1,belt_rock,3.2467360686223855E-05,0.625913,2.40901,-0.824719,1,61.4183,448627,outside_own_roche_hot_not_broken
1000,1551,1,belt_rock,2.2403898880474616E-05,0.955403,3.80052,-0.962338,1,38.2961,495764,outside_own_roche_hot_not_broken
1000,1557,1,belt_rock,0.00010390914397456924,0.948185,3.39495,-1.29958,1,62.8989,342511,outside_own_roche_hot_not_broken
1000,1574,1,belt_rock,5.231274063515944E-05,0.861599,3.20425,-1.32931,1,99.322,277892,outside_own_roche_hot_not_broken
1000,1581,1,belt_rock,0.00011512051540402504,0.920891,4.2898,-0.930527,1,31.2756,540621,outside_own_roche_hot_not_broken
1000,1614,1,belt_rock,1.992183699927453E-06,0.896832,5.01215,-0.844466,1,60.1128,447663,outside_own_roche_hot_not_broken
1000,1637,1,belt_rock,4.0610954655918444E-05,0.887713,3.19251,-0.960296,1,40.8066,485872,outside_own_roche_hot_not_broken
1000,1655,1,belt_rock,6.509007219212118E-05,0.624197,2.29007,-1.24535,1,68.454,340031,outside_own_roche_hot_not_broken
1000,1680,1,belt_rock,6.158020657043453E-05,0.573998,2.11276,-1.2432,1,65.4239,346635,outside_own_roche_hot_not_broken
1000,1743,1,belt_rock,1.0458561462361684E-06,0.71743,4.50196,-0.953184,1,48.2715,458965,outside_own_roche_hot_not_broken
1000,1745,1,belt_rock,5.682982586276066E-05,0.874226,4.35658,-1.2648,1,54.5141,367077,outside_own_roche_hot_not_broken
1000,1776,1,belt_rock,6.388438626092742E-05,0.756503,2.77849,-1.28548,1,67.3657,335792,outside_own_roche_hot_not_broken
1000,1825,1,belt_rock,2.8615348288902183E-06,0.700642,1.96496,-0.83101,1,58.9626,455610,outside_own_roche_hot_not_broken
1000,1848,1,belt_rock,9.643357686819514E-05,0.670058,3.16977,-1.29113,1,66.962,335697,outside_own_roche_hot_not_broken
1000,1877,1,belt_rock,3.550335602875593E-05,0.817684,3.12526,-0.947555,1,33.0408,525087,outside_own_roche_hot_not_broken
1000,1898,1,belt_rock,0.00011956044744985102,0.649227,1.08466,-0.833641,1,54.8342,470298,outside_own_roche_hot_not_broken
1000,1952,1,belt_rock,6.606311162767822E-05,0.350194,1.28405,-1.65419,1,139.351,210365,outside_own_roche_hot_not_broken
1000,1981,1,belt_rock,3.8167350633221346E-05,0.932978,3.37507,-0.96557,1,46.0103,463695,outside_own_roche_hot_not_broken
1050,2,1,planet,0.8151215664792153,0.947581,3.45515,-1.73682,1,17.4548,365426,outside_own_roche_hot_not_broken
1050,11,1,belt_rock,0.00011469774197258625,0.727082,2.41762,-0.798786,1,51.0963,496986,outside_own_roche_hot_not_broken
1050,32,1,belt_rock,0.00011625754112287155,0.750526,3.49318,-0.92226,1,51.2039,457280,outside_own_roche_hot_not_broken
1050,52,1,belt_rock,1.8842060779531114E-05,0.301468,1.73511,-1.55632,1,129.733,224800,outside_own_roche_hot_not_broken
1050,89,1,belt_rock,1.9447634323182094E-06,0.345352,1.95418,-4.34626,1,6.93299,161161,outside_own_roche_hot_not_broken
1050,97,1,belt_rock,1.7618261886964836E-06,0.520397,2.97108,-1.2585,1,102.316,281548,outside_own_roche_hot_not_broken
1050,109,1,belt_rock,2.456960938733791E-05,0.872321,3.44476,-1.55376,1,145.789,211607,outside_own_roche_hot_not_broken
1050,115,1,belt_rock,1.0938661822824471E-06,0.839577,5.22456,-0.802623,1,56.7546,472477,outside_own_roche_hot_not_broken
1050,143,1,belt_rock,9.975394853266468E-05,0.420516,1.50824,-1.26049,1,87.4789,303492,outside_own_roche_hot_not_broken
1050,151,1,belt_rock,8.80737237346813E-05,0.384273,1.83314,-1.59035,1,123.904,227582,outside_own_roche_hot_not_broken
1050,160,1,belt_rock,0.00012919578673162237,0.564758,2.00272,-1.25846,1,69.4983,335848,outside_own_roche_hot_not_broken
1050,180,1,belt_rock,2.412704921690744E-05,0.865338,3.41739,-0.804265,1,54.4099,481284,outside_own_roche_hot_not_broken
1050,261,1,belt_rock,6.86379976415117E-07,0.851931,5.90972,-0.921471,1,36.5024,518535,outside_own_roche_hot_not_broken
1050,277,1,belt_rock,8.325496905340597E-06,0.7001,3.12091,-0.913329,1,46.6966,477217,outside_own_roche_hot_not_broken
1050,278,1,belt_rock,1.6019635045865684E-06,0.901655,5.23486,-0.810035,1,55.1371,476513,outside_own_roche_hot_not_broken
1050,302,1,belt_rock,0.00011502705840204598,0.486609,2.26748,-1.26301,1,70.9428,332317,outside_own_roche_hot_not_broken
1050,319,1,belt_rock,1.6170601804744153E-05,0.880072,5.17891,-1.28344,1,89.0959,298027,outside_own_roche_hot_not_broken
1050,361,1,belt_rock,1.7913641842768234E-05,0.872269,3.54757,-0.923182,1,37.3693,513855,outside_own_roche_hot_not_broken
1050,381,1,belt_rock,2.0774821337134934E-06,0.814986,6.96305,-1.60206,1,251.416,150569,outside_own_roche_hot_not_broken
1050,510,1,belt_rock,0.0001214564872671588,0.909037,3.01281,-0.926357,1,37.7201,511076,outside_own_roche_hot_not_broken
1050,542,1,belt_rock,6.974451943119302E-05,0.959812,3.50583,-0.931527,1,40.6809,496106,outside_own_roche_hot_not_broken
1050,583,1,belt_rock,5.021726248224694E-06,0.964575,4.63302,-0.901012,1,38.7941,515471,outside_own_roche_hot_not_broken
1050,650,1,belt_rock,2.7044608066181788E-05,0.969108,3.63441,-1.2339,1,65.6296,347770,outside_own_roche_hot_not_broken
1050,654,1,belt_rock,3.1434544679676156E-05,0.780579,3.01441,-1.27917,1,123.784,252758,outside_own_roche_hot_not_broken
1050,776,1,belt_rock,5.407065716808426E-06,0.844158,4.03065,-1.56051,1,175.46,190319,outside_own_roche_hot_not_broken
1050,793,1,belt_rock,9.424353029916942E-06,0.775483,3.40051,-0.908724,1,38.9917,511712,outside_own_roche_hot_not_broken
1050,808,1,belt_rock,7.408125236630625E-06,0.900527,4.09026,-1.24735,1,121.787,257940,outside_own_roche_hot_not_broken
1050,849,1,belt_rock,0.00011815221795815683,0.567204,2.019,-1.25377,1,64.9223,345913,outside_own_roche_hot_not_broken
1050,872,1,belt_rock,9.526680434921478E-07,0.56448,3.60478,-1.19174,1,61.3926,364654,outside_own_roche_hot_not_broken
1050,901,1,belt_rock,8.749650426566604E-07,0.548717,3.56104,-1.19913,1,62.3564,361072,outside_own_roche_hot_not_broken
1050,923,1,belt_rock,5.045014996196998E-05,0.860797,3.2074,-0.908885,1,27.728,569033,outside_own_roche_hot_not_broken
1050,970,1,belt_rock,5.396334500678071E-05,0.973115,3.60999,-0.898792,1,25.3766,587510,outside_own_roche_hot_not_broken
1050,998,1,belt_rock,2.2792375646292976E-05,0.434246,1.72595,-1.26041,1,80.9956,314324,outside_own_roche_hot_not_broken
1050,1002,1,belt_rock,6.785979509706564E-07,0.98014,6.81485,-1.1646,1,59.6844,373909,outside_own_roche_hot_not_broken
1050,1003,1,belt_rock,6.641968612579456E-07,0.924557,9.96454,-2.22848,1,14.4413,296559,outside_own_roche_hot_not_broken
1050,1074,1,belt_rock,0.0001121627428978337,0.525956,2.45618,-1.18079,1,63.2365,362416,outside_own_roche_hot_not_broken
1050,1081,1,belt_rock,3.697895310258282E-05,0.505903,2.65195,-1.5656,1,120.473,232593,outside_own_roche_hot_not_broken
1050,1111,1,belt_rock,4.91100840138848E-06,0.836277,4.03228,-0.907817,1,35.4212,528966,outside_own_roche_hot_not_broken
1050,1112,1,belt_rock,1.7681335535810255E-06,0.687084,3.92028,-0.797451,1,55.8021,477875,outside_own_roche_hot_not_broken
1050,1116,1,belt_rock,6.620812279777769E-07,0.91836,6.28878,-1.17863,1,92.6405,305743,outside_own_roche_hot_not_broken
1050,1124,1,belt_rock,8.643283642769594E-06,0.654876,2.9039,-0.799005,1,55.6888,477831,outside_own_roche_hot_not_broken
1050,1131,1,belt_rock,6.856366412862193E-05,0.857616,2.95101,-0.804997,1,55.8488,475290,outside_own_roche_hot_not_broken
1050,1148,1,belt_rock,1.4679822329642312E-05,0.955435,3.85562,-0.898856,1,42.6574,498866,outside_own_roche_hot_not_broken
1050,1149,1,belt_rock,3.8246390384014373E-05,0.58112,2.10265,-1.26529,1,126.062,251459,outside_own_roche_hot_not_broken
1050,1191,1,belt_rock,1.5125619003887156E-05,0.479572,1.00662,-1.25784,1,67.1462,340656,outside_own_roche_hot_not_broken
1050,1217,1,belt_rock,2.845199099165375E-05,0.787148,3.06305,-0.90848,1,45.864,482131,outside_own_roche_hot_not_broken
1050,1258,1,belt_rock,1.1814356734940736E-06,0.789528,7.5536,-0.921345,1,38.4969,509364,outside_own_roche_hot_not_broken
1050,1328,1,belt_rock,6.709164919336832E-06,0.981586,4.50987,-0.782428,1,48.4834,514532,outside_own_roche_hot_not_broken
1050,1376,1,belt_rock,4.4676591679245336E-05,0.699946,2.62952,-0.793866,1,54.934,482534,outside_own_roche_hot_not_broken
1050,1380,1,belt_rock,1.291927664251079E-05,0.859278,3.6241,-0.921685,1,34.1161,529926,outside_own_roche_hot_not_broken
1050,1384,1,belt_rock,5.598302899299441E-05,0.61946,2.16645,-1.19361,1,72.2675,340690,outside_own_roche_hot_not_broken
1050,1448,1,belt_rock,6.0569389819862366E-05,0.817708,3.0112,-0.795513,1,50.8544,499172,outside_own_roche_hot_not_broken
1050,1451,1,belt_rock,6.708441784602077E-05,0.876408,3.20829,-0.926715,1,40.1468,500096,outside_own_roche_hot_not_broken
1050,1492,1,belt_rock,9.44053262067516E-05,0.640348,2.303,-1.1774,1,62.5294,364679,outside_own_roche_hot_not_broken
1050,1494,1,belt_rock,6.599418822007003E-07,0.777863,5.33004,-0.920784,1,44.8023,482446,outside_own_roche_hot_not_broken
1050,1506,1,belt_rock,2.7984732763033035E-06,0.822031,4.33989,-0.920207,1,34.518,528535,outside_own_roche_hot_not_broken
1050,1513,1,belt_rock,1.7064281298281216E-05,0.902224,3.68789,-0.928418,1,46.2159,474340,outside_own_roche_hot_not_broken
1050,1536,1,belt_rock,9.026599525237927E-07,0.7798,5.03086,-0.800364,1,53.2607,487280,outside_own_roche_hot_not_broken
1050,1568,1,belt_rock,1.863013986285672E-05,0.755377,2.95604,-0.805857,1,53.0309,486411,outside_own_roche_hot_not_broken
1050,1581,1,belt_rock,0.00011512051540402504,0.969589,4.51665,-0.926004,1,31.6374,540619,outside_own_roche_hot_not_broken
1050,1616,1,belt_rock,0.00011977222286049424,0.463986,1.65058,-1.25628,1,79.548,317428,outside_own_roche_hot_not_broken
1050,1636,1,belt_rock,7.52739959112928E-07,0.738038,4.92974,-0.799232,1,55.8658,477052,outside_own_roche_hot_not_broken
1050,1718,1,belt_rock,0.0001061888921921048,0.653228,2.33611,-1.19068,1,65.4678,355601,outside_own_roche_hot_not_broken
1050,1745,1,belt_rock,5.682982586276066E-05,0.735177,3.66365,-1.25461,1,55.3287,367076,outside_own_roche_hot_not_broken
1050,1755,1,belt_rock,9.323079667100621E-06,0.842088,3.69667,-0.791069,1,49.0305,508858,outside_own_roche_hot_not_broken
1050,1776,1,belt_rock,6.388438626092742E-05,0.845566,3.10561,-1.27404,1,68.2809,335791,outside_own_roche_hot_not_broken
1050,1791,1,belt_rock,4.521499067988599E-05,0.677609,2.54343,-0.914675,1,48.7474,468769,outside_own_roche_hot_not_broken
1050,1803,1,belt_rock,4.758476682424609E-05,0.791028,2.80398,-0.920887,1,39.5601,504746,outside_own_roche_hot_not_broken
1050,1813,1,belt_rock,0.00010327407142110633,0.541628,1.93954,-1.25588,1,63.9794,347541,outside_own_roche_hot_not_broken
1050,1822,1,belt_rock,3.6214741016949315E-05,0.658054,2.51075,-0.916051,1,49.3901,465892,outside_own_roche_hot_not_broken
1050,1848,1,belt_rock,9.643357686819514E-05,0.929906,4.39901,-1.2792,1,67.9166,335695,outside_own_roche_hot_not_broken
1050,1883,1,belt_rock,6.657343282087218E-07,0.597289,4.08575,-1.55283,1,121.934,232178,outside_own_roche_hot_not_broken
1050,1909,1,belt_rock,7.085088107455433E-05,0.727073,2.49576,-0.913066,1,43.065,492230,outside_own_roche_hot_not_broken
1050,1910,1,belt_rock,4.8176910352455536E-05,0.794517,4.0301,-0.911623,1,33.8072,535456,outside_own_roche_hot_not_broken
1050,1956,1,belt_rock,5.735576047180096E-06,0.964049,4.5375,-0.898913,1,29.6697,562625,outside_own_roche_hot_not_broken
1050,1991,1,belt_rock,1.1954547176952766E-05,0.93185,3.96642,-0.900189,1,29.2454,564415,outside_own_roche_hot_not_broken
1100,2,1,planet,0.8151215664792153,0.63272,2.30708,-1.73383,1,17.6945,365425,outside_own_roche_hot_not_broken
1100,14,1,belt_rock,1.6482828131626075E-05,0.856639,3.51434,-0.887293,1,32.8443,550457,outside_own_roche_hot_not_broken
1100,34,1,belt_rock,9.363267300218779E-05,0.462237,1.6628,-1.23676,1,111.801,271197,outside_own_roche_hot_not_broken
1100,46,1,belt_rock,5.261693167516406E-06,0.975545,2.43637,-0.757057,1,45.6751,537961,outside_own_roche_hot_not_broken
1100,54,1,belt_rock,0.00011263083187765426,0.604925,2.01402,-1.15794,1,65.7869,360762,outside_own_roche_hot_not_broken
1100,70,1,belt_rock,4.980722034468837E-05,0.882146,4.45727,-0.7575,1,42.4336,554700,outside_own_roche_hot_not_broken
1100,89,1,belt_rock,1.9447634323182094E-06,0.397191,2.24752,-4.34427,1,7.09185,161160,outside_own_roche_hot_not_broken
1100,109,1,belt_rock,2.456960938733791E-05,0.784489,3.09792,-1.54067,1,146.834,211608,outside_own_roche_hot_not_broken
1100,135,1,belt_rock,4.712989848135413E-06,0.779818,1.98754,-0.767747,1,49.1316,516979,outside_own_roche_hot_not_broken
1100,156,1,belt_rock,3.698011065557734E-05,0.513695,2.69061,-1.15823,1,69.6469,352131,outside_own_roche_hot_not_broken
1100,217,1,belt_rock,5.179983931979467E-05,0.761049,2.83142,-1.14656,1,89.5951,315204,outside_own_roche_hot_not_broken
1100,442,1,belt_rock,7.011034373292999E-06,0.821463,5.55791,-0.757421,1,44.625,543181,outside_own_roche_hot_not_broken
1100,497,1,belt_rock,7.402492523004493E-07,0.556885,3.73176,-1.15565,1,79.0308,333286,outside_own_roche_hot_not_broken
1100,540,1,belt_rock,5.918366719071476E-05,0.911455,4.52063,-1.13752,1,98.0456,302320,outside_own_roche_hot_not_broken
1100,554,1,belt_rock,1.1215213674619746E-05,0.89828,3.85321,-0.877703,1,26.2541,592439,outside_own_roche_hot_not_broken
1100,570,1,belt_rock,0.00011640535663719694,0.82159,2.92555,-0.881157,1,37.2863,530278,outside_own_roche_hot_not_broken
1100,583,1,belt_rock,5.021726248224694E-06,0.870402,4.18069,-0.895361,1,39.2463,515469,outside_own_roche_hot_not_broken
1100,592,1,belt_rock,1.7318405733717002E-05,0.643467,2.63035,-1.15027,1,60.1738,375523,outside_own_roche_hot_not_broken
1100,650,1,belt_rock,2.7044608066181788E-05,0.645358,2.42026,-1.22219,1,66.5668,347767,outside_own_roche_hot_not_broken
1100,704,1,belt_rock,0.00011865581926903092,0.800023,3.71719,-0.778587,1,52.4434,498148,outside_own_roche_hot_not_broken
1100,735,1,belt_rock,4.035525376652153E-05,0.912562,4.72859,-1.13628,1,68.2242,359166,outside_own_roche_hot_not_broken
1100,748,1,belt_rock,6.56830056463787E-07,0.76672,5.3664,-0.884846,1,37.6394,527108,outside_own_roche_hot_not_broken
1100,776,1,belt_rock,5.407065716808426E-06,0.851577,4.06607,-1.54784,1,176.472,190320,outside_own_roche_hot_not_broken
1100,780,1,belt_rock,1.7023275073904924E-05,0.787083,4.58832,-0.888753,1,36.3361,531969,outside_own_roche_hot_not_broken
1100,804,1,belt_rock,6.845560813856027E-05,0.981143,3.58862,-1.19627,1,63.4835,359034,outside_own_roche_hot_not_broken
1100,808,1,belt_rock,7.408125236630625E-06,0.768584,3.49096,-1.2341,1,122.846,257940,outside_own_roche_hot_not_broken
1100,858,1,belt_rock,4.356085624201125E-06,0.913048,2.36167,-0.873799,1,26.8541,590677,outside_own_roche_hot_not_broken
1100,891,1,belt_rock,6.672223024239317E-07,0.57756,3.94908,-1.21008,1,53.8436,379375,outside_own_roche_hot_not_broken
1100,942,1,belt_rock,1.6434755667784452E-05,0.771827,3.16704,-0.882533,1,37.0263,531017,outside_own_roche_hot_not_broken
1100,952,1,belt_rock,6.741222067946179E-07,0.933609,6.37079,-0.75603,1,44.9743,541954,outside_own_roche_hot_not_broken
1100,953,1,belt_rock,9.629902295407514E-05,0.916884,3.29293,-0.763396,1,45.8973,534293,outside_own_roche_hot_not_broken
1100,959,1,belt_rock,6.602452728696196E-07,0.532637,3.64938,-1.16121,1,80.2308,330120,outside_own_roche_hot_not_broken
1100,997,1,belt_rock,5.023951928804106E-05,0.883198,4.45832,-0.877081,1,32.9799,554094,outside_own_roche_hot_not_broken
1100,1002,1,belt_rock,6.785979509706564E-07,0.660113,4.58972,-1.15417,1,60.519,373907,outside_own_roche_hot_not_broken
1100,1003,1,belt_rock,6.641968612579456E-07,0.801717,8.64062,-2.2312,1,14.2233,296560,outside_own_roche_hot_not_broken
1100,1063,1,belt_rock,1.081542812867445E-05,0.543828,1.20208,-1.21349,1,60.2644,363235,outside_own_roche_hot_not_broken
1100,1116,1,belt_rock,6.620812279777769E-07,0.723293,4.95299,-1.16567,1,93.6779,305742,outside_own_roche_hot_not_broken
1100,1126,1,belt_rock,1.4749354025154826E-05,0.95846,3.97985,-0.870468,1,31.6409,564314,outside_own_roche_hot_not_broken
1100,1143,1,belt_rock,1.2209623118812813E-06,0.853966,5.20726,-1.46235,1,159.668,206584,outside_own_roche_hot_not_broken
1100,1148,1,belt_rock,1.4679822329642312E-05,0.849867,3.42961,-0.892543,1,43.1624,498864,outside_own_roche_hot_not_broken
1100,1161,1,belt_rock,4.6487284144720425E-05,0.49717,1.76733,-1.50998,1,123.737,233720,outside_own_roche_hot_not_broken
1100,1170,1,belt_rock,1.1142923462670623E-05,0.656907,2.82567,-1.20633,1,53.2522,381633,outside_own_roche_hot_not_broken
1100,1211,1,belt_rock,9.67589661537222E-06,0.772846,1.73809,-0.767733,1,46.6012,529095,outside_own_roche_hot_not_broken
1100,1273,1,belt_rock,7.141107836139182E-05,0.953424,3.47775,-0.873352,1,28.4312,581415,outside_own_roche_hot_not_broken
1100,1300,1,belt_rock,1.66224728314871E-06,0.519505,3.02781,-1.15476,1,64.0281,365406,outside_own_roche_hot_not_broken
1100,1328,1,belt_rock,6.709164919336832E-06,0.853179,3.9199,-0.775916,1,49.0042,514530,outside_own_roche_hot_not_broken
1100,1333,1,belt_rock,7.986154280475739E-05,0.998253,3.61893,-0.757977,1,48.7885,522293,outside_own_roche_hot_not_broken
1100,1337,1,belt_rock,9.398903653121013E-05,0.777228,2.79476,-0.8823,1,36.255,534943,outside_own_roche_hot_not_broken
1100,1352,1,belt_rock,8.990148025323063E-06,0.768143,3.33114,-1.14592,1,88.1947,317747,outside_own_roche_hot_not_broken
1100,1395,1,belt_rock,2.7279062147012035E-05,0.77862,2.91433,-0.769709,1,49.2587,515654,outside_own_roche_hot_not_broken
1100,1403,1,belt_rock,1.0336419449546872E-05,0.76,3.29887,-1.21315,1,85.654,312812,outside_own_roche_hot_not_broken
1100,1421,1,belt_rock,1.571658877790296E-05,0.386778,1.54964,-1.4895,1,87.1194,277064,outside_own_roche_hot_not_broken
1100,1448,1,belt_rock,6.0569389819862366E-05,0.997662,3.67387,-0.788629,1,51.4051,499171,outside_own_roche_hot_not_broken
1100,1464,1,belt_rock,6.78474482184845E-07,0.848447,5.78241,-0.765379,1,45.4976,535500,outside_own_roche_hot_not_broken
1100,1486,1,belt_rock,0.00012044368057620707,0.809601,2.87856,-0.766642,1,49.254,516820,outside_own_roche_hot_not_broken
1100,1492,1,belt_rock,9.44053262067516E-05,0.994874,3.57805,-1.16647,1,63.4029,364680,outside_own_roche_hot_not_broken
1100,1553,1,belt_rock,4.0531201478537706E-05,0.715895,2.70944,-1.14937,1,87.7145,318109,outside_own_roche_hot_not_broken
1100,1628,1,belt_rock,2.8921587527756106E-06,0.905019,4.75257,-0.876649,1,30.3654,568699,outside_own_roche_hot_not_broken
1100,1714,1,belt_rock,2.824129078702953E-06,0.841791,6.7759,-0.878754,1,36.4839,535217,outside_own_roche_hot_not_broken
1100,1718,1,belt_rock,0.0001061888921921048,0.974334,3.48447,-1.17917,1,66.3961,355584,outside_own_roche_hot_not_broken
1100,1755,1,belt_rock,9.323079667100621E-06,0.984717,4.3228,-0.784437,1,49.5611,508857,outside_own_roche_hot_not_broken
1100,1761,1,belt_rock,6.813887392790074E-05,0.556265,2.0354,-1.14558,1,55.7034,387872,outside_own_roche_hot_not_broken
1100,1850,1,belt_rock,0.0001097162832545768,0.689239,3.2231,-0.771656,1,53.1585,497452,outside_own_roche_hot_not_broken
1100,1894,1,belt_rock,1.4398197530175788E-05,0.690857,2.80438,-1.47844,1,131.356,228949,outside_own_roche_hot_not_broken
1100,1915,1,belt_rock,2.8363238962754064E-05,0.719008,2.79857,-0.887429,1,42.7048,502666,outside_own_roche_hot_not_broken
1100,1936,1,belt_rock,5.967526700139252E-05,0.718246,3.55784,-0.772875,1,48.3397,518770,outside_own_roche_hot_not_broken
1100,1947,1,belt_rock,6.772838159879024E-07,0.731445,4.98671,-0.769969,1,47.4589,524066,outside_own_roche_hot_not_broken
1100,1948,1,belt_rock,8.918372974748205E-06,0.492809,3.1992,-1.15046,1,91.9527,310630,outside_own_roche_hot_not_broken
1100,1956,1,belt_rock,5.735576047180096E-06,0.973893,4.58383,-0.894854,1,29.9944,562622,outside_own_roche_hot_not_broken
1100,1982,1,belt_rock,3.794537017416716E-05,0.702269,2.54135,-0.769073,1,50.8829,508437,outside_own_roche_hot_not_broken
1100,1998,1,belt_rock,5.927086706501088E-07,0.918364,3.71544,-1.49583,1,120.928,237549,outside_own_roche_hot_not_broken
1150,30,1,belt_rock,7.38240689475372E-06,0.691071,3.09183,-1.11205,1,84.8807,328757,outside_own_roche_hot_not_broken
1150,46,1,belt_rock,5.261693167516406E-06,0.894972,2.23514,-0.751072,1,46.1509,537974,outside_own_roche_hot_not_broken
1150,56,1,belt_rock,8.666578338158843E-06,0.869388,3.78474,-0.85041,1,32.2219,570074,outside_own_roche_hot_not_broken
1150,89,1,belt_rock,1.9447634323182094E-06,0.430577,2.43643,-4.33939,1,7.48263,161159,outside_own_roche_hot_not_broken
1150,94,1,belt_rock,3.791464172776052E-05,0.936405,4.88884,-1.16789,1,82.5703,324728,outside_own_roche_hot_not_broken
1150,99,1,belt_rock,0.00011394564875542001,0.429446,1.53115,-1.45545,1,147.889,216221,outside_own_roche_hot_not_broken
1150,123,1,belt_rock,5.003564208642042E-05,0.502624,1.87432,-1.11504,1,75.8561,346255,outside_own_roche_hot_not_broken
1150,177,1,belt_rock,4.535582331316806E-05,0.770481,3.93483,-0.739846,1,43.9536,554119,outside_own_roche_hot_not_broken
1150,202,1,belt_rock,1.7572654544806803E-06,0.85413,7.54318,-0.861631,1,35.7711,545861,outside_own_roche_hot_not_broken
1150,203,1,belt_rock,2.3726504151572597E-05,0.841428,1.65743,-0.735624,1,41.6162,568874,outside_own_roche_hot_not_broken
1150,205,1,belt_rock,5.708514414059186E-06,0.940564,6.62785,-1.09816,1,69.6627,362838,outside_own_roche_hot_not_broken
1150,217,1,belt_rock,5.179983931979467E-05,0.886051,3.29648,-1.13412,1,90.5897,315203,outside_own_roche_hot_not_broken
1150,264,1,belt_rock,1.1450342531930353E-06,0.653182,4.09089,-1.4594,1,98.3624,265684,outside_own_roche_hot_not_broken
1150,292,1,belt_rock,2.3103908208262464E-06,0.438856,2.40538,-1.1207,1,88.1114,321502,outside_own_roche_hot_not_broken
1150,306,1,belt_rock,0.00011710813134841915,0.997647,3.55167,-0.859367,1,22.4354,626778,outside_own_roche_hot_not_broken
1150,388,1,belt_rock,9.077453292717553E-07,0.73282,7.40095,-1.45499,1,98.8871,265472,outside_own_roche_hot_not_broken
1150,390,1,belt_rock,2.7576377582395805E-05,0.908848,3.55215,-1.42801,1,88.155,282381,outside_own_roche_hot_not_broken
1150,449,1,belt_rock,7.455531783574016E-05,0.737387,2.52242,-1.10757,1,60.3463,383698,outside_own_roche_hot_not_broken
1150,495,1,belt_rock,4.636029221887132E-05,0.827069,4.21323,-0.859201,1,33.7354,557741,outside_own_roche_hot_not_broken
1150,511,1,belt_rock,8.473125613025931E-05,0.762082,3.64576,-0.746275,1,44.7956,546927,outside_own_roche_hot_not_broken
1150,514,1,belt_rock,2.115951315924581E-06,0.611454,3.38215,-1.18501,1,87.4716,313555,outside_own_roche_hot_not_broken
1150,524,1,belt_rock,9.604654164338964E-05,0.851766,3.05946,-0.738253,1,41.8072,566610,outside_own_roche_hot_not_broken
1150,540,1,belt_rock,5.918366719071476E-05,0.744474,3.69244,-1.1246,1,99.0791,302319,outside_own_roche_hot_not_broken
1150,605,1,belt_rock,2.4041749778437364E-05,0.847889,3.35401,-1.41203,1,80.9825,294684,outside_own_roche_hot_not_broken
1150,633,1,belt_rock,2.2297405295397162E-06,0.68951,5.8099,-1.45427,1,94.3372,271278,outside_own_roche_hot_not_broken
1150,636,1,belt_rock,1.3057175961291948E-05,0.81434,3.43348,-1.10549,1,72.5769,354949,outside_own_roche_hot_not_broken
1150,657,1,belt_rock,4.461910550187999E-05,0.857277,4.38665,-0.854881,1,30.7526,576465,outside_own_roche_hot_not_broken
1150,665,1,belt_rock,3.471781708639984E-05,0.830373,4.38066,-0.745717,1,42.929,557117,outside_own_roche_hot_not_broken
1150,735,1,belt_rock,4.035525376652153E-05,0.726054,3.76218,-1.12509,1,69.119,359165,outside_own_roche_hot_not_broken
1150,744,1,belt_rock,5.963441676946734E-05,0.764987,2.82095,-1.17004,1,57.2283,378917,outside_own_roche_hot_not_broken
1150,754,1,belt_rock,3.944070507977821E-05,0.791724,2.85433,-0.742884,1,45.3859,545262,outside_own_roche_hot_not_broken
1150,804,1,belt_rock,6.845560813856027E-05,0.645716,2.36176,-1.18506,1,64.38,359033,outside_own_roche_hot_not_broken
1150,807,1,belt_rock,5.702887272086544E-05,0.916939,3.39037,-1.16879,1,92.9945,306451,outside_own_roche_hot_not_broken
1150,818,1,belt_rock,7.981140050761311E-07,0.985031,6.50587,-0.731777,1,42.3249,566612,outside_own_roche_hot_not_broken
1150,897,1,belt_rock,6.617702194274802E-07,0.809022,5.65386,-0.852026,1,37.7059,539847,outside_own_roche_hot_not_broken
1150,898,1,belt_rock,1.1462926508708358E-05,0.765928,3.29099,-1.4185,1,141.817,223867,outside_own_roche_hot_not_broken
1150,900,1,belt_rock,1.0796437951920822E-06,0.517946,3.23095,-2.00882,1,283.971,128526,outside_own_roche_hot_not_broken
1150,943,1,belt_rock,3.277912449224114E-05,0.808744,3.10992,-0.735327,1,42.0264,566694,outside_own_roche_hot_not_broken
1150,952,1,belt_rock,6.741222067946179E-07,0.94188,6.42723,-0.748371,1,45.5321,542235,outside_own_roche_hot_not_broken
1150,953,1,belt_rock,9.629902295407514E-05,0.945358,3.3952,-0.757338,1,46.3831,534285,outside_own_roche_hot_not_broken
1150,964,1,belt_rock,4.1643191854283803E-05,0.538553,2.03446,-1.1174,1,62.1609,377114,outside_own_roche_hot_not_broken
1150,988,1,belt_rock,9.968858215165637E-05,0.56691,2.03329,-1.18102,1,67.5249,352780,outside_own_roche_hot_not_broken
1150,1003,1,belt_rock,6.641968612579456E-07,0.553622,5.96674,-2.22606,1,14.6347,296559,outside_own_roche_hot_not_broken
1150,1005,1,belt_rock,8.637437983213775E-07,0.622471,4.04962,-1.17957,1,58.0291,375030,outside_own_roche_hot_not_broken
1150,1016,1,belt_rock,9.920689763785043E-05,0.718889,2.57909,-1.1043,1,55.3374,397773,outside_own_roche_hot_not_broken
1150,1082,1,belt_rock,2.5860448992110093E-06,0.562695,3.00942,-1.0985,1,59.9107,386712,outside_own_roche_hot_not_broken
1150,1086,1,belt_rock,6.620068730487008E-07,0.784734,5.48372,-0.742653,1,42.6045,560227,outside_own_roche_hot_not_broken
1150,1087,1,belt_rock,0.00011050098932837874,0.995038,3.55103,-0.73604,1,42.3396,564621,outside_own_roche_hot_not_broken
1150,1123,1,belt_rock,1.2944045950927664E-05,0.665495,2.81394,-0.688244,1,61.0918,492053,outside_own_roche_hot_not_broken
1150,1126,1,belt_rock,1.4749354025154826E-05,0.977092,4.05722,-0.866184,1,31.9832,564314,outside_own_roche_hot_not_broken
1150,1143,1,belt_rock,1.2209623118812813E-06,0.837041,5.10405,-1.44951,1,160.695,206584,outside_own_roche_hot_not_broken
1150,1170,1,belt_rock,1.1142923462670623E-05,0.981652,4.22255,-1.19676,1,54.0173,381632,outside_own_roche_hot_not_broken
1150,1171,1,belt_rock,3.812154259163373E-05,0.863374,3.1229,-0.737991,1,40.3354,575122,outside_own_roche_hot_not_broken
1150,1201,1,belt_rock,5.881881375868684E-06,0.761866,3.58739,-1.42038,1,77.3137,299316,outside_own_roche_hot_not_broken
1150,1250,1,belt_rock,9.772943806356989E-05,0.552254,1.85469,-1.18209,1,91.8868,306524,outside_own_roche_hot_not_broken
1150,1325,1,belt_rock,9.219194837431378E-07,0.465621,2.99195,-1.43165,1,106.306,258799,outside_own_roche_hot_not_broken
1150,1333,1,belt_rock,7.986154280475739E-05,0.850995,3.08508,-0.751609,1,49.2971,522295,outside_own_roche_hot_not_broken
1150,1335,1,belt_rock,1.9662491704167285E-06,0.874958,4.90095,-0.85057,1,37.7508,540213,outside_own_roche_hot_not_broken
1150,1343,1,belt_rock,1.1882956849418542E-06,0.812412,2.73869,-0.860123,1,34.7902,551665,outside_own_roche_hot_not_broken
1150,1344,1,belt_rock,6.018783574121593E-05,0.869727,3.20411,-0.743834,1,41.5037,565809,outside_own_roche_hot_not_broken
1150,1347,1,belt_rock,0.00010790258446132883,0.858277,3.06622,-0.741954,1,44.071,552586,outside_own_roche_hot_not_broken
1150,1352,1,belt_rock,8.990148025323063E-06,0.877967,3.80741,-1.1336,1,89.1806,317746,outside_own_roche_hot_not_broken
1150,1355,1,belt_rock,8.22811858779635E-05,0.854684,1.47084,-0.739093,1,44.8058,549896,outside_own_roche_hot_not_broken
1150,1379,1,belt_rock,1.892038919773968E-05,0.9763,3.8137,-0.86237,1,26.5337,598310,outside_own_roche_hot_not_broken
1150,1403,1,belt_rock,1.0336419449546872E-05,0.87051,3.77855,-1.2008,1,86.6428,312811,outside_own_roche_hot_not_broken
1150,1468,1,belt_rock,1.5050873292970126E-06,0.757099,4.44474,-1.10875,1,75.1747,348758,outside_own_roche_hot_not_broken
1150,1485,1,belt_rock,2.501537933445565E-06,0.603212,3.2439,-1.18458,1,81.6978,323876,outside_own_roche_hot_not_broken
1150,1490,1,belt_rock,0.0001145999561379438,0.807217,2.87627,-0.857065,1,34.8998,552386,outside_own_roche_hot_not_broken
1150,1530,1,belt_rock,0.00010158132024388023,0.847669,3.03679,-0.853541,1,33.0864,563803,outside_own_roche_hot_not_broken
1150,1553,1,belt_rock,4.0531201478537706E-05,0.927471,3.51019,-1.13663,1,88.7339,318108,outside_own_roche_hot_not_broken
1150,1554,1,belt_rock,9.732021728961247E-06,0.75617,3.30782,-1.10797,1,64.4249,373393,outside_own_roche_hot_not_broken
1150,1584,1,belt_rock,1.2114145495280296E-05,0.954738,5.87403,-0.848589,1,28.132,595220,outside_own_roche_hot_not_broken
1150,1622,1,belt_rock,1.967167102589526E-05,0.975933,3.93088,-0.862888,1,26.0281,601231,outside_own_roche_hot_not_broken
1150,1664,1,belt_rock,2.8322137360573915E-05,0.458988,1.78916,-1.4866,1,119.593,239612,outside_own_roche_hot_not_broken
1150,1689,1,belt_rock,5.841988806528529E-05,0.540793,1.99652,-1.11021,1,100.037,302629,outside_own_roche_hot_not_broken
1150,1705,1,belt_rock,7.243667174845303E-07,0.644592,4.42289,-1.46408,1,106.609,255447,outside_own_roche_hot_not_broken
1150,1739,1,belt_rock,9.52010787032452E-05,0.957351,3.44005,-0.738902,1,44.3858,552209,outside_own_roche_hot_not_broken
1150,1795,1,belt_rock,6.566667308472614E-07,0.97693,6.83804,-1.1639,1,73.264,343515,outside_own_roche_hot_not_broken
1150,1800,1,belt_rock,2.4722625895541677E-06,0.859027,4.65053,-1.17161,1,100.77,293846,outside_own_roche_hot_not_broken
1150,1826,1,belt_rock,5.70382678004636E-05,0.816707,4.06508,-0.741433,1,42.0532,563813,outside_own_roche_hot_not_broken
1150,1838,1,belt_rock,4.745002461219935E-05,0.699347,2.48105,-1.42141,1,79.5691,295695,outside_own_roche_hot_not_broken
1150,1863,1,belt_rock,8.665744045728343E-05,0.496901,1.68201,-1.18576,1,68.2182,350459,outside_own_roche_hot_not_broken
1150,1894,1,belt_rock,1.4398197530175788E-05,0.948305,3.84943,-1.46388,1,132.521,228948,outside_own_roche_hot_not_broken
1150,1926,1,belt_rock,6.863947909387181E-07,0.961831,10.2952,-0.845009,1,30.5897,582059,outside_own_roche_hot_not_broken
1150,1959,1,belt_rock,1.8851506864886237E-06,0.904381,5.1028,-0.857071,1,28.0749,591392,outside_own_roche_hot_not_broken
1150,1975,1,belt_rock,6.433777645222496E-06,0.853703,3.94435,-0.754038,1,47.8267,528458,outside_own_roche_hot_not_broken
1150,1994,1,belt_rock,1.4268039005855543E-05,0.758193,3.159,-0.743733,1,45.9773,541854,outside_own_roche_hot_not_broken
1150,1998,1,belt_rock,5.927086706501088E-07,0.705166,2.8529,-1.48175,1,122.054,237548,outside_own_roche_hot_not_broken
1200,17,1,belt_rock,6.827172754266853E-07,0.634029,4.31585,-1.39044,1,101.872,268186,outside_own_roche_hot_not_broken
1200,30,1,belt_rock,7.38240689475372E-06,0.957148,4.28225,-1.09928,1,85.9024,328755,outside_own_roche_hot_not_broken
1200,44,1,belt_rock,6.965488713799063E-06,0.813252,3.71404,-0.721036,1,40.6791,581041,outside_own_roche_hot_not_broken
1200,89,1,belt_rock,1.9447634323182094E-06,0.427377,2.41832,-4.33463,1,7.86303,161159,outside_own_roche_hot_not_broken
1200,94,1,belt_rock,3.791464172776052E-05,0.697743,3.64282,-1.15522,1,83.5836,324727,outside_own_roche_hot_not_broken
1200,101,1,belt_rock,1.9692976926747173E-06,0.713202,3.99383,-1.07632,1,73.3128,358506,outside_own_roche_hot_not_broken
1200,124,1,belt_rock,1.3846795585550809E-05,0.568681,3.42694,-1.08225,1,88.7132,326039,outside_own_roche_hot_not_broken
1200,173,1,belt_rock,2.8768110116398428E-05,0.934744,3.63354,-0.837277,1,31.4809,580445,outside_own_roche_hot_not_broken
1200,197,1,belt_rock,1.487595522297578E-06,0.981923,5.77671,-0.714755,1,39.6907,589984,outside_own_roche_hot_not_broken
1200,199,1,belt_rock,7.80086165053359E-06,0.534811,3.56391,-1.41659,1,95.8017,273288,outside_own_roche_hot_not_broken
1200,205,1,belt_rock,5.708514414059186E-06,0.708098,4.98974,-1.0869,1,70.5635,362836,outside_own_roche_hot_not_broken
1200,212,1,belt_rock,6.566931872251E-07,0.790032,5.41864,-0.722529,1,43.1553,566102,outside_own_roche_hot_not_broken
1200,219,1,belt_rock,5.11870546070562E-06,0.891183,4.26358,-0.712786,1,37.8124,602649,outside_own_roche_hot_not_broken
1200,244,1,belt_rock,1.936135125523182E-06,0.50521,2.83741,-1.388,1,80.5545,298299,outside_own_roche_hot_not_broken
1200,264,1,belt_rock,1.1450342531930353E-06,0.94048,5.89024,-1.44484,1,99.5272,265684,outside_own_roche_hot_not_broken
1200,295,1,belt_rock,2.1704753697564006E-05,0.947584,3.77919,-0.826398,1,24.8895,628039,outside_own_roche_hot_not_broken
1200,312,1,belt_rock,2.261395482829255E-05,0.854527,4.77917,-1.06837,1,86.6073,332133,outside_own_roche_hot_not_broken
1200,329,1,belt_rock,0.00012525180328705775,0.951468,3.3774,-0.713556,1,36.9612,607709,outside_own_roche_hot_not_broken
1200,330,1,belt_rock,8.965713228249624E-05,0.958214,3.45349,-0.831497,1,24.1222,630529,outside_own_roche_hot_not_broken
1200,341,1,belt_rock,7.431986081784527E-07,0.635193,4.25324,-1.08218,1,86.4169,330377,outside_own_roche_hot_not_broken
1200,350,1,belt_rock,7.294135930532069E-05,0.470178,1.71341,-1.14917,1,75.2426,341869,outside_own_roche_hot_not_broken
1200,388,1,belt_rock,9.077453292717553E-07,0.870262,8.789,-1.44177,1,99.945,265471,outside_own_roche_hot_not_broken
1200,390,1,belt_rock,2.7576377582395805E-05,0.679169,2.65447,-1.41441,1,89.2427,282380,outside_own_roche_hot_not_broken
1200,405,1,belt_rock,5.1419254107412145E-05,0.836977,3.11707,-0.658431,1,75.652,445367,outside_own_roche_hot_not_broken
1200,449,1,belt_rock,7.455531783574016E-05,0.915175,3.13059,-1.09739,1,61.1603,383697,outside_own_roche_hot_not_broken
1200,455,1,belt_rock,4.766650301068784E-06,0.85953,4.15892,-0.834535,1,34.3092,565462,outside_own_roche_hot_not_broken
1200,526,1,belt_rock,6.954935084349453E-06,0.544871,3.70242,-1.39723,1,96.9705,273786,outside_own_roche_hot_not_broken
1200,571,1,belt_rock,4.245065768434779E-05,0.483928,1.73349,-1.08662,1,83.1939,335946,outside_own_roche_hot_not_broken
1200,601,1,belt_rock,1.704057254601463E-05,0.852917,3.4933,-1.40887,1,101.075,267336,outside_own_roche_hot_not_broken
1200,605,1,belt_rock,2.4041749778437364E-05,0.738766,2.92235,-1.39947,1,81.9876,294683,outside_own_roche_hot_not_broken
1200,633,1,belt_rock,2.2297405295397162E-06,0.903957,7.61685,-1.44059,1,95.4317,271277,outside_own_roche_hot_not_broken
1200,636,1,belt_rock,1.3057175961291948E-05,0.831981,3.50786,-1.09431,1,73.4718,354947,outside_own_roche_hot_not_broken
1200,680,1,belt_rock,4.861405982743535E-05,0.424008,1.58463,-1.38834,1,79.0236,300659,outside_own_roche_hot_not_broken
1200,725,1,belt_rock,1.9461636517486805E-05,0.980562,3.95305,-0.835983,1,27.0179,608673,outside_own_roche_hot_not_broken
1200,744,1,belt_rock,5.963441676946734E-05,0.870353,3.2095,-1.15998,1,58.0326,378916,outside_own_roche_hot_not_broken
1200,756,1,belt_rock,7.133940698881861E-07,0.811629,5.47784,-0.721843,1,41.1523,577882,outside_own_roche_hot_not_broken
1200,802,1,belt_rock,6.86444772501363E-05,0.939827,3.43543,-0.823737,1,31.9551,584057,outside_own_roche_hot_not_broken
1200,807,1,belt_rock,5.702887272086544E-05,0.727113,2.68849,-1.15587,1,94.0286,306450,outside_own_roche_hot_not_broken
1200,809,1,belt_rock,5.600919844523897E-06,0.940089,4.45082,-1.13013,1,58.059,384943,outside_own_roche_hot_not_broken
1200,818,1,belt_rock,7.981140050761311E-07,0.935393,6.17802,-0.726618,1,42.7392,566602,outside_own_roche_hot_not_broken
1200,833,1,belt_rock,7.177213757332786E-05,0.467524,2.27364,-1.38412,1,104.825,265141,outside_own_roche_hot_not_broken
1200,861,1,belt_rock,9.675546798348637E-07,0.875295,5.57334,-0.71656,1,38.0205,599425,outside_own_roche_hot_not_broken
1200,876,1,belt_rock,4.137134032490676E-05,0.941016,3.55435,-0.826468,1,25.874,621279,outside_own_roche_hot_not_broken
1200,898,1,belt_rock,1.1462926508708358E-05,0.904912,3.88817,-1.40512,1,142.886,223867,outside_own_roche_hot_not_broken
1200,918,1,belt_rock,1.557636876652008E-05,0.722455,2.98767,-1.42517,1,148.261,217911,outside_own_roche_hot_not_broken
1200,934,1,belt_rock,4.5149665654366586E-05,0.885959,4.5267,-0.726119,1,40.251,581167,outside_own_roche_hot_not_broken
1200,962,1,belt_rock,6.94522668816033E-05,0.72101,2.63471,-1.07553,1,70.3548,365431,outside_own_roche_hot_not_broken
1200,1003,1,belt_rock,6.641968612579456E-07,0.891636,9.60974,-2.22794,1,14.4839,296558,outside_own_roche_hot_not_broken
1200,1016,1,belt_rock,9.920689763785043E-05,0.944545,3.38866,-1.09483,1,56.0954,397771,outside_own_roche_hot_not_broken
1200,1062,1,belt_rock,1.3771057314427694E-06,0.954367,5.69318,-0.712035,1,34.4995,624873,outside_own_roche_hot_not_broken
1200,1078,1,belt_rock,9.10255632775755E-06,0.823918,3.62721,-0.832936,1,35.084,561866,outside_own_roche_hot_not_broken
1200,1087,1,belt_rock,0.00011050098932837874,0.923061,3.29416,-0.730822,1,42.7576,564616,outside_own_roche_hot_not_broken
1200,1097,1,belt_rock,7.702165657203223E-07,0.955127,6.35164,-0.841871,1,31.9763,575402,outside_own_roche_hot_not_broken
1200,1115,1,belt_rock,7.685439102371505E-07,0.875337,5.82347,-0.836268,1,32.0185,577764,outside_own_roche_hot_not_broken
1200,1153,1,belt_rock,8.621506956892179E-05,0.650436,2.34952,-1.138,1,43.9556,423366,outside_own_roche_hot_not_broken
1200,1158,1,belt_rock,9.41390110065754E-06,0.892546,3.84816,-1.41688,1,163.859,206170,outside_own_roche_hot_not_broken
1200,1201,1,belt_rock,5.881881375868684E-06,0.82009,3.86155,-1.40809,1,78.2967,299315,outside_own_roche_hot_not_broken
1200,1220,1,belt_rock,1.2091146342930153E-06,0.516937,3.1578,-1.15819,1,81.1401,328848,outside_own_roche_hot_not_broken
1200,1238,1,belt_rock,4.377380235917646E-06,0.914533,4.48643,-0.726365,1,40.0781,582075,outside_own_roche_hot_not_broken
1200,1257,1,belt_rock,8.840500656300798E-06,0.967706,6.28118,-0.83166,1,23.7771,632847,outside_own_roche_hot_not_broken
1200,1317,1,belt_rock,9.15531759102845E-05,0.629016,2.12168,-1.43103,1,139.399,225115,outside_own_roche_hot_not_broken
1200,1320,1,belt_rock,1.9502554120553218E-05,0.830476,3.34649,-0.725667,1,43.0977,565020,outside_own_roche_hot_not_broken
1200,1468,1,belt_rock,1.5050873292970126E-06,0.88894,5.21874,-1.09721,1,76.0974,348757,outside_own_roche_hot_not_broken
1200,1515,1,belt_rock,5.914466330813979E-05,0.959297,3.53767,-0.82313,1,27.3392,613291,outside_own_roche_hot_not_broken
1200,1517,1,belt_rock,7.473831491356644E-05,0.852142,3.10021,-0.723034,1,38.8428,591116,outside_own_roche_hot_not_broken
1200,1554,1,belt_rock,9.732021728961247E-06,0.891888,3.90151,-1.09738,1,65.2725,373391,outside_own_roche_hot_not_broken
1200,1594,1,belt_rock,4.469832094023741E-05,0.857542,3.22106,-0.830163,1,31.5017,583695,outside_own_roche_hot_not_broken
1200,1597,1,belt_rock,7.277415759858875E-06,0.807511,5.42307,-0.719128,1,41.2781,578416,outside_own_roche_hot_not_broken
1200,1624,1,belt_rock,0.00012796138765296694,0.700329,3.2355,-1.38524,1,91.0601,283102,outside_own_roche_hot_not_broken
1200,1649,1,belt_rock,0.0001131309544627968,0.572847,2.04278,-1.14565,1,51.6258,398891,outside_own_roche_hot_not_broken
1200,1685,1,belt_rock,1.776224965867709E-05,0.458764,2.6616,-1.38216,1,77.2486,304291,outside_own_roche_hot_not_broken
1200,1705,1,belt_rock,7.243667174845303E-07,0.957554,6.57029,-1.44896,1,107.818,255447,outside_own_roche_hot_not_broken
1200,1706,1,belt_rock,4.57761263009354E-05,0.539414,2.02468,-1.42115,1,107.436,258458,outside_own_roche_hot_not_broken
1200,1733,1,belt_rock,3.7973166626542763E-06,0.404152,2.02818,-1.43182,1,91.9287,276801,outside_own_roche_hot_not_broken
1200,1739,1,belt_rock,9.52010787032452E-05,0.935601,3.3619,-0.733255,1,44.8378,552206,outside_own_roche_hot_not_broken
1200,1782,1,belt_rock,8.245178938175916E-05,0.59246,2.14529,-1.06771,1,52.4741,414476,outside_own_roche_hot_not_broken
1200,1795,1,belt_rock,6.566667308472614E-07,0.654246,4.57941,-1.15162,1,74.2464,343514,outside_own_roche_hot_not_broken
1200,1800,1,belt_rock,2.4722625895541677E-06,0.796219,4.31051,-1.15895,1,101.783,293845,outside_own_roche_hot_not_broken
1200,1802,1,belt_rock,4.420959277904999E-05,0.622828,2.34262,-1.14687,1,58.1367,381305,outside_own_roche_hot_not_broken
1200,1807,1,belt_rock,3.4249918159041645E-05,0.79984,2.92539,-1.13661,1,51.1333,402306,outside_own_roche_hot_not_broken
1200,1830,1,belt_rock,6.472560252373216E-05,0.859202,2.96914,-0.725934,1,42.5221,568133,outside_own_roche_hot_not_broken
1200,1838,1,belt_rock,4.745002461219935E-05,0.882615,3.13123,-1.40855,1,80.5983,295694,outside_own_roche_hot_not_broken
1200,1887,1,belt_rock,6.82126824701485E-07,0.612977,4.17326,-1.06453,1,51.3084,418788,outside_own_roche_hot_not_broken
1200,1901,1,belt_rock,4.486598859316946E-06,0.895337,4.37171,-0.718018,1,41.2482,579112,outside_own_roche_hot_not_broken
1200,1954,1,belt_rock,6.698025955086477E-05,0.920445,3.36933,-0.712203,1,37.2672,606433,outside_own_roche_hot_not_broken
1200,1980,1,belt_rock,8.939593315858296E-05,0.488917,1.76273,-1.14325,1,82.8782,327825,outside_own_roche_hot_not_broken
1250,17,1,belt_rock,6.827172754266853E-07,0.973053,6.6236,-1.37526,1,103.086,268185,outside_own_roche_hot_not_broken
1250,89,1,belt_rock,1.9447634323182094E-06,0.388961,2.20095,-4.32972,1,8.25597,161158,outside_own_roche_hot_not_broken
1250,101,1,belt_rock,1.9692976926747173E-06,0.940926,5.26905,-1.06479,1,74.2347,358505,outside_own_roche_hot_not_broken
1250,104,1,belt_rock,3.971913568667692E-05,0.900296,3.41028,-0.704597,1,39.504,596131,outside_own_roche_hot_not_broken
1250,128,1,belt_rock,6.62596637038842E-06,0.725764,3.34873,-1.10942,1,56.0349,394729,outside_own_roche_hot_not_broken
1250,136,1,belt_rock,5.400980043346332E-06,0.89183,4.23038,-0.696391,1,35.1381,629087,outside_own_roche_hot_not_broken
1250,145,1,belt_rock,2.911124883697746E-06,0.906883,4.7674,-0.697798,1,33.8943,637019,outside_own_roche_hot_not_broken
1250,150,1,belt_rock,6.700850686487743E-07,0.917384,6.2674,-0.694787,1,33.2733,643198,outside_own_roche_hot_not_broken
1250,193,1,belt_rock,3.347116514333176E-06,0.525504,2.696,-1.04599,1,70.4562,370791,outside_own_roche_hot_not_broken
1250,197,1,belt_rock,1.487595522297578E-06,0.982917,5.78255,-0.710074,1,40.0651,589982,outside_own_roche_hot_not_broken
1250,242,1,belt_rock,2.523738327348692E-06,0.923281,7.59451,-0.697241,1,32.9589,644054,outside_own_roche_hot_not_broken
1250,243,1,belt_rock,6.279534805245629E-05,0.564519,2.78239,-1.05032,1,73.6081,362563,outside_own_roche_hot_not_broken
1250,259,1,belt_rock,1.2263857490121185E-05,0.980134,4.15593,-0.690993,1,33.3654,644732,outside_own_roche_hot_not_broken
1250,304,1,belt_rock,9.975954360357335E-06,0.614802,3.9229,-1.64111,1,169.114,190252,outside_own_roche_hot_not_broken
1250,312,1,belt_rock,2.261395482829255E-05,0.806093,4.50829,-1.05641,1,87.5639,332132,outside_own_roche_hot_not_broken
1250,383,1,belt_rock,3.952775802632738E-06,0.951289,7.17266,-0.802341,1,28.8049,614591,outside_own_roche_hot_not_broken
1250,403,1,belt_rock,1.6097798397137784E-06,0.908419,8.16423,-0.706936,1,41.3481,583764,outside_own_roche_hot_not_broken
1250,405,1,belt_rock,5.1419254107412145E-05,0.937635,3.49194,-0.648777,1,76.4244,445365,outside_own_roche_hot_not_broken
1250,425,1,belt_rock,5.524092275825576E-06,0.475399,2.26036,-1.37638,1,144.023,224890,outside_own_roche_hot_not_broken
1250,439,1,belt_rock,1.7629018445710437E-05,0.884774,3.48562,-0.810651,1,30.8207,597371,outside_own_roche_hot_not_broken
1250,464,1,belt_rock,0.00010667959372088253,0.835379,2.98585,-0.700277,1,40.1674,594162,outside_own_roche_hot_not_broken
1250,492,1,belt_rock,1.3226425832453694E-06,0.697491,4.19139,-1.10292,1,42.3497,437668,outside_own_roche_hot_not_broken
1250,550,1,belt_rock,4.7161816707888294E-05,0.71678,3.64818,-0.642655,1,61.2682,507205,outside_own_roche_hot_not_broken
1250,556,1,belt_rock,1.2294819836209372E-06,0.699228,4.25827,-1.65357,1,248.543,150073,outside_own_roche_hot_not_broken
1250,581,1,belt_rock,7.476979178758243E-05,0.482803,2.33805,-1.04679,1,77.28,354931,outside_own_roche_hot_not_broken
1250,601,1,belt_rock,1.704057254601463E-05,0.76183,3.12024,-1.39586,1,102.116,267335,outside_own_roche_hot_not_broken
1250,672,1,belt_rock,8.42775082612278E-05,0.838607,4.01498,-1.10711,1,71.9692,356004,outside_own_roche_hot_not_broken
1250,678,1,belt_rock,1.784486290465502E-05,0.893543,5.18257,-1.34898,1,68.8092,323391,outside_own_roche_hot_not_broken
1250,746,1,belt_rock,3.707360858749081E-05,0.940105,3.57971,-0.801678,1,28.4056,617595,outside_own_roche_hot_not_broken
1250,764,1,belt_rock,6.955996269256479E-05,0.724779,2.64822,-1.10909,1,57.6219,390519,outside_own_roche_hot_not_broken
1250,796,1,belt_rock,6.85577897346876E-05,0.493202,1.80349,-1.12515,1,87.5256,321916,outside_own_roche_hot_not_broken
1250,809,1,belt_rock,5.600919844523897E-06,0.709526,3.35923,-1.12012,1,58.8599,384942,outside_own_roche_hot_not_broken
1250,832,1,belt_rock,1.2723288705446799E-06,0.315216,1.90765,-1.3813,1,131.313,236345,outside_own_roche_hot_not_broken
1250,839,1,belt_rock,2.289446660935923E-05,0.928025,3.68179,-0.703035,1,36.5565,615868,outside_own_roche_hot_not_broken
1250,885,1,belt_rock,5.339743715901957E-05,0.634857,2.35709,-1.04772,1,81.7703,345148,outside_own_roche_hot_not_broken
1250,899,1,belt_rock,1.312331850658831E-06,0.480507,2.8916,-1.1197,1,75.9135,345353,outside_own_roche_hot_not_broken
1250,918,1,belt_rock,1.557636876652008E-05,0.950749,3.93176,-1.41105,1,149.39,217910,outside_own_roche_hot_not_broken
1250,922,1,belt_rock,3.218767067705556E-06,0.908278,4.69068,-0.703036,1,37.0446,612646,outside_own_roche_hot_not_broken
1250,941,1,belt_rock,8.318587866088515E-05,0.787471,2.84945,-1.03938,1,68.441,377015,outside_own_roche_hot_not_broken
1250,962,1,belt_rock,6.94522668816033E-05,0.933973,3.41292,-1.06434,1,71.2502,365429,outside_own_roche_hot_not_broken
1250,967,1,belt_rock,4.333662951166406E-06,0.528835,2.60771,-1.64533,1,153.014,200788,outside_own_roche_hot_not_broken
1250,1003,1,belt_rock,6.641968612579456E-07,0.864035,9.31226,-2.23044,1,14.284,296556,outside_own_roche_hot_not_broken
1250,1098,1,belt_rock,1.883857758626955E-05,0.600955,2.43295,-1.11706,1,62.3556,376694,outside_own_roche_hot_not_broken
1250,1106,1,belt_rock,4.784559652363653E-06,0.516888,2.51183,-1.34439,1,95.8175,281027,outside_own_roche_hot_not_broken
1250,1138,1,belt_rock,1.3301076109901263E-05,0.62612,2.63344,-1.11785,1,73.6115,350541,outside_own_roche_hot_not_broken
1250,1158,1,belt_rock,9.41390110065754E-06,0.809443,3.48987,-1.4039,1,164.897,206170,outside_own_roche_hot_not_broken
1250,1177,1,belt_rock,6.569764214704718E-07,0.940319,6.44888,-0.69724,1,37.6608,611646,outside_own_roche_hot_not_broken
1250,1212,1,belt_rock,2.0005788744008962E-06,0.882805,4.93019,-0.808066,1,31.2829,595781,outside_own_roche_hot_not_broken
1250,1277,1,belt_rock,2.0641378376823398E-05,0.530613,2.05212,-1.11329,1,67.9409,364016,outside_own_roche_hot_not_broken
1250,1281,1,belt_rock,3.5793218281960345E-06,0.980914,4.97816,-0.690514,1,31.6709,657587,outside_own_roche_hot_not_broken
1250,1291,1,belt_rock,6.94641919182026E-07,0.614974,4.17209,-1.04805,1,73.1095,364135,outside_own_roche_hot_not_broken
1250,1305,1,belt_rock,8.307795636088752E-07,0.328257,3.37655,-1.39153,1,121.084,245915,outside_own_roche_hot_not_broken
1250,1311,1,belt_rock,3.07529357563284E-05,0.914144,3.53295,-0.706937,1,38.3001,602521,outside_own_roche_hot_not_broken
1250,1312,1,belt_rock,4.953047568209296E-05,0.964499,3.59722,-0.707279,1,37.7151,606084,outside_own_roche_hot_not_broken
1250,1318,1,belt_rock,3.025883601582657E-05,0.917931,3.55508,-1.0332,1,66.8086,382380,outside_own_roche_hot_not_broken
1250,1330,1,belt_rock,4.88126566803689E-05,0.925821,3.45637,-0.693818,1,34.9465,631851,outside_own_roche_hot_not_broken
1250,1345,1,belt_rock,6.38062925384163E-05,0.842281,3.09289,-1.10732,1,75.3597,348606,outside_own_roche_hot_not_broken
1250,1398,1,belt_rock,1.4870440473304852E-05,0.943579,3.91342,-0.814146,1,28.9523,607459,outside_own_roche_hot_not_broken
1250,1428,1,belt_rock,0.00011213249397402534,0.995636,3.55097,-0.806289,1,23.1026,652380,outside_own_roche_hot_not_broken
1250,1431,1,belt_rock,1.2877988446477373E-05,0.476153,2.90754,-1.344,1,76.6671,310294,outside_own_roche_hot_not_broken
1250,1477,1,belt_rock,2.8308653645344172E-06,0.656683,3.46046,-1.05008,1,61.9345,391611,outside_own_roche_hot_not_broken
1250,1501,1,belt_rock,2.3666981552968807E-06,0.472041,2.56206,-1.12515,1,85.0454,326476,outside_own_roche_hot_not_broken
1250,1549,1,belt_rock,1.1520328550631034E-05,0.476971,2.04386,-1.40242,1,121.383,244682,outside_own_roche_hot_not_broken
1250,1565,1,belt_rock,1.0951948596902604E-05,0.846765,3.63925,-0.704503,1,39.0112,599259,outside_own_roche_hot_not_broken
1250,1624,1,belt_rock,0.00012796138765296694,0.901754,4.16607,-1.37188,1,92.1288,283101,outside_own_roche_hot_not_broken
1250,1642,1,belt_rock,0.00011263299426646068,0.990198,1.66162,-0.69062,1,35.8376,627445,outside_own_roche_hot_not_broken
1250,1683,1,belt_rock,9.37186776526829E-05,0.622354,2.23869,-1.11309,1,48.3033,416104,outside_own_roche_hot_not_broken
1250,1703,1,belt_rock,4.267325314183137E-05,0.266085,1.36981,-1.39521,1,166.676,205367,outside_own_roche_hot_not_broken
1250,1722,1,belt_rock,7.005142127119329E-05,0.94108,3.4376,-1.3286,1,91.5778,288843,outside_own_roche_hot_not_broken
1250,1729,1,belt_rock,1.6974650892955918E-05,0.863118,5.04476,-1.34956,1,68.8929,323153,outside_own_roche_hot_not_broken
1250,1794,1,belt_rock,8.335811318711791E-07,0.858944,5.62607,-0.70211,1,38.1362,606035,outside_own_roche_hot_not_broken
1250,1807,1,belt_rock,3.4249918159041645E-05,0.855265,3.12811,-1.12749,1,51.8627,402305,outside_own_roche_hot_not_broken
1250,1873,1,belt_rock,5.668307244797223E-05,0.912601,3.37396,-0.697734,1,38.3687,606792,outside_own_roche_hot_not_broken
1250,1874,1,belt_rock,1.0248031212141847E-06,0.819138,5.24357,-1.36204,1,75.6436,309588,outside_own_roche_hot_not_broken
1250,1890,1,belt_rock,6.632279485941831E-07,0.721439,7.77779,-1.11238,1,68.4682,362966,outside_own_roche_hot_not_broken
1250,1893,1,belt_rock,2.4611062147050183E-05,0.567779,2.23966,-1.11358,1,54.9208,396870,outside_own_roche_hot_not_broken
1250,1920,1,belt_rock,7.605997785744625E-07,0.781111,5.30703,-1.37096,1,89.1692,287419,outside_own_roche_hot_not_broken
1250,1952,1,belt_rock,6.606311162767822E-05,0.582153,2.13457,-1.63282,1,141.064,210359,outside_own_roche_hot_not_broken
1300,2,1,planet,0.8151215664792153,0.799864,2.91653,-1.73775,1,17.3809,365420,outside_own_roche_hot_not_broken
1300,38,1,belt_rock,1.1021391526631291E-05,0.833738,5.21846,-1.06862,1,38.6956,460216,outside_own_roche_hot_not_broken
1300,50,1,belt_rock,2.8576963723282348E-05,0.855699,3.82569,-1.00724,1,74.3727,368837,outside_own_roche_hot_not_broken
1300,52,1,belt_rock,1.8842060779531114E-05,0.796146,4.58224,-1.56525,1,129.02,224795,outside_own_roche_hot_not_broken
1300,89,1,belt_rock,1.9447634323182094E-06,0.338022,1.91271,-4.32918,1,8.29936,161158,outside_own_roche_hot_not_broken
1300,128,1,belt_rock,6.62596637038842E-06,0.933668,4.30801,-1.0998,1,56.8042,394728,outside_own_roche_hot_not_broken
1300,130,1,belt_rock,3.2312730057913415E-06,0.812951,4.19396,-1.00801,1,74.8114,367650,outside_own_roche_hot_not_broken
1300,131,1,belt_rock,1.2055591394494105E-06,0.998321,6.10172,-0.792963,1,28.7954,619652,outside_own_roche_hot_not_broken
1300,151,1,belt_rock,8.80737237346813E-05,0.909932,4.34076,-1.56625,1,125.835,227575,outside_own_roche_hot_not_broken
1300,162,1,belt_rock,7.721602180571307E-07,0.876528,5.82613,-0.986875,1,46.0457,457232,outside_own_roche_hot_not_broken
1300,166,1,belt_rock,3.586487126151925E-06,0.910164,4.61123,-0.684931,1,34.862,637455,outside_own_roche_hot_not_broken
1300,224,1,belt_rock,9.167525598203719E-07,0.558626,3.59339,-1.00897,1,87.0002,340763,outside_own_roche_hot_not_broken
1300,262,1,belt_rock,3.6612291394108806E-06,0.825601,6.3271,-1.0089,1,70.3352,378372,outside_own_roche_hot_not_broken
1300,280,1,belt_rock,6.695682277626445E-05,0.988665,3.62001,-1.00127,1,74.2809,370198,outside_own_roche_hot_not_broken
1300,281,1,belt_rock,6.858618499834726E-07,0.571614,3.96581,-1.01417,1,73.2887,370102,outside_own_roche_hot_not_broken
1300,294,1,belt_rock,9.754305347086909E-07,0.639694,4.06696,-1.01728,1,70.5665,376127,outside_own_roche_hot_not_broken
1300,297,1,belt_rock,1.4396121228647316E-06,0.337004,1.99432,-1.31927,1,155.669,218797,outside_own_roche_hot_not_broken
1300,317,1,belt_rock,8.846340250621285E-07,0.821208,5.31832,-0.988152,1,46.6547,454645,outside_own_roche_hot_not_broken
1300,381,1,belt_rock,2.0774821337134934E-06,0.504494,4.31028,-1.58398,1,252.869,150563,outside_own_roche_hot_not_broken
1300,538,1,belt_rock,6.569448769827544E-07,0.530693,3.63962,-1.08351,1,72.9567,358011,outside_own_roche_hot_not_broken
1300,579,1,belt_rock,3.6327168605900935E-05,0.997323,3.80318,-0.689612,1,36.3912,624201,outside_own_roche_hot_not_broken
1300,603,1,belt_rock,4.168297972225906E-06,0.928175,4.56761,-0.683172,1,33.3442,649470,outside_own_roche_hot_not_broken
1300,610,1,belt_rock,6.187371765808272E-05,0.886419,3.25961,-0.683101,1,36.7266,625469,outside_own_roche_hot_not_broken
1300,615,1,belt_rock,4.0330174319880445E-05,0.652234,2.4693,-1.08569,1,57.1719,396814,outside_own_roche_hot_not_broken
1300,645,1,belt_rock,2.855972095977906E-05,0.846031,4.58047,-1.00756,1,71.8872,374787,outside_own_roche_hot_not_broken
1300,649,1,belt_rock,8.662589025225851E-06,0.487144,2.16812,-1.34298,1,70.5957,321018,outside_own_roche_hot_not_broken
1300,672,1,belt_rock,8.42775082612278E-05,0.807172,3.86448,-1.09596,1,72.8614,356002,outside_own_roche_hot_not_broken
1300,675,1,belt_rock,0.00011585296376493188,0.62518,2.22689,-1.01526,1,78.2567,358370,outside_own_roche_hot_not_broken
1300,678,1,belt_rock,1.784486290465502E-05,0.692924,4.01898,-1.33689,1,69.7763,323390,outside_own_roche_hot_not_broken
1300,690,1,belt_rock,4.023587267859821E-05,0.314593,1.13289,-1.37109,1,136.864,231806,outside_own_roche_hot_not_broken
1300,738,1,belt_rock,6.056326407358601E-06,0.990368,4.56553,-0.675162,1,31.7351,666511,outside_own_roche_hot_not_broken
1300,764,1,belt_rock,6.955996269256479E-05,0.931989,3.40534,-1.09926,1,58.4089,390517,outside_own_roche_hot_not_broken
1300,769,1,belt_rock,4.200454182736083E-05,0.494794,1.86867,-1.33244,1,72.7005,318759,outside_own_roche_hot_not_broken
1300,830,1,belt_rock,7.849494695636164E-05,0.56633,2.05551,-1.08481,1,57.064,397307,outside_own_roche_hot_not_broken
1300,868,1,belt_rock,8.917864153292904E-06,0.881602,5.72081,-1.07462,1,59.3539,393275,outside_own_roche_hot_not_broken
1300,900,1,belt_rock,1.0796437951920822E-06,0.806199,5.02908,-2.03923,1,281.54,128524,outside_own_roche_hot_not_broken
1300,917,1,belt_rock,6.020158404260856E-05,0.383647,1.41393,-1.30726,1,97.9468,282194,outside_own_roche_hot_not_broken
1300,929,1,belt_rock,1.813812595870774E-06,0.959998,5.45308,-0.678375,1,31.4024,667099,outside_own_roche_hot_not_broken
1300,941,1,belt_rock,8.318587866088515E-05,0.877062,3.17363,-1.02872,1,69.2932,377015,outside_own_roche_hot_not_broken
1300,990,1,belt_rock,1.3741454516244253E-05,0.958765,4.02107,-1.33103,1,107.948,266529,outside_own_roche_hot_not_broken
1300,1003,1,belt_rock,6.641968612579456E-07,0.536562,5.78288,-2.22991,1,14.3265,296556,outside_own_roche_hot_not_broken
1300,1007,1,belt_rock,3.3115050571296646E-05,0.560373,2.15393,-1.09155,1,81.7708,337988,outside_own_roche_hot_not_broken
1300,1039,1,belt_rock,1.4902153064625616E-05,0.990906,5.90238,-1.06461,1,44.1785,441850,outside_own_roche_hot_not_broken
1300,1169,1,belt_rock,8.175272778759332E-06,0.931115,4.16594,-1.00063,1,81.9665,352753,outside_own_roche_hot_not_broken
1300,1216,1,belt_rock,5.357541163999251E-06,0.885294,4.20133,-0.682208,1,36.4579,627806,outside_own_roche_hot_not_broken
1300,1318,1,belt_rock,3.025883601582657E-05,0.74995,2.9045,-1.02264,1,67.6532,382379,outside_own_roche_hot_not_broken
1300,1338,1,belt_rock,5.937082442777558E-05,0.544174,2.00695,-1.08444,1,63.3274,380803,outside_own_roche_hot_not_broken
1300,1345,1,belt_rock,6.38062925384163E-05,0.80405,2.9525,-1.09592,1,76.2718,348605,outside_own_roche_hot_not_broken
1300,1416,1,belt_rock,0.0001321997738157315,0.994865,3.52416,-0.999822,1,81.899,353041,outside_own_roche_hot_not_broken
1300,1445,1,belt_rock,1.8156750496775532E-05,0.783789,3.18439,-1.07894,1,76.4987,351026,outside_own_roche_hot_not_broken
1300,1482,1,belt_rock,2.8298309093900424E-05,0.534201,2.08076,-1.01635,1,66.6324,386317,outside_own_roche_hot_not_broken
1300,1522,1,belt_rock,5.201450869522759E-05,0.541985,2.01575,-1.08532,1,60.8237,387079,outside_own_roche_hot_not_broken
1300,1557,1,belt_rock,0.00010390914397456924,0.789913,2.82826,-1.30893,1,62.1551,342495,outside_own_roche_hot_not_broken
1300,1570,1,belt_rock,6.599173965356059E-07,0.694073,4.75593,-1.07385,1,38.092,460904,outside_own_roche_hot_not_broken
1300,1573,1,belt_rock,0.00010933804792976136,0.534909,1.9102,-1.09171,1,73.8374,354598,outside_own_roche_hot_not_broken
1300,1574,1,belt_rock,5.231274063515944E-05,0.673678,2.50538,-1.34413,1,98.1609,277854,outside_own_roche_hot_not_broken
1300,1578,1,belt_rock,2.2657187153962727E-05,0.514924,2.04644,-1.01979,1,76.5965,361311,outside_own_roche_hot_not_broken
1300,1630,1,belt_rock,9.557036556617762E-05,0.423542,1.52268,-1.28645,1,108.763,269993,outside_own_roche_hot_not_broken
1300,1657,1,belt_rock,9.857023070139824E-05,0.313488,1.12503,-1.32747,1,146.305,226342,outside_own_roche_hot_not_broken
1300,1688,1,belt_rock,9.9395369210029E-06,0.760333,4.8408,-1.01077,1,74.8133,367124,outside_own_roche_hot_not_broken
1300,1722,1,belt_rock,7.005142127119329E-05,0.667513,2.43831,-1.31471,1,92.6891,288842,outside_own_roche_hot_not_broken
1300,1729,1,belt_rock,1.6974650892955918E-05,0.724242,4.23306,-1.33769,1,69.8424,323153,outside_own_roche_hot_not_broken
1300,1835,1,belt_rock,5.600599093037584E-05,0.650708,2.40867,-1.0852,1,55.9401,400346,outside_own_roche_hot_not_broken
1300,1874,1,belt_rock,1.0248031212141847E-06,0.772338,4.94399,-1.34996,1,76.6101,309588,outside_own_roche_hot_not_broken
1300,1890,1,belt_rock,6.632279485941831E-07,0.924201,9.96376,-1.10124,1,69.3593,362965,outside_own_roche_hot_not_broken
1300,1897,1,belt_rock,2.748412464718791E-06,0.947886,7.66977,-0.784895,1,26.8459,637591,outside_own_roche_hot_not_broken
1300,1920,1,belt_rock,7.605997785744625E-07,0.824772,5.60367,-1.35837,1,90.1767,287418,outside_own_roche_hot_not_broken
1350,2,1,planet,0.8151314286139244,0.722741,2.63532,-1.73191,1,17.8559,365400,outside_own_roche_hot_not_broken
1350,29,1,belt_rock,2.4719757426853993E-05,0.983268,3.87259,-0.665355,1,30.2279,684812,outside_own_roche_hot_not_broken
1350,38,1,belt_rock,1.1021391526631291E-05,0.899392,5.62939,-1.06188,1,39.2346,460216,outside_own_roche_hot_not_broken
1350,39,1,belt_rock,0.00011998106390312054,0.957078,4.44258,-0.663908,1,32.3962,668373,outside_own_roche_hot_not_broken
1350,50,1,belt_rock,2.8576963723282348E-05,0.815022,3.64384,-0.996236,1,75.2534,368835,outside_own_roche_hot_not_broken
1350,52,1,belt_rock,1.8842060779531114E-05,0.83659,4.81502,-1.55236,1,130.046,224800,outside_own_roche_hot_not_broken
1350,89,1,belt_rock,1.9447634323182094E-06,0.326529,1.84767,-4.34195,1,7.27779,161157,outside_own_roche_hot_not_broken
1350,109,1,belt_rock,2.456960938733791E-05,0.320728,1.26654,-1.58513,1,143.285,211599,outside_own_roche_hot_not_broken
1350,130,1,belt_rock,3.2312730057913415E-06,0.857649,4.42455,-0.996966,1,75.6952,367648,outside_own_roche_hot_not_broken
1350,151,1,belt_rock,8.80737237346813E-05,0.710281,3.38834,-1.5522,1,126.962,227571,outside_own_roche_hot_not_broken
1350,162,1,belt_rock,7.721602180571307E-07,0.857468,5.69944,-0.979354,1,46.6474,457231,outside_own_roche_hot_not_broken
1350,176,1,belt_rock,2.1228965894217067E-05,0.666293,2.56763,-0.988908,1,74.5171,372010,outside_own_roche_hot_not_broken
1350,187,1,belt_rock,3.217959851025406E-05,0.479944,1.7661,-0.984158,1,81.084,357609,outside_own_roche_hot_not_broken
1350,221,1,belt_rock,1.3679684436860946E-06,0.709378,4.23683,-0.986007,1,69.2198,385899,outside_own_roche_hot_not_broken
1350,262,1,belt_rock,3.6612291394108806E-06,0.846039,6.48373,-0.998234,1,71.1888,378370,outside_own_roche_hot_not_broken
1350,280,1,belt_rock,6.695682277626445E-05,0.685365,2.50947,-0.989768,1,75.2008,370197,outside_own_roche_hot_not_broken
1350,285,1,belt_rock,2.7642825589176594E-06,0.704229,5.69194,-1.29913,1,67.0464,334266,outside_own_roche_hot_not_broken
1350,308,1,belt_rock,7.187033557342713E-05,0.957593,3.4931,-1.24866,1,70.3085,335790,outside_own_roche_hot_not_broken
1350,317,1,belt_rock,8.846340250621285E-07,0.91105,5.90016,-0.980569,1,47.2612,454644,outside_own_roche_hot_not_broken
1350,354,1,belt_rock,1.4494545158656718E-05,0.401992,1.67554,-1.3261,1,100.285,276935,outside_own_roche_hot_not_broken
1350,358,1,belt_rock,1.4986673529084448E-06,0.966293,8.8099,-0.66634,1,33.7335,656611,outside_own_roche_hot_not_broken
1350,378,1,belt_rock,3.5557221198580994E-06,0.732809,3.72413,-1.25943,1,64.0489,346788,outside_own_roche_hot_not_broken
1350,640,1,belt_rock,6.659154956500555E-07,0.733556,7.90173,-1.04914,1,41.4418,455853,outside_own_roche_hot_not_broken
1350,645,1,belt_rock,2.855972095977906E-05,0.825259,4.46801,-0.996765,1,72.7511,374785,outside_own_roche_hot_not_broken
1350,653,1,belt_rock,7.526053552981611E-05,0.968728,4.68622,-0.662228,1,32.6597,667366,outside_own_roche_hot_not_broken
1350,741,1,belt_rock,5.936967784450944E-05,0.809475,2.81695,-0.978127,1,76.2391,369941,outside_own_roche_hot_not_broken
1350,776,1,belt_rock,5.407065716808426E-06,0.247814,1.18325,-1.55823,1,175.649,190311,outside_own_roche_hot_not_broken
1350,792,1,belt_rock,1.3771353375516246E-05,0.796162,3.33722,-1.26139,1,80.0461,315831,outside_own_roche_hot_not_broken
1350,868,1,belt_rock,8.917864153292904E-06,0.780805,5.06672,-1.06478,1,60.1401,393277,outside_own_roche_hot_not_broken
1350,900,1,belt_rock,1.0796437951920822E-06,0.904439,5.64191,-2.02751,1,282.467,128527,outside_own_roche_hot_not_broken
1350,957,1,belt_rock,1.817757452683593E-05,0.480802,1.89051,-1.30071,1,66.7252,334647,outside_own_roche_hot_not_broken
1350,990,1,belt_rock,1.3741454516244253E-05,0.668709,2.80457,-1.31642,1,109.118,266527,outside_own_roche_hot_not_broken
1350,996,1,belt_rock,9.671140290286834E-05,0.967399,4.57266,-0.663956,1,31.898,672259,outside_own_roche_hot_not_broken
1350,1003,1,belt_rock,6.641968612579456E-07,0.839518,9.04803,-2.22729,1,14.5356,296555,outside_own_roche_hot_not_broken
1350,1039,1,belt_rock,1.4902153064625616E-05,0.731215,4.35552,-1.05745,1,44.7506,441850,outside_own_roche_hot_not_broken
1350,1081,1,belt_rock,3.697895310258282E-05,0.494983,2.5947,-1.52665,1,123.594,232584,outside_own_roche_hot_not_broken
1350,1161,1,belt_rock,4.6487284144720425E-05,0.721856,2.56604,-1.53855,1,121.456,233712,outside_own_roche_hot_not_broken
1350,1169,1,belt_rock,8.175272778759332E-06,0.741137,3.31595,-0.988798,1,82.9135,352751,outside_own_roche_hot_not_broken
1350,1208,1,belt_rock,3.358371755939549E-05,0.393367,1.51108,-1.30768,1,95.1726,286064,outside_own_roche_hot_not_broken
1350,1219,1,belt_rock,2.551433884531027E-05,0.953652,3.74505,-0.667388,1,33.027,661342,outside_own_roche_hot_not_broken
1350,1239,1,belt_rock,9.02734900157154E-06,0.589813,2.60896,-1.30931,1,73.0596,321431,outside_own_roche_hot_not_broken
1350,1263,1,belt_rock,3.3062155481458894E-05,0.9532,5.05862,-0.665497,1,33.4974,658908,outside_own_roche_hot_not_broken
1350,1267,1,belt_rock,6.759839068479217E-07,0.63544,4.33381,-1.27133,1,94.5235,291249,outside_own_roche_hot_not_broken
1350,1400,1,belt_rock,1.484281702368616E-05,0.627653,3.7448,-1.30339,1,67.7058,332323,outside_own_roche_hot_not_broken
1350,1416,1,belt_rock,0.0001321997738157315,0.677202,2.39888,-0.98746,1,82.888,353040,outside_own_roche_hot_not_broken
1350,1445,1,belt_rock,1.8156750496775532E-05,0.869638,3.53318,-1.06752,1,77.4125,351026,outside_own_roche_hot_not_broken
1350,1446,1,belt_rock,0.0001067680559677498,0.894054,3.19666,-1.25296,1,66.8236,342103,outside_own_roche_hot_not_broken
1350,1456,1,belt_rock,4.0532637405193653E-05,0.496763,1.78799,-1.29709,1,62.8463,343020,outside_own_roche_hot_not_broken
1350,1533,1,belt_rock,6.797580885390364E-07,0.986458,10.5803,-1.25286,1,99.9122,285558,outside_own_roche_hot_not_broken
1350,1557,1,belt_rock,0.00010390914397456924,0.804985,2.88222,-1.29789,1,63.037,342497,outside_own_roche_hot_not_broken
1350,1574,1,belt_rock,5.231274063515944E-05,0.941757,3.50236,-1.33006,1,99.2853,277854,outside_own_roche_hot_not_broken
1350,1593,1,belt_rock,9.55366195508094E-06,0.603683,2.6446,-0.98753,1,79.441,360708,outside_own_roche_hot_not_broken
1350,1655,1,belt_rock,6.509007219212118E-05,0.633174,2.32301,-1.26243,1,67.0861,340027,outside_own_roche_hot_not_broken
1350,1688,1,belt_rock,9.9395369210029E-06,0.909941,5.79331,-0.999571,1,75.7095,367122,outside_own_roche_hot_not_broken
1350,1753,1,belt_rock,6.241632068387203E-05,0.780199,2.86847,-1.0523,1,70.796,368769,outside_own_roche_hot_not_broken
1350,1780,1,belt_rock,0.00012735572462583146,0.978103,3.46939,-0.661552,1,31.5061,676912,outside_own_roche_hot_not_broken
1350,1845,1,belt_rock,0.0001270215715298655,0.978933,1.62836,-0.662742,1,30.6307,683225,outside_own_roche_hot_not_broken
1350,1848,1,belt_rock,9.643357686819514E-05,0.966488,4.57206,-1.28696,1,67.2999,335680,outside_own_roche_hot_not_broken
1350,1872,1,belt_rock,3.432184835916248E-05,0.942416,3.60953,-0.664542,1,33.0676,662776,outside_own_roche_hot_not_broken
1350,1875,1,belt_rock,6.14996322009509E-05,0.623014,3.07725,-1.05656,1,56.2203,406065,outside_own_roche_hot_not_broken
1350,1883,1,belt_rock,6.657343282087218E-07,0.3674,2.5132,-1.51109,1,125.277,232170,outside_own_roche_hot_not_broken
1350,1941,1,belt_rock,4.164750891839388E-05,0.531857,2.00853,-0.991456,1,74.6699,371148,outside_own_roche_hot_not_broken
1350,1997,1,belt_rock,1.1818933621728792E-05,0.952173,5.87753,-0.664503,1,32.3569,668308,outside_own_roche_hot_not_broken
1400,89,1,belt_rock,1.9447634323182094E-06,0.369951,2.09338,-4.3463,1,6.92929,161157,outside_own_roche_hot_not_broken
1400,93,1,belt_rock,3.06510603592216E-05,0.865518,3.34827,-1.01723,1,37.1414,482211,outside_own_roche_hot_not_broken
1400,97,1,belt_rock,1.7618261886964836E-06,0.497805,2.8421,-1.29026,1,99.7854,281527,outside_own_roche_hot_not_broken
1400,143,1,belt_rock,9.975394853266468E-05,0.754976,2.70783,-1.27355,1,86.4425,303471,outside_own_roche_hot_not_broken
1400,161,1,belt_rock,1.3024645498304806E-05,0.937962,3.95292,-1.02042,1,63.0413,395036,outside_own_roche_hot_not_broken
1400,221,1,belt_rock,1.3679684436860946E-06,0.973004,5.81136,-0.975274,1,70.0783,385899,outside_own_roche_hot_not_broken
1400,284,1,belt_rock,2.4307338359113666E-05,0.474243,1.87326,-1.23079,1,82.6421,315572,outside_own_roche_hot_not_broken
1400,285,1,belt_rock,2.7642825589176594E-06,0.894068,7.22631,-1.28742,1,67.9836,334265,outside_own_roche_hot_not_broken
1400,302,1,belt_rock,0.00011502705840204598,0.968351,4.51228,-1.25937,1,71.2415,332294,outside_own_roche_hot_not_broken
1400,308,1,belt_rock,7.187033557342713E-05,0.652112,2.37877,-1.23637,1,71.2918,335789,outside_own_roche_hot_not_broken
1400,319,1,belt_rock,1.6170601804744153E-05,0.585898,3.4478,-1.27673,1,89.6389,298011,outside_own_roche_hot_not_broken
1400,378,1,belt_rock,3.5557221198580994E-06,0.874807,4.44577,-1.24825,1,64.9431,346787,outside_own_roche_hot_not_broken
1400,397,1,belt_rock,2.2159016367563655E-06,0.56822,3.11846,-0.960611,1,67.8797,394889,outside_own_roche_hot_not_broken
1400,432,1,belt_rock,6.680547538572403E-07,0.926989,6.33676,-1.01815,1,54.2255,421231,outside_own_roche_hot_not_broken
1400,607,1,belt_rock,2.7172843853709414E-06,0.527382,2.79771,-1.02864,1,73.4132,367052,outside_own_roche_hot_not_broken
1400,614,1,belt_rock,5.650293830965371E-06,0.534509,2.52342,-1.0286,1,70.2923,374568,outside_own_roche_hot_not_broken
1400,638,1,belt_rock,5.309885447692337E-05,0.600504,2.23023,-1.03003,1,52.3296,424188,outside_own_roche_hot_not_broken
1400,654,1,belt_rock,3.1434544679676156E-05,0.421288,1.62692,-1.26286,1,125.1,252740,outside_own_roche_hot_not_broken
1400,741,1,belt_rock,5.936967784450944E-05,0.868559,3.02256,-0.967064,1,77.1239,369940,outside_own_roche_hot_not_broken
1400,762,1,belt_rock,5.228761023098206E-06,0.725883,3.44211,-1.02398,1,42.5046,459335,outside_own_roche_hot_not_broken
1400,792,1,belt_rock,1.3771353375516246E-05,0.820022,3.43723,-1.24933,1,81.0105,315831,outside_own_roche_hot_not_broken
1400,797,1,belt_rock,1.7132531292981684E-05,0.568559,2.3239,-1.02882,1,61.5911,397171,outside_own_roche_hot_not_broken
1400,798,1,belt_rock,0.00013075126953582405,0.532096,2.45371,-0.95999,1,70.599,387737,outside_own_roche_hot_not_broken
1400,849,1,belt_rock,0.00011815221795815683,0.64459,2.29446,-1.27017,1,63.6154,345893,outside_own_roche_hot_not_broken
1400,866,1,belt_rock,8.181715438909201E-06,0.905486,4.0498,-0.948784,1,71.113,388746,outside_own_roche_hot_not_broken
1400,906,1,belt_rock,2.2837145817206435E-05,0.716018,2.73559,-1.02695,1,49.7757,433190,outside_own_roche_hot_not_broken
1400,933,1,belt_rock,5.700690420181217E-05,0.670056,1.1931,-0.587985,1,70.9155,484524,outside_own_roche_hot_not_broken
1400,998,1,belt_rock,2.2792375646292976E-05,0.809178,3.21615,-1.26861,1,80.3484,314302,outside_own_roche_hot_not_broken
1400,1003,1,belt_rock,6.641968612579456E-07,0.908089,9.78706,-2.22986,1,14.3309,296554,outside_own_roche_hot_not_broken
1400,1013,1,belt_rock,9.36852339477434E-06,0.704762,3.09637,-1.02451,1,39.086,472145,outside_own_roche_hot_not_broken
1400,1143,1,belt_rock,1.2209623118812813E-06,0.931587,5.68057,-1.46105,1,159.762,206588,outside_own_roche_hot_not_broken
1400,1149,1,belt_rock,3.8246390384014373E-05,0.366304,1.32538,-1.30311,1,123.05,251439,outside_own_roche_hot_not_broken
1400,1161,1,belt_rock,4.6487284144720425E-05,0.899055,3.19594,-1.52481,1,122.555,233712,outside_own_roche_hot_not_broken
1400,1176,1,belt_rock,2.870646814965824E-06,0.672916,3.53798,-0.958051,1,78.8495,367550,outside_own_roche_hot_not_broken
1400,1191,1,belt_rock,1.5125619003887156E-05,0.87362,1.83373,-1.2618,1,66.8361,340635,outside_own_roche_hot_not_broken
1400,1202,1,belt_rock,0.00013197115224069698,0.538863,1.90938,-1.22092,1,75.5086,330009,outside_own_roche_hot_not_broken
1400,1267,1,belt_rock,6.759839068479217E-07,0.985069,6.71834,-1.25669,1,95.6947,291248,outside_own_roche_hot_not_broken
1400,1310,1,belt_rock,6.57392693100624E-07,0.56161,6.0659,-1.03037,1,59.9055,401530,outside_own_roche_hot_not_broken
1400,1400,1,belt_rock,1.484281702368616E-05,0.969287,5.78312,-1.29098,1,68.6982,332322,outside_own_roche_hot_not_broken
1400,1421,1,belt_rock,1.571658877790296E-05,0.413066,1.65496,-1.47261,1,88.4685,277063,outside_own_roche_hot_not_broken
1400,1446,1,belt_rock,0.0001067680559677498,0.714788,2.5557,-1.24145,1,67.7435,342103,outside_own_roche_hot_not_broken
1400,1479,1,belt_rock,2.6647602801082736E-05,0.799933,3.00337,-1.02375,1,45.1939,449681,outside_own_roche_hot_not_broken
1400,1531,1,belt_rock,3.729638899649471E-05,0.565045,2.15148,-0.961645,1,77.912,369093,outside_own_roche_hot_not_broken
1400,1533,1,belt_rock,6.797580885390364E-07,0.641792,6.88355,-1.23804,1,101.098,285557,outside_own_roche_hot_not_broken
1400,1616,1,belt_rock,0.00011977222286049424,0.705397,2.50937,-1.2734,1,78.186,317408,outside_own_roche_hot_not_broken
1400,1625,1,belt_rock,6.789067757934015E-05,0.630683,3.08337,-1.03097,1,73.7545,365813,outside_own_roche_hot_not_broken
1400,1655,1,belt_rock,6.509007219212118E-05,0.974504,3.57529,-1.25032,1,68.0545,340026,outside_own_roche_hot_not_broken
1400,1680,1,belt_rock,6.158020657043453E-05,0.487693,1.79509,-1.23437,1,66.1279,346631,outside_own_roche_hot_not_broken
1400,1745,1,belt_rock,5.682982586276066E-05,0.554198,2.76177,-1.2656,1,54.4543,367057,outside_own_roche_hot_not_broken
1400,1753,1,belt_rock,6.241632068387203E-05,0.879932,3.23515,-1.04137,1,71.6702,368768,outside_own_roche_hot_not_broken
1400,1776,1,belt_rock,6.388438626092742E-05,0.53336,1.95893,-1.27001,1,68.6082,335774,outside_own_roche_hot_not_broken
1400,1804,1,belt_rock,8.786787052031937E-05,0.649443,3.09871,-0.585864,1,69.0321,493107,outside_own_roche_hot_not_broken
1400,1848,1,belt_rock,9.643357686819514E-05,0.633432,2.99651,-1.27472,1,68.2793,335679,outside_own_roche_hot_not_broken
1400,1867,1,belt_rock,3.8839903155708504E-05,0.533544,2.02526,-0.964278,1,73.6956,378895,outside_own_roche_hot_not_broken
1400,1894,1,belt_rock,1.4398197530175788E-05,0.686281,2.7858,-1.47861,1,131.343,228944,outside_own_roche_hot_not_broken
1400,1998,1,belt_rock,5.927086706501088E-07,0.773755,3.13039,-1.49851,1,120.724,237534,outside_own_roche_hot_not_broken
1450,16,1,belt_rock,1.2326635398662286E-05,0.994046,6.10172,-0.991684,1,51.3288,437395,outside_own_roche_hot_not_broken
1450,89,1,belt_rock,1.9447634323182094E-06,0.417078,2.36005,-4.34194,1,7.27838,161157,outside_own_roche_hot_not_broken
1450,93,1,belt_rock,3.06510603592216E-05,0.906342,3.5062,-1.01107,1,37.6348,482210,outside_own_roche_hot_not_broken
1450,99,1,belt_rock,0.00011394564875542001,0.556685,1.9848,-1.46682,1,146.994,216205,outside_own_roche_hot_not_broken
1450,121,1,belt_rock,5.235806259328425E-06,0.736746,3.51875,-0.93324,1,68.4895,399246,outside_own_roche_hot_not_broken
1450,143,1,belt_rock,9.975394853266468E-05,0.864709,3.10141,-1.26104,1,87.4434,303470,outside_own_roche_hot_not_broken
1450,144,1,belt_rock,2.478928073063024E-06,0.545624,2.93863,-0.932412,1,69.8732,395605,outside_own_roche_hot_not_broken
1450,160,1,belt_rock,0.00012919578673162237,0.507416,1.79938,-1.24044,1,70.9488,335822,outside_own_roche_hot_not_broken
1450,161,1,belt_rock,1.3024645498304806E-05,0.738852,3.1138,-1.01033,1,63.8481,395035,outside_own_roche_hot_not_broken
1450,241,1,belt_rock,6.886108372865109E-05,0.59951,2.92857,-0.56609,1,84.8877,439037,outside_own_roche_hot_not_broken
1450,264,1,belt_rock,1.1450342531930353E-06,0.774929,4.85339,-1.45613,1,98.6372,265663,outside_own_roche_hot_not_broken
1450,302,1,belt_rock,0.00011502705840204598,0.638634,2.97588,-1.24681,1,72.2465,332294,outside_own_roche_hot_not_broken
1450,388,1,belt_rock,9.077453292717553E-07,0.863405,8.71975,-1.45241,1,99.1083,265449,outside_own_roche_hot_not_broken
1450,432,1,belt_rock,6.680547538572403E-07,0.767457,5.24623,-1.00928,1,54.9353,421230,outside_own_roche_hot_not_broken
1450,556,1,belt_rock,1.2294819836209372E-06,0.993602,6.051,-1.66886,1,247.296,150081,outside_own_roche_hot_not_broken
1450,602,1,belt_rock,7.218161535711282E-06,0.728235,3.314,-0.933347,1,71.5815,390782,outside_own_roche_hot_not_broken
1450,633,1,belt_rock,2.2297405295397162E-06,0.831667,7.00773,-1.45112,1,94.6021,271257,outside_own_roche_hot_not_broken
1450,639,1,belt_rock,6.57072814511316E-07,0.984662,6.75279,-0.924809,1,70.294,396119,outside_own_roche_hot_not_broken
1450,650,1,belt_rock,2.7044608066181788E-05,0.812452,3.04691,-1.2357,1,65.4986,347733,outside_own_roche_hot_not_broken
1450,651,1,belt_rock,7.413041658018244E-05,0.792936,2.88666,-1.00046,1,47.7971,447075,outside_own_roche_hot_not_broken
1450,777,1,belt_rock,6.991219520240566E-05,0.962778,3.51631,-0.926034,1,64.3795,412759,outside_own_roche_hot_not_broken
1450,808,1,belt_rock,7.408125236630625E-06,0.565978,2.57071,-1.2573,1,121.02,257900,outside_own_roche_hot_not_broken
1450,849,1,belt_rock,0.00011815221795815683,0.961624,3.42296,-1.25856,1,64.5446,345892,outside_own_roche_hot_not_broken
1450,866,1,belt_rock,8.181715438909201E-06,0.78288,3.50144,-0.938221,1,71.9582,388744,outside_own_roche_hot_not_broken
1450,872,1,belt_rock,9.526680434921478E-07,0.766269,4.8934,-1.19067,1,61.4799,364641,outside_own_roche_hot_not_broken
1450,901,1,belt_rock,8.749650426566604E-07,0.525255,3.40878,-1.20107,1,62.2095,361044,outside_own_roche_hot_not_broken
1450,924,1,belt_rock,3.3763399598335448E-06,0.533473,2.73314,-0.935182,1,71.5179,390559,outside_own_roche_hot_not_broken
1450,979,1,belt_rock,0.00011519500890023811,0.758324,2.52105,-0.929782,1,72.7604,388408,outside_own_roche_hot_not_broken
1450,998,1,belt_rock,2.2792375646292976E-05,0.805818,3.2028,-1.25653,1,81.3146,314301,outside_own_roche_hot_not_broken
1450,1003,1,belt_rock,6.641968612579456E-07,0.576979,6.21847,-2.2328,1,14.0958,296553,outside_own_roche_hot_not_broken
1450,1074,1,belt_rock,0.0001121627428978337,0.561127,2.62043,-1.19284,1,62.2656,362422,outside_own_roche_hot_not_broken
1450,1119,1,belt_rock,6.608765001275766E-07,0.826109,5.65907,-0.995555,1,34.8523,499155,outside_own_roche_hot_not_broken
1450,1143,1,belt_rock,1.2209623118812813E-06,0.753492,4.5946,-1.44746,1,160.85,206587,outside_own_roche_hot_not_broken
1450,1191,1,belt_rock,1.5125619003887156E-05,0.733252,1.53909,-1.25037,1,67.7506,340634,outside_own_roche_hot_not_broken
1450,1224,1,belt_rock,2.0804853927468405E-05,0.653663,2.61918,-1.00623,1,48.9953,441345,outside_own_roche_hot_not_broken
1450,1325,1,belt_rock,9.219194837431378E-07,0.377042,2.42277,-1.4334,1,106.159,258802,outside_own_roche_hot_not_broken
1450,1342,1,belt_rock,3.1990054360684496E-06,0.920259,4.7577,-0.994204,1,47.1118,451262,outside_own_roche_hot_not_broken
1450,1384,1,belt_rock,5.598302899299441E-05,0.869115,3.03958,-1.18947,1,72.5975,340684,outside_own_roche_hot_not_broken
1450,1408,1,belt_rock,6.724761594833252E-07,0.734521,5.01463,-1.00483,1,38.548,480531,outside_own_roche_hot_not_broken
1450,1429,1,belt_rock,3.7997762985218234E-05,0.517021,1.96581,-0.927424,1,79.0709,372894,outside_own_roche_hot_not_broken
1450,1459,1,belt_rock,7.682984472032719E-06,0.651332,2.93829,-0.935038,1,72.2422,388666,outside_own_roche_hot_not_broken
1450,1479,1,belt_rock,2.6647602801082736E-05,0.923845,3.4686,-1.01623,1,45.7953,449680,outside_own_roche_hot_not_broken
1450,1616,1,belt_rock,0.00011977222286049424,0.904843,3.21888,-1.26091,1,79.1852,317407,outside_own_roche_hot_not_broken
1450,1664,1,belt_rock,2.8322137360573915E-05,0.482488,1.88076,-1.48495,1,119.741,239592,outside_own_roche_hot_not_broken
1450,1674,1,belt_rock,4.8052161831309224E-05,0.750557,3.80852,-0.929799,1,75.6073,381032,outside_own_roche_hot_not_broken
1450,1679,1,belt_rock,9.380250515967634E-05,0.77014,2.76998,-0.997744,1,31.6401,512755,outside_own_roche_hot_not_broken
1450,1705,1,belt_rock,7.243667174845303E-07,0.743543,5.10185,-1.46108,1,106.864,255426,outside_own_roche_hot_not_broken
1450,1717,1,belt_rock,8.76194721247026E-05,0.947159,3.41809,-0.989631,1,33.4575,507436,outside_own_roche_hot_not_broken
1450,1718,1,belt_rock,0.0001061888921921048,0.906542,3.24203,-1.18713,1,65.7557,355583,outside_own_roche_hot_not_broken
1450,1720,1,belt_rock,1.5765540184169807E-05,0.528668,3.11988,-0.934136,1,71.8911,389788,outside_own_roche_hot_not_broken
1450,1813,1,belt_rock,0.00010327407142110633,0.550729,1.97213,-1.23976,1,65.2765,347516,outside_own_roche_hot_not_broken
1450,1821,1,belt_rock,0.00013105447116016063,0.785927,2.78498,-1.00066,1,45.5594,454985,outside_own_roche_hot_not_broken
1450,1864,1,belt_rock,3.455384629849253E-06,0.622086,3.17559,-0.936192,1,66.8163,403295,outside_own_roche_hot_not_broken
1450,1894,1,belt_rock,1.4398197530175788E-05,0.952114,3.86489,-1.46394,1,132.516,228943,outside_own_roche_hot_not_broken
1450,1998,1,belt_rock,5.927086706501088E-07,0.856348,3.46454,-1.48536,1,121.776,237533,outside_own_roche_hot_not_broken
1450,5010,1,saturn_ring_ice,6.305919640030804E-07,0.95195,2.0965,-0.884416,1,22.1439,615213,outside_own_roche_hot_not_broken
1450,5022,1,saturn_ring_ice,6.306694851138738E-07,0.935725,2.06067,-0.878514,1,23.4936,609455,outside_own_roche_hot_not_broken
1450,5055,1,saturn_ring_ice,6.30620586462825E-07,0.966994,2.1296,-0.88912,1,21.6685,615869,outside_own_roche_hot_not_broken
1450,5069,1,saturn_ring_ice,6.306021942890872E-07,0.947029,2.08565,-0.888958,1,22.881,608010,outside_own_roche_hot_not_broken
1450,5070,1,saturn_ring_ice,6.306223474030383E-07,0.978099,2.15405,-0.875607,1,21.0975,627033,outside_own_roche_hot_not_broken
1450,5086,1,saturn_ring_ice,6.305879482910825E-07,0.98526,2.16986,-0.896404,1,22.1335,608994,outside_own_roche_hot_not_broken
1450,5087,1,saturn_ring_ice,6.306453840749689E-07,0.946234,2.08385,-0.88781,1,22.7732,609305,outside_own_roche_hot_not_broken
1450,5108,1,saturn_ring_ice,6.306541348805656E-07,0.952901,2.09852,-0.877423,1,22.4784,616706,outside_own_roche_hot_not_broken
1450,5122,1,saturn_ring_ice,6.306730968822746E-07,0.938862,2.06758,-0.8864,1,23.0953,607948,outside_own_roche_hot_not_broken
1450,5124,1,saturn_ring_ice,6.306705569905071E-07,0.985618,2.17055,-0.89732,1,22.297,607461,outside_own_roche_hot_not_broken
1450,5127,1,saturn_ring_ice,6.306048592674772E-07,0.94245,2.07556,-0.888531,1,23.0431,607184,outside_own_roche_hot_not_broken
1450,5144,1,saturn_ring_ice,6.305695183929318E-07,0.942104,2.07484,-0.8752,1,23.7426,609561,outside_own_roche_hot_not_broken
1450,5168,1,saturn_ring_ice,6.306955914698467E-07,0.961632,2.1177,-0.888661,1,21.9301,614381,outside_own_roche_hot_not_broken
1450,5176,1,saturn_ring_ice,6.306723345884741E-07,0.970667,2.13762,-0.894621,1,22.4225,608046,outside_own_roche_hot_not_broken
1450,5181,1,saturn_ring_ice,6.306579856661158E-07,0.948035,2.0878,-0.880133,1,22.4724,615306,outside_own_roche_hot_not_broken
1450,5184,1,saturn_ring_ice,6.306281989887079E-07,0.953455,2.09977,-0.890089,1,22.5269,609720,outside_own_roche_hot_not_broken
1450,5186,1,saturn_ring_ice,6.306995350350795E-07,0.940012,2.07008,-0.888458,1,23.1779,606353,outside_own_roche_hot_not_broken
1450,5187,1,saturn_ring_ice,6.305549486933242E-07,0.958011,2.10989,-0.893377,1,23.0334,604755,outside_own_roche_hot_not_broken
1450,5190,1,saturn_ring_ice,6.30605654127689E-07,0.979144,2.15637,-0.868695,1,23.4191,615097,outside_own_roche_hot_not_broken
1450,5216,1,saturn_ring_ice,6.306408897999464E-07,0.949882,2.09189,-0.875154,1,23.3703,612015,outside_own_roche_hot_not_broken
1450,5220,1,saturn_ring_ice,6.306095191302684E-07,0.945661,2.08263,-0.876157,1,23.235,612375,outside_own_roche_hot_not_broken
1450,5243,1,saturn_ring_ice,6.305513665964697E-07,0.943085,2.07703,-0.875976,1,23.7378,609189,outside_own_roche_hot_not_broken
1500,16,1,belt_rock,1.2326635398662286E-05,0.729229,4.4762,-0.983666,1,51.9699,437395,outside_own_roche_hot_not_broken
1500,34,1,belt_rock,9.363267300218779E-05,0.409583,1.47339,-1.23724,1,111.82,271118,outside_own_roche_hot_not_broken
1500,54,1,belt_rock,0.00011263083187765426,0.593916,1.97737,-1.17391,1,64.5082,360757,outside_own_roche_hot_not_broken
1500,73,1,belt_rock,1.0632625213682056E-05,0.642976,1.42437,-0.915274,1,65.2864,412621,outside_own_roche_hot_not_broken
1500,89,1,belt_rock,1.9447634323182094E-06,0.433893,2.4552,-4.33714,1,7.66259,161156,outside_own_roche_hot_not_broken
1500,121,1,belt_rock,5.235806259328425E-06,0.961578,4.59256,-0.922916,1,69.315,399246,outside_own_roche_hot_not_broken
1500,137,1,belt_rock,0.00012948321103650742,0.741011,2.44774,-0.88984,1,51.107,467327,outside_own_roche_hot_not_broken
1500,199,1,belt_rock,7.80086165053359E-06,0.375891,2.50489,-1.42875,1,94.8431,273264,outside_own_roche_hot_not_broken
1500,244,1,belt_rock,1.936135125523182E-06,0.550036,3.08917,-1.41297,1,78.5504,298304,outside_own_roche_hot_not_broken
1500,264,1,belt_rock,1.1450342531930353E-06,0.829522,5.19531,-1.44324,1,99.6694,265662,outside_own_roche_hot_not_broken
1500,273,1,belt_rock,3.3188480904606746E-06,0.777301,6.06772,-0.909555,1,68.7717,403794,outside_own_roche_hot_not_broken
1500,304,1,belt_rock,9.975954360357335E-06,0.786627,5.01927,-1.63452,1,169.586,190284,outside_own_roche_hot_not_broken
1500,360,1,belt_rock,4.027573292914273E-05,0.712583,2.6975,-0.907113,1,67.8963,406872,outside_own_roche_hot_not_broken
1500,388,1,belt_rock,9.077453292717553E-07,0.740192,7.47539,-1.43925,1,100.162,265448,outside_own_roche_hot_not_broken
1500,390,1,belt_rock,2.7576377582395805E-05,0.42172,1.64825,-1.40984,1,89.6099,282373,outside_own_roche_hot_not_broken
1500,418,1,belt_rock,9.811249370545657E-05,0.557158,1.99945,-0.911086,1,68.5418,404101,outside_own_roche_hot_not_broken
1500,497,1,belt_rock,7.402492523004493E-07,0.587526,3.93709,-1.17631,1,77.376,333282,outside_own_roche_hot_not_broken
1500,556,1,belt_rock,1.2294819836209372E-06,0.741683,4.51682,-1.65521,1,248.389,150080,outside_own_roche_hot_not_broken
1500,592,1,belt_rock,1.7318405733717002E-05,0.652542,2.66745,-1.16412,1,59.0808,375477,outside_own_roche_hot_not_broken
1500,602,1,belt_rock,7.218161535711282E-06,0.966766,4.39949,-0.92264,1,72.4376,390782,outside_own_roche_hot_not_broken
1500,605,1,belt_rock,2.4041749778437364E-05,0.417677,1.65221,-1.40018,1,81.9289,294681,outside_own_roche_hot_not_broken
1500,633,1,belt_rock,2.2297405295397162E-06,0.767258,6.46501,-1.43826,1,95.6312,271255,outside_own_roche_hot_not_broken
1500,639,1,belt_rock,6.57072814511316E-07,0.714921,4.90292,-0.914272,1,71.137,396118,outside_own_roche_hot_not_broken
1500,650,1,belt_rock,2.7044608066181788E-05,0.801006,3.00398,-1.22463,1,66.3843,347732,outside_own_roche_hot_not_broken
1500,651,1,belt_rock,7.413041658018244E-05,0.930746,3.38835,-0.992676,1,48.4202,447074,outside_own_roche_hot_not_broken
1500,680,1,belt_rock,4.861405982743535E-05,0.750016,2.80302,-1.39981,1,78.0991,300665,outside_own_roche_hot_not_broken
1500,777,1,belt_rock,6.991219520240566E-05,0.744128,2.71774,-0.916286,1,65.1594,412758,outside_own_roche_hot_not_broken
1500,833,1,belt_rock,7.177213757332786E-05,0.53098,2.58223,-1.41829,1,102.083,265147,outside_own_roche_hot_not_broken
1500,872,1,belt_rock,9.526680434921478E-07,0.859819,5.49081,-1.18007,1,62.3275,364641,outside_own_roche_hot_not_broken
1500,891,1,belt_rock,6.672223024239317E-07,0.593376,4.05722,-1.20949,1,53.9036,379334,outside_own_roche_hot_not_broken
1500,898,1,belt_rock,1.1462926508708358E-05,0.462375,1.9867,-1.38582,1,144.393,223896,outside_own_roche_hot_not_broken
1500,900,1,belt_rock,1.0796437951920822E-06,0.360685,2.24996,-2.08771,1,277.62,128535,outside_own_roche_hot_not_broken
1500,938,1,belt_rock,4.2847607367795894E-05,0.911234,3.4338,-0.906169,1,63.0981,421497,outside_own_roche_hot_not_broken
1500,947,1,belt_rock,1.4080377107167892E-06,0.838556,4.98228,-0.879081,1,125.034,292543,outside_own_roche_hot_not_broken
1500,967,1,belt_rock,4.333662951166406E-06,0.711921,3.51051,-1.6355,1,153.754,200818,outside_own_roche_hot_not_broken
1500,973,1,belt_rock,6.567553000252864E-07,0.63393,4.34789,-0.982759,1,57.1251,421018,outside_own_roche_hot_not_broken
1500,979,1,belt_rock,0.00011519500890023811,0.935299,3.10941,-0.919065,1,73.6175,388408,outside_own_roche_hot_not_broken
1500,1002,1,belt_rock,6.785979509706564E-07,0.605293,4.20856,-1.16804,1,59.4098,373898,outside_own_roche_hot_not_broken
1500,1003,1,belt_rock,6.641968612579456E-07,0.770268,8.30168,-2.22645,1,14.6035,296552,outside_own_roche_hot_not_broken
1500,1063,1,belt_rock,1.081542812867445E-05,0.582676,1.28795,-1.21212,1,60.3876,363195,outside_own_roche_hot_not_broken
1500,1116,1,belt_rock,6.620812279777769E-07,0.412685,2.826,-1.17145,1,93.22,305727,outside_own_roche_hot_not_broken
1500,1119,1,belt_rock,6.608765001275766E-07,0.988862,6.77397,-0.990242,1,35.2774,499153,outside_own_roche_hot_not_broken
1500,1163,1,belt_rock,3.464418339932956E-05,0.623166,2.38622,-0.915442,1,66.2817,409637,outside_own_roche_hot_not_broken
1500,1170,1,belt_rock,1.1142923462670623E-05,0.738764,3.17778,-1.20581,1,53.3166,381565,outside_own_roche_hot_not_broken
1500,1201,1,belt_rock,5.881881375868684E-06,0.501361,2.36075,-1.40099,1,78.8703,299301,outside_own_roche_hot_not_broken
1500,1244,1,belt_rock,6.834052236094362E-05,0.917492,3.35528,-0.972499,1,42.4428,475300,outside_own_roche_hot_not_broken
1500,1254,1,belt_rock,1.179143334727382E-05,0.565693,3.49773,-0.912027,1,65.6331,412362,outside_own_roche_hot_not_broken
1500,1293,1,belt_rock,4.3071127847538974E-05,0.65117,2.32901,-0.913979,1,66.8257,408387,outside_own_roche_hot_not_broken
1500,1300,1,belt_rock,1.66224728314871E-06,0.992029,5.7818,-1.15463,1,64.0415,365391,outside_own_roche_hot_not_broken
1500,1317,1,belt_rock,9.15531759102845E-05,0.983197,3.31634,-1.42237,1,140.039,225157,outside_own_roche_hot_not_broken
1500,1342,1,belt_rock,3.1990054360684496E-06,0.807955,4.1771,-0.986526,1,47.7258,451262,outside_own_roche_hot_not_broken
1500,1360,1,belt_rock,7.055911110701351E-07,0.546188,3.6942,-0.912215,1,68.7481,403255,outside_own_roche_hot_not_broken
1500,1384,1,belt_rock,5.598302899299441E-05,0.756818,2.64684,-1.1779,1,73.5231,340684,outside_own_roche_hot_not_broken
1500,1403,1,belt_rock,1.0336419449546872E-05,0.814698,3.53629,-1.2123,1,85.7763,312712,outside_own_roche_hot_not_broken
1500,1411,1,belt_rock,0.00012568273917686705,0.980497,3.48031,-0.969928,1,45.5169,464226,outside_own_roche_hot_not_broken
1500,1492,1,belt_rock,9.44053262067516E-05,0.634694,2.28267,-1.16232,1,63.7158,364715,outside_own_roche_hot_not_broken
1500,1551,1,belt_rock,2.2403898880474616E-05,0.995751,3.96103,-0.967783,1,37.8697,495708,outside_own_roche_hot_not_broken
1500,1607,1,belt_rock,1.3745875838304412E-05,0.93839,3.92974,-0.898576,1,69.9833,402845,outside_own_roche_hot_not_broken
1500,1674,1,belt_rock,4.8052161831309224E-05,0.94134,4.77661,-0.918778,1,76.4887,381032,outside_own_roche_hot_not_broken
1500,1685,1,belt_rock,1.776224965867709E-05,0.678909,3.93881,-1.40106,1,75.7301,304297,outside_own_roche_hot_not_broken
1500,1705,1,belt_rock,7.243667174845303E-07,0.870577,5.9735,-1.44781,1,107.926,255424,outside_own_roche_hot_not_broken
1500,1706,1,belt_rock,4.57761263009354E-05,0.364403,1.36778,-1.42236,1,107.358,258432,outside_own_roche_hot_not_broken
1500,1715,1,belt_rock,3.2416132718824174E-05,0.703411,2.70816,-0.981253,1,43.1936,469633,outside_own_roche_hot_not_broken
1500,1717,1,belt_rock,8.76194721247026E-05,0.875704,3.16022,-0.984362,1,33.879,507435,outside_own_roche_hot_not_broken
1500,1718,1,belt_rock,0.0001061888921921048,0.719198,2.57204,-1.17598,1,66.648,355583,outside_own_roche_hot_not_broken
1500,1733,1,belt_rock,3.7973166626542763E-06,0.699094,3.50831,-1.42703,1,92.3215,276784,outside_own_roche_hot_not_broken
1500,1761,1,belt_rock,6.813887392790074E-05,0.922612,3.37588,-1.15152,1,55.2188,387886,outside_own_roche_hot_not_broken
1500,1821,1,belt_rock,0.00013105447116016063,0.950082,3.36667,-0.993304,1,46.1478,454983,outside_own_roche_hot_not_broken
1500,1838,1,belt_rock,4.745002461219935E-05,0.551813,1.95765,-1.40115,1,81.1685,295722,outside_own_roche_hot_not_broken
1500,1907,1,belt_rock,2.8453549299963537E-05,0.765387,2.97892,-0.908705,1,67.2211,408465,outside_own_roche_hot_not_broken
1500,1948,1,belt_rock,8.918372974748205E-06,0.649337,4.21534,-1.17379,1,90.0742,310644,outside_own_roche_hot_not_broken
1500,1952,1,belt_rock,6.606311162767822E-05,0.798859,2.92916,-1.62459,1,141.678,210390,outside_own_roche_hot_not_broken
1500,1966,1,belt_rock,9.860644374558425E-06,0.657251,2.86642,-0.913306,1,66.5697,409294,outside_own_roche_hot_not_broken
1500,1981,1,belt_rock,3.8167350633221346E-05,0.940784,3.40331,-0.972282,1,45.4817,463649,outside_own_roche_hot_not_broken
1500,5030,1,saturn_ring_ice,6.306427771522474E-07,0.983906,2.16681,-0.851471,1,24.3998,617736,outside_own_roche_hot_not_broken
1500,5031,1,saturn_ring_ice,6.305554037939482E-07,0.945891,2.0832,-0.831099,1,25.7605,619538,outside_own_roche_hot_not_broken
1500,5036,1,saturn_ring_ice,6.305572179613136E-07,0.935232,2.05972,-0.839652,1,25.1119,619299,outside_own_roche_hot_not_broken
1500,5043,1,saturn_ring_ice,6.305999877917958E-07,0.950299,2.09285,-0.846349,1,24.8884,617211,outside_own_roche_hot_not_broken
1500,5050,1,saturn_ring_ice,6.306402980441891E-07,0.949975,2.09209,-0.837068,1,24.247,626574,outside_own_roche_hot_not_broken
1500,5051,1,saturn_ring_ice,6.306485391920395E-07,0.965011,2.12519,-0.840241,1,23.3167,631256,outside_own_roche_hot_not_broken
1500,5052,1,saturn_ring_ice,6.306103655629414E-07,0.983141,2.16517,-0.845671,1,23.0373,630177,outside_own_roche_hot_not_broken
1500,5054,1,saturn_ring_ice,6.306124641646983E-07,0.988271,2.17646,-0.850035,1,24.0954,620548,outside_own_roche_hot_not_broken
1500,5090,1,saturn_ring_ice,6.306264082651832E-07,0.947747,2.0872,-0.838207,1,24.3531,625223,outside_own_roche_hot_not_broken
1500,5094,1,saturn_ring_ice,6.306110149181616E-07,0.939851,2.06983,-0.836218,1,25.1378,620972,outside_own_roche_hot_not_broken
1500,5116,1,saturn_ring_ice,6.306311041871713E-07,0.989937,2.18011,-0.832137,1,22.3123,642994,outside_own_roche_hot_not_broken
1500,5117,1,saturn_ring_ice,6.30604226644998E-07,0.934165,2.05732,-0.837632,1,25.2724,619306,outside_own_roche_hot_not_broken
1500,5120,1,saturn_ring_ice,6.305990632732434E-07,0.935762,2.06084,-0.832638,1,25.9828,617227,outside_own_roche_hot_not_broken
1500,5131,1,saturn_ring_ice,6.306130844927141E-07,0.948723,2.08937,-0.841168,1,24.429,623091,outside_own_roche_hot_not_broken
1500,5136,1,saturn_ring_ice,6.306813231121778E-07,0.944667,2.08035,-0.832886,1,25.2713,621872,outside_own_roche_hot_not_broken
1500,5179,1,saturn_ring_ice,6.306686474203832E-07,0.986947,2.17348,-0.842275,1,22.208,637922,outside_own_roche_hot_not_broken
1500,5191,1,saturn_ring_ice,6.306345332730903E-07,0.987575,2.1749,-0.842144,1,22.1593,638343,outside_own_roche_hot_not_broken
1500,5197,1,saturn_ring_ice,6.306289395958787E-07,0.98982,2.17986,-0.839595,1,21.8102,642310,outside_own_roche_hot_not_broken
1500,5219,1,saturn_ring_ice,6.30628507810514E-07,0.942032,2.07461,-0.842371,1,24.7869,620021,outside_own_roche_hot_not_broken
1500,5229,1,saturn_ring_ice,6.306390980675417E-07,0.953394,2.09962,-0.841581,1,24.1746,624598,outside_own_roche_hot_not_broken
1500,5231,1,saturn_ring_ice,6.305565837521136E-07,0.9515,2.09555,-0.846047,1,25.2554,614934,outside_own_roche_hot_not_broken
1500,5248,1,saturn_ring_ice,6.307060819348453E-07,0.943506,2.07777,-0.844133,1,24.9108,618244,outside_own_roche_hot_not_broken
1550,2,1,planet,0.8152032007514977,0.669365,2.44071,-1.73861,1,17.3708,365277,outside_own_roche_hot_not_broken
1550,17,1,belt_rock,6.827172754266853E-07,0.387941,2.64072,-1.36336,1,104.027,268196,outside_own_roche_hot_not_broken
1550,61,1,belt_rock,5.029390807611366E-05,0.68427,2.55003,-0.959015,1,52.4172,442558,outside_own_roche_hot_not_broken
1550,89,1,belt_rock,1.9447634323182094E-06,0.412774,2.3357,-4.33227,1,8.0519,161156,outside_own_roche_hot_not_broken
1550,156,1,belt_rock,3.698011065557734E-05,0.60214,3.15386,-1.14265,1,70.8982,352111,outside_own_roche_hot_not_broken
1550,188,1,belt_rock,5.329425686639111E-05,0.830559,3.08357,-0.953068,1,41.8091,484109,outside_own_roche_hot_not_broken
1550,217,1,belt_rock,5.179983931979467E-05,0.535795,1.99338,-1.15196,1,89.1471,315223,outside_own_roche_hot_not_broken
1550,273,1,belt_rock,3.3188480904606746E-06,0.926082,7.22912,-0.8994,1,69.5839,403793,outside_own_roche_hot_not_broken
1550,304,1,belt_rock,9.975954360357335E-06,0.888424,5.66882,-1.62158,1,170.622,190283,outside_own_roche_hot_not_broken
1550,360,1,belt_rock,4.027573292914273E-05,0.997847,3.77737,-0.897001,1,68.7053,406871,outside_own_roche_hot_not_broken
1550,381,1,belt_rock,2.0774821337134934E-06,0.191507,1.63619,-1.63153,1,248.976,150597,outside_own_roche_hot_not_broken
1550,421,1,belt_rock,1.7261250963131759E-06,0.573746,5.08506,-0.890564,1,65.3455,418413,outside_own_roche_hot_not_broken
1550,425,1,belt_rock,5.524092275825576E-06,0.522886,2.48614,-1.41883,1,140.499,225000,outside_own_roche_hot_not_broken
1550,428,1,belt_rock,8.935650146133422E-07,0.618095,4.06585,-0.893813,1,65.2812,417814,outside_own_roche_hot_not_broken
1550,514,1,belt_rock,2.115951315924581E-06,0.474529,2.62477,-1.18387,1,87.6498,313398,outside_own_roche_hot_not_broken
1550,526,1,belt_rock,6.954935084349453E-06,0.481814,3.27394,-1.36583,1,99.471,273795,outside_own_roche_hot_not_broken
1550,529,1,belt_rock,3.376534791648795E-05,0.889181,3.41166,-0.884133,1,61.9961,430593,outside_own_roche_hot_not_broken
1550,540,1,belt_rock,5.918366719071476E-05,0.757498,3.75703,-1.14009,1,97.8222,302340,outside_own_roche_hot_not_broken
1550,541,1,belt_rock,5.907572724691388E-05,0.948115,3.30049,-0.949378,1,39.9235,493220,outside_own_roche_hot_not_broken
1550,551,1,belt_rock,1.5217619224404696E-05,0.676434,2.80001,-0.958707,1,44.7088,470748,outside_own_roche_hot_not_broken
1550,568,1,belt_rock,7.161676582395779E-07,0.797862,5.38089,-0.953229,1,34.6909,515112,outside_own_roche_hot_not_broken
1550,592,1,belt_rock,1.7318405733717002E-05,0.990554,4.04916,-1.15383,1,59.9032,375478,outside_own_roche_hot_not_broken
1550,601,1,belt_rock,1.704057254601463E-05,0.369119,1.5118,-1.39461,1,102.155,267407,outside_own_roche_hot_not_broken
1550,612,1,belt_rock,2.2753067746902656E-06,0.930087,5.08167,-0.947703,1,30.2723,538713,outside_own_roche_hot_not_broken
1550,664,1,belt_rock,8.019870948084456E-05,0.588034,2.8281,-0.888476,1,64.1182,422728,outside_own_roche_hot_not_broken
1550,677,1,belt_rock,1.9139381041712634E-06,0.741117,6.43514,-0.957628,1,36.4251,505605,outside_own_roche_hot_not_broken
1550,680,1,belt_rock,4.861405982743535E-05,0.836521,3.12631,-1.38742,1,79.0978,300652,outside_own_roche_hot_not_broken
1550,698,1,belt_rock,0.0001103880913655758,0.739691,2.64015,-0.889061,1,64.1194,422578,outside_own_roche_hot_not_broken
1550,721,1,belt_rock,3.3365585053430035E-05,0.870555,3.34394,-0.950764,1,30.2071,537802,outside_own_roche_hot_not_broken
1550,735,1,belt_rock,4.035525376652153E-05,0.787016,4.07806,-1.13779,1,68.0899,359186,outside_own_roche_hot_not_broken
1550,804,1,belt_rock,6.845560813856027E-05,0.527663,1.92997,-1.18717,1,64.256,358923,outside_own_roche_hot_not_broken
1550,832,1,belt_rock,1.2723288705446799E-06,0.816457,4.9411,-1.39713,1,129.93,236455,outside_own_roche_hot_not_broken
1550,918,1,belt_rock,1.557636876652008E-05,0.559737,2.31476,-1.39855,1,150.309,217974,outside_own_roche_hot_not_broken
1550,938,1,belt_rock,4.2847607367795894E-05,0.80175,3.02123,-0.896699,1,63.8552,421497,outside_own_roche_hot_not_broken
1550,947,1,belt_rock,1.4080377107167892E-06,0.895833,5.3226,-0.86635,1,126.052,292543,outside_own_roche_hot_not_broken
1550,959,1,belt_rock,6.602452728696196E-07,0.510645,3.49871,-1.13933,1,81.9678,330136,outside_own_roche_hot_not_broken
1550,967,1,belt_rock,4.333662951166406E-06,0.934933,4.6102,-1.62138,1,154.884,200816,outside_own_roche_hot_not_broken
1550,980,1,belt_rock,3.9641705493473356E-05,0.554413,1.99991,-0.862782,1,72.6593,403377,outside_own_roche_hot_not_broken
1550,988,1,belt_rock,9.968858215165637E-05,0.494391,1.77319,-1.1912,1,66.7807,352618,outside_own_roche_hot_not_broken
1550,1003,1,belt_rock,6.641968612579456E-07,0.932531,10.0505,-2.22935,1,14.37,296554,outside_own_roche_hot_not_broken
1550,1005,1,belt_rock,8.637437983213775E-07,0.533775,3.47259,-1.18699,1,57.4911,374885,outside_own_roche_hot_not_broken
1550,1055,1,belt_rock,1.5798873331229318E-06,0.764937,4.45206,-0.88551,1,62.6262,428205,outside_own_roche_hot_not_broken
1550,1106,1,belt_rock,4.784559652363653E-06,0.818296,3.97654,-1.36556,1,94.1107,281041,outside_own_roche_hot_not_broken
1550,1158,1,belt_rock,9.41390110065754E-06,0.33546,1.44632,-1.3683,1,167.623,206257,outside_own_roche_hot_not_broken
1550,1170,1,belt_rock,1.1142923462670623E-05,0.890993,3.83258,-1.19605,1,54.0974,381564,outside_own_roche_hot_not_broken
1550,1236,1,belt_rock,3.956026175725538E-06,0.630655,4.76313,-0.892627,1,64.3685,420915,outside_own_roche_hot_not_broken
1550,1244,1,belt_rock,6.834052236094362E-05,0.844944,3.08997,-0.965687,1,42.9875,475300,outside_own_roche_hot_not_broken
1550,1250,1,belt_rock,9.772943806356989E-05,0.42855,1.43924,-1.18626,1,91.6496,306358,outside_own_roche_hot_not_broken
1550,1284,1,belt_rock,8.018649085216489E-06,0.991592,2.30094,-0.879261,1,64.909,422561,outside_own_roche_hot_not_broken
1550,1300,1,belt_rock,1.66224728314871E-06,0.64713,3.77164,-1.14356,1,64.9259,365393,outside_own_roche_hot_not_broken
1550,1305,1,belt_rock,8.307795636088752E-07,0.845945,8.70165,-1.39523,1,120.67,246036,outside_own_roche_hot_not_broken
1550,1317,1,belt_rock,9.15531759102845E-05,0.670149,2.26043,-1.40704,1,141.266,225157,outside_own_roche_hot_not_broken
1550,1349,1,belt_rock,3.557813549754691E-05,0.935801,4.92292,-0.950207,1,38.1156,500746,outside_own_roche_hot_not_broken
1550,1352,1,belt_rock,8.990148025323063E-06,0.548797,2.37992,-1.15105,1,87.7699,317765,outside_own_roche_hot_not_broken
1550,1403,1,belt_rock,1.0336419449546872E-05,0.816657,3.5448,-1.20011,1,86.752,312711,outside_own_roche_hot_not_broken
1550,1411,1,belt_rock,0.00012568273917686705,0.775285,2.7519,-0.962897,1,46.0793,464225,outside_own_roche_hot_not_broken
1550,1485,1,belt_rock,2.501537933445565E-06,0.975334,5.24506,-1.17837,1,82.0773,324084,outside_own_roche_hot_not_broken
1550,1551,1,belt_rock,2.2403898880474616E-05,0.813097,3.23444,-0.96213,1,38.3217,495709,outside_own_roche_hot_not_broken
1550,1553,1,belt_rock,4.0531201478537706E-05,0.485379,1.83701,-1.15344,1,87.374,318127,outside_own_roche_hot_not_broken
1550,1607,1,belt_rock,1.3745875838304412E-05,0.766993,3.21198,-0.888307,1,70.8047,402845,outside_own_roche_hot_not_broken
1550,1624,1,belt_rock,0.00012796138765296694,0.38863,1.79546,-1.37725,1,91.6883,283112,outside_own_roche_hot_not_broken
1550,1637,1,belt_rock,4.0610954655918444E-05,0.744446,2.67728,-0.960819,1,40.7743,485816,outside_own_roche_hot_not_broken
1550,1685,1,belt_rock,1.776224965867709E-05,0.901931,5.23271,-1.38823,1,76.7521,304303,outside_own_roche_hot_not_broken
1550,1703,1,belt_rock,4.267325314183137E-05,0.864593,4.45095,-1.397,1,166.42,205447,outside_own_roche_hot_not_broken
1550,1733,1,belt_rock,3.7973166626542763E-06,0.897232,4.50264,-1.41359,1,93.3976,276782,outside_own_roche_hot_not_broken
1550,1743,1,belt_rock,1.0458561462361684E-06,0.672327,4.21893,-0.959873,1,47.7595,458864,outside_own_roche_hot_not_broken
1550,1761,1,belt_rock,6.813887392790074E-05,0.723234,2.64635,-1.14178,1,55.9969,387888,outside_own_roche_hot_not_broken
1550,1767,1,belt_rock,6.265320440241188E-06,0.861042,4.00286,-0.95848,1,29.4961,538276,outside_own_roche_hot_not_broken
1550,1863,1,belt_rock,8.665744045728343E-05,0.698835,2.36555,-1.18928,1,68.0592,350188,outside_own_roche_hot_not_broken
1550,1871,1,belt_rock,6.569500624288507E-07,0.578699,4.05026,-0.888005,1,64.4545,421796,outside_own_roche_hot_not_broken
1550,1877,1,belt_rock,3.550335602875593E-05,0.83358,3.18602,-0.95161,1,32.7269,525018,outside_own_roche_hot_not_broken
1550,1907,1,belt_rock,2.8453549299963537E-05,0.941185,3.66313,-0.898712,1,68.0204,408464,outside_own_roche_hot_not_broken
1550,1948,1,belt_rock,8.918372974748205E-06,0.987421,6.4101,-1.15991,1,91.1825,310646,outside_own_roche_hot_not_broken
1550,1952,1,belt_rock,6.606311162767822E-05,0.842795,3.09026,-1.61164,1,142.714,210390,outside_own_roche_hot_not_broken
1550,1981,1,belt_rock,3.8167350633221346E-05,0.807513,2.92119,-0.965043,1,46.0606,463649,outside_own_roche_hot_not_broken
1550,5011,1,saturn_ring_ice,6.306793160532106E-07,0.952891,2.09847,-0.805652,1,26.2858,629850,outside_own_roche_hot_not_broken
1550,5021,1,saturn_ring_ice,6.306235869136185E-07,0.968985,2.13398,-0.798281,1,24.7881,644679,outside_own_roche_hot_not_broken
1550,5047,1,saturn_ring_ice,6.306489168957402E-07,0.943433,2.07767,-0.80167,1,26.3526,631602,outside_own_roche_hot_not_broken
1550,5082,1,saturn_ring_ice,6.306601850265554E-07,0.98226,2.16317,-0.79088,1,25.9857,640306,outside_own_roche_hot_not_broken
1550,5104,1,saturn_ring_ice,6.307038867820819E-07,0.949611,2.09121,-0.796765,1,26.5402,633035,outside_own_roche_hot_not_broken
1550,5105,1,saturn_ring_ice,6.306295544686117E-07,0.959876,2.11391,-0.791526,1,27.3426,630358,outside_own_roche_hot_not_broken
1550,5109,1,saturn_ring_ice,6.306448484925736E-07,0.989531,2.1792,-0.787952,1,27.4392,631678,outside_own_roche_hot_not_broken
1550,5161,1,saturn_ring_ice,6.306412435960021E-07,0.95622,2.10584,-0.806311,1,26.2453,629765,outside_own_roche_hot_not_broken
1550,5169,1,saturn_ring_ice,6.306006352093403E-07,0.986545,2.17268,-0.811269,1,26.0966,628049,outside_own_roche_hot_not_broken
1550,5173,1,saturn_ring_ice,6.306800718742101E-07,0.944047,2.07899,-0.802512,1,26.3568,631103,outside_own_roche_hot_not_broken
1550,5196,1,saturn_ring_ice,6.306628802196443E-07,0.930914,2.05009,-0.798783,1,27.2843,626748,outside_own_roche_hot_not_broken
1550,5199,1,saturn_ring_ice,6.306343892483468E-07,0.972151,2.14094,-0.793786,1,25.4307,642629,outside_own_roche_hot_not_broken
1550,5211,1,saturn_ring_ice,6.30668472101594E-07,0.981497,2.16148,-0.79389,1,24.7386,647608,outside_own_roche_hot_not_broken
1600,2,1,planet,0.8152032007514977,0.86809,3.16533,-1.73345,1,17.784,365276,outside_own_roche_hot_not_broken
1600,28,1,belt_rock,2.4751342865935246E-05,0.79288,4.37676,-0.934565,1,34.1439,524760,outside_own_roche_hot_not_broken
1600,30,1,belt_rock,7.38240689475372E-06,0.892572,3.99334,-1.10855,1,85.1473,328774,outside_own_roche_hot_not_broken
1600,32,1,belt_rock,0.00011625754112287155,0.972082,4.52437,-0.929441,1,50.6305,457261,outside_own_roche_hot_not_broken
1600,52,1,belt_rock,1.8842060779531114E-05,0.308879,1.77777,-1.54056,1,130.981,224805,outside_own_roche_hot_not_broken
1600,89,1,belt_rock,1.9447634323182094E-06,0.363631,2.05762,-4.32815,1,8.38124,161155,outside_own_roche_hot_not_broken
1600,94,1,belt_rock,3.791464172776052E-05,0.484846,2.53131,-1.17345,1,81.7219,325466,outside_own_roche_hot_not_broken
1600,109,1,belt_rock,2.456960938733791E-05,0.950144,3.75208,-1.55258,1,145.883,211601,outside_own_roche_hot_not_broken
1600,119,1,belt_rock,2.0919949642102475E-06,0.978909,8.35214,-0.857658,1,58.0219,451308,outside_own_roche_hot_not_broken
1600,123,1,belt_rock,5.003564208642042E-05,0.519451,1.93707,-1.1139,1,75.9321,346278,outside_own_roche_hot_not_broken
1600,151,1,belt_rock,8.80737237346813E-05,0.328167,1.56549,-1.58653,1,124.2,227583,outside_own_roche_hot_not_broken
1600,188,1,belt_rock,5.329425686639111E-05,0.949692,3.52586,-0.946603,1,42.3261,484109,outside_own_roche_hot_not_broken
1600,292,1,belt_rock,2.3103908208262464E-06,0.462187,2.53326,-1.12559,1,87.7037,321524,outside_own_roche_hot_not_broken
1600,313,1,belt_rock,8.199003628706731E-05,0.602804,2.18255,-0.870607,1,63.1004,430520,outside_own_roche_hot_not_broken
1600,338,1,belt_rock,2.2679149767573066E-05,0.874976,3.47659,-0.938741,1,30.0249,543654,outside_own_roche_hot_not_broken
1600,350,1,belt_rock,7.294135930532069E-05,0.963236,3.5102,-1.15291,1,74.6668,342428,outside_own_roche_hot_not_broken
1600,361,1,belt_rock,1.7913641842768234E-05,0.943344,3.83663,-0.930631,1,37.0249,512679,outside_own_roche_hot_not_broken
1600,449,1,belt_rock,7.455531783574016E-05,0.927803,3.17379,-1.10549,1,60.4994,383723,outside_own_roche_hot_not_broken
1600,510,1,belt_rock,0.0001214564872671588,0.865424,2.86827,-0.932944,1,37.3212,510475,outside_own_roche_hot_not_broken
1600,529,1,belt_rock,3.376534791648795E-05,0.833347,3.19743,-0.874907,1,62.734,430593,outside_own_roche_hot_not_broken
1600,540,1,belt_rock,5.918366719071476E-05,0.899035,4.45903,-1.12732,1,98.8444,302339,outside_own_roche_hot_not_broken
1600,541,1,belt_rock,5.907572724691388E-05,0.84677,2.9477,-0.94319,1,40.4188,493218,outside_own_roche_hot_not_broken
1600,542,1,belt_rock,6.974451943119302E-05,0.754042,2.75423,-0.937512,1,40.2924,495702,outside_own_roche_hot_not_broken
1600,612,1,belt_rock,2.2753067746902656E-06,0.958076,5.23459,-0.943246,1,30.6286,538713,outside_own_roche_hot_not_broken
1600,658,1,belt_rock,7.094293522511151E-07,0.8997,6.07882,-0.862143,1,63.2125,432361,outside_own_roche_hot_not_broken
1600,678,1,belt_rock,1.784486290465502E-05,0.754772,4.3777,-1.35091,1,68.6236,323443,outside_own_roche_hot_not_broken
1600,698,1,belt_rock,0.0001103880913655758,0.982613,3.5072,-0.879565,1,64.8793,422576,outside_own_roche_hot_not_broken
1600,735,1,belt_rock,4.035525376652153E-05,0.851263,4.41097,-1.12682,1,68.9676,359185,outside_own_roche_hot_not_broken
1600,744,1,belt_rock,5.963441676946734E-05,0.54616,2.01401,-1.16213,1,57.9279,378740,outside_own_roche_hot_not_broken
1600,769,1,belt_rock,4.200454182736083E-05,0.984045,3.71641,-1.34595,1,71.5895,318807,outside_own_roche_hot_not_broken
1600,776,1,belt_rock,5.407065716808426E-06,0.858962,4.10133,-1.56021,1,175.482,190314,outside_own_roche_hot_not_broken
1600,807,1,belt_rock,5.702887272086544E-05,0.438822,1.62254,-1.17489,1,92.1772,306986,outside_own_roche_hot_not_broken
1600,832,1,belt_rock,1.2723288705446799E-06,0.843649,5.10566,-1.38413,1,130.968,236456,outside_own_roche_hot_not_broken
1600,895,1,belt_rock,8.183703194771465E-05,0.704646,2.55152,-0.869953,1,60.0247,440910,outside_own_roche_hot_not_broken
1600,908,1,belt_rock,0.00010972241820094588,0.648095,2.31382,-0.940503,1,49.4758,458250,outside_own_roche_hot_not_broken
1600,919,1,belt_rock,8.10947816908295E-05,0.961815,3.48439,-0.860895,1,59.5354,445078,outside_own_roche_hot_not_broken
1600,964,1,belt_rock,4.1643191854283803E-05,0.569313,2.15066,-1.11982,1,61.9532,377139,outside_own_roche_hot_not_broken
1600,1003,1,belt_rock,6.641968612579456E-07,0.652668,7.03422,-2.23289,1,14.0837,296558,outside_own_roche_hot_not_broken
1600,1016,1,belt_rock,9.920689763785043E-05,0.927808,3.32861,-1.10234,1,55.4813,397798,outside_own_roche_hot_not_broken
1600,1055,1,belt_rock,1.5798873331229318E-06,0.959793,5.58616,-0.876215,1,63.3699,428204,outside_own_roche_hot_not_broken
1600,1081,1,belt_rock,3.697895310258282E-05,0.617312,3.23596,-1.55916,1,120.99,232584,outside_own_roche_hot_not_broken
1600,1082,1,belt_rock,2.5860448992110093E-06,0.560143,2.99577,-1.10706,1,59.2129,386736,outside_own_roche_hot_not_broken
1600,1106,1,belt_rock,4.784559652363653E-06,0.795109,3.86385,-1.35288,1,95.1257,281040,outside_own_roche_hot_not_broken
1600,1108,1,belt_rock,7.406120524284268E-05,0.762002,1.32353,-0.940975,1,45.758,472183,outside_own_roche_hot_not_broken
1600,1284,1,belt_rock,8.018649085216489E-06,0.732968,1.70081,-0.869715,1,65.6724,422561,outside_own_roche_hot_not_broken
1600,1305,1,belt_rock,8.307795636088752E-07,0.800623,8.23545,-1.3822,1,121.711,246036,outside_own_roche_hot_not_broken
1600,1349,1,belt_rock,3.557813549754691E-05,0.870855,4.58127,-0.944052,1,38.6055,500756,outside_own_roche_hot_not_broken
1600,1401,1,belt_rock,9.135925973096071E-07,0.603423,3.88409,-0.867746,1,61.5468,436380,outside_own_roche_hot_not_broken
1600,1431,1,belt_rock,1.2877988446477373E-05,0.443627,2.70892,-1.33992,1,76.986,310301,outside_own_roche_hot_not_broken
1600,1451,1,belt_rock,6.708441784602077E-05,0.866634,3.17251,-0.934344,1,39.7359,499209,outside_own_roche_hot_not_broken
1600,1468,1,belt_rock,1.5050873292970126E-06,0.963766,5.65803,-1.10604,1,75.3761,348781,outside_own_roche_hot_not_broken
1600,1485,1,belt_rock,2.501537933445565E-06,0.654331,3.5188,-1.16519,1,83.1315,324084,outside_own_roche_hot_not_broken
1600,1513,1,belt_rock,1.7064281298281216E-05,0.772415,3.15729,-0.939019,1,45.8327,472502,outside_own_roche_hot_not_broken
1600,1549,1,belt_rock,1.1520328550631034E-05,0.51324,2.19928,-1.36281,1,124.45,244785,outside_own_roche_hot_not_broken
1600,1554,1,belt_rock,9.732021728961247E-06,0.950251,4.15682,-1.10575,1,64.5895,373417,outside_own_roche_hot_not_broken
1600,1567,1,belt_rock,2.0018021102618764E-05,0.575249,1.15952,-0.865381,1,65.8656,423041,outside_own_roche_hot_not_broken
1600,1581,1,belt_rock,0.00011512051540402504,0.888962,4.14107,-0.930791,1,31.3082,540327,outside_own_roche_hot_not_broken
1600,1649,1,belt_rock,0.0001131309544627968,0.998957,3.5623,-1.14729,1,50.9173,400498,outside_own_roche_hot_not_broken
1600,1689,1,belt_rock,5.841988806528529E-05,0.589906,2.17784,-1.11175,1,99.8954,302650,outside_own_roche_hot_not_broken
1600,1703,1,belt_rock,4.267325314183137E-05,0.845008,4.35012,-1.38418,1,167.444,205447,outside_own_roche_hot_not_broken
1600,1722,1,belt_rock,7.005142127119329E-05,0.941318,3.43847,-1.32865,1,91.5571,288862,outside_own_roche_hot_not_broken
1600,1729,1,belt_rock,1.6974650892955918E-05,0.721918,4.21948,-1.35171,1,68.691,323202,outside_own_roche_hot_not_broken
1600,1749,1,belt_rock,2.820525754627518E-05,0.676496,2.63475,-0.870084,1,64.0839,427488,outside_own_roche_hot_not_broken
1600,1795,1,belt_rock,6.566667308472614E-07,0.570422,3.99268,-1.16896,1,72.4263,344403,outside_own_roche_hot_not_broken
1600,1800,1,belt_rock,2.4722625895541677E-06,0.393136,2.12833,-1.16692,1,100.847,294289,outside_own_roche_hot_not_broken
1600,1802,1,belt_rock,4.420959277904999E-05,0.726183,2.73136,-1.15869,1,56.71,382524,outside_own_roche_hot_not_broken
1600,1863,1,belt_rock,8.665744045728343E-05,0.926854,3.1374,-1.17777,1,68.9802,350186,outside_own_roche_hot_not_broken
1600,1874,1,belt_rock,1.0248031212141847E-06,0.589927,3.77632,-1.36677,1,75.2131,309670,outside_own_roche_hot_not_broken
1600,1883,1,belt_rock,6.657343282087218E-07,0.792887,5.42374,-1.54616,1,122.473,232165,outside_own_roche_hot_not_broken
1600,1920,1,belt_rock,7.605997785744625E-07,0.480045,3.26152,-1.37918,1,88.446,287509,outside_own_roche_hot_not_broken
1600,1980,1,belt_rock,8.939593315858296E-05,0.802264,2.89247,-1.15935,1,81.3023,328360,outside_own_roche_hot_not_broken
1600,5015,1,saturn_ring_ice,6.306719596752764E-07,0.97507,2.14732,-0.760195,1,27.7855,645039,outside_own_roche_hot_not_broken
1600,5103,1,saturn_ring_ice,6.306476619112925E-07,0.999804,2.20182,-0.774214,1,27.0049,642566,outside_own_roche_hot_not_broken
1600,5107,1,saturn_ring_ice,6.305638011651795E-07,0.959337,2.1128,-0.761524,1,27.6604,645176,outside_own_roche_hot_not_broken
1600,5110,1,saturn_ring_ice,6.306352073124497E-07,0.95191,2.09636,-0.769223,1,27.6081,641096,outside_own_roche_hot_not_broken
1600,5189,1,saturn_ring_ice,6.306325367345549E-07,0.965982,2.12735,-0.761256,1,27.7911,644381,outside_own_roche_hot_not_broken
1600,5240,1,saturn_ring_ice,6.306554257608428E-07,0.965124,2.12544,-0.771799,1,27.4593,640684,outside_own_roche_hot_not_broken
1650,30,1,belt_rock,7.38240689475372E-06,0.757787,3.39032,-1.09637,1,86.1214,328773,outside_own_roche_hot_not_broken
1650,32,1,belt_rock,0.00011625754112287155,0.776245,3.61289,-0.921761,1,51.245,457260,outside_own_roche_hot_not_broken
1650,89,1,belt_rock,1.9447634323182094E-06,0.324409,1.83568,-4.33424,1,7.8942,161155,outside_own_roche_hot_not_broken
1650,109,1,belt_rock,2.456960938733791E-05,0.695462,2.74635,-1.53799,1,147.05,211600,outside_own_roche_hot_not_broken
1650,119,1,belt_rock,2.0919949642102475E-06,0.771854,6.58552,-0.849225,1,58.6962,451308,outside_own_roche_hot_not_broken
1650,205,1,belt_rock,5.708514414059186E-06,0.504822,3.55732,-1.09095,1,70.2248,362862,outside_own_roche_hot_not_broken
1650,261,1,belt_rock,6.86379976415117E-07,0.844984,5.86153,-0.924829,1,36.653,516552,outside_own_roche_hot_not_broken
1650,277,1,belt_rock,8.325496905340597E-06,0.83866,3.73859,-0.91435,1,46.6539,477046,outside_own_roche_hot_not_broken
1650,297,1,belt_rock,1.4396121228647316E-06,0.652064,3.85878,-1.34403,1,153.649,218826,outside_own_roche_hot_not_broken
1650,341,1,belt_rock,7.431986081784527E-07,0.45061,3.01728,-1.09659,1,85.2535,330389,outside_own_roche_hot_not_broken
1650,350,1,belt_rock,7.294135930532069E-05,0.670706,2.44417,-1.14066,1,75.6457,342429,outside_own_roche_hot_not_broken
1650,361,1,belt_rock,1.7913641842768234E-05,0.885441,3.60114,-0.925068,1,37.4704,512676,outside_own_roche_hot_not_broken
1650,449,1,belt_rock,7.455531783574016E-05,0.725417,2.48148,-1.09529,1,61.3147,383725,outside_own_roche_hot_not_broken
1650,496,1,belt_rock,0.00012102442704219571,0.735465,2.61461,-0.850068,1,61.5366,441177,outside_own_roche_hot_not_broken
1650,510,1,belt_rock,0.0001214564872671588,0.96148,3.18662,-0.927366,1,37.7676,510473,outside_own_roche_hot_not_broken
1650,571,1,belt_rock,4.245065768434779E-05,0.973212,3.48617,-1.08158,1,83.5943,335944,outside_own_roche_hot_not_broken
1650,606,1,belt_rock,1.290627479530527E-06,0.632254,2.09414,-0.852405,1,61.1187,441965,outside_own_roche_hot_not_broken
1650,636,1,belt_rock,1.3057175961291948E-05,0.609246,2.56875,-1.09091,1,73.7283,354972,outside_own_roche_hot_not_broken
1650,649,1,belt_rock,8.662589025225851E-06,0.458077,2.03875,-1.33844,1,70.9387,321048,outside_own_roche_hot_not_broken
1650,658,1,belt_rock,7.094293522511151E-07,0.828282,5.59628,-0.85288,1,63.9531,432361,outside_own_roche_hot_not_broken
1650,678,1,belt_rock,1.784486290465502E-05,0.833156,4.83232,-1.33921,1,69.5594,323443,outside_own_roche_hot_not_broken
1650,690,1,belt_rock,4.023587267859821E-05,0.432561,1.55771,-1.32446,1,140.561,231833,outside_own_roche_hot_not_broken
1650,769,1,belt_rock,4.200454182736083E-05,0.600972,2.26967,-1.33261,1,72.6567,318807,outside_own_roche_hot_not_broken
1650,776,1,belt_rock,5.407065716808426E-06,0.836665,3.99486,-1.54751,1,176.497,190314,outside_own_roche_hot_not_broken
1650,793,1,belt_rock,9.424353029916942E-06,0.958008,4.20089,-0.909131,1,38.9848,511578,outside_own_roche_hot_not_broken
1650,809,1,belt_rock,5.600919844523897E-06,0.880393,4.16819,-1.13038,1,57.9151,385257,outside_own_roche_hot_not_broken
1650,917,1,belt_rock,6.020158404260856E-05,0.413122,1.52256,-1.32528,1,96.5156,282174,outside_own_roche_hot_not_broken
1650,919,1,belt_rock,8.10947816908295E-05,0.78061,2.82793,-0.852176,1,60.2323,445079,outside_own_roche_hot_not_broken
1650,923,1,belt_rock,5.045014996196998E-05,0.940361,3.50387,-0.909576,1,27.6414,569191,outside_own_roche_hot_not_broken
1650,990,1,belt_rock,1.3741454516244253E-05,0.940893,3.94612,-1.33123,1,107.929,266528,outside_own_roche_hot_not_broken
1650,1003,1,belt_rock,6.641968612579456E-07,0.688909,7.42482,-2.22545,1,14.6787,296557,outside_own_roche_hot_not_broken
1650,1016,1,belt_rock,9.920689763785043E-05,0.734155,2.63386,-1.09284,1,56.2405,397800,outside_own_roche_hot_not_broken
1650,1081,1,belt_rock,3.697895310258282E-05,0.98265,5.15106,-1.5427,1,122.306,232584,outside_own_roche_hot_not_broken
1650,1153,1,belt_rock,8.621506956892179E-05,0.620237,2.24044,-1.13386,1,44.0143,424212,outside_own_roche_hot_not_broken
1650,1161,1,belt_rock,4.6487284144720425E-05,0.329979,1.173,-1.55042,1,120.511,233703,outside_own_roche_hot_not_broken
1650,1220,1,belt_rock,1.2091146342930153E-06,0.49722,3.03735,-1.13612,1,82.6824,329264,outside_own_roche_hot_not_broken
1650,1258,1,belt_rock,1.1814356734940736E-06,0.786693,7.52649,-0.918606,1,38.4483,510565,outside_own_roche_hot_not_broken
1650,1380,1,belt_rock,1.291927664251079E-05,0.853433,3.59945,-0.923239,1,34.1901,528935,outside_own_roche_hot_not_broken
1650,1404,1,belt_rock,6.688696473827213E-07,0.731938,5.00224,-0.85114,1,57.3426,455627,outside_own_roche_hot_not_broken
1650,1425,1,belt_rock,1.8267352167162287E-06,0.71819,4.07449,-0.849714,1,64.8792,430171,outside_own_roche_hot_not_broken
1650,1437,1,belt_rock,4.6884996640353235E-06,0.684217,4.99702,-0.847254,1,58.1872,453696,outside_own_roche_hot_not_broken
1650,1451,1,belt_rock,6.708441784602077E-05,0.937133,3.43059,-0.928274,1,40.2218,499206,outside_own_roche_hot_not_broken
1650,1468,1,belt_rock,1.5050873292970126E-06,0.681922,4.00339,-1.09398,1,76.3402,348782,outside_own_roche_hot_not_broken
1650,1494,1,belt_rock,6.599418822007003E-07,0.776098,5.31794,-0.920012,1,44.8267,482582,outside_own_roche_hot_not_broken
1650,1506,1,belt_rock,2.7984732763033035E-06,0.801651,4.2323,-0.927295,1,34.7565,524609,outside_own_roche_hot_not_broken
1650,1554,1,belt_rock,9.732021728961247E-06,0.699799,3.06123,-1.09498,1,65.45,373418,outside_own_roche_hot_not_broken
1650,1557,1,belt_rock,0.00010390914397456924,0.933618,3.34279,-1.30723,1,62.2946,342482,outside_own_roche_hot_not_broken
1650,1571,1,belt_rock,3.8849378993641016E-06,0.731157,3.66537,-0.823506,1,54.1544,476120,outside_own_roche_hot_not_broken
1650,1574,1,belt_rock,5.231274063515944E-05,0.588695,2.18933,-1.34704,1,97.912,277870,outside_own_roche_hot_not_broken
1650,1614,1,belt_rock,1.992183699927453E-06,0.628861,3.51453,-0.851822,1,59.5122,447689,outside_own_roche_hot_not_broken
1650,1630,1,belt_rock,9.557036556617762E-05,0.364096,1.30897,-1.31101,1,106.808,269977,outside_own_roche_hot_not_broken
1650,1649,1,belt_rock,0.0001131309544627968,0.668043,2.38225,-1.13862,1,51.6105,400498,outside_own_roche_hot_not_broken
1650,1657,1,belt_rock,9.857023070139824E-05,0.578442,2.07588,-1.33824,1,145.406,226371,outside_own_roche_hot_not_broken
1650,1722,1,belt_rock,7.005142127119329E-05,0.667205,2.43718,-1.31475,1,92.6688,288862,outside_own_roche_hot_not_broken
1650,1729,1,belt_rock,1.6974650892955918E-05,0.865379,5.05798,-1.33984,1,69.6401,323202,outside_own_roche_hot_not_broken
1650,1782,1,belt_rock,8.245178938175916E-05,0.915992,3.3168,-1.07305,1,52.0452,414471,outside_own_roche_hot_not_broken
1650,1791,1,belt_rock,4.521499067988599E-05,0.792715,2.97548,-0.916169,1,48.6704,468590,outside_own_roche_hot_not_broken
1650,1802,1,belt_rock,4.420959277904999E-05,0.915124,3.44202,-1.14872,1,57.5074,382523,outside_own_roche_hot_not_broken
1650,1803,1,belt_rock,4.758476682424609E-05,0.785119,2.78303,-0.919127,1,39.5413,505441,outside_own_roche_hot_not_broken
1650,1807,1,belt_rock,3.4249918159041645E-05,0.703805,2.57415,-1.13673,1,50.9194,402875,outside_own_roche_hot_not_broken
1650,1822,1,belt_rock,3.6214741016949315E-05,0.664885,2.53681,-0.918895,1,49.1969,465746,outside_own_roche_hot_not_broken
1650,1874,1,belt_rock,1.0248031212141847E-06,0.992687,6.35452,-1.35275,1,76.3347,309670,outside_own_roche_hot_not_broken
1650,1883,1,belt_rock,6.657343282087218E-07,0.833163,5.69924,-1.53312,1,123.516,232165,outside_own_roche_hot_not_broken
1650,1909,1,belt_rock,7.085088107455433E-05,0.855144,2.93537,-0.914035,1,43.0155,492094,outside_own_roche_hot_not_broken
1650,1910,1,belt_rock,4.8176910352455536E-05,0.878278,4.45496,-0.91274,1,33.717,535442,outside_own_roche_hot_not_broken
1650,1980,1,belt_rock,8.939593315858296E-05,0.835836,3.01351,-1.14746,1,82.2531,328360,outside_own_roche_hot_not_broken
1650,5026,1,saturn_ring_ice,6.306227000466488E-07,0.995388,2.19212,-0.730104,1,26.623,672117,outside_own_roche_hot_not_broken
1650,5033,1,saturn_ring_ice,6.306510594862657E-07,0.958693,2.11128,-0.736906,1,28.6254,652574,outside_own_roche_hot_not_broken
1700,14,1,belt_rock,1.6482828131626075E-05,0.92875,3.81018,-0.891359,1,32.5513,550268,outside_own_roche_hot_not_broken
1700,89,1,belt_rock,1.9447634323182094E-06,0.343097,1.94143,-4.34607,1,6.94776,161155,outside_own_roche_hot_not_broken
1700,99,1,belt_rock,0.00011394564875542001,0.971451,3.4636,-1.48827,1,145.301,216183,outside_own_roche_hot_not_broken
1700,101,1,belt_rock,1.9692976926747173E-06,0.491808,2.75405,-1.07121,1,73.7443,358445,outside_own_roche_hot_not_broken
1700,124,1,belt_rock,1.3846795585550809E-05,0.48262,2.90833,-1.05939,1,90.6153,325894,outside_own_roche_hot_not_broken
1700,128,1,belt_rock,6.62596637038842E-06,0.885986,4.08801,-1.10776,1,56.1277,394829,outside_own_roche_hot_not_broken
1700,277,1,belt_rock,8.325496905340597E-06,0.930849,4.14955,-0.907229,1,47.2237,477044,outside_own_roche_hot_not_broken
1700,285,1,belt_rock,2.7642825589176594E-06,0.937537,7.57765,-1.29587,1,67.3179,334240,outside_own_roche_hot_not_broken
1700,312,1,belt_rock,2.261395482829255E-05,0.594191,3.32317,-1.07377,1,86.2679,331945,outside_own_roche_hot_not_broken
1700,354,1,belt_rock,1.4494545158656718E-05,0.492802,2.05404,-1.32748,1,100.183,276920,outside_own_roche_hot_not_broken
1700,364,1,belt_rock,6.152637531757845E-06,0.718797,3.30825,-0.833368,1,56.6417,463469,outside_own_roche_hot_not_broken
1700,380,1,belt_rock,9.001051030801394E-07,0.621059,4.0089,-0.830825,1,59.1289,455041,outside_own_roche_hot_not_broken
1700,422,1,belt_rock,1.655565366171249E-05,0.68475,2.80827,-0.827603,1,55.9321,467912,outside_own_roche_hot_not_broken
1700,492,1,belt_rock,1.3226425832453694E-06,0.847725,5.09418,-1.10283,1,42.3207,437780,outside_own_roche_hot_not_broken
1700,498,1,belt_rock,4.413302245239351E-06,0.655571,4.84257,-0.832562,1,55.1626,469344,outside_own_roche_hot_not_broken
1700,556,1,belt_rock,1.2294819836209372E-06,0.960129,5.84715,-1.66935,1,247.285,150068,outside_own_roche_hot_not_broken
1700,571,1,belt_rock,4.245065768434779E-05,0.679662,2.43464,-1.06884,1,84.6141,335942,outside_own_roche_hot_not_broken
1700,583,1,belt_rock,5.021726248224694E-06,0.75302,3.61688,-0.89952,1,38.948,515293,outside_own_roche_hot_not_broken
1700,719,1,belt_rock,9.073861927316481E-05,0.726764,2.61786,-0.829407,1,62.0892,444955,outside_own_roche_hot_not_broken
1700,764,1,belt_rock,6.955996269256479E-05,0.892879,3.26243,-1.10729,1,57.7305,390606,outside_own_roche_hot_not_broken
1700,780,1,belt_rock,1.7023275073904924E-05,0.969183,5.64988,-0.89262,1,36.0638,531768,outside_own_roche_hot_not_broken
1700,793,1,belt_rock,9.424353029916942E-06,0.869389,3.81229,-0.903389,1,39.4442,511576,outside_own_roche_hot_not_broken
1700,796,1,belt_rock,6.85577897346876E-05,0.564129,2.06285,-1.12474,1,87.523,321973,outside_own_roche_hot_not_broken
1700,809,1,belt_rock,5.600919844523897E-06,0.766333,3.62817,-1.12042,1,58.7114,385257,outside_own_roche_hot_not_broken
1700,884,1,belt_rock,0.00011970146347325267,0.66657,2.37081,-0.826167,1,60.6911,450772,outside_own_roche_hot_not_broken
1700,885,1,belt_rock,5.339743715901957E-05,0.848776,3.15132,-1.06319,1,80.7652,344655,outside_own_roche_hot_not_broken
1700,899,1,belt_rock,1.312331850658831E-06,0.505218,3.0403,-1.12306,1,75.594,345450,outside_own_roche_hot_not_broken
1700,900,1,belt_rock,1.0796437951920822E-06,0.443441,2.76619,-1.99779,1,284.828,128530,outside_own_roche_hot_not_broken
1700,944,1,belt_rock,2.8829032946206203E-05,0.730364,3.2619,-0.832952,1,55.8442,466613,outside_own_roche_hot_not_broken
1700,957,1,belt_rock,1.817757452683593E-05,0.493425,1.94014,-1.31163,1,65.8559,334635,outside_own_roche_hot_not_broken
1700,962,1,belt_rock,6.94522668816033E-05,0.50512,1.84581,-1.07126,1,70.706,365399,outside_own_roche_hot_not_broken
1700,970,1,belt_rock,5.396334500678071E-05,0.893121,3.31323,-0.896919,1,25.5303,587465,outside_own_roche_hot_not_broken
1700,984,1,belt_rock,0.00011368772789273172,0.679679,3.16922,-0.830952,1,61.2718,447372,outside_own_roche_hot_not_broken
1700,990,1,belt_rock,1.3741454516244253E-05,0.689137,2.89025,-1.31707,1,109.062,266528,outside_own_roche_hot_not_broken
1700,1003,1,belt_rock,6.641968612579456E-07,0.936876,10.0973,-2.22887,1,14.4053,296556,outside_own_roche_hot_not_broken
1700,1022,1,belt_rock,0.0001159041442414687,0.638703,2.27483,-0.82563,1,61.8119,446972,outside_own_roche_hot_not_broken
1700,1098,1,belt_rock,1.883857758626955E-05,0.690258,2.79449,-1.11661,1,62.3401,376814,outside_own_roche_hot_not_broken
1700,1111,1,belt_rock,4.91100840138848E-06,0.840554,4.0529,-0.902999,1,35.8234,528865,outside_own_roche_hot_not_broken
1700,1138,1,belt_rock,1.3301076109901263E-05,0.747258,3.14295,-1.11575,1,73.7421,350615,outside_own_roche_hot_not_broken
1700,1148,1,belt_rock,1.4679822329642312E-05,0.734983,2.96599,-0.898047,1,42.7725,498628,outside_own_roche_hot_not_broken
1700,1208,1,belt_rock,3.358371755939549E-05,0.397672,1.52761,-1.32255,1,93.9866,286054,outside_own_roche_hot_not_broken
1700,1217,1,belt_rock,2.845199099165375E-05,0.74995,2.9183,-0.901291,1,46.4852,481926,outside_own_roche_hot_not_broken
1700,1239,1,belt_rock,9.02734900157154E-06,0.775601,3.43077,-1.30558,1,73.3662,321411,outside_own_roche_hot_not_broken
1700,1276,1,belt_rock,7.601107279775003E-07,0.629908,4.28028,-0.828677,1,58.1574,459222,outside_own_roche_hot_not_broken
1700,1277,1,belt_rock,2.0641378376823398E-05,0.52733,2.03942,-1.11346,1,67.8521,364183,outside_own_roche_hot_not_broken
1700,1331,1,belt_rock,7.177005102180299E-07,0.848958,5.83607,-0.827197,1,56.2763,466720,outside_own_roche_hot_not_broken
1700,1400,1,belt_rock,1.484281702368616E-05,0.841355,5.01983,-1.29981,1,68.0017,332299,outside_own_roche_hot_not_broken
1700,1421,1,belt_rock,1.571658877790296E-05,0.498764,1.99831,-1.47142,1,88.7246,276843,outside_own_roche_hot_not_broken
1700,1456,1,belt_rock,4.0532637405193653E-05,0.51753,1.86274,-1.30801,1,61.9783,343003,outside_own_roche_hot_not_broken
1700,1477,1,belt_rock,2.8308653645344172E-06,0.868649,4.57744,-1.06142,1,61.0551,391529,outside_own_roche_hot_not_broken
1700,1501,1,belt_rock,2.3666981552968807E-06,0.510801,2.77243,-1.1268,1,84.8706,326550,outside_own_roche_hot_not_broken
1700,1534,1,belt_rock,3.2467360686223855E-05,0.612646,2.35794,-0.82977,1,61.0614,448443,outside_own_roche_hot_not_broken
1700,1557,1,belt_rock,0.00010390914397456924,0.661387,2.36807,-1.2957,1,63.2172,342481,outside_own_roche_hot_not_broken
1700,1683,1,belt_rock,9.37186776526829E-05,0.610617,2.19647,-1.11383,1,48.1541,416367,outside_own_roche_hot_not_broken
1700,1782,1,belt_rock,8.245178938175916E-05,0.762937,2.76258,-1.06418,1,52.7548,414470,outside_own_roche_hot_not_broken
1700,1791,1,belt_rock,4.521499067988599E-05,0.970547,3.64298,-0.908855,1,49.2555,468588,outside_own_roche_hot_not_broken
1700,1807,1,belt_rock,3.4249918159041645E-05,0.960279,3.51219,-1.12783,1,51.6311,402875,outside_own_roche_hot_not_broken
1700,1825,1,belt_rock,2.8615348288902183E-06,0.722816,2.02715,-0.830829,1,59.0219,455428,outside_own_roche_hot_not_broken
1700,1887,1,belt_rock,6.82126824701485E-07,0.61723,4.20221,-1.0579,1,51.8438,418763,outside_own_roche_hot_not_broken
1700,1890,1,belt_rock,6.632279485941831E-07,0.881206,9.50023,-1.11016,1,68.612,363036,outside_own_roche_hot_not_broken
1700,1893,1,belt_rock,2.4611062147050183E-05,0.599689,2.36554,-1.11629,1,54.6405,397035,outside_own_roche_hot_not_broken
1700,1894,1,belt_rock,1.4398197530175788E-05,0.681416,2.76606,-1.47882,1,131.347,228922,outside_own_roche_hot_not_broken
1700,1898,1,belt_rock,0.00011956044744985102,0.657657,1.09875,-0.834679,1,54.7418,470315,outside_own_roche_hot_not_broken
1700,1909,1,belt_rock,7.085088107455433E-05,0.937079,3.21662,-0.907528,1,43.5362,492093,outside_own_roche_hot_not_broken
1700,1956,1,belt_rock,5.735576047180096E-06,0.839548,3.95151,-0.89712,1,29.8291,562516,outside_own_roche_hot_not_broken
1700,1991,1,belt_rock,1.1954547176952766E-05,0.844826,3.59601,-0.897748,1,29.454,564320,outside_own_roche_hot_not_broken
1700,1998,1,belt_rock,5.927086706501088E-07,0.614432,2.48581,-1.50388,1,120.314,237511,outside_own_roche_hot_not_broken
1700,5068,1,saturn_ring_ice,6.306588533903363E-07,0.966246,2.1279,-0.704584,1,29.739,663729,outside_own_roche_hot_not_broken
1700,5075,1,saturn_ring_ice,6.306521882075041E-07,0.988018,2.17586,-0.713031,1,29.7047,658822,outside_own_roche_hot_not_broken
1700,5234,1,saturn_ring_ice,6.307047513648318E-07,0.99642,2.19429,-0.713578,1,29.401,660801,outside_own_roche_hot_not_broken
1750,2,1,planet,0.8152032007514977,0.94822,3.45751,-1.73785,1,17.4321,365274,outside_own_roche_hot_not_broken
1750,14,1,belt_rock,1.6482828131626075E-05,0.97791,4.01185,-0.88685,1,32.9121,550267,outside_own_roche_hot_not_broken
1750,89,1,belt_rock,1.9447634323182094E-06,0.394827,2.23414,-4.3445,1,7.07355,161154,outside_own_roche_hot_not_broken
1750,97,1,belt_rock,1.7618261886964836E-06,0.936592,5.34725,-1.27862,1,100.736,281496,outside_own_roche_hot_not_broken
1750,99,1,belt_rock,0.00011394564875542001,0.680236,2.42531,-1.4732,1,146.507,216183,outside_own_roche_hot_not_broken
1750,115,1,belt_rock,1.0938661822824471E-06,0.735007,4.57383,-0.81109,1,56.0247,472664,outside_own_roche_hot_not_broken
1750,128,1,belt_rock,6.62596637038842E-06,0.770646,3.55582,-1.09813,1,56.8977,394829,outside_own_roche_hot_not_broken
1750,180,1,belt_rock,2.412704921690744E-05,0.713432,2.81748,-0.81171,1,53.7594,481488,outside_own_roche_hot_not_broken
1750,193,1,belt_rock,3.347116514333176E-06,0.576727,2.95879,-1.04364,1,70.7496,370529,outside_own_roche_hot_not_broken
1750,243,1,belt_rock,6.279534805245629E-05,0.592564,2.92062,-1.04685,1,72.6072,365518,outside_own_roche_hot_not_broken
1750,264,1,belt_rock,1.1450342531930353E-06,0.889262,5.56946,-1.45414,1,98.8108,265643,outside_own_roche_hot_not_broken
1750,278,1,belt_rock,1.6019635045865684E-06,0.654371,3.79917,-0.813465,1,54.7006,477140,outside_own_roche_hot_not_broken
1750,284,1,belt_rock,2.4307338359113666E-05,0.888277,3.5087,-1.24662,1,81.3016,315696,outside_own_roche_hot_not_broken
1750,285,1,belt_rock,2.7642825589176594E-06,0.660178,5.33589,-1.2838,1,68.2835,334240,outside_own_roche_hot_not_broken
1750,304,1,belt_rock,9.975954360357335E-06,0.936632,5.97642,-1.63166,1,169.824,190276,outside_own_roche_hot_not_broken
1750,308,1,belt_rock,7.187033557342713E-05,0.671633,2.44998,-1.25251,1,69.8459,336089,outside_own_roche_hot_not_broken
1750,319,1,belt_rock,1.6170601804744153E-05,0.408287,2.40262,-1.29092,1,88.5188,297982,outside_own_roche_hot_not_broken
1750,378,1,belt_rock,3.5557221198580994E-06,0.492783,2.50432,-1.25336,1,64.1009,347697,outside_own_roche_hot_not_broken
1750,386,1,belt_rock,1.883396316875123E-06,0.744834,6.48805,-0.810995,1,53.4373,483031,outside_own_roche_hot_not_broken
1750,388,1,belt_rock,9.077453292717553E-07,0.983684,9.93449,-1.45088,1,99.2444,265429,outside_own_roche_hot_not_broken
1750,492,1,belt_rock,1.3226425832453694E-06,0.848425,5.09839,-1.09522,1,42.9296,437779,outside_own_roche_hot_not_broken
1750,538,1,belt_rock,6.569448769827544E-07,0.582021,3.99164,-1.10001,1,71.6286,358022,outside_own_roche_hot_not_broken
1750,554,1,belt_rock,1.1215213674619746E-05,0.896417,3.84522,-0.877624,1,26.2924,592221,outside_own_roche_hot_not_broken
1750,556,1,belt_rock,1.2294819836209372E-06,0.782858,4.76757,-1.65654,1,248.31,150068,outside_own_roche_hot_not_broken
1750,570,1,belt_rock,0.00011640535663719694,0.80054,2.85059,-0.881134,1,37.3516,529948,outside_own_roche_hot_not_broken
1750,581,1,belt_rock,7.476979178758243E-05,0.491985,2.38251,-1.04663,1,78.9371,351334,outside_own_roche_hot_not_broken
1750,615,1,belt_rock,4.0330174319880445E-05,0.573155,2.16992,-1.09513,1,56.4006,396850,outside_own_roche_hot_not_broken
1750,633,1,belt_rock,2.2297405295397162E-06,0.962851,8.11311,-1.44932,1,94.759,271236,outside_own_roche_hot_not_broken
1750,654,1,belt_rock,3.1434544679676156E-05,0.444163,1.71525,-1.30941,1,121.398,252710,outside_own_roche_hot_not_broken
1750,672,1,belt_rock,8.42775082612278E-05,0.608446,2.91304,-1.09294,1,73.0788,356048,outside_own_roche_hot_not_broken
1750,748,1,belt_rock,6.56830056463787E-07,0.8184,5.72812,-0.883343,1,37.8087,526851,outside_own_roche_hot_not_broken
1750,764,1,belt_rock,6.955996269256479E-05,0.761764,2.78336,-1.09746,1,58.5167,390606,outside_own_roche_hot_not_broken
1750,780,1,belt_rock,1.7023275073904924E-05,0.897012,5.22916,-0.887488,1,36.4744,531766,outside_own_roche_hot_not_broken
1750,792,1,belt_rock,1.3771353375516246E-05,0.450046,1.88643,-1.26225,1,79.7312,316255,outside_own_roche_hot_not_broken
1750,830,1,belt_rock,7.849494695636164E-05,0.864212,3.13668,-1.08666,1,56.9148,397300,outside_own_roche_hot_not_broken
1750,858,1,belt_rock,4.356085624201125E-06,0.933507,2.41459,-0.87414,1,26.8665,590415,outside_own_roche_hot_not_broken
1750,885,1,belt_rock,5.339743715901957E-05,0.809594,3.00585,-1.05157,1,81.6948,344654,outside_own_roche_hot_not_broken
1750,941,1,belt_rock,8.318587866088515E-05,0.925001,3.3471,-1.03738,1,68.4347,377419,outside_own_roche_hot_not_broken
1750,942,1,belt_rock,1.6434755667784452E-05,0.770926,3.16334,-0.881358,1,37.1733,530737,outside_own_roche_hot_not_broken
1750,967,1,belt_rock,4.333662951166406E-06,0.872972,4.30466,-1.63153,1,154.079,200810,outside_own_roche_hot_not_broken
1750,997,1,belt_rock,5.023951928804106E-05,0.894922,4.5175,-0.877276,1,33.0163,553795,outside_own_roche_hot_not_broken
1750,1003,1,belt_rock,6.641968612579456E-07,0.736248,7.93502,-2.23199,1,14.1562,296555,outside_own_roche_hot_not_broken
1750,1098,1,belt_rock,1.883857758626955E-05,0.960062,3.88679,-1.10606,1,63.1835,376813,outside_own_roche_hot_not_broken
1750,1131,1,belt_rock,6.856366412862193E-05,0.696667,2.3972,-0.812583,1,55.1777,475526,outside_own_roche_hot_not_broken
1750,1138,1,belt_rock,1.3301076109901263E-05,0.896805,3.77194,-1.10426,1,74.6614,350614,outside_own_roche_hot_not_broken
1750,1143,1,belt_rock,1.2209623118812813E-06,0.665068,4.05541,-1.44436,1,161.12,206568,outside_own_roche_hot_not_broken
1750,1149,1,belt_rock,3.8246390384014373E-05,0.780609,2.82445,-1.28767,1,124.308,251409,outside_own_roche_hot_not_broken
1750,1202,1,belt_rock,0.00013197115224069698,0.909587,3.22299,-1.23583,1,74.3054,330024,outside_own_roche_hot_not_broken
1750,1239,1,belt_rock,9.02734900157154E-06,0.825697,3.65236,-1.29374,1,74.3128,321410,outside_own_roche_hot_not_broken
1750,1267,1,belt_rock,6.759839068479217E-07,0.452453,3.0858,-1.24468,1,96.3062,291764,outside_own_roche_hot_not_broken
1750,1273,1,belt_rock,7.141107836139182E-05,0.998165,3.64094,-0.873553,1,28.4583,581140,outside_own_roche_hot_not_broken
1750,1291,1,belt_rock,6.94641919182026E-07,0.670156,4.54645,-1.04698,1,73.0376,364491,outside_own_roche_hot_not_broken
1750,1325,1,belt_rock,9.219194837431378E-07,0.352226,2.2633,-1.45374,1,104.583,258739,outside_own_roche_hot_not_broken
1750,1331,1,belt_rock,7.177005102180299E-07,0.915555,6.29388,-0.819075,1,56.9261,466719,outside_own_roche_hot_not_broken
1750,1337,1,belt_rock,9.398903653121013E-05,0.782711,2.81447,-0.88116,1,36.397,534670,outside_own_roche_hot_not_broken
1750,1338,1,belt_rock,5.937082442777558E-05,0.667899,2.46326,-1.09548,1,62.4357,380818,outside_own_roche_hot_not_broken
1750,1345,1,belt_rock,6.38062925384163E-05,0.600946,2.20669,-1.09251,1,76.5219,348644,outside_own_roche_hot_not_broken
1750,1357,1,belt_rock,2.2656698601279335E-05,0.777388,3.08836,-0.812165,1,54.1103,479922,outside_own_roche_hot_not_broken
1750,1400,1,belt_rock,1.484281702368616E-05,0.757332,4.51851,-1.28828,1,68.9238,332298,outside_own_roche_hot_not_broken
1750,1446,1,belt_rock,0.0001067680559677498,0.590508,2.11134,-1.25693,1,66.3157,342486,outside_own_roche_hot_not_broken
1750,1477,1,belt_rock,2.8308653645344172E-06,0.795416,4.19153,-1.05143,1,61.8539,391528,outside_own_roche_hot_not_broken
1750,1522,1,belt_rock,5.201450869522759E-05,0.760553,2.82864,-1.0916,1,60.3135,387091,outside_own_roche_hot_not_broken
1750,1533,1,belt_rock,6.797580885390364E-07,0.617404,6.62198,-1.26032,1,99.2375,285663,outside_own_roche_hot_not_broken
1750,1536,1,belt_rock,9.026599525237927E-07,0.865325,5.58262,-0.808096,1,52.5976,487446,outside_own_roche_hot_not_broken
1750,1568,1,belt_rock,1.863013986285672E-05,0.794405,3.10877,-0.813354,1,52.3083,486901,outside_own_roche_hot_not_broken
1750,1573,1,belt_rock,0.00010933804792976136,0.935951,3.34235,-1.08743,1,74.1831,354582,outside_own_roche_hot_not_broken
1750,1628,1,belt_rock,2.8921587527756106E-06,0.917237,4.81673,-0.876812,1,30.3958,568434,outside_own_roche_hot_not_broken
1750,1636,1,belt_rock,7.52739959112928E-07,0.915706,6.11648,-0.807083,1,55.1904,477222,outside_own_roche_hot_not_broken
1750,1655,1,belt_rock,6.509007219212118E-05,0.500192,1.83512,-1.24589,1,67.7932,341271,outside_own_roche_hot_not_broken
1750,1664,1,belt_rock,2.8322137360573915E-05,0.505951,1.97222,-1.48337,1,119.886,239570,outside_own_roche_hot_not_broken
1750,1705,1,belt_rock,7.243667174845303E-07,0.837408,5.74591,-1.4591,1,107.037,255405,outside_own_roche_hot_not_broken
1750,1714,1,belt_rock,2.824129078702953E-06,0.841445,6.77311,-0.878817,1,36.5457,534864,outside_own_roche_hot_not_broken
1750,1745,1,belt_rock,5.682982586276066E-05,0.935423,4.66155,-1.2641,1,54.5924,367009,outside_own_roche_hot_not_broken
1750,1776,1,belt_rock,6.388438626092742E-05,0.549074,2.01665,-1.28844,1,67.1476,335742,outside_own_roche_hot_not_broken
1750,1835,1,belt_rock,5.600599093037584E-05,0.584529,2.1637,-1.09478,1,55.1586,400381,outside_own_roche_hot_not_broken
1750,1848,1,belt_rock,9.643357686819514E-05,0.475062,2.24733,-1.28563,1,67.4195,335649,outside_own_roche_hot_not_broken
1750,1890,1,belt_rock,6.632279485941831E-07,0.763967,8.23628,-1.09918,1,69.4906,363036,outside_own_roche_hot_not_broken
1750,1894,1,belt_rock,1.4398197530175788E-05,0.956162,3.88133,-1.46403,1,132.53,228921,outside_own_roche_hot_not_broken
1750,1915,1,belt_rock,2.8363238962754064E-05,0.797682,3.10479,-0.885167,1,42.946,502383,outside_own_roche_hot_not_broken
1750,1952,1,belt_rock,6.606311162767822E-05,0.983625,3.60664,-1.62156,1,141.925,210384,outside_own_roche_hot_not_broken
1750,1998,1,belt_rock,5.927086706501088E-07,0.99297,4.01727,-1.4873,1,121.64,237511,outside_own_roche_hot_not_broken
1750,5065,1,saturn_ring_ice,6.30605472717927E-07,0.975673,2.14873,-0.679121,1,30.515,673593,outside_own_roche_hot_not_broken
1800,2,1,planet,0.8152032007514977,0.632384,2.30587,-1.73488,1,17.669,365274,outside_own_roche_hot_not_broken
1800,11,1,belt_rock,0.00011469774197258625,0.741065,2.46411,-0.798901,1,51.0402,497169,outside_own_roche_hot_not_broken
1800,38,1,belt_rock,1.1021391526631291E-05,0.698888,4.37441,-1.06741,1,38.7952,460195,outside_own_roche_hot_not_broken
1800,89,1,belt_rock,1.9447634323182094E-06,0.42974,2.4317,-4.33962,1,7.46394,161154,outside_own_roche_hot_not_broken
1800,97,1,belt_rock,1.7618261886964836E-06,0.693856,3.96141,-1.26487,1,101.835,281497,outside_own_roche_hot_not_broken
1800,143,1,belt_rock,9.975394853266468E-05,0.429251,1.53957,-1.25747,1,87.7486,303434,outside_own_roche_hot_not_broken
1800,160,1,belt_rock,0.00012919578673162237,0.814007,2.8866,-1.25455,1,69.8358,335786,outside_own_roche_hot_not_broken
1800,199,1,belt_rock,7.80086165053359E-06,0.51077,3.40371,-1.44678,1,93.4108,273248,outside_own_roche_hot_not_broken
1800,202,1,belt_rock,1.7572654544806803E-06,0.791578,6.99075,-0.863828,1,35.6982,545308,outside_own_roche_hot_not_broken
1800,224,1,belt_rock,9.167525598203719E-07,0.506506,3.25813,-1.03022,1,85.2627,340830,outside_own_roche_hot_not_broken
1800,244,1,belt_rock,1.936135125523182E-06,0.954432,5.36037,-1.40477,1,79.1733,298352,outside_own_roche_hot_not_broken
1800,264,1,belt_rock,1.1450342531930353E-06,0.711211,4.45432,-1.44065,1,99.8895,265643,outside_own_roche_hot_not_broken
1800,281,1,belt_rock,6.858618499834726E-07,0.538591,3.7367,-1.02917,1,72.0294,370237,outside_own_roche_hot_not_broken
1800,284,1,belt_rock,2.4307338359113666E-05,0.730102,2.8839,-1.23421,1,82.2952,315694,outside_own_roche_hot_not_broken
1800,302,1,belt_rock,0.00011502705840204598,0.596315,2.77868,-1.26511,1,70.7987,332257,outside_own_roche_hot_not_broken
1800,304,1,belt_rock,9.975954360357335E-06,0.731451,4.66721,-1.61786,1,170.927,190277,outside_own_roche_hot_not_broken
1800,306,1,belt_rock,0.00011710813134841915,0.964701,3.43438,-0.860669,1,22.3735,626466,outside_own_roche_hot_not_broken
1800,308,1,belt_rock,7.187033557342713E-05,0.938295,3.42271,-1.24041,1,70.815,336085,outside_own_roche_hot_not_broken
1800,381,1,belt_rock,2.0774821337134934E-06,0.523053,4.46885,-1.63275,1,248.881,150594,outside_own_roche_hot_not_broken
1800,388,1,belt_rock,9.077453292717553E-07,0.60288,6.08864,-1.43493,1,100.518,265431,outside_own_roche_hot_not_broken
1800,390,1,belt_rock,2.7576377582395805E-05,0.483118,1.88822,-1.43874,1,87.305,282359,outside_own_roche_hot_not_broken
1800,495,1,belt_rock,4.636029221887132E-05,0.84686,4.31406,-0.862142,1,33.6048,557154,outside_own_roche_hot_not_broken
1800,605,1,belt_rock,2.4041749778437364E-05,0.645575,2.55371,-1.41617,1,80.6051,294745,outside_own_roche_hot_not_broken
1800,633,1,belt_rock,2.2297405295397162E-06,0.621961,5.24072,-1.43418,1,95.9688,271238,outside_own_roche_hot_not_broken
1800,675,1,belt_rock,0.00011585296376493188,0.486049,1.7313,-1.02542,1,77.3823,358500,outside_own_roche_hot_not_broken
1800,830,1,belt_rock,7.849494695636164E-05,0.797453,2.89437,-1.07705,1,57.684,397299,outside_own_roche_hot_not_broken
1800,849,1,belt_rock,0.00011815221795815683,0.538885,1.91819,-1.25432,1,64.8993,345854,outside_own_roche_hot_not_broken
1800,868,1,belt_rock,8.917864153292904E-06,0.608698,3.9499,-1.0763,1,59.2258,393249,outside_own_roche_hot_not_broken
1800,898,1,belt_rock,1.1462926508708358E-05,0.440787,1.89395,-1.43682,1,140.317,223889,outside_own_roche_hot_not_broken
1800,941,1,belt_rock,8.318587866088515E-05,0.740626,2.67994,-1.0266,1,69.2976,377417,outside_own_roche_hot_not_broken
1800,967,1,belt_rock,4.333662951166406E-06,0.782769,3.85987,-1.6185,1,155.12,200810,outside_own_roche_hot_not_broken
1800,998,1,belt_rock,2.2792375646292976E-05,0.434512,1.72701,-1.26515,1,80.643,314265,outside_own_roche_hot_not_broken
1800,1003,1,belt_rock,6.641968612579456E-07,0.607059,6.54267,-2.22491,1,14.7223,296555,outside_own_roche_hot_not_broken
1800,1007,1,belt_rock,3.3115050571296646E-05,0.622286,2.39191,-1.07112,1,83.4137,337964,outside_own_roche_hot_not_broken
1800,1039,1,belt_rock,1.4902153064625616E-05,0.818181,4.87354,-1.0657,1,44.0975,441818,outside_own_roche_hot_not_broken
1800,1112,1,belt_rock,1.7681335535810255E-06,0.74191,4.23311,-0.796393,1,55.8425,478032,outside_own_roche_hot_not_broken
1800,1124,1,belt_rock,8.643283642769594E-06,0.673473,2.98636,-0.797035,1,55.7959,478013,outside_own_roche_hot_not_broken
1800,1126,1,belt_rock,1.4749354025154826E-05,0.896881,3.72415,-0.866538,1,32.0176,563946,outside_own_roche_hot_not_broken
1800,1149,1,belt_rock,3.8246390384014373E-05,0.887079,3.20969,-1.27452,1,125.361,251408,outside_own_roche_hot_not_broken
1800,1191,1,belt_rock,1.5125619003887156E-05,0.522857,1.09748,-1.26536,1,66.567,340597,outside_own_roche_hot_not_broken
1800,1201,1,belt_rock,5.881881375868684E-06,0.486155,2.28915,-1.42606,1,76.8057,299390,outside_own_roche_hot_not_broken
1800,1202,1,belt_rock,0.00013197115224069698,0.705458,2.49969,-1.22368,1,75.2774,330022,outside_own_roche_hot_not_broken
1800,1273,1,belt_rock,7.141107836139182E-05,0.982352,3.58326,-0.86987,1,28.7532,581138,outside_own_roche_hot_not_broken
1800,1291,1,belt_rock,6.94641919182026E-07,0.993222,6.73818,-1.03537,1,73.9638,364497,outside_own_roche_hot_not_broken
1800,1318,1,belt_rock,3.025883601582657E-05,0.583433,2.25959,-1.02162,1,67.6103,382689,outside_own_roche_hot_not_broken
1800,1338,1,belt_rock,5.937082442777558E-05,0.991481,3.65665,-1.08504,1,63.2707,380817,outside_own_roche_hot_not_broken
1800,1343,1,belt_rock,1.1882956849418542E-06,0.836174,2.81879,-0.863091,1,34.6595,551079,outside_own_roche_hot_not_broken
1800,1376,1,belt_rock,4.4676591679245336E-05,0.706103,2.65266,-0.793594,1,54.9241,482644,outside_own_roche_hot_not_broken
1800,1379,1,belt_rock,1.892038919773968E-05,0.907362,3.54441,-0.863409,1,26.5018,597970,outside_own_roche_hot_not_broken
1800,1445,1,belt_rock,1.8156750496775532E-05,0.485593,1.97288,-1.07721,1,76.6485,350994,outside_own_roche_hot_not_broken
1800,1448,1,belt_rock,6.0569389819862366E-05,0.914597,3.36799,-0.795102,1,50.8425,499348,outside_own_roche_hot_not_broken
1800,1482,1,belt_rock,2.8298309093900424E-05,0.700196,2.72733,-1.02502,1,65.873,386480,outside_own_roche_hot_not_broken
1800,1490,1,belt_rock,0.0001145999561379438,0.969587,3.45482,-0.859159,1,34.8935,551508,outside_own_roche_hot_not_broken
1800,1522,1,belt_rock,5.201450869522759E-05,0.896072,3.33266,-1.08154,1,61.1187,387090,outside_own_roche_hot_not_broken
1800,1536,1,belt_rock,9.026599525237927E-07,0.92568,5.97199,-0.800656,1,53.1928,487445,outside_own_roche_hot_not_broken
1800,1570,1,belt_rock,6.599173965356059E-07,0.742126,5.0852,-1.06882,1,38.4928,460898,outside_own_roche_hot_not_broken
1800,1573,1,belt_rock,0.00010933804792976136,0.71446,2.55139,-1.0758,1,75.1144,354580,outside_own_roche_hot_not_broken
1800,1616,1,belt_rock,0.00011977222286049424,0.470005,1.67199,-1.25566,1,79.6226,317370,outside_own_roche_hot_not_broken
1800,1622,1,belt_rock,1.967167102589526E-05,0.913185,3.67814,-0.863893,1,25.9952,600912,outside_own_roche_hot_not_broken
1800,1636,1,belt_rock,7.52739959112928E-07,0.86266,5.76216,-0.799249,1,55.8172,477222,outside_own_roche_hot_not_broken
1800,1680,1,belt_rock,6.158020657043453E-05,0.579422,2.13272,-1.22588,1,66.7546,346735,outside_own_roche_hot_not_broken
1800,1705,1,belt_rock,7.243667174845303E-07,0.77863,5.3426,-1.44611,1,108.076,255405,outside_own_roche_hot_not_broken
1800,1706,1,belt_rock,4.57761263009354E-05,0.42147,1.58198,-1.45751,1,104.558,258415,outside_own_roche_hot_not_broken
1800,1745,1,belt_rock,5.682982586276066E-05,0.677052,3.37399,-1.25387,1,55.4118,367006,outside_own_roche_hot_not_broken
1800,1813,1,belt_rock,0.00010327407142110633,0.77927,2.79052,-1.25386,1,64.1631,347480,outside_own_roche_hot_not_broken
1800,1838,1,belt_rock,4.745002461219935E-05,0.442377,1.56941,-1.42439,1,79.2522,295805,outside_own_roche_hot_not_broken
1800,1952,1,belt_rock,6.606311162767822E-05,0.633298,2.3221,-1.60519,1,143.234,210385,outside_own_roche_hot_not_broken
1800,1959,1,belt_rock,1.8851506864886237E-06,0.906581,5.11521,-0.85939,1,27.9659,590905,outside_own_roche_hot_not_broken
1800,5118,1,saturn_ring_ice,6.306565490815428E-07,0.993093,2.18703,-0.662441,1,31.0773,679778,outside_own_roche_hot_not_broken
1850,17,1,belt_rock,6.827172754266853E-07,0.817687,5.56602,-1.38554,1,102.239,268209,outside_own_roche_hot_not_broken
1850,50,1,belt_rock,2.8576963723282348E-05,0.549325,2.45594,-1.0099,1,74.1324,368893,outside_own_roche_hot_not_broken
1850,52,1,belt_rock,1.8842060779531114E-05,0.760974,4.37981,-1.56619,1,128.925,224808,outside_own_roche_hot_not_broken
1850,56,1,belt_rock,8.666578338158843E-06,0.845063,3.67884,-0.848957,1,32.7056,567972,outside_own_roche_hot_not_broken
1850,89,1,belt_rock,1.9447634323182094E-06,0.428417,2.42421,-4.33487,1,7.84392,161154,outside_own_roche_hot_not_broken
1850,130,1,belt_rock,3.2312730057913415E-06,0.522653,2.69633,-1.00872,1,74.7398,367675,outside_own_roche_hot_not_broken
1850,135,1,belt_rock,4.712989848135413E-06,0.913566,2.32843,-0.774157,1,48.6087,517007,outside_own_roche_hot_not_broken
1850,151,1,belt_rock,8.80737237346813E-05,0.846911,4.04013,-1.56718,1,125.744,227584,outside_own_roche_hot_not_broken
1850,160,1,belt_rock,0.00012919578673162237,0.796256,2.82365,-1.2431,1,70.7519,335785,outside_own_roche_hot_not_broken
1850,162,1,belt_rock,7.721602180571307E-07,0.837326,5.56556,-0.987096,1,45.9992,457325,outside_own_roche_hot_not_broken
1850,173,1,belt_rock,2.8768110116398428E-05,0.991412,3.85381,-0.840304,1,31.014,581754,outside_own_roche_hot_not_broken
1850,176,1,belt_rock,2.1228965894217067E-05,0.750942,2.89383,-1.00338,1,73.345,372036,outside_own_roche_hot_not_broken
1850,244,1,belt_rock,1.936135125523182E-06,0.623115,3.4996,-1.39078,1,80.292,298351,outside_own_roche_hot_not_broken
1850,262,1,belt_rock,3.6612291394108806E-06,0.536047,4.10807,-1.00881,1,70.3072,378450,outside_own_roche_hot_not_broken
1850,280,1,belt_rock,6.695682277626445E-05,0.719267,2.6336,-1.00457,1,74.0014,370226,outside_own_roche_hot_not_broken
1850,294,1,belt_rock,9.754305347086909E-07,0.588932,3.74423,-1.00149,1,71.7911,376212,outside_own_roche_hot_not_broken
1850,317,1,belt_rock,8.846340250621285E-07,0.774472,5.01565,-0.988279,1,46.6245,454706,outside_own_roche_hot_not_broken
1850,526,1,belt_rock,6.954935084349453E-06,0.674307,4.58194,-1.3924,1,97.3298,273812,outside_own_roche_hot_not_broken
1850,601,1,belt_rock,1.704057254601463E-05,0.68303,2.7975,-1.41275,1,100.705,267401,outside_own_roche_hot_not_broken
1850,605,1,belt_rock,2.4041749778437364E-05,0.934558,3.69685,-1.40246,1,81.7013,294745,outside_own_roche_hot_not_broken
1850,640,1,belt_rock,6.659154956500555E-07,0.723719,7.79577,-1.04907,1,41.4597,455800,outside_own_roche_hot_not_broken
1850,645,1,belt_rock,2.855972095977906E-05,0.548944,2.97202,-1.00932,1,71.7242,374832,outside_own_roche_hot_not_broken
1850,650,1,belt_rock,2.7044608066181788E-05,0.655755,2.45925,-1.23813,1,65.316,347702,outside_own_roche_hot_not_broken
1850,657,1,belt_rock,4.461910550187999E-05,0.931245,4.76514,-0.852641,1,31.0517,575749,outside_own_roche_hot_not_broken
1850,680,1,belt_rock,4.861405982743535E-05,0.428966,1.60317,-1.38605,1,79.1868,300681,outside_own_roche_hot_not_broken
1850,704,1,belt_rock,0.00011865581926903092,0.689235,3.20243,-0.783657,1,52.0037,498278,outside_own_roche_hot_not_broken
1850,808,1,belt_rock,7.408125236630625E-06,0.343141,1.55857,-1.23348,1,122.944,257873,outside_own_roche_hot_not_broken
1850,872,1,belt_rock,9.526680434921478E-07,0.99832,6.37528,-1.18788,1,61.6246,364818,outside_own_roche_hot_not_broken
1850,897,1,belt_rock,6.617702194274802E-07,0.795599,5.56005,-0.8446,1,36.628,548491,outside_own_roche_hot_not_broken
1850,900,1,belt_rock,1.0796437951920822E-06,0.855983,5.33964,-2.03814,1,281.592,128531,outside_own_roche_hot_not_broken
1850,901,1,belt_rock,8.749650426566604E-07,0.512511,3.32607,-1.20394,1,61.9889,361018,outside_own_roche_hot_not_broken
1850,918,1,belt_rock,1.557636876652008E-05,0.313774,1.29759,-1.44917,1,146.264,217967,outside_own_roche_hot_not_broken
1850,1039,1,belt_rock,1.4902153064625616E-05,0.88846,5.29216,-1.05804,1,44.7102,441817,outside_own_roche_hot_not_broken
1850,1063,1,belt_rock,1.081542812867445E-05,0.990963,2.19044,-1.22274,1,59.5471,363169,outside_own_roche_hot_not_broken
1850,1074,1,belt_rock,0.0001121627428978337,0.758945,3.54422,-1.19146,1,62.31,362569,outside_own_roche_hot_not_broken
1850,1097,1,belt_rock,7.702165657203223E-07,0.987131,6.56447,-0.838103,1,30.0659,588488,outside_own_roche_hot_not_broken
1850,1158,1,belt_rock,9.41390110065754E-06,0.55893,2.4098,-1.42895,1,162.774,206253,outside_own_roche_hot_not_broken
1850,1169,1,belt_rock,8.175272778759332E-06,0.66944,2.99517,-1.00466,1,81.644,352744,outside_own_roche_hot_not_broken
1850,1211,1,belt_rock,9.67589661537222E-06,0.977218,2.19771,-0.773079,1,46.1649,529117,outside_own_roche_hot_not_broken
1850,1317,1,belt_rock,9.15531759102845E-05,0.30728,1.03646,-1.3962,1,142.139,225149,outside_own_roche_hot_not_broken
1850,1328,1,belt_rock,6.709164919336832E-06,0.721387,3.31439,-0.780866,1,48.588,514604,outside_own_roche_hot_not_broken
1850,1335,1,belt_rock,1.9662491704167285E-06,0.784096,4.392,-0.847298,1,37.5418,542608,outside_own_roche_hot_not_broken
1850,1416,1,belt_rock,0.0001321997738157315,0.736183,2.60781,-1.00324,1,81.6147,353056,outside_own_roche_hot_not_broken
1850,1448,1,belt_rock,6.0569389819862366E-05,0.892597,3.28697,-0.787992,1,51.4105,499350,outside_own_roche_hot_not_broken
1850,1482,1,belt_rock,2.8298309093900424E-05,0.974473,3.79567,-1.0145,1,66.7148,386480,outside_own_roche_hot_not_broken
1850,1490,1,belt_rock,0.0001145999561379438,0.933933,3.32778,-0.854399,1,35.2743,551507,outside_own_roche_hot_not_broken
1850,1530,1,belt_rock,0.00010158132024388023,0.863477,3.09343,-0.851067,1,33.4983,562596,outside_own_roche_hot_not_broken
1850,1584,1,belt_rock,1.2114145495280296E-05,0.885371,5.44725,-0.84786,1,28.3778,594040,outside_own_roche_hot_not_broken
1850,1624,1,belt_rock,0.00012796138765296694,0.908477,4.19713,-1.38128,1,91.3568,283121,outside_own_roche_hot_not_broken
1850,1685,1,belt_rock,1.776224965867709E-05,0.468674,2.7191,-1.3814,1,77.2802,304329,outside_own_roche_hot_not_broken
1850,1688,1,belt_rock,9.9395369210029E-06,0.498498,3.17378,-1.00566,1,75.2017,367162,outside_own_roche_hot_not_broken
1850,1733,1,belt_rock,3.7973166626542763E-06,0.578871,2.90499,-1.40572,1,94.0325,276771,outside_own_roche_hot_not_broken
1850,1753,1,belt_rock,6.241632068387203E-05,0.752711,2.76741,-1.05274,1,70.7795,368717,outside_own_roche_hot_not_broken
1850,1755,1,belt_rock,9.323079667100621E-06,0.809121,3.55195,-0.783891,1,49.5743,508975,outside_own_roche_hot_not_broken
1850,1813,1,belt_rock,0.00010327407142110633,0.829617,2.97081,-1.24283,1,65.0461,347479,outside_own_roche_hot_not_broken
1850,1850,1,belt_rock,0.0001097162832545768,0.976868,4.56815,-0.776524,1,52.7441,497541,outside_own_roche_hot_not_broken
1850,1875,1,belt_rock,6.14996322009509E-05,0.583104,2.88013,-1.05446,1,56.4029,406015,outside_own_roche_hot_not_broken
1850,1926,1,belt_rock,6.863947909387181E-07,0.943404,10.098,-0.838677,1,29.363,592497,outside_own_roche_hot_not_broken
1850,5048,1,saturn_ring_ice,6.306660811206185E-07,0.992449,2.1856,-0.640614,1,32.1598,685185,outside_own_roche_hot_not_broken
1900,17,1,belt_rock,6.827172754266853E-07,0.803849,5.47182,-1.3727,1,103.266,268208,outside_own_roche_hot_not_broken
1900,34,1,belt_rock,9.363267300218779E-05,0.372022,1.33827,-1.23086,1,112.339,271102,outside_own_roche_hot_not_broken
1900,52,1,belt_rock,1.8842060779531114E-05,0.869792,5.00612,-1.55292,1,129.986,224807,outside_own_roche_hot_not_broken
1900,54,1,belt_rock,0.00011263083187765426,0.99057,3.29798,-1.16943,1,64.8507,360788,outside_own_roche_hot_not_broken
1900,89,1,belt_rock,1.9447634323182094E-06,0.391423,2.21488,-4.32994,1,8.23824,161154,outside_own_roche_hot_not_broken
1900,109,1,belt_rock,2.456960938733791E-05,0.408367,1.61263,-1.57904,1,143.761,211602,outside_own_roche_hot_not_broken
1900,135,1,belt_rock,4.712989848135413E-06,0.920373,2.34578,-0.767566,1,49.1362,517005,outside_own_roche_hot_not_broken
1900,151,1,belt_rock,8.80737237346813E-05,0.77989,3.72041,-1.55408,1,126.793,227583,outside_own_roche_hot_not_broken
1900,162,1,belt_rock,7.721602180571307E-07,0.897545,5.96582,-0.979593,1,46.5996,457324,outside_own_roche_hot_not_broken
1900,173,1,belt_rock,2.8768110116398428E-05,0.980733,3.8123,-0.836354,1,31.33,581754,outside_own_roche_hot_not_broken
1900,176,1,belt_rock,2.1228965894217067E-05,0.92182,3.55232,-0.992309,1,74.2312,372035,outside_own_roche_hot_not_broken
1900,187,1,belt_rock,3.217959851025406E-05,0.495746,1.82424,-0.978259,1,81.5701,357568,outside_own_roche_hot_not_broken
1900,221,1,belt_rock,1.3679684436860946E-06,0.716922,4.28189,-0.985959,1,69.2326,385867,outside_own_roche_hot_not_broken
1900,280,1,belt_rock,6.695682277626445E-05,0.953626,3.49171,-0.993274,1,74.9049,370225,outside_own_roche_hot_not_broken
1900,295,1,belt_rock,2.1704753697564006E-05,0.970109,3.86903,-0.826871,1,24.7842,628484,outside_own_roche_hot_not_broken
1900,317,1,belt_rock,8.846340250621285E-07,0.964474,6.24614,-0.980885,1,47.2161,454705,outside_own_roche_hot_not_broken
1900,330,1,belt_rock,8.965713228249624E-05,0.9583,3.4538,-0.831001,1,23.981,631768,outside_own_roche_hot_not_broken
1900,425,1,belt_rock,5.524092275825576E-06,0.620084,2.94829,-1.3861,1,143.12,224995,outside_own_roche_hot_not_broken
1900,442,1,belt_rock,7.011034373292999E-06,0.972407,6.57918,-0.757555,1,44.6239,543109,outside_own_roche_hot_not_broken
1900,455,1,belt_rock,4.766650301068784E-06,0.87314,4.22477,-0.834022,1,34.252,565993,outside_own_roche_hot_not_broken
1900,526,1,belt_rock,6.954935084349453E-06,0.9319,6.3323,-1.37835,1,98.4539,273811,outside_own_roche_hot_not_broken
1900,601,1,belt_rock,1.704057254601463E-05,0.924993,3.78851,-1.39874,1,101.827,267401,outside_own_roche_hot_not_broken
1900,607,1,belt_rock,2.7172843853709414E-06,0.501091,2.65824,-1.03619,1,72.8285,366999,outside_own_roche_hot_not_broken
1900,614,1,belt_rock,5.650293830965371E-06,0.516137,2.43668,-1.03655,1,69.6748,374514,outside_own_roche_hot_not_broken
1900,638,1,belt_rock,5.309885447692337E-05,0.657828,2.44313,-1.03457,1,51.9825,424129,outside_own_roche_hot_not_broken
1900,650,1,belt_rock,2.7044608066181788E-05,0.958327,3.59398,-1.2265,1,66.2468,347701,outside_own_roche_hot_not_broken
1900,725,1,belt_rock,1.9461636517486805E-05,0.999716,4.03027,-0.834376,1,26.7517,611223,outside_own_roche_hot_not_broken
1900,741,1,belt_rock,5.936967784450944E-05,0.928537,3.23128,-0.976856,1,76.3703,369861,outside_own_roche_hot_not_broken
1900,762,1,belt_rock,5.228761023098206E-06,0.935151,4.43445,-1.02379,1,42.5338,459272,outside_own_roche_hot_not_broken
1900,776,1,belt_rock,5.407065716808426E-06,0.25044,1.19579,-1.57477,1,174.311,190315,outside_own_roche_hot_not_broken
1900,797,1,belt_rock,1.7132531292981684E-05,0.558569,2.28307,-1.03555,1,61.07,397115,outside_own_roche_hot_not_broken
1900,832,1,belt_rock,1.2723288705446799E-06,0.31335,1.89635,-1.38801,1,130.657,236454,outside_own_roche_hot_not_broken
1900,872,1,belt_rock,9.526680434921478E-07,0.634377,4.05114,-1.17704,1,62.4908,364819,outside_own_roche_hot_not_broken
1900,876,1,belt_rock,4.137134032490676E-05,0.989615,3.73791,-0.826888,1,25.7816,621656,outside_own_roche_hot_not_broken
1900,891,1,belt_rock,6.672223024239317E-07,0.61191,4.18395,-1.20911,1,53.9418,379307,outside_own_roche_hot_not_broken
1900,900,1,belt_rock,1.0796437951920822E-06,0.857712,5.35042,-2.02661,1,282.515,128531,outside_own_roche_hot_not_broken
1900,906,1,belt_rock,2.2837145817206435E-05,0.943628,3.60519,-1.02578,1,49.8847,433131,outside_own_roche_hot_not_broken
1900,953,1,belt_rock,9.629902295407514E-05,0.976293,3.5063,-0.7632,1,45.9016,534328,outside_own_roche_hot_not_broken
1900,1013,1,belt_rock,9.36852339477434E-06,0.838845,3.68547,-1.02616,1,38.9674,472082,outside_own_roche_hot_not_broken
1900,1063,1,belt_rock,1.081542812867445E-05,0.63311,1.39943,-1.21202,1,60.4049,363168,outside_own_roche_hot_not_broken
1900,1074,1,belt_rock,0.0001121627428978337,0.866667,4.04728,-1.18077,1,63.1653,362568,outside_own_roche_hot_not_broken
1900,1078,1,belt_rock,9.10255632775755E-06,0.822219,3.61973,-0.832803,1,35.0252,562231,outside_own_roche_hot_not_broken
1900,1081,1,belt_rock,3.697895310258282E-05,0.389198,2.04018,-1.519,1,124.197,232586,outside_own_roche_hot_not_broken
1900,1106,1,belt_rock,4.784559652363653E-06,0.539873,2.62353,-1.37359,1,93.4633,281044,outside_own_roche_hot_not_broken
1900,1115,1,belt_rock,7.685439102371505E-07,0.897067,5.96804,-0.83541,1,31.9303,578662,outside_own_roche_hot_not_broken
1900,1116,1,belt_rock,6.620812279777769E-07,0.69166,4.73637,-1.1827,1,92.2825,305783,outside_own_roche_hot_not_broken
1900,1170,1,belt_rock,1.1142923462670623E-05,0.827517,3.55954,-1.20488,1,53.3953,381548,outside_own_roche_hot_not_broken
1900,1211,1,belt_rock,9.67589661537222E-06,0.879355,1.97762,-0.766983,1,46.6523,529117,outside_own_roche_hot_not_broken
1900,1257,1,belt_rock,8.840500656300798E-06,0.964891,6.26291,-0.831029,1,23.6251,634248,outside_own_roche_hot_not_broken
1900,1305,1,belt_rock,8.307795636088752E-07,0.335317,3.44917,-1.40266,1,120.074,246034,outside_own_roche_hot_not_broken
1900,1310,1,belt_rock,6.57392693100624E-07,0.591965,6.39377,-1.03678,1,59.4099,401473,outside_own_roche_hot_not_broken
1900,1384,1,belt_rock,5.598302899299441E-05,0.525682,1.83848,-1.17501,1,73.6613,340867,outside_own_roche_hot_not_broken
1900,1395,1,belt_rock,2.7279062147012035E-05,0.737612,2.76084,-0.768847,1,49.3083,515724,outside_own_roche_hot_not_broken
1900,1403,1,belt_rock,1.0336419449546872E-05,0.867262,3.76445,-1.21151,1,85.8455,312697,outside_own_roche_hot_not_broken
1900,1416,1,belt_rock,0.0001321997738157315,0.936031,3.31575,-0.991403,1,82.562,353055,outside_own_roche_hot_not_broken
1900,1464,1,belt_rock,6.78474482184845E-07,0.863077,5.88212,-0.765372,1,45.4871,535533,outside_own_roche_hot_not_broken
1900,1486,1,belt_rock,0.00012044368057620707,0.808969,2.87631,-0.766612,1,49.2433,516861,outside_own_roche_hot_not_broken
1900,1492,1,belt_rock,9.44053262067516E-05,0.55278,1.98806,-1.17651,1,62.555,364769,outside_own_roche_hot_not_broken
1900,1549,1,belt_rock,1.1520328550631034E-05,0.645741,2.76706,-1.39295,1,122.036,244784,outside_own_roche_hot_not_broken
1900,1593,1,belt_rock,9.55366195508094E-06,0.623727,2.73241,-0.987406,1,79.4685,360659,outside_own_roche_hot_not_broken
1900,1594,1,belt_rock,4.469832094023741E-05,0.858037,3.22292,-0.830584,1,31.4038,584058,outside_own_roche_hot_not_broken
1900,1624,1,belt_rock,0.00012796138765296694,0.692931,3.20132,-1.36778,1,92.4355,283122,outside_own_roche_hot_not_broken
1900,1625,1,belt_rock,6.789067757934015E-05,0.578691,2.82919,-1.03085,1,73.7834,365759,outside_own_roche_hot_not_broken
1900,1703,1,belt_rock,4.267325314183137E-05,0.267536,1.37728,-1.40345,1,165.9,205447,outside_own_roche_hot_not_broken
1900,1718,1,belt_rock,0.0001061888921921048,0.516212,1.84611,-1.17695,1,66.502,355727,outside_own_roche_hot_not_broken
1900,1753,1,belt_rock,6.241632068387203E-05,0.907651,3.33706,-1.04172,1,71.6607,368716,outside_own_roche_hot_not_broken
1900,1850,1,belt_rock,0.0001097162832545768,0.83408,3.90042,-0.769388,1,53.3149,497540,outside_own_roche_hot_not_broken
1900,1883,1,belt_rock,6.657343282087218E-07,0.336535,2.30207,-1.56347,1,121.083,232168,outside_own_roche_hot_not_broken
1900,1936,1,belt_rock,5.967526700139252E-05,0.772662,3.82739,-0.769242,1,48.6145,518824,outside_own_roche_hot_not_broken
1900,1941,1,belt_rock,4.164750891839388E-05,0.505245,1.90804,-0.987313,1,74.9962,371152,outside_own_roche_hot_not_broken
1900,1982,1,belt_rock,3.794537017416716E-05,0.771638,2.79238,-0.766639,1,51.0603,508495,outside_own_roche_hot_not_broken
1900,5012,1,saturn_ring_ice,6.306451776156747E-07,0.991677,2.18392,-0.615833,1,32.5352,698645,outside_own_roche_hot_not_broken
1900,5091,1,saturn_ring_ice,6.306396088108711E-07,0.987152,2.17397,-0.618965,1,32.4798,696982,outside_own_roche_hot_not_broken
1900,5159,1,saturn_ring_ice,6.306876792262526E-07,0.986179,2.17176,-0.618699,1,32.4593,697337,outside_own_roche_hot_not_broken
1950,46,1,belt_rock,5.261693167516406E-06,0.765057,1.91069,-0.752309,1,46.0489,537968,outside_own_roche_hot_not_broken
1950,54,1,belt_rock,0.00011263083187765426,0.643435,2.14224,-1.15816,1,65.7516,360787,outside_own_roche_hot_not_broken
1950,70,1,belt_rock,4.980722034468837E-05,0.869143,4.39157,-0.752165,1,42.8642,554656,outside_own_roche_hot_not_broken
1950,89,1,belt_rock,1.9447634323182094E-06,0.340063,1.92425,-4.32889,1,8.32206,161153,outside_own_roche_hot_not_broken
1950,93,1,belt_rock,3.06510603592216E-05,0.715976,2.76977,-1.01296,1,37.4957,482149,outside_own_roche_hot_not_broken
1950,156,1,belt_rock,3.698011065557734E-05,0.710559,3.72173,-1.15859,1,69.6193,352115,outside_own_roche_hot_not_broken
1950,161,1,belt_rock,1.3024645498304806E-05,0.547552,2.30759,-1.01778,1,63.2677,394984,outside_own_roche_hot_not_broken
1950,221,1,belt_rock,1.3679684436860946E-06,0.964963,5.76334,-0.97525,1,70.0893,385866,outside_own_roche_hot_not_broken
1950,297,1,belt_rock,1.4396121228647316E-06,0.751337,4.44626,-1.36509,1,151.957,218829,outside_own_roche_hot_not_broken
1950,397,1,belt_rock,2.2159016367563655E-06,0.557762,3.06106,-0.970849,1,67.0692,394856,outside_own_roche_hot_not_broken
1950,432,1,belt_rock,6.680547538572403E-07,0.595217,4.06882,-1.01587,1,54.423,421176,outside_own_roche_hot_not_broken
1950,439,1,belt_rock,1.7629018445710437E-05,0.990486,3.90208,-0.813234,1,30.6073,597395,outside_own_roche_hot_not_broken
1950,442,1,belt_rock,7.011034373292999E-06,0.906402,6.1326,-0.751775,1,45.0863,543108,outside_own_roche_hot_not_broken
1950,497,1,belt_rock,7.402492523004493E-07,0.604517,4.05094,-1.15626,1,78.9615,333312,outside_own_roche_hot_not_broken
1950,511,1,belt_rock,8.473125613025931E-05,0.925141,4.42583,-0.749809,1,44.5114,546913,outside_own_roche_hot_not_broken
1950,514,1,belt_rock,2.115951315924581E-06,0.42771,2.3658,-1.19892,1,86.4484,313390,outside_own_roche_hot_not_broken
1950,556,1,belt_rock,1.2294819836209372E-06,0.925413,5.63573,-1.66987,1,247.232,150071,outside_own_roche_hot_not_broken
1950,592,1,belt_rock,1.7318405733717002E-05,0.56199,2.29729,-1.15159,1,60.0742,375492,outside_own_roche_hot_not_broken
1950,665,1,belt_rock,3.471781708639984E-05,0.81956,4.32362,-0.750126,1,42.58,557075,outside_own_roche_hot_not_broken
1950,678,1,belt_rock,1.784486290465502E-05,0.616718,3.57698,-1.35358,1,68.4062,323446,outside_own_roche_hot_not_broken
1950,690,1,belt_rock,4.023587267859821E-05,0.973974,3.50742,-1.35547,1,138.074,231837,outside_own_roche_hot_not_broken
1950,741,1,belt_rock,5.936967784450944E-05,0.74978,2.60921,-0.965592,1,77.2715,369860,outside_own_roche_hot_not_broken
1950,762,1,belt_rock,5.228761023098206E-06,0.802868,3.80716,-1.01675,1,43.0969,459272,outside_own_roche_hot_not_broken
1950,769,1,belt_rock,4.200454182736083E-05,0.862612,3.2578,-1.34729,1,71.4785,318810,outside_own_roche_hot_not_broken
1950,798,1,belt_rock,0.00013075126953582405,0.619594,2.85719,-0.970552,1,69.7912,387630,outside_own_roche_hot_not_broken
1950,802,1,belt_rock,6.86444772501363E-05,0.900019,3.28992,-0.820158,1,32.2183,584175,outside_own_roche_hot_not_broken
1950,804,1,belt_rock,6.845560813856027E-05,0.516099,1.88768,-1.19735,1,63.4444,358911,outside_own_roche_hot_not_broken
1950,906,1,belt_rock,2.2837145817206435E-05,0.762918,2.91477,-1.01757,1,50.5415,433130,outside_own_roche_hot_not_broken
1950,952,1,belt_rock,6.741222067946179E-07,0.766189,5.22835,-0.749779,1,45.4211,542206,outside_own_roche_hot_not_broken
1950,953,1,belt_rock,9.629902295407514E-05,0.888437,3.19077,-0.757191,1,46.3824,534327,outside_own_roche_hot_not_broken
1950,959,1,belt_rock,6.602452728696196E-07,0.808232,5.53764,-1.15624,1,80.6161,330129,outside_own_roche_hot_not_broken
1950,988,1,belt_rock,9.968858215165637E-05,0.59767,2.14362,-1.19808,1,66.2317,352609,outside_own_roche_hot_not_broken
1950,1002,1,belt_rock,6.785979509706564E-07,0.621791,4.32327,-1.15401,1,60.5196,373922,outside_own_roche_hot_not_broken
1950,1005,1,belt_rock,8.637437983213775E-07,0.634076,4.12512,-1.19331,1,56.9865,374876,outside_own_roche_hot_not_broken
1950,1013,1,belt_rock,9.36852339477434E-06,0.91638,4.02612,-1.01965,1,39.4886,472081,outside_own_roche_hot_not_broken
1950,1116,1,belt_rock,6.620812279777769E-07,0.947958,6.49146,-1.16935,1,93.3506,305782,outside_own_roche_hot_not_broken
1950,1161,1,belt_rock,4.6487284144720425E-05,0.597769,2.12494,-1.51618,1,123.246,233705,outside_own_roche_hot_not_broken
1950,1170,1,belt_rock,1.1142923462670623E-05,0.800476,3.44323,-1.19514,1,54.1745,381547,outside_own_roche_hot_not_broken
1950,1224,1,belt_rock,2.0804853927468405E-05,0.7678,3.07652,-1.01394,1,48.3919,441291,outside_own_roche_hot_not_broken
1950,1250,1,belt_rock,9.772943806356989E-05,0.442049,1.48457,-1.20671,1,90.0156,306350,outside_own_roche_hot_not_broken
1950,1300,1,belt_rock,1.66224728314871E-06,0.68358,3.98408,-1.15817,1,63.7565,365387,outside_own_roche_hot_not_broken
1950,1333,1,belt_rock,7.986154280475739E-05,0.735047,2.66474,-0.753093,1,49.1703,522313,outside_own_roche_hot_not_broken
1950,1344,1,belt_rock,6.018783574121593E-05,0.830501,3.0596,-0.748161,1,41.1658,565740,outside_own_roche_hot_not_broken
1950,1398,1,belt_rock,1.4870440473304852E-05,0.917256,3.80425,-0.816375,1,28.7602,607529,outside_own_roche_hot_not_broken
1950,1403,1,belt_rock,1.0336419449546872E-05,0.763339,3.31336,-1.19915,1,86.8339,312696,outside_own_roche_hot_not_broken
1950,1408,1,belt_rock,6.724761594833252E-07,0.80855,5.52003,-1.01046,1,38.1094,480473,outside_own_roche_hot_not_broken
1950,1421,1,belt_rock,1.571658877790296E-05,0.957114,3.8347,-1.49046,1,87.2062,276834,outside_own_roche_hot_not_broken
1950,1431,1,belt_rock,1.2877988446477373E-05,0.43247,2.6408,-1.33275,1,77.5509,310312,outside_own_roche_hot_not_broken
1950,1479,1,belt_rock,2.6647602801082736E-05,0.700617,2.63048,-1.016,1,45.8277,449620,outside_own_roche_hot_not_broken
1950,1515,1,belt_rock,5.914466330813979E-05,0.977601,3.60517,-0.820298,1,27.5323,613490,outside_own_roche_hot_not_broken
1950,1531,1,belt_rock,3.729638899649471E-05,0.970838,3.69659,-0.958067,1,78.461,368459,outside_own_roche_hot_not_broken
1950,1549,1,belt_rock,1.1520328550631034E-05,0.987404,4.23112,-1.37731,1,123.288,244784,outside_own_roche_hot_not_broken
1950,1657,1,belt_rock,9.857023070139824E-05,0.831101,2.98262,-1.36074,1,143.6,226375,outside_own_roche_hot_not_broken
1950,1722,1,belt_rock,7.005142127119329E-05,0.941554,3.43933,-1.32865,1,91.5613,288852,outside_own_roche_hot_not_broken
1950,1729,1,belt_rock,1.6974650892955918E-05,0.584904,3.41865,-1.35435,1,68.4757,323205,outside_own_roche_hot_not_broken
1950,1761,1,belt_rock,6.813887392790074E-05,0.672729,2.46155,-1.15385,1,55.0303,387885,outside_own_roche_hot_not_broken
1950,1863,1,belt_rock,8.665744045728343E-05,0.966949,3.27312,-1.18575,1,68.3426,350180,outside_own_roche_hot_not_broken
1950,1867,1,belt_rock,3.8839903155708504E-05,0.812264,3.08324,-0.964472,1,73.7275,378767,outside_own_roche_hot_not_broken
1950,1874,1,belt_rock,1.0248031212141847E-06,0.436333,2.79311,-1.36001,1,75.7513,309670,outside_own_roche_hot_not_broken
1950,1920,1,belt_rock,7.605997785744625E-07,0.446036,3.03046,-1.34935,1,90.8299,287509,outside_own_roche_hot_not_broken
1950,1948,1,belt_rock,8.918372974748205E-06,0.498481,3.23602,-1.15026,1,91.9939,310575,outside_own_roche_hot_not_broken
1950,1975,1,belt_rock,6.433777645222496E-06,0.764995,3.53449,-0.754806,1,47.7521,528501,outside_own_roche_hot_not_broken
2000,2,1,planet,0.815204542232175,0.798773,2.91258,-1.73879,1,17.3574,365268,outside_own_roche_hot_not_broken
2000,16,1,belt_rock,1.2326635398662286E-05,0.883321,5.42206,-0.992452,1,51.2753,437358,outside_own_roche_hot_not_broken
2000,89,1,belt_rock,1.9447634323182094E-06,0.325537,1.84206,-4.3413,1,7.32917,161153,outside_own_roche_hot_not_broken
2000,94,1,belt_rock,3.791464172776052E-05,0.947663,4.94762,-1.16723,1,82.2157,325468,outside_own_roche_hot_not_broken
2000,99,1,belt_rock,0.00011394564875542001,0.870782,3.10468,-1.48972,1,145.175,216189,outside_own_roche_hot_not_broken
2000,156,1,belt_rock,3.698011065557734E-05,0.922787,4.83333,-1.14711,1,70.5365,352116,outside_own_roche_hot_not_broken
2000,177,1,belt_rock,4.535582331316806E-05,0.821269,4.1942,-0.737641,1,44.1391,554048,outside_own_roche_hot_not_broken
2000,203,1,belt_rock,2.3726504151572597E-05,0.834133,1.64306,-0.735543,1,41.636,568775,outside_own_roche_hot_not_broken
2000,217,1,belt_rock,5.179983931979467E-05,0.425498,1.58303,-1.13715,1,90.3357,315211,outside_own_roche_hot_not_broken
2000,297,1,belt_rock,1.4396121228647316E-06,0.938991,5.55676,-1.35141,1,153.051,218829,outside_own_roche_hot_not_broken
2000,383,1,belt_rock,3.952775802632738E-06,0.923233,6.96113,-0.801919,1,28.8429,614543,outside_own_roche_hot_not_broken
2000,511,1,belt_rock,8.473125613025931E-05,0.958995,4.58778,-0.744074,1,44.9703,546912,outside_own_roche_hot_not_broken
2000,524,1,belt_rock,9.604654164338964E-05,0.816206,2.93173,-0.737671,1,41.8629,566536,outside_own_roche_hot_not_broken
2000,540,1,belt_rock,5.918366719071476E-05,0.599815,2.97496,-1.14441,1,97.4858,302321,outside_own_roche_hot_not_broken
2000,556,1,belt_rock,1.2294819836209372E-06,0.822574,5.00944,-1.65759,1,248.214,150071,outside_own_roche_hot_not_broken
2000,649,1,belt_rock,8.662589025225851E-06,0.452902,2.01572,-1.33166,1,71.4768,321051,outside_own_roche_hot_not_broken
2000,651,1,belt_rock,7.413041658018244E-05,0.656453,2.3898,-0.998968,1,47.9285,447025,outside_own_roche_hot_not_broken
2000,678,1,belt_rock,1.784486290465502E-05,0.9676,5.6121,-1.34078,1,69.4305,323445,outside_own_roche_hot_not_broken
2000,690,1,belt_rock,4.023587267859821E-05,0.690787,2.48762,-1.34065,1,139.259,231836,outside_own_roche_hot_not_broken
2000,735,1,belt_rock,4.035525376652153E-05,0.664448,3.44295,-1.13961,1,67.9457,359176,outside_own_roche_hot_not_broken
2000,744,1,belt_rock,5.963441676946734E-05,0.744426,2.74513,-1.17111,1,57.2085,378736,outside_own_roche_hot_not_broken
2000,746,1,belt_rock,3.707360858749081E-05,0.920884,3.50652,-0.801243,1,28.4443,617549,outside_own_roche_hot_not_broken
2000,754,1,belt_rock,3.944070507977821E-05,0.757868,2.73228,-0.739931,1,45.6239,545231,outside_own_roche_hot_not_broken
2000,769,1,belt_rock,4.200454182736083E-05,0.727065,2.74589,-1.33526,1,72.4406,318809,outside_own_roche_hot_not_broken
2000,807,1,belt_rock,5.702887272086544E-05,0.916135,3.3874,-1.16834,1,92.6965,306989,outside_own_roche_hot_not_broken
2000,866,1,belt_rock,8.181715438909201E-06,0.597771,2.67354,-0.951226,1,70.8351,388954,outside_own_roche_hot_not_broken
2000,917,1,belt_rock,6.020158404260856E-05,0.503972,1.85739,-1.32631,1,96.4387,282163,outside_own_roche_hot_not_broken
2000,943,1,belt_rock,3.277912449224114E-05,0.801915,3.08366,-0.735087,1,42.0603,566589,outside_own_roche_hot_not_broken
2000,959,1,belt_rock,6.602452728696196E-07,0.830028,5.68697,-1.1444,1,81.5631,330129,outside_own_roche_hot_not_broken
2000,973,1,belt_rock,6.567553000252864E-07,0.997715,6.84296,-0.990962,1,56.4765,420986,outside_own_roche_hot_not_broken
2000,990,1,belt_rock,1.3741454516244253E-05,0.922977,3.87098,-1.33143,1,107.906,266533,outside_own_roche_hot_not_broken
2000,1086,1,belt_rock,6.620068730487008E-07,0.902847,6.3091,-0.740602,1,42.7747,560171,outside_own_roche_hot_not_broken
2000,1087,1,belt_rock,0.00011050098932837874,0.983876,3.5112,-0.736093,1,42.3419,564562,outside_own_roche_hot_not_broken
2000,1119,1,belt_rock,6.608765001275766E-07,0.752535,5.15506,-0.994328,1,34.9602,499101,outside_own_roche_hot_not_broken
2000,1171,1,belt_rock,3.812154259163373E-05,0.830462,3.00385,-0.737456,1,40.3882,575041,outside_own_roche_hot_not_broken
2000,1176,1,belt_rock,2.870646814965824E-06,0.56865,2.98979,-0.943015,1,80.5962,366260,outside_own_roche_hot_not_broken
2000,1212,1,belt_rock,2.0005788744008962E-06,0.988168,5.51861,-0.807053,1,31.359,595791,outside_own_roche_hot_not_broken
2000,1224,1,belt_rock,2.0804853927468405E-05,0.950167,3.80726,-1.00605,1,49.023,441290,outside_own_roche_hot_not_broken
2000,1300,1,belt_rock,1.66224728314871E-06,0.952975,5.55419,-1.14722,1,64.6323,365388,outside_own_roche_hot_not_broken
2000,1342,1,belt_rock,3.1990054360684496E-06,0.794992,4.11008,-0.994882,1,47.0664,451221,outside_own_roche_hot_not_broken
2000,1347,1,belt_rock,0.00010790258446132883,0.780717,2.78913,-0.74063,1,44.1782,552558,outside_own_roche_hot_not_broken
2000,1352,1,belt_rock,8.990148025323063E-06,0.428877,1.85987,-1.13907,1,88.7361,317746,outside_own_roche_hot_not_broken
2000,1355,1,belt_rock,8.22811858779635E-05,0.804586,1.38463,-0.738603,1,44.851,549843,outside_own_roche_hot_not_broken
2000,1408,1,belt_rock,6.724761594833252E-07,0.968671,6.61319,-1.0044,1,38.5939,480472,outside_own_roche_hot_not_broken
2000,1421,1,belt_rock,1.571658877790296E-05,0.610024,2.44408,-1.47542,1,88.4089,276834,outside_own_roche_hot_not_broken
2000,1459,1,belt_rock,7.682984472032719E-06,0.748099,3.37483,-0.948334,1,71.0371,389032,outside_own_roche_hot_not_broken
2000,1485,1,belt_rock,2.501537933445565E-06,0.448872,2.4139,-1.1797,1,81.9682,324084,outside_own_roche_hot_not_broken
2000,1531,1,belt_rock,3.729638899649471E-05,0.712284,2.71211,-0.946464,1,79.389,368459,outside_own_roche_hot_not_broken
2000,1553,1,belt_rock,4.0531201478537706E-05,0.459815,1.74026,-1.13054,1,89.2108,318114,outside_own_roche_hot_not_broken
2000,1574,1,belt_rock,5.231274063515944E-05,0.506694,1.88437,-1.35032,1,97.6427,277876,outside_own_roche_hot_not_broken
2000,1630,1,belt_rock,9.557036556617762E-05,0.46031,1.65487,-1.32477,1,105.696,269987,outside_own_roche_hot_not_broken
2000,1657,1,belt_rock,9.857023070139824E-05,0.85385,3.06426,-1.34779,1,144.635,226375,outside_own_roche_hot_not_broken
2000,1679,1,belt_rock,9.380250515967634E-05,0.806516,2.90081,-0.995411,1,31.8358,512702,outside_own_roche_hot_not_broken
2000,1717,1,belt_rock,8.76194721247026E-05,0.882062,3.18317,-0.98973,1,33.4577,507389,outside_own_roche_hot_not_broken
2000,1722,1,belt_rock,7.005142127119329E-05,0.666939,2.43621,-1.31475,1,92.6733,288852,outside_own_roche_hot_not_broken
2000,1729,1,belt_rock,1.6974650892955918E-05,0.999215,5.84022,-1.34126,1,69.5228,323204,outside_own_roche_hot_not_broken
2000,1739,1,belt_rock,9.52010787032452E-05,0.892969,3.20871,-0.738952,1,44.3831,552180,outside_own_roche_hot_not_broken
2000,1761,1,belt_rock,6.813887392790074E-05,0.979029,3.58232,-1.14425,1,55.7979,387885,outside_own_roche_hot_not_broken
2000,1800,1,belt_rock,2.4722625895541677E-06,0.81451,4.40953,-1.17195,1,100.44,294293,outside_own_roche_hot_not_broken
2000,1821,1,belt_rock,0.00013105447116016063,0.662917,2.34909,-0.998618,1,45.7345,454931,outside_own_roche_hot_not_broken
2000,1826,1,belt_rock,5.70382678004636E-05,0.788371,3.92403,-0.739268,1,42.232,563760,outside_own_roche_hot_not_broken
2000,1863,1,belt_rock,8.665744045728343E-05,0.659351,2.2319,-1.17399,1,69.2831,350180,outside_own_roche_hot_not_broken
2000,1864,1,belt_rock,3.455384629849253E-06,0.80764,4.12279,-0.947414,1,65.7737,403698,outside_own_roche_hot_not_broken
2000,1867,1,belt_rock,3.8839903155708504E-05,0.870016,3.30246,-0.953667,1,74.5917,378767,outside_own_roche_hot_not_broken
2000,1894,1,belt_rock,1.4398197530175788E-05,0.676371,2.74557,-1.479,1,131.322,228929,outside_own_roche_hot_not_broken
2000,1994,1,belt_rock,1.4268039005855543E-05,0.794447,3.31005,-0.740039,1,46.2743,541825,outside_own_roche_hot_not_broken
2000,1998,1,belt_rock,5.927086706501088E-07,0.448631,1.81503,-1.51416,1,119.484,237516,outside_own_roche_hot_not_broken
