step,live,N,merges_delta,compact_slot,compact_gen,compact_mass_direct,compact_R_direct,compact_dM_direct,rock_deaths_direct,rock_death_mass_direct,puller_deaths_direct,puller_death_mass_direct,puller_merge_events_into_compact_direct,roche_events_direct,roche_source_mass_direct,roche_escaped_direct,reservoir_added_direct,fragments_represented_closure,fragments_alive_end_direct,instep_sources_direct,instep_lost_mass_closure,puller_gain_sum_direct,puller_loss_sum_direct,step_closure_residual,compact_mode,compact_rock_mass_closure,compact_rock_mass_heuristic_est,global_conservation_residual,obs_min_r_Rc_direct,obs_n_lt10Rc,obs_n_lt100Rc,obs_n_lt1000Rc,peri_pass_n_est,peri_pass_min_q_Rc_est,reservoir_map_ok
1,5427,5440,0,5250,1,70.005,0.000237092,0,0,0,0,0,0,16,3.4286062129741704E-08,1.2428504794526736E-14,3.4285869998223956E-08,1.79703012978292E-13,1.6727450818545978E-13,13,-1.6945205560690466E-24,0,0,1.6945205560690466E-24,only_tiny_or_pullers,0,0,-1.6357557880849733E-13,36496,0,0,0,15,478467,1
2,5427,5440,0,5250,1,70.005,0.000237092,0,0,0,0,0,0,0,0,0,0,0,0,0,0,0,0,0,none,0,0,0,34053.8,0,0,0,14,438555,1
3,5427,5440,0,5250,1,70.005,0.000237092,0,0,0,0,0,0,0,0,0,0,0,0,0,0,0,0,0,none,0,0,0,30521.2,0,0,0,12,447814,1
4,5475,5490,0,5250,1,70.005,0.000237092,0,0,0,0,0,0,16,1.4599398988622985E-09,2.5973390201399598E-14,1.4598031056739044E-09,1.1081979819258614E-13,8.484640799123877E-14,15,-5.223205825649363E-26,0,0,5.223205825649363E-26,only_tiny_or_pullers,0,0,-8.044753802636305E-14,17913.4,0,0,0,12,455175,1
5,5497,5512,0,5250,1,70.005,0.000237092,0,0,0,0,0,0,16,1.5263279105530798E-08,1.6498397896758654E-15,1.5263273276096874E-08,4.1795941339152585E-15,2.5297543441696613E-15,15,6.973175414746395E-26,0,0,-6.973175414746395E-26,only_tiny_or_pullers,0,0,-7.267763769658575E-15,18786.8,0,0,0,12,439807,1
6,5497,5512,0,5250,1,70.005,0.000237092,0,0,0,0,0,0,16,1.1047759938903972E-10,8.486777453303375E-15,1.1046006004896951E-10,9.052562616862397E-15,5.657851635535583E-16,15,5.462072907750286E-27,0,0,-5.462072907750286E-27,only_tiny_or_pullers,0,0,7.57312515748978E-15,20319.4,0,0,0,19,458070,1
7,5508,5512,3,5250,1,70.005,0.000237092,0,3,1.6325409807013103E-15,0,0,0,16,9.18766838833492E-09,0,9.187392639918574E-09,2.7574841634012683E-13,9.591249264032284E-14,15,-8.013564619597126E-25,0,0,-1.6325409798999538E-15,only_tiny_or_pullers,0,0,-6.704200667319359E-14,5026.63,0,0,0,16,467651,1
8,5511,5512,0,5250,1,70.005,0.000237092,0,0,0,0,0,0,11,2.76744617583959E-08,7.274115079724982E-15,2.7673942667137335E-08,5.118171434851179E-13,3.726483069084008E-13,4,-7.556656383293116E-25,0,0,7.556656383293116E-25,only_tiny_or_pullers,0,0,2.989681705327574E-14,3660.66,0,0,0,30,2269.47,1
9,5509,5512,2,5250,1,70.005,0.000237092,0,2,1.9120776606964203E-15,0,0,0,10,2.9067020172462176E-08,5.242880902994111E-15,2.906681426843218E-08,2.0066114908659402E-13,9.66676731121326E-14,4,1.0517724677130706E-25,0,0,-1.9120776608015976E-15,only_tiny_or_pullers,0,0,-5.879742234528402E-15,3935.82,0,0,0,15,2053.4,1
10,5506,5512,0,5250,1,70.005,0.000237092,0,0,0,0,0,0,9,1.024076599794964E-08,9.914584438219488E-14,1.0240633653621625E-08,3.319848363301044E-14,0,6,-3.1055876116740793E-25,0,0,3.1055876116740793E-25,only_tiny_or_pullers,0,0,-7.012240581231289E-15,3058.63,0,0,0,10,506594,1
11,5512,5512,0,5250,1,70.005,0.000237092,0,0,0,0,0,0,8,1.9632307157438853E-08,2.544930887536832E-13,1.9630562613059572E-08,1.4900512905288854E-12,1.235558201775046E-12,6,1.5620708100824387E-25,0,0,-1.5620708100824387E-25,only_tiny_or_pullers,0,0,1.3456841854189097E-14,4959.31,0,0,0,14,3459.73,1
12,5509,5512,0,5250,1,70.005,0.000237092,0,0,0,0,0,0,5,2.13161392749905E-08,6.17278189224933E-17,2.131613915153486E-08,6.172781885309398E-17,0,2,-6.939932323162316E-26,0,0,6.939932323162316E-26,only_tiny_or_pullers,0,0,-5.581706495499473E-13,4756.04,0,0,0,39,2277.23,1
13,5512,5512,0,5250,1,70.005,0.000237092,0,0,0,0,0,0,3,2.6822173914392613E-08,0,2.6814993044379037E-08,7.180870013578499E-12,7.180870013578365E-12,0,1.3409373211308847E-25,0,0,-1.3409373211308847E-25,only_tiny_or_pullers,0,0,-8.73021480123931E-15,3638.97,0,0,0,14,3870.11,1
14,5512,5512,0,5250,1,70.005,0.000237092,0,0,0,0,0,0,6,3.2387445195954295E-09,0,3.237498575334073E-09,1.2459442613563528E-12,1.1212865959540294E-12,2,0,0,0,0,none,0,0,-4.135028532266371E-15,2905.49,0,0,0,4,479959,1
15,5512,5512,0,5250,1,70.005,0.000237092,0,0,0,0,0,0,2,2.2053741775822027E-08,0,2.2053498296981245E-08,2.4347884078597117E-13,2.4347884078664815E-13,0,-6.76981496198947E-25,0,0,6.76981496198947E-25,only_tiny_or_pullers,0,0,-2.858822951685908E-16,4300.44,0,0,0,11,501467,1
16,5511,5512,0,5250,1,70.005,0.000237092,0,0,0,0,0,0,5,1.2614218770706938E-09,0,1.2588639361638297E-09,2.5579409068638947E-12,2.5579409068639153E-12,0,0,0,0,0,none,0,0,9.582072375369277E-15,4030.67,0,0,0,29,2279.92,1
17,5509,5512,0,5250,1,70.005,0.000237092,0,0,0,0,0,0,14,2.999837816086985E-08,6.938042986703623E-16,2.999285263374429E-08,5.524833321271207E-12,5.317249344735861E-12,6,1.9504680544898143E-24,0,0,-1.9504680544898143E-24,only_tiny_or_pullers,0,0,-3.662187757898413E-14,4330.99,0,0,0,14,3479.77,1
18,5512,5512,0,5250,1,70.005,0.000237092,0,0,0,0,0,0,1,4.593009588109558E-09,0,4.591315985896309E-09,1.6936022132488368E-12,1.6936022132487334E-12,0,1.0339757656912846E-25,0,0,-1.0339757656912846E-25,only_tiny_or_pullers,0,0,1.620108998519316E-14,2765.7,0,0,0,11,3488.06,1
19,5511,5512,0,5250,1,70.005,0.000237092,0,0,0,0,0,0,5,3.8187688681483015E-08,1.962754832834835E-15,3.818578984769043E-08,1.8968710377506858E-12,1.8949082829164237E-12,2,1.4272698641678196E-24,0,0,-1.4272698641678196E-24,only_tiny_or_pullers,0,0,-1.1153662748553337E-14,4282.33,0,0,0,26,4229.58,1
20,5512,5512,0,5250,1,70.005,0.000237092,0,0,0,0,0,0,5,1.6344523993511118E-08,0,1.6318970639368728E-08,2.5553354142390446E-11,2.5553354142390417E-11,0,0,0,0,0,none,0,0,6.6814400825476886E-15,4342.05,0,0,0,31,2312.65,1
21,5510,5512,0,5250,1,70.005,0.000237092,0,0,0,0,0,0,4,1.4800858730930127E-08,8.116615677993855E-17,1.4800858568597813E-08,8.116615627522876E-17,0,2,-5.047097928717979E-25,0,0,5.047097928717979E-25,only_tiny_or_pullers,0,0,1.187935092376301E-14,3721.82,0,0,0,14,4184.9,1
22,5511,5512,0,5250,1,70.005,0.000237092,0,0,0,0,0,0,11,1.673338486506514E-08,0,1.6723633637892066E-08,9.751227173072353E-12,9.519107364570024E-12,4,0,0,0,0,none,0,0,1.3810933283997798E-15,2963.45,0,0,0,13,3496.51,1
23,5511,5512,0,5250,1,70.005,0.000237092,0,0,0,0,0,0,4,6.847804615418761E-10,0,6.843029709135628E-10,4.774906283132962E-13,1.5916354277110884E-13,2,-3.049420715222343E-26,0,0,3.049420715222343E-26,only_tiny_or_pullers,0,0,-6.5270422745130315E-15,3173.1,0,0,0,12,4144.5,1
24,5512,5512,0,5250,1,70.005,0.000237092,0,0,0,0,0,0,1,3.355359956418599E-10,0,3.167897838704195E-10,1.8746211771440404E-11,1.8746211771440394E-11,0,0,0,0,0,none,0,0,1.4105591364312066E-15,3909.26,0,0,0,24,2470.87,1
25,5511,5512,0,5250,1,70.005,0.000237092,0,0,0,0,0,0,5,1.1741721951802228E-08,0,1.1740972573938709E-08,7.493778635198514E-13,2.4979262117329193E-13,2,-2.473867798773093E-26,0,0,2.473867798773093E-26,only_tiny_or_pullers,0,0,7.0408029590379E-15,3822.53,0,0,0,15,2784.09,1
26,5512,5512,0,5250,1,70.005,0.000237092,0,0,0,0,0,0,3,1.0606392793697585E-08,0,1.026307038872879E-08,3.4332240496879365E-10,3.4332240496879324E-10,0,0,0,0,0,none,0,0,5.324264618694153E-15,3156.08,0,0,0,20,2964.08,1
27,5512,5512,0,5250,1,70.005,0.000237092,0,0,0,0,0,0,12,1.9047307592265054E-08,6.423773212897098E-15,1.900531039881731E-08,4.199076967452968E-11,4.1984345901316844E-11,6,0,0,0,0,none,0,0,3.943573667340266E-15,3158.44,0,0,0,21,3161.47,1
28,5511,5512,0,5250,1,70.005,0.000237092,0,0,0,0,0,0,3,1.2351440733892856E-08,0,1.2238471582589135E-08,1.1296915130372103E-10,1.1296915130372121E-10,0,0,0,0,0,none,0,0,-1.7632711216967086E-15,2943.57,0,0,0,19,2499.28,1
29,5511,5512,0,5250,1,70.005,0.000237092,0,0,0,0,0,0,2,1.3712624329768218E-08,0,1.3561347678271485E-08,1.5127665149673254E-10,1.5127665149673264E-10,0,0,0,0,0,none,0,0,-1.413302692587578E-14,3155.1,0,0,0,22,2206.13,1
30,5512,5512,4,5250,1,70.005,0.000237092,0,0,0,0,0,0,9,5.4160512597019104E-08,0,5.297665172581621E-08,1.183860871202892E-09,1.1838608711972631E-09,0,5.628964068423353E-21,0,0,-5.628964068423353E-21,only_tiny_or_pullers,0,0,6.433014659641479E-15,3419.2,0,0,0,11,2563.61,1
31,5509,5512,0,5250,1,70.005,0.000237092,0,0,0,0,0,0,7,1.4128886829025249E-08,4.094386432072045E-15,1.403894858444035E-08,8.993415019846893E-11,8.993005581203684E-11,2,0,0,0,0,none,0,0,-7.537740137690851E-15,2772.15,0,0,0,24,2806.02,1
32,5511,5512,0,5250,1,70.005,0.000237092,0,0,0,0,0,0,12,1.2369962825175074E-08,0,1.2218054798695023E-08,1.519080264800495E-10,2.13991962346673E-11,8,0,0,0,0,none,0,0,-1.1759794203528453E-14,3168.81,0,0,0,17,3532.15,1
33,5511,5512,0,5250,1,70.005,0.000237092,0,0,0,0,0,0,8,3.58819210219354E-08,0,3.5627973327245026E-08,2.5394769469037695E-10,2.521959636942381E-10,2,0,0,0,0,none,0,0,-3.685819056640222E-15,3574.01,0,0,0,31,2219.63,1
34,5511,5512,0,5250,1,70.005,0.000237092,0,0,0,0,0,0,10,2.816076863730662E-08,8.789925819460214E-15,2.808191741306953E-08,7.884243431127107E-11,7.870079153834214E-11,4,0,0,0,0,none,0,0,-1.6911681782524315E-15,439.173,0,0,2,14,2827.01,1
35,5511,5512,2,5250,1,70.005,0.000237092,0,0,0,0,0,0,16,3.7368507513393783E-08,6.299206709199251E-15,3.694265861357062E-08,4.2584260061644596E-10,4.2580536627407536E-10,6,0,0,0,0,none,0,0,-1.511340895161315E-14,2759.19,0,0,0,11,4291.43,1
36,5511,5512,2,5250,1,70.005,0.000237092,0,0,0,0,0,0,8,1.9908755192501576E-08,0,1.9582633983328952E-08,3.2612120917262187E-10,1.2345982712901825E-10,2,5.044509266866355E-22,0,0,-5.044509266866355E-22,only_tiny_or_pullers,0,0,1.9342361730229223E-14,3245.85,0,0,0,12,2978.43,1
37,5511,5512,0,5250,1,70.005,0.000237092,0,0,0,0,0,0,8,1.70371610489894E-08,7.666081932832958E-17,1.5476259037701508E-08,1.5609019346270721E-09,1.5609018579662523E-09,2,0,0,0,0,none,0,0,-1.5369809553677227E-14,2533.97,0,0,0,29,2285.32,1
38,5511,5512,4,5250,1,70.005,0.000237092,0,0,0,0,0,0,8,1.0005824854873943E-08,1.5482819403449308E-14,9.866943657792383E-09,1.3886571426215742E-10,1.388657142621353E-10,0,2.212708138579349E-23,0,0,-2.212708138579349E-23,only_tiny_or_pullers,0,0,-3.519208499125447E-14,3290.43,0,0,0,26,2255.64,1
39,5511,5512,0,5250,1,70.005,0.000237092,0,0,0,0,0,0,16,4.232252439902513E-08,3.1103437739312275E-14,4.225882280858991E-08,6.367048699748015E-11,6.354900291406794E-11,8,0,0,0,0,none,0,0,6.8237220201233384E-15,2740.02,0,0,0,15,2936.41,1
40,5512,5512,3,5250,1,70.005,0.000237092,0,0,0,0,0,0,12,1.4236968770282933E-08,5.571041764359618E-15,1.4016470073505589E-08,2.2049312573557904E-10,1.3031854408622304E-10,5,3.264287341681528E-20,0,0,-3.264287341681528E-20,only_tiny_or_pullers,0,0,2.5421849313961082E-14,2777.55,0,0,0,14,2840.31,1
41,5512,5512,0,5250,1,70.005,0.000237092,0,0,0,0,0,0,8,4.8618176659787065E-08,0,4.852286487774669E-08,9.531178204037103E-11,9.528664177767581E-11,2,0,0,0,0,none,0,0,-1.3282182257566941E-14,2054.15,0,0,0,15,2304.72,1
42,5511,5512,0,5250,1,70.005,0.000237092,0,0,0,0,0,0,11,2.5169003657717956E-08,3.6185340290427056E-15,2.165270168230234E-08,3.516298356881589E-09,3.5162356782378166E-09,2,0,0,0,0,none,0,0,9.664360385424114E-15,2875.15,0,0,0,37,2215.97,1
43,5509,5512,0,5250,1,70.005,0.000237092,0,0,0,0,0,0,10,3.45959936542926E-08,6.348885629100315E-16,3.071807025988319E-08,3.8779227595208375E-09,3.389281436335882E-09,4,0,0,0,0,none,0,0,-1.31816258942007E-14,2729.73,0,0,0,9,2911.56,1
44,5510,5512,0,5250,1,70.005,0.000237092,0,0,0,0,0,0,9,3.032000589426469E-08,1.5699923232064106E-15,2.882275242358633E-08,1.4972519006860348E-09,1.4972503306937121E-09,2,0,0,0,0,none,0,0,-1.4178597784820261E-14,2775.36,0,0,0,20,2312.35,1
45,5512,5512,2,5250,1,70.005,0.000237092,0,0,0,0,0,0,12,2.8516235035117368E-08,0,2.404969216312311E-08,4.466542871994258E-09,4.4664215601575195E-09,4,5.928131400440331E-21,0,0,-5.928131400440331E-21,only_tiny_or_pullers,0,0,9.029269858327302E-15,2872.62,0,0,0,39,2287.55,1
46,5511,5512,0,5250,1,70.005,0.000237092,0,0,0,0,0,0,3,3.337126232209696E-08,0,3.337058620295751E-08,6.761191394576688E-13,6.761191394583287E-13,0,-6.59866369999272E-25,0,0,6.59866369999272E-25,only_tiny_or_pullers,0,0,3.4614032623886913E-15,2862.43,0,0,0,20,2296.11,1
47,5511,5512,2,5250,1,70.005,0.000237092,0,0,0,0,0,0,6,9.525006669532676E-09,0,7.024543440030246E-09,2.5004632295024314E-09,2.5004632294997853E-09,0,2.6461507795571355E-21,0,0,-2.6461507795571355E-21,only_tiny_or_pullers,0,0,4.267468174056004E-15,2730.58,0,0,0,15,2323.93,1
48,5512,5512,0,5250,1,70.005,0.000237092,0,0,0,0,0,0,9,1.7797094200492706E-08,0,1.5388954045006068E-08,2.408140155486635E-09,2.4081046786898995E-09,2,0,0,0,0,none,0,0,-8.947795612015483E-15,2776.08,0,0,0,20,2302.41,1
49,5511,5512,0,5250,1,70.005,0.000237092,0,0,0,0,0,0,1,8.279004092898851E-10,0,8.279004092898851E-10,0,0,0,0,0,0,0,none,0,0,4.435291646727532E-15,2799.68,0,0,0,27,2270.23,1
50,5510,5512,0,5250,1,70.005,0.000237092,0,0,0,0,0,0,5,2.7263494449714054E-08,2.8855903244482825E-15,2.385166783424865E-08,3.411823729875078E-09,3.4118208442847537E-09,2,0,0,0,0,none,0,0,1.6355873486350946E-15,3028.33,0,0,0,27,2210.81,1
51,5511,5512,0,5250,1,70.005,0.000237092,0,0,0,0,0,0,15,2.0631797085424355E-08,4.0593521927382313E-16,1.4970594246731293E-08,5.661202432757837E-09,2.5498673522780604E-09,8,0,0,0,0,none,0,0,-7.773196210662093E-16,1741.48,0,0,0,21,2269.56,1
52,5511,5512,2,5250,1,70.005,0.000237092,0,0,0,0,0,0,16,5.537227655646144E-08,1.8436049325586287E-13,5.453709791164002E-08,8.349942843281681E-10,8.348117440139445E-10,4,6.043606020949835E-23,0,0,-6.043606020949835E-23,only_tiny_or_pullers,0,0,9.14508246959623E-16,2951.5,0,0,0,28,2163.52,1
53,5511,5512,0,5250,1,70.005,0.000237092,0,0,0,0,0,0,10,1.5491410715768885E-08,1.959533509613366E-17,1.5032378577727196E-08,4.5903211844635375E-10,1.5358029796236572E-10,4,0,0,0,0,none,0,0,-5.628965302576827E-15,2762.25,0,0,0,7,2268.06,1
54,5510,5512,2,5250,1,70.005,0.000237092,0,0,0,0,0,0,7,2.676110390978401E-08,5.041926948556861E-16,2.673290086106895E-08,2.8202544522368927E-11,2.8202040325469074E-11,2,4.204997645281985E-21,0,0,-4.204997645281985E-21,only_tiny_or_pullers,0,0,-4.301642469392975E-15,2814.58,0,0,0,29,2197.51,1
55,5507,5512,1,5250,1,70.005,0.000237092,0,0,0,0,0,0,10,4.4291508779703394E-09,4.085193313688853E-16,4.4291500601230936E-09,4.093279128224286E-16,0,7,8.085814535433367E-19,0,0,-8.085814535433367E-19,only_tiny_or_pullers,0,0,-3.463863443114212E-15,2757.54,0,0,0,27,2197.52,1
56,5512,5512,0,5250,1,70.005,0.000237092,0,0,0,0,0,0,5,2.6332298556265564E-08,0,2.545175494457636E-08,8.80543611689202E-10,8.80543611689201E-10,0,0,0,0,0,none,0,0,1.4673666565955886E-14,2772.01,0,0,0,19,2298.22,1
57,5507,5512,4,5250,1,70.005,0.000237092,0,0,0,0,0,0,7,2.2136412961980727E-08,1.3651479973039228E-14,2.2136385659018527E-08,1.3651482228243961E-14,0,2,2.2552047334536E-21,0,0,-2.2552047334536E-21,only_tiny_or_pullers,0,0,8.812081187409761E-15,2751.68,0,0,0,37,2314.25,1
58,5510,5512,2,5250,1,70.005,0.000237092,0,0,0,0,0,0,3,1.6327211362331044E-08,0,1.6113534137871164E-08,2.136772244598822E-10,2.1367722445988223E-10,0,0,0,0,0,none,0,0,-1.1915149236031497E-14,2803.79,0,0,0,21,2178.94,1
59,5512,5512,0,5250,1,70.005,0.000237092,0,0,0,0,0,0,12,2.1583457796278977E-08,5.109853514316763E-18,2.1274325873332192E-08,3.0913191783693047E-10,3.091053554916424E-10,4,0,0,0,0,none,0,0,2.2670467745272027E-14,2941.78,0,0,0,27,2220.55,1
60,5511,5512,0,5250,1,70.005,0.000237092,0,0,0,0,0,0,5,2.1822630673546634E-08,3.350786798775715E-16,2.1211895876078684E-08,6.107344623892757E-10,6.107341273105958E-10,2,0,0,0,0,none,0,0,7.077092232778439E-15,2756.61,0,0,0,32,2231.27,1
61,5508,5512,0,5250,1,70.005,0.000237092,0,0,0,0,0,0,9,1.829989217481373E-08,1.546635045984198E-14,1.829986124211281E-08,1.5466350460176213E-14,0,6,3.3423405465490093E-25,0,0,-3.3423405465490093E-25,only_tiny_or_pullers,0,0,-9.342490955814248E-15,2954.94,0,0,0,13,2163.95,1
62,5512,5512,0,5250,1,70.005,0.000237092,0,0,0,0,0,0,14,1.8258402414321983E-08,2.3595280250984708E-14,1.8228654967309217E-08,2.972385173251201E-11,2.970025645226017E-11,10,8.549958480711206E-25,0,0,-8.549958480711206E-25,only_tiny_or_pullers,0,0,1.7315467834637593E-14,2781.72,0,0,0,46,2360.81,1
63,5510,5512,1,5250,1,70.005,0.000237092,0,0,0,0,0,0,3,2.019410129211855E-08,5.671693943065363E-20,2.01941012919484E-08,1.134329317606218E-19,0,1,5.671599232996816E-20,0,0,-5.671599232996816E-20,only_tiny_or_pullers,0,0,-6.427357247177429E-15,2845.3,0,0,0,34,2227.71,1
64,5512,5512,2,5250,1,70.005,0.000237092,0,0,0,0,0,0,8,2.6334518021228772E-08,4.712437906038041E-14,2.633441701208279E-08,5.388476692671381E-14,6.760387844829523E-15,2,2.150388127066889E-23,0,0,-2.150388127066889E-23,only_tiny_or_pullers,0,0,2.41406256748682E-15,1273.05,0,0,0,17,2027.6,1
65,5512,5512,0,5250,1,70.005,0.000237092,0,0,0,0,0,0,14,2.9880976744933886E-08,8.557519686628329E-16,2.983103988809494E-08,4.993600108697385E-11,4.881197589130912E-11,4,7.277887760973784E-13,0,0,-7.277887760973784E-13,only_tiny_or_pullers,0,0,-1.0126109799443532E-13,2341.55,0,0,0,20,2236.54,1
66,5511,5512,4,5250,1,70.005,0.000237092,0,0,0,0,0,0,15,2.2567153014871925E-08,7.03891244661688E-15,2.2441355887364126E-08,1.257900885953473E-10,1.2578945177629134E-10,6,3.810036159909077E-24,0,0,-3.810036159909077E-24,only_tiny_or_pullers,0,0,3.590738045601314E-14,2788.45,0,0,0,29,2261.92,1
67,5506,5512,3,5250,1,70.005,0.000237092,0,0,0,0,0,0,16,2.7021695673992356E-08,1.2083198380862426E-13,2.7021315830518364E-08,2.590114901902913E-13,1.3817945399099611E-13,7,5.2390670946744244E-20,0,0,-5.2390670946744244E-20,only_tiny_or_pullers,0,0,8.012315312355321E-15,2791.22,0,0,0,33,2016.66,1
68,5506,5512,0,5250,1,70.005,0.000237092,0,0,0,0,0,0,16,1.2940674050358556E-08,8.611326625848061E-15,1.2863110652367716E-08,7.755478666422169E-11,7.754617533759556E-11,11,0,0,0,0,none,0,0,-2.062288205735192E-14,3051.38,0,0,0,24,2321.17,1
69,5512,5512,0,5250,1,70.005,0.000237092,0,0,0,0,0,0,12,1.6510263786513824E-08,0,1.6336939625641292E-08,1.7332416087253668E-10,5.7982982106405E-11,6,0,0,0,0,none,0,0,-1.0635020835354833E-15,2583.7,0,0,0,49,1958.07,1
70,5511,5512,0,5250,1,70.005,0.000237092,0,0,0,0,0,0,7,7.04479960827411E-09,2.9604835881367016E-15,7.036385976214137E-09,8.410671576385092E-12,8.408524058272051E-12,2,0,0,0,0,none,0,0,1.2122157889448937E-14,469.45,0,0,2,25,2510.04,1
71,5511,5512,0,5250,1,70.005,0.000237092,0,0,0,0,0,0,10,2.672293379643851E-09,4.1360319098309404E-17,2.649690615259983E-09,2.2602723023548753E-11,2.2325111437278856E-11,4,0,0,0,0,none,0,0,-8.470157404086341E-15,2706.37,0,0,0,33,1934.47,1
72,5509,5512,0,5250,1,70.005,0.000237092,0,0,0,0,0,0,6,2.3238013344340668E-08,6.953308252882895E-15,2.3237999437724163E-08,6.953308252345543E-15,0,4,-5.373523271139227E-25,0,0,5.373523271139227E-25,only_tiny_or_pullers,0,0,-9.564907355263565E-15,2958.24,0,0,0,42,1848.62,1
73,5511,5512,0,5250,1,70.005,0.000237092,0,0,0,0,0,0,6,8.627478284097384E-09,1.598800607284159E-15,8.627365795684995E-09,1.108896117805608E-13,1.0929081117258085E-13,4,6.957897151164527E-25,0,0,-6.957897151164527E-25,only_tiny_or_pullers,0,0,1.4340305327854057E-14,2763.96,0,0,0,27,2056.6,1
74,5511,5512,0,5250,1,70.005,0.000237092,0,0,0,0,0,0,10,2.155528841566776E-08,1.3880579313490908E-13,2.154373738441714E-08,1.1412225457481352E-11,1.1412225457481071E-11,0,2.81112161297318E-25,0,0,-2.81112161297318E-25,only_tiny_or_pullers,0,0,-2.1142566120514928E-14,2641.16,0,0,0,30,1975.66,1
75,5512,5512,0,5250,1,70.005,0.000237092,0,0,0,0,0,0,3,8.705018518443537E-09,0,8.703823925216925E-09,1.194593226612158E-12,1.1945932266121578E-12,0,0,0,0,0,none,0,0,2.2618141474318393E-15,2979.52,0,0,0,28,2029.58,1
76,5511,5512,0,5250,1,70.005,0.000237092,0,0,0,0,0,0,1,5.574195302907753E-10,0,5.574195302907753E-10,0,0,0,0,0,0,0,none,0,0,-1.2459130233111727E-15,2772.95,0,0,0,36,2236.95,1
77,5507,5512,0,5250,1,70.005,0.000237092,0,0,0,0,0,0,10,1.7498585520018398E-08,7.586388789731955E-15,1.749857034724082E-08,7.586388790110855E-15,0,6,3.788993591085146E-25,0,0,-3.788993591085146E-25,only_tiny_or_pullers,0,0,-6.524985199269331E-16,2778.66,0,0,0,29,1739.33,1
78,5507,5512,0,5250,1,70.005,0.000237092,0,0,0,0,0,0,16,2.1669763139227023E-08,8.076826742738452E-15,2.166967201467567E-08,8.304772460714901E-14,2.666797797811558E-14,12,8.367605393860316E-26,0,0,-8.367605393860316E-26,only_tiny_or_pullers,0,0,2.4836417580667795E-15,2512.22,0,0,0,30,1957.45,1
79,5511,5512,2,5250,1,70.005,0.000237092,0,0,0,0,0,0,14,9.647421199870757E-09,3.457025960575704E-16,9.64377716433463E-09,3.643689833532079E-12,3.5940458131611625E-12,8,2.0153047216165466E-22,0,0,-2.0153047216165466E-22,only_tiny_or_pullers,0,0,7.283206842920052E-15,2522.32,0,0,0,36,1885.48,1
80,5511,5512,0,5250,1,70.005,0.000237092,0,0,0,0,0,0,6,1.8846684674439233E-08,4.554645892819531E-15,1.882528080507079E-08,2.139931472254656E-11,2.1397712394592264E-11,2,-4.412008323897019E-25,0,0,4.412008323897019E-25,only_tiny_or_pullers,0,0,-4.411767992266198E-15,2778.73,0,0,0,44,1978.51,1
81,5512,5512,0,5250,1,70.005,0.000237092,0,0,0,0,0,0,3,3.2534534373001967E-08,0,3.2533471192368156E-08,1.06318063380739E-12,1.0631806338080533E-12,0,-6.631985184629255E-25,0,0,6.631985184629255E-25,only_tiny_or_pullers,0,0,7.269522315936194E-15,2739.66,0,0,0,46,1910.03,1
82,5509,5512,0,5250,1,70.005,0.000237092,0,0,0,0,0,0,9,2.192792574730083E-08,1.0690002370092365E-14,2.1927886110465868E-08,2.8946832590895366E-14,1.825683022179251E-14,4,-9.895076764639762E-25,0,0,9.895076764639762E-25,only_tiny_or_pullers,0,0,-6.248422347706958E-15,2747.3,0,0,0,32,2270.35,1
83,5507,5512,4,5250,1,70.005,0.000237092,0,0,0,0,0,0,6,1.0194169489547566E-09,7.739661567972962E-19,1.0194169474067878E-09,7.740024634417006E-19,0,4,3.6306644404417873E-23,0,0,-3.6306644404417873E-23,only_tiny_or_pullers,0,0,1.2851857351721325E-15,2612.66,0,0,0,33,1871.5,1
84,5509,5512,3,5250,1,70.005,0.000237092,0,0,0,0,0,0,5,1.3036069335250397E-08,1.1263179475531848E-20,1.2937061344993581E-08,9.900799024555228E-11,9.900799022302645E-11,1,1.1262654664300486E-20,0,0,-1.1262654664300486E-20,only_tiny_or_pullers,0,0,-1.761865474325771E-14,2763.21,0,0,0,38,1786.09,1
85,5511,5512,0,5250,1,70.005,0.000237092,0,0,0,0,0,0,8,2.8388125328459802E-08,0,2.8387276611040188E-08,8.487174196167176E-13,8.082569197843859E-13,4,-7.344421245352455E-25,0,0,7.344421245352455E-25,only_tiny_or_pullers,0,0,8.16111149246945E-17,2738.72,0,0,0,30,1945.12,1
86,5512,5512,0,5250,1,70.005,0.000237092,0,0,0,0,0,0,3,9.973292430066018E-09,0,9.970527381724408E-09,2.7650483416100497E-12,9.216827805366835E-13,2,0,0,0,0,none,0,0,6.972427384078016E-15,2768.74,0,0,0,40,2059.81,1
87,5510,5512,2,5250,1,70.005,0.000237092,0,0,0,0,0,0,12,4.793581317825988E-08,9.095364321897659E-16,4.793532481615254E-08,4.874525709141384E-13,1.6218101136191527E-13,6,3.9620265072219025E-22,0,0,-3.9620265072219025E-22,only_tiny_or_pullers,0,0,-4.646039951227486E-15,2722.17,0,0,0,27,2195.87,1
88,5511,5512,0,5250,1,70.005,0.000237092,0,0,0,0,0,0,7,5.266803316343801E-10,1.2149043245086076E-14,5.262828377470393E-10,3.8534484409564106E-13,1.8659790042525417E-13,4,4.6549104295281465E-26,0,0,-4.6549104295281465E-26,only_tiny_or_pullers,0,0,2.440412220973131E-14,2817.75,0,0,0,34,2092.04,1
89,5511,5512,0,5250,1,70.005,0.000237092,0,0,0,0,0,0,4,5.543183132216522E-10,5.082744030600452E-17,5.543116394402388E-10,6.622953973004292E-15,6.572126532744485E-15,2,-4.619816596304709E-26,0,0,4.619816596304709E-26,only_tiny_or_pullers,0,0,-1.1119608206221596E-14,2575.63,0,0,0,23,2103.11,1
90,5511,5512,0,5250,1,70.005,0.000237092,0,0,0,0,0,0,12,1.7176543323820542E-08,0,1.717579910068161E-08,7.442231389303362E-13,7.442231389303649E-13,0,-2.877764582246251E-26,0,0,2.877764582246251E-26,only_tiny_or_pullers,0,0,-8.34230013816305E-15,2730.11,0,0,0,32,2154.66,1
91,5512,5512,0,5250,1,70.005,0.000237092,0,0,0,0,0,0,7,1.598834259764165E-08,1.7941640514497168E-16,1.5973432198386947E-08,1.491021983829672E-11,1.4910040421891284E-11,2,2.895067999683241E-25,0,0,-2.895067999683241E-25,only_tiny_or_pullers,0,0,-2.306943458688829E-14,2670.37,0,0,0,25,1918.11,1
92,5512,5512,1,5250,1,70.005,0.000237092,0,0,0,0,0,0,11,2.4093070281976082E-08,8.218738686485918E-15,2.4092955667857095E-08,1.0639538029828346E-13,1.0639295209194963E-13,5,7.578206937635107E-20,0,0,-7.578206937635107E-20,only_tiny_or_pullers,0,0,-1.972157469148944E-14,2753.49,0,0,0,42,2007.43,1
93,5512,5512,0,5250,1,70.005,0.000237092,0,0,0,0,0,0,10,1.734640381720728E-08,0,1.734350185113917E-08,2.9019660681114605E-12,2.901966068110763E-12,0,6.975297450581439E-25,0,0,-6.975297450581439E-25,only_tiny_or_pullers,0,0,-7.888336678126318E-15,2983.97,0,0,0,24,2102.51,1
94,5509,5512,0,5250,1,70.005,0.000237092,0,0,0,0,0,0,7,2.6673583604817838E-08,3.0821295130182528E-18,2.6673583598653023E-08,3.082685369965857E-18,5.565188684276438E-22,2,-6.61920823411824E-25,0,0,6.61920823411824E-25,only_tiny_or_pullers,0,0,8.253267002917159E-15,38.8871,0,2,2,28,1938.16,1
95,5512,5512,2,5250,1,70.005,0.000237092,0,2,5.565188684276438E-22,0,0,0,9,6.908846223003572E-10,6.001400544347473E-18,6.851255230789995E-10,5.759093219957226E-12,5.7590872185566955E-12,6,0,0,0,-5.565188684276438E-22,only_tiny_or_pullers,0,5.565188684276438E-22,-8.198448919024199E-15,2648.74,0,0,0,56,2115.59,1
96,5512,5512,2,5250,1,70.005,0.000237092,0,0,0,0,0,0,8,3.0165209948786E-08,0,3.016514278360931E-08,6.716517669591455E-14,2.2461548488692012E-14,2,1.782790809701912E-21,0,0,-1.782790809701912E-21,only_tiny_or_pullers,0,0,3.0641801737519723E-15,811.302,0,0,4,39,1749.34,1
97,5507,5512,0,5250,1,70.005,0.000237092,0,0,0,0,0,0,9,1.5341252151869065E-10,9.774929956352342E-15,1.533930813940544E-10,9.665194679867483E-15,0,4,-8.696402619156434E-27,0,0,8.696402619156434E-27,only_tiny_or_pullers,0,0,-3.3203265958283172E-15,2680.86,0,0,0,39,2071.43,1
98,5510,5512,0,5250,1,70.005,0.000237092,0,0,0,0,0,0,13,8.309514400603093E-09,1.0560794352746434E-16,8.308711590107285E-09,8.027048878651487E-13,2.6753309485732144E-13,8,-1.2965086749488373E-25,0,0,1.2965086749488373E-25,only_tiny_or_pullers,0,0,-5.574040789490353E-15,82.4732,0,2,2,32,1862.24,1
99,5511,5512,2,5250,1,70.005,0.000237092,0,2,2.3251068155052834E-21,0,0,0,9,1.38717148280102E-08,0,1.3868833804450761E-08,2.881023559439082E-12,9.603411864799411E-13,6,-7.427661848071376E-25,0,0,-2.3243640493204763E-21,only_tiny_or_pullers,0,2.3251068155052834E-21,2.01513889543411E-14,2821.35,0,0,0,47,1996.37,1
100,5511,5512,0,5250,1,70.005,0.000237092,0,0,0,0,0,0,2,1.7722900278791466E-10,4.108193131110731E-15,1.7683872572063808E-10,3.861688741454682E-13,3.861688741454652E-13,0,0,0,0,0,none,0,0,-1.1253016919877337E-14,2819.88,0,0,0,60,2044.61,1
101,5510,5512,0,5250,1,70.005,0.000237092,0,0,0,0,0,0,5,9.157477398331423E-10,1.1209060221112881E-13,9.069307761619638E-10,8.704873068967368E-12,8.592782466756248E-12,2,0,0,0,0,none,0,0,6.642856975653778E-15,2945.54,0,0,0,37,1737.52,1
102,5508,5512,0,5250,1,70.005,0.000237092,0,0,0,0,0,0,16,3.493321454656887E-08,2.5391963146193354E-15,3.493271628687746E-08,4.957204950932354E-13,4.952353953437283E-13,8,4.431117493249866E-25,0,0,-4.431117493249866E-25,only_tiny_or_pullers,0,0,-6.3309037658238994E-15,2086.32,0,0,0,50,1953.41,1
103,5508,5512,0,5250,1,70.005,0.000237092,0,0,0,0,0,0,16,4.812776699953722E-08,1.1188443102982636E-14,4.8117058047253174E-08,1.0697763840953538E-11,1.0694278061486676E-11,6,-1.437620113674772E-25,0,0,1.437620113674772E-25,only_tiny_or_pullers,0,0,2.4664724068433798E-14,2575.76,0,0,0,24,2206.42,1
104,5510,5512,0,5250,1,70.005,0.000237092,0,0,0,0,0,0,8,9.7833573441726E-09,2.9523179380833427E-15,9.781026642965245E-09,2.327748889414792E-12,1.863462469014398E-12,4,4.940667403835406E-25,0,0,-4.940667403835406E-25,only_tiny_or_pullers,0,0,-3.2772413358356042E-15,2435.73,0,0,0,46,1891.12,1
105,5511,5512,0,5250,1,70.005,0.000237092,0,0,0,0,0,0,7,1.289188843062728E-08,2.02726264202394E-14,1.288292300885788E-08,8.945149142978492E-12,8.945149142978561E-12,0,0,0,0,0,none,0,0,7.674289632557808E-15,3165.37,0,0,0,25,2001.78,1
106,5512,5512,0,5250,1,70.005,0.000237092,0,0,0,0,0,0,3,1.055134931645326E-10,0,1.0541622009612518E-10,9.72730684074097E-14,3.242435613580229E-14,2,2.7894121608614977E-27,0,0,-2.7894121608614977E-27,only_tiny_or_pullers,0,0,-1.4111035958481499E-14,2609.28,0,0,0,42,1914.5,1
107,5511,5512,0,5250,1,70.005,0.000237092,0,0,0,0,0,0,1,9.916702674601833E-09,0,9.916702674601833E-09,0,0,0,0,0,0,0,none,0,0,-1.2278887206439122E-15,2647.04,0,0,0,47,1809.67,1
108,5512,5512,0,5250,1,70.005,0.000237092,0,0,0,0,0,0,3,2.191428932787593E-08,2.528781239566634E-15,2.174673888916484E-08,1.6754790992984506E-10,1.6754790992984495E-10,0,0,0,0,0,none,0,0,1.2555819605903236E-14,2806.82,0,0,0,49,1932.08,1
109,5512,5512,0,5250,1,70.005,0.000237092,0,0,0,0,0,0,2,1.0239831626214714E-08,0,1.0145777176925961E-08,9.405444928875193E-11,9.40544492887517E-11,0,0,0,0,0,none,0,0,-1.9914428363912717E-14,2859.9,0,0,0,45,2137.25,1
110,5510,5512,1,5250,1,70.005,0.000237092,0,0,0,0,0,0,11,1.2733110587361922E-08,4.257524459740444E-15,1.2732632110576926E-08,4.742192605367515E-13,1.5939269955247215E-13,5,2.3681815915675118E-20,0,0,-2.3681815915675118E-20,only_tiny_or_pullers,0,0,-1.9450480021591108E-14,2762.11,0,0,0,43,1827.01,1
111,5511,5512,4,5250,1,70.005,0.000237092,0,0,0,0,0,0,5,1.499815022849266E-08,0,1.4909562013103347E-08,8.858821538931463E-11,8.85882153893091E-11,0,5.5317703464483726E-24,0,0,-5.5317703464483726E-24,only_tiny_or_pullers,0,0,1.6414973721320512E-14,2486.68,0,0,0,51,2051.38,1
112,5512,5512,0,5250,1,70.005,0.000237092,0,0,0,0,0,0,7,8.588827719436368E-09,4.028057599551706E-17,8.588562298521245E-09,2.653806345477937E-13,8.844678473881724E-14,4,-2.442060927074582E-25,0,0,2.442060927074582E-25,only_tiny_or_pullers,0,0,4.917994046893011E-15,43.3251,0,2,2,54,2171.7,1
113,5510,5512,4,5250,1,70.005,0.000237092,0,2,1.2220474316686885E-22,0,0,0,10,3.235468530193669E-08,2.0273371256929268E-14,3.2350750163803085E-08,3.914864762345116E-12,3.914864017188423E-12,4,3.2000328729959403E-22,0,0,-4.422080304664629E-22,only_tiny_or_pullers,0,1.2220474316686885E-22,-1.2948307571915289E-14,2488.68,0,0,0,41,1816.91,1
114,5511,5512,0,5250,1,70.005,0.000237092,0,0,0,0,0,0,11,1.510737260937692E-08,3.366711675595277E-15,1.4689699180859573E-08,4.1767006180567905E-10,4.1764116228208116E-10,6,0,0,0,0,none,0,0,2.7293595228628797E-14,2981.55,0,0,0,63,2144.32,1
115,5508,5512,0,5250,1,70.005,0.000237092,0,0,0,0,0,0,5,1.0112357474184516E-10,4.1410860745905444E-15,1.011194007628271E-10,3.289294348012683E-17,0,2,3.1047839596268854E-28,0,0,-3.1047839596268854E-28,only_tiny_or_pullers,0,0,-9.003044764489364E-16,2606.33,0,0,0,45,1888.37,1
116,5511,5512,1,5250,1,70.005,0.000237092,0,0,0,0,0,0,16,6.286019415786914E-08,1.5652046179794895E-14,6.277376355192278E-08,8.641495390016778E-11,8.641371117041193E-11,3,1.2117084326595613E-19,0,0,-1.2117084326595613E-19,only_tiny_or_pullers,0,0,1.4025056397095438E-16,2733.01,0,0,0,44,2085.52,1
117,5508,5512,0,5250,1,70.005,0.000237092,0,0,0,0,0,0,5,5.247391710802271E-09,5.9974088917866516E-15,5.247385620620364E-09,9.277301566422993E-17,0,2,4.4268125313786553E-26,0,0,-4.4268125313786553E-26,only_tiny_or_pullers,0,0,5.0927314836923494E-15,2614.51,0,0,0,45,1974.37,1
118,5509,5512,0,5250,1,70.005,0.000237092,0,0,0,0,0,0,15,3.3723072720253635E-08,2.068056253487301E-15,3.34738894507853E-08,2.491812014120737E-10,2.4865659698384596E-10,6,0,0,0,0,none,0,0,-1.8347346915851737E-14,2983.05,0,0,0,39,2252.66,1
119,5511,5512,0,5250,1,70.005,0.000237092,0,0,0,0,0,0,2,3.3587667729884706E-09,0,3.2021537231523292E-09,1.566130498361413E-10,1.5615858465501805E-10,0,4.544651811232358E-13,0,0,-4.544651811232358E-13,only_tiny_or_pullers,0,0,1.4727047394417777E-13,3061.66,0,0,0,75,1737.75,1
120,5512,5512,0,5250,1,70.005,0.000237092,0,0,0,0,0,0,7,8.401952900944402E-09,2.0642640236654642E-17,8.383081589040197E-09,1.8871291261564924E-11,1.88712706189248E-11,2,0,0,0,0,none,0,0,1.314805688331388E-14,2579.2,0,0,0,46,1989.92,1
121,5504,5512,0,5250,1,70.005,0.000237092,0,0,0,0,0,0,16,2.4753500814711858E-08,3.212754284181629E-14,2.4753456740458332E-08,1.194671068854139E-14,0,8,-6.174256532983815E-26,0,0,6.174256532983815E-26,only_tiny_or_pullers,0,0,-1.0564771694653155E-15,2662.13,0,0,0,57,1717.71,1
122,5512,5512,0,5250,1,70.005,0.000237092,0,0,0,0,0,0,6,1.55269048042531E-08,0,1.5490006012554663E-08,3.689879169843846E-11,3.6898791698437934E-11,0,5.234502313812128E-25,0,0,-5.234502313812128E-25,only_tiny_or_pullers,0,0,3.842727896638749E-15,429.182,0,0,2,44,2023.8,1
123,5510,5512,0,5250,1,70.005,0.000237092,0,0,0,0,0,0,10,7.896752496295336E-09,3.025554328072359E-17,7.831156952412176E-09,6.559551362761693E-11,6.559548670485565E-11,4,0,0,0,0,none,0,0,9.696470782414703E-15,2793.87,0,0,0,47,1846.7,1
124,5511,5512,0,5250,1,70.005,0.000237092,0,0,0,0,0,0,7,1.940823677701671E-08,3.185844211110029E-16,1.940800756120584E-08,2.288972264458976E-13,7.61928806750398E-14,4,-3.3281094958188223E-25,0,0,3.3281094958188223E-25,only_tiny_or_pullers,0,0,1.6221563442371772E-14,2624.02,0,0,0,44,2002.56,1
125,5511,5512,0,5250,1,70.005,0.000237092,0,0,0,0,0,0,0,0,0,0,0,0,0,0,0,0,0,none,0,0,0,2743.57,0,0,0,56,1972.21,1
126,5511,5512,0,5250,1,70.005,0.000237092,0,0,0,0,0,0,2,2.8426659200215006E-09,0,2.8331460268289644E-09,9.519893192536155E-12,9.519893192536216E-12,0,0,0,0,0,none,0,0,-1.523432199824375E-14,2447.8,0,0,0,56,2019.79,1
127,5511,5512,1,5250,1,70.005,0.000237092,0,0,0,0,0,0,7,5.149057324874995E-08,4.7797081047032977E-20,4.8451746465775954E-08,3.038826782926203E-09,3.0388267828306092E-09,1,4.779687362327022E-20,0,0,-4.779687362327022E-20,only_tiny_or_pullers,0,0,2.2055453818084164E-14,3141.83,0,0,0,50,2198.76,1
128,5511,5512,0,5250,1,70.005,0.000237092,0,0,0,0,0,0,6,3.975582881811138E-09,0,1.2840843196632134E-09,2.691498562147924E-09,2.691498562147924E-09,0,0,0,0,0,none,0,0,-2.2723257154857426E-14,2995.42,0,0,0,44,1795.92,1
129,5511,5512,0,5250,1,70.005,0.000237092,0,0,0,0,0,0,6,2.900048364355212E-08,0,2.7382099426380218E-08,1.6183842171719052E-09,5.218129688139114E-10,2,0,0,0,0,none,0,0,-7.164784720009619E-16,2751.61,0,0,0,49,2151.21,1
130,5510,5512,0,5250,1,70.005,0.000237092,0,0,0,0,0,0,13,2.8016521422567636E-08,2.2085637162337187E-14,2.7748298575649587E-08,2.68200761280886E-10,2.6820075416272124E-10,4,0,0,0,0,none,0,0,6.79241730366682E-15,2974.13,0,0,0,50,1935.54,1
131,5511,5512,0,5250,1,70.005,0.000237092,0,0,0,0,0,0,13,2.4924590041546938E-08,0,8.037082141483552E-09,1.6887507900063388E-08,4.8213319122328835E-09,6,0,0,0,0,none,0,0,1.9570463337065533E-14,2551.44,0,0,0,56,2109.49,1
132,5509,5512,4,5250,1,70.005,0.000237092,0,0,0,0,0,0,10,2.3306128812257564E-08,0,2.1174126718852644E-08,2.1320020934049166E-09,2.1319328401818978E-09,2,4.920882204352611E-21,0,0,-4.920882204352611E-21,only_tiny_or_pullers,0,0,-1.838508891065382E-14,2900.57,0,0,0,53,2117.41,1
133,5511,5512,0,5250,1,70.005,0.000237092,0,0,0,0,0,0,4,1.9818562708707398E-08,0,1.8754274659908164E-08,1.0642880487992355E-09,1.0642880487992355E-09,0,0,0,0,0,none,0,0,1.074029006687854E-14,2701.97,0,0,0,77,1981.49,1
134,5511,5512,0,5250,1,70.005,0.000237092,0,0,0,0,0,0,0,0,0,0,0,0,0,0,0,0,0,none,0,0,0,2766.04,0,0,0,42,2521.55,1
135,5511,5512,0,5250,1,70.005,0.000237092,0,0,0,0,0,0,4,4.544401338565953E-08,0,3.37373361604885E-08,1.1706677225171027E-08,1.1706677225171025E-08,0,0,0,0,0,none,0,0,1.3891299035496902E-14,2795.57,0,0,0,61,2032.03,1
136,5511,5512,0,5250,1,70.005,0.000237092,0,0,0,0,0,0,6,1.7057370138921074E-08,0,9.167055969822845E-09,7.890314169098227E-09,2.661061979166618E-09,2,0,0,0,0,none,0,0,-1.1135586087731446E-14,2516.15,0,0,0,58,2074.66,1
137,5511,5512,0,5250,1,70.005,0.000237092,0,0,0,0,0,0,10,1.871108575001118E-08,2.0205206090834583E-14,6.335782552505008E-09,1.2375282992300084E-08,7.635603514895236E-09,4,0,0,0,0,none,0,0,6.8697760087938326E-15,2812.82,0,0,0,43,2088.47,1
138,5511,5512,0,5250,1,70.005,0.000237092,0,0,0,0,0,0,10,4.256332039219254E-08,0,1.7542045534656306E-08,2.5021274857536233E-08,9.907653016322527E-09,2,0,0,0,0,none,0,0,-4.05604563029606E-15,2740.39,0,0,0,54,2054.13,1
139,5511,5512,0,5250,1,70.005,0.000237092,0,0,0,0,0,0,10,1.7080177719554907E-08,5.90463587616669E-15,1.427961108619271E-08,2.8005607287263162E-09,2.8005607287263166E-09,0,0,0,0,0,none,0,0,-1.8261194994608794E-14,2843.05,0,0,0,53,2166.77,1
140,5511,5512,0,5250,1,70.005,0.000237092,0,0,0,0,0,0,8,1.8902470202272464E-08,0,1.8890007519770612E-08,1.2462682501851599E-11,1.2381500242600816E-11,2,0,0,0,0,none,0,0,1.5159129057101193E-15,2958.05,0,0,0,66,2324.64,1
141,5512,5512,0,5250,1,70.005,0.000237092,0,0,0,0,0,0,5,1.2426110837640965E-08,0,5.978453962785655E-09,6.44765687485531E-09,2.0098750555248507E-09,2,0,0,0,0,none,0,0,1.8438373748279784E-14,2750.49,0,0,0,51,2087.85,1
142,5512,5512,0,5250,1,70.005,0.000237092,0,0,0,0,0,0,6,1.031699054574647E-08,0,9.426809536515218E-09,8.90181009231253E-10,8.898043355968498E-10,2,0,0,0,0,none,0,0,-3.571378177179064E-15,2985.68,0,0,0,29,2569.12,1
143,5511,5512,0,5250,1,70.005,0.000237092,0,0,0,0,0,0,3,3.663719620128409E-09,0,3.2407709774406395E-09,4.229486426877697E-10,4.229486426877697E-10,0,0,0,0,0,none,0,0,-1.4440361177466533E-14,2816.11,0,0,0,80,2144.74,1
144,5511,5512,0,5250,1,70.005,0.000237092,0,0,0,0,0,0,8,3.074214304768171E-08,1.1274464227604785E-08,1.2324918058322705E-08,7.142760761754213E-09,2.329786672771547E-09,2,0,0,0,0,none,0,0,1.27162895610092E-14,3003.47,0,0,0,46,2232.31,1
145,5511,5512,0,5250,1,70.005,0.000237092,0,0,0,0,0,0,16,3.272404069641741E-08,0,3.0011426305841105E-08,2.7126143905762803E-09,9.808750404322257E-10,5,0,0,0,0,none,0,0,-8.80898840542154E-15,2691.29,0,0,0,71,2045.61,1
146,5511,5512,0,5250,1,70.005,0.000237092,0,0,0,0,0,0,10,2.677927267024625E-08,0,2.6398692525006004E-08,3.8058014524024677E-10,3.805303911218252E-10,2,0,0,0,0,none,0,0,1.1950148723438828E-14,2792.06,0,0,0,60,2086.55,1
147,5512,5512,0,5250,1,70.005,0.000237092,0,0,0,0,0,0,7,5.23469254049287E-08,0,1.3109604549734748E-08,3.923732085519394E-08,2.3171310757604128E-08,2,0,0,0,0,none,0,0,5.809832608454785E-15,2788.28,0,0,0,65,2333.27,1
148,5511,5512,0,5250,1,70.005,0.000237092,0,0,0,0,0,0,15,4.087396372931257E-08,5.90463587616669E-15,2.6365947425417846E-08,1.4508010399258843E-08,6.758048016659347E-09,6,0,0,0,0,none,0,0,3.5360555384305487E-16,2944.31,0,0,0,76,1958.83,1
149,5511,5512,0,5250,1,70.005,0.000237092,0,0,0,0,0,0,6,9.47780202758406E-09,0,7.162890689068194E-09,2.3149113385158663E-09,7.832341847437789E-10,2,0,0,0,0,none,0,0,-5.365001085068656E-15,3204.92,0,0,0,65,2344.25,1
150,5511,5512,0,5250,1,70.005,0.000237092,0,0,0,0,0,0,2,6.731140334713011E-10,0,3.699890267969983E-10,3.031250066743028E-10,3.031250066743028E-10,0,0,0,0,0,none,0,0,9.424286714150373E-15,2701.26,0,0,0,60,1813.92,1
151,5512,5512,0,5250,1,70.005,0.000237092,0,0,0,0,0,0,5,4.045558685949596E-10,2.571579450639929E-10,1.2194446269289632E-10,2.5453460838070478E-11,2.381501317759693E-11,2,0,0,0,0,none,0,0,-1.4774335270995865E-14,2870.43,0,0,0,57,2335.72,1
152,5511,5512,0,5250,1,70.005,0.000237092,0,0,0,0,0,0,3,1.9293574822304628E-08,0,1.081535806388433E-08,8.478216758420299E-09,8.478216758420299E-09,0,0,0,0,0,none,0,0,-1.18690861682266E-14,3074.68,0,0,0,57,1697.57,1
153,5512,5512,0,5250,1,70.005,0.000237092,0,0,0,0,0,0,7,1.2827322951456985E-08,0,6.490341139081095E-09,6.336981812375889E-09,2.086376886101905E-09,4,0,0,0,0,none,0,0,1.6416972896919864E-14,2890.23,0,0,0,66,2224.57,1
154,5512,5512,0,5250,1,70.005,0.000237092,0,0,0,0,0,0,8,1.2880409431355019E-08,9.716746303413443E-10,1.0020422681515811E-08,1.8883121194978666E-09,1.2306082032027104E-09,2,0,0,0,0,none,0,0,1.189648405771047E-15,2681.15,0,0,0,42,2234.09,1
155,5511,5512,0,5250,1,70.005,0.000237092,0,0,0,0,0,0,13,3.758113370940762E-08,1.8442718100658985E-08,1.891390531936223E-08,2.2451028938638567E-10,7.27276097289744E-11,6,0,0,0,0,none,0,0,2.382854525282852E-14,2790.68,0,0,0,60,2266.09,1
156,5510,5512,0,5250,1,70.005,0.000237092,0,0,0,0,0,0,7,1.5496415436486188E-08,1.3645444751104646E-08,7.521511041576367E-10,1.0988195812239075E-09,4.990631819122121E-10,2,0,0,0,0,none,0,0,-3.701752193675992E-15,2788.44,0,0,0,62,2027.91,1
157,5510,5512,0,5250,1,70.005,0.000237092,0,0,0,0,0,0,12,5.37911607296382E-09,4.564776122842036E-09,3.613024126197879E-10,4.530375375019954E-10,1.3776076929242414E-10,6,0,0,0,0,none,0,0,-5.647252303847962E-16,2658.48,0,0,0,59,2452.29,1
158,5509,5512,0,5250,1,70.005,0.000237092,0,0,0,0,0,0,11,3.3468205419892934E-08,2.5685187640213946E-08,7.777564724927292E-09,5.4530547516914216E-12,5.4530547516916825E-12,0,-2.609173221236601E-25,0,0,2.609173221236601E-25,only_tiny_or_pullers,0,0,2.644161360718545E-14,2798.68,0,0,0,64,2403.82,1
159,5511,5512,0,5250,1,70.005,0.000237092,0,0,0,0,0,0,6,1.523846859048475E-08,1.1240001886991583E-08,3.992183568295968E-09,6.283135197196115E-12,6.141625542626208E-12,2,-3.0466439248359653E-25,0,0,3.0466439248359653E-25,only_tiny_or_pullers,0,0,2.503341341129363E-14,2884.6,0,0,0,66,2067.38,1
160,5510,5512,0,5250,1,70.005,0.000237092,0,0,0,0,0,0,3,2.1301132488677387E-08,2.0747330507187417E-08,5.532265236041133E-10,5.754578858566894E-13,5.754578858566883E-13,0,0,0,0,0,none,0,0,-7.836696445440328E-15,2741.79,0,0,0,52,2277.67,1
161,5509,5512,0,5250,1,70.005,0.000237092,0,0,0,0,0,0,1,4.013862447949208E-09,4.013862447949208E-09,0,0,0,0,0,0,0,0,none,0,0,-7.677214301667057E-15,2807.88,0,0,0,51,2330.12,1
162,5507,5512,0,5250,1,70.005,0.000237092,0,0,0,0,0,0,2,2.9459600949879365E-09,2.9459600949879365E-09,0,0,0,0,0,0,0,0,none,0,0,-6.930892301291872E-15,2754.74,0,0,0,74,2061.87,1
163,5511,5512,0,5250,1,70.005,0.000237092,0,0,0,0,0,0,2,8.310556738698108E-09,0,8.309460628470638E-09,1.0961102274707053E-12,1.09611022747077E-12,0,-6.462348535570529E-26,0,0,6.462348535570529E-26,only_tiny_or_pullers,0,0,1.8605124146632812E-14,2553.4,0,0,0,69,2149.77,1
164,5511,5512,0,5250,1,70.005,0.000237092,0,0,0,0,0,0,2,1.7858899253537914E-08,2.1333532443717255E-09,1.5725003821511773E-08,5.421876544161686E-13,5.421876544159643E-13,0,2.0437177243741797E-25,0,0,-2.0437177243741797E-25,only_tiny_or_pullers,0,0,-1.193992411924935E-14,2812.53,0,0,0,59,2299.95,1
165,5508,5512,2,5250,1,70.005,0.000237092,0,2,4.6003535137565494E-11,0,0,0,1,6.7253990820342315E-09,6.7253990820342315E-09,0,0,0,0,0,4.6000536713108886E-11,0,-2.9984244566083615E-15,no_compact_gain,0,0,-1.5987728350579198E-15,2817.9,0,0,0,69,2233.22,1
166,5511,5512,10,5250,1,70.005,0.000237092,0,10,1.3112780609965734E-09,0,0,0,3,2.8159364963018477E-08,9.976154136782653E-09,1.803401375300091E-08,1.4919707323491254E-10,1.4919707323491159E-10,0,0,1.3112924079905497E-09,0,1.4346993976254815E-14,no_compact_gain,0,0,-9.39892291126851E-15,2677.83,0,0,0,67,1820.46,1
167,5509,5512,1,5250,1,70.005,0.000237092,0,1,1.3195665863188149E-10,0,0,0,1,2.868780230389872E-09,2.868780230389872E-09,0,0,0,0,0,1.319548914580082E-10,0,-1.7671738732797247E-15,no_compact_gain,0,0,-7.643532089459049E-15,2932.27,0,0,0,44,2080.23,1
168,5507,5512,2,5250,1,70.005,0.000237092,0,2,9.660646566641259E-11,0,0,0,0,0,0,0,0,0,0,0,9.660539035394322E-11,0,-1.0753124693700347E-15,no_compact_gain,0,0,0,2699.61,0,0,0,55,2254.12,1
169,5512,5512,2,5250,1,70.005,0.000237092,0,2,2.5644555135002054E-09,0,0,0,1,4.175579185848273E-09,0,4.098048704458355E-09,7.753048138991769E-11,7.753048138991807E-11,0,0,2.564462420195923E-09,0,6.906695717824638E-15,no_compact_gain,0,0,-6.524038022874037E-15,2872.81,0,0,0,89,2219.76,1
170,5511,5512,0,5250,1,70.005,0.000237092,0,0,0,0,0,0,1,2.493375540495067E-15,2.493375540495067E-15,0,0,0,0,0,0,0,0,none,0,0,2.4933755496767156E-15,2760.33,0,0,0,53,2329.25,1
171,5506,5512,4,5250,1,70.005,0.000237092,0,4,9.74762223008818E-10,0,0,0,1,5.766575820581094E-09,5.766575820581094E-09,0,0,0,0,0,9.747509466251358E-10,0,-1.1276383682164708E-14,no_compact_gain,0,0,9.92911812225699E-15,2750.7,0,0,0,44,2316.05,1
172,5502,5512,4,5250,1,70.005,0.000237092,0,4,1.4241723621937308E-09,0,0,0,0,0,0,0,0,0,0,0,1.4241692269933992E-09,0,-3.135200331570563E-15,no_compact_gain,0,0,0,3068.66,0,0,0,47,2091.65,1
173,5500,5512,0,5250,1,70.005,0.000237092,0,0,0,0,0,0,2,2.952317938083345E-15,2.952317938083345E-15,0,0,0,0,0,0,0,0,none,0,0,-2.8997124211289197E-13,2810.55,0,0,0,74,2191.85,1
174,5494,5512,4,5250,1,70.005,0.000237092,0,4,2.3703110093911174E-10,0,0,0,2,2.417976264389212E-08,2.417976264389212E-08,0,0,0,0,0,2.370228457948542E-10,0,-8.255144257522593E-15,no_compact_gain,0,0,7.556830644011046E-15,2950.37,0,0,0,67,2273.68,1
175,5502,5512,0,5250,1,70.005,0.000237092,0,0,0,0,0,0,16,5.666251949778008E-11,4.8400751260125544E-14,5.64979434296194E-11,1.1617531690055778E-13,6.777456564043096E-14,10,0,0,0,0,none,0,0,1.5564123700810606E-14,3132.4,0,0,0,74,1987.48,1
176,5506,5512,4,5250,1,70.005,0.000237092,0,4,3.7538720534905796E-10,0,0,0,6,1.3924093635072196E-08,1.1560615400214898E-08,1.5612502604759393E-09,8.02227974381359E-10,8.021057758382044E-10,2,0,3.7539393815677613E-10,0,6.732807718173004E-15,no_compact_gain,0,0,1.7164024197005333E-14,2678.36,0,0,0,72,2267.64,1
177,5504,5512,0,5250,1,70.005,0.000237092,0,0,0,0,0,0,2,6.109927157725461E-14,6.109927157725461E-14,0,0,0,0,0,0,0,0,none,0,0,4.2558527219148E-15,3297.79,0,0,0,59,2055.51,1
178,5501,5512,2,5250,1,70.005,0.000237092,0,2,4.714598708811302E-11,0,0,0,1,7.794742033798236E-09,7.794742033798236E-09,0,0,0,0,0,4.715161594504025E-11,0,5.6288569272276646E-15,no_compact_gain,0,0,2.9573816540204995E-15,2788.38,0,0,0,50,2228.8,1
179,5501,5512,0,5250,1,70.005,0.000237092,0,0,0,0,0,0,0,0,0,0,0,0,0,0,0,0,0,none,0,0,0,2831.78,0,0,0,69,1913.46,1
180,5495,5512,6,5250,1,70.005,0.000237092,0,6,1.3994523439443626E-10,0,0,0,0,0,0,0,0,0,0,0,1.3994849723530933E-10,0,3.2628408730714377E-15,no_compact_gain,0,0,0,2994.4,0,0,0,76,2325.1,1
181,5507,5512,4,5250,1,70.005,0.000237092,0,4,8.758592240038556E-11,0,0,0,2,8.15967860727725E-09,8.159672702641374E-09,0,5.90463587616669E-15,5.9046358761666886E-15,0,0,8.759570846450515E-11,0,9.786064119591216E-15,no_compact_gain,0,0,-1.122861603231138E-15,2667.62,0,0,0,68,2042.4,1
182,5505,5512,2,5250,1,70.005,0.000237092,0,2,4.7343083543262684E-11,0,0,0,0,0,0,0,0,0,0,0,4.7336357056337874E-11,0,-6.72648692481009E-15,no_compact_gain,0,0,0,2665.94,0,0,0,57,2162.08,1
183,5505,5512,0,5250,1,70.005,0.000237092,0,0,0,0,0,0,0,0,0,0,0,0,0,0,0,0,0,none,0,0,0,2991.58,0,0,0,87,2121.41,1
184,5504,5512,1,5250,1,70.005,0.000237092,0,1,2.141773571436406E-09,0,0,0,0,0,0,0,0,0,0,0,2.1417747575469548E-09,0,1.1861105489144838E-15,no_compact_gain,0,0,0,3141.22,0,0,0,89,2048.52,1
185,5498,5512,5,5250,1,70.005,0.000237092,0,5,1.878384592688964E-09,0,0,0,1,1.0988627697352634E-08,1.0988627697352634E-08,0,0,0,0,0,1.878390776255401E-09,0,6.183566437006835E-15,no_compact_gain,0,0,-9.763056068868144E-16,2921.53,0,0,0,54,2218.49,1
186,5495,5512,2,5250,1,70.005,0.000237092,0,2,2.6815307675534495E-08,0,0,0,1,8.295E-06,8.295E-06,0,0,0,0,0,2.6815307307970215E-08,0,-3.675642796194464E-16,no_compact_gain,0,0,1.355321664088787E-14,2702.29,0,0,0,91,1963.14,1
187,5512,5512,0,5250,1,70.005,0.000237092,0,0,0,0,0,0,3,2.2572989362743586E-08,0,5.3467337743987E-09,1.7226255588344886E-08,1.7226255588344886E-08,0,0,0,0,0,none,0,0,-1.504706776284975E-14,2768.21,0,0,0,69,2517.94,1
188,5510,5512,2,5250,1,70.005,0.000237092,0,2,1.2541652761764236E-08,0,0,0,2,1.6204602638576482E-08,0,8.599157526667544E-09,7.605445111908938E-09,7.605445111908938E-09,0,0,1.2541654825781734E-08,0,2.064017498439575E-15,no_compact_gain,0,0,-1.1917577709269777E-15,2816.68,0,0,0,89,1867.89,1
189,5509,5512,0,5250,1,70.005,0.000237092,0,0,0,0,0,0,1,1.244064499044226E-08,1.244064499044226E-08,0,0,0,0,0,0,0,0,none,0,0,8.025403394141054E-15,2914.7,0,0,0,80,2032.83,1
190,5506,5512,3,5250,1,70.005,0.000237092,0,3,2.040505106280838E-09,0,0,0,0,0,0,0,0,0,0,0,2.0405082068464253E-09,0,3.1005655873863853E-15,no_compact_gain,0,0,0,2619.21,0,0,0,101,2020.22,1
191,5506,5512,0,5250,1,70.005,0.000237092,0,0,0,0,0,0,0,0,0,0,0,0,0,0,0,0,0,none,0,0,0,2806.14,0,0,0,51,1990.42,1
192,5511,5512,0,5250,1,70.005,0.000237092,0,0,0,0,0,0,1,1.4245564509562354E-08,0,0,1.4245564509562354E-08,1.4245564509562354E-08,0,0,0,0,0,none,0,0,-2.842170943040401E-14,3067.9,0,0,0,70,2005.32,1
193,5508,5512,3,5250,1,70.005,0.000237092,0,3,1.5668287909322795E-08,0,0,0,0,0,0,0,0,0,0,0,1.566829155308369E-08,0,3.6437608962675635E-15,no_compact_gain,0,0,0,2942.52,0,0,0,82,2409.29,1
194,5512,5512,0,5250,1,70.005,0.000237092,0,0,0,0,0,0,6,1.4245564509562354E-08,0,5.3109923747497225E-09,8.934572134812632E-09,8.934572134812632E-09,0,0,0,0,0,none,0,0,5.490716556881846E-14,3326.97,0,0,0,63,1974.94,1
195,5509,5512,2,5250,1,70.005,0.000237092,0,2,2.011521706887267E-08,0,0,0,1,2.493375540495067E-15,2.493375540495067E-15,0,0,0,0,0,2.011521615941092E-08,0,-9.09461750391335E-16,no_compact_gain,0,0,2.4933753114486992E-15,2708.16,0,0,0,76,2399.87,1
196,5509,5512,0,5250,1,70.005,0.000237092,0,0,0,0,0,0,0,0,0,0,0,0,0,0,0,0,0,none,0,0,0,2907.17,0,0,0,73,2197.26,1
197,5509,5512,0,5250,1,70.005,0.000237092,0,0,0,0,0,0,0,0,0,0,0,0,0,0,0,0,0,none,0,0,0,3452.65,0,0,0,80,2283.21,1
198,5506,5512,3,5250,1,70.005,0.000237092,0,3,1.2230986490289932E-09,0,0,0,0,0,0,0,0,0,0,0,1.223099843628006E-09,0,1.194599012874391E-15,no_compact_gain,0,0,0,2892.29,0,0,0,74,1997.56,1
199,5484,5512,22,5250,1,70.005,0.000237092,0,22,4.745776471576335E-09,0,0,0,0,0,0,0,0,0,0,0,4.74577177556057E-09,0,-4.696015765309494E-15,no_compact_gain,0,0,0,3075.2,0,0,0,50,2339.54,1
200,5375,5512,109,5250,1,70.005,0.000237092,0,109,2.7314478115837763E-09,0,0,0,0,0,0,0,0,0,0,0,2.7314399630995467E-09,0,-7.848484229598617E-15,no_compact_gain,0,1.0585434120218572E-10,-1.4210854715202004E-14,2756.81,0,0,0,84,2439.29,1
201,5511,5512,92,5250,1,120.00500010027156,0.000237092,50.00000010027156,91,2.886394533263787E-09,1,50.00000009738514,50.00000009738514,16,3.245282903042889E-09,4.166429087631847E-12,1.4604620881774956E-09,1.7806543857777616E-09,1.7806543857777616E-09,0,0,50.00000010027156,0,2.842170943040401E-14,only_compact_gained,2.652567810280032E-09,2.886394533263787E-09,3.278365566996399E-13,3834.08,0,0,0,457,1967.59,1
202,5511,5512,0,5250,1,120.00500010027156,8.40193E-05,0,0,0,0,0,0,16,2.3624866793946617E-09,4.2337535067967784E-14,1.4230741617051067E-09,9.393701801544872E-10,9.393701801544872E-10,0,0,0,0,0,none,0,0,-1.1245052677701528E-15,14112.4,0,0,0,109,1102.84,1
203,5511,5512,0,5250,1,120.00500010027156,8.40193E-05,0,0,0,0,0,0,16,4.806682376918333E-09,8.604410356867255E-11,3.883134385348529E-09,8.375038880011325E-10,8.375038880011326E-10,0,0,0,0,0,none,0,0,1.501831876317078E-15,6137.75,0,0,0,58,603.743,1
204,5511,5512,0,5250,1,120.00500010027156,8.40193E-05,0,0,0,0,0,0,16,4.230233432950785E-09,0,4.189567200570176E-09,4.0666232380608634E-11,4.066623238060861E-11,0,0,0,0,0,none,0,0,-5.9322921023277775E-15,4535.62,0,0,0,66,1207.21,1
205,5511,5512,0,5250,1,120.00500010027156,8.40193E-05,0,0,0,0,0,0,16,2.086513032884754E-09,1.4532573298994953E-11,1.9521860384317224E-09,1.1979442115403612E-10,1.1979442115403612E-10,0,0,0,0,0,none,0,0,7.373418425988702E-15,12901.1,0,0,0,22,5445.36,1
206,5511,5512,0,5250,1,120.00500010027156,8.40193E-05,0,0,0,0,0,0,16,7.922454833662435E-09,0,7.007080346011527E-09,9.153744876509095E-10,9.153744876509095E-10,0,0,0,0,0,none,0,0,-7.896960276721741E-15,7358.22,0,0,0,16,4256.51,1
207,5509,5512,0,5250,1,120.00500010027156,8.40193E-05,0,0,0,0,0,0,16,3.625709451662428E-08,1.4491856705305504E-12,1.3067471982141968E-08,2.3188173348811795E-08,7.320517609747956E-09,6,0,0,0,0,none,0,0,8.104960412809626E-15,11687.5,0,0,0,49,18709.5,1
208,5511,5512,0,5250,1,120.00500010027156,8.40193E-05,0,0,0,0,0,0,14,7.0244042866648025E-09,1.5540167229030448E-14,3.512252989167621E-09,3.512135757329952E-09,3.5121202171627227E-09,2,0,0,0,0,none,0,0,-1.0569455211960945E-15,17991.1,0,0,0,10,8947.78,1
209,5511,5512,0,5250,1,120.00500010027156,8.40193E-05,0,0,0,0,0,0,6,3.512029133343166E-09,0,1.918938394194033E-09,1.5930907391491328E-09,1.5930907391491328E-09,0,0,0,0,0,none,0,0,4.049436160657512E-15,11604.8,0,0,0,4,27247.2,1
210,5512,5512,0,5250,1,120.00500010027156,8.40193E-05,0,0,0,0,0,0,5,2.1527140927466752E-08,0,2.0370126733561416E-08,1.1570141939053362E-09,1.1570141939053362E-09,0,0,0,0,0,none,0,0,-1.0843158155211406E-14,10392,0,0,0,1,148226,1
211,5512,5512,0,5250,1,120.00500010027156,8.40193E-05,0,0,0,0,0,0,4,3.822795140273862E-08,0,1.1905568945843644E-08,2.6322382456894977E-08,7.384115096721633E-09,2,0,0,0,0,none,0,0,-9.174582906613424E-16,15935.5,0,0,0,84,9610.48,1
212,5512,5512,0,5250,1,120.00500010027156,8.40193E-05,0,0,0,0,0,0,2,7.384115096721633E-09,0,4.2698419837956456E-09,3.1142731129259875E-09,3.1142731129259875E-09,0,0,0,0,0,none,0,0,5.9435019059237665E-15,13711.3,0,0,0,7,6856.76,1
213,5512,5512,0,5250,1,120.00500010027156,8.40193E-05,0,0,0,0,0,0,4,4.484020633235742E-09,0,2.4966494753993573E-09,1.9873711578363843E-09,6.176236375266299E-10,2,0,0,0,0,none,0,0,1.2539043780893175E-15,11982.1,0,0,0,14,12564.1,1
214,5512,5512,2,5250,1,120.00500010027156,8.40193E-05,0,2,1.594142850637693E-10,0,0,0,4,1.334872168190427E-08,0,8.83722955539729E-09,4.51149212650698E-09,4.51149212650698E-09,0,0,1.5941428504941818E-10,0,-1.435111833870047E-20,no_compact_gain,0,0,-3.612071803869643E-15,12212.4,0,0,0,9,11207.5,1
215,5511,5512,0,5250,1,120.00500010027156,8.40193E-05,0,0,0,0,0,0,7,6.870932658983834E-09,0,6.1322720810026365E-09,7.386605779811982E-10,7.386605779811983E-10,0,0,0,0,0,none,0,0,4.05429866785574E-15,13806.6,0,0,0,8,7641.46,1
216,5512,5512,0,5250,1,120.00500010027156,8.40193E-05,0,0,0,0,0,0,5,2.3761266399431823E-09,0,1.881852690994363E-09,4.942739489488192E-10,4.942739489488192E-10,0,0,0,0,0,none,0,0,-5.533811546958745E-15,10214.7,0,0,0,79,10985.5,1
217,5512,5512,0,5250,1,120.00500010027156,8.40193E-05,0,0,0,0,0,0,0,0,0,0,0,0,0,0,0,0,0,none,0,0,0,11502,0,0,0,11,6430.92,1
218,5512,5512,0,5250,1,120.00500010027156,8.40193E-05,0,0,0,0,0,0,0,0,0,0,0,0,0,0,0,0,0,none,0,0,0,13457.5,0,0,0,13,8914.04,1
219,5511,5512,0,5250,1,120.00500010027156,8.40193E-05,0,0,0,0,0,0,3,8.361794172934887E-09,4.854200819485333E-15,2.6217389031005407E-10,8.099615428424013E-09,8.099615428424013E-09,0,0,0,0,0,none,0,0,2.6858694233489493E-15,11443.7,0,0,0,19,10330.8,1
220,5511,5512,0,5250,1,120.00500010027156,8.40193E-05,0,0,0,0,0,0,0,0,0,0,0,0,0,0,0,0,0,none,0,0,0,11943.3,0,0,0,11,10779.9,1
221,5511,5512,0,5250,1,120.00500010027156,8.40193E-05,0,0,0,0,0,0,2,1.5872033330061395E-08,0,6.074738664917352E-09,9.797294665144045E-09,9.797294665144045E-09,0,0,0,0,0,none,0,0,-3.821899478888497E-15,13040.5,0,0,0,112,9538.58,1
222,5511,5512,0,5250,1,120.00500010027156,8.40193E-05,0,0,0,0,0,0,4,1.789691009356806E-08,0,9.353250116005869E-09,8.543659977562188E-09,8.543659977562188E-09,0,0,0,0,0,none,0,0,6.602973074513863E-15,14270.6,0,0,0,8,32509.4,1
223,5509,5512,0,5250,1,120.00500010027156,8.40193E-05,0,0,0,0,0,0,4,4.4986558863021395E-09,1.1553227242643181E-14,2.3541502141420454E-09,2.144494118932851E-09,2.144494118932851E-09,0,0,0,0,0,none,0,0,-8.424750461733585E-15,12161,0,0,0,9,10573,1
224,5509,5512,0,5250,1,120.00500010027156,8.40193E-05,0,0,0,0,0,0,0,0,0,0,0,0,0,0,0,0,0,none,0,0,0,12607.2,0,0,0,59,11351.1,1
225,5511,5512,0,5250,1,120.00500010027156,8.40193E-05,0,0,0,0,0,0,4,6.189509763420143E-09,0,3.1312139887250555E-09,3.0582957746950876E-09,3.0582957746950876E-09,0,0,0,0,0,none,0,0,8.471632161239405E-15,12878.7,0,0,0,7,27974.9,1
226,5511,5512,0,5250,1,120.00500010027156,8.40193E-05,0,0,0,0,0,0,0,0,0,0,0,0,0,0,0,0,0,none,0,0,0,10241.4,0,0,0,80,10417.9,1
227,5512,5512,0,5250,1,120.00500010027156,8.40193E-05,0,0,0,0,0,0,1,1.2626620947060513E-08,0,2.5428561464783857E-10,1.2372335332412674E-08,1.2372335332412674E-08,0,0,0,0,0,none,0,0,-3.419625986082276E-15,12243.7,0,0,0,7,10806.7,1
228,5511,5512,0,5250,1,120.00500010027156,8.40193E-05,0,0,0,0,0,0,1,3.6580193767901706E-09,0,3.6580193767901706E-09,0,0,0,0,0,0,0,none,0,0,3.2645500228112113E-15,11370,0,0,0,8,8884,1
229,5511,5512,0,5250,1,120.00500010027156,8.40193E-05,0,0,0,0,0,0,2,1.2372335332412674E-08,0,6.2983171947730455E-09,6.074018137639629E-09,6.074018137639629E-09,0,0,0,0,0,none,0,0,-4.669278058598669E-15,11289.6,0,0,0,13,10309.9,1
230,5511,5512,0,5250,1,120.00500010027156,8.40193E-05,0,0,0,0,0,0,2,1.986048715228662E-09,0,9.963346313808576E-10,9.897140838478044E-10,9.897140838478044E-10,0,0,0,0,0,none,0,0,-2.6035566700472447E-15,11961.5,0,0,0,13,10238,1
231,5511,5512,0,5250,1,120.00500010027156,8.40193E-05,0,0,0,0,0,0,0,0,0,0,0,0,0,0,0,0,0,none,0,0,0,12335.7,0,0,0,15,9468.39,1
232,5512,5512,0,5250,1,120.00500010027156,8.40193E-05,0,0,0,0,0,0,1,4.371157605959198E-09,0,5.5668595927397806E-11,4.3154890100318004E-09,4.3154890100318004E-09,0,0,0,0,0,none,0,0,4.6780079515571665E-15,14094.4,0,0,0,18,10220.8,1
233,5512,5512,0,5250,1,120.00500010027156,8.40193E-05,0,0,0,0,0,0,0,0,0,0,0,0,0,0,0,0,0,none,0,0,0,11715.6,0,0,0,11,18696.7,1
234,5512,5512,0,5250,1,120.00500010027156,8.40193E-05,0,0,0,0,0,0,2,6.074018137639629E-09,0,3.0440294905189E-09,3.029988647120729E-09,3.029988647120729E-09,0,0,0,0,0,none,0,0,7.567103770201666E-15,14792.5,0,0,0,18,11136.4,1
235,5511,5512,0,5250,1,120.00500010027156,8.40193E-05,0,0,0,0,0,0,1,1.9855091297622983E-08,0,1.9855091297622983E-08,0,0,0,0,0,0,0,none,0,0,-2.271653522029523E-15,16636.5,0,0,0,58,10128.3,1
236,5512,5512,0,5250,1,120.00500010027156,8.40193E-05,0,0,0,0,0,0,5,1.860661067086336E-08,0,6.239507377531573E-09,1.2367103293331785E-08,5.428678023812019E-09,2,0,0,0,0,none,0,0,-9.969708025461839E-15,10281.3,0,0,0,10,12353.3,1
237,5512,5512,0,5250,1,120.00500010027156,8.40193E-05,0,0,0,0,0,0,2,3.2983168670882487E-09,0,1.6649273831540786E-09,1.63338948393417E-09,1.63338948393417E-09,0,0,0,0,0,none,0,0,1.206643044227482E-14,16863.7,0,0,0,69,37247,1
238,5512,5512,0,5250,1,120.00500010027156,8.40193E-05,0,0,0,0,0,0,0,0,0,0,0,0,0,0,0,0,0,none,0,0,0,17849.5,0,0,0,123,8858.71,1
239,5512,5512,0,5250,1,120.00500010027156,8.40193E-05,0,0,0,0,0,0,0,0,0,0,0,0,0,0,0,0,0,none,0,0,0,11145.4,0,0,0,13,32541.7,1
240,5512,5512,0,5250,1,120.00500010027156,8.40193E-05,0,0,0,0,0,0,0,0,0,0,0,0,0,0,0,0,0,none,0,0,0,15441.2,0,0,0,14,18871.5,1
241,5512,5512,0,5250,1,120.00500010027156,8.40193E-05,0,0,0,0,0,0,0,0,0,0,0,0,0,0,0,0,0,none,0,0,0,16775.7,0,0,0,22,9404,1
242,5511,5512,0,5250,1,120.00500010027156,8.40193E-05,0,0,0,0,0,0,1,1.6634243111592782E-14,1.6634243111592782E-14,0,0,0,0,0,0,0,0,none,0,0,-1.1787466348053138E-14,11021.1,0,0,0,13,12291.9,1
243,5510,5512,0,5250,1,120.00500010027156,8.40193E-05,0,0,0,0,0,0,1,1.6634243111592782E-14,1.6634243111592782E-14,0,0,0,0,0,0,0,0,none,0,0,2.4233883671488654E-15,12557.9,0,0,0,72,17483.6,1
244,5510,5512,0,5250,1,120.00500010027156,8.40193E-05,0,0,0,0,0,0,0,0,0,0,0,0,0,0,0,0,0,none,0,0,0,14339.4,0,0,0,18,9842.81,1
245,5510,5512,0,5250,1,120.00500010027156,8.40193E-05,0,0,0,0,0,0,0,0,0,0,0,0,0,0,0,0,0,none,0,0,0,10920.9,0,0,0,2,57925.8,1
246,5510,5512,0,5250,1,120.00500010027156,8.40193E-05,0,0,0,0,0,0,0,0,0,0,0,0,0,0,0,0,0,none,0,0,0,10336.2,0,0,0,12,11395.7,1
247,5511,5512,0,5250,1,120.00500010027156,8.40193E-05,0,0,0,0,0,0,1,5.687820721931481E-09,0,1.6045544800148437E-10,5.527365273929996E-09,5.527365273929996E-09,0,0,0,0,0,none,0,0,6.874121385420559E-16,12002.7,0,0,0,25,9787.98,1
248,5511,5512,0,5250,1,120.00500010027156,8.40193E-05,0,0,0,0,0,0,0,0,0,0,0,0,0,0,0,0,0,none,0,0,0,10886.8,0,0,0,77,8837.79,1
249,5511,5512,0,5250,1,120.00500010027156,8.40193E-05,0,0,0,0,0,0,0,0,0,0,0,0,0,0,0,0,0,none,0,0,0,11011.2,0,0,0,15,10519.7,1
250,5511,5512,0,5250,1,120.00500010027156,8.40193E-05,0,0,0,0,0,0,0,0,0,0,0,0,0,0,0,0,0,none,0,0,0,11471.8,0,0,0,16,9740.92,1
251,5511,5512,0,5250,1,120.00500010027156,8.40193E-05,0,0,0,0,0,0,0,0,0,0,0,0,0,0,0,0,0,none,0,0,0,10890,0,0,0,11,9348.41,1
252,5512,5512,0,5250,1,120.00500010027156,8.40193E-05,0,0,0,0,0,0,1,5.878910903354726E-09,0,8.21029140104395E-12,5.870700611953682E-09,5.870700611953682E-09,0,0,0,0,0,none,0,0,-3.5826243428076E-15,13744.7,0,0,0,45,19647.1,1
253,5512,5512,0,5250,1,120.00500010027156,8.40193E-05,0,0,0,0,0,0,0,0,0,0,0,0,0,0,0,0,0,none,0,0,0,12769.2,0,0,0,88,9689.05,1
254,5511,5512,0,5250,1,120.00500010027156,8.40193E-05,0,0,0,0,0,0,1,7.246984378154276E-09,0,7.246984378154276E-09,0,0,0,0,0,0,0,none,0,0,2.6967351471070765E-15,10934.1,0,0,0,17,10739.7,1
255,5511,5512,0,5250,1,120.00500010027156,8.40193E-05,0,0,0,0,0,0,0,0,0,0,0,0,0,0,0,0,0,none,0,0,0,13799.8,0,0,0,51,13792.3,1
256,5511,5512,0,5250,1,120.00500010027156,8.40193E-05,0,0,0,0,0,0,0,0,0,0,0,0,0,0,0,0,0,none,0,0,0,10408.6,0,0,0,13,9627.15,1
257,5511,5512,0,5250,1,120.00500010027156,8.40193E-05,0,0,0,0,0,0,0,0,0,0,0,0,0,0,0,0,0,none,0,0,0,11051.8,0,0,0,20,11144.4,1
258,5511,5512,0,5250,1,120.00500010027156,8.40193E-05,0,0,0,0,0,0,0,0,0,0,0,0,0,0,0,0,0,none,0,0,0,11680.2,0,0,0,14,8820,1
259,5511,5512,0,5250,1,120.00500010027156,8.40193E-05,0,0,0,0,0,0,0,0,0,0,0,0,0,0,0,0,0,none,0,0,0,10884.2,0,0,0,12,17007.4,1
260,5511,5512,0,5250,1,120.00500010027156,8.40193E-05,0,0,0,0,0,0,0,0,0,0,0,0,0,0,0,0,0,none,0,0,0,11261.6,0,0,0,11,10407.2,1
261,5511,5512,0,5250,1,120.00500010027156,8.40193E-05,0,0,0,0,0,0,0,0,0,0,0,0,0,0,0,0,0,none,0,0,0,11700.2,0,0,0,17,9301.82,1
262,5511,5512,0,5250,1,120.00500010027156,8.40193E-05,0,0,0,0,0,0,0,0,0,0,0,0,0,0,0,0,0,none,0,0,0,13574.2,0,0,0,6,28493.4,1
263,5511,5512,0,5250,1,120.00500010027156,8.40193E-05,0,0,0,0,0,0,0,0,0,0,0,0,0,0,0,0,0,none,0,0,0,11515.6,0,0,0,7,19847.5,1
264,5511,5512,0,5250,1,120.00500010027156,8.40193E-05,0,0,0,0,0,0,0,0,0,0,0,0,0,0,0,0,0,none,0,0,0,13838.3,0,0,0,11,10573,1
265,5511,5512,0,5250,1,120.00500010027156,8.40193E-05,0,0,0,0,0,0,0,0,0,0,0,0,0,0,0,0,0,none,0,0,0,16233.3,0,0,0,75,12439.2,1
266,5511,5512,0,5250,1,120.00500010027156,8.40193E-05,0,0,0,0,0,0,0,0,0,0,0,0,0,0,0,0,0,none,0,0,0,10499.7,0,0,0,51,19239.6,1
267,5511,5512,0,5250,1,120.00500010027156,8.40193E-05,0,0,0,0,0,0,2,2.9453284580920124E-10,0,1.472664229046007E-10,1.4726642290460054E-10,1.4726642290460054E-10,0,0,0,0,0,none,0,0,-6.645090376645958E-16,16342.2,0,0,0,5,12927.7,1
268,5511,5512,0,5250,1,120.00500010027156,8.40193E-05,0,0,0,0,0,0,0,0,0,0,0,0,0,0,0,0,0,none,0,0,0,16204.2,0,0,0,18,8803.81,1
269,5511,5512,0,5250,1,120.00500010027156,8.40193E-05,0,0,0,0,0,0,0,0,0,0,0,0,0,0,0,0,0,none,0,0,0,10761.6,0,0,0,45,20065,1
270,5512,5512,0,5250,1,120.00500010027156,8.40193E-05,0,0,0,0,0,0,1,6.477604276292504E-09,0,2.445400310703436E-10,6.23306424522216E-09,6.23306424522216E-09,0,0,0,0,0,none,0,0,-3.5686885249710925E-16,15921.5,0,0,0,76,17488.7,1
271,5511,5512,0,5250,1,120.00500010027156,8.40193E-05,0,0,0,0,0,0,1,1.2028905089137315E-08,0,1.2028905089137315E-08,0,0,0,0,0,0,0,none,0,0,-7.822378583174373E-16,15937.3,0,0,0,14,9262.43,1
272,5511,5512,0,5250,1,120.00500010027156,8.40193E-05,0,0,0,0,0,0,0,0,0,0,0,0,0,0,0,0,0,none,0,0,0,12029.1,0,0,0,12,35489,1
273,5511,5512,0,5250,1,120.00500010027156,8.40193E-05,0,0,0,0,0,0,0,0,0,0,0,0,0,0,0,0,0,none,0,0,0,13168.5,0,0,0,14,12695.3,1
274,5511,5512,0,5250,1,120.00500010027156,8.40193E-05,0,0,0,0,0,0,0,0,0,0,0,0,0,0,0,0,0,none,0,0,0,15293.5,0,0,0,76,10432.6,1
275,5511,5512,0,5250,1,120.00500010027156,8.40193E-05,0,0,0,0,0,0,0,0,0,0,0,0,0,0,0,0,0,none,0,0,0,12688.3,0,0,0,72,18021.3,1
276,5511,5512,0,5250,1,120.00500010027156,8.40193E-05,0,0,0,0,0,0,0,0,0,0,0,0,0,0,0,0,0,none,0,0,0,10606.5,0,0,0,19,11988.4,1
277,5511,5512,0,5250,1,120.00500010027156,8.40193E-05,0,0,0,0,0,0,0,0,0,0,0,0,0,0,0,0,0,none,0,0,0,12761.4,0,0,0,10,17072.1,1
278,5511,5512,0,5250,1,120.00500010027156,8.40193E-05,0,0,0,0,0,0,0,0,0,0,0,0,0,0,0,0,0,none,0,0,0,13126,0,0,0,13,8787.78,1
279,5511,5512,0,5250,1,120.00500010027156,8.40193E-05,0,0,0,0,0,0,0,0,0,0,0,0,0,0,0,0,0,none,0,0,0,10642.9,0,0,0,17,10767.8,1
280,5511,5512,0,5250,1,120.00500010027156,8.40193E-05,0,0,0,0,0,0,0,0,0,0,0,0,0,0,0,0,0,none,0,0,0,11356.4,0,0,0,78,18697.3,1
281,5511,5512,0,5250,1,120.00500010027156,8.40193E-05,0,0,0,0,0,0,0,0,0,0,0,0,0,0,0,0,0,none,0,0,0,13530.8,0,0,0,13,9227.68,1
282,5512,5512,0,5250,1,120.00500010027156,8.40193E-05,0,0,0,0,0,0,1,8.020446765666271E-11,0,1.0740899824822697E-11,6.946356783184001E-11,6.946356783184001E-11,0,0,0,0,0,none,0,0,-2.506339870017517E-15,13227.1,0,0,0,18,10217,1
283,5512,5512,0,5250,1,120.00500010027156,8.40193E-05,0,0,0,0,0,0,2,6.946356783184001E-11,0,3.666283725000996E-11,3.2800730581830055E-11,3.2800730581830055E-11,0,0,0,0,0,none,0,0,-1.167915211210565E-15,12439.3,0,0,0,61,19588,1
284,5512,5512,0,5250,1,120.00500010027156,8.40193E-05,0,0,0,0,0,0,2,3.2800730581830055E-11,0,1.646353004226883E-11,1.6337200539561226E-11,1.6337200539561226E-11,0,0,0,0,0,none,0,0,7.360282064908251E-15,13868.3,0,0,0,21,10314.8,1
285,5511,5512,0,5250,1,120.00500010027156,8.40193E-05,0,0,0,0,0,0,1,1.1045351317668119E-11,0,1.1045351317668119E-11,0,0,0,0,0,0,0,none,0,0,3.517203956162096E-15,14752.9,0,0,0,12,11383.3,1
286,5511,5512,0,5250,1,120.00500010027156,8.40193E-05,0,0,0,0,0,0,0,0,0,0,0,0,0,0,0,0,0,none,0,0,0,10723.1,0,0,0,49,17108.3,1
287,5511,5512,0,5250,1,120.00500010027156,8.40193E-05,0,0,0,0,0,0,0,0,0,0,0,0,0,0,0,0,0,none,0,0,0,14177.8,0,0,0,12,11626.2,1
288,5511,5512,0,5250,1,120.00500010027156,8.40193E-05,0,0,0,0,0,0,0,0,0,0,0,0,0,0,0,0,0,none,0,0,0,12304.6,0,0,0,15,8771.03,1
289,5511,5512,0,5250,1,120.00500010027156,8.40193E-05,0,0,0,0,0,0,0,0,0,0,0,0,0,0,0,0,0,none,0,0,0,10532.2,0,0,0,5,24265.6,1
290,5511,5512,0,5250,1,120.00500010027156,8.40193E-05,0,0,0,0,0,0,0,0,0,0,0,0,0,0,0,0,0,none,0,0,0,14519.4,0,0,0,29,10618.6,1
291,5511,5512,0,5250,1,120.00500010027156,8.40193E-05,0,0,0,0,0,0,0,0,0,0,0,0,0,0,0,0,0,none,0,0,0,11375.3,0,0,0,15,9195.19,1
292,5511,5512,0,5250,1,120.00500010027156,8.40193E-05,0,0,0,0,0,0,0,0,0,0,0,0,0,0,0,0,0,none,0,0,0,13038.3,0,0,0,77,17066.6,1
293,5511,5512,0,5250,1,120.00500010027156,8.40193E-05,0,0,0,0,0,0,0,0,0,0,0,0,0,0,0,0,0,none,0,0,0,13519.8,0,0,0,13,24644,1
294,5511,5512,0,5250,1,120.00500010027156,8.40193E-05,0,0,0,0,0,0,0,0,0,0,0,0,0,0,0,0,0,none,0,0,0,12913.9,0,0,0,12,10213,1
295,5511,5512,0,5250,1,120.00500010027156,8.40193E-05,0,0,0,0,0,0,0,0,0,0,0,0,0,0,0,0,0,none,0,0,0,12968.2,0,0,0,9,17147.6,1
296,5511,5512,0,5250,1,120.00500010027156,8.40193E-05,0,0,0,0,0,0,0,0,0,0,0,0,0,0,0,0,0,none,0,0,0,10844.4,0,0,0,11,22362.3,1
297,5511,5512,0,5250,1,120.00500010027156,8.40193E-05,0,0,0,0,0,0,0,0,0,0,0,0,0,0,0,0,0,none,0,0,0,13097,0,0,0,120,10543.6,1
298,5511,5512,0,5250,1,120.00500010027156,8.40193E-05,0,0,0,0,0,0,0,0,0,0,0,0,0,0,0,0,0,none,0,0,0,12541.5,0,0,0,15,8753.49,1
299,5511,5512,0,5250,1,120.00500010027156,8.40193E-05,0,0,0,0,0,0,0,0,0,0,0,0,0,0,0,0,0,none,0,0,0,10435.5,0,0,0,6,19037.5,1
300,5511,5512,0,5250,1,120.00500010027156,8.40193E-05,0,0,0,0,0,0,0,0,0,0,0,0,0,0,0,0,0,none,0,0,0,16324.2,0,0,0,57,10397.8,1
301,5511,5512,0,5250,1,120.00500010027156,8.40193E-05,0,0,0,0,0,0,0,0,0,0,0,0,0,0,0,0,0,none,0,0,0,12192.9,0,0,0,13,9163.19,1
302,5511,5512,0,5250,1,120.00500010027156,8.40193E-05,0,0,0,0,0,0,0,0,0,0,0,0,0,0,0,0,0,none,0,0,0,11515.7,0,0,0,70,18027.7,1
303,5511,5512,0,5250,1,120.00500010027156,8.40193E-05,0,0,0,0,0,0,0,0,0,0,0,0,0,0,0,0,0,none,0,0,0,13689.5,0,0,0,12,10294.8,1
304,5511,5512,0,5250,1,120.00500010027156,8.40193E-05,0,0,0,0,0,0,0,0,0,0,0,0,0,0,0,0,0,none,0,0,0,11920.1,0,0,0,13,10120.8,1
305,5511,5512,0,5250,1,120.00500010027156,8.40193E-05,0,0,0,0,0,0,0,0,0,0,0,0,0,0,0,0,0,none,0,0,0,13430.8,0,0,0,7,34305.8,1
306,5511,5512,0,5250,1,120.00500010027156,8.40193E-05,0,0,0,0,0,0,0,0,0,0,0,0,0,0,0,0,0,none,0,0,0,10969.6,0,0,0,17,10206.3,1
307,5511,5512,0,5250,1,120.00500010027156,8.40193E-05,0,0,0,0,0,0,0,0,0,0,0,0,0,0,0,0,0,none,0,0,0,11675.6,0,0,0,75,18673.1,1
308,5511,5512,0,5250,1,120.00500010027156,8.40193E-05,0,0,0,0,0,0,0,0,0,0,0,0,0,0,0,0,0,none,0,0,0,15970.4,0,0,0,11,8735.43,1
309,5511,5512,0,5250,1,120.00500010027156,8.40193E-05,0,0,0,0,0,0,0,0,0,0,0,0,0,0,0,0,0,none,0,0,0,10357.1,0,0,0,23,10112,1
310,5511,5512,0,5250,1,120.00500010027156,8.40193E-05,0,0,0,0,0,0,0,0,0,0,0,0,0,0,0,0,0,none,0,0,0,11423.4,0,0,0,13,13171.6,1
311,5511,5512,0,5250,1,120.00500010027156,8.40193E-05,0,0,0,0,0,0,0,0,0,0,0,0,0,0,0,0,0,none,0,0,0,16919.6,0,0,0,73,9131.06,1
312,5511,5512,0,5250,1,120.00500010027156,8.40193E-05,0,0,0,0,0,0,0,0,0,0,0,0,0,0,0,0,0,none,0,0,0,12624.4,0,0,0,16,10006.4,1
313,5511,5512,0,5250,1,120.00500010027156,8.40193E-05,0,0,0,0,0,0,0,0,0,0,0,0,0,0,0,0,0,none,0,0,0,11177.3,0,0,0,8,17236.2,1
314,5511,5512,0,5250,1,120.00500010027156,8.40193E-05,0,0,0,0,0,0,0,0,0,0,0,0,0,0,0,0,0,none,0,0,0,17265.9,0,0,0,51,10033.9,1
315,5511,5512,0,5250,1,120.00500010027156,8.40193E-05,0,0,0,0,0,0,0,0,0,0,0,0,0,0,0,0,0,none,0,0,0,15499,0,0,0,18,9906.35,1
316,5511,5512,0,5250,1,120.00500010027156,8.40193E-05,0,0,0,0,0,0,0,0,0,0,0,0,0,0,0,0,0,none,0,0,0,10998.6,0,0,0,14,12777.9,1
317,5511,5512,0,5250,1,120.00500010027156,8.40193E-05,0,0,0,0,0,0,0,0,0,0,0,0,0,0,0,0,0,none,0,0,0,17544.3,0,0,0,47,12321.7,1
318,5511,5512,0,5250,1,120.00500010027156,8.40193E-05,0,0,0,0,0,0,0,0,0,0,0,0,0,0,0,0,0,none,0,0,0,13144.2,0,0,0,11,9832.62,1
319,5511,5512,0,5250,1,120.00500010027156,8.40193E-05,0,0,0,0,0,0,0,0,0,0,0,0,0,0,0,0,0,none,0,0,0,10296.9,0,0,0,75,17070.7,1
320,5511,5512,0,5250,1,120.00500010027156,8.40193E-05,0,0,0,0,0,0,0,0,0,0,0,0,0,0,0,0,0,none,0,0,0,16593.2,0,0,0,10,10896.7,1
321,5511,5512,0,5250,1,120.00500010027156,8.40193E-05,0,0,0,0,0,0,0,0,0,0,0,0,0,0,0,0,0,none,0,0,0,11424,0,0,0,12,9099.07,1
322,5511,5512,0,5250,1,120.00500010027156,8.40193E-05,0,0,0,0,0,0,0,0,0,0,0,0,0,0,0,0,0,none,0,0,0,10885.1,0,0,0,11,12571.9,1
323,5511,5512,0,5250,1,120.00500010027156,8.40193E-05,0,0,0,0,0,0,0,0,0,0,0,0,0,0,0,0,0,none,0,0,0,14037.1,0,0,0,10,10285.5,1
324,5511,5512,0,5250,1,120.00500010027156,8.40193E-05,0,0,0,0,0,0,0,0,0,0,0,0,0,0,0,0,0,none,0,0,0,12119.5,0,0,0,82,9733.01,1
325,5511,5512,0,5250,1,120.00500010027156,8.40193E-05,0,0,0,0,0,0,0,0,0,0,0,0,0,0,0,0,0,none,0,0,0,10893.7,0,0,0,12,19721,1
326,5511,5512,0,5250,1,120.00500010027156,8.40193E-05,0,0,0,0,0,0,0,0,0,0,0,0,0,0,0,0,0,none,0,0,0,11241.7,0,0,0,8,19371.4,1
327,5511,5512,0,5250,1,120.00500010027156,8.40193E-05,0,0,0,0,0,0,0,0,0,0,0,0,0,0,0,0,0,none,0,0,0,14506.3,0,0,0,11,9679.6,1
328,5511,5512,0,5250,1,120.00500010027156,8.40193E-05,0,0,0,0,0,0,0,0,0,0,0,0,0,0,0,0,0,none,0,0,0,10946.8,0,0,0,23,11895.1,1
329,5511,5512,0,5250,1,120.00500010027156,8.40193E-05,0,0,0,0,0,0,0,0,0,0,0,0,0,0,0,0,0,none,0,0,0,10252.5,0,0,0,74,18034.1,1
330,5511,5512,0,5250,1,120.00500010027156,8.40193E-05,0,0,0,0,0,0,0,0,0,0,0,0,0,0,0,0,0,none,0,0,0,16726.8,0,0,0,17,9616.4,1
331,5511,5512,0,5250,1,120.00500010027156,8.40193E-05,0,0,0,0,0,0,0,0,0,0,0,0,0,0,0,0,0,none,0,0,0,11079.3,0,0,0,58,9067.36,1
332,5511,5512,0,5250,1,120.00500010027156,8.40193E-05,0,0,0,0,0,0,0,0,0,0,0,0,0,0,0,0,0,none,0,0,0,11349.8,0,0,0,13,18664.6,1
333,5511,5512,0,5250,1,120.00500010027156,8.40193E-05,0,0,0,0,0,0,0,0,0,0,0,0,0,0,0,0,0,none,0,0,0,14213.3,0,0,0,9,21295.5,1
334,5511,5512,0,5250,1,120.00500010027156,8.40193E-05,0,0,0,0,0,0,0,0,0,0,0,0,0,0,0,0,0,none,0,0,0,11300.6,0,0,0,112,9870.4,1
335,5511,5512,0,5250,1,120.00500010027156,8.40193E-05,0,0,0,0,0,0,0,0,0,0,0,0,0,0,0,0,0,none,0,0,0,12546.5,0,0,0,17,21999,1
336,5511,5512,0,5250,1,120.00500010027156,8.40193E-05,0,0,0,0,0,0,0,0,0,0,0,0,0,0,0,0,0,none,0,0,0,11392.5,0,0,0,11,24147.8,1
337,5511,5512,0,5250,1,120.00500010027156,8.40193E-05,0,0,0,0,0,0,0,0,0,0,0,0,0,0,0,0,0,none,0,0,0,11555.6,0,0,0,10,19491.8,1
338,5511,5512,0,5250,1,120.00500010027156,8.40193E-05,0,0,0,0,0,0,0,0,0,0,0,0,0,0,0,0,0,none,0,0,0,15049.3,0,0,0,5,49511.9,1
339,5511,5512,0,5250,1,120.00500010027156,8.40193E-05,0,0,0,0,0,0,0,0,0,0,0,0,0,0,0,0,0,none,0,0,0,10221.7,0,0,0,9,11550.1,1
340,5511,5512,0,5250,1,120.00500010027156,8.40193E-05,0,0,0,0,0,0,0,0,0,0,0,0,0,0,0,0,0,none,0,0,0,11801.6,0,0,0,10,12335,1
341,5511,5512,0,5250,1,120.00500010027156,8.40193E-05,0,0,0,0,0,0,0,0,0,0,0,0,0,0,0,0,0,none,0,0,0,17336.7,0,0,0,8,9035.35,1
342,5511,5512,0,5250,1,120.00500010027156,8.40193E-05,0,0,0,0,0,0,0,0,0,0,0,0,0,0,0,0,0,none,0,0,0,12036.7,0,0,0,16,10586.3,1
343,5511,5512,0,5250,1,120.00500010027156,8.40193E-05,0,0,0,0,0,0,0,0,0,0,0,0,0,0,0,0,0,none,0,0,0,11397.7,0,0,0,8,19568.9,1
344,5511,5512,0,5250,1,120.00500010027156,8.40193E-05,0,0,0,0,0,0,0,0,0,0,0,0,0,0,0,0,0,none,0,0,0,18893,0,0,0,14,9794.46,1
345,5511,5512,0,5250,1,120.00500010027156,8.40193E-05,0,0,0,0,0,0,0,0,0,0,0,0,0,0,0,0,0,none,0,0,0,14912.8,0,0,0,51,19473.9,1
346,5511,5512,0,5250,1,120.00500010027156,8.40193E-05,0,0,0,0,0,0,0,0,0,0,0,0,0,0,0,0,0,none,0,0,0,11551.5,0,0,0,72,12286.7,1
347,5511,5512,0,5250,1,120.00500010027156,8.40193E-05,0,0,0,0,0,0,0,0,0,0,0,0,0,0,0,0,0,none,0,0,0,18585.4,0,0,0,3,24771.5,1
348,5511,5512,0,5250,1,120.00500010027156,8.40193E-05,0,0,0,0,0,0,0,0,0,0,0,0,0,0,0,0,0,none,0,0,0,14081.3,0,0,0,112,20395.8,1
349,5511,5512,0,5250,1,120.00500010027156,8.40193E-05,0,0,0,0,0,0,0,0,0,0,0,0,0,0,0,0,0,none,0,0,0,10203.7,0,0,0,9,17460.2,1
350,5511,5512,0,5250,1,120.00500010027156,8.40193E-05,0,0,0,0,0,0,0,0,0,0,0,0,0,0,0,0,0,none,0,0,0,17004.6,0,0,0,16,11269,1
351,5511,5512,0,5250,1,120.00500010027156,8.40193E-05,0,0,0,0,0,0,0,0,0,0,0,0,0,0,0,0,0,none,0,0,0,11837.4,0,0,0,72,9002.1,1
352,5511,5512,0,5250,1,120.00500010027156,8.40193E-05,0,0,0,0,0,0,0,0,0,0,0,0,0,0,0,0,0,none,0,0,0,11864,0,0,0,7,38172.7,1
353,5511,5512,0,5250,1,120.00500010027156,8.40193E-05,0,0,0,0,0,0,0,0,0,0,0,0,0,0,0,0,0,none,0,0,0,14564.2,0,0,0,23,10463.9,1
354,5511,5512,0,5250,1,120.00500010027156,8.40193E-05,0,0,0,0,0,0,0,0,0,0,0,0,0,0,0,0,0,none,0,0,0,11566.1,0,0,0,8,9721.81,1
355,5511,5512,0,5250,1,120.00500010027156,8.40193E-05,0,0,0,0,0,0,0,0,0,0,0,0,0,0,0,0,0,none,0,0,0,13588.2,0,0,0,7,29866.5,1
356,5511,5512,0,5250,1,120.00500010027156,8.40193E-05,0,0,0,0,0,0,0,0,0,0,0,0,0,0,0,0,0,none,0,0,0,11715.4,0,0,0,74,11591.3,1
357,5511,5512,0,5250,1,120.00500010027156,8.40193E-05,0,0,0,0,0,0,0,0,0,0,0,0,0,0,0,0,0,none,0,0,0,13556.4,0,0,0,5,18310.9,1
358,5511,5512,0,5250,1,120.00500010027156,8.40193E-05,0,0,0,0,0,0,0,0,0,0,0,0,0,0,0,0,0,none,0,0,0,13917.5,0,0,0,16,12723.5,1
359,5511,5512,0,5250,1,120.00500010027156,8.40193E-05,0,0,0,0,0,0,0,0,0,0,0,0,0,0,0,0,0,none,0,0,0,10198.2,0,0,0,17,11347.5,1
360,5511,5512,0,5250,1,120.00500010027156,8.40193E-05,0,0,0,0,0,0,0,0,0,0,0,0,0,0,0,0,0,none,0,0,0,14016.2,0,0,0,11,19784.4,1
361,5511,5512,0,5250,1,120.00500010027156,8.40193E-05,0,0,0,0,0,0,0,0,0,0,0,0,0,0,0,0,0,none,0,0,0,14228.1,0,0,0,86,8967.38,1
362,5511,5512,0,5250,1,120.00500010027156,8.40193E-05,0,0,0,0,0,0,0,0,0,0,0,0,0,0,0,0,0,none,0,0,0,11561.1,0,0,0,48,11140.9,1
363,5511,5512,0,5250,1,120.00500010027156,8.40193E-05,0,0,0,0,0,0,0,0,0,0,0,0,0,0,0,0,0,none,0,0,0,13699.3,0,0,0,12,20779,1
364,5511,5512,0,5250,1,120.00500010027156,8.40193E-05,0,0,0,0,0,0,0,0,0,0,0,0,0,0,0,0,0,none,0,0,0,14579.6,0,0,0,18,9650.47,1
365,5511,5512,0,5250,1,120.00500010027156,8.40193E-05,0,0,0,0,0,0,0,0,0,0,0,0,0,0,0,0,0,none,0,0,0,11844.6,0,0,0,57,10929.3,1
366,5511,5512,0,5250,1,120.00500010027156,8.40193E-05,0,0,0,0,0,0,0,0,0,0,0,0,0,0,0,0,0,none,0,0,0,11883,0,0,0,16,19615.3,1
367,5510,5512,1,5250,1,120.00500010027156,8.40193E-05,0,1,4.668992213004984E-10,0,0,0,0,0,0,0,0,0,0,0,4.668992206746658E-10,0,-6.25832547146009E-19,no_compact_gain,0,0,0,14999,0,0,0,9,11704.7,1
368,5510,5512,0,5250,1,120.00500010027156,8.40193E-05,0,0,0,0,0,0,0,0,0,0,0,0,0,0,0,0,0,none,0,0,0,14093.1,0,0,0,9,10708.4,1
369,5510,5512,0,5250,1,120.00500010027156,8.40193E-05,0,0,0,0,0,0,0,0,0,0,0,0,0,0,0,0,0,none,0,0,0,10205.1,0,0,0,11,12210.8,1
370,5510,5512,0,5250,1,120.00500010027156,8.40193E-05,0,0,0,0,0,0,0,0,0,0,0,0,0,0,0,0,0,none,0,0,0,13021.8,0,0,0,8,19250.3,1
371,5510,5512,0,5250,1,120.00500010027156,8.40193E-05,0,0,0,0,0,0,0,0,0,0,0,0,0,0,0,0,0,none,0,0,0,16565.4,0,0,0,25,8932.58,1
372,5510,5512,0,5250,1,120.00500010027156,8.40193E-05,0,0,0,0,0,0,0,0,0,0,0,0,0,0,0,0,0,none,0,0,0,11533.1,0,0,0,8,10854.8,1
373,5510,5512,0,5250,1,120.00500010027156,8.40193E-05,0,0,0,0,0,0,0,0,0,0,0,0,0,0,0,0,0,none,0,0,0,11395.3,0,0,0,71,17078.9,1
374,5510,5512,0,5250,1,120.00500010027156,8.40193E-05,0,0,0,0,0,0,0,0,0,0,0,0,0,0,0,0,0,none,0,0,0,18416.2,0,0,0,19,9578.76,1
375,5510,5512,0,5250,1,120.00500010027156,8.40193E-05,0,0,0,0,0,0,0,0,0,0,0,0,0,0,0,0,0,none,0,0,0,12144.2,0,0,0,7,10263.6,1
376,5510,5512,0,5250,1,120.00500010027156,8.40193E-05,0,0,0,0,0,0,0,0,0,0,0,0,0,0,0,0,0,none,0,0,0,12056.4,0,0,0,48,17672.8,1
377,5510,5512,0,5250,1,120.00500010027156,8.40193E-05,0,0,0,0,0,0,0,0,0,0,0,0,0,0,0,0,0,none,0,0,0,18818.9,0,0,0,15,10280,1
378,5510,5512,0,5250,1,120.00500010027156,8.40193E-05,0,0,0,0,0,0,0,0,0,0,0,0,0,0,0,0,0,none,0,0,0,11879.5,0,0,0,70,17509,1
379,5510,5512,0,5250,1,120.00500010027156,8.40193E-05,0,0,0,0,0,0,0,0,0,0,0,0,0,0,0,0,0,none,0,0,0,10224.5,0,0,0,45,20317.8,1
380,5510,5512,0,5250,1,120.00500010027156,8.40193E-05,0,0,0,0,0,0,0,0,0,0,0,0,0,0,0,0,0,none,0,0,0,17027.4,0,0,0,19,10191.7,1
381,5510,5512,0,5250,1,120.00500010027156,8.40193E-05,0,0,0,0,0,0,0,0,0,0,0,0,0,0,0,0,0,none,0,0,0,11635.3,0,0,0,12,8900.23,1
382,5510,5512,0,5250,1,120.00500010027156,8.40193E-05,0,0,0,0,0,0,0,0,0,0,0,0,0,0,0,0,0,none,0,0,0,11374.6,0,0,0,5,41260.1,1
383,5510,5512,0,5250,1,120.00500010027156,8.40193E-05,0,0,0,0,0,0,0,0,0,0,0,0,0,0,0,0,0,none,0,0,0,14803.6,0,0,0,83,10095.3,1
384,5510,5512,0,5250,1,120.00500010027156,8.40193E-05,0,0,0,0,0,0,0,0,0,0,0,0,0,0,0,0,0,none,0,0,0,11350.1,0,0,0,20,9507.19,1
385,5510,5512,0,5250,1,120.00500010027156,8.40193E-05,0,0,0,0,0,0,0,0,0,0,0,0,0,0,0,0,0,none,0,0,0,14193,0,0,0,78,17750.6,1
386,5510,5512,0,5250,1,120.00500010027156,8.40193E-05,0,0,0,0,0,0,0,0,0,0,0,0,0,0,0,0,0,none,0,0,0,12240.3,0,0,0,15,9988.89,1
387,5510,5512,0,5250,1,120.00500010027156,8.40193E-05,0,0,0,0,0,0,0,0,0,0,0,0,0,0,0,0,0,none,0,0,0,11141.8,0,0,0,21,11255.5,1
388,5510,5512,0,5250,1,120.00500010027156,8.40193E-05,0,0,0,0,0,0,0,0,0,0,0,0,0,0,0,0,0,none,0,0,0,16711.3,0,0,0,72,18730,1
389,5510,5512,0,5250,1,120.00500010027156,8.40193E-05,0,0,0,0,0,0,0,0,0,0,0,0,0,0,0,0,0,none,0,0,0,10256.6,0,0,0,21,9892.3,1
390,5510,5512,0,5250,1,120.00500010027156,8.40193E-05,0,0,0,0,0,0,0,0,0,0,0,0,0,0,0,0,0,none,0,0,0,10978.6,0,0,0,9,20575.9,1
391,5510,5512,0,5250,1,120.00500010027156,8.40193E-05,0,0,0,0,0,0,0,0,0,0,0,0,0,0,0,0,0,none,0,0,0,17580.5,0,0,0,19,8872.25,1
392,5510,5512,0,5250,1,120.00500010027156,8.40193E-05,0,0,0,0,0,0,0,0,0,0,0,0,0,0,0,0,0,none,0,0,0,11224.7,0,0,0,16,9823.02,1
393,5510,5512,0,5250,1,120.00500010027156,8.40193E-05,0,0,0,0,0,0,0,0,0,0,0,0,0,0,0,0,0,none,0,0,0,10904.4,0,0,0,42,19797.3,1
394,5510,5512,0,5250,1,120.00500010027156,8.40193E-05,0,0,0,0,0,0,0,0,0,0,0,0,0,0,0,0,0,none,0,0,0,17777.7,0,0,0,23,9439.04,1
395,5510,5512,0,5250,1,120.00500010027156,8.40193E-05,0,0,0,0,0,0,0,0,0,0,0,0,0,0,0,0,0,none,0,0,0,11426.9,0,0,0,10,9772.47,1
396,5510,5512,0,5250,1,120.00500010027156,8.40193E-05,0,0,0,0,0,0,0,0,0,0,0,0,0,0,0,0,0,none,0,0,0,10884.3,0,0,0,47,13720.5,1
397,5510,5512,0,5250,1,120.00500010027156,8.40193E-05,0,0,0,0,0,0,0,0,0,0,0,0,0,0,0,0,0,none,0,0,0,16443.2,0,0,0,12,11044.1,1
398,5510,5512,0,5250,1,120.00500010027156,8.40193E-05,0,0,0,0,0,0,0,0,0,0,0,0,0,0,0,0,0,none,0,0,0,13154.9,0,0,0,15,9724.93,1
399,5510,5512,0,5250,1,120.00500010027156,8.40193E-05,0,0,0,0,0,0,0,0,0,0,0,0,0,0,0,0,0,none,0,0,0,10302.5,0,0,0,10,18954.8,1
400,5510,5512,0,5250,1,120.00500010027156,8.40193E-05,0,0,0,0,0,0,0,0,0,0,0,0,0,0,0,0,0,none,0,0,0,13952.7,0,0,0,68,17083,1
401,5510,5512,0,5250,1,120.00500010027156,8.40193E-05,0,0,0,0,0,0,0,0,0,0,0,0,0,0,0,0,0,none,0,0,0,15429.8,0,0,0,31,8849.01,1
402,5510,5512,0,5250,1,120.00500010027156,8.40193E-05,0,0,0,0,0,0,0,0,0,0,0,0,0,0,0,0,0,none,0,0,0,10961.5,0,0,0,15,11210.4,1
403,5510,5512,0,5250,1,120.00500010027156,8.40193E-05,0,0,0,0,0,0,0,0,0,0,0,0,0,0,0,0,0,none,0,0,0,11762.4,0,0,0,8,17907.3,1
404,5510,5512,0,5250,1,120.00500010027156,8.40193E-05,0,0,0,0,0,0,0,0,0,0,0,0,0,0,0,0,0,none,0,0,0,17363.8,0,0,0,16,9378.32,1
405,5510,5512,0,5250,1,120.00500010027156,8.40193E-05,0,0,0,0,0,0,0,0,0,0,0,0,0,0,0,0,0,none,0,0,0,11109.2,0,0,0,72,10437.5,1
406,5510,5512,0,5250,1,120.00500010027156,8.40193E-05,0,0,0,0,0,0,0,0,0,0,0,0,0,0,0,0,0,none,0,0,0,11622.7,0,0,0,8,19412.4,1
407,5510,5512,0,5250,1,120.00500010027156,8.40193E-05,0,0,0,0,0,0,0,0,0,0,0,0,0,0,0,0,0,none,0,0,0,17024.6,0,0,0,53,10843.7,1
408,5510,5512,0,5250,1,120.00500010027156,8.40193E-05,0,0,0,0,0,0,0,0,0,0,0,0,0,0,0,0,0,none,0,0,0,11340.5,0,0,0,11,13351.9,1
409,5510,5512,0,5250,1,120.00500010027156,8.40193E-05,0,0,0,0,0,0,0,0,0,0,0,0,0,0,0,0,0,none,0,0,0,10364.6,0,0,0,3,59832.1,1
410,5510,5512,0,5250,1,120.00500010027156,8.40193E-05,0,0,0,0,0,0,0,0,0,0,0,0,0,0,0,0,0,none,0,0,0,16684.5,0,0,0,119,12589,1
411,5510,5512,0,5250,1,120.00500010027156,8.40193E-05,0,0,0,0,0,0,0,0,0,0,0,0,0,0,0,0,0,none,0,0,0,11595.3,0,0,0,18,8829.64,1
412,5510,5512,0,5250,1,120.00500010027156,8.40193E-05,0,0,0,0,0,0,0,0,0,0,0,0,0,0,0,0,0,none,0,0,0,10954.5,0,0,0,7,17980.1,1
413,5510,5512,0,5250,1,120.00500010027156,8.40193E-05,0,0,0,0,0,0,0,0,0,0,0,0,0,0,0,0,0,none,0,0,0,15687.7,0,0,0,19,10994.4,1
414,5510,5512,0,5250,1,120.00500010027156,8.40193E-05,0,0,0,0,0,0,0,0,0,0,0,0,0,0,0,0,0,none,0,0,0,11510.9,0,0,0,6,9326.83,1
415,5510,5512,0,5250,1,120.00500010027156,8.40193E-05,0,0,0,0,0,0,0,0,0,0,0,0,0,0,0,0,0,none,0,0,0,13669.2,0,0,0,73,18738.3,1
416,5510,5512,0,5250,1,120.00500010027156,8.40193E-05,0,0,0,0,0,0,0,0,0,0,0,0,0,0,0,0,0,none,0,0,0,12857.6,0,0,0,14,10335.2,1
417,5510,5512,0,5250,1,120.00500010027156,8.40193E-05,0,0,0,0,0,0,0,0,0,0,0,0,0,0,0,0,0,none,0,0,0,11924.5,0,0,0,9,10662.9,1
418,5510,5512,0,5250,1,120.00500010027156,8.40193E-05,0,0,0,0,0,0,0,0,0,0,0,0,0,0,0,0,0,none,0,0,0,16308.2,0,0,0,11,19542.5,1
419,5510,5512,0,5250,1,120.00500010027156,8.40193E-05,0,0,0,0,0,0,0,0,0,0,0,0,0,0,0,0,0,none,0,0,0,10444.9,0,0,0,11,35199.5,1
420,5510,5512,0,5250,1,120.00500010027156,8.40193E-05,0,0,0,0,0,0,0,0,0,0,0,0,0,0,0,0,0,none,0,0,0,12418,0,0,0,8,12615.2,1
421,5510,5512,0,5250,1,120.00500010027156,8.40193E-05,0,0,0,0,0,0,0,0,0,0,0,0,0,0,0,0,0,none,0,0,0,18139.9,0,0,0,19,8812.75,1
422,5510,5512,0,5250,1,120.00500010027156,8.40193E-05,0,0,0,0,0,0,0,0,0,0,0,0,0,0,0,0,0,none,0,0,0,10829.7,0,0,0,76,27907.9,1
423,5510,5512,0,5250,1,120.00500010027156,8.40193E-05,0,0,0,0,0,0,0,0,0,0,0,0,0,0,0,0,0,none,0,0,0,12824.5,0,0,0,13,22222.1,1
424,5510,5512,0,5250,1,120.00500010027156,8.40193E-05,0,0,0,0,0,0,0,0,0,0,0,0,0,0,0,0,0,none,0,0,0,17949.6,0,0,0,60,9283.71,1
425,5510,5512,0,5250,1,120.00500010027156,8.40193E-05,0,0,0,0,0,0,0,0,0,0,0,0,0,0,0,0,0,none,0,0,0,11373.4,0,0,0,7,19851.5,1
426,5510,5512,0,5250,1,120.00500010027156,8.40193E-05,0,0,0,0,0,0,0,0,0,0,0,0,0,0,0,0,0,none,0,0,0,13058.8,0,0,0,12,12486.2,1
427,5510,5512,0,5250,1,120.00500010027156,8.40193E-05,0,0,0,0,0,0,0,0,0,0,0,0,0,0,0,0,0,none,0,0,0,17238.6,0,0,0,116,10242.1,1
428,5510,5512,0,5250,1,120.00500010027156,8.40193E-05,0,0,0,0,0,0,0,0,0,0,0,0,0,0,0,0,0,none,0,0,0,12312.9,0,0,0,19,20873.9,1
429,5510,5512,0,5250,1,120.00500010027156,8.40193E-05,0,0,0,0,0,0,0,0,0,0,0,0,0,0,0,0,0,none,0,0,0,10543.2,0,0,0,10,32568.2,1
430,5510,5512,0,5250,1,120.00500010027156,8.40193E-05,0,0,0,0,0,0,0,0,0,0,0,0,0,0,0,0,0,none,0,0,0,14907.5,0,0,0,12,11546.3,1
431,5510,5512,0,5250,1,120.00500010027156,8.40193E-05,0,0,0,0,0,0,0,0,0,0,0,0,0,0,0,0,0,none,0,0,0,14279.4,0,0,0,9,8796.8,1
432,5510,5512,0,5250,1,120.00500010027156,8.40193E-05,0,0,0,0,0,0,0,0,0,0,0,0,0,0,0,0,0,none,0,0,0,10708.6,0,0,0,78,11721.8,1
433,5510,5512,0,5250,1,120.00500010027156,8.40193E-05,0,0,0,0,0,0,0,0,0,0,0,0,0,0,0,0,0,none,0,0,0,12428.1,0,0,0,14,11312.6,1
434,5510,5512,0,5250,1,120.00500010027156,8.40193E-05,0,0,0,0,0,0,0,0,0,0,0,0,0,0,0,0,0,none,0,0,0,13966,0,0,0,5,9246.68,1
435,5510,5512,0,5250,1,120.00500010027156,8.40193E-05,0,0,0,0,0,0,0,0,0,0,0,0,0,0,0,0,0,none,0,0,0,13327,0,0,0,13,10658.8,1
436,5510,5512,0,5250,1,120.00500010027156,8.40193E-05,0,0,0,0,0,0,0,0,0,0,0,0,0,0,0,0,0,none,0,0,0,11357.3,0,0,0,13,11107.3,1
437,5510,5512,0,5250,1,120.00500010027156,8.40193E-05,0,0,0,0,0,0,0,0,0,0,0,0,0,0,0,0,0,none,0,0,0,13643.4,0,0,0,71,10378.3,1
438,5510,5512,0,5250,1,120.00500010027156,8.40193E-05,0,0,0,0,0,0,0,0,0,0,0,0,0,0,0,0,0,none,0,0,0,13299.3,0,0,0,50,12307.4,1
439,5510,5512,0,5250,1,120.00500010027156,8.40193E-05,0,0,0,0,0,0,0,0,0,0,0,0,0,0,0,0,0,none,0,0,0,10654.9,0,0,0,15,10893.2,1
440,5510,5512,0,5250,1,120.00500010027156,8.40193E-05,0,0,0,0,0,0,0,0,0,0,0,0,0,0,0,0,0,none,0,0,0,13260.4,0,0,0,27,18427,1
441,5510,5512,0,5250,1,120.00500010027156,8.40193E-05,0,0,0,0,0,0,0,0,0,0,0,0,0,0,0,0,0,none,0,0,0,14364.2,0,0,0,49,8780.5,1
442,5510,5512,0,5250,1,120.00500010027156,8.40193E-05,0,0,0,0,0,0,0,0,0,0,0,0,0,0,0,0,0,none,0,0,0,10592.8,0,0,0,78,10673.7,1
443,5510,5512,0,5250,1,120.00500010027156,8.40193E-05,0,0,0,0,0,0,0,0,0,0,0,0,0,0,0,0,0,none,0,0,0,12823.8,0,0,0,11,11408.6,1
444,5510,5512,0,5250,1,120.00500010027156,8.40193E-05,0,0,0,0,0,0,0,0,0,0,0,0,0,0,0,0,0,none,0,0,0,12019.6,0,0,0,11,9213.2,1
445,5510,5512,0,5250,1,120.00500010027156,8.40193E-05,0,0,0,0,0,0,0,0,0,0,0,0,0,0,0,0,0,none,0,0,0,13145.6,0,0,0,14,10489.6,1
446,5510,5512,0,5250,1,120.00500010027156,8.40193E-05,0,0,0,0,0,0,0,0,0,0,0,0,0,0,0,0,0,none,0,0,0,12417.3,0,0,0,22,10525.3,1
447,5510,5512,0,5250,1,120.00500010027156,8.40193E-05,0,0,0,0,0,0,0,0,0,0,0,0,0,0,0,0,0,none,0,0,0,11462.8,0,0,0,7,10268.4,1
448,5510,5512,0,5250,1,120.00500010027156,8.40193E-05,0,0,0,0,0,0,0,0,0,0,0,0,0,0,0,0,0,none,0,0,0,15904.4,0,0,0,13,10360.8,1
449,5510,5512,0,5250,1,120.00500010027156,8.40193E-05,0,0,0,0,0,0,0,0,0,0,0,0,0,0,0,0,0,none,0,0,0,10773.9,0,0,0,15,18917.3,1
450,5510,5512,0,5250,1,120.00500010027156,8.40193E-05,0,0,0,0,0,0,0,0,0,0,0,0,0,0,0,0,0,none,0,0,0,13278.1,0,0,0,7,35723.8,1
451,5510,5512,0,5250,1,120.00500010027156,8.40193E-05,0,0,0,0,0,0,0,0,0,0,0,0,0,0,0,0,0,none,0,0,0,17901,0,0,0,17,8763.37,1
452,5510,5512,0,5250,1,120.00500010027156,8.40193E-05,0,0,0,0,0,0,0,0,0,0,0,0,0,0,0,0,0,none,0,0,0,10487.5,0,0,0,11,20412.7,1
453,5510,5512,0,5250,1,120.00500010027156,8.40193E-05,0,0,0,0,0,0,0,0,0,0,0,0,0,0,0,0,0,none,0,0,0,15824.8,0,0,0,5,28628.5,1
454,5510,5512,0,5250,1,120.00500010027156,8.40193E-05,0,0,0,0,0,0,0,0,0,0,0,0,0,0,0,0,0,none,0,0,0,17902.2,0,0,0,80,9181.08,1
455,5510,5512,0,5250,1,120.00500010027156,8.40193E-05,0,0,0,0,0,0,0,0,0,0,0,0,0,0,0,0,0,none,0,0,0,11594.6,0,0,0,49,19673.2,1
456,5510,5512,0,5250,1,120.00500010027156,8.40193E-05,0,0,0,0,0,0,0,0,0,0,0,0,0,0,0,0,0,none,0,0,0,13591.4,0,0,0,6,19485.7,1
457,5510,5512,0,5250,1,120.00500010027156,8.40193E-05,0,0,0,0,0,0,0,0,0,0,0,0,0,0,0,0,0,none,0,0,0,17923.8,0,0,0,23,10078.4,1
458,5510,5512,0,5250,1,120.00500010027156,8.40193E-05,0,0,0,0,0,0,0,0,0,0,0,0,0,0,0,0,0,none,0,0,0,11339.7,0,0,0,47,19304,1
459,5510,5512,0,5250,1,120.00500010027156,8.40193E-05,0,0,0,0,0,0,0,0,0,0,0,0,0,0,0,0,0,none,0,0,0,10896.8,0,0,0,152,17524.4,1
460,5510,5512,0,5250,1,120.00500010027156,8.40193E-05,0,0,0,0,0,0,0,0,0,0,0,0,0,0,0,0,0,none,0,0,0,15838.5,0,0,0,10,9971.69,1
461,5510,5512,0,5250,1,120.00500010027156,8.40193E-05,0,0,0,0,0,0,0,0,0,0,0,0,0,0,0,0,0,none,0,0,0,11108.6,0,0,0,7,8745.58,1
462,5510,5512,0,5250,1,120.00500010027156,8.40193E-05,0,0,0,0,0,0,0,0,0,0,0,0,0,0,0,0,0,none,0,0,0,10398.6,0,0,0,24,12462.6,1
463,5510,5512,0,5250,1,120.00500010027156,8.40193E-05,0,0,0,0,0,0,0,0,0,0,0,0,0,0,0,0,0,none,0,0,0,13292.2,0,0,0,15,9879.06,1
464,5510,5512,0,5250,1,120.00500010027156,8.40193E-05,0,0,0,0,0,0,0,0,0,0,0,0,0,0,0,0,0,none,0,0,0,10961.1,0,0,0,76,9149.03,1
465,5510,5512,0,5250,1,120.00500010027156,8.40193E-05,0,0,0,0,0,0,0,0,0,0,0,0,0,0,0,0,0,none,0,0,0,12742.8,0,0,0,9,10948.7,1
466,5510,5512,0,5250,1,120.00500010027156,8.40193E-05,0,0,0,0,0,0,0,0,0,0,0,0,0,0,0,0,0,none,0,0,0,11467.3,0,0,0,15,9813.93,1
467,5510,5512,0,5250,1,120.00500010027156,8.40193E-05,0,0,0,0,0,0,0,0,0,0,0,0,0,0,0,0,0,none,0,0,0,10898.3,0,0,0,14,10081.9,1
468,5510,5512,0,5250,1,120.00500010027156,8.40193E-05,0,0,0,0,0,0,0,0,0,0,0,0,0,0,0,0,0,none,0,0,0,15597.3,0,0,0,11,10312.3,1
469,5510,5512,0,5250,1,120.00500010027156,8.40193E-05,0,0,0,0,0,0,0,0,0,0,0,0,0,0,0,0,0,none,0,0,0,11024.2,0,0,0,117,9764.84,1
470,5510,5512,0,5250,1,120.00500010027156,8.40193E-05,0,0,0,0,0,0,0,0,0,0,0,0,0,0,0,0,0,none,0,0,0,10884.3,0,0,0,5,24766.2,1
471,5510,5512,0,5250,1,120.00500010027156,8.40193E-05,0,0,0,0,0,0,0,0,0,0,0,0,0,0,0,0,0,none,0,0,0,15318,0,0,0,7,8727.29,1
472,5510,5512,0,5250,1,120.00500010027156,8.40193E-05,0,0,0,0,0,0,0,0,0,0,0,0,0,0,0,0,0,none,0,0,0,10328.4,0,0,0,56,9716.62,1
473,5510,5512,0,5250,1,120.00500010027156,8.40193E-05,0,0,0,0,0,0,0,0,0,0,0,0,0,0,0,0,0,none,0,0,0,10904.3,0,0,0,14,12006.9,1
474,5510,5512,0,5250,1,120.00500010027156,8.40193E-05,0,0,0,0,0,0,0,0,0,0,0,0,0,0,0,0,0,none,0,0,0,12783.7,0,0,0,7,9116.91,1
475,5510,5512,0,5250,1,120.00500010027156,8.40193E-05,0,0,0,0,0,0,0,0,0,0,0,0,0,0,0,0,0,none,0,0,0,12531.4,0,0,0,17,9659.83,1
476,5510,5512,0,5250,1,120.00500010027156,8.40193E-05,0,0,0,0,0,0,0,0,0,0,0,0,0,0,0,0,0,none,0,0,0,10978.3,0,0,0,12,10775.2,1
477,5510,5512,0,5250,1,120.00500010027156,8.40193E-05,0,0,0,0,0,0,0,0,0,0,0,0,0,0,0,0,0,none,0,0,0,11358.5,0,0,0,8,9996.64,1
478,5510,5512,0,5250,1,120.00500010027156,8.40193E-05,0,0,0,0,0,0,0,0,0,0,0,0,0,0,0,0,0,none,0,0,0,15417.4,0,0,0,6,32518.7,1
479,5510,5512,0,5250,1,120.00500010027156,8.40193E-05,0,0,0,0,0,0,0,0,0,0,0,0,0,0,0,0,0,none,0,0,0,11141.3,0,0,0,15,10221,1
480,5510,5512,0,5250,1,120.00500010027156,8.40193E-05,0,0,0,0,0,0,0,0,0,0,0,0,0,0,0,0,0,none,0,0,0,12415.6,0,0,0,11,19430.5,1
481,5510,5512,0,5250,1,120.00500010027156,8.40193E-05,0,0,0,0,0,0,0,0,0,0,0,0,0,0,0,0,0,none,0,0,0,15014,0,0,0,76,12392.6,1
482,5510,5512,0,5250,1,120.00500010027156,8.40193E-05,0,0,0,0,0,0,0,0,0,0,0,0,0,0,0,0,0,none,0,0,0,10275.5,0,0,0,6,19456.5,1
483,5510,5512,0,5250,1,120.00500010027156,8.40193E-05,0,0,0,0,0,0,0,0,0,0,0,0,0,0,0,0,0,none,0,0,0,14892.1,0,0,0,6,19381.4,1
484,5510,5512,0,5250,1,120.00500010027156,8.40193E-05,0,0,0,0,0,0,0,0,0,0,0,0,0,0,0,0,0,none,0,0,0,16631.5,0,0,0,12,9085.07,1
485,5510,5512,0,5250,1,120.00500010027156,8.40193E-05,0,0,0,0,0,0,0,0,0,0,0,0,0,0,0,0,0,none,0,0,0,11634.6,0,0,0,13,22742.4,1
486,5510,5512,0,5250,1,120.00500010027156,8.40193E-05,0,0,0,0,0,0,0,0,0,0,0,0,0,0,0,0,0,none,0,0,0,14111.6,0,0,0,109,17529.5,1
487,5510,5512,0,5250,1,120.00500010027156,8.40193E-05,0,0,0,0,0,0,0,0,0,0,0,0,0,0,0,0,0,none,0,0,0,12966.7,0,0,0,13,9914.62,1
488,5510,5512,0,5250,1,120.00500010027156,8.40193E-05,0,0,0,0,0,0,0,0,0,0,0,0,0,0,0,0,0,none,0,0,0,11371.2,0,0,0,5,24378.3,1
489,5510,5512,0,5250,1,120.00500010027156,8.40193E-05,0,0,0,0,0,0,0,0,0,0,0,0,0,0,0,0,0,none,0,0,0,11304.2,0,0,0,49,19466.6,1
490,5510,5512,0,5250,1,120.00500010027156,8.40193E-05,0,0,0,0,0,0,0,0,0,0,0,0,0,0,0,0,0,none,0,0,0,16076.3,0,0,0,6,19920.5,1
491,5510,5512,0,5250,1,120.00500010027156,8.40193E-05,0,0,0,0,0,0,0,0,0,0,0,0,0,0,0,0,0,none,0,0,0,12143.2,0,0,0,81,18072.8,1
492,5510,5512,0,5250,1,120.00500010027156,8.40193E-05,0,0,0,0,0,0,0,0,0,0,0,0,0,0,0,0,0,none,0,0,0,10237.3,0,0,0,12,16821,1
493,5510,5512,0,5250,1,120.00500010027156,8.40193E-05,0,0,0,0,0,0,0,0,0,0,0,0,0,0,0,0,0,none,0,0,0,12869,0,0,0,12,12283.5,1
494,5510,5512,0,5250,1,120.00500010027156,8.40193E-05,0,0,0,0,0,0,0,0,0,0,0,0,0,0,0,0,0,none,0,0,0,12476.8,0,0,0,12,9053.33,1
495,5510,5512,0,5250,1,120.00500010027156,8.40193E-05,0,0,0,0,0,0,0,0,0,0,0,0,0,0,0,0,0,none,0,0,0,12137.3,0,0,0,13,11343,1
496,5510,5512,0,5250,1,120.00500010027156,8.40193E-05,0,0,0,0,0,0,0,0,0,0,0,0,0,0,0,0,0,none,0,0,0,11933.5,0,0,0,132,18763.1,1
497,5510,5512,0,5250,1,120.00500010027156,8.40193E-05,0,0,0,0,0,0,0,0,0,0,0,0,0,0,0,0,0,none,0,0,0,12894.1,0,0,0,13,9836.41,1
498,5510,5512,0,5250,1,120.00500010027156,8.40193E-05,0,0,0,0,0,0,0,0,0,0,0,0,0,0,0,0,0,none,0,0,0,15022.5,0,0,0,19,10496.6,1
499,5510,5512,0,5250,1,120.00500010027156,8.40193E-05,0,0,0,0,0,0,0,0,0,0,0,0,0,0,0,0,0,none,0,0,0,11458.9,0,0,0,11,18882.1,1
500,5510,5512,0,5250,1,120.00500010027156,8.40193E-05,0,0,0,0,0,0,0,0,0,0,0,0,0,0,0,0,0,none,0,0,0,13326.4,0,0,0,52,14019.3,1
501,5510,5512,0,5250,1,120.00500010027156,8.40193E-05,0,0,0,0,0,0,0,0,0,0,0,0,0,0,0,0,0,none,0,0,0,16215.2,0,0,0,17,11808.9,1
502,5510,5512,0,5250,1,120.00500010027156,8.40193E-05,0,0,0,0,0,0,0,0,0,0,0,0,0,0,0,0,0,none,0,0,0,10212.2,0,0,0,9,18280.6,1
503,5510,5512,0,5250,1,120.00500010027156,8.40193E-05,0,0,0,0,0,0,0,0,0,0,0,0,0,0,0,0,0,none,0,0,0,13697.9,0,0,0,51,12895.4,1
504,5510,5512,0,5250,1,120.00500010027156,8.40193E-05,0,0,0,0,0,0,0,0,0,0,0,0,0,0,0,0,0,none,0,0,0,13696.4,0,0,0,15,9020.88,1
505,5510,5512,0,5250,1,120.00500010027156,8.40193E-05,0,0,0,0,0,0,0,0,0,0,0,0,0,0,0,0,0,none,0,0,0,11959.6,0,0,0,2,66115.4,1
506,5510,5512,0,5250,1,120.00500010027156,8.40193E-05,0,0,0,0,0,0,0,0,0,0,0,0,0,0,0,0,0,none,0,0,0,14014.8,0,0,0,9,11101.9,1
507,5510,5512,0,5250,1,120.00500010027156,8.40193E-05,0,0,0,0,0,0,0,0,0,0,0,0,0,0,0,0,0,none,0,0,0,11629.1,0,0,0,11,9762.11,1
508,5510,5512,0,5250,1,120.00500010027156,8.40193E-05,0,0,0,0,0,0,0,0,0,0,0,0,0,0,0,0,0,none,0,0,0,13915.5,0,0,0,75,17099.7,1
509,5510,5512,0,5250,1,120.00500010027156,8.40193E-05,0,0,0,0,0,0,0,0,0,0,0,0,0,0,0,0,0,none,0,0,0,11620.4,0,0,0,12,10387.2,1
510,5510,5512,0,5250,1,120.00500010027156,8.40193E-05,0,0,0,0,0,0,0,0,0,0,0,0,0,0,0,0,0,none,0,0,0,11753.6,0,0,0,8,11073.4,1
511,5510,5512,0,5250,1,120.00500010027156,8.40193E-05,0,0,0,0,0,0,0,0,0,0,0,0,0,0,0,0,0,none,0,0,0,13585.8,0,0,0,14,19376.5,1
512,5510,5512,0,5250,1,120.00500010027156,8.40193E-05,0,0,0,0,0,0,0,0,0,0,0,0,0,0,0,0,0,none,0,0,0,10199.7,0,0,0,11,12845.3,1
513,5510,5512,0,5250,1,120.00500010027156,8.40193E-05,0,0,0,0,0,0,0,0,0,0,0,0,0,0,0,0,0,none,0,0,0,13936.8,0,0,0,92,10856.9,1
514,5510,5512,0,5250,1,120.00500010027156,8.40193E-05,0,0,0,0,0,0,0,0,0,0,0,0,0,0,0,0,0,none,0,0,0,13191.2,0,0,0,12,8986.92,1
515,5510,5512,0,5250,1,120.00500010027156,8.40193E-05,0,0,0,0,0,0,0,0,0,0,0,0,0,0,0,0,0,none,0,0,0,11789.8,0,0,0,16,29797.9,1
516,5510,5512,0,5250,1,120.00500010027156,8.40193E-05,0,0,0,0,0,0,0,0,0,0,0,0,0,0,0,0,0,none,0,0,0,14639.6,0,0,0,11,10640.1,1
517,5510,5512,0,5250,1,120.00500010027156,8.40193E-05,0,0,0,0,0,0,0,0,0,0,0,0,0,0,0,0,0,none,0,0,0,12752.7,0,0,0,55,9690.31,1
518,5510,5512,0,5250,1,120.00500010027156,8.40193E-05,0,0,0,0,0,0,0,0,0,0,0,0,0,0,0,0,0,none,0,0,0,11430.3,0,0,0,82,12572.4,1
519,5510,5512,0,5250,1,120.00500010027156,8.40193E-05,0,0,0,0,0,0,0,0,0,0,0,0,0,0,0,0,0,none,0,0,0,11785.8,0,0,0,17,10465,1
520,5510,5512,0,5250,1,120.00500010027156,8.40193E-05,0,0,0,0,0,0,0,0,0,0,0,0,0,0,0,0,0,none,0,0,0,12359,0,0,0,50,10289.8,1
521,5510,5512,0,5250,1,120.00500010027156,8.40193E-05,0,0,0,0,0,0,0,0,0,0,0,0,0,0,0,0,0,none,0,0,0,12098.7,0,0,0,16,19545,1
522,5510,5512,0,5250,1,120.00500010027156,8.40193E-05,0,0,0,0,0,0,0,0,0,0,0,0,0,0,0,0,0,none,0,0,0,10199.6,0,0,0,10,10343.7,1
523,5510,5512,0,5250,1,120.00500010027156,8.40193E-05,0,0,0,0,0,0,0,0,0,0,0,0,0,0,0,0,0,none,0,0,0,12052.4,0,0,0,71,18579.3,1
524,5510,5512,0,5250,1,120.00500010027156,8.40193E-05,0,0,0,0,0,0,0,0,0,0,0,0,0,0,0,0,0,none,0,0,0,14477.4,0,0,0,24,8951.9,1
525,5510,5512,0,5250,1,120.00500010027156,8.40193E-05,0,0,0,0,0,0,0,0,0,0,0,0,0,0,0,0,0,none,0,0,0,11624.1,0,0,0,13,10251.1,1
526,5510,5512,0,5250,1,120.00500010027156,8.40193E-05,0,0,0,0,0,0,0,0,0,0,0,0,0,0,0,0,0,none,0,0,0,11799.6,0,0,0,12,28568.1,1
527,5510,5512,0,5250,1,120.00500010027156,8.40193E-05,0,0,0,0,0,0,0,0,0,0,0,0,0,0,0,0,0,none,0,0,0,16427.3,0,0,0,19,9618.92,1
528,5510,5512,0,5250,1,120.00500010027156,8.40193E-05,0,0,0,0,0,0,0,0,0,0,0,0,0,0,0,0,0,none,0,0,0,14466.5,0,0,0,16,10161.6,1
529,5510,5512,0,5250,1,120.00500010027156,8.40193E-05,0,0,0,0,0,0,0,0,0,0,0,0,0,0,0,0,0,none,0,0,0,11350.6,0,0,0,7,25627.1,1
530,5510,5512,0,5250,1,120.00500010027156,8.40193E-05,0,0,0,0,0,0,0,0,0,0,0,0,0,0,0,0,0,none,0,0,0,14795.4,0,0,0,13,11601.3,1
531,5510,5512,0,5250,1,120.00500010027156,8.40193E-05,0,0,0,0,0,0,0,0,0,0,0,0,0,0,0,0,0,none,0,0,0,16924.9,0,0,0,55,10061.1,1
532,5510,5512,0,5250,1,120.00500010027156,8.40193E-05,0,0,0,0,0,0,0,0,0,0,0,0,0,0,0,0,0,none,0,0,0,10211.7,0,0,0,6,39760.4,1
533,5510,5512,0,5250,1,120.00500010027156,8.40193E-05,0,0,0,0,0,0,0,0,0,0,0,0,0,0,0,0,0,none,0,0,0,17087.9,0,0,0,80,19517,1
534,5510,5512,0,5250,1,120.00500010027156,8.40193E-05,0,0,0,0,0,0,0,0,0,0,0,0,0,0,0,0,0,none,0,0,0,14648.1,0,0,0,55,8917.86,1
535,5510,5512,0,5250,1,120.00500010027156,8.40193E-05,0,0,0,0,0,0,0,0,0,0,0,0,0,0,0,0,0,none,0,0,0,11077.7,0,0,0,76,17103.8,1
536,5510,5512,0,5250,1,120.00500010027156,8.40193E-05,0,0,0,0,0,0,0,0,0,0,0,0,0,0,0,0,0,none,0,0,0,12937,0,0,0,9,11564.4,1
537,5510,5512,0,5250,1,120.00500010027156,8.40193E-05,0,0,0,0,0,0,0,0,0,0,0,0,0,0,0,0,0,none,0,0,0,12224,0,0,0,61,9547.03,1
538,5510,5512,0,5250,1,120.00500010027156,8.40193E-05,0,0,0,0,0,0,0,0,0,0,0,0,0,0,0,0,0,none,0,0,0,10946,0,0,0,9,19758.2,1
539,5510,5512,0,5250,1,120.00500010027156,8.40193E-05,0,0,0,0,0,0,0,0,0,0,0,0,0,0,0,0,0,none,0,0,0,12132.5,0,0,0,6,10592.4,1
540,5510,5512,0,5250,1,120.00500010027156,8.40193E-05,0,0,0,0,0,0,0,0,0,0,0,0,0,0,0,0,0,none,0,0,0,11392.1,0,0,0,76,9805.26,1
541,5510,5512,0,5250,1,120.00500010027156,8.40193E-05,0,0,0,0,0,0,0,0,0,0,0,0,0,0,0,0,0,none,0,0,0,10893.5,0,0,0,14,19391.5,1
542,5510,5512,0,5250,1,120.00500010027156,8.40193E-05,0,0,0,0,0,0,0,0,0,0,0,0,0,0,0,0,0,none,0,0,0,10236.5,0,0,0,15,12273.4,1
543,5510,5512,0,5250,1,120.00500010027156,8.40193E-05,0,0,0,0,0,0,0,0,0,0,0,0,0,0,0,0,0,none,0,0,0,13006.2,0,0,0,23,9757.23,1
544,5510,5512,0,5250,1,120.00500010027156,8.40193E-05,0,0,0,0,0,0,0,0,0,0,0,0,0,0,0,0,0,none,0,0,0,10885,0,0,0,14,8887.29,1
545,5510,5512,0,5250,1,120.00500010027156,8.40193E-05,0,0,0,0,0,0,0,0,0,0,0,0,0,0,0,0,0,none,0,0,0,11307.3,0,0,0,71,18085.9,1
546,5510,5512,0,5250,1,120.00500010027156,8.40193E-05,0,0,0,0,0,0,0,0,0,0,0,0,0,0,0,0,0,none,0,0,0,15217.1,0,0,0,12,9708.07,1
547,5510,5512,0,5250,1,120.00500010027156,8.40193E-05,0,0,0,0,0,0,0,0,0,0,0,0,0,0,0,0,0,none,0,0,0,10911.5,0,0,0,19,9476.44,1
548,5510,5512,0,5250,1,120.00500010027156,8.40193E-05,0,0,0,0,0,0,0,0,0,0,0,0,0,0,0,0,0,none,0,0,0,11852.4,0,0,0,53,13666.9,1
549,5510,5512,0,5250,1,120.00500010027156,8.40193E-05,0,0,0,0,0,0,0,0,0,0,0,0,0,0,0,0,0,none,0,0,0,12322.2,0,0,0,16,9649.55,1
550,5510,5512,0,5250,1,120.00500010027156,8.40193E-05,0,0,0,0,0,0,0,0,0,0,0,0,0,0,0,0,0,none,0,0,0,10997.6,0,0,0,79,10469.1,1
551,5510,5512,0,5250,1,120.00500010027156,8.40193E-05,0,0,0,0,0,0,0,0,0,0,0,0,0,0,0,0,0,none,0,0,0,11554.2,0,0,0,43,19337.5,1
552,5510,5512,0,5250,1,120.00500010027156,8.40193E-05,0,0,0,0,0,0,0,0,0,0,0,0,0,0,0,0,0,none,0,0,0,10274.2,0,0,0,7,19221,1
553,5510,5512,0,5250,1,120.00500010027156,8.40193E-05,0,0,0,0,0,0,0,0,0,0,0,0,0,0,0,0,0,none,0,0,0,11175.5,0,0,0,17,23920.5,1
554,5510,5512,0,5250,1,120.00500010027156,8.40193E-05,0,0,0,0,0,0,0,0,0,0,0,0,0,0,0,0,0,none,0,0,0,13528,0,0,0,8,8861.45,1
555,5510,5512,0,5250,1,120.00500010027156,8.40193E-05,0,0,0,0,0,0,0,0,0,0,0,0,0,0,0,0,0,none,0,0,0,11161.9,0,0,0,17,12750.3,1
556,5511,5512,0,5250,1,120.00500010027156,8.40193E-05,0,0,0,0,0,0,1,4.4663979523663606E-11,0,2.698599811448497E-12,4.196537971221511E-11,4.196537971221511E-11,0,0,0,0,0,none,0,0,-1.4625844398838507E-15,11421.3,0,0,0,8,24646.3,1
557,5511,5512,0,5250,1,120.00500010027156,8.40193E-05,0,0,0,0,0,0,0,0,0,0,0,0,0,0,0,0,0,none,0,0,0,16061.2,0,0,0,14,9411.16,1
558,5511,5512,0,5250,1,120.00500010027156,8.40193E-05,0,0,0,0,0,0,0,0,0,0,0,0,0,0,0,0,0,none,0,0,0,13938.9,0,0,0,19,11051.5,1
559,5511,5512,0,5250,1,120.00500010027156,8.40193E-05,0,0,0,0,0,0,0,0,0,0,0,0,0,0,0,0,0,none,0,0,0,11571.4,0,0,0,7,19686,1
560,5511,5512,0,5250,1,120.00500010027156,8.40193E-05,0,0,0,0,0,0,0,0,0,0,0,0,0,0,0,0,0,none,0,0,0,18077.6,0,0,0,12,10953.9,1
561,5511,5512,0,5250,1,120.00500010027156,8.40193E-05,0,0,0,0,0,0,0,0,0,0,0,0,0,0,0,0,0,none,0,0,0,16295,0,0,0,10,10363.2,1
562,5511,5512,0,5250,1,120.00500010027156,8.40193E-05,0,0,0,0,0,0,0,0,0,0,0,0,0,0,0,0,0,none,0,0,0,10326.6,0,0,0,75,17108,1
563,5511,5512,0,5250,1,120.00500010027156,8.40193E-05,0,0,0,0,0,0,0,0,0,0,0,0,0,0,0,0,0,none,0,0,0,17727.6,0,0,0,13,21973.5,1
564,5511,5512,0,5250,1,120.00500010027156,8.40193E-05,0,0,0,0,0,0,0,0,0,0,0,0,0,0,0,0,0,none,0,0,0,15593.6,0,0,0,20,8840.06,1
565,5511,5512,0,5250,1,120.00500010027156,8.40193E-05,0,0,0,0,0,0,0,0,0,0,0,0,0,0,0,0,0,none,0,0,0,11026.5,0,0,0,46,19406.6,1
566,5511,5512,0,5250,1,120.00500010027156,8.40193E-05,0,0,0,0,0,0,0,0,0,0,0,0,0,0,0,0,0,none,0,0,0,15592.3,0,0,0,15,12231.6,1
567,5511,5512,0,5250,1,120.00500010027156,8.40193E-05,0,0,0,0,0,0,0,0,0,0,0,0,0,0,0,0,0,none,0,0,0,13045.1,0,0,0,76,9354.47,1
568,5511,5512,0,5250,1,120.00500010027156,8.40193E-05,0,0,0,0,0,0,0,0,0,0,0,0,0,0,0,0,0,none,0,0,0,12537.9,0,0,0,51,20990.2,1
569,5511,5512,0,5250,1,120.00500010027156,8.40193E-05,0,0,0,0,0,0,0,0,0,0,0,0,0,0,0,0,0,none,0,0,0,12736.6,0,0,0,19,10862.7,1
570,5511,5512,0,5250,1,120.00500010027156,8.40193E-05,0,0,0,0,0,0,0,0,0,0,0,0,0,0,0,0,0,none,0,0,0,11400.2,0,0,0,73,10761,1
571,5511,5512,0,5250,1,120.00500010027156,8.40193E-05,0,0,0,0,0,0,0,0,0,0,0,0,0,0,0,0,0,none,0,0,0,12964,0,0,0,14,28351.9,1
572,5511,5512,0,5250,1,120.00500010027156,8.40193E-05,0,0,0,0,0,0,0,0,0,0,0,0,0,0,0,0,0,none,0,0,0,10396.2,0,0,0,86,10267.8,1
573,5511,5512,0,5250,1,120.00500010027156,8.40193E-05,0,0,0,0,0,0,0,0,0,0,0,0,0,0,0,0,0,none,0,0,0,12192.4,0,0,0,22,12498.7,1
574,5511,5512,0,5250,1,120.00500010027156,8.40193E-05,0,0,0,0,0,0,0,0,0,0,0,0,0,0,0,0,0,none,0,0,0,13390,0,0,0,20,8821.98,1
575,5511,5512,0,5250,1,120.00500010027156,8.40193E-05,0,0,0,0,0,0,0,0,0,0,0,0,0,0,0,0,0,none,0,0,0,10898.9,0,0,0,15,11750.5,1
576,5511,5512,0,5250,1,120.00500010027156,8.40193E-05,0,0,0,0,0,0,0,0,0,0,0,0,0,0,0,0,0,none,0,0,0,14515.1,0,0,0,14,20110.8,1
577,5510,5512,1,5250,1,120.00500010027156,8.40193E-05,0,1,9.85005175108308E-11,0,0,0,0,0,0,0,0,0,0,0,9.850052024029665E-11,0,2.7294658454948514E-18,no_compact_gain,0,0,0,13750.4,0,0,0,77,9306.89,1
578,5510,5512,0,5250,1,120.00500010027156,8.40193E-05,0,0,0,0,0,0,0,0,0,0,0,0,0,0,0,0,0,none,0,0,0,12556.9,0,0,0,12,11463.3,1
579,5509,5512,1,5250,1,120.00500010027156,8.40193E-05,0,1,4.017383057854668E-09,0,0,0,0,0,0,0,0,0,0,0,4.0173830581635706E-09,0,3.0890232795180265E-19,no_compact_gain,0,0,0,12944.2,0,0,0,48,12369.4,1
580,5509,5512,0,5250,1,120.00500010027156,8.40193E-05,0,0,0,0,0,0,0,0,0,0,0,0,0,0,0,0,0,none,0,0,0,14063.3,0,0,0,12,10591.2,1
581,5508,5512,1,5250,1,120.00500010027156,8.40193E-05,0,1,6.6282372862330836E-09,0,0,0,0,0,0,0,0,0,0,0,6.628237285422056E-09,0,-8.1102742955109215E-19,no_compact_gain,0,0,0,11349.5,0,0,0,16,11244.8,1
582,5508,5512,0,5250,1,120.00500010027156,8.40193E-05,0,0,0,0,0,0,0,0,0,0,0,0,0,0,0,0,0,none,0,0,0,10484.4,0,0,0,53,17060.6,1
583,5508,5512,0,5250,1,120.00500010027156,8.40193E-05,0,0,0,0,0,0,0,0,0,0,0,0,0,0,0,0,0,none,0,0,0,14386.6,0,0,0,12,19626.1,1
584,5508,5512,0,5250,1,120.00500010027156,8.40193E-05,0,0,0,0,0,0,0,0,0,0,0,0,0,0,0,0,0,none,0,0,0,12631.8,0,0,0,20,8805.69,1
585,5508,5512,0,5250,1,120.00500010027156,8.40193E-05,0,0,0,0,0,0,0,0,0,0,0,0,0,0,0,0,0,none,0,0,0,10775.8,0,0,0,14,12293.1,1
586,5508,5512,0,5250,1,120.00500010027156,8.40193E-05,0,0,0,0,0,0,0,0,0,0,0,0,0,0,0,0,0,none,0,0,0,14518.4,0,0,0,12,19605.8,1
587,5508,5512,0,5250,1,120.00500010027156,8.40193E-05,0,0,0,0,0,0,0,0,0,0,0,0,0,0,0,0,0,none,0,0,0,15148.2,0,0,0,13,9266.77,1
588,5508,5512,0,5250,1,120.00500010027156,8.40193E-05,0,0,0,0,0,0,0,0,0,0,0,0,0,0,0,0,0,none,0,0,0,13120.5,0,0,0,10,11491.2,1
589,5508,5512,0,5250,1,120.00500010027156,8.40193E-05,0,0,0,0,0,0,0,0,0,0,0,0,0,0,0,0,0,none,0,0,0,12128.1,0,0,0,81,17112.2,1
590,5508,5512,0,5250,1,120.00500010027156,8.40193E-05,0,0,0,0,0,0,0,0,0,0,0,0,0,0,0,0,0,none,0,0,0,17424.1,0,0,0,17,10447.9,1
591,5508,5512,0,5250,1,120.00500010027156,8.40193E-05,0,0,0,0,0,0,0,0,0,0,0,0,0,0,0,0,0,none,0,0,0,12682.9,0,0,0,15,10561,1
592,5508,5512,0,5250,1,120.00500010027156,8.40193E-05,0,0,0,0,0,0,0,0,0,0,0,0,0,0,0,0,0,none,0,0,0,10589.2,0,0,0,7,13779.5,1
593,5508,5512,0,5250,1,120.00500010027156,8.40193E-05,0,0,0,0,0,0,0,0,0,0,0,0,0,0,0,0,0,none,0,0,0,17977.2,0,0,0,17,10442,1
594,5508,5512,0,5250,1,120.00500010027156,8.40193E-05,0,0,0,0,0,0,0,0,0,0,0,0,0,0,0,0,0,none,0,0,0,12303.2,0,0,0,79,8789.7,1
595,5508,5512,0,5250,1,120.00500010027156,8.40193E-05,0,0,0,0,0,0,0,0,0,0,0,0,0,0,0,0,0,none,0,0,0,10656.6,0,0,0,13,38005.5,1
596,5507,5512,1,5250,1,120.00500010027156,8.40193E-05,0,1,8.257638813908469E-09,0,0,0,0,0,0,0,0,0,0,0,8.257638815789559E-09,0,1.881089776645615E-18,no_compact_gain,0,0,0,16036.6,0,0,0,52,10327.4,1
597,5507,5512,0,5250,1,120.00500010027156,8.40193E-05,0,0,0,0,0,0,0,0,0,0,0,0,0,0,0,0,0,none,0,0,0,12008.7,0,0,0,11,9231.62,1
598,5507,5512,0,5250,1,120.00500010027156,8.40193E-05,0,0,0,0,0,0,0,0,0,0,0,0,0,0,0,0,0,none,0,0,0,13248.5,0,0,0,8,13753.5,1
599,5507,5512,0,5250,1,120.00500010027156,8.40193E-05,0,0,0,0,0,0,0,0,0,0,0,0,0,0,0,0,0,none,0,0,0,13321.2,0,0,0,127,10236.8,1
600,5507,5512,0,5250,1,120.00500010027156,8.40193E-05,0,0,0,0,0,0,0,0,0,0,0,0,0,0,0,0,0,none,0,0,0,11759.9,0,0,0,17,10327.8,1
601,5507,5512,0,5250,1,120.00500010027156,8.40193E-05,0,0,0,0,0,0,0,0,0,0,0,0,0,0,0,0,0,none,0,0,0,15981.5,0,0,0,8,26097.3,1
602,5507,5512,0,5250,1,120.00500010027156,8.40193E-05,0,0,0,0,0,0,0,0,0,0,0,0,0,0,0,0,0,none,0,0,0,10704.6,0,0,0,17,10146.1,1
603,5507,5512,0,5250,1,120.00500010027156,8.40193E-05,0,0,0,0,0,0,0,0,0,0,0,0,0,0,0,0,0,none,0,0,0,11512.1,0,0,0,7,19824.7,1
604,5507,5512,0,5250,1,120.00500010027156,8.40193E-05,0,0,0,0,0,0,0,0,0,0,0,0,0,0,0,0,0,none,0,0,0,16790.7,0,0,0,80,8773.05,1
605,5507,5512,0,5250,1,120.00500010027156,8.40193E-05,0,0,0,0,0,0,0,0,0,0,0,0,0,0,0,0,0,none,0,0,0,10544.6,0,0,0,12,10043.6,1
606,5507,5512,0,5250,1,120.00500010027156,8.40193E-05,0,0,0,0,0,0,0,0,0,0,0,0,0,0,0,0,0,none,0,0,0,11258.2,0,0,0,18,18779.1,1
607,5507,5512,0,5250,1,120.00500010027156,8.40193E-05,0,0,0,0,0,0,0,0,0,0,0,0,0,0,0,0,0,none,0,0,0,17143,0,0,0,85,9198.96,1
608,5507,5512,0,5250,1,120.00500010027156,8.40193E-05,0,0,0,0,0,0,0,0,0,0,0,0,0,0,0,0,0,none,0,0,0,13061.3,0,0,0,20,9938.61,1
609,5507,5512,0,5250,1,120.00500010027156,8.40193E-05,0,0,0,0,0,0,0,0,0,0,0,0,0,0,0,0,0,none,0,0,0,11049.5,0,0,0,17,17175.5,1
610,5507,5512,0,5250,1,120.00500010027156,8.40193E-05,0,0,0,0,0,0,0,0,0,0,0,0,0,0,0,0,0,none,0,0,0,17452.2,0,0,0,56,10224.4,1
611,5507,5512,0,5250,1,120.00500010027156,8.40193E-05,0,0,0,0,0,0,0,0,0,0,0,0,0,0,0,0,0,none,0,0,0,11520,0,0,0,11,9854.96,1
612,5507,5512,0,5250,1,120.00500010027156,8.40193E-05,0,0,0,0,0,0,0,0,0,0,0,0,0,0,0,0,0,none,0,0,0,10825.4,0,0,0,9,22584.5,1
613,5507,5512,0,5250,1,120.00500010027156,8.40193E-05,0,0,0,0,0,0,0,0,0,0,0,0,0,0,0,0,0,none,0,0,0,17661.4,0,0,0,57,10339.6,1
614,5507,5512,0,5250,1,120.00500010027156,8.40193E-05,0,0,0,0,0,0,0,0,0,0,0,0,0,0,0,0,0,none,0,0,0,11906.1,0,0,0,11,8755.58,1
615,5507,5512,0,5250,1,120.00500010027156,8.40193E-05,0,0,0,0,0,0,0,0,0,0,0,0,0,0,0,0,0,none,0,0,0,10446,0,0,0,9,45241.6,1
616,5507,5512,0,5250,1,120.00500010027156,8.40193E-05,0,0,0,0,0,0,0,0,0,0,0,0,0,0,0,0,0,none,0,0,0,15468.7,0,0,0,74,12657.2,1
617,5507,5512,0,5250,1,120.00500010027156,8.40193E-05,0,0,0,0,0,0,0,0,0,0,0,0,0,0,0,0,0,none,0,0,0,14192.1,0,0,0,19,9166.96,1
618,5507,5512,0,5250,1,120.00500010027156,8.40193E-05,0,0,0,0,0,0,0,0,0,0,0,0,0,0,0,0,0,none,0,0,0,10886.6,0,0,0,17,12125.7,1
619,5507,5512,0,5250,1,120.00500010027156,8.40193E-05,0,0,0,0,0,0,0,0,0,0,0,0,0,0,0,0,0,none,0,0,0,12924.4,0,0,0,6,27617.5,1
620,5507,5512,0,5250,1,120.00500010027156,8.40193E-05,0,0,0,0,0,0,0,0,0,0,0,0,0,0,0,0,0,none,0,0,0,16650.6,0,0,0,23,9699.24,1
621,5507,5512,0,5250,1,120.00500010027156,8.40193E-05,0,0,0,0,0,0,0,0,0,0,0,0,0,0,0,0,0,none,0,0,0,10920.1,0,0,0,79,10822,1
622,5507,5512,0,5250,1,120.00500010027156,8.40193E-05,0,0,0,0,0,0,0,0,0,0,0,0,0,0,0,0,0,none,0,0,0,10949.9,0,0,0,11,12519.4,1
623,5507,5512,0,5250,1,120.00500010027156,8.40193E-05,0,0,0,0,0,0,0,0,0,0,0,0,0,0,0,0,0,none,0,0,0,17003.2,0,0,0,11,9639.05,1
624,5507,5512,0,5250,1,120.00500010027156,8.40193E-05,0,0,0,0,0,0,0,0,0,0,0,0,0,0,0,0,0,none,0,0,0,11019.2,0,0,0,21,8737.58,1
625,5507,5512,0,5250,1,120.00500010027156,8.40193E-05,0,0,0,0,0,0,0,0,0,0,0,0,0,0,0,0,0,none,0,0,0,10365.4,0,0,0,32,22448.8,1
626,5507,5512,0,5250,1,120.00500010027156,8.40193E-05,0,0,0,0,0,0,0,0,0,0,0,0,0,0,0,0,0,none,0,0,0,16438.1,0,0,0,71,18105.6,1
627,5507,5512,0,5250,1,120.00500010027156,8.40193E-05,0,0,0,0,0,0,0,0,0,0,0,0,0,0,0,0,0,none,0,0,0,11211.5,0,0,0,64,9134.85,1
628,5507,5512,0,5250,1,120.00500010027156,8.40193E-05,0,0,0,0,0,0,0,0,0,0,0,0,0,0,0,0,0,none,0,0,0,12649.3,0,0,0,8,12412.9,1
629,5507,5512,0,5250,1,120.00500010027156,8.40193E-05,0,0,0,0,0,0,0,0,0,0,0,0,0,0,0,0,0,none,0,0,0,13834.9,0,0,0,17,11737.7,1
630,5507,5512,0,5250,1,120.00500010027156,8.40193E-05,0,0,0,0,0,0,0,0,0,0,0,0,0,0,0,0,0,none,0,0,0,11461.9,0,0,0,46,10043.9,1
631,5507,5512,0,5250,1,120.00500010027156,8.40193E-05,0,0,0,0,0,0,0,0,0,0,0,0,0,0,0,0,0,none,0,0,0,15520.2,0,0,0,70,18804.9,1
632,5507,5512,0,5250,1,120.00500010027156,8.40193E-05,0,0,0,0,0,0,0,0,0,0,0,0,0,0,0,0,0,none,0,0,0,11080.1,0,0,0,9,10665.4,1
633,5507,5512,0,5250,1,120.00500010027156,8.40193E-05,0,0,0,0,0,0,0,0,0,0,0,0,0,0,0,0,0,none,0,0,0,11355,0,0,0,11,19708.5,1
634,5507,5512,0,5250,1,120.00500010027156,8.40193E-05,0,0,0,0,0,0,0,0,0,0,0,0,0,0,0,0,0,none,0,0,0,13814.4,0,0,0,10,12334.4,1
635,5507,5512,0,5250,1,120.00500010027156,8.40193E-05,0,0,0,0,0,0,0,0,0,0,0,0,0,0,0,0,0,none,0,0,0,10303.1,0,0,0,12,19172.5,1
636,5507,5512,0,5250,1,120.00500010027156,8.40193E-05,0,0,0,0,0,0,0,0,0,0,0,0,0,0,0,0,0,none,0,0,0,11957.8,0,0,0,16,17321.2,1
637,5507,5512,0,5250,1,120.00500010027156,8.40193E-05,0,0,0,0,0,0,0,0,0,0,0,0,0,0,0,0,0,none,0,0,0,18899.2,0,0,0,16,9102.82,1
638,5507,5512,0,5250,1,120.00500010027156,8.40193E-05,0,0,0,0,0,0,0,0,0,0,0,0,0,0,0,0,0,none,0,0,0,12440.1,0,0,0,11,19971.2,1
639,5507,5512,0,5250,1,120.00500010027156,8.40193E-05,0,0,0,0,0,0,0,0,0,0,0,0,0,0,0,0,0,none,0,0,0,12239.2,0,0,0,10,34348.3,1
640,5507,5512,0,5250,1,120.00500010027156,8.40193E-05,0,0,0,0,0,0,0,0,0,0,0,0,0,0,0,0,0,none,0,0,0,12916,0,0,0,12,9960.04,1
641,5507,5512,0,5250,1,120.00500010027156,8.40193E-05,0,0,0,0,0,0,0,0,0,0,0,0,0,0,0,0,0,none,0,0,0,12036.6,0,0,0,55,19271.2,1
642,5507,5512,0,5250,1,120.00500010027156,8.40193E-05,0,0,0,0,0,0,0,0,0,0,0,0,0,0,0,0,0,none,0,0,0,11219.2,0,0,0,4,574020,1
643,5507,5512,0,5250,1,120.00500010027156,8.40193E-05,0,0,0,0,0,0,0,0,0,0,0,0,0,0,0,0,0,none,0,0,0,17949.2,0,0,0,72,10531,1
644,5507,5512,0,5250,1,120.00500010027156,8.40193E-05,0,0,0,0,0,0,0,0,0,0,0,0,0,0,0,0,0,none,0,0,0,11454.1,0,0,0,112,20199.7,1
645,5507,5512,0,5250,1,120.00500010027156,8.40193E-05,0,0,0,0,0,0,0,0,0,0,0,0,0,0,0,0,0,none,0,0,0,10256.9,0,0,0,19,17377.8,1
646,5507,5512,0,5250,1,120.00500010027156,8.40193E-05,0,0,0,0,0,0,0,0,0,0,0,0,0,0,0,0,0,none,0,0,0,15628.1,0,0,0,21,12092.4,1
647,5507,5512,0,5250,1,120.00500010027156,8.40193E-05,0,0,0,0,0,0,0,0,0,0,0,0,0,0,0,0,0,none,0,0,0,13250.2,0,0,0,18,9071.09,1
648,5507,5512,0,5250,1,120.00500010027156,8.40193E-05,0,0,0,0,0,0,0,0,0,0,0,0,0,0,0,0,0,none,0,0,0,12241.9,0,0,0,85,13080.9,1
649,5507,5512,0,5250,1,120.00500010027156,8.40193E-05,0,0,0,0,0,0,0,0,0,0,0,0,0,0,0,0,0,none,0,0,0,13848.9,0,0,0,15,11695.9,1
650,5507,5512,0,5250,1,120.00500010027156,8.40193E-05,0,0,0,0,0,0,0,0,0,0,0,0,0,0,0,0,0,none,0,0,0,14455,0,0,0,5,9879.61,1
651,5507,5512,0,5250,1,120.00500010027156,8.40193E-05,0,0,0,0,0,0,0,0,0,0,0,0,0,0,0,0,0,none,0,0,0,13801.8,0,0,0,20,11165.2,1
652,5507,5512,0,5250,1,120.00500010027156,8.40193E-05,0,0,0,0,0,0,0,0,0,0,0,0,0,0,0,0,0,none,0,0,0,11368.6,0,0,0,15,11424.6,1
653,5507,5512,0,5250,1,120.00500010027156,8.40193E-05,0,0,0,0,0,0,0,0,0,0,0,0,0,0,0,0,0,none,0,0,0,14122.8,0,0,0,76,13247.6,1
654,5507,5512,0,5250,1,120.00500010027156,8.40193E-05,0,0,0,0,0,0,0,0,0,0,0,0,0,0,0,0,0,none,0,0,0,14112.1,0,0,0,19,10416.8,1
655,5507,5512,0,5250,1,120.00500010027156,8.40193E-05,0,0,0,0,0,0,0,0,0,0,0,0,0,0,0,0,0,none,0,0,0,10224.7,0,0,0,16,11211.4,1
656,5507,5512,0,5250,1,120.00500010027156,8.40193E-05,0,0,0,0,0,0,0,0,0,0,0,0,0,0,0,0,0,none,0,0,0,13812.7,0,0,0,5,38381.7,1
657,5507,5512,0,5250,1,120.00500010027156,8.40193E-05,0,0,0,0,0,0,0,0,0,0,0,0,0,0,0,0,0,none,0,0,0,14442.5,0,0,0,9,9039.16,1
658,5507,5512,0,5250,1,120.00500010027156,8.40193E-05,0,0,0,0,0,0,0,0,0,0,0,0,0,0,0,0,0,none,0,0,0,12057.6,0,0,0,122,11004.3,1
659,5507,5512,0,5250,1,120.00500010027156,8.40193E-05,0,0,0,0,0,0,0,0,0,0,0,0,0,0,0,0,0,none,0,0,0,13464.7,0,0,0,17,12486.2,1
660,5507,5512,0,5250,1,120.00500010027156,8.40193E-05,0,0,0,0,0,0,0,0,0,0,0,0,0,0,0,0,0,none,0,0,0,13316.2,0,0,0,8,9803.2,1
661,5507,5512,0,5250,1,120.00500010027156,8.40193E-05,0,0,0,0,0,0,0,0,0,0,0,0,0,0,0,0,0,none,0,0,0,14935.7,0,0,0,63,10784.1,1
662,5507,5512,0,5250,1,120.00500010027156,8.40193E-05,0,0,0,0,0,0,0,0,0,0,0,0,0,0,0,0,0,none,0,0,0,11526.5,0,0,0,21,10957.3,1
663,5507,5512,0,5250,1,120.00500010027156,8.40193E-05,0,0,0,0,0,0,0,0,0,0,0,0,0,0,0,0,0,none,0,0,0,11475.1,0,0,0,4,17504.2,1
664,5507,5512,0,5250,1,120.00500010027156,8.40193E-05,0,0,0,0,0,0,0,0,0,0,0,0,0,0,0,0,0,none,0,0,0,17306.1,0,0,0,21,10576.5,1
665,5507,5512,0,5250,1,120.00500010027156,8.40193E-05,0,0,0,0,0,0,0,0,0,0,0,0,0,0,0,0,0,none,0,0,0,10205.2,0,0,0,16,10316.6,1
666,5507,5512,0,5250,1,120.00500010027156,8.40193E-05,0,0,0,0,0,0,0,0,0,0,0,0,0,0,0,0,0,none,0,0,0,11989.8,0,0,0,10,19242.8,1
667,5507,5512,0,5250,1,120.00500010027156,8.40193E-05,0,0,0,0,0,0,0,0,0,0,0,0,0,0,0,0,0,none,0,0,0,17889.4,0,0,0,16,9006.1,1
668,5507,5512,0,5250,1,120.00500010027156,8.40193E-05,0,0,0,0,0,0,0,0,0,0,0,0,0,0,0,0,0,none,0,0,0,11884,0,0,0,9,18527.6,1
669,5507,5512,0,5250,1,120.00500010027156,8.40193E-05,0,0,0,0,0,0,0,0,0,0,0,0,0,0,0,0,0,none,0,0,0,14320.1,0,0,0,12,19904,1
670,5507,5512,0,5250,1,120.00500010027156,8.40193E-05,0,0,0,0,0,0,0,0,0,0,0,0,0,0,0,0,0,none,0,0,0,17955.9,0,0,0,80,9730.25,1
671,5507,5512,0,5250,1,120.00500010027156,8.40193E-05,0,0,0,0,0,0,0,0,0,0,0,0,0,0,0,0,0,none,0,0,0,11966.3,0,0,0,7,12440.6,1
672,5507,5512,0,5250,1,120.00500010027156,8.40193E-05,0,0,0,0,0,0,0,0,0,0,0,0,0,0,0,0,0,none,0,0,0,11689.9,0,0,0,52,17573.8,1
673,5507,5512,0,5250,1,120.00500010027156,8.40193E-05,0,0,0,0,0,0,0,0,0,0,0,0,0,0,0,0,0,none,0,0,0,18663.1,0,0,0,15,10222.5,1
674,5507,5512,0,5250,1,120.00500010027156,8.40193E-05,0,0,0,0,0,0,0,0,0,0,0,0,0,0,0,0,0,none,0,0,0,11360.8,0,0,0,14,18775.5,1
675,5507,5512,0,5250,1,120.00500010027156,8.40193E-05,0,0,0,0,0,0,0,0,0,0,0,0,0,0,0,0,0,none,0,0,0,10198.2,0,0,0,111,17566,1
676,5507,5512,0,5250,1,120.00500010027156,8.40193E-05,0,0,0,0,0,0,0,0,0,0,0,0,0,0,0,0,0,none,0,0,0,17130.4,0,0,0,15,10130.2,1
677,5507,5512,0,5250,1,120.00500010027156,8.40193E-05,0,0,0,0,0,0,0,0,0,0,0,0,0,0,0,0,0,none,0,0,0,11470.3,0,0,0,16,8971.51,1
678,5507,5512,0,5250,1,120.00500010027156,8.40193E-05,0,0,0,0,0,0,0,0,0,0,0,0,0,0,0,0,0,none,0,0,0,11716.3,0,0,0,10,24854.6,1
679,5507,5512,0,5250,1,120.00500010027156,8.40193E-05,0,0,0,0,0,0,0,0,0,0,0,0,0,0,0,0,0,none,0,0,0,14716.3,0,0,0,12,10026,1
680,5507,5512,0,5250,1,120.00500010027156,8.40193E-05,0,0,0,0,0,0,0,0,0,0,0,0,0,0,0,0,0,none,0,0,0,11219.1,0,0,0,73,9658.87,1
681,5507,5512,0,5250,1,120.00500010027156,8.40193E-05,0,0,0,0,0,0,0,0,0,0,0,0,0,0,0,0,0,none,0,0,0,14565,0,0,0,78,11656.4,1
682,5507,5512,0,5250,1,120.00500010027156,8.40193E-05,0,0,0,0,0,0,0,0,0,0,0,0,0,0,0,0,0,none,0,0,0,11856.8,0,0,0,17,9922.96,1
683,5507,5512,0,5250,1,120.00500010027156,8.40193E-05,0,0,0,0,0,0,0,0,0,0,0,0,0,0,0,0,0,none,0,0,0,11023.9,0,0,0,16,11732.9,1
684,5507,5512,0,5250,1,120.00500010027156,8.40193E-05,0,0,0,0,0,0,0,0,0,0,0,0,0,0,0,0,0,none,0,0,0,17005.2,0,0,0,12,10631.3,1
685,5507,5512,0,5250,1,120.00500010027156,8.40193E-05,0,0,0,0,0,0,0,0,0,0,0,0,0,0,0,0,0,none,0,0,0,10203.2,0,0,0,93,9844.03,1
686,5507,5512,0,5250,1,120.00500010027156,8.40193E-05,0,0,0,0,0,0,0,0,0,0,0,0,0,0,0,0,0,none,0,0,0,10922.1,0,0,0,5,20367.7,1
687,5507,5512,0,5250,1,120.00500010027156,8.40193E-05,0,0,0,0,0,0,0,0,0,0,0,0,0,0,0,0,0,none,0,0,0,16708.3,0,0,0,17,8936.6,1
688,5507,5512,0,5250,1,120.00500010027156,8.40193E-05,0,0,0,0,0,0,0,0,0,0,0,0,0,0,0,0,0,none,0,0,0,11552.1,0,0,0,13,9788.9,1
689,5507,5512,0,5250,1,120.00500010027156,8.40193E-05,0,0,0,0,0,0,0,0,0,0,0,0,0,0,0,0,0,none,0,0,0,10887,0,0,0,59,12285.5,1
690,5507,5512,0,5250,1,120.00500010027156,8.40193E-05,0,0,0,0,0,0,0,0,0,0,0,0,0,0,0,0,0,none,0,0,0,14259.7,0,0,0,14,9587.24,1
691,5507,5512,0,5250,1,120.00500010027156,8.40193E-05,0,0,0,0,0,0,0,0,0,0,0,0,0,0,0,0,0,none,0,0,0,14389.2,0,0,0,14,9741.83,1
692,5507,5512,0,5250,1,120.00500010027156,8.40193E-05,0,0,0,0,0,0,0,0,0,0,0,0,0,0,0,0,0,none,0,0,0,10889,0,0,0,53,11355.3,1
693,5507,5512,0,5250,1,120.00500010027156,8.40193E-05,0,0,0,0,0,0,0,0,0,0,0,0,0,0,0,0,0,none,0,0,0,11949.7,0,0,0,14,11500.9,1
694,5506,5512,1,5250,1,120.00500010027156,8.40193E-05,0,1,4.112279973512718E-10,0,0,0,0,0,0,0,0,0,0,0,4.1122799609993876E-10,0,-1.2513330329748663E-18,no_compact_gain,0,0,0,16863.1,0,0,0,11,9690.12,1
695,5506,5512,0,5250,1,120.00500010027156,8.40193E-05,0,0,0,0,0,0,0,0,0,0,0,0,0,0,0,0,0,none,0,0,0,10220.7,0,0,0,8,10502.1,1
696,5506,5512,0,5250,1,120.00500010027156,8.40193E-05,0,0,0,0,0,0,0,0,0,0,0,0,0,0,0,0,0,none,0,0,0,11495.1,0,0,0,11,14023.6,1
697,5506,5512,0,5250,1,120.00500010027156,8.40193E-05,0,0,0,0,0,0,0,0,0,0,0,0,0,0,0,0,0,none,0,0,0,17460.4,0,0,0,74,8903.84,1
698,5506,5512,0,5250,1,120.00500010027156,8.40193E-05,0,0,0,0,0,0,0,0,0,0,0,0,0,0,0,0,0,none,0,0,0,11043.4,0,0,0,10,25186.4,1
699,5506,5512,0,5250,1,120.00500010027156,8.40193E-05,0,0,0,0,0,0,0,0,0,0,0,0,0,0,0,0,0,none,0,0,0,13374.4,0,0,0,15,17803.2,1
700,5506,5512,0,5250,1,120.00500010027156,8.40193E-05,0,0,0,0,0,0,0,0,0,0,0,0,0,0,0,0,0,none,0,0,0,17153.7,0,0,0,28,9515.52,1
701,5506,5512,0,5250,1,120.00500010027156,8.40193E-05,0,0,0,0,0,0,0,0,0,0,0,0,0,0,0,0,0,none,0,0,0,11249,0,0,0,5,26871.4,1
702,5506,5512,0,5250,1,120.00500010027156,8.40193E-05,0,0,0,0,0,0,0,0,0,0,0,0,0,0,0,0,0,none,0,0,0,12211,0,0,0,80,13517.6,1
703,5506,5512,0,5250,1,120.00500010027156,8.40193E-05,0,0,0,0,0,0,0,0,0,0,0,0,0,0,0,0,0,none,0,0,0,16801.3,0,0,0,59,11111.8,1
704,5506,5512,0,5250,1,120.00500010027156,8.40193E-05,0,0,0,0,0,0,0,0,0,0,0,0,0,0,0,0,0,none,0,0,0,11502.4,0,0,0,10,48841.8,1
705,5506,5512,0,5250,1,120.00500010027156,8.40193E-05,0,0,0,0,0,0,0,0,0,0,0,0,0,0,0,0,0,none,0,0,0,10250.8,0,0,0,14,24134.7,1
706,5506,5512,0,5250,1,120.00500010027156,8.40193E-05,0,0,0,0,0,0,0,0,0,0,0,0,0,0,0,0,0,none,0,0,0,16481.6,0,0,0,53,10391.9,1
707,5506,5512,0,5250,1,120.00500010027156,8.40193E-05,0,0,0,0,0,0,0,0,0,0,0,0,0,0,0,0,0,none,0,0,0,11737.7,0,0,0,76,8875.3,1
708,5506,5512,0,5250,1,120.00500010027156,8.40193E-05,0,0,0,0,0,0,0,0,0,0,0,0,0,0,0,0,0,none,0,0,0,11241.9,0,0,0,14,12946.5,1
709,5506,5512,0,5250,1,120.00500010027156,8.40193E-05,0,0,0,0,0,0,0,0,0,0,0,0,0,0,0,0,0,none,0,0,0,15300.8,0,0,0,9,26940.1,1
710,5506,5512,0,5250,1,120.00500010027156,8.40193E-05,0,0,0,0,0,0,0,0,0,0,0,0,0,0,0,0,0,none,0,0,0,11998.6,0,0,0,17,9446.74,1
711,5506,5512,0,5250,1,120.00500010027156,8.40193E-05,0,0,0,0,0,0,0,0,0,0,0,0,0,0,0,0,0,none,0,0,0,14037.3,0,0,0,7,12365.9,1
712,5506,5512,0,5250,1,120.00500010027156,8.40193E-05,0,0,0,0,0,0,0,0,0,0,0,0,0,0,0,0,0,none,0,0,0,12406.6,0,0,0,73,18830.3,1
713,5506,5512,0,5250,1,120.00500010027156,8.40193E-05,0,0,0,0,0,0,0,0,0,0,0,0,0,0,0,0,0,none,0,0,0,12290.2,0,0,0,14,11068.5,1
714,5506,5512,0,5250,1,120.00500010027156,8.40193E-05,0,0,0,0,0,0,0,0,0,0,0,0,0,0,0,0,0,none,0,0,0,16593.3,0,0,0,13,10913.2,1
715,5506,5512,0,5250,1,120.00500010027156,8.40193E-05,0,0,0,0,0,0,0,0,0,0,0,0,0,0,0,0,0,none,0,0,0,10294.5,0,0,0,4,24362,1
716,5506,5512,0,5250,1,120.00500010027156,8.40193E-05,0,0,0,0,0,0,0,0,0,0,0,0,0,0,0,0,0,none,0,0,0,12666.5,0,0,0,9,19188.3,1
717,5506,5512,0,5250,1,120.00500010027156,8.40193E-05,0,0,0,0,0,0,0,0,0,0,0,0,0,0,0,0,0,none,0,0,0,17474.4,0,0,0,30,8851.52,1
718,5506,5512,0,5250,1,120.00500010027156,8.40193E-05,0,0,0,0,0,0,0,0,0,0,0,0,0,0,0,0,0,none,0,0,0,11101,0,0,0,71,27959.5,1
719,5506,5512,0,5250,1,120.00500010027156,8.40193E-05,0,0,0,0,0,0,0,0,0,0,0,0,0,0,0,0,0,none,0,0,0,13103.4,0,0,0,10,20271.5,1
720,5506,5512,0,5250,1,120.00500010027156,8.40193E-05,0,0,0,0,0,0,0,0,0,0,0,0,0,0,0,0,0,none,0,0,0,15214.8,0,0,0,55,9385,1
721,5506,5512,0,5250,1,120.00500010027156,8.40193E-05,0,0,0,0,0,0,0,0,0,0,0,0,0,0,0,0,0,none,0,0,0,13861.7,0,0,0,6,45204.3,1
722,5506,5512,0,5250,1,120.00500010027156,8.40193E-05,0,0,0,0,0,0,0,0,0,0,0,0,0,0,0,0,0,none,0,0,0,12614.4,0,0,0,12,11930.3,1
723,5506,5512,0,5250,1,120.00500010027156,8.40193E-05,0,0,0,0,0,0,0,0,0,0,0,0,0,0,0,0,0,none,0,0,0,12690.5,0,0,0,57,10866.5,1
724,5506,5512,0,5250,1,120.00500010027156,8.40193E-05,0,0,0,0,0,0,0,0,0,0,0,0,0,0,0,0,0,none,0,0,0,14396.8,0,0,0,75,17133.3,1
725,5506,5512,0,5250,1,120.00500010027156,8.40193E-05,0,0,0,0,0,0,0,0,0,0,0,0,0,0,0,0,0,none,0,0,0,10353.8,0,0,0,15,10744.5,1
726,5506,5512,0,5250,1,120.00500010027156,8.40193E-05,0,0,0,0,0,0,0,0,0,0,0,0,0,0,0,0,0,none,0,0,0,11351.5,0,0,0,14,11387.5,1
727,5506,5512,0,5250,1,120.00500010027156,8.40193E-05,0,0,0,0,0,0,0,0,0,0,0,0,0,0,0,0,0,none,0,0,0,14072.3,0,0,0,6,8831.76,1
728,5506,5512,0,5250,1,120.00500010027156,8.40193E-05,0,0,0,0,0,0,0,0,0,0,0,0,0,0,0,0,0,none,0,0,0,10969.5,0,0,0,10,20314.2,1
729,5506,5512,0,5250,1,120.00500010027156,8.40193E-05,0,0,0,0,0,0,0,0,0,0,0,0,0,0,0,0,0,none,0,0,0,12497.7,0,0,0,76,11178.1,1
730,5506,5512,0,5250,1,120.00500010027156,8.40193E-05,0,0,0,0,0,0,0,0,0,0,0,0,0,0,0,0,0,none,0,0,0,13759.8,0,0,0,11,9332.42,1
731,5506,5512,0,5250,1,120.00500010027156,8.40193E-05,0,0,0,0,0,0,0,0,0,0,0,0,0,0,0,0,0,none,0,0,0,13689.3,0,0,0,8,19774.6,1
732,5506,5512,0,5250,1,120.00500010027156,8.40193E-05,0,0,0,0,0,0,0,0,0,0,0,0,0,0,0,0,0,none,0,0,0,12825.4,0,0,0,15,10969.1,1
733,5506,5512,0,5250,1,120.00500010027156,8.40193E-05,0,0,0,0,0,0,0,0,0,0,0,0,0,0,0,0,0,none,0,0,0,13401.2,0,0,0,19,10682.9,1
734,5506,5512,0,5250,1,120.00500010027156,8.40193E-05,0,0,0,0,0,0,0,0,0,0,0,0,0,0,0,0,0,none,0,0,0,12242.9,0,0,0,119,18132.1,1
735,5506,5512,0,5250,1,120.00500010027156,8.40193E-05,0,0,0,0,0,0,0,0,0,0,0,0,0,0,0,0,0,none,0,0,0,10431.2,0,0,0,15,10748.1,1
736,5506,5512,0,5250,1,120.00500010027156,8.40193E-05,0,0,0,0,0,0,0,0,0,0,0,0,0,0,0,0,0,none,0,0,0,12976.6,0,0,0,28,10598.5,1
737,5506,5512,0,5250,1,120.00500010027156,8.40193E-05,0,0,0,0,0,0,0,0,0,0,0,0,0,0,0,0,0,none,0,0,0,11386.8,0,0,0,52,8814.66,1
738,5506,5512,0,5250,1,120.00500010027156,8.40193E-05,0,0,0,0,0,0,0,0,0,0,0,0,0,0,0,0,0,none,0,0,0,10844.2,0,0,0,8,10546.9,1
739,5506,5512,0,5250,1,120.00500010027156,8.40193E-05,0,0,0,0,0,0,0,0,0,0,0,0,0,0,0,0,0,none,0,0,0,12549,0,0,0,73,13808.9,1
740,5506,5512,0,5250,1,120.00500010027156,8.40193E-05,0,0,0,0,0,0,0,0,0,0,0,0,0,0,0,0,0,none,0,0,0,12979.2,0,0,0,13,9288.42,1
741,5506,5512,0,5250,1,120.00500010027156,8.40193E-05,0,0,0,0,0,0,0,0,0,0,0,0,0,0,0,0,0,none,0,0,0,13519.4,0,0,0,12,10400,1
742,5506,5512,0,5250,1,120.00500010027156,8.40193E-05,0,0,0,0,0,0,0,0,0,0,0,0,0,0,0,0,0,none,0,0,0,12198.7,0,0,0,2,93960,1
743,5506,5512,0,5250,1,120.00500010027156,8.40193E-05,0,0,0,0,0,0,0,0,0,0,0,0,0,0,0,0,0,none,0,0,0,15525.8,0,0,0,8,10524.8,1
744,5506,5512,0,5250,1,120.00500010027156,8.40193E-05,0,0,0,0,0,0,0,0,0,0,0,0,0,0,0,0,0,none,0,0,0,15506.4,0,0,0,20,10296.5,1
745,5506,5512,0,5250,1,120.00500010027156,8.40193E-05,0,0,0,0,0,0,0,0,0,0,0,0,0,0,0,0,0,none,0,0,0,10527,0,0,0,14,13807.2,1
746,5506,5512,0,5250,1,120.00500010027156,8.40193E-05,0,0,0,0,0,0,0,0,0,0,0,0,0,0,0,0,0,none,0,0,0,16284,0,0,0,5,20401.9,1
747,5506,5512,0,5250,1,120.00500010027156,8.40193E-05,0,0,0,0,0,0,0,0,0,0,0,0,0,0,0,0,0,none,0,0,0,18068.7,0,0,0,13,8798.67,1
748,5506,5512,0,5250,1,120.00500010027156,8.40193E-05,0,0,0,0,0,0,0,0,0,0,0,0,0,0,0,0,0,none,0,0,0,10722.7,0,0,0,6,20215.2,1
749,5506,5512,0,5250,1,120.00500010027156,8.40193E-05,0,0,0,0,0,0,0,0,0,0,0,0,0,0,0,0,0,none,0,0,0,15958.5,0,0,0,7,18736.9,1
750,5506,5512,0,5250,1,120.00500010027156,8.40193E-05,0,0,0,0,0,0,0,0,0,0,0,0,0,0,0,0,0,none,0,0,0,16121.4,0,0,0,16,9250.81,1
751,5506,5512,0,5250,1,120.00500010027156,8.40193E-05,0,0,0,0,0,0,0,0,0,0,0,0,0,0,0,0,0,none,0,0,0,11428.3,0,0,0,116,13286.3,1
752,5506,5512,0,5250,1,120.00500010027156,8.40193E-05,0,0,0,0,0,0,0,0,0,0,0,0,0,0,0,0,0,none,0,0,0,13217.9,0,0,0,22,12777.4,1
753,5506,5512,0,5250,1,120.00500010027156,8.40193E-05,0,0,0,0,0,0,0,0,0,0,0,0,0,0,0,0,0,none,0,0,0,13593.3,0,0,0,14,10008.4,1
754,5506,5512,0,5250,1,120.00500010027156,8.40193E-05,0,0,0,0,0,0,0,0,0,0,0,0,0,0,0,0,0,none,0,0,0,11181.5,0,0,0,51,20465,1
755,5506,5512,0,5250,1,120.00500010027156,8.40193E-05,0,0,0,0,0,0,0,0,0,0,0,0,0,0,0,0,0,none,0,0,0,10637,0,0,0,80,11060.9,1
756,5506,5512,0,5250,1,120.00500010027156,8.40193E-05,0,0,0,0,0,0,0,0,0,0,0,0,0,0,0,0,0,none,0,0,0,11582,0,0,0,71,9908.03,1
757,5506,5512,0,5250,1,120.00500010027156,8.40193E-05,0,0,0,0,0,0,0,0,0,0,0,0,0,0,0,0,0,none,0,0,0,11001.1,0,0,0,13,8782.46,1
758,5506,5512,0,5250,1,120.00500010027156,8.40193E-05,0,0,0,0,0,0,0,0,0,0,0,0,0,0,0,0,0,none,0,0,0,10606,0,0,0,21,10367.7,1
759,5506,5512,0,5250,1,120.00500010027156,8.40193E-05,0,0,0,0,0,0,0,0,0,0,0,0,0,0,0,0,0,none,0,0,0,11810.2,0,0,0,7,9833.77,1
760,5506,5512,0,5250,1,120.00500010027156,8.40193E-05,0,0,0,0,0,0,0,0,0,0,0,0,0,0,0,0,0,none,0,0,0,10912.8,0,0,0,8,9217.03,1
761,5506,5512,0,5250,1,120.00500010027156,8.40193E-05,0,0,0,0,0,0,0,0,0,0,0,0,0,0,0,0,0,none,0,0,0,13167.6,0,0,0,73,18138.8,1
762,5506,5512,0,5250,1,120.00500010027156,8.40193E-05,0,0,0,0,0,0,0,0,0,0,0,0,0,0,0,0,0,none,0,0,0,13394.8,0,0,0,10,9781.06,1
763,5506,5512,0,5250,1,120.00500010027156,8.40193E-05,0,0,0,0,0,0,0,0,0,0,0,0,0,0,0,0,0,none,0,0,0,10885.3,0,0,0,20,10280.5,1
764,5506,5512,0,5250,1,120.00500010027156,8.40193E-05,0,0,0,0,0,0,0,0,0,0,0,0,0,0,0,0,0,none,0,0,0,13068.5,0,0,0,8,19581.5,1
765,5506,5512,0,5250,1,120.00500010027156,8.40193E-05,0,0,0,0,0,0,0,0,0,0,0,0,0,0,0,0,0,none,0,0,0,10755.2,0,0,0,20,9733.94,1
766,5506,5512,0,5250,1,120.00500010027156,8.40193E-05,0,0,0,0,0,0,0,0,0,0,0,0,0,0,0,0,0,none,0,0,0,10892.4,0,0,0,74,10870.7,1
767,5506,5512,0,5250,1,120.00500010027156,8.40193E-05,0,0,0,0,0,0,0,0,0,0,0,0,0,0,0,0,0,none,0,0,0,11405.5,0,0,0,9,8765.43,1
768,5506,5512,0,5250,1,120.00500010027156,8.40193E-05,0,0,0,0,0,0,0,0,0,0,0,0,0,0,0,0,0,none,0,0,0,10499.1,0,0,0,59,9680.71,1
769,5506,5512,0,5250,1,120.00500010027156,8.40193E-05,0,0,0,0,0,0,0,0,0,0,0,0,0,0,0,0,0,none,0,0,0,10942.4,0,0,0,16,10272,1
770,5506,5512,0,5250,1,120.00500010027156,8.40193E-05,0,0,0,0,0,0,0,0,0,0,0,0,0,0,0,0,0,none,0,0,0,12170.9,0,0,0,13,9184.84,1
771,5506,5512,0,5250,1,120.00500010027156,8.40193E-05,0,0,0,0,0,0,0,0,0,0,0,0,0,0,0,0,0,none,0,0,0,12974.2,0,0,0,49,9617.65,1
772,5506,5512,0,5250,1,120.00500010027156,8.40193E-05,0,0,0,0,0,0,0,0,0,0,0,0,0,0,0,0,0,none,0,0,0,11070,0,0,0,14,19316.5,1
773,5506,5512,0,5250,1,120.00500010027156,8.40193E-05,0,0,0,0,0,0,0,0,0,0,0,0,0,0,0,0,0,none,0,0,0,14576.9,0,0,0,4,10182.4,1
774,5506,5512,0,5250,1,120.00500010027156,8.40193E-05,0,0,0,0,0,0,0,0,0,0,0,0,0,0,0,0,0,none,0,0,0,15776.4,0,0,0,10,11839.9,1
775,5506,5512,0,5250,1,120.00500010027156,8.40193E-05,0,0,0,0,0,0,0,0,0,0,0,0,0,0,0,0,0,none,0,0,0,10877.5,0,0,0,11,12397.1,1
776,5506,5512,0,5250,1,120.00500010027156,8.40193E-05,0,0,0,0,0,0,0,0,0,0,0,0,0,0,0,0,0,none,0,0,0,16973.2,0,0,0,11,19294.2,1
777,5506,5512,0,5250,1,120.00500010027156,8.40193E-05,0,0,0,0,0,0,0,0,0,0,0,0,0,0,0,0,0,none,0,0,0,16745.4,0,0,0,12,8747.7,1
778,5506,5512,0,5250,1,120.00500010027156,8.40193E-05,0,0,0,0,0,0,0,0,0,0,0,0,0,0,0,0,0,none,0,0,0,10408.1,0,0,0,70,17141.8,1
779,5506,5512,0,5250,1,120.00500010027156,8.40193E-05,0,0,0,0,0,0,0,0,0,0,0,0,0,0,0,0,0,none,0,0,0,16360.3,0,0,0,9,19477.8,1
780,5506,5512,0,5250,1,120.00500010027156,8.40193E-05,0,0,0,0,0,0,0,0,0,0,0,0,0,0,0,0,0,none,0,0,0,16434.5,0,0,0,11,9152.81,1
781,5506,5512,0,5250,1,120.00500010027156,8.40193E-05,0,0,0,0,0,0,0,0,0,0,0,0,0,0,0,0,0,none,0,0,0,11789,0,0,0,21,12323.4,1
782,5506,5512,0,5250,1,120.00500010027156,8.40193E-05,0,0,0,0,0,0,0,0,0,0,0,0,0,0,0,0,0,none,0,0,0,13735.3,0,0,0,48,19466.5,1
783,5506,5512,0,5250,1,120.00500010027156,8.40193E-05,0,0,0,0,0,0,0,0,0,0,0,0,0,0,0,0,0,none,0,0,0,14543.3,0,0,0,74,10092.2,1
784,5506,5512,0,5250,1,120.00500010027156,8.40193E-05,0,0,0,0,0,0,0,0,0,0,0,0,0,0,0,0,0,none,0,0,0,12040.4,0,0,0,6,20798.4,1
785,5506,5512,0,5250,1,120.00500010027156,8.40193E-05,0,0,0,0,0,0,0,0,0,0,0,0,0,0,0,0,0,none,0,0,0,11004.1,0,0,0,52,11505,1
786,5506,5512,0,5250,1,120.00500010027156,8.40193E-05,0,0,0,0,0,0,0,0,0,0,0,0,0,0,0,0,0,none,0,0,0,12146.2,0,0,0,8,19430.6,1
787,5506,5512,0,5250,1,120.00500010027156,8.40193E-05,0,0,0,0,0,0,0,0,0,0,0,0,0,0,0,0,0,none,0,0,0,12343.6,0,0,0,6,8729.48,1
788,5506,5512,0,5250,1,120.00500010027156,8.40193E-05,0,0,0,0,0,0,0,0,0,0,0,0,0,0,0,0,0,none,0,0,0,10335.7,0,0,0,78,10567,1
789,5506,5512,0,5250,1,120.00500010027156,8.40193E-05,0,0,0,0,0,0,0,0,0,0,0,0,0,0,0,0,0,none,0,0,0,11412.9,0,0,0,7,17557,1
790,5506,5512,0,5250,1,120.00500010027156,8.40193E-05,0,0,0,0,0,0,0,0,0,0,0,0,0,0,0,0,0,none,0,0,0,12733.5,0,0,0,12,9120.68,1
791,5506,5512,0,5250,1,120.00500010027156,8.40193E-05,0,0,0,0,0,0,0,0,0,0,0,0,0,0,0,0,0,none,0,0,0,12556.1,0,0,0,13,12444.4,1
792,5506,5512,0,5250,1,120.00500010027156,8.40193E-05,0,0,0,0,0,0,0,0,0,0,0,0,0,0,0,0,0,none,0,0,0,13099.9,0,0,0,71,24890.7,1
793,5506,5512,0,5250,1,120.00500010027156,8.40193E-05,0,0,0,0,0,0,0,0,0,0,0,0,0,0,0,0,0,none,0,0,0,13172,0,0,0,76,10006.5,1
794,5506,5512,0,5250,1,120.00500010027156,8.40193E-05,0,0,0,0,0,0,0,0,0,0,0,0,0,0,0,0,0,none,0,0,0,14002,0,0,0,14,11945.6,1
795,5506,5512,0,5250,1,120.00500010027156,8.40193E-05,0,0,0,0,0,0,0,0,0,0,0,0,0,0,0,0,0,none,0,0,0,11137.7,0,0,0,6,19252.6,1
796,5506,5512,0,5250,1,120.00500010027156,8.40193E-05,0,0,0,0,0,0,0,0,0,0,0,0,0,0,0,0,0,none,0,0,0,13569.6,0,0,0,14,11232.6,1
797,5506,5512,0,5250,1,120.00500010027156,8.40193E-05,0,0,0,0,0,0,0,0,0,0,0,0,0,0,0,0,0,none,0,0,0,11790.5,0,0,0,11,11596.7,1
798,5506,5512,0,5250,1,120.00500010027156,8.40193E-05,0,0,0,0,0,0,0,0,0,0,0,0,0,0,0,0,0,none,0,0,0,10280.9,0,0,0,6,20035,1
799,5506,5512,0,5250,1,120.00500010027156,8.40193E-05,0,0,0,0,0,0,0,0,0,0,0,0,0,0,0,0,0,none,0,0,0,13901.5,0,0,0,58,10447.5,1
800,5506,5512,0,5250,1,120.00500010027156,8.40193E-05,0,0,0,0,0,0,0,0,0,0,0,0,0,0,0,0,0,none,0,0,0,11596.4,0,0,0,16,9088.8,1
801,5506,5512,0,5250,1,120.00500010027156,8.40193E-05,0,0,0,0,0,0,0,0,0,0,0,0,0,0,0,0,0,none,0,0,0,12350.9,0,0,0,8,21133.6,1
802,5506,5512,0,5250,1,120.00500010027156,8.40193E-05,0,0,0,0,0,0,0,0,0,0,0,0,0,0,0,0,0,none,0,0,0,14084.3,0,0,0,44,20937,1
803,5506,5512,0,5250,1,120.00500010027156,8.40193E-05,0,0,0,0,0,0,0,0,0,0,0,0,0,0,0,0,0,none,0,0,0,13625.7,0,0,0,14,9924.09,1
804,5506,5512,0,5250,1,120.00500010027156,8.40193E-05,0,0,0,0,0,0,0,0,0,0,0,0,0,0,0,0,0,none,0,0,0,13705.7,0,0,0,16,12639.6,1
805,5506,5512,0,5250,1,120.00500010027156,8.40193E-05,0,0,0,0,0,0,0,0,0,0,0,0,0,0,0,0,0,none,0,0,0,11281.1,0,0,0,68,17146.1,1
806,5506,5512,0,5250,1,120.00500010027156,8.40193E-05,0,0,0,0,0,0,0,0,0,0,0,0,0,0,0,0,0,none,0,0,0,16151,0,0,0,20,10933.4,1
807,5506,5512,0,5250,1,120.00500010027156,8.40193E-05,0,0,0,0,0,0,0,0,0,0,0,0,0,0,0,0,0,none,0,0,0,13335.7,0,0,0,13,11012.4,1
808,5506,5512,0,5250,1,120.00500010027156,8.40193E-05,0,0,0,0,0,0,0,0,0,0,0,0,0,0,0,0,0,none,0,0,0,10241.1,0,0,0,9,19760.9,1
809,5506,5512,0,5250,1,120.00500010027156,8.40193E-05,0,0,0,0,0,0,0,0,0,0,0,0,0,0,0,0,0,none,0,0,0,16762.9,0,0,0,11,10712.5,1
810,5506,5512,0,5250,1,120.00500010027156,8.40193E-05,0,0,0,0,0,0,0,0,0,0,0,0,0,0,0,0,0,none,0,0,0,12904.1,0,0,0,81,9057.09,1
811,5506,5512,0,5250,1,120.00500010027156,8.40193E-05,0,0,0,0,0,0,0,0,0,0,0,0,0,0,0,0,0,none,0,0,0,11887.9,0,0,0,6,30354.7,1
812,5506,5512,0,5250,1,120.00500010027156,8.40193E-05,0,0,0,0,0,0,0,0,0,0,0,0,0,0,0,0,0,none,0,0,0,14260.4,0,0,0,14,10518.9,1
813,5506,5512,0,5250,1,120.00500010027156,8.40193E-05,0,0,0,0,0,0,0,0,0,0,0,0,0,0,0,0,0,none,0,0,0,12485.4,0,0,0,46,9845.4,1
814,5506,5512,0,5250,1,120.00500010027156,8.40193E-05,0,0,0,0,0,0,0,0,0,0,0,0,0,0,0,0,0,none,0,0,0,14163.3,0,0,0,15,21836.9,1
815,5506,5512,0,5250,1,120.00500010027156,8.40193E-05,0,0,0,0,0,0,0,0,0,0,0,0,0,0,0,0,0,none,0,0,0,11434.5,0,0,0,83,10380.9,1
816,5506,5512,0,5250,1,120.00500010027156,8.40193E-05,0,0,0,0,0,0,0,0,0,0,0,0,0,0,0,0,0,none,0,0,0,12149.8,0,0,0,49,19087.8,1
817,5506,5512,0,5250,1,120.00500010027156,8.40193E-05,0,0,0,0,0,0,0,0,0,0,0,0,0,0,0,0,0,none,0,0,0,16063.9,0,0,0,11,21734.2,1
818,5506,5512,0,5250,1,120.00500010027156,8.40193E-05,0,0,0,0,0,0,0,0,0,0,0,0,0,0,0,0,0,none,0,0,0,10214.5,0,0,0,13,10281.7,1
819,5506,5512,0,5250,1,120.00500010027156,8.40193E-05,0,0,0,0,0,0,0,0,0,0,0,0,0,0,0,0,0,none,0,0,0,11380.9,0,0,0,7,24648.5,1
820,5506,5512,0,5250,1,120.00500010027156,8.40193E-05,0,0,0,0,0,0,0,0,0,0,0,0,0,0,0,0,0,none,0,0,0,16326.1,0,0,0,73,9024.77,1
821,5506,5512,0,5250,1,120.00500010027156,8.40193E-05,0,0,0,0,0,0,0,0,0,0,0,0,0,0,0,0,0,none,0,0,0,11980,0,0,0,22,10193.4,1
822,5506,5512,0,5250,1,120.00500010027156,8.40193E-05,0,0,0,0,0,0,0,0,0,0,0,0,0,0,0,0,0,none,0,0,0,11640,0,0,0,4,39212.2,1
823,5506,5512,0,5250,1,120.00500010027156,8.40193E-05,0,0,0,0,0,0,0,0,0,0,0,0,0,0,0,0,0,none,0,0,0,16616.5,0,0,0,8,9770.68,1
824,5506,5512,0,5250,1,120.00500010027156,8.40193E-05,0,0,0,0,0,0,0,0,0,0,0,0,0,0,0,0,0,none,0,0,0,14850.7,0,0,0,17,10097.3,1
825,5506,5512,0,5250,1,120.00500010027156,8.40193E-05,0,0,0,0,0,0,0,0,0,0,0,0,0,0,0,0,0,none,0,0,0,11386.3,0,0,0,9,48762.1,1
826,5506,5512,0,5250,1,120.00500010027156,8.40193E-05,0,0,0,0,0,0,0,0,0,0,0,0,0,0,0,0,0,none,0,0,0,16957.4,0,0,0,14,11753.8,1
827,5506,5512,0,5250,1,120.00500010027156,8.40193E-05,0,0,0,0,0,0,0,0,0,0,0,0,0,0,0,0,0,none,0,0,0,12469,0,0,0,18,9990.91,1
828,5506,5512,0,5250,1,120.00500010027156,8.40193E-05,0,0,0,0,0,0,0,0,0,0,0,0,0,0,0,0,0,none,0,0,0,10200.5,0,0,0,11,24130.3,1
829,5506,5512,0,5250,1,120.00500010027156,8.40193E-05,0,0,0,0,0,0,0,0,0,0,0,0,0,0,0,0,0,none,0,0,0,17044,0,0,0,76,10672.1,1
830,5506,5512,0,5250,1,120.00500010027156,8.40193E-05,0,0,0,0,0,0,0,0,0,0,0,0,0,0,0,0,0,none,0,0,0,11353.2,0,0,0,51,8991,1
831,5506,5512,0,5250,1,120.00500010027156,8.40193E-05,0,0,0,0,0,0,0,0,0,0,0,0,0,0,0,0,0,none,0,0,0,10980.8,0,0,0,2,55029.2,1
832,5506,5512,0,5250,1,120.00500010027156,8.40193E-05,0,0,0,0,0,0,0,0,0,0,0,0,0,0,0,0,0,none,0,0,0,14611.9,0,0,0,66,17150.4,1
833,5506,5512,0,5250,1,120.00500010027156,8.40193E-05,0,0,0,0,0,0,0,0,0,0,0,0,0,0,0,0,0,none,0,0,0,12719.1,0,0,0,67,9698.7,1
834,5506,5512,0,5250,1,120.00500010027156,8.40193E-05,0,0,0,0,0,0,0,0,0,0,0,0,0,0,0,0,0,none,0,0,0,10905.2,0,0,0,9,18948.9,1
835,5506,5512,0,5250,1,120.00500010027156,8.40193E-05,0,0,0,0,0,0,0,0,0,0,0,0,0,0,0,0,0,none,0,0,0,11760,0,0,0,13,27618.1,1
836,5506,5512,0,5250,1,120.00500010027156,8.40193E-05,0,0,0,0,0,0,0,0,0,0,0,0,0,0,0,0,0,none,0,0,0,12881.6,0,0,0,12,9773.36,1
837,5506,5512,0,5250,1,120.00500010027156,8.40193E-05,0,0,0,0,0,0,0,0,0,0,0,0,0,0,0,0,0,none,0,0,0,10884.3,0,0,0,75,11434.6,1
838,5506,5512,0,5250,1,120.00500010027156,8.40193E-05,0,0,0,0,0,0,0,0,0,0,0,0,0,0,0,0,0,none,0,0,0,10198.8,0,0,0,5,19193.6,1
839,5506,5512,0,5250,1,120.00500010027156,8.40193E-05,0,0,0,0,0,0,0,0,0,0,0,0,0,0,0,0,0,none,0,0,0,16983.5,0,0,0,11,9725.88,1
840,5506,5512,0,5250,1,120.00500010027156,8.40193E-05,0,0,0,0,0,0,0,0,0,0,0,0,0,0,0,0,0,none,0,0,0,10896.8,0,0,0,19,8956.02,1
841,5506,5512,0,5250,1,120.00500010027156,8.40193E-05,0,0,0,0,0,0,0,0,0,0,0,0,0,0,0,0,0,none,0,0,0,11445.8,0,0,0,8,19064.4,1
842,5506,5512,0,5250,1,120.00500010027156,8.40193E-05,0,0,0,0,0,0,0,0,0,0,0,0,0,0,0,0,0,none,0,0,0,14761.2,0,0,0,75,9671,1
843,5506,5512,0,5250,1,120.00500010027156,8.40193E-05,0,0,0,0,0,0,0,0,0,0,0,0,0,0,0,0,0,none,0,0,0,10956.4,0,0,0,13,9627.36,1
844,5506,5512,0,5250,1,120.00500010027156,8.40193E-05,0,0,0,0,0,0,0,0,0,0,0,0,0,0,0,0,0,none,0,0,0,13222.3,0,0,0,46,19358.1,1
845,5506,5512,0,5250,1,120.00500010027156,8.40193E-05,0,0,0,0,0,0,0,0,0,0,0,0,0,0,0,0,0,none,0,0,0,11928.7,0,0,0,21,9606.89,1
846,5506,5512,0,5250,1,120.00500010027156,8.40193E-05,0,0,0,0,0,0,0,0,0,0,0,0,0,0,0,0,0,none,0,0,0,11099.1,0,0,0,8,11628.6,1
847,5506,5512,0,5250,1,120.00500010027156,8.40193E-05,0,0,0,0,0,0,0,0,0,0,0,0,0,0,0,0,0,none,0,0,0,15770.5,0,0,0,109,18873,1
848,5506,5512,0,5250,1,120.00500010027156,8.40193E-05,0,0,0,0,0,0,0,0,0,0,0,0,0,0,0,0,0,none,0,0,0,10209,0,0,0,29,11175.8,1
849,5506,5512,0,5250,1,120.00500010027156,8.40193E-05,0,0,0,0,0,0,0,0,0,0,0,0,0,0,0,0,0,none,0,0,0,11327.3,0,0,0,11,13230.6,1
850,5506,5512,0,5250,1,120.00500010027156,8.40193E-05,0,0,0,0,0,0,0,0,0,0,0,0,0,0,0,0,0,none,0,0,0,17876.3,0,0,0,6,8921.73,1
851,5506,5512,0,5250,1,120.00500010027156,8.40193E-05,0,0,0,0,0,0,0,0,0,0,0,0,0,0,0,0,0,none,0,0,0,11481.1,0,0,0,13,10421.7,1
852,5506,5512,0,5250,1,120.00500010027156,8.40193E-05,0,0,0,0,0,0,0,0,0,0,0,0,0,0,0,0,0,none,0,0,0,11582.3,0,0,0,9,34204.9,1
853,5506,5512,0,5250,1,120.00500010027156,8.40193E-05,0,0,0,0,0,0,0,0,0,0,0,0,0,0,0,0,0,none,0,0,0,18859,0,0,0,11,9555.49,1
854,5506,5512,0,5250,1,120.00500010027156,8.40193E-05,0,0,0,0,0,0,0,0,0,0,0,0,0,0,0,0,0,none,0,0,0,14311.9,0,0,0,13,21003.6,1
855,5506,5512,0,5250,1,120.00500010027156,8.40193E-05,0,0,0,0,0,0,0,0,0,0,0,0,0,0,0,0,0,none,0,0,0,11827.4,0,0,0,13,12870.5,1
856,5506,5512,0,5250,1,120.00500010027156,8.40193E-05,0,0,0,0,0,0,0,0,0,0,0,0,0,0,0,0,0,none,0,0,0,17843.4,0,0,0,16,11402.8,1
857,5506,5512,0,5250,1,120.00500010027156,8.40193E-05,0,0,0,0,0,0,0,0,0,0,0,0,0,0,0,0,0,none,0,0,0,13340.3,0,0,0,6,21022.4,1
858,5506,5512,0,5250,1,120.00500010027156,8.40193E-05,0,0,0,0,0,0,0,0,0,0,0,0,0,0,0,0,0,none,0,0,0,10231.8,0,0,0,7,19710.2,1
859,5506,5512,0,5250,1,120.00500010027156,8.40193E-05,0,0,0,0,0,0,0,0,0,0,0,0,0,0,0,0,0,none,0,0,0,17484.7,0,0,0,73,10966,1
860,5506,5512,0,5250,1,120.00500010027156,8.40193E-05,0,0,0,0,0,0,0,0,0,0,0,0,0,0,0,0,0,none,0,0,0,11483.2,0,0,0,13,8890.65,1
861,5506,5512,0,5250,1,120.00500010027156,8.40193E-05,0,0,0,0,0,0,0,0,0,0,0,0,0,0,0,0,0,none,0,0,0,11325.1,0,0,0,44,12600.7,1
862,5506,5512,0,5250,1,120.00500010027156,8.40193E-05,0,0,0,0,0,0,0,0,0,0,0,0,0,0,0,0,0,none,0,0,0,15186.2,0,0,0,15,10321,1
863,5506,5512,0,5250,1,120.00500010027156,8.40193E-05,0,0,0,0,0,0,0,0,0,0,0,0,0,0,0,0,0,none,0,0,0,11970.5,0,0,0,13,9484.56,1
864,5506,5512,0,5250,1,120.00500010027156,8.40193E-05,0,0,0,0,0,0,0,0,0,0,0,0,0,0,0,0,0,none,0,0,0,12801.9,0,0,0,107,17603,1
865,5506,5512,0,5250,1,120.00500010027156,8.40193E-05,0,0,0,0,0,0,0,0,0,0,0,0,0,0,0,0,0,none,0,0,0,12292,0,0,0,15,12353.5,1
866,5506,5512,0,5250,1,120.00500010027156,8.40193E-05,0,0,0,0,0,0,0,0,0,0,0,0,0,0,0,0,0,none,0,0,0,14291.3,0,0,0,77,11186.3,1
867,5506,5512,0,5250,1,120.00500010027156,8.40193E-05,0,0,0,0,0,0,0,0,0,0,0,0,0,0,0,0,0,none,0,0,0,13239.3,0,0,0,13,12044.3,1
868,5506,5512,0,5250,1,120.00500010027156,8.40193E-05,0,0,0,0,0,0,0,0,0,0,0,0,0,0,0,0,0,none,0,0,0,10267.5,0,0,0,10,11878.6,1
869,5506,5512,0,5250,1,120.00500010027156,8.40193E-05,0,0,0,0,0,0,0,0,0,0,0,0,0,0,0,0,0,none,0,0,0,14649,0,0,0,74,16987.2,1
870,5506,5512,0,5250,1,120.00500010027156,8.40193E-05,0,0,0,0,0,0,0,0,0,0,0,0,0,0,0,0,0,none,0,0,0,13625.8,0,0,0,9,8864.24,1
871,5506,5512,0,5250,1,120.00500010027156,8.40193E-05,0,0,0,0,0,0,0,0,0,0,0,0,0,0,0,0,0,none,0,0,0,11178.4,0,0,0,15,11551.4,1
872,5506,5512,0,5250,1,120.00500010027156,8.40193E-05,0,0,0,0,0,0,0,0,0,0,0,0,0,0,0,0,0,none,0,0,0,14285.6,0,0,0,11,19932.7,1
873,5506,5512,0,5250,1,120.00500010027156,8.40193E-05,0,0,0,0,0,0,0,0,0,0,0,0,0,0,0,0,0,none,0,0,0,13950.4,0,0,0,15,9418.44,1
874,5506,5512,0,5250,1,120.00500010027156,8.40193E-05,0,0,0,0,0,0,0,0,0,0,0,0,0,0,0,0,0,none,0,0,0,12368.9,0,0,0,77,11316.6,1
875,5506,5512,0,5250,1,120.00500010027156,8.40193E-05,0,0,0,0,0,0,0,0,0,0,0,0,0,0,0,0,0,none,0,0,0,12493.3,0,0,0,57,18318.1,1
876,5506,5512,0,5250,1,120.00500010027156,8.40193E-05,0,0,0,0,0,0,0,0,0,0,0,0,0,0,0,0,0,none,0,0,0,14262.6,0,0,0,5,10977.7,1
877,5506,5512,0,5250,1,120.00500010027156,8.40193E-05,0,0,0,0,0,0,0,0,0,0,0,0,0,0,0,0,0,none,0,0,0,14834.2,0,0,0,11,11111.2,1
878,5506,5512,0,5250,1,120.00500010027156,8.40193E-05,0,0,0,0,0,0,0,0,0,0,0,0,0,0,0,0,0,none,0,0,0,10317.5,0,0,0,52,11671.7,1
879,5506,5512,0,5250,1,120.00500010027156,8.40193E-05,0,0,0,0,0,0,0,0,0,0,0,0,0,0,0,0,0,none,0,0,0,12363.5,0,0,0,11,12296.4,1
880,5506,5512,0,5250,1,120.00500010027156,8.40193E-05,0,0,0,0,0,0,0,0,0,0,0,0,0,0,0,0,0,none,0,0,0,17180.8,0,0,0,20,8842.38,1
881,5506,5512,0,5250,1,120.00500010027156,8.40193E-05,0,0,0,0,0,0,0,0,0,0,0,0,0,0,0,0,0,none,0,0,0,11042,0,0,0,17,10637.8,1
882,5506,5512,0,5250,1,120.00500010027156,8.40193E-05,0,0,0,0,0,0,0,0,0,0,0,0,0,0,0,0,0,none,0,0,0,11364.1,0,0,0,6,18406.4,1
883,5506,5512,0,5250,1,120.00500010027156,8.40193E-05,0,0,0,0,0,0,0,0,0,0,0,0,0,0,0,0,0,none,0,0,0,17836.9,0,0,0,8,9360.65,1
884,5506,5512,0,5250,1,120.00500010027156,8.40193E-05,0,0,0,0,0,0,0,0,0,0,0,0,0,0,0,0,0,none,0,0,0,12832.1,0,0,0,5,21197.3,1
885,5506,5512,0,5250,1,120.00500010027156,8.40193E-05,0,0,0,0,0,0,0,0,0,0,0,0,0,0,0,0,0,none,0,0,0,12703.9,0,0,0,4,12308.7,1
886,5506,5512,0,5250,1,120.00500010027156,8.40193E-05,0,0,0,0,0,0,0,0,0,0,0,0,0,0,0,0,0,none,0,0,0,18010.6,0,0,0,83,10492.6,1
887,5506,5512,0,5250,1,120.00500010027156,8.40193E-05,0,0,0,0,0,0,0,0,0,0,0,0,0,0,0,0,0,none,0,0,0,12424.2,0,0,0,8,17048.5,1
888,5506,5512,0,5250,1,120.00500010027156,8.40193E-05,0,0,0,0,0,0,0,0,0,0,0,0,0,0,0,0,0,none,0,0,0,10384.3,0,0,0,5,27587.2,1
889,5506,5512,0,5250,1,120.00500010027156,8.40193E-05,0,0,0,0,0,0,0,0,0,0,0,0,0,0,0,0,0,none,0,0,0,17803.9,0,0,0,26,10362.8,1
890,5506,5512,0,5250,1,120.00500010027156,8.40193E-05,0,0,0,0,0,0,0,0,0,0,0,0,0,0,0,0,0,none,0,0,0,11966,0,0,0,7,8823.98,1
891,5506,5512,0,5250,1,120.00500010027156,8.40193E-05,0,0,0,0,0,0,0,0,0,0,0,0,0,0,0,0,0,none,0,0,0,10913.6,0,0,0,73,13643.5,1
892,5506,5512,0,5250,1,120.00500010027156,8.40193E-05,0,0,0,0,0,0,0,0,0,0,0,0,0,0,0,0,0,none,0,0,0,15730,0,0,0,58,10267.2,1
893,5506,5512,0,5250,1,120.00500010027156,8.40193E-05,0,0,0,0,0,0,0,0,0,0,0,0,0,0,0,0,0,none,0,0,0,11485.3,0,0,0,8,9312.06,1
894,5506,5512,0,5250,1,120.00500010027156,8.40193E-05,0,0,0,0,0,0,0,0,0,0,0,0,0,0,0,0,0,none,0,0,0,13614.2,0,0,0,11,19706.7,1
895,5506,5512,0,5250,1,120.00500010027156,8.40193E-05,0,0,0,0,0,0,0,0,0,0,0,0,0,0,0,0,0,none,0,0,0,12912.8,0,0,0,50,10178.5,1
896,5506,5512,0,5250,1,120.00500010027156,8.40193E-05,0,0,0,0,0,0,0,0,0,0,0,0,0,0,0,0,0,none,0,0,0,11599.4,0,0,0,75,10609.9,1
897,5506,5512,0,5250,1,120.00500010027156,8.40193E-05,0,0,0,0,0,0,0,0,0,0,0,0,0,0,0,0,0,none,0,0,0,16264.8,0,0,0,13,12953.6,1
898,5506,5512,0,5250,1,120.00500010027156,8.40193E-05,0,0,0,0,0,0,0,0,0,0,0,0,0,0,0,0,0,none,0,0,0,10469.6,0,0,0,14,10080.3,1
899,5506,5512,0,5250,1,120.00500010027156,8.40193E-05,0,0,0,0,0,0,0,0,0,0,0,0,0,0,0,0,0,none,0,0,0,11344.5,0,0,0,10,18669.3,1
900,5506,5512,0,5250,1,120.00500010027156,8.40193E-05,0,0,0,0,0,0,0,0,0,0,0,0,0,0,0,0,0,none,0,0,0,17013.7,0,0,0,12,8807.56,1
901,5506,5512,0,5250,1,120.00500010027156,8.40193E-05,0,0,0,0,0,0,0,0,0,0,0,0,0,0,0,0,0,none,0,0,0,10790.1,0,0,0,76,9973.66,1
902,5506,5512,0,5250,1,120.00500010027156,8.40193E-05,0,0,0,0,0,0,0,0,0,0,0,0,0,0,0,0,0,none,0,0,0,11112.3,0,0,0,7,21319.8,1
903,5506,5512,0,5250,1,120.00500010027156,8.40193E-05,0,0,0,0,0,0,0,0,0,0,0,0,0,0,0,0,0,none,0,0,0,17050.5,0,0,0,88,9271.19,1
904,5506,5512,0,5250,1,120.00500010027156,8.40193E-05,0,0,0,0,0,0,0,0,0,0,0,0,0,0,0,0,0,none,0,0,0,11722.1,0,0,0,12,9880.55,1
905,5506,5512,0,5250,1,120.00500010027156,8.40193E-05,0,0,0,0,0,0,0,0,0,0,0,0,0,0,0,0,0,none,0,0,0,10963,0,0,0,14,17120,1
906,5506,5512,0,5250,1,120.00500010027156,8.40193E-05,0,0,0,0,0,0,0,0,0,0,0,0,0,0,0,0,0,none,0,0,0,15763.8,0,0,0,51,10463.4,1
907,5506,5512,0,5250,1,120.00500010027156,8.40193E-05,0,0,0,0,0,0,0,0,0,0,0,0,0,0,0,0,0,none,0,0,0,13879.4,0,0,0,13,9814.96,1
908,5506,5512,0,5250,1,120.00500010027156,8.40193E-05,0,0,0,0,0,0,0,0,0,0,0,0,0,0,0,0,0,none,0,0,0,10572.1,0,0,0,20,12388.4,1
909,5506,5512,0,5250,1,120.00500010027156,8.40193E-05,0,0,0,0,0,0,0,0,0,0,0,0,0,0,0,0,0,none,0,0,0,13215.3,0,0,0,40,20086.2,1
910,5506,5512,0,5250,1,120.00500010027156,8.40193E-05,0,0,0,0,0,0,0,0,0,0,0,0,0,0,0,0,0,none,0,0,0,16378.7,0,0,0,14,8791.6,1
911,5506,5512,0,5250,1,120.00500010027156,8.40193E-05,0,0,0,0,0,0,0,0,0,0,0,0,0,0,0,0,0,none,0,0,0,10670.4,0,0,0,11,10921.5,1
912,5506,5512,0,5250,1,120.00500010027156,8.40193E-05,0,0,0,0,0,0,0,0,0,0,0,0,0,0,0,0,0,none,0,0,0,11443.7,0,0,0,5,28058.9,1
913,5506,5512,0,5250,1,120.00500010027156,8.40193E-05,0,0,0,0,0,0,0,0,0,0,0,0,0,0,0,0,0,none,0,0,0,17780.4,0,0,0,74,9235.58,1
914,5506,5512,0,5250,1,120.00500010027156,8.40193E-05,0,0,0,0,0,0,0,0,0,0,0,0,0,0,0,0,0,none,0,0,0,10902.2,0,0,0,15,10298.4,1
915,5506,5512,0,5250,1,120.00500010027156,8.40193E-05,0,0,0,0,0,0,0,0,0,0,0,0,0,0,0,0,0,none,0,0,0,12057.9,0,0,0,16,22975.4,1
916,5506,5512,0,5250,1,120.00500010027156,8.40193E-05,0,0,0,0,0,0,0,0,0,0,0,0,0,0,0,0,0,none,0,0,0,17583.8,0,0,0,23,9661,1
917,5506,5512,0,5250,1,120.00500010027156,8.40193E-05,0,0,0,0,0,0,0,0,0,0,0,0,0,0,0,0,0,none,0,0,0,10972.6,0,0,0,15,19229.8,1
918,5506,5512,0,5250,1,120.00500010027156,8.40193E-05,0,0,0,0,0,0,0,0,0,0,0,0,0,0,0,0,0,none,0,0,0,10686.3,0,0,0,73,17613.7,1
919,5506,5512,0,5250,1,120.00500010027156,8.40193E-05,0,0,0,0,0,0,0,0,0,0,0,0,0,0,0,0,0,none,0,0,0,17320.3,0,0,0,11,9599.64,1
920,5506,5512,0,5250,1,120.00500010027156,8.40193E-05,0,0,0,0,0,0,0,0,0,0,0,0,0,0,0,0,0,none,0,0,0,11130.5,0,0,0,11,8775.05,1
921,5506,5512,0,5250,1,120.00500010027156,8.40193E-05,0,0,0,0,0,0,0,0,0,0,0,0,0,0,0,0,0,none,0,0,0,10557.2,0,0,0,14,21041.5,1
922,5506,5512,0,5250,1,120.00500010027156,8.40193E-05,0,0,0,0,0,0,0,0,0,0,0,0,0,0,0,0,0,none,0,0,0,15913.4,0,0,0,13,10751.7,1
923,5506,5512,0,5250,1,120.00500010027156,8.40193E-05,0,0,0,0,0,0,0,0,0,0,0,0,0,0,0,0,0,none,0,0,0,11352.8,0,0,0,114,9202.74,1
924,5506,5512,0,5250,1,120.00500010027156,8.40193E-05,0,0,0,0,0,0,0,0,0,0,0,0,0,0,0,0,0,none,0,0,0,13084.1,0,0,0,11,18707.5,1
925,5506,5512,0,5250,1,120.00500010027156,8.40193E-05,0,0,0,0,0,0,0,0,0,0,0,0,0,0,0,0,0,none,0,0,0,13467.2,0,0,0,14,19072,1
926,5506,5512,0,5250,1,120.00500010027156,8.40193E-05,0,0,0,0,0,0,0,0,0,0,0,0,0,0,0,0,0,none,0,0,0,11621.8,0,0,0,49,10235.9,1
927,5506,5512,0,5250,1,120.00500010027156,8.40193E-05,0,0,0,0,0,0,0,0,0,0,0,0,0,0,0,0,0,none,0,0,0,15858.5,0,0,0,12,32543.9,1
928,5506,5512,0,5250,1,120.00500010027156,8.40193E-05,0,0,0,0,0,0,0,0,0,0,0,0,0,0,0,0,0,none,0,0,0,10806.5,0,0,0,81,12304.2,1
929,5506,5512,0,5250,1,120.00500010027156,8.40193E-05,0,0,0,0,0,0,0,0,0,0,0,0,0,0,0,0,0,none,0,0,0,11866,0,0,0,7,21513.2,1
930,5506,5512,0,5250,1,120.00500010027156,8.40193E-05,0,0,0,0,0,0,0,0,0,0,0,0,0,0,0,0,0,none,0,0,0,17053.5,0,0,0,9,8757.67,1
931,5506,5512,0,5250,1,120.00500010027156,8.40193E-05,0,0,0,0,0,0,0,0,0,0,0,0,0,0,0,0,0,none,0,0,0,10456.7,0,0,0,14,19487.5,1
932,5506,5512,0,5250,1,120.00500010027156,8.40193E-05,0,0,0,0,0,0,0,0,0,0,0,0,0,0,0,0,0,none,0,0,0,12128.2,0,0,0,14,17251,1
933,5506,5512,0,5250,1,120.00500010027156,8.40193E-05,0,0,0,0,0,0,0,0,0,0,0,0,0,0,0,0,0,none,0,0,0,18451.3,0,0,0,16,9170.73,1
934,5506,5512,0,5250,1,120.00500010027156,8.40193E-05,0,0,0,0,0,0,0,0,0,0,0,0,0,0,0,0,0,none,0,0,0,11381.8,0,0,0,11,12320.1,1
935,5506,5512,0,5250,1,120.00500010027156,8.40193E-05,0,0,0,0,0,0,0,0,0,0,0,0,0,0,0,0,0,none,0,0,0,12457.3,0,0,0,10,13611.6,1
936,5506,5512,0,5250,1,120.00500010027156,8.40193E-05,0,0,0,0,0,0,0,0,0,0,0,0,0,0,0,0,0,none,0,0,0,16619.2,0,0,0,11,10141.9,1
937,5506,5512,0,5250,1,120.00500010027156,8.40193E-05,0,0,0,0,0,0,0,0,0,0,0,0,0,0,0,0,0,none,0,0,0,12952.3,0,0,0,51,19204.7,1
938,5506,5512,0,5250,1,120.00500010027156,8.40193E-05,0,0,0,0,0,0,0,0,0,0,0,0,0,0,0,0,0,none,0,0,0,10930.4,0,0,0,9,19221.3,1
939,5506,5512,0,5250,1,120.00500010027156,8.40193E-05,0,0,0,0,0,0,0,0,0,0,0,0,0,0,0,0,0,none,0,0,0,14155.4,0,0,0,8,12265.7,1
940,5506,5512,0,5250,1,120.00500010027156,8.40193E-05,0,0,0,0,0,0,0,0,0,0,0,0,0,0,0,0,0,none,0,0,0,15004.8,0,0,0,110,8739.73,1
941,5506,5512,0,5250,1,120.00500010027156,8.40193E-05,0,0,0,0,0,0,0,0,0,0,0,0,0,0,0,0,0,none,0,0,0,10373.9,0,0,0,93,11304.2,1
942,5506,5512,0,5250,1,120.00500010027156,8.40193E-05,0,0,0,0,0,0,0,0,0,0,0,0,0,0,0,0,0,none,0,0,0,11882.9,0,0,0,24,11815.9,1
943,5506,5512,0,5250,1,120.00500010027156,8.40193E-05,0,0,0,0,0,0,0,0,0,0,0,0,0,0,0,0,0,none,0,0,0,14584.6,0,0,0,9,9138.63,1
944,5506,5512,0,5250,1,120.00500010027156,8.40193E-05,0,0,0,0,0,0,0,0,0,0,0,0,0,0,0,0,0,none,0,0,0,12674.3,0,0,0,19,10479.5,1
945,5506,5512,0,5250,1,120.00500010027156,8.40193E-05,0,0,0,0,0,0,0,0,0,0,0,0,0,0,0,0,0,none,0,0,0,11531.4,0,0,0,86,11508.5,1
946,5506,5512,0,5250,1,120.00500010027156,8.40193E-05,0,0,0,0,0,0,0,0,0,0,0,0,0,0,0,0,0,none,0,0,0,14232.2,0,0,0,17,10054,1
947,5506,5512,0,5250,1,120.00500010027156,8.40193E-05,0,0,0,0,0,0,0,0,0,0,0,0,0,0,0,0,0,none,0,0,0,13998.9,0,0,0,15,13150,1
948,5506,5512,0,5250,1,120.00500010027156,8.40193E-05,0,0,0,0,0,0,0,0,0,0,0,0,0,0,0,0,0,none,0,0,0,11059.5,0,0,0,19,11282.4,1
949,5506,5512,0,5250,1,120.00500010027156,8.40193E-05,0,0,0,0,0,0,0,0,0,0,0,0,0,0,0,0,0,none,0,0,0,13921.4,0,0,0,11,12804.9,1
950,5506,5512,0,5250,1,120.00500010027156,8.40193E-05,0,0,0,0,0,0,0,0,0,0,0,0,0,0,0,0,0,none,0,0,0,13617.7,0,0,0,82,17357.1,1
951,5506,5512,0,5250,1,120.00500010027156,8.40193E-05,0,0,0,0,0,0,0,0,0,0,0,0,0,0,0,0,0,none,0,0,0,10309.5,0,0,0,17,11077.3,1
952,5506,5512,0,5250,1,120.00500010027156,8.40193E-05,0,0,0,0,0,0,0,0,0,0,0,0,0,0,0,0,0,none,0,0,0,13592.5,0,0,0,22,11070.5,1
953,5511,5512,0,5250,1,120.00500010027156,8.40193E-05,0,0,0,0,0,0,1,4.5498156448237005E-11,0,0,4.5498156448237005E-11,4.5498156448237005E-11,0,0,0,0,0,none,0,0,0,11592.8,0,0,0,10,9106.57,1
954,5511,5512,0,5250,1,120.00500010027156,8.40193E-05,0,0,0,0,0,0,0,0,0,0,0,0,0,0,0,0,0,none,0,0,0,12464.2,0,0,0,62,10861.1,1
955,5510,5512,0,5250,1,120.00500010027156,8.40193E-05,0,0,0,0,0,0,1,4.208074788592215E-09,0,4.208074788592215E-09,0,0,0,0,0,0,0,none,0,0,-8.77109256660605E-16,13199.3,0,0,0,76,10372.3,1
956,5510,5512,0,5250,1,120.00500010027156,8.40193E-05,0,0,0,0,0,0,0,0,0,0,0,0,0,0,0,0,0,none,0,0,0,11793.4,0,0,0,12,9969.74,1
957,5510,5512,0,5250,1,120.00500010027156,8.40193E-05,0,0,0,0,0,0,0,0,0,0,0,0,0,0,0,0,0,none,0,0,0,15355.6,0,0,0,54,10643.9,1
958,5510,5512,0,5250,1,120.00500010027156,8.40193E-05,0,0,0,0,0,0,0,0,0,0,0,0,0,0,0,0,0,none,0,0,0,11197.1,0,0,0,12,18436.3,1
959,5510,5512,0,5250,1,120.00500010027156,8.40193E-05,0,0,0,0,0,0,0,0,0,0,0,0,0,0,0,0,0,none,0,0,0,14006.8,0,0,0,15,12608.7,1
960,5510,5512,0,5250,1,120.00500010027156,8.40193E-05,0,0,0,0,0,0,0,0,0,0,0,0,0,0,0,0,0,none,0,0,0,17591.3,0,0,0,42,10467.8,1
961,5510,5512,0,5250,1,120.00500010027156,8.40193E-05,0,0,0,0,0,0,0,0,0,0,0,0,0,0,0,0,0,none,0,0,0,10261.6,0,0,0,16,38087.6,1
962,5510,5512,0,5250,1,120.00500010027156,8.40193E-05,0,0,0,0,0,0,0,0,0,0,0,0,0,0,0,0,0,none,0,0,0,15873.2,0,0,0,12,20761.2,1
963,5510,5512,0,5250,1,120.00500010027156,8.40193E-05,0,0,0,0,0,0,0,0,0,0,0,0,0,0,0,0,0,none,0,0,0,18870.5,0,0,0,23,9074.82,1
964,5510,5512,0,5250,1,120.00500010027156,8.40193E-05,0,0,0,0,0,0,0,0,0,0,0,0,0,0,0,0,0,none,0,0,0,11411,0,0,0,10,35690,1
965,5510,5512,0,5250,1,120.00500010027156,8.40193E-05,0,0,0,0,0,0,0,0,0,0,0,0,0,0,0,0,0,none,0,0,0,14158.9,0,0,0,20,12479.6,1
966,5510,5512,0,5250,1,120.00500010027156,8.40193E-05,0,0,0,0,0,0,0,0,0,0,0,0,0,0,0,0,0,none,0,0,0,17395.9,0,0,0,24,9888.87,1
967,5510,5512,0,5250,1,120.00500010027156,8.40193E-05,0,0,0,0,0,0,0,0,0,0,0,0,0,0,0,0,0,none,0,0,0,11804.2,0,0,0,81,17171.9,1
968,5510,5512,0,5250,1,120.00500010027156,8.40193E-05,0,0,0,0,0,0,0,0,0,0,0,0,0,0,0,0,0,none,0,0,0,11344.9,0,0,0,57,17480.4,1
969,5510,5512,0,5250,1,120.00500010027156,8.40193E-05,0,0,0,0,0,0,0,0,0,0,0,0,0,0,0,0,0,none,0,0,0,15110.9,0,0,0,19,10163.4,1
970,5510,5512,0,5250,1,120.00500010027156,8.40193E-05,0,0,0,0,0,0,0,0,0,0,0,0,0,0,0,0,0,none,0,0,0,11558.3,0,0,0,7,61287.7,1
971,5510,5512,0,5250,1,120.00500010027156,8.40193E-05,0,0,0,0,0,0,0,0,0,0,0,0,0,0,0,0,0,none,0,0,0,10227.8,0,0,0,59,11856.9,1
972,5510,5512,0,5250,1,120.00500010027156,8.40193E-05,0,0,0,0,0,0,0,0,0,0,0,0,0,0,0,0,0,none,0,0,0,12599.4,0,0,0,83,10063.1,1
973,5510,5512,0,5250,1,120.00500010027156,8.40193E-05,0,0,0,0,0,0,0,0,0,0,0,0,0,0,0,0,0,none,0,0,0,11303.3,0,0,0,18,9042.96,1
974,5510,5512,0,5250,1,120.00500010027156,8.40193E-05,0,0,0,0,0,0,0,0,0,0,0,0,0,0,0,0,0,none,0,0,0,12078.7,0,0,0,56,10714.6,1
975,5510,5512,0,5250,1,120.00500010027156,8.40193E-05,0,0,0,0,0,0,0,0,0,0,0,0,0,0,0,0,0,none,0,0,0,11349.2,0,0,0,17,9956.81,1
976,5510,5512,0,5250,1,120.00500010027156,8.40193E-05,0,0,0,0,0,0,0,0,0,0,0,0,0,0,0,0,0,none,0,0,0,11081.2,0,0,0,23,9811.99,1
977,5510,5512,0,5250,1,120.00500010027156,8.40193E-05,0,0,0,0,0,0,0,0,0,0,0,0,0,0,0,0,0,none,0,0,0,13034.6,0,0,0,86,12338,1
978,5510,5512,0,5250,1,120.00500010027156,8.40193E-05,0,0,0,0,0,0,0,0,0,0,0,0,0,0,0,0,0,none,0,0,0,11501.7,0,0,0,85,9868.02,1
979,5510,5512,0,5250,1,120.00500010027156,8.40193E-05,0,0,0,0,0,0,0,0,0,0,0,0,0,0,0,0,0,none,0,0,0,10947.7,0,0,0,14,18869.1,1
980,5510,5512,0,5250,1,120.00500010027156,8.40193E-05,0,0,0,0,0,0,0,0,0,0,0,0,0,0,0,0,0,none,0,0,0,14568.1,0,0,0,19,21911.7,1
981,5510,5512,0,5250,1,120.00500010027156,8.40193E-05,0,0,0,0,0,0,0,0,0,0,0,0,0,0,0,0,0,none,0,0,0,10206.8,0,0,0,20,9806.24,1
982,5510,5512,0,5250,1,120.00500010027156,8.40193E-05,0,0,0,0,0,0,0,0,0,0,0,0,0,0,0,0,0,none,0,0,0,10894,0,0,0,81,11518.9,1
983,5510,5512,0,5250,1,120.00500010027156,8.40193E-05,0,0,0,0,0,0,0,0,0,0,0,0,0,0,0,0,0,none,0,0,0,12164.4,0,0,0,19,9010.07,1
984,5510,5512,0,5250,1,120.00500010027156,8.40193E-05,0,0,0,0,0,0,0,0,0,0,0,0,0,0,0,0,0,none,0,0,0,11904,0,0,0,10,9758.11,1
985,5510,5512,0,5250,1,120.00500010027156,8.40193E-05,0,0,0,0,0,0,0,0,0,0,0,0,0,0,0,0,0,none,0,0,0,10884.7,0,0,0,50,10572.9,1
986,5510,5512,0,5250,1,120.00500010027156,8.40193E-05,0,0,0,0,0,0,0,0,0,0,0,0,0,0,0,0,0,none,0,0,0,11406.4,0,0,0,15,9738.71,1
987,5510,5512,0,5250,1,120.00500010027156,8.40193E-05,0,0,0,0,0,0,0,0,0,0,0,0,0,0,0,0,0,none,0,0,0,14767.6,0,0,0,8,9709.07,1
988,5510,5512,0,5250,1,120.00500010027156,8.40193E-05,0,0,0,0,0,0,0,0,0,0,0,0,0,0,0,0,0,none,0,0,0,10909,0,0,0,50,20419.6,1
989,5510,5512,0,5250,1,120.00500010027156,8.40193E-05,0,0,0,0,0,0,0,0,0,0,0,0,0,0,0,0,0,none,0,0,0,13072.5,0,0,0,5,21986.9,1
990,5510,5512,0,5250,1,120.00500010027156,8.40193E-05,0,0,0,0,0,0,0,0,0,0,0,0,0,0,0,0,0,none,0,0,0,17172.5,0,0,0,18,9650.75,1
991,5510,5512,0,5250,1,120.00500010027156,8.40193E-05,0,0,0,0,0,0,0,0,0,0,0,0,0,0,0,0,0,none,0,0,0,10198.4,0,0,0,11,18939.5,1
992,5510,5512,0,5250,1,120.00500010027156,8.40193E-05,0,0,0,0,0,0,0,0,0,0,0,0,0,0,0,0,0,none,0,0,0,15621.4,0,0,0,3,22012.2,1
993,5510,5512,0,5250,1,120.00500010027156,8.40193E-05,0,0,0,0,0,0,0,0,0,0,0,0,0,0,0,0,0,none,0,0,0,17268.9,0,0,0,16,8975.64,1
994,5510,5512,0,5250,1,120.00500010027156,8.40193E-05,0,0,0,0,0,0,0,0,0,0,0,0,0,0,0,0,0,none,0,0,0,11164.1,0,0,0,72,17176.2,1
995,5510,5512,0,5250,1,120.00500010027156,8.40193E-05,0,0,0,0,0,0,0,0,0,0,0,0,0,0,0,0,0,none,0,0,0,14688.1,0,0,0,7,17696.8,1
996,5510,5512,0,5250,1,120.00500010027156,8.40193E-05,0,0,0,0,0,0,0,0,0,0,0,0,0,0,0,0,0,none,0,0,0,16922.8,0,0,0,19,9667.26,1
997,5510,5512,0,5250,1,120.00500010027156,8.40193E-05,0,0,0,0,0,0,0,0,0,0,0,0,0,0,0,0,0,none,0,0,0,11408.1,0,0,0,10,24632.3,1
998,5510,5512,0,5250,1,120.00500010027156,8.40193E-05,0,0,0,0,0,0,0,0,0,0,0,0,0,0,0,0,0,none,0,0,0,11830.7,0,0,0,7,22063.5,1
999,5510,5512,0,5250,1,120.00500010027156,8.40193E-05,0,0,0,0,0,0,0,0,0,0,0,0,0,0,0,0,0,none,0,0,0,16026.5,0,0,0,74,11761.3,1
1000,5510,5512,0,5250,1,120.00500010027156,8.40193E-05,0,0,0,0,0,0,0,0,0,0,0,0,0,0,0,0,0,none,0,0,0,11660.8,0,0,0,7,19390.1,1
1001,5510,5512,0,5250,1,120.00500010027156,8.40193E-05,0,0,0,0,0,0,0,0,0,0,0,0,0,0,0,0,0,none,0,0,0,10201.6,0,0,0,17,12665.3,1
1002,5510,5512,0,5250,1,120.00500010027156,8.40193E-05,0,0,0,0,0,0,0,0,0,0,0,0,0,0,0,0,0,none,0,0,0,13490.6,0,0,0,50,12830.9,1
1003,5510,5512,0,5250,1,120.00500010027156,8.40193E-05,0,0,0,0,0,0,0,0,0,0,0,0,0,0,0,0,0,none,0,0,0,11905.1,0,0,0,11,8940.65,1
1004,5510,5512,0,5250,1,120.00500010027156,8.40193E-05,0,0,0,0,0,0,0,0,0,0,0,0,0,0,0,0,0,none,0,0,0,11571.2,0,0,0,74,11021.5,1
1005,5510,5512,0,5250,1,120.00500010027156,8.40193E-05,0,0,0,0,0,0,0,0,0,0,0,0,0,0,0,0,0,none,0,0,0,11539,0,0,0,53,20977.6,1
1006,5510,5512,0,5250,1,120.00500010027156,8.40193E-05,0,0,0,0,0,0,0,0,0,0,0,0,0,0,0,0,0,none,0,0,0,12174.6,0,0,0,11,9595.7,1
1007,5510,5512,0,5250,1,120.00500010027156,8.40193E-05,0,0,0,0,0,0,0,0,0,0,0,0,0,0,0,0,0,none,0,0,0,14409.8,0,0,0,15,10348.6,1
1008,5510,5512,0,5250,1,120.00500010027156,8.40193E-05,0,0,0,0,0,0,0,0,0,0,0,0,0,0,0,0,0,none,0,0,0,11869.9,0,0,0,8,12569.5,1
1009,5510,5512,0,5250,1,120.00500010027156,8.40193E-05,0,0,0,0,0,0,0,0,0,0,0,0,0,0,0,0,0,none,0,0,0,12517.6,0,0,0,70,11527.4,1
1010,5510,5512,0,5250,1,120.00500010027156,8.40193E-05,0,0,0,0,0,0,0,0,0,0,0,0,0,0,0,0,0,none,0,0,0,15516.8,0,0,0,12,19265.1,1
1011,5510,5512,0,5250,1,120.00500010027156,8.40193E-05,0,0,0,0,0,0,0,0,0,0,0,0,0,0,0,0,0,none,0,0,0,10217.1,0,0,0,6,44885.5,1
1012,5510,5512,0,5250,1,120.00500010027156,8.40193E-05,0,0,0,0,0,0,0,0,0,0,0,0,0,0,0,0,0,none,0,0,0,12941.1,0,0,0,13,12165.6,1
1013,5510,5512,0,5250,1,120.00500010027156,8.40193E-05,0,0,0,0,0,0,0,0,0,0,0,0,0,0,0,0,0,none,0,0,0,12970.4,0,0,0,17,8907.5,1
1014,5510,5512,0,5250,1,120.00500010027156,8.40193E-05,0,0,0,0,0,0,0,0,0,0,0,0,0,0,0,0,0,none,0,0,0,11411.3,0,0,0,14,12434.7,1
1015,5510,5512,0,5250,1,120.00500010027156,8.40193E-05,0,0,0,0,0,0,0,0,0,0,0,0,0,0,0,0,0,none,0,0,0,13369.4,0,0,0,71,10837.4,1
1016,5510,5512,0,5250,1,120.00500010027156,8.40193E-05,0,0,0,0,0,0,0,0,0,0,0,0,0,0,0,0,0,none,0,0,0,11385.1,0,0,0,58,9523.88,1
1017,5510,5512,0,5250,1,120.00500010027156,8.40193E-05,0,0,0,0,0,0,0,0,0,0,0,0,0,0,0,0,0,none,0,0,0,14234.4,0,0,0,5,34776,1
1018,5510,5512,0,5250,1,120.00500010027156,8.40193E-05,0,0,0,0,0,0,0,0,0,0,0,0,0,0,0,0,0,none,0,0,0,12182,0,0,0,12,10254.4,1
1019,5510,5512,0,5250,1,120.00500010027156,8.40193E-05,0,0,0,0,0,0,0,0,0,0,0,0,0,0,0,0,0,none,0,0,0,12245.7,0,0,0,57,11306.4,1
1020,5510,5512,0,5250,1,120.00500010027156,8.40193E-05,0,0,0,0,0,0,0,0,0,0,0,0,0,0,0,0,0,none,0,0,0,14180,0,0,0,7,12355.6,1
1021,5510,5512,0,5250,1,120.00500010027156,8.40193E-05,0,0,0,0,0,0,0,0,0,0,0,0,0,0,0,0,0,none,0,0,0,10245.3,0,0,0,64,17180.6,1
1022,5510,5512,0,5250,1,120.00500010027156,8.40193E-05,0,0,0,0,0,0,0,0,0,0,0,0,0,0,0,0,0,none,0,0,0,14676.5,0,0,0,13,11248.7,1
1023,5510,5512,0,5250,1,120.00500010027156,8.40193E-05,0,0,0,0,0,0,0,0,0,0,0,0,0,0,0,0,0,none,0,0,0,13870.5,0,0,0,11,8878.4,1
1024,5510,5512,0,5250,1,120.00500010027156,8.40193E-05,0,0,0,0,0,0,0,0,0,0,0,0,0,0,0,0,0,none,0,0,0,11259.1,0,0,0,7,18671.2,1
1025,5510,5512,0,5250,1,120.00500010027156,8.40193E-05,0,0,0,0,0,0,0,0,0,0,0,0,0,0,0,0,0,none,0,0,0,15270.3,0,0,0,12,11043,1
1026,5510,5512,0,5250,1,120.00500010027156,8.40193E-05,0,0,0,0,0,0,0,0,0,0,0,0,0,0,0,0,0,none,0,0,0,12947.1,0,0,0,79,9454.54,1
1027,5510,5512,0,5250,1,120.00500010027156,8.40193E-05,0,0,0,0,0,0,0,0,0,0,0,0,0,0,0,0,0,none,0,0,0,11351.7,0,0,0,16,18368.4,1
1028,5510,5512,0,5250,1,120.00500010027156,8.40193E-05,0,0,0,0,0,0,0,0,0,0,0,0,0,0,0,0,0,none,0,0,0,12375.5,0,0,0,10,10824.7,1
1029,5510,5512,0,5250,1,120.00500010027156,8.40193E-05,0,0,0,0,0,0,0,0,0,0,0,0,0,0,0,0,0,none,0,0,0,13128.8,0,0,0,18,11093.1,1
1030,5510,5512,0,5250,1,120.00500010027156,8.40193E-05,0,0,0,0,0,0,0,0,0,0,0,0,0,0,0,0,0,none,0,0,0,12693.5,0,0,0,4,20600.3,1
1031,5510,5512,0,5250,1,120.00500010027156,8.40193E-05,0,0,0,0,0,0,0,0,0,0,0,0,0,0,0,0,0,none,0,0,0,10286.7,0,0,0,77,10611.3,1
1032,5510,5512,0,5250,1,120.00500010027156,8.40193E-05,0,0,0,0,0,0,0,0,0,0,0,0,0,0,0,0,0,none,0,0,0,12690.9,0,0,0,14,12276,1
1033,5510,5512,0,5250,1,120.00500010027156,8.40193E-05,0,0,0,0,0,0,0,0,0,0,0,0,0,0,0,0,0,none,0,0,0,15218.1,0,0,0,47,8854.08,1
1034,5510,5512,0,5250,1,120.00500010027156,8.40193E-05,0,0,0,0,0,0,0,0,0,0,0,0,0,0,0,0,0,none,0,0,0,11117.1,0,0,0,17,10444.6,1
1035,5510,5512,0,5250,1,120.00500010027156,8.40193E-05,0,0,0,0,0,0,0,0,0,0,0,0,0,0,0,0,0,none,0,0,0,12071.2,0,0,0,3,24741.7,1
1036,5510,5512,0,5250,1,120.00500010027156,8.40193E-05,0,0,0,0,0,0,0,0,0,0,0,0,0,0,0,0,0,none,0,0,0,15919.4,0,0,0,118,9391.8,1
1037,5510,5512,0,5250,1,120.00500010027156,8.40193E-05,0,0,0,0,0,0,0,0,0,0,0,0,0,0,0,0,0,none,0,0,0,13882.2,0,0,0,16,10329.3,1
1038,5510,5512,0,5250,1,120.00500010027156,8.40193E-05,0,0,0,0,0,0,0,0,0,0,0,0,0,0,0,0,0,none,0,0,0,11437.8,0,0,0,15,19284.7,1
1039,5510,5512,0,5250,1,120.00500010027156,8.40193E-05,0,0,0,0,0,0,0,0,0,0,0,0,0,0,0,0,0,none,0,0,0,16187.8,0,0,0,18,10889.5,1
1040,5510,5512,0,5250,1,120.00500010027156,8.40193E-05,0,0,0,0,0,0,0,0,0,0,0,0,0,0,0,0,0,none,0,0,0,16395.3,0,0,0,9,10238.5,1
1041,5510,5512,0,5250,1,120.00500010027156,8.40193E-05,0,0,0,0,0,0,0,0,0,0,0,0,0,0,0,0,0,none,0,0,0,10343.5,0,0,0,14,18591.5,1
1042,5510,5512,0,5250,1,120.00500010027156,8.40193E-05,0,0,0,0,0,0,0,0,0,0,0,0,0,0,0,0,0,none,0,0,0,16457.7,0,0,0,12,13143.7,1
1043,5510,5512,0,5250,1,120.00500010027156,8.40193E-05,0,0,0,0,0,0,0,0,0,0,0,0,0,0,0,0,0,none,0,0,0,13898.1,0,0,0,10,8833.92,1
1044,5510,5512,0,5250,1,120.00500010027156,8.40193E-05,0,0,0,0,0,0,0,0,0,0,0,0,0,0,0,0,0,none,0,0,0,10984.6,0,0,0,10,20030.4,1
1045,5510,5512,0,5250,1,120.00500010027156,8.40193E-05,0,0,0,0,0,0,0,0,0,0,0,0,0,0,0,0,0,none,0,0,0,15637.4,0,0,0,18,11186.4,1
1046,5510,5512,0,5250,1,120.00500010027156,8.40193E-05,0,0,0,0,0,0,0,0,0,0,0,0,0,0,0,0,0,none,0,0,0,11732.2,0,0,0,6,9338.13,1
1047,5510,5512,0,5250,1,120.00500010027156,8.40193E-05,0,0,0,0,0,0,0,0,0,0,0,0,0,0,0,0,0,none,0,0,0,11262.8,0,0,0,44,19381.1,1
1048,5510,5512,0,5250,1,120.00500010027156,8.40193E-05,0,0,0,0,0,0,0,0,0,0,0,0,0,0,0,0,0,none,0,0,0,12793.1,0,0,0,80,10426.6,1
1049,5510,5512,0,5250,1,120.00500010027156,8.40193E-05,0,0,0,0,0,0,0,0,0,0,0,0,0,0,0,0,0,none,0,0,0,11642.3,0,0,0,16,9940.46,1
1050,5510,5512,0,5250,1,120.00500010027156,8.40193E-05,0,0,0,0,0,0,0,0,0,0,0,0,0,0,0,0,0,none,0,0,0,11052.6,0,0,0,52,19555.3,1
1051,5510,5512,0,5250,1,120.00500010027156,8.40193E-05,0,0,0,0,0,0,0,0,0,0,0,0,0,0,0,0,0,none,0,0,0,10418,0,0,0,8,13007.3,1
1052,5510,5512,0,5250,1,120.00500010027156,8.40193E-05,0,0,0,0,0,0,0,0,0,0,0,0,0,0,0,0,0,none,0,0,0,13723.8,0,0,0,79,9856.27,1
1053,5510,5512,0,5250,1,120.00500010027156,8.40193E-05,0,0,0,0,0,0,0,0,0,0,0,0,0,0,0,0,0,none,0,0,0,10934.4,0,0,0,74,8816.59,1
1054,5510,5512,0,5250,1,120.00500010027156,8.40193E-05,0,0,0,0,0,0,0,0,0,0,0,0,0,0,0,0,0,none,0,0,0,10858.7,0,0,0,9,21523.5,1
1055,5510,5512,0,5250,1,120.00500010027156,8.40193E-05,0,0,0,0,0,0,0,0,0,0,0,0,0,0,0,0,0,none,0,0,0,15794.3,0,0,0,15,9797.89,1
1056,5510,5512,0,5250,1,120.00500010027156,8.40193E-05,0,0,0,0,0,0,0,0,0,0,0,0,0,0,0,0,0,none,0,0,0,10890.1,0,0,0,11,9293.21,1
1057,5510,5512,0,5250,1,120.00500010027156,8.40193E-05,0,0,0,0,0,0,0,0,0,0,0,0,0,0,0,0,0,none,0,0,0,11491.5,0,0,0,5,12696.5,1
1058,5510,5512,0,5250,1,120.00500010027156,8.40193E-05,0,0,0,0,0,0,0,0,0,0,0,0,0,0,0,0,0,none,0,0,0,12998,0,0,0,84,9750.46,1
1059,5510,5512,0,5250,1,120.00500010027156,8.40193E-05,0,0,0,0,0,0,0,0,0,0,0,0,0,0,0,0,0,none,0,0,0,10886,0,0,0,15,10325.4,1
1060,5510,5512,0,5250,1,120.00500010027156,8.40193E-05,0,0,0,0,0,0,0,0,0,0,0,0,0,0,0,0,0,none,0,0,0,11951.5,0,0,0,8,25760.2,1
1061,5510,5512,0,5250,1,120.00500010027156,8.40193E-05,0,0,0,0,0,0,0,0,0,0,0,0,0,0,0,0,0,none,0,0,0,10511.1,0,0,0,8,9700.28,1
1062,5510,5512,0,5250,1,120.00500010027156,8.40193E-05,0,0,0,0,0,0,0,0,0,0,0,0,0,0,0,0,0,none,0,0,0,10917.1,0,0,0,5,19140.5,1
1063,5510,5512,0,5250,1,120.00500010027156,8.40193E-05,0,0,0,0,0,0,0,0,0,0,0,0,0,0,0,0,0,none,0,0,0,14262.4,0,0,0,77,8800.54,1
1064,5510,5512,0,5250,1,120.00500010027156,8.40193E-05,0,0,0,0,0,0,0,0,0,0,0,0,0,0,0,0,0,none,0,0,0,10736.8,0,0,0,55,9640.27,1
1065,5510,5512,0,5250,1,120.00500010027156,8.40193E-05,0,0,0,0,0,0,0,0,0,0,0,0,0,0,0,0,0,none,0,0,0,11011.8,0,0,0,3,34065.5,1
1066,5510,5512,0,5250,1,120.00500010027156,8.40193E-05,0,0,0,0,0,0,0,0,0,0,0,0,0,0,0,0,0,none,0,0,0,16710.5,0,0,0,8,9254.98,1
1067,5510,5512,0,5250,1,120.00500010027156,8.40193E-05,0,0,0,0,0,0,0,0,0,0,0,0,0,0,0,0,0,none,0,0,0,13368.1,0,0,0,51,10797.5,1
1068,5510,5512,0,5250,1,120.00500010027156,8.40193E-05,0,0,0,0,0,0,0,0,0,0,0,0,0,0,0,0,0,none,0,0,0,11199.5,0,0,0,14,22522.5,1
1069,5510,5512,0,5250,1,120.00500010027156,8.40193E-05,0,0,0,0,0,0,0,0,0,0,0,0,0,0,0,0,0,none,0,0,0,15777.5,0,0,0,11,10406.8,1
1070,5510,5512,0,5250,1,120.00500010027156,8.40193E-05,0,0,0,0,0,0,0,0,0,0,0,0,0,0,0,0,0,none,0,0,0,16072.5,0,0,0,9,10233.1,1
1071,5510,5512,0,5250,1,120.00500010027156,8.40193E-05,0,0,0,0,0,0,0,0,0,0,0,0,0,0,0,0,0,none,0,0,0,10619.3,0,0,0,24,34672.2,1
1072,5510,5512,0,5250,1,120.00500010027156,8.40193E-05,0,0,0,0,0,0,0,0,0,0,0,0,0,0,0,0,0,none,0,0,0,17791.8,0,0,0,19,19165.7,1
1073,5510,5512,0,5250,1,120.00500010027156,8.40193E-05,0,0,0,0,0,0,0,0,0,0,0,0,0,0,0,0,0,none,0,0,0,14852.4,0,0,0,12,8784.41,1
1074,5510,5512,0,5250,1,120.00500010027156,8.40193E-05,0,0,0,0,0,0,0,0,0,0,0,0,0,0,0,0,0,none,0,0,0,10619.3,0,0,0,6,18654.4,1
1075,5510,5512,0,5250,1,120.00500010027156,8.40193E-05,0,0,0,0,0,0,0,0,0,0,0,0,0,0,0,0,0,none,0,0,0,12934.5,0,0,0,80,11687.1,1
1076,5510,5512,0,5250,1,120.00500010027156,8.40193E-05,0,0,0,0,0,0,0,0,0,0,0,0,0,0,0,0,0,none,0,0,0,12383.4,0,0,0,16,9220.89,1
1077,5510,5512,0,5250,1,120.00500010027156,8.40193E-05,0,0,0,0,0,0,0,0,0,0,0,0,0,0,0,0,0,none,0,0,0,11944.7,0,0,0,9,27629.3,1
1078,5510,5512,0,5250,1,120.00500010027156,8.40193E-05,0,0,0,0,0,0,0,0,0,0,0,0,0,0,0,0,0,none,0,0,0,13368,0,0,0,54,10644.3,1
1079,5510,5512,0,5250,1,120.00500010027156,8.40193E-05,0,0,0,0,0,0,0,0,0,0,0,0,0,0,0,0,0,none,0,0,0,11361,0,0,0,14,10292.8,1
1080,5510,5512,0,5250,1,120.00500010027156,8.40193E-05,0,0,0,0,0,0,0,0,0,0,0,0,0,0,0,0,0,none,0,0,0,12222.9,0,0,0,67,17646.1,1
1081,5510,5512,0,5250,1,120.00500010027156,8.40193E-05,0,0,0,0,0,0,0,0,0,0,0,0,0,0,0,0,0,none,0,0,0,10736.7,0,0,0,58,20189.8,1
1082,5510,5512,0,5250,1,120.00500010027156,8.40193E-05,0,0,0,0,0,0,0,0,0,0,0,0,0,0,0,0,0,none,0,0,0,12808.2,0,0,0,7,13598.9,1
1083,5510,5512,0,5250,1,120.00500010027156,8.40193E-05,0,0,0,0,0,0,0,0,0,0,0,0,0,0,0,0,0,none,0,0,0,12580.2,0,0,0,7,8767.47,1
1084,5510,5512,0,5250,1,120.00500010027156,8.40193E-05,0,0,0,0,0,0,0,0,0,0,0,0,0,0,0,0,0,none,0,0,0,10510.9,0,0,0,4,25916,1
1085,5510,5512,0,5250,1,120.00500010027156,8.40193E-05,0,0,0,0,0,0,0,0,0,0,0,0,0,0,0,0,0,none,0,0,0,15300.6,0,0,0,73,17837.1,1
1086,5510,5512,0,5250,1,120.00500010027156,8.40193E-05,0,0,0,0,0,0,0,0,0,0,0,0,0,0,0,0,0,none,0,0,0,13011.1,0,0,0,14,9188.6,1
1087,5510,5512,0,5250,1,120.00500010027156,8.40193E-05,0,0,0,0,0,0,0,0,0,0,0,0,0,0,0,0,0,none,0,0,0,11982.4,0,0,0,9,12101.4,1
1088,5510,5512,0,5250,1,120.00500010027156,8.40193E-05,0,0,0,0,0,0,0,0,0,0,0,0,0,0,0,0,0,none,0,0,0,13539,0,0,0,13,13757.6,1
1089,5510,5512,0,5250,1,120.00500010027156,8.40193E-05,0,0,0,0,0,0,0,0,0,0,0,0,0,0,0,0,0,none,0,0,0,13431.7,0,0,0,82,10193.4,1
1090,5510,5512,0,5250,1,120.00500010027156,8.40193E-05,0,0,0,0,0,0,0,0,0,0,0,0,0,0,0,0,0,none,0,0,0,11475.8,0,0,0,79,11702,1
1091,5510,5512,0,5250,1,120.00500010027156,8.40193E-05,0,0,0,0,0,0,0,0,0,0,0,0,0,0,0,0,0,none,0,0,0,10858.4,0,0,0,6,18868.6,1
1092,5510,5512,0,5250,1,120.00500010027156,8.40193E-05,0,0,0,0,0,0,0,0,0,0,0,0,0,0,0,0,0,none,0,0,0,13785.1,0,0,0,10,20435.9,1
1093,5510,5512,0,5250,1,120.00500010027156,8.40193E-05,0,0,0,0,0,0,0,0,0,0,0,0,0,0,0,0,0,none,0,0,0,13318.2,0,0,0,10,8749.81,1
1094,5510,5512,0,5250,1,120.00500010027156,8.40193E-05,0,0,0,0,0,0,0,0,0,0,0,0,0,0,0,0,0,none,0,0,0,10417.8,0,0,0,24,12983.2,1
1095,5510,5512,0,5250,1,120.00500010027156,8.40193E-05,0,0,0,0,0,0,0,0,0,0,0,0,0,0,0,0,0,none,0,0,0,13769.9,0,0,0,44,19691.4,1
1096,5510,5512,0,5250,1,120.00500010027156,8.40193E-05,0,0,0,0,0,0,0,0,0,0,0,0,0,0,0,0,0,none,0,0,0,15863.5,0,0,0,12,9156.59,1
1097,5510,5512,0,5250,1,120.00500010027156,8.40193E-05,0,0,0,0,0,0,0,0,0,0,0,0,0,0,0,0,0,none,0,0,0,12792.5,0,0,0,12,11132,1
1098,5510,5512,0,5250,1,120.00500010027156,8.40193E-05,0,0,0,0,0,0,0,0,0,0,0,0,0,0,0,0,0,none,0,0,0,11665.1,0,0,0,50,20705.6,1
1099,5510,5512,0,5250,1,120.00500010027156,8.40193E-05,0,0,0,0,0,0,0,0,0,0,0,0,0,0,0,0,0,none,0,0,0,17785.4,0,0,0,15,10102.6,1
1100,5510,5512,0,5250,1,120.00500010027156,8.40193E-05,0,0,0,0,0,0,0,0,0,0,0,0,0,0,0,0,0,none,0,0,0,13472,0,0,0,15,10401.4,1
1101,5510,5512,0,5250,1,120.00500010027156,8.40193E-05,0,0,0,0,0,0,0,0,0,0,0,0,0,0,0,0,0,none,0,0,0,10984.1,0,0,0,0,Infinity,1
1102,5510,5512,0,5250,1,120.00500010027156,8.40193E-05,0,0,0,0,0,0,0,0,0,0,0,0,0,0,0,0,0,none,0,0,0,17371,0,0,0,73,10788.3,1
1103,5510,5512,0,5250,1,120.00500010027156,8.40193E-05,0,0,0,0,0,0,0,0,0,0,0,0,0,0,0,0,0,none,0,0,0,13057.2,0,0,0,11,8731.65,1
1104,5510,5512,0,5250,1,120.00500010027156,8.40193E-05,0,0,0,0,0,0,0,0,0,0,0,0,0,0,0,0,0,none,0,0,0,10343.3,0,0,0,11,26051.6,1
1105,5510,5512,0,5250,1,120.00500010027156,8.40193E-05,0,0,0,0,0,0,0,0,0,0,0,0,0,0,0,0,0,none,0,0,0,16474.2,0,0,0,15,10580,1
1106,5510,5512,0,5250,1,120.00500010027156,8.40193E-05,0,0,0,0,0,0,0,0,0,0,0,0,0,0,0,0,0,none,0,0,0,12622.7,0,0,0,11,9124.46,1
1107,5510,5512,0,5250,1,120.00500010027156,8.40193E-05,0,0,0,0,0,0,0,0,0,0,0,0,0,0,0,0,0,none,0,0,0,12580.9,0,0,0,72,17651.5,1
1108,5510,5512,0,5250,1,120.00500010027156,8.40193E-05,0,0,0,0,0,0,0,0,0,0,0,0,0,0,0,0,0,none,0,0,0,13881.5,0,0,0,12,10422.8,1
1109,5510,5512,0,5250,1,120.00500010027156,8.40193E-05,0,0,0,0,0,0,0,0,0,0,0,0,0,0,0,0,0,none,0,0,0,11450.7,0,0,0,50,10016.4,1
1110,5510,5512,0,5250,1,120.00500010027156,8.40193E-05,0,0,0,0,0,0,0,0,0,0,0,0,0,0,0,0,0,none,0,0,0,15461.4,0,0,0,9,18502.4,1
1111,5510,5512,0,5250,1,120.00500010027156,8.40193E-05,0,0,0,0,0,0,0,0,0,0,0,0,0,0,0,0,0,none,0,0,0,11116.4,0,0,0,17,10302.7,1
1112,5510,5512,0,5250,1,120.00500010027156,8.40193E-05,0,0,0,0,0,0,0,0,0,0,0,0,0,0,0,0,0,none,0,0,0,11971.2,0,0,0,115,12522,1
1113,5510,5512,0,5250,1,120.00500010027156,8.40193E-05,0,0,0,0,0,0,0,0,0,0,0,0,0,0,0,0,0,none,0,0,0,16229,0,0,0,9,27610.8,1
1114,5510,5512,0,5250,1,120.00500010027156,8.40193E-05,0,0,0,0,0,0,0,0,0,0,0,0,0,0,0,0,0,none,0,0,0,10286.5,0,0,0,14,10224.1,1
1115,5510,5512,0,5250,1,120.00500010027156,8.40193E-05,0,0,0,0,0,0,0,0,0,0,0,0,0,0,0,0,0,none,0,0,0,11724.8,0,0,0,7,27268.4,1
1116,5510,5512,0,5250,1,120.00500010027156,8.40193E-05,0,0,0,0,0,0,0,0,0,0,0,0,0,0,0,0,0,none,0,0,0,16503.8,0,0,0,14,9092.53,1
1117,5509,5512,1,5250,1,120.00500010027156,8.40193E-05,0,1,3.091862594587654E-09,0,0,0,0,0,0,0,0,0,0,0,3.0918625945876296E-09,0,-2.4401828070314316E-23,no_compact_gain,0,0,0,12374.4,0,0,0,83,10132,1
1118,5509,5512,0,5250,1,120.00500010027156,8.40193E-05,0,0,0,0,0,0,0,0,0,0,0,0,0,0,0,0,0,none,0,0,0,11475.1,0,0,0,8,12412.8,1
1119,5509,5512,0,5250,1,120.00500010027156,8.40193E-05,0,0,0,0,0,0,0,0,0,0,0,0,0,0,0,0,0,none,0,0,0,16827.5,0,0,0,9,9933.61,1
1120,5509,5512,0,5250,1,120.00500010027156,8.40193E-05,0,0,0,0,0,0,0,0,0,0,0,0,0,0,0,0,0,none,0,0,0,11354.3,0,0,0,19,10028,1
1121,5509,5512,0,5250,1,120.00500010027156,8.40193E-05,0,0,0,0,0,0,0,0,0,0,0,0,0,0,0,0,0,none,0,0,0,11223.5,0,0,0,9,24008.9,1
1122,5509,5512,0,5250,1,120.00500010027156,8.40193E-05,0,0,0,0,0,0,0,0,0,0,0,0,0,0,0,0,0,none,0,0,0,17091.8,0,0,0,10,27510.4,1
1123,5509,5512,0,5250,1,120.00500010027156,8.40193E-05,0,0,0,0,0,0,0,0,0,0,0,0,0,0,0,0,0,none,0,0,0,12449.7,0,0,0,12,9924.74,1
1124,5509,5512,0,5250,1,120.00500010027156,8.40193E-05,0,0,0,0,0,0,0,0,0,0,0,0,0,0,0,0,0,none,0,0,0,10245.1,0,0,0,6,12333.3,1
1125,5509,5512,0,5250,1,120.00500010027156,8.40193E-05,0,0,0,0,0,0,0,0,0,0,0,0,0,0,0,0,0,none,0,0,0,14722.7,0,0,0,5,19152.2,1
1126,5509,5512,0,5250,1,120.00500010027156,8.40193E-05,0,0,0,0,0,0,0,0,0,0,0,0,0,0,0,0,0,none,0,0,0,14933.7,0,0,0,124,9060.83,1
1127,5509,5512,0,5250,1,120.00500010027156,8.40193E-05,0,0,0,0,0,0,0,0,0,0,0,0,0,0,0,0,0,none,0,0,0,10923.2,0,0,0,13,11608.2,1
1128,5509,5512,0,5250,1,120.00500010027156,8.40193E-05,0,0,0,0,0,0,0,0,0,0,0,0,0,0,0,0,0,none,0,0,0,12281.1,0,0,0,4,26221.5,1
1129,5509,5512,0,5250,1,120.00500010027156,8.40193E-05,0,0,0,0,0,0,0,0,0,0,0,0,0,0,0,0,0,none,0,0,0,16885.7,0,0,0,117,9789.82,1
1130,5509,5512,0,5250,1,120.00500010027156,8.40193E-05,0,0,0,0,0,0,0,0,0,0,0,0,0,0,0,0,0,none,0,0,0,10887.3,0,0,0,13,10611,1
1131,5509,5512,0,5250,1,120.00500010027156,8.40193E-05,0,0,0,0,0,0,0,0,0,0,0,0,0,0,0,0,0,none,0,0,0,11377.2,0,0,0,10,18988.7,1
1132,5509,5512,0,5250,1,120.00500010027156,8.40193E-05,0,0,0,0,0,0,0,0,0,0,0,0,0,0,0,0,0,none,0,0,0,17871.1,0,0,0,21,9742.73,1
1133,5509,5512,0,5250,1,120.00500010027156,8.40193E-05,0,0,0,0,0,0,0,0,0,0,0,0,0,0,0,0,0,none,0,0,0,10888.1,0,0,0,14,19366.7,1
1134,5509,5512,0,5250,1,120.00500010027156,8.40193E-05,0,0,0,0,0,0,0,0,0,0,0,0,0,0,0,0,0,none,0,0,0,10217,0,0,0,72,17657,1
1135,5509,5512,0,5250,1,120.00500010027156,8.40193E-05,0,0,0,0,0,0,0,0,0,0,0,0,0,0,0,0,0,none,0,0,0,16878.4,0,0,0,7,9691.19,1
1136,5509,5512,0,5250,1,120.00500010027156,8.40193E-05,0,0,0,0,0,0,0,0,0,0,0,0,0,0,0,0,0,none,0,0,0,10926.8,0,0,0,12,9028.63,1
1137,5509,5512,0,5250,1,120.00500010027156,8.40193E-05,0,0,0,0,0,0,0,0,0,0,0,0,0,0,0,0,0,none,0,0,0,12000.5,0,0,0,9,13969.8,1
1138,5509,5512,0,5250,1,120.00500010027156,8.40193E-05,0,0,0,0,0,0,0,0,0,0,0,0,0,0,0,0,0,none,0,0,0,14408.4,0,0,0,17,9629.63,1
1139,5509,5512,0,5250,1,120.00500010027156,8.40193E-05,0,0,0,0,0,0,0,0,0,0,0,0,0,0,0,0,0,none,0,0,0,11035.2,0,0,0,74,9779.3,1
1140,5509,5512,0,5250,1,120.00500010027156,8.40193E-05,0,0,0,0,0,0,0,0,0,0,0,0,0,0,0,0,0,none,0,0,0,14873.1,0,0,0,55,19226.2,1
1141,5509,5512,0,5250,1,120.00500010027156,8.40193E-05,0,0,0,0,0,0,0,0,0,0,0,0,0,0,0,0,0,none,0,0,0,11569.9,0,0,0,14,10484.8,1
1142,5509,5512,0,5250,1,120.00500010027156,8.40193E-05,0,0,0,0,0,0,0,0,0,0,0,0,0,0,0,0,0,none,0,0,0,11236.6,0,0,0,5,35717.7,1
1143,5509,5512,0,5250,1,120.00500010027156,8.40193E-05,0,0,0,0,0,0,0,0,0,0,0,0,0,0,0,0,0,none,0,0,0,17257.4,0,0,0,52,13227.1,1
1144,5509,5512,0,5250,1,120.00500010027156,8.40193E-05,0,0,0,0,0,0,0,0,0,0,0,0,0,0,0,0,0,none,0,0,0,10201.5,0,0,0,69,18969,1
1145,5509,5512,0,5250,1,120.00500010027156,8.40193E-05,0,0,0,0,0,0,0,0,0,0,0,0,0,0,0,0,0,none,0,0,0,11489.2,0,0,0,7,19410.2,1
1146,5509,5512,0,5250,1,120.00500010027156,8.40193E-05,0,0,0,0,0,0,0,0,0,0,0,0,0,0,0,0,0,none,0,0,0,17078.7,0,0,0,18,8995.05,1
1147,5509,5512,0,5250,1,120.00500010027156,8.40193E-05,0,0,0,0,0,0,0,0,0,0,0,0,0,0,0,0,0,none,0,0,0,11829.3,0,0,0,7,16902.4,1
1148,5509,5512,0,5250,1,120.00500010027156,8.40193E-05,0,0,0,0,0,0,0,0,0,0,0,0,0,0,0,0,0,none,0,0,0,11738.1,0,0,0,8,26369.4,1
1149,5509,5512,0,5250,1,120.00500010027156,8.40193E-05,0,0,0,0,0,0,0,0,0,0,0,0,0,0,0,0,0,none,0,0,0,18912.4,0,0,0,15,9707.1,1
1150,5509,5512,0,5250,1,120.00500010027156,8.40193E-05,0,0,0,0,0,0,0,0,0,0,0,0,0,0,0,0,0,none,0,0,0,11603.9,0,0,0,10,19239.9,1
1151,5509,5512,0,5250,1,120.00500010027156,8.40193E-05,0,0,0,0,0,0,0,0,0,0,0,0,0,0,0,0,0,none,0,0,0,11734.3,0,0,0,11,19211.1,1
1152,5509,5512,0,5250,1,120.00500010027156,8.40193E-05,0,0,0,0,0,0,0,0,0,0,0,0,0,0,0,0,0,none,0,0,0,17801.8,0,0,0,16,10376.9,1
1153,5509,5512,0,5250,1,120.00500010027156,8.40193E-05,0,0,0,0,0,0,0,0,0,0,0,0,0,0,0,0,0,none,0,0,0,11776.8,0,0,0,8,26939.3,1
1154,5509,5512,0,5250,1,120.00500010027156,8.40193E-05,0,0,0,0,0,0,0,0,0,0,0,0,0,0,0,0,0,none,0,0,0,10198.3,0,0,0,8,19977.7,1
1155,5509,5512,0,5250,1,120.00500010027156,8.40193E-05,0,0,0,0,0,0,0,0,0,0,0,0,0,0,0,0,0,none,0,0,0,15664.7,0,0,0,4,12565,1
1156,5509,5512,0,5250,1,120.00500010027156,8.40193E-05,0,0,0,0,0,0,0,0,0,0,0,0,0,0,0,0,0,none,0,0,0,13978.1,0,0,0,74,8960.15,1
1157,5509,5512,0,5250,1,120.00500010027156,8.40193E-05,0,0,0,0,0,0,0,0,0,0,0,0,0,0,0,0,0,none,0,0,0,11662.8,0,0,0,50,12295.3,1
1158,5509,5512,0,5250,1,120.00500010027156,8.40193E-05,0,0,0,0,0,0,0,0,0,0,0,0,0,0,0,0,0,none,0,0,0,13115.5,0,0,0,20,12548.9,1
1159,5509,5512,0,5250,1,120.00500010027156,8.40193E-05,0,0,0,0,0,0,0,0,0,0,0,0,0,0,0,0,0,none,0,0,0,15229.9,0,0,0,16,9635.78,1
1160,5509,5512,0,5250,1,120.00500010027156,8.40193E-05,0,0,0,0,0,0,0,0,0,0,0,0,0,0,0,0,0,none,0,0,0,13080.7,0,0,0,52,10886.8,1
1161,5509,5512,0,5250,1,120.00500010027156,8.40193E-05,0,0,0,0,0,0,0,0,0,0,0,0,0,0,0,0,0,none,0,0,0,11416.7,0,0,0,74,12025.4,1
1162,5509,5512,0,5250,1,120.00500010027156,8.40193E-05,0,0,0,0,0,0,0,0,0,0,0,0,0,0,0,0,0,none,0,0,0,14791.5,0,0,0,9,11656.1,1
1163,5509,5512,0,5250,1,120.00500010027156,8.40193E-05,0,0,0,0,0,0,0,0,0,0,0,0,0,0,0,0,0,none,0,0,0,13492.2,0,0,0,78,10280.4,1
1164,5509,5512,0,5250,1,120.00500010027156,8.40193E-05,0,0,0,0,0,0,0,0,0,0,0,0,0,0,0,0,0,none,0,0,0,10206.6,0,0,0,12,11650.5,1
1165,5509,5512,0,5250,1,120.00500010027156,8.40193E-05,0,0,0,0,0,0,0,0,0,0,0,0,0,0,0,0,0,none,0,0,0,14403.4,0,0,0,9,16950.2,1
1166,5509,5512,0,5250,1,120.00500010027156,8.40193E-05,0,0,0,0,0,0,0,0,0,0,0,0,0,0,0,0,0,none,0,0,0,13835.7,0,0,0,77,8925.64,1
1167,5509,5512,0,5250,1,120.00500010027156,8.40193E-05,0,0,0,0,0,0,0,0,0,0,0,0,0,0,0,0,0,none,0,0,0,11499.9,0,0,0,8,11391.7,1
1168,5509,5512,0,5250,1,120.00500010027156,8.40193E-05,0,0,0,0,0,0,0,0,0,0,0,0,0,0,0,0,0,none,0,0,0,14078.1,0,0,0,16,11874,1
1169,5509,5512,0,5250,1,120.00500010027156,8.40193E-05,0,0,0,0,0,0,0,0,0,0,0,0,0,0,0,0,0,none,0,0,0,12620.8,0,0,0,11,9563.95,1
1170,5509,5512,0,5250,1,120.00500010027156,8.40193E-05,0,0,0,0,0,0,0,0,0,0,0,0,0,0,0,0,0,none,0,0,0,14332.5,0,0,0,21,11182,1
1171,5509,5512,0,5250,1,120.00500010027156,8.40193E-05,0,0,0,0,0,0,0,0,0,0,0,0,0,0,0,0,0,none,0,0,0,12076.6,0,0,0,121,10721.7,1
1172,5509,5512,0,5250,1,120.00500010027156,8.40193E-05,0,0,0,0,0,0,0,0,0,0,0,0,0,0,0,0,0,none,0,0,0,11349.3,0,0,0,11,11428.8,1
1173,5509,5512,0,5250,1,120.00500010027156,8.40193E-05,0,0,0,0,0,0,0,0,0,0,0,0,0,0,0,0,0,none,0,0,0,13282,0,0,0,15,10973.2,1
1174,5509,5512,0,5250,1,120.00500010027156,8.40193E-05,0,0,0,0,0,0,0,0,0,0,0,0,0,0,0,0,0,none,0,0,0,10227.5,0,0,0,46,16976.8,1
1175,5509,5512,0,5250,1,120.00500010027156,8.40193E-05,0,0,0,0,0,0,0,0,0,0,0,0,0,0,0,0,0,none,0,0,0,12557.2,0,0,0,14,19321.9,1
1176,5509,5512,0,5250,1,120.00500010027156,8.40193E-05,0,0,0,0,0,0,0,0,0,0,0,0,0,0,0,0,0,none,0,0,0,18460.3,0,0,0,14,8894.08,1
1177,5509,5512,0,5250,1,120.00500010027156,8.40193E-05,0,0,0,0,0,0,0,0,0,0,0,0,0,0,0,0,0,none,0,0,0,11343,0,0,0,46,21115.2,1
1178,5509,5512,0,5250,1,120.00500010027156,8.40193E-05,0,0,0,0,0,0,0,0,0,0,0,0,0,0,0,0,0,none,0,0,0,15061.8,0,0,0,5,64239.7,1
1179,5509,5512,0,5250,1,120.00500010027156,8.40193E-05,0,0,0,0,0,0,0,0,0,0,0,0,0,0,0,0,0,none,0,0,0,12946.4,0,0,0,16,9492.74,1
1180,5509,5512,0,5250,1,120.00500010027156,8.40193E-05,0,0,0,0,0,0,0,0,0,0,0,0,0,0,0,0,0,none,0,0,0,12182.8,0,0,0,7,26618.5,1
1181,5509,5512,0,5250,1,120.00500010027156,8.40193E-05,0,0,0,0,0,0,0,0,0,0,0,0,0,0,0,0,0,none,0,0,0,12262,0,0,0,4,28287.4,1
1182,5509,5512,0,5250,1,120.00500010027156,8.40193E-05,0,0,0,0,0,0,0,0,0,0,0,0,0,0,0,0,0,none,0,0,0,18392.5,0,0,0,27,10402.3,1
1183,5509,5512,0,5250,1,120.00500010027156,8.40193E-05,0,0,0,0,0,0,0,0,0,0,0,0,0,0,0,0,0,none,0,0,0,11400.3,0,0,0,92,17005.5,1
1184,5509,5512,0,5250,1,120.00500010027156,8.40193E-05,0,0,0,0,0,0,0,0,0,0,0,0,0,0,0,0,0,none,0,0,0,10261.1,0,0,0,7,26650.7,1
1185,5509,5512,0,5250,1,120.00500010027156,8.40193E-05,0,0,0,0,0,0,0,0,0,0,0,0,0,0,0,0,0,none,0,0,0,14822.6,0,0,0,19,10298.3,1
1186,5509,5512,0,5250,1,120.00500010027156,8.40193E-05,0,0,0,0,0,0,0,0,0,0,0,0,0,0,0,0,0,none,0,0,0,11929.6,0,0,0,8,8867.1,1
1187,5509,5512,0,5250,1,120.00500010027156,8.40193E-05,0,0,0,0,0,0,0,0,0,0,0,0,0,0,0,0,0,none,0,0,0,11195.2,0,0,0,10,20980.1,1
1188,5509,5512,0,5250,1,120.00500010027156,8.40193E-05,0,0,0,0,0,0,0,0,0,0,0,0,0,0,0,0,0,none,0,0,0,14051.3,0,0,0,122,10209.7,1
1189,5509,5512,0,5250,1,120.00500010027156,8.40193E-05,0,0,0,0,0,0,0,0,0,0,0,0,0,0,0,0,0,none,0,0,0,11684.9,0,0,0,10,9425.84,1
1190,5509,5512,0,5250,1,120.00500010027156,8.40193E-05,0,0,0,0,0,0,0,0,0,0,0,0,0,0,0,0,0,none,0,0,0,13980.2,0,0,0,12,11255.1,1
1191,5509,5512,0,5250,1,120.00500010027156,8.40193E-05,0,0,0,0,0,0,0,0,0,0,0,0,0,0,0,0,0,none,0,0,0,11819.4,0,0,0,54,10115.8,1
1192,5509,5512,0,5250,1,120.00500010027156,8.40193E-05,0,0,0,0,0,0,0,0,0,0,0,0,0,0,0,0,0,none,0,0,0,11433.2,0,0,0,14,11001.7,1
1193,5509,5512,0,5250,1,120.00500010027156,8.40193E-05,0,0,0,0,0,0,0,0,0,0,0,0,0,0,0,0,0,none,0,0,0,16549.9,0,0,0,78,10457.7,1
1194,5509,5512,0,5250,1,120.00500010027156,8.40193E-05,0,0,0,0,0,0,0,0,0,0,0,0,0,0,0,0,0,none,0,0,0,10308.7,0,0,0,10,10010.4,1
1195,5509,5512,0,5250,1,120.00500010027156,8.40193E-05,0,0,0,0,0,0,0,0,0,0,0,0,0,0,0,0,0,none,0,0,0,11185.8,0,0,0,19,22374.9,1
1196,5509,5512,0,5250,1,120.00500010027156,8.40193E-05,0,0,0,0,0,0,0,0,0,0,0,0,0,0,0,0,0,none,0,0,0,16049.1,0,0,0,10,8844.75,1
1197,5509,5512,0,5250,1,120.00500010027156,8.40193E-05,0,0,0,0,0,0,0,0,0,0,0,0,0,0,0,0,0,none,0,0,0,11057.6,0,0,0,11,9909.72,1
1198,5509,5512,0,5250,1,120.00500010027156,8.40193E-05,0,0,0,0,0,0,0,0,0,0,0,0,0,0,0,0,0,none,0,0,0,11003.6,0,0,0,73,12691.4,1
1199,5509,5512,0,5250,1,120.00500010027156,8.40193E-05,0,0,0,0,0,0,0,0,0,0,0,0,0,0,0,0,0,none,0,0,0,13514.9,0,0,0,11,9366.97,1
1200,5509,5512,0,5250,1,120.00500010027156,8.40193E-05,0,0,0,0,0,0,0,0,0,0,0,0,0,0,0,0,0,none,0,0,0,13805.6,0,0,0,80,9834.93,1
1201,5509,5512,0,5250,1,120.00500010027156,8.40193E-05,0,0,0,0,0,0,0,0,0,0,0,0,0,0,0,0,0,none,0,0,0,10913.8,0,0,0,8,11030.8,1
1202,5509,5512,0,5250,1,120.00500010027156,8.40193E-05,0,0,0,0,0,0,0,0,0,0,0,0,0,0,0,0,0,none,0,0,0,11548.8,0,0,0,12,10804.6,1
1203,5509,5512,0,5250,1,120.00500010027156,8.40193E-05,0,0,0,0,0,0,0,0,0,0,0,0,0,0,0,0,0,none,0,0,0,16415.2,0,0,0,9,9781.96,1
1204,5509,5512,0,5250,1,120.00500010027156,8.40193E-05,0,0,0,0,0,0,0,0,0,0,0,0,0,0,0,0,0,none,0,0,0,10372.7,0,0,0,16,10353.1,1
1205,5509,5512,0,5250,1,120.00500010027156,8.40193E-05,0,0,0,0,0,0,0,0,0,0,0,0,0,0,0,0,0,none,0,0,0,11852.2,0,0,0,47,19909.9,1
1206,5509,5512,0,5250,1,120.00500010027156,8.40193E-05,0,0,0,0,0,0,0,0,0,0,0,0,0,0,0,0,0,none,0,0,0,17842.1,0,0,0,8,8826.02,1
1207,5509,5512,0,5250,1,120.00500010027156,8.40193E-05,0,0,0,0,0,0,0,0,0,0,0,0,0,0,0,0,0,none,0,0,0,10891.2,0,0,0,3,19052.3,1
1208,5509,5512,0,5250,1,120.00500010027156,8.40193E-05,0,0,0,0,0,0,0,0,0,0,0,0,0,0,0,0,0,none,0,0,0,14105.7,0,0,0,59,19277.1,1
1209,5509,5512,0,5250,1,120.00500010027156,8.40193E-05,0,0,0,0,0,0,0,0,0,0,0,0,0,0,0,0,0,none,0,0,0,17657,0,0,0,18,9317.34,1
1210,5509,5512,0,5250,1,120.00500010027156,8.40193E-05,0,0,0,0,0,0,0,0,0,0,0,0,0,0,0,0,0,none,0,0,0,10938.2,0,0,0,73,12454.7,1
1211,5509,5512,0,5250,1,120.00500010027156,8.40193E-05,0,0,0,0,0,0,0,0,0,0,0,0,0,0,0,0,0,none,0,0,0,12881.1,0,0,0,2,27757.6,1
1212,5509,5512,0,5250,1,120.00500010027156,8.40193E-05,0,0,0,0,0,0,0,0,0,0,0,0,0,0,0,0,0,none,0,0,0,17254.2,0,0,0,16,9618.89,1
1213,5509,5512,0,5250,1,120.00500010027156,8.40193E-05,0,0,0,0,0,0,0,0,0,0,0,0,0,0,0,0,0,none,0,0,0,11061,0,0,0,7,19287,1
1214,5509,5512,0,5250,1,120.00500010027156,8.40193E-05,0,0,0,0,0,0,0,0,0,0,0,0,0,0,0,0,0,none,0,0,0,10455.2,0,0,0,11,19272.3,1
1215,5509,5512,0,5250,1,120.00500010027156,8.40193E-05,0,0,0,0,0,0,0,0,0,0,0,0,0,0,0,0,0,none,0,0,0,17103.5,0,0,0,73,10258.5,1
1216,5509,5512,0,5250,1,120.00500010027156,8.40193E-05,0,0,0,0,0,0,0,0,0,0,0,0,0,0,0,0,0,none,0,0,0,11274.9,0,0,0,17,8809.44,1
1217,5509,5512,0,5250,1,120.00500010027156,8.40193E-05,0,0,0,0,0,0,0,0,0,0,0,0,0,0,0,0,0,none,0,0,0,10804.5,0,0,0,8,37970.4,1
1218,5509,5512,0,5250,1,120.00500010027156,8.40193E-05,0,0,0,0,0,0,0,0,0,0,0,0,0,0,0,0,0,none,0,0,0,15006.7,0,0,0,14,23414.2,1
1219,5509,5512,0,5250,1,120.00500010027156,8.40193E-05,0,0,0,0,0,0,0,0,0,0,0,0,0,0,0,0,0,none,0,0,0,11529.4,0,0,0,58,9275.67,1
1220,5509,5512,0,5250,1,120.00500010027156,8.40193E-05,0,0,0,0,0,0,0,0,0,0,0,0,0,0,0,0,0,none,0,0,0,13464.3,0,0,0,77,11786.3,1
1221,5509,5512,0,5250,1,120.00500010027156,8.40193E-05,0,0,0,0,0,0,0,0,0,0,0,0,0,0,0,0,0,none,0,0,0,12510.4,0,0,0,14,19454.8,1
1222,5509,5512,0,5250,1,120.00500010027156,8.40193E-05,0,0,0,0,0,0,0,0,0,0,0,0,0,0,0,0,0,none,0,0,0,11776.4,0,0,0,46,10479.3,1
1223,5509,5512,0,5250,1,120.00500010027156,8.40193E-05,0,0,0,0,0,0,0,0,0,0,0,0,0,0,0,0,0,none,0,0,0,16147,0,0,0,9,10685.6,1
1224,5509,5512,0,5250,1,120.00500010027156,8.40193E-05,0,0,0,0,0,0,0,0,0,0,0,0,0,0,0,0,0,none,0,0,0,10555.3,0,0,0,8,26987.2,1
1225,5509,5512,0,5250,1,120.00500010027156,8.40193E-05,0,0,0,0,0,0,0,0,0,0,0,0,0,0,0,0,0,none,0,0,0,12026.6,0,0,0,69,18995.6,1
1226,5509,5512,0,5250,1,120.00500010027156,8.40193E-05,0,0,0,0,0,0,0,0,0,0,0,0,0,0,0,0,0,none,0,0,0,16879.5,0,0,0,11,8793.5,1
1227,5509,5512,0,5250,1,120.00500010027156,8.40193E-05,0,0,0,0,0,0,0,0,0,0,0,0,0,0,0,0,0,none,0,0,0,10684.2,0,0,0,9,28630.2,1
1228,5509,5512,0,5250,1,120.00500010027156,8.40193E-05,0,0,0,0,0,0,0,0,0,0,0,0,0,0,0,0,0,none,0,0,0,12325.8,0,0,0,14,12315,1
1229,5509,5512,0,5250,1,120.00500010027156,8.40193E-05,0,0,0,0,0,0,0,0,0,0,0,0,0,0,0,0,0,none,0,0,0,14463.4,0,0,0,7,9239.58,1
1230,5509,5512,0,5250,1,120.00500010027156,8.40193E-05,0,0,0,0,0,0,0,0,0,0,0,0,0,0,0,0,0,none,0,0,0,13290.6,0,0,0,7,19643.2,1
1231,5509,5512,0,5250,1,120.00500010027156,8.40193E-05,0,0,0,0,0,0,0,0,0,0,0,0,0,0,0,0,0,none,0,0,0,12711.4,0,0,0,13,11461.2,1
1232,5511,5512,0,5250,1,120.00500010027156,8.40193E-05,0,0,0,0,0,0,2,2.1303611567237703E-09,0,1.0651805783618852E-09,1.0651805783618852E-09,1.0651805783618852E-09,0,0,0,0,0,none,0,0,5.963183918967036E-15,12088.7,0,0,0,13,10354.3,1
1233,5511,5512,0,5250,1,120.00500010027156,8.40193E-05,0,0,0,0,0,0,0,0,0,0,0,0,0,0,0,0,0,none,0,0,0,15158.1,0,0,0,17,19248.6,1
1234,5511,5512,0,5250,1,120.00500010027156,8.40193E-05,0,0,0,0,0,0,0,0,0,0,0,0,0,0,0,0,0,none,0,0,0,10668.2,0,0,0,12,10548.1,1
1235,5511,5512,0,5250,1,120.00500010027156,8.40193E-05,0,0,0,0,0,0,0,0,0,0,0,0,0,0,0,0,0,none,0,0,0,11430.1,0,0,0,14,11953.6,1
1236,5511,5512,0,5250,1,120.00500010027156,8.40193E-05,0,0,0,0,0,0,0,0,0,0,0,0,0,0,0,0,0,none,0,0,0,14723.1,0,0,0,49,8777.05,1
1237,5511,5512,0,5250,1,120.00500010027156,8.40193E-05,0,0,0,0,0,0,0,0,0,0,0,0,0,0,0,0,0,none,0,0,0,10570,0,0,0,143,17215.7,1
1238,5511,5512,0,5250,1,120.00500010027156,8.40193E-05,0,0,0,0,0,0,0,0,0,0,0,0,0,0,0,0,0,none,0,0,0,13166.9,0,0,0,11,11602.1,1
1239,5511,5512,0,5250,1,120.00500010027156,8.40193E-05,0,0,0,0,0,0,0,0,0,0,0,0,0,0,0,0,0,none,0,0,0,14346.8,0,0,0,48,9206.54,1
1240,5511,5512,0,5250,1,120.00500010027156,8.40193E-05,0,0,0,0,0,0,0,0,0,0,0,0,0,0,0,0,0,none,0,0,0,13106.7,0,0,0,9,20958.6,1
1241,5511,5512,0,5250,1,120.00500010027156,8.40193E-05,0,0,0,0,0,0,0,0,0,0,0,0,0,0,0,0,0,none,0,0,0,13440.8,0,0,0,14,11355.7,1
1242,5511,5512,0,5250,1,120.00500010027156,8.40193E-05,0,0,0,0,0,0,0,0,0,0,0,0,0,0,0,0,0,none,0,0,0,14027.8,0,0,0,75,10247.6,1
1243,5511,5512,0,5250,1,120.00500010027156,8.40193E-05,0,0,0,0,0,0,0,0,0,0,0,0,0,0,0,0,0,none,0,0,0,11745.7,0,0,0,12,38368.5,1
1244,5511,5512,0,5250,1,120.00500010027156,8.40193E-05,0,0,0,0,0,0,0,0,0,0,0,0,0,0,0,0,0,none,0,0,0,10787.7,0,0,0,19,11148.6,1
1245,5511,5512,0,5250,1,120.00500010027156,8.40193E-05,0,0,0,0,0,0,0,0,0,0,0,0,0,0,0,0,0,none,0,0,0,13712,0,0,0,13,10431.5,1
1246,5511,5512,0,5250,1,120.00500010027156,8.40193E-05,0,0,0,0,0,0,0,0,0,0,0,0,0,0,0,0,0,none,0,0,0,11628.6,0,0,0,7,8759.75,1
1247,5511,5512,0,5250,1,120.00500010027156,8.40193E-05,0,0,0,0,0,0,0,0,0,0,0,0,0,0,0,0,0,none,0,0,0,10467.7,0,0,0,87,10937.6,1
1248,5511,5512,0,5250,1,120.00500010027156,8.40193E-05,0,0,0,0,0,0,0,0,0,0,0,0,0,0,0,0,0,none,0,0,0,13343.4,0,0,0,5,18359.2,1
1249,5511,5512,0,5250,1,120.00500010027156,8.40193E-05,0,0,0,0,0,0,0,0,0,0,0,0,0,0,0,0,0,none,0,0,0,13695.2,0,0,0,10,9174.5,1
1250,5511,5512,0,5250,1,120.00500010027156,8.40193E-05,0,0,0,0,0,0,0,0,0,0,0,0,0,0,0,0,0,none,0,0,0,12908.6,0,0,0,54,10716.6,1
1251,5511,5512,0,5250,1,120.00500010027156,8.40193E-05,0,0,0,0,0,0,0,0,0,0,0,0,0,0,0,0,0,none,0,0,0,12912.5,0,0,0,3,24810.8,1
1252,5511,5512,0,5250,1,120.00500010027156,8.40193E-05,0,0,0,0,0,0,0,0,0,0,0,0,0,0,0,0,0,none,0,0,0,15389.1,0,0,0,75,10152.6,1
1253,5511,5512,0,5250,1,120.00500010027156,8.40193E-05,0,0,0,0,0,0,0,0,0,0,0,0,0,0,0,0,0,none,0,0,0,15726.8,0,0,0,59,10522.1,1
1254,5511,5512,0,5250,1,120.00500010027156,8.40193E-05,0,0,0,0,0,0,0,0,0,0,0,0,0,0,0,0,0,none,0,0,0,10911,0,0,0,5,28442.5,1
1255,5511,5512,0,5250,1,120.00500010027156,8.40193E-05,0,0,0,0,0,0,0,0,0,0,0,0,0,0,0,0,0,none,0,0,0,15759,0,0,0,16,17337.3,1
1256,5511,5512,0,5250,1,120.00500010027156,8.40193E-05,0,0,0,0,0,0,0,0,0,0,0,0,0,0,0,0,0,none,0,0,0,17622.5,0,0,0,17,8741.86,1
1257,5511,5512,0,5250,1,120.00500010027156,8.40193E-05,0,0,0,0,0,0,0,0,0,0,0,0,0,0,0,0,0,none,0,0,0,10382.6,0,0,0,15,22923.2,1
1258,5511,5512,0,5250,1,120.00500010027156,8.40193E-05,0,0,0,0,0,0,0,0,0,0,0,0,0,0,0,0,0,none,0,0,0,16050.2,0,0,0,6,19220.7,1
1259,5511,5512,0,5250,1,120.00500010027156,8.40193E-05,0,0,0,0,0,0,0,0,0,0,0,0,0,0,0,0,0,none,0,0,0,15415.2,0,0,0,12,9142.42,1
1260,5511,5512,0,5250,1,120.00500010027156,8.40193E-05,0,0,0,0,0,0,0,0,0,0,0,0,0,0,0,0,0,none,0,0,0,11888.9,0,0,0,7,21791.2,1
1261,5511,5512,0,5250,1,120.00500010027156,8.40193E-05,0,0,0,0,0,0,0,0,0,0,0,0,0,0,0,0,0,none,0,0,0,13781.4,0,0,0,16,12082.5,1
1262,5511,5512,0,5250,1,120.00500010027156,8.40193E-05,0,0,0,0,0,0,0,0,0,0,0,0,0,0,0,0,0,none,0,0,0,12873.8,0,0,0,18,10064.1,1
1263,5511,5512,0,5250,1,120.00500010027156,8.40193E-05,0,0,0,0,0,0,0,0,0,0,0,0,0,0,0,0,0,none,0,0,0,11644.7,0,0,0,11,28338.5,1
1264,5511,5512,0,5250,1,120.00500010027156,8.40193E-05,0,0,0,0,0,0,0,0,0,0,0,0,0,0,0,0,0,none,0,0,0,11039.1,0,0,0,77,10805.1,1
1265,5511,5512,0,5250,1,120.00500010027156,8.40193E-05,0,0,0,0,0,0,0,0,0,0,0,0,0,0,0,0,0,none,0,0,0,11369.3,0,0,0,13,10099.2,1
1266,5511,5512,0,5250,1,120.00500010027156,8.40193E-05,0,0,0,0,0,0,0,0,0,0,0,0,0,0,0,0,0,none,0,0,0,11391.2,0,0,0,8,8725.74,1
1267,5511,5512,0,5250,1,120.00500010027156,8.40193E-05,0,0,0,0,0,0,0,0,0,0,0,0,0,0,0,0,0,none,0,0,0,10316.2,0,0,0,49,10237.1,1
1268,5511,5512,0,5250,1,120.00500010027156,8.40193E-05,0,0,0,0,0,0,0,0,0,0,0,0,0,0,0,0,0,none,0,0,0,12322.9,0,0,0,11,9992.92,1
1269,5511,5512,0,5250,1,120.00500010027156,8.40193E-05,0,0,0,0,0,0,0,0,0,0,0,0,0,0,0,0,0,none,0,0,0,11149.8,0,0,0,78,9110.33,1
1270,5511,5512,0,5250,1,120.00500010027156,8.40193E-05,0,0,0,0,0,0,0,0,0,0,0,0,0,0,0,0,0,none,0,0,0,12488.6,0,0,0,52,20832.9,1
1271,5511,5512,0,5250,1,120.00500010027156,8.40193E-05,0,0,0,0,0,0,0,0,0,0,0,0,0,0,0,0,0,none,0,0,0,12943.3,0,0,0,17,9895.48,1
1272,5511,5512,0,5250,1,120.00500010027156,8.40193E-05,0,0,0,0,0,0,0,0,0,0,0,0,0,0,0,0,0,none,0,0,0,10983,0,0,0,11,9979.49,1
1273,5511,5512,0,5250,1,120.00500010027156,8.40193E-05,0,0,0,0,0,0,0,0,0,0,0,0,0,0,0,0,0,none,0,0,0,12403.5,0,0,0,7,17457.8,1
1274,5511,5512,0,5250,1,120.00500010027156,8.40193E-05,0,0,0,0,0,0,0,0,0,0,0,0,0,0,0,0,0,none,0,0,0,11175.1,0,0,0,136,9825.2,1
1275,5511,5512,0,5250,1,120.00500010027156,8.40193E-05,0,0,0,0,0,0,0,0,0,0,0,0,0,0,0,0,0,none,0,0,0,10906,0,0,0,11,10650.8,1
1276,5511,5512,0,5250,1,120.00500010027156,8.40193E-05,0,0,0,0,0,0,0,0,0,0,0,0,0,0,0,0,0,none,0,0,0,11358.3,0,0,0,9,18907.1,1
1277,5511,5512,0,5250,1,120.00500010027156,8.40193E-05,0,0,0,0,0,0,0,0,0,0,0,0,0,0,0,0,0,none,0,0,0,10266.5,0,0,0,6,9774.24,1
1278,5510,5512,1,5250,1,120.00500010027156,8.40193E-05,0,1,7.421229507647714E-09,0,0,0,0,0,0,0,0,0,0,0,7.421229507647764E-09,0,4.963083675318166E-23,no_compact_gain,0,0,0,10884.4,0,0,0,12,13700,1
1279,5510,5512,0,5250,1,120.00500010027156,8.40193E-05,0,0,0,0,0,0,0,0,0,0,0,0,0,0,0,0,0,none,0,0,0,12782.1,0,0,0,74,9078.55,1
1280,5510,5512,0,5250,1,120.00500010027156,8.40193E-05,0,0,0,0,0,0,0,0,0,0,0,0,0,0,0,0,0,none,0,0,0,12287.3,0,0,0,14,9726.82,1
1281,5510,5512,0,5250,1,120.00500010027156,8.40193E-05,0,0,0,0,0,0,0,0,0,0,0,0,0,0,0,0,0,none,0,0,0,10895.2,0,0,0,48,19317.3,1
1282,5510,5512,0,5250,1,120.00500010027156,8.40193E-05,0,0,0,0,0,0,0,0,0,0,0,0,0,0,0,0,0,none,0,0,0,15316.1,0,0,0,13,9898.2,1
1283,5510,5512,0,5250,1,120.00500010027156,8.40193E-05,0,0,0,0,0,0,0,0,0,0,0,0,0,0,0,0,0,none,0,0,0,15181.3,0,0,0,24,9672.14,1
1284,5510,5512,0,5250,1,120.00500010027156,8.40193E-05,0,0,0,0,0,0,0,0,0,0,0,0,0,0,0,0,0,none,0,0,0,10951.6,0,0,0,52,13833.2,1
1285,5510,5512,0,5250,1,120.00500010027156,8.40193E-05,0,0,0,0,0,0,0,0,0,0,0,0,0,0,0,0,0,none,0,0,0,17549.8,0,0,0,4,39887,1
1286,5510,5512,0,5250,1,120.00500010027156,8.40193E-05,0,0,0,0,0,0,0,0,0,0,0,0,0,0,0,0,0,none,0,0,0,17374.9,0,0,0,11,9608.13,1
1287,5510,5512,0,5250,1,120.00500010027156,8.40193E-05,0,0,0,0,0,0,0,0,0,0,0,0,0,0,0,0,0,none,0,0,0,10231.1,0,0,0,6,65513.6,1
1288,5510,5512,0,5250,1,120.00500010027156,8.40193E-05,0,0,0,0,0,0,0,0,0,0,0,0,0,0,0,0,0,none,0,0,0,16799.1,0,0,0,4,24402.4,1
1289,5510,5512,0,5250,1,120.00500010027156,8.40193E-05,0,0,0,0,0,0,0,0,0,0,0,0,0,0,0,0,0,none,0,0,0,16303.3,0,0,0,12,9046.75,1
1290,5510,5512,0,5250,1,120.00500010027156,8.40193E-05,0,0,0,0,0,0,0,0,0,0,0,0,0,0,0,0,0,none,0,0,0,11314.3,0,0,0,8,13157.9,1
1291,5510,5512,0,5250,1,120.00500010027156,8.40193E-05,0,0,0,0,0,0,0,0,0,0,0,0,0,0,0,0,0,none,0,0,0,14307.4,0,0,0,80,13013.2,1
1292,5510,5512,0,5250,1,120.00500010027156,8.40193E-05,0,0,0,0,0,0,0,0,0,0,0,0,0,0,0,0,0,none,0,0,0,13794.5,0,0,0,10,9820.83,1
1293,5510,5512,0,5250,1,120.00500010027156,8.40193E-05,0,0,0,0,0,0,0,0,0,0,0,0,0,0,0,0,0,none,0,0,0,11569.4,0,0,0,6,27957,1
1294,5510,5512,0,5250,1,120.00500010027156,8.40193E-05,0,0,0,0,0,0,0,0,0,0,0,0,0,0,0,0,0,none,0,0,0,11477,0,0,0,10,11142.2,1
1295,5510,5512,0,5250,1,120.00500010027156,8.40193E-05,0,0,0,0,0,0,0,0,0,0,0,0,0,0,0,0,0,none,0,0,0,11677.5,0,0,0,33,20470.5,1
1296,5510,5512,0,5250,1,120.00500010027156,8.40193E-05,0,0,0,0,0,0,0,0,0,0,0,0,0,0,0,0,0,none,0,0,0,11814.8,0,0,0,80,12779.3,1
1297,5510,5512,0,5250,1,120.00500010027156,8.40193E-05,0,0,0,0,0,0,0,0,0,0,0,0,0,0,0,0,0,none,0,0,0,10208.6,0,0,0,14,10406.2,1
1298,5510,5512,0,5250,1,120.00500010027156,8.40193E-05,0,0,0,0,0,0,0,0,0,0,0,0,0,0,0,0,0,none,0,0,0,11691.8,0,0,0,47,19509.9,1
1299,5510,5512,0,5250,1,120.00500010027156,8.40193E-05,0,0,0,0,0,0,0,0,0,0,0,0,0,0,0,0,0,none,0,0,0,12069.3,0,0,0,7,9014.02,1
1300,5510,5512,0,5250,1,120.00500010027156,8.40193E-05,0,0,0,0,0,0,0,0,0,0,0,0,0,0,0,0,0,none,0,0,0,11924.2,0,0,0,10,17670.3,1
1301,5510,5512,0,5250,1,120.00500010027156,8.40193E-05,0,0,0,0,0,0,0,0,0,0,0,0,0,0,0,0,0,none,0,0,0,13822.1,0,0,0,116,18275.8,1
1302,5510,5512,0,5250,1,120.00500010027156,8.40193E-05,0,0,0,0,0,0,0,0,0,0,0,0,0,0,0,0,0,none,0,0,0,12380.7,0,0,0,16,9747.2,1
1303,5510,5512,0,5250,1,120.00500010027156,8.40193E-05,0,0,0,0,0,0,0,0,0,0,0,0,0,0,0,0,0,none,0,0,0,13263.1,0,0,0,4,38381.5,1
1304,5510,5512,0,5250,1,120.00500010027156,8.40193E-05,0,0,0,0,0,0,0,0,0,0,0,0,0,0,0,0,0,none,0,0,0,11639,0,0,0,9,19406.3,1
1305,5510,5512,0,5250,1,120.00500010027156,8.40193E-05,0,0,0,0,0,0,0,0,0,0,0,0,0,0,0,0,0,none,0,0,0,12779.3,0,0,0,7,10938.4,1
1306,5510,5512,0,5250,1,120.00500010027156,8.40193E-05,0,0,0,0,0,0,0,0,0,0,0,0,0,0,0,0,0,none,0,0,0,11458,0,0,0,71,12363.9,1
1307,5510,5512,0,5250,1,120.00500010027156,8.40193E-05,0,0,0,0,0,0,0,0,0,0,0,0,0,0,0,0,0,none,0,0,0,10198.7,0,0,0,8,24678.1,1
1308,5510,5512,0,5250,1,120.00500010027156,8.40193E-05,0,0,0,0,0,0,0,0,0,0,0,0,0,0,0,0,0,none,0,0,0,13217.4,0,0,0,11,10307,1
1309,5510,5512,0,5250,1,120.00500010027156,8.40193E-05,0,0,0,0,0,0,0,0,0,0,0,0,0,0,0,0,0,none,0,0,0,12017.9,0,0,0,19,8979.76,1
1310,5510,5512,0,5250,1,120.00500010027156,8.40193E-05,0,0,0,0,0,0,0,0,0,0,0,0,0,0,0,0,0,none,0,0,0,11755.4,0,0,0,11,28007.3,1
1311,5510,5512,0,5250,1,120.00500010027156,8.40193E-05,0,0,0,0,0,0,0,0,0,0,0,0,0,0,0,0,0,none,0,0,0,13607.6,0,0,0,73,18925.3,1
1312,5510,5512,0,5250,1,120.00500010027156,8.40193E-05,0,0,0,0,0,0,0,0,0,0,0,0,0,0,0,0,0,none,0,0,0,14361.7,0,0,0,56,9675.65,1
1313,5510,5512,0,5250,1,120.00500010027156,8.40193E-05,0,0,0,0,0,0,0,0,0,0,0,0,0,0,0,0,0,none,0,0,0,14291.9,0,0,0,14,11984.5,1
1314,5510,5512,0,5250,1,120.00500010027156,8.40193E-05,0,0,0,0,0,0,0,0,0,0,0,0,0,0,0,0,0,none,0,0,0,11804.8,0,0,0,8,12395.7,1
1315,5510,5512,0,5250,1,120.00500010027156,8.40193E-05,0,0,0,0,0,0,0,0,0,0,0,0,0,0,0,0,0,none,0,0,0,16794.4,0,0,0,50,11320.6,1
1316,5510,5512,0,5250,1,120.00500010027156,8.40193E-05,0,0,0,0,0,0,0,0,0,0,0,0,0,0,0,0,0,none,0,0,0,13977.6,0,0,0,13,10766.3,1
1317,5510,5512,0,5250,1,120.00500010027156,8.40193E-05,0,0,0,0,0,0,0,0,0,0,0,0,0,0,0,0,0,none,0,0,0,10200.3,0,0,0,8,18301.8,1
1318,5510,5512,0,5250,1,120.00500010027156,8.40193E-05,0,0,0,0,0,0,0,0,0,0,0,0,0,0,0,0,0,none,0,0,0,17235.2,0,0,0,75,11115.1,1
1319,5510,5512,0,5250,1,120.00500010027156,8.40193E-05,0,0,0,0,0,0,0,0,0,0,0,0,0,0,0,0,0,none,0,0,0,13656.5,0,0,0,17,8944.73,1
1320,5510,5512,0,5250,1,120.00500010027156,8.40193E-05,0,0,0,0,0,0,0,0,0,0,0,0,0,0,0,0,0,none,0,0,0,11590.4,0,0,0,10,12337.1,1
1321,5510,5512,0,5250,1,120.00500010027156,8.40193E-05,0,0,0,0,0,0,0,0,0,0,0,0,0,0,0,0,0,none,0,0,0,14845.1,0,0,0,17,10901.6,1
1322,5510,5512,0,5250,1,120.00500010027156,8.40193E-05,0,0,0,0,0,0,0,0,0,0,0,0,0,0,0,0,0,none,0,0,0,13276.2,0,0,0,11,9604.16,1
1323,5510,5512,0,5250,1,120.00500010027156,8.40193E-05,0,0,0,0,0,0,0,0,0,0,0,0,0,0,0,0,0,none,0,0,0,14430.4,0,0,0,71,17695.6,1
1324,5510,5512,0,5250,1,120.00500010027156,8.40193E-05,0,0,0,0,0,0,0,0,0,0,0,0,0,0,0,0,0,none,0,0,0,11974.9,0,0,0,20,10681.7,1
1325,5510,5512,0,5250,1,120.00500010027156,8.40193E-05,0,0,0,0,0,0,0,0,0,0,0,0,0,0,0,0,0,none,0,0,0,12300.4,0,0,0,9,11554.2,1
1326,5510,5512,0,5250,1,120.00500010027156,8.40193E-05,0,0,0,0,0,0,0,0,0,0,0,0,0,0,0,0,0,none,0,0,0,12876.4,0,0,0,5,12286,1
1327,5510,5512,0,5250,1,120.00500010027156,8.40193E-05,0,0,0,0,0,0,0,0,0,0,0,0,0,0,0,0,0,none,0,0,0,10213.9,0,0,0,18,10495.5,1
1328,5510,5512,0,5250,1,120.00500010027156,8.40193E-05,0,0,0,0,0,0,0,0,0,0,0,0,0,0,0,0,0,none,0,0,0,11373,0,0,0,74,18282.9,1
1329,5510,5512,0,5250,1,120.00500010027156,8.40193E-05,0,0,0,0,0,0,0,0,0,0,0,0,0,0,0,0,0,none,0,0,0,15809.4,0,0,0,47,8911.22,1
1330,5510,5512,0,5250,1,120.00500010027156,8.40193E-05,0,0,0,0,0,0,0,0,0,0,0,0,0,0,0,0,0,none,0,0,0,11429.8,0,0,0,17,10364.9,1
1331,5510,5512,0,5250,1,120.00500010027156,8.40193E-05,0,0,0,0,0,0,0,0,0,0,0,0,0,0,0,0,0,none,0,0,0,12108.1,0,0,0,9,18490.4,1
1332,5510,5512,0,5250,1,120.00500010027156,8.40193E-05,0,0,0,0,0,0,0,0,0,0,0,0,0,0,0,0,0,none,0,0,0,14780,0,0,0,57,9532.29,1
1333,5510,5512,0,5250,1,120.00500010027156,8.40193E-05,0,0,0,0,0,0,0,0,0,0,0,0,0,0,0,0,0,none,0,0,0,14204.9,0,0,0,79,10268.8,1
1334,5510,5512,0,5250,1,120.00500010027156,8.40193E-05,0,0,0,0,0,0,0,0,0,0,0,0,0,0,0,0,0,none,0,0,0,11848.7,0,0,0,4,58822.7,1
1335,5510,5512,0,5250,1,120.00500010027156,8.40193E-05,0,0,0,0,0,0,0,0,0,0,0,0,0,0,0,0,0,none,0,0,0,16354.8,0,0,0,17,11328.2,1
1336,5510,5512,0,5250,1,120.00500010027156,8.40193E-05,0,0,0,0,0,0,0,0,0,0,0,0,0,0,0,0,0,none,0,0,0,11914.2,0,0,0,23,10180.3,1
1337,5510,5512,0,5250,1,120.00500010027156,8.40193E-05,0,0,0,0,0,0,0,0,0,0,0,0,0,0,0,0,0,none,0,0,0,10240.1,0,0,0,10,27967.1,1
1338,5510,5512,0,5250,1,120.00500010027156,8.40193E-05,0,0,0,0,0,0,0,0,0,0,0,0,0,0,0,0,0,none,0,0,0,16650.5,0,0,0,17,10490.1,1
1339,5510,5512,0,5250,1,120.00500010027156,8.40193E-05,0,0,0,0,0,0,0,0,0,0,0,0,0,0,0,0,0,none,0,0,0,11509.8,0,0,0,13,8881.58,1
1340,5510,5512,0,5250,1,120.00500010027156,8.40193E-05,0,0,0,0,0,0,0,0,0,0,0,0,0,0,0,0,0,none,0,0,0,11276.5,0,0,0,70,16854.9,1
1341,5510,5512,0,5250,1,120.00500010027156,8.40193E-05,0,0,0,0,0,0,0,0,0,0,0,0,0,0,0,0,0,none,0,0,0,15239.7,0,0,0,10,18727,1
1342,5510,5512,0,5250,1,120.00500010027156,8.40193E-05,0,0,0,0,0,0,0,0,0,0,0,0,0,0,0,0,0,none,0,0,0,13414.9,0,0,0,12,9462.44,1
1343,5510,5512,0,5250,1,120.00500010027156,8.40193E-05,0,0,0,0,0,0,0,0,0,0,0,0,0,0,0,0,0,none,0,0,0,11116.1,0,0,0,51,12860.8,1
1344,5510,5512,0,5250,1,120.00500010027156,8.40193E-05,0,0,0,0,0,0,0,0,0,0,0,0,0,0,0,0,0,none,0,0,0,12344.6,0,0,0,12,32448.5,1
1345,5510,5512,0,5250,1,120.00500010027156,8.40193E-05,0,0,0,0,0,0,0,0,0,0,0,0,0,0,0,0,0,none,0,0,0,15955.4,0,0,0,85,9882.05,1
1346,5510,5512,0,5250,1,120.00500010027156,8.40193E-05,0,0,0,0,0,0,0,0,0,0,0,0,0,0,0,0,0,none,0,0,0,10965,0,0,0,50,11089.9,1
1347,5510,5512,0,5250,1,120.00500010027156,8.40193E-05,0,0,0,0,0,0,0,0,0,0,0,0,0,0,0,0,0,none,0,0,0,10279.4,0,0,0,4,21169.1,1
1348,5510,5512,0,5250,1,120.00500010027156,8.40193E-05,0,0,0,0,0,0,0,0,0,0,0,0,0,0,0,0,0,none,0,0,0,17637.4,0,0,0,80,9815.99,1
1349,5510,5512,0,5250,1,120.00500010027156,8.40193E-05,0,0,0,0,0,0,0,0,0,0,0,0,0,0,0,0,0,none,0,0,0,10899.6,0,0,0,14,8856.71,1
1350,5510,5512,0,5250,1,120.00500010027156,8.40193E-05,0,0,0,0,0,0,0,0,0,0,0,0,0,0,0,0,0,none,0,0,0,11133.3,0,0,0,70,17701.1,1
1351,5510,5512,0,5250,1,120.00500010027156,8.40193E-05,0,0,0,0,0,0,0,0,0,0,0,0,0,0,0,0,0,none,0,0,0,15433.5,0,0,0,13,9766.61,1
1352,5510,5512,0,5250,1,120.00500010027156,8.40193E-05,0,0,0,0,0,0,0,0,0,0,0,0,0,0,0,0,0,none,0,0,0,10884.2,0,0,0,14,9398.74,1
1353,5510,5512,0,5250,1,120.00500010027156,8.40193E-05,0,0,0,0,0,0,0,0,0,0,0,0,0,0,0,0,0,none,0,0,0,13902.8,0,0,0,4,34267.6,1
1354,5510,5512,0,5250,1,120.00500010027156,8.40193E-05,0,0,0,0,0,0,0,0,0,0,0,0,0,0,0,0,0,none,0,0,0,12549.2,0,0,0,19,9718.57,1
1355,5510,5512,0,5250,1,120.00500010027156,8.40193E-05,0,0,0,0,0,0,0,0,0,0,0,0,0,0,0,0,0,none,0,0,0,10900.3,0,0,0,73,10912.7,1
1356,5510,5512,0,5250,1,120.00500010027156,8.40193E-05,0,0,0,0,0,0,0,0,0,0,0,0,0,0,0,0,0,none,0,0,0,16440.3,0,0,0,5,38965.5,1
1357,5510,5512,0,5250,1,120.00500010027156,8.40193E-05,0,0,0,0,0,0,0,0,0,0,0,0,0,0,0,0,0,none,0,0,0,10333.6,0,0,0,19,9662.17,1
1358,5510,5512,0,5250,1,120.00500010027156,8.40193E-05,0,0,0,0,0,0,0,0,0,0,0,0,0,0,0,0,0,none,0,0,0,10967,0,0,0,9,19116.7,1
1359,5510,5512,0,5250,1,120.00500010027156,8.40193E-05,0,0,0,0,0,0,0,0,0,0,0,0,0,0,0,0,0,none,0,0,0,18249.8,0,0,0,10,8836.12,1
1360,5510,5512,0,5250,1,120.00500010027156,8.40193E-05,0,0,0,0,0,0,0,0,0,0,0,0,0,0,0,0,0,none,0,0,0,10999.7,0,0,0,115,9603.03,1
1361,5510,5512,0,5250,1,120.00500010027156,8.40193E-05,0,0,0,0,0,0,0,0,0,0,0,0,0,0,0,0,0,none,0,0,0,11120,0,0,0,5,21886.1,1
1362,5510,5512,0,5250,1,120.00500010027156,8.40193E-05,0,0,0,0,0,0,0,0,0,0,0,0,0,0,0,0,0,none,0,0,0,17105.6,0,0,0,10,9343.97,1
1363,5510,5512,0,5250,1,120.00500010027156,8.40193E-05,0,0,0,0,0,0,0,0,0,0,0,0,0,0,0,0,0,none,0,0,0,13729.6,0,0,0,49,12350.6,1
1364,5510,5512,0,5250,1,120.00500010027156,8.40193E-05,0,0,0,0,0,0,0,0,0,0,0,0,0,0,0,0,0,none,0,0,0,11354.3,0,0,0,8,27817.3,1
1365,5510,5512,0,5250,1,120.00500010027156,8.40193E-05,0,0,0,0,0,0,0,0,0,0,0,0,0,0,0,0,0,none,0,0,0,18774.9,0,0,0,11,10724,1
1366,5510,5512,0,5250,1,120.00500010027156,8.40193E-05,0,0,0,0,0,0,0,0,0,0,0,0,0,0,0,0,0,none,0,0,0,12642.3,0,0,0,16,18715.2,1
1367,5510,5512,0,5250,1,120.00500010027156,8.40193E-05,0,0,0,0,0,0,0,0,0,0,0,0,0,0,0,0,0,none,0,0,0,10405.3,0,0,0,72,16858.6,1
1368,5510,5512,0,5250,1,120.00500010027156,8.40193E-05,0,0,0,0,0,0,0,0,0,0,0,0,0,0,0,0,0,none,0,0,0,17826.6,0,0,0,9,10728.7,1
1369,5510,5512,0,5250,1,120.00500010027156,8.40193E-05,0,0,0,0,0,0,0,0,0,0,0,0,0,0,0,0,0,none,0,0,0,11349.7,0,0,0,9,8818.53,1
1370,5510,5512,0,5250,1,120.00500010027156,8.40193E-05,0,0,0,0,0,0,0,0,0,0,0,0,0,0,0,0,0,none,0,0,0,10873.3,0,0,0,8,49804.3,1
1371,5510,5512,0,5250,1,120.00500010027156,8.40193E-05,0,0,0,0,0,0,0,0,0,0,0,0,0,0,0,0,0,none,0,0,0,15771.1,0,0,0,11,19793,1
1372,5510,5512,0,5250,1,120.00500010027156,8.40193E-05,0,0,0,0,0,0,0,0,0,0,0,0,0,0,0,0,0,none,0,0,0,12532.6,0,0,0,74,9298.11,1
1373,5510,5512,0,5250,1,120.00500010027156,8.40193E-05,0,0,0,0,0,0,0,0,0,0,0,0,0,0,0,0,0,none,0,0,0,12113.4,0,0,0,11,19495.3,1
1374,5510,5512,0,5250,1,120.00500010027156,8.40193E-05,0,0,0,0,0,0,0,0,0,0,0,0,0,0,0,0,0,none,0,0,0,12967.1,0,0,0,52,19198.1,1
1375,5510,5512,0,5250,1,120.00500010027156,8.40193E-05,0,0,0,0,0,0,0,0,0,0,0,0,0,0,0,0,0,none,0,0,0,13121.2,0,0,0,13,10559.6,1
1376,5510,5512,0,5250,1,120.00500010027156,8.40193E-05,0,0,0,0,0,0,0,0,0,0,0,0,0,0,0,0,0,none,0,0,0,12438,0,0,0,14,11547,1
1377,5510,5512,0,5250,1,120.00500010027156,8.40193E-05,0,0,0,0,0,0,0,0,0,0,0,0,0,0,0,0,0,none,0,0,0,10495.6,0,0,0,109,17706.7,1
1378,5510,5512,0,5250,1,120.00500010027156,8.40193E-05,0,0,0,0,0,0,0,0,0,0,0,0,0,0,0,0,0,none,0,0,0,15444.5,0,0,0,11,24595.5,1
1379,5510,5512,0,5250,1,120.00500010027156,8.40193E-05,0,0,0,0,0,0,0,0,0,0,0,0,0,0,0,0,0,none,0,0,0,12848.4,0,0,0,14,8802.42,1
1380,5510,5512,0,5250,1,120.00500010027156,8.40193E-05,0,0,0,0,0,0,0,0,0,0,0,0,0,0,0,0,0,none,0,0,0,10751,0,0,0,10,12275.7,1
1381,5510,5512,0,5250,1,120.00500010027156,8.40193E-05,0,0,0,0,0,0,0,0,0,0,0,0,0,0,0,0,0,none,0,0,0,15013.2,0,0,0,8,18015.4,1
1382,5510,5512,0,5250,1,120.00500010027156,8.40193E-05,0,0,0,0,0,0,0,0,0,0,0,0,0,0,0,0,0,none,0,0,0,13283.8,0,0,0,77,9259.22,1
1383,5510,5512,0,5250,1,120.00500010027156,8.40193E-05,0,0,0,0,0,0,0,0,0,0,0,0,0,0,0,0,0,none,0,0,0,13018,0,0,0,11,11822.9,1
1384,5510,5512,0,5250,1,120.00500010027156,8.40193E-05,0,0,0,0,0,0,0,0,0,0,0,0,0,0,0,0,0,none,0,0,0,13160.8,0,0,0,10,22756.6,1
1385,5510,5512,0,5250,1,120.00500010027156,8.40193E-05,0,0,0,0,0,0,0,0,0,0,0,0,0,0,0,0,0,none,0,0,0,13662.6,0,0,0,75,10421.5,1
1386,5510,5512,0,5250,1,120.00500010027156,8.40193E-05,0,0,0,0,0,0,0,0,0,0,0,0,0,0,0,0,0,none,0,0,0,15565.9,0,0,0,9,11513.4,1
1387,5510,5512,0,5250,1,120.00500010027156,8.40193E-05,0,0,0,0,0,0,0,0,0,0,0,0,0,0,0,0,0,none,0,0,0,10601.8,0,0,0,72,11266.6,1
1388,5510,5512,0,5250,1,120.00500010027156,8.40193E-05,0,0,0,0,0,0,0,0,0,0,0,0,0,0,0,0,0,none,0,0,0,11834.2,0,0,0,9,13243.8,1
1389,5510,5512,0,5250,1,120.00500010027156,8.40193E-05,0,0,0,0,0,0,0,0,0,0,0,0,0,0,0,0,0,none,0,0,0,17109.1,0,0,0,13,8786.35,1
1390,5510,5512,0,5250,1,120.00500010027156,8.40193E-05,0,0,0,0,0,0,0,0,0,0,0,0,0,0,0,0,0,none,0,0,0,10632.8,0,0,0,9,10462.8,1
1391,5510,5512,0,5250,1,120.00500010027156,8.40193E-05,0,0,0,0,0,0,0,0,0,0,0,0,0,0,0,0,0,none,0,0,0,11559.4,0,0,0,52,18703.7,1
1392,5510,5512,0,5250,1,120.00500010027156,8.40193E-05,0,0,0,0,0,0,0,0,0,0,0,0,0,0,0,0,0,none,0,0,0,18986.4,0,0,0,10,9224.77,1
1393,5510,5512,0,5250,1,120.00500010027156,8.40193E-05,0,0,0,0,0,0,0,0,0,0,0,0,0,0,0,0,0,none,0,0,0,13211.1,0,0,0,15,18325.3,1
1394,5510,5512,0,5250,1,120.00500010027156,8.40193E-05,0,0,0,0,0,0,0,0,0,0,0,0,0,0,0,0,0,none,0,0,0,13341.1,0,0,0,113,12839.5,1
1395,5510,5512,0,5250,1,120.00500010027156,8.40193E-05,0,0,0,0,0,0,0,0,0,0,0,0,0,0,0,0,0,none,0,0,0,19005.3,0,0,0,10,10305.3,1
1396,5510,5512,0,5250,1,120.00500010027156,8.40193E-05,0,0,0,0,0,0,0,0,0,0,0,0,0,0,0,0,0,none,0,0,0,13207.4,0,0,0,3,24225,1
1397,5510,5512,0,5250,1,120.00500010027156,8.40193E-05,0,0,0,0,0,0,0,0,0,0,0,0,0,0,0,0,0,none,0,0,0,10718.1,0,0,0,9,20021.1,1
1398,5510,5512,0,5250,1,120.00500010027156,8.40193E-05,0,0,0,0,0,0,0,0,0,0,0,0,0,0,0,0,0,none,0,0,0,17837,0,0,0,17,10647.8,1
1399,5510,5512,0,5250,1,120.00500010027156,8.40193E-05,0,0,0,0,0,0,0,0,0,0,0,0,0,0,0,0,0,none,0,0,0,11558.9,0,0,0,78,8769.51,1
1400,5510,5512,0,5250,1,120.00500010027156,8.40193E-05,0,0,0,0,0,0,0,0,0,0,0,0,0,0,0,0,0,none,0,0,0,10523,0,0,0,11,12629.7,1
1401,5510,5512,0,5250,1,120.00500010027156,8.40193E-05,0,0,0,0,0,0,0,0,0,0,0,0,0,0,0,0,0,none,0,0,0,16185,0,0,0,20,10357.6,1
1402,5510,5512,0,5250,1,120.00500010027156,8.40193E-05,0,0,0,0,0,0,0,0,0,0,0,0,0,0,0,0,0,none,0,0,0,11834.8,0,0,0,12,9192.37,1
1403,5510,5512,0,5250,1,120.00500010027156,8.40193E-05,0,0,0,0,0,0,0,0,0,0,0,0,0,0,0,0,0,none,0,0,0,13021,0,0,0,7,27672.3,1
1404,5510,5512,0,5250,1,120.00500010027156,8.40193E-05,0,0,0,0,0,0,0,0,0,0,0,0,0,0,0,0,0,none,0,0,0,13512.8,0,0,0,75,10347.6,1
1405,5510,5512,0,5250,1,120.00500010027156,8.40193E-05,0,0,0,0,0,0,0,0,0,0,0,0,0,0,0,0,0,none,0,0,0,12062.7,0,0,0,13,10204.6,1
1406,5510,5512,0,5250,1,120.00500010027156,8.40193E-05,0,0,0,0,0,0,0,0,0,0,0,0,0,0,0,0,0,none,0,0,0,15811.5,0,0,0,31,12206.4,1
1407,5510,5512,0,5250,1,120.00500010027156,8.40193E-05,0,0,0,0,0,0,0,0,0,0,0,0,0,0,0,0,0,none,0,0,0,10839.4,0,0,0,11,10254.4,1
1408,5510,5512,0,5250,1,120.00500010027156,8.40193E-05,0,0,0,0,0,0,0,0,0,0,0,0,0,0,0,0,0,none,0,0,0,11808.8,0,0,0,48,17456.5,1
1409,5510,5512,0,5250,1,120.00500010027156,8.40193E-05,0,0,0,0,0,0,0,0,0,0,0,0,0,0,0,0,0,none,0,0,0,16398.3,0,0,0,76,8751.92,1
1410,5510,5512,0,5250,1,120.00500010027156,8.40193E-05,0,0,0,0,0,0,0,0,0,0,0,0,0,0,0,0,0,none,0,0,0,10427.9,0,0,0,11,10165.2,1
1411,5510,5512,0,5250,1,120.00500010027156,8.40193E-05,0,0,0,0,0,0,0,0,0,0,0,0,0,0,0,0,0,none,0,0,0,11563.1,0,0,0,45,19428.7,1
1412,5510,5512,0,5250,1,120.00500010027156,8.40193E-05,0,0,0,0,0,0,0,0,0,0,0,0,0,0,0,0,0,none,0,0,0,16356.3,0,0,0,8,9160.37,1
1413,5510,5512,0,5250,1,120.00500010027156,8.40193E-05,0,0,0,0,0,0,0,0,0,0,0,0,0,0,0,0,0,none,0,0,0,12201.9,0,0,0,15,10065.1,1
1414,5510,5512,0,5250,1,120.00500010027156,8.40193E-05,0,0,0,0,0,0,0,0,0,0,0,0,0,0,0,0,0,none,0,0,0,11308,0,0,0,74,18662.8,1
1415,5510,5512,0,5250,1,120.00500010027156,8.40193E-05,0,0,0,0,0,0,0,0,0,0,0,0,0,0,0,0,0,none,0,0,0,15031.5,0,0,0,16,10113,1
1416,5510,5512,0,5250,1,120.00500010027156,8.40193E-05,0,0,0,0,0,0,0,0,0,0,0,0,0,0,0,0,0,none,0,0,0,14618.5,0,0,0,14,9958.74,1
1417,5510,5512,0,5250,1,120.00500010027156,8.40193E-05,0,0,0,0,0,0,0,0,0,0,0,0,0,0,0,0,0,none,0,0,0,10964.3,0,0,0,16,11802.8,1
1418,5510,5512,0,5250,1,120.00500010027156,8.40193E-05,0,0,0,0,0,0,0,0,0,0,0,0,0,0,0,0,0,none,0,0,0,12531.3,0,0,0,10,12301.2,1
1419,5510,5512,0,5250,1,120.00500010027156,8.40193E-05,0,0,0,0,0,0,0,0,0,0,0,0,0,0,0,0,0,none,0,0,0,17007.3,0,0,0,11,8733.82,1
1420,5510,5512,0,5250,1,120.00500010027156,8.40193E-05,0,0,0,0,0,0,0,0,0,0,0,0,0,0,0,0,0,none,0,0,0,10351.1,0,0,0,9,10692.4,1
1421,5510,5512,0,5250,1,120.00500010027156,8.40193E-05,0,0,0,0,0,0,0,0,0,0,0,0,0,0,0,0,0,none,0,0,0,11349.7,0,0,0,69,16865.9,1
1422,5510,5512,0,5250,1,120.00500010027156,8.40193E-05,0,0,0,0,0,0,0,0,0,0,0,0,0,0,0,0,0,none,0,0,0,18132.4,0,0,0,115,9128.24,1
1423,5510,5512,0,5250,1,120.00500010027156,8.40193E-05,0,0,0,0,0,0,0,0,0,0,0,0,0,0,0,0,0,none,0,0,0,10894.5,0,0,0,8,22345.8,1
1424,5510,5512,0,5250,1,120.00500010027156,8.40193E-05,0,0,0,0,0,0,0,0,0,0,0,0,0,0,0,0,0,none,0,0,0,12642.8,0,0,0,5,12317.9,1
1425,5510,5512,0,5250,1,120.00500010027156,8.40193E-05,0,0,0,0,0,0,0,0,0,0,0,0,0,0,0,0,0,none,0,0,0,16991.8,0,0,0,60,9759,1
1426,5510,5512,0,5250,1,120.00500010027156,8.40193E-05,0,0,0,0,0,0,0,0,0,0,0,0,0,0,0,0,0,none,0,0,0,10884.5,0,0,0,71,17246.9,1
1427,5510,5512,0,5250,1,120.00500010027156,8.40193E-05,0,0,0,0,0,0,0,0,0,0,0,0,0,0,0,0,0,none,0,0,0,11095.4,0,0,0,13,21104.2,1
1428,5510,5512,0,5250,1,120.00500010027156,8.40193E-05,0,0,0,0,0,0,0,0,0,0,0,0,0,0,0,0,0,none,0,0,0,17219.8,0,0,0,18,9710.07,1
1429,5510,5512,0,5250,1,120.00500010027156,8.40193E-05,0,0,0,0,0,0,0,0,0,0,0,0,0,0,0,0,0,none,0,0,0,10906.6,0,0,0,6,24537.1,1
1430,5510,5512,0,5250,1,120.00500010027156,8.40193E-05,0,0,0,0,0,0,0,0,0,0,0,0,0,0,0,0,0,none,0,0,0,10292.4,0,0,0,6,39703.4,1
1431,5510,5512,0,5250,1,120.00500010027156,8.40193E-05,0,0,0,0,0,0,0,0,0,0,0,0,0,0,0,0,0,none,0,0,0,16587.7,0,0,0,84,9651.95,1
1432,5510,5512,0,5250,1,120.00500010027156,8.40193E-05,0,0,0,0,0,0,0,0,0,0,0,0,0,0,0,0,0,none,0,0,0,10984.7,0,0,0,9,9096.27,1
1433,5510,5512,0,5250,1,120.00500010027156,8.40193E-05,0,0,0,0,0,0,0,0,0,0,0,0,0,0,0,0,0,none,0,0,0,12398.2,0,0,0,8,19046.5,1
1434,5510,5512,0,5250,1,120.00500010027156,8.40193E-05,0,0,0,0,0,0,0,0,0,0,0,0,0,0,0,0,0,none,0,0,0,14029.8,0,0,0,3,16854.4,1
1435,5510,5512,0,5250,1,120.00500010027156,8.40193E-05,0,0,0,0,0,0,0,0,0,0,0,0,0,0,0,0,0,none,0,0,0,11152.9,0,0,0,11,9943.19,1
1436,5510,5512,0,5250,1,120.00500010027156,8.40193E-05,0,0,0,0,0,0,0,0,0,0,0,0,0,0,0,0,0,none,0,0,0,15292.5,0,0,0,79,18311.2,1
1437,5510,5512,0,5250,1,120.00500010027156,8.40193E-05,0,0,0,0,0,0,0,0,0,0,0,0,0,0,0,0,0,none,0,0,0,11235.7,0,0,0,4,13153,1
1438,5510,5512,0,5250,1,120.00500010027156,8.40193E-05,0,0,0,0,0,0,0,0,0,0,0,0,0,0,0,0,0,none,0,0,0,11394.8,0,0,0,7,39000.3,1
1439,5510,5512,0,5250,1,120.00500010027156,8.40193E-05,0,0,0,0,0,0,0,0,0,0,0,0,0,0,0,0,0,none,0,0,0,17552.7,0,0,0,47,11208.1,1
1440,5510,5512,0,5250,1,120.00500010027156,8.40193E-05,0,0,0,0,0,0,0,0,0,0,0,0,0,0,0,0,0,none,0,0,0,10249.2,0,0,0,2,37977.9,1
1441,5510,5512,0,5250,1,120.00500010027156,8.40193E-05,0,0,0,0,0,0,0,0,0,0,0,0,0,0,0,0,0,none,0,0,0,11648.1,0,0,0,73,18681.8,1
1442,5510,5512,0,5250,1,120.00500010027156,8.40193E-05,0,0,0,0,0,0,0,0,0,0,0,0,0,0,0,0,0,none,0,0,0,18003.5,0,0,0,54,9064.57,1
1443,5510,5512,0,5250,1,120.00500010027156,8.40193E-05,0,0,0,0,0,0,0,0,0,0,0,0,0,0,0,0,0,none,0,0,0,11615.2,0,0,0,16,12805,1
1444,5510,5512,0,5250,1,120.00500010027156,8.40193E-05,0,0,0,0,0,0,0,0,0,0,0,0,0,0,0,0,0,none,0,0,0,11892.2,0,0,0,5,27592.1,1
1445,5510,5512,0,5250,1,120.00500010027156,8.40193E-05,0,0,0,0,0,0,0,0,0,0,0,0,0,0,0,0,0,none,0,0,0,15953.5,0,0,0,19,9863.56,1
1446,5510,5512,0,5250,1,120.00500010027156,8.40193E-05,0,0,0,0,0,0,0,0,0,0,0,0,0,0,0,0,0,none,0,0,0,13666.7,0,0,0,7,23375,1
1447,5510,5512,0,5250,1,120.00500010027156,8.40193E-05,0,0,0,0,0,0,0,0,0,0,0,0,0,0,0,0,0,none,0,0,0,11386.1,0,0,0,14,12583.6,1
1448,5510,5512,0,5250,1,120.00500010027156,8.40193E-05,0,0,0,0,0,0,0,0,0,0,0,0,0,0,0,0,0,none,0,0,0,13412.7,0,0,0,70,16869.6,1
1449,5510,5512,0,5250,1,120.00500010027156,8.40193E-05,0,0,0,0,0,0,0,0,0,0,0,0,0,0,0,0,0,none,0,0,0,15750,0,0,0,13,12617.2,1
1450,5510,5512,0,5250,1,120.00500010027156,8.40193E-05,0,0,0,0,0,0,0,0,0,0,0,0,0,0,0,0,0,none,0,0,0,10219.6,0,0,0,16,10992.5,1
1451,5510,5512,0,5250,1,120.00500010027156,8.40193E-05,0,0,0,0,0,0,0,0,0,0,0,0,0,0,0,0,0,none,0,0,0,11509,0,0,0,16,30053.7,1
1452,5510,5512,0,5250,1,120.00500010027156,8.40193E-05,0,0,0,0,0,0,0,0,0,0,0,0,0,0,0,0,0,none,0,0,0,15377.6,0,0,0,10,9032.48,1
1453,5510,5512,0,5250,1,120.00500010027156,8.40193E-05,0,0,0,0,0,0,0,0,0,0,0,0,0,0,0,0,0,none,0,0,0,12021.2,0,0,0,118,10334.2,1
1454,5510,5512,0,5250,1,120.00500010027156,8.40193E-05,0,0,0,0,0,0,0,0,0,0,0,0,0,0,0,0,0,none,0,0,0,11914.1,0,0,0,12,12191.2,1
1455,5510,5512,0,5250,1,120.00500010027156,8.40193E-05,0,0,0,0,0,0,0,0,0,0,0,0,0,0,0,0,0,none,0,0,0,14941.1,0,0,0,9,9787.96,1
1456,5510,5512,0,5250,1,120.00500010027156,8.40193E-05,0,0,0,0,0,0,0,0,0,0,0,0,0,0,0,0,0,none,0,0,0,13348.5,0,0,0,50,19170.4,1
1457,5510,5512,0,5250,1,120.00500010027156,8.40193E-05,0,0,0,0,0,0,0,0,0,0,0,0,0,0,0,0,0,none,0,0,0,11544.8,0,0,0,7,11763.7,1
1458,5510,5512,0,5250,1,120.00500010027156,8.40193E-05,0,0,0,0,0,0,0,0,0,0,0,0,0,0,0,0,0,none,0,0,0,14529.3,0,0,0,74,12101.9,1
1459,5510,5512,0,5250,1,120.00500010027156,8.40193E-05,0,0,0,0,0,0,0,0,0,0,0,0,0,0,0,0,0,none,0,0,0,12896.6,0,0,0,75,19295.8,1
1460,5510,5512,0,5250,1,120.00500010027156,8.40193E-05,0,0,0,0,0,0,0,0,0,0,0,0,0,0,0,0,0,none,0,0,0,10202.7,0,0,0,9,11472.5,1
1461,5510,5512,0,5250,1,120.00500010027156,8.40193E-05,0,0,0,0,0,0,0,0,0,0,0,0,0,0,0,0,0,none,0,0,0,14186,0,0,0,15,10812.7,1
1462,5510,5512,0,5250,1,120.00500010027156,8.40193E-05,0,0,0,0,0,0,0,0,0,0,0,0,0,0,0,0,0,none,0,0,0,11372.6,0,0,0,16,8999.09,1
1463,5510,5512,0,5250,1,120.00500010027156,8.40193E-05,0,0,0,0,0,0,0,0,0,0,0,0,0,0,0,0,0,none,0,0,0,11849.1,0,0,0,74,11252.6,1
1464,5510,5512,0,5250,1,120.00500010027156,8.40193E-05,0,0,0,0,0,0,0,0,0,0,0,0,0,0,0,0,0,none,0,0,0,13876.4,0,0,0,13,10241.2,1
1465,5510,5512,0,5250,1,120.00500010027156,8.40193E-05,0,0,0,0,0,0,0,0,0,0,0,0,0,0,0,0,0,none,0,0,0,12300.1,0,0,0,4,9715.51,1
1466,5510,5512,0,5250,1,120.00500010027156,8.40193E-05,0,0,0,0,0,0,0,0,0,0,0,0,0,0,0,0,0,none,0,0,0,14707.9,0,0,0,12,11047,1
1467,5510,5512,0,5250,1,120.00500010027156,8.40193E-05,0,0,0,0,0,0,0,0,0,0,0,0,0,0,0,0,0,none,0,0,0,11708.6,0,0,0,15,12337.6,1
1468,5510,5512,0,5250,1,120.00500010027156,8.40193E-05,0,0,0,0,0,0,0,0,0,0,0,0,0,0,0,0,0,none,0,0,0,14727.9,0,0,0,9,33873.7,1
1469,5510,5512,0,5250,1,120.00500010027156,8.40193E-05,0,0,0,0,0,0,0,0,0,0,0,0,0,0,0,0,0,none,0,0,0,17123.4,0,0,0,19,10828.9,1
1470,5510,5512,0,5250,1,120.00500010027156,8.40193E-05,0,0,0,0,0,0,0,0,0,0,0,0,0,0,0,0,0,none,0,0,0,10198.2,0,0,0,45,16941.5,1
1471,5510,5512,0,5250,1,120.00500010027156,8.40193E-05,0,0,0,0,0,0,0,0,0,0,0,0,0,0,0,0,0,none,0,0,0,15163.2,0,0,0,10,27692.5,1
1472,5510,5512,0,5250,1,120.00500010027156,8.40193E-05,0,0,0,0,0,0,0,0,0,0,0,0,0,0,0,0,0,none,0,0,0,18339.3,0,0,0,22,8964.29,1
1473,5510,5512,0,5250,1,120.00500010027156,8.40193E-05,0,0,0,0,0,0,0,0,0,0,0,0,0,0,0,0,0,none,0,0,0,11356,0,0,0,50,12281.5,1
1474,5510,5512,0,5250,1,120.00500010027156,8.40193E-05,0,0,0,0,0,0,0,0,0,0,0,0,0,0,0,0,0,none,0,0,0,14737.1,0,0,0,8,31559.3,1
1475,5510,5512,0,5250,1,120.00500010027156,8.40193E-05,0,0,0,0,0,0,0,0,0,0,0,0,0,0,0,0,0,none,0,0,0,16792.1,0,0,0,89,9644.19,1
1476,5510,5512,0,5250,1,120.00500010027156,8.40193E-05,0,0,0,0,0,0,0,0,0,0,0,0,0,0,0,0,0,none,0,0,0,12315.9,0,0,0,8,18445.9,1
1477,5510,5512,0,5250,1,120.00500010027156,8.40193E-05,0,0,0,0,0,0,0,0,0,0,0,0,0,0,0,0,0,none,0,0,0,11876,0,0,0,3,62841.1,1
1478,5510,5512,0,5250,1,120.00500010027156,8.40193E-05,0,0,0,0,0,0,0,0,0,0,0,0,0,0,0,0,0,none,0,0,0,14358.8,0,0,0,9,10331.1,1
1479,5510,5512,0,5250,1,120.00500010027156,8.40193E-05,0,0,0,0,0,0,0,0,0,0,0,0,0,0,0,0,0,none,0,0,0,12018.7,0,0,0,11,16967.5,1
1480,5510,5512,0,5250,1,120.00500010027156,8.40193E-05,0,0,0,0,0,0,0,0,0,0,0,0,0,0,0,0,0,none,0,0,0,10204.5,0,0,0,80,11405.8,1
1481,5510,5512,0,5250,1,120.00500010027156,8.40193E-05,0,0,0,0,0,0,0,0,0,0,0,0,0,0,0,0,0,none,0,0,0,12015.9,0,0,0,11,10240.1,1
1482,5510,5512,0,5250,1,120.00500010027156,8.40193E-05,0,0,0,0,0,0,0,0,0,0,0,0,0,0,0,0,0,none,0,0,0,11769.1,0,0,0,10,8929.6,1
1483,5510,5512,0,5250,1,120.00500010027156,8.40193E-05,0,0,0,0,0,0,0,0,0,0,0,0,0,0,0,0,0,none,0,0,0,11518.9,0,0,0,19,10524.1,1
1484,5510,5512,0,5250,1,120.00500010027156,8.40193E-05,0,0,0,0,0,0,0,0,0,0,0,0,0,0,0,0,0,none,0,0,0,11457.8,0,0,0,48,10149.7,1
1485,5510,5512,0,5250,1,120.00500010027156,8.40193E-05,0,0,0,0,0,0,0,0,0,0,0,0,0,0,0,0,0,none,0,0,0,11521.7,0,0,0,78,9572.43,1
1486,5510,5512,0,5250,1,120.00500010027156,8.40193E-05,0,0,0,0,0,0,0,0,0,0,0,0,0,0,0,0,0,none,0,0,0,14353.2,0,0,0,6,13357.9,1
1487,5510,5512,0,5250,1,120.00500010027156,8.40193E-05,0,0,0,0,0,0,0,0,0,0,0,0,0,0,0,0,0,none,0,0,0,12049,0,0,0,52,10047.7,1
1488,5510,5512,0,5250,1,120.00500010027156,8.40193E-05,0,0,0,0,0,0,0,0,0,0,0,0,0,0,0,0,0,none,0,0,0,11267.5,0,0,0,23,11454.9,1
1489,5510,5512,0,5250,1,120.00500010027156,8.40193E-05,0,0,0,0,0,0,0,0,0,0,0,0,0,0,0,0,0,none,0,0,0,13819,0,0,0,7,27760.2,1
1490,5510,5512,0,5250,1,120.00500010027156,8.40193E-05,0,0,0,0,0,0,0,0,0,0,0,0,0,0,0,0,0,none,0,0,0,10223.4,0,0,0,79,9942.33,1
1491,5510,5512,0,5250,1,120.00500010027156,8.40193E-05,0,0,0,0,0,0,0,0,0,0,0,0,0,0,0,0,0,none,0,0,0,11055.8,0,0,0,13,11152.5,1
1492,5510,5512,0,5250,1,120.00500010027156,8.40193E-05,0,0,0,0,0,0,0,0,0,0,0,0,0,0,0,0,0,none,0,0,0,11690.1,0,0,0,10,8897.58,1
1493,5510,5512,0,5250,1,120.00500010027156,8.40193E-05,0,0,0,0,0,0,0,0,0,0,0,0,0,0,0,0,0,none,0,0,0,11361.1,0,0,0,9,9857.6,1
1494,5510,5512,0,5250,1,120.00500010027156,8.40193E-05,0,0,0,0,0,0,0,0,0,0,0,0,0,0,0,0,0,none,0,0,0,10935.9,0,0,0,12,10410.9,1
1495,5510,5512,0,5250,1,120.00500010027156,8.40193E-05,0,0,0,0,0,0,0,0,0,0,0,0,0,0,0,0,0,none,0,0,0,11677,0,0,0,10,9500.99,1
1496,5510,5512,0,5250,1,120.00500010027156,8.40193E-05,0,0,0,0,0,0,0,0,0,0,0,0,0,0,0,0,0,none,0,0,0,14177.5,0,0,0,82,9798.84,1
1497,5510,5512,0,5250,1,120.00500010027156,8.40193E-05,0,0,0,0,0,0,0,0,0,0,0,0,0,0,0,0,0,none,0,0,0,10890.5,0,0,0,19,17025.8,1
1498,5510,5512,0,5250,1,120.00500010027156,8.40193E-05,0,0,0,0,0,0,0,0,0,0,0,0,0,0,0,0,0,none,0,0,0,13793.5,0,0,0,15,11236.6,1
1499,5510,5512,0,5250,1,120.00500010027156,8.40193E-05,0,0,0,0,0,0,0,0,0,0,0,0,0,0,0,0,0,none,0,0,0,16699.5,0,0,0,10,9751.36,1
1500,5510,5512,0,5250,1,120.00500010027156,8.40193E-05,0,0,0,0,0,0,0,0,0,0,0,0,0,0,0,0,0,none,0,0,0,10255,0,0,0,7,19628,1
1501,5510,5512,0,5250,1,120.00500010027156,8.40193E-05,0,0,0,0,0,0,0,0,0,0,0,0,0,0,0,0,0,none,0,0,0,16302.3,0,0,0,49,19744.8,1
1502,5510,5512,0,5250,1,120.00500010027156,8.40193E-05,0,0,0,0,0,0,0,0,0,0,0,0,0,0,0,0,0,none,0,0,0,17563.2,0,0,0,84,8870.02,1
1503,5510,5512,0,5250,1,120.00500010027156,8.40193E-05,0,0,0,0,0,0,0,0,0,0,0,0,0,0,0,0,0,none,0,0,0,10914.3,0,0,0,4,62803.3,1
1504,5510,5512,0,5250,1,120.00500010027156,8.40193E-05,0,0,0,0,0,0,0,0,0,0,0,0,0,0,0,0,0,none,0,0,0,15323,0,0,0,53,12435.2,1
1505,5510,5512,0,5250,1,120.00500010027156,8.40193E-05,0,0,0,0,0,0,0,0,0,0,0,0,0,0,0,0,0,none,0,0,0,17511.7,0,0,0,16,9433.35,1
1506,5510,5512,0,5250,1,120.00500010027156,8.40193E-05,0,0,0,0,0,0,0,0,0,0,0,0,0,0,0,0,0,none,0,0,0,11004.7,0,0,0,11,17058.5,1
1507,5510,5512,0,5250,1,120.00500010027156,8.40193E-05,0,0,0,0,0,0,0,0,0,0,0,0,0,0,0,0,0,none,0,0,0,12429.7,0,0,0,75,17260.4,1
1508,5510,5512,0,5250,1,120.00500010027156,8.40193E-05,0,0,0,0,0,0,0,0,0,0,0,0,0,0,0,0,0,none,0,0,0,15312.7,0,0,0,14,11025.9,1
1509,5510,5512,0,5250,1,120.00500010027156,8.40193E-05,0,0,0,0,0,0,0,0,0,0,0,0,0,0,0,0,0,none,0,0,0,11187.7,0,0,0,10,19159,1
1510,5510,5512,0,5250,1,120.00500010027156,8.40193E-05,0,0,0,0,0,0,0,0,0,0,0,0,0,0,0,0,0,none,0,0,0,10300.4,0,0,0,15,12002.9,1
1511,5510,5512,0,5250,1,120.00500010027156,8.40193E-05,0,0,0,0,0,0,0,0,0,0,0,0,0,0,0,0,0,none,0,0,0,12778.9,0,0,0,16,19313.8,1
1512,5510,5512,0,5250,1,120.00500010027156,8.40193E-05,0,0,0,0,0,0,0,0,0,0,0,0,0,0,0,0,0,none,0,0,0,11435.4,0,0,0,80,8847.16,1
1513,5510,5512,0,5250,1,120.00500010027156,8.40193E-05,0,0,0,0,0,0,0,0,0,0,0,0,0,0,0,0,0,none,0,0,0,11073.3,0,0,0,13,10773.6,1
1514,5510,5512,0,5250,1,120.00500010027156,8.40193E-05,0,0,0,0,0,0,0,0,0,0,0,0,0,0,0,0,0,none,0,0,0,11358,0,0,0,6,24812.1,1
1515,5510,5512,0,5250,1,120.00500010027156,8.40193E-05,0,0,0,0,0,0,0,0,0,0,0,0,0,0,0,0,0,none,0,0,0,11686.9,0,0,0,50,9373.42,1
1516,5510,5512,0,5250,1,120.00500010027156,8.40193E-05,0,0,0,0,0,0,0,0,0,0,0,0,0,0,0,0,0,none,0,0,0,12945.4,0,0,0,13,10220.2,1
1517,5510,5512,0,5250,1,120.00500010027156,8.40193E-05,0,0,0,0,0,0,0,0,0,0,0,0,0,0,0,0,0,none,0,0,0,12402.4,0,0,0,66,18332.7,1
1518,5510,5512,0,5250,1,120.00500010027156,8.40193E-05,0,0,0,0,0,0,0,0,0,0,0,0,0,0,0,0,0,none,0,0,0,11931.6,0,0,0,68,10826.9,1
1519,5510,5512,0,5250,1,120.00500010027156,8.40193E-05,0,0,0,0,0,0,0,0,0,0,0,0,0,0,0,0,0,none,0,0,0,14772.5,0,0,0,11,20298.7,1
1520,5510,5512,0,5250,1,120.00500010027156,8.40193E-05,0,0,0,0,0,0,0,0,0,0,0,0,0,0,0,0,0,none,0,0,0,10361.7,0,0,0,9,34288.7,1
1521,5510,5512,0,5250,1,120.00500010027156,8.40193E-05,0,0,0,0,0,0,0,0,0,0,0,0,0,0,0,0,0,none,0,0,0,12206.9,0,0,0,11,11638,1
1522,5510,5512,0,5250,1,120.00500010027156,8.40193E-05,0,0,0,0,0,0,0,0,0,0,0,0,0,0,0,0,0,none,0,0,0,12319.9,0,0,0,7,8828.08,1
1523,5510,5512,0,5250,1,120.00500010027156,8.40193E-05,0,0,0,0,0,0,0,0,0,0,0,0,0,0,0,0,0,none,0,0,0,10943.3,0,0,0,6,13639.9,1
1524,5510,5512,0,5250,1,120.00500010027156,8.40193E-05,0,0,0,0,0,0,0,0,0,0,0,0,0,0,0,0,0,none,0,0,0,12559.5,0,0,0,19,10623.6,1
1525,5510,5512,0,5250,1,120.00500010027156,8.40193E-05,0,0,0,0,0,0,0,0,0,0,0,0,0,0,0,0,0,none,0,0,0,11369.1,0,0,0,14,9322.73,1
1526,5510,5512,0,5250,1,120.00500010027156,8.40193E-05,0,0,0,0,0,0,0,0,0,0,0,0,0,0,0,0,0,none,0,0,0,13654.2,0,0,0,8,19494.3,1
1527,5510,5512,0,5250,1,120.00500010027156,8.40193E-05,0,0,0,0,0,0,0,0,0,0,0,0,0,0,0,0,0,none,0,0,0,12849.1,0,0,0,9,20170.4,1
1528,5510,5512,0,5250,1,120.00500010027156,8.40193E-05,0,0,0,0,0,0,0,0,0,0,0,0,0,0,0,0,0,none,0,0,0,12872.3,0,0,0,11,10648.2,1
1529,5510,5512,0,5250,1,120.00500010027156,8.40193E-05,0,0,0,0,0,0,0,0,0,0,0,0,0,0,0,0,0,none,0,0,0,14869.7,0,0,0,73,13984.1,1
1530,5510,5512,0,5250,1,120.00500010027156,8.40193E-05,0,0,0,0,0,0,0,0,0,0,0,0,0,0,0,0,0,none,0,0,0,10441.2,0,0,0,8,24858.4,1
1531,5510,5512,0,5250,1,120.00500010027156,8.40193E-05,0,0,0,0,0,0,0,0,0,0,0,0,0,0,0,0,0,none,0,0,0,15413.5,0,0,0,16,11708.2,1
1532,5510,5512,0,5250,1,120.00500010027156,8.40193E-05,0,0,0,0,0,0,0,0,0,0,0,0,0,0,0,0,0,none,0,0,0,14468.8,0,0,0,50,8811.33,1
1533,5510,5512,0,5250,1,120.00500010027156,8.40193E-05,0,0,0,0,0,0,0,0,0,0,0,0,0,0,0,0,0,none,0,0,0,10818.9,0,0,0,75,17173.2,1
1534,5510,5512,0,5250,1,120.00500010027156,8.40193E-05,0,0,0,0,0,0,0,0,0,0,0,0,0,0,0,0,0,none,0,0,0,15833.7,0,0,0,83,11433.5,1
1535,5510,5512,0,5250,1,120.00500010027156,8.40193E-05,0,0,0,0,0,0,0,0,0,0,0,0,0,0,0,0,0,none,0,0,0,14134.6,0,0,0,60,9280.24,1
1536,5510,5512,0,5250,1,120.00500010027156,8.40193E-05,0,0,0,0,0,0,0,0,0,0,0,0,0,0,0,0,0,none,0,0,0,11499.5,0,0,0,6,52481.5,1
1537,5510,5512,0,5250,1,120.00500010027156,8.40193E-05,0,0,0,0,0,0,0,0,0,0,0,0,0,0,0,0,0,none,0,0,0,13050.8,0,0,0,19,11219.1,1
1538,5510,5512,0,5250,1,120.00500010027156,8.40193E-05,0,0,0,0,0,0,0,0,0,0,0,0,0,0,0,0,0,none,0,0,0,13824.8,0,0,0,7,10495.6,1
1539,5510,5512,0,5250,1,120.00500010027156,8.40193E-05,0,0,0,0,0,0,0,0,0,0,0,0,0,0,0,0,0,none,0,0,0,13386.7,0,0,0,65,17740.5,1
1540,5510,5512,0,5250,1,120.00500010027156,8.40193E-05,0,0,0,0,0,0,0,0,0,0,0,0,0,0,0,0,0,none,0,0,0,10538.8,0,0,0,16,11012.4,1
1541,5510,5512,0,5250,1,120.00500010027156,8.40193E-05,0,0,0,0,0,0,0,0,0,0,0,0,0,0,0,0,0,none,0,0,0,13479.2,0,0,0,16,13025.2,1
1542,5510,5512,0,5250,1,120.00500010027156,8.40193E-05,0,0,0,0,0,0,0,0,0,0,0,0,0,0,0,0,0,none,0,0,0,14794.1,0,0,0,9,8795.39,1
1543,5510,5512,0,5250,1,120.00500010027156,8.40193E-05,0,0,0,0,0,0,0,0,0,0,0,0,0,0,0,0,0,none,0,0,0,10698.2,0,0,0,18,10792.5,1
1544,5510,5512,0,5250,1,120.00500010027156,8.40193E-05,0,0,0,0,0,0,0,0,0,0,0,0,0,0,0,0,0,none,0,0,0,11626.6,0,0,0,77,18339.9,1
1545,5510,5512,0,5250,1,120.00500010027156,8.40193E-05,0,0,0,0,0,0,0,0,0,0,0,0,0,0,0,0,0,none,0,0,0,15232.5,0,0,0,5,9243.63,1
1546,5510,5512,0,5250,1,120.00500010027156,8.40193E-05,0,0,0,0,0,0,0,0,0,0,0,0,0,0,0,0,0,none,0,0,0,13311.5,0,0,0,66,10386.2,1
1547,5510,5512,0,5250,1,120.00500010027156,8.40193E-05,0,0,0,0,0,0,0,0,0,0,0,0,0,0,0,0,0,none,0,0,0,11744.6,0,0,0,10,12691.4,1
1548,5510,5512,0,5250,1,120.00500010027156,8.40193E-05,0,0,0,0,0,0,0,0,0,0,0,0,0,0,0,0,0,none,0,0,0,15633.5,0,0,0,13,10367.9,1
1549,5510,5512,0,5250,1,120.00500010027156,8.40193E-05,0,0,0,0,0,0,0,0,0,0,0,0,0,0,0,0,0,none,0,0,0,15711.9,0,0,0,53,10425.2,1
1550,5510,5512,0,5250,1,120.00500010027156,8.40193E-05,0,0,0,0,0,0,0,0,0,0,0,0,0,0,0,0,0,none,0,0,0,10650.1,0,0,0,15,19564.6,1
1551,5510,5512,0,5250,1,120.00500010027156,8.40193E-05,0,0,0,0,0,0,0,0,0,0,0,0,0,0,0,0,0,none,0,0,0,15949.6,0,0,0,19,12338.9,1
1552,5510,5512,0,5250,1,120.00500010027156,8.40193E-05,0,0,0,0,0,0,0,0,0,0,0,0,0,0,0,0,0,none,0,0,0,13162.7,0,0,0,19,8779.03,1
1553,5510,5512,0,5250,1,120.00500010027156,8.40193E-05,0,0,0,0,0,0,0,0,0,0,0,0,0,0,0,0,0,none,0,0,0,10583,0,0,0,9,12487.4,1
1554,5510,5512,0,5250,1,120.00500010027156,8.40193E-05,0,0,0,0,0,0,0,0,0,0,0,0,0,0,0,0,0,none,0,0,0,16108.2,0,0,0,7,10903.1,1
1555,5510,5512,0,5250,1,120.00500010027156,8.40193E-05,0,0,0,0,0,0,0,0,0,0,0,0,0,0,0,0,0,none,0,0,0,11429,0,0,0,18,9210.34,1
1556,5510,5512,0,5250,1,120.00500010027156,8.40193E-05,0,0,0,0,0,0,0,0,0,0,0,0,0,0,0,0,0,none,0,0,0,11729.4,0,0,0,71,16884.4,1
1557,5510,5512,0,5250,1,120.00500010027156,8.40193E-05,0,0,0,0,0,0,0,0,0,0,0,0,0,0,0,0,0,none,0,0,0,13414.3,0,0,0,13,10288.9,1
1558,5510,5512,0,5250,1,120.00500010027156,8.40193E-05,0,0,0,0,0,0,0,0,0,0,0,0,0,0,0,0,0,none,0,0,0,12087.1,0,0,0,15,10133.9,1
1559,5510,5512,0,5250,1,120.00500010027156,8.40193E-05,0,0,0,0,0,0,0,0,0,0,0,0,0,0,0,0,0,none,0,0,0,11480,0,0,0,14,12361.4,1
1560,5510,5512,0,5250,1,120.00500010027156,8.40193E-05,0,0,0,0,0,0,0,0,0,0,0,0,0,0,0,0,0,none,0,0,0,10768.9,0,0,0,13,17318.7,1
1561,5510,5512,0,5250,1,120.00500010027156,8.40193E-05,0,0,0,0,0,0,0,0,0,0,0,0,0,0,0,0,0,none,0,0,0,14461.1,0,0,0,83,10030.1,1
1562,5510,5512,0,5250,1,120.00500010027156,8.40193E-05,0,0,0,0,0,0,0,0,0,0,0,0,0,0,0,0,0,none,0,0,0,11228,0,0,0,17,8761.83,1
1563,5510,5512,0,5250,1,120.00500010027156,8.40193E-05,0,0,0,0,0,0,0,0,0,0,0,0,0,0,0,0,0,none,0,0,0,10478.9,0,0,0,55,19623.3,1
1564,5510,5512,0,5250,1,120.00500010027156,8.40193E-05,0,0,0,0,0,0,0,0,0,0,0,0,0,0,0,0,0,none,0,0,0,16241.3,0,0,0,15,9926.53,1
1565,5510,5512,0,5250,1,120.00500010027156,8.40193E-05,0,0,0,0,0,0,0,0,0,0,0,0,0,0,0,0,0,none,0,0,0,11029.6,0,0,0,10,9178.26,1
1566,5510,5512,0,5250,1,120.00500010027156,8.40193E-05,0,0,0,0,0,0,0,0,0,0,0,0,0,0,0,0,0,none,0,0,0,11350.4,0,0,0,119,17746.2,1
1567,5510,5512,0,5250,1,120.00500010027156,8.40193E-05,0,0,0,0,0,0,0,0,0,0,0,0,0,0,0,0,0,none,0,0,0,13584.4,0,0,0,13,9846.5,1
1568,5510,5512,0,5250,1,120.00500010027156,8.40193E-05,0,0,0,0,0,0,0,0,0,0,0,0,0,0,0,0,0,none,0,0,0,10924.4,0,0,0,8,10163.3,1
1569,5510,5512,0,5250,1,120.00500010027156,8.40193E-05,0,0,0,0,0,0,0,0,0,0,0,0,0,0,0,0,0,none,0,0,0,12508.3,0,0,0,8,17375.2,1
1570,5510,5512,0,5250,1,120.00500010027156,8.40193E-05,0,0,0,0,0,0,0,0,0,0,0,0,0,0,0,0,0,none,0,0,0,10891.6,0,0,0,77,9790.74,1
1571,5510,5512,0,5250,1,120.00500010027156,8.40193E-05,0,0,0,0,0,0,0,0,0,0,0,0,0,0,0,0,0,none,0,0,0,10887.6,0,0,0,70,18347.1,1
1572,5510,5512,0,5250,1,120.00500010027156,8.40193E-05,0,0,0,0,0,0,0,0,0,0,0,0,0,0,0,0,0,none,0,0,0,15004.1,0,0,0,13,8743.99,1
1573,5510,5512,0,5250,1,120.00500010027156,8.40193E-05,0,0,0,0,0,0,0,0,0,0,0,0,0,0,0,0,0,none,0,0,0,10391.7,0,0,0,26,9743.63,1
1574,5510,5512,0,5250,1,120.00500010027156,8.40193E-05,0,0,0,0,0,0,0,0,0,0,0,0,0,0,0,0,0,none,0,0,0,10887.4,0,0,0,12,19820.5,1
1575,5510,5512,0,5250,1,120.00500010027156,8.40193E-05,0,0,0,0,0,0,0,0,0,0,0,0,0,0,0,0,0,none,0,0,0,17313.9,0,0,0,17,9146.2,1
1576,5510,5512,0,5250,1,120.00500010027156,8.40193E-05,0,0,0,0,0,0,0,0,0,0,0,0,0,0,0,0,0,none,0,0,0,12724.2,0,0,0,16,9692.26,1
1577,5510,5512,0,5250,1,120.00500010027156,8.40193E-05,0,0,0,0,0,0,0,0,0,0,0,0,0,0,0,0,0,none,0,0,0,10923.4,0,0,0,52,19219.5,1
1578,5510,5512,0,5250,1,120.00500010027156,8.40193E-05,0,0,0,0,0,0,0,0,0,0,0,0,0,0,0,0,0,none,0,0,0,17134.1,0,0,0,12,10074.3,1
1579,5510,5512,0,5250,1,120.00500010027156,8.40193E-05,0,0,0,0,0,0,0,0,0,0,0,0,0,0,0,0,0,none,0,0,0,15582.2,0,0,0,12,9630.88,1
1580,5510,5512,0,5250,1,120.00500010027156,8.40193E-05,0,0,0,0,0,0,0,0,0,0,0,0,0,0,0,0,0,none,0,0,0,11018.8,0,0,0,44,19161.1,1
1581,5510,5512,0,5250,1,120.00500010027156,8.40193E-05,0,0,0,0,0,0,0,0,0,0,0,0,0,0,0,0,0,none,0,0,0,18261.7,0,0,0,7,48188.3,1
1582,5510,5512,0,5250,1,120.00500010027156,8.40193E-05,0,0,0,0,0,0,0,0,0,0,0,0,0,0,0,0,0,none,0,0,0,14100.7,0,0,0,14,8725.65,1
1583,5510,5512,0,5250,1,120.00500010027156,8.40193E-05,0,0,0,0,0,0,0,0,0,0,0,0,0,0,0,0,0,none,0,0,0,10323.1,0,0,0,76,16888.1,1
1584,5510,5512,0,5250,1,120.00500010027156,8.40193E-05,0,0,0,0,0,0,0,0,0,0,0,0,0,0,0,0,0,none,0,0,0,16510.3,0,0,0,12,11278.1,1
1585,5510,5512,0,5250,1,120.00500010027156,8.40193E-05,0,0,0,0,0,0,0,0,0,0,0,0,0,0,0,0,0,none,0,0,0,11849.1,0,0,0,14,9114.1,1
1586,5510,5512,0,5250,1,120.00500010027156,8.40193E-05,0,0,0,0,0,0,0,0,0,0,0,0,0,0,0,0,0,none,0,0,0,11475.9,0,0,0,7,23026.1,1
1587,5510,5512,0,5250,1,120.00500010027156,8.40193E-05,0,0,0,0,0,0,0,0,0,0,0,0,0,0,0,0,0,none,0,0,0,13928.4,0,0,0,16,10467.9,1
1588,5510,5512,0,5250,1,120.00500010027156,8.40193E-05,0,0,0,0,0,0,0,0,0,0,0,0,0,0,0,0,0,none,0,0,0,11547.6,0,0,0,83,9989.29,1
1589,5510,5512,0,5250,1,120.00500010027156,8.40193E-05,0,0,0,0,0,0,0,0,0,0,0,0,0,0,0,0,0,none,0,0,0,11725.5,0,0,0,14,19406.2,1
1590,5510,5512,0,5250,1,120.00500010027156,8.40193E-05,0,0,0,0,0,0,0,0,0,0,0,0,0,0,0,0,0,none,0,0,0,11153.4,0,0,0,9,12876.4,1
1591,5510,5512,0,5250,1,120.00500010027156,8.40193E-05,0,0,0,0,0,0,0,0,0,0,0,0,0,0,0,0,0,none,0,0,0,13512,0,0,0,17,18724.7,1
1592,5510,5512,0,5250,1,120.00500010027156,8.40193E-05,0,0,0,0,0,0,0,0,0,0,0,0,0,0,0,0,0,none,0,0,0,11971.8,0,0,0,17,12744.5,1
1593,5510,5512,0,5250,1,120.00500010027156,8.40193E-05,0,0,0,0,0,0,0,0,0,0,0,0,0,0,0,0,0,none,0,0,0,10271.6,0,0,0,67,17751.9,1
1594,5510,5512,0,5250,1,120.00500010027156,8.40193E-05,0,0,0,0,0,0,0,0,0,0,0,0,0,0,0,0,0,none,0,0,0,15953.4,0,0,0,48,19494.4,1
1595,5510,5512,0,5250,1,120.00500010027156,8.40193E-05,0,0,0,0,0,0,0,0,0,0,0,0,0,0,0,0,0,none,0,0,0,12256.5,0,0,0,18,9082.28,1
1596,5510,5512,0,5250,1,120.00500010027156,8.40193E-05,0,0,0,0,0,0,0,0,0,0,0,0,0,0,0,0,0,none,0,0,0,11569.2,0,0,0,14,12675.5,1
1597,5510,5512,0,5250,1,120.00500010027156,8.40193E-05,0,0,0,0,0,0,0,0,0,0,0,0,0,0,0,0,0,none,0,0,0,14104.4,0,0,0,49,20524.8,1
1598,5510,5512,0,5250,1,120.00500010027156,8.40193E-05,0,0,0,0,0,0,0,0,0,0,0,0,0,0,0,0,0,none,0,0,0,12623.5,0,0,0,75,9907.58,1
1599,5510,5512,0,5250,1,120.00500010027156,8.40193E-05,0,0,0,0,0,0,0,0,0,0,0,0,0,0,0,0,0,none,0,0,0,11817.6,0,0,0,22,12560,1
1600,5510,5512,0,5250,1,120.00500010027156,8.40193E-05,0,0,0,0,0,0,0,0,0,0,0,0,0,0,0,0,0,none,0,0,0,11298.1,0,0,0,18,13479.5,1
1601,5510,5512,0,5250,1,120.00500010027156,8.40193E-05,0,0,0,0,0,0,0,0,0,0,0,0,0,0,0,0,0,none,0,0,0,13058,0,0,0,10,19345.3,1
1602,5510,5512,0,5250,1,120.00500010027156,8.40193E-05,0,0,0,0,0,0,0,0,0,0,0,0,0,0,0,0,0,none,0,0,0,14048.1,0,0,0,14,12034,1
1603,5510,5512,0,5250,1,120.00500010027156,8.40193E-05,0,0,0,0,0,0,0,0,0,0,0,0,0,0,0,0,0,none,0,0,0,10234.6,0,0,0,14,12227.1,1
1604,5510,5512,0,5250,1,120.00500010027156,8.40193E-05,0,0,0,0,0,0,0,0,0,0,0,0,0,0,0,0,0,none,0,0,0,13040.1,0,0,0,8,35462.5,1
1605,5510,5512,0,5250,1,120.00500010027156,8.40193E-05,0,0,0,0,0,0,0,0,0,0,0,0,0,0,0,0,0,none,0,0,0,16526.4,0,0,0,13,9050.52,1
1606,5510,5512,0,5250,1,120.00500010027156,8.40193E-05,0,0,0,0,0,0,0,0,0,0,0,0,0,0,0,0,0,none,0,0,0,12121.3,0,0,0,23,10861,1
1607,5510,5512,0,5250,1,120.00500010027156,8.40193E-05,0,0,0,0,0,0,0,0,0,0,0,0,0,0,0,0,0,none,0,0,0,11399.1,0,0,0,72,26006.5,1
1608,5510,5512,0,5250,1,120.00500010027156,8.40193E-05,0,0,0,0,0,0,0,0,0,0,0,0,0,0,0,0,0,none,0,0,0,16990.5,0,0,0,60,9829.73,1
1609,5510,5512,0,5250,1,120.00500010027156,8.40193E-05,0,0,0,0,0,0,0,0,0,0,0,0,0,0,0,0,0,none,0,0,0,14083.9,0,0,0,16,10266.9,1
1610,5510,5512,0,5250,1,120.00500010027156,8.40193E-05,0,0,0,0,0,0,0,0,0,0,0,0,0,0,0,0,0,none,0,0,0,11452.4,0,0,0,74,16891.9,1
1611,5510,5512,0,5250,1,120.00500010027156,8.40193E-05,0,0,0,0,0,0,0,0,0,0,0,0,0,0,0,0,0,none,0,0,0,18526.5,0,0,0,55,11185.8,1
1612,5510,5512,0,5250,1,120.00500010027156,8.40193E-05,0,0,0,0,0,0,0,0,0,0,0,0,0,0,0,0,0,none,0,0,0,13772.2,0,0,0,16,20786,1
1613,5510,5512,0,5250,1,120.00500010027156,8.40193E-05,0,0,0,0,0,0,0,0,0,0,0,0,0,0,0,0,0,none,0,0,0,10210.6,0,0,0,9,23992.3,1
1614,5510,5512,0,5250,1,120.00500010027156,8.40193E-05,0,0,0,0,0,0,0,0,0,0,0,0,0,0,0,0,0,none,0,0,0,13626.1,0,0,0,62,10977.3,1
1615,5510,5512,0,5250,1,120.00500010027156,8.40193E-05,0,0,0,0,0,0,0,0,0,0,0,0,0,0,0,0,0,none,0,0,0,12552.3,0,0,0,76,9017.95,1
1616,5510,5512,0,5250,1,120.00500010027156,8.40193E-05,0,0,0,0,0,0,0,0,0,0,0,0,0,0,0,0,0,none,0,0,0,11944.4,0,0,0,11,18714.9,1
1617,5510,5512,0,5250,1,120.00500010027156,8.40193E-05,0,0,0,0,0,0,0,0,0,0,0,0,0,0,0,0,0,none,0,0,0,14455.3,0,0,0,20,10699.3,1
1618,5510,5512,0,5250,1,120.00500010027156,8.40193E-05,0,0,0,0,0,0,0,0,0,0,0,0,0,0,0,0,0,none,0,0,0,11349.3,0,0,0,19,9755.72,1
1619,5510,5512,0,5250,1,120.00500010027156,8.40193E-05,0,0,0,0,0,0,0,0,0,0,0,0,0,0,0,0,0,none,0,0,0,14811.7,0,0,0,9,19331.6,1
1620,5510,5512,0,5250,1,120.00500010027156,8.40193E-05,0,0,0,0,0,0,0,0,0,0,0,0,0,0,0,0,0,none,0,0,0,11613.6,0,0,0,73,10553.6,1
1621,5510,5512,0,5250,1,120.00500010027156,8.40193E-05,0,0,0,0,0,0,0,0,0,0,0,0,0,0,0,0,0,none,0,0,0,12564.1,0,0,0,7,18405.1,1
1622,5510,5512,0,5250,1,120.00500010027156,8.40193E-05,0,0,0,0,0,0,0,0,0,0,0,0,0,0,0,0,0,none,0,0,0,15688.9,0,0,0,8,20194.5,1
1623,5510,5512,0,5250,1,120.00500010027156,8.40193E-05,0,0,0,0,0,0,0,0,0,0,0,0,0,0,0,0,0,none,0,0,0,10199.2,0,0,0,21,10404.6,1
1624,5510,5512,0,5250,1,120.00500010027156,8.40193E-05,0,0,0,0,0,0,0,0,0,0,0,0,0,0,0,0,0,none,0,0,0,12210.4,0,0,0,8,20856.1,1
1625,5510,5512,0,5250,1,120.00500010027156,8.40193E-05,0,0,0,0,0,0,0,0,0,0,0,0,0,0,0,0,0,none,0,0,0,15993.5,0,0,0,130,8983.86,1
1626,5510,5512,0,5250,1,120.00500010027156,8.40193E-05,0,0,0,0,0,0,0,0,0,0,0,0,0,0,0,0,0,none,0,0,0,11775,0,0,0,9,10300,1
1627,5510,5512,0,5250,1,120.00500010027156,8.40193E-05,0,0,0,0,0,0,0,0,0,0,0,0,0,0,0,0,0,none,0,0,0,11934.4,0,0,0,12,13906.1,1
1628,5510,5512,0,5250,1,120.00500010027156,8.40193E-05,0,0,0,0,0,0,0,0,0,0,0,0,0,0,0,0,0,none,0,0,0,16256.7,0,0,0,54,9684.04,1
1629,5510,5512,0,5250,1,120.00500010027156,8.40193E-05,0,0,0,0,0,0,0,0,0,0,0,0,0,0,0,0,0,none,0,0,0,11415.8,0,0,0,14,10211.4,1
1630,5510,5512,0,5250,1,120.00500010027156,8.40193E-05,0,0,0,0,0,0,0,0,0,0,0,0,0,0,0,0,0,none,0,0,0,11689.5,0,0,0,32,20891.9,1
1631,5510,5512,0,5250,1,120.00500010027156,8.40193E-05,0,0,0,0,0,0,0,0,0,0,0,0,0,0,0,0,0,none,0,0,0,16460.2,0,0,0,10,23682.8,1
1632,5510,5512,0,5250,1,120.00500010027156,8.40193E-05,0,0,0,0,0,0,0,0,0,0,0,0,0,0,0,0,0,none,0,0,0,13111.8,0,0,0,9,10117.7,1
1633,5510,5512,0,5250,1,120.00500010027156,8.40193E-05,0,0,0,0,0,0,0,0,0,0,0,0,0,0,0,0,0,none,0,0,0,10199.3,0,0,0,14,13210.8,1
1634,5510,5512,0,5250,1,120.00500010027156,8.40193E-05,0,0,0,0,0,0,0,0,0,0,0,0,0,0,0,0,0,none,0,0,0,13972,0,0,0,5,60552,1
1635,5510,5512,0,5250,1,120.00500010027156,8.40193E-05,0,0,0,0,0,0,0,0,0,0,0,0,0,0,0,0,0,none,0,0,0,15661,0,0,0,18,8948.83,1
1636,5510,5512,0,5250,1,120.00500010027156,8.40193E-05,0,0,0,0,0,0,0,0,0,0,0,0,0,0,0,0,0,none,0,0,0,11190.1,0,0,0,12,11219.1,1
1637,5510,5512,0,5250,1,120.00500010027156,8.40193E-05,0,0,0,0,0,0,0,0,0,0,0,0,0,0,0,0,0,none,0,0,0,11773.3,0,0,0,83,16895.6,1
1638,5510,5512,0,5250,1,120.00500010027156,8.40193E-05,0,0,0,0,0,0,0,0,0,0,0,0,0,0,0,0,0,none,0,0,0,17799.1,0,0,0,20,9612.62,1
1639,5510,5512,0,5250,1,120.00500010027156,8.40193E-05,0,0,0,0,0,0,0,0,0,0,0,0,0,0,0,0,0,none,0,0,0,11006.1,0,0,0,19,10441.4,1
1640,5510,5512,0,5250,1,120.00500010027156,8.40193E-05,0,0,0,0,0,0,0,0,0,0,0,0,0,0,0,0,0,none,0,0,0,11602.1,0,0,0,8,20065.3,1
1641,5510,5512,0,5250,1,120.00500010027156,8.40193E-05,0,0,0,0,0,0,0,0,0,0,0,0,0,0,0,0,0,none,0,0,0,18248.3,0,0,0,17,9836.1,1
1642,5510,5512,0,5250,1,120.00500010027156,8.40193E-05,0,0,0,0,0,0,0,0,0,0,0,0,0,0,0,0,0,none,0,0,0,10914.8,0,0,0,118,17283.2,1
1643,5510,5512,0,5250,1,120.00500010027156,8.40193E-05,0,0,0,0,0,0,0,0,0,0,0,0,0,0,0,0,0,none,0,0,0,10211,0,0,0,8,26261.1,1
1644,5510,5512,0,5250,1,120.00500010027156,8.40193E-05,0,0,0,0,0,0,0,0,0,0,0,0,0,0,0,0,0,none,0,0,0,17186.9,0,0,0,85,9782.86,1
1645,5510,5512,0,5250,1,120.00500010027156,8.40193E-05,0,0,0,0,0,0,0,0,0,0,0,0,0,0,0,0,0,none,0,0,0,10885.6,0,0,0,57,8915,1
1646,5510,5512,0,5250,1,120.00500010027156,8.40193E-05,0,0,0,0,0,0,0,0,0,0,0,0,0,0,0,0,0,none,0,0,0,11448.4,0,0,0,10,28531.4,1
1647,5510,5512,0,5250,1,120.00500010027156,8.40193E-05,0,0,0,0,0,0,0,0,0,0,0,0,0,0,0,0,0,none,0,0,0,15009.2,0,0,0,79,9735.78,1
1648,5510,5512,0,5250,1,120.00500010027156,8.40193E-05,0,0,0,0,0,0,0,0,0,0,0,0,0,0,0,0,0,none,0,0,0,10890.1,0,0,0,6,9540.72,1
1649,5510,5512,0,5250,1,120.00500010027156,8.40193E-05,0,0,0,0,0,0,0,0,0,0,0,0,0,0,0,0,0,none,0,0,0,14275.8,0,0,0,7,19008.3,1
1650,5510,5512,0,5250,1,120.00500010027156,8.40193E-05,0,0,0,0,0,0,0,0,0,0,0,0,0,0,0,0,0,none,0,0,0,12125,0,0,0,21,9682.92,1
1651,5510,5512,0,5250,1,120.00500010027156,8.40193E-05,0,0,0,0,0,0,0,0,0,0,0,0,0,0,0,0,0,none,0,0,0,10934.3,0,0,0,19,11357.6,1
1652,5510,5512,0,5250,1,120.00500010027156,8.40193E-05,0,0,0,0,0,0,0,0,0,0,0,0,0,0,0,0,0,none,0,0,0,16774.7,0,0,0,73,18368.8,1
1653,5510,5512,0,5250,1,120.00500010027156,8.40193E-05,0,0,0,0,0,0,0,0,0,0,0,0,0,0,0,0,0,none,0,0,0,10235.2,0,0,0,18,9620.14,1
1654,5510,5512,0,5250,1,120.00500010027156,8.40193E-05,0,0,0,0,0,0,0,0,0,0,0,0,0,0,0,0,0,none,0,0,0,11052.3,0,0,0,11,19463.4,1
1655,5510,5512,0,5250,1,120.00500010027156,8.40193E-05,0,0,0,0,0,0,0,0,0,0,0,0,0,0,0,0,0,none,0,0,0,18430.6,0,0,0,17,8884.82,1
1656,5510,5512,0,5250,1,120.00500010027156,8.40193E-05,0,0,0,0,0,0,0,0,0,0,0,0,0,0,0,0,0,none,0,0,0,11294.1,0,0,0,57,19227.3,1
1657,5510,5512,0,5250,1,120.00500010027156,8.40193E-05,0,0,0,0,0,0,0,0,0,0,0,0,0,0,0,0,0,none,0,0,0,11262.2,0,0,0,12,12373.8,1
1658,5510,5512,0,5250,1,120.00500010027156,8.40193E-05,0,0,0,0,0,0,0,0,0,0,0,0,0,0,0,0,0,none,0,0,0,18730.2,0,0,0,15,9470.42,1
1659,5510,5512,0,5250,1,120.00500010027156,8.40193E-05,0,0,0,0,0,0,0,0,0,0,0,0,0,0,0,0,0,none,0,0,0,11376.2,0,0,0,52,18073.4,1
1660,5510,5512,0,5250,1,120.00500010027156,8.40193E-05,0,0,0,0,0,0,0,0,0,0,0,0,0,0,0,0,0,none,0,0,0,11516.3,0,0,0,15,21078,1
1661,5510,5512,0,5250,1,120.00500010027156,8.40193E-05,0,0,0,0,0,0,0,0,0,0,0,0,0,0,0,0,0,none,0,0,0,17253.9,0,0,0,9,10245.3,1
1662,5510,5512,0,5250,1,120.00500010027156,8.40193E-05,0,0,0,0,0,0,0,0,0,0,0,0,0,0,0,0,0,none,0,0,0,12277.6,0,0,0,7,39254.9,1
1663,5510,5512,0,5250,1,120.00500010027156,8.40193E-05,0,0,0,0,0,0,0,0,0,0,0,0,0,0,0,0,0,none,0,0,0,10272.4,0,0,0,13,12328.1,1
1664,5510,5512,0,5250,1,120.00500010027156,8.40193E-05,0,0,0,0,0,0,0,0,0,0,0,0,0,0,0,0,0,none,0,0,0,14926.9,0,0,0,77,16899.4,1
1665,5510,5512,0,5250,1,120.00500010027156,8.40193E-05,0,0,0,0,0,0,0,0,0,0,0,0,0,0,0,0,0,none,0,0,0,14718.2,0,0,0,7,8859.4,1
1666,5510,5512,0,5250,1,120.00500010027156,8.40193E-05,0,0,0,0,0,0,0,0,0,0,0,0,0,0,0,0,0,none,0,0,0,11149.6,0,0,0,11,11734.3,1
1667,5510,5512,0,5250,1,120.00500010027156,8.40193E-05,0,0,0,0,0,0,0,0,0,0,0,0,0,0,0,0,0,none,0,0,0,12444.1,0,0,0,13,19634.9,1
1668,5510,5512,0,5250,1,120.00500010027156,8.40193E-05,0,0,0,0,0,0,0,0,0,0,0,0,0,0,0,0,0,none,0,0,0,15906.7,0,0,0,11,9405.8,1
1669,5510,5512,0,5250,1,120.00500010027156,8.40193E-05,0,0,0,0,0,0,0,0,0,0,0,0,0,0,0,0,0,none,0,0,0,12308.4,0,0,0,77,10664,1
1670,5510,5512,0,5250,1,120.00500010027156,8.40193E-05,0,0,0,0,0,0,0,0,0,0,0,0,0,0,0,0,0,none,0,0,0,11354,0,0,0,8,19487.3,1
1671,5510,5512,0,5250,1,120.00500010027156,8.40193E-05,0,0,0,0,0,0,0,0,0,0,0,0,0,0,0,0,0,none,0,0,0,15578.7,0,0,0,23,10936.2,1
1672,5510,5512,0,5250,1,120.00500010027156,8.40193E-05,0,0,0,0,0,0,0,0,0,0,0,0,0,0,0,0,0,none,0,0,0,12689.4,0,0,0,16,21155.9,1
1673,5510,5512,0,5250,1,120.00500010027156,8.40193E-05,0,0,0,0,0,0,0,0,0,0,0,0,0,0,0,0,0,none,0,0,0,10324.2,0,0,0,51,12465.9,1
1674,5510,5512,0,5250,1,120.00500010027156,8.40193E-05,0,0,0,0,0,0,0,0,0,0,0,0,0,0,0,0,0,none,0,0,0,15166.5,0,0,0,79,17769,1
1675,5510,5512,0,5250,1,120.00500010027156,8.40193E-05,0,0,0,0,0,0,0,0,0,0,0,0,0,0,0,0,0,none,0,0,0,13127.1,0,0,0,18,8838.36,1
1676,5510,5512,0,5250,1,120.00500010027156,8.40193E-05,0,0,0,0,0,0,0,0,0,0,0,0,0,0,0,0,0,none,0,0,0,11015,0,0,0,53,11961.7,1
1677,5510,5512,0,5250,1,120.00500010027156,8.40193E-05,0,0,0,0,0,0,0,0,0,0,0,0,0,0,0,0,0,none,0,0,0,14731,0,0,0,16,11418.7,1
1678,5510,5512,0,5250,1,120.00500010027156,8.40193E-05,0,0,0,0,0,0,0,0,0,0,0,0,0,0,0,0,0,none,0,0,0,12032.9,0,0,0,17,9349.93,1
1679,5510,5512,0,5250,1,120.00500010027156,8.40193E-05,0,0,0,0,0,0,0,0,0,0,0,0,0,0,0,0,0,none,0,0,0,13749.8,0,0,0,77,11607.5,1
1680,5510,5512,0,5250,1,120.00500010027156,8.40193E-05,0,0,0,0,0,0,0,0,0,0,0,0,0,0,0,0,0,none,0,0,0,12727.9,0,0,0,11,10529.7,1
1681,5510,5512,0,5250,1,120.00500010027156,8.40193E-05,0,0,0,0,0,0,0,0,0,0,0,0,0,0,0,0,0,none,0,0,0,11449.3,0,0,0,79,10745.1,1
1682,5510,5512,0,5250,1,120.00500010027156,8.40193E-05,0,0,0,0,0,0,0,0,0,0,0,0,0,0,0,0,0,none,0,0,0,16371.6,0,0,0,13,11359.8,1
1683,5510,5512,0,5250,1,120.00500010027156,8.40193E-05,0,0,0,0,0,0,0,0,0,0,0,0,0,0,0,0,0,none,0,0,0,10393,0,0,0,10,18265,1
1684,5510,5512,0,5250,1,120.00500010027156,8.40193E-05,0,0,0,0,0,0,0,0,0,0,0,0,0,0,0,0,0,none,0,0,0,13234.5,0,0,0,10,20050.7,1
1685,5510,5512,0,5250,1,120.00500010027156,8.40193E-05,0,0,0,0,0,0,0,0,0,0,0,0,0,0,0,0,0,none,0,0,0,18178.1,0,0,0,17,8820.5,1
1686,5510,5512,0,5250,1,120.00500010027156,8.40193E-05,0,0,0,0,0,0,0,0,0,0,0,0,0,0,0,0,0,none,0,0,0,10887.9,0,0,0,9,18042.7,1
1687,5510,5512,0,5250,1,120.00500010027156,8.40193E-05,0,0,0,0,0,0,0,0,0,0,0,0,0,0,0,0,0,none,0,0,0,14520.4,0,0,0,54,19397.2,1
1688,5510,5512,0,5250,1,120.00500010027156,8.40193E-05,0,0,0,0,0,0,0,0,0,0,0,0,0,0,0,0,0,none,0,0,0,18280,0,0,0,22,9303.1,1
1689,5510,5512,0,5250,1,120.00500010027156,8.40193E-05,0,0,0,0,0,0,0,0,0,0,0,0,0,0,0,0,0,none,0,0,0,11703,0,0,0,8,24100,1
1690,5510,5512,0,5250,1,120.00500010027156,8.40193E-05,0,0,0,0,0,0,0,0,0,0,0,0,0,0,0,0,0,none,0,0,0,12935.9,0,0,0,54,18341.5,1
1691,5510,5512,0,5250,1,120.00500010027156,8.40193E-05,0,0,0,0,0,0,0,0,0,0,0,0,0,0,0,0,0,none,0,0,0,17603.6,0,0,0,87,10415.8,1
1692,5510,5512,0,5250,1,120.00500010027156,8.40193E-05,0,0,0,0,0,0,0,0,0,0,0,0,0,0,0,0,0,none,0,0,0,11662.6,0,0,0,7,19717.4,1
1693,5510,5512,0,5250,1,120.00500010027156,8.40193E-05,0,0,0,0,0,0,0,0,0,0,0,0,0,0,0,0,0,none,0,0,0,10480.4,0,0,0,14,21297.4,1
1694,5510,5512,0,5250,1,120.00500010027156,8.40193E-05,0,0,0,0,0,0,0,0,0,0,0,0,0,0,0,0,0,none,0,0,0,15856.7,0,0,0,10,10525.3,1
1695,5510,5512,0,5250,1,120.00500010027156,8.40193E-05,0,0,0,0,0,0,0,0,0,0,0,0,0,0,0,0,0,none,0,0,0,12499.9,0,0,0,16,8804.29,1
1696,5510,5512,0,5250,1,120.00500010027156,8.40193E-05,0,0,0,0,0,0,0,0,0,0,0,0,0,0,0,0,0,none,0,0,0,10765.2,0,0,0,78,12481.1,1
1697,5510,5512,0,5250,1,120.00500010027156,8.40193E-05,0,0,0,0,0,0,0,0,0,0,0,0,0,0,0,0,0,none,0,0,0,13311.1,0,0,0,14,10385.3,1
1698,5510,5512,0,5250,1,120.00500010027156,8.40193E-05,0,0,0,0,0,0,0,0,0,0,0,0,0,0,0,0,0,none,0,0,0,12160.9,0,0,0,9,9263.52,1
1699,5510,5512,0,5250,1,120.00500010027156,8.40193E-05,0,0,0,0,0,0,0,0,0,0,0,0,0,0,0,0,0,none,0,0,0,13408.9,0,0,0,11,10955.5,1
1700,5510,5512,0,5250,1,120.00500010027156,8.40193E-05,0,0,0,0,0,0,0,0,0,0,0,0,0,0,0,0,0,none,0,0,0,11473.4,0,0,0,17,10285.1,1
1701,5510,5512,0,5250,1,120.00500010027156,8.40193E-05,0,0,0,0,0,0,0,0,0,0,0,0,0,0,0,0,0,none,0,0,0,11893.6,0,0,0,74,10436.5,1
1702,5510,5512,0,5250,1,120.00500010027156,8.40193E-05,0,0,0,0,0,0,0,0,0,0,0,0,0,0,0,0,0,none,0,0,0,16103.9,0,0,0,16,10315.7,1
1703,5510,5512,0,5250,1,120.00500010027156,8.40193E-05,0,0,0,0,0,0,0,0,0,0,0,0,0,0,0,0,0,none,0,0,0,10584.6,0,0,0,11,10196.8,1
1704,5510,5512,0,5250,1,120.00500010027156,8.40193E-05,0,0,0,0,0,0,0,0,0,0,0,0,0,0,0,0,0,none,0,0,0,11649.4,0,0,0,53,17766,1
1705,5510,5512,0,5250,1,120.00500010027156,8.40193E-05,0,0,0,0,0,0,0,0,0,0,0,0,0,0,0,0,0,none,0,0,0,15337.1,0,0,0,24,8788.27,1
1706,5510,5512,0,5250,1,120.00500010027156,8.40193E-05,0,0,0,0,0,0,0,0,0,0,0,0,0,0,0,0,0,none,0,0,0,10646.4,0,0,0,82,10101.2,1
1707,5510,5512,0,5250,1,120.00500010027156,8.40193E-05,0,0,0,0,0,0,0,0,0,0,0,0,0,0,0,0,0,none,0,0,0,11396,0,0,0,52,12021.4,1
1708,5510,5512,0,5250,1,120.00500010027156,8.40193E-05,0,0,0,0,0,0,0,0,0,0,0,0,0,0,0,0,0,none,0,0,0,12801.2,0,0,0,14,9228.68,1
1709,5510,5512,0,5250,1,120.00500010027156,8.40193E-05,0,0,0,0,0,0,0,0,0,0,0,0,0,0,0,0,0,none,0,0,0,13232.5,0,0,0,15,9994.94,1
1710,5510,5512,0,5250,1,120.00500010027156,8.40193E-05,0,0,0,0,0,0,0,0,0,0,0,0,0,0,0,0,0,none,0,0,0,11153.9,0,0,0,16,10781,1
1711,5510,5512,0,5250,1,120.00500010027156,8.40193E-05,0,0,0,0,0,0,0,0,0,0,0,0,0,0,0,0,0,none,0,0,0,11360.3,0,0,0,10,10318.1,1
1712,5510,5512,0,5250,1,120.00500010027156,8.40193E-05,0,0,0,0,0,0,0,0,0,0,0,0,0,0,0,0,0,none,0,0,0,12869,0,0,0,12,9897.1,1
1713,5510,5512,0,5250,1,120.00500010027156,8.40193E-05,0,0,0,0,0,0,0,0,0,0,0,0,0,0,0,0,0,none,0,0,0,10699.7,0,0,0,18,10224.2,1
1714,5510,5512,0,5250,1,120.00500010027156,8.40193E-05,0,0,0,0,0,0,0,0,0,0,0,0,0,0,0,0,0,none,0,0,0,12379,0,0,0,10,21445.6,1
1715,5510,5512,0,5250,1,120.00500010027156,8.40193E-05,0,0,0,0,0,0,0,0,0,0,0,0,0,0,0,0,0,none,0,0,0,17938.2,0,0,0,15,8771.54,1
1716,5510,5512,0,5250,1,120.00500010027156,8.40193E-05,0,0,0,0,0,0,0,0,0,0,0,0,0,0,0,0,0,none,0,0,0,10535.3,0,0,0,11,18678,1
1717,5510,5512,0,5250,1,120.00500010027156,8.40193E-05,0,0,0,0,0,0,0,0,0,0,0,0,0,0,0,0,0,none,0,0,0,14846.8,0,0,0,11,19756.4,1
1718,5510,5512,0,5250,1,120.00500010027156,8.40193E-05,0,0,0,0,0,0,0,0,0,0,0,0,0,0,0,0,0,none,0,0,0,13041.9,0,0,0,123,9196.14,1
1719,5510,5512,0,5250,1,120.00500010027156,8.40193E-05,0,0,0,0,0,0,0,0,0,0,0,0,0,0,0,0,0,none,0,0,0,10884.5,0,0,0,81,13789.9,1
1720,5510,5512,0,5250,1,120.00500010027156,8.40193E-05,0,0,0,0,0,0,0,0,0,0,0,0,0,0,0,0,0,none,0,0,0,13486.5,0,0,0,12,21489.3,1
1721,5510,5512,0,5250,1,120.00500010027156,8.40193E-05,0,0,0,0,0,0,0,0,0,0,0,0,0,0,0,0,0,none,0,0,0,17263.1,0,0,0,60,9727.76,1
1722,5510,5512,0,5250,1,120.00500010027156,8.40193E-05,0,0,0,0,0,0,0,0,0,0,0,0,0,0,0,0,0,none,0,0,0,10893.8,0,0,0,10,20410.3,1
1723,5510,5512,0,5250,1,120.00500010027156,8.40193E-05,0,0,0,0,0,0,0,0,0,0,0,0,0,0,0,0,0,none,0,0,0,10820.4,0,0,0,73,17297,1
1724,5510,5512,0,5250,1,120.00500010027156,8.40193E-05,0,0,0,0,0,0,0,0,0,0,0,0,0,0,0,0,0,none,0,0,0,15044.3,0,0,0,17,9673.27,1
1725,5510,5512,0,5250,1,120.00500010027156,8.40193E-05,0,0,0,0,0,0,0,0,0,0,0,0,0,0,0,0,0,none,0,0,0,10947,0,0,0,13,8754.02,1
1726,5510,5512,0,5250,1,120.00500010027156,8.40193E-05,0,0,0,0,0,0,0,0,0,0,0,0,0,0,0,0,0,none,0,0,0,10438.1,0,0,0,18,21533.5,1
1727,5510,5512,0,5250,1,120.00500010027156,8.40193E-05,0,0,0,0,0,0,0,0,0,0,0,0,0,0,0,0,0,none,0,0,0,14254.4,0,0,0,11,9609.38,1
1728,5510,5512,0,5250,1,120.00500010027156,8.40193E-05,0,0,0,0,0,0,0,0,0,0,0,0,0,0,0,0,0,none,0,0,0,11079.8,0,0,0,77,9164.15,1
1729,5510,5512,0,5250,1,120.00500010027156,8.40193E-05,0,0,0,0,0,0,0,0,0,0,0,0,0,0,0,0,0,none,0,0,0,12841.8,0,0,0,22,11352.6,1
1730,5510,5512,0,5250,1,120.00500010027156,8.40193E-05,0,0,0,0,0,0,0,0,0,0,0,0,0,0,0,0,0,none,0,0,0,11946.2,0,0,0,9,16830.3,1
1731,5510,5512,0,5250,1,120.00500010027156,8.40193E-05,0,0,0,0,0,0,0,0,0,0,0,0,0,0,0,0,0,none,0,0,0,11301.3,0,0,0,25,10123.4,1
1732,5510,5512,0,5250,1,120.00500010027156,8.40193E-05,0,0,0,0,0,0,0,0,0,0,0,0,0,0,0,0,0,none,0,0,0,15675.4,0,0,0,18,10500.9,1
1733,5510,5512,0,5250,1,120.00500010027156,8.40193E-05,0,0,0,0,0,0,0,0,0,0,0,0,0,0,0,0,0,none,0,0,0,10944.7,0,0,0,79,18390.8,1
1734,5510,5512,0,5250,1,120.00500010027156,8.40193E-05,0,0,0,0,0,0,0,0,0,0,0,0,0,0,0,0,0,none,0,0,0,11556.3,0,0,0,4,39866.8,1
1735,5510,5512,0,5250,1,120.00500010027156,8.40193E-05,0,0,0,0,0,0,0,0,0,0,0,0,0,0,0,0,0,none,0,0,0,16232.6,0,0,0,48,8735.98,1
1736,5510,5512,0,5250,1,120.00500010027156,8.40193E-05,0,0,0,0,0,0,0,0,0,0,0,0,0,0,0,0,0,none,0,0,0,10359.2,0,0,0,14,19733.3,1
1737,5510,5512,0,5250,1,120.00500010027156,8.40193E-05,0,0,0,0,0,0,0,0,0,0,0,0,0,0,0,0,0,none,0,0,0,11802.2,0,0,0,22,12918.1,1
1738,5510,5512,0,5250,1,120.00500010027156,8.40193E-05,0,0,0,0,0,0,0,0,0,0,0,0,0,0,0,0,0,none,0,0,0,13715.6,0,0,0,45,9132.02,1
1739,5510,5512,0,5250,1,120.00500010027156,8.40193E-05,0,0,0,0,0,0,0,0,0,0,0,0,0,0,0,0,0,none,0,0,0,12630.7,0,0,0,20,16848.1,1
1740,5510,5512,0,5250,1,120.00500010027156,8.40193E-05,0,0,0,0,0,0,0,0,0,0,0,0,0,0,0,0,0,none,0,0,0,12055.2,0,0,0,9,11109.7,1
1741,5510,5512,0,5250,1,120.00500010027156,8.40193E-05,0,0,0,0,0,0,0,0,0,0,0,0,0,0,0,0,0,none,0,0,0,11638.3,0,0,0,28,10036.4,1
1742,5510,5512,0,5250,1,120.00500010027156,8.40193E-05,0,0,0,0,0,0,0,0,0,0,0,0,0,0,0,0,0,none,0,0,0,15504.4,0,0,0,11,19786,1
1743,5510,5512,0,5250,1,120.00500010027156,8.40193E-05,0,0,0,0,0,0,0,0,0,0,0,0,0,0,0,0,0,none,0,0,0,11074.6,0,0,0,14,10390.9,1
1744,5510,5512,0,5250,1,120.00500010027156,8.40193E-05,0,0,0,0,0,0,0,0,0,0,0,0,0,0,0,0,0,none,0,0,0,11728.9,0,0,0,5,21669.9,1
1745,5510,5512,0,5250,1,120.00500010027156,8.40193E-05,0,0,0,0,0,0,0,0,0,0,0,0,0,0,0,0,0,none,0,0,0,15516.6,0,0,0,71,16910.6,1
1746,5510,5512,0,5250,1,120.00500010027156,8.40193E-05,0,0,0,0,0,0,0,0,0,0,0,0,0,0,0,0,0,none,0,0,0,10298.4,0,0,0,12,19450,1
1747,5510,5512,0,5250,1,120.00500010027156,8.40193E-05,0,0,0,0,0,0,0,0,0,0,0,0,0,0,0,0,0,none,0,0,0,13891.9,0,0,0,16,12374.3,1
1748,5510,5512,0,5250,1,120.00500010027156,8.40193E-05,0,0,0,0,0,0,0,0,0,0,0,0,0,0,0,0,0,none,0,0,0,15094.2,0,0,0,17,9100.02,1
1749,5510,5512,0,5250,1,120.00500010027156,8.40193E-05,0,0,0,0,0,0,0,0,0,0,0,0,0,0,0,0,0,none,0,0,0,12422.1,0,0,0,63,12485.7,1
1750,5510,5512,0,5250,1,120.00500010027156,8.40193E-05,0,0,0,0,0,0,0,0,0,0,0,0,0,0,0,0,0,none,0,0,0,14002.6,0,0,0,79,11893.8,1
1751,5510,5512,0,5250,1,120.00500010027156,8.40193E-05,0,0,0,0,0,0,0,0,0,0,0,0,0,0,0,0,0,none,0,0,0,14664.2,0,0,0,11,9952.82,1
1752,5510,5512,0,5250,1,120.00500010027156,8.40193E-05,0,0,0,0,0,0,0,0,0,0,0,0,0,0,0,0,0,none,0,0,0,11435.5,0,0,0,54,20138.7,1
1753,5510,5512,0,5250,1,120.00500010027156,8.40193E-05,0,0,0,0,0,0,0,0,0,0,0,0,0,0,0,0,0,none,0,0,0,11213.3,0,0,0,14,11561.6,1
1754,5510,5512,0,5250,1,120.00500010027156,8.40193E-05,0,0,0,0,0,0,0,0,0,0,0,0,0,0,0,0,0,none,0,0,0,14298.2,0,0,0,13,10293.2,1
1755,5510,5512,0,5250,1,120.00500010027156,8.40193E-05,0,0,0,0,0,0,0,0,0,0,0,0,0,0,0,0,0,none,0,0,0,12066.7,0,0,0,74,12392,1
1756,5510,5512,0,5250,1,120.00500010027156,8.40193E-05,0,0,0,0,0,0,0,0,0,0,0,0,0,0,0,0,0,none,0,0,0,10253.6,0,0,0,80,11324.7,1
1757,5510,5512,0,5250,1,120.00500010027156,8.40193E-05,0,0,0,0,0,0,0,0,0,0,0,0,0,0,0,0,0,none,0,0,0,13983.5,0,0,0,16,16887.6,1
1758,5510,5512,0,5250,1,120.00500010027156,8.40193E-05,0,0,0,0,0,0,0,0,0,0,0,0,0,0,0,0,0,none,0,0,0,14229,0,0,0,15,9068.31,1
1759,5510,5512,0,5250,1,120.00500010027156,8.40193E-05,0,0,0,0,0,0,0,0,0,0,0,0,0,0,0,0,0,none,0,0,0,12225.2,0,0,0,18,11119,1
1760,5510,5512,0,5250,1,120.00500010027156,8.40193E-05,0,0,0,0,0,0,0,0,0,0,0,0,0,0,0,0,0,none,0,0,0,12685.8,0,0,0,75,18398.1,1
1761,5510,5512,0,5250,1,120.00500010027156,8.40193E-05,0,0,0,0,0,0,0,0,0,0,0,0,0,0,0,0,0,none,0,0,0,12952.3,0,0,0,8,9872.73,1
1762,5510,5512,0,5250,1,120.00500010027156,8.40193E-05,0,0,0,0,0,0,0,0,0,0,0,0,0,0,0,0,0,none,0,0,0,15116.5,0,0,0,19,10743,1
1763,5510,5512,0,5250,1,120.00500010027156,8.40193E-05,0,0,0,0,0,0,0,0,0,0,0,0,0,0,0,0,0,none,0,0,0,11351.3,0,0,0,8,20379.6,1
1764,5510,5512,0,5250,1,120.00500010027156,8.40193E-05,0,0,0,0,0,0,0,0,0,0,0,0,0,0,0,0,0,none,0,0,0,15000.2,0,0,0,10,28528.6,1
1765,5510,5512,0,5250,1,120.00500010027156,8.40193E-05,0,0,0,0,0,0,0,0,0,0,0,0,0,0,0,0,0,none,0,0,0,17047.3,0,0,0,14,10685.7,1
1766,5510,5512,0,5250,1,120.00500010027156,8.40193E-05,0,0,0,0,0,0,0,0,0,0,0,0,0,0,0,0,0,none,0,0,0,10222.5,0,0,0,51,16909.5,1
1767,5510,5512,0,5250,1,120.00500010027156,8.40193E-05,0,0,0,0,0,0,0,0,0,0,0,0,0,0,0,0,0,none,0,0,0,13304,0,0,0,14,12256.1,1
1768,5510,5512,0,5250,1,120.00500010027156,8.40193E-05,0,0,0,0,0,0,0,0,0,0,0,0,0,0,0,0,0,none,0,0,0,14667.6,0,0,0,13,9036.32,1
1769,5510,5512,0,5250,1,120.00500010027156,8.40193E-05,0,0,0,0,0,0,0,0,0,0,0,0,0,0,0,0,0,none,0,0,0,12042,0,0,0,51,20645.2,1
1770,5510,5512,0,5250,1,120.00500010027156,8.40193E-05,0,0,0,0,0,0,0,0,0,0,0,0,0,0,0,0,0,none,0,0,0,14354.3,0,0,0,14,11575.7,1
1771,5510,5512,0,5250,1,120.00500010027156,8.40193E-05,0,0,0,0,0,0,0,0,0,0,0,0,0,0,0,0,0,none,0,0,0,12238.8,0,0,0,14,9796.67,1
1772,5510,5512,0,5250,1,120.00500010027156,8.40193E-05,0,0,0,0,0,0,0,0,0,0,0,0,0,0,0,0,0,none,0,0,0,12113.5,0,0,0,73,16914.4,1
1773,5510,5512,0,5250,1,120.00500010027156,8.40193E-05,0,0,0,0,0,0,0,0,0,0,0,0,0,0,0,0,0,none,0,0,0,11519.9,0,0,0,12,10597.2,1
1774,5510,5512,0,5250,1,120.00500010027156,8.40193E-05,0,0,0,0,0,0,0,0,0,0,0,0,0,0,0,0,0,none,0,0,0,11383.9,0,0,0,13,10270.5,1
1775,5510,5512,0,5250,1,120.00500010027156,8.40193E-05,0,0,0,0,0,0,0,0,0,0,0,0,0,0,0,0,0,none,0,0,0,11853.3,0,0,0,13,16933.1,1
1776,5510,5512,0,5250,1,120.00500010027156,8.40193E-05,0,0,0,0,0,0,0,0,0,0,0,0,0,0,0,0,0,none,0,0,0,10204,0,0,0,11,24847.8,1
1777,5510,5512,0,5250,1,120.00500010027156,8.40193E-05,0,0,0,0,0,0,0,0,0,0,0,0,0,0,0,0,0,none,0,0,0,12964,0,0,0,84,10182,1
1778,5510,5512,0,5250,1,120.00500010027156,8.40193E-05,0,0,0,0,0,0,0,0,0,0,0,0,0,0,0,0,0,none,0,0,0,11608.8,0,0,0,10,9003.11,1
1779,5510,5512,0,5250,1,120.00500010027156,8.40193E-05,0,0,0,0,0,0,0,0,0,0,0,0,0,0,0,0,0,none,0,0,0,11869.1,0,0,0,9,33989.4,1
1780,5510,5512,0,5250,1,120.00500010027156,8.40193E-05,0,0,0,0,0,0,0,0,0,0,0,0,0,0,0,0,0,none,0,0,0,14529.6,0,0,0,56,10084.3,1
1781,5510,5512,0,5250,1,120.00500010027156,8.40193E-05,0,0,0,0,0,0,0,0,0,0,0,0,0,0,0,0,0,none,0,0,0,11354.2,0,0,0,13,9723.94,1
1782,5510,5512,0,5250,1,120.00500010027156,8.40193E-05,0,0,0,0,0,0,0,0,0,0,0,0,0,0,0,0,0,none,0,0,0,11864.3,0,0,0,71,17792.1,1
1783,5510,5512,0,5250,1,120.00500010027156,8.40193E-05,0,0,0,0,0,0,0,0,0,0,0,0,0,0,0,0,0,none,0,0,0,11683.1,0,0,0,56,9977.63,1
1784,5510,5512,0,5250,1,120.00500010027156,8.40193E-05,0,0,0,0,0,0,0,0,0,0,0,0,0,0,0,0,0,none,0,0,0,11119.9,0,0,0,13,10473.1,1
1785,5510,5512,0,5250,1,120.00500010027156,8.40193E-05,0,0,0,0,0,0,0,0,0,0,0,0,0,0,0,0,0,none,0,0,0,11536.2,0,0,0,10,27828.8,1
1786,5510,5512,0,5250,1,120.00500010027156,8.40193E-05,0,0,0,0,0,0,0,0,0,0,0,0,0,0,0,0,0,none,0,0,0,10198.2,0,0,0,14,9883.57,1
1787,5510,5512,0,5250,1,120.00500010027156,8.40193E-05,0,0,0,0,0,0,0,0,0,0,0,0,0,0,0,0,0,none,0,0,0,10966.9,0,0,0,81,18405.5,1
1788,5510,5512,0,5250,1,120.00500010027156,8.40193E-05,0,0,0,0,0,0,0,0,0,0,0,0,0,0,0,0,0,none,0,0,0,13483.7,0,0,0,14,8968.43,1
1789,5510,5512,0,5250,1,120.00500010027156,8.40193E-05,0,0,0,0,0,0,0,0,0,0,0,0,0,0,0,0,0,none,0,0,0,11701.7,0,0,0,15,9817.04,1
1790,5510,5512,0,5250,1,120.00500010027156,8.40193E-05,0,0,0,0,0,0,0,0,0,0,0,0,0,0,0,0,0,none,0,0,0,10900.3,0,0,0,6,65583.1,1
1791,5510,5512,0,5250,1,120.00500010027156,8.40193E-05,0,0,0,0,0,0,0,0,0,0,0,0,0,0,0,0,0,none,0,0,0,16020,0,0,0,19,9652.6,1
1792,5510,5512,0,5250,1,120.00500010027156,8.40193E-05,0,0,0,0,0,0,0,0,0,0,0,0,0,0,0,0,0,none,0,0,0,14549.4,0,0,0,25,9767.49,1
1793,5510,5512,0,5250,1,120.00500010027156,8.40193E-05,0,0,0,0,0,0,0,0,0,0,0,0,0,0,0,0,0,none,0,0,0,10884.2,0,0,0,72,16985.7,1
1794,5510,5512,0,5250,1,120.00500010027156,8.40193E-05,0,0,0,0,0,0,0,0,0,0,0,0,0,0,0,0,0,none,0,0,0,17164.3,0,0,0,16,11711.8,1
1795,5510,5512,0,5250,1,120.00500010027156,8.40193E-05,0,0,0,0,0,0,0,0,0,0,0,0,0,0,0,0,0,none,0,0,0,16992.4,0,0,0,14,9719.54,1
1796,5510,5512,0,5250,1,120.00500010027156,8.40193E-05,0,0,0,0,0,0,0,0,0,0,0,0,0,0,0,0,0,none,0,0,0,10202.7,0,0,0,1,24070.1,1
1797,5510,5512,0,5250,1,120.00500010027156,8.40193E-05,0,0,0,0,0,0,0,0,0,0,0,0,0,0,0,0,0,none,0,0,0,17275.8,0,0,0,47,19589.9,1
1798,5509,5512,1,5250,1,120.00500010027156,8.40193E-05,0,1,1.6559582768934382E-08,0,0,0,0,0,0,0,0,0,0,0,1.6559582767528003E-08,0,-1.406379094907558E-18,no_compact_gain,0,0,0,15612.3,0,0,0,17,8933.6,1
1799,5509,5512,0,5250,1,120.00500010027156,8.40193E-05,0,0,0,0,0,0,0,0,0,0,0,0,0,0,0,0,0,none,0,0,0,10961.7,0,0,0,71,16918.2,1
1800,5509,5512,0,5250,1,120.00500010027156,8.40193E-05,0,0,0,0,0,0,0,0,0,0,0,0,0,0,0,0,0,none,0,0,0,14896.4,0,0,0,55,12248,1
1801,5509,5512,0,5250,1,120.00500010027156,8.40193E-05,0,0,0,0,0,0,0,0,0,0,0,0,0,0,0,0,0,none,0,0,0,13063.4,0,0,0,23,9580.91,1
1802,5509,5512,0,5250,1,120.00500010027156,8.40193E-05,0,0,0,0,0,0,0,0,0,0,0,0,0,0,0,0,0,none,0,0,0,11109.7,0,0,0,9,17015.2,1
1803,5509,5512,0,5250,1,120.00500010027156,8.40193E-05,0,0,0,0,0,0,0,0,0,0,0,0,0,0,0,0,0,none,0,0,0,12021.7,0,0,0,13,10868.9,1
1804,5509,5512,0,5250,1,120.00500010027156,8.40193E-05,0,0,0,0,0,0,0,0,0,0,0,0,0,0,0,0,0,none,0,0,0,11404.3,0,0,0,79,11481.2,1
1805,5509,5512,0,5250,1,120.00500010027156,8.40193E-05,0,0,0,0,0,0,0,0,0,0,0,0,0,0,0,0,0,none,0,0,0,11341.1,0,0,0,19,24866.4,1
1806,5509,5512,0,5250,1,120.00500010027156,8.40193E-05,0,0,0,0,0,0,0,0,0,0,0,0,0,0,0,0,0,none,0,0,0,10219.7,0,0,0,14,10271,1
1807,5509,5512,0,5250,1,120.00500010027156,8.40193E-05,0,0,0,0,0,0,0,0,0,0,0,0,0,0,0,0,0,none,0,0,0,12158.9,0,0,0,11,32433.2,1
1808,5509,5512,0,5250,1,120.00500010027156,8.40193E-05,0,0,0,0,0,0,0,0,0,0,0,0,0,0,0,0,0,none,0,0,0,11596,0,0,0,13,8901.14,1
1809,5509,5512,0,5250,1,120.00500010027156,8.40193E-05,0,0,0,0,0,0,0,0,0,0,0,0,0,0,0,0,0,none,0,0,0,11379.3,0,0,0,75,17797.9,1
1810,5509,5512,0,5250,1,120.00500010027156,8.40193E-05,0,0,0,0,0,0,0,0,0,0,0,0,0,0,0,0,0,none,0,0,0,13017.9,0,0,0,14,12333,1
1811,5509,5512,0,5250,1,120.00500010027156,8.40193E-05,0,0,0,0,0,0,0,0,0,0,0,0,0,0,0,0,0,none,0,0,0,11840.7,0,0,0,60,9509.29,1
1812,5509,5512,0,5250,1,120.00500010027156,8.40193E-05,0,0,0,0,0,0,0,0,0,0,0,0,0,0,0,0,0,none,0,0,0,12573.5,0,0,0,12,24095.7,1
1813,5509,5512,0,5250,1,120.00500010027156,8.40193E-05,0,0,0,0,0,0,0,0,0,0,0,0,0,0,0,0,0,none,0,0,0,12203.2,0,0,0,3,65235.8,1
1814,5509,5512,0,5250,1,120.00500010027156,8.40193E-05,0,0,0,0,0,0,0,0,0,0,0,0,0,0,0,0,0,none,0,0,0,12098.8,0,0,0,120,10706.2,1
1815,5509,5512,0,5250,1,120.00500010027156,8.40193E-05,0,0,0,0,0,0,0,0,0,0,0,0,0,0,0,0,0,none,0,0,0,11349.2,0,0,0,12,19253.5,1
1816,5509,5512,0,5250,1,120.00500010027156,8.40193E-05,0,0,0,0,0,0,0,0,0,0,0,0,0,0,0,0,0,none,0,0,0,10249.3,0,0,0,9,12285.6,1
1817,5509,5512,0,5250,1,120.00500010027156,8.40193E-05,0,0,0,0,0,0,0,0,0,0,0,0,0,0,0,0,0,none,0,0,0,12419,0,0,0,12,13735,1
1818,5509,5512,0,5250,1,120.00500010027156,8.40193E-05,0,0,0,0,0,0,0,0,0,0,0,0,0,0,0,0,0,none,0,0,0,12592.7,0,0,0,24,8873.02,1
1819,5509,5512,0,5250,1,120.00500010027156,8.40193E-05,0,0,0,0,0,0,0,0,0,0,0,0,0,0,0,0,0,none,0,0,0,11229.1,0,0,0,4,28535.7,1
1820,5509,5512,0,5250,1,120.00500010027156,8.40193E-05,0,0,0,0,0,0,0,0,0,0,0,0,0,0,0,0,0,none,0,0,0,12825.7,0,0,0,6,17081.4,1
1821,5509,5512,0,5250,1,120.00500010027156,8.40193E-05,0,0,0,0,0,0,0,0,0,0,0,0,0,0,0,0,0,none,0,0,0,15103.2,0,0,0,15,9440.98,1
1822,5509,5512,0,5250,1,120.00500010027156,8.40193E-05,0,0,0,0,0,0,0,0,0,0,0,0,0,0,0,0,0,none,0,0,0,14021.8,0,0,0,23,11502,1
1823,5509,5512,0,5250,1,120.00500010027156,8.40193E-05,0,0,0,0,0,0,0,0,0,0,0,0,0,0,0,0,0,none,0,0,0,12142.3,0,0,0,11,13851.5,1
1824,5509,5512,0,5250,1,120.00500010027156,8.40193E-05,0,0,0,0,0,0,0,0,0,0,0,0,0,0,0,0,0,none,0,0,0,17390,0,0,0,13,11050.3,1
1825,5509,5512,0,5250,1,120.00500010027156,8.40193E-05,0,0,0,0,0,0,0,0,0,0,0,0,0,0,0,0,0,none,0,0,0,14599.3,0,0,0,15,10565.7,1
1826,5509,5512,0,5250,1,120.00500010027156,8.40193E-05,0,0,0,0,0,0,0,0,0,0,0,0,0,0,0,0,0,none,0,0,0,10292.4,0,0,0,74,16922,1
1827,5509,5512,0,5250,1,120.00500010027156,8.40193E-05,0,0,0,0,0,0,0,0,0,0,0,0,0,0,0,0,0,none,0,0,0,17666,0,0,0,15,11518.3,1
1828,5509,5512,0,5250,1,120.00500010027156,8.40193E-05,0,0,0,0,0,0,0,0,0,0,0,0,0,0,0,0,0,none,0,0,0,14244.5,0,0,0,52,8849.64,1
1829,5509,5512,0,5250,1,120.00500010027156,8.40193E-05,0,0,0,0,0,0,0,0,0,0,0,0,0,0,0,0,0,none,0,0,0,11089.1,0,0,0,11,13295.4,1
1830,5509,5512,0,5250,1,120.00500010027156,8.40193E-05,0,0,0,0,0,0,0,0,0,0,0,0,0,0,0,0,0,none,0,0,0,15483,0,0,0,83,11290.3,1
1831,5509,5512,0,5250,1,120.00500010027156,8.40193E-05,0,0,0,0,0,0,0,0,0,0,0,0,0,0,0,0,0,none,0,0,0,13933.1,0,0,0,109,9380,1
1832,5509,5512,0,5250,1,120.00500010027156,8.40193E-05,0,0,0,0,0,0,0,0,0,0,0,0,0,0,0,0,0,none,0,0,0,13846.4,0,0,0,8,19440.5,1
1833,5509,5512,0,5250,1,120.00500010027156,8.40193E-05,0,0,0,0,0,0,0,0,0,0,0,0,0,0,0,0,0,none,0,0,0,12605.7,0,0,0,18,11085.2,1
1834,5509,5512,0,5250,1,120.00500010027156,8.40193E-05,0,0,0,0,0,0,0,0,0,0,0,0,0,0,0,0,0,none,0,0,0,11787.5,0,0,0,9,10849.5,1
1835,5509,5512,0,5250,1,120.00500010027156,8.40193E-05,0,0,0,0,0,0,0,0,0,0,0,0,0,0,0,0,0,none,0,0,0,14642.7,0,0,0,16,12895.6,1
1836,5509,5512,0,5250,1,120.00500010027156,8.40193E-05,0,0,0,0,0,0,0,0,0,0,0,0,0,0,0,0,0,none,0,0,0,10351,0,0,0,82,10446.4,1
1837,5509,5512,0,5250,1,120.00500010027156,8.40193E-05,0,0,0,0,0,0,0,0,0,0,0,0,0,0,0,0,0,none,0,0,0,11589.3,0,0,0,6,28622.6,1
1838,5509,5512,0,5250,1,120.00500010027156,8.40193E-05,0,0,0,0,0,0,0,0,0,0,0,0,0,0,0,0,0,none,0,0,0,15070.3,0,0,0,10,8830.18,1
1839,5509,5512,0,5250,1,120.00500010027156,8.40193E-05,0,0,0,0,0,0,0,0,0,0,0,0,0,0,0,0,0,none,0,0,0,10958.3,0,0,0,24,10651.6,1
1840,5509,5512,0,5250,1,120.00500010027156,8.40193E-05,0,0,0,0,0,0,0,0,0,0,0,0,0,0,0,0,0,none,0,0,0,12777.3,0,0,0,14,22691.4,1
1841,5509,5512,0,5250,1,120.00500010027156,8.40193E-05,0,0,0,0,0,0,0,0,0,0,0,0,0,0,0,0,0,none,0,0,0,15495.6,0,0,0,81,9328.23,1
1842,5509,5512,0,5250,1,120.00500010027156,8.40193E-05,0,0,0,0,0,0,0,0,0,0,0,0,0,0,0,0,0,none,0,0,0,13461.1,0,0,0,11,10473.4,1
1843,5509,5512,0,5250,1,120.00500010027156,8.40193E-05,0,0,0,0,0,0,0,0,0,0,0,0,0,0,0,0,0,none,0,0,0,12379,0,0,0,10,45206,1
1844,5509,5512,0,5250,1,120.00500010027156,8.40193E-05,0,0,0,0,0,0,0,0,0,0,0,0,0,0,0,0,0,none,0,0,0,15842.1,0,0,0,14,10668,1
1845,5509,5512,0,5250,1,120.00500010027156,8.40193E-05,0,0,0,0,0,0,0,0,0,0,0,0,0,0,0,0,0,none,0,0,0,11527.3,0,0,0,57,10349.6,1
1846,5509,5512,0,5250,1,120.00500010027156,8.40193E-05,0,0,0,0,0,0,0,0,0,0,0,0,0,0,0,0,0,none,0,0,0,10427.7,0,0,0,9,28567.9,1
1847,5509,5512,0,5250,1,120.00500010027156,8.40193E-05,0,0,0,0,0,0,0,0,0,0,0,0,0,0,0,0,0,none,0,0,0,16119.8,0,0,0,17,10343.2,1
1848,5509,5512,0,5250,1,120.00500010027156,8.40193E-05,0,0,0,0,0,0,0,0,0,0,0,0,0,0,0,0,0,none,0,0,0,11877.7,0,0,0,57,8813.24,1
1849,5509,5512,0,5250,1,120.00500010027156,8.40193E-05,0,0,0,0,0,0,0,0,0,0,0,0,0,0,0,0,0,none,0,0,0,10833.3,0,0,0,13,18501.2,1
1850,5509,5512,0,5250,1,120.00500010027156,8.40193E-05,0,0,0,0,0,0,0,0,0,0,0,0,0,0,0,0,0,none,0,0,0,15487.6,0,0,0,6,19199.1,1
1851,5509,5512,0,5250,1,120.00500010027156,8.40193E-05,0,0,0,0,0,0,0,0,0,0,0,0,0,0,0,0,0,none,0,0,0,14147,0,0,0,11,9284.89,1
1852,5509,5512,0,5250,1,120.00500010027156,8.40193E-05,0,0,0,0,0,0,0,0,0,0,0,0,0,0,0,0,0,none,0,0,0,11567.9,0,0,0,17,12141.3,1
1853,5509,5512,0,5250,1,120.00500010027156,8.40193E-05,0,0,0,0,0,0,0,0,0,0,0,0,0,0,0,0,0,none,0,0,0,12942.4,0,0,0,97,12351.2,1
1854,5509,5512,0,5250,1,120.00500010027156,8.40193E-05,0,0,0,0,0,0,0,0,0,0,0,0,0,0,0,0,0,none,0,0,0,16611.9,0,0,0,12,10067.1,1
1855,5509,5512,0,5250,1,120.00500010027156,8.40193E-05,0,0,0,0,0,0,0,0,0,0,0,0,0,0,0,0,0,none,0,0,0,11312.8,0,0,0,12,10828,1
1856,5509,5512,0,5250,1,120.00500010027156,8.40193E-05,0,0,0,0,0,0,0,0,0,0,0,0,0,0,0,0,0,none,0,0,0,10522.7,0,0,0,13,17249.5,1
1857,5509,5512,0,5250,1,120.00500010027156,8.40193E-05,0,0,0,0,0,0,0,0,0,0,0,0,0,0,0,0,0,none,0,0,0,17928.6,0,0,0,17,9960.68,1
1858,5509,5512,0,5250,1,120.00500010027156,8.40193E-05,0,0,0,0,0,0,0,0,0,0,0,0,0,0,0,0,0,none,0,0,0,11088.2,0,0,0,77,8797.27,1
1859,5509,5512,0,5250,1,120.00500010027156,8.40193E-05,0,0,0,0,0,0,0,0,0,0,0,0,0,0,0,0,0,none,0,0,0,10712.2,0,0,0,52,12298.9,1
1860,5509,5512,0,5250,1,120.00500010027156,8.40193E-05,0,0,0,0,0,0,0,0,0,0,0,0,0,0,0,0,0,none,0,0,0,15952.8,0,0,0,12,9870.85,1
1861,5509,5512,0,5250,1,120.00500010027156,8.40193E-05,0,0,0,0,0,0,0,0,0,0,0,0,0,0,0,0,0,none,0,0,0,10951,0,0,0,17,9247.72,1
1862,5509,5512,0,5250,1,120.00500010027156,8.40193E-05,0,0,0,0,0,0,0,0,0,0,0,0,0,0,0,0,0,none,0,0,0,13332.2,0,0,0,49,20398.4,1
1863,5509,5512,0,5250,1,120.00500010027156,8.40193E-05,0,0,0,0,0,0,0,0,0,0,0,0,0,0,0,0,0,none,0,0,0,13210.3,0,0,0,78,9808.23,1
1864,5509,5512,0,5250,1,120.00500010027156,8.40193E-05,0,0,0,0,0,0,0,0,0,0,0,0,0,0,0,0,0,none,0,0,0,10895,0,0,0,12,10381.8,1
1865,5509,5512,0,5250,1,120.00500010027156,8.40193E-05,0,0,0,0,0,0,0,0,0,0,0,0,0,0,0,0,0,none,0,0,0,13296.7,0,0,0,13,12295.3,1
1866,5509,5512,0,5250,1,120.00500010027156,8.40193E-05,0,0,0,0,0,0,0,0,0,0,0,0,0,0,0,0,0,none,0,0,0,10632.3,0,0,0,30,9759.88,1
1867,5509,5512,0,5250,1,120.00500010027156,8.40193E-05,0,0,0,0,0,0,0,0,0,0,0,0,0,0,0,0,0,none,0,0,0,10884.3,0,0,0,76,19258.4,1
1868,5509,5512,0,5250,1,120.00500010027156,8.40193E-05,0,0,0,0,0,0,0,0,0,0,0,0,0,0,0,0,0,none,0,0,0,17982.2,0,0,0,82,8781,1
1869,5509,5512,0,5250,1,120.00500010027156,8.40193E-05,0,0,0,0,0,0,0,0,0,0,0,0,0,0,0,0,0,none,0,0,0,10596.1,0,0,0,16,9711.07,1
1870,5509,5512,0,5250,1,120.00500010027156,8.40193E-05,0,0,0,0,0,0,0,0,0,0,0,0,0,0,0,0,0,none,0,0,0,10904.4,0,0,0,12,18986.6,1
1871,5509,5512,0,5250,1,120.00500010027156,8.40193E-05,0,0,0,0,0,0,0,0,0,0,0,0,0,0,0,0,0,none,0,0,0,15870.9,0,0,0,10,9214.17,1
1872,5509,5512,0,5250,1,120.00500010027156,8.40193E-05,0,0,0,0,0,0,0,0,0,0,0,0,0,0,0,0,0,none,0,0,0,13151.2,0,0,0,19,9653.15,1
1873,5509,5512,0,5250,1,120.00500010027156,8.40193E-05,0,0,0,0,0,0,0,0,0,0,0,0,0,0,0,0,0,none,0,0,0,10978.6,0,0,0,13,20661.8,1
1874,5509,5512,0,5250,1,120.00500010027156,8.40193E-05,0,0,0,0,0,0,0,0,0,0,0,0,0,0,0,0,0,none,0,0,0,18436.4,0,0,0,17,10271.4,1
1875,5509,5512,0,5250,1,120.00500010027156,8.40193E-05,0,0,0,0,0,0,0,0,0,0,0,0,0,0,0,0,0,none,0,0,0,12050.1,0,0,0,12,19172.6,1
1876,5509,5512,0,5250,1,120.00500010027156,8.40193E-05,0,0,0,0,0,0,0,0,0,0,0,0,0,0,0,0,0,none,0,0,0,10750.3,0,0,0,48,19863.8,1
1877,5509,5512,0,5250,1,120.00500010027156,8.40193E-05,0,0,0,0,0,0,0,0,0,0,0,0,0,0,0,0,0,none,0,0,0,18087.2,0,0,0,18,10535.4,1
1878,5509,5512,0,5250,1,120.00500010027156,8.40193E-05,0,0,0,0,0,0,0,0,0,0,0,0,0,0,0,0,0,none,0,0,0,11441.2,0,0,0,19,8763.89,1
1879,5509,5512,0,5250,1,120.00500010027156,8.40193E-05,0,0,0,0,0,0,0,0,0,0,0,0,0,0,0,0,0,none,0,0,0,10490.4,0,0,0,51,20952.5,1
1880,5509,5512,0,5250,1,120.00500010027156,8.40193E-05,0,0,0,0,0,0,0,0,0,0,0,0,0,0,0,0,0,none,0,0,0,16220.7,0,0,0,85,16929.6,1
1881,5509,5512,0,5250,1,120.00500010027156,8.40193E-05,0,0,0,0,0,0,0,0,0,0,0,0,0,0,0,0,0,none,0,0,0,13206.7,0,0,0,11,9182.03,1
1882,5509,5512,0,5250,1,120.00500010027156,8.40193E-05,0,0,0,0,0,0,0,0,0,0,0,0,0,0,0,0,0,none,0,0,0,11635.3,0,0,0,9,13105.4,1
1883,5509,5512,0,5250,1,120.00500010027156,8.40193E-05,0,0,0,0,0,0,0,0,0,0,0,0,0,0,0,0,0,none,0,0,0,13558.2,0,0,0,14,17414.9,1
1884,5509,5512,0,5250,1,120.00500010027156,8.40193E-05,0,0,0,0,0,0,0,0,0,0,0,0,0,0,0,0,0,none,0,0,0,15755.2,0,0,0,25,10174.2,1
1885,5509,5512,0,5250,1,120.00500010027156,8.40193E-05,0,0,0,0,0,0,0,0,0,0,0,0,0,0,0,0,0,none,0,0,0,11879.4,0,0,0,76,11173.5,1
1886,5509,5512,0,5250,1,120.00500010027156,8.40193E-05,0,0,0,0,0,0,0,0,0,0,0,0,0,0,0,0,0,none,0,0,0,10872.4,0,0,0,5,212734,1
1887,5509,5512,0,5250,1,120.00500010027156,8.40193E-05,0,0,0,0,0,0,0,0,0,0,0,0,0,0,0,0,0,none,0,0,0,16048,0,0,0,16,20081,1
1888,5509,5512,0,5250,1,120.00500010027156,8.40193E-05,0,0,0,0,0,0,0,0,0,0,0,0,0,0,0,0,0,none,0,0,0,12144,0,0,0,26,8746.12,1
1889,5509,5512,0,5250,1,120.00500010027156,8.40193E-05,0,0,0,0,0,0,0,0,0,0,0,0,0,0,0,0,0,none,0,0,0,10401,0,0,0,14,24241.2,1
1890,5509,5512,0,5250,1,120.00500010027156,8.40193E-05,0,0,0,0,0,0,0,0,0,0,0,0,0,0,0,0,0,none,0,0,0,15756.2,0,0,0,116,12645.9,1
1891,5509,5512,0,5250,1,120.00500010027156,8.40193E-05,0,0,0,0,0,0,0,0,0,0,0,0,0,0,0,0,0,none,0,0,0,12477.8,0,0,0,13,9149.99,1
1892,5509,5512,0,5250,1,120.00500010027156,8.40193E-05,0,0,0,0,0,0,0,0,0,0,0,0,0,0,0,0,0,none,0,0,0,12749.1,0,0,0,22,17478.7,1
1893,5509,5512,0,5250,1,120.00500010027156,8.40193E-05,0,0,0,0,0,0,0,0,0,0,0,0,0,0,0,0,0,none,0,0,0,13728.3,0,0,0,53,12505,1
1894,5509,5512,0,5250,1,120.00500010027156,8.40193E-05,0,0,0,0,0,0,0,0,0,0,0,0,0,0,0,0,0,none,0,0,0,12895.3,0,0,0,8,10084.5,1
1895,5509,5512,0,5250,1,120.00500010027156,8.40193E-05,0,0,0,0,0,0,0,0,0,0,0,0,0,0,0,0,0,none,0,0,0,15602.3,0,0,0,77,12200.8,1
1896,5509,5512,0,5250,1,120.00500010027156,8.40193E-05,0,0,0,0,0,0,0,0,0,0,0,0,0,0,0,0,0,none,0,0,0,10998.7,0,0,0,9,10964.1,1
1897,5509,5512,0,5250,1,120.00500010027156,8.40193E-05,0,0,0,0,0,0,0,0,0,0,0,0,0,0,0,0,0,none,0,0,0,11481.4,0,0,0,11,19498.7,1
1898,5509,5512,0,5250,1,120.00500010027156,8.40193E-05,0,0,0,0,0,0,0,0,0,0,0,0,0,0,0,0,0,none,0,0,0,17733.2,0,0,0,25,8727.85,1
1899,5509,5512,0,5250,1,120.00500010027156,8.40193E-05,0,0,0,0,0,0,0,0,0,0,0,0,0,0,0,0,0,none,0,0,0,10330.2,0,0,0,22,10320.1,1
1900,5509,5512,0,5250,1,120.00500010027156,8.40193E-05,0,0,0,0,0,0,0,0,0,0,0,0,0,0,0,0,0,none,0,0,0,11959.7,0,0,0,15,19146.9,1
1901,5509,5512,0,5250,1,120.00500010027156,8.40193E-05,0,0,0,0,0,0,0,0,0,0,0,0,0,0,0,0,0,none,0,0,0,18911.4,0,0,0,24,9117.87,1
1902,5509,5512,0,5250,1,120.00500010027156,8.40193E-05,0,0,0,0,0,0,0,0,0,0,0,0,0,0,0,0,0,none,0,0,0,12537.7,0,0,0,15,12383.9,1
1903,5509,5512,0,5250,1,120.00500010027156,8.40193E-05,0,0,0,0,0,0,0,0,0,0,0,0,0,0,0,0,0,none,0,0,0,13901.3,0,0,0,9,50019.5,1
1904,5509,5512,0,5250,1,120.00500010027156,8.40193E-05,0,0,0,0,0,0,0,0,0,0,0,0,0,0,0,0,0,none,0,0,0,18221.4,0,0,0,87,9999.14,1
1905,5509,5512,0,5250,1,120.00500010027156,8.40193E-05,0,0,0,0,0,0,0,0,0,0,0,0,0,0,0,0,0,none,0,0,0,12823.7,0,0,0,12,22047.3,1
1906,5509,5512,0,5250,1,120.00500010027156,8.40193E-05,0,0,0,0,0,0,0,0,0,0,0,0,0,0,0,0,0,none,0,0,0,11132,0,0,0,10,23876.1,1
1907,5509,5512,0,5250,1,120.00500010027156,8.40193E-05,0,0,0,0,0,0,0,0,0,0,0,0,0,0,0,0,0,none,0,0,0,17651,0,0,0,119,10788.4,1
1908,5509,5512,0,5250,1,120.00500010027156,8.40193E-05,0,0,0,0,0,0,0,0,0,0,0,0,0,0,0,0,0,none,0,0,0,11362.8,0,0,0,15,12298.5,1
1909,5509,5512,0,5250,1,120.00500010027156,8.40193E-05,0,0,0,0,0,0,0,0,0,0,0,0,0,0,0,0,0,none,0,0,0,10276.8,0,0,0,8,31804.3,1
1910,5509,5512,0,5250,1,120.00500010027156,8.40193E-05,0,0,0,0,0,0,0,0,0,0,0,0,0,0,0,0,0,none,0,0,0,16623.5,0,0,0,61,10228.2,1
1911,5509,5512,0,5250,1,120.00500010027156,8.40193E-05,0,0,0,0,0,0,0,0,0,0,0,0,0,0,0,0,0,none,0,0,0,12355.8,0,0,0,17,9086.01,1
1912,5509,5512,0,5250,1,120.00500010027156,8.40193E-05,0,0,0,0,0,0,0,0,0,0,0,0,0,0,0,0,0,none,0,0,0,12333.5,0,0,0,78,17329.5,1
1913,5509,5512,0,5250,1,120.00500010027156,8.40193E-05,0,0,0,0,0,0,0,0,0,0,0,0,0,0,0,0,0,none,0,0,0,14077.1,0,0,0,18,10618.7,1
1914,5509,5512,0,5250,1,120.00500010027156,8.40193E-05,0,0,0,0,0,0,0,0,0,0,0,0,0,0,0,0,0,none,0,0,0,12707,0,0,0,15,9917.01,1
1915,5509,5512,0,5250,1,120.00500010027156,8.40193E-05,0,0,0,0,0,0,0,0,0,0,0,0,0,0,0,0,0,none,0,0,0,15228.4,0,0,0,24,11668.4,1
1916,5509,5512,0,5250,1,120.00500010027156,8.40193E-05,0,0,0,0,0,0,0,0,0,0,0,0,0,0,0,0,0,none,0,0,0,11275,0,0,0,13,10449.8,1
1917,5509,5512,0,5250,1,120.00500010027156,8.40193E-05,0,0,0,0,0,0,0,0,0,0,0,0,0,0,0,0,0,none,0,0,0,12322.3,0,0,0,85,17821.3,1
1918,5509,5512,0,5250,1,120.00500010027156,8.40193E-05,0,0,0,0,0,0,0,0,0,0,0,0,0,0,0,0,0,none,0,0,0,15889.3,0,0,0,32,10636.4,1
1919,5509,5512,0,5250,1,120.00500010027156,8.40193E-05,0,0,0,0,0,0,0,0,0,0,0,0,0,0,0,0,0,none,0,0,0,10238.2,0,0,0,16,10333,1
1920,5509,5512,0,5250,1,120.00500010027156,8.40193E-05,0,0,0,0,0,0,0,0,0,0,0,0,0,0,0,0,0,none,0,0,0,12023.8,0,0,0,13,27828,1
1921,5509,5512,0,5250,1,120.00500010027156,8.40193E-05,0,0,0,0,0,0,0,0,0,0,0,0,0,0,0,0,0,none,0,0,0,16160.9,0,0,0,49,9054.29,1
1922,5509,5512,0,5250,1,120.00500010027156,8.40193E-05,0,0,0,0,0,0,0,0,0,0,0,0,0,0,0,0,0,none,0,0,0,12142.8,0,0,0,82,10241.8,1
1923,5509,5512,0,5250,1,120.00500010027156,8.40193E-05,0,0,0,0,0,0,0,0,0,0,0,0,0,0,0,0,0,none,0,0,0,11773.7,0,0,0,6,34087.7,1
1924,5509,5512,0,5250,1,120.00500010027156,8.40193E-05,0,0,0,0,0,0,0,0,0,0,0,0,0,0,0,0,0,none,0,0,0,14279.1,0,0,0,47,9838.68,1
1925,5509,5512,0,5250,1,120.00500010027156,8.40193E-05,0,0,0,0,0,0,0,0,0,0,0,0,0,0,0,0,0,none,0,0,0,15028.4,0,0,0,14,10151.5,1
1926,5509,5512,0,5250,1,120.00500010027156,8.40193E-05,0,0,0,0,0,0,0,0,0,0,0,0,0,0,0,0,0,none,0,0,0,11428,0,0,0,11,11365.1,1
1927,5509,5512,0,5250,1,120.00500010027156,8.40193E-05,0,0,0,0,0,0,0,0,0,0,0,0,0,0,0,0,0,none,0,0,0,11962.5,0,0,0,11,13157.3,1
1928,5509,5512,0,5250,1,120.00500010027156,8.40193E-05,0,0,0,0,0,0,0,0,0,0,0,0,0,0,0,0,0,none,0,0,0,17375.4,0,0,0,24,10049.7,1
1929,5509,5512,0,5250,1,120.00500010027156,8.40193E-05,0,0,0,0,0,0,0,0,0,0,0,0,0,0,0,0,0,none,0,0,0,10212.8,0,0,0,12,10506.3,1
1930,5509,5512,0,5250,1,120.00500010027156,8.40193E-05,0,0,0,0,0,0,0,0,0,0,0,0,0,0,0,0,0,none,0,0,0,11479.9,0,0,0,8,66326.3,1
1931,5509,5512,0,5250,1,120.00500010027156,8.40193E-05,0,0,0,0,0,0,0,0,0,0,0,0,0,0,0,0,0,none,0,0,0,18214.1,0,0,0,23,9021.86,1
1932,5508,5512,1,5250,1,120.00500010027156,8.40193E-05,0,1,1.4689078417514161E-09,0,0,0,0,0,0,0,0,0,0,0,1.4689078425833557E-09,0,8.319395894121984E-19,no_compact_gain,0,0,0,11059,0,0,0,10,18676.9,1
1933,5508,5512,0,5250,1,120.00500010027156,8.40193E-05,0,0,0,0,0,0,0,0,0,0,0,0,0,0,0,0,0,none,0,0,0,13330.4,0,0,0,16,12813.1,1
1934,5508,5512,0,5250,1,120.00500010027156,8.40193E-05,0,0,0,0,0,0,0,0,0,0,0,0,0,0,0,0,0,none,0,0,0,17657,0,0,0,86,9764.28,1
1935,5508,5512,0,5250,1,120.00500010027156,8.40193E-05,0,0,0,0,0,0,0,0,0,0,0,0,0,0,0,0,0,none,0,0,0,10937.3,0,0,0,14,20494.2,1
1936,5508,5512,0,5250,1,120.00500010027156,8.40193E-05,0,0,0,0,0,0,0,0,0,0,0,0,0,0,0,0,0,none,0,0,0,11588.4,0,0,0,12,24278.4,1
1937,5508,5512,0,5250,1,120.00500010027156,8.40193E-05,0,0,0,0,0,0,0,0,0,0,0,0,0,0,0,0,0,none,0,0,0,18101.4,0,0,0,19,9799.8,1
1938,5508,5512,0,5250,1,120.00500010027156,8.40193E-05,0,0,0,0,0,0,0,0,0,0,0,0,0,0,0,0,0,none,0,0,0,10890.9,0,0,0,50,19736.5,1
1939,5508,5512,0,5250,1,120.00500010027156,8.40193E-05,0,0,0,0,0,0,0,0,0,0,0,0,0,0,0,0,0,none,0,0,0,10199.9,0,0,0,75,12615.2,1
1940,5508,5512,0,5250,1,120.00500010027156,8.40193E-05,0,0,0,0,0,0,0,0,0,0,0,0,0,0,0,0,0,none,0,0,0,17037.9,0,0,0,18,9752.25,1
1941,5508,5512,0,5250,1,120.00500010027156,8.40193E-05,0,0,0,0,0,0,0,0,0,0,0,0,0,0,0,0,0,none,0,0,0,10885.1,0,0,0,120,8987.96,1
1942,5508,5512,0,5250,1,120.00500010027156,8.40193E-05,0,0,0,0,0,0,0,0,0,0,0,0,0,0,0,0,0,none,0,0,0,11794.7,0,0,0,10,19481.9,1
1943,5508,5512,0,5250,1,120.00500010027156,8.40193E-05,0,0,0,0,0,0,0,0,0,0,0,0,0,0,0,0,0,none,0,0,0,14604.5,0,0,0,16,9702.34,1
1944,5508,5512,0,5250,1,120.00500010027156,8.40193E-05,0,0,0,0,0,0,0,0,0,0,0,0,0,0,0,0,0,none,0,0,0,10911.6,0,0,0,84,9692.43,1
1945,5508,5512,0,5250,1,120.00500010027156,8.40193E-05,0,0,0,0,0,0,0,0,0,0,0,0,0,0,0,0,0,none,0,0,0,14649.2,0,0,0,17,12383.6,1
1946,5508,5512,0,5250,1,120.00500010027156,8.40193E-05,0,0,0,0,0,0,0,0,0,0,0,0,0,0,0,0,0,none,0,0,0,11753.1,0,0,0,29,9642.72,1
1947,5508,5512,0,5250,1,120.00500010027156,8.40193E-05,0,0,0,0,0,0,0,0,0,0,0,0,0,0,0,0,0,none,0,0,0,10997.9,0,0,0,11,27588.5,1
1948,5508,5512,0,5250,1,120.00500010027156,8.40193E-05,0,0,0,0,0,0,0,0,0,0,0,0,0,0,0,0,0,none,0,0,0,17074.8,0,0,0,15,10919.7,1
1949,5508,5512,0,5250,1,120.00500010027156,8.40193E-05,0,0,0,0,0,0,0,0,0,0,0,0,0,0,0,0,0,none,0,0,0,10198.6,0,0,0,78,18450,1
1950,5508,5512,0,5250,1,120.00500010027156,8.40193E-05,0,0,0,0,0,0,0,0,0,0,0,0,0,0,0,0,0,none,0,0,0,11176.1,0,0,0,11,19097.6,1
1951,5508,5512,0,5250,1,120.00500010027156,8.40193E-05,0,0,0,0,0,0,0,0,0,0,0,0,0,0,0,0,0,none,0,0,0,15465,0,0,0,16,8952.94,1
1952,5508,5512,0,5250,1,120.00500010027156,8.40193E-05,0,0,0,0,0,0,0,0,0,0,0,0,0,0,0,0,0,none,0,0,0,11629,0,0,0,55,19314.4,1
1953,5508,5512,0,5250,1,120.00500010027156,8.40193E-05,0,0,0,0,0,0,0,0,0,0,0,0,0,0,0,0,0,none,0,0,0,11422,0,0,0,17,19270.1,1
1954,5508,5512,0,5250,1,120.00500010027156,8.40193E-05,0,0,0,0,0,0,0,0,0,0,0,0,0,0,0,0,0,none,0,0,0,15234,0,0,0,13,9621.06,1
1955,5508,5512,0,5250,1,120.00500010027156,8.40193E-05,0,0,0,0,0,0,0,0,0,0,0,0,0,0,0,0,0,none,0,0,0,14403.2,0,0,0,53,17999.2,1
1956,5508,5512,0,5250,1,120.00500010027156,8.40193E-05,0,0,0,0,0,0,0,0,0,0,0,0,0,0,0,0,0,none,0,0,0,11674.2,0,0,0,15,11944.4,1
1957,5508,5512,0,5250,1,120.00500010027156,8.40193E-05,0,0,0,0,0,0,0,0,0,0,0,0,0,0,0,0,0,none,0,0,0,12707.7,0,0,0,14,11608.2,1
1958,5508,5512,0,5250,1,120.00500010027156,8.40193E-05,0,0,0,0,0,0,0,0,0,0,0,0,0,0,0,0,0,none,0,0,0,16266.8,0,0,0,13,18706.1,1
1959,5508,5512,0,5250,1,120.00500010027156,8.40193E-05,0,0,0,0,0,0,0,0,0,0,0,0,0,0,0,0,0,none,0,0,0,10208.4,0,0,0,14,10750.2,1
1960,5508,5512,0,5250,1,120.00500010027156,8.40193E-05,0,0,0,0,0,0,0,0,0,0,0,0,0,0,0,0,0,none,0,0,0,11352.5,0,0,0,9,19453.5,1
1961,5508,5512,0,5250,1,120.00500010027156,8.40193E-05,0,0,0,0,0,0,0,0,0,0,0,0,0,0,0,0,0,none,0,0,0,16003.9,0,0,0,70,8918.84,1
1962,5508,5512,0,5250,1,120.00500010027156,8.40193E-05,0,0,0,0,0,0,0,0,0,0,0,0,0,0,0,0,0,none,0,0,0,11467.1,0,0,0,6,19558.3,1
1963,5508,5512,0,5250,1,120.00500010027156,8.40193E-05,0,0,0,0,0,0,0,0,0,0,0,0,0,0,0,0,0,none,0,0,0,12460.1,0,0,0,12,12280.4,1
1964,5508,5512,0,5250,1,120.00500010027156,8.40193E-05,0,0,0,0,0,0,0,0,0,0,0,0,0,0,0,0,0,none,0,0,0,15701.8,0,0,0,24,9549.17,1
1965,5508,5512,0,5250,1,120.00500010027156,8.40193E-05,0,0,0,0,0,0,0,0,0,0,0,0,0,0,0,0,0,none,0,0,0,12539,0,0,0,39,14597.3,1
1966,5508,5512,0,5250,1,120.00500010027156,8.40193E-05,0,0,0,0,0,0,0,0,0,0,0,0,0,0,0,0,0,none,0,0,0,12097,0,0,0,80,17338.9,1
1967,5508,5512,0,5250,1,120.00500010027156,8.40193E-05,0,0,0,0,0,0,0,0,0,0,0,0,0,0,0,0,0,none,0,0,0,15316.8,0,0,0,23,11383.4,1
1968,5508,5512,0,5250,1,120.00500010027156,8.40193E-05,0,0,0,0,0,0,0,0,0,0,0,0,0,0,0,0,0,none,0,0,0,12257.8,0,0,0,14,37982.6,1
1969,5508,5512,0,5250,1,120.00500010027156,8.40193E-05,0,0,0,0,0,0,0,0,0,0,0,0,0,0,0,0,0,none,0,0,0,10230.6,0,0,0,55,12119.7,1
1970,5508,5512,0,5250,1,120.00500010027156,8.40193E-05,0,0,0,0,0,0,0,0,0,0,0,0,0,0,0,0,0,none,0,0,0,14877.9,0,0,0,18,10603.4,1
1971,5508,5512,0,5250,1,120.00500010027156,8.40193E-05,0,0,0,0,0,0,0,0,0,0,0,0,0,0,0,0,0,none,0,0,0,11379.2,0,0,0,79,8888.14,1
1972,5508,5512,0,5250,1,120.00500010027156,8.40193E-05,0,0,0,0,0,0,0,0,0,0,0,0,0,0,0,0,0,none,0,0,0,11311.8,0,0,0,54,11714.5,1
1973,5508,5512,0,5250,1,120.00500010027156,8.40193E-05,0,0,0,0,0,0,0,0,0,0,0,0,0,0,0,0,0,none,0,0,0,14475.7,0,0,0,15,18096.1,1
1974,5508,5512,0,5250,1,120.00500010027156,8.40193E-05,0,0,0,0,0,0,0,0,0,0,0,0,0,0,0,0,0,none,0,0,0,12937.2,0,0,0,18,9478.49,1
1975,5508,5512,0,5250,1,120.00500010027156,8.40193E-05,0,0,0,0,0,0,0,0,0,0,0,0,0,0,0,0,0,none,0,0,0,14120.4,0,0,0,12,11437.9,1
1976,5508,5512,0,5250,1,120.00500010027156,8.40193E-05,0,0,0,0,0,0,0,0,0,0,0,0,0,0,0,0,0,none,0,0,0,12283.9,0,0,0,75,13330.4,1
1977,5508,5512,0,5250,1,120.00500010027156,8.40193E-05,0,0,0,0,0,0,0,0,0,0,0,0,0,0,0,0,0,none,0,0,0,14064.2,0,0,0,7,11167.6,1
1978,5508,5512,0,5250,1,120.00500010027156,8.40193E-05,0,0,0,0,0,0,0,0,0,0,0,0,0,0,0,0,0,none,0,0,0,16656.3,0,0,0,81,11223,1
1979,5508,5512,0,5250,1,120.00500010027156,8.40193E-05,0,0,0,0,0,0,0,0,0,0,0,0,0,0,0,0,0,none,0,0,0,10265.7,0,0,0,9,19772.8,1
1980,5508,5512,0,5250,1,120.00500010027156,8.40193E-05,0,0,0,0,0,0,0,0,0,0,0,0,0,0,0,0,0,none,0,0,0,14387.5,0,0,0,14,18278.8,1
1981,5508,5512,0,5250,1,120.00500010027156,8.40193E-05,0,0,0,0,0,0,0,0,0,0,0,0,0,0,0,0,0,none,0,0,0,18130.7,0,0,0,20,8862.15,1
1982,5508,5512,0,5250,1,120.00500010027156,8.40193E-05,0,0,0,0,0,0,0,0,0,0,0,0,0,0,0,0,0,none,0,0,0,11166.1,0,0,0,13,12810.4,1
1983,5508,5512,0,5250,1,120.00500010027156,8.40193E-05,0,0,0,0,0,0,0,0,0,0,0,0,0,0,0,0,0,none,0,0,0,14772.2,0,0,0,58,18694.8,1
1984,5508,5512,0,5250,1,120.00500010027156,8.40193E-05,0,0,0,0,0,0,0,0,0,0,0,0,0,0,0,0,0,none,0,0,0,16138.9,0,0,0,11,9413,1
1985,5508,5512,0,5250,1,120.00500010027156,8.40193E-05,0,0,0,0,0,0,0,0,0,0,0,0,0,0,0,0,0,none,0,0,0,13073.9,0,0,0,6,61584.3,1
1986,5508,5512,0,5250,1,120.00500010027156,8.40193E-05,0,0,0,0,0,0,0,0,0,0,0,0,0,0,0,0,0,none,0,0,0,12484.8,0,0,0,49,12798.9,1
1987,5507,5512,1,5250,1,120.00500010027156,8.40193E-05,0,1,9.994564216463195E-11,0,0,0,0,0,0,0,0,0,0,0,9.994564204029999E-11,0,-1.2433196690919705E-19,no_compact_gain,0,0,0,13612.5,0,0,0,17,10587.1,1
1988,5507,5512,0,5250,1,120.00500010027156,8.40193E-05,0,0,0,0,0,0,0,0,0,0,0,0,0,0,0,0,0,none,0,0,0,12638.4,0,0,0,82,12566.1,1
1989,5507,5512,0,5250,1,120.00500010027156,8.40193E-05,0,0,0,0,0,0,0,0,0,0,0,0,0,0,0,0,0,none,0,0,0,10315.1,0,0,0,17,11068.4,1
1990,5507,5512,0,5250,1,120.00500010027156,8.40193E-05,0,0,0,0,0,0,0,0,0,0,0,0,0,0,0,0,0,none,0,0,0,11590.5,0,0,0,17,10427.7,1
1991,5506,5512,0,5250,1,120.00500010027156,8.40193E-05,0,0,0,0,0,0,1,1.5784808130102246E-08,0,1.5784808130102246E-08,0,0,0,0,0,0,0,none,0,0,1.7792086140451985E-15,12268.1,0,0,0,14,8840.64,1
1992,5506,5512,0,5250,1,120.00500010027156,8.40193E-05,0,0,0,0,0,0,0,0,0,0,0,0,0,0,0,0,0,none,0,0,0,11030.4,0,0,0,25,10371.3,1
1993,5506,5512,0,5250,1,120.00500010027156,8.40193E-05,0,0,0,0,0,0,0,0,0,0,0,0,0,0,0,0,0,none,0,0,0,11784,0,0,0,92,10317.1,1
1994,5506,5512,0,5250,1,120.00500010027156,8.40193E-05,0,0,0,0,0,0,0,0,0,0,0,0,0,0,0,0,0,none,0,0,0,11981,0,0,0,16,9356.02,1
1995,5506,5512,0,5250,1,120.00500010027156,8.40193E-05,0,0,0,0,0,0,0,0,0,0,0,0,0,0,0,0,0,none,0,0,0,13770.1,0,0,0,5,37213.7,1
1996,5506,5512,0,5250,1,120.00500010027156,8.40193E-05,0,0,0,0,0,0,0,0,0,0,0,0,0,0,0,0,0,none,0,0,0,12695.1,0,0,0,12,10227.5,1
1997,5506,5512,0,5250,1,120.00500010027156,8.40193E-05,0,0,0,0,0,0,0,0,0,0,0,0,0,0,0,0,0,none,0,0,0,11734,0,0,0,15,10766.5,1
1998,5506,5512,0,5250,1,120.00500010027156,8.40193E-05,0,0,0,0,0,0,0,0,0,0,0,0,0,0,0,0,0,none,0,0,0,13086.9,0,0,0,72,17839,1
1999,5506,5512,0,5250,1,120.00500010027156,8.40193E-05,0,0,0,0,0,0,0,0,0,0,0,0,0,0,0,0,0,none,0,0,0,10381.1,0,0,0,16,10135.8,1
2000,5506,5512,0,5250,1,120.00500010027156,8.40193E-05,0,0,0,0,0,0,0,0,0,0,0,0,0,0,0,0,0,none,0,0,0,11484.9,0,0,0,62,10877,1
