step,live,N,merges_delta,compact_slot,compact_gen,compact_mass_direct,compact_R_direct,compact_dM_direct,rock_deaths_direct,rock_death_mass_direct,puller_deaths_direct,puller_death_mass_direct,puller_merge_events_into_compact_direct,roche_events_direct,roche_source_mass_direct,roche_escaped_direct,reservoir_added_direct,fragments_represented_closure,fragments_alive_end_direct,instep_sources_direct,instep_lost_mass_closure,puller_gain_sum_direct,puller_loss_sum_direct,step_closure_residual,compact_mode,compact_rock_mass_closure,compact_rock_mass_heuristic_est,global_conservation_residual,obs_min_r_Rc_direct,obs_n_lt10Rc,obs_n_lt100Rc,obs_n_lt1000Rc,peri_pass_n_est,peri_pass_min_q_Rc_est,reservoir_map_ok
1,5501,5512,0,5250,1,70.005,0.000237092,0,0,0,0,0,0,16,0.04767003461664997,4.380863736688544E-15,0.04767003460510293,1.1542687655879262E-11,1.1538306091648629E-11,11,7.004939450753439E-19,0,0,-7.004939450753439E-19,only_tiny_or_pullers,0,0,-6.084160952823936E-13,6546.05,0,0,0,12,426552,1
2,5501,5512,0,5250,1,70.005,0.000237092,0,0,0,0,0,0,0,0,0,0,0,0,0,0,0,0,0,none,0,0,0,7928.26,0,0,0,11,468445,1
3,5500,5512,0,5250,1,70.005,0.000237092,0,0,0,0,0,0,13,4.131520740529941E-09,4.932647240477496E-14,4.131422087585135E-09,4.9326472405071953E-14,0,12,2.9699035359760652E-25,0,0,-2.9699035359760652E-25,only_tiny_or_pullers,0,0,6.466125721834493E-15,7344.52,0,0,0,18,464815,1
4,5510,5512,0,5250,1,70.005,0.000237092,0,0,0,0,0,0,16,1.2393949485445829E-08,7.597589441582184E-15,1.2393906361665191E-08,3.552619119131789E-14,2.7928601750159096E-14,14,-4.2338953644116925E-25,0,0,4.2338953644116925E-25,only_tiny_or_pullers,0,0,-2.613718993285503E-14,3748.49,0,0,0,73,6549.92,1
5,5509,5512,2,5250,1,70.005,0.000237092,0,2,7.965206793979171E-16,0,0,0,3,7.153989012273522E-09,0,7.153951382578121E-09,3.762969540157772E-14,1.2543231800636849E-14,2,-3.328361931308493E-25,0,0,-7.96520679065081E-16,only_tiny_or_pullers,0,0,-6.043875296111331E-15,4204.02,0,0,0,8,439000,1
6,5511,5512,0,5250,1,70.005,0.000237092,0,0,0,0,0,0,6,2.1270308122739127E-08,0,2.127026161894663E-08,4.650379249415194E-14,1.5501264164748352E-14,4,-9.313607391401354E-26,0,0,9.313607391401354E-26,only_tiny_or_pullers,0,0,-5.706288551434063E-15,2874.02,0,0,0,16,446448,1
7,5509,5512,0,5250,1,70.005,0.000237092,0,0,0,0,0,0,12,3.573482620362836E-08,1.1026225459672349E-14,3.5734312610090443E-08,5.025673124531787E-13,1.6384702899729808E-13,6,1.6119015757434396E-24,0,0,-1.6119015757434396E-24,only_tiny_or_pullers,0,0,-7.413436754007721E-15,4934.25,0,0,0,11,458995,1
8,5511,5512,0,5250,1,70.005,0.000237092,0,0,0,0,0,0,6,2.1947266230062635E-08,3.7242044250988005E-16,2.1946835871789637E-08,4.299858525568624E-13,4.2961343211310146E-13,4,1.2510827113673643E-24,0,0,-1.2510827113673643E-24,only_tiny_or_pullers,0,0,4.336838845638429E-15,2501.61,0,0,0,13,2311.67,1
9,5511,5512,0,5250,1,70.005,0.000237092,0,0,0,0,0,0,4,4.2961343211310146E-13,0,2.148067160565508E-13,2.1480671605655066E-13,2.1480671605655066E-13,0,0,0,0,0,none,0,0,1.5854750043722754E-14,3774.02,0,0,0,15,479999,1
10,5507,5512,0,5250,1,70.005,0.000237092,0,0,0,0,0,0,8,2.514740607470551E-10,1.5501264164748352E-14,2.5128057516740353E-10,1.779843154867407E-13,5.932810516224547E-14,2,4.2409162264681595E-27,0,0,-4.2409162264681595E-27,only_tiny_or_pullers,0,0,5.532502651305822E-15,2863.57,0,0,0,14,2801.63,1
11,5511,5512,0,5250,1,70.005,0.000237092,0,0,0,0,0,0,8,1.5017942020516446E-09,1.9992233961475413E-14,1.5017013455746204E-09,7.286424306259472E-14,5.287200910102838E-14,6,9.092410793577382E-26,0,0,-9.092410793577382E-26,only_tiny_or_pullers,0,0,3.4766343255368584E-15,4077.75,0,0,0,23,4736.2,1
12,5512,5512,0,5250,1,70.005,0.000237092,0,0,0,0,0,0,11,5.203539402804605E-10,0,5.184585365108105E-10,1.8954037696499306E-12,6.253894829547208E-13,2,2.7986298001647205E-14,0,0,-2.7986298001647205E-14,only_tiny_or_pullers,0,0,4.993741014739798E-13,2297.14,0,0,0,75,2301.92,1
13,5512,5512,0,5250,1,70.005,0.000237092,0,0,0,0,0,0,4,8.237538982533909E-09,5.837339587862096E-15,8.235521949880926E-09,2.0111953133923933E-12,2.0111953133921073E-12,0,2.859589226989959E-25,0,0,-2.859589226989959E-25,only_tiny_or_pullers,0,0,1.0630102503805015E-14,3826.72,0,0,0,12,4579.05,1
14,5512,5512,0,5250,1,70.005,0.000237092,0,0,0,0,0,0,4,2.2580953550247188E-08,0,2.2565891105826182E-08,1.506244442100457E-11,1.5062444421004565E-11,0,0,0,0,0,none,0,0,5.945351318818854E-15,3383.2,0,0,0,85,2644.62,1
15,5512,5512,0,5250,1,70.005,0.000237092,0,0,0,0,0,0,8,8.557907199134153E-09,0,8.554220963893359E-09,3.686235240795568E-12,3.6862352407956636E-12,0,-9.53196408996653E-26,0,0,9.53196408996653E-26,only_tiny_or_pullers,0,0,-1.7242777202529154E-14,2805.73,0,0,0,15,3277.01,1
16,5510,5512,0,5250,1,70.005,0.000237092,0,0,0,0,0,0,8,7.503172256330839E-09,5.2096119139629477E-17,7.503158187673047E-09,1.4016561672433051E-14,1.3964465553317921E-14,2,-2.4499381962512794E-26,0,0,2.4499381962512794E-26,only_tiny_or_pullers,0,0,1.1691253806214072E-14,3033.29,0,0,0,8,544731,1
17,5512,5512,0,5250,1,70.005,0.000237092,0,0,0,0,0,0,6,2.095706062688179E-09,1.879543273313824E-14,2.0899077989654117E-09,5.779468290033907E-12,5.768459750872716E-12,2,6.029421670785237E-26,0,0,-6.029421670785237E-26,only_tiny_or_pullers,0,0,-2.1176002468175106E-14,2771.5,0,0,0,77,4351.27,1
18,5512,5512,0,5250,1,70.005,0.000237092,0,0,0,0,0,0,6,4.613583833994687E-09,0,4.597422835918194E-09,1.6160998076492383E-11,1.6160998076492425E-11,0,0,0,0,0,none,0,0,-1.60381250970226E-14,4353.42,0,0,0,15,2602.91,1
19,5511,5512,0,5250,1,70.005,0.000237092,0,0,0,0,0,0,9,3.6569940142153936E-08,0,3.6499523542152695E-08,7.041660000124186E-11,7.041660000124249E-11,0,0,0,0,0,none,0,0,-5.190594726482311E-15,4061.67,0,0,0,14,2341.33,1
20,5511,5512,1,5250,1,70.005,0.000237092,0,1,2.2925574837077764E-15,0,0,0,3,3.0052818101328976E-08,0,3.0034345149135255E-08,1.847295219372429E-11,1.8472952193723276E-11,0,1.014588720084573E-24,0,0,-2.292557484722365E-15,only_tiny_or_pullers,0,0,2.1365048393319506E-15,2852.14,0,0,0,10,3473.86,1
21,5512,5512,0,5250,1,70.005,0.000237092,0,0,0,0,0,0,1,2.6584510095334158E-09,0,2.658451003324621E-09,6.2087949303561805E-18,6.2087947435547725E-18,0,1.8680140801381227E-25,0,0,-1.8680140801381227E-25,only_tiny_or_pullers,0,0,-2.009957648414341E-15,498.563,0,0,2,17,3876.02,1
22,5512,5512,0,5250,1,70.005,0.000237092,0,0,0,0,0,0,10,5.0820834037205706E-08,6.2087947435547725E-18,5.0781014011618494E-08,3.982001937841198E-11,3.9793642171886336E-11,2,1.1775610722159923E-24,0,0,-1.1775610722159923E-24,only_tiny_or_pullers,0,0,2.6219433058435467E-15,4410.77,0,0,0,13,2485.12,1
23,5511,5512,0,5250,1,70.005,0.000237092,0,0,0,0,0,0,13,4.560697935727127E-08,6.642796285553405E-15,4.5602736003317864E-08,4.236711157103878E-12,4.230068360817124E-12,6,1.2005745114040049E-24,0,0,-1.2005745114040049E-24,only_tiny_or_pullers,0,0,-3.821806801572666E-15,4170.78,0,0,0,75,2200.58,1
24,5511,5512,0,5250,1,70.005,0.000237092,0,0,0,0,0,0,6,8.36325177191152E-09,7.968028363570376E-16,8.363112210600142E-09,1.3876450853972238E-13,1.3796770570337708E-13,2,-1.1740123814338556E-26,0,0,1.1740123814338556E-26,only_tiny_or_pullers,0,0,2.5007506599236307E-14,2772.47,0,0,0,7,9572.31,1
25,5511,5512,0,5250,1,70.005,0.000237092,0,0,0,0,0,0,4,3.319219130744874E-08,0,3.31653163753718E-08,2.6874932076946522E-11,2.6874932076946467E-11,0,0,0,0,0,none,0,0,-4.780676069804128E-15,2773.19,0,0,0,17,3865.38,1
26,5511,5512,0,5250,1,70.005,0.000237092,0,0,0,0,0,0,12,1.3730979222845692E-08,3.983146798314573E-16,1.3704826156072099E-08,2.6152668458915442E-11,2.615227014423553E-11,2,0,0,0,0,none,0,0,6.164738402539628E-15,3748.89,0,0,0,14,2330.39,1
27,5510,5512,0,5250,1,70.005,0.000237092,0,0,0,0,0,0,5,6.844207242901518E-09,8.62188651625876E-15,6.83153163737439E-09,1.2666983640611295E-11,1.2666983640611295E-11,0,0,0,0,0,none,0,0,-1.5506268722075655E-14,4223.87,0,0,0,77,4524.47,1
28,5511,5512,0,5250,1,70.005,0.000237092,0,0,0,0,0,0,7,7.29103471152262E-09,8.62713791670072E-16,7.281826033972712E-09,9.207814836116029E-12,9.206952122324183E-12,2,1.7602770428998756E-25,0,0,-1.7602770428998756E-25,only_tiny_or_pullers,0,0,2.8621215129667577E-14,2765.49,0,0,0,11,3255.11,1
29,5512,5512,0,5250,1,70.005,0.000237092,0,0,0,0,0,0,9,4.651543735531518E-08,2.5979973503106957E-15,4.588656528436784E-08,6.288694729499838E-10,6.288668749526334E-10,2,0,0,0,0,none,0,0,2.2240722303847332E-15,3603.73,0,0,0,23,3895.43,1
30,5512,5512,0,5250,1,70.005,0.000237092,0,0,0,0,0,0,6,2.588091749383198E-09,0,2.58476433425555E-09,3.3274151276477825E-12,3.3274151276478637E-12,0,-8.118325347810477E-26,0,0,8.118325347810477E-26,only_tiny_or_pullers,0,0,8.813526318262005E-15,689.727,0,0,2,83,2297.82,1
31,5512,5512,0,5250,1,70.005,0.000237092,0,0,0,0,0,0,16,3.48402544665182E-08,1.1873939119973677E-14,3.300559596670909E-08,1.834646625869992E-09,1.8346347801129334E-09,6,0,0,0,0,none,0,0,-1.1730110213478973E-14,4081.13,0,0,0,17,4010,1
32,5510,5512,0,5250,1,70.005,0.000237092,0,0,0,0,0,0,6,1.5188842542720357E-08,4.058695825117498E-16,1.5181405470070432E-08,7.436666780343685E-12,7.43626091076087E-12,2,3.026508250230199E-25,0,0,-3.026508250230199E-25,only_tiny_or_pullers,0,0,-2.1794600856816015E-14,2776.86,0,0,0,19,3973.84,1
33,5510,5512,1,5250,1,70.005,0.000237092,0,0,0,0,0,0,7,3.278810971683339E-08,1.0670830753515248E-17,3.249055386317311E-08,2.9755584298945E-10,2.975558322199205E-10,3,9.869872361202758E-20,0,0,-9.869872361202758E-20,only_tiny_or_pullers,0,0,2.094309272348146E-14,134.462,0,0,2,20,2800.12,1
34,5512,5512,3,5250,1,70.005,0.000237092,0,1,9.81085073933479E-21,0,0,0,13,4.525057492289006E-08,2.9601450385601434E-15,4.250566143373981E-08,2.744910529005205E-09,2.744907568869977E-09,4,0,0,0,-9.81085073933479E-21,only_tiny_or_pullers,0,9.81085073933479E-21,-1.1029969124367472E-14,3475.69,0,0,0,75,2200.66,1
35,5512,5512,0,5250,1,70.005,0.000237092,0,0,0,0,0,0,4,1.6155046253279656E-08,0,1.6134694807556047E-08,2.03514457236066E-11,2.0351445723606094E-11,0,5.072943600422865E-25,0,0,-5.072943600422865E-25,only_tiny_or_pullers,0,0,3.0027194267032534E-15,2757.96,0,0,0,16,4394.82,1
36,5511,5512,0,5250,1,70.005,0.000237092,0,0,0,0,0,0,7,2.2143781854187533E-08,0,2.1313460251696563E-08,8.3032160249097E-10,8.303216024909695E-10,0,0,0,0,0,none,0,0,6.1389818825821625E-15,3397.79,0,0,0,17,5003.55,1
37,5511,5512,0,5250,1,70.005,0.000237092,0,0,0,0,0,0,2,5.726692323370749E-10,0,5.666115091033147E-10,6.057723233760246E-12,6.057723233760262E-12,0,0,0,0,0,none,0,0,-3.69010121960755E-15,4008.91,0,0,0,15,2335.29,1
38,5511,5512,2,5250,1,70.005,0.000237092,0,0,0,0,0,0,4,9.947836658013945E-09,0,9.733901146295072E-09,2.13935511718873E-10,2.1393551171155124E-10,0,7.321763342618982E-21,0,0,-7.321763342618982E-21,only_tiny_or_pullers,0,0,5.678860876830695E-15,3172.76,0,0,0,16,2197.22,1
39,5512,5512,0,5250,1,70.005,0.000237092,0,0,0,0,0,0,11,3.00587175752458E-08,1.2412271554995517E-15,2.985280422425885E-08,2.0591210975979436E-10,2.0591086853263923E-10,4,0,0,0,0,none,0,0,6.12184229000848E-15,303.381,0,0,2,18,7626.81,1
40,5512,5512,0,5250,1,70.005,0.000237092,0,0,0,0,0,0,8,4.6107938169259317E-08,6.996319313341389E-19,4.1942855015118106E-08,4.165083153441575E-09,4.165083153441574E-09,0,0,0,0,0,none,0,0,4.929593448421609E-16,3882.17,0,0,0,83,2808.3,1
41,5510,5512,2,5250,1,70.005,0.000237092,0,0,0,0,0,0,4,1.8784871661615762E-08,0,1.837432725192093E-08,4.1054440969483127E-10,4.105444096948312E-10,0,0,0,0,0,none,0,0,-9.466886240917794E-15,3437.53,0,0,0,19,2266.26,1
42,5512,5512,2,5250,1,70.005,0.000237092,0,0,0,0,0,0,6,3.198527304540688E-08,0,3.1685895115800177E-08,2.9937792960670347E-10,2.993779296066354E-10,0,6.808730417077109E-23,0,0,-6.808730417077109E-23,only_tiny_or_pullers,0,0,-1.9220976300603128E-14,3465.59,0,0,0,13,7792.85,1
43,5512,5512,0,5250,1,70.005,0.000237092,0,0,0,0,0,0,4,5.553204228176775E-09,0,5.443934068811826E-09,1.0927015936494833E-10,1.0927015936494833E-10,0,0,0,0,0,none,0,0,-2.7880519030311007E-15,2772.12,0,0,0,87,2898.05,1
44,5511,5512,0,5250,1,70.005,0.000237092,0,0,0,0,0,0,11,1.726215162500354E-08,2.9847787263689244E-18,1.685661710465647E-08,4.0553451736229253E-10,1.9293653640259917E-10,4,0,0,0,0,none,0,0,-3.2758234920174067E-16,3828.56,0,0,0,22,2476.22,1
45,5511,5512,0,5250,1,70.005,0.000237092,0,0,0,0,0,0,8,4.1110012452675946E-08,5.757945038053551E-19,4.099051716703775E-08,1.194952850623935E-10,1.1949528448659873E-10,2,0,0,0,0,none,0,0,3.0734944127377766E-15,4249.55,0,0,0,79,2219.84,1
46,5508,5512,4,5250,1,70.005,0.000237092,0,0,0,0,0,0,11,1.1015987940436107E-08,7.107479150332674E-17,8.253959292801983E-09,2.7620285765593295E-09,2.762028505484538E-09,6,0,0,0,0,none,0,0,-3.48266156921201E-15,3055.58,0,0,0,18,3062.32,1
47,5508,5512,2,5250,1,70.005,0.000237092,0,0,0,0,0,0,12,4.0494175666512046E-08,6.16885681801186E-17,3.8157268112624215E-08,2.3369074921992682E-09,2.3369074304897756E-09,4,2.0924486504273174E-20,0,0,-2.0924486504273174E-20,only_tiny_or_pullers,0,0,6.064729035514495E-16,2907.75,0,0,0,10,6519.77,1
48,5512,5512,0,5250,1,70.005,0.000237092,0,0,0,0,0,0,16,3.016790558126885E-08,6.321728288410994E-15,2.9526779772351782E-08,6.411194871887698E-10,6.40986007695089E-10,9,0,0,0,0,none,0,0,-1.624239690592376E-14,3854.39,0,0,0,25,2324.79,1
49,5512,5512,1,5250,1,70.005,0.000237092,0,0,0,0,0,0,7,4.793955630911037E-08,3.147680749129076E-20,4.783202564784556E-08,1.0753066123332416E-10,1.075306611703699E-10,1,3.147745323767666E-20,0,0,-3.147745323767666E-20,only_tiny_or_pullers,0,0,-6.020927082457623E-15,2865.23,0,0,0,27,2565.22,1
50,5512,5512,0,5250,1,70.005,0.000237092,0,0,0,0,0,0,16,6.309799705623259E-08,7.170831644157056E-17,6.30942890999695E-08,3.707884554766253E-12,3.4513844546122875E-12,8,3.7683569898045646E-25,0,0,-3.7683569898045646E-25,only_tiny_or_pullers,0,0,2.6912422185152156E-14,2855.95,0,0,0,19,3861.84,1
51,5512,5512,2,5250,1,70.005,0.000237092,0,0,0,0,0,0,8,2.743187615817379E-08,0,2.7189077192815563E-08,2.4279896535823106E-10,2.4279896535822656E-10,0,4.497794580757088E-24,0,0,-4.497794580757088E-24,only_tiny_or_pullers,0,0,-1.1121301252616E-14,280.89,0,0,2,21,2488.22,1
52,5509,5512,2,5250,1,70.005,0.000237092,0,0,0,0,0,0,7,6.22496630921008E-09,1.6122285447771306E-18,5.5181642686065275E-09,7.068020389913247E-10,7.068020378625522E-10,2,1.1234663775935515E-20,0,0,-1.1234663775935515E-20,only_tiny_or_pullers,0,0,1.833003224140242E-14,3638.77,0,0,0,28,2267.69,1
53,5511,5512,4,5250,1,70.005,0.000237092,0,0,0,0,0,0,6,1.1722649538148538E-08,1.6217989946215942E-16,1.1011643550419966E-08,7.110058255486736E-10,7.110056633687734E-10,2,0,0,0,0,none,0,0,-2.075655171795319E-14,2929.34,0,0,0,90,2446.21,1
54,5509,5512,0,5250,1,70.005,0.000237092,0,0,0,0,0,0,12,2.4994362119601477E-08,4.0872976176545826E-16,2.4644453968362603E-08,3.4990774250911073E-10,3.4990733377934875E-10,2,0,0,0,0,none,0,0,1.855169847819884E-14,2839.99,0,0,0,35,3218.47,1
55,5511,5512,0,5250,1,70.005,0.000237092,0,0,0,0,0,0,4,2.4790242981328955E-09,0,2.410825212099905E-09,6.819908603299043E-11,6.819908603299042E-11,0,0,0,0,0,none,0,0,-3.657769969219119E-15,2890.46,0,0,0,26,2291.97,1
56,5511,5512,0,5250,1,70.005,0.000237092,0,0,0,0,0,0,4,4.258302134179255E-09,6.080199103981384E-16,4.2367382118776935E-09,2.1563314281651187E-11,2.1562706261740382E-11,2,4.066717003148861E-25,0,0,-4.066717003148861E-25,only_tiny_or_pullers,0,0,-1.435061914595414E-14,3530.13,0,0,0,145,2269.88,1
57,5511,5512,2,5250,1,70.005,0.000237092,0,0,0,0,0,0,6,2.673902895123282E-08,8.435373076677225E-20,2.664337826429223E-08,9.565068685623954E-11,9.565068668753109E-11,2,8.435471824709306E-20,0,0,-8.435471824709306E-20,only_tiny_or_pullers,0,0,1.5193032953713365E-14,1107.35,0,0,0,13,2431.56,1
58,5511,5512,4,5250,1,70.005,0.000237092,0,0,0,0,0,0,4,9.696216510176683E-09,2.3725285769122534E-16,9.504595967520752E-09,1.9162030540307373E-10,1.916203054026982E-10,0,3.7553999809907456E-22,0,0,-3.7553999809907456E-22,only_tiny_or_pullers,0,0,-7.121830800788543E-15,3918.56,0,0,0,30,2885.34,1
59,5512,5512,0,5250,1,70.005,0.000237092,0,0,0,0,0,0,13,9.180859317134558E-09,5.070304119055798E-18,8.457102836741967E-09,7.237564753222866E-10,7.237564702519822E-10,2,0,0,0,0,none,0,0,1.0037974831134257E-14,112.504,0,0,2,33,2300.85,1
60,5509,5512,2,5250,1,70.005,0.000237092,0,2,7.764564833069133E-21,0,0,0,5,6.2892238031301725E-09,3.735816697288578E-14,6.236047860924084E-09,5.3138584039115866E-11,5.310122587214298E-11,2,0,0,0,-7.764564833069133E-21,only_tiny_or_pullers,0,7.764564833069133E-21,2.1109547251737086E-14,3266.66,0,0,0,11,4863.19,1
61,5507,5512,4,5250,1,70.005,0.000237092,0,0,0,0,0,0,6,1.4166975030292974E-08,5.984073865687069E-18,1.416697501832477E-08,5.984130116896758E-18,0,4,5.625120968881154E-23,0,0,-5.625120968881154E-23,only_tiny_or_pullers,0,0,-1.0782387333041838E-14,2975.7,0,0,0,27,2379.68,1
62,5511,5512,0,5250,1,70.005,0.000237092,0,0,0,0,0,0,2,1.633726249472143E-08,0,1.6213268398793323E-08,1.2399409592811055E-10,1.239940959281103E-10,0,0,0,0,0,none,0,0,-2.3643473080185768E-14,3893.14,0,0,0,21,2824.42,1
63,5510,5512,1,5250,1,70.005,0.000237092,0,0,0,0,0,0,4,2.0063159993566772E-08,1.997609365402645E-20,2.0044769479123255E-08,1.8390514423541858E-11,1.8390514383589344E-11,1,1.9976419739555078E-20,0,0,-1.9976419739555078E-20,only_tiny_or_pullers,0,0,-1.0578871788904954E-14,3019.25,0,0,0,18,2209.77,1
64,5510,5512,0,5250,1,70.005,0.000237092,0,0,0,0,0,0,6,3.5965408400328225E-10,3.8658502099067695E-15,3.593737871573169E-10,2.764309957554638E-13,9.085504851519498E-14,4,-2.8096070000351556E-26,0,0,2.8096070000351556E-26,only_tiny_or_pullers,0,0,-6.518852162709351E-16,3038.03,0,0,0,15,3640.86,1
65,5511,5512,2,5250,1,70.005,0.000237092,0,0,0,0,0,0,7,1.7021308227091998E-08,0,1.699108779288949E-08,3.0220434202509775E-11,2.9722711286297217E-11,2,4.28105469124776E-13,0,0,-4.28105469124776E-13,only_tiny_or_pullers,0,0,1.6449499316954912E-13,2811.19,0,0,0,43,2348.06,1
66,5512,5512,0,5250,1,70.005,0.000237092,0,0,0,0,0,0,5,8.088101644064049E-09,0,8.038494585850066E-09,4.960705821398214E-11,4.956490939095242E-11,2,0,0,0,0,none,0,0,-3.2814963843394403E-15,3287.4,0,0,0,83,2221.18,1
67,5512,5512,1,5250,1,70.005,0.000237092,0,0,0,0,0,0,9,3.354420627328961E-08,8.920066303567313E-17,3.3543474325734914E-08,7.318583540300776E-13,7.317691485511098E-13,3,4.815932131316577E-21,0,0,-4.815932131316577E-21,only_tiny_or_pullers,0,0,-1.1795938530410253E-14,1855.45,0,0,0,75,2241.36,1
68,5510,5512,0,5250,1,70.005,0.000237092,0,0,0,0,0,0,16,3.048692503394676E-08,4.20301209903719E-14,3.0413689663666627E-08,7.319334015913405E-11,7.3192953359735E-11,5,-1.7662097206413968E-24,0,0,1.7662097206413968E-24,only_tiny_or_pullers,0,0,1.5703680172908988E-14,2877.09,0,0,0,21,2360.08,1
69,5511,5512,2,5250,1,70.005,0.000237092,0,0,0,0,0,0,11,2.825786865643464E-08,1.2425213220196938E-14,2.8246555192527606E-08,1.1301038693815517E-11,1.1288613480504665E-11,6,9.065558283908021E-23,0,0,-9.065558283908021E-23,only_tiny_or_pullers,0,0,-7.239153031564632E-15,148.271,0,0,4,87,2129.71,1
70,5511,5512,4,5250,1,70.005,0.000237092,0,2,2.017189837565644E-21,0,0,0,12,1.0613117973829923E-08,1.8170483191970001E-19,1.0613116228364256E-08,1.7452839609899154E-15,1.7450628824946267E-15,6,4.139085320654641E-20,0,0,-4.3408043044112054E-20,only_tiny_or_pullers,0,2.017189837565644E-21,-4.820117780144304E-15,1281.25,0,0,0,23,2469.08,1
71,5511,5512,0,5250,1,70.005,0.000237092,0,0,0,0,0,0,16,1.1717611574867053E-09,1.7450628824946267E-15,1.1716246888340727E-09,1.3472358974997636E-13,6.218011834613058E-14,7,2.675816190509672E-26,0,0,-2.675816190509672E-26,only_tiny_or_pullers,0,0,1.25169021198287E-14,3763.76,0,0,0,29,2428.42,1
72,5511,5512,2,5250,1,70.005,0.000237092,0,0,0,0,0,0,16,4.295533471317715E-08,9.737639205383135E-15,4.240663305975549E-08,5.486919157824579E-10,5.486821781398893E-10,6,3.3632300519026394E-21,0,0,-3.3632300519026394E-21,only_tiny_or_pullers,0,0,2.8200509648199634E-15,2712.09,0,0,0,27,1972.9,1
73,5511,5512,0,5250,1,70.005,0.000237092,0,0,0,0,0,0,6,2.6699178468629624E-08,0,2.668864484795432E-08,1.0533620675298607E-11,1.0533620675298695E-11,0,0,0,0,0,none,0,0,2.0204342774138255E-14,2864.5,0,0,0,32,3925.43,1
74,5511,5512,0,5250,1,70.005,0.000237092,0,0,0,0,0,0,10,4.361751788169928E-08,0,4.3598159292867053E-08,1.9358588832222683E-11,1.9207618444711163E-11,2,3.5520197751567543E-25,0,0,-3.5520197751567543E-25,only_tiny_or_pullers,0,0,-4.008927503546019E-15,2707.92,0,0,0,32,2038.06,1
75,5512,5512,0,5250,1,70.005,0.000237092,0,0,0,0,0,0,1,1.7318205442795836E-08,0,1.7318205442795836E-08,0,2.988712303555682E-29,0,-2.988712303555682E-29,0,0,2.988712303555682E-29,only_tiny_or_pullers,0,0,5.235567762145766E-15,1.52687,2,2,2,24,2125.02,1
76,5511,5512,2,5250,1,70.005,0.000237092,0,2,2.988712303555682E-29,0,0,0,3,8.420300210177207E-09,0,8.420263558863575E-09,3.6651313631425363E-14,1.2217104543711254E-14,2,2.915913895622739E-25,0,0,-2.916212766853095E-25,only_tiny_or_pullers,0,2.988712303555682E-29,-8.920406776850597E-15,2729.47,0,0,0,39,1971.73,1
77,5508,5512,4,5250,1,70.005,0.000237092,0,0,0,0,0,0,9,3.811551734331013E-08,9.825736781386729E-16,3.811542705014486E-08,8.931059159042302E-14,2.944267263600355E-14,4,4.273644487703969E-24,0,0,-4.273644487703969E-24,only_tiny_or_pullers,0,0,1.1432014927438282E-14,3001.97,0,0,0,25,2555.4,1
78,5511,5512,0,5250,1,70.005,0.000237092,0,0,0,0,0,0,5,3.3429677585016252E-09,0,3.3429631658325235E-09,4.592669101649278E-15,1.530889700511233E-15,4,1.1557758894574088E-25,0,0,-1.1557758894574088E-25,only_tiny_or_pullers,0,0,1.702628404161426E-15,2841.61,0,0,0,66,2098.37,1
79,5511,5512,0,5250,1,70.005,0.000237092,0,0,0,0,0,0,8,2.8455637423221615E-09,1.5976195319804284E-15,2.843320187297653E-09,2.2419574049771288E-12,1.120179892722551E-12,4,4.584228492420344E-26,0,0,-4.584228492420344E-26,only_tiny_or_pullers,0,0,-1.4448209860856408E-14,2731.19,0,0,0,93,1942.88,1
80,5511,5512,0,5250,1,70.005,0.000237092,0,0,0,0,0,0,4,1.522932294760452E-08,0,1.5229049231107946E-08,2.7371649657672966E-13,9.123883219224614E-14,2,-8.835242138475332E-27,0,0,8.835242138475332E-27,only_tiny_or_pullers,0,0,-1.3224438281164607E-14,2746.09,0,0,0,29,2453.5,1
81,5512,5512,2,5250,1,70.005,0.000237092,0,0,0,0,0,0,3,1.2279065945326556E-08,0,1.2265584359711997E-08,1.3481585614560162E-11,1.348158561455958E-11,0,5.816113682013476E-25,0,0,-5.816113682013476E-25,only_tiny_or_pullers,0,0,-3.2969448657077623E-15,2951.68,0,0,0,62,1984.43,1
82,5512,5512,0,5250,1,70.005,0.000237092,0,0,0,0,0,0,2,2.6123202575136445E-10,0,2.5908278747392547E-10,2.149238277438988E-12,2.1492382774389797E-12,0,0,0,0,0,none,0,0,-9.515693637465755E-15,2740.84,0,0,0,89,2257.08,1
83,5511,5512,2,5250,1,70.005,0.000237092,0,0,0,0,0,0,15,2.9398424859431153E-08,1.1822817677241766E-15,2.9398406949838024E-08,1.6727311362090103E-14,1.5545029586532635E-14,4,7.833290575661947E-24,0,0,-7.833290575661947E-24,only_tiny_or_pullers,0,0,-2.755371476358938E-14,3020.9,0,0,0,31,2057.28,1
84,5512,5512,0,5250,1,70.005,0.000237092,0,0,0,0,0,0,5,1.2939030100609758E-08,0,1.2938830211124342E-08,1.9988948541718933E-13,6.662986278678057E-14,2,-5.303417202492236E-25,0,0,5.303417202492236E-25,only_tiny_or_pullers,0,0,3.3123347843430767E-15,166.626,0,0,2,35,1983.74,1
85,5511,5512,1,5250,1,70.005,0.000237092,0,1,2.5735655525266134E-20,0,0,0,6,2.776232682991062E-08,2.580257385510928E-14,2.773542766602913E-08,2.68733613076362E-11,2.6873361307636074E-11,0,0,0,0,-2.5735655525266134E-20,only_tiny_or_pullers,0,2.5735655525266134E-20,1.4634105511651292E-14,2575.88,0,0,0,32,2643.97,1
86,5512,5512,0,5250,1,70.005,0.000237092,0,0,0,0,0,0,7,6.926630272092784E-09,5.181676528844214E-15,6.923732682034218E-09,2.8924083820371083E-12,2.8924083820370222E-12,0,8.603001487978266E-26,0,0,-8.603001487978266E-26,only_tiny_or_pullers,0,0,-1.792721111284448E-14,2967.64,0,0,0,47,2009.65,1
87,5511,5512,0,5250,1,70.005,0.000237092,0,0,0,0,0,0,1,1.201203025837932E-08,0,1.201203025837932E-08,0,0,0,0,0,0,0,none,0,0,-7.328448907497211E-15,2733.96,0,0,0,35,1944.44,1
88,5508,5512,0,5250,1,70.005,0.000237092,0,0,0,0,0,0,13,7.341185482598612E-09,4.881442657757052E-17,7.3411846195249104E-09,8.142592768048081E-16,7.654448502556162E-16,6,-2.8378562323106365E-26,0,0,2.8378562323106365E-26,only_tiny_or_pullers,0,0,-7.689868666187849E-16,2676.09,0,0,0,26,2114.04,1
89,5504,5512,0,5250,1,70.005,0.000237092,0,0,0,0,0,0,16,2.927881514616212E-08,2.298800938863788E-14,2.9278774040808004E-08,1.81173447372742E-14,3.1101187779725946E-16,11,-3.1672765344623624E-25,0,0,3.1672765344623624E-25,only_tiny_or_pullers,0,0,2.528830125387294E-15,2969.02,0,0,0,55,2012.13,1
90,5506,5512,0,5250,1,70.005,0.000237092,0,0,0,0,0,0,16,2.489231496744384E-08,1.0114283693735638E-17,2.4892314941282253E-08,1.6047318772779763E-17,5.93303370125039E-18,14,1.3777937346245464E-24,0,0,-1.3777937346245464E-24,only_tiny_or_pullers,0,0,-8.127946082855831E-16,2794.96,0,0,0,33,1926.15,1
91,5511,5512,0,5250,1,70.005,0.000237092,0,0,0,0,0,0,5,1.537152756104926E-08,0,1.537017269574608E-08,1.35486530318095E-12,1.2092091132185406E-12,2,-5.428625205368915E-25,0,0,5.428625205368915E-25,only_tiny_or_pullers,0,0,1.0663732611906239E-14,2894.9,0,0,0,47,1843.46,1
92,5512,5512,0,5250,1,70.005,0.000237092,0,0,0,0,0,0,3,5.5815900016098845E-09,0,5.5815330470771755E-09,5.695453270859479E-14,1.8984844236201657E-14,2,-1.019839378269724E-26,0,0,1.019839378269724E-26,only_tiny_or_pullers,0,0,-7.51599385469031E-15,2620.15,0,0,0,100,2018.11,1
93,5507,5512,2,5250,1,70.005,0.000237092,0,0,0,0,0,0,9,3.4121517675071866E-08,3.492539561669405E-15,3.4121513970760704E-08,2.1177160322509333E-16,0,4,3.3596676288517318E-21,0,0,-3.3596676288517318E-21,only_tiny_or_pullers,0,0,4.736885313464028E-15,2904.93,0,0,0,22,2077.28,1
94,5509,5512,6,5250,1,70.005,0.000237092,0,0,0,0,0,0,6,2.7511788034040157E-08,3.116808724437333E-15,2.746856648395215E-08,4.321843327927975E-11,4.3218405256541973E-11,2,3.994246200678953E-24,0,0,-3.994246200678953E-24,only_tiny_or_pullers,0,0,1.0617814896278579E-14,2927.82,0,0,0,50,1926.69,1
95,5511,5512,4,5250,1,70.005,0.000237092,0,0,0,0,0,0,8,1.051663585011075E-08,2.5908382644221058E-15,1.051638427917916E-08,2.4898009332491617E-13,1.0670575426118567E-13,4,4.881620218446527E-23,0,0,-4.881620218446527E-23,only_tiny_or_pullers,0,0,2.7531109492400192E-14,2640.82,0,0,0,99,1983.37,1
96,5507,5512,4,5250,1,70.005,0.000237092,0,0,0,0,0,0,16,2.8503109898791702E-08,2.593409451345316E-15,2.8503104668872812E-08,2.6365094351517232E-15,4.307710137281689E-17,9,2.2882433590358065E-20,0,0,-2.2882433590358065E-20,only_tiny_or_pullers,0,0,-1.6154785134976754E-14,2757.59,0,0,0,39,1858.91,1
97,5507,5512,0,5250,1,70.005,0.000237092,0,0,0,0,0,0,0,0,0,0,0,0,0,0,0,0,0,none,0,0,0,2836.07,0,0,0,38,1851.79,1
98,5505,5512,0,5250,1,70.005,0.000237092,0,0,0,0,0,0,16,5.989275350283082E-09,8.021871132173112E-14,5.989103455028156E-09,9.167654360532184E-14,1.1457832283485953E-14,13,1.0476072821335037E-25,0,0,-1.0476072821335037E-25,only_tiny_or_pullers,0,0,4.74316287729538E-15,2992.67,0,0,0,46,1978.6,1
99,5511,5512,0,5250,1,70.005,0.000237092,0,0,0,0,0,0,16,2.2965296314559286E-08,1.7567297733075442E-15,2.2959010020282042E-08,6.2845375474706566E-12,4.18852054513124E-12,12,4.879073144355749E-25,0,0,-4.879073144355749E-25,only_tiny_or_pullers,0,0,2.5953405036879504E-14,2588.52,0,0,0,32,1929.52,1
100,5510,5512,2,5250,1,70.005,0.000237092,0,0,0,0,0,0,11,2.6034964677999254E-08,0,2.5984300325827114E-08,5.0664352172139505E-11,5.0664352172139867E-11,0,0,0,0,0,none,0,0,-2.01472443063249E-14,2663.44,0,0,0,62,1910.76,1
101,5512,5512,0,5250,1,70.005,0.000237092,0,0,0,0,0,0,8,3.957427835085227E-08,9.526518452076874E-16,2.051826057370196E-08,1.905601682449846E-08,1.905601606320783E-08,4,0,0,0,0,none,0,0,1.842179240004918E-14,2633.31,0,0,0,43,2019.53,1
102,5512,5512,0,5250,1,70.005,0.000237092,0,0,0,0,0,0,16,4.2026250725269396E-08,6.8301931146460595E-15,2.967482188121381E-08,1.2351422013862473E-08,2.635944426053693E-09,8,0,0,0,0,none,0,0,-8.098638312746914E-15,2697.51,0,0,0,19,1950.48,1
103,5506,5512,6,5250,1,70.00500000023922,0.000237092,2.3922552827571053E-10,0,0,0,0,0,16,1.4118312699032802E-08,0,1.2820469998695565E-08,1.2978427003372355E-09,6.066244359490829E-13,8,2.392283961775305E-10,2.3922552827571053E-10,0,-2.867901819943928E-15,only_compact_gained,2.392283961775305E-10,0,5.308828925538101E-15,2639.87,0,0,0,51,1956.14,1
104,5512,5512,0,5250,1,70.00500000023922,0.000237092,0,0,0,0,0,0,16,9.881358669255516E-09,1.9136121256390404E-16,9.879786133377192E-09,1.5723445171114266E-12,8.571909621255433E-13,8,-7.992107602975115E-25,0,0,7.992107602975115E-25,only_tiny_or_pullers,0,0,2.2227979454162055E-15,2660.07,0,0,0,34,1891.34,1
105,5511,5512,0,5250,1,70.00500000023922,0.000237092,0,0,0,0,0,0,3,7.213949117548169E-09,0,7.208252120982338E-09,5.696996565830741E-12,5.6969965658307474E-12,0,0,0,0,0,none,0,0,-4.981337865643123E-15,2744.49,0,0,0,112,1942,1
106,5508,5512,1,5250,1,70.00500000023922,0.000237092,0,0,0,0,0,0,16,3.5420357755852094E-08,9.389431686132439E-14,3.5420097797711605E-08,1.6606382363476706E-13,7.476033673647649E-14,9,8.30138828325832E-21,0,0,-8.30138828325832E-21,only_tiny_or_pullers,0,0,5.796610066806121E-15,2468.11,0,0,0,38,2045.36,1
107,5511,5512,0,5250,1,70.00500000023922,0.000237092,0,0,0,0,0,0,5,1.1829923727331523E-09,7.49516813464548E-14,1.181827012890488E-09,1.090408161318129E-12,1.0904081613181473E-12,0,-1.8175355256292112E-26,0,0,1.8175355256292112E-26,only_tiny_or_pullers,0,0,1.3599617913066739E-14,513.715,0,0,2,42,1915.03,1
108,5511,5512,0,5250,1,70.00500000023922,0.000237092,0,0,0,0,0,0,6,2.6236965300621013E-08,7.468486235255622E-18,2.6067955018865678E-08,1.6901027428684717E-10,1.6901027428684784E-10,0,0,0,0,0,none,0,0,3.673263778430647E-15,2851.69,0,0,0,119,2017.32,1
109,5509,5512,1,5250,1,70.00500000023922,0.000237092,0,0,0,0,0,0,9,1.0737616233623927E-08,6.131368112512124E-15,1.0735938718153176E-08,1.6713841026380729E-12,1.6711243286343129E-12,3,1.5473781942136444E-20,0,0,-1.5473781942136444E-20,only_tiny_or_pullers,0,0,1.3594408769628966E-14,241.8,0,0,2,34,1498.72,1
110,5509,5512,1,5250,1,70.00500000023922,0.000237092,0,1,1.0389423979916995E-18,0,0,0,9,2.1192311663461626E-08,2.5890281548067163E-14,2.116222114361659E-08,3.0064629563492495E-11,3.004484887315853E-11,2,0,0,0,-1.0389423979916995E-18,only_tiny_or_pullers,0,1.0389423979916995E-18,-3.5846467944422085E-15,2806.77,0,0,0,43,1603.68,1
111,5510,5512,0,5250,1,70.00500000023922,0.000237092,0,0,0,0,0,0,9,9.788452754886817E-09,1.3895425572989856E-15,9.788406278660694E-09,4.5086683563516815E-14,1.456571366872055E-14,6,5.616689645173604E-26,0,0,-5.616689645173604E-26,only_tiny_or_pullers,0,0,2.7783790972970585E-14,2672.69,0,0,0,65,1515.1,1
112,5512,5512,0,5250,1,70.00500000023922,0.000237092,0,0,0,0,0,0,8,8.749246490012519E-09,1.456571366872055E-14,8.738634068258285E-09,1.0597856040565891E-11,1.059785604056514E-11,0,7.51248017260074E-25,0,0,-7.51248017260074E-25,only_tiny_or_pullers,0,0,-3.2256047214237297E-14,2617.64,0,0,0,51,1761.29,1
113,5511,5512,0,5250,1,70.00500000023922,0.000237092,0,0,0,0,0,0,11,9.07039240352945E-09,3.149729616929994E-15,9.04209659105957E-09,2.8292662740263342E-11,2.8292567286782296E-11,2,0,0,0,0,none,0,0,-1.1319108975902305E-14,2857.74,0,0,0,31,911.414,1
114,5511,5512,0,5250,1,70.00500000023922,0.000237092,0,0,0,0,0,0,10,1.2140445877071465E-08,5.250360979736253E-15,1.212959823304739E-08,1.0842393663093315E-11,1.0842324978642487E-11,2,0,0,0,0,none,0,0,2.7917230707140068E-14,2805.65,0,0,0,41,1906.91,1
115,5509,5512,2,5250,1,70.00500000023922,0.000237092,0,0,0,0,0,0,4,1.6381694696208356E-09,3.884363848472137E-15,1.6381617008931385E-09,3.8843638485171245E-15,0,2,4.498715970294386E-26,0,0,-4.498715970294386E-26,only_tiny_or_pullers,0,0,9.307962075032045E-15,2639.42,0,0,0,53,1256.8,1
116,5511,5512,0,5250,1,70.00500000023922,0.000237092,0,0,0,0,0,0,4,4.715336853215099E-08,0,4.708479271495566E-08,6.857581719532396E-11,6.857581719532391E-11,0,0,0,0,0,none,0,0,-3.791213705288405E-15,2402.85,0,0,0,49,146.525,1
117,5512,5512,1,5250,1,70.00500000023922,0.000237092,0,0,0,0,0,0,8,6.17001324446721E-09,2.59670797407454E-15,6.165859172466954E-09,4.151475292281941E-12,4.15146934954228E-12,3,7.303000904969936E-20,0,0,-7.303000904969936E-20,only_tiny_or_pullers,0,0,-7.180757776161365E-16,972.386,0,0,4,51,26.0975,1
118,5509,5512,0,5250,1,70.00500000023922,0.000237092,0,0,0,0,0,0,9,6.1356965864643485E-09,2.655593152664893E-16,6.1356472442378495E-09,4.907666718388935E-14,4.907549166441521E-14,2,3.7577194701278514E-27,0,0,-3.7577194701278514E-27,only_tiny_or_pullers,0,0,2.5721380411010057E-14,2727.82,0,0,0,105,60.968,1
119,5509,5512,0,5250,1,70.00500000023922,0.000237092,0,0,0,0,0,0,0,0,0,0,0,0,0,0,0,0,0,none,0,0,-3.451268327439659E-13,3099.01,0,0,0,60,8.31888,1
120,5509,5512,0,5250,1,70.00500000023922,0.000237092,0,0,0,0,0,0,0,0,0,0,0,0,0,0,0,0,0,none,0,0,0,2722.33,0,0,0,51,7.8423,1
121,5512,5512,0,5250,1,70.00500000023922,0.000237092,0,0,0,0,0,0,3,1.574665478570682E-08,0,1.5199043478354263E-08,5.476113073525559E-10,5.476113073525555E-10,0,0,0,0,0,none,0,0,-5.652033457419355E-15,2852.23,0,0,0,119,1894.1,1
122,5511,5512,0,5250,1,70.00500000023922,0.000237092,0,0,0,0,0,0,3,7.417538760384766E-09,0,7.417489891780467E-09,4.886860429889478E-14,4.886860429889478E-14,0,0,0,0,0,none,0,0,-7.835366370965194E-15,2841.47,0,0,0,51,87.7992,1
123,5510,5512,0,5250,1,70.00500000023922,0.000237092,0,0,0,0,0,0,3,1.1021930736287134E-10,1.1347153106095707E-18,1.1021930509344073E-10,1.1347153136842475E-18,0,2,3.074676859771252E-27,0,0,-3.074676859771252E-27,only_tiny_or_pullers,0,0,-8.294294957554864E-17,2677.31,0,0,0,47,1862.32,1
124,5509,5512,0,5250,1,70.00500000023922,0.000237092,0,0,0,0,0,0,7,2.9246697032243904E-08,2.0876897129095734E-16,2.9232200196156447E-08,1.4496627318486818E-11,1.4496418549516536E-11,2,-1.0093349557596076E-24,0,0,1.0093349557596076E-24,only_tiny_or_pullers,0,0,3.297549294853161E-15,2631.05,0,0,0,25,18.749,1
125,5511,5512,0,5250,1,70.00500000023922,0.000237092,0,0,0,0,0,0,4,3.389757681075716E-08,0,3.358435546026214E-08,3.1322135049502324E-10,3.1322135049502386E-10,0,0,0,0,0,none,0,0,-1.1687728867023545E-15,2707.8,0,0,0,41,16.5155,1
126,5512,5512,0,5250,1,70.00500000023922,0.000237092,0,0,0,0,0,0,1,1.8821655804702235E-08,0,1.8554013809282303E-08,2.676419954199319E-10,2.676419954199319E-10,0,0,0,0,0,none,0,0,9.254310832377078E-15,2802.74,0,0,0,35,158.513,1
127,5510,5512,0,5250,1,70.00500000023922,0.000237092,0,0,0,0,0,0,2,5.1635710679982925E-15,5.1635710679982925E-15,0,0,0,0,0,0,0,0,none,0,0,5.163571066742449E-15,2812.81,0,0,0,50,326.558,1
128,5512,5512,0,5250,1,70.00500000023922,0.000237092,0,0,0,0,0,0,8,2.8049978855655434E-08,0,2.0001688484767755E-08,8.048290370887678E-09,1.2970259063051134E-09,4,0,0,0,0,none,0,0,-4.261750774453932E-15,2674.85,0,0,0,60,73.6167,1
129,5511,5512,0,5250,1,70.00500000023922,0.000237092,0,0,0,0,0,0,7,1.4570085674728559E-09,0,1.2929155292755503E-09,1.640930381973053E-10,5.5814807817103364E-11,2,0,0,0,0,none,0,0,-2.2435682431818734E-15,2675.87,0,0,0,51,457.922,1
130,5512,5512,0,5250,1,70.00500000023922,0.000237092,0,0,0,0,0,0,7,6.906012434896183E-09,2.2713762128798737E-14,6.843499139074306E-09,6.249058205974841E-11,3.617750904210976E-11,2,0,0,0,0,none,0,0,1.475849132140092E-14,2573.17,0,0,0,53,189.445,1
131,5511,5512,0,5250,1,70.00500000023922,0.000237092,0,0,0,0,0,0,1,4.423999389329612E-09,0,4.423999389329612E-09,0,0,0,0,0,0,0,none,0,0,-1.021376935429842E-14,2886.45,0,0,0,110,180.023,1
132,5512,5512,1,5250,1,70.00500000023922,0.000237092,0,0,0,0,0,0,10,6.043783954738434E-08,1.0073070716304177E-20,6.019419527739231E-08,2.436442699819493E-10,2.4358481918713144E-10,3,1.0071695274471801E-20,0,0,-1.0071695274471801E-20,only_tiny_or_pullers,0,0,-1.0167031095355443E-15,2754.43,0,0,0,52,2568.6,1
133,5511,5512,0,5250,1,70.00500000023922,0.000237092,0,0,0,0,0,0,7,1.082845568727792E-09,4.886860429889478E-14,5.569344652634717E-10,5.258622348600215E-10,5.258622348600215E-10,0,0,0,0,0,none,0,0,3.0941601420527184E-15,2726.52,0,0,0,37,1791.8,1
134,5510,5512,0,5250,1,70.00500000023922,0.000237092,0,0,0,0,0,0,3,6.049228003654079E-09,2.474120142406987E-15,6.049223055413795E-09,2.4741201424198664E-15,0,2,1.2879337569090849E-26,0,0,-1.2879337569090849E-26,only_tiny_or_pullers,0,0,5.7377856080625155E-15,3050.6,0,0,0,126,1250.67,1
135,5512,5512,0,5250,1,70.00500000023922,0.000237092,0,0,0,0,0,0,4,2.3554999386552715E-08,0,2.3357674593212303E-08,1.9732479334040878E-10,1.9732479334040906E-10,0,0,0,0,0,none,0,0,3.2405705300006094E-15,2620.62,0,0,0,43,2171.48,1
136,5511,5512,0,5250,1,70.00500000023922,0.000237092,0,0,0,0,0,0,5,4.504164688429878E-08,0,2.6534542817934777E-08,1.8507104066363994E-08,5.413661283535578E-09,2,0,0,0,0,none,0,0,6.472000164984581E-15,2869.43,0,0,0,54,1167.94,1
137,5511,5512,0,5250,1,70.00500000023922,0.000237092,0,0,0,0,0,0,2,5.413661283535578E-09,0,3.0819389353559314E-09,2.3317223481796466E-09,2.3317223481796466E-09,0,0,0,0,0,none,0,0,-2.5970148787961314E-14,2767.32,0,0,0,34,1955.67,1
138,5512,5512,2,5250,1,70.00500000023922,0.000237092,0,0,0,0,0,0,7,5.93975324015311E-09,2.581785533999144E-15,3.6357590749463002E-09,2.3039915834212765E-09,1.14649778967359E-09,2,7.62122857375732E-21,0,0,-7.62122857375732E-21,only_tiny_or_pullers,0,0,2.8164685122577536E-14,2993.21,0,0,0,50,2326.38,1
139,5511,5512,0,5250,1,70.00500000023922,0.000237092,0,0,0,0,0,0,5,3.4298462099515944E-08,0,3.3963157205327084E-08,3.3530489418886076E-10,3.3530489418886014E-10,0,0,0,0,0,none,0,0,-1.817785108353895E-14,2804.67,0,0,0,33,2129.66,1
140,5512,5512,0,5250,1,70.00500000023922,0.000237092,0,0,0,0,0,0,1,1.0556674804975953E-08,0,1.0200496535508445E-08,3.5617826946750853E-10,3.5617826946750807E-10,0,0,0,0,0,none,0,0,1.864355307357459E-15,2756.97,0,0,0,58,1888.67,1
141,5511,5512,0,5250,1,70.00500000023922,0.000237092,0,0,0,0,0,0,1,1.1948215312675547E-08,0,1.1948215312675547E-08,0,0,0,0,0,0,0,none,0,0,1.2885228005938024E-14,2614.9,0,0,0,59,1934.01,1
142,5512,5512,0,5250,1,70.00500000023922,0.000237092,0,0,0,0,0,0,9,1.3356612854857952E-08,7.628112745126543E-16,1.3356482733281209E-08,1.2935876547020086E-13,4.2865318269187205E-14,4,8.698926974053141E-26,0,0,-8.698926974053141E-26,only_tiny_or_pullers,0,0,-1.4633631576864968E-14,46.9636,0,4,4,50,2291.83,1
143,5510,5512,4,5250,1,70.00500000023922,0.000237092,0,4,3.059802354209291E-22,0,0,0,6,2.2747719203796947E-08,3.754025324082284E-17,2.1627012093468656E-08,1.120707072788037E-09,1.120707035247785E-09,2,0,0,0,-3.059802354209291E-22,only_tiny_or_pullers,0,3.059802354209291E-22,-4.490996704604009E-15,2791.93,0,0,0,49,1712.65,1
144,5507,5512,4,5250,1,70.00500000023922,0.000237092,0,0,0,0,0,0,9,1.9779206483151558E-08,3.8254844999880606E-15,1.9779198831836284E-08,3.825830779240337E-15,0,6,3.462792522765886E-19,0,0,-3.462792522765886E-19,only_tiny_or_pullers,0,0,9.263078175937809E-15,2754.83,0,0,0,134,2354.57,1
145,5511,5512,1,5250,1,70.00500000023922,0.000237092,0,0,0,0,0,0,15,4.032716615910635E-08,5.008661281716298E-16,2.5635347230375878E-08,1.4691818427864348E-08,1.4691817926409481E-08,11,5.887387558100651E-19,0,0,-5.887387558100651E-19,only_tiny_or_pullers,0,0,-2.5204297631523E-14,3184.65,0,0,0,58,2103.39,1
146,5511,5512,0,5250,1,70.00500000023922,0.000237092,0,0,0,0,0,0,2,2.7744217891582764E-08,0,2.7732083775087924E-08,1.2134116494840134E-11,1.2134116494840245E-11,0,-1.1147551223859162E-25,0,0,1.1147551223859162E-25,only_tiny_or_pullers,0,0,1.2913157954535502E-14,2504.18,0,0,0,68,1803.75,1
147,5512,5512,2,5250,1,70.00500000023922,0.000237092,0,0,0,0,0,0,3,3.822839192495791E-09,0,3.209075569403192E-09,6.137636230925991E-10,6.137636230925048E-10,0,9.429858983104515E-23,0,0,-9.429858983104515E-23,only_tiny_or_pullers,0,0,-5.431529009441748E-15,2817.48,0,0,0,101,2288.18,1
148,5512,5512,0,5250,1,70.00500000023922,0.000237092,0,0,0,0,0,0,0,0,0,0,0,0,0,0,0,0,0,none,0,0,0,2801.3,0,0,0,48,2514.68,1
149,5509,5512,0,5250,1,70.00500000023922,0.000237092,0,0,0,0,0,0,3,1.7904466524164855E-08,4.886860429889478E-14,1.7904417655560557E-08,0,0,0,0,0,0,0,none,0,0,1.1716515837601354E-14,2830.38,0,0,0,56,1775.38,1
150,5511,5512,0,5250,1,70.00500000023922,0.000237092,0,0,0,0,0,0,4,2.761421332608167E-08,0,1.9077916430293968E-08,8.536296895787705E-09,8.536296895787705E-09,0,0,0,0,0,none,0,0,-1.3916317569727266E-14,2912.04,0,0,0,65,2001.23,1
151,5510,5512,2,5250,1,70.00500000023922,0.000237092,0,0,0,0,0,0,7,3.8067267401869946E-08,2.0092861920241755E-08,1.6257626356100197E-08,1.7167791255279986E-09,1.7167791255278859E-09,0,1.1270335846035002E-22,0,0,-1.1270335846035002E-22,only_tiny_or_pullers,0,0,2.9878475696312196E-15,2841.38,0,0,0,37,1836.88,1
152,5511,5512,0,5250,1,70.00500000023922,0.000237092,0,0,0,0,0,0,7,3.734732884603191E-08,1.8161697514660554E-08,1.8598872765731825E-08,5.867585656395296E-10,5.867585656395297E-10,0,0,0,0,0,none,0,0,-1.1853473302909506E-14,2754.75,0,0,0,43,2461.11,1
153,5512,5512,0,5250,1,70.00500000023922,0.000237092,0,0,0,0,0,0,3,9.852959715212998E-11,0,9.850676453488949E-11,2.2832617240489767E-14,7.610872413496562E-15,2,0,0,0,0,none,0,0,-2.8803508907994894E-15,2791.11,0,0,0,41,1989.96,1
154,5506,5512,0,5250,1,70.00500000023922,0.000237092,0,0,0,0,0,0,12,2.745345664329745E-08,2.5770524688766343E-08,1.682876647435149E-09,5.5307095954420815E-14,0,6,-4.487040828897115E-27,0,0,4.487040828897115E-27,only_tiny_or_pullers,0,0,-8.875618107544766E-15,3106.98,0,0,0,71,2186.26,1
155,5511,5512,0,5250,1,70.00500000023922,0.000237092,0,0,0,0,0,0,3,1.632438966737491E-08,4.898625079835218E-09,1.0111024244952427E-11,1.1415653563294742E-08,1.1415653563294742E-08,0,0,0,0,0,none,0,0,-5.75335433047263E-15,2735.78,0,0,0,43,1933.37,1
156,5511,5512,0,5250,1,70.00500000023922,0.000237092,0,0,0,0,0,0,10,5.179208720188205E-08,1.902345201346524E-08,3.262037563125069E-08,1.4825955716610393E-10,4.9711038091334815E-11,4,0,0,0,0,none,0,0,1.841565317473065E-14,2835.49,0,0,0,55,2216.22,1
157,5511,5512,0,5250,1,70.00500000023922,0.000237092,0,0,0,0,0,0,6,4.580055902883215E-09,0,4.466653100774365E-09,1.1340280210885007E-10,1.1340280210885007E-10,0,0,0,0,0,none,0,0,-3.169903435284051E-14,3037.06,0,0,0,137,2137.71,1
158,5509,5512,0,5250,1,70.00500000023922,0.000237092,0,0,0,0,0,0,2,8.911752877398864E-11,8.911752877398864E-11,0,0,0,0,0,0,0,0,none,0,0,1.2588549663743024E-15,2725.23,0,0,0,60,2350.99,1
159,5512,5512,0,5250,1,70.00500000023922,0.000237092,0,0,0,0,0,0,7,2.000840782353396E-08,1.036372348349874E-09,1.8971535400442896E-08,5.000747411907949E-13,2.594007662228769E-13,4,-4.88967543492192E-25,0,0,4.88967543492192E-25,only_tiny_or_pullers,0,0,-9.352091012171469E-15,2743.81,0,0,0,58,2110.52,1
160,5511,5512,0,5250,1,70.00500000023922,0.000237092,0,0,0,0,0,0,3,2.8429063467496196E-09,0,2.84283681486025E-09,6.953188936933673E-14,6.953188936933673E-14,0,0,0,0,0,none,0,0,1.2172502949925354E-14,2937.44,0,0,0,118,2138.38,1
161,5511,5512,0,5250,1,70.00500000023922,0.000237092,0,0,0,0,0,0,2,6.327370632342612E-10,6.327308131568708E-10,4.733165431326071E-30,6.2500773902872294E-15,6.2500773902872294E-15,0,0,0,0,0,none,0,0,-2.170389221099111E-14,2991.43,0,0,0,38,2184.5,1
162,5511,5512,0,5250,1,70.00500000023922,0.000237092,0,0,0,0,0,0,0,0,0,0,0,0,0,0,0,0,0,none,0,0,0,2690.78,0,0,0,47,1990.37,1
163,5512,5512,0,5250,1,70.00500000023922,0.000237092,0,0,0,0,0,0,3,5.725332559351972E-10,2.443430214944741E-14,5.683045782724918E-10,4.204243360555876E-12,4.204243360555861E-12,0,0,0,0,0,none,0,0,8.510804282147614E-15,2862.15,0,0,0,39,2456.93,1
164,5510,5512,0,5250,1,70.00500000023922,0.000237092,0,0,0,0,0,0,2,1.8092893556026296E-08,1.8092893556026296E-08,0,0,0,0,0,0,0,0,none,0,0,2.814853696387064E-15,3204.03,0,0,0,35,2136.92,1
165,5510,5512,0,5250,1,70.00500000023922,0.000237092,0,0,0,0,0,0,2,7.450284860351073E-09,6.574305423425662E-10,6.742024161939495E-09,5.0830156069012124E-11,5.083015606901224E-11,0,0,0,0,0,none,0,0,4.762623535359164E-15,3095.91,0,0,0,56,2332.08,1
166,5506,5512,5,5250,1,70.00500000023922,0.000237092,0,5,8.109180870292043E-10,0,0,0,1,1.769381949301944E-10,0,1.515052221745736E-10,2.5432972755620797E-11,2.5432972755620804E-11,0,0,8.109140026135719E-10,0,-4.084415632361971E-15,no_compact_gain,0,0,3.3000558050342123E-15,2668.94,0,0,0,46,1624.71,1
167,5501,5512,2,5250,1,70.00500000023922,0.000237092,0,2,1.22043632228954E-11,0,0,0,3,3.4920382512627356E-09,3.4920382512627356E-09,0,0,0,0,0,1.2207124200358521E-11,0,2.7609774631209513E-15,no_compact_gain,0,0,4.922096121577445E-15,2711.02,0,0,0,78,2182.65,1
168,5501,5512,0,5250,1,70.00500000023922,0.000237092,0,0,0,0,0,0,0,0,0,0,0,0,0,0,0,0,0,none,0,0,0,2863.21,0,0,0,54,2094.27,1
169,5501,5512,0,5250,1,70.00500000023922,0.000237092,0,0,0,0,0,0,0,0,0,0,0,0,0,0,0,0,0,none,0,0,0,2842.89,0,0,0,69,2162.97,1
170,5501,5512,0,5250,1,70.00500000023922,0.000237092,0,0,0,0,0,0,0,0,0,0,0,0,0,0,0,0,0,none,0,0,0,3436.07,0,0,0,141,2086.01,1
171,5492,5512,7,5250,1,70.00500000023922,0.000237092,0,7,2.1021932976830543E-09,0,0,0,2,3.3092046607879886E-09,3.3092046607879886E-09,0,0,0,0,0,2.1022003156246846E-09,0,7.017941630367784E-15,no_compact_gain,0,0,-6.0224675177513235E-15,2884.89,0,0,0,61,2227.72,1
172,5509,5512,0,5250,1,70.00500000023922,0.000237092,0,0,0,0,0,0,3,3.221809930625567E-08,1.3022516298169651E-08,1.8489269038097425E-08,7.06313969988591E-10,7.063139699885904E-10,0,0,0,0,0,none,0,0,-1.7608538729684686E-14,2784.95,0,0,0,34,2017.96,1
173,5506,5512,0,5250,1,70.00500000023922,0.000237092,0,0,0,0,0,0,3,5.29950765766492E-09,5.29950765766492E-09,0,0,0,0,0,0,0,0,none,0,0,3.131696048453051E-13,2688.08,0,0,0,128,2346.04,1
174,5506,5512,0,5250,1,70.00500000023922,0.000237092,0,0,0,0,0,0,0,0,0,0,0,0,0,0,0,0,0,none,0,0,0,3261.16,0,0,0,60,2052.67,1
175,5506,5512,4,5250,1,70.00500000023922,0.000237092,0,4,1.1157908794077314E-09,0,0,0,2,4.2296705338509534E-09,3.1250386951436147E-15,3.882026570202422E-09,3.47640838609836E-10,3.476408386098357E-10,0,0,1.1157794688188005E-09,0,-1.1410588930838873E-14,no_compact_gain,0,0,-2.0541584188280574E-14,2809.33,0,0,0,40,2234.4,1
176,5511,5512,0,5250,1,70.00500000023922,0.000237092,0,0,0,0,0,0,1,2.6330809664210423E-09,0,1.5040687546391628E-09,1.1290122117818795E-09,1.1290122117818795E-09,0,0,0,0,0,none,0,0,-2.2319272532454635E-14,2800.61,0,0,0,55,2680.41,1
177,5511,5512,0,5250,1,70.00500000023922,0.000237092,0,0,0,0,0,0,0,0,0,0,0,0,0,0,0,0,0,none,0,0,0,2706.21,0,0,0,43,1917.33,1
178,5506,5512,13,5250,1,70.00500000023922,0.000237092,0,13,1.4894539268589625E-08,0,0,0,4,0.00015185783982060526,0.00015185291828832955,0,4.9215322757026316E-09,4.92153227570263E-09,0,0,1.489454604097773E-08,0,6.772388104515694E-15,no_compact_gain,0,0,-1.899739046629101E-14,3039.2,0,0,0,101,2320.71,1
179,5512,5512,1,5250,1,70.00500000023922,0.000237092,0,1,2.001797463438494E-09,0,0,0,1,1.14613413629984E-08,0,0,1.14613413629984E-08,1.1461341362998399E-08,0,0,2.001797838602215E-09,0,3.751637210830497E-16,no_compact_gain,0,0,0,2896.11,0,0,0,38,2113.76,1
180,5511,5512,1,5250,1,70.00500000023922,0.000237092,0,1,4.951677901055881E-10,0,0,0,2,1.9024157719776222E-08,1.9024108851171924E-08,3.7865323450608567E-29,4.886860429889478E-14,4.886860429889478E-14,0,0,4.951701271238562E-10,0,2.33701826812717E-15,no_compact_gain,0,0,-4.988631036040265E-15,3118.2,0,0,0,68,2441.21,1
181,5511,5512,4,5250,1,70.00500000023922,0.000237092,0,4,6.137636230925048E-10,0,0,0,2,1.4471258796377408E-08,2.1380001439452194E-09,3.157477343512054E-09,9.175781308920134E-09,9.175781308920134E-09,0,0,6.137526042948593E-10,0,-1.1018797645496829E-14,no_compact_gain,0,0,-2.6991901381014338E-14,2617.71,0,0,0,68,2277.93,1
182,5510,5512,0,5250,1,70.00500000023922,0.000237092,0,0,0,0,0,0,1,1.2094559536818423E-08,1.2094559536818423E-08,0,0,0,0,0,0,0,0,none,0,0,1.3727517386707966E-14,2841.98,0,0,0,62,2267.69,1
183,5506,5512,2,5250,1,70.00500000023922,0.000237092,0,2,1.5130208993332862E-08,0,0,0,2,2.5874766455796472E-08,2.5874766455796472E-08,0,0,0,0,0,1.5130204644719925E-08,0,-4.348612937786231E-15,no_compact_gain,0,0,-1.6749134631316442E-14,3111.69,0,0,0,119,1943.71,1
184,5512,5512,0,5250,1,70.00500000023922,0.000237092,0,0,0,0,0,0,2,1.0722077986475853E-08,1.0722070599361193E-08,0,7.387114660615918E-15,7.387114660615918E-15,0,0,0,0,0,none,0,0,9.138441956282883E-15,2623.46,0,0,0,55,2311.46,1
185,5511,5512,1,5250,1,70.00500000023922,0.000237092,0,1,4.4829821642800046E-10,0,0,0,0,0,0,0,0,0,0,0,4.482956228457624E-10,0,-2.5935822380520344E-15,no_compact_gain,0,0,0,2730.13,0,0,0,66,2408.33,1
186,5508,5512,2,5250,1,70.00500000023922,0.000237092,0,2,1.1134165156298105E-08,0,0,0,1,8.295E-06,8.295E-06,0,0,0,0,0,1.1134162036796624E-08,0,-3.1195014804152044E-15,no_compact_gain,0,0,-1.48685046479774E-14,2842.29,0,0,0,112,2086.72,1
187,5506,5512,1,5250,1,70.00500000023922,0.000237092,0,1,5.842476759537964E-10,0,0,0,1,3.856142766826491E-09,3.856142766826491E-09,0,0,0,0,0,5.842508699061E-10,0,3.193952303546512E-15,no_compact_gain,0,0,-1.0818440327603485E-15,2473.91,0,0,0,79,2163.88,1
188,5503,5512,2,5250,1,70.00500000023922,0.000237092,0,2,2.752910357517731E-08,0,0,0,1,3.1250386951436147E-15,3.1250386951436147E-15,0,0,0,0,0,2.7529104329460097E-08,0,7.542827865903952E-16,no_compact_gain,0,0,3.1250501318635937E-15,2802.57,0,0,0,70,2334.05,1
189,5512,5512,2,5250,1,70.00500000023922,0.000237092,0,2,4.767859748304825E-09,0,0,0,1,5.211221804043363E-09,0,0,5.211221804043363E-09,5.2112218040433646E-09,0,0,4.767855443787994E-09,0,-4.30451683103173E-15,no_compact_gain,0,0,2.842170943040401E-14,3090.11,0,0,0,117,1984.13,1
190,5511,5512,1,5250,1,70.00500000023922,0.000237092,0,1,7.409114589710236E-09,0,0,0,0,0,0,0,0,0,0,0,7.409113322864869E-09,0,-1.2668453673098034E-15,no_compact_gain,0,0,0,2573.36,0,0,0,70,2413.63,1
191,5509,5512,2,5250,1,70.00500000023922,0.000237092,0,2,9.754261699054026E-09,0,0,0,0,0,0,0,0,0,0,0,9.75425962224108E-09,0,-2.0768129468856436E-15,no_compact_gain,0,0,0,3080.01,0,0,0,68,2404.77,1
192,5508,5512,1,5250,1,70.00500000023922,0.000237092,0,1,1.7199578051192054E-08,0,0,0,0,0,0,0,0,0,0,0,1.7199575097492925E-08,0,-2.9536991286514746E-15,no_compact_gain,0,0,0,2908.62,0,0,0,84,1946.5,1
193,5504,5512,4,5250,1,70.00500000023922,0.000237092,0,4,2.87338911399859E-08,0,0,0,0,0,0,0,0,0,0,0,2.8733892601807542E-08,0,1.4618216430875332E-15,no_compact_gain,0,0,0,2990.64,0,0,0,43,2722.55,1
194,5503,5512,1,5250,1,70.00500000023922,0.000237092,0,1,7.832002802048913E-09,0,0,0,0,0,0,0,0,0,0,0,7.83199993747985E-09,0,-2.8645690627270425E-15,no_compact_gain,0,0,0,2700.61,0,0,0,77,2382.59,1
195,5511,5512,1,5250,1,70.00500000023922,0.000237092,0,1,6.303659497132425E-10,0,0,0,1,4.139810584349247E-09,0,0,4.139810584349247E-09,4.139810584349247E-09,0,0,6.303650934569305E-10,0,-8.562563119712144E-16,no_compact_gain,0,0,1.4210854715202004E-14,3234.46,0,0,0,66,2007.39,1
196,5511,5512,0,5250,1,70.00500000023922,0.000237092,0,0,0,0,0,0,0,0,0,0,0,0,0,0,0,0,0,none,0,0,0,3088.03,0,0,0,135,1879.91,1
197,5510,5512,0,5250,1,70.00500000023922,0.000237092,0,0,0,0,0,0,1,2.443430214944739E-14,2.443430214944739E-14,0,0,0,0,0,0,0,0,none,0,0,1.0223457280397752E-14,2923.18,0,0,0,75,2183.83,1
198,5503,5512,7,5250,1,70.00500000023922,0.000237092,0,7,3.0209702343223034E-09,0,0,0,0,0,0,0,0,0,0,0,3.0209648116397148E-09,0,-5.4226825886552276E-15,no_compact_gain,0,0,0,3066.51,0,0,0,74,1978.3,1
199,5486,5512,17,5250,1,70.00500000023922,0.000237092,0,17,4.923387816733742E-09,0,0,0,0,0,0,0,0,0,0,0,4.923371932363807E-09,0,-1.588436993522181E-14,no_compact_gain,0,0,-2.842170943040401E-14,2910.49,0,0,0,116,2212.52,1
200,5385,5512,101,5250,1,70.00500000023922,0.000237092,0,101,5.428028555511016E-09,0,0,0,0,0,0,0,0,0,0,0,5.427949645309127E-09,0,-7.891020188931831E-14,no_compact_gain,0,9.936604154970989E-11,-1.9895196601282805E-13,2685.38,0,0,0,77,1840.12,1
201,5512,5512,155,5250,1,120.00500016851706,0.000237092,50.000000168277836,154,3.0989735602870154E-09,1,50.00000016517898,50.00000016517898,16,1.0792453063849018E-09,3.661868263758081E-11,6.561739273347504E-10,3.864526964125707E-10,3.864526964125705E-10,0,0,50.000000168277836,0,-1.2079226507921703E-13,only_compact_gained,2.523960861903436E-09,3.0989735602870154E-09,-1.570876737592444E-13,285.8,0,0,2,547,3027.07,1
202,5506,5512,6,5250,1,120.00500016851706,8.40193E-05,0,0,0,0,0,0,16,7.604225463669293E-09,0,6.981021585935963E-09,6.232038777333299E-10,6.23203877733303E-10,0,2.68833699079734E-23,0,0,-2.68833699079734E-23,only_tiny_or_pullers,0,0,-3.949488160921253E-15,20172.6,0,0,0,125,80.3671,1
203,5512,5512,0,5250,1,120.00500016851706,8.40193E-05,0,0,0,0,0,0,16,1.9447737630191587E-09,6.8118144705225E-11,1.7549006731298274E-09,1.2175494518410618E-10,1.2175494518410613E-10,0,0,0,0,0,none,0,0,-6.468431121350973E-15,13742.3,0,0,0,124,4877.74,1
204,5512,5512,0,5250,1,120.00500016851706,8.40193E-05,0,0,0,0,0,0,16,1.3992784297294874E-08,0,1.299107930993676E-08,1.0017049873581153E-09,1.0017049873581144E-09,0,0,0,0,0,none,0,0,-9.01640595572246E-16,6006.39,0,0,0,43,1289.58,1
205,5512,5512,0,5250,1,120.00500016851706,8.40193E-05,0,0,0,0,0,0,16,4.183861096741441E-09,2.307744738938409E-11,3.458947973076262E-09,7.018356762757944E-10,7.018356762757943E-10,0,0,0,0,0,none,0,0,1.0743880514224089E-14,7369.76,0,0,0,70,1535.88,1
206,5512,5512,0,5250,1,120.00500016851706,8.40193E-05,0,0,0,0,0,0,16,2.4358609081835383E-09,2.9663109597726115E-11,1.1381889197198268E-09,1.268008878865985E-09,1.268008878865985E-09,0,0,0,0,0,none,0,0,-1.0222042201844342E-14,17225.7,0,0,0,104,4825.6,1
207,5512,5512,0,5250,1,120.00500016851706,8.40193E-05,0,0,0,0,0,0,16,5.131482360484387E-09,0,3.6689046748627722E-09,1.4625776856216135E-09,1.4625776856216135E-09,0,0,0,0,0,none,0,0,1.7258765494934193E-14,13395.9,0,0,0,37,13268.1,1
208,5511,5512,0,5250,1,120.00500016851706,8.40193E-05,0,0,0,0,0,0,11,1.5992875236592544E-08,1.9719599123954544E-14,1.599261354051548E-08,2.4197647794601767E-13,2.409339583212601E-13,2,0,0,0,0,none,0,0,-4.947357459456501E-14,9488.34,0,0,0,15,18665.6,1
209,5511,5512,0,5250,1,120.00500016851706,8.40193E-05,0,0,0,0,0,0,8,1.498795507459108E-12,0,7.774810020150469E-13,7.213145054440611E-13,7.213145054440611E-13,0,0,0,0,0,none,0,0,-4.116007321063288E-15,6829.88,0,0,0,43,14189.1,1
210,5512,5512,0,5250,1,120.00500016851706,8.40193E-05,0,0,0,0,0,0,13,4.1406687572477035E-09,3.567437725278048E-15,4.091299170757309E-09,4.9366019052669435E-11,4.9366019052669474E-11,0,0,0,0,0,none,0,0,-2.3342905199092923E-15,14571.1,0,0,0,14,7297.98,1
211,5512,5512,0,5250,1,120.00500016851706,8.40193E-05,0,0,0,0,0,0,10,2.280128039244354E-10,0,2.1634616847810672E-10,1.1666635446328704E-11,1.1288560186405338E-11,2,0,0,0,0,none,0,0,-1.4094560843790343E-14,11106.4,0,0,0,8,12956.4,1
212,5512,5512,0,5250,1,120.00500016851706,8.40193E-05,0,0,0,0,0,0,4,5.6575415681352635E-12,0,5.6190734897988935E-12,3.846807833637023E-14,1.2822692778790074E-14,2,0,0,0,0,none,0,0,5.785877294101984E-15,9188.24,0,0,0,15,13565.5,1
213,5511,5512,0,5250,1,120.00500016851706,8.40193E-05,0,0,0,0,0,0,1,1.2908837877294195E-08,0,1.2908837877294195E-08,0,0,0,0,0,0,0,none,0,0,-4.118046286402399E-15,10695.2,0,0,0,14,9461.1,1
214,5512,5512,0,5250,1,120.00500016851706,8.40193E-05,0,0,0,0,0,0,1,9.644880475219481E-12,0,9.276917035545707E-12,3.6796343967377445E-13,3.6796343967377496E-13,0,0,0,0,0,none,0,0,-2.7710934812014628E-15,11857.9,0,0,0,7,8103.21,1
215,5511,5512,0,5250,1,120.00500016851706,8.40193E-05,0,0,0,0,0,0,3,8.27261958439851E-09,0,8.272435602678673E-09,1.839817198368874E-13,1.839817198368874E-13,0,0,0,0,0,none,0,0,-1.354989432289711E-15,13443.8,0,0,0,14,7440.31,1
216,5511,5512,0,5250,1,120.00500016851706,8.40193E-05,0,0,0,0,0,0,0,0,0,0,0,0,0,0,0,0,0,none,0,0,0,13598.8,0,0,0,14,10456.9,1
217,5511,5512,0,5250,1,120.00500016851706,8.40193E-05,0,0,0,0,0,0,0,0,0,0,0,0,0,0,0,0,0,none,0,0,0,10227.1,0,0,0,13,15626,1
218,5511,5512,0,5250,1,120.00500016851706,8.40193E-05,0,0,0,0,0,0,0,0,0,0,0,0,0,0,0,0,0,none,0,0,0,9196.66,0,0,0,25,13201.7,1
219,5512,5512,0,5250,1,120.00500016851706,8.40193E-05,0,0,0,0,0,0,3,1.2819036819897035E-08,0,4.658098717910999E-09,8.160938101986035E-09,8.160938101986034E-09,0,0,0,0,0,none,0,0,7.915943225574067E-15,12590.9,0,0,0,5,8955.45,1
220,5511,5512,0,5250,1,120.00500016851706,8.40193E-05,0,0,0,0,0,0,5,9.403390463811401E-09,0,5.629045027853301E-09,3.7743454359581E-09,3.7743454359581E-09,0,0,0,0,0,none,0,0,-2.4225306495096388E-15,11322.5,0,0,0,46,7214.87,1
221,5511,5512,0,5250,1,120.00500016851706,8.40193E-05,0,0,0,0,0,0,2,3.7742167169676705E-09,0,1.9709347518231592E-09,1.8032819651445113E-09,1.8032819651445113E-09,0,0,0,0,0,none,0,0,2.8896623629178435E-15,10303.4,0,0,0,12,7477.95,1
222,5512,5512,0,5250,1,120.00500016851706,8.40193E-05,0,0,0,0,0,0,1,1.1486522536743924E-09,0,4.5600302158577874E-11,1.1030519515158145E-09,1.1030519515158145E-09,0,0,0,0,0,none,0,0,-2.330622505356163E-15,10042.6,0,0,0,46,9511.35,1
223,5512,5512,0,5250,1,120.00500016851706,8.40193E-05,0,0,0,0,0,0,0,0,0,0,0,0,0,0,0,0,0,none,0,0,0,12733.8,0,0,0,20,9118.65,1
224,5512,5512,0,5250,1,120.00500016851706,8.40193E-05,0,0,0,0,0,0,2,1.1300528964174798E-08,0,1.0297691038316534E-09,1.0270759860343144E-08,1.0270759860343144E-08,0,0,0,0,0,none,0,0,-6.272250744604944E-15,9196.98,0,0,0,44,13050.3,1
225,5512,5512,0,5250,1,120.00500016851706,8.40193E-05,0,0,0,0,0,0,4,1.4749426463207136E-08,0,8.142460858928503E-09,6.606965604278632E-09,2.1282990014146404E-09,2,0,0,0,0,none,0,0,1.058934035016377E-14,13287.4,0,0,0,25,7194.81,1
226,5512,5512,0,5250,1,120.00500016851706,8.40193E-05,0,0,0,0,0,0,2,2.1282990014146404E-09,0,1.1301083429208754E-09,9.98190658493765E-10,9.98190658493765E-10,0,0,0,0,0,none,0,0,-9.878305563906982E-15,12607.6,0,0,0,23,8111.24,1
227,5511,5512,0,5250,1,120.00500016851706,8.40193E-05,0,0,0,0,0,0,1,1.2125427049843922E-11,0,1.2125427049843922E-11,0,0,0,0,0,0,0,none,0,0,3.567977776613274E-15,9967.25,0,0,0,18,15012,1
228,5512,5512,0,5250,1,120.00500016851706,8.40193E-05,0,0,0,0,0,0,3,1.4680395517593063E-08,0,1.629868084657201E-09,1.305052743293586E-08,1.305052743293586E-08,0,0,0,0,0,none,0,0,-3.264338747234285E-15,12607.7,0,0,0,18,15370.1,1
229,5511,5512,0,5250,1,120.00500016851706,8.40193E-05,0,0,0,0,0,0,3,2.4866657709487588E-08,0,1.877126282545337E-08,6.0953948840342175E-09,6.0953948840342175E-09,0,0,0,0,0,none,0,0,2.7235958919709353E-15,10694,0,0,0,91,8866.65,1
230,5509,5512,0,5250,1,120.00500016851706,8.40193E-05,0,0,0,0,0,0,4,1.3796715263610233E-14,3.0245181282376177E-15,7.747679007134997E-15,3.0245181282376177E-15,0,2,0,0,0,0,none,0,0,-3.4386311175928188E-15,10794.7,0,0,0,24,7188.37,1
231,5509,5512,0,5250,1,120.00500016851706,8.40193E-05,0,0,0,0,0,0,0,0,0,0,0,0,0,0,0,0,0,none,0,0,0,10778.7,0,0,0,16,13239.4,1
232,5511,5512,0,5250,1,120.00500016851706,8.40193E-05,0,0,0,0,0,0,2,4.742900665760929E-09,0,9.64564391380664E-12,4.733255021847122E-09,4.733255021847122E-09,0,0,0,0,0,none,0,0,1.068441689968223E-14,9957.05,0,0,0,15,7369.97,1
233,5510,5512,1,5250,1,120.00500016851706,8.40193E-05,0,1,5.183076944773879E-10,0,0,0,0,0,0,0,0,0,0,0,5.183076944796205E-10,0,2.2325604732806217E-21,no_compact_gain,0,0,0,12524.4,0,0,0,12,8883.45,1
234,5510,5512,0,5250,1,120.00500016851706,8.40193E-05,0,0,0,0,0,0,0,0,0,0,0,0,0,0,0,0,0,none,0,0,0,9199.97,0,0,0,8,17135.8,1
235,5512,5512,0,5250,1,120.00500016851706,8.40193E-05,0,0,0,0,0,0,2,1.6162335881527895E-08,0,3.8589610774722977E-10,1.5776439773780667E-08,1.5776439773780667E-08,0,0,0,0,0,none,0,0,3.4795591935830443E-16,13270.4,0,0,0,43,7176.84,1
236,5512,5512,0,5250,1,120.00500016851706,8.40193E-05,0,0,0,0,0,0,0,0,0,0,0,0,0,0,0,0,0,none,0,0,0,15059.7,0,0,0,13,7571.66,1
237,5512,5512,0,5250,1,120.00500016851706,8.40193E-05,0,0,0,0,0,0,4,2.9793978126638524E-08,0,2.3493387890242244E-08,6.300590236396281E-09,6.300590236396281E-09,0,0,0,0,0,none,0,0,-1.1335784424199394E-14,9987.08,0,0,0,57,7313.21,1
238,5512,5512,0,5250,1,120.00500016851706,8.40193E-05,0,0,0,0,0,0,0,0,0,0,0,0,0,0,0,0,0,none,0,0,0,12321.3,0,0,0,9,13995.2,1
239,5511,5512,0,5250,1,120.00500016851706,8.40193E-05,0,0,0,0,0,0,1,4.931710285081731E-11,0,4.931710285081731E-11,0,0,0,0,0,0,0,none,0,0,5.436989066356865E-15,9942.14,0,0,0,55,7077.24,1
240,5511,5512,0,5250,1,120.00500016851706,8.40193E-05,0,0,0,0,0,0,2,2.754723866758133E-13,0,1.9106498489863246E-13,8.440740177718086E-14,8.440740177718086E-14,0,0,0,0,0,none,0,0,-7.886981114195592E-15,10374.5,0,0,0,23,7140.61,1
241,5510,5512,0,5250,1,120.00500016851706,8.40193E-05,0,0,0,0,0,0,5,6.300623770861769E-09,7.292482299414336E-15,3.1700672860559885E-09,3.130549192323482E-09,3.1305418998411826E-09,2,0,0,0,0,none,0,0,2.373823459172046E-15,12188.6,0,0,0,12,6830.81,1
242,5511,5512,0,5250,1,120.00500016851706,8.40193E-05,0,0,0,0,0,0,1,5.4087028206895796E-15,0,4.733165431326071E-30,5.408702820689575E-15,5.408702820689575E-15,0,0,0,0,0,none,0,0,4.733165431326071E-30,9996.98,0,0,0,17,9163.98,1
243,5511,5512,0,5250,1,120.00500016851706,8.40193E-05,0,0,0,0,0,0,0,0,0,0,0,0,0,0,0,0,0,none,0,0,0,10228.9,0,0,0,18,62251.5,1
244,5511,5512,0,5250,1,120.00500016851706,8.40193E-05,0,0,0,0,0,0,0,0,0,0,0,0,0,0,0,0,0,none,0,0,0,10455.6,0,0,0,23,6201.35,1
245,5511,5512,0,5250,1,120.00500016851706,8.40193E-05,0,0,0,0,0,0,0,0,0,0,0,0,0,0,0,0,0,none,0,0,0,15594.3,0,0,0,17,6859.21,1
246,5510,5512,1,5250,1,120.00500016851706,8.40193E-05,0,1,1.0384088373955906E-08,0,0,0,0,0,0,0,0,0,0,0,1.0384088373947917E-08,0,-7.988910356037141E-21,no_compact_gain,0,0,0,14705.5,0,0,0,19,6494.45,1
247,5511,5512,0,5250,1,120.00500016851706,8.40193E-05,0,0,0,0,0,0,3,1.3657758762330162E-10,0,4.023038810681429E-11,9.634719951648734E-11,2.8701030784274546E-11,2,0,0,0,0,none,0,0,-5.415919225837725E-16,9753.47,0,0,0,11,6577.62,1
248,5512,5512,0,5250,1,120.00500016851706,8.40193E-05,0,0,0,0,0,0,3,5.249305830587107E-09,0,4.827142811998851E-11,5.201034402467118E-09,5.201034402467118E-09,0,0,0,0,0,none,0,0,-2.8453475526983855E-15,10115.5,0,0,0,74,6968.35,1
249,5511,5512,0,5250,1,120.00500016851706,8.40193E-05,0,0,0,0,0,0,1,1.5762948492758866E-08,0,1.5762948492758866E-08,0,0,0,0,0,0,0,none,0,0,-1.5635827850897909E-15,13816.5,0,0,0,28,7839.9,1
250,5511,5512,0,5250,1,120.00500016851706,8.40193E-05,0,0,0,0,0,0,0,0,0,0,0,0,0,0,0,0,0,none,0,0,0,10238.7,0,0,0,44,7177.58,1
251,5512,5512,0,5250,1,120.00500016851706,8.40193E-05,0,0,0,0,0,0,1,9.034109575052853E-09,0,4.191404509911871E-09,4.842705065140982E-09,4.842705065140982E-09,0,0,0,0,0,none,0,0,-1.8232086685869704E-15,14006.3,0,0,0,18,6186.89,1
252,5511,5512,0,5250,1,120.00500016851706,8.40193E-05,0,0,0,0,0,0,1,5.953930838253324E-09,0,5.953930838253324E-09,0,0,0,0,0,0,0,none,0,0,-5.172629574570076E-15,9711.67,0,0,0,108,9035.29,1
253,5512,5512,0,5250,1,120.00500016851706,8.40193E-05,0,0,0,0,0,0,1,9.491276732747478E-09,0,1.0767849914189785E-10,9.38359823360558E-09,9.38359823360558E-09,0,0,0,0,0,none,0,0,2.8529648122656934E-15,11695.2,0,0,0,27,5966.59,1
254,5512,5512,0,5250,1,120.00500016851706,8.40193E-05,0,0,0,0,0,0,2,9.38359823360558E-09,0,5.172176698990102E-09,4.211421534615478E-09,4.211421534615478E-09,0,0,0,0,0,none,0,0,8.227699895739439E-15,11654.8,0,0,0,15,6725.93,1
255,5510,5512,0,5250,1,120.00500016851706,8.40193E-05,0,0,0,0,0,0,4,5.264217767678014E-09,2.7043514103447874E-15,3.2264187659373275E-09,2.0377962973892763E-09,2.0377962973892763E-09,0,0,0,0,0,none,0,0,-1.0984249551583743E-14,13312.1,0,0,0,19,7169.79,1
256,5510,5512,0,5250,1,120.00500016851706,8.40193E-05,0,0,0,0,0,0,0,0,0,0,0,0,0,0,0,0,0,none,0,0,0,13641.2,0,0,0,10,6647.55,1
257,5509,5512,0,5250,1,120.00500016851706,8.40193E-05,0,0,0,0,0,0,1,2.7043514103447874E-15,2.7043514103447874E-15,0,0,0,0,0,0,0,0,none,0,0,2.704352583884906E-15,9796.91,0,0,0,21,13358.8,1
258,5509,5512,0,5250,1,120.00500016851706,8.40193E-05,0,0,0,0,0,0,0,0,0,0,0,0,0,0,0,0,0,none,0,0,0,12248.9,0,0,0,12,11442.7,1
259,5509,5512,0,5250,1,120.00500016851706,8.40193E-05,0,0,0,0,0,0,0,0,0,0,0,0,0,0,0,0,0,none,0,0,0,14239.7,0,0,0,21,6992.14,1
260,5509,5512,0,5250,1,120.00500016851706,8.40193E-05,0,0,0,0,0,0,0,0,0,0,0,0,0,0,0,0,0,none,0,0,0,8974.47,0,0,0,15,7150.6,1
261,5508,5512,0,5250,1,120.00500016851706,8.40193E-05,0,0,0,0,0,0,1,2.7043514103447874E-15,2.7043514103447874E-15,0,0,0,0,0,0,0,0,none,0,0,2.704352583884906E-15,12959.2,0,0,0,13,12686.1,1
262,5508,5512,0,5250,1,120.00500016851706,8.40193E-05,0,0,0,0,0,0,0,0,0,0,0,0,0,0,0,0,0,none,0,0,0,9886.87,0,0,0,18,8904.41,1
263,5507,5512,0,5250,1,120.00500016851706,8.40193E-05,0,0,0,0,0,0,1,2.7043514103447874E-15,2.7043514103447874E-15,0,0,0,0,0,0,0,0,none,0,0,2.704352583884906E-15,11047.8,0,0,0,44,12946.7,1
264,5512,5512,0,5250,1,120.00500016851706,8.40193E-05,0,0,0,0,0,0,1,1.2234536868965014E-08,0,0,1.2234536868965014E-08,1.2234536868965012E-08,0,0,0,0,0,none,0,0,0,13432.4,0,0,0,10,14737.3,1
265,5512,5512,0,5250,1,120.00500016851706,8.40193E-05,0,0,0,0,0,0,0,0,0,0,0,0,0,0,0,0,0,none,0,0,0,15412.3,0,0,0,50,7124.01,1
266,5511,5512,0,5250,1,120.00500016851706,8.40193E-05,0,0,0,0,0,0,1,2.5808957927989123E-13,2.5808957927989123E-13,0,0,0,0,0,0,0,0,none,0,0,2.2941989020336395E-15,13598.2,0,0,0,9,22259.6,1
267,5512,5512,0,5250,1,120.00500016851706,8.40193E-05,0,0,0,0,0,0,3,2.3561438049513955E-08,0,6.429086798691534E-09,1.713235125082242E-08,5.5648963574813116E-09,2,0,0,0,0,none,0,0,-3.350448859046757E-15,9886.51,0,0,0,65,13101.7,1
268,5512,5512,0,5250,1,120.00500016851706,8.40193E-05,0,0,0,0,0,0,0,0,0,0,0,0,0,0,0,0,0,none,0,0,0,11606.1,0,0,0,15,10606.9,1
269,5511,5512,0,5250,1,120.00500016851706,8.40193E-05,0,0,0,0,0,0,1,2.5808957927989123E-13,0,2.5808957927989123E-13,0,0,0,0,0,0,0,none,0,0,2.29419440625516E-15,16121.8,0,0,0,18,18076.5,1
270,5511,5512,0,5250,1,120.00500016851706,8.40193E-05,0,0,0,0,0,0,2,6.065545972303681E-11,0,6.027534667404765E-11,3.801130489891633E-13,3.8011304898916315E-13,0,0,0,0,0,none,0,0,-7.0990278392490684E-15,10304.7,0,0,0,31,7145.4,1
271,5508,5512,0,5250,1,120.00500016851706,8.40193E-05,0,0,0,0,0,0,11,1.1700279000331577E-08,1.3015594342740331E-14,1.74586796865479E-10,1.1525679187871751E-08,1.1525666172277409E-08,6,0,0,0,0,none,0,0,5.2514105373251854E-15,14493.4,0,0,0,15,16395.4,1
272,5508,5512,0,5250,1,120.00500016851706,8.40193E-05,0,0,0,0,0,0,0,0,0,0,0,0,0,0,0,0,0,none,0,0,0,9451.98,0,0,0,11,8830.85,1
273,5512,5512,0,5250,1,120.00500016851706,8.40193E-05,0,0,0,0,0,0,2,1.1525666172277409E-08,0,2.1620252815009125E-10,1.1309463644127317E-08,1.1309463644127317E-08,0,0,0,0,0,none,0,0,-1.4154869920351998E-15,10565.4,0,0,0,16,15286.7,1
274,5512,5512,0,5250,1,120.00500016851706,8.40193E-05,0,0,0,0,0,0,0,0,0,0,0,0,0,0,0,0,0,none,0,0,0,14753.3,0,0,0,17,12761.1,1
275,5512,5512,0,5250,1,120.00500016851706,8.40193E-05,0,0,0,0,0,0,2,5.546630557988613E-09,0,2.8208414884950025E-09,2.7257890694936105E-09,2.7257890694936105E-09,0,0,0,0,0,none,0,0,1.0383821200048173E-15,13203.6,0,0,0,11,7140.68,1
276,5512,5512,0,5250,1,120.00500016851706,8.40193E-05,0,0,0,0,0,0,0,0,0,0,0,0,0,0,0,0,0,none,0,0,0,12873.7,0,0,0,76,13507.6,1
277,5512,5512,0,5250,1,120.00500016851706,8.40193E-05,0,0,0,0,0,0,4,2.7589003815327853E-13,0,2.7526356093708077E-13,6.264772161977726E-16,2.0882573873259116E-16,2,0,0,0,0,none,0,0,-8.953533366959303E-15,9380.55,0,0,0,14,14752.9,1
278,5512,5512,0,5250,1,120.00500016851706,8.40193E-05,0,0,0,0,0,0,6,8.488622155632314E-09,0,4.293399733488565E-09,4.19522242214375E-09,4.19522242214375E-09,0,0,0,0,0,none,0,0,2.0960770205137706E-15,11876.1,0,0,0,48,10170.3,1
279,5512,5512,0,5250,1,120.00500016851706,8.40193E-05,0,0,0,0,0,0,0,0,0,0,0,0,0,0,0,0,0,none,0,0,0,13964.6,0,0,0,27,9799.72,1
280,5512,5512,0,5250,1,120.00500016851706,8.40193E-05,0,0,0,0,0,0,0,0,0,0,0,0,0,0,0,0,0,none,0,0,0,10770.6,0,0,0,55,7156.85,1
281,5512,5512,0,5250,1,120.00500016851706,8.40193E-05,0,0,0,0,0,0,0,0,0,0,0,0,0,0,0,0,0,none,0,0,0,13254,0,0,0,13,12864.5,1
282,5512,5512,0,5250,1,120.00500016851706,8.40193E-05,0,0,0,0,0,0,6,4.19522242214375E-09,0,2.1058843198354134E-09,2.0893381023083368E-09,2.0893381023083368E-09,0,0,0,0,0,none,0,0,-8.029555656354793E-15,9417.07,0,0,0,9,8884.41,1
283,5512,5512,0,5250,1,120.00500016851706,8.40193E-05,0,0,0,0,0,0,0,0,0,0,0,0,0,0,0,0,0,none,0,0,0,10285.5,0,0,0,16,13566.8,1
284,5512,5512,0,5250,1,120.00500016851706,8.40193E-05,0,0,0,0,0,0,0,0,0,0,0,0,0,0,0,0,0,none,0,0,0,13061.7,0,0,0,9,18636.8,1
285,5512,5512,0,5250,1,120.00500016851706,8.40193E-05,0,0,0,0,0,0,0,0,0,0,0,0,0,0,0,0,0,none,0,0,0,13349.1,0,0,0,24,7149.09,1
286,5512,5512,0,5250,1,120.00500016851706,8.40193E-05,0,0,0,0,0,0,0,0,0,0,0,0,0,0,0,0,0,none,0,0,0,11689.4,0,0,0,20,25218.2,1
287,5512,5512,0,5250,1,120.00500016851706,8.40193E-05,0,0,0,0,0,0,0,0,0,0,0,0,0,0,0,0,0,none,0,0,0,9482.03,0,0,0,15,12841.1,1
288,5512,5512,0,5250,1,120.00500016851706,8.40193E-05,0,0,0,0,0,0,0,0,0,0,0,0,0,0,0,0,0,none,0,0,0,11948.8,0,0,0,25,9817.58,1
289,5512,5512,0,5250,1,120.00500016851706,8.40193E-05,0,0,0,0,0,0,0,0,0,0,0,0,0,0,0,0,0,none,0,0,0,11767.8,0,0,0,17,13202.1,1
290,5512,5512,0,5250,1,120.00500016851706,8.40193E-05,0,0,0,0,0,0,0,0,0,0,0,0,0,0,0,0,0,none,0,0,0,11826.2,0,0,0,20,7131.28,1
291,5512,5512,0,5250,1,120.00500016851706,8.40193E-05,0,0,0,0,0,0,0,0,0,0,0,0,0,0,0,0,0,none,0,0,0,12946.6,0,0,0,48,9924.12,1
292,5512,5512,0,5250,1,120.00500016851706,8.40193E-05,0,0,0,0,0,0,0,0,0,0,0,0,0,0,0,0,0,none,0,0,0,9561.79,0,0,0,19,22642,1
293,5512,5512,0,5250,1,120.00500016851706,8.40193E-05,0,0,0,0,0,0,0,0,0,0,0,0,0,0,0,0,0,none,0,0,0,10249.9,0,0,0,41,13425.1,1
294,5512,5512,0,5250,1,120.00500016851706,8.40193E-05,0,0,0,0,0,0,6,4.1993024697432135E-13,0,2.5633968651373577E-13,1.6359056046058563E-13,1.9132700162077544E-14,4,0,0,0,0,none,0,0,5.443016400997044E-16,13266.6,0,0,0,20,9965.13,1
295,5512,5512,0,5250,1,120.00500016851706,8.40193E-05,0,0,0,0,0,0,0,0,0,0,0,0,0,0,0,0,0,none,0,0,0,12013.3,0,0,0,53,7170.88,1
296,5512,5512,0,5250,1,120.00500016851706,8.40193E-05,0,0,0,0,0,0,0,0,0,0,0,0,0,0,0,0,0,none,0,0,0,10737.5,0,0,0,6,13742.6,1
297,5512,5512,0,5250,1,120.00500016851706,8.40193E-05,0,0,0,0,0,0,0,0,0,0,0,0,0,0,0,0,0,none,0,0,0,9600.43,0,0,0,22,10040.2,1
298,5512,5512,0,5250,1,120.00500016851706,8.40193E-05,0,0,0,0,0,0,0,0,0,0,0,0,0,0,0,0,0,none,0,0,0,11922.1,0,0,0,20,9336.39,1
299,5512,5512,0,5250,1,120.00500016851706,8.40193E-05,0,0,0,0,0,0,0,0,0,0,0,0,0,0,0,0,0,none,0,0,0,12771.7,0,0,0,87,16674.7,1
300,5512,5512,0,5250,1,120.00500016851706,8.40193E-05,0,0,0,0,0,0,0,0,0,0,0,0,0,0,0,0,0,none,0,0,0,12560,0,0,0,19,7193.06,1
301,5512,5512,0,5250,1,120.00500016851706,8.40193E-05,0,0,0,0,0,0,0,0,0,0,0,0,0,0,0,0,0,none,0,0,0,12707.9,0,0,0,28,10146.1,1
302,5512,5512,0,5250,1,120.00500016851706,8.40193E-05,0,0,0,0,0,0,0,0,0,0,0,0,0,0,0,0,0,none,0,0,0,9556.32,0,0,0,13,12559.2,1
303,5512,5512,0,5250,1,120.00500016851706,8.40193E-05,0,0,0,0,0,0,0,0,0,0,0,0,0,0,0,0,0,none,0,0,0,10430.6,0,0,0,16,10368.9,1
304,5512,5512,0,5250,1,120.00500016851706,8.40193E-05,0,0,0,0,0,0,0,0,0,0,0,0,0,0,0,0,0,none,0,0,0,13199.3,0,0,0,13,15017.7,1
305,5512,5512,0,5250,1,120.00500016851706,8.40193E-05,0,0,0,0,0,0,0,0,0,0,0,0,0,0,0,0,0,none,0,0,0,12757.7,0,0,0,8,7186.81,1
306,5512,5512,0,5250,1,120.00500016851706,8.40193E-05,0,0,0,0,0,0,0,0,0,0,0,0,0,0,0,0,0,none,0,0,0,10311.1,0,0,0,51,10561.1,1
307,5512,5512,0,5250,1,120.00500016851706,8.40193E-05,0,0,0,0,0,0,0,0,0,0,0,0,0,0,0,0,0,none,0,0,0,9301.12,0,0,0,5,56587.1,1
308,5512,5512,0,5250,1,120.00500016851706,8.40193E-05,0,0,0,0,0,0,0,0,0,0,0,0,0,0,0,0,0,none,0,0,0,12174.7,0,0,0,44,9014.63,1
309,5512,5512,0,5250,1,120.00500016851706,8.40193E-05,0,0,0,0,0,0,0,0,0,0,0,0,0,0,0,0,0,none,0,0,0,11120.8,0,0,0,18,10695.9,1
310,5512,5512,0,5250,1,120.00500016851706,8.40193E-05,0,0,0,0,0,0,0,0,0,0,0,0,0,0,0,0,0,none,0,0,0,13381.4,0,0,0,42,7178.82,1
311,5512,5512,0,5250,1,120.00500016851706,8.40193E-05,0,0,0,0,0,0,0,0,0,0,0,0,0,0,0,0,0,none,0,0,0,14191,0,0,0,24,9466.09,1
312,5512,5512,0,5250,1,120.00500016851706,8.40193E-05,0,0,0,0,0,0,0,0,0,0,0,0,0,0,0,0,0,none,0,0,0,9047.04,0,0,0,16,10780.1,1
313,5512,5512,0,5250,1,120.00500016851706,8.40193E-05,0,0,0,0,0,0,0,0,0,0,0,0,0,0,0,0,0,none,0,0,0,10892.3,0,0,0,17,13018.3,1
314,5512,5512,0,5250,1,120.00500016851706,8.40193E-05,0,0,0,0,0,0,0,0,0,0,0,0,0,0,0,0,0,none,0,0,0,14083.5,0,0,0,13,7669.33,1
315,5512,5512,0,5250,1,120.00500016851706,8.40193E-05,0,0,0,0,0,0,0,0,0,0,0,0,0,0,0,0,0,none,0,0,0,13677.3,0,0,0,19,7165.51,1
316,5512,5512,0,5250,1,120.00500016851706,8.40193E-05,0,0,0,0,0,0,0,0,0,0,0,0,0,0,0,0,0,none,0,0,0,10386,0,0,0,4,12385.4,1
317,5512,5512,0,5250,1,120.00500016851706,8.40193E-05,0,0,0,0,0,0,0,0,0,0,0,0,0,0,0,0,0,none,0,0,0,9995.86,0,0,0,12,15995.3,1
318,5511,5512,0,5250,1,120.00500016851706,8.40193E-05,0,0,0,0,0,0,1,6.411346389395037E-15,0,6.411346389395037E-15,0,0,0,0,0,0,0,none,0,0,6.411346389395037E-15,12138.6,0,0,0,30,9170.02,1
319,5511,5512,0,5250,1,120.00500016851706,8.40193E-05,0,0,0,0,0,0,0,0,0,0,0,0,0,0,0,0,0,none,0,0,0,10305.9,0,0,0,48,12691,1
320,5511,5512,0,5250,1,120.00500016851706,8.40193E-05,0,0,0,0,0,0,0,0,0,0,0,0,0,0,0,0,0,none,0,0,0,13374.4,0,0,0,9,7122.72,1
321,5512,5512,0,5250,1,120.00500016851706,8.40193E-05,0,0,0,0,0,0,1,7.974642657969645E-09,0,1.0608396242129866E-10,7.868558695548346E-09,7.868558695548346E-09,0,0,0,0,0,none,0,0,-6.802768430094072E-17,14343.8,0,0,0,55,9122.96,1
322,5512,5512,0,5250,1,120.00500016851706,8.40193E-05,0,0,0,0,0,0,0,0,0,0,0,0,0,0,0,0,0,none,0,0,0,9838.2,0,0,0,76,14343,1
323,5512,5512,0,5250,1,120.00500016851706,8.40193E-05,0,0,0,0,0,0,0,0,0,0,0,0,0,0,0,0,0,none,0,0,0,11455.4,0,0,0,45,12308.2,1
324,5512,5512,0,5250,1,120.00500016851706,8.40193E-05,0,0,0,0,0,0,0,0,0,0,0,0,0,0,0,0,0,none,0,0,0,14406.5,0,0,0,21,9658.55,1
325,5512,5512,0,5250,1,120.00500016851706,8.40193E-05,0,0,0,0,0,0,0,0,0,0,0,0,0,0,0,0,0,none,0,0,0,13952.8,0,0,0,2,7259.13,1
326,5512,5512,0,5250,1,120.00500016851706,8.40193E-05,0,0,0,0,0,0,0,0,0,0,0,0,0,0,0,0,0,none,0,0,0,10240.6,0,0,0,17,13117,1
327,5512,5512,0,5250,1,120.00500016851706,8.40193E-05,0,0,0,0,0,0,0,0,0,0,0,0,0,0,0,0,0,none,0,0,0,9136.4,0,0,0,24,10918,1
328,5512,5512,0,5250,1,120.00500016851706,8.40193E-05,0,0,0,0,0,0,0,0,0,0,0,0,0,0,0,0,0,none,0,0,0,13358.1,0,0,0,18,9041.9,1
329,5511,5512,0,5250,1,120.00500016851706,8.40193E-05,0,0,0,0,0,0,1,6.411346389395037E-15,0,6.411346389395037E-15,0,0,0,0,0,0,0,none,0,0,-7.799508325806967E-15,10762.5,0,0,0,5,35410.1,1
330,5511,5512,0,5250,1,120.00500016851706,8.40193E-05,0,0,0,0,0,0,0,0,0,0,0,0,0,0,0,0,0,none,0,0,0,14050.2,0,0,0,21,11887.6,1
331,5511,5512,0,5250,1,120.00500016851706,8.40193E-05,0,0,0,0,0,0,4,1.040026511333542E-10,0,5.266328197949415E-11,5.1339369153860045E-11,1.695396684779221E-11,2,0,0,0,0,none,0,0,1.2065259670726922E-14,13410.6,0,0,0,17,8885.36,1
332,5511,5512,0,5250,1,120.00500016851706,8.40193E-05,0,0,0,0,0,0,2,1.695396684779221E-11,0,8.552717160791294E-12,8.401249687000917E-12,8.401249687000917E-12,0,0,0,0,0,none,0,0,-2.217377760312674E-15,10436.8,0,0,0,24,14530.7,1
333,5511,5512,0,5250,1,120.00500016851706,8.40193E-05,0,0,0,0,0,0,0,0,0,0,0,0,0,0,0,0,0,none,0,0,0,12136,0,0,0,13,16990.4,1
334,5511,5512,0,5250,1,120.00500016851706,8.40193E-05,0,0,0,0,0,0,0,0,0,0,0,0,0,0,0,0,0,none,0,0,0,15826.5,0,0,0,53,9229.72,1
335,5511,5512,0,5250,1,120.00500016851706,8.40193E-05,0,0,0,0,0,0,0,0,0,0,0,0,0,0,0,0,0,none,0,0,0,12064.6,0,0,0,20,14740.3,1
336,5511,5512,0,5250,1,120.00500016851706,8.40193E-05,0,0,0,0,0,0,0,0,0,0,0,0,0,0,0,0,0,none,0,0,0,10307,0,0,0,45,13510.6,1
337,5511,5512,0,5250,1,120.00500016851706,8.40193E-05,0,0,0,0,0,0,0,0,0,0,0,0,0,0,0,0,0,none,0,0,0,15946.8,0,0,0,25,9897.48,1
338,5511,5512,0,5250,1,120.00500016851706,8.40193E-05,0,0,0,0,0,0,0,0,0,0,0,0,0,0,0,0,0,none,0,0,0,11890.7,0,0,0,42,8908.11,1
339,5511,5512,0,5250,1,120.00500016851706,8.40193E-05,0,0,0,0,0,0,0,0,0,0,0,0,0,0,0,0,0,none,0,0,0,11069.6,0,0,0,16,13223.4,1
340,5511,5512,0,5250,1,120.00500016851706,8.40193E-05,0,0,0,0,0,0,0,0,0,0,0,0,0,0,0,0,0,none,0,0,0,12592.4,0,0,0,17,11605.6,1
341,5511,5512,0,5250,1,120.00500016851706,8.40193E-05,0,0,0,0,0,0,0,0,0,0,0,0,0,0,0,0,0,none,0,0,0,11787.5,0,0,0,25,9401.1,1
342,5511,5512,0,5250,1,120.00500016851706,8.40193E-05,0,0,0,0,0,0,0,0,0,0,0,0,0,0,0,0,0,none,0,0,0,10446.5,0,0,0,9,26920.7,1
343,5511,5512,0,5250,1,120.00500016851706,8.40193E-05,0,0,0,0,0,0,0,0,0,0,0,0,0,0,0,0,0,none,0,0,0,13002.3,0,0,0,17,15350.6,1
344,5511,5512,0,5250,1,120.00500016851706,8.40193E-05,0,0,0,0,0,0,0,0,0,0,0,0,0,0,0,0,0,none,0,0,0,11708.5,0,0,0,14,8945.72,1
345,5511,5512,0,5250,1,120.00500016851706,8.40193E-05,0,0,0,0,0,0,0,0,0,0,0,0,0,0,0,0,0,none,0,0,0,10744.2,0,0,0,7,17302.6,1
346,5511,5512,0,5250,1,120.00500016851706,8.40193E-05,0,0,0,0,0,0,0,0,0,0,0,0,0,0,0,0,0,none,0,0,0,10636.3,0,0,0,76,14081.1,1
347,5511,5512,0,5250,1,120.00500016851706,8.40193E-05,0,0,0,0,0,0,0,0,0,0,0,0,0,0,0,0,0,none,0,0,0,11618.6,0,0,0,21,9338.58,1
348,5511,5512,0,5250,1,120.00500016851706,8.40193E-05,0,0,0,0,0,0,0,0,0,0,0,0,0,0,0,0,0,none,0,0,0,12784.1,0,0,0,21,8834.36,1
349,5511,5512,0,5250,1,120.00500016851706,8.40193E-05,0,0,0,0,0,0,0,0,0,0,0,0,0,0,0,0,0,none,0,0,0,10586.4,0,0,0,52,13068.9,1
350,5511,5512,0,5250,1,120.00500016851706,8.40193E-05,0,0,0,0,0,0,0,0,0,0,0,0,0,0,0,0,0,none,0,0,0,11484.1,0,0,0,15,10151.4,1
351,5511,5512,0,5250,1,120.00500016851706,8.40193E-05,0,0,0,0,0,0,0,0,0,0,0,0,0,0,0,0,0,none,0,0,0,15119.8,0,0,0,54,9247.8,1
352,5511,5512,0,5250,1,120.00500016851706,8.40193E-05,0,0,0,0,0,0,0,0,0,0,0,0,0,0,0,0,0,none,0,0,0,11631.9,0,0,0,17,13338.6,1
353,5511,5512,0,5250,1,120.00500016851706,8.40193E-05,0,0,0,0,0,0,0,0,0,0,0,0,0,0,0,0,0,none,0,0,0,11277.3,0,0,0,43,13879.8,1
354,5511,5512,0,5250,1,120.00500016851706,8.40193E-05,0,0,0,0,0,0,0,0,0,0,0,0,0,0,0,0,0,none,0,0,0,12649.3,0,0,0,13,10187.4,1
355,5511,5512,0,5250,1,120.00500016851706,8.40193E-05,0,0,0,0,0,0,0,0,0,0,0,0,0,0,0,0,0,none,0,0,0,10309.4,0,0,0,9,16117.5,1
356,5511,5512,0,5250,1,120.00500016851706,8.40193E-05,0,0,0,0,0,0,0,0,0,0,0,0,0,0,0,0,0,none,0,0,0,11020.4,0,0,0,23,17959,1
357,5511,5512,0,5250,1,120.00500016851706,8.40193E-05,0,0,0,0,0,0,0,0,0,0,0,0,0,0,0,0,0,none,0,0,0,13280.1,0,0,0,7,9016.1,1
358,5512,5512,0,5250,1,120.00500016851706,8.40193E-05,0,0,0,0,0,0,3,8.067582113158842E-12,0,2.657633373392587E-12,5.409948739766256E-12,1.3947865929058713E-12,2,0,0,0,0,none,0,0,2.0354164981242135E-16,11128,0,0,0,6,11986,1
359,5512,5512,0,5250,1,120.00500016851706,8.40193E-05,0,0,0,0,0,0,0,0,0,0,0,0,0,0,0,0,0,none,0,0,0,10291.6,0,0,0,12,18633.8,1
360,5512,5512,0,5250,1,120.00500016851706,8.40193E-05,0,0,0,0,0,0,0,0,0,0,0,0,0,0,0,0,0,none,0,0,0,13800.4,0,0,0,19,9468.62,1
361,5512,5512,0,5250,1,120.00500016851706,8.40193E-05,0,0,0,0,0,0,0,0,0,0,0,0,0,0,0,0,0,none,0,0,0,12705.3,0,0,0,15,9109.83,1
362,5512,5512,0,5250,1,120.00500016851706,8.40193E-05,0,0,0,0,0,0,0,0,0,0,0,0,0,0,0,0,0,none,0,0,0,10712,0,0,0,41,12739,1
363,5512,5512,0,5250,1,120.00500016851706,8.40193E-05,0,0,0,0,0,0,0,0,0,0,0,0,0,0,0,0,0,none,0,0,0,13970.2,0,0,0,24,10475.1,1
364,5512,5512,0,5250,1,120.00500016851706,8.40193E-05,0,0,0,0,0,0,0,0,0,0,0,0,0,0,0,0,0,none,0,0,0,15712.8,0,0,0,54,9421.66,1
365,5512,5512,0,5250,1,120.00500016851706,8.40193E-05,0,0,0,0,0,0,0,0,0,0,0,0,0,0,0,0,0,none,0,0,0,10673,0,0,0,13,11929.5,1
366,5512,5512,0,5250,1,120.00500016851706,8.40193E-05,0,0,0,0,0,0,0,0,0,0,0,0,0,0,0,0,0,none,0,0,0,11794.1,0,0,0,48,14262.7,1
367,5512,5512,0,5250,1,120.00500016851706,8.40193E-05,0,0,0,0,0,0,0,0,0,0,0,0,0,0,0,0,0,none,0,0,0,14935.1,0,0,0,17,9436.09,1
368,5512,5512,0,5250,1,120.00500016851706,8.40193E-05,0,0,0,0,0,0,0,0,0,0,0,0,0,0,0,0,0,none,0,0,0,10307.2,0,0,0,5,18778.4,1
369,5512,5512,0,5250,1,120.00500016851706,8.40193E-05,0,0,0,0,0,0,0,0,0,0,0,0,0,0,0,0,0,none,0,0,0,10246.4,0,0,0,73,32213.9,1
370,5512,5512,0,5250,1,120.00500016851706,8.40193E-05,0,0,0,0,0,0,0,0,0,0,0,0,0,0,0,0,0,none,0,0,0,13255.8,0,0,0,19,9125.1,1
371,5512,5512,0,5250,1,120.00500016851706,8.40193E-05,0,0,0,0,0,0,0,0,0,0,0,0,0,0,0,0,0,none,0,0,0,10657.7,0,0,0,9,8967.76,1
372,5512,5512,0,5250,1,120.00500016851706,8.40193E-05,0,0,0,0,0,0,0,0,0,0,0,0,0,0,0,0,0,none,0,0,0,11382.6,0,0,0,17,11876.1,1
373,5512,5512,0,5250,1,120.00500016851706,8.40193E-05,0,0,0,0,0,0,0,0,0,0,0,0,0,0,0,0,0,none,0,0,0,13836.2,0,0,0,14,9460.5,1
374,5512,5512,0,5250,1,120.00500016851706,8.40193E-05,0,0,0,0,0,0,0,0,0,0,0,0,0,0,0,0,0,none,0,0,0,10663.8,0,0,0,25,9538.52,1
375,5512,5512,0,5250,1,120.00500016851706,8.40193E-05,0,0,0,0,0,0,0,0,0,0,0,0,0,0,0,0,0,none,0,0,0,12803.1,0,0,0,31,16807.3,1
376,5512,5512,0,5250,1,120.00500016851706,8.40193E-05,0,0,0,0,0,0,0,0,0,0,0,0,0,0,0,0,0,none,0,0,0,12515.3,0,0,0,12,9482.29,1
377,5512,5512,0,5250,1,120.00500016851706,8.40193E-05,0,0,0,0,0,0,0,0,0,0,0,0,0,0,0,0,0,none,0,0,0,10685.4,0,0,0,50,11059.8,1
378,5512,5512,0,5250,1,120.00500016851706,8.40193E-05,0,0,0,0,0,0,0,0,0,0,0,0,0,0,0,0,0,none,0,0,0,10754.5,0,0,0,12,13599.6,1
379,5512,5512,0,5250,1,120.00500016851706,8.40193E-05,0,0,0,0,0,0,0,0,0,0,0,0,0,0,0,0,0,none,0,0,0,10415,0,0,0,57,9521.93,1
380,5512,5512,0,5250,1,120.00500016851706,8.40193E-05,0,0,0,0,0,0,0,0,0,0,0,0,0,0,0,0,0,none,0,0,0,10746.3,0,0,0,13,8886.32,1
381,5512,5512,0,5250,1,120.00500016851706,8.40193E-05,0,0,0,0,0,0,0,0,0,0,0,0,0,0,0,0,0,none,0,0,0,10440.4,0,0,0,117,8872.7,1
382,5512,5512,0,5250,1,120.00500016851706,8.40193E-05,0,0,0,0,0,0,0,0,0,0,0,0,0,0,0,0,0,none,0,0,0,10844.1,0,0,0,12,9591.25,1
383,5512,5512,0,5250,1,120.00500016851706,8.40193E-05,0,0,0,0,0,0,0,0,0,0,0,0,0,0,0,0,0,none,0,0,0,10892.7,0,0,0,19,9231.44,1
384,5512,5512,0,5250,1,120.00500016851706,8.40193E-05,0,0,0,0,0,0,0,0,0,0,0,0,0,0,0,0,0,none,0,0,0,12148.6,0,0,0,20,9322.31,1
385,5512,5512,0,5250,1,120.00500016851706,8.40193E-05,0,0,0,0,0,0,0,0,0,0,0,0,0,0,0,0,0,none,0,0,0,13314.3,0,0,0,21,9688.34,1
386,5512,5512,0,5250,1,120.00500016851706,8.40193E-05,0,0,0,0,0,0,0,0,0,0,0,0,0,0,0,0,0,none,0,0,0,11134.5,0,0,0,19,9901.48,1
387,5512,5512,0,5250,1,120.00500016851706,8.40193E-05,0,0,0,0,0,0,0,0,0,0,0,0,0,0,0,0,0,none,0,0,0,14530.2,0,0,0,12,10389.4,1
388,5512,5512,0,5250,1,120.00500016851706,8.40193E-05,0,0,0,0,0,0,0,0,0,0,0,0,0,0,0,0,0,none,0,0,0,12153.3,0,0,0,29,9777.79,1
389,5512,5512,0,5250,1,120.00500016851706,8.40193E-05,0,0,0,0,0,0,0,0,0,0,0,0,0,0,0,0,0,none,0,0,0,10869.9,0,0,0,10,11618,1
390,5512,5512,0,5250,1,120.00500016851706,8.40193E-05,0,0,0,0,0,0,0,0,0,0,0,0,0,0,0,0,0,none,0,0,0,15588.9,0,0,0,11,18899.1,1
391,5512,5512,0,5250,1,120.00500016851706,8.40193E-05,0,0,0,0,0,0,0,0,0,0,0,0,0,0,0,0,0,none,0,0,0,10442.1,0,0,0,13,8796.7,1
392,5512,5512,0,5250,1,120.00500016851706,8.40193E-05,0,0,0,0,0,0,0,0,0,0,0,0,0,0,0,0,0,none,0,0,0,10398.3,0,0,0,41,13134.6,1
393,5512,5512,0,5250,1,120.00500016851706,8.40193E-05,0,0,0,0,0,0,0,0,0,0,0,0,0,0,0,0,0,none,0,0,0,16427.7,0,0,0,77,8946.89,1
394,5512,5512,0,5250,1,120.00500016851706,8.40193E-05,0,0,0,0,0,0,0,0,0,0,0,0,0,0,0,0,0,none,0,0,0,10751,0,0,0,54,9176.19,1
395,5512,5512,0,5250,1,120.00500016851706,8.40193E-05,0,0,0,0,0,0,0,0,0,0,0,0,0,0,0,0,0,none,0,0,0,11661.7,0,0,0,21,12959.4,1
396,5512,5512,0,5250,1,120.00500016851706,8.40193E-05,0,0,0,0,0,0,0,0,0,0,0,0,0,0,0,0,0,none,0,0,0,13224.6,0,0,0,80,9340.77,1
397,5512,5512,0,5250,1,120.00500016851706,8.40193E-05,0,0,0,0,0,0,0,0,0,0,0,0,0,0,0,0,0,none,0,0,0,12796.5,0,0,0,15,9891.55,1
398,5512,5512,0,5250,1,120.00500016851706,8.40193E-05,0,0,0,0,0,0,0,0,0,0,0,0,0,0,0,0,0,none,0,0,0,11742.5,0,0,0,14,22850,1
399,5512,5512,0,5250,1,120.00500016851706,8.40193E-05,0,0,0,0,0,0,0,0,0,0,0,0,0,0,0,0,0,none,0,0,0,11421,0,0,0,25,10156.7,1
400,5512,5512,0,5250,1,120.00500016851706,8.40193E-05,0,0,0,0,0,0,0,0,0,0,0,0,0,0,0,0,0,none,0,0,0,15131.7,0,0,0,10,9914.85,1
401,5512,5512,0,5250,1,120.00500016851706,8.40193E-05,0,0,0,0,0,0,0,0,0,0,0,0,0,0,0,0,0,none,0,0,0,11620.5,0,0,0,1,596833,1
402,5512,5512,0,5250,1,120.00500016851706,8.40193E-05,0,0,0,0,0,0,0,0,0,0,0,0,0,0,0,0,0,none,0,0,0,10242.8,0,0,0,13,12846.4,1
403,5512,5512,0,5250,1,120.00500016851706,8.40193E-05,0,0,0,0,0,0,0,0,0,0,0,0,0,0,0,0,0,none,0,0,0,13366.2,0,0,0,14,9949.25,1
404,5512,5512,0,5250,1,120.00500016851706,8.40193E-05,0,0,0,0,0,0,0,0,0,0,0,0,0,0,0,0,0,none,0,0,0,10307.8,0,0,0,13,9048.37,1
405,5512,5512,0,5250,1,120.00500016851706,8.40193E-05,0,0,0,0,0,0,0,0,0,0,0,0,0,0,0,0,0,none,0,0,0,11756,0,0,0,45,12789.1,1
406,5512,5512,0,5250,1,120.00500016851706,8.40193E-05,0,0,0,0,0,0,0,0,0,0,0,0,0,0,0,0,0,none,0,0,0,14780.5,0,0,0,24,9017.57,1
407,5512,5512,0,5250,1,120.00500016851706,8.40193E-05,0,0,0,0,0,0,0,0,0,0,0,0,0,0,0,0,0,none,0,0,0,11135.2,0,0,0,58,9699.9,1
408,5512,5512,0,5250,1,120.00500016851706,8.40193E-05,0,0,0,0,0,0,0,0,0,0,0,0,0,0,0,0,0,none,0,0,0,14422.3,0,0,0,11,15680.9,1
409,5512,5512,0,5250,1,120.00500016851706,8.40193E-05,0,0,0,0,0,0,0,0,0,0,0,0,0,0,0,0,0,none,0,0,0,12103.5,0,0,0,46,9471.16,1
410,5512,5512,0,5250,1,120.00500016851706,8.40193E-05,0,0,0,0,0,0,0,0,0,0,0,0,0,0,0,0,0,none,0,0,0,12555,0,0,0,16,11516.1,1
411,5512,5512,0,5250,1,120.00500016851706,8.40193E-05,0,0,0,0,0,0,0,0,0,0,0,0,0,0,0,0,0,none,0,0,0,13398.5,0,0,0,81,15297.6,1
412,5512,5512,0,5250,1,120.00500016851706,8.40193E-05,0,0,0,0,0,0,0,0,0,0,0,0,0,0,0,0,0,none,0,0,0,10299.5,0,0,0,19,10302.2,1
413,5512,5512,0,5250,1,120.00500016851706,8.40193E-05,0,0,0,0,0,0,0,0,0,0,0,0,0,0,0,0,0,none,0,0,0,13045.6,0,0,0,7,17089.5,1
414,5512,5512,0,5250,1,120.00500016851706,8.40193E-05,0,0,0,0,0,0,0,0,0,0,0,0,0,0,0,0,0,none,0,0,0,11130.7,0,0,0,14,8911.97,1
415,5512,5512,0,5250,1,120.00500016851706,8.40193E-05,0,0,0,0,0,0,0,0,0,0,0,0,0,0,0,0,0,none,0,0,0,11091.9,0,0,0,20,10504.2,1
416,5512,5512,0,5250,1,120.00500016851706,8.40193E-05,0,0,0,0,0,0,0,0,0,0,0,0,0,0,0,0,0,none,0,0,0,13476.8,0,0,0,80,12639.1,1
417,5512,5512,0,5250,1,120.00500016851706,8.40193E-05,0,0,0,0,0,0,0,0,0,0,0,0,0,0,0,0,0,none,0,0,0,10308.6,0,0,0,14,9410.17,1
418,5512,5512,0,5250,1,120.00500016851706,8.40193E-05,0,0,0,0,0,0,0,0,0,0,0,0,0,0,0,0,0,none,0,0,0,13659.5,0,0,0,17,10659,1
419,5512,5512,0,5250,1,120.00500016851706,8.40193E-05,0,0,0,0,0,0,0,0,0,0,0,0,0,0,0,0,0,none,0,0,0,12829.2,0,0,0,15,9127.24,1
420,5512,5512,0,5250,1,120.00500016851706,8.40193E-05,0,0,0,0,0,0,0,0,0,0,0,0,0,0,0,0,0,none,0,0,0,11626,0,0,0,52,10664.2,1
421,5512,5512,0,5250,1,120.00500016851706,8.40193E-05,0,0,0,0,0,0,0,0,0,0,0,0,0,0,0,0,0,none,0,0,0,15123.9,0,0,0,17,10756.9,1
422,5512,5512,0,5250,1,120.00500016851706,8.40193E-05,0,0,0,0,0,0,0,0,0,0,0,0,0,0,0,0,0,none,0,0,0,10612.4,0,0,0,42,9667.23,1
423,5512,5512,0,5250,1,120.00500016851706,8.40193E-05,0,0,0,0,0,0,0,0,0,0,0,0,0,0,0,0,0,none,0,0,0,13974.1,0,0,0,16,12543.9,1
424,5512,5512,0,5250,1,120.00500016851706,8.40193E-05,0,0,0,0,0,0,0,0,0,0,0,0,0,0,0,0,0,none,0,0,0,12788.3,0,0,0,43,8837.84,1
425,5512,5512,0,5250,1,120.00500016851706,8.40193E-05,0,0,0,0,0,0,0,0,0,0,0,0,0,0,0,0,0,none,0,0,0,10607.8,0,0,0,24,10939.7,1
426,5512,5512,0,5250,1,120.00500016851706,8.40193E-05,0,0,0,0,0,0,0,0,0,0,0,0,0,0,0,0,0,none,0,0,0,12745,0,0,0,82,15453.2,1
427,5512,5512,0,5250,1,120.00500016851706,8.40193E-05,0,0,0,0,0,0,0,0,0,0,0,0,0,0,0,0,0,none,0,0,0,10746.4,0,0,0,15,9254.33,1
428,5512,5512,0,5250,1,120.00500016851706,8.40193E-05,0,0,0,0,0,0,0,0,0,0,0,0,0,0,0,0,0,none,0,0,0,12952.6,0,0,0,13,13187.1,1
429,5512,5512,0,5250,1,120.00500016851706,8.40193E-05,0,0,0,0,0,0,0,0,0,0,0,0,0,0,0,0,0,none,0,0,0,13638.4,0,0,0,7,8887.28,1
430,5512,5512,0,5250,1,120.00500016851706,8.40193E-05,0,0,0,0,0,0,0,0,0,0,0,0,0,0,0,0,0,none,0,0,0,10444,0,0,0,18,10204.3,1
431,5512,5512,0,5250,1,120.00500016851706,8.40193E-05,0,0,0,0,0,0,0,0,0,0,0,0,0,0,0,0,0,none,0,0,0,13794.1,0,0,0,18,13202.7,1
432,5512,5512,0,5250,1,120.00500016851706,8.40193E-05,0,0,0,0,0,0,0,0,0,0,0,0,0,0,0,0,0,none,0,0,0,11096.5,0,0,0,17,9233.17,1
433,5512,5512,0,5250,1,120.00500016851706,8.40193E-05,0,0,0,0,0,0,0,0,0,0,0,0,0,0,0,0,0,none,0,0,0,12158.4,0,0,0,12,11071.5,1
434,5512,5512,0,5250,1,120.00500016851706,8.40193E-05,0,0,0,0,0,0,0,0,0,0,0,0,0,0,0,0,0,none,0,0,0,14461.5,0,0,0,14,17518.7,1
435,5512,5512,0,5250,1,120.00500016851706,8.40193E-05,0,0,0,0,0,0,0,0,0,0,0,0,0,0,0,0,0,none,0,0,0,10298,0,0,0,48,9905.47,1
436,5512,5512,0,5250,1,120.00500016851706,8.40193E-05,0,0,0,0,0,0,0,0,0,0,0,0,0,0,0,0,0,none,0,0,0,14539.7,0,0,0,24,11303.9,1
437,5512,5512,0,5250,1,120.00500016851706,8.40193E-05,0,0,0,0,0,0,0,0,0,0,0,0,0,0,0,0,0,none,0,0,0,12141.6,0,0,0,51,9115.03,1
438,5512,5512,0,5250,1,120.00500016851706,8.40193E-05,0,0,0,0,0,0,0,0,0,0,0,0,0,0,0,0,0,none,0,0,0,12096.8,0,0,0,9,11630.3,1
439,5512,5512,0,5250,1,120.00500016851706,8.40193E-05,0,0,0,0,0,0,0,0,0,0,0,0,0,0,0,0,0,none,0,0,0,14427.9,0,0,0,84,11715.6,1
440,5512,5512,0,5250,1,120.00500016851706,8.40193E-05,0,0,0,0,0,0,0,0,0,0,0,0,0,0,0,0,0,none,0,0,0,10437.7,0,0,0,16,9842.15,1
441,5510,5512,2,5250,1,120.00500016851706,8.40193E-05,0,2,1.9132700162077544E-14,0,0,0,0,0,0,0,0,0,0,0,1.91326988974172E-14,0,-1.2646603438765913E-21,only_tiny_or_pullers,0,0,-1.4210854715202004E-14,12496.4,0,0,0,81,13299.2,1
442,5510,5512,0,5250,1,120.00500016851706,8.40193E-05,0,0,0,0,0,0,0,0,0,0,0,0,0,0,0,0,0,none,0,0,0,11761.6,0,0,0,15,8948.06,1
443,5510,5512,0,5250,1,120.00500016851706,8.40193E-05,0,0,0,0,0,0,0,0,0,0,0,0,0,0,0,0,0,none,0,0,0,10757.7,0,0,0,18,14499.7,1
444,5510,5512,0,5250,1,120.00500016851706,8.40193E-05,0,0,0,0,0,0,0,0,0,0,0,0,0,0,0,0,0,none,0,0,0,12141.2,0,0,0,19,12296.1,1
445,5511,5512,0,5250,1,120.00500016851706,8.40193E-05,0,0,0,0,0,0,1,1.560323120494971E-10,0,7.273373688759685E-12,1.4875893836073743E-10,1.4875893836073743E-10,0,0,0,0,0,none,0,0,-2.5839254237406555E-15,10243.3,0,0,0,39,9342.96,1
446,5511,5512,0,5250,1,120.00500016851706,8.40193E-05,0,0,0,0,0,0,0,0,0,0,0,0,0,0,0,0,0,none,0,0,0,12808.9,0,0,0,10,26636.8,1
447,5511,5512,0,5250,1,120.00500016851706,8.40193E-05,0,0,0,0,0,0,0,0,0,0,0,0,0,0,0,0,0,none,0,0,0,11933.8,0,0,0,28,8974.22,1
448,5511,5512,0,5250,1,120.00500016851706,8.40193E-05,0,0,0,0,0,0,0,0,0,0,0,0,0,0,0,0,0,none,0,0,0,11413.4,0,0,0,52,10162,1
449,5511,5512,0,5250,1,120.00500016851706,8.40193E-05,0,0,0,0,0,0,0,0,0,0,0,0,0,0,0,0,0,none,0,0,0,14911.4,0,0,0,7,35137.6,1
450,5511,5512,0,5250,1,120.00500016851706,8.40193E-05,0,0,0,0,0,0,0,0,0,0,0,0,0,0,0,0,0,none,0,0,0,11609,0,0,0,42,9552.43,1
451,5511,5512,0,5250,1,120.00500016851706,8.40193E-05,0,0,0,0,0,0,0,0,0,0,0,0,0,0,0,0,0,none,0,0,0,14067.1,0,0,0,13,12225.5,1
452,5511,5512,0,5250,1,120.00500016851706,8.40193E-05,0,0,0,0,0,0,0,0,0,0,0,0,0,0,0,0,0,none,0,0,0,12471.7,0,0,0,43,12710.7,1
453,5511,5512,0,5250,1,120.00500016851706,8.40193E-05,0,0,0,0,0,0,0,0,0,0,0,0,0,0,0,0,0,none,0,0,0,10306.2,0,0,0,16,11099.8,1
454,5511,5512,0,5250,1,120.00500016851706,8.40193E-05,0,0,0,0,0,0,0,0,0,0,0,0,0,0,0,0,0,none,0,0,0,12589.3,0,0,0,17,13420.8,1
455,5511,5512,0,5250,1,120.00500016851706,8.40193E-05,0,0,0,0,0,0,0,0,0,0,0,0,0,0,0,0,0,none,0,0,0,10400.5,0,0,0,12,9019.07,1
456,5511,5512,0,5250,1,120.00500016851706,8.40193E-05,0,0,0,0,0,0,0,0,0,0,0,0,0,0,0,0,0,none,0,0,0,11142.5,0,0,0,82,14737.9,1
457,5511,5512,0,5250,1,120.00500016851706,8.40193E-05,0,0,0,0,0,0,0,0,0,0,0,0,0,0,0,0,0,none,0,0,0,13465.7,0,0,0,17,8875.71,1
458,5511,5512,0,5250,1,120.00500016851706,8.40193E-05,0,0,0,0,0,0,0,0,0,0,0,0,0,0,0,0,0,none,0,0,0,10864.7,0,0,0,39,9473.73,1
459,5511,5512,0,5250,1,120.00500016851706,8.40193E-05,0,0,0,0,0,0,0,0,0,0,0,0,0,0,0,0,0,none,0,0,0,11532,0,0,0,9,16477.3,1
460,5511,5512,0,5250,1,120.00500016851706,8.40193E-05,0,0,0,0,0,0,0,0,0,0,0,0,0,0,0,0,0,none,0,0,0,13387.1,0,0,0,12,9328.59,1
461,5511,5512,0,5250,1,120.00500016851706,8.40193E-05,0,0,0,0,0,0,0,0,0,0,0,0,0,0,0,0,0,none,0,0,0,12594.3,0,0,0,21,10487.4,1
462,5511,5512,0,5250,1,120.00500016851706,8.40193E-05,0,0,0,0,0,0,0,0,0,0,0,0,0,0,0,0,0,none,0,0,0,11348.7,0,0,0,10,18360.7,1
463,5511,5512,0,5250,1,120.00500016851706,8.40193E-05,0,0,0,0,0,0,0,0,0,0,0,0,0,0,0,0,0,none,0,0,0,11122,0,0,0,109,10407.8,1
464,5511,5512,0,5250,1,120.00500016851706,8.40193E-05,0,0,0,0,0,0,0,0,0,0,0,0,0,0,0,0,0,none,0,0,0,15078.7,0,0,0,26,14350.8,1
465,5511,5512,0,5250,1,120.00500016851706,8.40193E-05,0,0,0,0,0,0,0,0,0,0,0,0,0,0,0,0,0,none,0,0,0,10847.4,0,0,0,45,12095.9,1
466,5511,5512,0,5250,1,120.00500016851706,8.40193E-05,0,0,0,0,0,0,0,0,0,0,0,0,0,0,0,0,0,none,0,0,0,10310,0,0,0,16,19228.8,1
467,5511,5512,0,5250,1,120.00500016851706,8.40193E-05,0,0,0,0,0,0,0,0,0,0,0,0,0,0,0,0,0,none,0,0,0,16476.2,0,0,0,54,8799.97,1
468,5511,5512,0,5250,1,120.00500016851706,8.40193E-05,0,0,0,0,0,0,0,0,0,0,0,0,0,0,0,0,0,none,0,0,0,10411.3,0,0,0,17,9129.37,1
469,5511,5512,0,5250,1,120.00500016851706,8.40193E-05,0,0,0,0,0,0,0,0,0,0,0,0,0,0,0,0,0,none,0,0,0,11635.6,0,0,0,7,15001.4,1
470,5511,5512,0,5250,1,120.00500016851706,8.40193E-05,0,0,0,0,0,0,0,0,0,0,0,0,0,0,0,0,0,none,0,0,0,13369.2,0,0,0,12,9182.48,1
471,5511,5512,0,5250,1,120.00500016851706,8.40193E-05,0,0,0,0,0,0,0,0,0,0,0,0,0,0,0,0,0,none,0,0,0,10734.2,0,0,0,84,9671.6,1
472,5511,5512,0,5250,1,120.00500016851706,8.40193E-05,0,0,0,0,0,0,0,0,0,0,0,0,0,0,0,0,0,none,0,0,0,13255.1,0,0,0,9,12035,1
473,5511,5512,0,5250,1,120.00500016851706,8.40193E-05,0,0,0,0,0,0,0,0,0,0,0,0,0,0,0,0,0,none,0,0,0,12773.4,0,0,0,16,9415.1,1
474,5511,5512,0,5250,1,120.00500016851706,8.40193E-05,0,0,0,0,0,0,0,0,0,0,0,0,0,0,0,0,0,none,0,0,0,10680.9,0,0,0,9,10950.7,1
475,5511,5512,0,5250,1,120.00500016851706,8.40193E-05,0,0,0,0,0,0,0,0,0,0,0,0,0,0,0,0,0,none,0,0,0,11387,0,0,0,12,19475.1,1
476,5511,5512,0,5250,1,120.00500016851706,8.40193E-05,0,0,0,0,0,0,0,0,0,0,0,0,0,0,0,0,0,none,0,0,0,10738.4,0,0,0,44,9432.1,1
477,5511,5512,0,5250,1,120.00500016851706,8.40193E-05,0,0,0,0,0,0,0,0,0,0,0,0,0,0,0,0,0,none,0,0,0,10662.3,0,0,0,27,14746.3,1
478,5511,5512,0,5250,1,120.00500016851706,8.40193E-05,0,0,0,0,0,0,0,0,0,0,0,0,0,0,0,0,0,none,0,0,0,10245.5,0,0,0,62,8888.24,1
479,5512,5512,1,5250,1,120.00500016851706,8.40193E-05,0,1,7.094121104871236E-09,0,0,0,4,4.0036191489437553E-13,0,1.6810126804798408E-13,2.3226064684639147E-13,1.0737111862782924E-13,2,0,7.094121104873332E-09,0,2.096075672209372E-21,no_compact_gain,0,0,-2.428988534439961E-15,10447.8,0,0,0,17,9443.62,1
480,5512,5512,0,5250,1,120.00500016851706,8.40193E-05,0,0,0,0,0,0,0,0,0,0,0,0,0,0,0,0,0,none,0,0,0,10657.5,0,0,0,53,9054.67,1
481,5512,5512,0,5250,1,120.00500016851706,8.40193E-05,0,0,0,0,0,0,0,0,0,0,0,0,0,0,0,0,0,none,0,0,0,11785.8,0,0,0,23,9234.9,1
482,5512,5512,0,5250,1,120.00500016851706,8.40193E-05,0,0,0,0,0,0,0,0,0,0,0,0,0,0,0,0,0,none,0,0,0,12168.2,0,0,0,13,9455.62,1
483,5512,5512,0,5250,1,120.00500016851706,8.40193E-05,0,0,0,0,0,0,0,0,0,0,0,0,0,0,0,0,0,none,0,0,0,10660.7,0,0,0,20,9712.21,1
484,5512,5512,0,5250,1,120.00500016851706,8.40193E-05,0,0,0,0,0,0,0,0,0,0,0,0,0,0,0,0,0,none,0,0,0,13939.5,0,0,0,14,9909.47,1
485,5511,5512,0,5250,1,120.00500016851706,8.40193E-05,0,0,0,0,0,0,1,3.4864250613911775E-10,0,3.4864250613911775E-10,0,0,0,0,0,0,0,none,0,0,7.60741106699514E-15,12071.6,0,0,0,16,9473.84,1
486,5511,5512,0,5250,1,120.00500016851706,8.40193E-05,0,0,0,0,0,0,0,0,0,0,0,0,0,0,0,0,0,none,0,0,0,10675.7,0,0,0,142,11552.7,1
487,5511,5512,0,5250,1,120.00500016851706,8.40193E-05,0,0,0,0,0,0,0,0,0,0,0,0,0,0,0,0,0,none,0,0,0,14121.1,0,0,0,26,11642.7,1
488,5511,5512,0,5250,1,120.00500016851706,8.40193E-05,0,0,0,0,0,0,0,0,0,0,0,0,0,0,0,0,0,none,0,0,0,10292.4,0,0,0,21,9506.44,1
489,5511,5512,0,5250,1,120.00500016851706,8.40193E-05,0,0,0,0,0,0,0,0,0,0,0,0,0,0,0,0,0,none,0,0,0,10433.5,0,0,0,10,15486.4,1
490,5511,5512,0,5250,1,120.00500016851706,8.40193E-05,0,0,0,0,0,0,0,0,0,0,0,0,0,0,0,0,0,none,0,0,0,16668.8,0,0,0,15,8916,1
491,5511,5512,0,5250,1,120.00500016851706,8.40193E-05,0,0,0,0,0,0,0,0,0,0,0,0,0,0,0,0,0,none,0,0,0,11114.9,0,0,0,46,8949.23,1
492,5511,5512,0,5250,1,120.00500016851706,8.40193E-05,0,0,0,0,0,0,0,0,0,0,0,0,0,0,0,0,0,none,0,0,0,10764.5,0,0,0,16,15486.4,1
493,5511,5512,0,5250,1,120.00500016851706,8.40193E-05,0,0,0,0,0,0,0,0,0,0,0,0,0,0,0,0,0,none,0,0,0,15610.6,0,0,0,54,9419.68,1
494,5511,5512,0,5250,1,120.00500016851706,8.40193E-05,0,0,0,0,0,0,0,0,0,0,0,0,0,0,0,0,0,none,0,0,0,13691.1,0,0,0,14,9345.17,1
495,5511,5512,0,5250,1,120.00500016851706,8.40193E-05,0,0,0,0,0,0,0,0,0,0,0,0,0,0,0,0,0,none,0,0,0,11050.4,0,0,0,42,13333.3,1
496,5511,5512,0,5250,1,120.00500016851706,8.40193E-05,0,0,0,0,0,0,0,0,0,0,0,0,0,0,0,0,0,none,0,0,0,12886.5,0,0,0,27,10694.9,1
497,5511,5512,0,5250,1,120.00500016851706,8.40193E-05,0,0,0,0,0,0,0,0,0,0,0,0,0,0,0,0,0,none,0,0,0,16200.1,0,0,0,10,9752.17,1
498,5511,5512,0,5250,1,120.00500016851706,8.40193E-05,0,0,0,0,0,0,0,0,0,0,0,0,0,0,0,0,0,none,0,0,0,10588.8,0,0,0,9,16328.4,1
499,5511,5512,0,5250,1,120.00500016851706,8.40193E-05,0,0,0,0,0,0,0,0,0,0,0,0,0,0,0,0,0,none,0,0,0,11597.6,0,0,0,14,19918.9,1
500,5511,5512,0,5250,1,120.00500016851706,8.40193E-05,0,0,0,0,0,0,0,0,0,0,0,0,0,0,0,0,0,none,0,0,0,13527.5,0,0,0,18,8841.28,1
501,5511,5512,0,5250,1,120.00500016851706,8.40193E-05,0,0,0,0,0,0,0,0,0,0,0,0,0,0,0,0,0,none,0,0,0,10629.6,0,0,0,76,16328.4,1
502,5511,5512,0,5250,1,120.00500016851706,8.40193E-05,0,0,0,0,0,0,0,0,0,0,0,0,0,0,0,0,0,none,0,0,0,10304.7,0,0,0,14,13190.3,1
503,5511,5512,0,5250,1,120.00500016851706,8.40193E-05,0,0,0,0,0,0,0,0,0,0,0,0,0,0,0,0,0,none,0,0,0,12994.2,0,0,0,16,9260.78,1
504,5511,5512,0,5250,1,120.00500016851706,8.40193E-05,0,0,0,0,0,0,0,0,0,0,0,0,0,0,0,0,0,none,0,0,0,11630.8,0,0,0,13,9020.58,1
505,5511,5512,0,5250,1,120.00500016851706,8.40193E-05,0,0,0,0,0,0,0,0,0,0,0,0,0,0,0,0,0,none,0,0,0,11149.9,0,0,0,15,14799.3,1
506,5511,5512,0,5250,1,120.00500016851706,8.40193E-05,0,0,0,0,0,0,0,0,0,0,0,0,0,0,0,0,0,none,0,0,0,15695.7,0,0,0,56,9884.53,1
507,5511,5512,0,5250,1,120.00500016851706,8.40193E-05,0,0,0,0,0,0,0,0,0,0,0,0,0,0,0,0,0,none,0,0,0,11717.6,0,0,0,11,9476.31,1
508,5511,5512,0,5250,1,120.00500016851706,8.40193E-05,0,0,0,0,0,0,0,0,0,0,0,0,0,0,0,0,0,none,0,0,0,11071.9,0,0,0,39,13908,1
509,5511,5512,0,5250,1,120.00500016851706,8.40193E-05,0,0,0,0,0,0,0,0,0,0,0,0,0,0,0,0,0,none,0,0,0,13375.8,0,0,0,89,9906.7,1
510,5511,5512,0,5250,1,120.00500016851706,8.40193E-05,0,0,0,0,0,0,0,0,0,0,0,0,0,0,0,0,0,none,0,0,0,11797.4,0,0,0,47,10493.5,1
511,5511,5512,0,5250,1,120.00500016851706,8.40193E-05,0,0,0,0,0,0,0,0,0,0,0,0,0,0,0,0,0,none,0,0,0,10304.8,0,0,0,10,23808.6,1
512,5511,5512,0,5250,1,120.00500016851706,8.40193E-05,0,0,0,0,0,0,0,0,0,0,0,0,0,0,0,0,0,none,0,0,0,11113.5,0,0,0,9,9936.11,1
513,5511,5512,0,5250,1,120.00500016851706,8.40193E-05,0,0,0,0,0,0,0,0,0,0,0,0,0,0,0,0,0,none,0,0,0,11906,0,0,0,9,9120.23,1
514,5511,5512,0,5250,1,120.00500016851706,8.40193E-05,0,0,0,0,0,0,0,0,0,0,0,0,0,0,0,0,0,none,0,0,0,12126.3,0,0,0,12,17324,1
515,5511,5512,0,5250,1,120.00500016851706,8.40193E-05,0,0,0,0,0,0,0,0,0,0,0,0,0,0,0,0,0,none,0,0,0,10311.4,0,0,0,23,9986.6,1
516,5511,5512,0,5250,1,120.00500016851706,8.40193E-05,0,0,0,0,0,0,0,0,0,0,0,0,0,0,0,0,0,none,0,0,0,12091.7,0,0,0,86,9854.83,1
517,5511,5512,0,5250,1,120.00500016851706,8.40193E-05,0,0,0,0,0,0,0,0,0,0,0,0,0,0,0,0,0,none,0,0,0,13246,0,0,0,15,9131.5,1
518,5511,5512,0,5250,1,120.00500016851706,8.40193E-05,0,0,0,0,0,0,0,0,0,0,0,0,0,0,0,0,0,none,0,0,0,11645.2,0,0,0,20,10079.7,1
519,5511,5512,0,5250,1,120.00500016851706,8.40193E-05,0,0,0,0,0,0,0,0,0,0,0,0,0,0,0,0,0,none,0,0,0,12415.6,0,0,0,55,12766.6,1
520,5511,5512,0,5250,1,120.00500016851706,8.40193E-05,0,0,0,0,0,0,0,0,0,0,0,0,0,0,0,0,0,none,0,0,0,14572,0,0,0,19,9675.97,1
521,5511,5512,0,5250,1,120.00500016851706,8.40193E-05,0,0,0,0,0,0,0,0,0,0,0,0,0,0,0,0,0,none,0,0,0,10240.7,0,0,0,42,10238.2,1
522,5511,5512,0,5250,1,120.00500016851706,8.40193E-05,0,0,0,0,0,0,0,0,0,0,0,0,0,0,0,0,0,none,0,0,0,12758.6,0,0,0,20,14005.9,1
523,5511,5512,0,5250,1,120.00500016851706,8.40193E-05,0,0,0,0,0,0,0,0,0,0,0,0,0,0,0,0,0,none,0,0,0,14887.5,0,0,0,44,8980.86,1
524,5511,5512,0,5250,1,120.00500016851706,8.40193E-05,0,0,0,0,0,0,0,0,0,0,0,0,0,0,0,0,0,none,0,0,0,11444.8,0,0,0,11,10441.6,1
525,5511,5512,0,5250,1,120.00500016851706,8.40193E-05,0,0,0,0,0,0,0,0,0,0,0,0,0,0,0,0,0,none,0,0,0,10730.3,0,0,0,19,17600.2,1
526,5511,5512,0,5250,1,120.00500016851706,8.40193E-05,0,0,0,0,0,0,0,0,0,0,0,0,0,0,0,0,0,none,0,0,0,13022.5,0,0,0,9,9566.47,1
527,5511,5512,0,5250,1,120.00500016851706,8.40193E-05,0,0,0,0,0,0,0,0,0,0,0,0,0,0,0,0,0,none,0,0,0,14102.2,0,0,0,13,8889.2,1
528,5511,5512,0,5250,1,120.00500016851706,8.40193E-05,0,0,0,0,0,0,0,0,0,0,0,0,0,0,0,0,0,none,0,0,0,10451.5,0,0,0,23,12615.7,1
529,5511,5512,0,5250,1,120.00500016851706,8.40193E-05,0,0,0,0,0,0,0,0,0,0,0,0,0,0,0,0,0,none,0,0,0,14282,0,0,0,14,11139.7,1
530,5511,5512,0,5250,1,120.00500016851706,8.40193E-05,0,0,0,0,0,0,0,0,0,0,0,0,0,0,0,0,0,none,0,0,0,14255.1,0,0,0,21,9236.63,1
531,5511,5512,0,5250,1,120.00500016851706,8.40193E-05,0,0,0,0,0,0,0,0,0,0,0,0,0,0,0,0,0,none,0,0,0,10386.9,0,0,0,80,15397,1
532,5511,5512,0,5250,1,120.00500016851706,8.40193E-05,0,0,0,0,0,0,0,0,0,0,0,0,0,0,0,0,0,none,0,0,0,14145.1,0,0,0,12,14425.6,1
533,5511,5512,0,5250,1,120.00500016851706,8.40193E-05,0,0,0,0,0,0,0,0,0,0,0,0,0,0,0,0,0,none,0,0,0,12911.5,0,0,0,79,8878.73,1
534,5511,5512,0,5250,1,120.00500016851706,8.40193E-05,0,0,0,0,0,0,0,0,0,0,0,0,0,0,0,0,0,none,0,0,0,10885.2,0,0,0,53,12953.2,1
535,5511,5512,0,5250,1,120.00500016851706,8.40193E-05,0,0,0,0,0,0,0,0,0,0,0,0,0,0,0,0,0,none,0,0,0,12118.6,0,0,0,18,14354.8,1
536,5511,5512,0,5250,1,120.00500016851706,8.40193E-05,0,0,0,0,0,0,0,0,0,0,0,0,0,0,0,0,0,none,0,0,0,15708.2,0,0,0,42,9334.96,1
537,5511,5512,0,5250,1,120.00500016851706,8.40193E-05,0,0,0,0,0,0,0,0,0,0,0,0,0,0,0,0,0,none,0,0,0,13371.4,0,0,0,12,12623.1,1
538,5511,5512,0,5250,1,120.00500016851706,8.40193E-05,0,0,0,0,0,0,0,0,0,0,0,0,0,0,0,0,0,none,0,0,0,10429.4,0,0,0,39,14882.9,1
539,5511,5512,0,5250,1,120.00500016851706,8.40193E-05,0,0,0,0,0,0,0,0,0,0,0,0,0,0,0,0,0,none,0,0,0,14318.6,0,0,0,15,10426.7,1
540,5511,5512,0,5250,1,120.00500016851706,8.40193E-05,0,0,0,0,0,0,0,0,0,0,0,0,0,0,0,0,0,none,0,0,0,12814.2,0,0,0,21,8950.41,1
541,5511,5512,0,5250,1,120.00500016851706,8.40193E-05,0,0,0,0,0,0,0,0,0,0,0,0,0,0,0,0,0,none,0,0,0,10771.2,0,0,0,15,12686.2,1
542,5511,5512,0,5250,1,120.00500016851706,8.40193E-05,0,0,0,0,0,0,0,0,0,0,0,0,0,0,0,0,0,none,0,0,0,15712.2,0,0,0,15,11023.2,1
543,5511,5512,0,5250,1,120.00500016851706,8.40193E-05,0,0,0,0,0,0,0,0,0,0,0,0,0,0,0,0,0,none,0,0,0,13601.6,0,0,0,18,8803.29,1
544,5511,5512,0,5250,1,120.00500016851706,8.40193E-05,0,0,0,0,0,0,0,0,0,0,0,0,0,0,0,0,0,none,0,0,0,10425.3,0,0,0,7,12528.8,1
545,5511,5512,0,5250,1,120.00500016851706,8.40193E-05,0,0,0,0,0,0,0,0,0,0,0,0,0,0,0,0,0,none,0,0,0,13893.8,0,0,0,16,11212.3,1
546,5511,5512,0,5250,1,120.00500016851706,8.40193E-05,0,0,0,0,0,0,0,0,0,0,0,0,0,0,0,0,0,none,0,0,0,14149.1,0,0,0,79,9188.87,1
547,5511,5512,0,5250,1,120.00500016851706,8.40193E-05,0,0,0,0,0,0,0,0,0,0,0,0,0,0,0,0,0,none,0,0,0,12544.9,0,0,0,7,41071.8,1
548,5511,5512,0,5250,1,120.00500016851706,8.40193E-05,0,0,0,0,0,0,0,0,0,0,0,0,0,0,0,0,0,none,0,0,0,11586.1,0,0,0,16,11560.9,1
549,5511,5512,0,5250,1,120.00500016851706,8.40193E-05,0,0,0,0,0,0,0,0,0,0,0,0,0,0,0,0,0,none,0,0,0,15122.9,0,0,0,56,10033.7,1
550,5511,5512,0,5250,1,120.00500016851706,8.40193E-05,0,0,0,0,0,0,0,0,0,0,0,0,0,0,0,0,0,none,0,0,0,12636.3,0,0,0,27,15167.4,1
551,5511,5512,0,5250,1,120.00500016851706,8.40193E-05,0,0,0,0,0,0,0,0,0,0,0,0,0,0,0,0,0,none,0,0,0,10303.2,0,0,0,55,12089.3,1
552,5511,5512,0,5250,1,120.00500016851706,8.40193E-05,0,0,0,0,0,0,0,0,0,0,0,0,0,0,0,0,0,none,0,0,0,14081.2,0,0,0,14,17467,1
553,5511,5512,0,5250,1,120.00500016851706,8.40193E-05,0,0,0,0,0,0,0,0,0,0,0,0,0,0,0,0,0,none,0,0,0,12232.2,0,0,0,26,9022.11,1
554,5511,5512,0,5250,1,120.00500016851706,8.40193E-05,0,0,0,0,0,0,0,0,0,0,0,0,0,0,0,0,0,none,0,0,0,10248.6,0,0,0,20,12761.3,1
555,5511,5512,0,5250,1,120.00500016851706,8.40193E-05,0,0,0,0,0,0,0,0,0,0,0,0,0,0,0,0,0,none,0,0,0,15472.9,0,0,0,6,18605,1
556,5511,5512,0,5250,1,120.00500016851706,8.40193E-05,0,0,0,0,0,0,0,0,0,0,0,0,0,0,0,0,0,none,0,0,0,11984.9,0,0,0,79,9060.81,1
557,5511,5512,0,5250,1,120.00500016851706,8.40193E-05,0,0,0,0,0,0,0,0,0,0,0,0,0,0,0,0,0,none,0,0,0,11815.2,0,0,0,10,35131.6,1
558,5511,5512,0,5250,1,120.00500016851706,8.40193E-05,0,0,0,0,0,0,0,0,0,0,0,0,0,0,0,0,0,none,0,0,0,13364.4,0,0,0,14,12359.3,1
559,5511,5512,0,5250,1,120.00500016851706,8.40193E-05,0,0,0,0,0,0,0,0,0,0,0,0,0,0,0,0,0,none,0,0,0,11845.2,0,0,0,15,9724.31,1
560,5511,5512,0,5250,1,120.00500016851706,8.40193E-05,0,0,0,0,0,0,0,0,0,0,0,0,0,0,0,0,0,none,0,0,0,14480.8,0,0,0,19,15849.8,1
561,5511,5512,0,5250,1,120.00500016851706,8.40193E-05,0,0,0,0,0,0,0,0,0,0,0,0,0,0,0,0,0,none,0,0,0,11105,0,0,0,79,14734.7,1
562,5511,5512,0,5250,1,120.00500016851706,8.40193E-05,0,0,0,0,0,0,0,0,0,0,0,0,0,0,0,0,0,none,0,0,0,11756,0,0,0,45,11589.4,1
563,5511,5512,0,5250,1,120.00500016851706,8.40193E-05,0,0,0,0,0,0,0,0,0,0,0,0,0,0,0,0,0,none,0,0,0,13948.7,0,0,0,17,16251.6,1
564,5511,5512,0,5250,1,120.00500016851706,8.40193E-05,0,0,0,0,0,0,0,0,0,0,0,0,0,0,0,0,0,none,0,0,0,10285.7,0,0,0,42,13434.4,1
565,5511,5512,0,5250,1,120.00500016851706,8.40193E-05,0,0,0,0,0,0,0,0,0,0,0,0,0,0,0,0,0,none,0,0,0,11676.7,0,0,0,24,12284.1,1
566,5511,5512,0,5250,1,120.00500016851706,8.40193E-05,0,0,0,0,0,0,0,0,0,0,0,0,0,0,0,0,0,none,0,0,0,14467.4,0,0,0,41,8920.22,1
567,5511,5512,0,5250,1,120.00500016851706,8.40193E-05,0,0,0,0,0,0,0,0,0,0,0,0,0,0,0,0,0,none,0,0,0,11138.5,0,0,0,21,12841.3,1
568,5511,5512,0,5250,1,120.00500016851706,8.40193E-05,0,0,0,0,0,0,0,0,0,0,0,0,0,0,0,0,0,none,0,0,0,11573.5,0,0,0,13,20191.6,1
569,5511,5512,0,5250,1,120.00500016851706,8.40193E-05,0,0,0,0,0,0,0,0,0,0,0,0,0,0,0,0,0,none,0,0,0,13559.7,0,0,0,19,9429.65,1
570,5511,5512,0,5250,1,120.00500016851706,8.40193E-05,0,0,0,0,0,0,0,0,0,0,0,0,0,0,0,0,0,none,0,0,0,13723.4,0,0,0,1,22523.7,1
571,5511,5512,0,5250,1,120.00500016851706,8.40193E-05,0,0,0,0,0,0,0,0,0,0,0,0,0,0,0,0,0,none,0,0,0,11413,0,0,0,19,15192.8,1
572,5511,5512,0,5250,1,120.00500016851706,8.40193E-05,0,0,0,0,0,0,0,0,0,0,0,0,0,0,0,0,0,none,0,0,0,13790.1,0,0,0,31,10727.1,1
573,5511,5512,0,5250,1,120.00500016851706,8.40193E-05,0,0,0,0,0,0,0,0,0,0,0,0,0,0,0,0,0,none,0,0,0,13781.8,0,0,0,26,13203.4,1
574,5511,5512,0,5250,1,120.00500016851706,8.40193E-05,0,0,0,0,0,0,0,0,0,0,0,0,0,0,0,0,0,none,0,0,0,10565.8,0,0,0,18,14451.5,1
575,5511,5512,0,5250,1,120.00500016851706,8.40193E-05,0,0,0,0,0,0,0,0,0,0,0,0,0,0,0,0,0,none,0,0,0,12589,0,0,0,4,64132.2,1
576,5511,5512,0,5250,1,120.00500016851706,8.40193E-05,0,0,0,0,0,0,0,0,0,0,0,0,0,0,0,0,0,none,0,0,0,14136,0,0,0,80,8844.67,1
577,5511,5512,0,5250,1,120.00500016851706,8.40193E-05,0,0,0,0,0,0,0,0,0,0,0,0,0,0,0,0,0,none,0,0,0,10455.4,0,0,0,43,13013.2,1
578,5511,5512,0,5250,1,120.00500016851706,8.40193E-05,0,0,0,0,0,0,0,0,0,0,0,0,0,0,0,0,0,none,0,0,0,15626.3,0,0,0,11,15677.9,1
579,5511,5512,0,5250,1,120.00500016851706,8.40193E-05,0,0,0,0,0,0,0,0,0,0,0,0,0,0,0,0,0,none,0,0,0,17403.7,0,0,0,46,9238.36,1
580,5511,5512,0,5250,1,120.00500016851706,8.40193E-05,0,0,0,0,0,0,0,0,0,0,0,0,0,0,0,0,0,none,0,0,0,10763.8,0,0,0,81,12926.8,1
581,5511,5512,0,5250,1,120.00500016851706,8.40193E-05,0,0,0,0,0,0,0,0,0,0,0,0,0,0,0,0,0,none,0,0,0,13598.5,0,0,0,47,14224.2,1
582,5511,5512,0,5250,1,120.00500016851706,8.40193E-05,0,0,0,0,0,0,0,0,0,0,0,0,0,0,0,0,0,none,0,0,0,12596.6,0,0,0,40,9407.01,1
583,5511,5512,0,5250,1,120.00500016851706,8.40193E-05,0,0,0,0,0,0,0,0,0,0,0,0,0,0,0,0,0,none,0,0,0,10691.9,0,0,0,12,22843.3,1
584,5511,5512,0,5250,1,120.00500016851706,8.40193E-05,0,0,0,0,0,0,0,0,0,0,0,0,0,0,0,0,0,none,0,0,0,11047.9,0,0,0,23,25224.6,1
585,5511,5512,0,5250,1,120.00500016851706,8.40193E-05,0,0,0,0,0,0,0,0,0,0,0,0,0,0,0,0,0,none,0,0,0,13640,0,0,0,32,9427.57,1
586,5511,5512,0,5250,1,120.00500016851706,8.40193E-05,0,0,0,0,0,0,0,0,0,0,0,0,0,0,0,0,0,none,0,0,0,10666,0,0,0,20,12085.7,1
587,5511,5512,0,5250,1,120.00500016851706,8.40193E-05,0,0,0,0,0,0,0,0,0,0,0,0,0,0,0,0,0,none,0,0,0,10311.9,0,0,0,14,15598.1,1
588,5511,5512,0,5250,1,120.00500016851706,8.40193E-05,0,0,0,0,0,0,0,0,0,0,0,0,0,0,0,0,0,none,0,0,0,14933.4,0,0,0,15,9440.1,1
589,5511,5512,0,5250,1,120.00500016851706,8.40193E-05,0,0,0,0,0,0,0,0,0,0,0,0,0,0,0,0,0,none,0,0,0,10658,0,0,0,14,8951.58,1
590,5511,5512,0,5250,1,120.00500016851706,8.40193E-05,0,0,0,0,0,0,0,0,0,0,0,0,0,0,0,0,0,none,0,0,0,10778,0,0,0,42,12696.3,1
591,5510,5512,1,5250,1,120.00500016851706,8.40193E-05,0,1,2.3860708475755627E-09,0,0,0,0,0,0,0,0,0,0,0,2.386070847848476E-09,0,2.7291335386084553E-19,no_compact_gain,0,0,0,14289.3,0,0,0,83,9451.37,1
592,5510,5512,0,5250,1,120.00500016851706,8.40193E-05,0,0,0,0,0,0,0,0,0,0,0,0,0,0,0,0,0,none,0,0,0,10658.7,0,0,0,46,9349.59,1
593,5510,5512,0,5250,1,120.00500016851706,8.40193E-05,0,0,0,0,0,0,0,0,0,0,0,0,0,0,0,0,0,none,0,0,0,12845.8,0,0,0,25,12025.2,1
594,5510,5512,0,5250,1,120.00500016851706,8.40193E-05,0,0,0,0,0,0,0,0,0,0,0,0,0,0,0,0,0,none,0,0,0,11694.9,0,0,0,49,9466.86,1
595,5510,5512,0,5250,1,120.00500016851706,8.40193E-05,0,0,0,0,0,0,0,0,0,0,0,0,0,0,0,0,0,none,0,0,0,10668.9,0,0,0,22,10178.1,1
596,5510,5512,0,5250,1,120.00500016851706,8.40193E-05,0,0,0,0,0,0,0,0,0,0,0,0,0,0,0,0,0,none,0,0,0,12664.8,0,0,0,22,15522,1
597,5510,5512,0,5250,1,120.00500016851706,8.40193E-05,0,0,0,0,0,0,0,0,0,0,0,0,0,0,0,0,0,none,0,0,0,10238.7,0,0,0,19,9493.68,1
598,5510,5512,0,5250,1,120.00500016851706,8.40193E-05,0,0,0,0,0,0,0,0,0,0,0,0,0,0,0,0,0,none,0,0,0,10700.5,0,0,0,5,35463.9,1
599,5510,5512,0,5250,1,120.00500016851706,8.40193E-05,0,0,0,0,0,0,0,0,0,0,0,0,0,0,0,0,0,none,0,0,0,13359.9,0,0,0,25,8987.64,1
600,5510,5512,0,5250,1,120.00500016851706,8.40193E-05,0,0,0,0,0,0,0,0,0,0,0,0,0,0,0,0,0,none,0,0,0,10301.8,0,0,0,17,9542.6,1
601,5510,5512,0,5250,1,120.00500016851706,8.40193E-05,0,0,0,0,0,0,0,0,0,0,0,0,0,0,0,0,0,none,0,0,0,10785.9,0,0,0,5,17400.2,1
602,5509,5512,1,5250,1,120.00500016851706,8.40193E-05,0,1,1.32664889859198E-10,0,0,0,0,0,0,0,0,0,0,0,1.3266488949059685E-10,0,-3.686011418318852E-19,no_compact_gain,0,0,0,14556.5,0,0,0,25,9023.65,1
603,5509,5512,0,5250,1,120.00500016851706,8.40193E-05,0,0,0,0,0,0,0,0,0,0,0,0,0,0,0,0,0,none,0,0,0,11164.7,0,0,0,79,9623.67,1
604,5509,5512,0,5250,1,120.00500016851706,8.40193E-05,0,0,0,0,0,0,0,0,0,0,0,0,0,0,0,0,0,none,0,0,0,10970.6,0,0,0,20,15465.4,1
605,5509,5512,0,5250,1,120.00500016851706,8.40193E-05,0,0,0,0,0,0,0,0,0,0,0,0,0,0,0,0,0,none,0,0,0,13909,0,0,0,44,9481.55,1
606,5509,5512,0,5250,1,120.00500016851706,8.40193E-05,0,0,0,0,0,0,0,0,0,0,0,0,0,0,0,0,0,none,0,0,0,13442.3,0,0,0,79,9723.12,1
607,5509,5512,0,5250,1,120.00500016851706,8.40193E-05,0,0,0,0,0,0,0,0,0,0,0,0,0,0,0,0,0,none,0,0,0,10374.2,0,0,0,44,11911.6,1
608,5509,5512,0,5250,1,120.00500016851706,8.40193E-05,0,0,0,0,0,0,0,0,0,0,0,0,0,0,0,0,0,none,0,0,0,15626.8,0,0,0,24,10506,1
609,5509,5512,0,5250,1,120.00500016851706,8.40193E-05,0,0,0,0,0,0,0,0,0,0,0,0,0,0,0,0,0,none,0,0,0,14645.6,0,0,0,50,8881.76,1
610,5509,5512,0,5250,1,120.00500016851706,8.40193E-05,0,0,0,0,0,0,0,0,0,0,0,0,0,0,0,0,0,none,0,0,0,10905.5,0,0,0,15,15827.5,1
611,5509,5512,0,5250,1,120.00500016851706,8.40193E-05,0,0,0,0,0,0,0,0,0,0,0,0,0,0,0,0,0,none,0,0,0,13408.5,0,0,0,14,17685.4,1
612,5509,5512,0,5250,1,120.00500016851706,8.40193E-05,0,0,0,0,0,0,0,0,0,0,0,0,0,0,0,0,0,none,0,0,0,13492.2,0,0,0,24,9341.47,1
613,5509,5512,0,5250,1,120.00500016851706,8.40193E-05,0,0,0,0,0,0,0,0,0,0,0,0,0,0,0,0,0,none,0,0,0,10314.4,0,0,0,19,16295.6,1
614,5509,5512,0,5250,1,120.00500016851706,8.40193E-05,0,0,0,0,0,0,0,0,0,0,0,0,0,0,0,0,0,none,0,0,0,13254.4,0,0,0,13,11859.2,1
615,5509,5512,0,5250,1,120.00500016851706,8.40193E-05,0,0,0,0,0,0,0,0,0,0,0,0,0,0,0,0,0,none,0,0,0,14785.3,0,0,0,30,9135.72,1
616,5509,5512,0,5250,1,120.00500016851706,8.40193E-05,0,0,0,0,0,0,0,0,0,0,0,0,0,0,0,0,0,none,0,0,0,11664.3,0,0,0,20,13308.8,1
617,5509,5512,0,5250,1,120.00500016851706,8.40193E-05,0,0,0,0,0,0,0,0,0,0,0,0,0,0,0,0,0,none,0,0,0,10801.5,0,0,0,17,12593.1,1
618,5509,5512,0,5250,1,120.00500016851706,8.40193E-05,0,0,0,0,0,0,0,0,0,0,0,0,0,0,0,0,0,none,0,0,0,15073.5,0,0,0,11,9684.75,1
619,5509,5512,0,5250,1,120.00500016851706,8.40193E-05,0,0,0,0,0,0,0,0,0,0,0,0,0,0,0,0,0,none,0,0,0,11770.4,0,0,0,15,8806.67,1
620,5509,5512,0,5250,1,120.00500016851706,8.40193E-05,0,0,0,0,0,0,0,0,0,0,0,0,0,0,0,0,0,none,0,0,0,10440.1,0,0,0,43,13076.1,1
621,5509,5512,0,5250,1,120.00500016851706,8.40193E-05,0,0,0,0,0,0,0,0,0,0,0,0,0,0,0,0,0,none,0,0,0,16413.8,0,0,0,85,9925.1,1
622,5509,5512,0,5250,1,120.00500016851706,8.40193E-05,0,0,0,0,0,0,0,0,0,0,0,0,0,0,0,0,0,none,0,0,0,11865.2,0,0,0,45,9195.36,1
623,5509,5512,0,5250,1,120.00500016851706,8.40193E-05,0,0,0,0,0,0,0,0,0,0,0,0,0,0,0,0,0,none,0,0,0,10714.3,0,0,0,23,13168.1,1
624,5509,5512,0,5250,1,120.00500016851706,8.40193E-05,0,0,0,0,0,0,0,0,0,0,0,0,0,0,0,0,0,none,0,0,0,13012.2,0,0,0,50,9966.86,1
625,5509,5512,0,5250,1,120.00500016851706,8.40193E-05,0,0,0,0,0,0,0,0,0,0,0,0,0,0,0,0,0,none,0,0,0,12019.6,0,0,0,18,8891.14,1
626,5509,5512,0,5250,1,120.00500016851706,8.40193E-05,0,0,0,0,0,0,0,0,0,0,0,0,0,0,0,0,0,none,0,0,0,10459.3,0,0,0,77,18197.3,1
627,5509,5512,0,5250,1,120.00500016851706,8.40193E-05,0,0,0,0,0,0,0,0,0,0,0,0,0,0,0,0,0,none,0,0,0,11321.1,0,0,0,21,10043.4,1
628,5509,5512,0,5250,1,120.00500016851706,8.40193E-05,0,0,0,0,0,0,0,0,0,0,0,0,0,0,0,0,0,none,0,0,0,12292.9,0,0,0,14,9240.1,1
629,5509,5512,0,5250,1,120.00500016851706,8.40193E-05,0,0,0,0,0,0,0,0,0,0,0,0,0,0,0,0,0,none,0,0,0,12198,0,0,0,13,27815.5,1
630,5509,5512,0,5250,1,120.00500016851706,8.40193E-05,0,0,0,0,0,0,0,0,0,0,0,0,0,0,0,0,0,none,0,0,0,10252.1,0,0,0,15,10179.6,1
631,5509,5512,0,5250,1,120.00500016851706,8.40193E-05,0,0,0,0,0,0,0,0,0,0,0,0,0,0,0,0,0,none,0,0,0,12723.4,0,0,0,17,9921.49,1
632,5509,5512,0,5250,1,120.00500016851706,8.40193E-05,0,0,0,0,0,0,0,0,0,0,0,0,0,0,0,0,0,none,0,0,0,14577.8,0,0,0,23,9066.79,1
633,5509,5512,0,5250,1,120.00500016851706,8.40193E-05,0,0,0,0,0,0,0,0,0,0,0,0,0,0,0,0,0,none,0,0,0,11844.2,0,0,0,47,10375.5,1
634,5509,5512,0,5250,1,120.00500016851706,8.40193E-05,0,0,0,0,0,0,0,0,0,0,0,0,0,0,0,0,0,none,0,0,0,13213.7,0,0,0,28,11680,1
635,5509,5512,0,5250,1,120.00500016851706,8.40193E-05,0,0,0,0,0,0,0,0,0,0,0,0,0,0,0,0,0,none,0,0,0,14214.1,0,0,0,45,9736.25,1
636,5509,5512,0,5250,1,120.00500016851706,8.40193E-05,0,0,0,0,0,0,0,0,0,0,0,0,0,0,0,0,0,none,0,0,0,10421.3,0,0,0,83,10566.3,1
637,5509,5512,0,5250,1,120.00500016851706,8.40193E-05,0,0,0,0,0,0,0,0,0,0,0,0,0,0,0,0,0,none,0,0,0,12009.2,0,0,0,52,12921.4,1
638,5509,5512,0,5250,1,120.00500016851706,8.40193E-05,0,0,0,0,0,0,0,0,0,0,0,0,0,0,0,0,0,none,0,0,0,13267.6,0,0,0,18,8952.76,1
639,5509,5512,0,5250,1,120.00500016851706,8.40193E-05,0,0,0,0,0,0,0,0,0,0,0,0,0,0,0,0,0,none,0,0,0,10784.8,0,0,0,10,10699.2,1
640,5512,5512,0,5250,1,120.00500016851706,8.40193E-05,0,0,0,0,0,0,1,1.1349225329425454E-11,0,0,1.1349225329425454E-11,1.1349225329425454E-11,0,0,0,0,0,none,0,0,0,10279.4,0,0,0,13,16262.4,1
641,5512,5512,0,5250,1,120.00500016851706,8.40193E-05,0,0,0,0,0,0,0,0,0,0,0,0,0,0,0,0,0,none,0,0,0,14180.6,0,0,0,11,9351.8,1
642,5512,5512,0,5250,1,120.00500016851706,8.40193E-05,0,0,0,0,0,0,0,0,0,0,0,0,0,0,0,0,0,none,0,0,0,12858,0,0,0,29,8924.64,1
643,5512,5512,0,5250,1,120.00500016851706,8.40193E-05,0,0,0,0,0,0,0,0,0,0,0,0,0,0,0,0,0,none,0,0,0,11162.8,0,0,0,9,12735.8,1
644,5512,5512,0,5250,1,120.00500016851706,8.40193E-05,0,0,0,0,0,0,0,0,0,0,0,0,0,0,0,0,0,none,0,0,0,13775.9,0,0,0,33,10183.5,1
645,5512,5512,0,5250,1,120.00500016851706,8.40193E-05,0,0,0,0,0,0,0,0,0,0,0,0,0,0,0,0,0,none,0,0,0,13413,0,0,0,21,9440.1,1
646,5512,5512,0,5250,1,120.00500016851706,8.40193E-05,0,0,0,0,0,0,0,0,0,0,0,0,0,0,0,0,0,none,0,0,0,11563.3,0,0,0,16,15377.1,1
647,5512,5512,0,5250,1,120.00500016851706,8.40193E-05,0,0,0,0,0,0,0,0,0,0,0,0,0,0,0,0,0,none,0,0,0,12829.9,0,0,0,15,14823.2,1
648,5512,5512,0,5250,1,120.00500016851706,8.40193E-05,0,0,0,0,0,0,0,0,0,0,0,0,0,0,0,0,0,none,0,0,0,14020.1,0,0,0,47,10760.5,1
649,5512,5512,0,5250,1,120.00500016851706,8.40193E-05,0,0,0,0,0,0,0,0,0,0,0,0,0,0,0,0,0,none,0,0,0,10300.5,0,0,0,10,15377.2,1
650,5512,5512,0,5250,1,120.00500016851706,8.40193E-05,0,0,0,0,0,0,0,0,0,0,0,0,0,0,0,0,0,none,0,0,0,10543.5,0,0,0,107,13611.6,1
651,5512,5512,0,5250,1,120.00500016851706,8.40193E-05,0,0,0,0,0,0,0,0,0,0,0,0,0,0,0,0,0,none,0,0,0,15688,0,0,0,15,9025.22,1
652,5512,5512,0,5250,1,120.00500016851706,8.40193E-05,0,0,0,0,0,0,0,0,0,0,0,0,0,0,0,0,0,none,0,0,0,11172.2,0,0,0,58,8848.01,1
653,5512,5512,0,5250,1,120.00500016851706,8.40193E-05,0,0,0,0,0,0,0,0,0,0,0,0,0,0,0,0,0,none,0,0,0,10673.6,0,0,0,12,19101.9,1
654,5512,5512,0,5250,1,120.00500016851706,8.40193E-05,0,0,0,0,0,0,0,0,0,0,0,0,0,0,0,0,0,none,0,0,0,12894.5,0,0,0,7,9484.21,1
655,5512,5512,0,5250,1,120.00500016851706,8.40193E-05,0,0,0,0,0,0,0,0,0,0,0,0,0,0,0,0,0,none,0,0,0,13437.3,0,0,0,20,9273.49,1
656,5512,5512,0,5250,1,120.00500016851706,8.40193E-05,0,0,0,0,0,0,0,0,0,0,0,0,0,0,0,0,0,none,0,0,0,13063.6,0,0,0,14,12814.1,1
657,5512,5512,0,5250,1,120.00500016851706,8.40193E-05,0,0,0,0,0,0,0,0,0,0,0,0,0,0,0,0,0,none,0,0,0,13565.9,0,0,0,19,10512.3,1
658,5512,5512,0,5250,1,120.00500016851706,8.40193E-05,0,0,0,0,0,0,0,0,0,0,0,0,0,0,0,0,0,none,0,0,0,14968.1,0,0,0,19,10254.7,1
659,5512,5512,0,5250,1,120.00500016851706,8.40193E-05,0,0,0,0,0,0,0,0,0,0,0,0,0,0,0,0,0,none,0,0,0,11088.1,0,0,0,18,14809.2,1
660,5512,5512,0,5250,1,120.00500016851706,8.40193E-05,0,0,0,0,0,0,0,0,0,0,0,0,0,0,0,0,0,none,0,0,0,11024.5,0,0,0,11,11905.2,1
661,5512,5512,0,5250,1,120.00500016851706,8.40193E-05,0,0,0,0,0,0,0,0,0,0,0,0,0,0,0,0,0,none,0,0,0,12799.6,0,0,0,22,18478.4,1
662,5512,5512,0,5250,1,120.00500016851706,8.40193E-05,0,0,0,0,0,0,0,0,0,0,0,0,0,0,0,0,0,none,0,0,0,10315.9,0,0,0,10,8773.92,1
663,5512,5512,0,5250,1,120.00500016851706,8.40193E-05,0,0,0,0,0,0,0,0,0,0,0,0,0,0,0,0,0,none,0,0,0,10319.5,0,0,0,45,13142.2,1
664,5512,5512,0,5250,1,120.00500016851706,8.40193E-05,0,0,0,0,0,0,0,0,0,0,0,0,0,0,0,0,0,none,0,0,0,15836.4,0,0,0,28,9137.82,1
665,5512,5512,0,5250,1,120.00500016851706,8.40193E-05,0,0,0,0,0,0,0,0,0,0,0,0,0,0,0,0,0,none,0,0,0,11673.9,0,0,0,47,9130.77,1
666,5512,5512,0,5250,1,120.00500016851706,8.40193E-05,0,0,0,0,0,0,0,0,0,0,0,0,0,0,0,0,0,none,0,0,0,12187.2,0,0,0,21,15821.5,1
667,5512,5512,0,5250,1,120.00500016851706,8.40193E-05,0,0,0,0,0,0,0,0,0,0,0,0,0,0,0,0,0,none,0,0,0,14328.2,0,0,0,18,9689.15,1
668,5512,5512,0,5250,1,120.00500016851706,8.40193E-05,0,0,0,0,0,0,0,0,0,0,0,0,0,0,0,0,0,none,0,0,0,11880.3,0,0,0,11,9881.15,1
669,5512,5512,0,5250,1,120.00500016851706,8.40193E-05,0,0,0,0,0,0,0,0,0,0,0,0,0,0,0,0,0,none,0,0,0,12713.9,0,0,0,14,12897.7,1
670,5512,5512,0,5250,1,120.00500016851706,8.40193E-05,0,0,0,0,0,0,0,0,0,0,0,0,0,0,0,0,0,none,0,0,0,11660.9,0,0,0,11,10995.7,1
671,5511,5512,0,5250,1,120.00500016851706,8.40193E-05,0,0,0,0,0,0,1,1.381505376093284E-11,0,1.381505376093284E-11,0,0,0,0,0,0,0,none,0,0,2.1029777564920102E-15,11780.5,0,0,0,14,13748.4,1
672,5511,5512,0,5250,1,120.00500016851706,8.40193E-05,0,0,0,0,0,0,0,0,0,0,0,0,0,0,0,0,0,none,0,0,0,10706.4,0,0,0,20,12426.9,1
673,5511,5512,0,5250,1,120.00500016851706,8.40193E-05,0,0,0,0,0,0,0,0,0,0,0,0,0,0,0,0,0,none,0,0,0,10237.3,0,0,0,72,17102.7,1
674,5511,5512,0,5250,1,120.00500016851706,8.40193E-05,0,0,0,0,0,0,0,0,0,0,0,0,0,0,0,0,0,none,0,0,0,11701.9,0,0,0,10,8892.11,1
675,5511,5512,0,5250,1,120.00500016851706,8.40193E-05,0,0,0,0,0,0,0,0,0,0,0,0,0,0,0,0,0,none,0,0,0,10463.3,0,0,0,23,8994.53,1
676,5511,5512,0,5250,1,120.00500016851706,8.40193E-05,0,0,0,0,0,0,0,0,0,0,0,0,0,0,0,0,0,none,0,0,0,11508.3,0,0,0,56,12794.8,1
677,5511,5512,0,5250,1,120.00500016851706,8.40193E-05,0,0,0,0,0,0,0,0,0,0,0,0,0,0,0,0,0,none,0,0,0,11609.6,0,0,0,20,9241.84,1
678,5511,5512,0,5250,1,120.00500016851706,8.40193E-05,0,0,0,0,0,0,0,0,0,0,0,0,0,0,0,0,0,none,0,0,0,12208.1,0,0,0,42,9594.64,1
679,5511,5512,0,5250,1,120.00500016851706,8.40193E-05,0,0,0,0,0,0,0,0,0,0,0,0,0,0,0,0,0,none,0,0,0,14171.3,0,0,0,16,12346.5,1
680,5511,5512,0,5250,1,120.00500016851706,8.40193E-05,0,0,0,0,0,0,0,0,0,0,0,0,0,0,0,0,0,none,0,0,0,11470,0,0,0,57,9925.51,1
681,5511,5512,0,5250,1,120.00500016851706,8.40193E-05,0,0,0,0,0,0,0,0,0,0,0,0,0,0,0,0,0,none,0,0,0,14587.4,0,0,0,10,11218.7,1
682,5511,5512,0,5250,1,120.00500016851706,8.40193E-05,0,0,0,0,0,0,0,0,0,0,0,0,0,0,0,0,0,none,0,0,0,12084.5,0,0,0,10,12987.3,1
683,5511,5512,0,5250,1,120.00500016851706,8.40193E-05,0,0,0,0,0,0,0,0,0,0,0,0,0,0,0,0,0,none,0,0,0,10362.5,0,0,0,16,11692.4,1
684,5511,5512,0,5250,1,120.00500016851706,8.40193E-05,0,0,0,0,0,0,0,0,0,0,0,0,0,0,0,0,0,none,0,0,0,15047.4,0,0,0,16,13910.7,1
685,5511,5512,0,5250,1,120.00500016851706,8.40193E-05,0,0,0,0,0,0,0,0,0,0,0,0,0,0,0,0,0,none,0,0,0,10417.4,0,0,0,19,8884.83,1
686,5511,5512,0,5250,1,120.00500016851706,8.40193E-05,0,0,0,0,0,0,0,0,0,0,0,0,0,0,0,0,0,none,0,0,0,10925.8,0,0,0,15,12272.3,1
687,5511,5512,0,5250,1,120.00500016851706,8.40193E-05,0,0,0,0,0,0,0,0,0,0,0,0,0,0,0,0,0,none,0,0,0,13551.3,0,0,0,13,8953.94,1
688,5511,5512,0,5250,1,120.00500016851706,8.40193E-05,0,0,0,0,0,0,0,0,0,0,0,0,0,0,0,0,0,none,0,0,0,10791.5,0,0,0,20,9348.14,1
689,5511,5512,0,5250,1,120.00500016851706,8.40193E-05,0,0,0,0,0,0,0,0,0,0,0,0,0,0,0,0,0,none,0,0,0,10802.5,0,0,0,19,15046.5,1
690,5511,5512,0,5250,1,120.00500016851706,8.40193E-05,0,0,0,0,0,0,0,0,0,0,0,0,0,0,0,0,0,none,0,0,0,13221,0,0,0,12,9354.03,1
691,5511,5512,0,5250,1,120.00500016851706,8.40193E-05,0,0,0,0,0,0,0,0,0,0,0,0,0,0,0,0,0,none,0,0,0,12870.2,0,0,0,52,9396.99,1
692,5511,5512,0,5250,1,120.00500016851706,8.40193E-05,0,0,0,0,0,0,0,0,0,0,0,0,0,0,0,0,0,none,0,0,0,10707,0,0,0,3,760577,1
693,5511,5512,0,5250,1,120.00500016851706,8.40193E-05,0,0,0,0,0,0,0,0,0,0,0,0,0,0,0,0,0,none,0,0,0,10778.1,0,0,0,64,10189,1
694,5511,5512,0,5250,1,120.00500016851706,8.40193E-05,0,0,0,0,0,0,0,0,0,0,0,0,0,0,0,0,0,none,0,0,0,14693.9,0,0,0,14,9422.24,1
695,5511,5512,0,5250,1,120.00500016851706,8.40193E-05,0,0,0,0,0,0,0,0,0,0,0,0,0,0,0,0,0,none,0,0,0,10671.2,0,0,0,46,8810.09,1
696,5511,5512,0,5250,1,120.00500016851706,8.40193E-05,0,0,0,0,0,0,0,0,0,0,0,0,0,0,0,0,0,none,0,0,0,10455.7,0,0,0,76,13453.8,1
697,5511,5512,0,5250,1,120.00500016851706,8.40193E-05,0,0,0,0,0,0,0,0,0,0,0,0,0,0,0,0,0,none,0,0,0,15720.6,0,0,0,20,9436.46,1
698,5511,5512,0,5250,1,120.00500016851706,8.40193E-05,0,0,0,0,0,0,0,0,0,0,0,0,0,0,0,0,0,none,0,0,0,10299.2,0,0,0,14,9201.93,1
699,5511,5512,0,5250,1,120.00500016851706,8.40193E-05,0,0,0,0,0,0,0,0,0,0,0,0,0,0,0,0,0,none,0,0,0,12627.8,0,0,0,8,17413.8,1
700,5511,5512,0,5250,1,120.00500016851706,8.40193E-05,0,0,0,0,0,0,0,0,0,0,0,0,0,0,0,0,0,none,0,0,0,13439.6,0,0,0,23,9026.8,1
701,5511,5512,0,5250,1,120.00500016851706,8.40193E-05,0,0,0,0,0,0,0,0,0,0,0,0,0,0,0,0,0,none,0,0,0,10657.7,0,0,0,21,10068.1,1
702,5511,5512,0,5250,1,120.00500016851706,8.40193E-05,0,0,0,0,0,0,0,0,0,0,0,0,0,0,0,0,0,none,0,0,0,13434.3,0,0,0,13,14188.5,1
703,5511,5512,0,5250,1,120.00500016851706,8.40193E-05,0,0,0,0,0,0,0,0,0,0,0,0,0,0,0,0,0,none,0,0,0,11289.4,0,0,0,20,9461.02,1
704,5511,5512,0,5250,1,120.00500016851706,8.40193E-05,0,0,0,0,0,0,0,0,0,0,0,0,0,0,0,0,0,none,0,0,0,10664.2,0,0,0,14,15179.9,1
705,5511,5512,0,5250,1,120.00500016851706,8.40193E-05,0,0,0,0,0,0,0,0,0,0,0,0,0,0,0,0,0,none,0,0,0,13330.1,0,0,0,10,35014.8,1
706,5511,5512,0,5250,1,120.00500016851706,8.40193E-05,0,0,0,0,0,0,0,0,0,0,0,0,0,0,0,0,0,none,0,0,0,10256,0,0,0,52,9483.21,1
707,5511,5512,0,5250,1,120.00500016851706,8.40193E-05,0,0,0,0,0,0,0,0,0,0,0,0,0,0,0,0,0,none,0,0,0,10686.5,0,0,0,9,12075.6,1
708,5511,5512,0,5250,1,120.00500016851706,8.40193E-05,0,0,0,0,0,0,0,0,0,0,0,0,0,0,0,0,0,none,0,0,0,11079.7,0,0,0,54,9072.62,1
709,5511,5512,0,5250,1,120.00500016851706,8.40193E-05,0,0,0,0,0,0,0,0,0,0,0,0,0,0,0,0,0,none,0,0,0,11872.9,0,0,0,22,9523.61,1
710,5511,5512,0,5250,1,120.00500016851706,8.40193E-05,0,0,0,0,0,0,0,0,0,0,0,0,0,0,0,0,0,none,0,0,0,10749.4,0,0,0,15,14284.5,1
711,5511,5512,0,5250,1,120.00500016851706,8.40193E-05,0,0,0,0,0,0,0,0,0,0,0,0,0,0,0,0,0,none,0,0,0,10317.5,0,0,0,21,9748.07,1
712,5511,5512,0,5250,1,120.00500016851706,8.40193E-05,0,0,0,0,0,0,0,0,0,0,0,0,0,0,0,0,0,none,0,0,0,14257.5,0,0,0,31,9593.99,1
713,5511,5512,0,5250,1,120.00500016851706,8.40193E-05,0,0,0,0,0,0,0,0,0,0,0,0,0,0,0,0,0,none,0,0,0,10899.2,0,0,0,5,9139.91,1
714,5511,5512,0,5250,1,120.00500016851706,8.40193E-05,0,0,0,0,0,0,0,0,0,0,0,0,0,0,0,0,0,none,0,0,0,11683.5,0,0,0,13,11663.7,1
715,5511,5512,0,5250,1,120.00500016851706,8.40193E-05,0,0,0,0,0,0,0,0,0,0,0,0,0,0,0,0,0,none,0,0,0,13544.6,0,0,0,13,9691.51,1
716,5511,5512,0,5250,1,120.00500016851706,8.40193E-05,0,0,0,0,0,0,0,0,0,0,0,0,0,0,0,0,0,none,0,0,0,10273.4,0,0,0,9,9693.56,1
717,5511,5512,0,5250,1,120.00500016851706,8.40193E-05,0,0,0,0,0,0,0,0,0,0,0,0,0,0,0,0,0,none,0,0,0,12673.2,0,0,0,18,16273.3,1
718,5511,5512,0,5250,1,120.00500016851706,8.40193E-05,0,0,0,0,0,0,0,0,0,0,0,0,0,0,0,0,0,none,0,0,0,12698.9,0,0,0,16,8929.28,1
719,5510,5512,1,5250,1,120.00500016851706,8.40193E-05,0,1,2.49803249329214E-09,0,0,0,0,0,0,0,0,0,0,0,2.4980324926648922E-09,0,-6.272477497765107E-19,no_compact_gain,0,0,0,11187.9,0,0,0,62,11007.1,1
720,5510,5512,0,5250,1,120.00500016851706,8.40193E-05,0,0,0,0,0,0,0,0,0,0,0,0,0,0,0,0,0,none,0,0,0,15465.6,0,0,0,89,16688.6,1
721,5510,5512,0,5250,1,120.00500016851706,8.40193E-05,0,0,0,0,0,0,0,0,0,0,0,0,0,0,0,0,0,none,0,0,0,10698.4,0,0,0,50,9451.04,1
722,5510,5512,0,5250,1,120.00500016851706,8.40193E-05,0,0,0,0,0,0,0,0,0,0,0,0,0,0,0,0,0,none,0,0,0,11555.4,0,0,0,13,13753.1,1
723,5510,5512,0,5250,1,120.00500016851706,8.40193E-05,0,0,0,0,0,0,0,0,0,0,0,0,0,0,0,0,0,none,0,0,0,12784.5,0,0,0,51,8893.08,1
724,5510,5512,0,5250,1,120.00500016851706,8.40193E-05,0,0,0,0,0,0,0,0,0,0,0,0,0,0,0,0,0,none,0,0,0,10467.4,0,0,0,16,9869.23,1
725,5510,5512,0,5250,1,120.00500016851706,8.40193E-05,0,0,0,0,0,0,0,0,0,0,0,0,0,0,0,0,0,none,0,0,0,11664.5,0,0,0,4,35025,1
726,5510,5512,0,5250,1,120.00500016851706,8.40193E-05,0,0,0,0,0,0,0,0,0,0,0,0,0,0,0,0,0,none,0,0,0,10521.9,0,0,0,8,9243.59,1
727,5510,5512,0,5250,1,120.00500016851706,8.40193E-05,0,0,0,0,0,0,0,0,0,0,0,0,0,0,0,0,0,none,0,0,0,12218.2,0,0,0,15,9892.23,1
728,5510,5512,0,5250,1,120.00500016851706,8.40193E-05,0,0,0,0,0,0,0,0,0,0,0,0,0,0,0,0,0,none,0,0,0,11745,0,0,0,27,8851.29,1
729,5510,5512,0,5250,1,120.00500016851706,8.40193E-05,0,0,0,0,0,0,0,0,0,0,0,0,0,0,0,0,0,none,0,0,0,10695.8,0,0,0,11,9929.54,1
730,5510,5512,0,5250,1,120.00500016851706,8.40193E-05,0,0,0,0,0,0,0,0,0,0,0,0,0,0,0,0,0,none,0,0,0,14478.8,0,0,0,14,9915.7,1
731,5510,5512,0,5250,1,120.00500016851706,8.40193E-05,0,0,0,0,0,0,0,0,0,0,0,0,0,0,0,0,0,none,0,0,0,11830.5,0,0,0,22,9279.76,1
732,5510,5512,0,5250,1,120.00500016851706,8.40193E-05,0,0,0,0,0,0,0,0,0,0,0,0,0,0,0,0,0,none,0,0,0,13098.4,0,0,0,11,11704.9,1
733,5510,5512,0,5250,1,120.00500016851706,8.40193E-05,0,0,0,0,0,0,0,0,0,0,0,0,0,0,0,0,0,none,0,0,0,13533.8,0,0,0,18,9950.67,1
734,5510,5512,0,5250,1,120.00500016851706,8.40193E-05,0,0,0,0,0,0,0,0,0,0,0,0,0,0,0,0,0,none,0,0,0,10413.6,0,0,0,46,10271.3,1
735,5510,5512,0,5250,1,120.00500016851706,8.40193E-05,0,0,0,0,0,0,0,0,0,0,0,0,0,0,0,0,0,none,0,0,0,15548.7,0,0,0,10,11850.9,1
736,5510,5512,0,5250,1,120.00500016851706,8.40193E-05,0,0,0,0,0,0,0,0,0,0,0,0,0,0,0,0,0,none,0,0,0,11001.6,0,0,0,48,8955.11,1
737,5510,5512,0,5250,1,120.00500016851706,8.40193E-05,0,0,0,0,0,0,0,0,0,0,0,0,0,0,0,0,0,none,0,0,0,10798.3,0,0,0,21,13284.7,1
738,5510,5512,0,5250,1,120.00500016851706,8.40193E-05,0,0,0,0,0,0,0,0,0,0,0,0,0,0,0,0,0,none,0,0,0,12918.7,0,0,0,53,8775.24,1
739,5511,5512,0,5250,1,120.00500016851706,8.40193E-05,0,0,0,0,0,0,5,2.536559108707014E-11,0,8.547039211834071E-12,1.6818551875236068E-11,2.2343139190361197E-12,4,0,0,0,0,none,0,0,-7.895326717534846E-15,10327.5,0,0,0,14,9356.25,1
740,5511,5512,0,5250,1,120.00500016851706,8.40193E-05,0,0,0,0,0,0,0,0,0,0,0,0,0,0,0,0,0,none,0,0,0,12569.4,0,0,0,10,17590.5,1
741,5511,5512,0,5250,1,120.00500016851706,8.40193E-05,0,0,0,0,0,0,0,0,0,0,0,0,0,0,0,0,0,none,0,0,0,13366.7,0,0,0,15,9136.14,1
742,5511,5512,0,5250,1,120.00500016851706,8.40193E-05,0,0,0,0,0,0,0,0,0,0,0,0,0,0,0,0,0,none,0,0,0,12218.9,0,0,0,12,10194.4,1
743,5511,5512,0,5250,1,120.00500016851706,8.40193E-05,0,0,0,0,0,0,0,0,0,0,0,0,0,0,0,0,0,none,0,0,0,13061,0,0,0,72,23849.2,1
744,5511,5512,0,5250,1,120.00500016851706,8.40193E-05,0,0,0,0,0,0,0,0,0,0,0,0,0,0,0,0,0,none,0,0,0,11540.5,0,0,0,17,9894.85,1
745,5511,5512,0,5250,1,120.00500016851706,8.40193E-05,0,0,0,0,0,0,0,0,0,0,0,0,0,0,0,0,0,none,0,0,0,13030.5,0,0,0,10,10510,1
746,5511,5512,0,5250,1,120.00500016851706,8.40193E-05,0,0,0,0,0,0,0,0,0,0,0,0,0,0,0,0,0,none,0,0,0,11626.4,0,0,0,14,19736.5,1
747,5511,5512,0,5250,1,120.00500016851706,8.40193E-05,0,0,0,0,0,0,0,0,0,0,0,0,0,0,0,0,0,none,0,0,0,10298,0,0,0,41,12722.8,1
748,5511,5512,0,5250,1,120.00500016851706,8.40193E-05,0,0,0,0,0,0,0,0,0,0,0,0,0,0,0,0,0,none,0,0,0,15532.7,0,0,0,14,10662.9,1
749,5511,5512,0,5250,1,120.00500016851706,8.40193E-05,0,0,0,0,0,0,0,0,0,0,0,0,0,0,0,0,0,none,0,0,0,10236.4,0,0,0,49,9028.4,1
750,5511,5512,0,5250,1,120.00500016851706,8.40193E-05,0,0,0,0,0,0,0,0,0,0,0,0,0,0,0,0,0,none,0,0,0,11187.4,0,0,0,29,15611.5,1
751,5511,5512,0,5250,1,120.00500016851706,8.40193E-05,0,0,0,0,0,0,0,0,0,0,0,0,0,0,0,0,0,none,0,0,0,15643.1,0,0,0,43,9001.49,1
752,5511,5512,0,5250,1,120.00500016851706,8.40193E-05,0,0,0,0,0,0,0,0,0,0,0,0,0,0,0,0,0,none,0,0,0,11540.3,0,0,0,14,9489.6,1
753,5511,5512,0,5250,1,120.00500016851706,8.40193E-05,0,0,0,0,0,0,0,0,0,0,0,0,0,0,0,0,0,none,0,0,0,13470.8,0,0,0,11,15611.5,1
754,5511,5512,0,5250,1,120.00500016851706,8.40193E-05,0,0,0,0,0,0,0,0,0,0,0,0,0,0,0,0,0,none,0,0,0,13234.4,0,0,0,10,9608.64,1
755,5511,5512,0,5250,1,120.00500016851706,8.40193E-05,0,0,0,0,0,0,0,0,0,0,0,0,0,0,0,0,0,none,0,0,0,14033.7,0,0,0,14,10525,1
756,5511,5512,0,5250,1,120.00500016851706,8.40193E-05,0,0,0,0,0,0,0,0,0,0,0,0,0,0,0,0,0,none,0,0,0,12308.8,0,0,0,14,25550.9,1
757,5511,5512,0,5250,1,120.00500016851706,8.40193E-05,0,0,0,0,0,0,0,0,0,0,0,0,0,0,0,0,0,none,0,0,0,11071.4,0,0,0,18,10878.4,1
758,5511,5512,0,5250,1,120.00500016851706,8.40193E-05,0,0,0,0,0,0,0,0,0,0,0,0,0,0,0,0,0,none,0,0,0,14129.5,0,0,0,13,12869.2,1
759,5511,5512,0,5250,1,120.00500016851706,8.40193E-05,0,0,0,0,0,0,0,0,0,0,0,0,0,0,0,0,0,none,0,0,0,10351.5,0,0,0,20,16525.8,1
760,5511,5512,0,5250,1,120.00500016851706,8.40193E-05,0,0,0,0,0,0,0,0,0,0,0,0,0,0,0,0,0,none,0,0,0,10319.1,0,0,0,15,10951.2,1
761,5511,5512,0,5250,1,120.00500016851706,8.40193E-05,0,0,0,0,0,0,0,0,0,0,0,0,0,0,0,0,0,none,0,0,0,13103.7,0,0,0,16,8887.95,1
762,5511,5512,0,5250,1,120.00500016851706,8.40193E-05,0,0,0,0,0,0,0,0,0,0,0,0,0,0,0,0,0,none,0,0,0,10946,0,0,0,42,9141.99,1
763,5511,5512,0,5250,1,120.00500016851706,8.40193E-05,0,0,0,0,0,0,0,0,0,0,0,0,0,0,0,0,0,none,0,0,0,11693.1,0,0,0,5,11076.8,1
764,5511,5512,0,5250,1,120.00500016851706,8.40193E-05,0,0,0,0,0,0,0,0,0,0,0,0,0,0,0,0,0,none,0,0,0,14470.1,0,0,0,42,9354.99,1
765,5511,5512,0,5250,1,120.00500016851706,8.40193E-05,0,0,0,0,0,0,0,0,0,0,0,0,0,0,0,0,0,none,0,0,0,13277.1,0,0,0,14,9697.97,1
766,5511,5512,0,5250,1,120.00500016851706,8.40193E-05,0,0,0,0,0,0,0,0,0,0,0,0,0,0,0,0,0,none,0,0,0,13186.7,0,0,0,42,11313.9,1
767,5511,5512,0,5250,1,120.00500016851706,8.40193E-05,0,0,0,0,0,0,0,0,0,0,0,0,0,0,0,0,0,none,0,0,0,12684,0,0,0,73,10487.8,1
768,5511,5512,0,5250,1,120.00500016851706,8.40193E-05,0,0,0,0,0,0,0,0,0,0,0,0,0,0,0,0,0,none,0,0,0,12939.3,0,0,0,15,11018.7,1
769,5511,5512,0,5250,1,120.00500016851706,8.40193E-05,0,0,0,0,0,0,0,0,0,0,0,0,0,0,0,0,0,none,0,0,0,10754.4,0,0,0,21,11731.7,1
770,5511,5512,0,5250,1,120.00500016851706,8.40193E-05,0,0,0,0,0,0,0,0,0,0,0,0,0,0,0,0,0,none,0,0,0,10690.5,0,0,0,18,16128.2,1
771,5511,5512,0,5250,1,120.00500016851706,8.40193E-05,0,0,0,0,0,0,0,0,0,0,0,0,0,0,0,0,0,none,0,0,0,12460.8,0,0,0,20,8813.55,1
772,5512,5512,0,5250,1,120.00500016851706,8.40193E-05,0,0,0,0,0,0,1,0.01428000501676823,0,0.01427992501676823,7.99999999995249E-08,8E-08,0,-4.751060740708574E-19,0,0,4.751060740708574E-19,only_tiny_or_pullers,0,0,2.669739429528306E-15,10472.3,0,0,0,17,8894.06,1
773,5512,5512,0,5250,1,120.00500016851706,8.40193E-05,0,0,0,0,0,0,0,0,0,0,0,0,0,0,0,0,0,none,0,0,0,10471.5,0,0,0,9,13855.1,1
774,5512,5512,0,5250,1,120.00500016851706,8.40193E-05,0,0,0,0,0,0,0,0,0,0,0,0,0,0,0,0,0,none,0,0,0,12119.2,0,0,0,14,9208.56,1
775,5512,5512,0,5250,1,120.00500016851706,8.40193E-05,0,0,0,0,0,0,0,0,0,0,0,0,0,0,0,0,0,none,0,0,0,12669.8,0,0,0,12,9245.34,1
776,5512,5512,0,5250,1,120.00500016851706,8.40193E-05,0,0,0,0,0,0,0,0,0,0,0,0,0,0,0,0,0,none,0,0,0,12228.3,0,0,0,15,17103,1
777,5512,5512,0,5250,1,120.00500016851706,8.40193E-05,0,0,0,0,0,0,0,0,0,0,0,0,0,0,0,0,0,none,0,0,0,11921.4,0,0,0,37,10085.4,1
778,5512,5512,0,5250,1,120.00500016851706,8.40193E-05,0,0,0,0,0,0,0,0,0,0,0,0,0,0,0,0,0,none,0,0,0,13326.7,0,0,0,8,9933.58,1
779,5512,5512,0,5250,1,120.00500016851706,8.40193E-05,0,0,0,0,0,0,0,0,0,0,0,0,0,0,0,0,0,none,0,0,0,11258.6,0,0,0,49,12591.4,1
780,5512,5512,0,5250,1,120.00500016851706,8.40193E-05,0,0,0,0,0,0,0,0,0,0,0,0,0,0,0,0,0,none,0,0,0,11807,0,0,0,16,13576.4,1
781,5512,5512,0,5250,1,120.00500016851706,8.40193E-05,0,0,0,0,0,0,0,0,0,0,0,0,0,0,0,0,0,none,0,0,0,17482.5,0,0,0,57,11717.3,1
782,5512,5512,0,5250,1,120.00500016851706,8.40193E-05,0,0,0,0,0,0,0,0,0,0,0,0,0,0,0,0,0,none,0,0,0,10260.2,0,0,0,17,17366.1,1
783,5512,5512,0,5250,1,120.00500016851706,8.40193E-05,0,0,0,0,0,0,0,0,0,0,0,0,0,0,0,0,0,none,0,0,0,10409.9,0,0,0,8,29371.9,1
784,5512,5512,0,5250,1,120.00500016851706,8.40193E-05,0,0,0,0,0,0,0,0,0,0,0,0,0,0,0,0,0,none,0,0,0,13351.5,0,0,0,10,9078.3,1
785,5512,5512,0,5250,1,120.00500016851706,8.40193E-05,0,0,0,0,0,0,0,0,0,0,0,0,0,0,0,0,0,none,0,0,0,11901.3,0,0,0,16,8956.29,1
786,5512,5512,0,5250,1,120.00500016851706,8.40193E-05,0,0,0,0,0,0,0,0,0,0,0,0,0,0,0,0,0,none,0,0,0,10805.1,0,0,0,22,12499.1,1
787,5512,5512,0,5250,1,120.00500016851706,8.40193E-05,0,0,0,0,0,0,0,0,0,0,0,0,0,0,0,0,0,none,0,0,0,13951.7,0,0,0,8,9759.8,1
788,5512,5512,0,5250,1,120.00500016851706,8.40193E-05,0,0,0,0,0,0,0,0,0,0,0,0,0,0,0,0,0,none,0,0,0,14566.9,0,0,0,38,9358.48,1
789,5512,5512,0,5250,1,120.00500016851706,8.40193E-05,0,0,0,0,0,0,0,0,0,0,0,0,0,0,0,0,0,none,0,0,0,11519.7,0,0,0,3,59179.5,1
790,5512,5512,0,5250,1,120.00500016851706,8.40193E-05,0,0,0,0,0,0,0,0,0,0,0,0,0,0,0,0,0,none,0,0,0,13866.4,0,0,0,112,11701.6,1
791,5512,5512,0,5250,1,120.00500016851706,8.40193E-05,0,0,0,0,0,0,0,0,0,0,0,0,0,0,0,0,0,none,0,0,0,13403.1,0,0,0,17,10199.9,1
792,5512,5512,0,5250,1,120.00500016851706,8.40193E-05,0,0,0,0,0,0,0,0,0,0,0,0,0,0,0,0,0,none,0,0,0,10267.9,0,0,0,67,13362,1
793,5512,5512,0,5250,1,120.00500016851706,8.40193E-05,0,0,0,0,0,0,0,0,0,0,0,0,0,0,0,0,0,none,0,0,0,11529.2,0,0,0,39,12413.2,1
794,5512,5512,0,5250,1,120.00500016851706,8.40193E-05,0,0,0,0,0,0,0,0,0,0,0,0,0,0,0,0,0,none,0,0,0,14140.9,0,0,0,71,8934.15,1
795,5512,5512,0,5250,1,120.00500016851706,8.40193E-05,0,0,0,0,0,0,0,0,0,0,0,0,0,0,0,0,0,none,0,0,0,11077.5,0,0,0,29,15515.3,1
796,5512,5512,0,5250,1,120.00500016851706,8.40193E-05,0,0,0,0,0,0,0,0,0,0,0,0,0,0,0,0,0,none,0,0,0,10296.8,0,0,0,22,15331.8,1
797,5512,5512,0,5250,1,120.00500016851706,8.40193E-05,0,0,0,0,0,0,2,8E-08,0,4.000245797525694E-08,3.999754202474306E-08,3.999754202474306E-08,0,0,0,0,0,none,0,0,-3.812223629626109E-15,13629.8,0,0,0,27,9462.47,1
798,5512,5512,0,5250,1,120.00500016851706,8.40193E-05,0,0,0,0,0,0,0,0,0,0,0,0,0,0,0,0,0,none,0,0,0,10851.4,0,0,0,27,9030.02,1
799,5512,5512,0,5250,1,120.00500016851706,8.40193E-05,0,0,0,0,0,0,0,0,0,0,0,0,0,0,0,0,0,none,0,0,0,11195,0,0,0,25,13243.1,1
800,5512,5512,0,5250,1,120.00500016851706,8.40193E-05,0,0,0,0,0,0,0,0,0,0,0,0,0,0,0,0,0,none,0,0,0,14566.9,0,0,0,27,9384.61,1
801,5512,5512,0,5250,1,120.00500016851706,8.40193E-05,0,0,0,0,0,0,0,0,0,0,0,0,0,0,0,0,0,none,0,0,0,10727.5,0,0,0,35,9492.33,1
802,5512,5512,0,5250,1,120.00500016851706,8.40193E-05,0,0,0,0,0,0,0,0,0,0,0,0,0,0,0,0,0,none,0,0,0,10501.2,0,0,0,18,26094.9,1
803,5512,5512,0,5250,1,120.00500016851706,8.40193E-05,0,0,0,0,0,0,0,0,0,0,0,0,0,0,0,0,0,none,0,0,0,12613.8,0,0,0,29,9415.8,1
804,5512,5512,0,5250,1,120.00500016851706,8.40193E-05,0,0,0,0,0,0,0,0,0,0,0,0,0,0,0,0,0,none,0,0,0,10678.5,0,0,0,29,8854.51,1
805,5512,5512,0,5250,1,120.00500016851706,8.40193E-05,0,0,0,0,0,0,0,0,0,0,0,0,0,0,0,0,0,none,0,0,0,10717.8,0,0,0,60,12959.8,1
806,5512,5512,0,5250,1,120.00500016851706,8.40193E-05,0,0,0,0,0,0,0,0,0,0,0,0,0,0,0,0,0,none,0,0,0,11063.2,0,0,0,33,9432.52,1
807,5512,5512,0,5250,1,120.00500016851706,8.40193E-05,0,0,0,0,0,0,0,0,0,0,0,0,0,0,0,0,0,none,0,0,0,10661.6,0,0,0,67,9285.97,1
808,5512,5512,0,5250,1,120.00500016851706,8.40193E-05,0,0,0,0,0,0,0,0,0,0,0,0,0,0,0,0,0,none,0,0,0,13132.2,0,0,0,13,12615.8,1
809,5512,5512,0,5250,1,120.00500016851706,8.40193E-05,0,0,0,0,0,0,0,0,0,0,0,0,0,0,0,0,0,none,0,0,0,10320.7,0,0,0,52,9443.96,1
810,5512,5512,0,5250,1,120.00500016851706,8.40193E-05,0,0,0,0,0,0,0,0,0,0,0,0,0,0,0,0,0,none,0,0,0,10657.5,0,0,0,8,10288,1
811,5512,5512,0,5250,1,120.00500016851706,8.40193E-05,0,0,0,0,0,0,0,0,0,0,0,0,0,0,0,0,0,none,0,0,0,15741.3,0,0,0,20,9144.06,1
812,5512,5512,0,5250,1,120.00500016851706,8.40193E-05,0,0,0,0,0,0,0,0,0,0,0,0,0,0,0,0,0,none,0,0,0,10979,0,0,0,16,9456.07,1
813,5512,5512,0,5250,1,120.00500016851706,8.40193E-05,0,0,0,0,0,0,0,0,0,0,0,0,0,0,0,0,0,none,0,0,0,10660.9,0,0,0,75,14819.2,1
814,5512,5512,0,5250,1,120.00500016851706,8.40193E-05,0,0,0,0,0,0,0,0,0,0,0,0,0,0,0,0,0,none,0,0,0,13610.7,0,0,0,9,8778.29,1
815,5512,5512,0,5250,1,120.00500016851706,8.40193E-05,0,0,0,0,0,0,0,0,0,0,0,0,0,0,0,0,0,none,0,0,0,10336,0,0,0,14,9474.6,1
816,5512,5512,0,5250,1,120.00500016851706,8.40193E-05,0,0,0,0,0,0,0,0,0,0,0,0,0,0,0,0,0,none,0,0,0,10676.5,0,0,0,21,14374.6,1
817,5512,5512,0,5250,1,120.00500016851706,8.40193E-05,0,0,0,0,0,0,0,0,0,0,0,0,0,0,0,0,0,none,0,0,0,12589.5,0,0,0,18,9141.6,1
818,5512,5512,0,5250,1,120.00500016851706,8.40193E-05,0,0,0,0,0,0,0,0,0,0,0,0,0,0,0,0,0,none,0,0,0,12251.5,0,0,0,10,9507.83,1
819,5512,5512,0,5250,1,120.00500016851706,8.40193E-05,0,0,0,0,0,0,0,0,0,0,0,0,0,0,0,0,0,none,0,0,0,10682.7,0,0,0,3,14370.6,1
820,5512,5512,0,5250,1,120.00500016851706,8.40193E-05,0,0,0,0,0,0,0,0,0,0,0,0,0,0,0,0,0,none,0,0,0,17544.9,0,0,0,51,9908.95,1
821,5512,5512,0,5250,1,120.00500016851706,8.40193E-05,0,0,0,0,0,0,0,0,0,0,0,0,0,0,0,0,0,none,0,0,0,14943.4,0,0,0,32,8895.04,1
822,5512,5512,0,5250,1,120.00500016851706,8.40193E-05,0,0,0,0,0,0,0,0,0,0,0,0,0,0,0,0,0,none,0,0,0,10475.7,0,0,0,38,14036.8,1
823,5512,5512,0,5250,1,120.00500016851706,8.40193E-05,0,0,0,0,0,0,0,0,0,0,0,0,0,0,0,0,0,none,0,0,0,15233.5,0,0,0,20,13379.5,1
824,5512,5512,0,5250,1,120.00500016851706,8.40193E-05,0,0,0,0,0,0,0,0,0,0,0,0,0,0,0,0,0,none,0,0,0,12602.5,0,0,0,20,9247.09,1
825,5512,5512,0,5250,1,120.00500016851706,8.40193E-05,0,0,0,0,0,0,0,0,0,0,0,0,0,0,0,0,0,none,0,0,0,10236.2,0,0,0,7,13364,1
826,5512,5512,0,5250,1,120.00500016851706,8.40193E-05,0,0,0,0,0,0,0,0,0,0,0,0,0,0,0,0,0,none,0,0,0,14144.7,0,0,0,15,15664,1
827,5512,5512,0,5250,1,120.00500016851706,8.40193E-05,0,0,0,0,0,0,0,0,0,0,0,0,0,0,0,0,0,none,0,0,0,13349.9,0,0,0,10,9008.47,1
828,5512,5512,0,5250,1,120.00500016851706,8.40193E-05,0,0,0,0,0,0,0,0,0,0,0,0,0,0,0,0,0,none,0,0,0,11313.1,0,0,0,10,12065.5,1
829,5512,5512,0,5250,1,120.00500016851706,8.40193E-05,0,0,0,0,0,0,0,0,0,0,0,0,0,0,0,0,0,none,0,0,0,12050.7,0,0,0,13,28286.7,1
830,5512,5512,0,5250,1,120.00500016851706,8.40193E-05,0,0,0,0,0,0,0,0,0,0,0,0,0,0,0,0,0,none,0,0,0,13780,0,0,0,21,9622.51,1
831,5512,5512,0,5250,1,120.00500016851706,8.40193E-05,0,0,0,0,0,0,0,0,0,0,0,0,0,0,0,0,0,none,0,0,0,11508.4,0,0,0,10,18783.9,1
832,5512,5512,0,5250,1,120.00500016851706,8.40193E-05,0,0,0,0,0,0,0,0,0,0,0,0,0,0,0,0,0,none,0,0,0,10406.2,0,0,0,15,14761,1
833,5512,5512,0,5250,1,120.00500016851706,8.40193E-05,0,0,0,0,0,0,0,0,0,0,0,0,0,0,0,0,0,none,0,0,0,14225.7,0,0,0,49,9860.25,1
834,5512,5512,0,5250,1,120.00500016851706,8.40193E-05,0,0,0,0,0,0,0,0,0,0,0,0,0,0,0,0,0,none,0,0,0,11634,0,0,0,22,8957.47,1
835,5512,5512,0,5250,1,120.00500016851706,8.40193E-05,0,0,0,0,0,0,0,0,0,0,0,0,0,0,0,0,0,none,0,0,0,10341.2,0,0,0,39,12005.8,1
836,5512,5512,0,5250,1,120.00500016851706,8.40193E-05,0,0,0,0,0,0,0,0,0,0,0,0,0,0,0,0,0,none,0,0,0,15336.3,0,0,0,18,9885.23,1
837,5512,5512,0,5250,1,120.00500016851706,8.40193E-05,0,0,0,0,0,0,0,0,0,0,0,0,0,0,0,0,0,none,0,0,0,11720.1,0,0,0,113,8891.13,1
838,5512,5512,0,5250,1,120.00500016851706,8.40193E-05,0,0,0,0,0,0,0,0,0,0,0,0,0,0,0,0,0,none,0,0,0,10966.3,0,0,0,9,13456,1
839,5512,5512,0,5250,1,120.00500016851706,8.40193E-05,0,0,0,0,0,0,0,0,0,0,0,0,0,0,0,0,0,none,0,0,0,13853.8,0,0,0,19,9907.46,1
840,5512,5512,0,5250,1,120.00500016851706,8.40193E-05,0,0,0,0,0,0,0,0,0,0,0,0,0,0,0,0,0,none,0,0,0,11800.2,0,0,0,8,9362.07,1
841,5512,5512,0,5250,1,120.00500016851706,8.40193E-05,0,0,0,0,0,0,0,0,0,0,0,0,0,0,0,0,0,none,0,0,0,13253.9,0,0,0,10,15854.5,1
842,5512,5512,0,5250,1,120.00500016851706,8.40193E-05,0,0,0,0,0,0,0,0,0,0,0,0,0,0,0,0,0,none,0,0,0,11517.8,0,0,0,21,9937.29,1
843,5512,5512,0,5250,1,120.00500016851706,8.40193E-05,0,0,0,0,0,0,0,0,0,0,0,0,0,0,0,0,0,none,0,0,0,11910.4,0,0,0,14,10509.9,1
844,5512,5512,0,5250,1,120.00500016851706,8.40193E-05,0,0,0,0,0,0,0,0,0,0,0,0,0,0,0,0,0,none,0,0,0,14413.2,0,0,0,11,13575.7,1
845,5512,5512,0,5250,1,120.00500016851706,8.40193E-05,0,0,0,0,0,0,0,0,0,0,0,0,0,0,0,0,0,none,0,0,0,10295.8,0,0,0,13,9988.76,1
846,5512,5512,0,5250,1,120.00500016851706,8.40193E-05,0,0,0,0,0,0,0,0,0,0,0,0,0,0,0,0,0,none,0,0,0,12099.5,0,0,0,12,16231.6,1
847,5512,5512,0,5250,1,120.00500016851706,8.40193E-05,0,0,0,0,0,0,0,0,0,0,0,0,0,0,0,0,0,none,0,0,0,13848.6,0,0,0,30,8817.06,1
848,5512,5512,0,5250,1,120.00500016851706,8.40193E-05,0,0,0,0,0,0,0,0,0,0,0,0,0,0,0,0,0,none,0,0,0,10489.8,0,0,0,45,10083.7,1
849,5512,5512,0,5250,1,120.00500016851706,8.40193E-05,0,0,0,0,0,0,0,0,0,0,0,0,0,0,0,0,0,none,0,0,0,12428.5,0,0,0,9,11894,1
850,5512,5512,0,5250,1,120.00500016851706,8.40193E-05,0,0,0,0,0,0,0,0,0,0,0,0,0,0,0,0,0,none,0,0,0,15327,0,0,0,39,9215.22,1
851,5512,5512,0,5250,1,120.00500016851706,8.40193E-05,0,0,0,0,0,0,0,0,0,0,0,0,0,0,0,0,0,none,0,0,0,12711.9,0,0,0,18,10244.3,1
852,5512,5512,0,5250,1,120.00500016851706,8.40193E-05,0,0,0,0,0,0,0,0,0,0,0,0,0,0,0,0,0,none,0,0,0,12834.8,0,0,0,47,15088.2,1
853,5512,5512,0,5250,1,120.00500016851706,8.40193E-05,0,0,0,0,0,0,0,0,0,0,0,0,0,0,0,0,0,none,0,0,0,14166,0,0,0,9,10102.8,1
854,5512,5512,0,5250,1,120.00500016851706,8.40193E-05,0,0,0,0,0,0,0,0,0,0,0,0,0,0,0,0,0,none,0,0,0,13266.7,0,0,0,14,10448,1
855,5512,5512,0,5250,1,120.00500016851706,8.40193E-05,0,0,0,0,0,0,0,0,0,0,0,0,0,0,0,0,0,none,0,0,0,11054.9,0,0,0,11,17537.6,1
856,5512,5512,0,5250,1,120.00500016851706,8.40193E-05,0,0,0,0,0,0,0,0,0,0,0,0,0,0,0,0,0,none,0,0,0,14136.4,0,0,0,22,11842.7,1
857,5512,5512,0,5250,1,120.00500016851706,8.40193E-05,0,0,0,0,0,0,0,0,0,0,0,0,0,0,0,0,0,none,0,0,0,13697.8,0,0,0,26,10620.5,1
858,5512,5512,0,5250,1,120.00500016851706,8.40193E-05,0,0,0,0,0,0,0,0,0,0,0,0,0,0,0,0,0,none,0,0,0,10264.8,0,0,0,28,13261,1
859,5512,5512,0,5250,1,120.00500016851706,8.40193E-05,0,0,0,0,0,0,0,0,0,0,0,0,0,0,0,0,0,none,0,0,0,12935.4,0,0,0,12,24979.8,1
860,5512,5512,0,5250,1,120.00500016851706,8.40193E-05,0,0,0,0,0,0,0,0,0,0,0,0,0,0,0,0,0,none,0,0,0,16337.3,0,0,0,82,9083.85,1
861,5512,5512,0,5250,1,120.00500016851706,8.40193E-05,0,0,0,0,0,0,0,0,0,0,0,0,0,0,0,0,0,none,0,0,0,11712.2,0,0,0,45,12701.6,1
862,5512,5512,0,5250,1,120.00500016851706,8.40193E-05,0,0,0,0,0,0,0,0,0,0,0,0,0,0,0,0,0,none,0,0,0,14136.2,0,0,0,9,13801.1,1
863,5512,5512,0,5250,1,120.00500016851706,8.40193E-05,0,0,0,0,0,0,0,0,0,0,0,0,0,0,0,0,0,none,0,0,0,15114.5,0,0,0,55,9706.8,1
864,5512,5512,0,5250,1,120.00500016851706,8.40193E-05,0,0,0,0,0,0,0,0,0,0,0,0,0,0,0,0,0,none,0,0,0,14002.5,0,0,0,17,13756.7,1
865,5512,5512,0,5250,1,120.00500016851706,8.40193E-05,0,0,0,0,0,0,0,0,0,0,0,0,0,0,0,0,0,none,0,0,0,11916.8,0,0,0,49,13124.6,1
866,5512,5512,0,5250,1,120.00500016851706,8.40193E-05,0,0,0,0,0,0,0,0,0,0,0,0,0,0,0,0,0,none,0,0,0,13049.1,0,0,0,25,10859.9,1
867,5512,5512,0,5250,1,120.00500016851706,8.40193E-05,0,0,0,0,0,0,0,0,0,0,0,0,0,0,0,0,0,none,0,0,0,13307.2,0,0,0,8,17803.5,1
868,5512,5512,0,5250,1,120.00500016851706,8.40193E-05,0,0,0,0,0,0,0,0,0,0,0,0,0,0,0,0,0,none,0,0,0,10262.7,0,0,0,11,15588.9,1
869,5512,5512,0,5250,1,120.00500016851706,8.40193E-05,0,0,0,0,0,0,0,0,0,0,0,0,0,0,0,0,0,none,0,0,0,14339.8,0,0,0,11,10924,1
870,5512,5512,0,5250,1,120.00500016851706,8.40193E-05,0,0,0,0,0,0,0,0,0,0,0,0,0,0,0,0,0,none,0,0,0,13362,0,0,0,9,8896.02,1
871,5512,5512,0,5250,1,120.00500016851706,8.40193E-05,0,0,0,0,0,0,0,0,0,0,0,0,0,0,0,0,0,none,0,0,0,10480,0,0,0,13,16295.3,1
872,5512,5512,0,5250,1,120.00500016851706,8.40193E-05,0,0,0,0,0,0,0,0,0,0,0,0,0,0,0,0,0,none,0,0,0,14078.4,0,0,0,8,11027.5,1
873,5512,5512,0,5250,1,120.00500016851706,8.40193E-05,0,0,0,0,0,0,0,0,0,0,0,0,0,0,0,0,0,none,0,0,0,13174.6,0,0,0,15,9248.86,1
874,5512,5512,0,5250,1,120.00500016851706,8.40193E-05,0,0,0,0,0,0,0,0,0,0,0,0,0,0,0,0,0,none,0,0,0,12248.9,0,0,0,13,16490,1
875,5512,5512,0,5250,1,120.00500016851706,8.40193E-05,0,0,0,0,0,0,0,0,0,0,0,0,0,0,0,0,0,none,0,0,0,12692.4,0,0,0,9,11220.5,1
876,5512,5512,0,5250,1,120.00500016851706,8.40193E-05,0,0,0,0,0,0,0,0,0,0,0,0,0,0,0,0,0,none,0,0,0,14691.8,0,0,0,50,9941.69,1
877,5512,5512,0,5250,1,120.00500016851706,8.40193E-05,0,0,0,0,0,0,0,0,0,0,0,0,0,0,0,0,0,none,0,0,0,13090.3,0,0,0,37,14019.4,1
878,5512,5512,0,5250,1,120.00500016851706,8.40193E-05,0,0,0,0,0,0,0,0,0,0,0,0,0,0,0,0,0,none,0,0,0,10481.6,0,0,0,42,11575.2,1
879,5512,5512,0,5250,1,120.00500016851706,8.40193E-05,0,0,0,0,0,0,0,0,0,0,0,0,0,0,0,0,0,none,0,0,0,15042.2,0,0,0,11,11742.4,1
880,5512,5512,0,5250,1,120.00500016851706,8.40193E-05,0,0,0,0,0,0,0,0,0,0,0,0,0,0,0,0,0,none,0,0,0,12597.3,0,0,0,48,8857.69,1
881,5512,5512,0,5250,1,120.00500016851706,8.40193E-05,0,0,0,0,0,0,0,0,0,0,0,0,0,0,0,0,0,none,0,0,0,10402.6,0,0,0,15,12107.7,1
882,5512,5512,0,5250,1,120.00500016851706,8.40193E-05,0,0,0,0,0,0,0,0,0,0,0,0,0,0,0,0,0,none,0,0,0,13083.3,0,0,0,8,18344.6,1
883,5512,5512,0,5250,1,120.00500016851706,8.40193E-05,0,0,0,0,0,0,0,0,0,0,0,0,0,0,0,0,0,none,0,0,0,12206,0,0,0,82,8958.65,1
884,5512,5512,0,5250,1,120.00500016851706,8.40193E-05,0,0,0,0,0,0,0,0,0,0,0,0,0,0,0,0,0,none,0,0,0,10818.6,0,0,0,8,19459.4,1
885,5512,5512,0,5250,1,120.00500016851706,8.40193E-05,0,0,0,0,0,0,0,0,0,0,0,0,0,0,0,0,0,none,0,0,0,13470.9,0,0,0,12,16098.5,1
886,5512,5512,0,5250,1,120.00500016851706,8.40193E-05,0,0,0,0,0,0,0,0,0,0,0,0,0,0,0,0,0,none,0,0,0,11970.2,0,0,0,15,9362.95,1
887,5512,5512,0,5250,1,120.00500016851706,8.40193E-05,0,0,0,0,0,0,0,0,0,0,0,0,0,0,0,0,0,none,0,0,0,12918.3,0,0,0,16,15982.9,1
888,5512,5512,0,5250,1,120.00500016851706,8.40193E-05,0,0,0,0,0,0,0,0,0,0,0,0,0,0,0,0,0,none,0,0,0,10956.6,0,0,0,19,14152.2,1
889,5512,5512,0,5250,1,120.00500016851706,8.40193E-05,0,0,0,0,0,0,0,0,0,0,0,0,0,0,0,0,0,none,0,0,0,11836.5,0,0,0,13,10211,1
890,5512,5512,0,5250,1,120.00500016851706,8.40193E-05,0,0,0,0,0,0,0,0,0,0,0,0,0,0,0,0,0,none,0,0,0,15250.2,0,0,0,30,8781.34,1
891,5512,5512,0,5250,1,120.00500016851706,8.40193E-05,0,0,0,0,0,0,0,0,0,0,0,0,0,0,0,0,0,none,0,0,0,10345,0,0,0,43,13083.3,1
892,5512,5512,0,5250,1,120.00500016851706,8.40193E-05,0,0,0,0,0,0,0,0,0,0,0,0,0,0,0,0,0,none,0,0,0,11749.5,0,0,0,15,18429.1,1
893,5512,5512,0,5250,1,120.00500016851706,8.40193E-05,0,0,0,0,0,0,0,0,0,0,0,0,0,0,0,0,0,none,0,0,0,13468.5,0,0,0,44,9147.17,1
894,5512,5512,0,5250,1,120.00500016851706,8.40193E-05,0,0,0,0,0,0,0,0,0,0,0,0,0,0,0,0,0,none,0,0,0,10294.7,0,0,0,24,17316.8,1
895,5512,5512,0,5250,1,120.00500016851706,8.40193E-05,0,0,0,0,0,0,0,0,0,0,0,0,0,0,0,0,0,none,0,0,0,11669.5,0,0,0,34,15287,1
896,5512,5512,0,5250,1,120.00500016851706,8.40193E-05,0,0,0,0,0,0,0,0,0,0,0,0,0,0,0,0,0,none,0,0,0,12861.6,0,0,0,22,9033.32,1
897,5512,5512,0,5250,1,120.00500016851706,8.40193E-05,0,0,0,0,0,0,0,0,0,0,0,0,0,0,0,0,0,none,0,0,0,11210.5,0,0,0,15,12593.3,1
898,5512,5512,0,5250,1,120.00500016851706,8.40193E-05,0,0,0,0,0,0,0,0,0,0,0,0,0,0,0,0,0,none,0,0,0,11556.6,0,0,0,8,17910.3,1
899,5512,5512,0,5250,1,120.00500016851706,8.40193E-05,0,0,0,0,0,0,0,0,0,0,0,0,0,0,0,0,0,none,0,0,0,17114.6,0,0,0,11,9497.89,1
900,5512,5512,0,5250,1,120.00500016851706,8.40193E-05,0,0,0,0,0,0,0,0,0,0,0,0,0,0,0,0,0,none,0,0,0,13499.4,0,0,0,9,12575.8,1
901,5512,5512,0,5250,1,120.00500016851706,8.40193E-05,0,0,0,0,0,0,0,0,0,0,0,0,0,0,0,0,0,none,0,0,0,10236.2,0,0,0,17,14354.4,1
902,5512,5512,0,5250,1,120.00500016851706,8.40193E-05,0,0,0,0,0,0,0,0,0,0,0,0,0,0,0,0,0,none,0,0,0,14418.5,0,0,0,4,10544.4,1
903,5512,5512,0,5250,1,120.00500016851706,8.40193E-05,0,0,0,0,0,0,0,0,0,0,0,0,0,0,0,0,0,none,0,0,0,12771.9,0,0,0,22,9015.45,1
904,5512,5512,0,5250,1,120.00500016851706,8.40193E-05,0,0,0,0,0,0,0,0,0,0,0,0,0,0,0,0,0,none,0,0,0,11046.7,0,0,0,42,12750,1
905,5512,5512,0,5250,1,120.00500016851706,8.40193E-05,0,0,0,0,0,0,0,0,0,0,0,0,0,0,0,0,0,none,0,0,0,14925.4,0,0,0,20,14939.6,1
906,5512,5512,0,5250,1,120.00500016851706,8.40193E-05,0,0,0,0,0,0,0,0,0,0,0,0,0,0,0,0,0,none,0,0,0,13586.9,0,0,0,41,9636.19,1
907,5512,5512,0,5250,1,120.00500016851706,8.40193E-05,0,0,0,0,0,0,0,0,0,0,0,0,0,0,0,0,0,none,0,0,0,10324.1,0,0,0,82,12484.5,1
908,5512,5512,0,5250,1,120.00500016851706,8.40193E-05,0,0,0,0,0,0,0,0,0,0,0,0,0,0,0,0,0,none,0,0,0,12235,0,0,0,45,14293,1
909,5512,5512,0,5250,1,120.00500016851706,8.40193E-05,0,0,0,0,0,0,0,0,0,0,0,0,0,0,0,0,0,none,0,0,0,14898.4,0,0,0,25,9148.16,1
910,5512,5512,0,5250,1,120.00500016851706,8.40193E-05,0,0,0,0,0,0,0,0,0,0,0,0,0,0,0,0,0,none,0,0,0,10755,0,0,0,10,12662.5,1
911,5512,5512,0,5250,1,120.00500016851706,8.40193E-05,0,0,0,0,0,0,0,0,0,0,0,0,0,0,0,0,0,none,0,0,0,10331.6,0,0,0,9,23927.5,1
912,5512,5512,0,5250,1,120.00500016851706,8.40193E-05,0,0,0,0,0,0,0,0,0,0,0,0,0,0,0,0,0,none,0,0,0,15395.2,0,0,0,15,9407.89,1
913,5512,5512,0,5250,1,120.00500016851706,8.40193E-05,0,0,0,0,0,0,0,0,0,0,0,0,0,0,0,0,0,none,0,0,0,10688.6,0,0,0,13,8894.39,1
914,5512,5512,0,5250,1,120.00500016851706,8.40193E-05,0,0,0,0,0,0,0,0,0,0,0,0,0,0,0,0,0,none,0,0,0,10986.8,0,0,0,14,12399.7,1
915,5512,5512,0,5250,1,120.00500016851706,8.40193E-05,0,0,0,0,0,0,0,0,0,0,0,0,0,0,0,0,0,none,0,0,0,14170.9,0,0,0,7,9428.05,1
916,5512,5512,0,5250,1,120.00500016851706,8.40193E-05,0,0,0,0,0,0,0,0,0,0,0,0,0,0,0,0,0,none,0,0,0,10664.9,0,0,0,22,9369.41,1
917,5512,5512,0,5250,1,120.00500016851706,8.40193E-05,0,0,0,0,0,0,0,0,0,0,0,0,0,0,0,0,0,none,0,0,0,10667.1,0,0,0,5,38022.4,1
918,5512,5512,0,5250,1,120.00500016851706,8.40193E-05,0,0,0,0,0,0,0,0,0,0,0,0,0,0,0,0,0,none,0,0,0,13114.8,0,0,0,18,9440.45,1
919,5512,5512,0,5250,1,120.00500016851706,8.40193E-05,0,0,0,0,0,0,0,0,0,0,0,0,0,0,0,0,0,none,0,0,0,10657.8,0,0,0,46,8897.01,1
920,5512,5512,0,5250,1,120.00500016851706,8.40193E-05,0,0,0,0,0,0,0,0,0,0,0,0,0,0,0,0,0,none,0,0,0,10484.4,0,0,0,4,15064.1,1
921,5512,5512,0,5250,1,120.00500016851706,8.40193E-05,0,0,0,0,0,0,0,0,0,0,0,0,0,0,0,0,0,none,0,0,0,10706.3,0,0,0,49,9451.77,1
922,5512,5512,0,5250,1,120.00500016851706,8.40193E-05,0,0,0,0,0,0,0,0,0,0,0,0,0,0,0,0,0,none,0,0,0,10658.9,0,0,0,10,9250.62,1
923,5512,5512,0,5250,1,120.00500016851706,8.40193E-05,0,0,0,0,0,0,0,0,0,0,0,0,0,0,0,0,0,none,0,0,0,12259.2,0,0,0,46,8820.58,1
924,5512,5512,0,5250,1,120.00500016851706,8.40193E-05,0,0,0,0,0,0,0,0,0,0,0,0,0,0,0,0,0,none,0,0,0,10508.1,0,0,0,20,9467.49,1
925,5512,5512,0,5250,1,120.00500016851706,8.40193E-05,0,0,0,0,0,0,0,0,0,0,0,0,0,0,0,0,0,none,0,0,0,10669.5,0,0,0,32,9945.76,1
926,5512,5512,0,5250,1,120.00500016851706,8.40193E-05,0,0,0,0,0,0,0,0,0,0,0,0,0,0,0,0,0,none,0,0,0,13431.9,0,0,0,6,9221.91,1
927,5512,5512,0,5250,1,120.00500016851706,8.40193E-05,0,0,0,0,0,0,0,0,0,0,0,0,0,0,0,0,0,none,0,0,0,12028.4,0,0,0,18,9494.83,1
928,5512,5512,0,5250,1,120.00500016851706,8.40193E-05,0,0,0,0,0,0,0,0,0,0,0,0,0,0,0,0,0,none,0,0,0,10702.1,0,0,0,36,11755,1
929,5512,5512,0,5250,1,120.00500016851706,8.40193E-05,0,0,0,0,0,0,0,0,0,0,0,0,0,0,0,0,0,none,0,0,0,14558.9,0,0,0,11,10120.2,1
930,5512,5512,0,5250,1,120.00500016851706,8.40193E-05,0,0,0,0,0,0,0,0,0,0,0,0,0,0,0,0,0,none,0,0,0,10399.1,0,0,0,76,9544.66,1
931,5512,5512,0,5250,1,120.00500016851706,8.40193E-05,0,0,0,0,0,0,0,0,0,0,0,0,0,0,0,0,0,none,0,0,0,10790.1,0,0,0,3,39864.3,1
932,5512,5512,0,5250,1,120.00500016851706,8.40193E-05,0,0,0,0,0,0,0,0,0,0,0,0,0,0,0,0,0,none,0,0,0,13890.7,0,0,0,19,8959.83,1
933,5512,5512,0,5250,1,120.00500016851706,8.40193E-05,0,0,0,0,0,0,0,0,0,0,0,0,0,0,0,0,0,none,0,0,0,10825.4,0,0,0,11,9626.74,1
934,5512,5512,0,5250,1,120.00500016851706,8.40193E-05,0,0,0,0,0,0,0,0,0,0,0,0,0,0,0,0,0,none,0,0,0,10269.6,0,0,0,39,13149.8,1
935,5512,5512,0,5250,1,120.00500016851706,8.40193E-05,0,0,0,0,0,0,0,0,0,0,0,0,0,0,0,0,0,none,0,0,0,16847.2,0,0,0,17,9365.19,1
936,5512,5512,0,5250,1,120.00500016851706,8.40193E-05,0,0,0,0,0,0,0,0,0,0,0,0,0,0,0,0,0,none,0,0,0,12930.2,0,0,0,48,9089.29,1
937,5512,5512,0,5250,1,120.00500016851706,8.40193E-05,0,0,0,0,0,0,0,0,0,0,0,0,0,0,0,0,0,none,0,0,0,11234.5,0,0,0,18,14337,1
938,5512,5512,0,5250,1,120.00500016851706,8.40193E-05,0,0,0,0,0,0,0,0,0,0,0,0,0,0,0,0,0,none,0,0,0,12590.4,0,0,0,19,10216.5,1
939,5512,5512,0,5250,1,120.00500016851706,8.40193E-05,0,0,0,0,0,0,0,0,0,0,0,0,0,0,0,0,0,none,0,0,0,13918,0,0,0,17,9783.19,1
940,5512,5512,0,5250,1,120.00500016851706,8.40193E-05,0,0,0,0,0,0,0,0,0,0,0,0,0,0,0,0,0,none,0,0,0,11454,0,0,0,11,15096.4,1
941,5512,5512,0,5250,1,120.00500016851706,8.40193E-05,0,0,0,0,0,0,0,0,0,0,0,0,0,0,0,0,0,none,0,0,0,11885.8,0,0,0,11,13244,1
942,5512,5512,0,5250,1,120.00500016851706,8.40193E-05,0,0,0,0,0,0,0,0,0,0,0,0,0,0,0,0,0,none,0,0,0,15510.1,0,0,0,12,9849.86,1
943,5512,5512,0,5250,1,120.00500016851706,8.40193E-05,0,0,0,0,0,0,0,0,0,0,0,0,0,0,0,0,0,none,0,0,0,10293.8,0,0,0,7,23688.5,1
944,5512,5512,0,5250,1,120.00500016851706,8.40193E-05,0,0,0,0,0,0,0,0,0,0,0,0,0,0,0,0,0,none,0,0,0,10257.9,0,0,0,8,14118.2,1
945,5512,5512,0,5250,1,120.00500016851706,8.40193E-05,0,0,0,0,0,0,0,0,0,0,0,0,0,0,0,0,0,none,0,0,0,12606.1,0,0,0,9,9035,1
946,5512,5512,0,5250,1,120.00500016851706,8.40193E-05,0,0,0,0,0,0,0,0,0,0,0,0,0,0,0,0,0,none,0,0,0,11218.3,0,0,0,17,8944.61,1
947,5512,5512,0,5250,1,120.00500016851706,8.40193E-05,0,0,0,0,0,0,0,0,0,0,0,0,0,0,0,0,0,none,0,0,0,11268,0,0,0,59,12800.5,1
948,5512,5512,0,5250,1,120.00500016851706,8.40193E-05,0,0,0,0,0,0,0,0,0,0,0,0,0,0,0,0,0,none,0,0,0,15344.7,0,0,0,16,9500.71,1
949,5512,5512,0,5250,1,120.00500016851706,8.40193E-05,0,0,0,0,0,0,0,0,0,0,0,0,0,0,0,0,0,none,0,0,0,11772.9,0,0,0,50,9486.73,1
950,5512,5512,0,5250,1,120.00500016851706,8.40193E-05,0,0,0,0,0,0,0,0,0,0,0,0,0,0,0,0,0,none,0,0,0,13272.2,0,0,0,9,15345.6,1
951,5512,5512,0,5250,1,120.00500016851706,8.40193E-05,0,0,0,0,0,0,0,0,0,0,0,0,0,0,0,0,0,none,0,0,0,12646.3,0,0,0,54,9926.11,1
952,5512,5512,0,5250,1,120.00500016851706,8.40193E-05,0,0,0,0,0,0,0,0,0,0,0,0,0,0,0,0,0,none,0,0,0,11869,0,0,0,8,10906.2,1
953,5512,5512,0,5250,1,120.00500016851706,8.40193E-05,0,0,0,0,0,0,0,0,0,0,0,0,0,0,0,0,0,none,0,0,0,11038.6,0,0,0,8,20582.6,1
954,5512,5512,0,5250,1,120.00500016851706,8.40193E-05,0,0,0,0,0,0,0,0,0,0,0,0,0,0,0,0,0,none,0,0,0,10462.9,0,0,0,71,9968.64,1
955,5512,5512,0,5250,1,120.00500016851706,8.40193E-05,0,0,0,0,0,0,0,0,0,0,0,0,0,0,0,0,0,none,0,0,0,12026.1,0,0,0,9,19591.5,1
956,5512,5512,0,5250,1,120.00500016851706,8.40193E-05,0,0,0,0,0,0,0,0,0,0,0,0,0,0,0,0,0,none,0,0,0,10325.9,0,0,0,13,8860.82,1
957,5512,5512,0,5250,1,120.00500016851706,8.40193E-05,0,0,0,0,0,0,0,0,0,0,0,0,0,0,0,0,0,none,0,0,0,10761.5,0,0,0,7,10046.7,1
958,5512,5512,0,5250,1,120.00500016851706,8.40193E-05,0,0,0,0,0,0,0,0,0,0,0,0,0,0,0,0,0,none,0,0,0,12304.2,0,0,0,27,9150.2,1
959,5512,5512,0,5250,1,120.00500016851706,8.40193E-05,0,0,0,0,0,0,0,0,0,0,0,0,0,0,0,0,0,none,0,0,0,11731.2,0,0,0,12,9298.28,1
960,5512,5512,0,5250,1,120.00500016851706,8.40193E-05,0,0,0,0,0,0,0,0,0,0,0,0,0,0,0,0,0,none,0,0,0,13197,0,0,0,22,10185.1,1
961,5512,5512,0,5250,1,120.00500016851706,8.40193E-05,0,0,0,0,0,0,0,0,0,0,0,0,0,0,0,0,0,none,0,0,0,12739.1,0,0,0,19,9715.63,1
962,5512,5512,0,5250,1,120.00500016851706,8.40193E-05,0,0,0,0,0,0,0,0,0,0,0,0,0,0,0,0,0,none,0,0,0,14090.8,0,0,0,44,10321.5,1
963,5512,5512,0,5250,1,120.00500016851706,8.40193E-05,0,0,0,0,0,0,0,0,0,0,0,0,0,0,0,0,0,none,0,0,0,12624.5,0,0,0,15,10382.1,1
964,5512,5512,0,5250,1,120.00500016851706,8.40193E-05,0,0,0,0,0,0,0,0,0,0,0,0,0,0,0,0,0,none,0,0,0,10934.3,0,0,0,43,11065.8,1
965,5512,5512,0,5250,1,120.00500016851706,8.40193E-05,0,0,0,0,0,0,0,0,0,0,0,0,0,0,0,0,0,none,0,0,0,14582.2,0,0,0,12,13547.6,1
966,5512,5512,0,5250,1,120.00500016851706,8.40193E-05,0,0,0,0,0,0,0,0,0,0,0,0,0,0,0,0,0,none,0,0,0,10659.4,0,0,0,60,8784.4,1
967,5512,5512,0,5250,1,120.00500016851706,8.40193E-05,0,0,0,0,0,0,0,0,0,0,0,0,0,0,0,0,0,none,0,0,0,10354.5,0,0,0,17,13365.3,1
968,5512,5512,0,5250,1,120.00500016851706,8.40193E-05,0,0,0,0,0,0,0,0,0,0,0,0,0,0,0,0,0,none,0,0,0,13818.7,0,0,0,5,8898,1
969,5512,5512,0,5250,1,120.00500016851706,8.40193E-05,0,0,0,0,0,0,0,0,0,0,0,0,0,0,0,0,0,none,0,0,0,10488.8,0,0,0,24,9152.85,1
970,5512,5512,0,5250,1,120.00500016851706,8.40193E-05,0,0,0,0,0,0,0,0,0,0,0,0,0,0,0,0,0,none,0,0,0,12319.7,0,0,0,19,11885.3,1
971,5512,5512,0,5250,1,120.00500016851706,8.40193E-05,0,0,0,0,0,0,0,0,0,0,0,0,0,0,0,0,0,none,0,0,0,13657.7,0,0,0,12,9252.4,1
972,5512,5512,0,5250,1,120.00500016851706,8.40193E-05,0,0,0,0,0,0,0,0,0,0,0,0,0,0,0,0,0,none,0,0,0,12269.7,0,0,0,14,9938.36,1
973,5512,5512,0,5250,1,120.00500016851706,8.40193E-05,0,0,0,0,0,0,0,0,0,0,0,0,0,0,0,0,0,none,0,0,0,12849.6,0,0,0,12,20024.6,1
974,5512,5512,0,5250,1,120.00500016851706,8.40193E-05,0,0,0,0,0,0,0,0,0,0,0,0,0,0,0,0,0,none,0,0,0,11521.5,0,0,0,11,9949.85,1
975,5512,5512,0,5250,1,120.00500016851706,8.40193E-05,0,0,0,0,0,0,0,0,0,0,0,0,0,0,0,0,0,none,0,0,0,13643.3,0,0,0,18,10842.3,1
976,5512,5512,0,5250,1,120.00500016851706,8.40193E-05,0,0,0,0,0,0,0,0,0,0,0,0,0,0,0,0,0,none,0,0,0,12017.3,0,0,0,10,20694.9,1
977,5512,5512,0,5250,1,120.00500016851706,8.40193E-05,0,0,0,0,0,0,0,0,0,0,0,0,0,0,0,0,0,none,0,0,0,10236.6,0,0,0,109,11767.6,1
978,5512,5512,0,5250,1,120.00500016851706,8.40193E-05,0,0,0,0,0,0,0,0,0,0,0,0,0,0,0,0,0,none,0,0,0,14715.2,0,0,0,17,10900.7,1
979,5512,5512,0,5250,1,120.00500016851706,8.40193E-05,0,0,0,0,0,0,0,0,0,0,0,0,0,0,0,0,0,none,0,0,0,10395.7,0,0,0,47,9022.38,1
980,5512,5512,0,5250,1,120.00500016851706,8.40193E-05,0,0,0,0,0,0,0,0,0,0,0,0,0,0,0,0,0,none,0,0,0,11635.9,0,0,0,19,13458,1
981,5512,5512,0,5250,1,120.00500016851706,8.40193E-05,0,0,0,0,0,0,0,0,0,0,0,0,0,0,0,0,0,none,0,0,0,14886.5,0,0,0,14,8961.01,1
982,5512,5512,0,5250,1,120.00500016851706,8.40193E-05,0,0,0,0,0,0,0,0,0,0,0,0,0,0,0,0,0,none,0,0,0,10832.1,0,0,0,10,9649.67,1
983,5512,5512,0,5250,1,120.00500016851706,8.40193E-05,0,0,0,0,0,0,0,0,0,0,0,0,0,0,0,0,0,none,0,0,0,13605.9,0,0,0,10,15566.7,1
984,5512,5512,0,5250,1,120.00500016851706,8.40193E-05,0,0,0,0,0,0,0,0,0,0,0,0,0,0,0,0,0,none,0,0,0,12199.8,0,0,0,26,9367.44,1
985,5512,5512,0,5250,1,120.00500016851706,8.40193E-05,0,0,0,0,0,0,0,0,0,0,0,0,0,0,0,0,0,none,0,0,0,12942.1,0,0,0,28,11372,1
986,5512,5512,0,5250,1,120.00500016851706,8.40193E-05,0,0,0,0,0,0,0,0,0,0,0,0,0,0,0,0,0,none,0,0,0,13233.1,0,0,0,12,13103.3,1
987,5512,5512,0,5250,1,120.00500016851706,8.40193E-05,0,0,0,0,0,0,0,0,0,0,0,0,0,0,0,0,0,none,0,0,0,10322.6,0,0,0,16,10222.1,1
988,5512,5512,0,5250,1,120.00500016851706,8.40193E-05,0,0,0,0,0,0,0,0,0,0,0,0,0,0,0,0,0,none,0,0,0,14983,0,0,0,12,13187.5,1
989,5512,5512,0,5250,1,120.00500016851706,8.40193E-05,0,0,0,0,0,0,0,0,0,0,0,0,0,0,0,0,0,none,0,0,0,11484.1,0,0,0,13,8897.73,1
990,5512,5512,0,5250,1,120.00500016851706,8.40193E-05,0,0,0,0,0,0,0,0,0,0,0,0,0,0,0,0,0,none,0,0,0,11007.5,0,0,0,52,11923,1
991,5512,5512,0,5250,1,120.00500016851706,8.40193E-05,0,0,0,0,0,0,0,0,0,0,0,0,0,0,0,0,0,none,0,0,0,14489.5,0,0,0,16,15319.1,1
992,5512,5512,0,5250,1,120.00500016851706,8.40193E-05,0,0,0,0,0,0,0,0,0,0,0,0,0,0,0,0,0,none,0,0,0,10292.9,0,0,0,42,9377.03,1
993,5512,5512,0,5250,1,120.00500016851706,8.40193E-05,0,0,0,0,0,0,0,0,0,0,0,0,0,0,0,0,0,none,0,0,0,13351.4,0,0,0,35,12980.2,1
994,5512,5512,0,5250,1,120.00500016851706,8.40193E-05,0,0,0,0,0,0,0,0,0,0,0,0,0,0,0,0,0,none,0,0,0,13077.1,0,0,0,50,9036.7,1
995,5512,5512,0,5250,1,120.00500016851706,8.40193E-05,0,0,0,0,0,0,0,0,0,0,0,0,0,0,0,0,0,none,0,0,0,11226.2,0,0,0,20,10557.3,1
996,5512,5512,0,5250,1,120.00500016851706,8.40193E-05,0,0,0,0,0,0,0,0,0,0,0,0,0,0,0,0,0,none,0,0,0,13190.1,0,0,0,6,20116.1,1
997,5512,5512,0,5250,1,120.00500016851706,8.40193E-05,0,0,0,0,0,0,0,0,0,0,0,0,0,0,0,0,0,none,0,0,0,10682.1,0,0,0,9,9503.56,1
998,5512,5512,0,5250,1,120.00500016851706,8.40193E-05,0,0,0,0,0,0,0,0,0,0,0,0,0,0,0,0,0,none,0,0,0,11870.2,0,0,0,16,35934.8,1
999,5512,5512,0,5250,1,120.00500016851706,8.40193E-05,0,0,0,0,0,0,0,0,0,0,0,0,0,0,0,0,0,none,0,0,0,13260.5,0,0,0,24,8824.12,1
1000,5512,5512,0,5250,1,120.00500016851706,8.40193E-05,0,0,0,0,0,0,0,0,0,0,0,0,0,0,0,0,0,none,0,0,0,10527.2,0,0,0,85,10557.6,1
1001,5512,5512,0,5250,1,120.00500016851706,8.40193E-05,0,0,0,0,0,0,0,0,0,0,0,0,0,0,0,0,0,none,0,0,0,11773.7,0,0,0,19,13299.7,1
1002,5512,5512,0,5250,1,120.00500016851706,8.40193E-05,0,0,0,0,0,0,0,0,0,0,0,0,0,0,0,0,0,none,0,0,0,11030.4,0,0,0,6,9228.59,1
1003,5512,5512,0,5250,1,120.00500016851706,8.40193E-05,0,0,0,0,0,0,0,0,0,0,0,0,0,0,0,0,0,none,0,0,0,12795.7,0,0,0,16,14500.7,1
1004,5512,5512,0,5250,1,120.00500016851706,8.40193E-05,0,0,0,0,0,0,0,0,0,0,0,0,0,0,0,0,0,none,0,0,0,11695.2,0,0,0,7,39877,1
1005,5512,5512,0,5250,1,120.00500016851706,8.40193E-05,0,0,0,0,0,0,0,0,0,0,0,0,0,0,0,0,0,none,0,0,0,10327.7,0,0,0,43,10137.5,1
1006,5512,5512,0,5250,1,120.00500016851706,8.40193E-05,0,0,0,0,0,0,0,0,0,0,0,0,0,0,0,0,0,none,0,0,0,13291.9,0,0,0,11,13760.3,1
1007,5512,5512,0,5250,1,120.00500016851706,8.40193E-05,0,0,0,0,0,0,0,0,0,0,0,0,0,0,0,0,0,none,0,0,0,11172,0,0,0,40,9152.23,1
1008,5511,5512,1,5250,1,120.00500016851706,8.40193E-05,0,1,7.226536678902393E-09,0,0,0,0,0,0,0,0,0,0,0,7.226536678903075E-09,0,6.815968247436948E-22,no_compact_gain,0,0,0,11740.7,0,0,0,16,18974.9,1
1009,5511,5512,0,5250,1,120.00500016851706,8.40193E-05,0,0,0,0,0,0,0,0,0,0,0,0,0,0,0,0,0,none,0,0,0,14956.5,0,0,0,48,15197,1
1010,5511,5512,0,5250,1,120.00500016851706,8.40193E-05,0,0,0,0,0,0,0,0,0,0,0,0,0,0,0,0,0,none,0,0,0,10274.8,0,0,0,15,9720.04,1
1011,5511,5512,0,5250,1,120.00500016851706,8.40193E-05,0,0,0,0,0,0,0,0,0,0,0,0,0,0,0,0,0,none,0,0,0,14101.3,0,0,0,11,15746.4,1
1012,5511,5512,0,5250,1,120.00500016851706,8.40193E-05,0,0,0,0,0,0,0,0,0,0,0,0,0,0,0,0,0,none,0,0,0,12609.7,0,0,0,15,9094.64,1
1013,5511,5512,0,5250,1,120.00500016851706,8.40193E-05,0,0,0,0,0,0,0,0,0,0,0,0,0,0,0,0,0,none,0,0,0,11236.3,0,0,0,11,11077.7,1
1014,5511,5512,0,5250,1,120.00500016851706,8.40193E-05,0,0,0,0,0,0,0,0,0,0,0,0,0,0,0,0,0,none,0,0,0,13751,0,0,0,8,12656.6,1
1015,5511,5512,0,5250,1,120.00500016851706,8.40193E-05,0,0,0,0,0,0,0,0,0,0,0,0,0,0,0,0,0,none,0,0,0,10651.7,0,0,0,11,9794.93,1
1016,5511,5512,0,5250,1,120.00500016851706,8.40193E-05,0,0,0,0,0,0,0,0,0,0,0,0,0,0,0,0,0,none,0,0,0,10979.8,0,0,0,14,14739,1
1017,5511,5512,0,5250,1,120.00500016851706,8.40193E-05,0,0,0,0,0,0,0,0,0,0,0,0,0,0,0,0,0,none,0,0,0,11854.5,0,0,0,22,8899,1
1018,5511,5512,0,5250,1,120.00500016851706,8.40193E-05,0,0,0,0,0,0,0,0,0,0,0,0,0,0,0,0,0,none,0,0,0,10493.3,0,0,0,49,11820.3,1
1019,5511,5512,0,5250,1,120.00500016851706,8.40193E-05,0,0,0,0,0,0,0,0,0,0,0,0,0,0,0,0,0,none,0,0,0,10791,0,0,0,10,14024.8,1
1020,5511,5512,0,5250,1,120.00500016851706,8.40193E-05,0,0,0,0,0,0,0,0,0,0,0,0,0,0,0,0,0,none,0,0,0,10253.5,0,0,0,50,9254.18,1
1021,5511,5512,0,5250,1,120.00500016851706,8.40193E-05,0,0,0,0,0,0,0,0,0,0,0,0,0,0,0,0,0,none,0,0,0,12280.2,0,0,0,13,9398.08,1
1022,5511,5512,0,5250,1,120.00500016851706,8.40193E-05,0,0,0,0,0,0,0,0,0,0,0,0,0,0,0,0,0,none,0,0,0,10702.5,0,0,0,60,8950.2,1
1023,5511,5512,0,5250,1,120.00500016851706,8.40193E-05,0,0,0,0,0,0,0,0,0,0,0,0,0,0,0,0,0,none,0,0,0,11296.3,0,0,0,12,9953.95,1
1024,5511,5512,0,5250,1,120.00500016851706,8.40193E-05,0,0,0,0,0,0,0,0,0,0,0,0,0,0,0,0,0,none,0,0,0,12758.7,0,0,0,72,9422.81,1
1025,5511,5512,0,5250,1,120.00500016851706,8.40193E-05,0,0,0,0,0,0,0,0,0,0,0,0,0,0,0,0,0,none,0,0,0,10669.6,0,0,0,14,9499.51,1
1026,5511,5512,0,5250,1,120.00500016851706,8.40193E-05,0,0,0,0,0,0,0,0,0,0,0,0,0,0,0,0,0,none,0,0,0,13928.6,0,0,0,13,11780.2,1
1027,5511,5512,0,5250,1,120.00500016851706,8.40193E-05,0,0,0,0,0,0,0,0,0,0,0,0,0,0,0,0,0,none,0,0,0,12600.4,0,0,0,17,9436.84,1
1028,5511,5512,0,5250,1,120.00500016851706,8.40193E-05,0,0,0,0,0,0,0,0,0,0,0,0,0,0,0,0,0,none,0,0,0,10392.3,0,0,0,7,10944.9,1
1029,5511,5512,0,5250,1,120.00500016851706,8.40193E-05,0,0,0,0,0,0,0,0,0,0,0,0,0,0,0,0,0,none,0,0,0,14010.3,0,0,0,12,14726.5,1
1030,5511,5512,0,5250,1,120.00500016851706,8.40193E-05,0,0,0,0,0,0,0,0,0,0,0,0,0,0,0,0,0,none,0,0,0,10445.3,0,0,0,13,8962.19,1
1031,5511,5512,0,5250,1,120.00500016851706,8.40193E-05,0,0,0,0,0,0,0,0,0,0,0,0,0,0,0,0,0,none,0,0,0,10657.8,0,0,0,15,16307.4,1
1032,5511,5512,0,5250,1,120.00500016851706,8.40193E-05,0,0,0,0,0,0,0,0,0,0,0,0,0,0,0,0,0,none,0,0,0,13255.1,0,0,0,13,8863.9,1
1033,5511,5512,0,5250,1,120.00500016851706,8.40193E-05,0,0,0,0,0,0,0,0,0,0,0,0,0,0,0,0,0,none,0,0,0,10783.1,0,0,0,53,9369.68,1
1034,5511,5512,0,5250,1,120.00500016851706,8.40193E-05,0,0,0,0,0,0,0,0,0,0,0,0,0,0,0,0,0,none,0,0,0,10664.6,0,0,0,14,16307.4,1
1035,5511,5512,0,5250,1,120.00500016851706,8.40193E-05,0,0,0,0,0,0,0,0,0,0,0,0,0,0,0,0,0,none,0,0,0,13803.5,0,0,0,52,9304.41,1
1036,5511,5512,0,5250,1,120.00500016851706,8.40193E-05,0,0,0,0,0,0,0,0,0,0,0,0,0,0,0,0,0,none,0,0,0,13228,0,0,0,33,9484.15,1
1037,5511,5512,0,5250,1,120.00500016851706,8.40193E-05,0,0,0,0,0,0,0,0,0,0,0,0,0,0,0,0,0,none,0,0,0,10687.7,0,0,0,39,14748.6,1
1038,5511,5512,0,5250,1,120.00500016851706,8.40193E-05,0,0,0,0,0,0,0,0,0,0,0,0,0,0,0,0,0,none,0,0,0,11472.9,0,0,0,12,10338.5,1
1039,5511,5512,0,5250,1,120.00500016851706,8.40193E-05,0,0,0,0,0,0,0,0,0,0,0,0,0,0,0,0,0,none,0,0,0,15815.8,0,0,0,16,9525.34,1
1040,5511,5512,0,5250,1,120.00500016851706,8.40193E-05,0,0,0,0,0,0,0,0,0,0,0,0,0,0,0,0,0,none,0,0,0,10752.5,0,0,0,9,13697.9,1
1041,5511,5512,0,5250,1,120.00500016851706,8.40193E-05,0,0,0,0,0,0,0,0,0,0,0,0,0,0,0,0,0,none,0,0,0,10292.1,0,0,0,11,18000,1
1042,5511,5512,0,5250,1,120.00500016851706,8.40193E-05,0,0,0,0,0,0,0,0,0,0,0,0,0,0,0,0,0,none,0,0,0,13543,0,0,0,19,8787.5,1
1043,5511,5512,0,5250,1,120.00500016851706,8.40193E-05,0,0,0,0,0,0,0,0,0,0,0,0,0,0,0,0,0,none,0,0,0,10364.7,0,0,0,6,9038.41,1
1044,5511,5512,0,5250,1,120.00500016851706,8.40193E-05,0,0,0,0,0,0,0,0,0,0,0,0,0,0,0,0,0,none,0,0,0,11234.1,0,0,0,7,14834.4,1
1045,5511,5512,0,5250,1,120.00500016851706,8.40193E-05,0,0,0,0,0,0,0,0,0,0,0,0,0,0,0,0,0,none,0,0,0,12605.1,0,0,0,16,9158.65,1
1046,5511,5512,0,5250,1,120.00500016851706,8.40193E-05,0,0,0,0,0,0,0,0,0,0,0,0,0,0,0,0,0,none,0,0,0,11151.2,0,0,0,19,9506.45,1
1047,5511,5512,0,5250,1,120.00500016851706,8.40193E-05,0,0,0,0,0,0,0,0,0,0,0,0,0,0,0,0,0,none,0,0,0,13528.2,0,0,0,76,15538.7,1
1048,5511,5512,0,5250,1,120.00500016851706,8.40193E-05,0,0,0,0,0,0,0,0,0,0,0,0,0,0,0,0,0,none,0,0,0,13248.7,0,0,0,42,9782.4,1
1049,5511,5512,0,5250,1,120.00500016851706,8.40193E-05,0,0,0,0,0,0,0,0,0,0,0,0,0,0,0,0,0,none,0,0,0,11391.4,0,0,0,9,10564.3,1
1050,5511,5512,0,5250,1,120.00500016851706,8.40193E-05,0,0,0,0,0,0,0,0,0,0,0,0,0,0,0,0,0,none,0,0,0,11486.5,0,0,0,44,13933.1,1
1051,5511,5512,0,5250,1,120.00500016851706,8.40193E-05,0,0,0,0,0,0,0,0,0,0,0,0,0,0,0,0,0,none,0,0,0,11022.3,0,0,0,19,9837.61,1
1052,5511,5512,0,5250,1,120.00500016851706,8.40193E-05,0,0,0,0,0,0,0,0,0,0,0,0,0,0,0,0,0,none,0,0,0,11559.7,0,0,0,15,17194.4,1
1053,5511,5512,0,5250,1,120.00500016851706,8.40193E-05,0,0,0,0,0,0,0,0,0,0,0,0,0,0,0,0,0,none,0,0,0,10237.5,0,0,0,10,13855.5,1
1054,5511,5512,0,5250,1,120.00500016851706,8.40193E-05,0,0,0,0,0,0,0,0,0,0,0,0,0,0,0,0,0,none,0,0,0,10329.5,0,0,0,10,9870.06,1
1055,5511,5512,0,5250,1,120.00500016851706,8.40193E-05,0,0,0,0,0,0,0,0,0,0,0,0,0,0,0,0,0,none,0,0,0,11667.3,0,0,0,30,9029.22,1
1056,5511,5512,0,5250,1,120.00500016851706,8.40193E-05,0,0,0,0,0,0,0,0,0,0,0,0,0,0,0,0,0,none,0,0,0,11667.2,0,0,0,18,9154.24,1
1057,5511,5512,0,5250,1,120.00500016851706,8.40193E-05,0,0,0,0,0,0,0,0,0,0,0,0,0,0,0,0,0,none,0,0,0,11750.2,0,0,0,12,9892.92,1
1058,5511,5512,0,5250,1,120.00500016851706,8.40193E-05,0,0,0,0,0,0,0,0,0,0,0,0,0,0,0,0,0,none,0,0,0,11747.5,0,0,0,18,9662.91,1
1059,5511,5512,0,5250,1,120.00500016851706,8.40193E-05,0,0,0,0,0,0,0,0,0,0,0,0,0,0,0,0,0,none,0,0,0,12591.7,0,0,0,12,9724.44,1
1060,5511,5512,0,5250,1,120.00500016851706,8.40193E-05,0,0,0,0,0,0,0,0,0,0,0,0,0,0,0,0,0,none,0,0,0,12165.7,0,0,0,10,9916.57,1
1061,5511,5512,0,5250,1,120.00500016851706,8.40193E-05,0,0,0,0,0,0,0,0,0,0,0,0,0,0,0,0,0,none,0,0,0,11833.7,0,0,0,57,11409.3,1
1062,5511,5512,0,5250,1,120.00500016851706,8.40193E-05,0,0,0,0,0,0,0,0,0,0,0,0,0,0,0,0,0,none,0,0,0,16133.3,0,0,0,18,11089.7,1
1063,5511,5512,0,5250,1,120.00500016851706,8.40193E-05,0,0,0,0,0,0,0,0,0,0,0,0,0,0,0,0,0,none,0,0,0,10314.2,0,0,0,43,9952.14,1
1064,5511,5512,0,5250,1,120.00500016851706,8.40193E-05,0,0,0,0,0,0,0,0,0,0,0,0,0,0,0,0,0,none,0,0,0,10644.1,0,0,0,22,13051,1
1065,5511,5512,0,5250,1,120.00500016851706,8.40193E-05,0,0,0,0,0,0,0,0,0,0,0,0,0,0,0,0,0,none,0,0,0,15120.1,0,0,0,48,8901.19,1
1066,5512,5512,0,5250,1,120.00500016851706,8.40193E-05,0,0,0,0,0,0,3,7.511117959807965E-12,0,6.8917822522856305E-12,6.193357075223356E-13,2.0644523584077845E-13,2,0,0,0,0,none,0,0,-4.82284587341282E-16,11028.5,0,0,0,16,8900,1
1067,5512,5512,0,5250,1,120.00500016851706,8.40193E-05,0,0,0,0,0,0,0,0,0,0,0,0,0,0,0,0,0,none,0,0,0,10497.9,0,0,0,5,15384.3,1
1068,5512,5512,0,5250,1,120.00500016851706,8.40193E-05,0,0,0,0,0,0,0,0,0,0,0,0,0,0,0,0,0,none,0,0,0,13255.1,0,0,0,17,9384.98,1
1069,5512,5512,0,5250,1,120.00500016851706,8.40193E-05,0,0,0,0,0,0,0,0,0,0,0,0,0,0,0,0,0,none,0,0,0,13470.8,0,0,0,21,9255.96,1
1070,5512,5512,0,5250,1,120.00500016851706,8.40193E-05,0,0,0,0,0,0,0,0,0,0,0,0,0,0,0,0,0,none,0,0,0,12290.7,0,0,0,82,12045.6,1
1071,5512,5512,0,5250,1,120.00500016851706,8.40193E-05,0,0,0,0,0,0,0,0,0,0,0,0,0,0,0,0,0,none,0,0,0,11838.7,0,0,0,8,10582.8,1
1072,5512,5512,0,5250,1,120.00500016851706,8.40193E-05,0,0,0,0,0,0,0,0,0,0,0,0,0,0,0,0,0,none,0,0,0,14286.1,0,0,0,17,9958.06,1
1073,5512,5512,0,5250,1,120.00500016851706,8.40193E-05,0,0,0,0,0,0,0,0,0,0,0,0,0,0,0,0,0,none,0,0,0,10657.8,0,0,0,11,16169.5,1
1074,5512,5512,0,5250,1,120.00500016851706,8.40193E-05,0,0,0,0,0,0,0,0,0,0,0,0,0,0,0,0,0,none,0,0,0,10843.5,0,0,0,20,15075.9,1
1075,5512,5512,0,5250,1,120.00500016851706,8.40193E-05,0,0,0,0,0,0,0,0,0,0,0,0,0,0,0,0,0,none,0,0,0,14162.4,0,0,0,10,8827.67,1
1076,5512,5512,0,5250,1,120.00500016851706,8.40193E-05,0,0,0,0,0,0,0,0,0,0,0,0,0,0,0,0,0,none,0,0,0,10547,0,0,0,51,9122.13,1
1077,5512,5512,0,5250,1,120.00500016851706,8.40193E-05,0,0,0,0,0,0,0,0,0,0,0,0,0,0,0,0,0,none,0,0,0,10389,0,0,0,12,11986.7,1
1078,5512,5512,0,5250,1,120.00500016851706,8.40193E-05,0,0,0,0,0,0,0,0,0,0,0,0,0,0,0,0,0,none,0,0,0,15280.4,0,0,0,42,9235.26,1
1079,5512,5512,0,5250,1,120.00500016851706,8.40193E-05,0,0,0,0,0,0,0,0,0,0,0,0,0,0,0,0,0,none,0,0,0,12837,0,0,0,19,8963.37,1
1080,5512,5512,0,5250,1,120.00500016851706,8.40193E-05,0,0,0,0,0,0,0,0,0,0,0,0,0,0,0,0,0,none,0,0,0,10845.6,0,0,0,43,14922.8,1
1081,5512,5512,0,5250,1,120.00500016851706,8.40193E-05,0,0,0,0,0,0,0,0,0,0,0,0,0,0,0,0,0,none,0,0,0,14287.1,0,0,0,14,10154.8,1
1082,5512,5512,0,5250,1,120.00500016851706,8.40193E-05,0,0,0,0,0,0,0,0,0,0,0,0,0,0,0,0,0,none,0,0,0,13376.5,0,0,0,30,9371.93,1
1083,5512,5512,0,5250,1,120.00500016851706,8.40193E-05,0,0,0,0,0,0,0,0,0,0,0,0,0,0,0,0,0,none,0,0,0,11145.1,0,0,0,5,13245,1
1084,5512,5512,0,5250,1,120.00500016851706,8.40193E-05,0,0,0,0,0,0,0,0,0,0,0,0,0,0,0,0,0,none,0,0,0,13505.5,0,0,0,15,10824.7,1
1085,5512,5512,0,5250,1,120.00500016851706,8.40193E-05,0,0,0,0,0,0,0,0,0,0,0,0,0,0,0,0,0,none,0,0,0,13619.8,0,0,0,77,9942.33,1
1086,5512,5512,0,5250,1,120.00500016851706,8.40193E-05,0,0,0,0,0,0,0,0,0,0,0,0,0,0,0,0,0,none,0,0,0,10280.3,0,0,0,11,13519.9,1
1087,5512,5512,0,5250,1,120.00500016851706,8.40193E-05,0,0,0,0,0,0,0,0,0,0,0,0,0,0,0,0,0,none,0,0,0,11461.7,0,0,0,26,10880.3,1
1088,5512,5512,0,5250,1,120.00500016851706,8.40193E-05,0,0,0,0,0,0,0,0,0,0,0,0,0,0,0,0,0,none,0,0,0,14132.9,0,0,0,18,9099.92,1
1089,5512,5512,0,5250,1,120.00500016851706,8.40193E-05,0,0,0,0,0,0,0,0,0,0,0,0,0,0,0,0,0,none,0,0,0,12013.7,0,0,0,8,15211.7,1
1090,5512,5512,0,5250,1,120.00500016851706,8.40193E-05,0,0,0,0,0,0,0,0,0,0,0,0,0,0,0,0,0,none,0,0,0,10291.4,0,0,0,19,10954.1,1
1091,5512,5512,0,5250,1,120.00500016851706,8.40193E-05,0,0,0,0,0,0,0,0,0,0,0,0,0,0,0,0,0,none,0,0,0,14262.7,0,0,0,46,9806.78,1
1092,5512,5512,0,5250,1,120.00500016851706,8.40193E-05,0,0,0,0,0,0,0,0,0,0,0,0,0,0,0,0,0,none,0,0,0,13689,0,0,0,13,9040.15,1
1093,5512,5512,0,5250,1,120.00500016851706,8.40193E-05,0,0,0,0,0,0,0,0,0,0,0,0,0,0,0,0,0,none,0,0,0,11242.1,0,0,0,66,11082.3,1
1094,5512,5512,0,5250,1,120.00500016851706,8.40193E-05,0,0,0,0,0,0,0,0,0,0,0,0,0,0,0,0,0,none,0,0,0,12864.7,0,0,0,71,26885.3,1
1095,5512,5512,0,5250,1,120.00500016851706,8.40193E-05,0,0,0,0,0,0,0,0,0,0,0,0,0,0,0,0,0,none,0,0,0,13308.3,0,0,0,14,9509.36,1
1096,5512,5512,0,5250,1,120.00500016851706,8.40193E-05,0,0,0,0,0,0,0,0,0,0,0,0,0,0,0,0,0,none,0,0,0,10249.5,0,0,0,11,11324.2,1
1097,5512,5512,0,5250,1,120.00500016851706,8.40193E-05,0,0,0,0,0,0,0,0,0,0,0,0,0,0,0,0,0,none,0,0,0,13236.8,0,0,0,4,18542.5,1
1098,5512,5512,0,5250,1,120.00500016851706,8.40193E-05,0,0,0,0,0,0,0,0,0,0,0,0,0,0,0,0,0,none,0,0,0,12897.5,0,0,0,24,8956.04,1
1099,5512,5512,0,5250,1,120.00500016851706,8.40193E-05,0,0,0,0,0,0,0,0,0,0,0,0,0,0,0,0,0,none,0,0,0,10619.5,0,0,0,11,11748.2,1
1100,5512,5512,0,5250,1,120.00500016851706,8.40193E-05,0,0,0,0,0,0,0,0,0,0,0,0,0,0,0,0,0,none,0,0,0,11014.3,0,0,0,76,13214.6,1
1101,5512,5512,0,5250,1,120.00500016851706,8.40193E-05,0,0,0,0,0,0,0,0,0,0,0,0,0,0,0,0,0,none,0,0,0,12426.1,0,0,0,18,9434.41,1
1102,5512,5512,0,5250,1,120.00500016851706,8.40193E-05,0,0,0,0,0,0,0,0,0,0,0,0,0,0,0,0,0,none,0,0,0,11450.4,0,0,0,13,12312.4,1
1103,5512,5512,0,5250,1,120.00500016851706,8.40193E-05,0,0,0,0,0,0,0,0,0,0,0,0,0,0,0,0,0,none,0,0,0,10331.3,0,0,0,8,13379.8,1
1104,5512,5512,0,5250,1,120.00500016851706,8.40193E-05,0,0,0,0,0,0,0,0,0,0,0,0,0,0,0,0,0,none,0,0,0,12098,0,0,0,59,9725.05,1
1105,5512,5512,0,5250,1,120.00500016851706,8.40193E-05,0,0,0,0,0,0,0,0,0,0,0,0,0,0,0,0,0,none,0,0,0,12732.7,0,0,0,24,9156.25,1
1106,5512,5512,0,5250,1,120.00500016851706,8.40193E-05,0,0,0,0,0,0,0,0,0,0,0,0,0,0,0,0,0,none,0,0,0,10428.8,0,0,0,57,13453.2,1
1107,5512,5512,0,5250,1,120.00500016851706,8.40193E-05,0,0,0,0,0,0,0,0,0,0,0,0,0,0,0,0,0,none,0,0,0,11909.5,0,0,0,17,10257.3,1
1108,5512,5512,0,5250,1,120.00500016851706,8.40193E-05,0,0,0,0,0,0,0,0,0,0,0,0,0,0,0,0,0,none,0,0,0,13087.1,0,0,0,42,8866.95,1
1109,5512,5512,0,5250,1,120.00500016851706,8.40193E-05,0,0,0,0,0,0,0,0,0,0,0,0,0,0,0,0,0,none,0,0,0,10804.3,0,0,0,14,13366.6,1
1110,5512,5512,0,5250,1,120.00500016851706,8.40193E-05,0,0,0,0,0,0,0,0,0,0,0,0,0,0,0,0,0,none,0,0,0,11799.6,0,0,0,7,11073,1
1111,5512,5512,0,5250,1,120.00500016851706,8.40193E-05,0,0,0,0,0,0,0,0,0,0,0,0,0,0,0,0,0,none,0,0,0,13543.5,0,0,0,17,9310.55,1
1112,5512,5512,0,5250,1,120.00500016851706,8.40193E-05,0,0,0,0,0,0,0,0,0,0,0,0,0,0,0,0,0,none,0,0,0,11770.1,0,0,0,14,19214.5,1
1113,5512,5512,0,5250,1,120.00500016851706,8.40193E-05,0,0,0,0,0,0,0,0,0,0,0,0,0,0,0,0,0,none,0,0,0,10636.5,0,0,0,5,17611,1
1114,5512,5512,0,5250,1,120.00500016851706,8.40193E-05,0,0,0,0,0,0,0,0,0,0,0,0,0,0,0,0,0,none,0,0,0,16344.9,0,0,0,16,10355.8,1
1115,5512,5512,0,5250,1,120.00500016851706,8.40193E-05,0,0,0,0,0,0,0,0,0,0,0,0,0,0,0,0,0,none,0,0,0,10799.3,0,0,0,84,8901,1
1116,5512,5512,0,5250,1,120.00500016851706,8.40193E-05,0,0,0,0,0,0,0,0,0,0,0,0,0,0,0,0,0,none,0,0,0,10502.5,0,0,0,17,13508.5,1
1117,5512,5512,0,5250,1,120.00500016851706,8.40193E-05,0,0,0,0,0,0,0,0,0,0,0,0,0,0,0,0,0,none,0,0,0,13168.4,0,0,0,82,9130.78,1
1118,5512,5512,0,5250,1,120.00500016851706,8.40193E-05,0,0,0,0,0,0,0,0,0,0,0,0,0,0,0,0,0,none,0,0,0,10485,0,0,0,16,8790.63,1
1119,5512,5512,0,5250,1,120.00500016851706,8.40193E-05,0,0,0,0,0,0,0,0,0,0,0,0,0,0,0,0,0,none,0,0,0,10375.6,0,0,0,40,13027,1
1120,5512,5512,0,5250,1,120.00500016851706,8.40193E-05,0,0,0,0,0,0,0,0,0,0,0,0,0,0,0,0,0,none,0,0,0,14364.3,0,0,0,10,9306.27,1
1121,5512,5512,0,5250,1,120.00500016851706,8.40193E-05,0,0,0,0,0,0,0,0,0,0,0,0,0,0,0,0,0,none,0,0,0,10993.1,0,0,0,49,9164.57,1
1122,5512,5512,0,5250,1,120.00500016851706,8.40193E-05,0,0,0,0,0,0,0,0,0,0,0,0,0,0,0,0,0,none,0,0,0,11310.8,0,0,0,14,13460,1
1123,5512,5512,0,5250,1,120.00500016851706,8.40193E-05,0,0,0,0,0,0,0,0,0,0,0,0,0,0,0,0,0,none,0,0,0,11984.1,0,0,0,46,9577.52,1
1124,5512,5512,0,5250,1,120.00500016851706,8.40193E-05,0,0,0,0,0,0,0,0,0,0,0,0,0,0,0,0,0,none,0,0,0,12061.5,0,0,0,17,9969.38,1
1125,5512,5512,0,5250,1,120.00500016851706,8.40193E-05,0,0,0,0,0,0,0,0,0,0,0,0,0,0,0,0,0,none,0,0,0,11056,0,0,0,20,22837.5,1
1126,5512,5512,0,5250,1,120.00500016851706,8.40193E-05,0,0,0,0,0,0,0,0,0,0,0,0,0,0,0,0,0,none,0,0,0,10385.7,0,0,0,14,9973.98,1
1127,5512,5512,0,5250,1,120.00500016851706,8.40193E-05,0,0,0,0,0,0,0,0,0,0,0,0,0,0,0,0,0,none,0,0,0,13508.2,0,0,0,9,12841.6,1
1128,5512,5512,0,5250,1,120.00500016851706,8.40193E-05,0,0,0,0,0,0,0,0,0,0,0,0,0,0,0,0,0,none,0,0,0,10837,0,0,0,13,8964.55,1
1129,5512,5512,0,5250,1,120.00500016851706,8.40193E-05,0,0,0,0,0,0,0,0,0,0,0,0,0,0,0,0,0,none,0,0,0,10238.9,0,0,0,33,10615.3,1
1130,5512,5512,0,5250,1,120.00500016851706,8.40193E-05,0,0,0,0,0,0,0,0,0,0,0,0,0,0,0,0,0,none,0,0,0,14845.4,0,0,0,77,9385.95,1
1131,5512,5512,0,5250,1,120.00500016851706,8.40193E-05,0,0,0,0,0,0,0,0,0,0,0,0,0,0,0,0,0,none,0,0,0,10721.3,0,0,0,19,9035.95,1
1132,5512,5512,0,5250,1,120.00500016851706,8.40193E-05,0,0,0,0,0,0,0,0,0,0,0,0,0,0,0,0,0,none,0,0,0,11698.2,0,0,0,51,11873.7,1
1133,5512,5512,0,5250,1,120.00500016851706,8.40193E-05,0,0,0,0,0,0,0,0,0,0,0,0,0,0,0,0,0,none,0,0,0,13778.6,0,0,0,13,9416.5,1
1134,5512,5512,0,5250,1,120.00500016851706,8.40193E-05,0,0,0,0,0,0,0,0,0,0,0,0,0,0,0,0,0,none,0,0,0,10676.3,0,0,0,44,9675.9,1
1135,5512,5512,0,5250,1,120.00500016851706,8.40193E-05,0,0,0,0,0,0,0,0,0,0,0,0,0,0,0,0,0,none,0,0,0,14365.2,0,0,0,21,12640.4,1
1136,5512,5512,0,5250,1,120.00500016851706,8.40193E-05,0,0,0,0,0,0,0,0,0,0,0,0,0,0,0,0,0,none,0,0,0,11450.7,0,0,0,43,9432.93,1
1137,5512,5512,0,5250,1,120.00500016851706,8.40193E-05,0,0,0,0,0,0,0,0,0,0,0,0,0,0,0,0,0,none,0,0,0,10528.1,0,0,0,11,11446.3,1
1138,5512,5512,0,5250,1,120.00500016851706,8.40193E-05,0,0,0,0,0,0,0,0,0,0,0,0,0,0,0,0,0,none,0,0,0,12830.3,0,0,0,14,16702.6,1
1139,5512,5512,0,5250,1,120.00500016851706,8.40193E-05,0,0,0,0,0,0,0,0,0,0,0,0,0,0,0,0,0,none,0,0,0,10290.7,0,0,0,13,9209.89,1
1140,5512,5512,0,5250,1,120.00500016851706,8.40193E-05,0,0,0,0,0,0,0,0,0,0,0,0,0,0,0,0,0,none,0,0,0,10648.9,0,0,0,9,12927.2,1
1141,5512,5512,0,5250,1,120.00500016851706,8.40193E-05,0,0,0,0,0,0,0,0,0,0,0,0,0,0,0,0,0,none,0,0,0,13364.1,0,0,0,89,8904.77,1
1142,5512,5512,0,5250,1,120.00500016851706,8.40193E-05,0,0,0,0,0,0,0,0,0,0,0,0,0,0,0,0,0,none,0,0,0,11049.9,0,0,0,20,9450.37,1
1143,5512,5512,0,5250,1,120.00500016851706,8.40193E-05,0,0,0,0,0,0,0,0,0,0,0,0,0,0,0,0,0,none,0,0,0,10661.2,0,0,0,13,18722.6,1
1144,5512,5512,0,5250,1,120.00500016851706,8.40193E-05,0,0,0,0,0,0,0,0,0,0,0,0,0,0,0,0,0,none,0,0,0,15636.3,0,0,0,22,9393.29,1
1145,5512,5512,0,5250,1,120.00500016851706,8.40193E-05,0,0,0,0,0,0,0,0,0,0,0,0,0,0,0,0,0,none,0,0,0,12746,0,0,0,74,9475.38,1
1146,5512,5512,0,5250,1,120.00500016851706,8.40193E-05,0,0,0,0,0,0,0,0,0,0,0,0,0,0,0,0,0,none,0,0,0,10677.4,0,0,0,16,16274.9,1
1147,5512,5512,0,5250,1,120.00500016851706,8.40193E-05,0,0,0,0,0,0,0,0,0,0,0,0,0,0,0,0,0,none,0,0,0,13307.3,0,0,0,41,10577.8,1
1148,5512,5512,0,5250,1,120.00500016851706,8.40193E-05,0,0,0,0,0,0,0,0,0,0,0,0,0,0,0,0,0,none,0,0,0,15844.9,0,0,0,25,9509.27,1
1149,5512,5512,0,5250,1,120.00500016851706,8.40193E-05,0,0,0,0,0,0,0,0,0,0,0,0,0,0,0,0,0,none,0,0,0,10633.7,0,0,0,45,12455.9,1
1150,5512,5512,0,5250,1,120.00500016851706,8.40193E-05,0,0,0,0,0,0,0,0,0,0,0,0,0,0,0,0,0,none,0,0,0,13083.8,0,0,0,16,18674.7,1
1151,5512,5512,0,5250,1,120.00500016851706,8.40193E-05,0,0,0,0,0,0,0,0,0,0,0,0,0,0,0,0,0,none,0,0,0,16118.7,0,0,0,51,8831.2,1
1152,5512,5512,0,5250,1,120.00500016851706,8.40193E-05,0,0,0,0,0,0,0,0,0,0,0,0,0,0,0,0,0,none,0,0,0,10333.2,0,0,0,14,28405.1,1
1153,5512,5512,0,5250,1,120.00500016851706,8.40193E-05,0,0,0,0,0,0,0,0,0,0,0,0,0,0,0,0,0,none,0,0,0,11703.2,0,0,0,10,13019,1
1154,5512,5512,0,5250,1,120.00500016851706,8.40193E-05,0,0,0,0,0,0,0,0,0,0,0,0,0,0,0,0,0,none,0,0,0,13478.8,0,0,0,29,9158.24,1
1155,5512,5512,0,5250,1,120.00500016851706,8.40193E-05,0,0,0,0,0,0,0,0,0,0,0,0,0,0,0,0,0,none,0,0,0,11066.8,0,0,0,15,13968.9,1
1156,5512,5512,0,5250,1,120.00500016851706,8.40193E-05,0,0,0,0,0,0,0,0,0,0,0,0,0,0,0,0,0,none,0,0,0,10757.6,0,0,0,6,12373.3,1
1157,5512,5512,0,5250,1,120.00500016851706,8.40193E-05,0,0,0,0,0,0,0,0,0,0,0,0,0,0,0,0,0,none,0,0,0,14231,0,0,0,20,9733.24,1
1158,5512,5512,0,5250,1,120.00500016851706,8.40193E-05,0,0,0,0,0,0,0,0,0,0,0,0,0,0,0,0,0,none,0,0,0,11320.6,0,0,0,7,9139.23,1
1159,5512,5512,0,5250,1,120.00500016851706,8.40193E-05,0,0,0,0,0,0,0,0,0,0,0,0,0,0,0,0,0,none,0,0,0,10491.5,0,0,0,8,17596.6,1
1160,5512,5512,0,5250,1,120.00500016851706,8.40193E-05,0,0,0,0,0,0,0,0,0,0,0,0,0,0,0,0,0,none,0,0,0,13375,0,0,0,81,9823,1
1161,5512,5512,0,5250,1,120.00500016851706,8.40193E-05,0,0,0,0,0,0,0,0,0,0,0,0,0,0,0,0,0,none,0,0,0,11513.4,0,0,0,9,9320.55,1
1162,5512,5512,0,5250,1,120.00500016851706,8.40193E-05,0,0,0,0,0,0,0,0,0,0,0,0,0,0,0,0,0,none,0,0,0,10286.1,0,0,0,43,13090.6,1
1163,5512,5512,0,5250,1,120.00500016851706,8.40193E-05,0,0,0,0,0,0,0,0,0,0,0,0,0,0,0,0,0,none,0,0,0,16287.1,0,0,0,20,9861.2,1
1164,5512,5512,0,5250,1,120.00500016851706,8.40193E-05,0,0,0,0,0,0,0,0,0,0,0,0,0,0,0,0,0,none,0,0,0,11637.2,0,0,0,123,8902.01,1
1165,5512,5512,0,5250,1,120.00500016851706,8.40193E-05,0,0,0,0,0,0,0,0,0,0,0,0,0,0,0,0,0,none,0,0,0,10507.3,0,0,0,11,28074.4,1
1166,5512,5512,0,5250,1,120.00500016851706,8.40193E-05,0,0,0,0,0,0,0,0,0,0,0,0,0,0,0,0,0,none,0,0,0,12601.4,0,0,0,44,9885.93,1
1167,5512,5512,0,5250,1,120.00500016851706,8.40193E-05,0,0,0,0,0,0,0,0,0,0,0,0,0,0,0,0,0,none,0,0,0,11722.6,0,0,0,16,9259.56,1
1168,5512,5512,0,5250,1,120.00500016851706,8.40193E-05,0,0,0,0,0,0,0,0,0,0,0,0,0,0,0,0,0,none,0,0,0,12312.1,0,0,0,17,14152.7,1
1169,5512,5512,0,5250,1,120.00500016851706,8.40193E-05,0,0,0,0,0,0,0,0,0,0,0,0,0,0,0,0,0,none,0,0,0,11790.6,0,0,0,18,9908.24,1
1170,5512,5512,0,5250,1,120.00500016851706,8.40193E-05,0,0,0,0,0,0,0,0,0,0,0,0,0,0,0,0,0,none,0,0,0,11803.1,0,0,0,21,9966.34,1
1171,5512,5512,0,5250,1,120.00500016851706,8.40193E-05,0,0,0,0,0,0,0,0,0,0,0,0,0,0,0,0,0,none,0,0,0,13404.4,0,0,0,7,15619.7,1
1172,5512,5512,0,5250,1,120.00500016851706,8.40193E-05,0,0,0,0,0,0,0,0,0,0,0,0,0,0,0,0,0,none,0,0,0,10246,0,0,0,11,9938.52,1
1173,5512,5512,0,5250,1,120.00500016851706,8.40193E-05,0,0,0,0,0,0,0,0,0,0,0,0,0,0,0,0,0,none,0,0,0,11914.9,0,0,0,8,11818.4,1
1174,5512,5512,0,5250,1,120.00500016851706,8.40193E-05,0,0,0,0,0,0,0,0,0,0,0,0,0,0,0,0,0,none,0,0,0,15482.2,0,0,0,16,8962.11,1
1175,5512,5512,0,5250,1,120.00500016851706,8.40193E-05,0,0,0,0,0,0,0,0,0,0,0,0,0,0,0,0,0,none,0,0,0,10382.5,0,0,0,106,9990.99,1
1176,5512,5512,0,5250,1,120.00500016851706,8.40193E-05,0,0,0,0,0,0,0,0,0,0,0,0,0,0,0,0,0,none,0,0,0,12107.6,0,0,0,14,18493.3,1
1177,5512,5512,0,5250,1,120.00500016851706,8.40193E-05,0,0,0,0,0,0,0,0,0,0,0,0,0,0,0,0,0,none,0,0,0,15721.3,0,0,0,55,8965.73,1
1178,5512,5512,0,5250,1,120.00500016851706,8.40193E-05,0,0,0,0,0,0,0,0,0,0,0,0,0,0,0,0,0,none,0,0,0,10513.1,0,0,0,19,10087.8,1
1179,5512,5512,0,5250,1,120.00500016851706,8.40193E-05,0,0,0,0,0,0,0,0,0,0,0,0,0,0,0,0,0,none,0,0,0,12441.8,0,0,0,50,13224.1,1
1180,5512,5512,0,5250,1,120.00500016851706,8.40193E-05,0,0,0,0,0,0,0,0,0,0,0,0,0,0,0,0,0,none,0,0,0,12593.4,0,0,0,21,9219.62,1
1181,5512,5512,0,5250,1,120.00500016851706,8.40193E-05,0,0,0,0,0,0,0,0,0,0,0,0,0,0,0,0,0,none,0,0,0,10681.3,0,0,0,14,10250.5,1
1182,5512,5512,0,5250,1,120.00500016851706,8.40193E-05,0,0,0,0,0,0,0,0,0,0,0,0,0,0,0,0,0,none,0,0,0,10413.4,0,0,0,28,15364.6,1
1183,5512,5512,0,5250,1,120.00500016851706,8.40193E-05,0,0,0,0,0,0,0,0,0,0,0,0,0,0,0,0,0,none,0,0,0,14814.8,0,0,0,11,9466.18,1
1184,5512,5512,0,5250,1,120.00500016851706,8.40193E-05,0,0,0,0,0,0,0,0,0,0,0,0,0,0,0,0,0,none,0,0,0,11571.8,0,0,0,13,8869.98,1
1185,5512,5512,0,5250,1,120.00500016851706,8.40193E-05,0,0,0,0,0,0,0,0,0,0,0,0,0,0,0,0,0,none,0,0,0,10825.4,0,0,0,15,17282.5,1
1186,5512,5512,0,5250,1,120.00500016851706,8.40193E-05,0,0,0,0,0,0,0,0,0,0,0,0,0,0,0,0,0,none,0,0,0,13587.2,0,0,0,13,9770.07,1
1187,5512,5512,0,5250,1,120.00500016851706,8.40193E-05,0,0,0,0,0,0,0,0,0,0,0,0,0,0,0,0,0,none,0,0,0,12614.6,0,0,0,73,9316.71,1
1188,5512,5512,0,5250,1,120.00500016851706,8.40193E-05,0,0,0,0,0,0,0,0,0,0,0,0,0,0,0,0,0,none,0,0,0,10290.1,0,0,0,15,16139.1,1
1189,5512,5512,0,5250,1,120.00500016851706,8.40193E-05,0,0,0,0,0,0,0,0,0,0,0,0,0,0,0,0,0,none,0,0,0,13346.9,0,0,0,12,10329.1,1
1190,5512,5512,0,5250,1,120.00500016851706,8.40193E-05,0,0,0,0,0,0,0,0,0,0,0,0,0,0,0,0,0,none,0,0,0,14276.7,0,0,0,116,9043.69,1
1191,5512,5512,0,5250,1,120.00500016851706,8.40193E-05,0,0,0,0,0,0,0,0,0,0,0,0,0,0,0,0,0,none,0,0,0,11258.2,0,0,0,13,12035.8,1
1192,5512,5512,0,5250,1,120.00500016851706,8.40193E-05,0,0,0,0,0,0,0,0,0,0,0,0,0,0,0,0,0,none,0,0,0,10867.5,0,0,0,45,11218.7,1
1193,5512,5512,0,5250,1,120.00500016851706,8.40193E-05,0,0,0,0,0,0,0,0,0,0,0,0,0,0,0,0,0,none,0,0,0,15672.8,0,0,0,15,9515.3,1
1194,5512,5512,0,5250,1,120.00500016851706,8.40193E-05,0,0,0,0,0,0,0,0,0,0,0,0,0,0,0,0,0,none,0,0,0,11637.9,0,0,0,53,8793.8,1
1195,5512,5512,0,5250,1,120.00500016851706,8.40193E-05,0,0,0,0,0,0,0,0,0,0,0,0,0,0,0,0,0,none,0,0,0,10387.2,0,0,0,26,17550.6,1
1196,5512,5512,0,5250,1,120.00500016851706,8.40193E-05,0,0,0,0,0,0,0,0,0,0,0,0,0,0,0,0,0,none,0,0,0,14130.8,0,0,0,16,10584.7,1
1197,5512,5512,0,5250,1,120.00500016851706,8.40193E-05,0,0,0,0,0,0,0,0,0,0,0,0,0,0,0,0,0,none,0,0,0,10718.6,0,0,0,39,9170.63,1
1198,5512,5512,0,5250,1,120.00500016851706,8.40193E-05,0,0,0,0,0,0,0,0,0,0,0,0,0,0,0,0,0,none,0,0,0,10998.2,0,0,0,7,11977.2,1
1199,5512,5512,0,5250,1,120.00500016851706,8.40193E-05,0,0,0,0,0,0,0,0,0,0,0,0,0,0,0,0,0,none,0,0,0,13584.2,0,0,0,21,9147.55,1
1200,5512,5512,0,5250,1,120.00500016851706,8.40193E-05,0,0,0,0,0,0,0,0,0,0,0,0,0,0,0,0,0,none,0,0,0,10500.6,0,0,0,28,8851.42,1
1201,5512,5512,0,5250,1,120.00500016851706,8.40193E-05,0,0,0,0,0,0,0,0,0,0,0,0,0,0,0,0,0,none,0,0,0,10335.1,0,0,0,8,34234.5,1
1202,5512,5512,0,5250,1,120.00500016851706,8.40193E-05,0,0,0,0,0,0,0,0,0,0,0,0,0,0,0,0,0,none,0,0,0,11417.2,0,0,0,17,9335.33,1
1203,5512,5512,0,5250,1,120.00500016851706,8.40193E-05,0,0,0,0,0,0,0,0,0,0,0,0,0,0,0,0,0,none,0,0,0,11096.9,0,0,0,13,9160.22,1
1204,5512,5512,0,5250,1,120.00500016851706,8.40193E-05,0,0,0,0,0,0,0,0,0,0,0,0,0,0,0,0,0,none,0,0,0,11778.6,0,0,0,6,19163.4,1
1205,5512,5512,0,5250,1,120.00500016851706,8.40193E-05,0,0,0,0,0,0,0,0,0,0,0,0,0,0,0,0,0,none,0,0,0,10240.8,0,0,0,115,9609.25,1
1206,5512,5512,0,5250,1,120.00500016851706,8.40193E-05,0,0,0,0,0,0,0,0,0,0,0,0,0,0,0,0,0,none,0,0,0,12213.6,0,0,0,20,9737.63,1
1207,5512,5512,0,5250,1,120.00500016851706,8.40193E-05,0,0,0,0,0,0,0,0,0,0,0,0,0,0,0,0,0,none,0,0,0,13049.8,0,0,0,48,9042.55,1
1208,5512,5512,0,5250,1,120.00500016851706,8.40193E-05,0,0,0,0,0,0,0,0,0,0,0,0,0,0,0,0,0,none,0,0,0,11728.8,0,0,0,13,10039.8,1
1209,5512,5512,0,5250,1,120.00500016851706,8.40193E-05,0,0,0,0,0,0,0,0,0,0,0,0,0,0,0,0,0,none,0,0,0,13663.1,0,0,0,7,11126.1,1
1210,5512,5512,0,5250,1,120.00500016851706,8.40193E-05,0,0,0,0,0,0,0,0,0,0,0,0,0,0,0,0,0,none,0,0,0,12558.9,0,0,0,16,9688.64,1
1211,5512,5512,0,5250,1,120.00500016851706,8.40193E-05,0,0,0,0,0,0,0,0,0,0,0,0,0,0,0,0,0,none,0,0,0,10621.6,0,0,0,79,10708.4,1
1212,5512,5512,0,5250,1,120.00500016851706,8.40193E-05,0,0,0,0,0,0,0,0,0,0,0,0,0,0,0,0,0,none,0,0,0,12100,0,0,0,17,11868.2,1
1213,5512,5512,0,5250,1,120.00500016851706,8.40193E-05,0,0,0,0,0,0,0,0,0,0,0,0,0,0,0,0,0,none,0,0,0,12181,0,0,0,18,8903.03,1
1214,5512,5512,0,5250,1,120.00500016851706,8.40193E-05,0,0,0,0,0,0,0,0,0,0,0,0,0,0,0,0,0,none,0,0,0,10512.1,0,0,0,18,12083.1,1
1215,5512,5512,0,5250,1,120.00500016851706,8.40193E-05,0,0,0,0,0,0,0,0,0,0,0,0,0,0,0,0,0,none,0,0,0,10298.7,0,0,0,13,18214.2,1
1216,5512,5512,0,5250,1,120.00500016851706,8.40193E-05,0,0,0,0,0,0,0,0,0,0,0,0,0,0,0,0,0,none,0,0,0,11099.4,0,0,0,14,9261.37,1
1217,5512,5512,0,5250,1,120.00500016851706,8.40193E-05,0,0,0,0,0,0,0,0,0,0,0,0,0,0,0,0,0,none,0,0,0,12322.9,0,0,0,13,8908.49,1
1218,5512,5512,0,5250,1,120.00500016851706,8.40193E-05,0,0,0,0,0,0,0,0,0,0,0,0,0,0,0,0,0,none,0,0,0,11071.8,0,0,0,40,12806.3,1
1219,5512,5512,0,5250,1,120.00500016851706,8.40193E-05,0,0,0,0,0,0,0,0,0,0,0,0,0,0,0,0,0,none,0,0,0,10501,0,0,0,22,9970.51,1
1220,5512,5512,0,5250,1,120.00500016851706,8.40193E-05,0,0,0,0,0,0,0,0,0,0,0,0,0,0,0,0,0,none,0,0,0,14694.7,0,0,0,110,9401.98,1
1221,5512,5512,0,5250,1,120.00500016851706,8.40193E-05,0,0,0,0,0,0,0,0,0,0,0,0,0,0,0,0,0,none,0,0,0,11962,0,0,0,22,9229.82,1
1222,5512,5512,0,5250,1,120.00500016851706,8.40193E-05,0,0,0,0,0,0,0,0,0,0,0,0,0,0,0,0,0,none,0,0,0,10716.5,0,0,0,43,11831.2,1
1223,5512,5512,0,5250,1,120.00500016851706,8.40193E-05,0,0,0,0,0,0,0,0,0,0,0,0,0,0,0,0,0,none,0,0,0,13259.4,0,0,0,17,10637.7,1
1224,5512,5512,0,5250,1,120.00500016851706,8.40193E-05,0,0,0,0,0,0,0,0,0,0,0,0,0,0,0,0,0,none,0,0,0,10379.4,0,0,0,6,9481.8,1
1225,5511,5512,0,5250,1,120.00500016851706,8.40193E-05,0,0,0,0,0,0,1,9.459108364633867E-11,0,9.459108364633867E-11,0,0,0,0,0,0,0,none,0,0,3.63466195413261E-15,10609.8,0,0,0,9,13245.9,1
1226,5511,5512,0,5250,1,120.00500016851706,8.40193E-05,0,0,0,0,0,0,0,0,0,0,0,0,0,0,0,0,0,none,0,0,0,15599.8,0,0,0,28,8966.91,1
1227,5511,5512,0,5250,1,120.00500016851706,8.40193E-05,0,0,0,0,0,0,0,0,0,0,0,0,0,0,0,0,0,none,0,0,0,10865.8,0,0,0,12,8834.71,1
1228,5511,5512,0,5250,1,120.00500016851706,8.40193E-05,0,0,0,0,0,0,0,0,0,0,0,0,0,0,0,0,0,none,0,0,0,10588.5,0,0,0,12,13061.6,1
1229,5511,5512,0,5250,1,120.00500016851706,8.40193E-05,0,0,0,0,0,0,0,0,0,0,0,0,0,0,0,0,0,none,0,0,0,13106.5,0,0,0,10,9378.69,1
1230,5511,5512,0,5250,1,120.00500016851706,8.40193E-05,0,0,0,0,0,0,0,0,0,0,0,0,0,0,0,0,0,none,0,0,0,13000.2,0,0,0,18,9248.46,1
1231,5511,5512,0,5250,1,120.00500016851706,8.40193E-05,0,0,0,0,0,0,0,0,0,0,0,0,0,0,0,0,0,none,0,0,0,11379,0,0,0,6,13749.1,1
1232,5511,5512,0,5250,1,120.00500016851706,8.40193E-05,0,0,0,0,0,0,0,0,0,0,0,0,0,0,0,0,0,none,0,0,0,12908.9,0,0,0,12,10250.2,1
1233,5511,5512,0,5250,1,120.00500016851706,8.40193E-05,0,0,0,0,0,0,0,0,0,0,0,0,0,0,0,0,0,none,0,0,0,15331.2,0,0,0,58,10189,1
1234,5511,5512,0,5250,1,120.00500016851706,8.40193E-05,0,0,0,0,0,0,0,0,0,0,0,0,0,0,0,0,0,none,0,0,0,11135.7,0,0,0,69,24956.1,1
1235,5511,5512,0,5250,1,120.00500016851706,8.40193E-05,0,0,0,0,0,0,0,0,0,0,0,0,0,0,0,0,0,none,0,0,0,11093.7,0,0,0,120,12941.7,1
1236,5511,5512,0,5250,1,120.00500016851706,8.40193E-05,0,0,0,0,0,0,0,0,0,0,0,0,0,0,0,0,0,none,0,0,0,13237.4,0,0,0,13,17258,1
1237,5511,5512,0,5250,1,120.00500016851706,8.40193E-05,0,0,0,0,0,0,0,0,0,0,0,0,0,0,0,0,0,none,0,0,0,10289.6,0,0,0,41,15025.1,1
1238,5511,5512,0,5250,1,120.00500016851706,8.40193E-05,0,0,0,0,0,0,0,0,0,0,0,0,0,0,0,0,0,none,0,0,0,10292.2,0,0,0,9,13296.9,1
1239,5511,5512,0,5250,1,120.00500016851706,8.40193E-05,0,0,0,0,0,0,0,0,0,0,0,0,0,0,0,0,0,none,0,0,0,16171.4,0,0,0,24,9045.48,1
1240,5511,5512,0,5250,1,120.00500016851706,8.40193E-05,0,0,0,0,0,0,0,0,0,0,0,0,0,0,0,0,0,none,0,0,0,10746.7,0,0,0,14,9110.35,1
1241,5511,5512,0,5250,1,120.00500016851706,8.40193E-05,0,0,0,0,0,0,0,0,0,0,0,0,0,0,0,0,0,none,0,0,0,10512.3,0,0,0,20,15698,1
1242,5511,5512,0,5250,1,120.00500016851706,8.40193E-05,0,0,0,0,0,0,0,0,0,0,0,0,0,0,0,0,0,none,0,0,0,13667.6,0,0,0,13,9408.75,1
1243,5511,5512,0,5250,1,120.00500016851706,8.40193E-05,0,0,0,0,0,0,0,0,0,0,0,0,0,0,0,0,0,none,0,0,0,10685.5,0,0,0,11,9350.56,1
1244,5511,5512,0,5250,1,120.00500016851706,8.40193E-05,0,0,0,0,0,0,0,0,0,0,0,0,0,0,0,0,0,none,0,0,0,11150.7,0,0,0,16,13911.5,1
1245,5511,5512,0,5250,1,120.00500016851706,8.40193E-05,0,0,0,0,0,0,0,0,0,0,0,0,0,0,0,0,0,none,0,0,0,11758,0,0,0,21,9428.52,1
1246,5511,5512,0,5250,1,120.00500016851706,8.40193E-05,0,0,0,0,0,0,0,0,0,0,0,0,0,0,0,0,0,none,0,0,0,10663.8,0,0,0,18,9625.78,1
1247,5511,5512,0,5250,1,120.00500016851706,8.40193E-05,0,0,0,0,0,0,0,0,0,0,0,0,0,0,0,0,0,none,0,0,0,10990.1,0,0,0,14,18442,1
1248,5511,5512,0,5250,1,120.00500016851706,8.40193E-05,0,0,0,0,0,0,0,0,0,0,0,0,0,0,0,0,0,none,0,0,0,10243,0,0,0,54,9440.8,1
1249,5511,5512,0,5250,1,120.00500016851706,8.40193E-05,0,0,0,0,0,0,0,0,0,0,0,0,0,0,0,0,0,none,0,0,0,10657.7,0,0,0,20,8852.68,1
1250,5511,5512,0,5250,1,120.00500016851706,8.40193E-05,0,0,0,0,0,0,0,0,0,0,0,0,0,0,0,0,0,none,0,0,0,10337,0,0,0,110,8968.4,1
1251,5511,5512,0,5250,1,120.00500016851706,8.40193E-05,0,0,0,0,0,0,0,0,0,0,0,0,0,0,0,0,0,none,0,0,0,11385.6,0,0,0,12,9452.17,1
1252,5511,5512,0,5250,1,120.00500016851706,8.40193E-05,0,0,0,0,0,0,0,0,0,0,0,0,0,0,0,0,0,none,0,0,0,10659,0,0,0,28,9162.19,1
1253,5511,5512,0,5250,1,120.00500016851706,8.40193E-05,0,0,0,0,0,0,0,0,0,0,0,0,0,0,0,0,0,none,0,0,0,11788,0,0,0,12,9539.89,1
1254,5511,5512,0,5250,1,120.00500016851706,8.40193E-05,0,0,0,0,0,0,0,0,0,0,0,0,0,0,0,0,0,none,0,0,0,12138.7,0,0,0,7,9468.14,1
1255,5511,5512,0,5250,1,120.00500016851706,8.40193E-05,0,0,0,0,0,0,0,0,0,0,0,0,0,0,0,0,0,none,0,0,0,10670.1,0,0,0,11,9742.01,1
1256,5511,5512,0,5250,1,120.00500016851706,8.40193E-05,0,0,0,0,0,0,0,0,0,0,0,0,0,0,0,0,0,none,0,0,0,14153.4,0,0,0,12,11063.8,1
1257,5511,5512,0,5250,1,120.00500016851706,8.40193E-05,0,0,0,0,0,0,0,0,0,0,0,0,0,0,0,0,0,none,0,0,0,11045.7,0,0,0,80,9496.01,1
1258,5511,5512,0,5250,1,120.00500016851706,8.40193E-05,0,0,0,0,0,0,0,0,0,0,0,0,0,0,0,0,0,none,0,0,0,10398.9,0,0,0,17,11138.4,1
1259,5511,5512,0,5250,1,120.00500016851706,8.40193E-05,0,0,0,0,0,0,0,0,0,0,0,0,0,0,0,0,0,none,0,0,0,12815.3,0,0,0,11,15664.4,1
1260,5511,5512,0,5250,1,120.00500016851706,8.40193E-05,0,0,0,0,0,0,0,0,0,0,0,0,0,0,0,0,0,none,0,0,0,10491.7,0,0,0,12,8873,1
1261,5511,5512,0,5250,1,120.00500016851706,8.40193E-05,0,0,0,0,0,0,0,0,0,0,0,0,0,0,0,0,0,none,0,0,0,10794.4,0,0,0,55,12859.4,1
1262,5511,5512,0,5250,1,120.00500016851706,8.40193E-05,0,0,0,0,0,0,0,0,0,0,0,0,0,0,0,0,0,none,0,0,0,13434.7,0,0,0,17,8904.05,1
1263,5511,5512,0,5250,1,120.00500016851706,8.40193E-05,0,0,0,0,0,0,0,0,0,0,0,0,0,0,0,0,0,none,0,0,0,10516.9,0,0,0,51,9322.93,1
1264,5511,5512,0,5250,1,120.00500016851706,8.40193E-05,0,0,0,0,0,0,0,0,0,0,0,0,0,0,0,0,0,none,0,0,0,10985.9,0,0,0,11,13462.1,1
1265,5511,5512,0,5250,1,120.00500016851706,8.40193E-05,0,0,0,0,0,0,0,0,0,0,0,0,0,0,0,0,0,none,0,0,0,13315.4,0,0,0,117,9263.18,1
1266,5511,5512,0,5250,1,120.00500016851706,8.40193E-05,0,0,0,0,0,0,0,0,0,0,0,0,0,0,0,0,0,none,0,0,0,11698.1,0,0,0,21,9729.11,1
1267,5511,5512,0,5250,1,120.00500016851706,8.40193E-05,0,0,0,0,0,0,0,0,0,0,0,0,0,0,0,0,0,none,0,0,0,11242.6,0,0,0,4,17231,1
1268,5511,5512,0,5250,1,120.00500016851706,8.40193E-05,0,0,0,0,0,0,0,0,0,0,0,0,0,0,0,0,0,none,0,0,0,10844.9,0,0,0,18,9819.89,1
1269,5511,5512,0,5250,1,120.00500016851706,8.40193E-05,0,0,0,0,0,0,0,0,0,0,0,0,0,0,0,0,0,none,0,0,0,13076.9,0,0,0,16,9805.52,1
1270,5511,5512,0,5250,1,120.00500016851706,8.40193E-05,0,0,0,0,0,0,0,0,0,0,0,0,0,0,0,0,0,none,0,0,0,11459.7,0,0,0,22,8797.03,1
1271,5511,5512,0,5250,1,120.00500016851706,8.40193E-05,0,0,0,0,0,0,0,0,0,0,0,0,0,0,0,0,0,none,0,0,0,10399.5,0,0,0,34,10402.7,1
1272,5511,5512,0,5250,1,120.00500016851706,8.40193E-05,0,0,0,0,0,0,0,0,0,0,0,0,0,0,0,0,0,none,0,0,0,14427.8,0,0,0,18,9850.97,1
1273,5511,5512,0,5250,1,120.00500016851706,8.40193E-05,0,0,0,0,0,0,0,0,0,0,0,0,0,0,0,0,0,none,0,0,0,10376.3,0,0,0,7,9176.81,1
1274,5511,5512,0,5250,1,120.00500016851706,8.40193E-05,0,0,0,0,0,0,0,0,0,0,0,0,0,0,0,0,0,none,0,0,0,12468.7,0,0,0,11,11380.1,1
1275,5511,5512,0,5250,1,120.00500016851706,8.40193E-05,0,0,0,0,0,0,0,0,0,0,0,0,0,0,0,0,0,none,0,0,0,13545.1,0,0,0,19,8968.1,1
1276,5511,5512,0,5250,1,120.00500016851706,8.40193E-05,0,0,0,0,0,0,0,0,0,0,0,0,0,0,0,0,0,none,0,0,0,10872.5,0,0,0,44,10001.8,1
1277,5511,5512,0,5250,1,120.00500016851706,8.40193E-05,0,0,0,0,0,0,0,0,0,0,0,0,0,0,0,0,0,none,0,0,0,14944.4,0,0,0,16,12360.3,1
1278,5511,5512,0,5250,1,120.00500016851706,8.40193E-05,0,0,0,0,0,0,0,0,0,0,0,0,0,0,0,0,0,none,0,0,0,11383.3,0,0,0,47,9380.94,1
1279,5510,5512,1,5250,1,120.00500016851706,8.40193E-05,0,1,4.96725793025594E-09,0,0,0,0,0,0,0,0,0,0,0,4.967257930254014E-09,0,-1.9265036466360015E-21,no_compact_gain,0,0,0,10649.4,0,0,0,13,12639.1,1
1280,5510,5512,0,5250,1,120.00500016851706,8.40193E-05,0,0,0,0,0,0,0,0,0,0,0,0,0,0,0,0,0,none,0,0,0,12625,0,0,0,102,15219.3,1
1281,5510,5512,0,5250,1,120.00500016851706,8.40193E-05,0,0,0,0,0,0,0,0,0,0,0,0,0,0,0,0,0,none,0,0,0,10243.1,0,0,0,87,9164.02,1
1282,5510,5512,0,5250,1,120.00500016851706,8.40193E-05,0,0,0,0,0,0,0,0,0,0,0,0,0,0,0,0,0,none,0,0,0,10526.7,0,0,0,9,17636,1
1283,5510,5512,0,5250,1,120.00500016851706,8.40193E-05,0,0,0,0,0,0,0,0,0,0,0,0,0,0,0,0,0,none,0,0,0,11417.8,0,0,0,35,9049,1
1284,5510,5512,0,5250,1,120.00500016851706,8.40193E-05,0,0,0,0,0,0,0,0,0,0,0,0,0,0,0,0,0,none,0,0,0,11759,0,0,0,18,9366.15,1
1285,5510,5512,0,5250,1,120.00500016851706,8.40193E-05,0,0,0,0,0,0,0,0,0,0,0,0,0,0,0,0,0,none,0,0,0,11205.6,0,0,0,11,39950.5,1
1286,5510,5512,0,5250,1,120.00500016851706,8.40193E-05,0,0,0,0,0,0,0,0,0,0,0,0,0,0,0,0,0,none,0,0,0,10289.2,0,0,0,13,9701.14,1
1287,5510,5512,0,5250,1,120.00500016851706,8.40193E-05,0,0,0,0,0,0,0,0,0,0,0,0,0,0,0,0,0,none,0,0,0,12598.2,0,0,0,16,9642.92,1
1288,5510,5512,0,5250,1,120.00500016851706,8.40193E-05,0,0,0,0,0,0,0,0,0,0,0,0,0,0,0,0,0,none,0,0,0,12068.2,0,0,0,12,9047.3,1
1289,5510,5512,0,5250,1,120.00500016851706,8.40193E-05,0,0,0,0,0,0,0,0,0,0,0,0,0,0,0,0,0,none,0,0,0,11274.6,0,0,0,41,11519.7,1
1290,5510,5512,0,5250,1,120.00500016851706,8.40193E-05,0,0,0,0,0,0,0,0,0,0,0,0,0,0,0,0,0,none,0,0,0,15187.7,0,0,0,36,10107.9,1
1291,5510,5512,0,5250,1,120.00500016851706,8.40193E-05,0,0,0,0,0,0,0,0,0,0,0,0,0,0,0,0,0,none,0,0,0,10291.7,0,0,0,41,9521.37,1
1292,5510,5512,0,5250,1,120.00500016851706,8.40193E-05,0,0,0,0,0,0,0,0,0,0,0,0,0,0,0,0,0,none,0,0,0,13508.8,0,0,0,20,12711.2,1
1293,5510,5512,0,5250,1,120.00500016851706,8.40193E-05,0,0,0,0,0,0,0,0,0,0,0,0,0,0,0,0,0,none,0,0,0,13188.6,0,0,0,49,8912.36,1
1294,5510,5512,0,5250,1,120.00500016851706,8.40193E-05,0,0,0,0,0,0,0,0,0,0,0,0,0,0,0,0,0,none,0,0,0,11094.2,0,0,0,22,10598.6,1
1295,5510,5512,0,5250,1,120.00500016851706,8.40193E-05,0,0,0,0,0,0,0,0,0,0,0,0,0,0,0,0,0,none,0,0,0,12062,0,0,0,72,16502.9,1
1296,5510,5512,0,5250,1,120.00500016851706,8.40193E-05,0,0,0,0,0,0,0,0,0,0,0,0,0,0,0,0,0,none,0,0,0,10982.1,0,0,0,15,9411.1,1
1297,5510,5512,0,5250,1,120.00500016851706,8.40193E-05,0,0,0,0,0,0,0,0,0,0,0,0,0,0,0,0,0,none,0,0,0,13612,0,0,0,11,15345.2,1
1298,5510,5512,0,5250,1,120.00500016851706,8.40193E-05,0,0,0,0,0,0,0,0,0,0,0,0,0,0,0,0,0,none,0,0,0,10993.4,0,0,0,16,8853.92,1
1299,5510,5512,0,5250,1,120.00500016851706,8.40193E-05,0,0,0,0,0,0,0,0,0,0,0,0,0,0,0,0,0,none,0,0,0,10339,0,0,0,10,10667.2,1
1300,5510,5512,0,5250,1,120.00500016851706,8.40193E-05,0,0,0,0,0,0,0,0,0,0,0,0,0,0,0,0,0,none,0,0,0,13837.5,0,0,0,14,14226.9,1
1301,5510,5512,0,5250,1,120.00500016851706,8.40193E-05,0,0,0,0,0,0,0,0,0,0,0,0,0,0,0,0,0,none,0,0,0,10485,0,0,0,9,9164.14,1
1302,5510,5512,0,5250,1,120.00500016851706,8.40193E-05,0,0,0,0,0,0,0,0,0,0,0,0,0,0,0,0,0,none,0,0,0,11797.4,0,0,0,11,10786.4,1
1303,5506,5512,4,5250,1,120.00500016851706,8.40193E-05,0,4,1.0304068695255548E-10,0,0,0,0,0,0,0,0,0,0,0,1.0304068698546026E-10,0,3.290477947826488E-20,no_compact_gain,0,0,0,13972.4,0,0,0,32,8838.19,1
1304,5506,5512,0,5250,1,120.00500016851706,8.40193E-05,0,0,0,0,0,0,0,0,0,0,0,0,0,0,0,0,0,none,0,0,0,10610,0,0,0,100,9746.38,1
1305,5506,5512,0,5250,1,120.00500016851706,8.40193E-05,0,0,0,0,0,0,0,0,0,0,0,0,0,0,0,0,0,none,0,0,0,14163.8,0,0,0,14,10844,1
1306,5506,5512,0,5250,1,120.00500016851706,8.40193E-05,0,0,0,0,0,0,0,0,0,0,0,0,0,0,0,0,0,none,0,0,0,12522.1,0,0,0,59,9254.97,1
1307,5506,5512,0,5250,1,120.00500016851706,8.40193E-05,0,0,0,0,0,0,0,0,0,0,0,0,0,0,0,0,0,none,0,0,0,11763.4,0,0,0,16,11150.6,1
1308,5506,5512,0,5250,1,120.00500016851706,8.40193E-05,0,0,0,0,0,0,0,0,0,0,0,0,0,0,0,0,0,none,0,0,0,12619.5,0,0,0,43,10902.9,1
1309,5506,5512,0,5250,1,120.00500016851706,8.40193E-05,0,0,0,0,0,0,0,0,0,0,0,0,0,0,0,0,0,none,0,0,0,10607,0,0,0,19,9846.66,1
1310,5506,5512,0,5250,1,120.00500016851706,8.40193E-05,0,0,0,0,0,0,0,0,0,0,0,0,0,0,0,0,0,none,0,0,0,13161.4,0,0,0,74,18712,1
1311,5506,5512,0,5250,1,120.00500016851706,8.40193E-05,0,0,0,0,0,0,0,0,0,0,0,0,0,0,0,0,0,none,0,0,0,11069.2,0,0,0,15,8905.07,1
1312,5506,5512,0,5250,1,120.00500016851706,8.40193E-05,0,0,0,0,0,0,0,0,0,0,0,0,0,0,0,0,0,none,0,0,0,10521.9,0,0,0,17,10440.6,1
1313,5506,5512,0,5250,1,120.00500016851706,8.40193E-05,0,0,0,0,0,0,0,0,0,0,0,0,0,0,0,0,0,none,0,0,0,13551,0,0,0,6,26469.6,1
1314,5506,5512,0,5250,1,120.00500016851706,8.40193E-05,0,0,0,0,0,0,0,0,0,0,0,0,0,0,0,0,0,none,0,0,0,10298.7,0,0,0,21,9265.01,1
1315,5506,5512,0,5250,1,120.00500016851706,8.40193E-05,0,0,0,0,0,0,0,0,0,0,0,0,0,0,0,0,0,none,0,0,0,12344.7,0,0,0,6,11466.7,1
1316,5506,5512,0,5250,1,120.00500016851706,8.40193E-05,0,0,0,0,0,0,0,0,0,0,0,0,0,0,0,0,0,none,0,0,0,13195.3,0,0,0,11,9115.55,1
1317,5506,5512,0,5250,1,120.00500016851706,8.40193E-05,0,0,0,0,0,0,0,0,0,0,0,0,0,0,0,0,0,none,0,0,0,11450.1,0,0,0,16,9978.9,1
1318,5506,5512,0,5250,1,120.00500016851706,8.40193E-05,0,0,0,0,0,0,0,0,0,0,0,0,0,0,0,0,0,none,0,0,0,14391.6,0,0,0,18,12869.6,1
1319,5506,5512,0,5250,1,120.00500016851706,8.40193E-05,0,0,0,0,0,0,0,0,0,0,0,0,0,0,0,0,0,none,0,0,0,11939.9,0,0,0,41,9843.4,1
1320,5506,5512,0,5250,1,120.00500016851706,8.40193E-05,0,0,0,0,0,0,0,0,0,0,0,0,0,0,0,0,0,none,0,0,0,10619.3,0,0,0,18,11857,1
1321,5506,5512,0,5250,1,120.00500016851706,8.40193E-05,0,0,0,0,0,0,0,0,0,0,0,0,0,0,0,0,0,none,0,0,0,11724.9,0,0,0,44,13635.2,1
1322,5506,5512,0,5250,1,120.00500016851706,8.40193E-05,0,0,0,0,0,0,0,0,0,0,0,0,0,0,0,0,0,none,0,0,0,10373.3,0,0,0,24,9172.3,1
1323,5506,5512,0,5250,1,120.00500016851706,8.40193E-05,0,0,0,0,0,0,0,0,0,0,0,0,0,0,0,0,0,none,0,0,0,10543.8,0,0,0,17,16796,1
1324,5506,5512,0,5250,1,120.00500016851706,8.40193E-05,0,0,0,0,0,0,0,0,0,0,0,0,0,0,0,0,0,none,0,0,0,10240.5,0,0,0,13,8969.28,1
1325,5506,5512,0,5250,1,120.00500016851706,8.40193E-05,0,0,0,0,0,0,0,0,0,0,0,0,0,0,0,0,0,none,0,0,0,10879.2,0,0,0,82,9382.01,1
1326,5506,5512,0,5250,1,120.00500016851706,8.40193E-05,0,0,0,0,0,0,0,0,0,0,0,0,0,0,0,0,0,none,0,0,0,11261.5,0,0,0,10,8974.88,1
1327,5506,5512,0,5250,1,120.00500016851706,8.40193E-05,0,0,0,0,0,0,0,0,0,0,0,0,0,0,0,0,0,none,0,0,0,11416.6,0,0,0,9,9383.2,1
1328,5506,5512,0,5250,1,120.00500016851706,8.40193E-05,0,0,0,0,0,0,0,0,0,0,0,0,0,0,0,0,0,none,0,0,0,11860.5,0,0,0,76,9660.75,1
1329,5506,5512,0,5250,1,120.00500016851706,8.40193E-05,0,0,0,0,0,0,0,0,0,0,0,0,0,0,0,0,0,none,0,0,0,12455.6,0,0,0,12,9553.83,1
1330,5506,5512,0,5250,1,120.00500016851706,8.40193E-05,0,0,0,0,0,0,0,0,0,0,0,0,0,0,0,0,0,none,0,0,0,14070.6,0,0,0,16,10261.5,1
1331,5506,5512,0,5250,1,120.00500016851706,8.40193E-05,0,0,0,0,0,0,0,0,0,0,0,0,0,0,0,0,0,none,0,0,0,11767,0,0,0,21,10142.6,1
1332,5506,5512,0,5250,1,120.00500016851706,8.40193E-05,0,0,0,0,0,0,0,0,0,0,0,0,0,0,0,0,0,none,0,0,0,11406.9,0,0,0,43,11103.8,1
1333,5506,5512,0,5250,1,120.00500016851706,8.40193E-05,0,0,0,0,0,0,0,0,0,0,0,0,0,0,0,0,0,none,0,0,0,13427.8,0,0,0,38,11859.8,1
1334,5506,5512,0,5250,1,120.00500016851706,8.40193E-05,0,0,0,0,0,0,0,0,0,0,0,0,0,0,0,0,0,none,0,0,0,10385.5,0,0,0,53,10867.4,1
1335,5506,5512,0,5250,1,120.00500016851706,8.40193E-05,0,0,0,0,0,0,0,0,0,0,0,0,0,0,0,0,0,none,0,0,0,10288.8,0,0,0,12,13310.6,1
1336,5506,5512,0,5250,1,120.00500016851706,8.40193E-05,0,0,0,0,0,0,0,0,0,0,0,0,0,0,0,0,0,none,0,0,0,11987.4,0,0,0,50,8876.01,1
1337,5506,5512,0,5250,1,120.00500016851706,8.40193E-05,0,0,0,0,0,0,0,0,0,0,0,0,0,0,0,0,0,none,0,0,0,10866.8,0,0,0,9,9049.14,1
1338,5506,5512,0,5250,1,120.00500016851706,8.40193E-05,0,0,0,0,0,0,0,0,0,0,0,0,0,0,0,0,0,none,0,0,0,11282.9,0,0,0,8,16004.8,1
1339,5506,5512,0,5250,1,120.00500016851706,8.40193E-05,0,0,0,0,0,0,0,0,0,0,0,0,0,0,0,0,0,none,0,0,0,10942.7,0,0,0,17,9329.22,1
1340,5506,5512,0,5250,1,120.00500016851706,8.40193E-05,0,0,0,0,0,0,0,0,0,0,0,0,0,0,0,0,0,none,0,0,0,11440,0,0,0,78,9524.46,1
1341,5506,5512,0,5250,1,120.00500016851706,8.40193E-05,0,0,0,0,0,0,0,0,0,0,0,0,0,0,0,0,0,none,0,0,0,13283.4,0,0,0,25,23631.5,1
1342,5506,5512,0,5250,1,120.00500016851706,8.40193E-05,0,0,0,0,0,0,0,0,0,0,0,0,0,0,0,0,0,none,0,0,0,10481,0,0,0,17,10409.7,1
1343,5506,5512,0,5250,1,120.00500016851706,8.40193E-05,0,0,0,0,0,0,0,0,0,0,0,0,0,0,0,0,0,none,0,0,0,11215.2,0,0,0,10,10605.6,1
1344,5506,5512,0,5250,1,120.00500016851706,8.40193E-05,0,0,0,0,0,0,0,0,0,0,0,0,0,0,0,0,0,none,0,0,0,10822,0,0,0,18,9263.63,1
1345,5506,5512,0,5250,1,120.00500016851706,8.40193E-05,0,0,0,0,0,0,0,0,0,0,0,0,0,0,0,0,0,none,0,0,0,10838.2,0,0,0,17,15983.7,1
1346,5505,5512,1,5250,1,120.00500016851706,8.40193E-05,0,1,2.8263118924922107E-09,0,0,0,0,0,0,0,0,0,0,0,2.826311892503838E-09,0,1.1627264280351634E-20,no_compact_gain,0,0,0,10960.2,0,0,0,10,8800.3,1
1347,5505,5512,0,5250,1,120.00500016851706,8.40193E-05,0,0,0,0,0,0,0,0,0,0,0,0,0,0,0,0,0,none,0,0,0,10412.7,0,0,0,48,8855.16,1
1348,5505,5512,0,5250,1,120.00500016851706,8.40193E-05,0,0,0,0,0,0,0,0,0,0,0,0,0,0,0,0,0,none,0,0,0,10341,0,0,0,17,13587.7,1
1349,5505,5512,0,5250,1,120.00500016851706,8.40193E-05,0,0,0,0,0,0,0,0,0,0,0,0,0,0,0,0,0,none,0,0,0,10780.3,0,0,0,47,9183.11,1
1350,5505,5512,0,5250,1,120.00500016851706,8.40193E-05,0,0,0,0,0,0,0,0,0,0,0,0,0,0,0,0,0,none,0,0,0,12508.5,0,0,0,17,9166.09,1
1351,5505,5512,0,5250,1,120.00500016851706,8.40193E-05,0,0,0,0,0,0,0,0,0,0,0,0,0,0,0,0,0,none,0,0,0,11806.8,0,0,0,106,9399.15,1
1352,5505,5512,0,5250,1,120.00500016851706,8.40193E-05,0,0,0,0,0,0,0,0,0,0,0,0,0,0,0,0,0,none,0,0,0,10698.2,0,0,0,11,10018.5,1
1353,5504,5512,1,5250,1,120.00500016851706,8.40193E-05,0,1,2.235323347200165E-09,0,0,0,0,0,0,0,0,0,0,0,2.23532334721159E-09,0,1.1425018620582418E-20,no_compact_gain,0,0,0,14633,0,0,0,17,9750.74,1
1354,5504,5512,0,5250,1,120.00500016851706,8.40193E-05,0,0,0,0,0,0,0,0,0,0,0,0,0,0,0,0,0,none,0,0,0,11350.1,0,0,0,26,9423.37,1
1355,5504,5512,0,5250,1,120.00500016851706,8.40193E-05,0,0,0,0,0,0,0,0,0,0,0,0,0,0,0,0,0,none,0,0,0,10668.2,0,0,0,11,19529,1
1356,5504,5512,0,5250,1,120.00500016851706,8.40193E-05,0,0,0,0,0,0,0,0,0,0,0,0,0,0,0,0,0,none,0,0,0,13629.1,0,0,0,25,11163,1
1357,5504,5512,0,5250,1,120.00500016851706,8.40193E-05,0,0,0,0,0,0,0,0,0,0,0,0,0,0,0,0,0,none,0,0,0,10245.8,0,0,0,17,9437.2,1
1358,5504,5512,0,5250,1,120.00500016851706,8.40193E-05,0,0,0,0,0,0,0,0,0,0,0,0,0,0,0,0,0,none,0,0,0,10599.9,0,0,0,10,18141.8,1
1359,5504,5512,0,5250,1,120.00500016851706,8.40193E-05,0,0,0,0,0,0,0,0,0,0,0,0,0,0,0,0,0,none,0,0,0,13126,0,0,0,12,9055.29,1
1360,5504,5512,0,5250,1,120.00500016851706,8.40193E-05,0,0,0,0,0,0,0,0,0,0,0,0,0,0,0,0,0,none,0,0,0,11788.8,0,0,0,20,8906.1,1
1361,5504,5512,0,5250,1,120.00500016851706,8.40193E-05,0,0,0,0,0,0,0,0,0,0,0,0,0,0,0,0,0,none,0,0,0,10526.9,0,0,0,9,13769.4,1
1362,5504,5512,0,5250,1,120.00500016851706,8.40193E-05,0,0,0,0,0,0,0,0,0,0,0,0,0,0,0,0,0,none,0,0,0,13374.7,0,0,0,42,9713.43,1
1363,5504,5512,0,5250,1,120.00500016851706,8.40193E-05,0,0,0,0,0,0,0,0,0,0,0,0,0,0,0,0,0,none,0,0,0,14454.6,0,0,0,26,9180.71,1
1364,5504,5512,0,5250,1,120.00500016851706,8.40193E-05,0,0,0,0,0,0,0,0,0,0,0,0,0,0,0,0,0,none,0,0,0,10563.8,0,0,0,46,14063.7,1
1365,5504,5512,0,5250,1,120.00500016851706,8.40193E-05,0,0,0,0,0,0,0,0,0,0,0,0,0,0,0,0,0,none,0,0,0,14306.2,0,0,0,25,11556.3,1
1366,5504,5512,0,5250,1,120.00500016851706,8.40193E-05,0,0,0,0,0,0,0,0,0,0,0,0,0,0,0,0,0,none,0,0,0,13004.8,0,0,0,14,9398.05,1
1367,5504,5512,0,5250,1,120.00500016851706,8.40193E-05,0,0,0,0,0,0,0,0,0,0,0,0,0,0,0,0,0,none,0,0,0,10285,0,0,0,17,13246.9,1
1368,5504,5512,0,5250,1,120.00500016851706,8.40193E-05,0,0,0,0,0,0,0,0,0,0,0,0,0,0,0,0,0,none,0,0,0,11928.9,0,0,0,11,12616.1,1
1369,5504,5512,0,5250,1,120.00500016851706,8.40193E-05,0,0,0,0,0,0,0,0,0,0,0,0,0,0,0,0,0,none,0,0,0,13351.4,0,0,0,11,8916.41,1
1370,5504,5512,0,5250,1,120.00500016851706,8.40193E-05,0,0,0,0,0,0,0,0,0,0,0,0,0,0,0,0,0,none,0,0,0,10755.8,0,0,0,13,12707.4,1
1371,5504,5512,0,5250,1,120.00500016851706,8.40193E-05,0,0,0,0,0,0,0,0,0,0,0,0,0,0,0,0,0,none,0,0,0,10370.3,0,0,0,10,25056.1,1
1372,5504,5512,0,5250,1,120.00500016851706,8.40193E-05,0,0,0,0,0,0,0,0,0,0,0,0,0,0,0,0,0,none,0,0,0,15723.3,0,0,0,20,9420.66,1
1373,5504,5512,0,5250,1,120.00500016851706,8.40193E-05,0,0,0,0,0,0,0,0,0,0,0,0,0,0,0,0,0,none,0,0,0,10912.5,0,0,0,14,8970.47,1
1374,5504,5512,0,5250,1,120.00500016851706,8.40193E-05,0,0,0,0,0,0,0,0,0,0,0,0,0,0,0,0,0,none,0,0,0,10885.9,0,0,0,77,14038.2,1
1375,5504,5512,0,5250,1,120.00500016851706,8.40193E-05,0,0,0,0,0,0,0,0,0,0,0,0,0,0,0,0,0,none,0,0,0,13307,0,0,0,48,9697.93,1
1376,5504,5512,0,5250,1,120.00500016851706,8.40193E-05,0,0,0,0,0,0,0,0,0,0,0,0,0,0,0,0,0,none,0,0,0,11159.6,0,0,0,12,9385.46,1
1377,5504,5512,0,5250,1,120.00500016851706,8.40193E-05,0,0,0,0,0,0,0,0,0,0,0,0,0,0,0,0,0,none,0,0,0,10563.3,0,0,0,50,12608.3,1
1378,5504,5512,0,5250,1,120.00500016851706,8.40193E-05,0,0,0,0,0,0,0,0,0,0,0,0,0,0,0,0,0,none,0,0,0,13717,0,0,0,13,9784.67,1
1379,5504,5512,0,5250,1,120.00500016851706,8.40193E-05,0,0,0,0,0,0,0,0,0,0,0,0,0,0,0,0,0,none,0,0,0,11398,0,0,0,63,8841.62,1
1380,5504,5512,0,5250,1,120.00500016851706,8.40193E-05,0,0,0,0,0,0,0,0,0,0,0,0,0,0,0,0,0,none,0,0,0,10631.7,0,0,0,8,13298,1
1381,5504,5512,0,5250,1,120.00500016851706,8.40193E-05,0,0,0,0,0,0,0,0,0,0,0,0,0,0,0,0,0,none,0,0,0,11396.1,0,0,0,20,9838.92,1
1382,5504,5512,0,5250,1,120.00500016851706,8.40193E-05,0,0,0,0,0,0,0,0,0,0,0,0,0,0,0,0,0,none,0,0,0,11563.9,0,0,0,9,9110.91,1
1383,5504,5512,0,5250,1,120.00500016851706,8.40193E-05,0,0,0,0,0,0,0,0,0,0,0,0,0,0,0,0,0,none,0,0,0,10479.6,0,0,0,13,13380.1,1
1384,5504,5512,0,5250,1,120.00500016851706,8.40193E-05,0,0,0,0,0,0,0,0,0,0,0,0,0,0,0,0,0,none,0,0,0,10288.5,0,0,0,16,9870.89,1
1385,5504,5512,0,5250,1,120.00500016851706,8.40193E-05,0,0,0,0,0,0,0,0,0,0,0,0,0,0,0,0,0,none,0,0,0,11670.1,0,0,0,24,9276.05,1
1386,5504,5512,0,5250,1,120.00500016851706,8.40193E-05,0,0,0,0,0,0,0,0,0,0,0,0,0,0,0,0,0,none,0,0,0,10883.5,0,0,0,13,9051,1
1387,5504,5512,0,5250,1,120.00500016851706,8.40193E-05,0,0,0,0,0,0,0,0,0,0,0,0,0,0,0,0,0,none,0,0,0,11045.3,0,0,0,23,9893.61,1
1388,5504,5512,0,5250,1,120.00500016851706,8.40193E-05,0,0,0,0,0,0,0,0,0,0,0,0,0,0,0,0,0,none,0,0,0,11750,0,0,0,12,9542.92,1
1389,5504,5512,0,5250,1,120.00500016851706,8.40193E-05,0,0,0,0,0,0,0,0,0,0,0,0,0,0,0,0,0,none,0,0,0,11899.1,0,0,0,12,9527.58,1
1390,5504,5512,0,5250,1,120.00500016851706,8.40193E-05,0,0,0,0,0,0,0,0,0,0,0,0,0,0,0,0,0,none,0,0,0,10305.5,0,0,0,42,9917.46,1
1391,5504,5512,0,5250,1,120.00500016851706,8.40193E-05,0,0,0,0,0,0,0,0,0,0,0,0,0,0,0,0,0,none,0,0,0,11837,0,0,0,9,9903.9,1
1392,5504,5512,0,5250,1,120.00500016851706,8.40193E-05,0,0,0,0,0,0,0,0,0,0,0,0,0,0,0,0,0,none,0,0,0,13327.1,0,0,0,61,9120.76,1
1393,5504,5512,0,5250,1,120.00500016851706,8.40193E-05,0,0,0,0,0,0,0,0,0,0,0,0,0,0,0,0,0,none,0,0,0,12129.3,0,0,0,15,9953.64,1
1394,5504,5512,0,5250,1,120.00500016851706,8.40193E-05,0,0,0,0,0,0,0,0,0,0,0,0,0,0,0,0,0,none,0,0,0,10966.2,0,0,0,54,10519.4,1
1395,5504,5512,0,5250,1,120.00500016851706,8.40193E-05,0,0,0,0,0,0,0,0,0,0,0,0,0,0,0,0,0,none,0,0,0,14136.4,0,0,0,13,9856.11,1
1396,5504,5512,0,5250,1,120.00500016851706,8.40193E-05,0,0,0,0,0,0,0,0,0,0,0,0,0,0,0,0,0,none,0,0,0,12557.6,0,0,0,20,8851.54,1
1397,5504,5512,0,5250,1,120.00500016851706,8.40193E-05,0,0,0,0,0,0,0,0,0,0,0,0,0,0,0,0,0,none,0,0,0,10343,0,0,0,10,11650.5,1
1398,5504,5512,0,5250,1,120.00500016851706,8.40193E-05,0,0,0,0,0,0,0,0,0,0,0,0,0,0,0,0,0,none,0,0,0,15567.7,0,0,0,93,12347.5,1
1399,5504,5512,0,5250,1,120.00500016851706,8.40193E-05,0,0,0,0,0,0,0,0,0,0,0,0,0,0,0,0,0,none,0,0,0,11330.6,0,0,0,17,9168.02,1
1400,5504,5512,0,5250,1,120.00500016851706,8.40193E-05,0,0,0,0,0,0,0,0,0,0,0,0,0,0,0,0,0,none,0,0,0,10238.5,0,0,0,9,14783.1,1
1401,5504,5512,0,5250,1,120.00500016851706,8.40193E-05,0,0,0,0,0,0,0,0,0,0,0,0,0,0,0,0,0,none,0,0,0,12619.4,0,0,0,12,15574.7,1
1402,5504,5512,0,5250,1,120.00500016851706,8.40193E-05,0,0,0,0,0,0,0,0,0,0,0,0,0,0,0,0,0,none,0,0,0,10568.4,0,0,0,21,8981.54,1
1403,5504,5512,0,5250,1,120.00500016851706,8.40193E-05,0,0,0,0,0,0,0,0,0,0,0,0,0,0,0,0,0,none,0,0,0,11447.9,0,0,0,41,12712.2,1
1404,5504,5512,0,5250,1,120.00500016851706,8.40193E-05,0,0,0,0,0,0,0,0,0,0,0,0,0,0,0,0,0,none,0,0,0,12493.5,0,0,0,10,9189.33,1
1405,5504,5512,0,5250,1,120.00500016851706,8.40193E-05,0,0,0,0,0,0,0,0,0,0,0,0,0,0,0,0,0,none,0,0,0,10586.6,0,0,0,50,9567.88,1
1406,5504,5512,0,5250,1,120.00500016851706,8.40193E-05,0,0,0,0,0,0,0,0,0,0,0,0,0,0,0,0,0,none,0,0,0,13510.2,0,0,0,11,13464.1,1
1407,5504,5512,0,5250,1,120.00500016851706,8.40193E-05,0,0,0,0,0,0,0,0,0,0,0,0,0,0,0,0,0,none,0,0,0,10592.8,0,0,0,50,9414.15,1
1408,5504,5512,0,5250,1,120.00500016851706,8.40193E-05,0,0,0,0,0,0,0,0,0,0,0,0,0,0,0,0,0,none,0,0,0,11376.2,0,0,0,14,10670.6,1
1409,5504,5512,0,5250,1,120.00500016851706,8.40193E-05,0,0,0,0,0,0,0,0,0,0,0,0,0,0,0,0,0,none,0,0,0,13777.5,0,0,0,15,8907.14,1
1410,5504,5512,0,5250,1,120.00500016851706,8.40193E-05,0,0,0,0,0,0,0,0,0,0,0,0,0,0,0,0,0,none,0,0,0,10372.9,0,0,0,17,9698.96,1
1411,5504,5512,0,5250,1,120.00500016851706,8.40193E-05,0,0,0,0,0,0,0,0,0,0,0,0,0,0,0,0,0,none,0,0,0,12624.4,0,0,0,27,10764.1,1
1412,5504,5512,0,5250,1,120.00500016851706,8.40193E-05,0,0,0,0,0,0,0,0,0,0,0,0,0,0,0,0,0,none,0,0,0,13366.5,0,0,0,13,8879.03,1
1413,5504,5512,0,5250,1,120.00500016851706,8.40193E-05,0,0,0,0,0,0,0,0,0,0,0,0,0,0,0,0,0,none,0,0,0,10887.2,0,0,0,14,10212.7,1
1414,5504,5512,0,5250,1,120.00500016851706,8.40193E-05,0,0,0,0,0,0,0,0,0,0,0,0,0,0,0,0,0,none,0,0,0,13266.8,0,0,0,10,10826.4,1
1415,5504,5512,0,5250,1,120.00500016851706,8.40193E-05,0,0,0,0,0,0,0,0,0,0,0,0,0,0,0,0,0,none,0,0,0,12589,0,0,0,14,9335.61,1
1416,5504,5512,0,5250,1,120.00500016851706,8.40193E-05,0,0,0,0,0,0,0,0,0,0,0,0,0,0,0,0,0,none,0,0,0,13374.3,0,0,0,15,10989,1
1417,5504,5512,0,5250,1,120.00500016851706,8.40193E-05,0,0,0,0,0,0,0,0,0,0,0,0,0,0,0,0,0,none,0,0,0,11917.9,0,0,0,19,10882.2,1
1418,5504,5512,0,5250,1,120.00500016851706,8.40193E-05,0,0,0,0,0,0,0,0,0,0,0,0,0,0,0,0,0,none,0,0,0,11844.2,0,0,0,52,10428.7,1
1419,5504,5512,0,5250,1,120.00500016851706,8.40193E-05,0,0,0,0,0,0,0,0,0,0,0,0,0,0,0,0,0,none,0,0,0,13870.1,0,0,0,13,12138.7,1
1420,5504,5512,0,5250,1,120.00500016851706,8.40193E-05,0,0,0,0,0,0,0,0,0,0,0,0,0,0,0,0,0,none,0,0,0,10367.4,0,0,0,51,10957.2,1
1421,5504,5512,0,5250,1,120.00500016851706,8.40193E-05,0,0,0,0,0,0,0,0,0,0,0,0,0,0,0,0,0,none,0,0,0,10847.1,0,0,0,71,14191.1,1
1422,5504,5512,0,5250,1,120.00500016851706,8.40193E-05,0,0,0,0,0,0,0,0,0,0,0,0,0,0,0,0,0,none,0,0,0,12598.2,0,0,0,46,8803.63,1
1423,5504,5512,0,5250,1,120.00500016851706,8.40193E-05,0,0,0,0,0,0,0,0,0,0,0,0,0,0,0,0,0,none,0,0,0,10426.7,0,0,0,8,9119.84,1
1424,5504,5512,0,5250,1,120.00500016851706,8.40193E-05,0,0,0,0,0,0,0,0,0,0,0,0,0,0,0,0,0,none,0,0,0,10480.5,0,0,0,16,20042.8,1
1425,5504,5512,0,5250,1,120.00500016851706,8.40193E-05,0,0,0,0,0,0,0,0,0,0,0,0,0,0,0,0,0,none,0,0,0,13329.6,0,0,0,17,9189.52,1
1426,5504,5512,0,5250,1,120.00500016851706,8.40193E-05,0,0,0,0,0,0,0,0,0,0,0,0,0,0,0,0,0,none,0,0,0,12549,0,0,0,22,9289.06,1
1427,5504,5512,0,5250,1,120.00500016851706,8.40193E-05,0,0,0,0,0,0,0,0,0,0,0,0,0,0,0,0,0,none,0,0,0,10930.9,0,0,0,21,15551.6,1
1428,5504,5512,0,5250,1,120.00500016851706,8.40193E-05,0,0,0,0,0,0,0,0,0,0,0,0,0,0,0,0,0,none,0,0,0,12855.7,0,0,0,16,10035.4,1
1429,5504,5512,0,5250,1,120.00500016851706,8.40193E-05,0,0,0,0,0,0,0,0,0,0,0,0,0,0,0,0,0,none,0,0,0,12624.9,0,0,0,18,9558.13,1
1430,5504,5512,0,5250,1,120.00500016851706,8.40193E-05,0,0,0,0,0,0,0,0,0,0,0,0,0,0,0,0,0,none,0,0,0,11317.6,0,0,0,25,17285.8,1
1431,5504,5512,0,5250,1,120.00500016851706,8.40193E-05,0,0,0,0,0,0,0,0,0,0,0,0,0,0,0,0,0,none,0,0,0,12392.5,0,0,0,11,17132.1,1
1432,5504,5512,0,5250,1,120.00500016851706,8.40193E-05,0,0,0,0,0,0,0,0,0,0,0,0,0,0,0,0,0,none,0,0,0,17248.8,0,0,0,17,9934.25,1
1433,5504,5512,0,5250,1,120.00500016851706,8.40193E-05,0,0,0,0,0,0,0,0,0,0,0,0,0,0,0,0,0,none,0,0,0,10249,0,0,0,42,12016.2,1
1434,5504,5512,0,5250,1,120.00500016851706,8.40193E-05,0,0,0,0,0,0,0,0,0,0,0,0,0,0,0,0,0,none,0,0,0,12077.8,0,0,0,16,19157.7,1
1435,5504,5512,0,5250,1,120.00500016851706,8.40193E-05,0,0,0,0,0,0,0,0,0,0,0,0,0,0,0,0,0,none,0,0,0,15189.1,0,0,0,57,9052.87,1
1436,5504,5512,0,5250,1,120.00500016851706,8.40193E-05,0,0,0,0,0,0,0,0,0,0,0,0,0,0,0,0,0,none,0,0,0,11299.6,0,0,0,16,17251.7,1
1437,5504,5512,0,5250,1,120.00500016851706,8.40193E-05,0,0,0,0,0,0,0,0,0,0,0,0,0,0,0,0,0,none,0,0,0,11898.2,0,0,0,37,15333.3,1
1438,5504,5512,0,5250,1,120.00500016851706,8.40193E-05,0,0,0,0,0,0,0,0,0,0,0,0,0,0,0,0,0,none,0,0,0,13504.3,0,0,0,21,9530.75,1
1439,5504,5512,0,5250,1,120.00500016851706,8.40193E-05,0,0,0,0,0,0,0,0,0,0,0,0,0,0,0,0,0,none,0,0,0,13606,0,0,0,9,26927.9,1
1440,5504,5512,0,5250,1,120.00500016851706,8.40193E-05,0,0,0,0,0,0,0,0,0,0,0,0,0,0,0,0,0,none,0,0,0,11272.3,0,0,0,28,11958.4,1
1441,5504,5512,0,5250,1,120.00500016851706,8.40193E-05,0,0,0,0,0,0,0,0,0,0,0,0,0,0,0,0,0,none,0,0,0,15501.5,0,0,0,12,10620,1
1442,5504,5512,0,5250,1,120.00500016851706,8.40193E-05,0,0,0,0,0,0,0,0,0,0,0,0,0,0,0,0,0,none,0,0,0,13819.3,0,0,0,10,13606.3,1
1443,5504,5512,0,5250,1,120.00500016851706,8.40193E-05,0,0,0,0,0,0,0,0,0,0,0,0,0,0,0,0,0,none,0,0,0,10278.7,0,0,0,9,15480.5,1
1444,5504,5512,0,5250,1,120.00500016851706,8.40193E-05,0,0,0,0,0,0,0,0,0,0,0,0,0,0,0,0,0,none,0,0,0,15156.6,0,0,0,17,14978.1,1
1445,5504,5512,0,5250,1,120.00500016851706,8.40193E-05,0,0,0,0,0,0,0,0,0,0,0,0,0,0,0,0,0,none,0,0,0,13880.9,0,0,0,84,8852.59,1
1446,5504,5512,0,5250,1,120.00500016851706,8.40193E-05,0,0,0,0,0,0,0,0,0,0,0,0,0,0,0,0,0,none,0,0,0,10345.1,0,0,0,43,12761.1,1
1447,5504,5512,0,5250,1,120.00500016851706,8.40193E-05,0,0,0,0,0,0,0,0,0,0,0,0,0,0,0,0,0,none,0,0,0,15499.3,0,0,0,14,11903.4,1
1448,5504,5512,0,5250,1,120.00500016851706,8.40193E-05,0,0,0,0,0,0,0,0,0,0,0,0,0,0,0,0,0,none,0,0,0,15190.6,0,0,0,53,9169.95,1
1449,5504,5512,0,5250,1,120.00500016851706,8.40193E-05,0,0,0,0,0,0,0,0,0,0,0,0,0,0,0,0,0,none,0,0,0,11435,0,0,0,28,13439.1,1
1450,5504,5512,0,5250,1,120.00500016851706,8.40193E-05,0,0,0,0,0,0,0,0,0,0,0,0,0,0,0,0,0,none,0,0,0,12814.8,0,0,0,39,14323.8,1
1451,5504,5512,0,5250,1,120.00500016851706,8.40193E-05,0,0,0,0,0,0,0,0,0,0,0,0,0,0,0,0,0,none,0,0,0,13402.4,0,0,0,28,9719.52,1
1452,5504,5512,0,5250,1,120.00500016851706,8.40193E-05,0,0,0,0,0,0,0,0,0,0,0,0,0,0,0,0,0,none,0,0,0,11291.1,0,0,0,8,16319.2,1
1453,5504,5512,0,5250,1,120.00500016851706,8.40193E-05,0,0,0,0,0,0,0,0,0,0,0,0,0,0,0,0,0,none,0,0,0,10541,0,0,0,16,15985.8,1
1454,5504,5512,0,5250,1,120.00500016851706,8.40193E-05,0,0,0,0,0,0,0,0,0,0,0,0,0,0,0,0,0,none,0,0,0,16843.2,0,0,0,22,10248.1,1
1455,5504,5512,0,5250,1,120.00500016851706,8.40193E-05,0,0,0,0,0,0,0,0,0,0,0,0,0,0,0,0,0,none,0,0,0,11034.7,0,0,0,13,8845.01,1
1456,5504,5512,0,5250,1,120.00500016851706,8.40193E-05,0,0,0,0,0,0,0,0,0,0,0,0,0,0,0,0,0,none,0,0,0,10585.8,0,0,0,10,13286.5,1
1457,5504,5512,0,5250,1,120.00500016851706,8.40193E-05,0,0,0,0,0,0,0,0,0,0,0,0,0,0,0,0,0,none,0,0,0,12912.2,0,0,0,12,11055.1,1
1458,5504,5512,0,5250,1,120.00500016851706,8.40193E-05,0,0,0,0,0,0,0,0,0,0,0,0,0,0,0,0,0,none,0,0,0,10823.5,0,0,0,19,8908.18,1
1459,5504,5512,0,5250,1,120.00500016851706,8.40193E-05,0,0,0,0,0,0,0,0,0,0,0,0,0,0,0,0,0,none,0,0,0,10537.2,0,0,0,17,13224.4,1
1460,5504,5512,0,5250,1,120.00500016851706,8.40193E-05,0,0,0,0,0,0,0,0,0,0,0,0,0,0,0,0,0,none,0,0,0,13562.3,0,0,0,25,9387.27,1
1461,5504,5512,0,5250,1,120.00500016851706,8.40193E-05,0,0,0,0,0,0,0,0,0,0,0,0,0,0,0,0,0,none,0,0,0,10715.6,0,0,0,53,9270.54,1
1462,5504,5512,0,5250,1,120.00500016851706,8.40193E-05,0,0,0,0,0,0,0,0,0,0,0,0,0,0,0,0,0,none,0,0,0,10802.7,0,0,0,11,15890.7,1
1463,5504,5512,0,5250,1,120.00500016851706,8.40193E-05,0,0,0,0,0,0,0,0,0,0,0,0,0,0,0,0,0,none,0,0,0,11022,0,0,0,43,9417.18,1
1464,5504,5512,0,5250,1,120.00500016851706,8.40193E-05,0,0,0,0,0,0,0,0,0,0,0,0,0,0,0,0,0,none,0,0,0,10674.2,0,0,0,13,9128.55,1
1465,5504,5512,0,5250,1,120.00500016851706,8.40193E-05,0,0,0,0,0,0,0,0,0,0,0,0,0,0,0,0,0,none,0,0,0,10483.7,0,0,0,44,8774.29,1
1466,5504,5512,0,5250,1,120.00500016851706,8.40193E-05,0,0,0,0,0,0,0,0,0,0,0,0,0,0,0,0,0,none,0,0,0,10312.7,0,0,0,9,9433.33,1
1467,5504,5512,0,5250,1,120.00500016851706,8.40193E-05,0,0,0,0,0,0,0,0,0,0,0,0,0,0,0,0,0,none,0,0,0,10660.2,0,0,0,11,9302.65,1
1468,5504,5512,0,5250,1,120.00500016851706,8.40193E-05,0,0,0,0,0,0,0,0,0,0,0,0,0,0,0,0,0,none,0,0,0,10980.1,0,0,0,84,9126.01,1
1469,5504,5512,0,5250,1,120.00500016851706,8.40193E-05,0,0,0,0,0,0,0,0,0,0,0,0,0,0,0,0,0,none,0,0,0,10364.5,0,0,0,21,9444.67,1
1470,5504,5512,0,5250,1,120.00500016851706,8.40193E-05,0,0,0,0,0,0,0,0,0,0,0,0,0,0,0,0,0,none,0,0,0,10657.5,0,0,0,32,9573.49,1
1471,5504,5512,0,5250,1,120.00500016851706,8.40193E-05,0,0,0,0,0,0,0,0,0,0,0,0,0,0,0,0,0,none,0,0,0,12042.3,0,0,0,23,8972.85,1
1472,5504,5512,0,5250,1,120.00500016851706,8.40193E-05,0,0,0,0,0,0,0,0,0,0,0,0,0,0,0,0,0,none,0,0,0,10899.3,0,0,0,23,9457,1
1473,5504,5512,0,5250,1,120.00500016851706,8.40193E-05,0,0,0,0,0,0,0,0,0,0,0,0,0,0,0,0,0,none,0,0,0,10661.5,0,0,0,11,9965.66,1
1474,5504,5512,0,5250,1,120.00500016851706,8.40193E-05,0,0,0,0,0,0,0,0,0,0,0,0,0,0,0,0,0,none,0,0,0,13487.7,0,0,0,18,9389.98,1
1475,5504,5512,0,5250,1,120.00500016851706,8.40193E-05,0,0,0,0,0,0,0,0,0,0,0,0,0,0,0,0,0,none,0,0,0,13056.5,0,0,0,17,9476.18,1
1476,5504,5512,0,5250,1,120.00500016851706,8.40193E-05,0,0,0,0,0,0,0,0,0,0,0,0,0,0,0,0,0,none,0,0,0,10237.2,0,0,0,47,10603.8,1
1477,5504,5512,0,5250,1,120.00500016851706,8.40193E-05,0,0,0,0,0,0,0,0,0,0,0,0,0,0,0,0,0,none,0,0,0,13276.8,0,0,0,14,10278.6,1
1478,5504,5512,0,5250,1,120.00500016851706,8.40193E-05,0,0,0,0,0,0,0,0,0,0,0,0,0,0,0,0,0,none,0,0,0,12387.3,0,0,0,46,8988.33,1
1479,5504,5512,0,5250,1,120.00500016851706,8.40193E-05,0,0,0,0,0,0,0,0,0,0,0,0,0,0,0,0,0,none,0,0,0,10726.8,0,0,0,14,11847.2,1
1480,5504,5512,0,5250,1,120.00500016851706,8.40193E-05,0,0,0,0,0,0,0,0,0,0,0,0,0,0,0,0,0,none,0,0,0,13105.2,0,0,0,16,15714.8,1
1481,5504,5512,0,5250,1,120.00500016851706,8.40193E-05,0,0,0,0,0,0,0,0,0,0,0,0,0,0,0,0,0,none,0,0,0,11215,0,0,0,14,9572.5,1
1482,5504,5512,0,5250,1,120.00500016851706,8.40193E-05,0,0,0,0,0,0,0,0,0,0,0,0,0,0,0,0,0,none,0,0,0,10288.2,0,0,0,15,15391.4,1
1483,5504,5512,0,5250,1,120.00500016851706,8.40193E-05,0,0,0,0,0,0,0,0,0,0,0,0,0,0,0,0,0,none,0,0,0,12343.3,0,0,0,9,12736.3,1
1484,5504,5512,0,5250,1,120.00500016851706,8.40193E-05,0,0,0,0,0,0,0,0,0,0,0,0,0,0,0,0,0,none,0,0,0,10529.4,0,0,0,20,9054.77,1
1485,5504,5512,0,5250,1,120.00500016851706,8.40193E-05,0,0,0,0,0,0,0,0,0,0,0,0,0,0,0,0,0,none,0,0,0,11075.2,0,0,0,14,13464.8,1
1486,5504,5512,0,5250,1,120.00500016851706,8.40193E-05,0,0,0,0,0,0,0,0,0,0,0,0,0,0,0,0,0,none,0,0,0,10361.2,0,0,0,14,9207.43,1
1487,5504,5512,0,5250,1,120.00500016851706,8.40193E-05,0,0,0,0,0,0,0,0,0,0,0,0,0,0,0,0,0,none,0,0,0,10641,0,0,0,28,9533.95,1
1488,5504,5512,0,5250,1,120.00500016851706,8.40193E-05,0,0,0,0,0,0,0,0,0,0,0,0,0,0,0,0,0,none,0,0,0,11328,0,0,0,20,8882.07,1
1489,5504,5512,0,5250,1,120.00500016851706,8.40193E-05,0,0,0,0,0,0,0,0,0,0,0,0,0,0,0,0,0,none,0,0,0,10907.5,0,0,0,43,9446.23,1
1490,5504,5512,0,5250,1,120.00500016851706,8.40193E-05,0,0,0,0,0,0,0,0,0,0,0,0,0,0,0,0,0,none,0,0,0,11494.8,0,0,0,14,9824.58,1
1491,5504,5512,0,5250,1,120.00500016851706,8.40193E-05,0,0,0,0,0,0,0,0,0,0,0,0,0,0,0,0,0,none,0,0,0,11518.3,0,0,0,116,9342.14,1
1492,5504,5512,0,5250,1,120.00500016851706,8.40193E-05,0,0,0,0,0,0,0,0,0,0,0,0,0,0,0,0,0,none,0,0,0,10950.2,0,0,0,15,9741.17,1
1493,5504,5512,0,5250,1,120.00500016851706,8.40193E-05,0,0,0,0,0,0,0,0,0,0,0,0,0,0,0,0,0,none,0,0,0,12796.6,0,0,0,43,9862.14,1
1494,5504,5512,0,5250,1,120.00500016851706,8.40193E-05,0,0,0,0,0,0,0,0,0,0,0,0,0,0,0,0,0,none,0,0,0,11640.4,0,0,0,13,8853.63,1
1495,5504,5512,0,5250,1,120.00500016851706,8.40193E-05,0,0,0,0,0,0,0,0,0,0,0,0,0,0,0,0,0,none,0,0,0,10347.2,0,0,0,16,10283.7,1
1496,5504,5512,0,5250,1,120.00500016851706,8.40193E-05,0,0,0,0,0,0,0,0,0,0,0,0,0,0,0,0,0,none,0,0,0,10775.5,0,0,0,21,9886.63,1
1497,5504,5512,0,5250,1,120.00500016851706,8.40193E-05,0,0,0,0,0,0,0,0,0,0,0,0,0,0,0,0,0,none,0,0,0,11725.1,0,0,0,17,9171.86,1
1498,5504,5512,0,5250,1,120.00500016851706,8.40193E-05,0,0,0,0,0,0,0,0,0,0,0,0,0,0,0,0,0,none,0,0,0,11834.9,0,0,0,19,8807.01,1
1499,5504,5512,0,5250,1,120.00500016851706,8.40193E-05,0,0,0,0,0,0,0,0,0,0,0,0,0,0,0,0,0,none,0,0,0,10441.6,0,0,0,14,9909.03,1
1500,5504,5512,0,5250,1,120.00500016851706,8.40193E-05,0,0,0,0,0,0,0,0,0,0,0,0,0,0,0,0,0,none,0,0,0,11708.4,0,0,0,32,9763.75,1
1501,5504,5512,0,5250,1,120.00500016851706,8.40193E-05,0,0,0,0,0,0,0,0,0,0,0,0,0,0,0,0,0,none,0,0,0,12786.6,0,0,0,25,9196.02,1
1502,5504,5512,0,5250,1,120.00500016851706,8.40193E-05,0,0,0,0,0,0,0,0,0,0,0,0,0,0,0,0,0,none,0,0,0,12465.3,0,0,0,17,9939.76,1
1503,5504,5512,0,5250,1,120.00500016851706,8.40193E-05,0,0,0,0,0,0,0,0,0,0,0,0,0,0,0,0,0,none,0,0,0,10760.7,0,0,0,12,11200.1,1
1504,5504,5512,0,5250,1,120.00500016851706,8.40193E-05,0,0,0,0,0,0,0,0,0,0,0,0,0,0,0,0,0,none,0,0,0,15990.2,0,0,0,43,10052.5,1
1505,5504,5512,0,5250,1,120.00500016851706,8.40193E-05,0,0,0,0,0,0,0,0,0,0,0,0,0,0,0,0,0,none,0,0,0,10578.8,0,0,0,23,9137.05,1
1506,5504,5512,0,5250,1,120.00500016851706,8.40193E-05,0,0,0,0,0,0,0,0,0,0,0,0,0,0,0,0,0,none,0,0,0,10489.6,0,0,0,40,13742.2,1
1507,5504,5512,0,5250,1,120.00500016851706,8.40193E-05,0,0,0,0,0,0,0,0,0,0,0,0,0,0,0,0,0,none,0,0,0,15690.4,0,0,0,23,8909.22,1
1508,5504,5512,0,5250,1,120.00500016851706,8.40193E-05,0,0,0,0,0,0,0,0,0,0,0,0,0,0,0,0,0,none,0,0,0,10542.5,0,0,0,44,9316.79,1
1509,5504,5512,0,5250,1,120.00500016851706,8.40193E-05,0,0,0,0,0,0,0,0,0,0,0,0,0,0,0,0,0,none,0,0,0,10252.5,0,0,0,10,12898.3,1
1510,5504,5512,0,5250,1,120.00500016851706,8.40193E-05,0,0,0,0,0,0,0,0,0,0,0,0,0,0,0,0,0,none,0,0,0,15106.9,0,0,0,6,9272.4,1
1511,5504,5512,0,5250,1,120.00500016851706,8.40193E-05,0,0,0,0,0,0,0,0,0,0,0,0,0,0,0,0,0,none,0,0,0,12389.3,0,0,0,21,9067.39,1
1512,5504,5512,0,5250,1,120.00500016851706,8.40193E-05,0,0,0,0,0,0,0,0,0,0,0,0,0,0,0,0,0,none,0,0,0,11847.1,0,0,0,8,12414.3,1
1513,5504,5512,0,5250,1,120.00500016851706,8.40193E-05,0,0,0,0,0,0,0,0,0,0,0,0,0,0,0,0,0,none,0,0,0,13677.6,0,0,0,29,9995.95,1
1514,5504,5512,0,5250,1,120.00500016851706,8.40193E-05,0,0,0,0,0,0,0,0,0,0,0,0,0,0,0,0,0,none,0,0,0,13676.6,0,0,0,18,9737.45,1
1515,5504,5512,0,5250,1,120.00500016851706,8.40193E-05,0,0,0,0,0,0,0,0,0,0,0,0,0,0,0,0,0,none,0,0,0,11895.8,0,0,0,83,19439,1
1516,5504,5512,0,5250,1,120.00500016851706,8.40193E-05,0,0,0,0,0,0,0,0,0,0,0,0,0,0,0,0,0,none,0,0,0,11975,0,0,0,11,11909.4,1
1517,5504,5512,0,5250,1,120.00500016851706,8.40193E-05,0,0,0,0,0,0,0,0,0,0,0,0,0,0,0,0,0,none,0,0,0,15222.4,0,0,0,52,10629.4,1
1518,5504,5512,0,5250,1,120.00500016851706,8.40193E-05,0,0,0,0,0,0,0,0,0,0,0,0,0,0,0,0,0,none,0,0,0,10361.7,0,0,0,15,17201,1
1519,5504,5512,0,5250,1,120.00500016851706,8.40193E-05,0,0,0,0,0,0,0,0,0,0,0,0,0,0,0,0,0,none,0,0,0,10272.8,0,0,0,58,12334.9,1
1520,5504,5512,0,5250,1,120.00500016851706,8.40193E-05,0,0,0,0,0,0,0,0,0,0,0,0,0,0,0,0,0,none,0,0,0,14321.7,0,0,0,24,8974.04,1
1521,5504,5512,0,5250,1,120.00500016851706,8.40193E-05,0,0,0,0,0,0,0,0,0,0,0,0,0,0,0,0,0,none,0,0,0,10906,0,0,0,50,8925.1,1
1522,5504,5512,0,5250,1,120.00500016851706,8.40193E-05,0,0,0,0,0,0,0,0,0,0,0,0,0,0,0,0,0,none,0,0,0,11158.8,0,0,0,19,12987.9,1
1523,5504,5512,0,5250,1,120.00500016851706,8.40193E-05,0,0,0,0,0,0,0,0,0,0,0,0,0,0,0,0,0,none,0,0,0,15461.3,0,0,0,19,9392.24,1
1524,5504,5512,0,5250,1,120.00500016851706,8.40193E-05,0,0,0,0,0,0,0,0,0,0,0,0,0,0,0,0,0,none,0,0,0,13067.5,0,0,0,16,9441.18,1
1525,5504,5512,0,5250,1,120.00500016851706,8.40193E-05,0,0,0,0,0,0,0,0,0,0,0,0,0,0,0,0,0,none,0,0,0,10514.2,0,0,0,9,16432.5,1
1526,5504,5512,0,5250,1,120.00500016851706,8.40193E-05,0,0,0,0,0,0,0,0,0,0,0,0,0,0,0,0,0,none,0,0,0,12779.4,0,0,0,10,10284.3,1
1527,5504,5512,0,5250,1,120.00500016851706,8.40193E-05,0,0,0,0,0,0,0,0,0,0,0,0,0,0,0,0,0,none,0,0,0,13542.9,0,0,0,15,9217.04,1
1528,5504,5512,0,5250,1,120.00500016851706,8.40193E-05,0,0,0,0,0,0,0,0,0,0,0,0,0,0,0,0,0,none,0,0,0,10672.6,0,0,0,12,17457.6,1
1529,5504,5512,0,5250,1,120.00500016851706,8.40193E-05,0,0,0,0,0,0,0,0,0,0,0,0,0,0,0,0,0,none,0,0,0,10519.6,0,0,0,17,10929,1
1530,5504,5512,0,5250,1,120.00500016851706,8.40193E-05,0,0,0,0,0,0,0,0,0,0,0,0,0,0,0,0,0,none,0,0,0,14218.7,0,0,0,10,9462.08,1
1531,5504,5512,0,5250,1,120.00500016851706,8.40193E-05,0,0,0,0,0,0,0,0,0,0,0,0,0,0,0,0,0,none,0,0,0,10288.1,0,0,0,20,8848.34,1
1532,5504,5512,0,5250,1,120.00500016851706,8.40193E-05,0,0,0,0,0,0,0,0,0,0,0,0,0,0,0,0,0,none,0,0,0,10675.9,0,0,0,50,11036.5,1
1533,5504,5512,0,5250,1,120.00500016851706,8.40193E-05,0,0,0,0,0,0,0,0,0,0,0,0,0,0,0,0,0,none,0,0,0,14403.6,0,0,0,24,9056.68,1
1534,5504,5512,0,5250,1,120.00500016851706,8.40193E-05,0,0,0,0,0,0,0,0,0,0,0,0,0,0,0,0,0,none,0,0,0,11316.5,0,0,0,44,9274.13,1
1535,5504,5512,0,5250,1,120.00500016851706,8.40193E-05,0,0,0,0,0,0,0,0,0,0,0,0,0,0,0,0,0,none,0,0,0,13067.1,0,0,0,20,11237.7,1
1536,5504,5512,0,5250,1,120.00500016851706,8.40193E-05,0,0,0,0,0,0,0,0,0,0,0,0,0,0,0,0,0,none,0,0,0,12589.3,0,0,0,52,9537.19,1
1537,5504,5512,0,5250,1,120.00500016851706,8.40193E-05,0,0,0,0,0,0,0,0,0,0,0,0,0,0,0,0,0,none,0,0,0,13008.8,0,0,0,10,10256.3,1
1538,5504,5512,0,5250,1,120.00500016851706,8.40193E-05,0,0,0,0,0,0,0,0,0,0,0,0,0,0,0,0,0,none,0,0,0,13003.6,0,0,0,101,11604.8,1
1539,5504,5512,0,5250,1,120.00500016851706,8.40193E-05,0,0,0,0,0,0,0,0,0,0,0,0,0,0,0,0,0,none,0,0,0,10999.1,0,0,0,15,10634.6,1
1540,5504,5512,0,5250,1,120.00500016851706,8.40193E-05,0,0,0,0,0,0,0,0,0,0,0,0,0,0,0,0,0,none,0,0,0,12521.4,0,0,0,6,12128.3,1
1541,5504,5512,0,5250,1,120.00500016851706,8.40193E-05,0,0,0,0,0,0,0,0,0,0,0,0,0,0,0,0,0,none,0,0,0,10942.3,0,0,0,15,8777.63,1
1542,5504,5512,0,5250,1,120.00500016851706,8.40193E-05,0,0,0,0,0,0,0,0,0,0,0,0,0,0,0,0,0,none,0,0,0,10320.3,0,0,0,21,14155.7,1
1543,5504,5512,0,5250,1,120.00500016851706,8.40193E-05,0,0,0,0,0,0,0,0,0,0,0,0,0,0,0,0,0,none,0,0,0,12157,0,0,0,18,8854.67,1
1544,5504,5512,0,5250,1,120.00500016851706,8.40193E-05,0,0,0,0,0,0,0,0,0,0,0,0,0,0,0,0,0,none,0,0,0,10349.3,0,0,0,15,9131.31,1
1545,5504,5512,0,5250,1,120.00500016851706,8.40193E-05,0,0,0,0,0,0,0,0,0,0,0,0,0,0,0,0,0,none,0,0,0,12190.4,0,0,0,11,17237.9,1
1546,5504,5512,0,5250,1,120.00500016851706,8.40193E-05,0,0,0,0,0,0,0,0,0,0,0,0,0,0,0,0,0,none,0,0,0,11942.6,0,0,0,18,9145.4,1
1547,5504,5512,0,5250,1,120.00500016851706,8.40193E-05,0,0,0,0,0,0,0,0,0,0,0,0,0,0,0,0,0,none,0,0,0,10497.9,0,0,0,56,9882.51,1
1548,5504,5512,0,5250,1,120.00500016851706,8.40193E-05,0,0,0,0,0,0,0,0,0,0,0,0,0,0,0,0,0,none,0,0,0,14812,0,0,0,15,13188,1
1549,5504,5512,0,5250,1,120.00500016851706,8.40193E-05,0,0,0,0,0,0,0,0,0,0,0,0,0,0,0,0,0,none,0,0,0,11622.6,0,0,0,50,9331.44,1
1550,5504,5512,0,5250,1,120.00500016851706,8.40193E-05,0,0,0,0,0,0,0,0,0,0,0,0,0,0,0,0,0,none,0,0,0,11083.1,0,0,0,12,14285.9,1
1551,5504,5512,0,5250,1,120.00500016851706,8.40193E-05,0,0,0,0,0,0,0,0,0,0,0,0,0,0,0,0,0,none,0,0,0,12451.3,0,0,0,41,15241.8,1
1552,5504,5512,0,5250,1,120.00500016851706,8.40193E-05,0,0,0,0,0,0,0,0,0,0,0,0,0,0,0,0,0,none,0,0,0,10236.4,0,0,0,16,9605.03,1
1553,5504,5512,0,5250,1,120.00500016851706,8.40193E-05,0,0,0,0,0,0,0,0,0,0,0,0,0,0,0,0,0,none,0,0,0,12193.3,0,0,0,13,16716.6,1
1554,5504,5512,0,5250,1,120.00500016851706,8.40193E-05,0,0,0,0,0,0,0,0,0,0,0,0,0,0,0,0,0,none,0,0,0,10572,0,0,0,8,8995.23,1
1555,5504,5512,0,5250,1,120.00500016851706,8.40193E-05,0,0,0,0,0,0,0,0,0,0,0,0,0,0,0,0,0,none,0,0,0,11511.6,0,0,0,21,10031.1,1
1556,5504,5512,0,5250,1,120.00500016851706,8.40193E-05,0,0,0,0,0,0,0,0,0,0,0,0,0,0,0,0,0,none,0,0,0,13643.2,0,0,0,13,8910.27,1
1557,5504,5512,0,5250,1,120.00500016851706,8.40193E-05,0,0,0,0,0,0,0,0,0,0,0,0,0,0,0,0,0,none,0,0,0,10547.8,0,0,0,26,9596.06,1
1558,5504,5512,0,5250,1,120.00500016851706,8.40193E-05,0,0,0,0,0,0,0,0,0,0,0,0,0,0,0,0,0,none,0,0,0,11540.2,0,0,0,11,10695.8,1
1559,5504,5512,0,5250,1,120.00500016851706,8.40193E-05,0,0,0,0,0,0,0,0,0,0,0,0,0,0,0,0,0,none,0,0,0,12304.6,0,0,0,16,9274.27,1
1560,5504,5512,0,5250,1,120.00500016851706,8.40193E-05,0,0,0,0,0,0,0,0,0,0,0,0,0,0,0,0,0,none,0,0,0,12223.7,0,0,0,39,11222.6,1
1561,5504,5512,0,5250,1,120.00500016851706,8.40193E-05,0,0,0,0,0,0,0,0,0,0,0,0,0,0,0,0,0,none,0,0,0,11361.1,0,0,0,78,11949.2,1
1562,5504,5512,0,5250,1,120.00500016851706,8.40193E-05,0,0,0,0,0,0,0,0,0,0,0,0,0,0,0,0,0,none,0,0,0,10350.3,0,0,0,57,10000.3,1
1563,5504,5512,0,5250,1,120.00500016851706,8.40193E-05,0,0,0,0,0,0,0,0,0,0,0,0,0,0,0,0,0,none,0,0,0,11103.7,0,0,0,16,13577.8,1
1564,5504,5512,0,5250,1,120.00500016851706,8.40193E-05,0,0,0,0,0,0,0,0,0,0,0,0,0,0,0,0,0,none,0,0,0,11113.9,0,0,0,53,8885.15,1
1565,5504,5512,0,5250,1,120.00500016851706,8.40193E-05,0,0,0,0,0,0,0,0,0,0,0,0,0,0,0,0,0,none,0,0,0,10927.8,0,0,0,10,11922.7,1
1566,5504,5512,0,5250,1,120.00500016851706,8.40193E-05,0,0,0,0,0,0,0,0,0,0,0,0,0,0,0,0,0,none,0,0,0,10501.9,0,0,0,32,15226.8,1
1567,5504,5512,0,5250,1,120.00500016851706,8.40193E-05,0,0,0,0,0,0,0,0,0,0,0,0,0,0,0,0,0,none,0,0,0,10358.9,0,0,0,10,9348.82,1
1568,5504,5512,0,5250,1,120.00500016851706,8.40193E-05,0,0,0,0,0,0,0,0,0,0,0,0,0,0,0,0,0,none,0,0,0,13430.7,0,0,0,17,9227.11,1
1569,5504,5512,0,5250,1,120.00500016851706,8.40193E-05,0,0,0,0,0,0,0,0,0,0,0,0,0,0,0,0,0,none,0,0,0,10707,0,0,0,16,8975.24,1
1570,5504,5512,0,5250,1,120.00500016851706,8.40193E-05,0,0,0,0,0,0,0,0,0,0,0,0,0,0,0,0,0,none,0,0,0,10739.1,0,0,0,7,10468.7,1
1571,5504,5512,0,5250,1,120.00500016851706,8.40193E-05,0,0,0,0,0,0,0,0,0,0,0,0,0,0,0,0,0,none,0,0,0,12829.1,0,0,0,12,9477.75,1
1572,5504,5512,0,5250,1,120.00500016851706,8.40193E-05,0,0,0,0,0,0,0,0,0,0,0,0,0,0,0,0,0,none,0,0,0,10751.8,0,0,0,15,9394.51,1
1573,5504,5512,0,5250,1,120.00500016851706,8.40193E-05,0,0,0,0,0,0,0,0,0,0,0,0,0,0,0,0,0,none,0,0,0,10682.7,0,0,0,5,19200.3,1
1574,5504,5512,0,5250,1,120.00500016851706,8.40193E-05,0,0,0,0,0,0,0,0,0,0,0,0,0,0,0,0,0,none,0,0,0,13668.6,0,0,0,18,8810.44,1
1575,5504,5512,0,5250,1,120.00500016851706,8.40193E-05,0,0,0,0,0,0,0,0,0,0,0,0,0,0,0,0,0,none,0,0,0,10457.4,0,0,0,53,9428.99,1
1576,5504,5512,0,5250,1,120.00500016851706,8.40193E-05,0,0,0,0,0,0,0,0,0,0,0,0,0,0,0,0,0,none,0,0,0,10662.9,0,0,0,19,14740.2,1
1577,5504,5512,0,5250,1,120.00500016851706,8.40193E-05,0,0,0,0,0,0,0,0,0,0,0,0,0,0,0,0,0,none,0,0,0,11353.7,0,0,0,45,9202.6,1
1578,5504,5512,0,5250,1,120.00500016851706,8.40193E-05,0,0,0,0,0,0,0,0,0,0,0,0,0,0,0,0,0,none,0,0,0,12632,0,0,0,16,9441.15,1
1579,5504,5512,0,5250,1,120.00500016851706,8.40193E-05,0,0,0,0,0,0,0,0,0,0,0,0,0,0,0,0,0,none,0,0,0,10657.6,0,0,0,46,14786.5,1
1580,5504,5512,0,5250,1,120.00500016851706,8.40193E-05,0,0,0,0,0,0,0,0,0,0,0,0,0,0,0,0,0,none,0,0,0,10288.2,0,0,0,19,10069.8,1
1581,5504,5512,0,5250,1,120.00500016851706,8.40193E-05,0,0,0,0,0,0,0,0,0,0,0,0,0,0,0,0,0,none,0,0,0,13835.2,0,0,0,15,9452.58,1
1582,5504,5512,0,5250,1,120.00500016851706,8.40193E-05,0,0,0,0,0,0,0,0,0,0,0,0,0,0,0,0,0,none,0,0,0,10659.2,0,0,0,17,9058.61,1
1583,5504,5512,0,5250,1,120.00500016851706,8.40193E-05,0,0,0,0,0,0,0,0,0,0,0,0,0,0,0,0,0,none,0,0,0,11325.1,0,0,0,7,14870.3,1
1584,5504,5512,0,5250,1,120.00500016851706,8.40193E-05,0,0,0,0,0,0,0,0,0,0,0,0,0,0,0,0,0,none,0,0,0,13559.1,0,0,0,27,9468.8,1
1585,5504,5512,0,5250,1,120.00500016851706,8.40193E-05,0,0,0,0,0,0,0,0,0,0,0,0,0,0,0,0,0,none,0,0,0,10256.4,0,0,0,85,9540.47,1
1586,5504,5512,0,5250,1,120.00500016851706,8.40193E-05,0,0,0,0,0,0,0,0,0,0,0,0,0,0,0,0,0,none,0,0,0,13635.6,0,0,0,15,15627.9,1
1587,5504,5512,0,5250,1,120.00500016851706,8.40193E-05,0,0,0,0,0,0,0,0,0,0,0,0,0,0,0,0,0,none,0,0,0,13113.8,0,0,0,27,9073.2,1
1588,5504,5512,0,5250,1,120.00500016851706,8.40193E-05,0,0,0,0,0,0,0,0,0,0,0,0,0,0,0,0,0,none,0,0,0,10509,0,0,0,5,10642.1,1
1589,5504,5512,0,5250,1,120.00500016851706,8.40193E-05,0,0,0,0,0,0,0,0,0,0,0,0,0,0,0,0,0,none,0,0,0,14611,0,0,0,13,15003.9,1
1590,5504,5512,0,5250,1,120.00500016851706,8.40193E-05,0,0,0,0,0,0,0,0,0,0,0,0,0,0,0,0,0,none,0,0,0,10934.3,0,0,0,47,9346.56,1
1591,5504,5512,0,5250,1,120.00500016851706,8.40193E-05,0,0,0,0,0,0,0,0,0,0,0,0,0,0,0,0,0,none,0,0,0,10798.8,0,0,0,7,13001.2,1
1592,5504,5512,0,5250,1,120.00500016851706,8.40193E-05,0,0,0,0,0,0,0,0,0,0,0,0,0,0,0,0,0,none,0,0,0,11944.2,0,0,0,38,8855.7,1
1593,5504,5512,0,5250,1,120.00500016851706,8.40193E-05,0,0,0,0,0,0,0,0,0,0,0,0,0,0,0,0,0,none,0,0,0,10351.5,0,0,0,15,9621.43,1
1594,5504,5512,0,5250,1,120.00500016851706,8.40193E-05,0,0,0,0,0,0,0,0,0,0,0,0,0,0,0,0,0,none,0,0,0,10993.7,0,0,0,10,16957.7,1
1595,5504,5512,0,5250,1,120.00500016851706,8.40193E-05,0,0,0,0,0,0,0,0,0,0,0,0,0,0,0,0,0,none,0,0,0,10267.3,0,0,0,40,9175.65,1
1596,5504,5512,0,5250,1,120.00500016851706,8.40193E-05,0,0,0,0,0,0,0,0,0,0,0,0,0,0,0,0,0,none,0,0,0,11853.6,0,0,0,22,9732.08,1
1597,5504,5512,0,5250,1,120.00500016851706,8.40193E-05,0,0,0,0,0,0,0,0,0,0,0,0,0,0,0,0,0,none,0,0,0,11250.6,0,0,0,21,8929.76,1
1598,5504,5512,0,5250,1,120.00500016851706,8.40193E-05,0,0,0,0,0,0,0,0,0,0,0,0,0,0,0,0,0,none,0,0,0,11190.5,0,0,0,15,9772.36,1
1599,5504,5512,0,5250,1,120.00500016851706,8.40193E-05,0,0,0,0,0,0,0,0,0,0,0,0,0,0,0,0,0,none,0,0,0,13302.9,0,0,0,17,9807.4,1
1600,5504,5512,0,5250,1,120.00500016851706,8.40193E-05,0,0,0,0,0,0,0,0,0,0,0,0,0,0,0,0,0,none,0,0,0,11465.4,0,0,0,19,9452.18,1
1601,5504,5512,0,5250,1,120.00500016851706,8.40193E-05,0,0,0,0,0,0,0,0,0,0,0,0,0,0,0,0,0,none,0,0,0,12144.8,0,0,0,11,11225,1
1602,5504,5512,0,5250,1,120.00500016851706,8.40193E-05,0,0,0,0,0,0,0,0,0,0,0,0,0,0,0,0,0,none,0,0,0,12733.5,0,0,0,15,9852.06,1
1603,5504,5512,0,5250,1,120.00500016851706,8.40193E-05,0,0,0,0,0,0,0,0,0,0,0,0,0,0,0,0,0,none,0,0,0,10565.3,0,0,0,45,10798.8,1
1604,5504,5512,0,5250,1,120.00500016851706,8.40193E-05,0,0,0,0,0,0,0,0,0,0,0,0,0,0,0,0,0,none,0,0,0,11049.9,0,0,0,12,15617.9,1
1605,5504,5512,0,5250,1,120.00500016851706,8.40193E-05,0,0,0,0,0,0,0,0,0,0,0,0,0,0,0,0,0,none,0,0,0,10499,0,0,0,52,8911.33,1
1606,5504,5512,0,5250,1,120.00500016851706,8.40193E-05,0,0,0,0,0,0,0,0,0,0,0,0,0,0,0,0,0,none,0,0,0,10553.2,0,0,0,30,13371.1,1
1607,5504,5512,0,5250,1,120.00500016851706,8.40193E-05,0,0,0,0,0,0,0,0,0,0,0,0,0,0,0,0,0,none,0,0,0,10492.3,0,0,0,44,8851.62,1
1608,5504,5512,0,5250,1,120.00500016851706,8.40193E-05,0,0,0,0,0,0,0,0,0,0,0,0,0,0,0,0,0,none,0,0,0,10698,0,0,0,91,9276.16,1
1609,5504,5512,0,5250,1,120.00500016851706,8.40193E-05,0,0,0,0,0,0,0,0,0,0,0,0,0,0,0,0,0,none,0,0,0,11778.2,0,0,0,19,9237.69,1
1610,5504,5512,0,5250,1,120.00500016851706,8.40193E-05,0,0,0,0,0,0,0,0,0,0,0,0,0,0,0,0,0,none,0,0,0,10744.3,0,0,0,20,9280.39,1
1611,5504,5512,0,5250,1,120.00500016851706,8.40193E-05,0,0,0,0,0,0,0,0,0,0,0,0,0,0,0,0,0,none,0,0,0,13101.9,0,0,0,19,9928.19,1
1612,5504,5512,0,5250,1,120.00500016851706,8.40193E-05,0,0,0,0,0,0,0,0,0,0,0,0,0,0,0,0,0,none,0,0,0,11876.7,0,0,0,19,9493.24,1
1613,5504,5512,0,5250,1,120.00500016851706,8.40193E-05,0,0,0,0,0,0,0,0,0,0,0,0,0,0,0,0,0,none,0,0,0,11681.3,0,0,0,15,10273,1
1614,5504,5512,0,5250,1,120.00500016851706,8.40193E-05,0,0,0,0,0,0,0,0,0,0,0,0,0,0,0,0,0,none,0,0,0,14317.5,0,0,0,12,9972.32,1
1615,5504,5512,0,5250,1,120.00500016851706,8.40193E-05,0,0,0,0,0,0,0,0,0,0,0,0,0,0,0,0,0,none,0,0,0,10976.5,0,0,0,16,9813.13,1
1616,5504,5512,0,5250,1,120.00500016851706,8.40193E-05,0,0,0,0,0,0,0,0,0,0,0,0,0,0,0,0,0,none,0,0,0,10356.2,0,0,0,10,23775.3,1
1617,5504,5512,0,5250,1,120.00500016851706,8.40193E-05,0,0,0,0,0,0,0,0,0,0,0,0,0,0,0,0,0,none,0,0,0,14209.6,0,0,0,14,8775.55,1
1618,5504,5512,0,5250,1,120.00500016851706,8.40193E-05,0,0,0,0,0,0,0,0,0,0,0,0,0,0,0,0,0,none,0,0,0,10328.3,0,0,0,47,8976.43,1
1619,5504,5512,0,5250,1,120.00500016851706,8.40193E-05,0,0,0,0,0,0,0,0,0,0,0,0,0,0,0,0,0,none,0,0,0,10919.3,0,0,0,23,12576.9,1
1620,5504,5512,0,5250,1,120.00500016851706,8.40193E-05,0,0,0,0,0,0,0,0,0,0,0,0,0,0,0,0,0,none,0,0,0,12827.6,0,0,0,51,9136.69,1
1621,5504,5512,0,5250,1,120.00500016851706,8.40193E-05,0,0,0,0,0,0,0,0,0,0,0,0,0,0,0,0,0,none,0,0,0,12222.2,0,0,0,10,9396.77,1
1622,5504,5512,0,5250,1,120.00500016851706,8.40193E-05,0,0,0,0,0,0,0,0,0,0,0,0,0,0,0,0,0,none,0,0,0,12772.9,0,0,0,36,14963.4,1
1623,5504,5512,0,5250,1,120.00500016851706,8.40193E-05,0,0,0,0,0,0,0,0,0,0,0,0,0,0,0,0,0,none,0,0,0,11516.4,0,0,0,14,9896.26,1
1624,5504,5512,0,5250,1,120.00500016851706,8.40193E-05,0,0,0,0,0,0,0,0,0,0,0,0,0,0,0,0,0,none,0,0,0,13256.7,0,0,0,18,10295.8,1
1625,5504,5512,0,5250,1,120.00500016851706,8.40193E-05,0,0,0,0,0,0,0,0,0,0,0,0,0,0,0,0,0,none,0,0,0,11587.8,0,0,0,11,17845.2,1
1626,5504,5512,0,5250,1,120.00500016851706,8.40193E-05,0,0,0,0,0,0,0,0,0,0,0,0,0,0,0,0,0,none,0,0,0,10651.9,0,0,0,26,10581.8,1
1627,5504,5512,0,5250,1,120.00500016851706,8.40193E-05,0,0,0,0,0,0,0,0,0,0,0,0,0,0,0,0,0,none,0,0,0,13621.3,0,0,0,24,22358.7,1
1628,5504,5512,0,5250,1,120.00500016851706,8.40193E-05,0,0,0,0,0,0,0,0,0,0,0,0,0,0,0,0,0,none,0,0,0,10236.2,0,0,0,24,9161.87,1
1629,5504,5512,0,5250,1,120.00500016851706,8.40193E-05,0,0,0,0,0,0,0,0,0,0,0,0,0,0,0,0,0,none,0,0,0,10288.3,0,0,0,25,10709,1
1630,5504,5512,0,5250,1,120.00500016851706,8.40193E-05,0,0,0,0,0,0,0,0,0,0,0,0,0,0,0,0,0,none,0,0,0,13842.9,0,0,0,16,9002.19,1
1631,5504,5512,0,5250,1,120.00500016851706,8.40193E-05,0,0,0,0,0,0,0,0,0,0,0,0,0,0,0,0,0,none,0,0,0,11543.6,0,0,0,19,9060.57,1
1632,5504,5512,0,5250,1,120.00500016851706,8.40193E-05,0,0,0,0,0,0,0,0,0,0,0,0,0,0,0,0,0,none,0,0,0,11191.2,0,0,0,83,10788.5,1
1633,5504,5512,0,5250,1,120.00500016851706,8.40193E-05,0,0,0,0,0,0,0,0,0,0,0,0,0,0,0,0,0,none,0,0,0,13975.8,0,0,0,46,9610.05,1
1634,5504,5512,0,5250,1,120.00500016851706,8.40193E-05,0,0,0,0,0,0,0,0,0,0,0,0,0,0,0,0,0,none,0,0,0,14052.5,0,0,0,13,9543.79,1
1635,5504,5512,0,5250,1,120.00500016851706,8.40193E-05,0,0,0,0,0,0,0,0,0,0,0,0,0,0,0,0,0,none,0,0,0,12267.2,0,0,0,40,10845.7,1
1636,5504,5512,0,5250,1,120.00500016851706,8.40193E-05,0,0,0,0,0,0,0,0,0,0,0,0,0,0,0,0,0,none,0,0,0,12645.5,0,0,0,12,11261.6,1
1637,5504,5512,0,5250,1,120.00500016851706,8.40193E-05,0,0,0,0,0,0,0,0,0,0,0,0,0,0,0,0,0,none,0,0,0,13951.5,0,0,0,22,10099,1
1638,5504,5512,0,5250,1,120.00500016851706,8.40193E-05,0,0,0,0,0,0,0,0,0,0,0,0,0,0,0,0,0,none,0,0,0,10340.1,0,0,0,15,10905.1,1
1639,5504,5512,0,5250,1,120.00500016851706,8.40193E-05,0,0,0,0,0,0,0,0,0,0,0,0,0,0,0,0,0,none,0,0,0,10926.4,0,0,0,20,14218.7,1
1640,5504,5512,0,5250,1,120.00500016851706,8.40193E-05,0,0,0,0,0,0,0,0,0,0,0,0,0,0,0,0,0,none,0,0,0,13352.4,0,0,0,22,8888.27,1
1641,5504,5512,0,5250,1,120.00500016851706,8.40193E-05,0,0,0,0,0,0,0,0,0,0,0,0,0,0,0,0,0,none,0,0,0,10948.1,0,0,0,8,8856.73,1
1642,5504,5512,0,5250,1,120.00500016851706,8.40193E-05,0,0,0,0,0,0,0,0,0,0,0,0,0,0,0,0,0,none,0,0,0,10353.7,0,0,0,18,15288.2,1
1643,5504,5512,0,5250,1,120.00500016851706,8.40193E-05,0,0,0,0,0,0,0,0,0,0,0,0,0,0,0,0,0,none,0,0,0,12609.5,0,0,0,12,9355.7,1
1644,5504,5512,0,5250,1,120.00500016851706,8.40193E-05,0,0,0,0,0,0,0,0,0,0,0,0,0,0,0,0,0,none,0,0,0,13458.9,0,0,0,20,9177.53,1
1645,5504,5512,0,5250,1,120.00500016851706,8.40193E-05,0,0,0,0,0,0,0,0,0,0,0,0,0,0,0,0,0,none,0,0,0,10997.4,0,0,0,16,13776.9,1
1646,5504,5512,0,5250,1,120.00500016851706,8.40193E-05,0,0,0,0,0,0,0,0,0,0,0,0,0,0,0,0,0,none,0,0,0,13156.7,0,0,0,61,10490,1
1647,5504,5512,0,5250,1,120.00500016851706,8.40193E-05,0,0,0,0,0,0,0,0,0,0,0,0,0,0,0,0,0,none,0,0,0,15656.6,0,0,0,15,9776.64,1
1648,5504,5512,0,5250,1,120.00500016851706,8.40193E-05,0,0,0,0,0,0,0,0,0,0,0,0,0,0,0,0,0,none,0,0,0,10485.5,0,0,0,54,12616.3,1
1649,5504,5512,0,5250,1,120.00500016851706,8.40193E-05,0,0,0,0,0,0,0,0,0,0,0,0,0,0,0,0,0,none,0,0,0,12423.6,0,0,0,12,18903.6,1
1650,5512,5512,0,5250,1,120.00500016851706,8.40193E-05,0,0,0,0,0,0,2,2.754723866758133E-13,0,7.0943576686116845E-15,2.6837802900720164E-13,2.6837802900720164E-13,0,0,0,0,0,none,0,0,-7.11649704659032E-15,12591.5,0,0,0,52,8813.91,1
1651,5512,5512,0,5250,1,120.00500016851706,8.40193E-05,0,0,0,0,0,0,0,0,0,0,0,0,0,0,0,0,0,none,0,0,0,10474,0,0,0,13,13248.8,1
1652,5511,5512,1,5250,1,120.00500016851706,8.40193E-05,0,1,1.4536132054484763E-09,0,0,0,0,0,0,0,0,0,0,0,1.4536132054987494E-09,0,5.0273142498829086E-20,no_compact_gain,0,0,0,10558.7,0,0,0,10,14427.6,1
1653,5511,5512,0,5250,1,120.00500016851706,8.40193E-05,0,0,0,0,0,0,0,0,0,0,0,0,0,0,0,0,0,none,0,0,0,13527.9,0,0,0,21,9209.23,1
1654,5510,5512,1,5250,1,120.00500016851706,8.40193E-05,0,1,1.6981288138638628E-10,0,0,0,0,0,0,0,0,0,0,0,1.6981288120457294E-10,0,-1.8181334221157222E-19,no_compact_gain,0,0,0,11746.3,0,0,0,13,8912.39,1
1655,5510,5512,0,5250,1,120.00500016851706,8.40193E-05,0,0,0,0,0,0,0,0,0,0,0,0,0,0,0,0,0,none,0,0,0,10558.7,0,0,0,72,19090.6,1
1656,5510,5512,0,5250,1,120.00500016851706,8.40193E-05,0,0,0,0,0,0,0,0,0,0,0,0,0,0,0,0,0,none,0,0,0,16391.9,0,0,0,20,9839.57,1
1657,5510,5512,0,5250,1,120.00500016851706,8.40193E-05,0,0,0,0,0,0,0,0,0,0,0,0,0,0,0,0,0,none,0,0,0,12590,0,0,0,17,9278.05,1
1658,5510,5512,0,5250,1,120.00500016851706,8.40193E-05,0,0,0,0,0,0,0,0,0,0,0,0,0,0,0,0,0,none,0,0,0,11225.5,0,0,0,16,14049,1
1659,5510,5512,0,5250,1,120.00500016851706,8.40193E-05,0,0,0,0,0,0,0,0,0,0,0,0,0,0,0,0,0,none,0,0,0,14234.9,0,0,0,17,10430.6,1
1660,5510,5512,0,5250,1,120.00500016851706,8.40193E-05,0,0,0,0,0,0,0,0,0,0,0,0,0,0,0,0,0,none,0,0,0,14484.7,0,0,0,15,10009,1
1661,5510,5512,0,5250,1,120.00500016851706,8.40193E-05,0,0,0,0,0,0,0,0,0,0,0,0,0,0,0,0,0,none,0,0,0,10260.7,0,0,0,48,12117.9,1
1662,5510,5512,0,5250,1,120.00500016851706,8.40193E-05,0,0,0,0,0,0,0,0,0,0,0,0,0,0,0,0,0,none,0,0,0,11862.5,0,0,0,9,11443.8,1
1663,5510,5512,0,5250,1,120.00500016851706,8.40193E-05,0,0,0,0,0,0,0,0,0,0,0,0,0,0,0,0,0,none,0,0,0,15496,0,0,0,45,9078.87,1
1664,5510,5512,0,5250,1,120.00500016851706,8.40193E-05,0,0,0,0,0,0,0,0,0,0,0,0,0,0,0,0,0,none,0,0,0,11454.9,0,0,0,10,13300.1,1
1665,5510,5512,0,5250,1,120.00500016851706,8.40193E-05,0,0,0,0,0,0,0,0,0,0,0,0,0,0,0,0,0,none,0,0,0,10353.6,0,0,0,53,14658.3,1
1666,5510,5512,0,5250,1,120.00500016851706,8.40193E-05,0,0,0,0,0,0,0,0,0,0,0,0,0,0,0,0,0,none,0,0,0,14121.8,0,0,0,8,9760.98,1
1667,5510,5512,0,5250,1,120.00500016851706,8.40193E-05,0,0,0,0,0,0,0,0,0,0,0,0,0,0,0,0,0,none,0,0,0,10621.6,0,0,0,21,8977.63,1
1668,5510,5512,0,5250,1,120.00500016851706,8.40193E-05,0,0,0,0,0,0,0,0,0,0,0,0,0,0,0,0,0,none,0,0,0,10926,0,0,0,19,12056.3,1
1669,5510,5512,0,5250,1,120.00500016851706,8.40193E-05,0,0,0,0,0,0,0,0,0,0,0,0,0,0,0,0,0,none,0,0,0,15147.3,0,0,0,15,9170.14,1
1670,5510,5512,0,5250,1,120.00500016851706,8.40193E-05,0,0,0,0,0,0,0,0,0,0,0,0,0,0,0,0,0,none,0,0,0,10539.1,0,0,0,19,9399.04,1
1671,5510,5512,0,5250,1,120.00500016851706,8.40193E-05,0,0,0,0,0,0,0,0,0,0,0,0,0,0,0,0,0,none,0,0,0,10262.1,0,0,0,19,14417.7,1
1672,5510,5512,0,5250,1,120.00500016851706,8.40193E-05,0,0,0,0,0,0,0,0,0,0,0,0,0,0,0,0,0,none,0,0,0,13644.8,0,0,0,7,9377.86,1
1673,5510,5512,0,5250,1,120.00500016851706,8.40193E-05,0,0,0,0,0,0,0,0,0,0,0,0,0,0,0,0,0,none,0,0,0,11193.8,0,0,0,21,8934.66,1
1674,5510,5512,0,5250,1,120.00500016851706,8.40193E-05,0,0,0,0,0,0,0,0,0,0,0,0,0,0,0,0,0,none,0,0,0,11216.4,0,0,0,59,12717.6,1
1675,5510,5512,0,5250,1,120.00500016851706,8.40193E-05,0,0,0,0,0,0,0,0,0,0,0,0,0,0,0,0,0,none,0,0,0,11332.9,0,0,0,13,9656.04,1
1676,5510,5512,0,5250,1,120.00500016851706,8.40193E-05,0,0,0,0,0,0,0,0,0,0,0,0,0,0,0,0,0,none,0,0,0,10941.2,0,0,0,51,9463.65,1
1677,5510,5512,0,5250,1,120.00500016851706,8.40193E-05,0,0,0,0,0,0,0,0,0,0,0,0,0,0,0,0,0,none,0,0,0,13827.3,0,0,0,9,13371.8,1
1678,5510,5512,0,5250,1,120.00500016851706,8.40193E-05,0,0,0,0,0,0,0,0,0,0,0,0,0,0,0,0,0,none,0,0,0,10288.3,0,0,0,106,10133.6,1
1679,5510,5512,0,5250,1,120.00500016851706,8.40193E-05,0,0,0,0,0,0,0,0,0,0,0,0,0,0,0,0,0,none,0,0,0,10770.2,0,0,0,15,10834.9,1
1680,5510,5512,0,5250,1,120.00500016851706,8.40193E-05,0,0,0,0,0,0,0,0,0,0,0,0,0,0,0,0,0,none,0,0,0,13434.2,0,0,0,15,9062.53,1
1681,5510,5512,0,5250,1,120.00500016851706,8.40193E-05,0,0,0,0,0,0,0,0,0,0,0,0,0,0,0,0,0,none,0,0,0,10479.4,0,0,0,11,9400.2,1
1682,5510,5512,0,5250,1,120.00500016851706,8.40193E-05,0,0,0,0,0,0,0,0,0,0,0,0,0,0,0,0,0,none,0,0,0,10694.4,0,0,0,11,11940,1
1683,5510,5512,0,5250,1,120.00500016851706,8.40193E-05,0,0,0,0,0,0,0,0,0,0,0,0,0,0,0,0,0,none,0,0,0,11993.2,0,0,0,22,8854.84,1
1684,5510,5512,0,5250,1,120.00500016851706,8.40193E-05,0,0,0,0,0,0,0,0,0,0,0,0,0,0,0,0,0,none,0,0,0,10720.1,0,0,0,32,9423.93,1
1685,5510,5512,0,5250,1,120.00500016851706,8.40193E-05,0,0,0,0,0,0,0,0,0,0,0,0,0,0,0,0,0,none,0,0,0,10666.8,0,0,0,13,35055,1
1686,5510,5512,0,5250,1,120.00500016851706,8.40193E-05,0,0,0,0,0,0,0,0,0,0,0,0,0,0,0,0,0,none,0,0,0,10946.6,0,0,0,14,9286.6,1
1687,5510,5512,0,5250,1,120.00500016851706,8.40193E-05,0,0,0,0,0,0,0,0,0,0,0,0,0,0,0,0,0,none,0,0,0,13135.6,0,0,0,12,9437.57,1
1688,5510,5512,0,5250,1,120.00500016851706,8.40193E-05,0,0,0,0,0,0,0,0,0,0,0,0,0,0,0,0,0,none,0,0,0,10658.2,0,0,0,15,15956.6,1
1689,5510,5512,0,5250,1,120.00500016851706,8.40193E-05,0,0,0,0,0,0,0,0,0,0,0,0,0,0,0,0,0,none,0,0,0,10481.2,0,0,0,54,10289.7,1
1690,5510,5512,0,5250,1,120.00500016851706,8.40193E-05,0,0,0,0,0,0,0,0,0,0,0,0,0,0,0,0,0,none,0,0,0,15345.4,0,0,0,26,8857.75,1
1691,5510,5512,0,5250,1,120.00500016851706,8.40193E-05,0,0,0,0,0,0,0,0,0,0,0,0,0,0,0,0,0,none,0,0,0,10355.9,0,0,0,52,9260.49,1
1692,5510,5512,0,5250,1,120.00500016851706,8.40193E-05,0,0,0,0,0,0,0,0,0,0,0,0,0,0,0,0,0,none,0,0,0,10826.7,0,0,0,19,15855.1,1
1693,5510,5512,0,5250,1,120.00500016851706,8.40193E-05,0,0,0,0,0,0,0,0,0,0,0,0,0,0,0,0,0,none,0,0,0,16589.4,0,0,0,59,8778.59,1
1694,5510,5512,0,5250,1,120.00500016851706,8.40193E-05,0,0,0,0,0,0,0,0,0,0,0,0,0,0,0,0,0,none,0,0,0,10336.8,0,0,0,12,9523.8,1
1695,5510,5512,0,5250,1,120.00500016851706,8.40193E-05,0,0,0,0,0,0,0,0,0,0,0,0,0,0,0,0,0,none,0,0,0,11812.8,0,0,0,7,35022.7,1
1696,5510,5512,0,5250,1,120.00500016851706,8.40193E-05,0,0,0,0,0,0,0,0,0,0,0,0,0,0,0,0,0,none,0,0,0,13466,0,0,0,15,9142.16,1
1697,5510,5512,0,5250,1,120.00500016851706,8.40193E-05,0,0,0,0,0,0,0,0,0,0,0,0,0,0,0,0,0,none,0,0,0,10690.2,0,0,0,29,9867.27,1
1698,5510,5512,0,5250,1,120.00500016851706,8.40193E-05,0,0,0,0,0,0,0,0,0,0,0,0,0,0,0,0,0,none,0,0,0,12409.9,0,0,0,14,13239.4,1
1699,5510,5512,0,5250,1,120.00500016851706,8.40193E-05,0,0,0,0,0,0,0,0,0,0,0,0,0,0,0,0,0,none,0,0,0,12945.5,0,0,0,24,9528.91,1
1700,5510,5512,0,5250,1,120.00500016851706,8.40193E-05,0,0,0,0,0,0,0,0,0,0,0,0,0,0,0,0,0,none,0,0,0,10759.2,0,0,0,15,10469.2,1
1701,5510,5512,0,5250,1,120.00500016851706,8.40193E-05,0,0,0,0,0,0,0,0,0,0,0,0,0,0,0,0,0,none,0,0,0,10552.2,0,0,0,13,15605.1,1
1702,5510,5512,0,5250,1,120.00500016851706,8.40193E-05,0,0,0,0,0,0,0,0,0,0,0,0,0,0,0,0,0,none,0,0,0,12651.5,0,0,0,80,9602.53,1
1703,5510,5512,0,5250,1,120.00500016851706,8.40193E-05,0,0,0,0,0,0,0,0,0,0,0,0,0,0,0,0,0,none,0,0,0,10919.4,0,0,0,27,8913.46,1
1704,5510,5512,0,5250,1,120.00500016851706,8.40193E-05,0,0,0,0,0,0,0,0,0,0,0,0,0,0,0,0,0,none,0,0,0,10236.3,0,0,0,41,13105.2,1
1705,5510,5512,0,5250,1,120.00500016851706,8.40193E-05,0,0,0,0,0,0,0,0,0,0,0,0,0,0,0,0,0,none,0,0,0,11394.5,0,0,0,15,9701.12,1
1706,5510,5512,0,5250,1,120.00500016851706,8.40193E-05,0,0,0,0,0,0,0,0,0,0,0,0,0,0,0,0,0,none,0,0,0,11168,0,0,0,53,9009.18,1
1707,5510,5512,0,5250,1,120.00500016851706,8.40193E-05,0,0,0,0,0,0,0,0,0,0,0,0,0,0,0,0,0,none,0,0,0,11575.6,0,0,0,9,17777.9,1
1708,5510,5512,0,5250,1,120.00500016851706,8.40193E-05,0,0,0,0,0,0,0,0,0,0,0,0,0,0,0,0,0,none,0,0,0,10594.4,0,0,0,56,9786.9,1
1709,5510,5512,0,5250,1,120.00500016851706,8.40193E-05,0,0,0,0,0,0,0,0,0,0,0,0,0,0,0,0,0,none,0,0,0,11404.5,0,0,0,13,9623.9,1
1710,5510,5512,0,5250,1,120.00500016851706,8.40193E-05,0,0,0,0,0,0,0,0,0,0,0,0,0,0,0,0,0,none,0,0,0,14241.7,0,0,0,19,9178.51,1
1711,5510,5512,0,5250,1,120.00500016851706,8.40193E-05,0,0,0,0,0,0,0,0,0,0,0,0,0,0,0,0,0,none,0,0,0,10558.3,0,0,0,23,9840.22,1
1712,5510,5512,0,5250,1,120.00500016851706,8.40193E-05,0,0,0,0,0,0,0,0,0,0,0,0,0,0,0,0,0,none,0,0,0,11568.1,0,0,0,18,11300.1,1
1713,5510,5512,0,5250,1,120.00500016851706,8.40193E-05,0,0,0,0,0,0,0,0,0,0,0,0,0,0,0,0,0,none,0,0,0,13187,0,0,0,16,9393.86,1
1714,5510,5512,0,5250,1,120.00500016851706,8.40193E-05,0,0,0,0,0,0,0,0,0,0,0,0,0,0,0,0,0,none,0,0,0,10330.6,0,0,0,15,9871.7,1
1715,5510,5512,0,5250,1,120.00500016851706,8.40193E-05,0,0,0,0,0,0,0,0,0,0,0,0,0,0,0,0,0,none,0,0,0,11672.9,0,0,0,18,13969.7,1
1716,5510,5512,0,5250,1,120.00500016851706,8.40193E-05,0,0,0,0,0,0,0,0,0,0,0,0,0,0,0,0,0,none,0,0,0,14856.9,0,0,0,29,8891.46,1
1717,5510,5512,0,5250,1,120.00500016851706,8.40193E-05,0,0,0,0,0,0,0,0,0,0,0,0,0,0,0,0,0,none,0,0,0,10932.7,0,0,0,52,9894.31,1
1718,5510,5512,0,5250,1,120.00500016851706,8.40193E-05,0,0,0,0,0,0,0,0,0,0,0,0,0,0,0,0,0,none,0,0,0,11752.4,0,0,0,15,16419.5,1
1719,5510,5512,0,5250,1,120.00500016851706,8.40193E-05,0,0,0,0,0,0,0,0,0,0,0,0,0,0,0,0,0,none,0,0,0,15732.1,0,0,0,48,9362.8,1
1720,5510,5512,0,5250,1,120.00500016851706,8.40193E-05,0,0,0,0,0,0,0,0,0,0,0,0,0,0,0,0,0,none,0,0,0,13111,0,0,0,22,9918.36,1
1721,5510,5512,0,5250,1,120.00500016851706,8.40193E-05,0,0,0,0,0,0,0,0,0,0,0,0,0,0,0,0,0,none,0,0,0,11840.3,0,0,0,51,14339.3,1
1722,5510,5512,0,5250,1,120.00500016851706,8.40193E-05,0,0,0,0,0,0,0,0,0,0,0,0,0,0,0,0,0,none,0,0,0,13064.7,0,0,0,17,10307.3,1
1723,5510,5512,0,5250,1,120.00500016851706,8.40193E-05,0,0,0,0,0,0,0,0,0,0,0,0,0,0,0,0,0,none,0,0,0,15320.1,0,0,0,16,9955.17,1
1724,5510,5512,0,5250,1,120.00500016851706,8.40193E-05,0,0,0,0,0,0,0,0,0,0,0,0,0,0,0,0,0,none,0,0,0,10703.7,0,0,0,7,16119.9,1
1725,5510,5512,0,5250,1,120.00500016851706,8.40193E-05,0,0,0,0,0,0,0,0,0,0,0,0,0,0,0,0,0,none,0,0,0,15502.8,0,0,0,73,36559.2,1
1726,5510,5512,0,5250,1,120.00500016851706,8.40193E-05,0,0,0,0,0,0,0,0,0,0,0,0,0,0,0,0,0,none,0,0,0,13399.1,0,0,0,19,8817.41,1
1727,5510,5512,0,5250,1,120.00500016851706,8.40193E-05,0,0,0,0,0,0,0,0,0,0,0,0,0,0,0,0,0,none,0,0,0,10288.2,0,0,0,12,18519.5,1
1728,5510,5512,0,5250,1,120.00500016851706,8.40193E-05,0,0,0,0,0,0,0,0,0,0,0,0,0,0,0,0,0,none,0,0,0,14255.4,0,0,0,19,14153.5,1
1729,5510,5512,0,5250,1,120.00500016851706,8.40193E-05,0,0,0,0,0,0,0,0,0,0,0,0,0,0,0,0,0,none,0,0,0,12949.3,0,0,0,18,9064.52,1
1730,5510,5512,0,5250,1,120.00500016851706,8.40193E-05,0,0,0,0,0,0,0,0,0,0,0,0,0,0,0,0,0,none,0,0,0,10479.7,0,0,0,17,17352.2,1
1731,5510,5512,0,5250,1,120.00500016851706,8.40193E-05,0,0,0,0,0,0,0,0,0,0,0,0,0,0,0,0,0,none,0,0,0,13400.3,0,0,0,12,18537.3,1
1732,5510,5512,0,5250,1,120.00500016851706,8.40193E-05,0,0,0,0,0,0,0,0,0,0,0,0,0,0,0,0,0,none,0,0,0,16783.2,0,0,0,67,9272.76,1
1733,5510,5512,0,5250,1,120.00500016851706,8.40193E-05,0,0,0,0,0,0,0,0,0,0,0,0,0,0,0,0,0,none,0,0,0,10871.5,0,0,0,9,12657.8,1
1734,5510,5512,0,5250,1,120.00500016851706,8.40193E-05,0,0,0,0,0,0,0,0,0,0,0,0,0,0,0,0,0,none,0,0,0,11196.8,0,0,0,40,13654.1,1
1735,5510,5512,0,5250,1,120.00500016851706,8.40193E-05,0,0,0,0,0,0,0,0,0,0,0,0,0,0,0,0,0,none,0,0,0,14787.4,0,0,0,36,9538.97,1
1736,5510,5512,0,5250,1,120.00500016851706,8.40193E-05,0,0,0,0,0,0,0,0,0,0,0,0,0,0,0,0,0,none,0,0,0,11881.1,0,0,0,46,14883.3,1
1737,5510,5512,0,5250,1,120.00500016851706,8.40193E-05,0,0,0,0,0,0,0,0,0,0,0,0,0,0,0,0,0,none,0,0,0,10265.3,0,0,0,20,12593.7,1
1738,5510,5512,0,5250,1,120.00500016851706,8.40193E-05,0,0,0,0,0,0,0,0,0,0,0,0,0,0,0,0,0,none,0,0,0,15786.9,0,0,0,8,9896.18,1
1739,5510,5512,0,5250,1,120.00500016851706,8.40193E-05,0,0,0,0,0,0,0,0,0,0,0,0,0,0,0,0,0,none,0,0,0,13305.8,0,0,0,22,8858.76,1
1740,5510,5512,0,5250,1,120.00500016851706,8.40193E-05,0,0,0,0,0,0,0,0,0,0,0,0,0,0,0,0,0,none,0,0,0,10358.2,0,0,0,15,12561.5,1
1741,5510,5512,0,5250,1,120.00500016851706,8.40193E-05,0,0,0,0,0,0,0,0,0,0,0,0,0,0,0,0,0,none,0,0,0,13601.8,0,0,0,25,10508.9,1
1742,5510,5512,0,5250,1,120.00500016851706,8.40193E-05,0,0,0,0,0,0,0,0,0,0,0,0,0,0,0,0,0,none,0,0,0,13939.2,0,0,0,30,9181.25,1
1743,5510,5512,0,5250,1,120.00500016851706,8.40193E-05,0,0,0,0,0,0,0,0,0,0,0,0,0,0,0,0,0,none,0,0,0,11881.5,0,0,0,14,15509.3,1
1744,5510,5512,0,5250,1,120.00500016851706,8.40193E-05,0,0,0,0,0,0,0,0,0,0,0,0,0,0,0,0,0,none,0,0,0,11882.3,0,0,0,17,10828.2,1
1745,5510,5512,0,5250,1,120.00500016851706,8.40193E-05,0,0,0,0,0,0,0,0,0,0,0,0,0,0,0,0,0,none,0,0,0,14042.7,0,0,0,20,9785.17,1
1746,5510,5512,0,5250,1,120.00500016851706,8.40193E-05,0,0,0,0,0,0,0,0,0,0,0,0,0,0,0,0,0,none,0,0,0,11335.2,0,0,0,22,15509.3,1
1747,5510,5512,0,5250,1,120.00500016851706,8.40193E-05,0,0,0,0,0,0,0,0,0,0,0,0,0,0,0,0,0,none,0,0,0,10257.4,0,0,0,42,10884.2,1
1748,5510,5512,0,5250,1,120.00500016851706,8.40193E-05,0,0,0,0,0,0,0,0,0,0,0,0,0,0,0,0,0,none,0,0,0,13998.6,0,0,0,80,11262.6,1
1749,5510,5512,0,5250,1,120.00500016851706,8.40193E-05,0,0,0,0,0,0,0,0,0,0,0,0,0,0,0,0,0,none,0,0,0,10570.1,0,0,0,38,8939.79,1
1750,5510,5512,0,5250,1,120.00500016851706,8.40193E-05,0,0,0,0,0,0,0,0,0,0,0,0,0,0,0,0,0,none,0,0,0,10545.7,0,0,0,21,10960.2,1
1751,5510,5512,0,5250,1,120.00500016851706,8.40193E-05,0,0,0,0,0,0,0,0,0,0,0,0,0,0,0,0,0,none,0,0,0,14273.4,0,0,0,6,9187.06,1
1752,5510,5512,0,5250,1,120.00500016851706,8.40193E-05,0,0,0,0,0,0,0,0,0,0,0,0,0,0,0,0,0,none,0,0,0,10580.4,0,0,0,27,8914.53,1
1753,5510,5512,0,5250,1,120.00500016851706,8.40193E-05,0,0,0,0,0,0,0,0,0,0,0,0,0,0,0,0,0,none,0,0,0,10569.8,0,0,0,24,11093.6,1
1754,5510,5512,0,5250,1,120.00500016851706,8.40193E-05,0,0,0,0,0,0,0,0,0,0,0,0,0,0,0,0,0,none,0,0,0,12641.2,0,0,0,44,9409.96,1
1755,5510,5512,0,5250,1,120.00500016851706,8.40193E-05,0,0,0,0,0,0,0,0,0,0,0,0,0,0,0,0,0,none,0,0,0,11361,0,0,0,19,9281.86,1
1756,5510,5512,0,5250,1,120.00500016851706,8.40193E-05,0,0,0,0,0,0,0,0,0,0,0,0,0,0,0,0,0,none,0,0,0,12446.7,0,0,0,14,11345.4,1
1757,5510,5512,0,5250,1,120.00500016851706,8.40193E-05,0,0,0,0,0,0,0,0,0,0,0,0,0,0,0,0,0,none,0,0,0,10460.9,0,0,0,14,9693.78,1
1758,5510,5512,0,5250,1,120.00500016851706,8.40193E-05,0,0,0,0,0,0,0,0,0,0,0,0,0,0,0,0,0,none,0,0,0,12602.2,0,0,0,8,10017.8,1
1759,5510,5512,0,5250,1,120.00500016851706,8.40193E-05,0,0,0,0,0,0,0,0,0,0,0,0,0,0,0,0,0,none,0,0,0,13729.3,0,0,0,17,8858.01,1
1760,5510,5512,0,5250,1,120.00500016851706,8.40193E-05,0,0,0,0,0,0,0,0,0,0,0,0,0,0,0,0,0,none,0,0,0,10742,0,0,0,47,10203.5,1
1761,5510,5512,0,5250,1,120.00500016851706,8.40193E-05,0,0,0,0,0,0,0,0,0,0,0,0,0,0,0,0,0,none,0,0,0,12360,0,0,0,13,12310.1,1
1762,5510,5512,0,5250,1,120.00500016851706,8.40193E-05,0,0,0,0,0,0,0,0,0,0,0,0,0,0,0,0,0,none,0,0,0,13268.3,0,0,0,42,9292.76,1
1763,5510,5512,0,5250,1,120.00500016851706,8.40193E-05,0,0,0,0,0,0,0,0,0,0,0,0,0,0,0,0,0,none,0,0,0,10348.4,0,0,0,26,10972.4,1
1764,5510,5512,0,5250,1,120.00500016851706,8.40193E-05,0,0,0,0,0,0,0,0,0,0,0,0,0,0,0,0,0,none,0,0,0,12058.6,0,0,0,46,14484.1,1
1765,5510,5512,0,5250,1,120.00500016851706,8.40193E-05,0,0,0,0,0,0,0,0,0,0,0,0,0,0,0,0,0,none,0,0,0,11849.7,0,0,0,17,8980.04,1
1766,5510,5512,0,5250,1,120.00500016851706,8.40193E-05,0,0,0,0,0,0,0,0,0,0,0,0,0,0,0,0,0,none,0,0,0,10939.3,0,0,0,19,15993.8,1
1767,5510,5512,0,5250,1,120.00500016851706,8.40193E-05,0,0,0,0,0,0,0,0,0,0,0,0,0,0,0,0,0,none,0,0,0,10931.9,0,0,0,12,14825.5,1
1768,5510,5512,0,5250,1,120.00500016851706,8.40193E-05,0,0,0,0,0,0,0,0,0,0,0,0,0,0,0,0,0,none,0,0,0,10850.7,0,0,0,16,9403.59,1
1769,5510,5512,0,5250,1,120.00500016851706,8.40193E-05,0,0,0,0,0,0,0,0,0,0,0,0,0,0,0,0,0,none,0,0,0,13121.7,0,0,0,13,8781.65,1
1770,5510,5512,0,5250,1,120.00500016851706,8.40193E-05,0,0,0,0,0,0,0,0,0,0,0,0,0,0,0,0,0,none,0,0,0,10345.9,0,0,0,20,9117.54,1
1771,5510,5512,0,5250,1,120.00500016851706,8.40193E-05,0,0,0,0,0,0,0,0,0,0,0,0,0,0,0,0,0,none,0,0,0,10480,0,0,0,17,10313.1,1
1772,5510,5512,0,5250,1,120.00500016851706,8.40193E-05,0,0,0,0,0,0,0,0,0,0,0,0,0,0,0,0,0,none,0,0,0,13891.9,0,0,0,81,9147.74,1
1773,5510,5512,0,5250,1,120.00500016851706,8.40193E-05,0,0,0,0,0,0,0,0,0,0,0,0,0,0,0,0,0,none,0,0,0,11312.5,0,0,0,26,9285.62,1
1774,5510,5512,0,5250,1,120.00500016851706,8.40193E-05,0,0,0,0,0,0,0,0,0,0,0,0,0,0,0,0,0,none,0,0,0,10918.4,0,0,0,15,13596.6,1
1775,5510,5512,0,5250,1,120.00500016851706,8.40193E-05,0,0,0,0,0,0,0,0,0,0,0,0,0,0,0,0,0,none,0,0,0,15592,0,0,0,51,9924.94,1
1776,5510,5512,0,5250,1,120.00500016851706,8.40193E-05,0,0,0,0,0,0,0,0,0,0,0,0,0,0,0,0,0,none,0,0,0,10288.1,0,0,0,13,9554.16,1
1777,5510,5512,0,5250,1,120.00500016851706,8.40193E-05,0,0,0,0,0,0,0,0,0,0,0,0,0,0,0,0,0,none,0,0,0,11517.6,0,0,0,50,13753.6,1
1778,5510,5512,0,5250,1,120.00500016851706,8.40193E-05,0,0,0,0,0,0,0,0,0,0,0,0,0,0,0,0,0,none,0,0,0,12591.1,0,0,0,13,9066.52,1
1779,5510,5512,0,5250,1,120.00500016851706,8.40193E-05,0,0,0,0,0,0,0,0,0,0,0,0,0,0,0,0,0,none,0,0,0,11359.9,0,0,0,49,9926.25,1
1780,5510,5512,0,5250,1,120.00500016851706,8.40193E-05,0,0,0,0,0,0,0,0,0,0,0,0,0,0,0,0,0,none,0,0,0,10236.2,0,0,0,25,13208.9,1
1781,5510,5512,0,5250,1,120.00500016851706,8.40193E-05,0,0,0,0,0,0,0,0,0,0,0,0,0,0,0,0,0,none,0,0,0,13828.3,0,0,0,15,9553.98,1
1782,5510,5512,0,5250,1,120.00500016851706,8.40193E-05,0,0,0,0,0,0,0,0,0,0,0,0,0,0,0,0,0,none,0,0,0,11270.9,0,0,0,14,9016.15,1
1783,5510,5512,0,5250,1,120.00500016851706,8.40193E-05,0,0,0,0,0,0,0,0,0,0,0,0,0,0,0,0,0,none,0,0,0,11607.4,0,0,0,28,16639.7,1
1784,5510,5512,0,5250,1,120.00500016851706,8.40193E-05,0,0,0,0,0,0,0,0,0,0,0,0,0,0,0,0,0,none,0,0,0,12478.4,0,0,0,12,10672.7,1
1785,5510,5512,0,5250,1,120.00500016851706,8.40193E-05,0,0,0,0,0,0,0,0,0,0,0,0,0,0,0,0,0,none,0,0,0,11013.9,0,0,0,23,9637.57,1
1786,5510,5512,0,5250,1,120.00500016851706,8.40193E-05,0,0,0,0,0,0,0,0,0,0,0,0,0,0,0,0,0,none,0,0,0,10902.5,0,0,0,10,16639.7,1
1787,5510,5512,0,5250,1,120.00500016851706,8.40193E-05,0,0,0,0,0,0,0,0,0,0,0,0,0,0,0,0,0,none,0,0,0,11276.8,0,0,0,11,13780.6,1
1788,5510,5512,0,5250,1,120.00500016851706,8.40193E-05,0,0,0,0,0,0,0,0,0,0,0,0,0,0,0,0,0,none,0,0,0,10810.7,0,0,0,55,8859.77,1
1789,5510,5512,0,5250,1,120.00500016851706,8.40193E-05,0,0,0,0,0,0,0,0,0,0,0,0,0,0,0,0,0,none,0,0,0,10360.5,0,0,0,91,12046.4,1
1790,5510,5512,0,5250,1,120.00500016851706,8.40193E-05,0,0,0,0,0,0,0,0,0,0,0,0,0,0,0,0,0,none,0,0,0,10321.6,0,0,0,40,9388.57,1
1791,5510,5512,0,5250,1,120.00500016851706,8.40193E-05,0,0,0,0,0,0,0,0,0,0,0,0,0,0,0,0,0,none,0,0,0,10710.4,0,0,0,15,9183.1,1
1792,5510,5512,0,5250,1,120.00500016851706,8.40193E-05,0,0,0,0,0,0,0,0,0,0,0,0,0,0,0,0,0,none,0,0,0,11890.8,0,0,0,61,8894.72,1
1793,5510,5512,0,5250,1,120.00500016851706,8.40193E-05,0,0,0,0,0,0,0,0,0,0,0,0,0,0,0,0,0,none,0,0,0,10605.4,0,0,0,12,9417.86,1
1794,5510,5512,0,5250,1,120.00500016851706,8.40193E-05,0,0,0,0,0,0,0,0,0,0,0,0,0,0,0,0,0,none,0,0,0,10672.4,0,0,0,26,9789.41,1
1795,5510,5512,0,5250,1,120.00500016851706,8.40193E-05,0,0,0,0,0,0,0,0,0,0,0,0,0,0,0,0,0,none,0,0,0,13773.7,0,0,0,80,9370.17,1
1796,5510,5512,0,5250,1,120.00500016851706,8.40193E-05,0,0,0,0,0,0,0,0,0,0,0,0,0,0,0,0,0,none,0,0,0,11419.6,0,0,0,11,9433.74,1
1797,5510,5512,0,5250,1,120.00500016851706,8.40193E-05,0,0,0,0,0,0,0,0,0,0,0,0,0,0,0,0,0,none,0,0,0,10659.7,0,0,0,13,11275.1,1
1798,5510,5512,0,5250,1,120.00500016851706,8.40193E-05,0,0,0,0,0,0,0,0,0,0,0,0,0,0,0,0,0,none,0,0,0,14272,0,0,0,29,9714.07,1
1799,5510,5512,0,5250,1,120.00500016851706,8.40193E-05,0,0,0,0,0,0,0,0,0,0,0,0,0,0,0,0,0,none,0,0,0,10539.4,0,0,0,16,9445.02,1
1800,5510,5512,0,5250,1,120.00500016851706,8.40193E-05,0,0,0,0,0,0,0,0,0,0,0,0,0,0,0,0,0,none,0,0,0,10657.5,0,0,0,18,14054.4,1
1801,5510,5512,0,5250,1,120.00500016851706,8.40193E-05,0,0,0,0,0,0,0,0,0,0,0,0,0,0,0,0,0,none,0,0,0,13974.8,0,0,0,8,8915.61,1
1802,5510,5512,0,5250,1,120.00500016851706,8.40193E-05,0,0,0,0,0,0,0,0,0,0,0,0,0,0,0,0,0,none,0,0,0,10575.5,0,0,0,13,8820.94,1
1803,5510,5512,0,5250,1,120.00500016851706,8.40193E-05,0,0,0,0,0,0,0,0,0,0,0,0,0,0,0,0,0,none,0,0,0,10510,0,0,0,57,11930.9,1
1804,5510,5512,0,5250,1,120.00500016851706,8.40193E-05,0,0,0,0,0,0,0,0,0,0,0,0,0,0,0,0,0,none,0,0,0,15601.1,0,0,0,83,9283.78,1
1805,5510,5512,0,5250,1,120.00500016851706,8.40193E-05,0,0,0,0,0,0,0,0,0,0,0,0,0,0,0,0,0,none,0,0,0,12458.3,0,0,0,69,9222.59,1
1806,5510,5512,0,5250,1,120.00500016851706,8.40193E-05,0,0,0,0,0,0,0,0,0,0,0,0,0,0,0,0,0,none,0,0,0,10679.2,0,0,0,16,13301.2,1
1807,5510,5512,0,5250,1,120.00500016851706,8.40193E-05,0,0,0,0,0,0,0,0,0,0,0,0,0,0,0,0,0,none,0,0,0,13540.1,0,0,0,47,10022.2,1
1808,5510,5512,0,5250,1,120.00500016851706,8.40193E-05,0,0,0,0,0,0,0,0,0,0,0,0,0,0,0,0,0,none,0,0,0,13791.3,0,0,0,16,9512.23,1
1809,5510,5512,0,5250,1,120.00500016851706,8.40193E-05,0,0,0,0,0,0,0,0,0,0,0,0,0,0,0,0,0,none,0,0,0,10729.4,0,0,0,10,18431.6,1
1810,5510,5512,0,5250,1,120.00500016851706,8.40193E-05,0,0,0,0,0,0,0,0,0,0,0,0,0,0,0,0,0,none,0,0,0,11169,0,0,0,14,11877.4,1
1811,5509,5512,0,5250,1,120.00500016851706,8.40193E-05,0,0,0,0,0,0,1,1.7204661336970504E-08,0,1.7204661336970504E-08,0,0,0,0,0,0,0,none,0,0,5.8589168938900285E-15,14484.9,0,0,0,33,9126.3,1
1812,5509,5512,0,5250,1,120.00500016851706,8.40193E-05,0,0,0,0,0,0,0,0,0,0,0,0,0,0,0,0,0,none,0,0,0,10345.9,0,0,0,22,13361.9,1
1813,5509,5512,0,5250,1,120.00500016851706,8.40193E-05,0,0,0,0,0,0,0,0,0,0,0,0,0,0,0,0,0,none,0,0,0,10270.2,0,0,0,21,14425.5,1
1814,5509,5512,0,5250,1,120.00500016851706,8.40193E-05,0,0,0,0,0,0,0,0,0,0,0,0,0,0,0,0,0,none,0,0,0,14546.1,0,0,0,31,8981.25,1
1815,5509,5512,0,5250,1,120.00500016851706,8.40193E-05,0,0,0,0,0,0,0,0,0,0,0,0,0,0,0,0,0,none,0,0,0,10946,0,0,0,13,9089.84,1
1816,5509,5512,0,5250,1,120.00500016851706,8.40193E-05,0,0,0,0,0,0,0,0,0,0,0,0,0,0,0,0,0,none,0,0,0,11960.4,0,0,0,15,15582.7,1
1817,5509,5512,0,5250,1,120.00500016851706,8.40193E-05,0,0,0,0,0,0,0,0,0,0,0,0,0,0,0,0,0,none,0,0,0,14516.5,0,0,0,29,9405.86,1
1818,5509,5512,0,5250,1,120.00500016851706,8.40193E-05,0,0,0,0,0,0,0,0,0,0,0,0,0,0,0,0,0,none,0,0,0,11335.3,0,0,0,45,9784.37,1
1819,5509,5512,0,5250,1,120.00500016851706,8.40193E-05,0,0,0,0,0,0,0,0,0,0,0,0,0,0,0,0,0,none,0,0,0,13609.3,0,0,0,145,13216.3,1
1820,5509,5512,0,5250,1,120.00500016851706,8.40193E-05,0,0,0,0,0,0,0,0,0,0,0,0,0,0,0,0,0,none,0,0,0,11851,0,0,0,48,9826.12,1
1821,5509,5512,0,5250,1,120.00500016851706,8.40193E-05,0,0,0,0,0,0,0,0,0,0,0,0,0,0,0,0,0,none,0,0,0,11523.2,0,0,0,7,11783.9,1
1822,5509,5512,0,5250,1,120.00500016851706,8.40193E-05,0,0,0,0,0,0,0,0,0,0,0,0,0,0,0,0,0,none,0,0,0,11302.4,0,0,0,38,15264.6,1
1823,5509,5512,0,5250,1,120.00500016851706,8.40193E-05,0,0,0,0,0,0,0,0,0,0,0,0,0,0,0,0,0,none,0,0,0,10253,0,0,0,21,9863.06,1
1824,5509,5512,0,5250,1,120.00500016851706,8.40193E-05,0,0,0,0,0,0,0,0,0,0,0,0,0,0,0,0,0,none,0,0,0,11643.5,0,0,0,27,11779.9,1
1825,5509,5512,0,5250,1,120.00500016851706,8.40193E-05,0,0,0,0,0,0,0,0,0,0,0,0,0,0,0,0,0,none,0,0,0,10288.2,0,0,0,20,8945.16,1
1826,5509,5512,0,5250,1,120.00500016851706,8.40193E-05,0,0,0,0,0,0,0,0,0,0,0,0,0,0,0,0,0,none,0,0,0,11270.9,0,0,0,17,9887.33,1
1827,5509,5512,0,5250,1,120.00500016851706,8.40193E-05,0,0,0,0,0,0,0,0,0,0,0,0,0,0,0,0,0,none,0,0,0,11727.5,0,0,0,23,9068.54,1
1828,5509,5512,0,5250,1,120.00500016851706,8.40193E-05,0,0,0,0,0,0,0,0,0,0,0,0,0,0,0,0,0,none,0,0,0,11219.5,0,0,0,13,9488.01,1
1829,5509,5512,0,5250,1,120.00500016851706,8.40193E-05,0,0,0,0,0,0,0,0,0,0,0,0,0,0,0,0,0,none,0,0,0,13306.8,0,0,0,16,9909.82,1
1830,5509,5512,0,5250,1,120.00500016851706,8.40193E-05,0,0,0,0,0,0,0,0,0,0,0,0,0,0,0,0,0,none,0,0,0,11808.9,0,0,0,13,9557.46,1
1831,5509,5512,0,5250,1,120.00500016851706,8.40193E-05,0,0,0,0,0,0,0,0,0,0,0,0,0,0,0,0,0,none,0,0,0,10530.7,0,0,0,48,10910.1,1
1832,5509,5512,0,5250,1,120.00500016851706,8.40193E-05,0,0,0,0,0,0,0,0,0,0,0,0,0,0,0,0,0,none,0,0,0,13048.6,0,0,0,11,9941.03,1
1833,5509,5512,0,5250,1,120.00500016851706,8.40193E-05,0,0,0,0,0,0,0,0,0,0,0,0,0,0,0,0,0,none,0,0,0,10443.5,0,0,0,45,9204.99,1
1834,5509,5512,0,5250,1,120.00500016851706,8.40193E-05,0,0,0,0,0,0,0,0,0,0,0,0,0,0,0,0,0,none,0,0,0,10633.3,0,0,0,78,15587.6,1
1835,5509,5512,0,5250,1,120.00500016851706,8.40193E-05,0,0,0,0,0,0,0,0,0,0,0,0,0,0,0,0,0,none,0,0,0,10894.5,0,0,0,49,8861.13,1
1836,5509,5512,0,5250,1,120.00500016851706,8.40193E-05,0,0,0,0,0,0,0,0,0,0,0,0,0,0,0,0,0,none,0,0,0,10763.7,0,0,0,14,9442.09,1
1837,5509,5512,0,5250,1,120.00500016851706,8.40193E-05,0,0,0,0,0,0,0,0,0,0,0,0,0,0,0,0,0,none,0,0,0,11479.1,0,0,0,22,8860.77,1
1838,5509,5512,0,5250,1,120.00500016851706,8.40193E-05,0,0,0,0,0,0,0,0,0,0,0,0,0,0,0,0,0,none,0,0,0,10362.8,0,0,0,19,9298.9,1
1839,5509,5512,0,5250,1,120.00500016851706,8.40193E-05,0,0,0,0,0,0,0,0,0,0,0,0,0,0,0,0,0,none,0,0,0,12468.9,0,0,0,15,9735.43,1
1840,5509,5512,0,5250,1,120.00500016851706,8.40193E-05,0,0,0,0,0,0,0,0,0,0,0,0,0,0,0,0,0,none,0,0,0,12774.1,0,0,0,13,9184.94,1
1841,5509,5512,0,5250,1,120.00500016851706,8.40193E-05,0,0,0,0,0,0,0,0,0,0,0,0,0,0,0,0,0,none,0,0,0,11900,0,0,0,17,10263,1
1842,5509,5512,0,5250,1,120.00500016851706,8.40193E-05,0,0,0,0,0,0,0,0,0,0,0,0,0,0,0,0,0,none,0,0,0,12948.8,0,0,0,76,10274.4,1
1843,5509,5512,0,5250,1,120.00500016851706,8.40193E-05,0,0,0,0,0,0,0,0,0,0,0,0,0,0,0,0,0,none,0,0,0,10909.7,0,0,0,29,9793.64,1
1844,5509,5512,0,5250,1,120.00500016851706,8.40193E-05,0,0,0,0,0,0,0,0,0,0,0,0,0,0,0,0,0,none,0,0,0,13097.5,0,0,0,17,10467,1
1845,5509,5512,0,5250,1,120.00500016851706,8.40193E-05,0,0,0,0,0,0,0,0,0,0,0,0,0,0,0,0,0,none,0,0,0,12369.5,0,0,0,16,8784.72,1
1846,5509,5512,0,5250,1,120.00500016851706,8.40193E-05,0,0,0,0,0,0,0,0,0,0,0,0,0,0,0,0,0,none,0,0,0,10355.5,0,0,0,46,11287.6,1
1847,5509,5512,0,5250,1,120.00500016851706,8.40193E-05,0,0,0,0,0,0,0,0,0,0,0,0,0,0,0,0,0,none,0,0,0,11713.6,0,0,0,17,10633.8,1
1848,5509,5512,0,5250,1,120.00500016851706,8.40193E-05,0,0,0,0,0,0,0,0,0,0,0,0,0,0,0,0,0,none,0,0,0,10533.2,0,0,0,44,9153.43,1
1849,5509,5512,0,5250,1,120.00500016851706,8.40193E-05,0,0,0,0,0,0,0,0,0,0,0,0,0,0,0,0,0,none,0,0,0,12323.2,0,0,0,77,32492.2,1
1850,5509,5512,0,5250,1,120.00500016851706,8.40193E-05,0,0,0,0,0,0,0,0,0,0,0,0,0,0,0,0,0,none,0,0,0,10763.9,0,0,0,50,8916.69,1
1851,5509,5512,0,5250,1,120.00500016851706,8.40193E-05,0,0,0,0,0,0,0,0,0,0,0,0,0,0,0,0,0,none,0,0,0,10581.3,0,0,0,14,9939.9,1
1852,5509,5512,0,5250,1,120.00500016851706,8.40193E-05,0,0,0,0,0,0,0,0,0,0,0,0,0,0,0,0,0,none,0,0,0,14110.5,0,0,0,15,9134.85,1
1853,5509,5512,0,5250,1,120.00500016851706,8.40193E-05,0,0,0,0,0,0,0,0,0,0,0,0,0,0,0,0,0,none,0,0,0,10487.8,0,0,0,12,9285.72,1
1854,5509,5512,0,5250,1,120.00500016851706,8.40193E-05,0,0,0,0,0,0,0,0,0,0,0,0,0,0,0,0,0,none,0,0,0,12470.1,0,0,0,19,12641.6,1
1855,5509,5512,0,5250,1,120.00500016851706,8.40193E-05,0,0,0,0,0,0,0,0,0,0,0,0,0,0,0,0,0,none,0,0,0,13567.4,0,0,0,9,9313.06,1
1856,5509,5512,0,5250,1,120.00500016851706,8.40193E-05,0,0,0,0,0,0,0,0,0,0,0,0,0,0,0,0,0,none,0,0,0,10236.7,0,0,0,21,10026.7,1
1857,5509,5512,0,5250,1,120.00500016851706,8.40193E-05,0,0,0,0,0,0,0,0,0,0,0,0,0,0,0,0,0,none,0,0,0,12831.4,0,0,0,11,16197.7,1
1858,5509,5512,0,5250,1,120.00500016851706,8.40193E-05,0,0,0,0,0,0,0,0,0,0,0,0,0,0,0,0,0,none,0,0,0,11818,0,0,0,23,9023.07,1
1859,5509,5512,0,5250,1,120.00500016851706,8.40193E-05,0,0,0,0,0,0,0,0,0,0,0,0,0,0,0,0,0,none,0,0,0,11639,0,0,0,25,10931.6,1
1860,5509,5512,0,5250,1,120.00500016851706,8.40193E-05,0,0,0,0,0,0,0,0,0,0,0,0,0,0,0,0,0,none,0,0,0,14223.3,0,0,0,23,18575.3,1
1861,5509,5512,0,5250,1,120.00500016851706,8.40193E-05,0,0,0,0,0,0,0,0,0,0,0,0,0,0,0,0,0,none,0,0,0,10343.4,0,0,0,49,9651.02,1
1862,5509,5512,0,5250,1,120.00500016851706,8.40193E-05,0,0,0,0,0,0,0,0,0,0,0,0,0,0,0,0,0,none,0,0,0,13545.8,0,0,0,20,11041.1,1
1863,5509,5512,0,5250,1,120.00500016851706,8.40193E-05,0,0,0,0,0,0,0,0,0,0,0,0,0,0,0,0,0,none,0,0,0,12162,0,0,0,37,8982.47,1
1864,5509,5512,0,5250,1,120.00500016851706,8.40193E-05,0,0,0,0,0,0,0,0,0,0,0,0,0,0,0,0,0,none,0,0,0,10952.7,0,0,0,86,10636.8,1
1865,5509,5512,0,5250,1,120.00500016851706,8.40193E-05,0,0,0,0,0,0,0,0,0,0,0,0,0,0,0,0,0,none,0,0,0,14884.8,0,0,0,75,11246.5,1
1866,5509,5512,0,5250,1,120.00500016851706,8.40193E-05,0,0,0,0,0,0,0,0,0,0,0,0,0,0,0,0,0,none,0,0,0,10313.3,0,0,0,15,9408.14,1
1867,5509,5512,0,5250,1,120.00500016851706,8.40193E-05,0,0,0,0,0,0,0,0,0,0,0,0,0,0,0,0,0,none,0,0,0,12967.4,0,0,0,26,11922.9,1
1868,5509,5512,0,5250,1,120.00500016851706,8.40193E-05,0,0,0,0,0,0,0,0,0,0,0,0,0,0,0,0,0,none,0,0,0,13349.1,0,0,0,17,8898.08,1
1869,5509,5512,0,5250,1,120.00500016851706,8.40193E-05,0,0,0,0,0,0,0,0,0,0,0,0,0,0,0,0,0,none,0,0,0,11009.6,0,0,0,24,10324.6,1
1870,5509,5512,0,5250,1,120.00500016851706,8.40193E-05,0,0,0,0,0,0,0,0,0,0,0,0,0,0,0,0,0,none,0,0,0,12484.9,0,0,0,11,16331.1,1
1871,5509,5512,0,5250,1,120.00500016851706,8.40193E-05,0,0,0,0,0,0,0,0,0,0,0,0,0,0,0,0,0,none,0,0,0,11292.3,0,0,0,17,9377.82,1
1872,5509,5512,0,5250,1,120.00500016851706,8.40193E-05,0,0,0,0,0,0,0,0,0,0,0,0,0,0,0,0,0,none,0,0,0,10515.3,0,0,0,20,15251.3,1
1873,5509,5512,0,5250,1,120.00500016851706,8.40193E-05,0,0,0,0,0,0,0,0,0,0,0,0,0,0,0,0,0,none,0,0,0,12134.1,0,0,0,9,59747.4,1
1874,5509,5512,0,5250,1,120.00500016851706,8.40193E-05,0,0,0,0,0,0,0,0,0,0,0,0,0,0,0,0,0,none,0,0,0,10288.2,0,0,0,45,9214.5,1
1875,5509,5512,0,5250,1,120.00500016851706,8.40193E-05,0,0,0,0,0,0,0,0,0,0,0,0,0,0,0,0,0,none,0,0,0,10664.1,0,0,0,18,12374.2,1
1876,5509,5512,0,5250,1,120.00500016851706,8.40193E-05,0,0,0,0,0,0,0,0,0,0,0,0,0,0,0,0,0,none,0,0,0,10655.2,0,0,0,50,9070.57,1
1877,5509,5512,0,5250,1,120.00500016851706,8.40193E-05,0,0,0,0,0,0,0,0,0,0,0,0,0,0,0,0,0,none,0,0,0,11377.6,0,0,0,16,9457.97,1
1878,5509,5512,0,5250,1,120.00500016851706,8.40193E-05,0,0,0,0,0,0,0,0,0,0,0,0,0,0,0,0,0,none,0,0,0,11539.8,0,0,0,58,8824.48,1
1879,5509,5512,0,5250,1,120.00500016851706,8.40193E-05,0,0,0,0,0,0,0,0,0,0,0,0,0,0,0,0,0,none,0,0,0,10529.2,0,0,0,89,9560.98,1
1880,5509,5512,0,5250,1,120.00500016851706,8.40193E-05,0,0,0,0,0,0,0,0,0,0,0,0,0,0,0,0,0,none,0,0,0,13695.9,0,0,0,14,9757.91,1
1881,5509,5512,0,5250,1,120.00500016851706,8.40193E-05,0,0,0,0,0,0,0,0,0,0,0,0,0,0,0,0,0,none,0,0,0,12860.6,0,0,0,31,9229.27,1
1882,5509,5512,0,5250,1,120.00500016851706,8.40193E-05,0,0,0,0,0,0,0,0,0,0,0,0,0,0,0,0,0,none,0,0,0,11730.2,0,0,0,13,10688.6,1
1883,5509,5512,0,5250,1,120.00500016851706,8.40193E-05,0,0,0,0,0,0,0,0,0,0,0,0,0,0,0,0,0,none,0,0,0,13421.5,0,0,0,12,10310.3,1
1884,5509,5512,0,5250,1,120.00500016851706,8.40193E-05,0,0,0,0,0,0,0,0,0,0,0,0,0,0,0,0,0,none,0,0,0,10886.5,0,0,0,14,10139.3,1
1885,5509,5512,0,5250,1,120.00500016851706,8.40193E-05,0,0,0,0,0,0,0,0,0,0,0,0,0,0,0,0,0,none,0,0,0,11646.7,0,0,0,11,17631.6,1
1886,5509,5512,0,5250,1,120.00500016851706,8.40193E-05,0,0,0,0,0,0,0,0,0,0,0,0,0,0,0,0,0,none,0,0,0,11142.2,0,0,0,20,8861.77,1
1887,5509,5512,0,5250,1,120.00500016851706,8.40193E-05,0,0,0,0,0,0,0,0,0,0,0,0,0,0,0,0,0,none,0,0,0,10365.2,0,0,0,18,16714.1,1
1888,5509,5512,0,5250,1,120.00500016851706,8.40193E-05,0,0,0,0,0,0,0,0,0,0,0,0,0,0,0,0,0,none,0,0,0,11528.1,0,0,0,7,19320.5,1
1889,5509,5512,0,5250,1,120.00500016851706,8.40193E-05,0,0,0,0,0,0,0,0,0,0,0,0,0,0,0,0,0,none,0,0,0,10275.4,0,0,0,111,9186.77,1
1890,5509,5512,0,5250,1,120.00500016851706,8.40193E-05,0,0,0,0,0,0,0,0,0,0,0,0,0,0,0,0,0,none,0,0,0,11909.3,0,0,0,18,13373.7,1
1891,5508,5512,1,5250,1,120.00500016851706,8.40193E-05,0,1,1.609867356019834E-09,0,0,0,0,0,0,0,0,0,0,0,1.6098673560134731E-09,0,-6.3608121153796446E-21,no_compact_gain,0,0,0,10724.5,0,0,0,50,9095.18,1
1892,5508,5512,0,5250,1,120.00500016851706,8.40193E-05,0,0,0,0,0,0,0,0,0,0,0,0,0,0,0,0,0,none,0,0,0,11988.5,0,0,0,17,9797.85,1
1893,5508,5512,0,5250,1,120.00500016851706,8.40193E-05,0,0,0,0,0,0,0,0,0,0,0,0,0,0,0,0,0,none,0,0,0,14285.1,0,0,0,45,9143.24,1
1894,5508,5512,0,5250,1,120.00500016851706,8.40193E-05,0,0,0,0,0,0,0,0,0,0,0,0,0,0,0,0,0,none,0,0,0,10495.5,0,0,0,88,9796.13,1
1895,5508,5512,0,5250,1,120.00500016851706,8.40193E-05,0,0,0,0,0,0,0,0,0,0,0,0,0,0,0,0,0,none,0,0,0,14656.9,0,0,0,16,11300.2,1
1896,5508,5512,0,5250,1,120.00500016851706,8.40193E-05,0,0,0,0,0,0,0,0,0,0,0,0,0,0,0,0,0,none,0,0,0,11819.2,0,0,0,22,9327.58,1
1897,5508,5512,0,5250,1,120.00500016851706,8.40193E-05,0,0,0,0,0,0,0,0,0,0,0,0,0,0,0,0,0,none,0,0,0,10527.1,0,0,0,8,11824.5,1
1898,5508,5512,0,5250,1,120.00500016851706,8.40193E-05,0,0,0,0,0,0,0,0,0,0,0,0,0,0,0,0,0,none,0,0,0,13327.3,0,0,0,24,14265.8,1
1899,5508,5512,0,5250,1,120.00500016851706,8.40193E-05,0,0,0,0,0,0,0,0,0,0,0,0,0,0,0,0,0,none,0,0,0,10249.1,0,0,0,13,8917.78,1
1900,5508,5512,0,5250,1,120.00500016851706,8.40193E-05,0,0,0,0,0,0,0,0,0,0,0,0,0,0,0,0,0,none,0,0,0,10587.1,0,0,0,29,15398.6,1
1901,5508,5512,0,5250,1,120.00500016851706,8.40193E-05,0,0,0,0,0,0,0,0,0,0,0,0,0,0,0,0,0,none,0,0,0,14520.7,0,0,0,15,8950.78,1
1902,5508,5512,0,5250,1,120.00500016851706,8.40193E-05,0,0,0,0,0,0,0,0,0,0,0,0,0,0,0,0,0,none,0,0,0,11299.3,0,0,0,30,9287.66,1
1903,5508,5512,0,5250,1,120.00500016851706,8.40193E-05,0,0,0,0,0,0,0,0,0,0,0,0,0,0,0,0,0,none,0,0,0,10680.1,0,0,0,23,12097.4,1
1904,5508,5512,0,5250,1,120.00500016851706,8.40193E-05,0,0,0,0,0,0,0,0,0,0,0,0,0,0,0,0,0,none,0,0,0,13679.2,0,0,0,53,9500.83,1
1905,5508,5512,0,5250,1,120.00500016851706,8.40193E-05,0,0,0,0,0,0,0,0,0,0,0,0,0,0,0,0,0,none,0,0,0,13932.2,0,0,0,20,9429.45,1
1906,5508,5512,0,5250,1,120.00500016851706,8.40193E-05,0,0,0,0,0,0,0,0,0,0,0,0,0,0,0,0,0,none,0,0,0,10662.1,0,0,0,47,14029.4,1
1907,5508,5512,0,5250,1,120.00500016851706,8.40193E-05,0,0,0,0,0,0,0,0,0,0,0,0,0,0,0,0,0,none,0,0,0,11806.8,0,0,0,12,10948.9,1
1908,5508,5512,0,5250,1,120.00500016851706,8.40193E-05,0,0,0,0,0,0,0,0,0,0,0,0,0,0,0,0,0,none,0,0,0,14326,0,0,0,17,9441.5,1
1909,5508,5512,0,5250,1,120.00500016851706,8.40193E-05,0,0,0,0,0,0,0,0,0,0,0,0,0,0,0,0,0,none,0,0,0,10427.1,0,0,0,87,16191.6,1
1910,5508,5512,0,5250,1,120.00500016851706,8.40193E-05,0,0,0,0,0,0,0,0,0,0,0,0,0,0,0,0,0,none,0,0,0,10341,0,0,0,14,12036.5,1
1911,5508,5512,0,5250,1,120.00500016851706,8.40193E-05,0,0,0,0,0,0,0,0,0,0,0,0,0,0,0,0,0,none,0,0,0,13353.6,0,0,0,19,8864.21,1
1912,5508,5512,0,5250,1,120.00500016851706,8.40193E-05,0,0,0,0,0,0,0,0,0,0,0,0,0,0,0,0,0,none,0,0,0,10659.4,0,0,0,79,8983.69,1
1913,5508,5512,0,5250,1,120.00500016851706,8.40193E-05,0,0,0,0,0,0,0,0,0,0,0,0,0,0,0,0,0,none,0,0,0,10502.8,0,0,0,25,15911.5,1
1914,5508,5512,0,5250,1,120.00500016851706,8.40193E-05,0,0,0,0,0,0,0,0,0,0,0,0,0,0,0,0,0,none,0,0,0,15769.8,0,0,0,10,9305.03,1
1915,5508,5512,0,5250,1,120.00500016851706,8.40193E-05,0,0,0,0,0,0,0,0,0,0,0,0,0,0,0,0,0,none,0,0,0,10671.3,0,0,0,15,9224.45,1
1916,5508,5512,0,5250,1,120.00500016851706,8.40193E-05,0,0,0,0,0,0,0,0,0,0,0,0,0,0,0,0,0,none,0,0,0,10697.8,0,0,0,7,13599.6,1
1917,5508,5512,0,5250,1,120.00500016851706,8.40193E-05,0,0,0,0,0,0,0,0,0,0,0,0,0,0,0,0,0,none,0,0,0,13585.9,0,0,0,54,9498.45,1
1918,5508,5512,0,5250,1,120.00500016851706,8.40193E-05,0,0,0,0,0,0,0,0,0,0,0,0,0,0,0,0,0,none,0,0,0,10707.4,0,0,0,16,9473.69,1
1919,5508,5512,0,5250,1,120.00500016851706,8.40193E-05,0,0,0,0,0,0,0,0,0,0,0,0,0,0,0,0,0,none,0,0,0,10887.4,0,0,0,44,13481.8,1
1920,5508,5512,0,5250,1,120.00500016851706,8.40193E-05,0,0,0,0,0,0,0,0,0,0,0,0,0,0,0,0,0,none,0,0,0,11282.4,0,0,0,21,9551.1,1
1921,5508,5512,0,5250,1,120.00500016851706,8.40193E-05,0,0,0,0,0,0,0,0,0,0,0,0,0,0,0,0,0,none,0,0,0,10803.4,0,0,0,56,8787.81,1
1922,5508,5512,0,5250,1,120.00500016851706,8.40193E-05,0,0,0,0,0,0,0,0,0,0,0,0,0,0,0,0,0,none,0,0,0,10365.8,0,0,0,15,13209.5,1
1923,5508,5512,0,5250,1,120.00500016851706,8.40193E-05,0,0,0,0,0,0,0,0,0,0,0,0,0,0,0,0,0,none,0,0,0,10288.3,0,0,0,14,9636.15,1
1924,5508,5512,0,5250,1,120.00500016851706,8.40193E-05,0,0,0,0,0,0,0,0,0,0,0,0,0,0,0,0,0,none,0,0,0,11001.5,0,0,0,86,9159.24,1
1925,5508,5512,0,5250,1,120.00500016851706,8.40193E-05,0,0,0,0,0,0,0,0,0,0,0,0,0,0,0,0,0,none,0,0,0,12359,0,0,0,13,9072.62,1
1926,5508,5512,0,5250,1,120.00500016851706,8.40193E-05,0,0,0,0,0,0,0,0,0,0,0,0,0,0,0,0,0,none,0,0,0,11386.5,0,0,0,17,9735.02,1
1927,5508,5512,0,5250,1,120.00500016851706,8.40193E-05,0,0,0,0,0,0,0,0,0,0,0,0,0,0,0,0,0,none,0,0,0,11258.6,0,0,0,13,9955.25,1
1928,5508,5512,0,5250,1,120.00500016851706,8.40193E-05,0,0,0,0,0,0,0,0,0,0,0,0,0,0,0,0,0,none,0,0,0,14479.2,0,0,0,12,9564.54,1
1929,5508,5512,0,5250,1,120.00500016851706,8.40193E-05,0,0,0,0,0,0,0,0,0,0,0,0,0,0,0,0,0,none,0,0,0,11447.8,0,0,0,22,9809.25,1
1930,5508,5512,0,5250,1,120.00500016851706,8.40193E-05,0,0,0,0,0,0,0,0,0,0,0,0,0,0,0,0,0,none,0,0,0,11471.1,0,0,0,13,13262.2,1
1931,5508,5512,0,5250,1,120.00500016851706,8.40193E-05,0,0,0,0,0,0,0,0,0,0,0,0,0,0,0,0,0,none,0,0,0,16105.7,0,0,0,22,10696.6,1
1932,5508,5512,0,5250,1,120.00500016851706,8.40193E-05,0,0,0,0,0,0,0,0,0,0,0,0,0,0,0,0,0,none,0,0,0,10237.6,0,0,0,65,9853.13,1
1933,5508,5512,0,5250,1,120.00500016851706,8.40193E-05,0,0,0,0,0,0,0,0,0,0,0,0,0,0,0,0,0,none,0,0,0,10878.5,0,0,0,25,13337,1
1934,5508,5512,0,5250,1,120.00500016851706,8.40193E-05,0,0,0,0,0,0,0,0,0,0,0,0,0,0,0,0,0,none,0,0,0,12874,0,0,0,48,9029.91,1
1935,5508,5512,0,5250,1,120.00500016851706,8.40193E-05,0,0,0,0,0,0,0,0,0,0,0,0,0,0,0,0,0,none,0,0,0,10505.8,0,0,0,74,8862.76,1
1936,5508,5512,0,5250,1,120.00500016851706,8.40193E-05,0,0,0,0,0,0,0,0,0,0,0,0,0,0,0,0,0,none,0,0,0,10367.6,0,0,0,41,15175.2,1
1937,5508,5512,0,5250,1,120.00500016851706,8.40193E-05,0,0,0,0,0,0,0,0,0,0,0,0,0,0,0,0,0,none,0,0,0,13632.7,0,0,0,13,9342.59,1
1938,5508,5512,0,5250,1,120.00500016851706,8.40193E-05,0,0,0,0,0,0,0,0,0,0,0,0,0,0,0,0,0,none,0,0,0,11122.5,0,0,0,21,9188.59,1
1939,5508,5512,0,5250,1,120.00500016851706,8.40193E-05,0,0,0,0,0,0,0,0,0,0,0,0,0,0,0,0,0,none,0,0,0,11780.8,0,0,0,70,32383.9,1
1940,5508,5512,0,5250,1,120.00500016851706,8.40193E-05,0,0,0,0,0,0,0,0,0,0,0,0,0,0,0,0,0,none,0,0,0,14713.4,0,0,0,19,9617.11,1
1941,5508,5512,0,5250,1,120.00500016851706,8.40193E-05,0,0,0,0,0,0,0,0,0,0,0,0,0,0,0,0,0,none,0,0,0,12251.2,0,0,0,22,9802.05,1
1942,5508,5512,0,5250,1,120.00500016851706,8.40193E-05,0,0,0,0,0,0,0,0,0,0,0,0,0,0,0,0,0,none,0,0,0,10305.4,0,0,0,20,14059.9,1
1943,5508,5512,0,5250,1,120.00500016851706,8.40193E-05,0,0,0,0,0,0,0,0,0,0,0,0,0,0,0,0,0,none,0,0,0,12343.1,0,0,0,15,10056,1
1944,5508,5512,0,5250,1,120.00500016851706,8.40193E-05,0,0,0,0,0,0,0,0,0,0,0,0,0,0,0,0,0,none,0,0,0,13699.6,0,0,0,18,8901.55,1
1945,5508,5512,0,5250,1,120.00500016851706,8.40193E-05,0,0,0,0,0,0,0,0,0,0,0,0,0,0,0,0,0,none,0,0,0,11030.7,0,0,0,54,11772.4,1
1946,5508,5512,0,5250,1,120.00500016851706,8.40193E-05,0,0,0,0,0,0,0,0,0,0,0,0,0,0,0,0,0,none,0,0,0,10521.1,0,0,0,11,10732.2,1
1947,5507,5512,0,5250,1,120.00500016851706,8.40193E-05,0,0,0,0,0,0,1,6.1006106619033055E-09,0,6.1006106619033055E-09,0,0,0,0,0,0,0,none,0,0,-9.791349908279154E-15,15050.6,0,0,0,63,9385.81,1
1948,5507,5512,0,5250,1,120.00500016851706,8.40193E-05,0,0,0,0,0,0,0,0,0,0,0,0,0,0,0,0,0,none,0,0,0,12150.9,0,0,0,12,8918.87,1
1949,5507,5512,0,5250,1,120.00500016851706,8.40193E-05,0,0,0,0,0,0,0,0,0,0,0,0,0,0,0,0,0,none,0,0,0,10593,0,0,0,50,12134.9,1
1950,5507,5512,0,5250,1,120.00500016851706,8.40193E-05,0,0,0,0,0,0,0,0,0,0,0,0,0,0,0,0,0,none,0,0,0,13283.5,0,0,0,13,10202.1,1
1951,5507,5512,0,5250,1,120.00500016851706,8.40193E-05,0,0,0,0,0,0,0,0,0,0,0,0,0,0,0,0,0,none,0,0,0,11054,0,0,0,27,9289.62,1
1952,5507,5512,0,5250,1,120.00500016851706,8.40193E-05,0,0,0,0,0,0,0,0,0,0,0,0,0,0,0,0,0,none,0,0,0,10631,0,0,0,9,17068.1,1
1953,5507,5512,0,5250,1,120.00500016851706,8.40193E-05,0,0,0,0,0,0,0,0,0,0,0,0,0,0,0,0,0,none,0,0,0,14161.9,0,0,0,14,10402,1
1954,5507,5512,0,5250,1,120.00500016851706,8.40193E-05,0,0,0,0,0,0,0,0,0,0,0,0,0,0,0,0,0,none,0,0,0,10493,0,0,0,86,8828.03,1
1955,5507,5512,0,5250,1,120.00500016851706,8.40193E-05,0,0,0,0,0,0,0,0,0,0,0,0,0,0,0,0,0,none,0,0,0,10549,0,0,0,13,14433.4,1
1956,5507,5512,0,5250,1,120.00500016851706,8.40193E-05,0,0,0,0,0,0,0,0,0,0,0,0,0,0,0,0,0,none,0,0,0,11795.6,0,0,0,13,9234.89,1
1957,5507,5512,0,5250,1,120.00500016851706,8.40193E-05,0,0,0,0,0,0,0,0,0,0,0,0,0,0,0,0,0,none,0,0,0,10734.3,0,0,0,19,9235.93,1
1958,5507,5512,0,5250,1,120.00500016851706,8.40193E-05,0,0,0,0,0,0,0,0,0,0,0,0,0,0,0,0,0,none,0,0,0,12841.2,0,0,0,19,14913.8,1
1959,5507,5512,0,5250,1,120.00500016851706,8.40193E-05,0,0,0,0,0,0,0,0,0,0,0,0,0,0,0,0,0,none,0,0,0,10338.6,0,0,0,81,9489.23,1
1960,5507,5512,0,5250,1,120.00500016851706,8.40193E-05,0,0,0,0,0,0,0,0,0,0,0,0,0,0,0,0,0,none,0,0,0,11664.7,0,0,0,43,10156.5,1
1961,5507,5512,0,5250,1,120.00500016851706,8.40193E-05,0,0,0,0,0,0,0,0,0,0,0,0,0,0,0,0,0,none,0,0,0,13254,0,0,0,21,8984.91,1
1962,5507,5512,0,5250,1,120.00500016851706,8.40193E-05,0,0,0,0,0,0,0,0,0,0,0,0,0,0,0,0,0,none,0,0,0,10966.1,0,0,0,51,9806.45,1
1963,5507,5512,0,5250,1,120.00500016851706,8.40193E-05,0,0,0,0,0,0,0,0,0,0,0,0,0,0,0,0,0,none,0,0,0,13032.6,0,0,0,11,17255,1
1964,5507,5512,0,5250,1,120.00500016851706,8.40193E-05,0,0,0,0,0,0,0,0,0,0,0,0,0,0,0,0,0,none,0,0,0,13025.3,0,0,0,47,9412.71,1
1965,5507,5512,0,5250,1,120.00500016851706,8.40193E-05,0,0,0,0,0,0,0,0,0,0,0,0,0,0,0,0,0,none,0,0,0,10280.9,0,0,0,11,10383.3,1
1966,5507,5512,0,5250,1,120.00500016851706,8.40193E-05,0,0,0,0,0,0,0,0,0,0,0,0,0,0,0,0,0,none,0,0,0,13574.2,0,0,0,8,15606.8,1
1967,5507,5512,0,5250,1,120.00500016851706,8.40193E-05,0,0,0,0,0,0,0,0,0,0,0,0,0,0,0,0,0,none,0,0,0,12834.5,0,0,0,22,9100.45,1
1968,5507,5512,0,5250,1,120.00500016851706,8.40193E-05,0,0,0,0,0,0,0,0,0,0,0,0,0,0,0,0,0,none,0,0,0,12016.6,0,0,0,21,10907.3,1
1969,5507,5512,0,5250,1,120.00500016851706,8.40193E-05,0,0,0,0,0,0,0,0,0,0,0,0,0,0,0,0,0,none,0,0,0,11272.5,0,0,0,84,13649.6,1
1970,5507,5512,0,5250,1,120.00500016851706,8.40193E-05,0,0,0,0,0,0,0,0,0,0,0,0,0,0,0,0,0,none,0,0,0,11521.3,0,0,0,29,9807.99,1
1971,5507,5512,0,5250,1,120.00500016851706,8.40193E-05,0,0,0,0,0,0,0,0,0,0,0,0,0,0,0,0,0,none,0,0,0,12914.1,0,0,0,20,10998.4,1
1972,5507,5512,0,5250,1,120.00500016851706,8.40193E-05,0,0,0,0,0,0,0,0,0,0,0,0,0,0,0,0,0,none,0,0,0,10288.5,0,0,0,5,17534.9,1
1973,5507,5512,0,5250,1,120.00500016851706,8.40193E-05,0,0,0,0,0,0,0,0,0,0,0,0,0,0,0,0,0,none,0,0,0,10654.4,0,0,0,18,15467.1,1
1974,5507,5512,0,5250,1,120.00500016851706,8.40193E-05,0,0,0,0,0,0,0,0,0,0,0,0,0,0,0,0,0,none,0,0,0,13267,0,0,0,23,9074.68,1
1975,5507,5512,0,5250,1,120.00500016851706,8.40193E-05,0,0,0,0,0,0,0,0,0,0,0,0,0,0,0,0,0,none,0,0,0,10245.6,0,0,0,52,9159.73,1
1976,5507,5512,0,5250,1,120.00500016851706,8.40193E-05,0,0,0,0,0,0,0,0,0,0,0,0,0,0,0,0,0,none,0,0,0,10518.8,0,0,0,7,15467.1,1
1977,5507,5512,0,5250,1,120.00500016851706,8.40193E-05,0,0,0,0,0,0,0,0,0,0,0,0,0,0,0,0,0,none,0,0,0,15621.9,0,0,0,49,8956.64,1
1978,5507,5512,0,5250,1,120.00500016851706,8.40193E-05,0,0,0,0,0,0,0,0,0,0,0,0,0,0,0,0,0,none,0,0,0,11328.4,0,0,0,15,9358,1
1979,5507,5512,0,5250,1,120.00500016851706,8.40193E-05,0,0,0,0,0,0,0,0,0,0,0,0,0,0,0,0,0,none,0,0,0,11176.9,0,0,0,41,15380.4,1
1980,5507,5512,0,5250,1,120.00500016851706,8.40193E-05,0,0,0,0,0,0,0,0,0,0,0,0,0,0,0,0,0,none,0,0,0,13982.8,0,0,0,19,9514.02,1
1981,5507,5512,0,5250,1,120.00500016851706,8.40193E-05,0,0,0,0,0,0,0,0,0,0,0,0,0,0,0,0,0,none,0,0,0,13967.7,0,0,0,19,9633.92,1
1982,5506,5512,0,5250,1,120.00500016851706,8.40193E-05,0,0,0,0,0,0,1,5.740920480880038E-09,0,5.740920480880038E-09,0,0,0,0,0,0,0,none,0,0,5.182178017338616E-15,10870.5,0,0,0,83,12531,1
1983,5506,5512,0,5250,1,120.00500016851706,8.40193E-05,0,0,0,0,0,0,0,0,0,0,0,0,0,0,0,0,0,none,0,0,0,13870.9,0,0,0,14,10988.2,1
1984,5506,5512,0,5250,1,120.00500016851706,8.40193E-05,0,0,0,0,0,0,0,0,0,0,0,0,0,0,0,0,0,none,0,0,0,13843.1,0,0,0,89,8863.75,1
1985,5506,5512,0,5250,1,120.00500016851706,8.40193E-05,0,0,0,0,0,0,0,0,0,0,0,0,0,0,0,0,0,none,0,0,0,10370,0,0,0,6,16298.3,1
1986,5506,5512,0,5250,1,120.00500016851706,8.40193E-05,0,0,0,0,0,0,0,0,0,0,0,0,0,0,0,0,0,none,0,0,0,13521.4,0,0,0,9,19515.2,1
1987,5506,5512,0,5250,1,120.00500016851706,8.40193E-05,0,0,0,0,0,0,0,0,0,0,0,0,0,0,0,0,0,none,0,0,0,13307.7,0,0,0,22,8867.26,1
1988,5506,5512,0,5250,1,120.00500016851706,8.40193E-05,0,0,0,0,0,0,0,0,0,0,0,0,0,0,0,0,0,none,0,0,0,10806.5,0,0,0,42,12772.3,1
1989,5506,5512,0,5250,1,120.00500016851706,8.40193E-05,0,0,0,0,0,0,0,0,0,0,0,0,0,0,0,0,0,none,0,0,0,12073.9,0,0,0,22,12442.9,1
1990,5506,5512,0,5250,1,120.00500016851706,8.40193E-05,0,0,0,0,0,0,0,0,0,0,0,0,0,0,0,0,0,none,0,0,0,14057.6,0,0,0,58,9311.17,1
1991,5506,5512,0,5250,1,120.00500016851706,8.40193E-05,0,0,0,0,0,0,0,0,0,0,0,0,0,0,0,0,0,none,0,0,0,11753.9,0,0,0,6,29257.9,1
1992,5506,5512,0,5250,1,120.00500016851706,8.40193E-05,0,0,0,0,0,0,0,0,0,0,0,0,0,0,0,0,0,none,0,0,0,11001.5,0,0,0,47,14355,1
1993,5506,5512,0,5250,1,120.00500016851706,8.40193E-05,0,0,0,0,0,0,0,0,0,0,0,0,0,0,0,0,0,none,0,0,0,13689.1,0,0,0,24,10357.5,1
1994,5506,5512,0,5250,1,120.00500016851706,8.40193E-05,0,0,0,0,0,0,0,0,0,0,0,0,0,0,0,0,0,none,0,0,0,11674.4,0,0,0,6,29969.3,1
1995,5506,5512,0,5250,1,120.00500016851706,8.40193E-05,0,0,0,0,0,0,0,0,0,0,0,0,0,0,0,0,0,none,0,0,0,10485.9,0,0,0,11,13970.1,1
1996,5506,5512,0,5250,1,120.00500016851706,8.40193E-05,0,0,0,0,0,0,0,0,0,0,0,0,0,0,0,0,0,none,0,0,0,14851.5,0,0,0,9,12361.2,1
1997,5506,5512,0,5250,1,120.00500016851706,8.40193E-05,0,0,0,0,0,0,0,0,0,0,0,0,0,0,0,0,0,none,0,0,0,11570.2,0,0,0,17,8790.95,1
1998,5506,5512,0,5250,1,120.00500016851706,8.40193E-05,0,0,0,0,0,0,0,0,0,0,0,0,0,0,0,0,0,none,0,0,0,10376.7,0,0,0,12,15148.4,1
1999,5506,5512,0,5250,1,120.00500016851706,8.40193E-05,0,0,0,0,0,0,0,0,0,0,0,0,0,0,0,0,0,none,0,0,0,12625.4,0,0,0,72,47229.9,1
2000,5506,5512,0,5250,1,120.00500016851706,8.40193E-05,0,0,0,0,0,0,0,0,0,0,0,0,0,0,0,0,0,none,0,0,0,11407.7,0,0,0,13,9165.18,1
