step,index,formation_direct,host_slot,host_kind,source_slot,source_gen,source_origin,origin_class,source_mass_E_direct,captured_mass_E_direct,escaped_mass_E_direct,bound_fraction_direct,dissipated_direct,dissipated_over_vapor_direct,excess_over_vapor_est,specific_energy_est,source_dist_over_rocheLimit_est
1,0,ring,5250,compact,5,1,planet,direct,317.8,317.8,0,1,0.33270406142568815,558.345,558.345,-2.28907,NA
1,1,ring,5250,compact,107,1,belt_rock,direct,0.00010962293591868804,0.00010962293591868804,0,1,1.5109270307233308E-06,7350.9,7377.55,-8.5079,NA
1,2,ring,5250,compact,346,1,belt_rock,direct,7.139050134743185E-05,7.139050134743185E-05,0,1,6.729327634240459E-07,5027.24,5043.89,-8.10754,NA
1,3,ring,5250,compact,1351,1,belt_rock,direct,2.4024751856216143E-05,2.4024751856216143E-05,0,1,6.003025391922412E-08,1332.63,1334.23,-4.66384,NA
1,4,ring,5250,compact,1917,1,belt_rock,direct,2.573944836153322E-05,2.573944836153322E-05,0,1,4.206795481493502E-07,8716.68,8756.51,-7.2456,NA
1,5,stream,5250,compact,107,2,unknown,unknown,2.655068931326391E-12,0,2.655068931326391E-12,0,0,NaN,NA,NA,NA
1,6,stream,5250,compact,5314,1,unknown,unknown,2.655068931326391E-12,0,2.655068931326391E-12,0,0,NaN,NA,NA,NA
1,7,stream,5250,compact,5315,1,unknown,unknown,2.655068931326391E-12,0,2.655068931326391E-12,0,0,NaN,NA,NA,NA
1,8,stream,5250,compact,5316,1,unknown,unknown,2.655068931326391E-12,0,2.655068931326391E-12,0,0,NaN,NA,NA,NA
1,9,stream,5250,compact,5317,1,unknown,unknown,2.655068931326391E-12,0,2.655068931326391E-12,0,0,NaN,NA,NA,NA
1,10,stream,5250,compact,5318,1,unknown,unknown,2.655068931326391E-12,0,2.655068931326391E-12,0,0,NaN,NA,NA,NA
1,11,stream,5250,compact,5319,1,unknown,unknown,2.655068931326391E-12,0,2.655068931326391E-12,0,0,NaN,NA,NA,NA
1,12,stream,5250,compact,5320,1,unknown,unknown,2.655068931326391E-12,0,2.655068931326391E-12,0,0,NaN,NA,NA,NA
1,13,stream,5250,compact,5321,1,unknown,unknown,2.655068931326391E-12,0,2.655068931326391E-12,0,0,NaN,NA,NA,NA
1,14,stream,5250,compact,5322,1,unknown,unknown,2.655068931326391E-12,0,2.655068931326391E-12,0,0,NaN,NA,NA,NA
1,15,stream,5250,compact,5323,1,unknown,unknown,2.655068931326391E-12,0,2.655068931326391E-12,0,0,NaN,NA,NA,NA
3,16,ring,5250,compact,504,1,belt_rock,direct,2.7543142760383607E-05,2.7543142760383607E-05,0,1,3.5879769667245455E-07,6947.6,6951.69,-9.89125,NA
3,17,stream,5250,compact,504,2,belt_rock,closure,2.740359578043053E-11,0,2.740359578043053E-11,0,0,NaN,NA,NA,NA
3,18,stream,5250,compact,5323,2,belt_rock,closure,2.740359578043053E-11,0,2.740359578043053E-11,0,0,NaN,NA,NA,NA
3,19,stream,5250,compact,5322,2,belt_rock,closure,2.740359578043053E-11,0,2.740359578043053E-11,0,0,NaN,NA,NA,NA
3,20,stream,5250,compact,5321,2,belt_rock,closure,2.740359578043053E-11,0,2.740359578043053E-11,0,0,NaN,NA,NA,NA
3,21,stream,5250,compact,5320,2,belt_rock,closure,2.740359578043053E-11,0,2.740359578043053E-11,0,0,NaN,NA,NA,NA
3,22,stream,5250,compact,5319,2,belt_rock,closure,2.740359578043053E-11,0,2.740359578043053E-11,0,0,NaN,NA,NA,NA
3,23,stream,5250,compact,5318,2,belt_rock,closure,2.740359578043053E-11,0,2.740359578043053E-11,0,0,NaN,NA,NA,NA
3,24,stream,5250,compact,5317,2,belt_rock,closure,2.740359578043053E-11,0,2.740359578043053E-11,0,0,NaN,NA,NA,NA
3,25,stream,5250,compact,5316,2,belt_rock,closure,2.740359578043053E-11,0,2.740359578043053E-11,0,0,NaN,NA,NA,NA
3,26,stream,5250,compact,5315,2,belt_rock,closure,2.740359578043053E-11,0,2.740359578043053E-11,0,0,NaN,NA,NA,NA
3,27,stream,5250,compact,5314,2,belt_rock,closure,2.740359578043053E-11,0,2.740359578043053E-11,0,0,NaN,NA,NA,NA
3,28,stream,5250,compact,107,3,belt_rock,closure,2.740359578043053E-11,0,2.740359578043053E-11,0,0,NaN,NA,NA,NA
4,29,ring,5250,compact,368,1,belt_rock,direct,7.970666732991016E-05,7.970666732991016E-05,0,1,1.2600632967852902E-06,8431.34,8439.99,-6.38602,NA
4,30,stream,5250,compact,368,2,belt_rock,closure,1.6349013795679642E-12,0,1.6349013795679642E-12,0,0,NaN,NA,NA,NA
4,31,stream,5250,compact,107,4,belt_rock,closure,1.6349013795679642E-12,0,1.6349013795679642E-12,0,0,NaN,NA,NA,NA
4,32,stream,5250,compact,5314,3,belt_rock,closure,1.6349013795679642E-12,0,1.6349013795679642E-12,0,0,NaN,NA,NA,NA
4,33,stream,5250,compact,5315,3,belt_rock,closure,1.6349013795679642E-12,0,1.6349013795679642E-12,0,0,NaN,NA,NA,NA
4,34,stream,5250,compact,5316,3,belt_rock,closure,1.6349013795679642E-12,0,1.6349013795679642E-12,0,0,NaN,NA,NA,NA
4,35,stream,5250,compact,5317,3,belt_rock,closure,1.6349013795679642E-12,0,1.6349013795679642E-12,0,0,NaN,NA,NA,NA
4,36,stream,5250,compact,5318,3,belt_rock,closure,1.6349013795679642E-12,0,1.6349013795679642E-12,0,0,NaN,NA,NA,NA
4,37,stream,5250,compact,5319,3,belt_rock,closure,1.6349013795679642E-12,0,1.6349013795679642E-12,0,0,NaN,NA,NA,NA
4,38,stream,5250,compact,5320,3,belt_rock,closure,1.6349013795679642E-12,0,1.6349013795679642E-12,0,0,NaN,NA,NA,NA
4,39,stream,5250,compact,5321,3,belt_rock,closure,1.6349013795679642E-12,0,1.6349013795679642E-12,0,0,NaN,NA,NA,NA
4,40,stream,5250,compact,5322,3,belt_rock,closure,1.6349013795679642E-12,0,1.6349013795679642E-12,0,0,NaN,NA,NA,NA
4,41,stream,5250,compact,5323,3,belt_rock,closure,1.6349013795679642E-12,0,1.6349013795679642E-12,0,0,NaN,NA,NA,NA
4,42,ring,5250,compact,836,1,belt_rock,direct,2.919611922465733E-06,2.919611922465733E-06,0,1,2.6027894165749663E-08,4754.59,4759.95,-8.30502,NA
4,43,stream,5250,compact,836,2,belt_rock,closure,1.55158898611995E-11,0,1.55158898611995E-11,0,0,NaN,NA,NA,NA
4,44,stream,5250,compact,5323,4,belt_rock,closure,1.55158898611995E-11,0,1.55158898611995E-11,0,0,NaN,NA,NA,NA
5,45,ring,5250,compact,88,1,belt_rock,direct,4.7693092838732814E-05,4.7693092838732814E-05,0,1,2.881985117330351E-07,3222.81,3224.98,-6.33776,NA
5,46,stream,5250,compact,88,2,belt_rock,closure,8.362154533757904E-11,8.362154533757904E-11,0,1,0,0,NA,NA,NA
5,47,stream,5250,compact,5323,5,belt_rock,closure,8.362154533757904E-11,8.362154533757904E-11,0,1,0,0,NA,NA,NA
6,48,ring,5250,compact,630,1,belt_rock,direct,9.841144812271728E-06,9.841144812271728E-06,0,1,6.695230042128682E-08,3628.43,3630.63,-6.5256,NA
6,49,ring,5250,compact,1185,1,belt_rock,direct,0.00013196070265580022,0.00013196070265580022,0,1,1.1378982836726068E-06,4598.94,4597.54,-6.78938,NA
6,50,stream,5250,compact,630,2,belt_rock,closure,5.1670880549161213E-11,5.1670880549161213E-11,0,1,0,0,NA,NA,NA
6,51,stream,5250,compact,5373,2,belt_rock,closure,5.1670880549161213E-11,5.1670880549161213E-11,0,1,0,0,NA,NA,NA
6,52,stream,5250,compact,5342,2,belt_rock,closure,5.1670880549161213E-11,5.1670880549161213E-11,0,1,0,0,NA,NA,NA
6,53,stream,5250,compact,5323,6,belt_rock,closure,5.1670880549161213E-11,5.1670880549161213E-11,0,1,0,0,NA,NA,NA
7,54,ring,5250,compact,206,1,belt_rock,direct,0.00012011306883764538,0.00012011306883764538,0,1,5.495633988849738E-07,2440.2,2440.27,-6.11617,NA
7,55,ring,5250,compact,1673,1,belt_rock,direct,1.5712155664169994E-06,1.5712155664169994E-06,0,1,2.487134933840596E-08,8442.33,8444.34,-4.85364,NA
7,56,ring,5250,compact,825,1,belt_rock,direct,3.965425342543766E-05,3.965425342543766E-05,0,1,2.284516387594755E-07,3072.58,3076.24,-6.74986,NA
7,57,stream,5250,compact,206,2,belt_rock,closure,2.484478052631034E-10,2.484478052631034E-10,0,1,0,0,NA,NA,NA
7,58,stream,5250,compact,5323,7,belt_rock,closure,2.484478052631034E-10,2.484478052631034E-10,0,1,0,0,NA,NA,NA
7,59,stream,5250,compact,825,2,belt_rock,closure,8.438657213855513E-10,8.438657213855513E-10,0,1,0,0,NA,NA,NA
7,60,stream,5250,compact,1673,2,belt_rock,closure,8.438657213855513E-10,8.438657213855513E-10,0,1,0,0,NA,NA,NA
7,61,ring,5250,compact,1135,1,belt_rock,direct,8.066583076969242E-06,8.066583076969242E-06,0,1,1.8195565774998207E-07,12030.3,12042.2,-5.54709,NA
7,62,ring,5250,compact,1786,1,belt_rock,direct,6.815820090161428E-05,6.815820090161428E-05,0,1,5.188264512537703E-07,4059.78,4064.56,-5.21309,NA
7,63,ring,5250,compact,713,1,belt_rock,direct,6.665947475491091E-07,6.665947475491091E-07,0,1,6.19939889781737E-09,4960.05,5059.05,-8.27324,NA
7,64,stream,5250,compact,1786,2,belt_rock,closure,3.67540848655745E-11,0,3.67540848655745E-11,0,0,NaN,NA,NA,NA
7,65,stream,5250,compact,1135,2,belt_rock,closure,3.67540848655745E-11,0,3.67540848655745E-11,0,0,NaN,NA,NA,NA
8,66,ring,5250,compact,79,1,belt_rock,direct,3.547564992438159E-05,3.547564992438159E-05,0,1,7.118239751806513E-07,10701.4,10712.6,-4.84437,NA
8,67,stream,5250,compact,79,2,belt_rock,closure,6.207007375164668E-13,0,6.207007375164668E-13,0,0,NaN,NA,NA,NA
8,68,stream,5250,compact,1135,3,belt_rock,closure,6.207007375164668E-13,0,6.207007375164668E-13,0,0,NaN,NA,NA,NA
8,69,stream,5250,compact,1786,3,belt_rock,closure,6.207007375164668E-13,0,6.207007375164668E-13,0,0,NaN,NA,NA,NA
8,70,stream,5250,compact,713,2,belt_rock,closure,6.207007375164668E-13,0,6.207007375164668E-13,0,0,NaN,NA,NA,NA
8,71,ring,5250,compact,327,1,belt_rock,direct,0.00011083945579323304,0.00011083945579323304,0,1,4.170395083258314E-07,2006.7,2009.21,-4.81477,NA
9,72,stream,5250,compact,327,2,belt_rock,direct,7.160223868551692E-10,7.160223868551692E-10,0,1,0,0,4.21183E-12,-29.9174,NA
9,73,stream,5250,compact,713,3,belt_rock,direct,7.160223868551692E-10,7.160223868551692E-10,0,1,0,0,4.21183E-12,-29.9174,NA
9,74,stream,5250,compact,1135,4,belt_rock,direct,7.160223868551692E-10,7.160223868551692E-10,0,1,0,0,4.21183E-12,-29.9174,NA
9,75,stream,5250,compact,1786,4,belt_rock,direct,7.160223868551692E-10,7.160223868551692E-10,0,1,0,0,4.21183E-12,-29.9174,NA
10,76,ring,5250,compact,1365,1,belt_rock,direct,6.89551133513936E-07,6.89551133513936E-07,0,1,2.7828810436401827E-09,2152.42,2161.77,-6.02461,NA
10,77,ring,5250,compact,1006,1,belt_rock,direct,9.86048221636503E-07,9.86048221636503E-07,0,1,5.562460313813574E-09,3008.62,3019.27,-5.40909,NA
10,78,stream,5250,compact,1365,2,belt_rock,closure,3.9552070108163673E-10,3.9552070108163673E-10,0,1,0,0,NA,NA,NA
10,79,stream,5250,compact,1786,5,belt_rock,closure,3.9552070108163673E-10,3.9552070108163673E-10,0,1,0,0,NA,NA,NA
10,80,stream,5250,compact,630,3,unknown,direct,2.583544027458059E-11,0,2.583544027458059E-11,0,0,NaN,1366.03,-34.8273,NA
10,81,stream,5250,compact,1185,2,unknown,direct,2.583544027458059E-11,0,2.583544027458059E-11,0,0,NaN,1365.68,-34.8317,NA
10,82,stream,5250,compact,5342,3,unknown,direct,2.583544027458059E-11,0,2.583544027458059E-11,0,0,NaN,1366.01,-34.8276,NA
10,83,stream,5250,compact,5373,3,unknown,direct,2.583544027458059E-11,0,2.583544027458059E-11,0,0,NaN,1365.66,-34.8321,NA
11,84,ring,5250,compact,1853,1,belt_rock,direct,6.918123012752433E-07,6.918123012752433E-07,0,1,9.679224797443616E-09,7461.93,7531.13,-7.26784,NA
11,85,stream,5250,compact,1853,2,belt_rock,closure,2.221359329052824E-11,0,2.221359329052824E-11,0,0,NaN,NA,NA,NA
11,86,stream,5250,compact,5373,4,belt_rock,closure,2.221359329052824E-11,0,2.221359329052824E-11,0,0,NaN,NA,NA,NA
11,87,stream,5250,compact,5342,4,belt_rock,closure,2.221359329052824E-11,0,2.221359329052824E-11,0,0,NaN,NA,NA,NA
11,88,stream,5250,compact,1185,3,belt_rock,closure,2.221359329052824E-11,0,2.221359329052824E-11,0,0,NaN,NA,NA,NA
11,89,stream,5250,compact,630,4,belt_rock,closure,2.221359329052824E-11,0,2.221359329052824E-11,0,0,NaN,NA,NA,NA
11,90,stream,5250,compact,1786,6,belt_rock,closure,2.221359329052824E-11,0,2.221359329052824E-11,0,0,NaN,NA,NA,NA
11,91,ring,5250,compact,731,1,belt_rock,direct,9.32001576417598E-06,9.32001576417598E-06,0,1,3.3831348783610117E-08,1935.98,1932.17,-4.33422,NA
12,92,ring,5250,compact,708,1,belt_rock,direct,7.378529608898608E-07,7.378529608898608E-07,0,1,2.7762147405035353E-09,2006.7,2040.23,-6.27503,NA
12,93,ring,5250,compact,1004,1,belt_rock,direct,6.861990934281684E-07,6.861990934281684E-07,0,1,2.161131139164439E-09,1679.69,1684.92,-5.45277,NA
12,94,stream,5250,compact,630,5,belt_rock,direct,5.874667677892042E-11,5.874667677892042E-11,0,1,0,0,4.58349E-13,-28.5374,NA
12,95,stream,5250,compact,731,2,belt_rock,direct,5.874667677892042E-11,5.874667677892042E-11,0,1,0,0,0,-28.5374,NA
12,96,stream,5250,compact,1185,4,belt_rock,direct,5.874667677892042E-11,5.874667677892042E-11,0,1,0,0,4.58349E-13,-28.5374,NA
12,97,stream,5250,compact,1786,7,belt_rock,direct,5.874667677892042E-11,5.874667677892042E-11,0,1,0,0,0,-28.5374,NA
12,98,stream,5250,compact,5342,5,belt_rock,direct,5.874667677892042E-11,5.874667677892042E-11,0,1,0,0,-4.58349E-13,-28.5374,NA
12,99,stream,5250,compact,5373,5,belt_rock,direct,5.874667677892042E-11,5.874667677892042E-11,0,1,0,0,-4.58349E-13,-28.5374,NA
12,100,stream,5250,compact,708,2,belt_rock,closure,4.140093295645209E-09,4.140093295645209E-09,0,1,0,0,NA,NA,NA
12,101,stream,5250,compact,1853,3,belt_rock,closure,4.140093295645209E-09,4.140093295645209E-09,0,1,0,0,NA,NA,NA
12,102,ring,5250,compact,1473,1,belt_rock,direct,2.03634154756641E-06,2.03634154756641E-06,0,1,1.7842125744539316E-08,4672.99,4680.8,-5.72812,NA
13,103,stream,5250,compact,1473,2,belt_rock,direct,1.9457798626206987E-11,0,1.9457798626206987E-11,0,0,NaN,-6.91919E-13,-64.2681,NA
13,104,stream,5250,compact,1853,4,belt_rock,direct,1.9457798626206987E-11,0,1.9457798626206987E-11,0,0,NaN,-6.91919E-13,-64.2681,NA
13,105,ring,5250,compact,1977,1,belt_rock,direct,3.22983447843894E-05,3.22983447843894E-05,0,1,9.370700063408305E-08,1547.36,1547.82,-4.04117,NA
13,106,ring,5250,compact,1726,1,belt_rock,direct,2.26185428502394E-05,2.26185428502394E-05,0,1,5.022992859809157E-08,1184.4,1185.62,-4.53544,NA
14,107,ring,5250,compact,1700,1,belt_rock,direct,6.730460564858858E-05,6.730460564858858E-05,0,1,2.703519366659337E-07,2142.32,2142.36,-4.82262,NA
14,108,ring,5250,compact,635,1,belt_rock,direct,6.119035189279285E-05,6.119035189279285E-05,0,1,1.3107110496925417E-07,1142.41,1148.14,-4.41196,NA
14,109,ring,5250,compact,474,1,belt_rock,direct,1.00975810512921E-05,1.00975810512921E-05,0,1,1.5847697485910881E-07,8370.43,8383.42,-3.58317,NA
14,110,ring,5250,compact,279,1,belt_rock,direct,1.1947151742307736E-05,1.1947151742307736E-05,0,1,4.728302118952354E-08,2110.76,2130.27,-4.02566,NA
15,111,ring,5250,compact,1590,1,belt_rock,direct,1.4141273376966446E-05,1.4141273376966446E-05,0,1,3.722939689905983E-08,1404.09,1404.83,-3.80527,NA
15,112,ring,5250,compact,1985,1,belt_rock,direct,1.6701857193583668E-06,1.6701857193583668E-06,0,1,5.658615880133367E-09,1806.94,1811.96,-5.14938,NA
15,113,stream,5250,compact,279,2,belt_rock,direct,4.9878778684131915E-09,4.9878778684131915E-09,0,1,0,0,2.83307E-11,-30.6496,NA
15,114,stream,5250,compact,474,2,belt_rock,direct,4.9878778684131915E-09,4.9878778684131915E-09,0,1,0,0,2.83307E-11,-30.6496,NA
15,115,ring,5250,compact,902,1,belt_rock,direct,6.723873470367626E-07,6.723873470367626E-07,0,1,1.143442776589488E-08,9069.71,9102.11,-3.73123,NA
15,116,ring,5250,compact,1687,1,belt_rock,direct,1.5753481978004548E-05,1.5753481978004548E-05,0,1,2.9340979112810327E-08,993.337,995.994,-4.25261,NA
15,117,ring,5250,compact,1979,1,belt_rock,direct,2.089813741211653E-05,2.089813741211653E-05,0,1,3.136319625867496E-07,8004.08,8016.21,-3.31136,NA
15,118,ring,5250,compact,1932,1,belt_rock,direct,3.907273071674883E-06,3.907273071674883E-06,0,1,2.869785789397034E-08,3917.19,3929.27,-3.5321,NA
16,119,stream,5250,compact,1932,2,belt_rock,direct,5.1912623813385935E-11,5.1912623813385935E-11,0,1,0,0,1.55606E-12,-52.6182,NA
16,120,stream,5250,compact,1979,2,belt_rock,direct,5.1912623813385935E-11,5.1912623813385935E-11,0,1,0,0,1.55606E-12,-52.6182,NA
16,121,ring,5250,compact,1394,1,belt_rock,direct,3.410298897769781E-05,3.410298897769781E-05,0,1,7.17191058051439E-08,1121.61,1123,-3.59266,NA
16,122,stream,5250,compact,88,3,unknown,direct,4.118381320873361E-11,4.118381320873361E-11,0,1,0,0,804.1,-36.5876,NA
16,123,stream,5250,compact,836,3,unknown,direct,4.118381320873361E-11,4.118381320873361E-11,0,1,0,0,804.244,-36.5859,NA
16,124,ring,5250,compact,1586,1,belt_rock,direct,1.591797285765961E-05,1.591797285765961E-05,0,1,4.484441179388591E-07,15025.2,15047.4,-3.1846,NA
16,125,stream,5250,compact,1586,2,unknown,unknown,1.7365373046543161E-13,0,1.7365373046543161E-13,0,0,NaN,NA,NA,NA
16,126,stream,5250,compact,836,4,unknown,unknown,1.7365373046543161E-13,0,1.7365373046543161E-13,0,0,NaN,NA,NA,NA
17,127,ring,5250,compact,356,1,belt_rock,direct,6.606769395864117E-06,6.606769395864117E-06,0,1,5.130280191451846E-08,4141.43,4143.66,-4.82109,NA
17,128,stream,5250,compact,1932,3,belt_rock,direct,2.595631190669295E-11,0,2.595631190669295E-11,0,0,NaN,640.302,-44.6147,NA
17,129,stream,5250,compact,1979,3,belt_rock,direct,2.595631190669295E-11,0,2.595631190669295E-11,0,0,NaN,640.308,-44.6145,NA
17,130,stream,5250,compact,356,2,belt_rock,closure,3.6695130537101186E-11,0,3.6695130537101186E-11,0,0,NaN,NA,NA,NA
17,131,stream,5250,compact,836,5,belt_rock,closure,3.6695130537101186E-11,0,3.6695130537101186E-11,0,0,NaN,NA,NA,NA
17,132,ring,5250,compact,878,1,belt_rock,direct,7.364479052505523E-06,7.364479052505523E-06,0,1,1.5747570507878346E-08,1140.43,1144.05,-4.30636,NA
18,133,ring,5250,compact,1511,1,belt_rock,direct,1.0036771481077752E-05,1.0036771481077752E-05,0,1,2.6027376031147125E-08,1383.04,1387.3,-3.74757,NA
18,134,ring,5250,compact,1036,1,belt_rock,direct,4.437878387418616E-06,4.437878387418616E-06,0,1,9.958449435962914E-09,1196.78,1216.74,-4.65076,NA
18,135,ring,5250,compact,1173,1,belt_rock,direct,1.391993815759708E-06,1.391993815759708E-06,0,1,7.212743277246331E-09,2763.52,2775.71,-3.39136,NA
18,136,ring,5250,compact,517,1,belt_rock,direct,3.2349835610213655E-06,3.2349835610213655E-06,0,1,5.337005850945425E-09,879.882,886.747,-4.07437,NA
18,137,ring,5250,compact,1595,1,belt_rock,direct,5.608397336755744E-06,5.608397336755744E-06,0,1,1.560547802802079E-08,1484.01,1490.81,-3.23469,NA
18,138,ring,5250,compact,1840,1,belt_rock,direct,6.047200977931394E-06,6.047200977931394E-06,0,1,2.3740568751316115E-08,2093.8,2098.24,-4.4479,NA
19,139,ring,5250,compact,617,1,belt_rock,direct,2.128760439454756E-06,2.128760439454756E-06,0,1,3.2728025512372427E-09,819.958,823.646,-3.76081,NA
19,140,stream,5250,compact,1595,2,belt_rock,direct,6.757693089877658E-10,6.757693089877658E-10,0,1,0,0,35.7532,-30.24,NA
19,141,ring,5250,compact,1754,1,belt_rock,direct,8.240822884323522E-05,8.240822884323522E-05,0,1,7.179547657615401E-07,4646.49,4648.6,-2.83517,NA
19,142,stream,5250,compact,1840,2,belt_rock,direct,6.757693089877658E-10,6.757693089877658E-10,0,1,0,0,35.7532,-30.24,NA
19,143,ring,5250,compact,574,1,belt_rock,direct,4.300451231832241E-05,4.300451231832241E-05,0,1,7.176792466517116E-08,890.051,891.301,-3.17194,NA
19,144,ring,5250,compact,888,1,belt_rock,direct,9.150051178987193E-05,9.150051178987193E-05,0,1,1.2998800776950874E-07,757.667,760.635,-3.64268,NA
19,145,ring,5250,compact,1215,1,belt_rock,direct,1.9248870786119317E-06,1.9248870786119317E-06,0,1,1.4500103644639468E-08,4017.58,4028.44,-4.63506,NA
19,146,ring,5250,compact,722,1,belt_rock,direct,7.274262929503973E-07,7.274262929503973E-07,0,1,1.4906331879599615E-09,1092.9,1096.29,-2.98274,NA
19,147,ring,5250,compact,1057,1,belt_rock,direct,2.2103922646628296E-05,2.2103922646628296E-05,0,1,4.147206776693263E-08,1000.66,1003.36,-3.97671,NA
20,148,ring,5250,compact,621,1,belt_rock,direct,3.5782469190781697E-05,3.5782469190781697E-05,0,1,4.570030927680187E-08,681.158,681.507,-3.22672,NA
20,149,ring,5250,compact,1424,1,belt_rock,direct,5.615522411229294E-05,5.615522411229294E-05,0,1,3.845122794894114E-08,365.19,365.199,-2.53818,NA
20,150,ring,5250,compact,171,1,belt_rock,direct,0.00010841442737245192,0.00010841442737245192,0,1,1.0921354423957975E-07,537.265,538.397,-2.17492,NA
21,151,ring,5250,compact,1748,1,belt_rock,direct,1.7723006730222773E-05,1.7723006730222773E-05,0,1,7.801041896147947E-07,23475.5,23518.6,-2.61242,NA
22,152,stream,5250,compact,1424,2,belt_rock,direct,2.069598247851591E-14,0,2.069598247851591E-14,0,0,NaN,-1.52466E-11,-296.116,NA
22,153,ring,5250,compact,1474,1,belt_rock,direct,0.0001308854772634707,0.0001308854772634707,0,1,2.0127943101312802E-07,820.175,820.558,-2.79729,NA
22,154,stream,5250,compact,1748,2,belt_rock,direct,2.069598247851591E-14,0,2.069598247851591E-14,0,0,NaN,-1.52466E-11,-296.116,NA
22,155,ring,5250,compact,466,1,belt_rock,direct,5.7967428221569065E-06,5.7967428221569065E-06,0,1,3.804659450218656E-08,3500.5,3503.88,-2.7861,NA
22,156,ring,5250,compact,1442,1,belt_rock,direct,5.7576094749029015E-05,5.7576094749029015E-05,0,1,2.772489909057553E-07,2568.19,2569.54,-2.57898,NA
22,157,stream,5250,compact,466,2,belt_rock,closure,8.792402174821522E-11,8.792402174821522E-11,0,1,0,0,NA,NA,NA
22,158,stream,5250,compact,1748,3,belt_rock,closure,8.792402174821522E-11,8.792402174821522E-11,0,1,0,0,NA,NA,NA
22,159,ring,5250,compact,431,1,belt_rock,direct,5.150851411589606E-05,5.150851411589606E-05,0,1,5.487197624833811E-08,568.16,569.799,-3.01542,NA
22,160,ring,5250,compact,447,1,belt_rock,direct,6.092954954215172E-07,6.092954954215172E-07,0,1,9.477201049373415E-10,829.566,832.052,-2.81318,NA
22,161,ring,5250,compact,1869,1,belt_rock,direct,9.242925991262837E-05,9.242925991262837E-05,0,1,1.5860236241042838E-07,915.164,917.711,-2.70068,NA
23,162,ring,5250,compact,311,1,belt_rock,direct,1.7858713745489433E-06,1.7858713745489433E-06,0,1,3.976766760114612E-09,1187.62,1215.33,-3.4767,NA
23,163,ring,5250,compact,307,1,belt_rock,direct,2.179898486861702E-05,2.179898486861702E-05,0,1,2.3966641332135227E-07,5863.67,5864.2,-4.04641,NA
23,164,stream,5250,compact,307,2,belt_rock,closure,8.676113035648981E-12,0,8.676113035648981E-12,0,0,NaN,NA,NA,NA
23,165,stream,5250,compact,311,2,belt_rock,closure,8.676113035648981E-12,0,8.676113035648981E-12,0,0,NaN,NA,NA,NA
23,166,ring,5250,compact,896,1,belt_rock,direct,0.00011149307220642104,0.00011149307220642104,0,1,4.924792327063967E-06,23558,23588.3,-2.42671,NA
23,167,ring,5250,compact,1699,1,belt_rock,direct,7.581501391574177E-06,7.581501391574177E-06,0,1,7.717078418495555E-08,5428.71,5436.79,-2.57127,NA
23,168,ring,5250,compact,196,1,belt_rock,direct,9.115128625151496E-05,9.115128625151496E-05,0,1,5.130054548537216E-07,3001.64,3002.21,-3.88355,NA
23,169,stream,5250,compact,896,2,belt_rock,closure,2.0197980508049E-14,0,2.0197980508049E-14,0,0,NaN,NA,NA,NA
23,170,stream,5250,compact,311,3,belt_rock,closure,2.0197980508049E-14,0,2.0197980508049E-14,0,0,NaN,NA,NA,NA
23,171,stream,5250,compact,1699,2,belt_rock,closure,1.3446343269020988E-11,0,1.3446343269020988E-11,0,0,NaN,NA,NA,NA
23,172,stream,5250,compact,307,3,belt_rock,closure,1.3446343269020988E-11,0,1.3446343269020988E-11,0,0,NaN,NA,NA,NA
23,173,ring,5250,compact,1466,1,belt_rock,direct,5.9945698149729986E-05,5.9945698149729986E-05,0,1,1.382083307405255E-07,1229.63,1231.36,-3.71624,NA
23,174,ring,5250,compact,1951,1,belt_rock,direct,1.0290070520760363E-05,1.0290070520760363E-05,0,1,3.88332751827661E-07,20127.2,20157.5,-2.49586,NA
24,175,ring,5250,compact,1561,1,belt_rock,direct,1.2605921610192914E-05,1.2605921610192914E-05,0,1,3.000417830637533E-07,12694.2,12707,-4.27795,NA
24,176,ring,5250,compact,478,1,belt_rock,direct,4.3147245321122254E-05,4.3147245321122254E-05,0,1,7.635611075945316E-08,943.821,950.722,-2.76222,NA
24,177,stream,5250,compact,1561,2,belt_rock,closure,2.6560094545234588E-12,0,2.6560094545234588E-12,0,0,NaN,NA,NA,NA
24,178,stream,5250,compact,1951,2,belt_rock,closure,2.6560094545234588E-12,0,2.6560094545234588E-12,0,0,NaN,NA,NA,NA
24,179,stream,5250,compact,1590,2,belt_rock,direct,9.197847046891807E-10,9.197847046891807E-10,0,1,0,0,38.7486,-27.3165,NA
24,180,stream,5250,compact,1985,2,belt_rock,direct,9.197847046891807E-10,9.197847046891807E-10,0,1,0,0,38.7495,-27.3165,NA
25,181,ring,5250,compact,1316,1,belt_rock,direct,8.090424319484702E-06,8.090424319484702E-06,0,1,9.259673819283354E-09,610.412,611.901,-2.7839,NA
25,182,ring,5250,compact,1843,1,belt_rock,direct,0.00012658503123833058,0.00012658503123833058,0,1,1.2742045552770396E-07,536.853,537.147,-1.92228,NA
25,183,ring,5250,compact,1243,1,belt_rock,direct,2.5654829811148837E-06,2.5654829811148837E-06,0,1,1.9472602072790227E-08,4048.12,4064.71,-2.45475,NA
25,184,ring,5250,compact,1972,1,belt_rock,direct,8.404033684406146E-05,8.404033684406146E-05,0,1,1.0685434431984762E-07,678.115,684.071,-3.47993,NA
26,185,ring,5250,compact,877,1,belt_rock,direct,8.140119647913827E-07,8.140119647913827E-07,0,1,8.636199217707966E-10,565.836,569.031,-3.64495,NA
26,186,ring,5250,compact,1133,1,belt_rock,direct,3.780258662644366E-05,3.780258662644366E-05,0,1,6.043064680286916E-08,852.579,853.136,-2.48185,NA
26,187,stream,5250,compact,1243,2,belt_rock,direct,5.74792434417251E-11,5.74792434417251E-11,0,1,0,0,0,-53.2357,NA
26,188,stream,5250,compact,1843,2,belt_rock,direct,5.74792434417251E-11,5.74792434417251E-11,0,1,0,0,0,-53.2357,NA
26,189,ring,5250,compact,191,1,belt_rock,direct,5.534293177673553E-06,5.534293177673553E-06,0,1,5.2342793838447135E-08,5044.21,5041.86,-3.46664,NA
26,190,ring,5250,compact,1610,1,belt_rock,direct,7.95958348138784E-06,7.95958348138784E-06,0,1,6.72582561306517E-09,450.665,452.555,-3.10376,NA
26,191,ring,5250,compact,451,1,belt_rock,direct,7.776645704093822E-07,7.776645704093822E-07,0,1,2.2850900067625233E-09,1567.15,1584.77,-2.68841,NA
26,192,ring,5250,compact,862,1,belt_rock,direct,6.068311408942195E-06,6.068311408942195E-06,0,1,2.253989937870019E-08,1980.99,1986.1,-2.41883,NA
26,193,stream,5250,compact,191,2,belt_rock,closure,1.327715599438191E-12,0,1.327715599438191E-12,0,0,NaN,NA,NA,NA
26,194,stream,5250,compact,1843,3,belt_rock,closure,1.327715599438191E-12,0,1.327715599438191E-12,0,0,NaN,NA,NA,NA
26,195,ring,5250,compact,1241,1,belt_rock,direct,3.086782152882183E-05,3.086782152882183E-05,0,1,9.425085808568763E-08,1628.46,1629.92,-3.60297,NA
26,196,ring,5250,compact,1092,1,belt_rock,direct,1.7154711132500325E-06,1.7154711132500325E-06,0,1,4.796044978253112E-09,1491.07,1502.87,-2.5072,NA
27,197,ring,5250,compact,208,1,belt_rock,direct,6.593367917759852E-07,6.593367917759852E-07,0,1,1.8973275871332285E-09,1534.74,1541.29,-2.81548,NA
27,198,ring,5250,compact,857,1,belt_rock,direct,4.426039483798269E-05,4.426039483798269E-05,0,1,1.663249643347983E-07,2004.2,2004.96,-2.27066,NA
27,199,ring,5250,compact,834,1,belt_rock,direct,7.08259177008004E-07,7.08259177008004E-07,0,1,9.841353543267082E-10,741.074,752.201,-2.76804,NA
27,200,stream,5250,compact,1133,2,belt_rock,direct,2.8739621720862533E-11,0,2.8739621720862533E-11,0,0,NaN,754.337,-43.8067,NA
27,201,stream,5250,compact,1243,3,belt_rock,direct,2.8739621720862533E-11,0,2.8739621720862533E-11,0,0,NaN,754.343,-43.8065,NA
28,202,ring,5250,compact,1321,1,belt_rock,direct,6.603053904913403E-07,6.603053904913403E-07,0,1,9.494583991517476E-09,7668.84,7674.91,-4.13474,NA
28,203,stream,5250,compact,1321,2,belt_rock,closure,2.8757126389002403E-12,0,2.8757126389002403E-12,0,0,NaN,NA,NA,NA
28,204,stream,5250,compact,1243,4,belt_rock,closure,2.8757126389002403E-12,0,2.8757126389002403E-12,0,0,NaN,NA,NA,NA
28,205,ring,5250,compact,1174,1,belt_rock,direct,2.1087489027954084E-06,2.1087489027954084E-06,0,1,7.216351485679748E-09,1825.12,1832.16,-2.40557,NA
28,206,ring,5250,compact,709,1,belt_rock,direct,1.0296590668868306E-06,1.0296590668868306E-06,0,1,1.0596870638791985E-09,548.887,557.85,-3.44779,NA
28,207,ring,5250,compact,96,1,belt_rock,direct,3.100241137995382E-05,3.100241137995382E-05,0,1,4.4789241910180013E-08,770.508,773.192,-3.28778,NA
28,208,ring,5250,compact,703,1,belt_rock,direct,1.3805767585264788E-05,1.3805767585264788E-05,0,1,2.0410562246747727E-07,7884.84,7899.63,-2.12284,NA
29,209,ring,5250,compact,1089,1,belt_rock,direct,6.765239196439442E-05,6.765239196439442E-05,0,1,8.09253704126474E-08,637.97,638.295,-3.21088,NA
29,210,ring,5250,compact,1449,1,belt_rock,direct,6.663003452053744E-06,6.663003452053744E-06,0,1,5.2965861275634495E-09,423.96,426.645,-3.3103,NA
29,211,ring,5250,compact,218,1,belt_rock,direct,6.178805427846657E-05,6.178805427846657E-05,0,1,6.829683535673401E-07,5895.15,5895.29,-3.55034,NA
29,212,ring,5250,compact,1713,1,belt_rock,direct,7.703620677928666E-07,7.703620677928666E-07,0,1,2.3804705386937313E-09,1648.04,1661.95,-2.49194,NA
29,213,stream,5250,compact,218,2,belt_rock,closure,8.65999116770232E-12,0,8.65999116770232E-12,0,0,NaN,NA,NA,NA
29,214,stream,5250,compact,1449,2,belt_rock,closure,8.65999116770232E-12,0,8.65999116770232E-12,0,0,NaN,NA,NA,NA
29,215,ring,5250,compact,1094,1,belt_rock,direct,2.692512873013547E-05,2.692512873013547E-05,0,1,2.8815085267026383E-08,570.77,578.321,-2.47427,NA
29,216,ring,5250,compact,634,1,belt_rock,direct,3.61918214471622E-05,3.61918214471622E-05,0,1,2.3741832634654644E-08,349.867,351.837,-2.76475,NA
29,217,ring,5250,compact,175,1,belt_rock,direct,0.00011011213644211361,0.00011011213644211361,0,1,6.426493813963795E-07,3112.7,3119.08,-2.01773,NA
30,218,stream,5250,compact,175,2,belt_rock,direct,1.5021649676279243E-10,1.5021649676279243E-10,0,1,0,0,0,-40.9667,NA
30,219,stream,5250,compact,634,2,belt_rock,direct,1.5021649676279243E-10,1.5021649676279243E-10,0,1,0,0,0,-40.9667,NA
30,220,stream,5250,compact,367,1,belt_rock,direct,3.7371576087927796E-06,3.7371576087927796E-06,0,1,0,0,412.734,-2.78694,NA
30,221,ring,5250,compact,644,1,belt_rock,direct,1.0536122756888002E-05,1.0536122756888002E-05,0,1,3.665318983962886E-08,1855.37,1875.58,-2.22529,NA
30,222,ring,5250,compact,646,1,belt_rock,direct,2.3232760542370278E-06,2.3232760542370278E-06,0,1,4.6683734820451986E-09,1071.68,1082.24,-2.20843,NA
30,223,ring,5250,compact,1041,1,belt_rock,direct,6.570881429766518E-07,6.570881429766518E-07,0,1,2.0846815379073957E-08,16920.6,16962.4,-2.177,NA
31,224,stream,5250,compact,646,2,belt_rock,direct,9.394019638629083E-14,0,9.394019638629083E-14,0,0,NaN,0,-214.045,NA
31,225,stream,5250,compact,1041,2,belt_rock,direct,9.394019638629083E-14,0,9.394019638629083E-14,0,0,NaN,0,-214.045,NA
31,226,ring,5250,compact,433,1,belt_rock,direct,6.0084388759455674E-05,6.0084388759455674E-05,0,1,9.02697846271615E-07,8012.71,8015.48,-3.60974,NA
31,227,ring,5250,compact,1906,1,belt_rock,direct,0.00010014072198638206,0.00010014072198638206,0,1,1.4316655800253963E-07,762.482,763.182,-2.05301,NA
31,228,ring,5250,compact,521,1,belt_rock,direct,3.372139569336773E-05,3.372139569336773E-05,0,1,2.1362707460761346E-08,337.87,338.867,-2.43369,NA
31,229,stream,5250,compact,433,2,belt_rock,closure,2.0051178654921532E-11,0,2.0051178654921532E-11,0,0,NaN,NA,NA,NA
31,230,stream,5250,compact,1041,3,belt_rock,closure,2.0051178654921532E-11,0,2.0051178654921532E-11,0,0,NaN,NA,NA,NA
31,231,ring,5250,compact,1060,1,belt_rock,direct,7.946426656431658E-07,7.946426656431658E-07,0,1,8.807485840621639E-09,5911.24,5930.19,-2.23928,NA
31,232,ring,5250,compact,189,1,belt_rock,direct,4.2931321303943615E-06,4.2931321303943615E-06,0,1,1.693584536704552E-08,2103.93,2131.89,-2.30447,NA
31,233,stream,5250,compact,1060,2,belt_rock,closure,9.717339107635548E-12,0,9.717339107635548E-12,0,0,NaN,NA,NA,NA
31,234,stream,5250,compact,1041,4,belt_rock,closure,9.717339107635548E-12,0,9.717339107635548E-12,0,0,NaN,NA,NA,NA
31,235,stream,5250,compact,433,3,belt_rock,closure,9.717339107635548E-12,0,9.717339107635548E-12,0,0,NaN,NA,NA,NA
31,236,stream,5250,compact,521,2,belt_rock,closure,9.717339107635548E-12,0,9.717339107635548E-12,0,0,NaN,NA,NA,NA
31,237,ring,5250,compact,293,1,belt_rock,direct,3.377420704420025E-06,3.377420704420025E-06,0,1,5.5706802755379355E-09,879.674,907.597,-3.52618,NA
31,238,stream,5250,compact,1949,1,belt_rock,direct,1.234665177191382E-06,1.234665177191382E-06,0,1,0,0,346.444,-3.04116,NA
31,239,ring,5250,compact,484,1,belt_rock,direct,2.86219168336729E-05,2.86219168336729E-05,0,1,1.819209387392657E-08,338.987,344.913,-2.79144,NA
32,240,ring,5250,compact,768,1,belt_rock,direct,5.77642253456149E-06,5.77642253456149E-06,0,1,3.864612372745017E-09,356.817,357.577,-2.91393,NA
32,241,ring,5250,compact,1958,1,belt_rock,direct,6.071378159451784E-06,6.071378159451784E-06,0,1,1.0202247684841654E-08,896.205,899.367,-2.12861,NA
32,242,ring,5250,compact,509,1,belt_rock,direct,4.858642383693195E-05,4.858642383693195E-05,0,1,9.829485072673763E-08,1078.98,1082.43,-1.94469,NA
32,243,ring,5250,compact,1931,1,belt_rock,direct,4.0824723048059964E-05,4.0824723048059964E-05,0,1,7.029122594754527E-07,9182.83,9197.85,-1.88568,NA
32,244,stream,5250,compact,1931,2,belt_rock,closure,1.3528986083724994E-12,0,1.3528986083724994E-12,0,0,NaN,NA,NA,NA
32,245,stream,5250,compact,509,2,belt_rock,closure,1.3528986083724994E-12,0,1.3528986083724994E-12,0,0,NaN,NA,NA,NA
33,246,ring,5250,compact,555,1,belt_rock,direct,6.918421555892354E-05,6.918421555892354E-05,0,1,6.797513088531978E-06,52401.3,52498.4,-1.82902,NA
33,247,ring,5250,compact,622,1,belt_rock,direct,0.00011401056278530039,0.00011401056278530039,0,1,6.261760403128641E-08,292.921,294.158,-2.62231,NA
33,248,stream,5250,compact,509,3,belt_rock,closure,6.57989461065819E-16,0,6.57989461065819E-16,0,0,NaN,NA,NA,NA
33,249,ring,5250,compact,1443,1,belt_rock,direct,1.7844556821309257E-06,1.7844556821309257E-06,0,1,7.02645014547388E-08,21000.5,21008.5,-3.45907,NA
33,250,ring,5250,compact,1734,1,belt_rock,direct,3.360816401472889E-05,3.360816401472889E-05,0,1,5.525610432590056E-06,87686.8,87992,-1.82312,NA
33,251,stream,5250,compact,1443,2,belt_rock,closure,3.524044111451792E-14,0,3.524044111451792E-14,0,0,NaN,NA,NA,NA
33,252,stream,5250,compact,509,4,belt_rock,closure,3.524044111451792E-14,0,3.524044111451792E-14,0,0,NaN,NA,NA,NA
34,253,ring,5250,compact,36,1,belt_rock,direct,8.918654775846887E-05,8.918654775846887E-05,0,1,1.8498966871176374E-06,11062.3,11063.4,-3.43152,NA
34,254,ring,5250,compact,370,1,belt_rock,direct,0.00013048852613322388,0.00013048852613322388,0,1,9.998605673413306E-08,408.663,408.98,-2.05091,NA
34,255,stream,5250,compact,1931,3,belt_rock,direct,6.540567159556528E-17,0,6.540567159556528E-17,0,0,NaN,1.25636E-11,-1097.95,NA
34,256,ring,5250,compact,1670,1,belt_rock,direct,1.4604802491057075E-05,1.4604802491057075E-05,0,1,3.263038096636999E-08,1191.59,1192.89,-3.18878,NA
34,257,stream,5250,compact,36,2,belt_rock,closure,4.933558712849008E-12,0,4.933558712849008E-12,0,0,NaN,NA,NA,NA
34,258,stream,5250,compact,1734,3,belt_rock,closure,4.933558712849008E-12,0,4.933558712849008E-12,0,0,NaN,NA,NA,NA
34,259,stream,5250,compact,509,5,belt_rock,closure,4.933558712849008E-12,0,4.933558712849008E-12,0,0,NaN,NA,NA,NA
34,260,stream,5250,compact,1443,3,belt_rock,closure,4.933558712849008E-12,0,4.933558712849008E-12,0,0,NaN,NA,NA,NA
34,261,ring,5250,compact,960,1,belt_rock,direct,6.762437553379901E-07,6.762437553379901E-07,0,1,6.877963967953707E-10,542.445,554.752,-3.26055,NA
34,262,ring,5250,compact,1364,1,belt_rock,direct,4.13572534252341E-05,4.13572534252341E-05,0,1,5.8420769667093477E-08,753.38,754.221,-1.55216,NA
34,263,ring,5250,compact,1764,1,belt_rock,direct,1.4775171965267037E-06,1.4775171965267037E-06,0,1,2.662688438978616E-06,961140,962933,-2.05248,NA
34,264,ring,5250,compact,1402,1,belt_rock,direct,7.331798584193881E-07,7.331798584193881E-07,0,1,1.4595417650047528E-09,1061.71,1079.64,-3.37879,NA
34,265,ring,5250,compact,604,1,belt_rock,direct,2.3146409133365477E-05,2.3146409133365477E-05,0,1,1.4741021432533046E-08,339.659,345.266,-2.31498,NA
35,266,ring,5250,compact,1756,1,belt_rock,direct,7.2961105461088135E-06,7.2961105461088135E-06,0,1,1.3167492076343087E-08,962.521,963.7,-1.99077,NA
35,267,ring,5250,compact,781,1,belt_rock,direct,9.401207254557731E-05,9.401207254557731E-05,0,1,2.127952788488411E-07,1207.19,1208.32,-1.84251,NA
35,268,ring,5250,compact,1054,1,belt_rock,direct,3.599853997063682E-06,3.599853997063682E-06,0,1,2.419127360796898E-08,3584.04,3588.98,-3.33939,NA
35,269,ring,5250,compact,374,1,belt_rock,direct,2.792271266447914E-06,2.792271266447914E-06,0,1,3.795535188643891E-09,724.96,734.789,-1.96275,NA
36,270,ring,5250,compact,882,1,belt_rock,direct,1.4250823334815805E-06,1.4250823334815805E-06,0,1,2.6290105723077838E-06,983900,984646,-2.36104,NA
36,271,ring,5250,compact,1059,1,belt_rock,direct,1.6823595616616708E-05,1.6823595616616708E-05,0,1,1.8668402578479693E-08,591.816,593.423,-2.94534,NA
36,272,ring,5250,compact,325,1,belt_rock,direct,5.983152280327153E-05,5.983152280327153E-05,0,1,8.857760395148987E-08,789.574,791.482,-1.80838,NA
36,273,ring,5250,compact,775,1,belt_rock,direct,1.8607500839175687E-06,1.8607500839175687E-06,0,1,2.894765156587912E-09,829.706,839.026,-1.97725,NA
36,274,ring,5250,compact,55,1,belt_rock,direct,6.568410476392078E-07,6.568410476392078E-07,0,1,2.996135336111646E-09,2432.76,2545.09,-2.13931,NA
36,275,ring,5250,compact,1588,1,belt_rock,direct,4.4451408004083825E-05,4.4451408004083825E-05,0,1,2.1473325179439593E-08,257.64,259.302,-2.14736,NA
36,276,ring,5250,compact,1993,1,belt_rock,direct,2.257601247223982E-05,2.257601247223982E-05,0,1,8.404955414162872E-08,1985.58,1988.46,-3.08025,NA
37,277,ring,5250,compact,1902,1,belt_rock,direct,2.328116221809832E-06,2.328116221809832E-06,0,1,3.8067939917264695E-09,872.074,879.512,-3.087,NA
37,278,ring,5250,compact,1128,1,belt_rock,direct,1.4896786604373343E-06,1.4896786604373343E-06,0,1,3.057026521553491E-07,109447,109656,-1.98711,NA
38,279,ring,5250,compact,1327,1,belt_rock,direct,7.862013430923191E-07,7.862013430923191E-07,0,1,6.59545910490085E-10,447.414,454.283,-2.11874,NA
38,280,ring,5250,compact,1122,1,belt_rock,direct,2.9834248614531304E-06,2.9834248614531304E-06,0,1,3.6643653166781786E-08,6550.62,6563.51,-1.78897,NA
38,281,ring,5250,compact,1572,1,belt_rock,direct,5.0831094052764485E-06,5.0831094052764485E-06,0,1,1.638735724718583E-06,171941,172129,-1.96353,NA
38,282,ring,5250,compact,1262,1,belt_rock,direct,5.746617544360441E-05,5.746617544360441E-05,0,1,4.962927401291056E-08,460.6,462.85,-1.76628,NA
39,283,ring,5250,compact,766,1,belt_rock,direct,0.0001014437029301063,0.0001014437029301063,0,1,1.8971535729933062E-06,9974.16,9976.54,-1.63491,NA
39,284,ring,5250,compact,310,1,belt_rock,direct,6.634147990561366E-07,6.634147990561366E-07,0,1,1.358780321975211E-09,1092.35,1102.01,-2.03076,NA
39,285,ring,5250,compact,458,1,belt_rock,direct,5.830082728894831E-05,5.830082728894831E-05,0,1,8.286888724509736E-07,7580.81,7584.45,-1.63408,NA
39,286,stream,5250,compact,766,2,belt_rock,closure,9.450965893502743E-13,0,9.450965893502743E-13,0,0,NaN,NA,NA,NA
39,287,stream,5250,compact,1122,3,belt_rock,closure,9.450965893502743E-13,0,9.450965893502743E-13,0,0,NaN,NA,NA,NA
39,288,stream,5250,compact,458,2,belt_rock,closure,3.192327262314898E-12,0,3.192327262314898E-12,0,0,NaN,NA,NA,NA
39,289,stream,5250,compact,310,2,belt_rock,closure,3.192327262314898E-12,0,3.192327262314898E-12,0,0,NaN,NA,NA,NA
39,290,ring,5250,compact,1378,1,belt_rock,direct,2.2446055459181682E-05,2.2446055459181682E-05,0,1,3.8568737505679634E-08,916.419,924.443,-1.84997,NA
39,291,ring,5250,compact,471,1,belt_rock,direct,7.219987556538745E-07,7.219987556538745E-07,0,1,9.589879993024152E-10,708.395,774.078,-3.34297,NA
39,292,ring,5250,compact,1248,1,belt_rock,direct,1.6157168188544033E-05,1.6157168188544033E-05,0,1,7.163815995807058E-09,236.471,238.471,-2.04909,NA
39,293,ring,5250,compact,791,1,belt_rock,direct,6.582748053006007E-07,6.582748053006007E-07,0,1,4.783783935930355E-08,38758.2,38831.8,-1.76328,NA
40,294,ring,5250,compact,357,1,belt_rock,direct,9.77275543485938E-05,9.77275543485938E-05,0,1,4.742631828047877E-08,258.822,259.068,-1.90705,NA
40,295,stream,5250,compact,791,2,belt_rock,direct,2.332106437780463E-15,0,2.332106437780463E-15,0,0,NaN,0,-486.625,NA
40,296,stream,5250,compact,1248,2,belt_rock,direct,2.332106437780463E-15,0,2.332106437780463E-15,0,0,NaN,0,-486.625,NA
40,297,ring,5250,compact,782,1,belt_rock,direct,3.801716698615163E-05,3.801716698615163E-05,0,1,1.4248850825959776E-08,199.894,200.267,-2.15119,NA
40,298,ring,5250,compact,1234,1,belt_rock,direct,9.339397125115892E-05,9.339397125115892E-05,0,1,1.1125460860425107E-06,6353.28,6353.2,-2.94386,NA
40,299,ring,5250,compact,1377,1,belt_rock,direct,6.963765522685638E-05,6.963765522685638E-05,0,1,2.7158604272022825E-07,2079.99,2084.08,-1.544,NA
40,300,ring,5250,compact,1370,1,belt_rock,direct,7.90555946123046E-06,7.90555946123046E-06,0,1,5.074833578700574E-06,342364,341117,-1.6084,NA
40,301,stream,5250,compact,1777,1,belt_rock,direct,7.043471830733643E-07,7.043471830733643E-07,0,1,0,0,438.186,-2.16184,NA
41,302,ring,5250,compact,785,1,belt_rock,direct,1.0535049065930335E-05,1.0535049065930335E-05,0,1,9.828656533251334E-08,4975.72,4985.5,-1.85651,NA
41,303,ring,5250,compact,1810,1,belt_rock,direct,1.970209303578065E-05,1.970209303578065E-05,0,1,1.0273388981061029E-08,278.099,279.232,-2.51082,NA
41,304,ring,5250,compact,1121,1,belt_rock,direct,9.340604677187577E-05,9.340604677187577E-05,0,1,1.7976564592592883E-07,1026.43,1028.35,-1.54184,NA
41,305,ring,5250,compact,1471,1,belt_rock,direct,1.5892888705183402E-06,1.5892888705183402E-06,0,1,4.392315625515054E-06,1.47397E+06,1.48882E+06,-1.50356,NA
42,306,ring,5250,compact,1859,1,belt_rock,direct,7.183329466832227E-05,7.183329466832227E-05,0,1,6.511728043779672E-05,483470,483701,-1.71704,NA
42,307,stream,5250,compact,914,1,belt_rock,direct,6.869379130170366E-07,6.869379130170366E-07,0,1,0,0,251.323,-2.07539,NA
42,308,ring,5250,compact,1008,1,belt_rock,direct,2.2561664541150298E-05,2.2561664541150298E-05,0,1,4.167917526631641E-08,985.251,987.893,-1.56888,NA
42,309,ring,5250,compact,1309,1,belt_rock,direct,0.00011210225898269355,0.00011210225898269355,0,1,8.845958478710354E-08,420.852,421.879,-1.60173,NA
42,310,ring,5250,compact,429,1,belt_rock,direct,6.050953568851866E-06,6.050953568851866E-06,0,1,5.805696430282206E-08,5117.16,5147.65,-1.69309,NA
42,311,stream,5250,compact,466,3,unknown,direct,4.3962010874107596E-11,4.3962010874107596E-11,0,1,0,0,997.344,-34.112,NA
43,312,stream,5250,compact,824,1,belt_rock,direct,1.207246115202327E-05,1.207246115202327E-05,0,1,0,0,182.224,-2.14268,NA
43,313,ring,5250,compact,1781,1,belt_rock,direct,2.2041960385650004E-06,2.2041960385650004E-06,0,1,1.6541189221646273E-09,400.235,401.552,-2.78202,NA
43,314,ring,5250,compact,1558,1,belt_rock,direct,2.144310372107217E-05,2.144310372107217E-05,0,1,2.048501683802637E-08,509.504,511.103,-1.60484,NA
43,315,ring,5250,compact,1265,1,belt_rock,direct,1.3016006095180584E-06,1.3016006095180584E-06,0,1,3.5156895611451306E-09,1440.56,1501.61,-3.06112,NA
44,316,ring,5250,compact,105,1,belt_rock,direct,1.516472861554402E-05,1.516472861554402E-05,0,1,8.009467531496814E-09,281.688,282.096,-1.75284,NA
44,317,ring,5250,compact,268,1,belt_rock,direct,8.538187621226467E-05,8.538187621226467E-05,0,1,4.414783474785073E-06,27576.7,27567.8,-2.82025,NA
44,318,ring,5250,compact,1340,1,belt_rock,direct,4.468238449862772E-06,4.468238449862772E-06,0,1,1.8670882727167215E-08,2228.57,2233.67,-1.58064,NA
44,319,stream,5250,compact,1891,1,belt_rock,direct,1.4216071571320409E-06,1.4216071571320409E-06,0,1,0,0,346.966,-1.81676,NA
44,320,ring,5250,compact,1946,1,belt_rock,direct,2.183925082976353E-06,2.183925082976353E-06,0,1,8.482831986524909E-09,2071.58,2080.59,-1.61442,NA
44,321,stream,5250,compact,268,2,belt_rock,closure,9.949262421229749E-15,0,9.949262421229749E-15,0,0,NaN,NA,NA,NA
44,322,stream,5250,compact,105,2,belt_rock,closure,9.949262421229749E-15,0,9.949262421229749E-15,0,0,NaN,NA,NA,NA
44,323,stream,5250,compact,586,1,belt_rock,direct,6.576314105085299E-07,6.576314105085299E-07,0,1,0,0,225.358,-2.00643,NA
44,324,stream,5250,compact,1891,2,belt_rock,closure,7.086599265830491E-07,7.086599265830491E-07,0,1,0,0,NA,NA,NA
44,325,stream,5250,compact,1340,2,belt_rock,closure,7.086599265830491E-07,7.086599265830491E-07,0,1,0,0,NA,NA,NA
44,326,stream,5250,compact,245,1,belt_rock,direct,4.385684032003963E-06,4.385684032003963E-06,0,1,0,0,188.968,-2.01863,NA
45,327,ring,5250,compact,786,1,belt_rock,direct,0.00011386503841201624,0.00011386503841201624,0,1,1.1134750327081035E-07,521.541,521.932,-1.5189,NA
45,328,stream,5250,compact,1340,3,unknown,direct,3.1430608275439903E-07,3.1430608275439903E-07,0,1,0,0,336.547,-1.94765,NA
45,329,ring,5250,compact,1383,1,belt_rock,direct,1.2764704377165062E-06,1.2764704377165062E-06,0,1,1.3895659801789763E-09,580.587,586.972,-2.83624,NA
45,330,stream,5250,compact,1891,3,unknown,direct,3.1430608275439903E-07,3.1430608275439903E-07,0,1,0,0,336.545,-1.94765,NA
45,331,ring,5250,compact,1627,1,belt_rock,direct,6.787388706011687E-05,6.787388706011687E-05,0,1,5.072639618412348E-06,39859.3,39838,-2.78259,NA
45,332,stream,5250,compact,1627,2,unknown,unknown,1.9193150126845172E-15,0,1.9193150126845172E-15,0,0,NaN,NA,NA,NA
45,333,stream,5250,compact,1891,4,unknown,unknown,1.9193150126845172E-15,0,1.9193150126845172E-15,0,0,NaN,NA,NA,NA
45,334,ring,5250,compact,1870,1,belt_rock,direct,9.042274160530924E-05,9.042274160530924E-05,0,1,1.292674719902901E-07,762.448,764.468,-2.61969,NA
46,335,ring,5250,compact,687,1,belt_rock,direct,2.684039878008996E-05,2.684039878008996E-05,0,1,6.975402488426085E-07,13860.5,13867.3,-1.4396,NA
46,336,ring,5250,compact,1470,1,belt_rock,direct,1.4811347666390214E-05,1.4811347666390214E-05,0,1,3.472350735409312E-08,1250.34,1252.52,-2.73355,NA
46,337,stream,5250,compact,687,2,belt_rock,closure,2.2049216504893715E-13,0,2.2049216504893715E-13,0,0,NaN,NA,NA,NA
46,338,stream,5250,compact,1627,3,belt_rock,closure,2.2049216504893715E-13,0,2.2049216504893715E-13,0,0,NaN,NA,NA,NA
46,339,ring,5250,compact,747,1,belt_rock,direct,1.888867697232783E-06,1.888867697232783E-06,0,1,1.4373019107325593E-05,4.05831E+06,4.07855E+06,-1.58171,NA
46,340,ring,5250,compact,1763,1,belt_rock,direct,9.955581389385257E-06,9.955581389385257E-06,0,1,5.019824581754117E-07,26891.8,26938.7,-1.4508,NA
46,341,stream,5250,compact,1996,1,belt_rock,direct,1.994372359597721E-05,1.994372359597721E-05,0,1,0,0,202.927,-2.36857,NA
46,342,stream,5250,compact,1763,2,belt_rock,closure,8.211903314409374E-15,0,8.211903314409374E-15,0,0,NaN,NA,NA,NA
46,343,stream,5250,compact,1627,5,belt_rock,closure,8.211903314409374E-15,0,8.211903314409374E-15,0,0,NaN,NA,NA,NA
46,344,stream,5250,compact,1470,3,belt_rock,closure,8.211903314409374E-15,0,8.211903314409374E-15,0,0,NaN,NA,NA,NA
46,345,stream,5250,compact,747,3,belt_rock,closure,8.211903314409374E-15,0,8.211903314409374E-15,0,0,NaN,NA,NA,NA
47,346,ring,5250,compact,236,1,belt_rock,direct,1.5294276469352657E-05,1.5294276469352657E-05,0,1,1.0159946997840166E-08,354.292,354.992,-1.59696,NA
47,347,ring,5250,compact,1731,1,belt_rock,direct,0.00012195934726024247,0.00012195934726024247,0,1,2.842593581704654E-07,1243.08,1245.72,-1.49694,NA
47,348,ring,5250,compact,1650,1,belt_rock,direct,0.00011201657461604434,0.00011201657461604434,0,1,7.833963476919902E-08,372.991,374.187,-1.47685,NA
47,349,stream,5250,compact,687,4,belt_rock,direct,9.206761684948461E-06,9.206761684948461E-06,0,1,0,0,200.102,-2.4035,NA
47,350,stream,5250,compact,1996,2,belt_rock,direct,9.206761684948461E-06,9.206761684948461E-06,0,1,0,0,200.103,-2.4035,NA
47,351,ring,5250,compact,1698,1,belt_rock,direct,9.605315367071448E-07,9.605315367071448E-07,0,1,2.4625831910182344E-07,136734,136946,-1.76458,NA
47,352,stream,5250,compact,2000,1,belt_rock,direct,6.596944423175944E-07,6.596944423175944E-07,0,1,0,0,352.745,-1.73681,NA
47,353,ring,5250,compact,1361,1,belt_rock,direct,6.57223004262068E-07,6.57223004262068E-07,0,1,2.0491498636068153E-08,16628.8,16671.4,-1.54378,NA
47,354,stream,5250,compact,1361,2,belt_rock,closure,1.0281428030019767E-13,0,1.0281428030019767E-13,0,0,NaN,NA,NA,NA
47,355,stream,5250,compact,1996,4,belt_rock,closure,1.0281428030019767E-13,0,1.0281428030019767E-13,0,0,NaN,NA,NA,NA
47,356,stream,5250,compact,1698,3,belt_rock,closure,1.0281428030019767E-13,0,1.0281428030019767E-13,0,0,NaN,NA,NA,NA
47,357,stream,5250,compact,2000,2,belt_rock,closure,1.0281428030019767E-13,0,1.0281428030019767E-13,0,0,NaN,NA,NA,NA
48,358,ring,5250,compact,1285,1,belt_rock,direct,3.4692355005498186E-06,3.4692355005498186E-06,0,1,2.1172962167965077E-08,3254.97,3257.31,-1.51019,NA
48,359,ring,5250,compact,525,1,belt_rock,direct,5.405573334836011E-05,5.405573334836011E-05,0,1,5.027049753250033E-07,4959.87,4962.54,-1.37158,NA
48,360,ring,5250,compact,643,1,belt_rock,direct,6.556198848960041E-06,6.556198848960041E-06,0,1,4.192110972572114E-09,341.02,342.609,-2.54809,NA
48,361,stream,5250,compact,1285,2,belt_rock,closure,1.3695953688830792E-10,1.3695953688830792E-10,0,1,0,0,NA,NA,NA
48,362,stream,5250,compact,2000,3,belt_rock,closure,1.3695953688830792E-10,1.3695953688830792E-10,0,1,0,0,NA,NA,NA
48,363,stream,5250,compact,1698,4,belt_rock,closure,1.3695953688830792E-10,1.3695953688830792E-10,0,1,0,0,NA,NA,NA
48,364,stream,5250,compact,1996,5,belt_rock,closure,1.3695953688830792E-10,1.3695953688830792E-10,0,1,0,0,NA,NA,NA
48,365,stream,5250,compact,525,2,belt_rock,closure,2.1072427628036647E-11,0,2.1072427628036647E-11,0,0,NaN,NA,NA,NA
48,366,stream,5250,compact,1361,3,belt_rock,closure,2.1072427628036647E-11,0,2.1072427628036647E-11,0,0,NaN,NA,NA,NA
48,367,ring,5250,compact,679,1,belt_rock,direct,0.0001027135422659488,0.0001027135422659488,0,1,6.698406505225061E-07,3478.1,3481.95,-1.33909,NA
48,368,ring,5250,compact,494,1,belt_rock,direct,2.551765863282361E-05,2.551765863282361E-05,0,1,9.479032122497483E-08,1981.17,1983.22,-2.6424,NA
48,369,stream,5250,compact,687,5,belt_rock,direct,4.403056040929355E-06,4.403056040929355E-06,0,1,0,0,201.182,-2.38961,NA
48,370,stream,5250,compact,1650,2,belt_rock,direct,4.403056040929355E-06,4.403056040929355E-06,0,1,0,0,201.181,-2.38961,NA
48,371,stream,5250,compact,679,2,belt_rock,closure,9.996009613429525E-11,9.996009613429525E-11,0,1,0,0,NA,NA,NA
48,372,stream,5250,compact,1361,4,belt_rock,closure,9.996009613429525E-11,9.996009613429525E-11,0,1,0,0,NA,NA,NA
48,373,stream,5250,compact,525,3,belt_rock,closure,9.996009613429525E-11,9.996009613429525E-11,0,1,0,0,NA,NA,NA
49,374,ring,5250,compact,448,1,belt_rock,direct,0.0001211306778763645,0.0001211306778763645,0,1,2.3055243031063304E-07,1015.11,1015.11,-1.34589,NA
49,375,ring,5250,compact,1504,1,belt_rock,direct,8.915879329644242E-06,8.915879329644242E-06,0,1,4.6330773871556055E-09,277.143,277.143,-2.22416,NA
49,376,ring,5250,compact,254,1,belt_rock,direct,9.717084859827789E-05,9.717084859827789E-05,0,1,1.237441665773339E-07,679.184,679.888,-2.5305,NA
49,377,ring,5250,compact,158,1,belt_rock,direct,8.848457316858487E-07,8.848457316858487E-07,0,1,1.1005968919692031E-07,66337.6,66383.5,-1.60172,NA
49,378,ring,5250,compact,108,1,belt_rock,direct,9.149469056445729E-05,9.149469056445729E-05,0,1,9.135402966271373E-08,532.513,533.994,-1.35893,NA
49,379,stream,5250,compact,254,2,belt_rock,closure,2.0984538327527173E-16,0,2.0984538327527173E-16,0,0,NaN,NA,NA,NA
49,380,stream,5250,compact,1996,6,belt_rock,direct,9.996009613429525E-11,9.996009613429525E-11,0,1,0,0,1062.63,-31.5584,NA
50,381,ring,5250,compact,470,1,belt_rock,direct,9.143120253731634E-05,9.143120253731634E-05,0,1,3.8805401897784046E-07,2263.58,2264.27,-1.27101,NA
50,382,ring,5250,compact,575,1,belt_rock,direct,3.250982043533844E-05,3.250982043533844E-05,0,1,1.438797099951582E-06,23603.9,23610.1,-1.53145,NA
50,383,ring,5250,compact,1422,1,belt_rock,direct,0.00010378359961544103,0.00010378359961544103,0,1,2.6861879941682885E-07,1380.4,1382.82,-2.67997,NA
50,384,stream,5250,compact,575,2,belt_rock,closure,1.780303567319156E-13,0,1.780303567319156E-13,0,0,NaN,NA,NA,NA
50,385,stream,5250,compact,470,2,belt_rock,closure,1.780303567319156E-13,0,1.780303567319156E-13,0,0,NaN,NA,NA,NA
50,386,ring,5250,compact,920,1,belt_rock,direct,1.834197394776798E-05,1.834197394776798E-05,0,1,8.219827908413892E-08,2390.1,2392.2,-2.64128,NA
50,387,ring,5250,compact,1480,1,belt_rock,direct,5.149362032735354E-05,5.149362032735354E-05,0,1,6.374177761496003E-08,660.191,661.41,-2.5082,NA
50,388,ring,5250,compact,1497,1,belt_rock,direct,3.3266779056369914E-05,3.3266779056369914E-05,0,1,6.502716019181892E-07,10425.2,10447.8,-1.08458,NA
50,389,stream,5250,compact,1497,2,belt_rock,closure,6.099736473998626E-14,0,6.099736473998626E-14,0,0,NaN,NA,NA,NA
50,390,stream,5250,compact,1480,2,belt_rock,closure,6.099736473998626E-14,0,6.099736473998626E-14,0,0,NaN,NA,NA,NA
50,391,ring,5250,compact,1779,1,belt_rock,direct,8.532543489276137E-05,8.532543489276137E-05,0,1,1.7729864769849113E-07,1108.22,1109.97,-2.5353,NA
50,392,stream,5250,compact,920,2,belt_rock,closure,4.2738065306191174E-10,4.2738065306191174E-10,0,1,0,0,NA,NA,NA
50,393,stream,5250,compact,470,3,belt_rock,closure,4.2738065306191174E-10,4.2738065306191174E-10,0,1,0,0,NA,NA,NA
50,394,stream,5250,compact,575,3,belt_rock,closure,4.2738065306191174E-10,4.2738065306191174E-10,0,1,0,0,NA,NA,NA
50,395,stream,5250,compact,1422,2,belt_rock,closure,4.2738065306191174E-10,4.2738065306191174E-10,0,1,0,0,NA,NA,NA
50,396,ring,5250,compact,864,1,belt_rock,direct,4.49917289520111E-06,4.49917289520111E-06,0,1,1.4458962872408213E-08,1713.97,1720.62,-2.64959,NA
51,397,ring,5250,compact,417,1,belt_rock,direct,2.977585871485192E-05,2.977585871485192E-05,0,1,7.559915986812462E-08,1354.1,1354.1,-1.34954,NA
51,398,ring,5250,compact,732,1,belt_rock,direct,7.236999880865992E-05,7.236999880865992E-05,0,1,7.087083193163569E-05,522285,521826,-1.29114,NA
51,399,stream,5250,compact,1442,2,unknown,direct,4.3962010874107596E-11,4.3962010874107596E-11,0,1,0,0,126.896,-44.9932,NA
51,400,ring,5250,compact,1746,1,belt_rock,direct,6.410473424589331E-05,6.410473424589331E-05,0,1,8.84731434156342E-08,736.072,738.688,-2.62264,NA
51,401,ring,5250,compact,1651,1,belt_rock,direct,6.569437186654989E-07,6.569437186654989E-07,0,1,7.307827106901041E-08,59327.9,59338.2,-1.63771,NA
51,402,ring,5250,compact,220,1,belt_rock,direct,1.3589472270047359E-05,1.3589472270047359E-05,0,1,2.0848110563575325E-08,818.206,821.284,-1.32041,NA
51,403,ring,5250,compact,1775,1,belt_rock,direct,6.713312468030229E-07,6.713312468030229E-07,0,1,1.1757032160039418E-08,9340.27,9375.19,-1.47147,NA
51,404,ring,5250,compact,316,1,belt_rock,direct,1.7107914208933843E-06,1.7107914208933843E-06,0,1,1.3447501805072783E-07,41922.1,42008.3,-1.34452,NA
52,405,stream,5250,compact,316,2,belt_rock,direct,1.6489692896813428E-15,0,1.6489692896813428E-15,0,0,NaN,-7.97327E-12,-525.589,NA
52,406,stream,5250,compact,1775,2,belt_rock,direct,1.6489692896813428E-15,0,1.6489692896813428E-15,0,0,NaN,-7.97327E-12,-525.589,NA
52,407,ring,5250,compact,1643,1,belt_rock,direct,2.9141786156275405E-05,2.9141786156275405E-05,0,1,1.3905590969236727E-08,254.491,255.067,-2.29914,NA
52,408,ring,5250,compact,1076,1,belt_rock,direct,1.111731668433091E-05,1.111731668433091E-05,0,1,7.204793843738792E-07,34563.7,34593.1,-1.30017,NA
52,409,stream,5250,compact,1076,2,belt_rock,closure,3.725125859575759E-15,0,3.725125859575759E-15,0,0,NaN,NA,NA,NA
52,410,stream,5250,compact,316,3,belt_rock,closure,3.725125859575759E-15,0,3.725125859575759E-15,0,0,NaN,NA,NA,NA
52,411,ring,5250,compact,489,1,belt_rock,direct,1.2406725433793743E-06,1.2406725433793743E-06,0,1,3.6538793713665977E-07,157071,157352,-1.5264,NA
53,412,ring,5250,compact,1671,1,belt_rock,direct,1.339880913688102E-05,1.339880913688102E-05,0,1,5.652349170496359E-05,2.24989E+06,2.24319E+06,-1.29441,NA
53,413,stream,5250,compact,1827,1,belt_rock,direct,4.7398686592121005E-06,4.7398686592121005E-06,0,1,0,0,339.79,-1.58399,NA
53,414,ring,5250,compact,1295,1,belt_rock,direct,8.621277050441116E-06,8.621277050441116E-06,0,1,2.9668130709825043E-07,18353.4,18371,-2.70735,NA
53,415,stream,5250,compact,1295,2,belt_rock,closure,5.405996648738647E-13,0,5.405996648738647E-13,0,0,NaN,NA,NA,NA
53,416,stream,5250,compact,316,6,belt_rock,closure,5.405996648738647E-13,0,5.405996648738647E-13,0,0,NaN,NA,NA,NA
53,417,ring,5250,compact,829,1,belt_rock,direct,5.13910409932567E-05,5.13910409932567E-05,0,1,3.494299170257077E-07,3626.36,3634.33,-1.17608,NA
54,418,stream,5250,compact,316,7,belt_rock,direct,8.454828986121316E-11,8.454828986121316E-11,0,1,0,0,0,-46.5541,NA
54,419,stream,5250,compact,829,2,belt_rock,direct,8.454828986121316E-11,8.454828986121316E-11,0,1,0,0,0,-46.5541,NA
54,420,ring,5250,compact,43,1,belt_rock,direct,5.7092644446873214E-05,5.7092644446873214E-05,0,1,1.0488992739048562E-07,979.834,981.53,-0.988941,NA
54,421,stream,5250,compact,489,4,belt_rock,direct,1.1849671648030251E-06,1.1849671648030251E-06,0,1,0,0,335.678,-1.63569,NA
54,422,stream,5250,compact,1076,4,belt_rock,direct,1.1849671648030251E-06,1.1849671648030251E-06,0,1,0,0,335.679,-1.63569,NA
54,423,stream,5250,compact,1671,3,belt_rock,direct,1.1849671648030251E-06,1.1849671648030251E-06,0,1,0,0,335.678,-1.63569,NA
54,424,stream,5250,compact,1827,2,belt_rock,direct,1.1849671648030251E-06,1.1849671648030251E-06,0,1,0,0,335.679,-1.63569,NA
54,425,ring,5250,compact,1129,1,belt_rock,direct,3.313480801929911E-05,3.313480801929911E-05,0,1,5.614808486156288E-07,9037.52,9051.67,-1.18368,NA
54,426,ring,5250,compact,26,1,belt_rock,direct,5.878862792476981E-05,5.878862792476981E-05,0,1,1.005125898212411E-06,9118.55,9116.23,-2.47844,NA
54,427,ring,5250,compact,320,1,belt_rock,direct,1.2872959925744151E-05,1.2872959925744151E-05,0,1,1.1014288519102922E-08,456.328,467.504,-1.4018,NA
54,428,stream,5250,compact,26,2,belt_rock,closure,1.3624325392181944E-12,0,1.3624325392181944E-12,0,0,NaN,NA,NA,NA
54,429,stream,5250,compact,1129,2,belt_rock,closure,1.3624325392181944E-12,0,1.3624325392181944E-12,0,0,NaN,NA,NA,NA
55,430,ring,5250,compact,894,1,belt_rock,direct,1.6217327280634548E-06,1.6217327280634548E-06,0,1,4.021148364599467E-09,1322.42,1328.79,-1.41414,NA
55,431,stream,5250,compact,1556,1,belt_rock,direct,6.993397893510033E-07,6.993397893510033E-07,0,1,0,0,461.477,-2.95971,NA
55,432,ring,5250,compact,2005,1,belt_rock,direct,3.3799677202599286E-06,3.3799677202599286E-06,0,1,3.705306803821414E-09,584.669,590.962,-1.32039,NA
55,433,ring,5250,compact,337,1,belt_rock,direct,1.082578841654492E-05,1.082578841654492E-05,0,1,1.2218404297530534E-08,601.941,605.338,-2.39835,NA
56,434,ring,5250,compact,377,1,belt_rock,direct,2.7345844612617594E-05,2.7345844612617594E-05,0,1,4.3278782047275575E-07,8440.78,8449.55,-1.15832,NA
56,435,stream,5250,compact,377,2,belt_rock,closure,2.0267330346604613E-12,0,2.0267330346604613E-12,0,0,NaN,NA,NA,NA
56,436,stream,5250,compact,337,2,belt_rock,closure,2.0267330346604613E-12,0,2.0267330346604613E-12,0,0,NaN,NA,NA,NA
56,437,ring,5250,compact,1999,1,belt_rock,direct,1.0428322284447059E-06,1.0428322284447059E-06,0,1,1.4438386212910092E-09,738.419,754.587,-1.28598,NA
57,438,ring,5250,compact,67,1,belt_rock,direct,0.00012977028406537327,0.00012977028406537327,0,1,1.314485790357272E-05,54023.1,54069.6,-1.1504,NA
57,439,stream,5250,compact,377,3,belt_rock,closure,4.962709227069547E-16,0,4.962709227069547E-16,0,0,NaN,NA,NA,NA
57,440,ring,5250,compact,596,1,belt_rock,direct,9.356620633488159E-07,9.356620633488159E-07,0,1,7.483817591127196E-10,426.582,435.319,-2.46098,NA
57,441,ring,5250,compact,956,1,belt_rock,direct,4.669872239018979E-05,4.669872239018979E-05,0,1,7.660255310844643E-06,87485.7,87850.4,-1.11159,NA
57,442,ring,5250,compact,1319,1,belt_rock,direct,8.55524488744603E-07,8.55524488744603E-07,0,1,1.690805053407846E-08,10540.5,10575.1,-1.23751,NA
57,443,stream,5250,compact,67,3,belt_rock,closure,6.608728240486039E-17,0,6.608728240486039E-17,0,0,NaN,NA,NA,NA
58,444,stream,5250,compact,956,3,belt_rock,direct,7.908428589707512E-13,0,7.908428589707512E-13,0,0,NaN,-4.25597E-12,-133.321,NA
58,445,stream,5250,compact,1319,2,belt_rock,direct,7.908428589707512E-13,0,7.908428589707512E-13,0,0,NaN,-4.25597E-12,-133.321,NA
58,446,ring,5250,compact,1789,1,belt_rock,direct,6.336397311680752E-05,6.336397311680752E-05,0,1,2.8328578873785173E-05,238441,238135,-1.13868,NA
58,447,stream,5250,compact,1544,1,belt_rock,direct,1.2774687026846546E-06,1.2774687026846546E-06,0,1,0,0,473.976,-2.70244,NA
59,448,stream,5250,compact,956,5,belt_rock,direct,3.1936717567116366E-07,3.1936717567116366E-07,0,1,0,0,442.401,-3.09664,NA
59,449,stream,5250,compact,1319,4,belt_rock,direct,3.1936717567116366E-07,3.1936717567116366E-07,0,1,0,0,442.403,-3.09664,NA
59,450,stream,5250,compact,1544,2,belt_rock,direct,3.1936717567116366E-07,3.1936717567116366E-07,0,1,0,0,442.403,-3.09664,NA
59,451,stream,5250,compact,1789,3,belt_rock,direct,3.1936717567116366E-07,3.1936717567116366E-07,0,1,0,0,442.401,-3.09664,NA
59,452,ring,5250,compact,626,1,belt_rock,direct,6.994722588198299E-06,6.994722588198299E-06,0,1,2.096630466630618E-08,1598.64,1612.61,-1.36577,NA
59,453,ring,5250,compact,981,1,belt_rock,direct,6.56669885325061E-07,6.56669885325061E-07,0,1,6.48984479274943E-08,52709.1,52820.4,-1.96395,NA
59,454,ring,5250,compact,1552,1,belt_rock,direct,3.568834208224099E-05,3.568834208224099E-05,0,1,1.6482941660474753E-06,24632.4,24663.9,-1.10197,NA
59,455,ring,5250,compact,1860,1,belt_rock,direct,5.983099484360388E-06,5.983099484360388E-06,0,1,2.8224465164591175E-08,2515.93,2522.78,-1.14115,NA
59,456,stream,5250,compact,1552,2,belt_rock,closure,1.6901013730185996E-14,0,1.6901013730185996E-14,0,0,NaN,NA,NA,NA
59,457,stream,5250,compact,981,2,belt_rock,closure,1.6901013730185996E-14,0,1.6901013730185996E-14,0,0,NaN,NA,NA,NA
59,458,ring,5250,compact,80,1,belt_rock,direct,5.290661600347308E-06,5.290661600347308E-06,0,1,3.1643666098045144E-09,318.989,322.624,-2.26493,NA
59,459,ring,5250,compact,991,1,belt_rock,direct,6.643645928094288E-07,6.643645928094288E-07,0,1,6.496895288820094E-09,5215.53,5243.91,-1.26853,NA
59,460,ring,5250,compact,1160,1,belt_rock,direct,4.6503998111289055E-06,4.6503998111289055E-06,0,1,9.144913232444147E-07,104879,105243,-1.12989,NA
60,461,ring,5250,compact,1366,1,belt_rock,direct,2.007832525004485E-05,2.007832525004485E-05,0,1,2.2899740521291243E-08,608.278,608.932,-1.15272,NA
60,462,ring,5250,compact,671,1,belt_rock,direct,1.5850987903134293E-05,1.5850987903134293E-05,0,1,1.6118969575312334E-07,5423.5,5433.03,-1.3346,NA
60,463,ring,5250,compact,1783,1,belt_rock,direct,5.9985964799088605E-06,5.9985964799088605E-06,0,1,3.0436737498722294E-08,2706.12,2709.77,-2.43477,NA
60,464,stream,5250,compact,671,2,belt_rock,closure,1.245272232429526E-10,0,1.245272232429526E-10,0,0,NaN,NA,NA,NA
60,465,stream,5250,compact,991,3,belt_rock,closure,1.245272232429526E-10,0,1.245272232429526E-10,0,0,NaN,NA,NA,NA
61,466,ring,5250,compact,1073,1,belt_rock,direct,9.372905172224474E-05,9.372905172224474E-05,0,1,3.622681983793011E-05,206136,208349,-0.872009,NA
61,467,ring,5250,compact,1759,1,belt_rock,direct,7.174484398145851E-07,7.174484398145851E-07,0,1,3.774545100173433E-08,28059,28075.2,-1.28821,NA
61,468,stream,5250,compact,1759,2,belt_rock,closure,9.973456442811783E-15,0,9.973456442811783E-15,0,0,NaN,NA,NA,NA
61,469,stream,5250,compact,1783,3,belt_rock,closure,9.973456442811783E-15,0,9.973456442811783E-15,0,0,NaN,NA,NA,NA
61,470,stream,5250,compact,1073,3,belt_rock,closure,9.973456442811783E-15,0,9.973456442811783E-15,0,0,NaN,NA,NA,NA
61,471,stream,5250,compact,991,5,belt_rock,closure,9.973456442811783E-15,0,9.973456442811783E-15,0,0,NaN,NA,NA,NA
62,472,ring,5250,compact,1029,1,belt_rock,direct,6.420102467287396E-05,6.420102467287396E-05,0,1,6.72280680052195E-08,558.48,559.888,-2.21932,NA
62,473,ring,5250,compact,699,1,belt_rock,direct,4.4714058625268925E-05,4.4714058625268925E-05,0,1,1.131935065537404E-07,1350.13,1352.96,-2.26746,NA
63,474,ring,5250,compact,134,1,belt_rock,direct,4.005000375698762E-05,4.005000375698762E-05,0,1,5.9284878347975176E-08,789.478,791.735,-1.03195,NA
63,475,ring,5250,compact,618,1,belt_rock,direct,8.200510807954024E-07,8.200510807954024E-07,0,1,8.390348282882912E-08,54568,54501.7,-1.02879,NA
63,476,ring,5250,compact,1879,1,belt_rock,direct,9.288434511919563E-05,9.288434511919563E-05,0,1,1.261126133253878E-05,72412.7,72610.8,-1.01093,NA
63,477,stream,5250,compact,618,2,belt_rock,closure,1.3317395769350968E-16,0,1.3317395769350968E-16,0,0,NaN,NA,NA,NA
64,478,ring,5250,compact,1255,1,belt_rock,direct,1.7174089778194406E-06,1.7174089778194406E-06,0,1,1.2157127463910525E-08,3775.34,3805.47,-1.60958,NA
64,479,stream,5250,compact,1255,2,belt_rock,closure,6.057003234346338E-10,6.057003234346338E-10,0,1,0,0,NA,NA,NA
64,480,stream,5250,compact,618,3,belt_rock,closure,6.057003234346338E-10,6.057003234346338E-10,0,1,0,0,NA,NA,NA
64,481,ring,5250,compact,716,1,belt_rock,direct,6.790477425541724E-07,6.790477425541724E-07,0,1,7.2698035889814945E-09,5709.8,5741.07,-2.44319,NA
64,482,stream,5250,compact,716,2,belt_rock,closure,1.28861673663559E-11,0,1.28861673663559E-11,0,0,NaN,NA,NA,NA
64,483,stream,5250,compact,618,4,belt_rock,closure,1.28861673663559E-11,0,1.28861673663559E-11,0,0,NaN,NA,NA,NA
65,484,ring,5250,compact,1904,1,belt_rock,direct,7.814175172645201E-07,7.814175172645201E-07,0,1,1.6872728902365325E-07,115160,115150,-1.39511,NA
65,485,ring,5250,compact,562,1,belt_rock,direct,3.82983803754741E-05,3.82983803754741E-05,0,1,9.855262830258154E-08,1372.42,1378.28,-1.10686,NA
65,486,ring,5250,compact,1693,1,belt_rock,direct,6.781184246047251E-05,6.781184246047251E-05,0,1,4.2881811035963433E-07,3372.61,3375.68,-0.98388,NA
65,487,ring,5250,compact,689,1,belt_rock,direct,5.415320878785987E-06,5.415320878785987E-06,0,1,2.8487318535259195E-08,2805.6,2811.53,-2.30989,NA
65,488,stream,5250,compact,689,2,belt_rock,closure,2.3205815695927316E-10,2.3205815695927316E-10,0,1,0,0,NA,NA,NA
65,489,stream,5250,compact,1693,2,belt_rock,closure,2.3205815695927316E-10,2.3205815695927316E-10,0,1,0,0,NA,NA,NA
65,490,ring,5250,compact,419,1,belt_rock,direct,1.1679628323022948E-06,1.1679628323022948E-06,0,1,4.90479161391158E-08,22397,22495.5,-1.19161,NA
66,491,ring,5250,compact,1938,1,belt_rock,direct,9.858183814763472E-07,9.858183814763472E-07,0,1,1.14092001557611E-09,617.244,620.218,-1.2613,NA
66,492,ring,5250,compact,1334,1,belt_rock,direct,3.747006682558418E-05,3.747006682558418E-05,0,1,7.315348335239665E-08,1041.24,1043.85,-0.968061,NA
66,493,ring,5250,compact,1187,1,belt_rock,direct,1.5464511427879592E-05,1.5464511427879592E-05,0,1,9.187844543205597E-08,3168.66,3172.25,-2.23787,NA
66,494,stream,5250,compact,1187,2,belt_rock,closure,1.4049607676633702E-10,1.4049607676633702E-10,0,1,0,0,NA,NA,NA
66,495,stream,5250,compact,1334,2,belt_rock,closure,1.4049607676633702E-10,1.4049607676633702E-10,0,1,0,0,NA,NA,NA
67,496,ring,5250,compact,475,1,belt_rock,direct,1.3085649138544868E-06,1.3085649138544868E-06,0,1,2.8467848860061662E-08,11602.7,11626.3,-1.88093,NA
67,497,ring,5250,compact,1612,1,belt_rock,direct,8.264076181457015E-05,8.264076181457015E-05,0,1,2.0145267930124654E-06,13001,13008.7,-0.948997,NA
67,498,stream,5250,compact,1612,2,belt_rock,closure,2.97319488473499E-13,0,2.97319488473499E-13,0,0,NaN,NA,NA,NA
67,499,stream,5250,compact,475,2,belt_rock,closure,2.97319488473499E-13,0,2.97319488473499E-13,0,0,NaN,NA,NA,NA
67,500,ring,5250,compact,333,1,belt_rock,direct,1.219729735224408E-05,1.219729735224408E-05,0,1,1.2888037471313646E-06,56353.6,55999.5,-0.818589,NA
67,501,stream,5250,compact,475,3,belt_rock,closure,3.2109957489611066E-17,0,3.2109957489611066E-17,0,0,NaN,NA,NA,NA
67,502,ring,5250,compact,41,1,belt_rock,direct,5.542683085456272E-06,5.542683085456272E-06,0,1,6.387223738362706E-08,6145.98,6176.51,-2.34885,NA
67,503,ring,5250,compact,1306,1,belt_rock,direct,2.263206360624815E-05,2.263206360624815E-05,0,1,5.878833745906744E-08,1385.37,1391.07,-0.929982,NA
67,504,ring,5250,compact,1397,1,belt_rock,direct,9.93066704548865E-05,9.93066704548865E-05,0,1,5.231855267477483E-07,2809.8,2821.26,-0.970583,NA
68,505,stream,5250,compact,41,2,belt_rock,direct,6.940553598260295E-11,0,6.940553598260295E-11,0,0,NaN,1.55183E-12,-79.567,NA
68,506,stream,5250,compact,333,3,belt_rock,direct,6.940553598260295E-11,0,6.940553598260295E-11,0,0,NaN,4.6555E-12,-79.567,NA
68,507,ring,5250,compact,347,1,belt_rock,direct,0.00012532978761917643,0.00012532978761917643,0,1,9.616275038581988E-06,40921.5,40939.4,-0.944861,NA
68,508,stream,5250,compact,475,4,belt_rock,direct,6.940553598260295E-11,0,6.940553598260295E-11,0,0,NaN,4.6555E-12,-79.567,NA
68,509,ring,5250,compact,1478,1,belt_rock,direct,6.736365649081922E-07,6.736365649081922E-07,0,1,1.4195523634240934E-09,1123.89,1130.14,-2.59229,NA
68,510,stream,5250,compact,1612,3,belt_rock,direct,6.940553598260295E-11,0,6.940553598260295E-11,0,0,NaN,1.55183E-12,-79.567,NA
68,511,ring,5250,compact,423,1,belt_rock,direct,3.223306010245421E-06,3.223306010245421E-06,0,1,9.561416457086823E-08,15820.5,15842.1,-1.44659,NA
68,512,ring,5250,compact,893,1,belt_rock,direct,4.074084017316545E-06,4.074084017316545E-06,0,1,3.76202013946117E-09,492.481,494.78,-2.22971,NA
68,513,stream,5250,compact,1306,2,belt_rock,direct,2.30041942320516E-09,2.30041942320516E-09,0,1,0,0,1.31096E-11,-36.2143,NA
68,514,stream,5250,compact,1397,2,belt_rock,direct,2.30041942320516E-09,2.30041942320516E-09,0,1,0,0,1.31096E-11,-36.2143,NA
68,515,stream,5250,compact,347,2,belt_rock,closure,1.7351215772554912E-15,0,1.7351215772554912E-15,0,0,NaN,NA,NA,NA
68,516,stream,5250,compact,333,4,belt_rock,closure,1.7351215772554912E-15,0,1.7351215772554912E-15,0,0,NaN,NA,NA,NA
68,517,stream,5250,compact,423,2,belt_rock,closure,1.1091644516297918E-12,0,1.1091644516297918E-12,0,0,NaN,NA,NA,NA
68,518,stream,5250,compact,1612,4,belt_rock,closure,1.1091644516297918E-12,0,1.1091644516297918E-12,0,0,NaN,NA,NA,NA
68,519,ring,5250,compact,1024,1,belt_rock,direct,6.994047164167878E-05,6.994047164167878E-05,0,1,1.63675033254146E-06,12481.1,12476.5,-0.948157,NA
68,520,stream,5250,compact,1024,2,belt_rock,closure,3.568635256534812E-13,0,3.568635256534812E-13,0,0,NaN,NA,NA,NA
69,521,ring,5250,compact,335,1,belt_rock,direct,2.4259054391344733E-05,2.4259054391344733E-05,0,1,2.2240116466961204E-07,4889.47,4889.47,-1.00935,NA
69,522,ring,5250,compact,1090,1,belt_rock,direct,6.5384182749123374E-06,6.5384182749123374E-06,0,1,3.491974209902576E-06,284837,284837,-1.10871,NA
69,523,stream,5250,compact,335,2,belt_rock,closure,2.71811485921483E-11,0,2.71811485921483E-11,0,0,NaN,NA,NA,NA
69,524,stream,5250,compact,1024,3,belt_rock,closure,2.71811485921483E-11,0,2.71811485921483E-11,0,0,NaN,NA,NA,NA
69,525,ring,5250,compact,126,1,belt_rock,direct,9.280074782506813E-05,9.280074782506813E-05,0,1,1.0929901489507646E-06,6281.5,6281.7,-2.18084,NA
69,526,ring,5250,compact,1919,1,belt_rock,direct,1.8679833772819683E-06,1.8679833772819683E-06,0,1,3.1193874277379144E-09,890.625,895.55,-1.11225,NA
69,527,stream,5250,compact,126,2,belt_rock,closure,7.118114404254085E-12,0,7.118114404254085E-12,0,0,NaN,NA,NA,NA
69,528,stream,5250,compact,1024,4,belt_rock,closure,7.118114404254085E-12,0,7.118114404254085E-12,0,0,NaN,NA,NA,NA
69,529,stream,5250,compact,335,3,belt_rock,closure,7.118114404254085E-12,0,7.118114404254085E-12,0,0,NaN,NA,NA,NA
69,530,stream,5250,compact,1090,3,belt_rock,closure,7.118114404254085E-12,0,7.118114404254085E-12,0,0,NaN,NA,NA,NA
69,531,ring,5250,compact,535,1,belt_rock,direct,6.291950433953567E-05,6.291950433953567E-05,0,1,9.39027259345174E-06,79596.1,81218,-0.744066,NA
70,532,stream,5250,compact,335,4,belt_rock,direct,6.723966125218814E-18,0,6.723966125218814E-18,0,0,NaN,1.52761E-11,-995.698,NA
70,533,stream,5250,compact,1090,4,belt_rock,direct,6.723966125218814E-18,0,6.723966125218814E-18,0,0,NaN,1.52761E-11,-995.698,NA
70,534,ring,5250,compact,194,1,belt_rock,direct,1.4080913703480856E-05,1.4080913703480856E-05,0,1,1.759714826306293E-06,66651.5,66594.2,-2.18074,NA
70,535,ring,5250,compact,1535,1,belt_rock,direct,3.543874930283735E-05,3.543874930283735E-05,0,1,6.1256451837929435E-06,92187.5,92470.1,-0.897656,NA
70,536,stream,5250,compact,1090,5,belt_rock,closure,2.304952887009213E-16,0,2.304952887009213E-16,0,0,NaN,NA,NA,NA
70,537,stream,5250,compact,335,5,belt_rock,closure,2.304952887009213E-16,0,2.304952887009213E-16,0,0,NaN,NA,NA,NA
70,538,stream,5250,compact,1024,6,belt_rock,closure,2.304952887009213E-16,0,2.304952887009213E-16,0,0,NaN,NA,NA,NA
70,539,stream,5250,compact,535,3,belt_rock,closure,2.304952887009213E-16,0,2.304952887009213E-16,0,0,NaN,NA,NA,NA
70,540,stream,5250,compact,126,3,belt_rock,closure,2.304952887009213E-16,0,2.304952887009213E-16,0,0,NaN,NA,NA,NA
70,541,stream,5250,compact,194,3,belt_rock,closure,4.5441170376289416E-17,0,4.5441170376289416E-17,0,0,NaN,NA,NA,NA
70,542,ring,5250,compact,1507,1,belt_rock,direct,2.057425744646329E-05,2.057425744646329E-05,0,1,3.525644139782316E-07,9139.3,9138.6,-0.919017,NA
70,543,ring,5250,compact,1986,1,belt_rock,direct,6.601993715399538E-07,6.601993715399538E-07,0,1,2.468279430783981E-09,1993.97,2132.63,-1.20943,NA
71,544,stream,5250,compact,126,4,belt_rock,direct,1.4542190687455223E-12,0,1.4542190687455223E-12,0,0,NaN,-1.15726E-12,-115.226,NA
71,545,stream,5250,compact,194,4,belt_rock,direct,1.4542190687455223E-12,0,1.4542190687455223E-12,0,0,NaN,2.31451E-12,-115.226,NA
71,546,stream,5250,compact,335,6,belt_rock,direct,1.4542190687455223E-12,0,1.4542190687455223E-12,0,0,NaN,-1.15726E-12,-115.226,NA
71,547,stream,5250,compact,535,4,belt_rock,direct,1.4542190687455223E-12,0,1.4542190687455223E-12,0,0,NaN,2.31451E-12,-115.226,NA
71,548,stream,5250,compact,1024,7,belt_rock,direct,1.4542190687455223E-12,0,1.4542190687455223E-12,0,0,NaN,3.47177E-12,-115.226,NA
71,549,stream,5250,compact,1090,6,belt_rock,direct,1.4542190687455223E-12,0,1.4542190687455223E-12,0,0,NaN,-1.15726E-12,-115.226,NA
71,550,stream,5250,compact,1507,2,belt_rock,direct,1.4542190687455223E-12,0,1.4542190687455223E-12,0,0,NaN,3.47177E-12,-115.226,NA
71,551,stream,5250,compact,1535,3,belt_rock,direct,1.4542190687455223E-12,0,1.4542190687455223E-12,0,0,NaN,-1.15726E-12,-115.226,NA
71,552,ring,5250,compact,663,1,belt_rock,direct,7.811245793016125E-06,7.811245793016125E-06,0,1,5.648774531169453E-08,3856.85,3860.38,-0.965758,NA
71,553,stream,5250,compact,663,2,belt_rock,closure,6.908902038458955E-11,6.908902038458955E-11,0,1,0,0,NA,NA,NA
71,554,stream,5250,compact,1535,4,belt_rock,closure,6.908902038458955E-11,6.908902038458955E-11,0,1,0,0,NA,NA,NA
71,555,stream,5250,compact,1507,3,belt_rock,closure,6.908902038458955E-11,6.908902038458955E-11,0,1,0,0,NA,NA,NA
71,556,stream,5250,compact,1090,7,belt_rock,closure,6.908902038458955E-11,6.908902038458955E-11,0,1,0,0,NA,NA,NA
71,557,stream,5250,compact,1024,8,belt_rock,closure,6.908902038458955E-11,6.908902038458955E-11,0,1,0,0,NA,NA,NA
71,558,stream,5250,compact,535,5,belt_rock,closure,6.908902038458955E-11,6.908902038458955E-11,0,1,0,0,NA,NA,NA
71,559,stream,5250,compact,335,7,belt_rock,closure,6.908902038458955E-11,6.908902038458955E-11,0,1,0,0,NA,NA,NA
72,560,ring,5250,compact,47,1,belt_rock,direct,6.448091622797437E-05,6.448091622797437E-05,0,1,1.5197445070348513E-05,125701,125701,-0.927955,NA
72,561,ring,5250,compact,125,1,belt_rock,direct,1.611030045737832E-05,1.611030045737832E-05,0,1,2.8267995718205665E-07,9358.15,9358.15,-0.973892,NA
72,562,ring,5250,compact,642,1,belt_rock,direct,1.9037632509279962E-05,1.9037632509279962E-05,0,1,2.2154381395151848E-07,6206.48,6206.48,-1.01717,NA
72,563,ring,5250,compact,1666,1,belt_rock,direct,1.1016787118001529E-05,1.1016787118001529E-05,0,1,3.9458445196978763E-05,1.91022E+06,1.91022E+06,-1.08096,NA
72,564,ring,5250,compact,263,1,belt_rock,direct,1.3809798310015731E-05,1.3809798310015731E-05,0,1,9.043672806075039E-09,349.266,349.793,-2.07021,NA
72,565,ring,5250,compact,1960,1,belt_rock,direct,0.00013027632986315578,0.00013027632986315578,0,1,5.670932592516139E-06,23216,23213,-2.13094,NA
72,566,stream,5250,compact,642,2,belt_rock,closure,8.14234553858149E-12,0,8.14234553858149E-12,0,0,NaN,NA,NA,NA
72,567,stream,5250,compact,125,2,belt_rock,closure,8.14234553858149E-12,0,8.14234553858149E-12,0,0,NaN,NA,NA,NA
72,568,ring,5250,compact,1559,1,belt_rock,direct,2.3619385801818717E-05,2.3619385801818717E-05,0,1,2.5105441224834877E-07,5668.89,5670.36,-0.94804,NA
72,569,stream,5250,compact,1559,2,belt_rock,closure,1.2158225906347816E-11,0,1.2158225906347816E-11,0,0,NaN,NA,NA,NA
72,570,stream,5250,compact,125,3,belt_rock,closure,1.2158225906347816E-11,0,1.2158225906347816E-11,0,0,NaN,NA,NA,NA
72,571,stream,5250,compact,642,3,belt_rock,closure,1.2158225906347816E-11,0,1.2158225906347816E-11,0,0,NaN,NA,NA,NA
72,572,stream,5250,compact,1960,2,belt_rock,closure,1.2158225906347816E-11,0,1.2158225906347816E-11,0,0,NaN,NA,NA,NA
72,573,stream,5250,compact,126,5,belt_rock,direct,6.908902038458955E-11,6.908902038458955E-11,0,1,0,0,809.9,-39.0885,NA
72,574,stream,5250,compact,194,5,belt_rock,direct,6.908902038458955E-11,6.908902038458955E-11,0,1,0,0,809.885,-39.0883,NA
72,575,ring,5250,compact,723,1,belt_rock,direct,8.017544704587833E-06,8.017544704587833E-06,0,1,3.193598903631008E-07,21244.1,21275.4,-0.902085,NA
73,576,ring,5250,compact,667,1,belt_rock,direct,7.694707368989946E-06,7.694707368989946E-06,0,1,1.3369252766787436E-08,926.646,926.646,-1.00611,NA
73,577,ring,5250,compact,1727,1,belt_rock,direct,7.170462943243716E-05,7.170462943243716E-05,0,1,7.925940493037926E-07,5895.25,5895.25,-0.934541,NA
73,578,ring,5250,compact,1750,1,belt_rock,direct,2.7521209750699393E-05,2.7521209750699393E-05,0,1,9.404163706321424E-08,1822.43,1822.43,-0.925653,NA
73,579,ring,5250,compact,705,1,belt_rock,direct,6.980960099973011E-05,6.980960099973011E-05,0,1,3.4115890853432353E-06,26064,26116.6,-0.839652,NA
73,580,stream,5250,compact,1986,2,belt_rock,direct,6.908902038458955E-11,6.908902038458955E-11,0,1,0,0,1043.24,-36.1714,NA
73,581,ring,5250,compact,454,1,belt_rock,direct,1.2643064833204936E-06,1.2643064833204936E-06,0,1,1.5962262416246716E-08,6733.5,6754.33,-0.974334,NA
74,582,ring,5250,compact,267,1,belt_rock,direct,6.711785365047334E-05,6.711785365047334E-05,0,1,3.0701969308592964E-07,2439.65,2441.41,-0.837671,NA
74,583,ring,5250,compact,1329,1,belt_rock,direct,0.00011767316122381793,0.00011767316122381793,0,1,8.387806824062745E-05,380163,379515,-2.06056,NA
74,584,ring,5250,compact,1668,1,belt_rock,direct,2.052551591373178E-05,2.052551591373178E-05,0,1,4.29961513199834E-08,1117.21,1118.86,-0.872013,NA
74,585,stream,5250,compact,1255,3,unknown,direct,3.0285016171731663E-10,3.0285016171731663E-10,0,1,0,0,528.263,-42.5726,NA
74,586,stream,5250,compact,1879,3,unknown,direct,3.0285016171731663E-10,3.0285016171731663E-10,0,1,0,0,527.637,-42.5805,NA
74,587,ring,5250,compact,1844,1,belt_rock,direct,8.169210618190779E-07,8.169210618190779E-07,0,1,2.3758202032318438E-08,15510.7,15536.8,-1.05706,NA
74,588,stream,5250,compact,267,2,unknown,unknown,5.032346250372156E-10,5.032346250372156E-10,0,1,0,0,NA,NA,NA
74,589,stream,5250,compact,454,2,unknown,unknown,5.032346250372156E-10,5.032346250372156E-10,0,1,0,0,NA,NA,NA
74,590,ring,5250,compact,856,1,belt_rock,direct,8.38809153990743E-05,8.38809153990743E-05,0,1,2.2011279373580746E-07,1399.53,1406.21,-0.89116,NA
74,591,ring,5250,compact,1387,1,belt_rock,direct,7.674731261719431E-07,7.674731261719431E-07,0,1,4.714277394046443E-09,3276.05,3301.3,-1.09669,NA
75,592,ring,5250,compact,1190,1,belt_rock,direct,0.00011545470295197225,0.00011545470295197225,0,1,0.0016744814711965,7.73513E+06,8.16159E+06,-0.793106,NA
76,593,ring,5250,compact,493,1,belt_rock,direct,5.6135171839787466E-05,5.6135171839787466E-05,0,1,3.88618504574591E-07,3692.22,3696.77,-0.7907,NA
76,594,stream,5250,compact,493,2,belt_rock,closure,8.144736362474174E-11,8.144736362474174E-11,0,1,0,0,NA,NA,NA
76,595,stream,5250,compact,1387,3,belt_rock,closure,8.144736362474174E-11,8.144736362474174E-11,0,1,0,0,NA,NA,NA
77,596,ring,5250,compact,260,1,belt_rock,direct,9.585607198736679E-05,9.585607198736679E-05,0,1,5.257985275007752E-07,2925.49,2925.9,-2.04856,NA
77,597,ring,5250,compact,1460,1,belt_rock,direct,3.2537589911676504E-05,3.2537589911676504E-05,0,1,9.129374567745887E-07,14964.2,14967.6,-0.990593,NA
77,598,stream,5250,compact,260,2,belt_rock,closure,1.9628448424002382E-10,1.9628448424002382E-10,0,1,0,0,NA,NA,NA
77,599,stream,5250,compact,1387,4,belt_rock,closure,1.9628448424002382E-10,1.9628448424002382E-10,0,1,0,0,NA,NA,NA
77,600,ring,5250,compact,303,1,belt_rock,direct,1.6443273593925782E-05,1.6443273593925782E-05,0,1,2.352123610244006E-07,7629.05,7635.79,-0.826657,NA
77,601,stream,5250,compact,303,2,belt_rock,closure,3.2752455937955764E-12,0,3.2752455937955764E-12,0,0,NaN,NA,NA,NA
77,602,stream,5250,compact,1387,5,belt_rock,closure,3.2752455937955764E-12,0,3.2752455937955764E-12,0,0,NaN,NA,NA,NA
77,603,ring,5250,compact,1332,1,belt_rock,direct,9.618890941490908E-07,9.618890941490908E-07,0,1,9.93645681577467E-07,550941,552643,-0.993349,NA
77,604,ring,5250,compact,1836,1,belt_rock,direct,0.00010830422524882309,0.00010830422524882309,0,1,0.0008747886306619396,4.30781E+06,4.352E+06,-2.06206,NA
78,605,ring,5250,compact,565,1,belt_rock,direct,2.2286431311481495E-05,2.2286431311481495E-05,0,1,1.621297668244828E-07,3879.9,3876.94,-0.675136,NA
78,606,stream,5250,compact,565,2,belt_rock,closure,5.102965668370779E-12,5.102965668370779E-12,0,1,0,0,NA,NA,NA
78,607,stream,5250,compact,1836,3,belt_rock,closure,5.102965668370779E-12,5.102965668370779E-12,0,1,0,0,NA,NA,NA
78,608,stream,5250,compact,1387,7,belt_rock,closure,5.102965668370779E-12,5.102965668370779E-12,0,1,0,0,NA,NA,NA
78,609,stream,5250,compact,1332,3,belt_rock,closure,5.102965668370779E-12,5.102965668370779E-12,0,1,0,0,NA,NA,NA
79,610,ring,5250,compact,774,1,belt_rock,direct,7.619835503985227E-07,7.619835503985227E-07,0,1,1.5762152252884857E-08,11032.4,11115.3,-1.82068,NA
79,611,ring,5250,compact,1282,1,belt_rock,direct,1.4622823671792473E-06,1.4622823671792473E-06,0,1,5.355026993756715E-09,1953.12,1959.34,-2.21497,NA
79,612,ring,5250,compact,1626,1,belt_rock,direct,1.436251194900136E-05,1.436251194900136E-05,0,1,6.794677723112176E-08,2523.12,2533.85,-0.951736,NA
79,613,stream,5250,compact,774,2,belt_rock,closure,5.325398439934762E-12,0,5.325398439934762E-12,0,0,NaN,NA,NA,NA
79,614,stream,5250,compact,1332,4,belt_rock,closure,5.325398439934762E-12,0,5.325398439934762E-12,0,0,NaN,NA,NA,NA
79,615,stream,5250,compact,1626,2,belt_rock,closure,3.733932975741839E-09,3.733932975741839E-09,0,1,0,0,NA,NA,NA
79,616,stream,5250,compact,1282,2,belt_rock,closure,3.733932975741839E-09,3.733932975741839E-09,0,1,0,0,NA,NA,NA
79,617,ring,5250,compact,1227,1,belt_rock,direct,2.376168565486922E-06,2.376168565486922E-06,0,1,2.164559750221165E-08,4858.38,4872.11,-0.851068,NA
80,618,ring,5250,compact,118,1,belt_rock,direct,1.160129731814546E-06,1.160129731814546E-06,0,1,4.898161262601644E-09,2251.78,2264.3,-2.16562,NA
80,619,ring,5250,compact,1207,1,belt_rock,direct,0.00010036747340111972,0.00010036747340111972,0,1,2.455769272005407E-06,13049.5,12979.7,-0.597546,NA
80,620,stream,5250,compact,118,2,belt_rock,closure,6.082588812816413E-10,6.082588812816413E-10,0,1,0,0,NA,NA,NA
80,621,stream,5250,compact,1227,2,belt_rock,closure,6.082588812816413E-10,6.082588812816413E-10,0,1,0,0,NA,NA,NA
81,622,ring,5250,compact,1152,1,belt_rock,direct,4.1682410975269195E-05,4.1682410975269195E-05,0,1,6.030122768928546E-05,771564,766054,-0.746721,NA
81,623,ring,5250,compact,441,1,belt_rock,direct,3.1673527364542515E-06,3.1673527364542515E-06,0,1,4.658360808082377E-09,784.396,792.005,-2.02448,NA
81,624,ring,5250,compact,1658,1,belt_rock,direct,3.701067592378694E-05,3.701067592378694E-05,0,1,1.3588807544694166E-07,1958.18,1962.77,-0.710877,NA
82,625,ring,5250,compact,1935,1,belt_rock,direct,7.004689455138169E-07,7.004689455138169E-07,0,1,9.185408462795036E-10,699.372,704.103,-2.30686,NA
82,626,ring,5250,compact,114,1,belt_rock,direct,1.0410778928286129E-06,1.0410778928286129E-06,0,1,2.5888592065106524E-09,1326.25,1334.29,-0.98652,NA
83,627,ring,5250,compact,27,1,belt_rock,direct,8.222477805326216E-05,8.222477805326216E-05,0,1,2.9203026498381877E-07,1894.19,1895.01,-0.718395,NA
83,628,ring,5250,compact,1218,1,belt_rock,direct,1.5591889488819694E-05,1.5591889488819694E-05,0,1,1.412576938230787E-05,483183,484340,-0.773539,NA
83,629,ring,5250,compact,355,1,belt_rock,direct,4.3983737121644975E-05,4.3983737121644975E-05,0,1,2.404044070873239E-06,29150.7,29120.1,-0.724745,NA
83,630,ring,5250,compact,544,1,belt_rock,direct,6.58088767862827E-07,6.58088767862827E-07,0,1,5.285811892362548E-09,4283.77,4289.24,-0.716378,NA
83,631,ring,5250,compact,800,1,belt_rock,direct,5.3530790482345126E-05,5.3530790482345126E-05,0,1,9.608386542904288E-07,9572.94,9569.46,-0.716504,NA
83,632,stream,5250,compact,355,2,belt_rock,closure,8.000204212829002E-15,0,8.000204212829002E-15,0,0,NaN,NA,NA,NA
83,633,stream,5250,compact,1218,3,belt_rock,closure,8.000204212829002E-15,0,8.000204212829002E-15,0,0,NaN,NA,NA,NA
83,634,stream,5250,compact,544,2,belt_rock,closure,3.932939021534426E-12,0,3.932939021534426E-12,0,0,NaN,NA,NA,NA
83,635,stream,5250,compact,27,3,belt_rock,closure,3.932939021534426E-12,0,3.932939021534426E-12,0,0,NaN,NA,NA,NA
83,636,stream,5250,compact,194,6,belt_rock,direct,3.4544510192294764E-11,3.4544510192294764E-11,0,1,0,0,1119.34,-35.2205,NA
83,637,stream,5250,compact,663,3,unknown,direct,3.4544510192294764E-11,3.4544510192294764E-11,0,1,0,0,1088.81,-35.6021,NA
83,638,stream,5250,compact,1090,8,unknown,direct,3.4544510192294764E-11,3.4544510192294764E-11,0,1,0,0,1097.13,-35.498,NA
83,639,stream,5250,compact,1507,4,unknown,direct,3.4544510192294764E-11,3.4544510192294764E-11,0,1,0,0,1090.04,-35.5866,NA
83,640,stream,5250,compact,1535,5,unknown,direct,3.4544510192294764E-11,3.4544510192294764E-11,0,1,0,0,1095.93,-35.5131,NA
83,641,stream,5250,compact,1559,3,belt_rock,direct,3.4544510192294764E-11,3.4544510192294764E-11,0,1,0,0,1122.47,-35.1813,NA
84,642,ring,5250,compact,1984,1,belt_rock,direct,2.5327393401781034E-05,2.5327393401781034E-05,0,1,1.1960403505192948E-07,2518.57,2522,-0.745922,NA
84,643,ring,5250,compact,939,1,belt_rock,direct,3.4196213636993785E-06,3.4196213636993785E-06,0,1,2.2640617506510427E-06,353109,355296,-0.764556,NA
84,644,stream,5250,compact,1984,2,belt_rock,closure,4.4419874210313044E-10,4.4419874210313044E-10,0,1,0,0,NA,NA,NA
84,645,stream,5250,compact,1559,4,belt_rock,closure,4.4419874210313044E-10,4.4419874210313044E-10,0,1,0,0,NA,NA,NA
84,646,ring,5250,compact,1037,1,belt_rock,direct,5.7512297507767114E-05,5.7512297507767114E-05,0,1,7.637523292992768E-06,70825.6,71296.8,-0.649833,NA
85,647,stream,5250,compact,1559,5,belt_rock,direct,1.7157103683510758E-16,0,1.7157103683510758E-16,0,0,NaN,0,-886.012,NA
85,648,stream,5250,compact,1255,4,unknown,direct,1.5142508085865826E-10,0,1.5142508085865826E-10,0,0,NaN,1540.88,-29.9147,NA
85,649,ring,5250,compact,1611,1,belt_rock,direct,7.947357288949832E-05,7.947357288949832E-05,0,1,2.780028442471679E-07,1865.63,1867.23,-0.717806,NA
85,650,ring,5250,compact,1809,1,belt_rock,direct,0.00010452252871097023,0.00010452252871097023,0,1,2.186804608051834E-06,11158.3,11118.7,-0.535256,NA
85,651,stream,5250,compact,1394,2,unknown,direct,2.059190660436679E-11,0,2.059190660436679E-11,0,0,NaN,1561.06,-27.1275,NA
85,652,ring,5250,compact,382,1,belt_rock,direct,1.0859052484432568E-06,1.0859052484432568E-06,0,1,2.1683772185341213E-09,1064.98,1144.51,-2.18335,NA
86,653,stream,5250,compact,493,3,unknown,direct,4.072368181237085E-11,4.072368181237085E-11,0,1,0,0,5.93597,-46.9006,NA
86,654,ring,5250,compact,921,1,belt_rock,direct,6.674711254667874E-07,6.674711254667874E-07,0,1,5.933526135954087E-08,47411,47413.4,-1.09932,NA
86,655,stream,5250,compact,1190,3,unknown,direct,4.072368181237085E-11,4.072368181237085E-11,0,1,0,0,5.86567,-46.9015,NA
86,656,stream,5250,compact,1024,9,unknown,direct,3.4544510192294764E-11,3.4544510192294764E-11,0,1,0,0,738.469,-39.9814,NA
86,657,stream,5250,compact,535,6,unknown,direct,3.4544510192294764E-11,0,3.4544510192294764E-11,0,0,NaN,942.429,-37.4318,NA
86,658,stream,5250,compact,705,2,belt_rock,direct,3.4544510192294764E-11,3.4544510192294764E-11,0,1,0,0,913.447,-37.7942,NA
86,659,ring,5250,compact,1118,1,belt_rock,direct,4.550987894092424E-05,4.550987894092424E-05,0,1,9.85437953852315E-08,1154.84,1157.76,-1.88228,NA
87,660,ring,5250,compact,854,1,belt_rock,direct,8.008020172252881E-05,8.008020172252881E-05,0,1,1.4221328399003726E-06,9471.39,9474.91,-0.744819,NA
88,661,ring,5250,compact,385,1,belt_rock,direct,1.0684274275162959E-06,1.0684274275162959E-06,0,1,4.5732505881736676E-08,22828.6,22839.4,-2.08345,NA
88,662,ring,5250,compact,1652,1,belt_rock,direct,2.485721746586037E-05,2.485721746586037E-05,0,1,7.273486178362821E-07,15605.9,15600.5,-1.89934,NA
88,663,stream,5250,compact,303,4,unknown,direct,2.5514828341853883E-12,2.5514828341853883E-12,0,1,0,0,833.326,-38.7598,NA
88,664,stream,5250,compact,565,3,unknown,direct,2.5514828341853883E-12,2.5514828341853883E-12,0,1,0,0,833.19,-38.7615,NA
88,665,stream,5250,compact,1387,8,unknown,direct,2.5514828341853883E-12,2.5514828341853883E-12,0,1,0,0,833.177,-38.7617,NA
88,666,stream,5250,compact,1836,4,unknown,direct,2.5514828341853883E-12,2.5514828341853883E-12,0,1,0,0,833.312,-38.7599,NA
88,667,stream,5250,compact,385,2,unknown,unknown,2.484227318176378E-14,0,2.484227318176378E-14,0,0,NaN,NA,NA,NA
88,668,stream,5250,compact,854,2,unknown,unknown,2.484227318176378E-14,0,2.484227318176378E-14,0,0,NaN,NA,NA,NA
88,669,ring,5250,compact,110,1,belt_rock,direct,2.301558112591992E-05,2.301558112591992E-05,0,1,1.262667507612821E-06,29259.4,29326.2,-0.725944,NA
88,670,stream,5250,compact,110,2,unknown,unknown,6.893624103840231E-14,0,6.893624103840231E-14,0,0,NaN,NA,NA,NA
88,671,stream,5250,compact,854,3,unknown,unknown,6.893624103840231E-14,0,6.893624103840231E-14,0,0,NaN,NA,NA,NA
88,672,stream,5250,compact,385,3,unknown,unknown,6.893624103840231E-14,0,6.893624103840231E-14,0,0,NaN,NA,NA,NA
88,673,stream,5250,compact,1836,5,unknown,unknown,6.893624103840231E-14,0,6.893624103840231E-14,0,0,NaN,NA,NA,NA
89,674,ring,5250,compact,1788,1,belt_rock,direct,3.157017913744516E-05,3.157017913744516E-05,0,1,3.9656881062424246E-07,6699.47,6699.77,-0.708075,NA
89,675,ring,5250,compact,1287,1,belt_rock,direct,9.622828489747748E-05,9.622828489747748E-05,0,1,7.734917489814678E-07,4286.98,4289.68,-0.628015,NA
89,676,stream,5250,compact,1986,3,belt_rock,direct,3.4544510192294764E-11,0,3.4544510192294764E-11,0,0,NaN,250.232,-46.0838,NA
89,677,stream,5250,compact,1788,2,belt_rock,closure,5.822211798007383E-12,0,5.822211798007383E-12,0,0,NaN,NA,NA,NA
89,678,stream,5250,compact,1836,6,belt_rock,closure,5.822211798007383E-12,0,5.822211798007383E-12,0,0,NaN,NA,NA,NA
89,679,stream,5250,compact,385,4,belt_rock,closure,5.822211798007383E-12,0,5.822211798007383E-12,0,0,NaN,NA,NA,NA
89,680,stream,5250,compact,854,4,belt_rock,closure,5.822211798007383E-12,0,5.822211798007383E-12,0,0,NaN,NA,NA,NA
89,681,ring,5250,compact,683,1,belt_rock,direct,1.1169768588906311E-05,1.1169768588906311E-05,0,1,1.834743569482137E-07,8760.52,8768.82,-0.685979,NA
89,682,ring,5250,compact,1288,1,belt_rock,direct,5.6223715097189336E-05,5.6223715097189336E-05,0,1,4.6252381351034535E-07,4387.46,4391.62,-0.632308,NA
89,683,stream,5250,compact,1287,2,belt_rock,closure,4.252648797334315E-11,0,4.252648797334315E-11,0,0,NaN,NA,NA,NA
89,684,stream,5250,compact,110,3,belt_rock,closure,4.252648797334315E-11,0,4.252648797334315E-11,0,0,NaN,NA,NA,NA
89,685,stream,5250,compact,683,2,belt_rock,closure,2.0734125186483967E-12,0,2.0734125186483967E-12,0,0,NaN,NA,NA,NA
89,686,stream,5250,compact,854,5,belt_rock,closure,2.0734125186483967E-12,0,2.0734125186483967E-12,0,0,NaN,NA,NA,NA
89,687,stream,5250,compact,385,5,belt_rock,closure,2.0734125186483967E-12,0,2.0734125186483967E-12,0,0,NaN,NA,NA,NA
89,688,stream,5250,compact,1836,7,belt_rock,closure,2.0734125186483967E-12,0,2.0734125186483967E-12,0,0,NaN,NA,NA,NA
89,689,stream,5250,compact,1788,3,belt_rock,closure,2.0734125186483967E-12,0,2.0734125186483967E-12,0,0,NaN,NA,NA,NA
90,690,ring,5250,compact,214,1,belt_rock,direct,0.00012734651403784004,0.00012734651403784004,0,1,1.1018852161725121E-05,46147.5,46126.4,-0.631159,NA
90,691,stream,5250,compact,214,2,belt_rock,closure,1.0122776182167119E-15,0,1.0122776182167119E-15,0,0,NaN,NA,NA,NA
90,692,stream,5250,compact,1788,4,belt_rock,closure,1.0122776182167119E-15,0,1.0122776182167119E-15,0,0,NaN,NA,NA,NA
90,693,stream,5250,compact,1836,8,belt_rock,closure,1.0122776182167119E-15,0,1.0122776182167119E-15,0,0,NaN,NA,NA,NA
90,694,stream,5250,compact,385,6,belt_rock,closure,1.0122776182167119E-15,0,1.0122776182167119E-15,0,0,NaN,NA,NA,NA
90,695,stream,5250,compact,854,6,belt_rock,closure,1.0122776182167119E-15,0,1.0122776182167119E-15,0,0,NaN,NA,NA,NA
90,696,stream,5250,compact,683,3,belt_rock,closure,1.0122776182167119E-15,0,1.0122776182167119E-15,0,0,NaN,NA,NA,NA
90,697,stream,5250,compact,110,4,belt_rock,closure,1.0122776182167119E-15,0,1.0122776182167119E-15,0,0,NaN,NA,NA,NA
90,698,stream,5250,compact,1287,3,belt_rock,closure,1.0122776182167119E-15,0,1.0122776182167119E-15,0,0,NaN,NA,NA,NA
90,699,ring,5250,compact,1493,1,belt_rock,direct,3.860225234435711E-05,3.860225234435711E-05,0,1,2.013269510366427E-06,27815.6,27791.9,-0.644303,NA
90,700,stream,5250,compact,1493,2,belt_rock,closure,9.888389502083983E-15,0,9.888389502083983E-15,0,0,NaN,NA,NA,NA
90,701,stream,5250,compact,1287,4,belt_rock,closure,9.888389502083983E-15,0,9.888389502083983E-15,0,0,NaN,NA,NA,NA
90,702,stream,5250,compact,110,5,belt_rock,closure,9.888389502083983E-15,0,9.888389502083983E-15,0,0,NaN,NA,NA,NA
90,703,stream,5250,compact,683,4,belt_rock,closure,9.888389502083983E-15,0,9.888389502083983E-15,0,0,NaN,NA,NA,NA
90,704,stream,5250,compact,854,7,belt_rock,closure,9.888389502083983E-15,0,9.888389502083983E-15,0,0,NaN,NA,NA,NA
90,705,stream,5250,compact,385,7,belt_rock,closure,9.888389502083983E-15,0,9.888389502083983E-15,0,0,NaN,NA,NA,NA
91,706,ring,5250,compact,1391,1,belt_rock,direct,4.552832650394366E-05,4.552832650394366E-05,0,1,1.6758356007125545E-07,1963.13,1963.13,-1.88936,NA
91,707,ring,5250,compact,1266,1,belt_rock,direct,5.4662858437458046E-05,5.4662858437458046E-05,0,1,2.533969498624029E-07,2472.34,2475.36,-0.64975,NA
91,708,ring,5250,compact,290,1,belt_rock,direct,2.2846944243269564E-06,2.2846944243269564E-06,0,1,1.696721279507865E-08,3960.78,3958.24,-0.561664,NA
91,709,stream,5250,compact,1266,2,belt_rock,closure,4.855206332098412E-10,4.855206332098412E-10,0,1,0,0,NA,NA,NA
91,710,stream,5250,compact,1493,3,belt_rock,closure,4.855206332098412E-10,4.855206332098412E-10,0,1,0,0,NA,NA,NA
92,711,ring,5250,compact,1049,1,belt_rock,direct,3.7210346879476075E-05,3.7210346879476075E-05,0,1,2.42183501055905E-07,3471.2,3472.55,-0.612565,NA
92,712,stream,5250,compact,1049,2,belt_rock,closure,1.2656562824134446E-10,1.2656562824134446E-10,0,1,0,0,NA,NA,NA
92,713,stream,5250,compact,1493,4,belt_rock,closure,1.2656562824134446E-10,1.2656562824134446E-10,0,1,0,0,NA,NA,NA
93,714,ring,5250,compact,65,1,belt_rock,direct,4.837459166571394E-05,4.837459166571394E-05,0,1,1.0234909473588818E-06,11284.1,11282.4,-1.83599,NA
93,715,ring,5250,compact,753,1,belt_rock,direct,7.408723065587219E-06,7.408723065587219E-06,0,1,1.8181817488286658E-06,130886,130749,-0.688574,NA
93,716,ring,5250,compact,1828,1,belt_rock,direct,0.00011884666894337772,0.00011884666894337772,0,1,4.449352340979143E-05,199668,200005,-1.79902,NA
93,717,ring,5250,compact,691,1,belt_rock,direct,5.2846777542203185E-05,5.2846777542203185E-05,0,1,1.233011976205183E-06,12443.6,12433.8,-1.80151,NA
93,718,stream,5250,compact,691,2,belt_rock,closure,3.5294707259577416E-13,0,3.5294707259577416E-13,0,0,NaN,NA,NA,NA
93,719,stream,5250,compact,753,3,belt_rock,closure,3.5294707259577416E-13,0,3.5294707259577416E-13,0,0,NaN,NA,NA,NA
93,720,stream,5250,compact,65,3,belt_rock,closure,3.5294707259577416E-13,0,3.5294707259577416E-13,0,0,NaN,NA,NA,NA
93,721,stream,5250,compact,1828,2,belt_rock,closure,3.5294707259577416E-13,0,3.5294707259577416E-13,0,0,NaN,NA,NA,NA
93,722,stream,5250,compact,429,2,unknown,direct,2.187180878741294E-11,0,2.187180878741294E-11,0,0,NaN,1582.74,-26.796,NA
94,723,ring,5250,compact,1667,1,belt_rock,direct,1.1220913531656514E-06,1.1220913531656514E-06,0,1,1.649414802621325E-06,783972,784905,-2.06186,NA
94,724,ring,5250,compact,875,1,belt_rock,direct,0.00012881329193727598,0.00012881329193727598,0,1,3.4314867877523835E-07,1420.76,1426.51,-0.677987,NA
94,725,stream,5250,compact,88,4,unknown,direct,2.059190660436679E-11,0,2.059190660436679E-11,0,0,NaN,2168.08,-19.5216,NA
94,726,ring,5250,compact,961,1,belt_rock,direct,5.3476516157767915E-05,5.3476516157767915E-05,0,1,1.7386500264977246E-06,17339.9,17319.1,-1.78074,NA
94,727,stream,5250,compact,961,2,unknown,unknown,9.340911260771645E-14,0,9.340911260771645E-14,0,0,NaN,NA,NA,NA
94,728,stream,5250,compact,88,5,unknown,unknown,9.340911260771645E-14,0,9.340911260771645E-14,0,0,NaN,NA,NA,NA
95,729,ring,5250,compact,1609,1,belt_rock,direct,7.448872048202459E-06,7.448872048202459E-06,0,1,2.9766338942383317E-06,213125,211957,-0.471711,NA
95,730,ring,5250,compact,1065,1,belt_rock,direct,4.1840057047680056E-05,4.1840057047680056E-05,0,1,2.2902558243101202E-07,2919.38,2920.4,-1.79749,NA
95,731,stream,5250,compact,535,7,belt_rock,direct,1.7272255096147373E-11,0,1.7272255096147373E-11,0,0,NaN,1472.24,-30.8094,NA
95,732,stream,5250,compact,1065,2,belt_rock,closure,2.371238983581905E-10,2.371238983581905E-10,0,1,0,0,NA,NA,NA
95,733,stream,5250,compact,1609,3,belt_rock,closure,2.371238983581905E-10,2.371238983581905E-10,0,1,0,0,NA,NA,NA
95,734,stream,5250,compact,961,4,belt_rock,closure,2.371238983581905E-10,2.371238983581905E-10,0,1,0,0,NA,NA,NA
95,735,stream,5250,compact,88,7,belt_rock,closure,2.371238983581905E-10,2.371238983581905E-10,0,1,0,0,NA,NA,NA
95,736,ring,5250,compact,831,1,belt_rock,direct,2.0821010803673958E-05,2.0821010803673958E-05,0,1,3.4783949084551576E-06,89099.6,88685.7,-0.560126,NA
96,737,ring,5250,compact,305,1,belt_rock,direct,7.134898000707806E-07,7.134898000707806E-07,0,1,6.573194962405546E-07,491346,491348,-3.34433,NA
96,738,ring,5250,compact,931,1,belt_rock,direct,6.383734090571608E-06,6.383734090571608E-06,0,1,1.002004263011055E-06,83713.1,83809.6,-1.84494,NA
96,739,ring,5250,compact,1647,1,belt_rock,direct,3.3005350961776044E-06,3.3005350961776044E-06,0,1,3.979184580292544E-08,6429.96,6439.32,-0.683144,NA
96,740,ring,5250,compact,1242,1,belt_rock,direct,0.00011639669624779916,0.00011639669624779916,0,1,4.989728767816964E-06,22863.1,22909.4,-0.535931,NA
96,741,ring,5250,compact,1348,1,belt_rock,direct,7.343041283969219E-07,7.343041283969219E-07,0,1,8.671500470816659E-09,6298.21,6320.32,-0.784165,NA
96,742,stream,5250,compact,831,3,belt_rock,closure,7.258334415500945E-17,0,7.258334415500945E-17,0,0,NaN,NA,NA,NA
96,743,stream,5250,compact,1647,2,belt_rock,closure,8.620723678615789E-12,0,8.620723678615789E-12,0,0,NaN,NA,NA,NA
96,744,stream,5250,compact,305,3,belt_rock,closure,8.620723678615789E-12,0,8.620723678615789E-12,0,0,NaN,NA,NA,NA
96,745,stream,5250,compact,1242,2,belt_rock,closure,2.377915876858758E-14,0,2.377915876858758E-14,0,0,NaN,NA,NA,NA
96,746,stream,5250,compact,931,3,belt_rock,closure,2.377915876858758E-14,0,2.377915876858758E-14,0,0,NaN,NA,NA,NA
96,747,ring,5250,compact,727,1,belt_rock,direct,1.1947235743698286E-05,1.1947235743698286E-05,0,1,1.8280865252333187E-06,81607.1,81889.2,-1.76704,NA
96,748,ring,5250,compact,1555,1,belt_rock,direct,5.054472026250064E-05,5.054472026250064E-05,0,1,1.452306289813027E-06,15324.3,15298.9,-0.551573,NA
96,749,stream,5250,compact,931,4,belt_rock,closure,7.952104729937277E-17,0,7.952104729937277E-17,0,0,NaN,NA,NA,NA
96,750,stream,5250,compact,1242,3,belt_rock,closure,7.952104729937277E-17,0,7.952104729937277E-17,0,0,NaN,NA,NA,NA
96,751,stream,5250,compact,305,4,belt_rock,closure,7.952104729937277E-17,0,7.952104729937277E-17,0,0,NaN,NA,NA,NA
96,752,stream,5250,compact,1647,3,belt_rock,closure,7.952104729937277E-17,0,7.952104729937277E-17,0,0,NaN,NA,NA,NA
98,753,ring,5250,compact,1851,1,belt_rock,direct,1.8230472855092057E-05,1.8230472855092057E-05,0,1,8.62559978228261E-07,25234.2,25221.6,-0.575438,NA
98,754,ring,5250,compact,127,1,belt_rock,direct,1.9397118477442295E-06,1.9397118477442295E-06,0,1,1.0970444932046889E-08,3016.38,3024.84,-0.72694,NA
98,755,stream,5250,compact,1851,2,belt_rock,closure,1.5428152588280542E-14,0,1.5428152588280542E-14,0,0,NaN,NA,NA,NA
98,756,stream,5250,compact,1647,4,belt_rock,closure,1.5428152588280542E-14,0,1.5428152588280542E-14,0,0,NaN,NA,NA,NA
98,757,stream,5250,compact,305,5,belt_rock,closure,1.5428152588280542E-14,0,1.5428152588280542E-14,0,0,NaN,NA,NA,NA
98,758,stream,5250,compact,1242,4,belt_rock,closure,1.5428152588280542E-14,0,1.5428152588280542E-14,0,0,NaN,NA,NA,NA
98,759,stream,5250,compact,931,5,belt_rock,closure,1.5428152588280542E-14,0,1.5428152588280542E-14,0,0,NaN,NA,NA,NA
98,760,stream,5250,compact,727,3,belt_rock,closure,1.5428152588280542E-14,0,1.5428152588280542E-14,0,0,NaN,NA,NA,NA
98,761,ring,5250,compact,139,1,belt_rock,direct,1.9757782840975462E-05,1.9757782840975462E-05,0,1,2.2639607804023955E-07,6111.24,6122.95,-0.66848,NA
98,762,stream,5250,compact,139,2,belt_rock,closure,7.638554855657302E-11,0,7.638554855657302E-11,0,0,NaN,NA,NA,NA
98,763,stream,5250,compact,727,4,belt_rock,closure,7.638554855657302E-11,0,7.638554855657302E-11,0,0,NaN,NA,NA,NA
98,764,stream,5250,compact,931,6,belt_rock,closure,7.638554855657302E-11,0,7.638554855657302E-11,0,0,NaN,NA,NA,NA
98,765,stream,5250,compact,1242,5,belt_rock,closure,7.638554855657302E-11,0,7.638554855657302E-11,0,0,NaN,NA,NA,NA
98,766,stream,5250,compact,305,6,belt_rock,closure,7.638554855657302E-11,0,7.638554855657302E-11,0,0,NaN,NA,NA,NA
98,767,stream,5250,compact,1647,5,belt_rock,closure,7.638554855657302E-11,0,7.638554855657302E-11,0,0,NaN,NA,NA,NA
98,768,stream,5250,compact,1851,3,belt_rock,closure,7.638554855657302E-11,0,7.638554855657302E-11,0,0,NaN,NA,NA,NA
99,769,ring,5250,compact,702,1,belt_rock,direct,6.160083214715121E-05,6.160083214715121E-05,0,1,1.0791040404617732E-06,9342.77,9342.77,-1.76368,NA
99,770,ring,5250,compact,1876,1,belt_rock,direct,2.3915423599850686E-05,2.3915423599850686E-05,0,1,1.0669226039796933E-07,2379.32,2379.32,-0.627426,NA
99,771,stream,5250,compact,702,2,belt_rock,closure,1.463941477756287E-12,0,1.463941477756287E-12,0,0,NaN,NA,NA,NA
99,772,stream,5250,compact,1851,4,belt_rock,closure,1.463941477756287E-12,0,1.463941477756287E-12,0,0,NaN,NA,NA,NA
99,773,stream,5250,compact,1647,6,belt_rock,closure,1.463941477756287E-12,0,1.463941477756287E-12,0,0,NaN,NA,NA,NA
99,774,stream,5250,compact,305,7,belt_rock,closure,1.463941477756287E-12,0,1.463941477756287E-12,0,0,NaN,NA,NA,NA
99,775,stream,5250,compact,1242,6,belt_rock,closure,1.463941477756287E-12,0,1.463941477756287E-12,0,0,NaN,NA,NA,NA
99,776,stream,5250,compact,931,7,belt_rock,closure,1.463941477756287E-12,0,1.463941477756287E-12,0,0,NaN,NA,NA,NA
99,777,stream,5250,compact,727,5,belt_rock,closure,1.463941477756287E-12,0,1.463941477756287E-12,0,0,NaN,NA,NA,NA
99,778,stream,5250,compact,139,3,belt_rock,closure,1.463941477756287E-12,0,1.463941477756287E-12,0,0,NaN,NA,NA,NA
99,779,ring,5250,compact,1313,1,belt_rock,direct,6.0671528502847804E-05,6.0671528502847804E-05,0,1,2.9393651542642826E-07,2583.85,2592.41,-0.60364,NA
99,780,ring,5250,compact,1605,1,belt_rock,direct,6.900217733863299E-06,6.900217733863299E-06,0,1,3.691230401051032E-07,28530.3,28490.7,-0.575712,NA
99,781,stream,5250,compact,1313,2,belt_rock,closure,3.490433787609368E-09,3.490433787609368E-09,0,1,0,0,NA,NA,NA
99,782,stream,5250,compact,139,4,belt_rock,closure,3.490433787609368E-09,3.490433787609368E-09,0,1,0,0,NA,NA,NA
99,783,stream,5250,compact,727,6,belt_rock,closure,3.490433787609368E-09,3.490433787609368E-09,0,1,0,0,NA,NA,NA
99,784,stream,5250,compact,931,8,belt_rock,closure,3.490433787609368E-09,3.490433787609368E-09,0,1,0,0,NA,NA,NA
100,785,ring,5250,compact,68,1,belt_rock,direct,6.17797843314844E-05,6.17797843314844E-05,0,1,1.6869957534902735E-07,1456.35,1457.01,-0.569849,NA
100,786,stream,5250,compact,305,8,belt_rock,direct,3.490433787609368E-09,3.490433787609368E-09,0,1,0,0,311.23,-29.1218,NA
100,787,ring,5250,compact,430,1,belt_rock,direct,1.1893431066733642E-06,1.1893431066733642E-06,0,1,2.326442772566019E-09,1043.24,1063.76,-1.51918,NA
100,788,stream,5250,compact,702,3,belt_rock,direct,3.490433787609368E-09,3.490433787609368E-09,0,1,0,0,311.233,-29.1217,NA
100,789,stream,5250,compact,1242,7,belt_rock,direct,3.490433787609368E-09,3.490433787609368E-09,0,1,0,0,311.23,-29.1218,NA
100,790,stream,5250,compact,1647,7,belt_rock,direct,3.490433787609368E-09,3.490433787609368E-09,0,1,0,0,311.222,-29.122,NA
100,791,stream,5250,compact,1851,5,belt_rock,direct,3.490433787609368E-09,3.490433787609368E-09,0,1,0,0,311.222,-29.122,NA
100,792,stream,5250,compact,1876,2,belt_rock,direct,3.490433787609368E-09,3.490433787609368E-09,0,1,0,0,311.233,-29.1217,NA
100,793,ring,5250,compact,147,1,belt_rock,direct,2.7583896650628742E-05,2.7583896650628742E-05,0,1,5.72383472129771E-08,1106.7,1108.43,-0.572607,NA
100,794,ring,5250,compact,948,1,belt_rock,direct,2.327701608237952E-06,2.327701608237952E-06,0,1,4.157714381926032E-08,9526.34,9533.97,-0.651858,NA
100,795,ring,5250,compact,1914,1,belt_rock,direct,8.066476288691161E-05,8.066476288691161E-05,0,1,0.0004451488186088169,2.9432E+06,2.87362E+06,-1.69204,NA
101,796,stream,5250,compact,565,4,unknown,direct,1.2757414170926937E-12,0,1.2757414170926937E-12,0,0,NaN,269.358,-45.8086,NA
101,797,ring,5250,compact,1027,1,belt_rock,direct,6.723288781200748E-06,6.723288781200748E-06,0,1,1.933026510550008E-07,15334,15363.1,-0.732199,NA
101,798,stream,5250,compact,1027,2,unknown,unknown,1.2688177210729725E-12,0,1.2688177210729725E-12,0,0,NaN,NA,NA,NA
101,799,stream,5250,compact,565,5,unknown,unknown,1.2688177210729725E-12,0,1.2688177210729725E-12,0,0,NaN,NA,NA,NA
101,800,stream,5250,compact,1914,3,unknown,unknown,1.2688177210729725E-12,0,1.2688177210729725E-12,0,0,NaN,NA,NA,NA
101,801,stream,5250,compact,948,3,unknown,unknown,1.2688177210729725E-12,0,1.2688177210729725E-12,0,0,NaN,NA,NA,NA
101,802,stream,5250,compact,1640,1,belt_rock,direct,0.00012686362594341587,0.00012686362594341587,0,1,0,0,7.45312E+10,-1.74326,NA
101,803,ring,5250,compact,1145,1,belt_rock,direct,0.0001302416012633862,0.0001302416012633862,0,1,1.8615797958363886E-07,762.308,765.473,-0.548008,NA
102,804,stream,5250,compact,565,6,belt_rock,direct,3.171590648585397E-05,3.171590648585397E-05,0,1,0,0,2.90783E+11,-1.87088,NA
102,805,stream,5250,compact,948,4,belt_rock,direct,3.171590648585397E-05,3.171590648585397E-05,0,1,0,0,2.90783E+11,-1.87088,NA
102,806,stream,5250,compact,1640,2,belt_rock,direct,3.171590648585397E-05,3.171590648585397E-05,0,1,0,0,1.893E+11,-1.87088,NA
102,807,stream,5250,compact,1914,4,belt_rock,direct,3.171590648585397E-05,3.171590648585397E-05,0,1,0,0,1.893E+11,-1.87088,NA
102,808,ring,5250,compact,843,1,belt_rock,direct,3.066776746253146E-05,3.066776746253146E-05,0,1,6.23203701737642E-06,108379,108543,-0.636433,NA
102,809,ring,5250,compact,1194,1,belt_rock,direct,5.175198483506292E-05,5.175198483506292E-05,0,1,7.779422997396922E-07,8017.13,8021.97,-0.629763,NA
102,810,ring,5250,compact,1521,1,belt_rock,direct,1.2077087728448838E-06,1.2077087728448838E-06,0,1,4.162338421169816E-07,183812,184215,-0.666127,NA
102,811,stream,5250,compact,948,5,belt_rock,closure,1.315201730594372E-05,1.315201730594372E-05,0,1,0,0,NA,NA,NA
102,812,stream,5250,compact,565,7,belt_rock,closure,1.315201730594372E-05,1.315201730594372E-05,0,1,0,0,NA,NA,NA
102,813,stream,5250,compact,1914,5,belt_rock,closure,1.315201731252852E-05,1.315201731252852E-05,0,1,0,0,NA,NA,NA
102,814,stream,5250,compact,1640,3,belt_rock,closure,1.315201731252852E-05,1.315201731252852E-05,0,1,0,0,NA,NA,NA
102,815,stream,5250,compact,1194,2,belt_rock,closure,2.2767310382153534E-11,0,2.2767310382153534E-11,0,0,NaN,NA,NA,NA
102,816,stream,5250,compact,843,2,belt_rock,closure,2.2767310382153534E-11,0,2.2767310382153534E-11,0,0,NaN,NA,NA,NA
102,817,ring,5250,compact,1389,1,belt_rock,direct,4.914067235882334E-06,4.914067235882334E-06,0,1,3.4659962060797644E-08,3761.71,3798.5,-0.712776,NA
102,818,stream,5250,compact,948,6,belt_rock,closure,6.080867906913309E-06,6.080867906913309E-06,0,1,0,0,NA,NA,NA
102,819,stream,5250,compact,1521,2,belt_rock,closure,6.080867906913309E-06,6.080867906913309E-06,0,1,0,0,NA,NA,NA
103,820,ring,5250,compact,209,1,belt_rock,direct,1.4672044064061146E-06,1.4672044064061146E-06,0,1,4.4551048854348495E-09,1619.44,1619.44,-0.843971,NA
103,821,stream,5250,compact,565,8,unknown,direct,6.080867913583062E-06,6.080867913583062E-06,0,1,0,0,3.65392E+10,-2.54942,NA
103,822,stream,5250,compact,948,7,unknown,direct,2.704304826818197E-06,2.704304826818197E-06,0,1,0,0,4.55114E+10,-2.54942,NA
103,823,stream,5250,compact,1521,3,unknown,direct,2.704304826818197E-06,2.704304826818197E-06,0,1,0,0,4.18646E+10,-2.54942,NA
103,824,ring,5250,compact,1672,1,belt_rock,direct,3.917222442906586E-05,3.917222442906586E-05,0,1,9.866624066599042E-08,1343.35,1343.35,-1.7559,NA
103,825,stream,5250,compact,1914,6,unknown,direct,6.080867913583062E-06,6.080867913583062E-06,0,1,0,0,3.34029E+10,-2.54942,NA
103,826,ring,5250,compact,163,1,belt_rock,direct,2.8014075334572595E-05,2.8014075334572595E-05,0,1,6.945173367775896E-08,1322.23,1322.88,-1.74427,NA
103,827,ring,5250,compact,637,1,belt_rock,direct,8.44850477879869E-07,8.44850477879869E-07,0,1,4.4802002275636966E-09,2828.24,2894.1,-1.45734,NA
103,828,stream,5250,compact,565,9,unknown,unknown,1.0673038525470583E-06,1.0673038525470583E-06,0,1,0,0,NA,NA,NA
103,829,stream,5250,compact,209,2,unknown,unknown,1.0673038525470583E-06,1.0673038525470583E-06,0,1,0,0,NA,NA,NA
103,830,stream,5250,compact,1521,4,unknown,unknown,1.0673038488145354E-06,1.0673038488145354E-06,0,1,0,0,NA,NA,NA
103,831,stream,5250,compact,948,8,unknown,unknown,1.0673038488145354E-06,1.0673038488145354E-06,0,1,0,0,NA,NA,NA
103,832,stream,5250,compact,1914,7,unknown,unknown,1.0673038527217048E-06,1.0673038527217048E-06,0,1,0,0,NA,NA,NA
103,833,stream,5250,compact,1672,2,unknown,unknown,1.0673038527217048E-06,1.0673038527217048E-06,0,1,0,0,NA,NA,NA
103,834,stream,5250,compact,209,3,unknown,unknown,3.2478071166255495E-07,3.2478071166255495E-07,0,1,0,0,NA,NA,NA
103,835,stream,5250,compact,565,10,unknown,unknown,3.2478071166255495E-07,3.2478071166255495E-07,0,1,0,0,NA,NA,NA
104,836,ring,5250,compact,578,1,belt_rock,direct,2.6229088541814963E-06,2.6229088541814963E-06,0,1,1.107602968698404E-08,2252.16,2252.16,-0.986999,NA
104,837,stream,5250,compact,843,3,belt_rock,direct,6.5433988885887E-10,6.5433988885887E-10,0,1,0,0,7.68418,-48.103,NA
104,838,stream,5250,compact,1194,3,belt_rock,direct,6.5433988885887E-10,6.5433988885887E-10,0,1,0,0,7.68418,-48.103,NA
104,839,stream,5250,compact,1389,2,belt_rock,direct,6.5433988885887E-10,6.5433988885887E-10,0,1,0,0,7.68437,-48.103,NA
104,840,stream,5250,compact,1640,4,belt_rock,direct,6.5433988885887E-10,6.5433988885887E-10,0,1,0,0,7.68437,-48.103,NA
104,841,stream,5250,compact,578,2,belt_rock,closure,7.439518262158401E-10,7.439518262158401E-10,0,1,0,0,NA,NA,NA
104,842,stream,5250,compact,1914,9,belt_rock,closure,7.439518262158401E-10,7.439518262158401E-10,0,1,0,0,NA,NA,NA
104,843,stream,5250,compact,1672,4,belt_rock,closure,7.439518262158401E-10,7.439518262158401E-10,0,1,0,0,NA,NA,NA
104,844,stream,5250,compact,1521,6,belt_rock,closure,7.439518262158401E-10,7.439518262158401E-10,0,1,0,0,NA,NA,NA
104,845,stream,5250,compact,948,10,belt_rock,closure,7.439518262158401E-10,7.439518262158401E-10,0,1,0,0,NA,NA,NA
104,846,stream,5250,compact,565,12,belt_rock,closure,7.439518262158401E-10,7.439518262158401E-10,0,1,0,0,NA,NA,NA
104,847,ring,5250,compact,463,1,belt_rock,direct,6.324340720040536E-05,6.324340720040536E-05,0,1,3.715099266021801E-07,3132.95,3134.17,-1.69545,NA
104,848,stream,5250,compact,1387,9,unknown,direct,1.2757414170926937E-12,0,1.2757414170926937E-12,0,0,NaN,1900.68,-25.4183,NA
104,849,stream,5250,compact,463,2,unknown,unknown,1.5198970464142166E-10,1.5198970464142166E-10,0,1,0,0,NA,NA,NA
104,850,stream,5250,compact,565,13,unknown,unknown,1.5198970464142166E-10,1.5198970464142166E-10,0,1,0,0,NA,NA,NA
104,851,stream,5250,compact,163,2,belt_rock,direct,2.02208145316361E-09,2.02208145316361E-09,0,1,0,0,519.85,-31.1352,NA
105,852,stream,5250,compact,637,2,belt_rock,direct,2.02208145316361E-09,2.02208145316361E-09,0,1,0,0,400.796,-32.6236,NA
105,853,ring,5250,compact,1247,1,belt_rock,direct,1.0137778709914647E-06,1.0137778709914647E-06,0,1,2.0348162826897905E-09,1070.49,1089.55,-0.653154,NA
105,854,ring,5250,compact,461,1,belt_rock,direct,4.7077194164543164E-05,4.7077194164543164E-05,0,1,6.011586499120627E-07,6810.47,6806.22,-0.451796,NA
106,855,ring,5250,compact,1793,1,belt_rock,direct,2.0437380817761525E-05,2.0437380817761525E-05,0,1,1.7173880470992569E-07,4481.69,4485.88,-0.727822,NA
106,856,ring,5250,compact,1209,1,belt_rock,direct,6.805478978563524E-05,6.805478978563524E-05,0,1,0.00010557452339684964,827369,824192,-1.67626,NA
106,857,stream,5250,compact,1793,2,belt_rock,closure,3.0414793139423744E-10,0,3.0414793139423744E-10,0,0,NaN,NA,NA,NA
106,858,stream,5250,compact,461,2,belt_rock,closure,3.0414793139423744E-10,0,3.0414793139423744E-10,0,0,NaN,NA,NA,NA
106,859,ring,5250,compact,623,1,belt_rock,direct,0.00011610893787080391,0.00011610893787080391,0,1,3.6286160348605556E-06,16667.6,16651.8,-0.447025,NA
106,860,ring,5250,compact,1168,1,belt_rock,direct,1.9350466430449344E-05,1.9350466430449344E-05,0,1,2.7335525724716793E-07,7534.16,7533.86,-1.70848,NA
106,861,stream,5250,compact,623,2,belt_rock,closure,9.845712458780219E-14,0,9.845712458780219E-14,0,0,NaN,NA,NA,NA
106,862,stream,5250,compact,461,3,belt_rock,closure,9.845712458780219E-14,0,9.845712458780219E-14,0,0,NaN,NA,NA,NA
106,863,stream,5250,compact,1793,3,belt_rock,closure,9.845712458780219E-14,0,9.845712458780219E-14,0,0,NaN,NA,NA,NA
106,864,stream,5250,compact,1209,2,belt_rock,closure,9.845712458780219E-14,0,9.845712458780219E-14,0,0,NaN,NA,NA,NA
106,865,stream,5250,compact,1535,6,unknown,direct,1.7272255096147373E-11,0,1.7272255096147373E-11,0,0,NaN,1836.28,-26.2614,NA
106,866,ring,5250,compact,1965,1,belt_rock,direct,8.278040834414988E-06,8.278040834414988E-06,0,1,1.3762212941724923E-06,88666.5,88373.4,-1.68732,NA
106,867,ring,5250,compact,1339,1,belt_rock,direct,3.905476671169992E-06,3.905476671169992E-06,0,1,3.4379187495909954E-08,4694.83,4735.57,-0.604892,NA
106,868,stream,5250,compact,1535,7,unknown,unknown,5.534195198254491E-17,0,5.534195198254491E-17,0,0,NaN,NA,NA,NA
106,869,stream,5250,compact,1209,3,unknown,unknown,5.534195198254491E-17,0,5.534195198254491E-17,0,0,NaN,NA,NA,NA
106,870,stream,5250,compact,1793,4,unknown,unknown,5.534195198254491E-17,0,5.534195198254491E-17,0,0,NaN,NA,NA,NA
107,871,stream,5250,compact,1339,2,belt_rock,direct,2.4920106711296966E-10,0,2.4920106711296966E-10,0,0,NaN,2.59323E-12,-59.816,NA
107,872,stream,5250,compact,1965,3,belt_rock,direct,2.4920106711296966E-10,0,2.4920106711296966E-10,0,0,NaN,2.59323E-12,-59.816,NA
107,873,ring,5250,compact,1484,1,belt_rock,direct,4.4308181374396415E-06,4.4308181374396415E-06,0,1,1.6906260268868328E-08,2034.99,2038.51,-0.579645,NA
107,874,stream,5250,compact,1652,2,unknown,direct,1.2757414170926937E-12,0,1.2757414170926937E-12,0,0,NaN,1304.24,-32.8719,NA
107,875,ring,5250,compact,1603,1,belt_rock,direct,3.4552980029057323E-06,3.4552980029057323E-06,0,1,1.4861718274474666E-07,22939.4,22902.7,-0.485068,NA
108,876,stream,5250,compact,1603,2,belt_rock,direct,2.4894954117518742E-14,0,2.4894954117518742E-14,0,0,NaN,4.22501E-12,-287.383,NA
108,877,stream,5250,compact,1652,3,belt_rock,direct,2.4894954117518742E-14,0,2.4894954117518742E-14,0,0,NaN,4.22501E-12,-287.383,NA
108,878,ring,5250,compact,1796,1,belt_rock,direct,6.41583306720475E-05,6.41583306720475E-05,0,1,7.252417177521871E-08,602.877,603.869,-0.50874,NA
108,879,ring,5250,compact,266,1,belt_rock,direct,6.330910808130409E-05,6.330910808130409E-05,0,1,8.250889836772079E-08,695.078,699.168,-0.586978,NA
108,880,ring,5250,compact,372,1,belt_rock,direct,3.8460661712503836E-05,3.8460661712503836E-05,0,1,6.697185579063535E-08,928.698,932.417,-0.510539,NA
108,881,ring,5250,compact,1495,1,belt_rock,direct,8.985001488494767E-06,8.985001488494767E-06,0,1,2.970141457570602E-07,17630.2,17665.1,-1.64618,NA
109,882,ring,5250,compact,1957,1,belt_rock,direct,1.7879700153646495E-05,1.7879700153646495E-05,0,1,2.6637263556296635E-06,79456.3,79553.8,-1.65202,NA
109,883,stream,5250,compact,1495,2,belt_rock,closure,1.0315442325370337E-16,0,1.0315442325370337E-16,0,0,NaN,NA,NA,NA
109,884,ring,5250,compact,37,1,belt_rock,direct,9.842480692421445E-07,9.842480692421445E-07,0,1,2.6317275687270316E-09,1426.05,1441.25,-0.65577,NA
109,885,stream,5250,compact,705,3,belt_rock,direct,1.7272255096147373E-11,0,1.7272255096147373E-11,0,0,NaN,2652.73,-16.1018,NA
109,886,ring,5250,compact,718,1,belt_rock,direct,1.2597613487715486E-05,1.2597613487715486E-05,0,1,3.9188721440782143E-07,16591,16631.3,-1.71123,NA
109,887,stream,5250,compact,466,4,unknown,direct,2.187180878741294E-11,0,2.187180878741294E-11,0,0,NaN,1524.83,-27.5187,NA
109,888,ring,5250,compact,1275,1,belt_rock,direct,4.012250563776797E-05,4.012250563776797E-05,0,1,3.6634500229256036E-06,48696.9,48592.6,-1.68648,NA
109,889,stream,5250,compact,718,2,unknown,unknown,8.65810189381967E-13,0,8.65810189381967E-13,0,0,NaN,NA,NA,NA
109,890,stream,5250,compact,705,4,unknown,unknown,8.65810189381967E-13,0,8.65810189381967E-13,0,0,NaN,NA,NA,NA
110,891,stream,5250,compact,466,5,belt_rock,direct,6.926282653277998E-15,0,6.926282653277998E-15,0,0,NaN,7.59292E-12,-610.558,NA
110,892,ring,5250,compact,1842,1,belt_rock,direct,1.2423786616201656E-05,1.2423786616201656E-05,0,1,3.177621907196546E-08,1364.1,1365.17,-0.517107,NA
110,893,ring,5250,compact,930,1,belt_rock,direct,2.133023284177434E-05,2.133023284177434E-05,0,1,2.2376044844905377E-06,55948.2,56064.7,-0.439843,NA
110,894,ring,5250,compact,963,1,belt_rock,direct,0.0001048845960402247,0.0001048845960402247,0,1,1.553844822798383E-07,790.123,791.525,-0.452221,NA
110,895,stream,5250,compact,921,2,unknown,direct,2.036184090618541E-11,0,2.036184090618541E-11,0,0,NaN,1250.26,-31.3465,NA
110,896,ring,5250,compact,1663,1,belt_rock,direct,2.6432896563331884E-06,2.6432896563331884E-06,0,1,3.135839495032407E-08,6327.15,6373.2,-0.804048,NA
110,897,stream,5250,compact,1663,2,unknown,unknown,6.593563444604517E-11,0,6.593563444604517E-11,0,0,NaN,NA,NA,NA
110,898,stream,5250,compact,921,3,unknown,unknown,6.593563444604517E-11,0,6.593563444604517E-11,0,0,NaN,NA,NA,NA
110,899,stream,5250,compact,1809,2,unknown,direct,2.036184090618541E-11,0,2.036184090618541E-11,0,0,NaN,1668,-26.1227,NA
111,900,ring,5250,compact,57,1,belt_rock,direct,2.34993418756597E-05,2.34993418756597E-05,0,1,1.8422896824009466E-07,4181.2,4182.34,-0.436049,NA
111,901,ring,5250,compact,975,1,belt_rock,direct,2.7096107952059793E-05,2.7096107952059793E-05,0,1,3.0271950686742866E-07,5958.44,5958.08,-0.415709,NA
111,902,stream,5250,compact,57,2,belt_rock,closure,4.855237889573521E-11,4.855237889573521E-11,0,1,0,0,NA,NA,NA
111,903,stream,5250,compact,1809,3,belt_rock,closure,4.855237889573521E-11,4.855237889573521E-11,0,1,0,0,NA,NA,NA
111,904,stream,5250,compact,921,4,belt_rock,closure,4.855237889573521E-11,4.855237889573521E-11,0,1,0,0,NA,NA,NA
111,905,stream,5250,compact,1663,3,belt_rock,closure,4.855237889573521E-11,4.855237889573521E-11,0,1,0,0,NA,NA,NA
111,906,ring,5250,compact,1537,1,belt_rock,direct,1.4660698398393313E-05,1.4660698398393313E-05,0,1,1.9465852455246296E-07,7081.37,7077.91,-0.399247,NA
111,907,stream,5250,compact,1537,2,belt_rock,closure,4.631808524329953E-12,0,4.631808524329953E-12,0,0,NaN,NA,NA,NA
111,908,stream,5250,compact,1663,4,belt_rock,closure,4.631808524329953E-12,0,4.631808524329953E-12,0,0,NaN,NA,NA,NA
112,909,ring,5250,compact,613,1,belt_rock,direct,1.1595941152839164E-06,1.1595941152839164E-06,0,1,3.0809618936424204E-09,1417.03,1425.37,-1.89543,NA
112,910,ring,5250,compact,552,1,belt_rock,direct,5.145624344600713E-05,5.145624344600713E-05,0,1,1.3757778900923458E-07,1425.97,1427.65,-0.417965,NA
112,911,stream,5250,compact,546,1,belt_rock,direct,1.2059907046819269E-06,1.2059907046819269E-06,0,1,0,0,780.155,-0.868132,NA
112,912,stream,5250,compact,57,3,unknown,direct,2.4276189447867588E-11,0,2.4276189447867588E-11,0,0,NaN,1142.52,-38.4498,NA
112,913,stream,5250,compact,921,5,unknown,direct,2.4276189447867588E-11,0,2.4276189447867588E-11,0,0,NaN,1142.52,-38.4498,NA
112,914,stream,5250,compact,975,2,unknown,direct,2.4276189447867588E-11,0,2.4276189447867588E-11,0,0,NaN,1142.52,-38.4497,NA
112,915,stream,5250,compact,1809,4,unknown,direct,2.4276189447867588E-11,0,2.4276189447867588E-11,0,0,NaN,1142.52,-38.4497,NA
112,916,ring,5250,compact,133,1,belt_rock,direct,4.506384562686033E-06,4.506384562686033E-06,0,1,1.783481315292431E-08,2110.76,2146.37,-0.542293,NA
113,917,ring,5250,compact,1719,1,belt_rock,direct,7.858120811876666E-07,7.858120811876666E-07,0,1,1.469074668722634E-09,997.066,1002.62,-0.793522,NA
113,918,ring,5250,compact,142,1,belt_rock,direct,8.380647181948051E-07,8.380647181948051E-07,0,1,1.1945058646745836E-09,760.168,770.13,-0.653101,NA
113,919,stream,5250,compact,493,4,unknown,direct,2.036184090618541E-11,0,2.036184090618541E-11,0,0,NaN,1323.89,-30.4291,NA
113,920,ring,5250,compact,1945,1,belt_rock,direct,2.365372944217616E-05,2.365372944217616E-05,0,1,5.876478710712727E-08,1325,1327.32,-1.6357,NA
113,921,ring,5250,compact,91,1,belt_rock,direct,3.1876191698385306E-06,3.1876191698385306E-06,0,1,9.752923721552221E-08,16318,16350.7,-0.606153,NA
113,922,ring,5250,compact,483,1,belt_rock,direct,6.173609761202921E-06,6.173609761202921E-06,0,1,1.4959957889202873E-07,12923.8,12914.3,-0.408521,NA
113,923,ring,5250,compact,1079,1,belt_rock,direct,2.1519531629793046E-05,2.1519531629793046E-05,0,1,1.3340593534530918E-06,33062.9,33023.6,-0.482618,NA
113,924,stream,5250,compact,483,2,unknown,unknown,3.181782700072761E-13,0,3.181782700072761E-13,0,0,NaN,NA,NA,NA
113,925,stream,5250,compact,91,2,unknown,unknown,3.181782700072761E-13,0,3.181782700072761E-13,0,0,NaN,NA,NA,NA
113,926,ring,5250,compact,911,1,belt_rock,direct,2.610443169231576E-06,2.610443169231576E-06,0,1,1.303343302224443E-08,2662.83,2676.31,-0.432401,NA
113,927,ring,5250,compact,1922,1,belt_rock,direct,1.70045172037421E-06,1.70045172037421E-06,0,1,4.424546708321136E-08,13877.2,13877.4,-0.445872,NA
114,928,ring,5250,compact,1661,1,belt_rock,direct,7.352568701480697E-05,7.352568701480697E-05,0,1,1.9053247443237641E-06,13820.7,13816.8,-0.37658,NA
114,929,stream,5250,compact,91,3,belt_rock,direct,3.762001242944767E-10,3.762001242944767E-10,0,1,0,0,2.29039E-12,-33.8964,NA
114,930,stream,5250,compact,483,3,belt_rock,direct,3.762001242944767E-10,3.762001242944767E-10,0,1,0,0,2.29039E-12,-33.8964,NA
114,931,stream,5250,compact,911,2,belt_rock,direct,3.762001242944767E-10,3.762001242944767E-10,0,1,0,0,1.7178E-12,-33.8964,NA
114,932,stream,5250,compact,1079,2,belt_rock,direct,3.762001242944767E-10,3.762001242944767E-10,0,1,0,0,1.7178E-12,-33.8964,NA
114,933,stream,5250,compact,1661,2,belt_rock,closure,2.289481696401223E-13,0,2.289481696401223E-13,0,0,NaN,NA,NA,NA
114,934,stream,5250,compact,1922,2,belt_rock,closure,2.289481696401223E-13,0,2.289481696401223E-13,0,0,NaN,NA,NA,NA
114,935,stream,5250,compact,126,6,belt_rock,direct,1.727225509614739E-11,0,1.727225509614739E-11,0,0,NaN,2686.67,-15.5256,NA
114,936,stream,5250,compact,642,4,belt_rock,direct,1.727225509614739E-11,0,1.727225509614739E-11,0,0,NaN,2686.67,-15.5256,NA
114,937,ring,5250,compact,758,1,belt_rock,direct,7.409079029432428E-06,7.409079029432428E-06,0,1,8.566620645846778E-09,616.658,617.352,-0.339038,NA
115,938,ring,5250,compact,1085,1,belt_rock,direct,7.693865303393775E-06,7.693865303393775E-06,0,1,2.138814425950804E-05,1.48261E+06,1.4523E+06,-0.268459,NA
115,939,ring,5250,compact,589,1,belt_rock,direct,3.227238598319473E-06,3.227238598319473E-06,0,1,3.439062863104713E-08,5683.39,5690.42,-0.43935,NA
115,940,stream,5250,compact,589,2,belt_rock,closure,1.2947879494907125E-11,0,1.2947879494907125E-11,0,0,NaN,NA,NA,NA
115,941,stream,5250,compact,1661,4,belt_rock,closure,1.2947879494907125E-11,0,1.2947879494907125E-11,0,0,NaN,NA,NA,NA
116,942,ring,5250,compact,1435,1,belt_rock,direct,9.387441211017737E-05,9.387441211017737E-05,0,1,1.7721198873734832E-07,1006.8,1007.34,-0.395875,NA
116,943,ring,5250,compact,1018,1,belt_rock,direct,4.671646035468042E-05,4.671646035468042E-05,0,1,2.834858630593049E-07,3236.39,3236.77,-0.353168,NA
116,944,ring,5250,compact,49,1,belt_rock,direct,9.288933077038913E-05,9.288933077038913E-05,0,1,1.1120819129680322E-07,638.513,640.978,-0.45479,NA
116,945,ring,5250,compact,1576,1,belt_rock,direct,8.0875586979093E-05,8.0875586979093E-05,0,1,0.00014619576941269827,964087,943472,-0.316441,NA
117,946,stream,5250,compact,663,4,unknown,direct,1.7272255096147373E-11,0,1.7272255096147373E-11,0,0,NaN,518.66,-42.7283,NA
117,947,ring,5250,compact,20,1,belt_rock,direct,3.5653341939806364E-05,3.5653341939806364E-05,0,1,9.062312995880008E-07,13556.2,13496.8,-0.212058,NA
117,948,ring,5250,compact,567,1,belt_rock,direct,1.7492079797405458E-06,1.7492079797405458E-06,0,1,1.8035043020539019E-07,54988.8,54957.8,-1.75941,NA
117,949,ring,5250,compact,185,1,belt_rock,direct,6.571663516007635E-07,6.571663516007635E-07,0,1,2.0858299532655337E-09,1692.79,1789.92,-2.21493,NA
117,950,stream,5250,compact,20,2,unknown,unknown,1.932226452979248E-14,0,1.932226452979248E-14,0,0,NaN,NA,NA,NA
117,951,stream,5250,compact,663,5,unknown,unknown,1.932226452979248E-14,0,1.932226452979248E-14,0,0,NaN,NA,NA,NA
117,952,stream,5250,compact,1576,2,unknown,unknown,4.868686233088162E-16,0,4.868686233088162E-16,0,0,NaN,NA,NA,NA
117,953,ring,5250,compact,1136,1,belt_rock,direct,3.0736880472472424E-06,3.0736880472472424E-06,0,1,6.91839286489545E-08,12004.5,12000.9,-1.62002,NA
118,954,stream,5250,compact,20,3,belt_rock,direct,4.406396596601752E-13,0,4.406396596601752E-13,0,0,NaN,1.90961E-12,-151.825,NA
118,955,stream,5250,compact,663,6,belt_rock,direct,4.406396596601752E-13,0,4.406396596601752E-13,0,0,NaN,1.90961E-12,-151.825,NA
118,956,stream,5250,compact,1136,2,belt_rock,direct,4.406396596601752E-13,0,4.406396596601752E-13,0,0,NaN,1.90961E-12,-151.825,NA
118,957,stream,5250,compact,1576,3,belt_rock,direct,4.406396596601752E-13,0,4.406396596601752E-13,0,0,NaN,1.90961E-12,-151.825,NA
118,958,stream,5250,compact,1194,4,belt_rock,direct,3.2716994442943473E-10,3.2716994442943473E-10,0,1,0,0,800.722,-38.1895,NA
118,959,ring,5250,compact,1615,1,belt_rock,direct,6.642276704558427E-07,6.642276704558427E-07,0,1,4.299305453015082E-08,34520.7,34600,-1.71642,NA
118,960,ring,5250,compact,95,1,belt_rock,direct,4.024008729896662E-05,4.024008729896662E-05,0,1,1.1191459976258414E-06,14832.9,14879.3,-1.50735,NA
118,961,stream,5250,compact,1615,2,belt_rock,closure,3.918398234614061E-15,0,3.918398234614061E-15,0,0,NaN,NA,NA,NA
118,962,stream,5250,compact,20,4,belt_rock,closure,3.918398234614061E-15,0,3.918398234614061E-15,0,0,NaN,NA,NA,NA
121,963,ring,5250,compact,1768,1,belt_rock,direct,9.071717762418751E-05,9.071717762418751E-05,0,1,1.7274272195824405E-07,1015.57,1019.74,-0.411927,NA
121,964,stream,5250,compact,989,1,belt_rock,direct,1.917221318723596E-06,1.917221318723596E-06,0,1,0,0,420.655,-0.473326,NA
121,965,ring,5250,compact,1592,1,belt_rock,direct,1.2343299628467711E-05,1.2343299628467711E-05,0,1,1.0458930029711137E-08,451.913,455.618,-0.369508,NA
122,966,ring,5250,compact,641,1,belt_rock,direct,2.4471022383834173E-05,2.4471022383834173E-05,0,1,1.978324170740205E-08,431.166,432.725,-0.373345,NA
122,967,stream,5250,compact,1389,3,belt_rock,direct,3.257906953259655E-10,3.257906953259655E-10,0,1,0,0,676.547,-39.7422,NA
122,968,ring,5250,compact,1467,1,belt_rock,direct,2.497891022803561E-05,2.497891022803561E-05,0,1,2.1445455972243968E-07,4578.89,4575.65,-0.253446,NA
123,969,ring,5250,compact,1587,1,belt_rock,direct,7.347953748543736E-07,7.347953748543736E-07,0,1,4.7950604498578386E-08,34803.8,34903.3,-1.62816,NA
123,970,stream,5250,compact,1587,2,belt_rock,closure,3.782384368698569E-15,0,3.782384368698569E-15,0,0,NaN,NA,NA,NA
123,971,stream,5250,compact,1467,2,belt_rock,closure,3.782384368698569E-15,0,3.782384368698569E-15,0,0,NaN,NA,NA,NA
124,972,ring,5250,compact,564,1,belt_rock,direct,0.00013179817299267392,0.00013179817299267392,0,1,3.268727574960109E-07,1322.72,1323.72,-0.288394,NA
124,973,ring,5250,compact,755,1,belt_rock,direct,1.7552667872443473E-05,1.7552667872443473E-05,0,1,5.747684574625619E-07,17464.2,17479.5,-1.70776,NA
124,974,ring,5250,compact,149,1,belt_rock,direct,1.6488856118786535E-05,1.6488856118786535E-05,0,1,1.827259095342817E-07,5910.28,5909.53,-0.284559,NA
124,975,ring,5250,compact,823,1,belt_rock,direct,2.8479342398138118E-05,2.8479342398138118E-05,0,1,8.026502006704335E-08,1503.12,1510.74,-0.433992,NA
124,976,ring,5250,compact,1252,1,belt_rock,direct,6.589394411241986E-07,6.589394411241986E-07,0,1,7.419058336439682E-08,60048.5,60163.9,-2.20163,NA
124,977,stream,5250,compact,755,2,belt_rock,closure,6.958965709698579E-13,0,6.958965709698579E-13,0,0,NaN,NA,NA,NA
124,978,stream,5250,compact,1587,3,belt_rock,closure,6.958965709698579E-13,0,6.958965709698579E-13,0,0,NaN,NA,NA,NA
125,979,ring,5250,compact,409,1,belt_rock,direct,8.808266215456175E-05,8.808266215456175E-05,0,1,9.155077799937224E-08,554.332,554.812,-0.301074,NA
125,980,ring,5250,compact,2001,1,belt_rock,direct,0.00012015252934751016,0.00012015252934751016,0,1,1.594862508509543E-06,7079.28,7079.61,-1.58266,NA
125,981,ring,5250,compact,652,1,belt_rock,direct,1.7072559710885792E-05,1.7072559710885792E-05,0,1,2.4566969488744887E-08,767.453,769.601,-0.315996,NA
125,982,ring,5250,compact,468,1,belt_rock,direct,6.760941920900544E-07,6.760941920900544E-07,0,1,2.1433014004436688E-08,16907.3,17013.5,-2.03113,NA
126,983,ring,5250,compact,993,1,belt_rock,direct,0.00012547770536468157,0.00012547770536468157,0,1,1.1527244366025296E-07,489.957,492.32,-0.269548,NA
127,984,stream,5250,compact,125,4,belt_rock,direct,1.721190355999431E-11,0,1.721190355999431E-11,0,0,NaN,1977.39,-24.4945,NA
127,985,stream,5250,compact,1960,3,belt_rock,direct,1.721190355999431E-11,0,1.721190355999431E-11,0,0,NaN,1977.39,-24.4945,NA
128,986,stream,5250,compact,1888,1,belt_rock,direct,3.2107344626338544E-05,3.2107344626338544E-05,0,1,0,0,285.784,-0.333972,NA
128,987,stream,5250,compact,1888,2,belt_rock,closure,1.5028072923123605E-05,1.5028072923123605E-05,0,1,0,0,NA,NA,NA
128,988,stream,5250,compact,1960,4,belt_rock,closure,1.5028072923123605E-05,1.5028072923123605E-05,0,1,0,0,NA,NA,NA
128,989,ring,5250,compact,314,1,belt_rock,direct,6.861137703462858E-07,6.861137703462858E-07,0,1,9.33678589201883E-10,725.772,747.917,-0.392801,NA
128,990,ring,5250,compact,958,1,belt_rock,direct,0.0001077264286316061,0.0001077264286316061,0,1,1.6271625222306545E-06,8055.78,8038.17,-1.46048,NA
128,991,stream,5250,compact,286,1,belt_rock,direct,1.4715422455282121E-06,1.4715422455282121E-06,0,1,0,0,463.372,-0.361468,NA
128,992,stream,5250,compact,1888,3,belt_rock,closure,7.4761419588182764E-06,7.4761419588182764E-06,0,1,0,0,NA,NA,NA
128,993,stream,5250,compact,125,5,belt_rock,closure,7.4761419588182764E-06,7.4761419588182764E-06,0,1,0,0,NA,NA,NA
129,994,stream,5250,compact,286,2,belt_rock,direct,7.272739338963437E-07,7.272739338963437E-07,0,1,0,0,453.688,-0.480521,NA
129,995,stream,5250,compact,958,2,belt_rock,direct,7.272739338963437E-07,7.272739338963437E-07,0,1,0,0,453.69,-0.480521,NA
129,996,stream,5250,compact,125,6,unknown,direct,3.482703687846748E-06,3.482703687846748E-06,0,1,0,0,283.233,-0.364438,NA
129,997,ring,5250,compact,359,1,belt_rock,direct,5.715803371315082E-07,5.715803371315082E-07,0,1,8.145581399980671E-10,760.052,763.411,-0.260487,NA
129,998,stream,5250,compact,1888,4,unknown,direct,3.482703687846748E-06,3.482703687846748E-06,0,1,0,0,283.234,-0.364438,NA
129,999,stream,5250,compact,958,3,unknown,unknown,3.6092743460067315E-07,3.6092743460067315E-07,0,1,0,0,NA,NA,NA
129,1000,stream,5250,compact,286,3,unknown,unknown,3.6092743460067315E-07,3.6092743460067315E-07,0,1,0,0,NA,NA,NA
130,1001,stream,5250,compact,958,4,unknown,direct,1.7618708851870327E-07,1.7618708851870327E-07,0,1,0,0,438.835,-0.66521,NA
130,1002,stream,5250,compact,1888,5,unknown,direct,1.7618708851870327E-07,1.7618708851870327E-07,0,1,0,0,438.836,-0.665211,NA
130,1003,stream,5250,compact,1879,4,unknown,direct,1.5142508085865826E-10,0,1.5142508085865826E-10,0,0,NaN,1121.66,-35.1356,NA
130,1004,ring,5250,compact,1510,1,belt_rock,direct,4.306194790901304E-05,4.306194790901304E-05,0,1,6.583829703868627E-08,815.424,817.085,-0.223156,NA
130,1005,stream,5250,compact,958,5,unknown,unknown,8.771024339212987E-08,8.771024339212987E-08,0,1,0,0,NA,NA,NA
130,1006,stream,5250,compact,286,4,unknown,unknown,8.771024339212987E-08,8.771024339212987E-08,0,1,0,0,NA,NA,NA
130,1007,ring,5250,compact,1315,1,belt_rock,direct,2.4501889013923276E-06,2.4501889013923276E-06,0,1,4.300581254497799E-09,936.109,937.213,-0.161116,NA
131,1008,ring,5250,compact,1939,1,belt_rock,direct,2.9493329262197416E-05,2.9493329262197416E-05,0,1,6.125539145270787E-07,11076.9,11054.1,-1.46446,NA
132,1009,ring,5250,compact,87,1,belt_rock,direct,5.391219317443235E-05,5.391219317443235E-05,0,1,6.046770372322021E-08,598.185,598.71,-0.239338,NA
132,1010,stream,5250,compact,235,1,belt_rock,direct,1.4405573822655564E-05,1.4405573822655564E-05,0,1,0,0,341.039,-0.301667,NA
132,1011,ring,5250,compact,252,1,belt_rock,direct,4.4849469848348396E-05,4.4849469848348396E-05,0,1,4.009800760827641E-06,47683.1,47859.6,-1.31972,NA
132,1012,ring,5250,compact,1601,1,belt_rock,direct,5.976657963803178E-05,5.976657963803178E-05,0,1,3.4386173747196116E-07,3068.49,3068.92,-0.188516,NA
132,1013,stream,5250,compact,235,2,belt_rock,closure,6.715380477536118E-17,0,6.715380477536118E-17,0,0,NaN,NA,NA,NA
132,1014,ring,5250,compact,1000,1,belt_rock,direct,0.00012934197146541177,0.00012934197146541177,0,1,1.8201575867346436E-07,750.53,751.82,-0.184476,NA
132,1015,stream,5250,compact,1601,2,belt_rock,closure,1.9816924891035458E-10,1.9816924891035458E-10,0,1,0,0,NA,NA,NA
132,1016,stream,5250,compact,252,3,belt_rock,closure,1.9816924891035458E-10,1.9816924891035458E-10,0,1,0,0,NA,NA,NA
132,1017,ring,5250,compact,1962,1,belt_rock,direct,9.979518130484093E-05,9.979518130484093E-05,0,1,2.015272314392852E-06,10770.2,10762.4,-1.50976,NA
132,1018,stream,5250,compact,1562,1,belt_rock,direct,8.475647236098885E-07,8.475647236098885E-07,0,1,0,0,378.326,-0.366345,NA
133,1019,stream,5250,compact,1562,2,belt_rock,direct,3.6428316249537707E-07,3.6428316249537707E-07,0,1,0,0,370.887,-0.458228,NA
133,1020,stream,5250,compact,1962,2,belt_rock,direct,3.6428316249537707E-07,3.6428316249537707E-07,0,1,0,0,370.889,-0.458228,NA
133,1021,ring,5250,compact,1524,1,belt_rock,direct,2.104579371651506E-06,2.104579371651506E-06,0,1,7.9495285401183E-09,2014.53,2028.5,-0.242121,NA
133,1022,ring,5250,compact,1669,1,belt_rock,direct,9.70229957654932E-07,9.70229957654932E-07,0,1,2.6505097905963462E-09,1456.98,1476.84,-0.294719,NA
133,1023,stream,5250,compact,641,2,belt_rock,direct,1.628953476629826E-10,0,1.628953476629826E-10,0,0,NaN,1978.61,-23.4591,NA
133,1024,stream,5250,compact,1389,4,belt_rock,direct,1.628953476629826E-10,0,1.628953476629826E-10,0,0,NaN,1978.13,-23.465,NA
133,1025,stream,5250,compact,1824,1,belt_rock,direct,3.4152690131927634E-06,3.4152690131927634E-06,0,1,0,0,347.853,-0.407908,NA
134,1026,ring,5250,compact,446,1,belt_rock,direct,4.032817019689292E-05,4.032817019689292E-05,0,1,4.6464503816910814E-07,6144.85,6153.69,-1.3915,NA
134,1027,stream,5250,compact,446,2,belt_rock,closure,8.247067141356624E-12,0,8.247067141356624E-12,0,0,NaN,NA,NA,NA
134,1028,stream,5250,compact,641,3,belt_rock,closure,8.247067141356624E-12,0,8.247067141356624E-12,0,0,NaN,NA,NA,NA
135,1029,ring,5250,compact,949,1,belt_rock,direct,2.7561422344987992E-05,2.7561422344987992E-05,0,1,5.8200427087984335E-08,1126.22,1128.93,-0.359874,NA
135,1030,ring,5250,compact,1296,1,belt_rock,direct,1.1657227628738189E-05,1.1657227628738189E-05,0,1,2.7506539967431843E-08,1258.46,1259.63,-0.239675,NA
135,1031,ring,5250,compact,334,1,belt_rock,direct,4.3089515648965937E-05,4.3089515648965937E-05,0,1,9.358481523149928E-07,11583.3,11603,-1.39405,NA
135,1032,ring,5250,compact,594,1,belt_rock,direct,7.472516362099266E-05,7.472516362099266E-05,0,1,7.808113299093157E-08,557.286,559.763,-0.154193,NA
136,1033,ring,5250,compact,828,1,belt_rock,direct,0.00011209226344935751,0.00011209226344935751,0,1,1.4176996593930994E-06,6745.39,6749.2,-1.35181,NA
136,1034,stream,5250,compact,879,1,belt_rock,direct,9.798581314263588E-05,9.798581314263588E-05,0,1,0,0,252.14,-0.223199,NA
136,1035,stream,5250,compact,1172,1,belt_rock,direct,2.9099507511423463E-06,2.9099507511423463E-06,0,1,0,0,437.189,-0.27434,NA
136,1036,stream,5250,compact,879,2,belt_rock,closure,4.364480927609473E-05,4.364480927609473E-05,0,1,0,0,NA,NA,NA
136,1037,stream,5250,compact,828,2,belt_rock,closure,4.364480927609473E-05,4.364480927609473E-05,0,1,0,0,NA,NA,NA
137,1038,stream,5250,compact,879,3,unknown,direct,1.804553761178526E-05,1.804553761178526E-05,0,1,0,0,250.748,-0.238598,NA
137,1039,stream,5250,compact,1172,2,unknown,direct,1.804553761178526E-05,1.804553761178526E-05,0,1,0,0,250.75,-0.238598,NA
138,1040,stream,5250,compact,828,3,unknown,direct,7.77240782726549E-06,7.77240782726549E-06,0,1,0,0,249.245,-0.256037,NA
138,1041,stream,5250,compact,879,4,unknown,direct,7.77240782726549E-06,7.77240782726549E-06,0,1,0,0,249.244,-0.256037,NA
138,1042,ring,5250,compact,751,1,belt_rock,direct,7.412800353052552E-06,7.412800353052552E-06,0,1,1.4740367502932228E-06,106053,106838,-1.4351,NA
138,1043,stream,5250,compact,1134,1,belt_rock,direct,8.924096423266547E-06,8.924096423266547E-06,0,1,0,0,366.252,-0.204063,NA
138,1044,stream,5250,compact,1090,9,unknown,direct,1.7211903559994293E-11,0,1.7211903559994293E-11,0,0,NaN,2665.24,-15.8173,NA
138,1045,stream,5250,compact,828,4,unknown,unknown,3.858312645800218E-06,3.858312645800218E-06,0,1,0,0,NA,NA,NA
138,1046,stream,5250,compact,1172,3,unknown,unknown,3.858312645800218E-06,3.858312645800218E-06,0,1,0,0,NA,NA,NA
139,1047,ring,5250,compact,271,1,belt_rock,direct,0.00011877251294975204,0.00011877251294975204,0,1,1.0628525499559724E-07,477.261,478.787,-0.12914,NA
139,1048,ring,5250,compact,1730,1,belt_rock,direct,5.5673103923953346E-05,5.5673103923953346E-05,0,1,3.8857869557682566E-08,372.248,372.292,-0.026038,NA
139,1049,ring,5250,compact,1769,1,belt_rock,direct,5.04257911710439E-05,5.04257911710439E-05,0,1,7.313446053436884E-07,7735.14,7758.42,-1.33954,NA
139,1050,stream,5250,compact,1134,2,unknown,direct,1.8925029760118575E-06,1.8925029760118575E-06,0,1,0,0,248.711,-0.262075,NA
139,1051,stream,5250,compact,1172,4,unknown,direct,1.8925029760118575E-06,1.8925029760118575E-06,0,1,0,0,248.71,-0.262074,NA
140,1052,ring,5250,compact,1452,1,belt_rock,direct,7.037783203317303E-05,7.037783203317303E-05,0,1,6.320819277713525E-08,479.001,479.453,-0.121761,NA
141,1053,ring,5250,compact,887,1,belt_rock,direct,7.965476875117031E-05,7.965476875117031E-05,0,1,7.043178025999671E-08,471.58,473.696,-0.0838083,NA
142,1054,ring,5250,compact,1012,1,belt_rock,direct,8.40847352895653E-07,8.40847352895653E-07,0,1,4.483477132561908E-09,2843.78,2850.37,-1.6564,NA
142,1055,stream,5250,compact,1012,2,belt_rock,closure,2.8576878642138007E-10,2.8576878642138007E-10,0,1,0,0,NA,NA,NA
142,1056,stream,5250,compact,887,2,belt_rock,closure,2.8576878642138007E-10,2.8576878642138007E-10,0,1,0,0,NA,NA,NA
142,1057,ring,5250,compact,803,1,belt_rock,direct,3.556694041406968E-05,3.556694041406968E-05,0,1,2.7819397406481447E-08,417.157,419.188,-0.109487,NA
142,1058,ring,5250,compact,1885,1,belt_rock,direct,8.371099885389903E-06,8.371099885389903E-06,0,1,1.2693010983974768E-07,8086.88,8114.63,-1.36156,NA
142,1059,ring,5250,compact,783,1,belt_rock,direct,3.1056636343762516E-05,3.1056636343762516E-05,0,1,2.644845447871538E-08,454.197,457.176,-0.0977281,NA
142,1060,stream,5250,compact,1885,2,belt_rock,closure,2.5427042483755147E-12,0,2.5427042483755147E-12,0,0,NaN,NA,NA,NA
142,1061,stream,5250,compact,803,2,belt_rock,closure,2.5427042483755147E-12,0,2.5427042483755147E-12,0,0,NaN,NA,NA,NA
142,1062,ring,5250,compact,1711,1,belt_rock,direct,1.320798507995394E-05,1.320798507995394E-05,0,1,6.2250926902385426E-06,251367,246613,-1.3899,NA
143,1063,stream,5250,compact,1589,1,belt_rock,direct,7.471054444289907E-06,7.471054444289907E-06,0,1,0,0,237.964,-0.179814,NA
143,1064,stream,5250,compact,843,4,belt_rock,direct,3.257906953259655E-10,3.257906953259655E-10,0,1,0,0,960.149,-36.1951,NA
143,1065,ring,5250,compact,225,1,belt_rock,direct,2.7820441736586327E-05,2.7820441736586327E-05,0,1,2.9397124029807197E-08,563.559,566.861,-0.0660158,NA
143,1066,ring,5250,compact,1491,1,belt_rock,direct,0.00011635963913680642,0.00011635963913680642,0,1,3.4331161085756053E-06,15735.7,15842.5,-1.3234,NA
143,1067,stream,5250,compact,1491,2,belt_rock,closure,1.2513417746940946E-13,0,1.2513417746940946E-13,0,0,NaN,NA,NA,NA
143,1068,stream,5250,compact,225,2,belt_rock,closure,1.2513417746940946E-13,0,1.2513417746940946E-13,0,0,NaN,NA,NA,NA
144,1069,ring,5250,compact,234,1,belt_rock,direct,8.288363835079127E-05,8.288363835079127E-05,0,1,8.338931919179993E-05,536587,538876,-1.37148,NA
144,1070,ring,5250,compact,1444,1,belt_rock,direct,1.9465227511525096E-05,1.9465227511525096E-05,0,1,2.3840086628300775E-07,6532.01,6543.46,-1.34367,NA
144,1071,stream,5250,compact,1444,2,belt_rock,closure,6.375230377051926E-12,0,6.375230377051926E-12,0,0,NaN,NA,NA,NA
144,1072,stream,5250,compact,234,3,belt_rock,closure,6.375230377051926E-12,0,6.375230377051926E-12,0,0,NaN,NA,NA,NA
144,1073,stream,5250,compact,225,4,belt_rock,closure,6.375230377051926E-12,0,6.375230377051926E-12,0,0,NaN,NA,NA,NA
144,1074,stream,5250,compact,1491,3,belt_rock,closure,6.375230377051926E-12,0,6.375230377051926E-12,0,0,NaN,NA,NA,NA
144,1075,ring,5250,compact,399,1,belt_rock,direct,2.9512485188797384E-05,2.9512485188797384E-05,0,1,4.022660905902901E-06,72695.3,73223.4,-1.42819,NA
144,1076,stream,5250,compact,1491,4,belt_rock,closure,1.154245856348314E-15,0,1.154245856348314E-15,0,0,NaN,NA,NA,NA
144,1077,stream,5250,compact,225,5,belt_rock,closure,1.154245856348314E-15,0,1.154245856348314E-15,0,0,NaN,NA,NA,NA
145,1078,ring,5250,compact,1520,1,belt_rock,direct,8.93449951801531E-05,8.93449951801531E-05,0,1,1.8901984401484728E-06,11283.3,11292,-1.33011,NA
145,1079,stream,5250,compact,1520,2,belt_rock,closure,5.532471344985616E-13,0,5.532471344985616E-13,0,0,NaN,NA,NA,NA
145,1080,stream,5250,compact,225,6,belt_rock,closure,5.532471344985616E-13,0,5.532471344985616E-13,0,0,NaN,NA,NA,NA
145,1081,stream,5250,compact,1491,5,belt_rock,closure,5.532471344985616E-13,0,5.532471344985616E-13,0,0,NaN,NA,NA,NA
145,1082,stream,5250,compact,399,3,belt_rock,closure,5.532471344985616E-13,0,5.532471344985616E-13,0,0,NaN,NA,NA,NA
145,1083,stream,5250,compact,234,5,belt_rock,closure,5.532471344985616E-13,0,5.532471344985616E-13,0,0,NaN,NA,NA,NA
145,1084,stream,5250,compact,1444,3,belt_rock,closure,5.532471344985616E-13,0,5.532471344985616E-13,0,0,NaN,NA,NA,NA
145,1085,ring,5250,compact,195,1,belt_rock,direct,5.1448410282336994E-05,5.1448410282336994E-05,0,1,5.334635198230949E-06,55300.8,55446.4,-1.4691,NA
145,1086,stream,5250,compact,1444,4,belt_rock,closure,3.924942830566E-15,0,3.924942830566E-15,0,0,NaN,NA,NA,NA
145,1087,stream,5250,compact,234,6,belt_rock,closure,3.924942830566E-15,0,3.924942830566E-15,0,0,NaN,NA,NA,NA
145,1088,stream,5250,compact,399,4,belt_rock,closure,3.924942830566E-15,0,3.924942830566E-15,0,0,NaN,NA,NA,NA
145,1089,stream,5250,compact,1491,6,belt_rock,closure,3.924942830566E-15,0,3.924942830566E-15,0,0,NaN,NA,NA,NA
145,1090,stream,5250,compact,225,7,belt_rock,closure,3.924942830566E-15,0,3.924942830566E-15,0,0,NaN,NA,NA,NA
145,1091,stream,5250,compact,1735,1,belt_rock,direct,9.794545284272988E-05,9.794545284272988E-05,0,1,0,0,211.747,-0.153148,NA
145,1092,ring,5250,compact,450,1,belt_rock,direct,3.0108912749714894E-05,3.0108912749714894E-05,0,1,1.2125947340061982E-06,21479.3,21635.7,-1.33263,NA
146,1093,ring,5250,compact,1181,1,belt_rock,direct,7.202976224913218E-05,7.202976224913218E-05,0,1,1.286527236887938E-07,952.589,954.874,-0.00984212,NA
146,1094,ring,5250,compact,1374,1,belt_rock,direct,0.0001129316903614196,0.0001129316903614196,0,1,6.819861363303983E-07,3220.76,3238.55,-1.23903,NA
147,1095,ring,5250,compact,1088,1,belt_rock,direct,2.12670412376904E-05,2.12670412376904E-05,0,1,1.1128863065655748E-05,279089,283487,-1.36469,NA
147,1096,stream,5250,compact,494,2,belt_rock,direct,2.1092766894741037E-06,2.1092766894741037E-06,0,1,0,0,245.494,-2.54599,NA
147,1097,stream,5250,compact,687,6,belt_rock,direct,2.1092766894741037E-06,2.1092766894741037E-06,0,1,0,0,245.497,-2.54599,NA
149,1098,ring,5250,compact,1865,1,belt_rock,direct,0.00011936278437040372,0.00011936278437040372,0,1,7.070458080618049E-08,315.92,316.144,-0.0207445,NA
149,1099,stream,5250,compact,783,3,belt_rock,direct,1.628953476629826E-10,0,1.628953476629826E-10,0,0,NaN,1915.61,-24.2609,NA
149,1100,stream,5250,compact,843,5,belt_rock,direct,1.628953476629826E-10,0,1.628953476629826E-10,0,0,NaN,1919.03,-24.2182,NA
150,1101,ring,5250,compact,559,1,belt_rock,direct,1.135790356551983E-05,1.135790356551983E-05,0,1,8.361653954911511E-09,392.638,394.305,-0.0319495,NA
150,1102,ring,5250,compact,711,1,belt_rock,direct,8.89811382176E-05,8.89811382176E-05,0,1,7.972826474951762E-06,47787.4,48133.9,-1.31716,NA
150,1103,stream,5250,compact,512,1,belt_rock,direct,4.978461566926127E-05,4.978461566926127E-05,0,1,0,0,237.441,-0.0881741,NA
150,1104,ring,5250,compact,1157,1,belt_rock,direct,3.3971098054830074E-05,3.3971098054830074E-05,0,1,4.405052974173322E-08,691.577,NaN,0.0337301,NA
151,1105,ring,5250,compact,1741,1,belt_rock,direct,8.238842902975151E-07,8.238842902975151E-07,0,1,4.1835545218162585E-07,270818,271137,-1.71411,NA
151,1106,ring,5250,compact,1382,1,belt_rock,direct,2.8231110422476424E-05,2.8231110422476424E-05,0,1,5.235202342340185E-08,989.018,NaN,0.0155623,NA
151,1107,stream,5250,compact,116,1,belt_rock,direct,1.1567480475251716E-05,1.1567480475251716E-05,0,1,0,0,199.793,-0.0817845,NA
151,1108,stream,5250,compact,694,1,belt_rock,direct,7.677634113547674E-05,7.677634113547674E-05,0,1,0,0,185.792,-0.0631815,NA
151,1109,ring,5250,compact,1934,1,belt_rock,direct,2.430553554018905E-06,2.430553554018905E-06,0,1,3.5280869642517506E-09,774.164,782.979,-0.0607665,NA
151,1110,stream,5250,compact,1066,1,belt_rock,direct,8.273129103038088E-05,0,8.273129103038088E-05,0,0,NaN,NaN,0.0652396,NA
151,1111,stream,5250,compact,298,1,belt_rock,direct,5.1221121771230824E-05,0,5.1221121771230824E-05,0,0,NaN,NaN,0.0243352,NA
152,1112,ring,5250,compact,1596,1,belt_rock,direct,1.2105748957639448E-05,1.2105748957639448E-05,0,1,1.547622067715602E-08,681.824,684.893,-0.199012,NA
152,1113,stream,5250,compact,1440,1,belt_rock,direct,0.00012107798343107038,0,0.00012107798343107038,0,0,NaN,NaN,0.0312826,NA
152,1114,ring,5250,compact,67,5,belt_rock,direct,1.466436479013853E-07,1.466436479013853E-07,0,1,2.736489590773114E-10,995.243,1177.01,-2.84123,NA
152,1115,ring,5250,compact,956,6,belt_rock,direct,1.466436479013853E-07,1.466436479013853E-07,0,1,2.737221160894101E-10,995.509,1177.06,-2.84094,NA
152,1116,ring,5250,compact,1319,5,belt_rock,direct,1.466421393954127E-07,1.466421393954127E-07,0,1,2.7368555035784055E-10,995.387,1177.04,-2.84108,NA
152,1117,ring,5250,compact,1544,3,belt_rock,direct,1.466421393954127E-07,1.466421393954127E-07,0,1,2.737586662647723E-10,995.653,1177.09,-2.84078,NA
152,1118,ring,5250,compact,1799,1,belt_rock,direct,0.000115211888343576,0.000115211888343576,0,1,1.1440832749367361E-06,5296.14,5327.49,-1.25686,NA
153,1119,ring,5250,compact,784,1,belt_rock,direct,6.567625027153533E-07,6.567625027153533E-07,0,1,5.033877084476152E-09,4087.83,4109.57,-1.54202,NA
153,1120,stream,5250,compact,784,2,belt_rock,closure,5.073914942331045E-11,5.073914942331045E-11,0,1,0,0,NA,NA,NA
153,1121,stream,5250,compact,1799,2,belt_rock,closure,5.073914942331045E-11,5.073914942331045E-11,0,1,0,0,NA,NA,NA
154,1122,stream,5250,compact,1933,1,belt_rock,direct,1.0549615639089368E-05,1.0549615639089368E-05,0,1,0,0,509.851,-0.113918,NA
154,1123,stream,5250,compact,670,1,belt_rock,direct,0.00012727432693535864,0,0.00012727432693535864,0,0,NaN,NaN,0.0984522,NA
154,1124,stream,5250,compact,457,1,belt_rock,direct,4.4528751536627884E-05,0,4.4528751536627884E-05,0,0,NaN,NaN,0.0699321,NA
154,1125,stream,5250,compact,784,3,unknown,direct,2.536957471165521E-11,0,2.536957471165521E-11,0,0,NaN,1162.4,-38.3555,NA
154,1126,stream,5250,compact,1799,3,unknown,direct,2.536957471165521E-11,0,2.536957471165521E-11,0,0,NaN,1162.4,-38.3556,NA
154,1127,ring,5250,compact,255,1,belt_rock,direct,6.699307244513222E-07,6.699307244513222E-07,0,1,7.871287442470431E-09,6266.35,6418.51,-1.59797,NA
154,1128,stream,5250,compact,255,2,unknown,unknown,6.145232883825035E-11,0,6.145232883825035E-11,0,0,NaN,NA,NA,NA
154,1129,stream,5250,compact,1799,4,unknown,unknown,6.145232883825035E-11,0,6.145232883825035E-11,0,0,NaN,NA,NA,NA
154,1130,stream,5250,compact,784,4,unknown,unknown,6.145232883825035E-11,0,6.145232883825035E-11,0,0,NaN,NA,NA,NA
154,1131,stream,5250,compact,457,2,unknown,unknown,6.145232883825035E-11,0,6.145232883825035E-11,0,0,NaN,NA,NA,NA
154,1132,stream,5250,compact,670,2,unknown,unknown,6.145232883825035E-11,0,6.145232883825035E-11,0,0,NaN,NA,NA,NA
154,1133,stream,5250,compact,1933,2,unknown,unknown,6.145232883825035E-11,0,6.145232883825035E-11,0,0,NaN,NA,NA,NA
155,1134,stream,5250,compact,373,1,belt_rock,direct,7.469577909072302E-05,7.469577909072302E-05,0,1,0,0,270.81,-0.00196068,NA
155,1135,stream,5250,compact,1862,1,belt_rock,direct,3.265750053223479E-05,0,3.265750053223479E-05,0,0,NaN,NaN,0.0534966,NA
155,1136,stream,5250,compact,1015,1,belt_rock,direct,1.4759848262082786E-06,1.4759848262082786E-06,0,1,0,0,NaN,0.0223434,NA
156,1137,stream,5250,compact,1476,1,belt_rock,direct,0.00012621948529218017,0,0.00012621948529218017,0,0,NaN,NaN,0.133178,NA
156,1138,ring,5250,compact,1978,1,belt_rock,direct,0.0001125901828275998,0.0001125901828275998,0,1,3.973313655965844E-07,1882.14,1883.56,-1.20226,NA
156,1139,stream,5250,compact,167,1,belt_rock,direct,6.035000859295182E-07,0,6.035000859295182E-07,0,0,NaN,NaN,0.0237424,NA
156,1140,ring,5250,compact,763,1,belt_rock,direct,0.00010380184501509702,0.00010380184501509702,0,1,1.0608939256620005E-06,5450.87,5460.4,-1.25608,NA
156,1141,stream,5250,compact,1015,2,belt_rock,direct,7.042889989542978E-07,7.042889989542978E-07,0,1,0,0,521.535,-0.113434,NA
156,1142,stream,5250,compact,1862,2,belt_rock,direct,7.042889989542978E-07,7.042889989542978E-07,0,1,0,0,521.538,-0.113434,NA
156,1143,stream,5250,compact,763,2,belt_rock,closure,1.402249595647861E-11,0,1.402249595647861E-11,0,0,NaN,NA,NA,NA
156,1144,stream,5250,compact,167,2,belt_rock,closure,1.402249595647861E-11,0,1.402249595647861E-11,0,0,NaN,NA,NA,NA
156,1145,stream,5250,compact,1015,3,belt_rock,closure,3.2848104108661124E-07,3.2848104108661124E-07,0,1,0,0,NA,NA,NA
156,1146,stream,5250,compact,255,3,belt_rock,closure,3.2848104108661124E-07,3.2848104108661124E-07,0,1,0,0,NA,NA,NA
157,1147,stream,5250,compact,1014,1,belt_rock,direct,6.596091333289716E-07,6.596091333289716E-07,0,1,0,0,361.624,-0.0860402,NA
157,1148,stream,5250,compact,167,3,unknown,direct,8.212026027165281E-08,8.212026027165281E-08,0,1,0,0,499.756,-0.383357,NA
157,1149,stream,5250,compact,763,3,unknown,direct,8.212026027165281E-08,8.212026027165281E-08,0,1,0,0,499.755,-0.383355,NA
157,1150,stream,5250,compact,1015,4,unknown,direct,8.212026027165281E-08,8.212026027165281E-08,0,1,0,0,499.755,-0.383355,NA
157,1151,stream,5250,compact,1862,3,unknown,direct,8.212026027165281E-08,8.212026027165281E-08,0,1,0,0,499.756,-0.383357,NA
157,1152,ring,5250,compact,272,1,belt_rock,direct,2.9545615844805852E-05,2.9545615844805852E-05,0,1,4.033314624489822E-08,728.061,NaN,0.0296236,NA
158,1153,stream,5250,compact,255,4,belt_rock,direct,2.9705842924662884E-07,0,2.9705842924662884E-07,0,0,NaN,NaN,0.0509626,NA
158,1154,stream,5250,compact,1014,2,belt_rock,direct,2.9705842924662884E-07,0,2.9705842924662884E-07,0,0,NaN,NaN,0.0509634,NA
159,1155,ring,5250,compact,773,1,belt_rock,direct,0.00012578074951853985,0.00012578074951853985,0,1,5.9874177062744E-07,2538.77,2540.86,-1.20941,NA
159,1156,stream,5250,compact,773,2,belt_rock,closure,4.011232916140116E-10,4.011232916140116E-10,0,1,0,0,NA,NA,NA
159,1157,stream,5250,compact,1014,3,belt_rock,closure,4.011232916140116E-10,4.011232916140116E-10,0,1,0,0,NA,NA,NA
159,1158,stream,5250,compact,255,5,belt_rock,closure,4.011232916140116E-10,4.011232916140116E-10,0,1,0,0,NA,NA,NA
159,1159,stream,5250,compact,272,2,belt_rock,closure,4.011232916140116E-10,4.011232916140116E-10,0,1,0,0,NA,NA,NA
159,1160,stream,5250,compact,1159,1,belt_rock,direct,6.909148988999161E-06,0,6.909148988999161E-06,0,0,NaN,NaN,0.12503,NA
159,1161,ring,5250,compact,1205,1,belt_rock,direct,6.978824895209527E-07,6.978824895209527E-07,0,1,3.2138333526221573E-09,2456.06,2487.13,-1.32738,NA
160,1162,stream,5250,compact,1159,2,belt_rock,direct,4.635459291289118E-10,4.635459291289118E-10,0,1,0,0,2.78822E-12,-32.3621,NA
160,1163,stream,5250,compact,1205,2,belt_rock,direct,4.635459291289118E-10,4.635459291289118E-10,0,1,0,0,2.78822E-12,-32.3621,NA
160,1164,ring,5250,compact,609,1,belt_rock,direct,1.895178188647254E-05,1.895178188647254E-05,0,1,6.995316208022234E-08,1968.59,1985.38,-1.30713,NA
161,1165,stream,5250,compact,1295,3,belt_rock,direct,4.1667182601914896E-11,4.1667182601914896E-11,0,1,0,0,672.326,-38.1505,NA
161,1166,stream,5250,compact,1475,1,belt_rock,direct,4.218205421045806E-06,0,4.218205421045806E-06,0,0,NaN,NaN,0.22978,NA
163,1167,stream,5250,compact,663,7,belt_rock,direct,8.144767383149137E-11,0,8.144767383149137E-11,0,0,NaN,2146.62,-22.0862,NA
163,1168,stream,5250,compact,1576,4,belt_rock,direct,8.144767383149137E-11,0,8.144767383149137E-11,0,0,NaN,2146.62,-22.0862,NA
163,1169,ring,5250,compact,994,1,belt_rock,direct,3.8167254775536514E-06,3.8167254775536514E-06,0,1,9.758282327933177E-09,1363.58,1370.08,-1.23494,NA
164,1170,stream,5250,compact,1190,4,unknown,direct,2.00837819683541E-11,0,2.00837819683541E-11,0,0,NaN,1509.69,-28.1126,NA
164,1171,stream,5250,compact,916,1,belt_rock,direct,0.00012061927028972667,0,0.00012061927028972667,0,0,NaN,NaN,0.232459,NA
165,1172,ring,5250,compact,1547,1,belt_rock,direct,4.528569545339005E-05,4.528569545339005E-05,0,1,8.722942623550581E-08,1027.31,1031.66,-1.20302,NA
165,1173,stream,5250,compact,349,1,belt_rock,direct,4.382870282283775E-06,0,4.382870282283775E-06,0,0,NaN,NaN,0.201205,NA
166,1174,ring,5250,compact,1752,1,belt_rock,direct,1.179587966201296E-06,1.179587966201296E-06,0,1,2.5164699146400708E-09,1137.78,1158.05,-2.05291,NA
167,1175,stream,5250,compact,404,1,belt_rock,direct,1.3097396434467703E-06,0,1.3097396434467703E-06,0,0,NaN,NaN,0.185568,NA
167,1176,stream,5250,compact,1532,1,belt_rock,direct,1.7295667885896927E-05,0,1.7295667885896927E-05,0,0,NaN,NaN,0.261286,NA
167,1177,stream,5250,compact,182,1,belt_rock,direct,4.674847479074542E-06,0,4.674847479074542E-06,0,0,NaN,NaN,0.253619,NA
171,1178,stream,5250,compact,1766,1,belt_rock,direct,1.9482211614414496E-05,0,1.9482211614414496E-05,0,0,NaN,NaN,0.321315,NA
171,1179,stream,5250,compact,950,1,belt_rock,direct,2.5791527908387645E-06,0,2.5791527908387645E-06,0,0,NaN,NaN,0.347892,NA
172,1180,ring,5250,compact,1438,1,belt_rock,direct,0.00012797055338724012,0.00012797055338724012,0,1,1.398467591477396E-07,582.829,584.384,-0.966145,NA
172,1181,stream,5250,compact,1583,1,belt_rock,direct,3.839437998926966E-05,0,3.839437998926966E-05,0,0,NaN,NaN,0.535629,NA
172,1182,stream,5250,compact,1457,1,belt_rock,direct,4.842239533186135E-05,0,4.842239533186135E-05,0,0,NaN,NaN,0.401983,NA
173,1183,stream,5250,compact,528,1,belt_rock,direct,1.1048931257126238E-05,0,1.1048931257126238E-05,0,0,NaN,NaN,0.407721,NA
173,1184,stream,5250,compact,985,1,belt_rock,direct,2.095592019883913E-05,0,2.095592019883913E-05,0,0,NaN,NaN,0.396609,NA
173,1185,stream,5250,compact,1940,1,belt_rock,direct,3.325199595134104E-06,0,3.325199595134104E-06,0,0,NaN,NaN,0.379587,NA
175,1186,ring,5250,compact,408,1,belt_rock,direct,2.8197782725415056E-05,2.8197782725415056E-05,0,1,2.7805026120118184E-08,525.905,527.635,-0.94697,NA
175,1187,stream,5250,compact,1295,4,belt_rock,direct,2.0833591300957432E-11,0,2.0833591300957432E-11,0,0,NaN,921.145,-35.0768,NA
176,1188,ring,5250,compact,85,1,belt_rock,direct,1.755387310947362E-05,1.755387310947362E-05,0,1,1.3343754386886975E-08,405.419,409.701,-0.995603,NA
178,1189,stream,5250,compact,3,1,planet,direct,1,0,1,0,0,NaN,NaN,0.60681,NA
178,1190,stream,5250,compact,9,1,moon,direct,0.0123,0,0.0123,0,0,NaN,NaN,0.503435,NA
178,1191,stream,5250,compact,18,1,belt_rock,direct,5.278858886385034E-05,0,5.278858886385034E-05,0,0,NaN,NaN,0.560294,NA
178,1192,ring,5250,compact,1973,1,belt_rock,direct,3.281021517135088E-05,3.281021517135088E-05,0,1,2.0155980325197398E-08,327.637,331.535,-1.03866,NA
179,1193,ring,5250,compact,1213,1,belt_rock,direct,7.640894241998934E-05,7.640894241998934E-05,0,1,4.210112161344539E-08,293.865,298.24,-0.890883,NA
180,1194,stream,5250,compact,410,1,belt_rock,direct,0.00012682739234114618,0,0.00012682739234114618,0,0,NaN,NaN,0.654707,NA
180,1195,stream,5250,compact,209,5,belt_rock,direct,3.257906953259655E-10,3.257906953259655E-10,0,1,0,0,816.296,-37.9937,NA
181,1196,stream,5250,compact,1684,1,belt_rock,direct,1.425333429296813E-05,0,1.425333429296813E-05,0,0,NaN,NaN,0.656929,NA
181,1197,ring,5250,compact,845,1,belt_rock,direct,8.222172434954792E-05,8.222172434954792E-05,0,1,4.5814393707272265E-08,297.176,301.49,-0.825952,NA
182,1198,stream,5250,compact,1505,1,belt_rock,direct,8.063039691212283E-05,0,8.063039691212283E-05,0,0,NaN,NaN,0.726415,NA
183,1199,stream,5250,compact,200,1,belt_rock,direct,8.968341256097201E-05,0,8.968341256097201E-05,0,0,NaN,NaN,0.800075,NA
183,1200,stream,5250,compact,915,1,belt_rock,direct,8.281503047767115E-05,0,8.281503047767115E-05,0,0,NaN,NaN,0.654244,NA
184,1201,stream,5250,compact,178,1,belt_rock,direct,7.148047066240796E-05,0,7.148047066240796E-05,0,0,NaN,NaN,0.761944,NA
184,1202,stream,5250,compact,1996,7,belt_rock,direct,4.924743107077279E-11,4.924743107077279E-11,0,1,0,0,630.381,-36.9664,NA
186,1203,stream,5250,compact,1,1,planet,direct,0.0553,0,0.0553,0,0,NaN,NaN,1.13134,NA
187,1204,stream,0,sun,1514,1,belt_rock,direct,2.5707618445509945E-05,0,2.5707618445509945E-05,0,0,NaN,NaN,0.392689,NA
188,1205,stream,5250,compact,609,2,belt_rock,direct,2.0833591300957432E-11,0,2.0833591300957432E-11,0,0,NaN,284.724,-43.4284,NA
189,1206,stream,5250,compact,1469,1,belt_rock,direct,3.4741478693622425E-05,3.4741478693622425E-05,0,1,0,0,121.576,-1.20977,NA
195,1207,stream,5250,compact,1405,1,belt_rock,direct,2.759873722899498E-05,2.759873722899498E-05,0,1,0,0,136.61,-0.864165,NA
197,1208,stream,5250,compact,209,6,belt_rock,direct,1.628953476629826E-10,0,1.628953476629826E-10,0,0,NaN,1664.9,-27.569,NA
201,1209,stream,5250,compact,5,2,planet,direct,9.182412889193778E-10,9.182412889193778E-10,0,1,0,0,349.648,-22.5853,NA
201,1210,ring,5250,compact,36,3,belt_rock,direct,1.0394351527749183E-07,1.0394351527749183E-07,0,1,1.7087345536624352E-09,8767.5,494.579,-25.0849,NA
201,1211,stream,5250,compact,37,2,belt_rock,direct,5.57040750249839E-09,0,5.57040750249839E-09,0,0,NaN,644.068,-46.8063,NA
201,1212,stream,5250,compact,41,3,belt_rock,direct,2.3213790456126307E-07,2.3213790456126307E-07,0,1,0,0,288.478,-20.4029,NA
201,1213,ring,5250,compact,47,3,belt_rock,direct,9.076300126754426E-07,9.076300126754426E-07,0,1,5.875761496080781E-10,345.266,420.292,-15.9587,NA
201,1214,stream,5250,compact,57,4,belt_rock,direct,8.362075387964616E-09,0,8.362075387964616E-09,0,0,NaN,842.846,-69.7394,NA
201,1215,ring,5250,compact,67,6,belt_rock,direct,6.430429275871095E-08,6.430429275871095E-08,0,1,4.374660490460154E-10,3628.3,572.592,-44.4741,NA
201,1216,stream,5250,compact,80,2,belt_rock,direct,1.0402154136633142E-06,1.0402154136633142E-06,0,1,0,0,347.27,-15.5028,NA
201,1217,stream,5250,compact,85,2,belt_rock,direct,1.2544580130909773E-06,1.2544580130909773E-06,0,1,0,0,357.65,-15.1252,NA
201,1218,stream,5250,compact,95,2,belt_rock,direct,2.3019206802674243E-07,0,2.3019206802674243E-07,0,0,NaN,466.602,-32.7098,NA
201,1219,stream,5250,compact,108,2,belt_rock,direct,2.669607254637475E-07,2.669607254637475E-07,0,1,0,0,303.981,-19.386,NA
201,1220,ring,5250,compact,114,2,belt_rock,direct,7.164127591463266E-09,7.164127591463266E-09,0,1,2.33930587223216E-11,1741.5,913.893,-40.9257,NA
201,1221,stream,5250,compact,134,2,belt_rock,direct,6.042982338808545E-08,6.042982338808545E-08,0,1,0,0,458.051,-26.1785,NA
201,1222,ring,5250,compact,182,2,belt_rock,direct,2.3205749609095458E-07,2.3205749609095458E-07,0,1,5.6619795156442806E-09,13012.8,483.504,-20.4648,NA
201,1223,stream,5250,compact,220,2,belt_rock,direct,4.6439994852531305E-08,4.6439994852531305E-08,0,1,0,0,548.434,-27.5849,NA
201,1224,ring,5250,compact,234,8,belt_rock,direct,2.7341845976125733E-06,2.7341845976125733E-06,0,1,3.389840424232647E-09,661.226,175.826,-12.3851,NA
202,1225,ring,5250,compact,65,6,unknown,direct,1.1699392158405102E-10,1.1699392158405102E-10,0,1,5.371102526101459E-13,2448.49,2448.49,-94.8991,NA
202,1226,ring,5250,compact,335,9,belt_rock,direct,9.076300126754426E-07,9.076300126754426E-07,0,1,5.772849697601E-10,339.219,339.219,-6.5897,NA
202,1227,stream,5250,compact,687,8,belt_rock,direct,1.0195312565466817E-05,1.0195312565466817E-05,0,1,0,0,176.103,-3.99169,NA
202,1228,stream,5250,compact,763,5,belt_rock,direct,9.551117802498668E-06,9.551117802498668E-06,0,1,0,0,1.76842E+10,-16.5601,NA
202,1229,stream,5250,compact,783,4,belt_rock,direct,2.814577701632526E-06,2.814577701632526E-06,0,1,0,0,189.351,-6.21204,NA
202,1230,ring,5250,compact,791,3,belt_rock,direct,6.702446354928762E-06,6.702446354928762E-06,0,1,8.096100156717101E-06,644230,644230,-16.6079,NA
202,1231,stream,5250,compact,843,6,belt_rock,direct,2.814577701632526E-06,2.814577701632526E-06,0,1,0,0,189.351,-6.21204,NA
202,1232,ring,5250,compact,956,7,belt_rock,direct,6.429920316812988E-08,6.429920316812988E-08,0,1,3.7002694751099247E-10,3069.21,3069.21,-8.3346,NA
202,1233,ring,5250,compact,989,2,belt_rock,direct,1.3520502002624455E-06,1.3520502002624455E-06,0,1,7.458385602315682E-10,294.205,294.205,-8.06958,NA
202,1234,ring,5250,compact,1036,2,belt_rock,direct,3.652401470236025E-08,3.652401470236025E-08,0,1,8.725439480334389E-10,12741.1,12741.1,-20.2933,NA
202,1235,ring,5250,compact,1159,3,belt_rock,direct,2.3177296456445577E-10,2.3177296456445577E-10,0,1,2.7344602468768387E-09,6.29227E+06,6.29227E+06,-4811.29,NA
202,1236,ring,5250,compact,1205,3,belt_rock,direct,2.3177296456445577E-10,2.3177296456445577E-10,0,1,2.63976302623694E-09,6.07437E+06,6.07437E+06,-4733.22,NA
202,1237,stream,5250,compact,1213,2,belt_rock,direct,9.551117802498668E-06,9.551117802498668E-06,0,1,0,0,1.76842E+10,-16.5601,NA
202,1238,ring,5250,compact,1248,3,belt_rock,direct,6.702446354928762E-06,6.702446354928762E-06,0,1,8.096100155989278E-06,644230,644230,-16.6079,NA
202,1239,ring,5250,compact,1306,3,belt_rock,direct,1.1342103679705216E-09,1.1342103679705216E-09,0,1,2.5481202206575764E-11,11981.9,11981.9,-193.08,NA
202,1240,ring,5250,compact,1377,2,belt_rock,direct,1.021959848157638E-09,1.021959848157638E-09,0,1,1.1057410379349439E-11,5770.56,5770.56,-25.5023,NA
203,1241,stream,5250,compact,370,2,belt_rock,direct,1.0394351527749183E-07,1.0394351527749183E-07,0,1,0,0,883.48,-2.97301,NA
203,1242,stream,5250,compact,419,2,belt_rock,direct,1.6514611659812492E-07,1.6514611659812492E-07,0,1,0,0,581.679,-4.71023,NA
203,1243,stream,5250,compact,471,2,belt_rock,direct,2.5808853393964714E-07,0,2.5808853393964714E-07,0,0,NaN,NaN,3.84766,NA
203,1244,ring,5250,compact,494,4,belt_rock,direct,1.0195312565466817E-05,1.0195312565466817E-05,0,1,1.0342083833674669E-07,5410.11,5410.11,-13.107,NA
203,1245,stream,5250,compact,589,3,belt_rock,direct,2.7016133108656392E-08,9.145146027818786E-09,1.7870987080837606E-08,0.338507,0,0,NaN,0.00151841,NA
203,1246,stream,5250,compact,596,2,belt_rock,direct,3.1883483144891137E-07,3.1883483144891137E-07,0,1,0,0,530.13,-4.69833,NA
203,1247,stream,5250,compact,755,3,belt_rock,direct,4.5954279260725895E-07,4.5954279260725895E-07,0,1,0,0,404.963,-5.80173,NA
203,1248,stream,5250,compact,930,2,belt_rock,direct,7.810420429952129E-08,7.810420429952129E-08,0,1,0,0,649.067,-2.57503,NA
203,1249,stream,5250,compact,1018,2,belt_rock,direct,1.712401056326724E-07,1.712401056326724E-07,0,1,0,0,495.953,-3.54087,NA
203,1250,stream,5250,compact,1054,2,belt_rock,direct,5.973003008066345E-08,5.973003008066345E-08,0,1,0,0,692.286,-1.8054,NA
203,1251,stream,5250,compact,1060,3,belt_rock,direct,1.3828069938746144E-07,0,1.3828069938746144E-07,0,0,NaN,NaN,4.49368,NA
203,1252,stream,5250,compact,1145,2,belt_rock,direct,8.695277186035036E-08,8.695277186035036E-08,0,1,0,0,1007.65,-2.34731,NA
203,1253,stream,5250,compact,1160,3,belt_rock,direct,1.7463589411345828E-07,1.7463589411345828E-07,0,1,0,0,584.22,-5.86107,NA
203,1254,stream,5250,compact,1181,2,belt_rock,direct,3.9880744293553875E-08,0,3.9880744293553875E-08,0,0,NaN,NaN,2.63356,NA
203,1255,stream,5250,compact,1227,4,belt_rock,direct,4.3594679945827086E-08,4.3594679945827086E-08,0,1,0,0,1178.74,-1.84528,NA
203,1256,stream,5250,compact,1309,2,belt_rock,direct,6.44854802067308E-07,6.44854802067308E-07,0,1,0,0,396.655,-2.08856,NA
204,1257,ring,5250,compact,49,2,belt_rock,direct,1.712401056326724E-07,1.712401056326724E-07,0,1,6.150694110818923E-09,19156.6,19156.6,-24.5107,NA
204,1258,ring,5250,compact,87,2,belt_rock,direct,3.287806856721154E-07,3.287806856721154E-07,0,1,2.5323731333759533E-09,4107.9,4107.9,-18.7117,NA
204,1259,ring,5250,compact,263,2,belt_rock,direct,9.076300126754426E-07,9.076300126754426E-07,0,1,5.446944628074154E-09,3200.68,3200.68,-16.0653,NA
204,1260,ring,5250,compact,337,3,belt_rock,direct,7.187568753913461E-08,7.187568753913461E-08,0,1,2.079446587942859E-09,15429.9,15429.9,-26.4988,NA
204,1261,stream,5250,compact,357,2,belt_rock,direct,6.702446354928762E-06,6.702446354928762E-06,0,1,0,0,226.431,-1.887,NA
204,1262,ring,5250,compact,377,4,belt_rock,direct,3.1883483144891137E-07,3.1883483144891137E-07,0,1,3.9233009950570315E-09,6562.73,6562.73,-20.7026,NA
204,1263,ring,5250,compact,408,2,belt_rock,direct,3.86267598455373E-07,3.86267598455373E-07,0,1,7.518096090105124E-09,10380.5,10380.5,-20.8173,NA
204,1264,ring,5250,compact,409,2,belt_rock,direct,4.5954279260725895E-07,4.5954279260725895E-07,0,1,4.498658498318494E-09,5221.03,5221.03,-18.5743,NA
204,1265,ring,5250,compact,441,2,belt_rock,direct,4.3594679945827086E-08,4.3594679945827086E-08,0,1,7.896660129415658E-10,9660.7,9660.7,-26.2115,NA
204,1266,ring,5250,compact,559,2,belt_rock,direct,2.814577701632526E-06,2.814577701632526E-06,0,1,1.1759786499296847E-08,2228.36,2228.36,-12.6655,NA
204,1267,stream,5250,compact,687,9,belt_rock,direct,1.6730767156233369E-06,1.6730767156233369E-06,0,1,0,0,1.76976E+10,-16.8058,NA
204,1268,stream,5250,compact,763,6,belt_rock,direct,1.6730767156233369E-06,1.6730767156233369E-06,0,1,0,0,1.76735E+10,-16.8058,NA
204,1269,stream,5250,compact,782,2,belt_rock,direct,6.702446354928762E-06,6.702446354928762E-06,0,1,0,0,226.431,-1.887,NA
204,1270,ring,5250,compact,935,1,belt_rock,direct,6.124866311332942E-05,6.124866311332942E-05,0,1,2.6492923615099057E-07,2306.92,2306.92,-11.0823,NA
204,1271,ring,5250,compact,950,2,belt_rock,direct,2.3205749609095458E-07,2.3205749609095458E-07,0,1,5.601800024361871E-09,12874.5,12874.5,-23.5714,NA
204,1272,stream,5250,compact,1015,6,belt_rock,direct,9.551117802498668E-06,9.551117802498668E-06,0,1,0,0,208.572,-2.00898,NA
205,1273,stream,5250,compact,3,2,belt_rock,direct,2.7341845976125733E-06,2.7341845976125733E-06,0,1,0,0,253.398,-1.78705,NA
205,1274,ring,5250,compact,404,2,belt_rock,direct,2.3205749609095458E-07,2.3205749609095458E-07,0,1,3.0454468616761346E-10,699.929,699.929,-16.1251,NA
205,1275,ring,5250,compact,429,4,belt_rock,direct,4.73215165875094E-08,4.73215165875094E-08,0,1,1.5956696899470542E-10,1798.39,1798.39,-30.5141,NA
205,1276,stream,5250,compact,450,2,belt_rock,direct,3.9880744293553875E-08,0,3.9880744293553875E-08,0,0,NaN,NaN,108.532,NA
205,1277,stream,5250,compact,687,10,belt_rock,direct,6.370701634445284E-07,6.370701634445284E-07,0,1,0,0,1.75786E+10,-17.4024,NA
205,1278,ring,5250,compact,747,4,belt_rock,direct,1.6379183511908763E-06,1.6379183511908763E-06,0,1,1.929493968465529E-09,628.275,628.275,-12.2694,NA
205,1279,stream,5250,compact,763,7,belt_rock,direct,6.370701634445284E-07,6.370701634445284E-07,0,1,0,0,1.77702E+10,-17.4024,NA
205,1280,ring,5250,compact,803,5,belt_rock,direct,1.2544580130909773E-06,1.2544580130909773E-06,0,1,1.0715757942666003E-09,455.581,455.581,-11.7634,NA
205,1281,ring,5250,compact,877,2,belt_rock,direct,8.083618033229283E-08,8.083618033229283E-08,0,1,1.9362073219748837E-10,1277.45,1277.45,-32.7911,NA
205,1282,ring,5250,compact,993,2,belt_rock,direct,8.794671172441931E-07,8.794671172441931E-07,0,1,3.4810852507429663E-10,211.103,211.103,-9.9525,NA
205,1283,stream,5250,compact,1027,3,belt_rock,direct,8.695277186035036E-08,0,8.695277186035036E-08,0,0,NaN,NaN,396.58,NA
205,1284,stream,5250,compact,1085,3,belt_rock,direct,2.7016133108656392E-08,0,2.7016133108656392E-08,0,0,NaN,NaN,235.469,NA
205,1285,ring,5250,compact,1134,4,belt_rock,direct,2.3205749609095458E-07,2.3205749609095458E-07,0,1,3.0454468616858664E-10,699.929,699.929,-16.1251,NA
205,1286,ring,5250,compact,1168,2,belt_rock,direct,2.638809622203219E-07,2.638809622203219E-07,0,1,3.4156277137810197E-10,690.337,690.337,-15.393,NA
205,1287,ring,5250,compact,1190,5,belt_rock,direct,9.551117802498668E-06,9.551117802498668E-06,0,1,3.125367192990797E-09,174.52,174.52,-6.95204,NA
205,1288,stream,5250,compact,1232,2,belt_rock,direct,9.551117802498668E-06,9.551117802498668E-06,0,1,0,0,212.113,-1.96472,NA
206,1289,stream,5250,compact,68,2,belt_rock,direct,5.016036839843439E-09,0,5.016036839843439E-09,0,0,NaN,NaN,4.44072,NA
206,1290,ring,5250,compact,310,3,belt_rock,direct,2.1132717417972757E-07,2.1132717417972757E-07,0,1,1.8637580028340576E-10,470.363,470.363,-19.3558,NA
206,1291,ring,5250,compact,356,3,belt_rock,direct,6.377175790231426E-09,6.377175790231426E-09,0,1,9.4286230443445E-12,788.531,788.531,-23.2257,NA
206,1292,stream,5250,compact,447,2,belt_rock,direct,1.8102133031539075E-08,0,1.8102133031539075E-08,0,0,NaN,NaN,1.45016,NA
206,1293,stream,5250,compact,450,3,belt_rock,direct,1.230053184330493E-07,1.230053184330493E-07,0,1,0,0,1.74505E+10,-102.686,NA
206,1294,ring,5250,compact,458,3,belt_rock,direct,2.1132717417972757E-07,2.1132717417972757E-07,0,1,1.8637580026494485E-10,470.363,470.363,-19.3558,NA
206,1295,ring,5250,compact,564,2,belt_rock,direct,8.244972143620853E-09,8.244972143620853E-09,0,1,2.4523991131120644E-11,1586.36,1586.36,-11.1712,NA
206,1296,stream,5250,compact,687,11,belt_rock,direct,1.230053184330493E-07,1.230053184330493E-07,0,1,0,0,1.77084E+10,-102.686,NA
206,1297,ring,5250,compact,723,2,belt_rock,direct,3.316333903336882E-08,3.316333903336882E-08,0,1,2.92199373730359E-11,469.915,469.915,-21.4612,NA
206,1298,ring,5250,compact,1057,2,belt_rock,direct,4.9634701934384055E-08,4.9634701934384055E-08,0,1,3.4886350032254326E-11,374.86,374.86,-18.9793,NA
206,1299,stream,5250,compact,1128,2,belt_rock,direct,3.4133685113549755E-07,3.4133685113549755E-07,0,1,0,0,97.4905,-10.2593,NA
206,1300,ring,5250,compact,1262,2,belt_rock,direct,3.6648111770582383E-07,3.6648111770582383E-07,0,1,5.344977356012572E-10,777.845,777.845,-17.5491,NA
206,1301,stream,5250,compact,1366,2,belt_rock,direct,1.7463589411345828E-07,0,1.7463589411345828E-07,0,0,NaN,NaN,60.0304,NA
206,1302,ring,5250,compact,1374,4,belt_rock,direct,1.0195312565466817E-05,1.0195312565466817E-05,0,1,2.3474964984618284E-09,122.801,122.801,-6.14793,NA
206,1303,ring,5250,compact,1470,4,belt_rock,direct,1.6379183511908763E-06,1.6379183511908763E-06,0,1,1.7179268566071183E-09,559.385,559.385,-13.1306,NA
206,1304,stream,5250,compact,1491,8,belt_rock,direct,2.7341845976125733E-06,2.7341845976125733E-06,0,1,0,0,259.885,-1.70596,NA
207,1305,stream,5250,compact,768,2,belt_rock,direct,2.4607295482749155E-08,2.4607295482749155E-08,0,1,0,0,574.916,-14.4443,NA
207,1306,stream,5250,compact,1452,2,belt_rock,direct,1.1707781602847727E-06,1.1707781602847727E-06,0,1,0,0,123.233,-5.42661,NA
207,1307,stream,5250,compact,1583,2,belt_rock,direct,3.86267598455373E-07,3.86267598455373E-07,0,1,0,0,136.511,-9.51469,NA
207,1308,ring,5250,compact,1592,2,belt_rock,direct,1.3520502002624455E-06,1.3520502002624455E-06,0,1,5.075131754345653E-09,2001.95,2001.95,-12.056,NA
207,1309,stream,5250,compact,1663,5,belt_rock,direct,4.353801133702451E-09,4.353801133702451E-09,0,1,0,0,712.366,-15.7779,NA
207,1310,stream,5250,compact,1684,2,belt_rock,direct,1.0195312565466817E-05,1.0195312565466817E-05,0,1,0,0,199.251,-1.7265,NA
207,1311,ring,5250,compact,1759,3,belt_rock,direct,1.3579493078956488E-07,1.3579493078956488E-07,0,1,3.801708820410742E-10,1493.12,1493.12,-15.8138,NA
207,1312,ring,5250,compact,1796,2,belt_rock,direct,2.638809622203219E-07,2.638809622203219E-07,0,1,4.545009835090704E-10,918.598,918.598,-12.5397,NA
207,1313,ring,5250,compact,1862,5,belt_rock,direct,9.551117802498668E-06,9.551117802498668E-06,0,1,2.973823275947203E-09,166.058,166.058,-7.05782,NA
207,1314,ring,5250,compact,1865,2,belt_rock,direct,2.814577701632526E-06,2.814577701632526E-06,0,1,1.6752450097701096E-08,3174.42,3174.42,-0.839729,NA
207,1315,ring,5250,compact,1949,2,belt_rock,direct,5.57328382223405E-06,5.57328382223405E-06,0,1,1.74675529159236E-08,1671.55,1671.55,-13.9117,NA
207,1316,ring,5250,compact,1973,2,belt_rock,direct,2.7341845976125733E-06,2.7341845976125733E-06,0,1,2.5436419600592495E-09,496.166,496.166,-12.5209,NA
207,1317,ring,5250,compact,5265,1,planet,direct,9.182412889193778E-10,9.182412889193778E-10,0,1,1.1309067021667723E-12,656.854,656.854,-13.2333,NA
207,1318,stream,5250,compact,5267,1,planet,direct,9.182412889193778E-10,9.182412889193778E-10,0,1,0,0,215.574,-12.2788,NA
207,1319,ring,5250,compact,5296,1,planet,direct,9.182412889193778E-10,9.182412889193778E-10,0,1,1.1309067021744024E-12,656.854,656.854,-13.2333,NA
207,1320,stream,5250,compact,5298,1,planet,direct,9.182412889193778E-10,9.182412889193778E-10,0,1,0,0,215.574,-12.2788,NA
208,1321,stream,5250,compact,85,3,belt_rock,direct,7.560100636690684E-10,7.560100636690684E-10,0,1,0,0,2.48994,-41.5574,NA
208,1322,stream,5250,compact,114,3,belt_rock,direct,7.560100636690684E-10,7.560100636690684E-10,0,1,0,0,2.48994,-41.5574,NA
208,1323,ring,5250,compact,5443,1,belt_rock,direct,6.22569316639898E-11,6.22569316639898E-11,0,1,1.1813370677971483E-12,10120.1,10660,-35.15,NA
208,1324,ring,5250,compact,5476,1,belt_rock,direct,6.22569316639898E-11,6.22569316639898E-11,0,1,1.1813184757134764E-12,10119.9,10660,-35.15,NA
208,1325,stream,5250,compact,1450,1,belt_rock,direct,0.00010661569981331524,0.00010661569981331524,0,1,0,0,82.7988,-0.487861,NA
208,1326,stream,5250,compact,5476,2,belt_rock,closure,3.4750654158586884E-12,0,3.4750654158586884E-12,0,0,NaN,NA,NA,NA
208,1327,stream,5250,compact,5443,2,belt_rock,closure,3.4750654158586884E-12,0,3.4750654158586884E-12,0,0,NaN,NA,NA,NA
208,1328,stream,5250,compact,5441,1,belt_rock,direct,6.22569316639898E-11,0,6.22569316639898E-11,0,0,NaN,2376.43,-34.1166,NA
208,1329,stream,5250,compact,5474,1,belt_rock,direct,6.22569316639898E-11,0,6.22569316639898E-11,0,0,NaN,2376.43,-34.1166,NA
208,1330,stream,5250,compact,441,3,belt_rock,direct,8.502163251393323E-10,8.502163251393323E-10,0,1,0,0,97.2618,-39.3042,NA
208,1331,stream,5250,compact,559,3,belt_rock,direct,8.502163251393323E-10,8.502163251393323E-10,0,1,0,0,97.2618,-39.3042,NA
209,1332,stream,5250,compact,49,3,belt_rock,direct,7.211603760919443E-11,7.211603760919443E-11,0,1,0,0,167.967,-67.9609,NA
209,1333,stream,5250,compact,87,3,belt_rock,direct,7.211603760919443E-11,7.211603760919443E-11,0,1,0,0,167.967,-67.9609,NA
209,1334,stream,5250,compact,843,7,belt_rock,direct,3.862648144476084E-09,3.862648144476084E-09,0,1,0,0,198.8,-44.2147,NA
209,1335,stream,5250,compact,956,8,belt_rock,direct,3.862648144476084E-09,3.862648144476084E-09,0,1,0,0,198.8,-44.2147,NA
209,1336,stream,5250,compact,1862,6,belt_rock,direct,8.502162693732791E-10,8.502162693732791E-10,0,1,0,0,36.8501,-40.0593,NA
209,1337,stream,5250,compact,1865,3,belt_rock,direct,8.502162693732791E-10,8.502162693732791E-10,0,1,0,0,36.8501,-40.0593,NA
209,1338,ring,5250,compact,920,3,unknown,direct,2.110045734051367E-10,2.110045734051367E-10,0,1,1.9429246236198223E-12,4910.92,7097.93,-15.8386,NA
209,1339,ring,5250,compact,1497,3,unknown,direct,2.110045734051367E-10,2.110045734051367E-10,0,1,2.1039615688815372E-12,5317.96,7071.76,-15.8421,NA
210,1340,ring,5250,compact,231,2,belt_rock,direct,2.759873722899498E-06,2.759873722899498E-06,0,1,4.034120731843746E-09,779.576,780.925,-9.49573,NA
210,1341,ring,5250,compact,393,2,belt_rock,direct,2.759873722899498E-06,2.759873722899498E-06,0,1,4.034120731906674E-09,779.576,780.925,-9.49573,NA
210,1342,ring,5250,compact,396,2,belt_rock,direct,2.759873722899498E-06,2.759873722899498E-06,0,1,4.034191081847622E-09,779.59,780.938,-9.49571,NA
210,1343,ring,5250,compact,522,2,belt_rock,direct,2.759873722899498E-06,2.759873722899498E-06,0,1,4.034191081910551E-09,779.59,780.938,-9.49571,NA
210,1344,ring,5250,compact,627,2,belt_rock,direct,2.759873722899498E-06,2.759873722899498E-06,0,1,4.034120732095454E-09,779.576,780.925,-9.49573,NA
210,1345,ring,5250,compact,817,2,belt_rock,direct,2.759873722899498E-06,2.759873722899498E-06,0,1,4.034191082036403E-09,779.59,780.938,-9.49571,NA
210,1346,stream,5250,compact,920,4,unknown,direct,1.1891459084260161E-11,0,1.1891459084260161E-11,0,0,NaN,0,-104.563,NA
210,1347,ring,5250,compact,1096,2,belt_rock,direct,2.759873722899498E-06,2.759873722899498E-06,0,1,4.034191082099333E-09,779.59,780.938,-9.49571,NA
210,1348,ring,5250,compact,1178,2,belt_rock,direct,2.759873722899498E-06,2.759873722899498E-06,0,1,4.034120732284223E-09,779.576,780.925,-9.49573,NA
210,1349,ring,5250,compact,1405,2,belt_rock,direct,2.759873722899498E-06,2.759873722899498E-06,0,1,4.034191082225189E-09,779.59,780.938,-9.49571,NA
210,1350,ring,5250,compact,1847,2,belt_rock,direct,2.759873722899498E-06,2.759873722899498E-06,0,1,4.0341207324100816E-09,779.576,780.925,-9.49573,NA
210,1351,stream,5250,compact,1865,4,unknown,direct,1.1891459084260161E-11,0,1.1891459084260161E-11,0,0,NaN,-2.26435E-12,-104.563,NA
210,1352,ring,5250,compact,552,2,belt_rock,direct,5.697369738207831E-09,5.697369738207831E-09,0,1,1.90968464230467E-11,1787.66,2245.55,-20.942,NA
211,1353,ring,5250,compact,307,4,belt_rock,direct,4.634285725210078E-09,4.634285725210078E-09,0,1,8.92369358217462E-12,1026.98,1301.26,-25.8114,NA
211,1354,stream,5250,compact,552,3,belt_rock,direct,3.6054476079842377E-10,3.6054476079842377E-10,0,1,0,0,1.79238E-12,-49.0114,NA
211,1355,stream,5250,compact,1865,5,belt_rock,direct,3.6054476079842377E-10,3.6054476079842377E-10,0,1,0,0,1.79238E-12,-49.0114,NA
211,1356,ring,5250,compact,1319,6,belt_rock,direct,6.429512579708319E-08,6.429512579708319E-08,0,1,3.1839818742480597E-10,2641.14,3069.38,-21.4975,NA
211,1357,ring,5250,compact,1719,2,belt_rock,direct,8.767396873113318E-08,8.767396873113318E-08,0,1,2.038058722213968E-10,1239.78,1305.84,-18.0951,NA
211,1358,stream,5250,compact,1319,7,belt_rock,closure,1.2602508664112167E-09,1.2602508664112167E-09,0,1,0,0,NA,NA,NA
211,1359,stream,5250,compact,1865,6,belt_rock,closure,1.2602508664112167E-09,1.2602508664112167E-09,0,1,0,0,NA,NA,NA
211,1360,ring,5250,compact,969,1,belt_rock,direct,1.3584039054105519E-06,1.3584039054105519E-06,0,1,2.1584146083254145E-09,847.432,863.062,-6.92355,NA
211,1361,ring,5250,compact,5263,1,planet,direct,9.182412889193778E-10,9.182412889193778E-10,0,1,2.073261490043908E-12,1204.19,1267.21,-17.5198,NA
211,1362,ring,5250,compact,5294,1,planet,direct,9.182412889193778E-10,9.182412889193778E-10,0,1,2.0732614900609763E-12,1204.19,1267.21,-17.5198,NA
212,1363,stream,5250,compact,1511,2,belt_rock,direct,3.652401470236025E-08,3.652401470236025E-08,0,1,0,0,656.439,-21.6269,NA
212,1364,ring,5250,compact,1234,2,belt_rock,direct,1.021959848157638E-09,1.021959848157638E-09,0,1,3.724698128942162E-12,1943.82,4510.11,-13.4399,NA
212,1365,stream,5250,compact,1234,3,belt_rock,closure,8.54846185252672E-11,8.54846185252672E-11,0,1,0,0,NA,NA,NA
212,1366,stream,5250,compact,1511,3,belt_rock,closure,8.54846185252672E-11,8.54846185252672E-11,0,1,0,0,NA,NA,NA
213,1367,ring,5250,compact,822,1,belt_rock,direct,8.605891918196131E-05,8.605891918196131E-05,0,1,4.927564484117782E-08,305.376,306.643,-7.41342,NA
214,1368,ring,5250,compact,1066,2,belt_rock,direct,6.429920316812988E-08,6.429920316812988E-08,0,1,3.752679594924632E-10,3112.68,3547.89,-15.8774,NA
215,1369,stream,5250,compact,822,2,belt_rock,direct,1.2265447989125833E-09,1.2265447989125833E-09,0,1,0,0,7.02499E-12,-60.226,NA
215,1370,stream,5250,compact,1066,3,belt_rock,direct,1.2265447989125833E-09,1.2265447989125833E-09,0,1,0,0,7.02499E-12,-60.226,NA
215,1371,stream,5250,compact,1358,1,belt_rock,direct,5.514834413972558E-05,5.514834413972558E-05,0,1,0,0,254.55,-1.98053,NA
219,1372,stream,5250,compact,560,1,belt_rock,direct,5.360631128929598E-05,5.360631128929598E-05,0,1,0,0,115.378,-6.04815,NA
219,1373,stream,5250,compact,632,1,belt_rock,direct,1.2948139763879205E-05,1.2948139763879205E-05,0,1,0,0,273.903,-2.00108,NA
219,1374,ring,5250,compact,1950,1,belt_rock,direct,1.8905794412805056E-05,1.8905794412805056E-05,0,1,8.37447261480922E-09,236.244,236.533,-1.77965,NA
220,1375,stream,5250,compact,782,3,belt_rock,direct,8.581266028610987E-10,8.581266028610987E-10,0,1,0,0,78.0327,-38.9434,NA
220,1376,stream,5250,compact,935,2,belt_rock,direct,8.581266028610987E-10,8.581266028610987E-10,0,1,0,0,78.0327,-38.9434,NA
220,1377,stream,5250,compact,379,1,belt_rock,direct,1.0664651709008348E-05,1.0664651709008348E-05,0,1,0,0,256.737,-1.98684,NA
220,1378,stream,5250,compact,560,2,belt_rock,direct,2.6011450898264305E-05,2.6011450898264305E-05,0,1,0,0,113.682,-6.06934,NA
220,1379,stream,5250,compact,1358,2,belt_rock,direct,2.6011450898264305E-05,2.6011450898264305E-05,0,1,0,0,113.684,-6.06934,NA
221,1380,stream,5250,compact,379,2,belt_rock,direct,1.2580722389892237E-05,1.2580722389892237E-05,0,1,0,0,112.982,-6.0781,NA
221,1381,stream,5250,compact,560,3,belt_rock,direct,1.2580722389892237E-05,1.2580722389892237E-05,0,1,0,0,112.98,-6.0781,NA
222,1382,stream,5250,compact,1550,1,belt_rock,direct,7.657681691162616E-06,7.657681691162616E-06,0,1,0,0,212.362,-1.88972,NA
224,1383,stream,5250,compact,1210,1,belt_rock,direct,8.701675026262705E-07,8.701675026262705E-07,0,1,0,0,323.409,-2.07063,NA
224,1384,stream,5250,compact,573,1,belt_rock,direct,7.446669225853905E-05,7.446669225853905E-05,0,1,0,0,226.607,-1.8488,NA
225,1385,stream,5250,compact,573,2,belt_rock,direct,3.423586620114382E-05,3.423586620114382E-05,0,1,0,0,225.585,-1.86156,NA
225,1386,stream,5250,compact,1210,2,belt_rock,direct,3.423586620114382E-05,3.423586620114382E-05,0,1,0,0,225.587,-1.86156,NA
225,1387,stream,5250,compact,1210,3,belt_rock,closure,1.4928888676213306E-05,1.4928888676213306E-05,0,1,0,0,NA,NA,NA
225,1388,stream,5250,compact,573,3,belt_rock,closure,1.4928888676213306E-05,1.4928888676213306E-05,0,1,0,0,NA,NA,NA
226,1389,stream,5250,compact,573,4,unknown,direct,7.094330004715468E-06,7.094330004715468E-06,0,1,0,0,224.955,-1.86946,NA
226,1390,stream,5250,compact,1210,4,unknown,direct,7.094330004715468E-06,7.094330004715468E-06,0,1,0,0,224.956,-1.86946,NA
227,1391,ring,5250,compact,1972,2,belt_rock,direct,8.083618033229283E-08,8.083618033229283E-08,0,1,1.786150967249743E-10,1178.45,1272.25,-8.50705,NA
228,1392,stream,5250,compact,573,5,unknown,direct,3.327302194979217E-06,3.327302194979217E-06,0,1,0,0,228.754,-1.822,NA
228,1393,stream,5250,compact,1210,5,unknown,direct,3.327302194979217E-06,3.327302194979217E-06,0,1,0,0,228.753,-1.822,NA
228,1394,stream,5250,compact,1854,1,belt_rock,direct,9.121469906066199E-05,9.121469906066199E-05,0,1,0,0,153.393,-1.6902,NA
229,1395,stream,5250,compact,1210,6,belt_rock,direct,4.185457259144206E-05,4.185457259144206E-05,0,1,0,0,154.368,-1.67802,NA
229,1396,stream,5250,compact,1854,2,belt_rock,direct,4.185457259144206E-05,4.185457259144206E-05,0,1,0,0,154.368,-1.67802,NA
229,1397,stream,5250,compact,19,1,belt_rock,direct,8.206857288036649E-05,8.206857288036649E-05,0,1,0,0,171.768,-1.72784,NA
230,1398,stream,5250,compact,471,3,belt_rock,direct,3.590732378457539E-11,3.590732378457539E-11,0,1,0,0,5725.12,-9.16951,NA
230,1399,stream,5250,compact,494,5,belt_rock,direct,3.590732378457539E-11,3.590732378457539E-11,0,1,0,0,5725.12,-9.16952,NA
230,1400,stream,5250,compact,471,4,belt_rock,closure,1.0081727094125393E-11,0,1.0081727094125393E-11,0,0,NaN,NA,NA,NA
230,1401,stream,5250,compact,19,2,belt_rock,closure,1.0081727094125393E-11,0,1.0081727094125393E-11,0,0,NaN,NA,NA,NA
232,1402,ring,5250,compact,1903,1,belt_rock,direct,3.155503347898082E-05,3.155503347898082E-05,0,1,7.710765997625095E-09,130.325,130.41,-1.55685,NA
232,1403,ring,5250,compact,1440,2,belt_rock,direct,6.430429275871095E-08,6.430429275871095E-08,0,1,4.416342385317121E-10,3662.87,4201.22,-8.16635,NA
235,1404,stream,5250,compact,1740,1,belt_rock,direct,8.830018152836576E-05,8.830018152836576E-05,0,1,0,0,77.1006,-1.13611,NA
235,1405,stream,5250,compact,724,1,belt_rock,direct,1.9448724348486886E-05,1.9448724348486886E-05,0,1,0,0,178.302,-1.69676,NA
237,1406,stream,5250,compact,1560,1,belt_rock,direct,0.00011256195804978434,0.00011256195804978434,0,1,0,0,55.0504,-1.10275,NA
237,1407,stream,5250,compact,1740,2,belt_rock,direct,4.303226336822684E-05,4.303226336822684E-05,0,1,0,0,77.0821,-1.13634,NA
237,1408,stream,5250,compact,1864,2,belt_rock,direct,4.303226336822684E-05,4.303226336822684E-05,0,1,0,0,77.0826,-1.13634,NA
237,1409,stream,5250,compact,559,4,belt_rock,direct,3.60580188045972E-11,3.60580188045972E-11,0,1,0,0,1447.7,-51.9642,NA
239,1410,stream,5250,compact,1939,2,belt_rock,direct,3.287806856721154E-07,3.287806856721154E-07,0,1,0,0,499.979,-6.2879,NA
240,1411,ring,5250,compact,5260,1,planet,direct,9.182412889193778E-10,9.182412889193778E-10,0,1,1.4670984725871449E-12,852.121,906.201,-6.36495,NA
240,1412,ring,5250,compact,5293,1,planet,direct,9.182412889193778E-10,9.182412889193778E-10,0,1,1.467098472533217E-12,852.121,906.201,-6.36495,NA
241,1413,stream,5250,compact,1560,2,belt_rock,direct,2.1001949425644868E-05,2.1001949425644868E-05,0,1,0,0,77.1873,-1.13503,NA
241,1414,stream,5250,compact,1740,3,belt_rock,direct,2.1001949425644868E-05,2.1001949425644868E-05,0,1,0,0,77.1869,-1.13503,NA
241,1415,ring,5250,compact,575,4,unknown,direct,2.110045734051367E-10,2.110045734051367E-10,0,1,1.8588479106437371E-13,469.841,5959.22,-14.7142,NA
241,1416,stream,5250,compact,575,5,unknown,unknown,2.4308274331381123E-11,0,2.4308274331381123E-11,0,0,NaN,NA,NA,NA
241,1417,stream,5250,compact,1740,4,unknown,unknown,2.4308274331381123E-11,0,2.4308274331381123E-11,0,0,NaN,NA,NA,NA
242,1418,stream,5250,compact,49,4,belt_rock,direct,3.60580188045972E-11,3.60580188045972E-11,0,1,0,0,1200.85,-55.0499,NA
247,1419,stream,5250,compact,1587,4,belt_rock,direct,4.5954279260725895E-07,4.5954279260725895E-07,0,1,0,0,423.501,-5.57003,NA
247,1420,stream,5250,compact,1587,5,belt_rock,closure,2.2548722910737598E-07,2.2548722910737598E-07,0,1,0,0,NA,NA,NA
247,1421,stream,5250,compact,480,2,belt_rock,closure,2.2548722910737598E-07,2.2548722910737598E-07,0,1,0,0,NA,NA,NA
248,1422,stream,5250,compact,469,1,belt_rock,direct,3.480403199868555E-05,3.480403199868555E-05,0,1,0,0,151.386,-1.55146,NA
248,1423,stream,5250,compact,575,6,unknown,direct,9.567010261424849E-08,9.567010261424849E-08,0,1,0,0,402.95,-5.82691,NA
248,1424,stream,5250,compact,1587,6,unknown,direct,9.567010261424849E-08,9.567010261424849E-08,0,1,0,0,402.949,-5.82691,NA
249,1425,stream,5250,compact,1695,1,belt_rock,direct,0.00010508632328505911,0.00010508632328505911,0,1,0,0,217.841,-1.61948,NA
251,1426,ring,5250,compact,1268,1,belt_rock,direct,6.0227397167019024E-05,6.0227397167019024E-05,0,1,1.49841452826273E-08,132.69,132.748,-1.44914,NA
252,1427,stream,5250,compact,60,1,belt_rock,direct,3.969287225502216E-05,3.969287225502216E-05,0,1,0,0,76.6024,-1.00489,NA
253,1428,stream,5250,compact,815,1,belt_rock,direct,6.327517821831652E-05,6.327517821831652E-05,0,1,0,0,203.195,-1.57426,NA
254,1429,stream,5250,compact,60,2,belt_rock,direct,3.127866077868527E-05,3.127866077868527E-05,0,1,0,0,202.899,-1.57796,NA
254,1430,stream,5250,compact,815,2,belt_rock,direct,3.127866077868527E-05,3.127866077868527E-05,0,1,0,0,202.898,-1.57796,NA
255,1431,stream,5250,compact,60,3,belt_rock,direct,1.4038071782051594E-05,1.4038071782051594E-05,0,1,0,0,203.339,-1.57245,NA
255,1432,stream,5250,compact,815,3,belt_rock,direct,1.4038071782051594E-05,1.4038071782051594E-05,0,1,0,0,203.339,-1.57245,NA
255,1433,stream,5250,compact,1069,1,belt_rock,direct,7.0186235247408415E-06,7.0186235247408415E-06,0,1,0,0,218.656,-1.57793,NA
255,1434,stream,5250,compact,49,5,belt_rock,direct,1.8029009402298584E-11,0,1.8029009402298584E-11,0,0,NaN,2780.81,-35.3005,NA
257,1435,stream,5250,compact,559,5,belt_rock,direct,1.8029009402298584E-11,0,1.8029009402298584E-11,0,0,NaN,3353.01,-28.1479,NA
261,1436,stream,5250,compact,1864,3,belt_rock,direct,1.8029009402298584E-11,0,1.8029009402298584E-11,0,0,NaN,3673.41,-24.1429,NA
263,1437,stream,5250,compact,1740,5,belt_rock,direct,1.8029009402298584E-11,0,1.8029009402298584E-11,0,0,NaN,2573.16,-37.8961,NA
264,1438,stream,5250,compact,1927,1,belt_rock,direct,8.156357912643343E-05,8.156357912643343E-05,0,1,0,0,172.88,-1.48381,NA
266,1439,stream,5250,compact,1647,8,belt_rock,direct,1.720597195199275E-09,0,1.720597195199275E-09,0,0,NaN,3018.61,-10.451,NA
267,1440,stream,5250,compact,1691,1,belt_rock,direct,7.995988770781898E-05,7.995988770781898E-05,0,1,0,0,173.908,-1.46713,NA
267,1441,stream,5250,compact,1691,2,belt_rock,closure,3.8558182977803705E-05,3.8558182977803705E-05,0,1,0,0,NA,NA,NA
267,1442,stream,5250,compact,1647,9,belt_rock,closure,3.8558182977803705E-05,3.8558182977803705E-05,0,1,0,0,NA,NA,NA
269,1443,stream,5250,compact,1851,6,belt_rock,direct,1.720597195199275E-09,1.720597195199275E-09,0,1,0,0,3314.87,-6.82613,NA
270,1444,ring,5250,compact,1869,2,belt_rock,direct,1.8102133031539075E-08,1.8102133031539075E-08,0,1,7.710583926615944E-11,2271.73,2582.01,-4.81693,NA
270,1445,stream,5250,compact,1940,2,belt_rock,direct,3.86267598455373E-07,3.86267598455373E-07,0,1,0,0,440.292,-4.24661,NA
271,1446,stream,5250,compact,1434,1,belt_rock,direct,7.80013052558952E-05,7.80013052558952E-05,0,1,0,0,95.507,-1.33737,NA
271,1447,ring,5250,compact,535,8,unknown,direct,1.1699392158405102E-10,1.1699392158405102E-10,0,1,1.9690224970620062E-13,897.607,7781.38,-5.95145,NA
271,1448,ring,5250,compact,961,5,unknown,direct,1.1699392158405102E-10,1.1699392158405102E-10,0,1,1.969026060880802E-13,897.608,7781.38,-5.95145,NA
271,1449,stream,5250,compact,961,6,unknown,unknown,1.4709945932112607E-11,0,1.4709945932112607E-11,0,0,NaN,NA,NA,NA
271,1450,stream,5250,compact,535,9,unknown,unknown,1.4709945932112607E-11,0,1.4709945932112607E-11,0,0,NaN,NA,NA,NA
271,1451,ring,5250,compact,88,8,unknown,direct,1.1699392158405102E-10,1.1699392158405102E-10,0,1,1.85159819766019E-13,844.077,7899.86,-5.06006,NA
271,1452,ring,5250,compact,1065,3,unknown,direct,1.1699392158405102E-10,1.1699392158405102E-10,0,1,1.8515954126265127E-13,844.076,7899.86,-5.06006,NA
271,1453,stream,5250,compact,88,9,unknown,unknown,1.4337684257520535E-11,0,1.4337684257520535E-11,0,0,NaN,NA,NA,NA
271,1454,stream,5250,compact,535,10,unknown,unknown,1.4337684257520535E-11,0,1.4337684257520535E-11,0,0,NaN,NA,NA,NA
271,1455,stream,5250,compact,1065,4,unknown,unknown,1.4337684286167967E-11,0,1.4337684286167967E-11,0,0,NaN,NA,NA,NA
271,1456,stream,5250,compact,961,7,unknown,unknown,1.4337684286167967E-11,0,1.4337684286167967E-11,0,0,NaN,NA,NA,NA
273,1457,stream,5250,compact,1434,2,belt_rock,direct,3.84188872409247E-05,3.84188872409247E-05,0,1,0,0,95.3803,-1.33895,NA
273,1458,stream,5250,compact,1940,3,belt_rock,direct,3.84188872409247E-05,3.84188872409247E-05,0,1,0,0,95.381,-1.33895,NA
275,1459,stream,5250,compact,88,10,belt_rock,direct,1.8488768526628712E-05,1.8488768526628712E-05,0,1,0,0,95.2652,-1.3404,NA
275,1460,stream,5250,compact,1940,4,belt_rock,direct,1.8488768526628712E-05,1.8488768526628712E-05,0,1,0,0,95.2646,-1.3404,NA
277,1461,ring,5250,compact,5261,1,planet,direct,9.182412889193778E-10,9.182412889193778E-10,0,1,7.1117330224924534E-12,4130.64,4255.45,-4.35995,NA
277,1462,ring,5250,compact,5292,1,planet,direct,9.182412889193778E-10,9.182412889193778E-10,0,1,7.111733022492446E-12,4130.64,4255.45,-4.35995,NA
277,1463,stream,5250,compact,5292,2,planet,closure,1.3921715915506084E-12,1.3921715915506084E-12,0,1,0,0,NA,NA,NA
277,1464,stream,5250,compact,5261,2,planet,closure,1.3921715915506084E-12,1.3921715915506084E-12,0,1,0,0,NA,NA,NA
278,1465,stream,5250,compact,535,11,belt_rock,direct,9.604721810231175E-06,9.604721810231175E-06,0,1,0,0,95.188,-1.34136,NA
278,1466,stream,5250,compact,961,8,belt_rock,direct,9.604721810231175E-06,9.604721810231175E-06,0,1,0,0,95.188,-1.34136,NA
278,1467,stream,5250,compact,1065,5,belt_rock,direct,9.604721810231175E-06,9.604721810231175E-06,0,1,0,0,95.1874,-1.34136,NA
278,1468,stream,5250,compact,1434,3,belt_rock,direct,9.604721810231175E-06,9.604721810231175E-06,0,1,0,0,95.1874,-1.34136,NA
278,1469,stream,5250,compact,88,11,belt_rock,direct,9.085963564978702E-06,9.085963564978702E-06,0,1,0,0,95.1883,-1.34136,NA
278,1470,stream,5250,compact,1940,5,belt_rock,direct,9.085963564978702E-06,9.085963564978702E-06,0,1,0,0,95.1879,-1.34136,NA
282,1471,stream,5250,compact,535,12,belt_rock,direct,4.745509818601919E-06,4.745509818601919E-06,0,1,0,0,95.5978,-1.33624,NA
282,1472,stream,5250,compact,961,9,belt_rock,direct,4.745509818601919E-06,4.745509818601919E-06,0,1,0,0,95.5975,-1.33624,NA
282,1473,stream,5250,compact,1065,6,belt_rock,direct,4.745548060316505E-06,4.745548060316505E-06,0,1,0,0,95.5972,-1.33624,NA
282,1474,stream,5250,compact,1434,4,belt_rock,direct,4.745548060316505E-06,4.745548060316505E-06,0,1,0,0,95.597,-1.33624,NA
282,1475,stream,5250,compact,88,12,belt_rock,direct,4.493016861560744E-06,4.493016861560744E-06,0,1,0,0,95.5978,-1.33624,NA
282,1476,stream,5250,compact,1940,6,belt_rock,direct,4.493016861560744E-06,4.493016861560744E-06,0,1,0,0,95.5975,-1.33624,NA
294,1477,stream,5250,compact,5258,1,planet,direct,9.182412889193778E-10,9.182412889193778E-10,0,1,0,0,714.949,-4.30121,NA
294,1478,stream,5250,compact,5291,1,planet,direct,9.182412889193778E-10,9.182412889193778E-10,0,1,0,0,714.949,-4.30121,NA
294,1479,stream,5250,compact,5291,2,planet,closure,3.533981234808203E-10,3.533981234808203E-10,0,1,0,0,NA,NA,NA
294,1480,stream,5250,compact,5258,2,planet,closure,3.533981234808203E-10,3.533981234808203E-10,0,1,0,0,NA,NA,NA
294,1481,stream,5250,compact,5258,3,planet,closure,1.2812807751420661E-10,1.2812807751420661E-10,0,1,0,0,NA,NA,NA
294,1482,stream,5250,compact,5291,3,planet,closure,1.2812807751420661E-10,1.2812807751420661E-10,0,1,0,0,NA,NA,NA
318,1483,stream,5250,compact,1234,4,unknown,direct,4.274230926263358E-11,4.274230926263358E-11,0,1,0,0,1434.95,-51.8795,NA
321,1484,stream,5250,compact,811,1,belt_rock,direct,5.31642843864643E-05,5.31642843864643E-05,0,1,0,0,61.9461,-1.16237,NA
329,1485,stream,5250,compact,1511,4,unknown,direct,4.274230926263358E-11,4.274230926263358E-11,0,1,0,0,1058.67,-56.5828,NA
331,1486,stream,5250,compact,1438,2,belt_rock,direct,2.3205749609095458E-07,2.3205749609095458E-07,0,1,0,0,562.214,-3.0849,NA
331,1487,stream,5250,compact,1532,2,belt_rock,direct,2.3205749609095458E-07,2.3205749609095458E-07,0,1,0,0,562.214,-3.0849,NA
331,1488,stream,5250,compact,1438,3,belt_rock,closure,1.146180076868928E-07,1.146180076868928E-07,0,1,0,0,NA,NA,NA
331,1489,stream,5250,compact,1511,5,belt_rock,closure,1.146180076868928E-07,1.146180076868928E-07,0,1,0,0,NA,NA,NA
332,1490,stream,5250,compact,1438,4,unknown,direct,5.651322282597404E-08,5.651322282597404E-08,0,1,0,0,546.845,-3.27699,NA
332,1491,stream,5250,compact,1532,3,unknown,direct,5.651322282597404E-08,5.651322282597404E-08,0,1,0,0,546.846,-3.27699,NA
358,1492,stream,5250,compact,1661,5,belt_rock,direct,2.7016133108656392E-08,2.7016133108656392E-08,0,1,0,0,1094.67,-3.11469,NA
358,1493,stream,5250,compact,1661,6,belt_rock,closure,1.338387382286795E-08,1.338387382286795E-08,0,1,0,0,NA,NA,NA
358,1494,stream,5250,compact,1532,4,belt_rock,closure,1.338387382286795E-08,1.338387382286795E-08,0,1,0,0,NA,NA,NA
445,1495,stream,5250,compact,1860,2,belt_rock,direct,1.0402154136633142E-06,1.0402154136633142E-06,0,1,0,0,344.496,-1.89964,NA
479,1496,stream,5250,compact,5256,1,planet,direct,9.182412889193778E-10,9.182412889193778E-10,0,1,0,0,654.504,-2.29863,NA
479,1497,stream,5250,compact,5289,1,planet,direct,9.182412889193778E-10,9.182412889193778E-10,0,1,0,0,654.504,-2.29863,NA
479,1498,stream,5250,compact,5256,2,planet,closure,4.1629842739520746E-10,4.1629842739520746E-10,0,1,0,0,NA,NA,NA
479,1499,stream,5250,compact,5258,5,planet,closure,4.1629842739520746E-10,4.1629842739520746E-10,0,1,0,0,NA,NA,NA
485,1500,stream,5250,compact,1643,2,belt_rock,direct,2.3242833742607853E-06,2.3242833742607853E-06,0,1,0,0,271.555,-1.65321,NA
640,1501,stream,5250,compact,1879,5,belt_rock,direct,7.566150219616971E-08,7.566150219616971E-08,0,1,0,0,626.559,-1.2852,NA
671,1502,stream,5250,compact,1383,2,belt_rock,direct,9.210035840621894E-08,9.210035840621894E-08,0,1,0,0,794.001,-1.79177,NA
739,1503,stream,5250,compact,1999,2,belt_rock,direct,7.187568753913461E-08,7.187568753913461E-08,0,1,0,0,872.437,-1.99315,NA
739,1504,stream,5250,compact,1999,3,belt_rock,closure,3.311384650185942E-08,3.311384650185942E-08,0,1,0,0,NA,NA,NA
739,1505,stream,5250,compact,543,2,belt_rock,closure,3.311384650185942E-08,3.311384650185942E-08,0,1,0,0,NA,NA,NA
739,1506,stream,5250,compact,1999,4,belt_rock,closure,1.5500280018807083E-08,1.5500280018807083E-08,0,1,0,0,NA,NA,NA
739,1507,stream,5250,compact,1383,3,belt_rock,closure,1.5500280018807083E-08,1.5500280018807083E-08,0,1,0,0,NA,NA,NA
772,1508,stream,5250,compact,6,1,planet,direct,95.20003344512153,95.20003344512153,0,1,0,0,33.2588,-0.556326,NA
797,1509,stream,5250,compact,1383,4,planet,direct,0.0002666666666666667,0.0002666666666666667,0,1,0,0,33.3645,-0.555129,NA
797,1510,stream,5250,compact,6,2,planet,direct,0.0002666666666666667,0.0002666666666666667,0,1,0,0,33.3527,-0.555129,NA
1066,1511,ring,5250,compact,691,4,belt_rock,direct,4.73215165875094E-08,4.73215165875094E-08,0,1,3.197431358927238E-10,3603.64,4114.97,-7.26893,NA
1066,1512,stream,5250,compact,691,5,belt_rock,closure,1.376301572271857E-09,1.376301572271857E-09,0,1,0,0,NA,NA,NA
1066,1513,stream,5250,compact,1910,2,belt_rock,closure,1.376301572271857E-09,1.376301572271857E-09,0,1,0,0,NA,NA,NA
1225,1514,stream,8,puller,5057,1,saturn_ring_ice,direct,6.306072243089246E-07,0,0,0,0,NaN,NaN,0.368519,NA
1650,1515,stream,5250,compact,5254,1,planet,direct,9.182412889193778E-10,9.182412889193778E-10,0,1,0,0,606.521,-1.08967,NA
1650,1516,stream,5250,compact,5287,1,planet,direct,9.182412889193778E-10,9.182412889193778E-10,0,1,0,0,606.521,-1.08967,NA
1811,1517,stream,2,puller,11,1,belt_rock,direct,0.00011469774224647003,0,0,0,0,NaN,NaN,13.8411,NA
1947,1518,stream,8,puller,2147,1,kuiper_ice,direct,4.0670737746022044E-05,0,0,0,0,NaN,NaN,0.515688,NA
1982,1519,stream,4,puller,10,1,belt_rock,direct,3.8272803205866925E-05,0,0,0,0,NaN,NaN,0.023604,NA
