step,index,formation_direct,host_slot,host_kind,source_slot,source_gen,source_origin,origin_class,source_mass_E_direct,captured_mass_E_direct,escaped_mass_E_direct,bound_fraction_direct,dissipated_direct,dissipated_over_vapor_direct,excess_over_vapor_est,specific_energy_est,source_dist_over_rocheLimit_est
1,0,ring,5250,compact,43,1,belt_rock,direct,6.445031919421965E-05,6.445031919421965E-05,0,1,7.112650978199854E-07,5885.8,5885.8,-9.05277,NA
1,1,ring,5250,compact,870,1,belt_rock,direct,5.8619102442674436E-05,5.8619102442674436E-05,0,1,6.840547408088006E-07,6223.73,6223.73,-9.11863,NA
1,2,ring,5250,compact,958,1,belt_rock,direct,0.00010550424303801884,0.00010550424303801884,0,1,1.1332580483190658E-06,5728.72,5728.72,-8.63448,NA
1,3,stream,5250,compact,43,2,belt_rock,closure,6.373592202321401E-12,0,6.373592202321401E-12,0,0,NaN,NA,NA,NA
1,4,stream,5250,compact,5251,1,belt_rock,closure,6.373592202321401E-12,0,6.373592202321401E-12,0,0,NaN,NA,NA,NA
1,5,stream,5250,compact,5252,1,belt_rock,closure,6.373592202321401E-12,0,6.373592202321401E-12,0,0,NaN,NA,NA,NA
1,6,stream,5250,compact,5253,1,belt_rock,closure,6.373592202321401E-12,0,6.373592202321401E-12,0,0,NaN,NA,NA,NA
1,7,stream,5250,compact,5254,1,belt_rock,closure,6.373592202321401E-12,0,6.373592202321401E-12,0,0,NaN,NA,NA,NA
1,8,stream,5250,compact,5255,1,belt_rock,closure,6.373592202321401E-12,0,6.373592202321401E-12,0,0,NaN,NA,NA,NA
1,9,stream,5250,compact,5256,1,belt_rock,closure,6.373592202321401E-12,0,6.373592202321401E-12,0,0,NaN,NA,NA,NA
1,10,stream,5250,compact,5257,1,belt_rock,closure,6.373592202321401E-12,0,6.373592202321401E-12,0,0,NaN,NA,NA,NA
1,11,stream,5250,compact,5258,1,belt_rock,closure,6.373592202321401E-12,0,6.373592202321401E-12,0,0,NaN,NA,NA,NA
1,12,stream,5250,compact,5259,1,belt_rock,closure,6.373592202321401E-12,0,6.373592202321401E-12,0,0,NaN,NA,NA,NA
1,13,stream,5250,compact,5260,1,belt_rock,closure,6.373592202321401E-12,0,6.373592202321401E-12,0,0,NaN,NA,NA,NA
1,14,stream,5250,compact,5261,1,belt_rock,closure,6.373592202321401E-12,0,6.373592202321401E-12,0,0,NaN,NA,NA,NA
1,15,stream,5250,compact,5262,1,belt_rock,closure,6.373592202321401E-12,0,6.373592202321401E-12,0,0,NaN,NA,NA,NA
4,16,ring,5250,compact,1346,1,belt_rock,direct,9.732759503147314E-06,9.732759503147314E-06,0,1,9.470833113817157E-08,5189.8,5193.15,-7.51367,NA
4,17,stream,5250,compact,1346,2,belt_rock,closure,1.1543728978399825E-11,0,1.1543728978399825E-11,0,0,NaN,NA,NA,NA
4,18,stream,5250,compact,5262,2,belt_rock,closure,1.1543728978399825E-11,0,1.1543728978399825E-11,0,0,NaN,NA,NA,NA
4,19,stream,5250,compact,5261,2,belt_rock,closure,1.1543728978399825E-11,0,1.1543728978399825E-11,0,0,NaN,NA,NA,NA
4,20,stream,5250,compact,5260,2,belt_rock,closure,1.1543728978399825E-11,0,1.1543728978399825E-11,0,0,NaN,NA,NA,NA
4,21,stream,5250,compact,5259,2,belt_rock,closure,1.1543728978399825E-11,0,1.1543728978399825E-11,0,0,NaN,NA,NA,NA
4,22,stream,5250,compact,5258,2,belt_rock,closure,1.1543728978399825E-11,0,1.1543728978399825E-11,0,0,NaN,NA,NA,NA
4,23,stream,5250,compact,5257,2,belt_rock,closure,1.1543728978399825E-11,0,1.1543728978399825E-11,0,0,NaN,NA,NA,NA
4,24,stream,5250,compact,5256,2,belt_rock,closure,1.1543728978399825E-11,0,1.1543728978399825E-11,0,0,NaN,NA,NA,NA
4,25,stream,5250,compact,5255,2,belt_rock,closure,1.1543728978399825E-11,0,1.1543728978399825E-11,0,0,NaN,NA,NA,NA
4,26,stream,5250,compact,5254,2,belt_rock,closure,1.1543728978399825E-11,0,1.1543728978399825E-11,0,0,NaN,NA,NA,NA
4,27,stream,5250,compact,5253,2,belt_rock,closure,1.1543728978399825E-11,0,1.1543728978399825E-11,0,0,NaN,NA,NA,NA
4,28,stream,5250,compact,5252,2,belt_rock,closure,1.1543728978399825E-11,0,1.1543728978399825E-11,0,0,NaN,NA,NA,NA
4,29,stream,5250,compact,5251,2,belt_rock,closure,1.1543728978399825E-11,0,1.1543728978399825E-11,0,0,NaN,NA,NA,NA
4,30,stream,5250,compact,43,3,belt_rock,closure,1.1543728978399825E-11,0,1.1543728978399825E-11,0,0,NaN,NA,NA,NA
4,31,stream,5250,compact,5440,1,belt_rock,closure,1.1543728978399825E-11,0,1.1543728978399825E-11,0,0,NaN,NA,NA,NA
5,32,ring,5250,compact,1602,1,belt_rock,direct,0.00010175518303794006,0.00010175518303794006,0,1,2.0180343189544814E-06,10577.2,10577.2,-5.84697,NA
5,33,stream,5250,compact,1602,2,belt_rock,closure,7.332621287448294E-13,0,7.332621287448294E-13,0,0,NaN,NA,NA,NA
5,34,stream,5250,compact,5440,2,belt_rock,closure,7.332621287448294E-13,0,7.332621287448294E-13,0,0,NaN,NA,NA,NA
5,35,stream,5250,compact,43,4,belt_rock,closure,7.332621287448294E-13,0,7.332621287448294E-13,0,0,NaN,NA,NA,NA
5,36,stream,5250,compact,5251,3,belt_rock,closure,7.332621287448294E-13,0,7.332621287448294E-13,0,0,NaN,NA,NA,NA
5,37,stream,5250,compact,5252,3,belt_rock,closure,7.332621287448294E-13,0,7.332621287448294E-13,0,0,NaN,NA,NA,NA
5,38,stream,5250,compact,5253,3,belt_rock,closure,7.332621287448294E-13,0,7.332621287448294E-13,0,0,NaN,NA,NA,NA
5,39,stream,5250,compact,5254,3,belt_rock,closure,7.332621287448294E-13,0,7.332621287448294E-13,0,0,NaN,NA,NA,NA
5,40,stream,5250,compact,5255,3,belt_rock,closure,7.332621287448294E-13,0,7.332621287448294E-13,0,0,NaN,NA,NA,NA
5,41,stream,5250,compact,5256,3,belt_rock,closure,7.332621287448294E-13,0,7.332621287448294E-13,0,0,NaN,NA,NA,NA
5,42,stream,5250,compact,5257,3,belt_rock,closure,7.332621287448294E-13,0,7.332621287448294E-13,0,0,NaN,NA,NA,NA
5,43,stream,5250,compact,5258,3,belt_rock,closure,7.332621287448294E-13,0,7.332621287448294E-13,0,0,NaN,NA,NA,NA
5,44,stream,5250,compact,5259,3,belt_rock,closure,7.332621287448294E-13,0,7.332621287448294E-13,0,0,NaN,NA,NA,NA
5,45,stream,5250,compact,5260,3,belt_rock,closure,7.332621287448294E-13,0,7.332621287448294E-13,0,0,NaN,NA,NA,NA
5,46,stream,5250,compact,5261,3,belt_rock,closure,7.332621287448294E-13,0,7.332621287448294E-13,0,0,NaN,NA,NA,NA
5,47,stream,5250,compact,5262,3,belt_rock,closure,7.332621287448294E-13,0,7.332621287448294E-13,0,0,NaN,NA,NA,NA
6,48,ring,5250,compact,256,1,belt_rock,direct,7.364607507439092E-07,7.364607507439092E-07,0,1,9.725533474035025E-09,7043.08,7043.08,-7.90757,NA
6,49,stream,5250,compact,256,2,belt_rock,closure,3.7719010903570555E-12,0,3.7719010903570555E-12,0,0,NaN,NA,NA,NA
6,50,stream,5250,compact,5262,4,belt_rock,closure,3.7719010903570555E-12,0,3.7719010903570555E-12,0,0,NaN,NA,NA,NA
6,51,stream,5250,compact,5261,4,belt_rock,closure,3.7719010903570555E-12,0,3.7719010903570555E-12,0,0,NaN,NA,NA,NA
6,52,stream,5250,compact,5260,4,belt_rock,closure,3.7719010903570555E-12,0,3.7719010903570555E-12,0,0,NaN,NA,NA,NA
6,53,stream,5250,compact,5259,4,belt_rock,closure,3.7719010903570555E-12,0,3.7719010903570555E-12,0,0,NaN,NA,NA,NA
6,54,stream,5250,compact,5258,4,belt_rock,closure,3.7719010903570555E-12,0,3.7719010903570555E-12,0,0,NaN,NA,NA,NA
6,55,stream,5250,compact,5257,4,belt_rock,closure,3.7719010903570555E-12,0,3.7719010903570555E-12,0,0,NaN,NA,NA,NA
6,56,stream,5250,compact,5256,4,belt_rock,closure,3.7719010903570555E-12,0,3.7719010903570555E-12,0,0,NaN,NA,NA,NA
6,57,stream,5250,compact,5255,4,belt_rock,closure,3.7719010903570555E-12,0,3.7719010903570555E-12,0,0,NaN,NA,NA,NA
6,58,stream,5250,compact,5254,4,belt_rock,closure,3.7719010903570555E-12,0,3.7719010903570555E-12,0,0,NaN,NA,NA,NA
6,59,stream,5250,compact,5253,4,belt_rock,closure,3.7719010903570555E-12,0,3.7719010903570555E-12,0,0,NaN,NA,NA,NA
6,60,stream,5250,compact,5252,4,belt_rock,closure,3.7719010903570555E-12,0,3.7719010903570555E-12,0,0,NaN,NA,NA,NA
6,61,stream,5250,compact,5251,4,belt_rock,closure,3.7719010903570555E-12,0,3.7719010903570555E-12,0,0,NaN,NA,NA,NA
6,62,stream,5250,compact,43,5,belt_rock,closure,3.7719010903570555E-12,0,3.7719010903570555E-12,0,0,NaN,NA,NA,NA
6,63,stream,5250,compact,5440,3,belt_rock,closure,3.7719010903570555E-12,0,3.7719010903570555E-12,0,0,NaN,NA,NA,NA
7,64,ring,5250,compact,1715,1,belt_rock,direct,6.124992368274139E-05,6.124992368274139E-05,0,1,3.811501742472946E-07,3318.86,3318.86,-5.62354,NA
7,65,stream,5250,compact,1715,2,belt_rock,closure,7.992707720026905E-11,7.992707720026905E-11,0,1,0,0,NA,NA,NA
7,66,stream,5250,compact,5440,4,belt_rock,closure,7.992707720026905E-11,7.992707720026905E-11,0,1,0,0,NA,NA,NA
7,67,stream,5250,compact,43,6,belt_rock,closure,7.992707720026905E-11,7.992707720026905E-11,0,1,0,0,NA,NA,NA
7,68,stream,5250,compact,5251,5,belt_rock,closure,7.992707720026905E-11,7.992707720026905E-11,0,1,0,0,NA,NA,NA
7,69,stream,5250,compact,5252,5,belt_rock,closure,7.992707720026905E-11,7.992707720026905E-11,0,1,0,0,NA,NA,NA
7,70,stream,5250,compact,5253,5,belt_rock,closure,7.992707720026905E-11,7.992707720026905E-11,0,1,0,0,NA,NA,NA
7,71,stream,5250,compact,5254,5,belt_rock,closure,7.992707720026905E-11,7.992707720026905E-11,0,1,0,0,NA,NA,NA
7,72,stream,5250,compact,5255,5,belt_rock,closure,7.992707720026905E-11,7.992707720026905E-11,0,1,0,0,NA,NA,NA
7,73,stream,5250,compact,5256,5,belt_rock,closure,7.992707720026905E-11,7.992707720026905E-11,0,1,0,0,NA,NA,NA
7,74,stream,5250,compact,5257,5,belt_rock,closure,7.992707720026905E-11,7.992707720026905E-11,0,1,0,0,NA,NA,NA
7,75,stream,5250,compact,5258,5,belt_rock,closure,7.992707720026905E-11,7.992707720026905E-11,0,1,0,0,NA,NA,NA
7,76,stream,5250,compact,5259,5,belt_rock,closure,7.992707720026905E-11,7.992707720026905E-11,0,1,0,0,NA,NA,NA
7,77,stream,5250,compact,5260,5,belt_rock,closure,7.992707720026905E-11,7.992707720026905E-11,0,1,0,0,NA,NA,NA
7,78,stream,5250,compact,5261,5,belt_rock,closure,7.992707720026905E-11,7.992707720026905E-11,0,1,0,0,NA,NA,NA
7,79,stream,5250,compact,5262,5,belt_rock,closure,7.992707720026905E-11,7.992707720026905E-11,0,1,0,0,NA,NA,NA
8,80,ring,5250,compact,1067,1,belt_rock,direct,7.887809739050694E-06,7.887809739050694E-06,0,1,1.7952567920763466E-08,1213.86,1213.86,-4.23073,NA
8,81,ring,5250,compact,1637,1,belt_rock,direct,2.987925896370312E-06,2.987925896370312E-06,0,1,1.9382251404809564E-08,3459.66,3459.66,-9.00253,NA
8,82,ring,5250,compact,1861,1,belt_rock,direct,8.468707374629946E-05,8.468707374629946E-05,0,1,4.034750859555141E-07,2540.96,2540.96,-5.15279,NA
8,83,stream,5250,compact,1637,2,belt_rock,closure,4.396490716591594E-10,4.396490716591594E-10,0,1,0,0,NA,NA,NA
8,84,stream,5250,compact,5262,6,belt_rock,closure,4.396490716591594E-10,4.396490716591594E-10,0,1,0,0,NA,NA,NA
8,85,ring,5250,compact,386,1,belt_rock,direct,7.882113148060343E-05,7.882113148060343E-05,0,1,6.508862781037115E-07,4404.14,4403.52,-6.34373,NA
8,86,stream,5250,compact,386,2,belt_rock,closure,2.424705026574994E-11,0,2.424705026574994E-11,0,0,NaN,NA,NA,NA
8,87,stream,5250,compact,5262,7,belt_rock,closure,2.424705026574994E-11,0,2.424705026574994E-11,0,0,NaN,NA,NA,NA
8,88,stream,5250,compact,256,3,belt_rock,direct,7.992707720026905E-11,7.992707720026905E-11,0,1,0,0,546.657,-40.2763,NA
8,89,ring,5250,compact,258,1,belt_rock,direct,8.51130267073862E-06,8.51130267073862E-06,0,1,3.878570397957854E-08,2430.38,2434.54,-5.46616,NA
8,90,ring,5250,compact,663,1,belt_rock,direct,1.6001604702557865E-06,1.6001604702557865E-06,0,1,2.3327254607819808E-08,7774.97,7791.55,-5.47824,NA
9,91,stream,5250,compact,258,2,belt_rock,direct,3.1528250384301055E-10,3.1528250384301055E-10,0,1,0,0,136.808,-34.1828,NA
9,92,stream,5250,compact,386,3,belt_rock,direct,3.1528250384301055E-10,3.1528250384301055E-10,0,1,0,0,136.808,-34.1828,NA
9,93,ring,5250,compact,752,1,belt_rock,direct,2.5875906947232663E-05,2.5875906947232663E-05,0,1,1.1106155452556461E-07,2289.11,2289.83,-5.76928,NA
9,94,ring,5250,compact,1250,1,belt_rock,direct,3.703372798663153E-05,3.703372798663153E-05,0,1,2.2047446572176414E-07,3175.12,3174.82,-5.91523,NA
9,95,ring,5250,compact,936,1,belt_rock,direct,3.881781778052667E-05,3.881781778052667E-05,0,1,3.575332523008693E-07,4912.29,4918.55,-4.60275,NA
9,96,ring,5250,compact,1152,1,belt_rock,direct,9.205135791384277E-05,9.205135791384277E-05,0,1,2.8453995715381836E-07,1648.59,1650.36,-4.89331,NA
9,97,stream,5250,compact,752,2,belt_rock,closure,3.291686502378738E-10,3.291686502378738E-10,0,1,0,0,NA,NA,NA
9,98,stream,5250,compact,386,4,belt_rock,closure,3.291686502378738E-10,3.291686502378738E-10,0,1,0,0,NA,NA,NA
9,99,stream,5250,compact,936,2,belt_rock,closure,1.7476269676647036E-11,0,1.7476269676647036E-11,0,0,NaN,NA,NA,NA
9,100,stream,5250,compact,1250,2,belt_rock,closure,1.7476269676647036E-11,0,1.7476269676647036E-11,0,0,NaN,NA,NA,NA
10,101,stream,5250,compact,1637,3,unknown,direct,2.1982453582957958E-10,0,2.1982453582957958E-10,0,0,NaN,1278.88,-36.262,NA
10,102,stream,5250,compact,1861,2,unknown,direct,2.1982453582957958E-10,0,2.1982453582957958E-10,0,0,NaN,1278.86,-36.2624,NA
10,103,ring,5250,compact,1638,1,belt_rock,direct,6.82711123473684E-05,6.82711123473684E-05,0,1,5.495506075804184E-07,4293.08,4299.57,-4.11902,NA
10,104,stream,5250,compact,1638,2,unknown,unknown,3.6887204037023334E-11,0,3.6887204037023334E-11,0,0,NaN,NA,NA,NA
10,105,stream,5250,compact,1861,3,unknown,unknown,3.6887204037023334E-11,0,3.6887204037023334E-11,0,0,NaN,NA,NA,NA
10,106,stream,5250,compact,1637,4,unknown,unknown,3.6887204037023334E-11,0,3.6887204037023334E-11,0,0,NaN,NA,NA,NA
10,107,stream,5250,compact,1250,3,unknown,unknown,3.6887204037023334E-11,0,3.6887204037023334E-11,0,0,NaN,NA,NA,NA
10,108,stream,5250,compact,936,3,unknown,unknown,3.6887204037023334E-11,0,3.6887204037023334E-11,0,0,NaN,NA,NA,NA
10,109,stream,5250,compact,386,5,unknown,unknown,3.6887204037023334E-11,0,3.6887204037023334E-11,0,0,NaN,NA,NA,NA
11,110,ring,5250,compact,759,1,belt_rock,direct,0.00013011848609373956,0.00013011848609373956,0,1,1.0383822297738911E-06,4256.15,4263.89,-4.35435,NA
11,111,stream,5250,compact,759,2,belt_rock,closure,2.8277009861520363E-10,0,2.8277009861520363E-10,0,0,NaN,NA,NA,NA
11,112,stream,5250,compact,386,6,belt_rock,closure,2.8277009861520363E-10,0,2.8277009861520363E-10,0,0,NaN,NA,NA,NA
11,113,stream,5250,compact,936,4,belt_rock,closure,2.8277009861520363E-10,0,2.8277009861520363E-10,0,0,NaN,NA,NA,NA
11,114,stream,5250,compact,1250,4,belt_rock,closure,2.8277009861520363E-10,0,2.8277009861520363E-10,0,0,NaN,NA,NA,NA
11,115,stream,5250,compact,1637,5,belt_rock,closure,2.8277009861520363E-10,0,2.8277009861520363E-10,0,0,NaN,NA,NA,NA
11,116,stream,5250,compact,1861,4,belt_rock,closure,2.8277009861520363E-10,0,2.8277009861520363E-10,0,0,NaN,NA,NA,NA
11,117,ring,5250,compact,1241,1,belt_rock,direct,7.618650019277846E-07,7.618650019277846E-07,0,1,2.4246382793424173E-09,1697.34,1717.71,-5.25671,NA
12,118,ring,5250,compact,268,1,belt_rock,direct,0.00011298925936235269,0.00011298925936235269,0,1,1.2926980689600361E-06,6101.81,6101.18,-5.35511,NA
12,119,ring,5250,compact,536,1,belt_rock,direct,2.0047929919777408E-05,2.0047929919777408E-05,0,1,5.38757259969681E-07,14332.5,14338.4,-3.94093,NA
12,120,ring,5250,compact,1746,1,belt_rock,direct,9.070405472954457E-06,9.070405472954457E-06,0,1,4.30739628183101E-08,2532.72,2542.93,-4.74203,NA
12,121,stream,5250,compact,536,2,belt_rock,closure,2.0575939640831103E-13,0,2.0575939640831103E-13,0,0,NaN,NA,NA,NA
12,122,stream,5250,compact,268,2,belt_rock,closure,2.0575939640831103E-13,0,2.0575939640831103E-13,0,0,NaN,NA,NA,NA
13,123,ring,5250,compact,481,1,belt_rock,direct,9.160071251226054E-05,9.160071251226054E-05,0,1,1.8119208902771312E-07,1054.97,1055.84,-4.14468,NA
13,124,ring,5250,compact,1534,1,belt_rock,direct,7.93412739114681E-05,7.93412739114681E-05,0,1,1.275730300148576E-06,8575.48,8591.48,-3.45191,NA
13,125,ring,5250,compact,1719,1,belt_rock,direct,7.872506338888801E-06,7.872506338888801E-06,0,1,2.7057764964464332E-08,1833.06,1853.71,-5.32023,NA
14,126,ring,5250,compact,438,1,belt_rock,direct,1.7550765897871725E-05,1.7550765897871725E-05,0,1,3.7594060496157376E-08,1142.41,1143.44,-4.44741,NA
14,127,stream,5250,compact,1534,2,belt_rock,direct,7.059718421685823E-09,7.059718421685823E-09,0,1,0,0,3.46625E-11,-28.4991,NA
14,128,stream,5250,compact,1719,2,belt_rock,direct,7.059718421685823E-09,7.059718421685823E-09,0,1,0,0,3.46625E-11,-28.4991,NA
14,129,ring,5250,compact,1690,1,belt_rock,direct,4.025913744818416E-06,4.025913744818416E-06,0,1,1.833227636047368E-08,2428.57,2436.33,-3.86328,NA
14,130,stream,5250,compact,1690,2,belt_rock,closure,4.15525551341045E-10,4.15525551341045E-10,0,1,0,0,NA,NA,NA
14,131,stream,5250,compact,1719,3,belt_rock,closure,4.15525551341045E-10,4.15525551341045E-10,0,1,0,0,NA,NA,NA
15,132,ring,5250,compact,249,1,belt_rock,direct,5.202528896249539E-05,5.202528896249539E-05,0,1,2.5396315532858567E-07,2603.48,2607.5,-3.37475,NA
15,133,ring,5250,compact,1429,1,belt_rock,direct,9.499965620965148E-05,9.499965620965148E-05,0,1,3.361661749924691E-07,1887.26,1887.88,-4.56706,NA
16,134,stream,5250,compact,249,2,belt_rock,direct,8.115961359554939E-10,8.115961359554939E-10,0,1,0,0,4.77751E-12,-28.1854,NA
16,135,stream,5250,compact,1429,2,belt_rock,direct,8.115961359554939E-10,8.115961359554939E-10,0,1,0,0,4.77751E-12,-28.1854,NA
16,136,ring,5250,compact,903,1,belt_rock,direct,4.685284590491039E-06,4.685284590491039E-06,0,1,9.559924105084423E-09,1088.22,1093.43,-3.83636,NA
16,137,ring,5250,compact,41,1,belt_rock,direct,2.900204501029675E-06,2.900204501029675E-06,0,1,6.013061762251221E-09,1105.77,1114.75,-3.82622,NA
16,138,ring,5250,compact,210,1,belt_rock,direct,8.223668966786667E-07,8.223668966786667E-07,0,1,2.4808057826193572E-09,1608.89,1628.54,-3.78267,NA
17,139,ring,5250,compact,201,1,belt_rock,direct,6.448122989889116E-06,6.448122989889116E-06,0,1,2.1584926341194793E-07,17853.2,17856.8,-3.30106,NA
17,140,ring,5250,compact,1344,1,belt_rock,direct,6.588077845455585E-07,6.588077845455585E-07,0,1,1.9275186832282724E-09,1560.41,1565.68,-3.95284,NA
17,141,ring,5250,compact,687,1,belt_rock,direct,7.025100752933476E-05,7.025100752933476E-05,0,1,2.7166911866172874E-07,2062.46,2062.59,-4.41263,NA
17,142,ring,5250,compact,1265,1,belt_rock,direct,3.3500438564097958E-06,3.3500438564097958E-06,0,1,6.40791933827996E-09,1020.15,1023.07,-3.85659,NA
17,143,ring,5250,compact,2004,1,belt_rock,direct,0.00011406378383111234,0.00011406378383111234,0,1,1.9367412683777165E-07,905.571,906.229,-3.44388,NA
17,144,stream,5250,compact,201,2,belt_rock,closure,7.158161602662969E-14,0,7.158161602662969E-14,0,0,NaN,NA,NA,NA
17,145,stream,5250,compact,210,2,belt_rock,closure,7.158161602662969E-14,0,7.158161602662969E-14,0,0,NaN,NA,NA,NA
17,146,ring,5250,compact,1916,1,belt_rock,direct,7.412351325758678E-07,7.412351325758678E-07,0,1,1.9909031019741513E-09,1432.49,1447.95,-4.81587,NA
17,147,stream,5250,compact,687,2,belt_rock,closure,6.896339074490849E-10,6.896339074490849E-10,0,1,0,0,NA,NA,NA
17,148,stream,5250,compact,1344,2,belt_rock,closure,6.896339074490849E-10,6.896339074490849E-10,0,1,0,0,NA,NA,NA
17,149,ring,5250,compact,1925,1,belt_rock,direct,7.468349726660275E-07,7.468349726660275E-07,0,1,1.184774579103951E-08,8460.77,8489.87,-3.39561,NA
17,150,ring,5250,compact,675,1,belt_rock,direct,3.727967749422074E-06,3.727967749422074E-06,0,1,7.228828129852067E-08,10341.8,10361.1,-3.18108,NA
17,151,stream,5250,compact,1925,2,belt_rock,closure,2.241099379541245E-12,0,2.241099379541245E-12,0,0,NaN,NA,NA,NA
17,152,stream,5250,compact,1344,3,belt_rock,closure,2.241099379541245E-12,0,2.241099379541245E-12,0,0,NaN,NA,NA,NA
18,153,ring,5250,compact,803,1,belt_rock,direct,3.062006392073039E-05,3.062006392073039E-05,0,1,8.72988854954926E-08,1520.55,1522.57,-3.09625,NA
19,154,ring,5250,compact,1322,1,belt_rock,direct,1.1429717356379865E-05,1.1429717356379865E-05,0,1,2.5223496331631815E-08,1176.98,1177.81,-3.21367,NA
19,155,ring,5250,compact,402,1,belt_rock,direct,0.00011378952304313832,0.00011378952304313832,0,1,1.4022585135090764E-06,6572.41,6575.37,-2.77624,NA
19,156,stream,5250,compact,402,2,belt_rock,closure,6.5425161094494504E-12,0,6.5425161094494504E-12,0,0,NaN,NA,NA,NA
19,157,stream,5250,compact,1322,2,belt_rock,closure,6.5425161094494504E-12,0,6.5425161094494504E-12,0,0,NaN,NA,NA,NA
19,158,ring,5250,compact,218,1,belt_rock,direct,0.0001293653377253364,0.0001293653377253364,0,1,3.0193727824834867E-07,1244.79,1246.53,-2.90485,NA
20,159,ring,5250,compact,1340,1,belt_rock,direct,6.580637107315145E-06,6.580637107315145E-06,0,1,8.37222323540139E-09,678.534,682.326,-3.63596,NA
20,160,ring,5250,compact,33,1,belt_rock,direct,5.618786079972002E-05,5.618786079972002E-05,0,1,3.8498810421814647E-07,3654.29,3653.95,-4.1631,NA
20,161,ring,5250,compact,1130,1,belt_rock,direct,7.242748385491965E-06,7.242748385491965E-06,0,1,9.543628721742064E-09,702.763,706.877,-3.69133,NA
20,162,ring,5250,compact,1038,1,belt_rock,direct,1.7756912185710963E-05,1.7756912185710963E-05,0,1,7.39352342945305E-08,2220.66,2234.87,-3.00283,NA
20,163,ring,5250,compact,1905,1,belt_rock,direct,2.1195334811836045E-05,2.1195334811836045E-05,0,1,3.649875468810376E-08,918.41,920.919,-3.873,NA
21,164,ring,5250,compact,1361,1,belt_rock,direct,6.957767276117018E-07,6.957767276117018E-07,0,1,1.078413340198932E-08,8266.36,8279.76,-3.15853,NA
21,165,ring,5250,compact,1714,1,belt_rock,direct,9.797661427081477E-05,9.797661427081477E-05,0,1,2.4130680806681896E-06,13135.5,13147.4,-2.6108,NA
21,166,stream,5250,compact,1714,2,belt_rock,closure,2.7055385593312853E-13,0,2.7055385593312853E-13,0,0,NaN,NA,NA,NA
21,167,stream,5250,compact,1361,2,belt_rock,closure,2.7055385593312853E-13,0,2.7055385593312853E-13,0,0,NaN,NA,NA,NA
22,168,ring,5250,compact,375,1,belt_rock,direct,4.937260758537988E-05,4.937260758537988E-05,0,1,7.709867086720169E-08,832.836,833.17,-3.72001,NA
22,169,ring,5250,compact,1522,1,belt_rock,direct,4.936253227900622E-06,4.936253227900622E-06,0,1,8.574208565552015E-09,926.393,927.594,-3.9515,NA
22,170,ring,5250,compact,1792,1,belt_rock,direct,6.615167261835618E-07,6.615167261835618E-07,0,1,1.2630684326011589E-08,10183.2,10198.6,-3.08272,NA
22,171,ring,5250,compact,1699,1,belt_rock,direct,8.94114264561078E-07,8.94114264561078E-07,0,1,3.660074543833471E-09,2183.21,2195.93,-3.01178,NA
22,172,ring,5250,compact,1908,1,belt_rock,direct,1.9023099266285737E-05,1.9023099266285737E-05,0,1,3.055630444737517E-08,856.679,858.535,-2.87058,NA
22,173,ring,5250,compact,1956,1,belt_rock,direct,2.0079035066489838E-05,2.0079035066489838E-05,0,1,1.1313367572194393E-07,3005.02,3007.88,-2.65317,NA
22,174,stream,5250,compact,1956,2,belt_rock,closure,1.6454285480226988E-10,1.6454285480226988E-10,0,1,0,0,NA,NA,NA
22,175,stream,5250,compact,1908,2,belt_rock,closure,1.6454285480226988E-10,1.6454285480226988E-10,0,1,0,0,NA,NA,NA
22,176,stream,5250,compact,1699,2,belt_rock,closure,6.091898402055743E-10,6.091898402055743E-10,0,1,0,0,NA,NA,NA
22,177,stream,5250,compact,1792,2,belt_rock,closure,6.091898402055743E-10,6.091898402055743E-10,0,1,0,0,NA,NA,NA
22,178,ring,5250,compact,505,1,belt_rock,direct,1.6587725498243545E-05,1.6587725498243545E-05,0,1,1.9356699965126836E-08,622.362,625.395,-2.98656,NA
23,179,ring,5250,compact,1966,1,belt_rock,direct,3.877920832514688E-06,3.877920832514688E-06,0,1,2.2487503411073367E-08,3092.72,3108.28,-4.56699,NA
23,180,stream,5250,compact,1966,2,belt_rock,closure,1.0610902851407262E-09,1.0610902851407262E-09,0,1,0,0,NA,NA,NA
23,181,stream,5250,compact,505,2,belt_rock,closure,1.0610902851407262E-09,1.0610902851407262E-09,0,1,0,0,NA,NA,NA
23,182,ring,5250,compact,1419,1,belt_rock,direct,6.851600638608718E-07,6.851600638608718E-07,0,1,8.529379978785331E-10,663.933,722.91,-3.43059,NA
24,183,ring,5250,compact,1212,1,belt_rock,direct,2.2369066376123997E-06,2.2369066376123997E-06,0,1,4.406078296458271E-09,1050.52,1079.18,-4.17187,NA
25,184,ring,5250,compact,381,1,belt_rock,direct,2.8819727928903593E-05,2.8819727928903593E-05,0,1,1.0083522965676595E-07,1866.04,1868.27,-2.41509,NA
25,185,ring,5250,compact,293,1,belt_rock,direct,1.9539868064375353E-06,1.9539868064375353E-06,0,1,1.0497565060121124E-08,2865.27,2917.71,-2.82123,NA
25,186,stream,5250,compact,293,2,belt_rock,closure,1.6652841411552807E-09,1.6652841411552807E-09,0,1,0,0,NA,NA,NA
25,187,stream,5250,compact,381,2,belt_rock,closure,1.6652841411552807E-09,1.6652841411552807E-09,0,1,0,0,NA,NA,NA
25,188,ring,5250,compact,1989,1,belt_rock,direct,4.7501101041724756E-05,4.7501101041724756E-05,0,1,9.560985028754505E-08,1073.49,1076.62,-2.3857,NA
26,189,ring,5250,compact,1406,1,belt_rock,direct,9.403493506238919E-06,9.403493506238919E-06,0,1,8.971807362619393E-09,508.85,511.48,-3.13438,NA
26,190,ring,5250,compact,1312,1,belt_rock,direct,2.4536753781522826E-05,2.4536753781522826E-05,0,1,2.0086975260760438E-08,436.613,437.386,-3.03417,NA
26,191,ring,5250,compact,472,1,belt_rock,direct,3.6769038003555496E-05,3.6769038003555496E-05,0,1,1.0571044584730026E-07,1533.33,1535.25,-3.59158,NA
27,192,ring,5250,compact,963,1,belt_rock,direct,2.290803977352462E-05,2.290803977352462E-05,0,1,1.782570123938002E-08,415.009,415.416,-2.99792,NA
27,193,ring,5250,compact,1061,1,belt_rock,direct,8.393769926689095E-05,8.393769926689095E-05,0,1,8.03118866898375E-07,5102.95,5102.9,-3.64995,NA
27,194,stream,5250,compact,1061,2,belt_rock,closure,1.8488766107335393E-11,0,1.8488766107335393E-11,0,0,NaN,NA,NA,NA
27,195,stream,5250,compact,963,2,belt_rock,closure,1.8488766107335393E-11,0,1.8488766107335393E-11,0,0,NaN,NA,NA,NA
27,196,ring,5250,compact,1914,1,belt_rock,direct,1.1852991074201777E-05,1.1852991074201777E-05,0,1,1.883023539524587E-07,8472.79,8473.92,-3.78325,NA
27,197,ring,5250,compact,1563,1,belt_rock,direct,2.251359647705385E-06,2.251359647705385E-06,0,1,2.0083250153097755E-09,475.76,476.365,-2.3395,NA
27,198,stream,5250,compact,1914,2,belt_rock,closure,1.8160818171976557E-12,0,1.8160818171976557E-12,0,0,NaN,NA,NA,NA
27,199,stream,5250,compact,963,3,belt_rock,closure,1.8160818171976557E-12,0,1.8160818171976557E-12,0,0,NaN,NA,NA,NA
27,200,ring,5250,compact,992,1,belt_rock,direct,4.653120252710523E-06,4.653120252710523E-06,0,1,8.72635358846371E-08,10002,10017.3,-2.29136,NA
27,201,stream,5250,compact,992,2,belt_rock,closure,1.1077294517906153E-12,0,1.1077294517906153E-12,0,0,NaN,NA,NA,NA
27,202,stream,5250,compact,963,4,belt_rock,closure,1.1077294517906153E-12,0,1.1077294517906153E-12,0,0,NaN,NA,NA,NA
27,203,ring,5250,compact,573,1,belt_rock,direct,1.3787977749123525E-06,1.3787977749123525E-06,0,1,1.6127803909414852E-09,623.84,636.036,-3.44193,NA
28,204,ring,5250,compact,1447,1,belt_rock,direct,1.5604616589943862E-05,1.5604616589943862E-05,0,1,7.789784515271916E-09,266.239,266.241,-2.39754,NA
28,205,ring,5250,compact,745,1,belt_rock,direct,4.957998550449472E-05,4.957998550449472E-05,0,1,3.521265760012211E-08,378.784,379.711,-2.78954,NA
28,206,ring,5250,compact,1461,1,belt_rock,direct,1.7158336131513795E-05,1.7158336131513795E-05,0,1,1.3973897028417456E-08,434.351,437.21,-2.51214,NA
29,207,ring,5250,compact,1712,1,belt_rock,direct,8.88143615743407E-05,8.88143615743407E-05,0,1,6.064499454280001E-08,364.175,365.247,-2.55717,NA
29,208,ring,5250,compact,583,1,belt_rock,direct,2.603133957447426E-06,2.603133957447426E-06,0,1,8.937536868502644E-08,18311.3,18316.9,-3.69455,NA
30,209,ring,5250,compact,103,1,belt_rock,direct,8.953375253393478E-05,8.953375253393478E-05,0,1,2.2892960916239923E-05,136368,136427,-2.03394,NA
30,210,ring,5250,compact,1816,1,belt_rock,direct,3.470685652763432E-05,3.470685652763432E-05,0,1,7.026124156051016E-06,107969,108006,-2.07607,NA
30,211,ring,5250,compact,1272,1,belt_rock,direct,2.0744211701371507E-05,2.0744211701371507E-05,0,1,1.3356119347714922E-08,343.386,344.16,-2.7361,NA
30,212,ring,5250,compact,1424,1,belt_rock,direct,7.388665166465659E-06,7.388665166465659E-06,0,1,3.5355178296422494E-08,2552.03,2556.78,-2.10285,NA
30,213,ring,5250,compact,357,1,belt_rock,direct,8.099115882800179E-07,8.099115882800179E-07,0,1,6.422966754180878E-10,422.958,432.971,-2.68325,NA
30,214,ring,5250,compact,106,1,belt_rock,direct,2.1688775987241362E-05,2.1688775987241362E-05,0,1,5.421774751616058E-08,1333.23,1345.51,-2.20389,NA
30,215,ring,5250,compact,1154,1,belt_rock,direct,6.735806740079647E-05,6.735806740079647E-05,0,1,1.590905518041246E-05,125966,126383,-1.96859,NA
30,216,ring,5250,compact,479,1,belt_rock,direct,0.00010301638394024405,0.00010301638394024405,0,1,1.054204608268094E-07,545.78,548.204,-2.15682,NA
30,217,ring,5250,compact,874,1,belt_rock,direct,1.5823459134159224E-05,1.5823459134159224E-05,0,1,1.2009213500799555E-08,404.773,414.274,-3.05858,NA
31,218,ring,5250,compact,1880,1,belt_rock,direct,1.3944147713801403E-05,1.3944147713801403E-05,0,1,1.753517217556406E-08,670.682,672.104,-2.19608,NA
31,219,ring,5250,compact,1970,1,belt_rock,direct,6.47234764685084E-06,6.47234764685084E-06,0,1,4.799303275268631E-09,395.471,398.066,-2.96469,NA
31,220,ring,5250,compact,1132,1,belt_rock,direct,6.960640750949877E-06,6.960640750949877E-06,0,1,7.718742534593429E-08,5914.2,5917.81,-3.4938,NA
31,221,ring,5250,compact,1223,1,belt_rock,direct,7.13051800867063E-07,7.13051800867063E-07,0,1,6.732102883804686E-09,5035.34,5058.93,-2.23399,NA
31,222,ring,5250,compact,1900,1,belt_rock,direct,6.610236365178961E-05,6.610236365178961E-05,0,1,8.515960299386172E-07,6870.93,6876.83,-3.54785,NA
31,223,stream,5250,compact,1223,2,belt_rock,closure,1.3647954773573484E-11,0,1.3647954773573484E-11,0,0,NaN,NA,NA,NA
31,224,stream,5250,compact,1132,2,belt_rock,closure,1.3647954773573484E-11,0,1.3647954773573484E-11,0,0,NaN,NA,NA,NA
32,225,stream,5250,compact,11,1,belt_rock,direct,6.575221407743196E-07,6.575221407743196E-07,0,1,0,0,719.668,-3.00645,NA
32,226,stream,5250,compact,1119,1,belt_rock,direct,7.085780923415716E-07,7.085780923415716E-07,0,1,0,0,390.989,-2.66553,NA
32,227,ring,5250,compact,1516,1,belt_rock,direct,6.854110784888905E-05,6.854110784888905E-05,0,1,1.1391905640478215E-07,886.429,888.301,-1.98403,NA
32,228,stream,5250,compact,11,2,belt_rock,closure,1.643805351935799E-07,1.643805351935799E-07,0,1,0,0,NA,NA,NA
32,229,stream,5250,compact,1132,3,belt_rock,closure,1.643805351935799E-07,1.643805351935799E-07,0,1,0,0,NA,NA,NA
32,230,stream,5250,compact,1223,3,belt_rock,closure,1.643805351935799E-07,1.643805351935799E-07,0,1,0,0,NA,NA,NA
32,231,stream,5250,compact,1900,2,belt_rock,closure,1.643805351935799E-07,1.643805351935799E-07,0,1,0,0,NA,NA,NA
32,232,stream,5250,compact,1132,4,belt_rock,closure,5.313418188205729E-08,5.313418188205729E-08,0,1,0,0,NA,NA,NA
32,233,stream,5250,compact,11,3,belt_rock,closure,5.313418188205729E-08,5.313418188205729E-08,0,1,0,0,NA,NA,NA
32,234,stream,5250,compact,1900,3,belt_rock,closure,5.313418188205729E-08,5.313418188205729E-08,0,1,0,0,NA,NA,NA
32,235,stream,5250,compact,1223,4,belt_rock,closure,5.313418188205729E-08,5.313418188205729E-08,0,1,0,0,NA,NA,NA
32,236,ring,5250,compact,1294,1,belt_rock,direct,1.1689151884193025E-05,1.1689151884193025E-05,0,1,1.6023966665656831E-07,7311.15,7325.33,-1.91819,NA
33,237,ring,5250,compact,1920,1,belt_rock,direct,7.079672750686245E-07,7.079672750686245E-07,0,1,5.707023609508458E-10,429.927,432.72,-2.57053,NA
33,238,ring,5250,compact,297,1,belt_rock,direct,6.386077222397475E-05,6.386077222397475E-05,0,1,5.2653787475963395E-08,439.738,439.53,-2.56381,NA
33,239,ring,5250,compact,399,1,belt_rock,direct,0.00010286828533112233,0.00010286828533112233,0,1,4.0171756616778837E-07,2082.75,2085.2,-3.38168,NA
33,240,ring,5250,compact,1104,1,belt_rock,direct,1.213233954773025E-06,1.213233954773025E-06,0,1,9.99157947477152E-09,4392.26,4403.86,-3.52801,NA
33,241,ring,5250,compact,1672,1,belt_rock,direct,4.998318765117461E-05,4.998318765117461E-05,0,1,3.677497769635504E-08,392.398,394.032,-2.12298,NA
33,242,stream,5250,compact,399,2,belt_rock,closure,5.8391033204666545E-09,5.8391033204666545E-09,0,1,0,0,NA,NA,NA
33,243,stream,5250,compact,297,2,belt_rock,closure,5.8391033204666545E-09,5.8391033204666545E-09,0,1,0,0,NA,NA,NA
33,244,ring,5250,compact,939,1,belt_rock,direct,2.0567682170148438E-05,2.0567682170148438E-05,0,1,4.799988431932113E-08,1244.67,1249.02,-1.90966,NA
34,245,ring,5250,compact,1965,1,belt_rock,direct,0.0001185335668396583,0.0001185335668396583,0,1,5.402938842756913E-07,2431.01,2431.76,-1.83057,NA
34,246,ring,5250,compact,183,1,belt_rock,direct,1.3277160926720187E-06,1.3277160926720187E-06,0,1,2.3685945211154835E-09,951.446,960.184,-2.15058,NA
34,247,stream,5250,compact,1965,2,belt_rock,closure,4.4284282369610157E-10,4.4284282369610157E-10,0,1,0,0,NA,NA,NA
34,248,stream,5250,compact,939,2,belt_rock,closure,4.4284282369610157E-10,4.4284282369610157E-10,0,1,0,0,NA,NA,NA
34,249,ring,5250,compact,1760,1,belt_rock,direct,2.0648375113299637E-06,2.0648375113299637E-06,0,1,1.594656995427027E-09,411.889,416.607,-3.00524,NA
34,250,ring,5250,compact,1558,1,belt_rock,direct,2.5592316131635228E-05,2.5592316131635228E-05,0,1,1.3175532732051293E-08,274.573,276.005,-2.54914,NA
34,251,ring,5250,compact,1588,1,belt_rock,direct,1.8572593135235288E-05,1.8572593135235288E-05,0,1,1.5910467869644366E-07,4568.87,4575.33,-1.84752,NA
34,252,stream,5250,compact,1588,2,belt_rock,closure,2.929975273153405E-11,0,2.929975273153405E-11,0,0,NaN,NA,NA,NA
34,253,stream,5250,compact,1558,2,belt_rock,closure,2.929975273153405E-11,0,2.929975273153405E-11,0,0,NaN,NA,NA,NA
34,254,ring,5250,compact,1786,1,belt_rock,direct,2.1646483586360506E-05,2.1646483586360506E-05,0,1,1.0845633376665582E-06,26721.8,26769.6,-1.92661,NA
35,255,ring,5250,compact,749,1,belt_rock,direct,2.9180565408297464E-05,2.9180565408297464E-05,0,1,2.7010847006400015E-07,4936.77,4938.16,-1.83576,NA
35,256,stream,5250,compact,1558,3,belt_rock,direct,1.0167715920285563E-13,0,1.0167715920285563E-13,0,0,NaN,0,-336.161,NA
35,257,stream,5250,compact,1786,2,belt_rock,direct,1.0167715920285563E-13,0,1.0167715920285563E-13,0,0,NaN,0,-336.161,NA
35,258,stream,5250,compact,749,2,belt_rock,closure,2.0895678538127982E-11,0,2.0895678538127982E-11,0,0,NaN,NA,NA,NA
35,259,stream,5250,compact,1588,3,belt_rock,closure,2.0895678538127982E-11,0,2.0895678538127982E-11,0,0,NaN,NA,NA,NA
35,260,ring,5250,compact,110,1,belt_rock,direct,8.55251994172961E-06,8.55251994172961E-06,0,1,6.447953163954068E-08,4020.93,4025.57,-1.864,NA
35,261,ring,5250,compact,205,1,belt_rock,direct,1.1292837001125341E-06,1.1292837001125341E-06,0,1,7.587427671035093E-07,358336,359530,-1.73759,NA
35,262,stream,5250,compact,1387,1,belt_rock,direct,9.325970298089863E-07,9.325970298089863E-07,0,1,0,0,282.569,-2.59538,NA
35,263,stream,5250,compact,110,2,belt_rock,closure,5.160939801149773E-11,5.160939801149773E-11,0,1,0,0,NA,NA,NA
35,264,stream,5250,compact,1588,4,belt_rock,closure,5.160939801149773E-11,5.160939801149773E-11,0,1,0,0,NA,NA,NA
35,265,stream,5250,compact,749,3,belt_rock,closure,5.160939801149773E-11,5.160939801149773E-11,0,1,0,0,NA,NA,NA
35,266,stream,5250,compact,1786,3,belt_rock,closure,5.160939801149773E-11,5.160939801149773E-11,0,1,0,0,NA,NA,NA
35,267,ring,5250,compact,1630,1,belt_rock,direct,8.526346458370245E-05,8.526346458370245E-05,0,1,2.407085213914323E-07,1505.66,1512.08,-1.90606,NA
35,268,ring,5250,compact,1217,1,belt_rock,direct,6.585222696107808E-07,6.585222696107808E-07,0,1,7.511818864580871E-10,608.378,625.422,-2.11168,NA
35,269,stream,5250,compact,1000,1,belt_rock,direct,2.7564086487222608E-06,2.7564086487222608E-06,0,1,0,0,273.468,-2.48535,NA
35,270,ring,5250,compact,1985,1,belt_rock,direct,0.00012064977340833769,0.00012064977340833769,0,1,4.483192935509542E-07,1981.8,1990.17,-1.82537,NA
36,271,ring,5250,compact,1024,1,belt_rock,direct,4.063049431669074E-05,4.063049431669074E-05,0,1,9.201214453453185E-08,1207.79,1208.45,-1.81879,NA
36,272,ring,5250,compact,1430,1,belt_rock,direct,9.554714652963105E-07,9.554714652963105E-07,0,1,1.179737467818402E-09,658.516,667.657,-2.14863,NA
36,273,ring,5250,compact,907,1,belt_rock,direct,1.0798487883299909E-06,1.0798487883299909E-06,0,1,3.9325713944380065E-07,194228,194423,-1.97553,NA
36,274,stream,5250,compact,1000,2,belt_rock,direct,1.362930436638824E-06,1.362930436638824E-06,0,1,0,0,268.689,-2.54583,NA
36,275,stream,5250,compact,1217,2,belt_rock,direct,1.362930436638824E-06,1.362930436638824E-06,0,1,0,0,268.687,-2.54583,NA
36,276,ring,5250,compact,1494,1,belt_rock,direct,8.598228329279515E-05,8.598228329279515E-05,0,1,1.146753119949084E-07,711.311,713.38,-1.79125,NA
36,277,stream,5250,compact,1217,3,belt_rock,closure,6.75537940143664E-07,6.75537940143664E-07,0,1,0,0,NA,NA,NA
36,278,stream,5250,compact,1000,3,belt_rock,closure,6.75537940143664E-07,6.75537940143664E-07,0,1,0,0,NA,NA,NA
37,279,ring,5250,compact,744,1,belt_rock,direct,1.2145615110664853E-05,1.2145615110664853E-05,0,1,7.673358632945544E-09,336.949,337.48,-2.04643,NA
37,280,ring,5250,compact,1254,1,belt_rock,direct,7.842149511782875E-06,7.842149511782875E-06,0,1,2.0943485545538157E-08,1424.34,1428.91,-1.79909,NA
37,281,ring,5250,compact,1729,1,belt_rock,direct,1.564421912643011E-05,1.564421912643011E-05,0,1,3.930952946364908E-07,13401.2,13413.6,-1.73295,NA
37,282,stream,5250,compact,907,3,unknown,direct,3.359883967791727E-07,3.359883967791727E-07,0,1,0,0,261.836,-2.63161,NA
37,283,stream,5250,compact,1217,4,unknown,direct,3.359883967791727E-07,3.359883967791727E-07,0,1,0,0,261.838,-2.63161,NA
37,284,stream,5250,compact,1729,2,unknown,unknown,2.555360644277653E-13,0,2.555360644277653E-13,0,0,NaN,NA,NA,NA
37,285,stream,5250,compact,1254,2,unknown,unknown,2.555360644277653E-13,0,2.555360644277653E-13,0,0,NaN,NA,NA,NA
37,286,ring,5250,compact,562,1,belt_rock,direct,7.727711260642104E-05,7.727711260642104E-05,0,1,3.283472480085857E-08,226.611,227.541,-2.16594,NA
38,287,stream,5250,compact,110,3,unknown,direct,2.580469900574885E-11,0,2.580469900574885E-11,0,0,NaN,274.775,-48.7361,NA
38,288,ring,5250,compact,726,1,belt_rock,direct,3.646270376750808E-05,3.646270376750808E-05,0,1,2.4224997177335945E-08,354.335,354.938,-2.75844,NA
38,289,stream,5250,compact,749,4,unknown,direct,2.580469900574885E-11,0,2.580469900574885E-11,0,0,NaN,274.791,-48.7359,NA
38,290,stream,5250,compact,1387,2,unknown,direct,2.580469900574885E-11,0,2.580469900574885E-11,0,0,NaN,274.978,-48.7336,NA
38,291,stream,5250,compact,1588,5,unknown,direct,2.580469900574885E-11,0,2.580469900574885E-11,0,0,NaN,274.994,-48.7334,NA
38,292,ring,5250,compact,1604,1,belt_rock,direct,2.7272616064577857E-05,2.7272616064577857E-05,0,1,2.2948727585387258E-05,448777,449414,-1.70569,NA
38,293,ring,5250,compact,317,1,belt_rock,direct,1.820523179435832E-06,1.820523179435832E-06,0,1,4.94413518036501E-09,1448.41,1458.21,-1.86601,NA
38,294,ring,5250,compact,1705,1,belt_rock,direct,1.1495528021751826E-06,1.1495528021751826E-06,0,1,1.5665255150038046E-08,7267.87,7348.58,-1.96628,NA
39,295,ring,5250,compact,1054,1,belt_rock,direct,1.1322173174656867E-05,1.1322173174656867E-05,0,1,1.1957736097195238E-07,5632.72,5638.29,-1.98992,NA
39,296,ring,5250,compact,329,1,belt_rock,direct,1.941640548421394E-05,1.941640548421394E-05,0,1,2.6238706474026656E-07,7207.3,7214.49,-1.39303,NA
39,297,ring,5250,compact,904,1,belt_rock,direct,1.1764314102957952E-06,1.1764314102957952E-06,0,1,1.9480874395941234E-08,8831.62,8842.69,-1.94874,NA
39,298,stream,5250,compact,1054,2,belt_rock,closure,1.0197789291159304E-10,0,1.0197789291159304E-10,0,0,NaN,NA,NA,NA
39,299,stream,5250,compact,1705,2,belt_rock,closure,1.0197789291159304E-10,0,1.0197789291159304E-10,0,0,NaN,NA,NA,NA
39,300,stream,5250,compact,904,2,belt_rock,closure,1.7002328861145324E-12,0,1.7002328861145324E-12,0,0,NaN,NA,NA,NA
39,301,stream,5250,compact,329,2,belt_rock,closure,1.7002328861145324E-12,0,1.7002328861145324E-12,0,0,NaN,NA,NA,NA
39,302,ring,5250,compact,360,1,belt_rock,direct,1.0209837841985804E-05,1.0209837841985804E-05,0,1,6.238450791382851E-08,3258.79,3263.8,-1.68397,NA
39,303,ring,5250,compact,1263,1,belt_rock,direct,1.1213034336313951E-06,1.1213034336313951E-06,0,1,1.3055325138697337E-09,620.959,630.294,-3.03708,NA
39,304,ring,5250,compact,1849,1,belt_rock,direct,0.0001232709974756293,0.0001232709974756293,0,1,3.6584744580912384E-07,1582.84,1587.81,-3.02564,NA
39,305,stream,5250,compact,360,2,belt_rock,closure,1.5063440945418487E-10,1.5063440945418487E-10,0,1,0,0,NA,NA,NA
39,306,stream,5250,compact,329,3,belt_rock,closure,1.5063440945418487E-10,1.5063440945418487E-10,0,1,0,0,NA,NA,NA
39,307,stream,5250,compact,904,3,belt_rock,closure,1.5063440945418487E-10,1.5063440945418487E-10,0,1,0,0,NA,NA,NA
39,308,stream,5250,compact,1705,3,belt_rock,closure,1.5063440945418487E-10,1.5063440945418487E-10,0,1,0,0,NA,NA,NA
39,309,ring,5250,compact,1962,1,belt_rock,direct,0.00011495724633726884,0.00011495724633726884,0,1,2.1958396304750242E-07,1018.74,1025.2,-1.72717,NA
39,310,ring,5250,compact,2003,1,belt_rock,direct,6.749576085962469E-07,6.749576085962469E-07,0,1,5.329554415684072E-10,421.127,432.792,-2.92725,NA
40,311,ring,5250,compact,1546,1,belt_rock,direct,7.511282546612431E-05,7.511282546612431E-05,0,1,9.1411494685129E-06,64906.1,64906.1,-1.62383,NA
40,312,stream,5250,compact,2003,2,belt_rock,closure,2.1728307100833842E-16,0,2.1728307100833842E-16,0,0,NaN,NA,NA,NA
40,313,ring,5250,compact,1798,1,belt_rock,direct,5.137892369704927E-06,5.137892369704927E-06,0,1,7.903238044758418E-08,8203.87,8221.34,-3.47264,NA
40,314,ring,5250,compact,211,1,belt_rock,direct,6.937898349970266E-06,6.937898349970266E-06,0,1,8.470488871706399E-09,651.147,653.889,-1.74166,NA
40,315,ring,5250,compact,574,1,belt_rock,direct,5.000088522737146E-06,5.000088522737146E-06,0,1,2.525598699312462E-08,2693.92,2714.16,-1.96489,NA
40,316,stream,5250,compact,810,1,belt_rock,direct,6.567845051236439E-07,6.567845051236439E-07,0,1,0,0,245.64,-2.67477,NA
40,317,stream,5250,compact,1798,2,belt_rock,closure,1.8570030572996558E-11,0,1.8570030572996558E-11,0,0,NaN,NA,NA,NA
40,318,stream,5250,compact,2003,3,belt_rock,closure,1.8570030572996558E-11,0,1.8570030572996558E-11,0,0,NaN,NA,NA,NA
40,319,ring,5250,compact,232,1,belt_rock,direct,7.995087812242467E-07,7.995087812242467E-07,0,1,1.2281146966489121E-09,819.246,833.513,-1.91929,NA
40,320,ring,5250,compact,1893,1,belt_rock,direct,6.669632628902798E-07,6.669632628902798E-07,0,1,6.545172495652522E-07,523381,523989,-2.08486,NA
40,321,stream,5250,compact,810,2,belt_rock,closure,3.0056336858316257E-07,3.0056336858316257E-07,0,1,0,0,NA,NA,NA
40,322,stream,5250,compact,574,2,belt_rock,closure,3.0056336858316257E-07,3.0056336858316257E-07,0,1,0,0,NA,NA,NA
41,323,ring,5250,compact,601,1,belt_rock,direct,6.261751835457588E-05,6.261751835457588E-05,0,1,9.738357590825555E-08,829.447,829.708,-1.31276,NA
41,324,stream,5250,compact,944,1,belt_rock,direct,6.835893484984918E-07,6.835893484984918E-07,0,1,0,0,220.758,-2.43601,NA
41,325,stream,5250,compact,1877,1,belt_rock,direct,2.0767979909157553E-05,2.0767979909157553E-05,0,1,0,0,231.735,-2.52175,NA
41,326,ring,5250,compact,1210,1,belt_rock,direct,0.00010981986898431059,0.00010981986898431059,0,1,7.427719743101467E-07,3607.23,3611.93,-1.51373,NA
41,327,stream,5250,compact,1210,2,belt_rock,closure,8.380087565231179E-11,8.380087565231179E-11,0,1,0,0,NA,NA,NA
41,328,stream,5250,compact,1877,2,belt_rock,closure,8.380087565231179E-11,8.380087565231179E-11,0,1,0,0,NA,NA,NA
41,329,ring,5250,compact,204,1,belt_rock,direct,0.00010992125012916312,0.00010992125012916312,0,1,5.377834669134244E-05,260930,259926,-1.52725,NA
41,330,ring,5250,compact,220,1,belt_rock,direct,2.0310803404456857E-05,2.0310803404456857E-05,0,1,2.0995182037525813E-07,5513.04,5514.67,-2.90505,NA
42,331,stream,5250,compact,204,2,belt_rock,direct,1.206178009680902E-11,0,1.206178009680902E-11,0,0,NaN,0,-71.8705,NA
42,332,stream,5250,compact,220,2,belt_rock,direct,1.206178009680902E-11,0,1.206178009680902E-11,0,0,NaN,0,-71.8705,NA
42,333,ring,5250,compact,288,1,belt_rock,direct,4.571495845707032E-05,4.571495845707032E-05,0,1,2.593525152237429E-07,3025.73,3026.61,-1.53221,NA
42,334,stream,5250,compact,288,2,belt_rock,closure,2.0892881257676213E-10,2.0892881257676213E-10,0,1,0,0,NA,NA,NA
42,335,stream,5250,compact,220,3,belt_rock,closure,2.0892881257676213E-10,2.0892881257676213E-10,0,1,0,0,NA,NA,NA
42,336,stream,5250,compact,601,2,belt_rock,direct,3.1756817704099646E-07,3.1756817704099646E-07,0,1,0,0,225.546,-2.37585,NA
42,337,stream,5250,compact,944,2,belt_rock,direct,3.1756817704099646E-07,3.1756817704099646E-07,0,1,0,0,225.547,-2.37585,NA
42,338,stream,5250,compact,1707,1,belt_rock,direct,7.213173278595975E-06,7.213173278595975E-06,0,1,0,0,195.481,-2.11941,NA
42,339,stream,5250,compact,1986,1,belt_rock,direct,1.1514719764559425E-06,1.1514719764559425E-06,0,1,0,0,379.231,-1.90868,NA
42,340,ring,5250,compact,1913,1,belt_rock,direct,0.00011241005578538234,0.00011241005578538234,0,1,4.775138330579991E-08,226.558,227.69,-1.83427,NA
42,341,ring,5250,compact,597,1,belt_rock,direct,6.681198853478182E-07,6.681198853478182E-07,0,1,3.274013770647227E-08,26135.1,26187.2,-1.68506,NA
43,342,ring,5250,compact,206,1,belt_rock,direct,0.00010248871793450831,0.00010248871793450831,0,1,4.183241084678398E-08,217.689,217.892,-1.84393,NA
43,343,stream,5250,compact,944,3,belt_rock,direct,3.3514777657622514E-06,3.3514777657622514E-06,0,1,0,0,193.189,-2.14834,NA
43,344,stream,5250,compact,1707,2,belt_rock,direct,3.3514777657622514E-06,3.3514777657622514E-06,0,1,0,0,193.191,-2.14834,NA
43,345,ring,5250,compact,76,1,belt_rock,direct,2.5370089690621344E-05,2.5370089690621344E-05,0,1,2.314304883237669E-08,486.516,493.395,-1.73344,NA
43,346,ring,5250,compact,332,1,belt_rock,direct,3.6229209634345095E-05,3.6229209634345095E-05,0,1,5.65957177289573E-07,8331.5,8343.76,-1.47873,NA
43,347,ring,5250,compact,1414,1,belt_rock,direct,5.659137608305163E-05,5.659137608305163E-05,0,1,4.805313122802658E-08,452.866,455.215,-1.56372,NA
43,348,stream,5250,compact,1707,3,belt_rock,closure,1.6288022943213082E-06,1.6288022943213082E-06,0,1,0,0,NA,NA,NA
43,349,stream,5250,compact,944,4,belt_rock,closure,1.6288022943213082E-06,1.6288022943213082E-06,0,1,0,0,NA,NA,NA
43,350,stream,5250,compact,332,2,belt_rock,closure,2.116295209700105E-12,0,2.116295209700105E-12,0,0,NaN,NA,NA,NA
43,351,stream,5250,compact,76,2,belt_rock,closure,2.116295209700105E-12,0,2.116295209700105E-12,0,0,NaN,NA,NA,NA
44,352,ring,5250,compact,813,1,belt_rock,direct,9.264374509560474E-06,9.264374509560474E-06,0,1,5.045238093434389E-09,290.445,290.907,-1.75254,NA
44,353,ring,5250,compact,486,1,belt_rock,direct,2.065632335179025E-05,2.065632335179025E-05,0,1,2.6449975921686997E-07,6829.22,6836.2,-1.47781,NA
44,354,ring,5250,compact,163,1,belt_rock,direct,8.648558407703046E-05,8.648558407703046E-05,0,1,2.1857097889280929E-07,1347.87,1349.57,-2.73039,NA
44,355,ring,5250,compact,1797,1,belt_rock,direct,8.176943360533181E-05,8.176943360533181E-05,0,1,7.319552816489181E-06,47741.1,47830.8,-1.4379,NA
44,356,ring,5250,compact,696,1,belt_rock,direct,2.444470831338461E-06,2.444470831338461E-06,0,1,3.1486693471937755E-08,6869.75,6886.63,-1.56794,NA
44,357,stream,5250,compact,1414,2,unknown,direct,7.565878933821818E-07,7.565878933821818E-07,0,1,0,0,191.933,-2.16399,NA
44,358,stream,5250,compact,1707,4,unknown,direct,7.565878933821818E-07,7.565878933821818E-07,0,1,0,0,191.933,-2.16399,NA
44,359,stream,5250,compact,696,2,unknown,unknown,5.2333077440213695E-12,0,5.2333077440213695E-12,0,0,NaN,NA,NA,NA
44,360,stream,5250,compact,1797,2,unknown,unknown,5.2333077440213695E-12,0,5.2333077440213695E-12,0,0,NaN,NA,NA,NA
45,361,ring,5250,compact,493,1,belt_rock,direct,6.894210288788296E-06,6.894210288788296E-06,0,1,1.4373573110844734E-06,111193,111228,-1.57633,NA
45,362,ring,5250,compact,1339,1,belt_rock,direct,2.8961705116571635E-06,2.8961705116571635E-06,0,1,1.6730296031030724E-08,3080.9,3088.05,-1.57028,NA
45,363,ring,5250,compact,1635,1,belt_rock,direct,1.5929520045687035E-05,1.5929520045687035E-05,0,1,3.400826765593476E-07,11386.2,11386.4,-2.82772,NA
45,364,ring,5250,compact,1280,1,belt_rock,direct,2.1906750793038708E-05,2.1906750793038708E-05,0,1,2.9562742331723886E-08,719.723,727.663,-1.65654,NA
45,365,stream,5250,compact,1339,2,belt_rock,closure,2.0218638468388262E-10,2.0218638468388262E-10,0,1,0,0,NA,NA,NA
45,366,stream,5250,compact,1797,4,belt_rock,closure,2.0218638468388262E-10,2.0218638468388262E-10,0,1,0,0,NA,NA,NA
45,367,stream,5250,compact,493,3,belt_rock,closure,2.0218638468388262E-10,2.0218638468388262E-10,0,1,0,0,NA,NA,NA
45,368,stream,5250,compact,696,3,belt_rock,closure,2.0218638468388262E-10,2.0218638468388262E-10,0,1,0,0,NA,NA,NA
45,369,ring,5250,compact,284,1,belt_rock,direct,4.794487880277808E-06,4.794487880277808E-06,0,1,8.878129969737668E-07,98759.3,98924.8,-1.61307,NA
45,370,ring,5250,compact,488,1,belt_rock,direct,3.5911747730479844E-05,3.5911747730479844E-05,0,1,1.2246184539397868E-08,181.871,183.12,-2.22515,NA
45,371,ring,5250,compact,996,1,belt_rock,direct,4.18179977516075E-06,4.18179977516075E-06,0,1,3.525948150957291E-08,4496.88,4544.61,-1.61659,NA
45,372,ring,5250,compact,1050,1,belt_rock,direct,9.75927377968208E-05,9.75927377968208E-05,0,1,8.393746192049206E-08,458.709,463.86,-2.61072,NA
46,373,ring,5250,compact,989,1,belt_rock,direct,0.0001224310447272481,0.0001224310447272481,0,1,8.367389996792296E-08,364.5,365.104,-1.51427,NA
46,374,ring,5250,compact,1242,1,belt_rock,direct,6.295154691630305E-05,6.295154691630305E-05,0,1,1.8675431871496203E-07,1582.21,1584.18,-2.67254,NA
46,375,ring,5250,compact,515,1,belt_rock,direct,3.7092490503761946E-05,3.7092490503761946E-05,0,1,2.6121031532016927E-08,375.581,378.01,-1.51184,NA
47,376,ring,5250,compact,1684,1,belt_rock,direct,1.6199591572392274E-05,1.6199591572392274E-05,0,1,9.981969897542825E-09,328.633,331.115,-2.63802,NA
47,377,ring,5250,compact,1074,1,belt_rock,direct,8.62445828866179E-07,8.62445828866179E-07,0,1,2.4117886965945524E-09,1491.44,1549.79,-2.08543,NA
47,378,ring,5250,compact,1858,1,belt_rock,direct,2.6523631998046033E-05,2.6523631998046033E-05,0,1,6.591586180219283E-06,132543,132736,-1.39928,NA
47,379,ring,5250,compact,710,1,belt_rock,direct,4.363318160209708E-06,4.363318160209708E-06,0,1,3.0862982862698088E-09,377.242,381.098,-2.56359,NA
47,380,ring,5250,compact,693,1,belt_rock,direct,1.4893988044122435E-05,1.4893988044122435E-05,0,1,1.6074701194845756E-08,575.613,579.217,-1.44187,NA
47,381,ring,5250,compact,1178,1,belt_rock,direct,6.570688599145655E-07,6.570688599145655E-07,0,1,1.8136599075413236E-07,147212,147486,-1.54702,NA
48,382,ring,5250,compact,1158,1,belt_rock,direct,6.708748035013424E-07,6.708748035013424E-07,0,1,6.492083030193444E-10,516.109,519.479,-2.87714,NA
48,383,ring,5250,compact,299,1,belt_rock,direct,3.859238806843916E-06,3.859238806843916E-06,0,1,2.768586452442584E-09,382.609,385.269,-1.57455,NA
48,384,ring,5250,compact,180,1,belt_rock,direct,1.4535356331064855E-05,1.4535356331064855E-05,0,1,2.4194792863311467E-08,887.759,890.657,-1.39497,NA
48,385,ring,5250,compact,482,1,belt_rock,direct,6.207976202526909E-07,6.207976202526909E-07,0,1,1.1250674270955423E-09,966.556,968.442,-2.61111,NA
48,386,ring,5250,compact,1160,1,belt_rock,direct,5.1417458729365895E-06,5.1417458729365895E-06,0,1,3.2375078837994115E-08,3358.14,3366.19,-1.41633,NA
48,387,stream,5250,compact,1160,2,belt_rock,closure,1.1825598911937642E-10,1.1825598911937642E-10,0,1,0,0,NA,NA,NA
48,388,stream,5250,compact,482,2,belt_rock,closure,1.1825598911937642E-10,1.1825598911937642E-10,0,1,0,0,NA,NA,NA
48,389,ring,5250,compact,586,1,belt_rock,direct,3.3700402193393737E-06,3.3700402193393737E-06,0,1,3.954255747344472E-09,625.79,633.365,-1.45612,NA
48,390,ring,5250,compact,1844,1,belt_rock,direct,9.044900450403437E-05,9.044900450403437E-05,0,1,7.043170156948461E-08,415.301,420.088,-1.48313,NA
49,391,ring,5250,compact,1841,1,belt_rock,direct,5.519336061932567E-06,5.519336061932567E-06,0,1,3.0232773558935666E-09,292.139,295.69,-2.41593,NA
50,392,ring,5250,compact,938,1,belt_rock,direct,0.00010295149456049875,0.00010295149456049875,0,1,7.497467413500667E-08,388.401,389.232,-1.51335,NA
50,393,ring,5250,compact,659,1,belt_rock,direct,6.567625989343165E-07,6.567625989343165E-07,0,1,9.781688610919855E-08,79433.6,79425,-1.56594,NA
50,394,ring,5250,compact,194,1,belt_rock,direct,7.814835326805847E-05,7.814835326805847E-05,0,1,1.415233114856587E-06,9658.44,9676.53,-1.33701,NA
50,395,stream,5250,compact,194,2,belt_rock,closure,9.61863441482761E-12,0,9.61863441482761E-12,0,0,NaN,NA,NA,NA
50,396,stream,5250,compact,659,2,belt_rock,closure,9.61863441482761E-12,0,9.61863441482761E-12,0,0,NaN,NA,NA,NA
51,397,stream,5250,compact,1826,1,belt_rock,direct,1.6482963243477364E-05,1.6482963243477364E-05,0,1,0,0,387.74,-1.596,NA
51,398,ring,5250,compact,129,1,belt_rock,direct,2.224966806821794E-05,2.224966806821794E-05,0,1,1.8882751973508533E-08,452.627,453.59,-2.46035,NA
51,399,ring,5250,compact,359,1,belt_rock,direct,7.020945805526878E-07,7.020945805526878E-07,0,1,5.96527530366988E-08,45314.1,45321.7,-2.94929,NA
51,400,ring,5250,compact,1063,1,belt_rock,direct,5.66472924423249E-05,5.66472924423249E-05,0,1,1.0421502220711343E-06,9811.83,9822.03,-1.24846,NA
51,401,stream,5250,compact,1826,2,belt_rock,closure,7.026955003704098E-06,7.026955003704098E-06,0,1,0,0,NA,NA,NA
51,402,stream,5250,compact,659,3,belt_rock,closure,7.026955003704098E-06,7.026955003704098E-06,0,1,0,0,NA,NA,NA
51,403,stream,5250,compact,1063,2,belt_rock,closure,1.0310415870815336E-12,0,1.0310415870815336E-12,0,0,NaN,NA,NA,NA
51,404,stream,5250,compact,359,2,belt_rock,closure,1.0310415870815336E-12,0,1.0310415870815336E-12,0,0,NaN,NA,NA,NA
51,405,ring,5250,compact,1932,1,belt_rock,direct,4.667685255971555E-06,4.667685255971555E-06,0,1,6.206464103697404E-08,7091.55,7085.19,-2.45621,NA
51,406,stream,5250,compact,552,1,belt_rock,direct,1.462244057306424E-05,1.462244057306424E-05,0,1,0,0,308.557,-2.47048,NA
51,407,stream,5250,compact,659,4,belt_rock,closure,3.3441605781110986E-06,3.3441605781110986E-06,0,1,0,0,NA,NA,NA
51,408,stream,5250,compact,1826,3,belt_rock,closure,3.3441605781110986E-06,3.3441605781110986E-06,0,1,0,0,NA,NA,NA
51,409,stream,5250,compact,1932,2,belt_rock,closure,3.2207581049787696E-13,0,3.2207581049787696E-13,0,0,NaN,NA,NA,NA
51,410,stream,5250,compact,359,3,belt_rock,closure,3.2207581049787696E-13,0,3.2207581049787696E-13,0,0,NaN,NA,NA,NA
51,411,ring,5250,compact,1869,1,belt_rock,direct,1.4309358693551445E-06,1.4309358693551445E-06,0,1,1.7571532080667265E-08,6549.2,6565.61,-2.68779,NA
52,412,stream,5250,compact,359,4,belt_rock,direct,6.0672636422679884E-12,0,6.0672636422679884E-12,0,0,NaN,0,-84.7744,NA
52,413,stream,5250,compact,1869,2,belt_rock,direct,6.0672636422679884E-12,0,6.0672636422679884E-12,0,0,NaN,0,-84.7744,NA
52,414,ring,5250,compact,1818,1,belt_rock,direct,9.672024531478293E-05,9.672024531478293E-05,0,1,8.024254108257394E-07,4424.72,4428.85,-1.35997,NA
52,415,stream,5250,compact,552,2,belt_rock,direct,6.626196103592696E-06,6.626196103592696E-06,0,1,0,0,300.651,-2.56874,NA
52,416,ring,5250,compact,560,1,belt_rock,direct,9.759263722362034E-05,9.759263722362034E-05,0,1,5.297976094181616E-07,2895.29,2897.84,-1.23555,NA
52,417,stream,5250,compact,659,5,unknown,direct,1.6159661070122852E-06,1.6159661070122852E-06,0,1,0,0,373.939,-1.76905,NA
52,418,ring,5250,compact,883,1,belt_rock,direct,4.001110983780704E-05,4.001110983780704E-05,0,1,1.3006154925690182E-05,173367,172362,-1.06891,NA
52,419,ring,5250,compact,895,1,belt_rock,direct,3.601974183093837E-06,3.601974183093837E-06,0,1,5.18509081606206E-09,767.741,771.849,-2.59924,NA
52,420,stream,5250,compact,1063,3,belt_rock,direct,6.626196103592696E-06,6.626196103592696E-06,0,1,0,0,300.648,-2.56874,NA
52,421,stream,5250,compact,1826,4,unknown,direct,1.6159661070122852E-06,1.6159661070122852E-06,0,1,0,0,373.941,-1.76905,NA
52,422,stream,5250,compact,1818,2,unknown,unknown,3.042338569386375E-10,0,3.042338569386375E-10,0,0,NaN,NA,NA,NA
52,423,stream,5250,compact,1869,3,unknown,unknown,3.042338569386375E-10,0,3.042338569386375E-10,0,0,NaN,NA,NA,NA
52,424,stream,5250,compact,359,5,unknown,unknown,3.042338569386375E-10,0,3.042338569386375E-10,0,0,NaN,NA,NA,NA
52,425,stream,5250,compact,1932,3,unknown,unknown,3.042338569386375E-10,0,3.042338569386375E-10,0,0,NaN,NA,NA,NA
52,426,stream,5250,compact,1210,3,unknown,direct,4.1900437826155883E-11,4.1900437826155883E-11,0,1,0,0,800.892,-36.6213,NA
52,427,ring,5250,compact,1404,1,belt_rock,direct,0.00011473694842550272,0.00011473694842550272,0,1,9.807164390663125E-06,45586.8,45651.2,-1.31524,NA
53,428,stream,5250,compact,895,2,belt_rock,direct,2.7824597744897282E-06,2.7824597744897282E-06,0,1,0,0,293.286,-2.66029,NA
53,429,stream,5250,compact,1063,4,belt_rock,direct,2.7824597744897282E-06,2.7824597744897282E-06,0,1,0,0,293.288,-2.66029,NA
53,430,ring,5250,compact,1789,1,belt_rock,direct,6.332204254045963E-07,6.332204254045963E-07,0,1,1.244375638285605E-08,10480.8,10491.6,-1.2265,NA
53,431,ring,5250,compact,738,1,belt_rock,direct,7.114410657862934E-06,7.114410657862934E-06,0,1,6.262350157280336E-07,46945.8,46955.8,-1.46272,NA
53,432,stream,5250,compact,1789,2,belt_rock,closure,6.531778365377887E-14,0,6.531778365377887E-14,0,0,NaN,NA,NA,NA
53,433,stream,5250,compact,1063,5,belt_rock,closure,6.531778365377887E-14,0,6.531778365377887E-14,0,0,NaN,NA,NA,NA
53,434,stream,5250,compact,895,3,belt_rock,closure,1.0181726696288437E-06,1.0181726696288437E-06,0,1,0,0,NA,NA,NA
53,435,stream,5250,compact,1404,2,belt_rock,closure,1.0181726696288437E-06,1.0181726696288437E-06,0,1,0,0,NA,NA,NA
53,436,ring,5250,compact,1049,1,belt_rock,direct,8.556549289635662E-05,8.556549289635662E-05,0,1,2.57987144769245E-07,1608.04,1612.2,-1.19753,NA
53,437,ring,5250,compact,1371,1,belt_rock,direct,2.361682439962365E-06,2.361682439962365E-06,0,1,4.102783372716849E-09,926.522,939.211,-1.30657,NA
54,438,stream,5250,compact,552,3,belt_rock,direct,2.2508867117411308E-10,2.2508867117411308E-10,0,1,0,0,10.0019,-37.321,NA
54,439,stream,5250,compact,560,2,belt_rock,direct,2.2508867117411308E-10,2.2508867117411308E-10,0,1,0,0,10.0018,-37.321,NA
54,440,ring,5250,compact,1476,1,belt_rock,direct,0.00012293069842887814,0.00012293069842887814,0,1,2.0269566870216903E-06,8793.93,8796.2,-1.20694,NA
54,441,stream,5250,compact,1476,2,belt_rock,closure,1.6806423161856205E-12,0,1.6806423161856205E-12,0,0,NaN,NA,NA,NA
54,442,stream,5250,compact,560,3,belt_rock,closure,1.6806423161856205E-12,0,1.6806423161856205E-12,0,0,NaN,NA,NA,NA
54,443,ring,5250,compact,1950,1,belt_rock,direct,5.481387909315518E-05,5.481387909315518E-05,0,1,6.222962043330478E-08,605.488,606.667,-2.4025,NA
54,444,ring,5250,compact,864,1,belt_rock,direct,6.623283378997886E-07,6.623283378997886E-07,0,1,1.5046653386359791E-07,121162,121281,-1.48881,NA
55,445,ring,5250,compact,1570,1,belt_rock,direct,5.7790103580488735E-06,5.7790103580488735E-06,0,1,1.4513332035203703E-07,13394.1,13407.9,-1.23771,NA
55,446,ring,5250,compact,1599,1,belt_rock,direct,1.031218762636424E-06,1.031218762636424E-06,0,1,1.0035043174440294E-07,51900,52020.5,-1.63002,NA
55,447,stream,5250,compact,1570,2,belt_rock,closure,2.6285703907204303E-13,0,2.6285703907204303E-13,0,0,NaN,NA,NA,NA
55,448,stream,5250,compact,1476,4,belt_rock,closure,2.6285703907204303E-13,0,2.6285703907204303E-13,0,0,NaN,NA,NA,NA
55,449,stream,5250,compact,864,3,belt_rock,closure,5.390543421292716E-15,0,5.390543421292716E-15,0,0,NaN,NA,NA,NA
55,450,ring,5250,compact,34,1,belt_rock,direct,2.271744067565475E-05,2.271744067565475E-05,0,1,4.820493585284361E-07,11317,11317.4,-1.19704,NA
55,451,stream,5250,compact,34,2,belt_rock,closure,5.480893968901309E-13,0,5.480893968901309E-13,0,0,NaN,NA,NA,NA
55,452,stream,5250,compact,864,4,belt_rock,closure,5.480893968901309E-13,0,5.480893968901309E-13,0,0,NaN,NA,NA,NA
55,453,stream,5250,compact,1599,3,belt_rock,closure,5.480893968901309E-13,0,5.480893968901309E-13,0,0,NaN,NA,NA,NA
55,454,stream,5250,compact,1476,5,belt_rock,closure,5.480893968901309E-13,0,5.480893968901309E-13,0,0,NaN,NA,NA,NA
56,455,ring,5250,compact,636,1,belt_rock,direct,0.00010315347865037099,0.00010315347865037099,0,1,1.9134334434480313E-07,989.3,989.844,-1.17163,NA
56,456,ring,5250,compact,198,1,belt_rock,direct,9.6512514781305E-07,9.6512514781305E-07,0,1,1.737880003437982E-09,960.362,968.129,-2.69709,NA
56,457,ring,5250,compact,501,1,belt_rock,direct,6.907969714778281E-06,6.907969714778281E-06,0,1,6.253391680351121E-09,482.796,485.024,-2.39711,NA
56,458,ring,5250,compact,1179,1,belt_rock,direct,2.9412116336250007E-06,2.9412116336250007E-06,0,1,6.556768869058911E-09,1188.95,1193.85,-2.54265,NA
56,459,ring,5250,compact,972,1,belt_rock,direct,6.158087189518312E-05,6.158087189518312E-05,0,1,2.9083453619839016E-08,251.883,252.974,-2.18464,NA
57,460,ring,5250,compact,847,1,belt_rock,direct,1.574455117479161E-05,1.574455117479161E-05,0,1,1.3216321555881045E-07,4476.92,4487.72,-1.32373,NA
57,461,ring,5250,compact,1451,1,belt_rock,direct,6.6544710541534E-07,6.6544710541534E-07,0,1,5.243767278683111E-09,4202.7,4227.83,-1.34517,NA
57,462,ring,5250,compact,356,1,belt_rock,direct,0.00012879888953440085,0.00012879888953440085,0,1,9.793636590782422E-08,405.537,407.085,-2.25711,NA
57,463,stream,5250,compact,1451,2,belt_rock,closure,4.55049332434641E-11,0,4.55049332434641E-11,0,0,NaN,NA,NA,NA
57,464,stream,5250,compact,847,2,belt_rock,closure,4.55049332434641E-11,0,4.55049332434641E-11,0,0,NaN,NA,NA,NA
57,465,ring,5250,compact,905,1,belt_rock,direct,1.6690274820201176E-06,1.6690274820201176E-06,0,1,5.259622862714068E-07,168070,167783,-1.25516,NA
57,466,ring,5250,compact,1355,1,belt_rock,direct,6.980801067104747E-07,6.980801067104747E-07,0,1,1.065500227619996E-09,814.042,817.353,-1.13211,NA
58,467,ring,5250,compact,79,1,belt_rock,direct,1.9019883352152324E-06,1.9019883352152324E-06,0,1,1.6779649255732256E-09,470.515,472.146,-2.47472,NA
58,468,ring,5250,compact,933,1,belt_rock,direct,7.22775481853298E-05,7.22775481853298E-05,0,1,3.4597840382918814E-06,25529.6,25522,-1.13184,NA
58,469,ring,5250,compact,1257,1,belt_rock,direct,3.466853922832863E-05,3.466853922832863E-05,0,1,0.00012186373706802641,1.87473E+06,1.89057E+06,-1.1177,NA
59,470,ring,5250,compact,509,1,belt_rock,direct,6.446346791442056E-06,6.446346791442056E-06,0,1,4.3563521868220975E-08,3604.19,3610.66,-1.15559,NA
59,471,ring,5250,compact,1788,1,belt_rock,direct,1.5451779443867128E-06,1.5451779443867128E-06,0,1,7.44064329764752E-08,25682.1,25689.3,-2.56613,NA
59,472,stream,5250,compact,1877,3,unknown,direct,4.1900437826155883E-11,4.1900437826155883E-11,0,1,0,0,675.204,-38.1921,NA
59,473,stream,5250,compact,509,2,unknown,unknown,8.852411811530967E-11,8.852411811530967E-11,0,1,0,0,NA,NA,NA
59,474,stream,5250,compact,1257,3,unknown,unknown,8.852411811530967E-11,8.852411811530967E-11,0,1,0,0,NA,NA,NA
59,475,stream,5250,compact,1788,2,unknown,unknown,1.7032845047722544E-14,0,1.7032845047722544E-14,0,0,NaN,NA,NA,NA
59,476,stream,5250,compact,933,3,unknown,unknown,1.7032845047722544E-14,0,1.7032845047722544E-14,0,0,NaN,NA,NA,NA
59,477,ring,5250,compact,1541,1,belt_rock,direct,3.027520347954399E-05,3.027520347954399E-05,0,1,2.2056673962209108E-08,388.554,390.566,-2.23484,NA
59,478,ring,5250,compact,1366,1,belt_rock,direct,2.734781400692311E-06,2.734781400692311E-06,0,1,2.2531200665367933E-07,43940,43915,-1.19698,NA
59,479,ring,5250,compact,1679,1,belt_rock,direct,6.639118684806161E-07,6.639118684806161E-07,0,1,1.4314961364304698E-09,1149.95,1177.41,-1.23678,NA
59,480,ring,5250,compact,1923,1,belt_rock,direct,0.00010222403881033524,0.00010222403881033524,0,1,1.4192700872515565E-07,740.476,743.689,-1.07969,NA
59,481,stream,5250,compact,5260,6,unknown,direct,3.93642391744446E-11,3.93642391744446E-11,0,1,0,0,1099.66,-33.3635,NA
60,482,ring,5250,compact,446,1,belt_rock,direct,1.3296223917174595E-05,1.3296223917174595E-05,0,1,1.2936071608657107E-07,5188.87,5187.98,-0.985925,NA
60,483,ring,5250,compact,1018,1,belt_rock,direct,0.00011017681610933301,0.00011017681610933301,0,1,3.237729012849841E-06,15672.9,15697.8,-1.10855,NA
60,484,stream,5250,compact,1018,2,belt_rock,closure,1.1169289329252384E-12,0,1.1169289329252384E-12,0,0,NaN,NA,NA,NA
60,485,stream,5250,compact,446,2,belt_rock,closure,1.1169289329252384E-12,0,1.1169289329252384E-12,0,0,NaN,NA,NA,NA
60,486,ring,5250,compact,734,1,belt_rock,direct,2.2011162229945474E-05,2.2011162229945474E-05,0,1,1.1309476289870432E-08,274.03,276.334,-2.15832,NA
61,487,ring,5250,compact,465,1,belt_rock,direct,0.00011371959699561683,0.00011371959699561683,0,1,2.9002181968157683E-06,13601.7,13622.8,-1.01805,NA
61,488,ring,5250,compact,192,1,belt_rock,direct,7.617249675523615E-06,7.617249675523615E-06,0,1,1.670472192153909E-08,1169.61,1175.6,-1.08484,NA
61,489,stream,5250,compact,465,2,belt_rock,closure,2.413014986114661E-13,0,2.413014986114661E-13,0,0,NaN,NA,NA,NA
61,490,stream,5250,compact,1018,3,belt_rock,closure,2.413014986114661E-13,0,2.413014986114661E-13,0,0,NaN,NA,NA,NA
61,491,ring,5250,compact,861,1,belt_rock,direct,6.623313852813643E-07,6.623313852813643E-07,0,1,5.954509505587451E-09,4794.79,4828.84,-1.19891,NA
61,492,stream,5250,compact,861,2,belt_rock,closure,2.5656600017097565E-11,0,2.5656600017097565E-11,0,0,NaN,NA,NA,NA
61,493,stream,5250,compact,1018,4,belt_rock,closure,2.5656600017097565E-11,0,2.5656600017097565E-11,0,0,NaN,NA,NA,NA
61,494,stream,5250,compact,465,3,belt_rock,closure,2.5656600017097565E-11,0,2.5656600017097565E-11,0,0,NaN,NA,NA,NA
61,495,stream,5250,compact,192,2,belt_rock,closure,2.5656600017097565E-11,0,2.5656600017097565E-11,0,0,NaN,NA,NA,NA
62,496,ring,5250,compact,844,1,belt_rock,direct,6.679831507117837E-07,6.679831507117837E-07,0,1,7.402486464811052E-09,5910.32,5925.41,-1.40527,NA
62,497,stream,5250,compact,844,2,belt_rock,closure,1.0240688599370288E-11,0,1.0240688599370288E-11,0,0,NaN,NA,NA,NA
62,498,stream,5250,compact,192,3,belt_rock,closure,1.0240688599370288E-11,0,1.0240688599370288E-11,0,0,NaN,NA,NA,NA
62,499,stream,5250,compact,465,4,belt_rock,closure,1.0240688599370288E-11,0,1.0240688599370288E-11,0,0,NaN,NA,NA,NA
62,500,stream,5250,compact,1018,5,belt_rock,closure,1.0240688599370288E-11,0,1.0240688599370288E-11,0,0,NaN,NA,NA,NA
62,501,ring,5250,compact,730,1,belt_rock,direct,1.1649794786046641E-05,1.1649794786046641E-05,0,1,1.1491356281492483E-07,5260.8,5268.61,-1.05736,NA
62,502,stream,5250,compact,730,2,belt_rock,closure,1.9389852323736154E-11,0,1.9389852323736154E-11,0,0,NaN,NA,NA,NA
62,503,stream,5250,compact,1018,6,belt_rock,closure,1.9389852323736154E-11,0,1.9389852323736154E-11,0,0,NaN,NA,NA,NA
62,504,stream,5250,compact,465,5,belt_rock,closure,1.9389852323736154E-11,0,1.9389852323736154E-11,0,0,NaN,NA,NA,NA
62,505,stream,5250,compact,192,4,belt_rock,closure,1.9389852323736154E-11,0,1.9389852323736154E-11,0,0,NaN,NA,NA,NA
62,506,stream,5250,compact,844,3,belt_rock,closure,1.9389852323736154E-11,0,1.9389852323736154E-11,0,0,NaN,NA,NA,NA
62,507,stream,5250,compact,861,3,belt_rock,closure,1.9389852323736154E-11,0,1.9389852323736154E-11,0,0,NaN,NA,NA,NA
62,508,ring,5250,compact,158,1,belt_rock,direct,0.00010722536985699321,0.00010722536985699321,0,1,1.66694396684626E-07,829.129,831.462,-2.22326,NA
62,509,ring,5250,compact,896,1,belt_rock,direct,2.1793776665265774E-06,2.1793776665265774E-06,0,1,5.415676751660444E-09,1325.31,1337.19,-2.3554,NA
63,510,ring,5250,compact,1386,1,belt_rock,direct,8.544364169749037E-06,8.544364169749037E-06,0,1,2.583152920145857E-08,1612.39,1614.74,-1.07551,NA
63,511,ring,5250,compact,1421,1,belt_rock,direct,0.00012608297777732985,0.00012608297777732985,0,1,2.199029769070285E-05,93019.4,93304.1,-1.04299,NA
63,512,stream,5250,compact,1386,2,belt_rock,closure,3.781129295376909E-16,0,3.781129295376909E-16,0,0,NaN,NA,NA,NA
64,513,ring,5250,compact,1704,1,belt_rock,direct,2.3404592464899076E-05,2.3404592464899076E-05,0,1,2.753774144741472E-05,627518,627882,-1.25418,NA
64,514,stream,5250,compact,5256,6,unknown,direct,3.93642391744446E-11,3.93642391744446E-11,0,1,0,0,153.716,-45.1876,NA
64,515,ring,5250,compact,379,1,belt_rock,direct,8.747328064911997E-07,8.747328064911997E-07,0,1,2.2709235198871844E-09,1384.6,1462.39,-1.59878,NA
64,516,ring,5250,compact,661,1,belt_rock,direct,9.594190153471938E-05,9.594190153471938E-05,0,1,9.28868125102764E-07,5163.5,5173.23,-1.04752,NA
64,517,ring,5250,compact,1752,1,belt_rock,direct,4.905824737146907E-05,4.905824737146907E-05,0,1,8.165256153365628E-07,8876.8,8884.5,-1.12064,NA
64,518,stream,5250,compact,661,2,unknown,unknown,1.5708126353460138E-10,0,1.5708126353460138E-10,0,0,NaN,NA,NA,NA
64,519,stream,5250,compact,379,2,unknown,unknown,1.5708126353460138E-10,0,1.5708126353460138E-10,0,0,NaN,NA,NA,NA
64,520,ring,5250,compact,173,1,belt_rock,direct,6.283625770513554E-06,6.283625770513554E-06,0,1,1.0703924639838554E-07,9085.14,9089.23,-2.2993,NA
65,521,stream,5250,compact,173,2,belt_rock,direct,1.4262532811047217E-12,0,1.4262532811047217E-12,0,0,NaN,1.17995E-12,-115.968,NA
65,522,stream,5250,compact,379,3,belt_rock,direct,1.4262532811047217E-12,0,1.4262532811047217E-12,0,0,NaN,1.17995E-12,-115.968,NA
65,523,ring,5250,compact,483,1,belt_rock,direct,4.142365489300104E-05,4.142365489300104E-05,0,1,2.191298659398548E-07,2821.32,2821.86,-2.27502,NA
65,524,stream,5250,compact,661,3,belt_rock,direct,1.4262532811047217E-12,0,1.4262532811047217E-12,0,0,NaN,1.17995E-12,-115.968,NA
65,525,stream,5250,compact,1752,2,belt_rock,direct,1.4262532811047217E-12,0,1.4262532811047217E-12,0,0,NaN,1.17995E-12,-115.968,NA
65,526,ring,5250,compact,535,1,belt_rock,direct,0.00011727355407726825,0.00011727355407726825,0,1,2.697539609756207E-07,1226.78,1229.58,-1.08738,NA
65,527,stream,5250,compact,483,2,belt_rock,closure,2.22937998698806E-10,2.22937998698806E-10,0,1,0,0,NA,NA,NA
65,528,stream,5250,compact,379,4,belt_rock,closure,2.22937998698806E-10,2.22937998698806E-10,0,1,0,0,NA,NA,NA
65,529,ring,5250,compact,566,1,belt_rock,direct,2.9441771282451323E-06,2.9441771282451323E-06,0,1,1.9633283982722803E-09,355.654,359.365,-2.22799,NA
65,530,ring,5250,compact,1521,1,belt_rock,direct,1.128555437535449E-06,1.128555437535449E-06,0,1,6.8549724962449825E-09,3239.53,3332.36,-1.44358,NA
65,531,stream,5250,compact,1521,2,belt_rock,closure,1.0978500665256962E-09,1.0978500665256962E-09,0,1,0,0,NA,NA,NA
65,532,stream,5250,compact,566,2,belt_rock,closure,1.0978500665256962E-09,1.0978500665256962E-09,0,1,0,0,NA,NA,NA
65,533,ring,5250,compact,209,1,belt_rock,direct,3.0098157453125672E-06,3.0098157453125672E-06,0,1,7.467001212734611E-09,1323.14,1334.6,-1.04816,NA
65,534,ring,5250,compact,898,1,belt_rock,direct,3.3424107070386544E-05,3.3424107070386544E-05,0,1,3.046988346270323E-07,4861.94,4863.44,-2.22733,NA
66,535,stream,5250,compact,209,2,belt_rock,direct,2.1340311314848796E-11,0,2.1340311314848796E-11,0,0,NaN,0,-63.0491,NA
66,536,stream,5250,compact,898,2,belt_rock,direct,2.1340311314848796E-11,0,2.1340311314848796E-11,0,0,NaN,0,-63.0491,NA
66,537,ring,5250,compact,475,1,belt_rock,direct,4.4357802423925244E-06,4.4357802423925244E-06,0,1,1.6132608991630553E-07,19396.9,19397.9,-1.11405,NA
66,538,ring,5250,compact,940,1,belt_rock,direct,4.584440971683356E-06,4.584440971683356E-06,0,1,1.1919294851891464E-08,1386.64,1401.19,-2.63082,NA
66,539,ring,5250,compact,1342,1,belt_rock,direct,1.4064925434867773E-06,1.4064925434867773E-06,0,1,1.839241026330574E-06,697429,696692,-1.21341,NA
66,540,stream,5250,compact,475,2,belt_rock,closure,5.246497247000158E-14,0,5.246497247000158E-14,0,0,NaN,NA,NA,NA
66,541,stream,5250,compact,898,3,belt_rock,closure,5.246497247000158E-14,0,5.246497247000158E-14,0,0,NaN,NA,NA,NA
66,542,ring,5250,compact,406,1,belt_rock,direct,5.590876866129998E-06,5.590876866129998E-06,0,1,6.882131228484378E-06,656511,658987,-1.0465,NA
66,543,ring,5250,compact,1782,1,belt_rock,direct,0.00011680466493423631,0.00011680466493423631,0,1,1.1917902391592782E-06,5441.75,5428.21,-2.01041,NA
66,544,ring,5250,compact,618,1,belt_rock,direct,1.617686438623243E-05,1.617686438623243E-05,0,1,1.3074522207667017E-08,431.053,434.145,-2.13694,NA
66,545,stream,5250,compact,1782,2,belt_rock,closure,1.0351326007020683E-12,0,1.0351326007020683E-12,0,0,NaN,NA,NA,NA
66,546,stream,5250,compact,1342,3,belt_rock,closure,1.0351326007020683E-12,0,1.0351326007020683E-12,0,0,NaN,NA,NA,NA
66,547,stream,5250,compact,898,5,belt_rock,closure,1.0351326007020683E-12,0,1.0351326007020683E-12,0,0,NaN,NA,NA,NA
66,548,stream,5250,compact,475,4,belt_rock,closure,1.0351326007020683E-12,0,1.0351326007020683E-12,0,0,NaN,NA,NA,NA
66,549,ring,5250,compact,1181,1,belt_rock,direct,1.448519895568456E-06,1.448519895568456E-06,0,1,6.770595277540755E-09,2492.88,2511.59,-1.02555,NA
67,550,ring,5250,compact,1019,1,belt_rock,direct,3.695960668951779E-05,3.695960668951779E-05,0,1,0.00010303427993867611,1.4868E+06,1.48541E+06,-1.16111,NA
67,551,stream,5250,compact,475,5,belt_rock,direct,4.6059817996998735E-10,4.6059817996998735E-10,0,1,0,0,3.74142E-12,-32.408,NA
67,552,ring,5250,compact,838,1,belt_rock,direct,3.0435099814894536E-06,3.0435099814894536E-06,0,1,2.412690062426836E-08,4227.91,4255.33,-1.5554,NA
67,553,stream,5250,compact,898,6,belt_rock,direct,4.6059817996998735E-10,4.6059817996998735E-10,0,1,0,0,3.74142E-12,-32.408,NA
67,554,stream,5250,compact,1181,2,belt_rock,direct,4.6059817996998735E-10,4.6059817996998735E-10,0,1,0,0,3.74142E-12,-32.408,NA
67,555,stream,5250,compact,1342,4,belt_rock,direct,4.6059817996998735E-10,4.6059817996998735E-10,0,1,0,0,3.74142E-12,-32.408,NA
67,556,ring,5250,compact,1692,1,belt_rock,direct,0.00010020262887185813,0.00010020262887185813,0,1,1.1338424874230056E-05,60349.3,60294.4,-2.18313,NA
67,557,stream,5250,compact,838,2,belt_rock,closure,3.7358136629421733E-10,0,3.7358136629421733E-10,0,0,NaN,NA,NA,NA
67,558,stream,5250,compact,1019,3,belt_rock,closure,3.7358136629421733E-10,0,3.7358136629421733E-10,0,0,NaN,NA,NA,NA
67,559,ring,5250,compact,164,1,belt_rock,direct,2.7882774094484817E-06,2.7882774094484817E-06,0,1,2.8667151191120583E-08,5483.37,5491.81,-1.10212,NA
67,560,ring,5250,compact,720,1,belt_rock,direct,3.714796693502332E-05,3.714796693502332E-05,0,1,1.7838325083584859E-06,25610.5,25594.5,-0.980005,NA
67,561,stream,5250,compact,1342,5,belt_rock,closure,3.4927185147204784E-16,0,3.4927185147204784E-16,0,0,NaN,NA,NA,NA
67,562,stream,5250,compact,164,2,belt_rock,closure,1.4595869215968845E-11,0,1.4595869215968845E-11,0,0,NaN,NA,NA,NA
67,563,stream,5250,compact,1692,3,belt_rock,closure,1.4595869215968845E-11,0,1.4595869215968845E-11,0,0,NaN,NA,NA,NA
67,564,stream,5250,compact,1019,4,belt_rock,closure,1.4595869215968845E-11,0,1.4595869215968845E-11,0,0,NaN,NA,NA,NA
67,565,stream,5250,compact,838,3,belt_rock,closure,1.4595869215968845E-11,0,1.4595869215968845E-11,0,0,NaN,NA,NA,NA
68,566,ring,5250,compact,39,1,belt_rock,direct,8.252247703294413E-05,8.252247703294413E-05,0,1,3.470616973315059E-06,22430.2,22430.2,-0.933423,NA
68,567,stream,5250,compact,570,1,belt_rock,direct,6.831001558305321E-07,6.831001558305321E-07,0,1,0,0,388.825,-2.36974,NA
68,568,ring,5250,compact,1806,1,belt_rock,direct,8.870030329919864E-07,8.870030329919864E-07,0,1,1.9624075312928068E-09,1179.95,1179.95,-1.48182,NA
68,569,stream,5250,compact,39,2,belt_rock,closure,2.997532107417816E-14,0,2.997532107417816E-14,0,0,NaN,NA,NA,NA
68,570,stream,5250,compact,838,4,belt_rock,closure,2.997532107417816E-14,0,2.997532107417816E-14,0,0,NaN,NA,NA,NA
68,571,stream,5250,compact,1019,5,belt_rock,closure,2.997532107417816E-14,0,2.997532107417816E-14,0,0,NaN,NA,NA,NA
68,572,stream,5250,compact,1692,4,belt_rock,closure,2.997532107417816E-14,0,2.997532107417816E-14,0,0,NaN,NA,NA,NA
68,573,stream,5250,compact,164,3,belt_rock,closure,2.997532107417816E-14,0,2.997532107417816E-14,0,0,NaN,NA,NA,NA
68,574,stream,5250,compact,1342,6,belt_rock,closure,2.997532107417816E-14,0,2.997532107417816E-14,0,0,NaN,NA,NA,NA
68,575,ring,5250,compact,1170,1,belt_rock,direct,1.4390105323709407E-06,1.4390105323709407E-06,0,1,1.562163473056959E-08,5789.77,5804.75,-1.08489,NA
68,576,ring,5250,compact,1819,1,belt_rock,direct,7.395121727419969E-07,7.395121727419969E-07,0,1,7.774649300264374E-09,5607.05,5628.78,-2.39792,NA
68,577,stream,5250,compact,1170,2,belt_rock,closure,1.144579844917507E-11,0,1.144579844917507E-11,0,0,NaN,NA,NA,NA
68,578,stream,5250,compact,1342,7,belt_rock,closure,1.144579844917507E-11,0,1.144579844917507E-11,0,0,NaN,NA,NA,NA
68,579,stream,5250,compact,164,4,belt_rock,closure,1.144579844917507E-11,0,1.144579844917507E-11,0,0,NaN,NA,NA,NA
68,580,stream,5250,compact,1692,5,belt_rock,closure,1.144579844917507E-11,0,1.144579844917507E-11,0,0,NaN,NA,NA,NA
68,581,stream,5250,compact,1019,6,belt_rock,closure,1.144579844917507E-11,0,1.144579844917507E-11,0,0,NaN,NA,NA,NA
69,582,stream,5250,compact,463,1,belt_rock,direct,7.689411917742119E-07,7.689411917742119E-07,0,1,0,0,502.949,-3.13178,NA
69,583,ring,5250,compact,543,1,belt_rock,direct,4.2212162430479476E-05,4.2212162430479476E-05,0,1,1.1484089614303313E-07,1450.97,1450.97,-2.2207,NA
69,584,ring,5250,compact,1618,1,belt_rock,direct,9.002153140323577E-06,9.002153140323577E-06,0,1,1.1888645710887711E-08,704.344,707.21,-0.99345,NA
69,585,ring,5250,compact,255,1,belt_rock,direct,2.781768195480145E-05,2.781768195480145E-05,0,1,1.124599744557767E-07,2156.13,2160.12,-0.890797,NA
69,586,stream,5250,compact,463,2,belt_rock,closure,1.28156865295702E-07,1.28156865295702E-07,0,1,0,0,NA,NA,NA
69,587,stream,5250,compact,1019,7,belt_rock,closure,1.28156865295702E-07,1.28156865295702E-07,0,1,0,0,NA,NA,NA
69,588,stream,5250,compact,1692,6,belt_rock,closure,1.28156865295702E-07,1.28156865295702E-07,0,1,0,0,NA,NA,NA
69,589,stream,5250,compact,164,5,belt_rock,closure,1.28156865295702E-07,1.28156865295702E-07,0,1,0,0,NA,NA,NA
69,590,stream,5250,compact,1342,8,belt_rock,closure,1.28156865295702E-07,1.28156865295702E-07,0,1,0,0,NA,NA,NA
69,591,stream,5250,compact,1170,3,belt_rock,closure,1.28156865295702E-07,1.28156865295702E-07,0,1,0,0,NA,NA,NA
69,592,ring,5250,compact,857,1,belt_rock,direct,2.6055329976835038E-05,2.6055329976835038E-05,0,1,1.4866118046496704E-06,30429.8,30384.8,-0.915394,NA
69,593,ring,5250,compact,1115,1,belt_rock,direct,3.443215357437537E-06,3.443215357437537E-06,0,1,2.908276241091104E-08,4504.74,4517.27,-0.814369,NA
70,594,stream,5250,compact,857,2,belt_rock,direct,2.7098849173213823E-12,0,2.7098849173213823E-12,0,0,NaN,6.21024E-13,-57.14,NA
70,595,ring,5250,compact,1023,1,belt_rock,direct,1.852210716662225E-05,1.852210716662225E-05,0,1,3.337499926782244E-08,961.014,961.896,-0.961565,NA
70,596,stream,5250,compact,1115,2,belt_rock,direct,2.7098849173213823E-12,0,2.7098849173213823E-12,0,0,NaN,6.21024E-13,-57.14,NA
70,597,ring,5250,compact,1225,1,belt_rock,direct,1.2409203207632147E-06,1.2409203207632147E-06,0,1,2.4096028999367308E-08,10356.2,10442.6,-1.30894,NA
70,598,stream,5250,compact,1225,2,belt_rock,closure,7.158393709800958E-12,0,7.158393709800958E-12,0,0,NaN,NA,NA,NA
70,599,stream,5250,compact,1115,3,belt_rock,closure,7.158393709800958E-12,0,7.158393709800958E-12,0,0,NaN,NA,NA,NA
70,600,ring,5250,compact,1174,1,belt_rock,direct,2.7202283497884688E-05,2.7202283497884688E-05,0,1,1.2784425888385398E-06,25065.4,25056.5,-0.972807,NA
71,601,stream,5250,compact,1115,4,belt_rock,direct,1.3786773032769803E-13,0,1.3786773032769803E-13,0,0,NaN,-3.05166E-12,-314.48,NA
71,602,stream,5250,compact,1174,2,belt_rock,direct,1.3786773032769803E-13,0,1.3786773032769803E-13,0,0,NaN,-3.05166E-12,-314.48,NA
71,603,ring,5250,compact,10,1,belt_rock,direct,5.109479817803019E-06,5.109479817803019E-06,0,1,3.884814616585441E-08,4055.01,4093.43,-1.05578,NA
71,604,ring,5250,compact,20,1,belt_rock,direct,1.0162590783273985E-06,1.0162590783273985E-06,0,1,2.7954355134431013E-09,1467.05,1487.22,-1.00395,NA
71,605,ring,5250,compact,608,1,belt_rock,direct,8.710006586497376E-06,8.710006586497376E-06,0,1,1.2569097289675546E-08,769.634,775.761,-0.906889,NA
71,606,ring,5250,compact,1125,1,belt_rock,direct,2.9776926953539558E-06,2.9776926953539558E-06,0,1,8.03087860441793E-08,14384.1,14454.6,-1.05685,NA
71,607,stream,5250,compact,10,2,belt_rock,closure,4.626859771163639E-10,4.626859771163639E-10,0,1,0,0,NA,NA,NA
71,608,stream,5250,compact,1174,3,belt_rock,closure,4.626859771163639E-10,4.626859771163639E-10,0,1,0,0,NA,NA,NA
71,609,stream,5250,compact,1115,5,belt_rock,closure,4.626859771163639E-10,4.626859771163639E-10,0,1,0,0,NA,NA,NA
71,610,stream,5250,compact,1225,3,belt_rock,closure,4.626859771163639E-10,4.626859771163639E-10,0,1,0,0,NA,NA,NA
72,611,ring,5250,compact,1562,1,belt_rock,direct,0.0001017083536885938,0.0001017083536885938,0,1,9.614906673943546E-07,5041.82,5047.55,-0.855102,NA
72,612,stream,5250,compact,1562,2,belt_rock,closure,2.0330332753647084E-11,0,2.0330332753647084E-11,0,0,NaN,NA,NA,NA
72,613,stream,5250,compact,1225,4,belt_rock,closure,2.0330332753647084E-11,0,2.0330332753647084E-11,0,0,NaN,NA,NA,NA
72,614,ring,5250,compact,310,1,belt_rock,direct,5.3211688918288975E-05,5.3211688918288975E-05,0,1,4.4059282603797004E-07,4416,4408.56,-0.742063,NA
72,615,stream,5250,compact,310,2,belt_rock,closure,2.847361422629232E-12,0,2.847361422629232E-12,0,0,NaN,NA,NA,NA
72,616,stream,5250,compact,1225,5,belt_rock,closure,2.847361422629232E-12,0,2.847361422629232E-12,0,0,NaN,NA,NA,NA
73,617,ring,5250,compact,1204,1,belt_rock,direct,2.865149334905586E-06,2.865149334905586E-06,0,1,4.328110659353257E-08,8056.56,8069.39,-0.957733,NA
73,618,stream,5250,compact,1204,2,belt_rock,closure,2.6646676788069316E-12,0,2.6646676788069316E-12,0,0,NaN,NA,NA,NA
73,619,stream,5250,compact,1225,6,belt_rock,closure,2.6646676788069316E-12,0,2.6646676788069316E-12,0,0,NaN,NA,NA,NA
73,620,stream,5250,compact,310,3,belt_rock,closure,2.6646676788069316E-12,0,2.6646676788069316E-12,0,0,NaN,NA,NA,NA
73,621,stream,5250,compact,1562,3,belt_rock,closure,2.6646676788069316E-12,0,2.6646676788069316E-12,0,0,NaN,NA,NA,NA
73,622,ring,5250,compact,1693,1,belt_rock,direct,5.465136190040626E-05,5.465136190040626E-05,0,1,3.1578647838873114E-07,3081.71,3083.04,-2.06098,NA
74,623,stream,5250,compact,310,4,belt_rock,direct,1.8215135195430144E-10,1.8215135195430144E-10,0,1,0,0,1.7739E-12,-40.6168,NA
74,624,stream,5250,compact,1225,7,belt_rock,direct,1.8215135195430144E-10,1.8215135195430144E-10,0,1,0,0,1.7739E-12,-40.6168,NA
74,625,stream,5250,compact,1562,4,belt_rock,direct,1.8215135195430144E-10,1.8215135195430144E-10,0,1,0,0,1.7739E-12,-40.6168,NA
74,626,stream,5250,compact,1693,2,belt_rock,direct,1.8215135195430144E-10,1.8215135195430144E-10,0,1,0,0,1.7739E-12,-40.6168,NA
74,627,stream,5250,compact,10,3,unknown,direct,2.3134298855818183E-10,0,2.3134298855818183E-10,0,0,NaN,1177.04,-37.4931,NA
74,628,stream,5250,compact,1115,6,unknown,direct,2.3134298855818183E-10,0,2.3134298855818183E-10,0,0,NaN,1177.04,-37.4931,NA
74,629,stream,5250,compact,1125,2,unknown,direct,2.3134298855818183E-10,0,2.3134298855818183E-10,0,0,NaN,1177.01,-37.4935,NA
74,630,stream,5250,compact,1174,4,unknown,direct,2.3134298855818183E-10,0,2.3134298855818183E-10,0,0,NaN,1177.01,-37.4936,NA
74,631,ring,5250,compact,1218,1,belt_rock,direct,0.00011097672882408789,0.00011097672882408789,0,1,2.419613980612516E-07,1162.82,1166.42,-0.80826,NA
74,632,ring,5250,compact,1974,1,belt_rock,direct,3.272353996966846E-05,3.272353996966846E-05,0,1,6.321521020599184E-08,1030.29,1033.52,-2.05289,NA
75,633,ring,5250,compact,1581,1,belt_rock,direct,2.5840742395396208E-06,2.5840742395396208E-06,0,1,9.603614905117794E-09,1982.11,1990.85,-2.19759,NA
75,634,ring,5250,compact,77,1,belt_rock,direct,5.0501489627859995E-05,5.0501489627859995E-05,0,1,3.3936272037245273E-07,3583.92,3592.91,-0.947166,NA
75,635,ring,5250,compact,1093,1,belt_rock,direct,4.947892922223976E-06,4.947892922223976E-06,0,1,1.543481921279791E-08,1663.72,1672.04,-0.876823,NA
76,636,ring,5250,compact,458,1,belt_rock,direct,3.7161302019385024E-06,3.7161302019385024E-06,0,1,2.7237243482961556E-08,3909.05,3915.76,-0.904657,NA
77,637,ring,5250,compact,643,1,belt_rock,direct,2.3864621896848137E-05,2.3864621896848137E-05,0,1,4.280107261921827E-07,9565.31,9565.15,-2.0702,NA
77,638,ring,5250,compact,185,1,belt_rock,direct,1.9041647911589556E-05,1.9041647911589556E-05,0,1,7.398637257153091E-08,2072.27,2075.42,-0.813725,NA
77,639,stream,5250,compact,643,2,belt_rock,closure,1.1360572816532289E-12,0,1.1360572816532289E-12,0,0,NaN,NA,NA,NA
77,640,stream,5250,compact,458,2,belt_rock,closure,1.1360572816532289E-12,0,1.1360572816532289E-12,0,0,NaN,NA,NA,NA
77,641,ring,5250,compact,30,1,belt_rock,direct,6.30884135415402E-05,6.30884135415402E-05,0,1,6.714543102075893E-07,5676.3,5686.29,-0.773699,NA
77,642,ring,5250,compact,1121,1,belt_rock,direct,1.0662502874219529E-05,1.0662502874219529E-05,0,1,4.335482950334427E-08,2168.59,2174.31,-0.869171,NA
77,643,stream,5250,compact,30,2,belt_rock,closure,1.2075952675393312E-11,0,1.2075952675393312E-11,0,0,NaN,NA,NA,NA
77,644,stream,5250,compact,458,3,belt_rock,closure,1.2075952675393312E-11,0,1.2075952675393312E-11,0,0,NaN,NA,NA,NA
77,645,stream,5250,compact,643,3,belt_rock,closure,1.2075952675393312E-11,0,1.2075952675393312E-11,0,0,NaN,NA,NA,NA
77,646,stream,5250,compact,185,2,belt_rock,closure,1.2075952675393312E-11,0,1.2075952675393312E-11,0,0,NaN,NA,NA,NA
78,647,ring,5250,compact,506,1,belt_rock,direct,9.718111363841387E-05,9.718111363841387E-05,0,1,1.2763933014337077E-06,7004.89,7007.01,-0.855201,NA
78,648,ring,5250,compact,1172,1,belt_rock,direct,8.691155155397494E-06,8.691155155397494E-06,0,1,1.1476642036287375E-08,704.265,706.917,-2.05013,NA
78,649,ring,5250,compact,969,1,belt_rock,direct,9.22275037173414E-07,9.22275037173414E-07,0,1,5.484333201349861E-09,3171.48,3190.31,-1.04459,NA
78,650,stream,5250,compact,506,2,belt_rock,closure,3.381989636353964E-12,0,3.381989636353964E-12,0,0,NaN,NA,NA,NA
78,651,stream,5250,compact,185,3,belt_rock,closure,3.381989636353964E-12,0,3.381989636353964E-12,0,0,NaN,NA,NA,NA
78,652,stream,5250,compact,643,4,belt_rock,closure,3.381989636353964E-12,0,3.381989636353964E-12,0,0,NaN,NA,NA,NA
78,653,stream,5250,compact,458,4,belt_rock,closure,3.381989636353964E-12,0,3.381989636353964E-12,0,0,NaN,NA,NA,NA
78,654,stream,5250,compact,30,3,belt_rock,closure,3.381989636353964E-12,0,3.381989636353964E-12,0,0,NaN,NA,NA,NA
78,655,stream,5250,compact,1121,2,belt_rock,closure,3.381989636353964E-12,0,3.381989636353964E-12,0,0,NaN,NA,NA,NA
78,656,ring,5250,compact,915,1,belt_rock,direct,3.767016789888449E-05,3.767016789888449E-05,0,1,4.354524238903094E-07,6165.12,6174.2,-0.773272,NA
78,657,stream,5250,compact,969,2,belt_rock,closure,1.6100973295403765E-10,1.6100973295403765E-10,0,1,0,0,NA,NA,NA
78,658,stream,5250,compact,1172,2,belt_rock,closure,1.6100973295403765E-10,1.6100973295403765E-10,0,1,0,0,NA,NA,NA
78,659,stream,5250,compact,915,2,belt_rock,closure,8.388393450033143E-12,0,8.388393450033143E-12,0,0,NaN,NA,NA,NA
78,660,stream,5250,compact,1121,3,belt_rock,closure,8.388393450033143E-12,0,8.388393450033143E-12,0,0,NaN,NA,NA,NA
78,661,stream,5250,compact,30,4,belt_rock,closure,8.388393450033143E-12,0,8.388393450033143E-12,0,0,NaN,NA,NA,NA
78,662,stream,5250,compact,458,5,belt_rock,closure,8.388393450033143E-12,0,8.388393450033143E-12,0,0,NaN,NA,NA,NA
79,663,ring,5250,compact,1221,1,belt_rock,direct,3.0010051837012593E-05,3.0010051837012593E-05,0,1,2.2719615948178793E-07,4037.69,4037.69,-0.882523,NA
79,664,ring,5250,compact,1380,1,belt_rock,direct,1.0676471040069932E-06,1.0676471040069932E-06,0,1,4.482922855979299E-09,2239.4,2239.4,-3.14427,NA
79,665,stream,5250,compact,1221,2,belt_rock,closure,5.477590841480978E-11,5.477590841480978E-11,0,1,0,0,NA,NA,NA
79,666,stream,5250,compact,458,6,belt_rock,closure,5.477590841480978E-11,5.477590841480978E-11,0,1,0,0,NA,NA,NA
79,667,stream,5250,compact,30,5,belt_rock,closure,5.477590841480978E-11,5.477590841480978E-11,0,1,0,0,NA,NA,NA
79,668,stream,5250,compact,1121,4,belt_rock,closure,5.477590841480978E-11,5.477590841480978E-11,0,1,0,0,NA,NA,NA
79,669,stream,5250,compact,915,3,belt_rock,closure,5.477590841480978E-11,5.477590841480978E-11,0,1,0,0,NA,NA,NA
79,670,stream,5250,compact,1172,3,belt_rock,closure,5.477590841480978E-11,5.477590841480978E-11,0,1,0,0,NA,NA,NA
79,671,ring,5250,compact,594,1,belt_rock,direct,1.1007534927459059E-06,1.1007534927459059E-06,0,1,2.004767747552857E-08,9713.43,9731.21,-1.01242,NA
79,672,stream,5250,compact,594,2,belt_rock,closure,1.1523419868585681E-12,0,1.1523419868585681E-12,0,0,NaN,NA,NA,NA
79,673,stream,5250,compact,1172,4,belt_rock,closure,1.1523419868585681E-12,0,1.1523419868585681E-12,0,0,NaN,NA,NA,NA
79,674,ring,5250,compact,1184,1,belt_rock,direct,1.8670661262091545E-06,1.8670661262091545E-06,0,1,8.334814154712333E-07,238087,237732,-2.1283,NA
79,675,ring,5250,compact,352,1,belt_rock,direct,1.5945417077951083E-06,1.5945417077951083E-06,0,1,4.29351993699705E-09,1436.07,1453.46,-0.858993,NA
79,676,ring,5250,compact,1458,1,belt_rock,direct,2.8675750104567512E-05,2.8675750104567512E-05,0,1,1.4606104688657304E-07,2716.55,2720.71,-0.802336,NA
80,677,ring,5250,compact,1650,1,belt_rock,direct,1.6962621731895444E-05,1.6962621731895444E-05,0,1,2.1748684898089364E-07,6838.15,6840.27,-0.794946,NA
80,678,stream,5250,compact,5260,7,unknown,direct,1.9682119587222285E-11,0,1.9682119587222285E-11,0,0,NaN,343.615,-42.795,NA
80,679,stream,5250,compact,1650,2,unknown,unknown,5.341093182453962E-12,0,5.341093182453962E-12,0,0,NaN,NA,NA,NA
80,680,stream,5250,compact,1458,2,unknown,unknown,5.341093182453962E-12,0,5.341093182453962E-12,0,0,NaN,NA,NA,NA
80,681,ring,5250,compact,773,1,belt_rock,direct,9.789781533924942E-05,9.789781533924942E-05,0,1,1.5125117585373982E-07,823.995,826.121,-1.94758,NA
80,682,ring,5250,compact,1110,1,belt_rock,direct,1.0784097060810737E-05,1.0784097060810737E-05,0,1,4.467755048940764E-07,22095.5,22141.2,-0.756265,NA
81,683,ring,5250,compact,1176,1,belt_rock,direct,1.0372268221034802E-05,1.0372268221034802E-05,0,1,3.1846917718236814E-08,1637.54,1638.83,-0.822737,NA
81,684,ring,5250,compact,584,1,belt_rock,direct,0.0001314836580320401,0.0001314836580320401,0,1,8.288171924785155E-07,3361.91,3363.71,-0.750422,NA
81,685,ring,5250,compact,770,1,belt_rock,direct,7.50409695669382E-05,7.50409695669382E-05,0,1,4.909365275484114E-07,3489.2,3490.81,-0.730506,NA
82,686,ring,5250,compact,171,1,belt_rock,direct,2.2154169095644857E-05,2.2154169095644857E-05,0,1,1.2924478050231136E-07,3111.4,3112.67,-0.766395,NA
82,687,stream,5250,compact,584,2,belt_rock,direct,1.217122014786168E-10,1.217122014786168E-10,0,1,0,0,8.84922E-13,-44.3819,NA
82,688,stream,5250,compact,770,2,belt_rock,direct,1.217122014786168E-10,1.217122014786168E-10,0,1,0,0,8.84922E-13,-44.3819,NA
82,689,ring,5250,compact,648,1,belt_rock,direct,1.052556423606912E-05,1.052556423606912E-05,0,1,8.822131267908807E-08,4470.2,4474.21,-0.798965,NA
82,690,stream,5250,compact,648,2,belt_rock,closure,3.560475448612409E-11,0,3.560475448612409E-11,0,0,NaN,NA,NA,NA
82,691,stream,5250,compact,770,3,belt_rock,closure,3.560475448612409E-11,0,3.560475448612409E-11,0,0,NaN,NA,NA,NA
82,692,ring,5250,compact,1064,1,belt_rock,direct,0.00011350612362587281,0.00011350612362587281,0,1,2.637879669275848E-06,12394.7,12519.3,-0.538829,NA
82,693,stream,5250,compact,1064,2,belt_rock,closure,2.858674751713676E-14,0,2.858674751713676E-14,0,0,NaN,NA,NA,NA
82,694,stream,5250,compact,770,4,belt_rock,closure,2.858674751713676E-14,0,2.858674751713676E-14,0,0,NaN,NA,NA,NA
83,695,ring,5250,compact,380,1,belt_rock,direct,4.955408101647265E-06,4.955408101647265E-06,0,1,3.7746324564543246E-06,406251,404912,-0.795185,NA
83,696,ring,5250,compact,1296,1,belt_rock,direct,1.8407048862246704E-06,1.8407048862246704E-06,0,1,1.5833641435057216E-07,45877,45985.7,-0.791124,NA
83,697,stream,5250,compact,1296,2,belt_rock,closure,1.2899435946621604E-15,0,1.2899435946621604E-15,0,0,NaN,NA,NA,NA
83,698,stream,5250,compact,1064,4,belt_rock,closure,1.2899435946621604E-15,0,1.2899435946621604E-15,0,0,NaN,NA,NA,NA
83,699,stream,5250,compact,770,6,belt_rock,closure,1.2899435946621604E-15,0,1.2899435946621604E-15,0,0,NaN,NA,NA,NA
83,700,stream,5250,compact,648,4,belt_rock,closure,1.2899435946621604E-15,0,1.2899435946621604E-15,0,0,NaN,NA,NA,NA
84,701,ring,5250,compact,35,1,belt_rock,direct,1.3500584417505371E-05,1.3500584417505371E-05,0,1,1.4700184591485726E-08,580.723,583.711,-1.97834,NA
84,702,ring,5250,compact,56,1,belt_rock,direct,1.918659719452432E-05,1.918659719452432E-05,0,1,4.1098593296318034E-07,11424.3,11438.4,-0.70844,NA
84,703,ring,5250,compact,596,1,belt_rock,direct,1.9045913026203628E-06,1.9045913026203628E-06,0,1,5.164042698557491E-06,1.44606E+06,1.42445E+06,-0.655629,NA
84,704,ring,5250,compact,1969,1,belt_rock,direct,5.231535598694418E-05,5.231535598694418E-05,0,1,8.071207994841505E-06,82282.6,82125.4,-1.92078,NA
84,705,stream,5250,compact,596,3,belt_rock,closure,7.508786317021232E-17,0,7.508786317021232E-17,0,0,NaN,NA,NA,NA
85,706,ring,5250,compact,257,1,belt_rock,direct,6.440318564182449E-05,6.440318564182449E-05,0,1,4.662961613000685E-07,3861.47,3865.17,-0.676653,NA
85,707,ring,5250,compact,1244,1,belt_rock,direct,7.241120188153439E-07,7.241120188153439E-07,0,1,8.020466677419032E-10,590.735,601.777,-2.09358,NA
85,708,stream,5250,compact,257,2,belt_rock,closure,6.743416638844364E-11,6.743416638844364E-11,0,1,0,0,NA,NA,NA
85,709,stream,5250,compact,596,4,belt_rock,closure,6.743416638844364E-11,6.743416638844364E-11,0,1,0,0,NA,NA,NA
85,710,stream,5250,compact,1969,3,belt_rock,closure,6.743416638844364E-11,6.743416638844364E-11,0,1,0,0,NA,NA,NA
85,711,stream,5250,compact,56,3,belt_rock,closure,6.743416638844364E-11,6.743416638844364E-11,0,1,0,0,NA,NA,NA
85,712,ring,5250,compact,808,1,belt_rock,direct,0.00010246039571496932,0.00010246039571496932,0,1,3.2311955436916535E-07,1681.92,1685.25,-0.672351,NA
85,713,ring,5250,compact,1631,1,belt_rock,direct,2.1666205744124004E-05,2.1666205744124004E-05,0,1,1.1296373670842305E-07,2780.7,2795.23,-2.01091,NA
86,714,ring,5250,compact,40,1,belt_rock,direct,6.647632709669963E-05,6.647632709669963E-05,0,1,2.820398878555437E-07,2262.78,2270.21,-0.755573,NA
86,715,stream,5250,compact,40,2,belt_rock,closure,6.1445518702445614E-09,6.1445518702445614E-09,0,1,0,0,NA,NA,NA
86,716,stream,5250,compact,1631,2,belt_rock,closure,6.1445518702445614E-09,6.1445518702445614E-09,0,1,0,0,NA,NA,NA
87,717,ring,5250,compact,29,1,belt_rock,direct,9.440225493324474E-05,9.440225493324474E-05,0,1,1.4602744819972753E-06,8249.94,8252.05,-1.9951,NA
87,718,ring,5250,compact,91,1,belt_rock,direct,3.6008971443259864E-05,3.6008971443259864E-05,0,1,1.3663032471239838E-05,202365,202007,-0.693805,NA
87,719,ring,5250,compact,1182,1,belt_rock,direct,8.903615299976625E-05,8.903615299976625E-05,0,1,2.255393302791321E-06,13510,13520.2,-0.651463,NA
87,720,ring,5250,compact,1575,1,belt_rock,direct,7.65736950773452E-06,7.65736950773452E-06,0,1,5.4965612072007183E-08,3828.34,3849.98,-2.14844,NA
87,721,stream,5250,compact,1575,2,belt_rock,closure,5.406033712063845E-10,5.406033712063845E-10,0,1,0,0,NA,NA,NA
87,722,stream,5250,compact,91,3,belt_rock,closure,5.406033712063845E-10,5.406033712063845E-10,0,1,0,0,NA,NA,NA
87,723,stream,5250,compact,29,3,belt_rock,closure,5.406033712063845E-10,5.406033712063845E-10,0,1,0,0,NA,NA,NA
87,724,stream,5250,compact,1182,2,belt_rock,closure,5.406033712063845E-10,5.406033712063845E-10,0,1,0,0,NA,NA,NA
87,725,ring,5250,compact,179,1,belt_rock,direct,8.64422885335462E-05,8.64422885335462E-05,0,1,1.5845439057137807E-07,977.635,979.528,-1.84728,NA
87,726,ring,5250,compact,1004,1,belt_rock,direct,6.022881960453336E-06,6.022881960453336E-06,0,1,9.129347220206395E-08,8084.15,8102.69,-0.68637,NA
87,727,stream,5250,compact,1004,2,belt_rock,closure,3.03178810729922E-12,0,3.03178810729922E-12,0,0,NaN,NA,NA,NA
87,728,stream,5250,compact,179,2,belt_rock,closure,3.03178810729922E-12,0,3.03178810729922E-12,0,0,NaN,NA,NA,NA
88,729,ring,5250,compact,1360,1,belt_rock,direct,1.7821530916392507E-06,1.7821530916392507E-06,0,1,1.4278579797773554E-08,4273.06,4282.41,-2.06969,NA
88,730,ring,5250,compact,1383,1,belt_rock,direct,1.7276847753929735E-06,1.7276847753929735E-06,0,1,7.596832308630625E-09,2345.13,2355.3,-0.878417,NA
88,731,stream,5250,compact,1360,2,belt_rock,closure,4.0496810816953587E-11,0,4.0496810816953587E-11,0,0,NaN,NA,NA,NA
88,732,stream,5250,compact,179,3,belt_rock,closure,4.0496810816953587E-11,0,4.0496810816953587E-11,0,0,NaN,NA,NA,NA
88,733,stream,5250,compact,1383,2,belt_rock,closure,6.219930014175143E-10,6.219930014175143E-10,0,1,0,0,NA,NA,NA
88,734,stream,5250,compact,1004,3,belt_rock,closure,6.219930014175143E-10,6.219930014175143E-10,0,1,0,0,NA,NA,NA
88,735,stream,5250,compact,5253,6,unknown,direct,3.93642391744446E-11,3.93642391744446E-11,0,1,0,0,989.124,-34.7452,NA
89,736,ring,5250,compact,1105,1,belt_rock,direct,3.695411268451194E-06,3.695411268451194E-06,0,1,1.0360659123298259E-07,14952.8,14957.9,-0.808885,NA
89,737,stream,5250,compact,1105,2,belt_rock,closure,1.694248010200151E-13,0,1.694248010200151E-13,0,0,NaN,NA,NA,NA
89,738,stream,5250,compact,5253,7,belt_rock,closure,1.694248010200151E-13,0,1.694248010200151E-13,0,0,NaN,NA,NA,NA
89,739,stream,5250,compact,1877,4,unknown,direct,4.381417688496327E-11,4.381417688496327E-11,0,1,0,0,804.165,-36.2218,NA
90,740,stream,5250,compact,29,4,unknown,direct,2.7030168560319215E-10,2.7030168560319215E-10,0,1,0,0,66.7099,-49.4411,NA
90,741,stream,5250,compact,91,4,unknown,direct,2.7030168560319215E-10,2.7030168560319215E-10,0,1,0,0,66.7437,-49.4406,NA
90,742,stream,5250,compact,1182,3,unknown,direct,2.7030168560319215E-10,2.7030168560319215E-10,0,1,0,0,66.7424,-49.4407,NA
90,743,stream,5250,compact,1575,3,unknown,direct,2.7030168560319215E-10,2.7030168560319215E-10,0,1,0,0,66.7112,-49.4411,NA
90,744,ring,5250,compact,1795,1,belt_rock,direct,2.0063546693786504E-05,2.0063546693786504E-05,0,1,7.263546126513218E-08,1930.81,1931.65,-0.707673,NA
90,745,ring,5250,compact,1192,1,belt_rock,direct,9.444352531458185E-05,9.444352531458185E-05,0,1,1.0605788276188084E-06,5989.21,5989.3,-0.661976,NA
90,746,stream,5250,compact,255,2,belt_rock,direct,1.0003710133809129E-09,1.0003710133809129E-09,0,1,0,0,7.83996,-27.7822,NA
90,747,stream,5250,compact,1618,2,belt_rock,direct,1.0003710133809129E-09,1.0003710133809129E-09,0,1,0,0,7.84208,-27.7821,NA
90,748,stream,5250,compact,257,3,unknown,direct,3.3717083194221805E-11,3.3717083194221805E-11,0,1,0,0,719.218,-39.9796,NA
90,749,stream,5250,compact,596,5,unknown,direct,3.3717083194221805E-11,3.3717083194221805E-11,0,1,0,0,719.246,-39.9792,NA
90,750,stream,5250,compact,1244,2,unknown,direct,3.3717083194221805E-11,3.3717083194221805E-11,0,1,0,0,719.245,-39.9793,NA
90,751,stream,5250,compact,1969,4,unknown,direct,3.3717083194221805E-11,3.3717083194221805E-11,0,1,0,0,719.219,-39.9795,NA
91,752,ring,5250,compact,1205,1,belt_rock,direct,4.1718236677103516E-05,4.1718236677103516E-05,0,1,8.719719740441832E-07,11147.4,11151.1,-0.629378,NA
91,753,ring,5250,compact,126,1,belt_rock,direct,6.567266839424325E-07,6.567266839424325E-07,0,1,9.011661366763085E-09,7318.45,7330.82,-2.18072,NA
91,754,stream,5250,compact,1205,2,belt_rock,closure,5.980546838165723E-13,0,5.980546838165723E-13,0,0,NaN,NA,NA,NA
91,755,stream,5250,compact,1969,5,belt_rock,closure,5.980546838165723E-13,0,5.980546838165723E-13,0,0,NaN,NA,NA,NA
91,756,stream,5250,compact,1221,3,unknown,direct,2.7387954207404876E-11,2.7387954207404876E-11,0,1,0,0,1075.48,-37.9101,NA
91,757,ring,5250,compact,1537,1,belt_rock,direct,1.1177458916464749E-05,1.1177458916464749E-05,0,1,4.222050875730457E-07,20145.5,20182,-0.787279,NA
91,758,ring,5250,compact,1025,1,belt_rock,direct,5.303649978937008E-05,5.303649978937008E-05,0,1,7.628726938288545E-08,767.142,769.899,-1.8135,NA
92,759,stream,5250,compact,256,4,belt_rock,direct,3.93642391744446E-11,3.93642391744446E-11,0,1,0,0,576.797,-39.9001,NA
92,760,ring,5250,compact,964,1,belt_rock,direct,1.2133733376691747E-06,1.2133733376691747E-06,0,1,1.2424141468322477E-07,54609.8,54599.4,-0.86607,NA
92,761,stream,5250,compact,256,5,belt_rock,closure,5.052207450239235E-16,0,5.052207450239235E-16,0,0,NaN,NA,NA,NA
92,762,stream,5250,compact,1380,2,unknown,direct,2.7387954207404876E-11,0,2.7387954207404876E-11,0,0,NaN,863.254,-40.5626,NA
92,763,ring,5250,compact,187,1,belt_rock,direct,4.5520983185913466E-05,4.5520983185913466E-05,0,1,2.9377963004881936E-06,34419.8,34340.1,-0.588392,NA
92,764,stream,5250,compact,1121,5,unknown,direct,2.7387954207404876E-11,0,2.7387954207404876E-11,0,0,NaN,1301.48,-35.0857,NA
92,765,stream,5250,compact,187,2,unknown,unknown,3.79440192116994E-15,0,3.79440192116994E-15,0,0,NaN,NA,NA,NA
92,766,stream,5250,compact,1380,3,unknown,unknown,3.79440192116994E-15,0,3.79440192116994E-15,0,0,NaN,NA,NA,NA
92,767,stream,5250,compact,256,6,unknown,unknown,3.79440192116994E-15,0,3.79440192116994E-15,0,0,NaN,NA,NA,NA
92,768,stream,5250,compact,964,3,unknown,unknown,3.79440192116994E-15,0,3.79440192116994E-15,0,0,NaN,NA,NA,NA
92,769,ring,5250,compact,1171,1,belt_rock,direct,0.00011388601786709416,0.00011388601786709416,0,1,7.278160509786926E-07,3408.4,3417.12,-0.55934,NA
93,770,stream,5250,compact,187,3,belt_rock,direct,1.1821439121327739E-10,1.1821439121327739E-10,0,1,0,0,2.73332E-12,-43.2089,NA
93,771,stream,5250,compact,256,7,belt_rock,direct,1.1821439121327739E-10,1.1821439121327739E-10,0,1,0,0,1.82221E-12,-43.2089,NA
93,772,stream,5250,compact,964,4,belt_rock,direct,1.1821439121327739E-10,1.1821439121327739E-10,0,1,0,0,1.82221E-12,-43.2089,NA
93,773,stream,5250,compact,1121,6,belt_rock,direct,1.1821439121327739E-10,1.1821439121327739E-10,0,1,0,0,2.73332E-12,-43.2089,NA
93,774,stream,5250,compact,1171,2,belt_rock,direct,1.1821439121327739E-10,1.1821439121327739E-10,0,1,0,0,1.82221E-12,-43.2089,NA
93,775,stream,5250,compact,1380,4,belt_rock,direct,1.1821439121327739E-10,1.1821439121327739E-10,0,1,0,0,1.82221E-12,-43.2089,NA
93,776,ring,5250,compact,1645,1,belt_rock,direct,6.826871528783204E-07,6.826871528783204E-07,0,1,1.0768097038833617E-08,8412.32,8428.25,-0.997205,NA
93,777,ring,5250,compact,1890,1,belt_rock,direct,0.0001030288831580687,0.0001030288831580687,0,1,2.5639288755334224E-07,1327.23,1328.78,-0.631763,NA
93,778,stream,5250,compact,915,4,unknown,direct,2.7387954207404876E-11,2.7387954207404876E-11,0,1,0,0,1161.03,-36.8414,NA
93,779,ring,5250,compact,856,1,belt_rock,direct,1.1930385129466713E-05,1.1930385129466713E-05,0,1,4.022653556135167E-08,1798.28,1804.37,-0.623807,NA
94,780,ring,5250,compact,767,1,belt_rock,direct,1.0192488284485002E-05,1.0192488284485002E-05,0,1,4.0316396397510565E-06,210960,210614,-1.85359,NA
94,781,ring,5250,compact,822,1,belt_rock,direct,1.07457988163688E-06,1.07457988163688E-06,0,1,5.6256718312140795E-08,27921.2,27987.5,-0.69028,NA
94,782,ring,5250,compact,1066,1,belt_rock,direct,3.025788833672559E-06,3.025788833672559E-06,0,1,5.193693469352935E-07,91545.4,91273.2,-0.641022,NA
94,783,ring,5250,compact,999,1,belt_rock,direct,6.253282071944274E-05,6.253282071944274E-05,0,1,3.559180409487516E-05,303557,302013,-1.8358,NA
94,784,ring,5250,compact,1668,1,belt_rock,direct,0.0001009982129590009,0.0001009982129590009,0,1,1.0810704636737874E-06,5708.72,5706.01,-0.557587,NA
94,785,stream,5250,compact,822,2,belt_rock,closure,1.0273765043394177E-14,0,1.0273765043394177E-14,0,0,NaN,NA,NA,NA
94,786,stream,5250,compact,767,2,belt_rock,closure,1.0273765043394177E-14,0,1.0273765043394177E-14,0,0,NaN,NA,NA,NA
95,787,ring,5250,compact,228,1,belt_rock,direct,1.7907650829001534E-06,1.7907650829001534E-06,0,1,1.0326962032579998E-07,30756.2,30766.3,-0.801188,NA
95,788,ring,5250,compact,1784,1,belt_rock,direct,1.239193117461184E-06,1.239193117461184E-06,0,1,9.182989674014709E-07,395224,395394,-2.10028,NA
95,789,stream,5250,compact,228,2,belt_rock,closure,6.668222827052748E-15,0,6.668222827052748E-15,0,0,NaN,NA,NA,NA
95,790,stream,5250,compact,1066,3,belt_rock,closure,6.668222827052748E-15,0,6.668222827052748E-15,0,0,NaN,NA,NA,NA
95,791,stream,5250,compact,999,3,belt_rock,closure,6.668222827052748E-15,0,6.668222827052748E-15,0,0,NaN,NA,NA,NA
95,792,stream,5250,compact,767,3,belt_rock,closure,6.668222827052748E-15,0,6.668222827052748E-15,0,0,NaN,NA,NA,NA
95,793,stream,5250,compact,822,3,belt_rock,closure,6.668222827052748E-15,0,6.668222827052748E-15,0,0,NaN,NA,NA,NA
95,794,stream,5250,compact,1668,2,belt_rock,closure,6.668222827052748E-15,0,6.668222827052748E-15,0,0,NaN,NA,NA,NA
95,795,ring,5250,compact,441,1,belt_rock,direct,1.575939241631708E-06,1.575939241631708E-06,0,1,4.06834080473075E-09,1376.82,1385.37,-1.9768,NA
96,796,ring,5250,compact,839,1,belt_rock,direct,3.8500615833499336E-05,3.8500615833499336E-05,0,1,6.748237646289879E-07,9348.06,9347.35,-1.81042,NA
96,797,ring,5250,compact,1846,1,belt_rock,direct,1.732786199806971E-05,1.732786199806971E-05,0,1,1.089113148192043E-07,3352.18,3354.28,-0.60345,NA
96,798,ring,5250,compact,114,1,belt_rock,direct,8.563098887421402E-06,8.563098887421402E-06,0,1,3.0479668800760533E-07,18983.6,19016.3,-0.787221,NA
96,799,stream,5250,compact,1846,2,belt_rock,closure,1.4901208808143914E-10,1.4901208808143914E-10,0,1,0,0,NA,NA,NA
96,800,stream,5250,compact,839,2,belt_rock,closure,1.4901208808143914E-10,1.4901208808143914E-10,0,1,0,0,NA,NA,NA
96,801,ring,5250,compact,388,1,belt_rock,direct,6.701301641371412E-07,6.701301641371412E-07,0,1,1.9074641147248029E-07,151808,151503,-0.728766,NA
96,802,ring,5250,compact,1947,1,belt_rock,direct,1.2928385413788772E-05,1.2928385413788772E-05,0,1,7.779311083634542E-08,3209.19,3213.3,-0.583064,NA
96,803,ring,5250,compact,1087,1,belt_rock,direct,0.00012311100933748084,0.00012311100933748084,0,1,3.3499764465407145E-06,14512.5,14565,-0.515162,NA
97,804,stream,5250,compact,388,3,belt_rock,direct,1.828921274602709E-13,0,1.828921274602709E-13,0,0,NaN,0,-181.97,NA
97,805,stream,5250,compact,839,4,belt_rock,direct,1.828921274602709E-13,0,1.828921274602709E-13,0,0,NaN,0,-181.97,NA
97,806,stream,5250,compact,1087,2,belt_rock,direct,1.828921274602709E-13,0,1.828921274602709E-13,0,0,NaN,0,-181.97,NA
97,807,stream,5250,compact,1947,2,belt_rock,direct,1.828921274602709E-13,0,1.828921274602709E-13,0,0,NaN,0,-181.97,NA
97,808,ring,5250,compact,1907,1,belt_rock,direct,1.0226849772582286E-06,1.0226849772582286E-06,0,1,1.0311797354738293E-08,5377.63,5393.12,-0.820929,NA
97,809,stream,5250,compact,1907,2,belt_rock,closure,1.6108657799793632E-11,0,1.6108657799793632E-11,0,0,NaN,NA,NA,NA
97,810,stream,5250,compact,1947,3,belt_rock,closure,1.6108657799793632E-11,0,1.6108657799793632E-11,0,0,NaN,NA,NA,NA
97,811,stream,5250,compact,1087,3,belt_rock,closure,1.6108657799793632E-11,0,1.6108657799793632E-11,0,0,NaN,NA,NA,NA
97,812,stream,5250,compact,839,5,belt_rock,closure,1.6108657799793632E-11,0,1.6108657799793632E-11,0,0,NaN,NA,NA,NA
98,813,ring,5250,compact,100,1,belt_rock,direct,4.881955486802245E-05,4.881955486802245E-05,0,1,2.1688383116422767E-07,2369.37,2370.53,-0.575604,NA
98,814,stream,5250,compact,100,2,belt_rock,closure,5.945179834049217E-10,5.945179834049217E-10,0,1,0,0,NA,NA,NA
98,815,stream,5250,compact,839,6,belt_rock,closure,5.945179834049217E-10,5.945179834049217E-10,0,1,0,0,NA,NA,NA
98,816,stream,5250,compact,1087,4,belt_rock,closure,5.945179834049217E-10,5.945179834049217E-10,0,1,0,0,NA,NA,NA
98,817,stream,5250,compact,1947,4,belt_rock,closure,5.945179834049217E-10,5.945179834049217E-10,0,1,0,0,NA,NA,NA
98,818,stream,5250,compact,1907,3,belt_rock,closure,5.945179834049217E-10,5.945179834049217E-10,0,1,0,0,NA,NA,NA
98,819,stream,5250,compact,388,4,belt_rock,closure,5.945179834049217E-10,5.945179834049217E-10,0,1,0,0,NA,NA,NA
98,820,ring,5250,compact,243,1,belt_rock,direct,6.56690459601962E-07,6.56690459601962E-07,0,1,8.509507608715476E-09,6911.02,6940.37,-0.70211,NA
98,821,ring,5250,compact,1620,1,belt_rock,direct,5.130124681362122E-06,5.130124681362122E-06,0,1,1.2175542848317609E-07,12657.8,12652.8,-0.57026,NA
98,822,stream,5250,compact,5252,6,unknown,direct,3.93642391744446E-11,3.93642391744446E-11,0,1,0,0,1006.46,-34.5283,NA
98,823,ring,5250,compact,1801,1,belt_rock,direct,7.867854855081883E-07,7.867854855081883E-07,0,1,2.1113806523490528E-07,143123,143707,-0.637957,NA
98,824,stream,5250,compact,1620,2,unknown,unknown,3.5202647842488115E-13,0,3.5202647842488115E-13,0,0,NaN,NA,NA,NA
98,825,stream,5250,compact,243,2,unknown,unknown,3.5202647842488115E-13,0,3.5202647842488115E-13,0,0,NaN,NA,NA,NA
99,826,ring,5250,compact,414,1,belt_rock,direct,8.947724475739877E-05,8.947724475739877E-05,0,1,4.4284760680981233E-07,2639.61,2641.55,-0.678273,NA
99,827,ring,5250,compact,1669,1,belt_rock,direct,2.376070858802471E-06,2.376070858802471E-06,0,1,1.0278896777381774E-08,2307.2,2307.15,-1.70856,NA
99,828,stream,5250,compact,414,2,belt_rock,closure,3.1782383308842492E-09,3.1782383308842492E-09,0,1,0,0,NA,NA,NA
99,829,stream,5250,compact,5252,8,belt_rock,closure,3.1782383308842492E-09,3.1782383308842492E-09,0,1,0,0,NA,NA,NA
99,830,stream,5250,compact,1801,3,belt_rock,closure,3.1782383308842492E-09,3.1782383308842492E-09,0,1,0,0,NA,NA,NA
99,831,stream,5250,compact,243,3,belt_rock,closure,3.1782383308842492E-09,3.1782383308842492E-09,0,1,0,0,NA,NA,NA
99,832,stream,5250,compact,1669,2,belt_rock,closure,4.5797914764447885E-11,4.5797914764447885E-11,0,1,0,0,NA,NA,NA
99,833,stream,5250,compact,1620,3,belt_rock,closure,4.5797914764447885E-11,4.5797914764447885E-11,0,1,0,0,NA,NA,NA
99,834,ring,5250,compact,1313,1,belt_rock,direct,6.11978688047049E-07,6.11978688047049E-07,0,1,1.2970767226604363E-09,1130.39,1134.51,-0.566927,NA
100,835,ring,5250,compact,1475,1,belt_rock,direct,1.181499297298557E-06,1.181499297298557E-06,0,1,4.198821325138902E-09,1895.36,1911.78,-1.90822,NA
100,836,stream,5250,compact,30,6,unknown,direct,2.7387954207404876E-11,0,2.7387954207404876E-11,0,0,NaN,1254.54,-35.6719,NA
101,837,ring,5250,compact,1029,1,belt_rock,direct,4.7188763254549315E-06,4.7188763254549315E-06,0,1,8.715748750185332E-09,985.065,990.428,-0.626119,NA
101,838,ring,5250,compact,1680,1,belt_rock,direct,7.286066148226024E-07,7.286066148226024E-07,0,1,1.3478215761267811E-08,9865.93,9888.14,-1.93083,NA
101,839,ring,5250,compact,1823,1,belt_rock,direct,6.567547212620079E-07,6.567547212620079E-07,0,1,5.0425284658188915E-09,4094.91,4202.72,-2.20996,NA
101,840,stream,5250,compact,1823,2,belt_rock,closure,3.736353407037627E-10,0,3.736353407037627E-10,0,0,NaN,NA,NA,NA
101,841,stream,5250,compact,1680,2,belt_rock,closure,3.736353407037627E-10,0,3.736353407037627E-10,0,0,NaN,NA,NA,NA
102,842,ring,5250,compact,1185,1,belt_rock,direct,6.806593211213651E-07,6.806593211213651E-07,0,1,1.7986149812246893E-08,14093.1,14111.5,-0.858303,NA
102,843,ring,5250,compact,1912,1,belt_rock,direct,3.740164543521167E-05,3.740164543521167E-05,0,1,1.325528608456948E-07,1890.15,1891.51,-0.536962,NA
102,844,stream,5250,compact,1185,2,belt_rock,closure,2.5643568572939986E-13,0,2.5643568572939986E-13,0,0,NaN,NA,NA,NA
102,845,stream,5250,compact,1680,3,belt_rock,closure,2.5643568572939986E-13,0,2.5643568572939986E-13,0,0,NaN,NA,NA,NA
102,846,ring,5250,compact,1069,1,belt_rock,direct,7.001173013416323E-05,7.001173013416323E-05,0,1,1.4061254573443173E-06,10711.5,10702,-0.490842,NA
102,847,ring,5250,compact,1609,1,belt_rock,direct,3.905286577016621E-05,3.905286577016621E-05,0,1,9.646548826303237E-07,13174,13162,-1.71253,NA
102,848,stream,5250,compact,1069,2,belt_rock,closure,7.155726742053495E-13,0,7.155726742053495E-13,0,0,NaN,NA,NA,NA
102,849,stream,5250,compact,1680,4,belt_rock,closure,7.155726742053495E-13,0,7.155726742053495E-13,0,0,NaN,NA,NA,NA
102,850,ring,5250,compact,23,1,belt_rock,direct,6.567097735528928E-07,6.567097735528928E-07,0,1,1.544509834516441E-08,12543.4,12566.7,-0.645168,NA
102,851,stream,5250,compact,1609,2,belt_rock,closure,2.7492856676466293E-13,0,2.7492856676466293E-13,0,0,NaN,NA,NA,NA
102,852,stream,5250,compact,1185,3,belt_rock,closure,2.7492856676466293E-13,0,2.7492856676466293E-13,0,0,NaN,NA,NA,NA
102,853,stream,5250,compact,126,2,unknown,direct,6.846988551851219E-12,0,6.846988551851219E-12,0,0,NaN,2743.06,-17.0743,NA
102,854,ring,5250,compact,858,1,belt_rock,direct,8.508446961493499E-05,8.508446961493499E-05,0,1,8.96621774346645E-07,5620.28,5616.78,-0.461136,NA
102,855,stream,5250,compact,1969,6,unknown,direct,6.846988551851219E-12,0,6.846988551851219E-12,0,0,NaN,2743.06,-17.0743,NA
102,856,stream,5250,compact,23,2,unknown,unknown,3.7006223684715504E-13,0,3.7006223684715504E-13,0,0,NaN,NA,NA,NA
102,857,stream,5250,compact,1680,5,unknown,unknown,3.7006223684715504E-13,0,3.7006223684715504E-13,0,0,NaN,NA,NA,NA
103,858,stream,5250,compact,126,3,belt_rock,direct,1.2837772726627207E-11,0,1.2837772726627207E-11,0,0,NaN,-1.04872E-12,-70.7623,NA
103,859,stream,5250,compact,858,2,belt_rock,direct,1.2837772726627207E-11,0,1.2837772726627207E-11,0,0,NaN,-1.04872E-12,-70.7623,NA
103,860,stream,5250,compact,1185,4,belt_rock,direct,1.2837772726627207E-11,0,1.2837772726627207E-11,0,0,NaN,-1.04872E-12,-70.7623,NA
103,861,stream,5250,compact,1609,3,belt_rock,direct,1.2837772726627207E-11,0,1.2837772726627207E-11,0,0,NaN,-1.04872E-12,-70.7623,NA
103,862,ring,5250,compact,791,1,belt_rock,direct,6.335061495042991E-05,6.335061495042991E-05,0,1,1.563806001733603E-07,1316.53,1317.71,-0.536871,NA
103,863,ring,5250,compact,1842,1,belt_rock,direct,4.601556000027747E-05,4.601556000027747E-05,0,1,8.06170016091212E-07,9343.74,9347.91,-0.613436,NA
103,864,ring,5250,compact,685,1,belt_rock,direct,6.226558047118299E-05,6.226558047118299E-05,0,1,4.045903241085644E-06,34655,34590.7,-0.488085,NA
103,865,stream,5250,compact,1842,2,belt_rock,closure,1.1492480691849614E-11,0,1.1492480691849614E-11,0,0,NaN,NA,NA,NA
103,866,stream,5250,compact,1069,3,belt_rock,closure,1.1492480691849614E-11,0,1.1492480691849614E-11,0,0,NaN,NA,NA,NA
103,867,ring,5250,compact,1633,1,belt_rock,direct,5.924299688751544E-05,5.924299688751544E-05,0,1,1.1545420434284537E-06,10393.7,10326.7,-0.349321,NA
103,868,ring,5250,compact,172,1,belt_rock,direct,6.72909100520365E-05,6.72909100520365E-05,0,1,1.3416728249567122E-07,1063.38,1066.05,-1.69106,NA
103,869,ring,5250,compact,309,1,belt_rock,direct,2.2686043045851927E-05,2.2686043045851927E-05,0,1,6.672530265943419E-08,1568.67,1573.03,-0.507369,NA
103,870,stream,5250,compact,1633,2,belt_rock,closure,6.339209908571601E-14,0,6.339209908571601E-14,0,0,NaN,NA,NA,NA
103,871,stream,5250,compact,1069,4,belt_rock,closure,6.339209908571601E-14,0,6.339209908571601E-14,0,0,NaN,NA,NA,NA
103,872,stream,5250,compact,1842,3,belt_rock,closure,6.339209908571601E-14,0,6.339209908571601E-14,0,0,NaN,NA,NA,NA
103,873,stream,5250,compact,685,2,belt_rock,closure,6.339209908571601E-14,0,6.339209908571601E-14,0,0,NaN,NA,NA,NA
104,874,ring,5250,compact,801,1,belt_rock,direct,2.108968176884664E-06,2.108968176884664E-06,0,1,8.904115769063227E-09,2251.75,2251.75,-0.739106,NA
104,875,ring,5250,compact,1282,1,belt_rock,direct,6.311025537850018E-05,6.311025537850018E-05,0,1,1.702254605692575E-07,1438.54,1440.18,-0.506049,NA
104,876,stream,5250,compact,801,2,belt_rock,closure,7.738107006665002E-10,7.738107006665002E-10,0,1,0,0,NA,NA,NA
104,877,stream,5250,compact,685,3,belt_rock,closure,7.738107006665002E-10,7.738107006665002E-10,0,1,0,0,NA,NA,NA
104,878,stream,5250,compact,1842,4,belt_rock,closure,7.738107006665002E-10,7.738107006665002E-10,0,1,0,0,NA,NA,NA
104,879,stream,5250,compact,1069,5,belt_rock,closure,7.738107006665002E-10,7.738107006665002E-10,0,1,0,0,NA,NA,NA
104,880,stream,5250,compact,509,3,unknown,direct,4.381417688496327E-11,4.381417688496327E-11,0,1,0,0,779.609,-36.5287,NA
104,881,stream,5250,compact,1923,2,unknown,direct,1.9682119587222285E-11,0,1.9682119587222285E-11,0,0,NaN,1462.87,-28.8216,NA
105,882,stream,5250,compact,1105,3,unknown,direct,1.35150842801596E-10,0,1.35150842801596E-10,0,0,NaN,368.756,-45.6673,NA
105,883,stream,5250,compact,5261,6,unknown,direct,3.93642391744446E-11,3.93642391744446E-11,0,1,0,0,579.491,-39.8651,NA
105,884,ring,5250,compact,793,1,belt_rock,direct,9.005050358737065E-06,9.005050358737065E-06,0,1,2.08567133033178E-06,123526,124997,-0.356854,NA
105,885,ring,5250,compact,217,1,belt_rock,direct,1.6241694832225816E-05,1.6241694832225816E-05,0,1,3.001833502140608E-08,985.721,989.496,-0.524451,NA
105,886,ring,5250,compact,741,1,belt_rock,direct,5.6648278113258596E-05,5.6648278113258596E-05,0,1,7.3281719106528315E-06,68993.4,69373.8,-0.430928,NA
105,887,ring,5250,compact,1428,1,belt_rock,direct,2.055569654121836E-06,2.055569654121836E-06,0,1,8.04035972412336E-09,2086.13,2100.86,-0.571618,NA
105,888,ring,5250,compact,1961,1,belt_rock,direct,1.9951553974232504E-06,1.9951553974232504E-06,0,1,3.2458383059610005E-09,867.659,869.232,-0.455586,NA
106,889,ring,5250,compact,790,1,belt_rock,direct,7.029909630150733E-07,7.029909630150733E-07,0,1,3.953573640242087E-09,2999.43,3006.34,-2.08709,NA
106,890,stream,5250,compact,790,2,belt_rock,closure,2.1616237423868208E-10,2.1616237423868208E-10,0,1,0,0,NA,NA,NA
106,891,stream,5250,compact,1961,2,belt_rock,closure,2.1616237423868208E-10,2.1616237423868208E-10,0,1,0,0,NA,NA,NA
107,892,ring,5250,compact,1253,1,belt_rock,direct,6.611135116401222E-05,6.611135116401222E-05,0,1,1.2524533250243982E-05,101038,100682,-1.64547,NA
108,893,ring,5250,compact,145,1,belt_rock,direct,5.061740901829068E-05,5.061740901829068E-05,0,1,5.160930570165565E-08,543.785,546.401,-0.493064,NA
108,894,stream,5250,compact,257,4,unknown,direct,1.6858541597110896E-11,0,1.6858541597110896E-11,0,0,NaN,2496.09,-17.7699,NA
108,895,ring,5250,compact,1033,1,belt_rock,direct,9.547783630900726E-05,9.547783630900726E-05,0,1,1.2856624205297055E-07,718.163,721.08,-0.461183,NA
109,896,ring,5250,compact,98,1,belt_rock,direct,3.253800901955859E-05,3.253800901955859E-05,0,1,1.6501785486120617E-07,2704.82,2706.08,-0.435352,NA
109,897,ring,5250,compact,1641,1,belt_rock,direct,3.572753515520618E-05,3.572753515520618E-05,0,1,3.9146529689487656E-08,584.371,586.422,-0.484751,NA
110,898,ring,5250,compact,652,1,belt_rock,direct,2.81032336098014E-05,2.81032336098014E-05,0,1,1.1727878727113163E-06,22256.8,22257.7,-1.86382,NA
110,899,ring,5250,compact,1991,1,belt_rock,direct,2.969260053195079E-06,2.969260053195079E-06,0,1,3.934540369137585E-07,70671.5,70697,-1.81682,NA
110,900,ring,5250,compact,425,1,belt_rock,direct,2.3095321554674934E-05,2.3095321554674934E-05,0,1,1.4337667163350986E-07,3310.95,3316.58,-1.83291,NA
110,901,stream,5250,compact,652,2,belt_rock,closure,1.5787945304686272E-16,0,1.5787945304686272E-16,0,0,NaN,NA,NA,NA
110,902,stream,5250,compact,425,2,belt_rock,closure,1.0352300428090767E-09,1.0352300428090767E-09,0,1,0,0,NA,NA,NA
110,903,stream,5250,compact,1991,3,belt_rock,closure,1.0352300428090767E-09,1.0352300428090767E-09,0,1,0,0,NA,NA,NA
110,904,stream,5250,compact,458,7,unknown,direct,2.7387954207404876E-11,2.7387954207404876E-11,0,1,0,0,956.149,-39.4016,NA
110,905,ring,5250,compact,157,1,belt_rock,direct,2.5976809372997018E-06,2.5976809372997018E-06,0,1,5.955238986714702E-08,12226.8,12229.1,-0.478911,NA
110,906,ring,5250,compact,1139,1,belt_rock,direct,2.811978152923884E-05,2.811978152923884E-05,0,1,2.8530017922287905E-07,5411.14,5410.29,-1.6367,NA
110,907,stream,5250,compact,1139,2,unknown,unknown,1.4191669259408292E-11,0,1.4191669259408292E-11,0,0,NaN,NA,NA,NA
110,908,stream,5250,compact,157,2,unknown,unknown,1.4191669259408292E-11,0,1.4191669259408292E-11,0,0,NaN,NA,NA,NA
111,909,ring,5250,compact,215,1,belt_rock,direct,2.152163586282223E-06,2.152163586282223E-06,0,1,1.5136005613599382E-05,3.75089E+06,3.7678E+06,-1.79724,NA
111,910,ring,5250,compact,1481,1,belt_rock,direct,2.512905212212929E-05,2.512905212212929E-05,0,1,2.5594538841731715E-05,543213,545111,-1.62529,NA
111,911,ring,5250,compact,212,1,belt_rock,direct,1.389675769850553E-05,1.389675769850553E-05,0,1,5.3803994721265364E-08,2064.9,2069.54,-0.436538,NA
111,912,ring,5250,compact,1834,1,belt_rock,direct,2.0224882031390923E-05,2.0224882031390923E-05,0,1,2.247511001769531E-08,592.672,595.98,-0.479289,NA
111,913,ring,5250,compact,1526,1,belt_rock,direct,3.858481275164312E-05,3.858481275164312E-05,0,1,1.016994839673307E-07,1405.73,1409.19,-0.408701,NA
112,914,ring,5250,compact,631,1,belt_rock,direct,4.394323160716025E-05,4.394323160716025E-05,0,1,2.0705096727884092E-06,25129.5,25154.8,-1.70863,NA
112,915,stream,5250,compact,631,2,belt_rock,closure,1.3426858665172354E-13,0,1.3426858665172354E-13,0,0,NaN,NA,NA,NA
112,916,stream,5250,compact,1526,2,belt_rock,closure,1.3426858665172354E-13,0,1.3426858665172354E-13,0,0,NaN,NA,NA,NA
112,917,ring,5250,compact,1804,1,belt_rock,direct,3.584291282970916E-06,3.584291282970916E-06,0,1,2.599254684531238E-08,3867.62,3907.55,-0.564546,NA
112,918,ring,5250,compact,1713,1,belt_rock,direct,9.730149013779248E-06,9.730149013779248E-06,0,1,4.972720538562699E-06,272567,269212,-0.383993,NA
112,919,stream,5250,compact,1804,2,belt_rock,closure,5.896452307774172E-10,5.896452307774172E-10,0,1,0,0,NA,NA,NA
112,920,stream,5250,compact,1526,3,belt_rock,closure,5.896452307774172E-10,5.896452307774172E-10,0,1,0,0,NA,NA,NA
113,921,ring,5250,compact,1988,1,belt_rock,direct,1.4015865937434488E-05,1.4015865937434488E-05,0,1,5.5892307359210916E-06,212682,213328,-1.62528,NA
113,922,ring,5250,compact,811,1,belt_rock,direct,7.638475081294707E-05,7.638475081294707E-05,0,1,6.319812122602315E-06,44126.2,44006.1,-0.358872,NA
113,923,ring,5250,compact,1854,1,belt_rock,direct,3.993706972123781E-06,3.993706972123781E-06,0,1,9.19952439824791E-08,12285.4,12282.7,-0.455217,NA
113,924,stream,5250,compact,811,2,belt_rock,closure,1.2413944831154395E-15,0,1.2413944831154395E-15,0,0,NaN,NA,NA,NA
113,925,stream,5250,compact,1988,3,belt_rock,closure,1.2413944831154395E-15,0,1.2413944831154395E-15,0,0,NaN,NA,NA,NA
113,926,stream,5250,compact,1713,4,belt_rock,closure,1.2413944831154395E-15,0,1.2413944831154395E-15,0,0,NaN,NA,NA,NA
113,927,stream,5250,compact,631,4,belt_rock,closure,1.2413944831154395E-15,0,1.2413944831154395E-15,0,0,NaN,NA,NA,NA
113,928,ring,5250,compact,167,1,belt_rock,direct,1.3901156025611804E-05,1.3901156025611804E-05,0,1,3.966954685671025E-08,1521.97,1526.7,-0.406824,NA
113,929,ring,5250,compact,1939,1,belt_rock,direct,0.00010740228710898571,0.00010740228710898571,0,1,1.821853128307899E-07,904.687,907.182,-0.393488,NA
113,930,stream,5250,compact,91,5,unknown,direct,1.35150842801596E-10,0,1.35150842801596E-10,0,0,NaN,1599.54,-30.2801,NA
114,931,ring,5250,compact,1249,1,belt_rock,direct,6.121683643394747E-05,6.121683643394747E-05,0,1,7.871416075368981E-08,685.774,688.558,-0.514817,NA
114,932,ring,5250,compact,1855,1,belt_rock,direct,3.416028257995971E-05,3.416028257995971E-05,0,1,1.384016779720077E-06,21608.2,21603.5,-0.514308,NA
114,933,stream,5250,compact,1855,2,belt_rock,closure,2.688280307434479E-13,0,2.688280307434479E-13,0,0,NaN,NA,NA,NA
114,934,stream,5250,compact,1939,2,belt_rock,closure,2.688280307434479E-13,0,2.688280307434479E-13,0,0,NaN,NA,NA,NA
114,935,stream,5250,compact,1877,5,unknown,direct,2.190708844248162E-11,0,2.190708844248162E-11,0,0,NaN,1870.42,-22.8992,NA
114,936,ring,5250,compact,86,1,belt_rock,direct,4.622175550238146E-06,4.622175550238146E-06,0,1,3.6554240673579904E-08,4217.84,4225.65,-0.44042,NA
114,937,ring,5250,compact,1036,1,belt_rock,direct,7.163082611217534E-07,7.163082611217534E-07,0,1,2.383695515340975E-09,1774.8,1797.65,-1.77711,NA
114,938,stream,5250,compact,86,2,unknown,unknown,4.8031458649277924E-11,4.8031458649277924E-11,0,1,0,0,NA,NA,NA
114,939,stream,5250,compact,1877,6,unknown,unknown,4.8031458649277924E-11,4.8031458649277924E-11,0,1,0,0,NA,NA,NA
114,940,stream,5250,compact,1939,3,unknown,unknown,4.8031458649277924E-11,4.8031458649277924E-11,0,1,0,0,NA,NA,NA
114,941,stream,5250,compact,1855,3,unknown,unknown,4.8031458649277924E-11,4.8031458649277924E-11,0,1,0,0,NA,NA,NA
115,942,ring,5250,compact,868,1,belt_rock,direct,6.741295577051372E-07,6.741295577051372E-07,0,1,3.339879910264716E-08,26423.2,26495,-2.47342,NA
115,943,stream,5250,compact,868,2,belt_rock,closure,1.0964314493272118E-13,0,1.0964314493272118E-13,0,0,NaN,NA,NA,NA
115,944,stream,5250,compact,1855,4,belt_rock,closure,1.0964314493272118E-13,0,1.0964314493272118E-13,0,0,NaN,NA,NA,NA
115,945,stream,5250,compact,458,8,unknown,direct,1.369397710370243E-11,0,1.369397710370243E-11,0,0,NaN,1573.91,-31.6773,NA
115,946,stream,5250,compact,1991,4,unknown,direct,1.369397710370243E-11,0,1.369397710370243E-11,0,0,NaN,1577.45,-31.6329,NA
116,947,stream,5250,compact,86,3,unknown,direct,2.4015729324638946E-11,0,2.4015729324638946E-11,0,0,NaN,129.274,-51.6692,NA
116,948,stream,5250,compact,1036,2,unknown,direct,2.4015729324638946E-11,0,2.4015729324638946E-11,0,0,NaN,129.247,-51.6695,NA
116,949,stream,5250,compact,1877,7,unknown,direct,2.4015729324638946E-11,0,2.4015729324638946E-11,0,0,NaN,129.251,-51.6694,NA
116,950,stream,5250,compact,1939,4,unknown,direct,2.4015729324638946E-11,0,2.4015729324638946E-11,0,0,NaN,129.278,-51.6692,NA
116,951,ring,5250,compact,1568,1,belt_rock,direct,0.00011677433532254594,0.00011677433532254594,0,1,1.8796603704071484E-07,858.481,859.283,-0.369914,NA
116,952,ring,5250,compact,484,1,belt_rock,direct,0.00011747122755374167,0.00011747122755374167,0,1,1.596533687167957E-06,7248.45,7244.75,-0.339621,NA
116,953,ring,5250,compact,1607,1,belt_rock,direct,6.754687915080137E-05,6.754687915080137E-05,0,1,1.4588591884225313E-06,11518.8,11512.6,-1.59079,NA
116,954,stream,5250,compact,484,2,unknown,unknown,4.141624721069349E-12,0,4.141624721069349E-12,0,0,NaN,NA,NA,NA
116,955,stream,5250,compact,868,3,unknown,unknown,4.141624721069349E-12,0,4.141624721069349E-12,0,0,NaN,NA,NA,NA
116,956,ring,5250,compact,1037,1,belt_rock,direct,1.4723046402334164E-06,1.4723046402334164E-06,0,1,3.294436039338441E-09,1193.39,1206.81,-0.497134,NA
116,957,ring,5250,compact,464,1,belt_rock,direct,3.699753454833475E-05,3.699753454833475E-05,0,1,1.2707150445028643E-06,18317.8,18366.7,-1.53823,NA
116,958,ring,5250,compact,731,1,belt_rock,direct,2.014752818759575E-05,2.014752818759575E-05,0,1,1.8350413003419986E-06,48576.1,48438,-1.58273,NA
116,959,stream,5250,compact,1526,4,unknown,direct,2.9482261538870834E-10,2.9482261538870834E-10,0,1,0,0,937.904,-37.6954,NA
116,960,stream,5250,compact,1804,3,unknown,direct,2.9482261538870834E-10,2.9482261538870834E-10,0,1,0,0,937.875,-37.6957,NA
116,961,ring,5250,compact,1750,1,belt_rock,direct,5.865745765700277E-05,5.865745765700277E-05,0,1,1.4790320903170572E-06,13447.9,13414.6,-0.314709,NA
116,962,stream,5250,compact,464,2,unknown,unknown,8.077912715184144E-16,0,8.077912715184144E-16,0,0,NaN,NA,NA,NA
117,963,ring,5250,compact,1453,1,belt_rock,direct,1.2660252874300793E-05,1.2660252874300793E-05,0,1,3.0580521231842415E-07,12882.5,12891.6,-1.59615,NA
117,964,ring,5250,compact,1415,1,belt_rock,direct,2.232231854832174E-05,2.232231854832174E-05,0,1,8.444568012596946E-08,2017.61,2019.76,-0.378132,NA
117,965,stream,5250,compact,1453,2,belt_rock,closure,3.0924338539987273E-13,0,3.0924338539987273E-13,0,0,NaN,NA,NA,NA
117,966,stream,5250,compact,464,3,belt_rock,closure,3.0924338539987273E-13,0,3.0924338539987273E-13,0,0,NaN,NA,NA,NA
117,967,stream,5250,compact,5262,8,belt_rock,direct,3.93642391744446E-11,0,3.93642391744446E-11,0,0,NaN,1139.93,-32.8606,NA
118,968,ring,5250,compact,611,1,belt_rock,direct,3.7292212440262163E-06,3.7292212440262163E-06,0,1,1.5287545021299194E-08,2186.34,2188.43,-1.73243,NA
118,969,ring,5250,compact,814,1,belt_rock,direct,7.684378710697898E-05,7.684378710697898E-05,0,1,1.3828579830490942E-07,959.771,960.367,-0.365058,NA
118,970,ring,5250,compact,280,1,belt_rock,direct,1.9835685529336492E-05,1.9835685529336492E-05,0,1,1.3338966175811478E-06,35865.2,35924.7,-1.55889,NA
118,971,ring,5250,compact,1040,1,belt_rock,direct,5.0751491556776094E-05,5.0751491556776094E-05,0,1,4.6674038239012624E-08,490.485,491.891,-0.40964,NA
118,972,stream,5250,compact,1205,3,unknown,direct,6.846988551851219E-12,0,6.846988551851219E-12,0,0,NaN,3115.37,-12.7614,NA
118,973,stream,5250,compact,1221,4,unknown,direct,6.846988551851219E-12,0,6.846988551851219E-12,0,0,NaN,3115.37,-12.7614,NA
118,974,stream,5250,compact,611,2,unknown,unknown,8.743174475660395E-10,8.743174475660395E-10,0,1,0,0,NA,NA,NA
118,975,stream,5250,compact,5262,9,unknown,unknown,8.743174475660395E-10,8.743174475660395E-10,0,1,0,0,NA,NA,NA
118,976,stream,5250,compact,464,4,unknown,unknown,8.743174475660395E-10,8.743174475660395E-10,0,1,0,0,NA,NA,NA
118,977,stream,5250,compact,1453,3,unknown,unknown,8.743174475660395E-10,8.743174475660395E-10,0,1,0,0,NA,NA,NA
118,978,stream,5250,compact,966,1,belt_rock,direct,1.2435756431792136E-05,1.2435756431792136E-05,0,1,0,0,462.63,-0.534952,NA
118,979,ring,5250,compact,523,1,belt_rock,direct,6.062022243041086E-05,6.062022243041086E-05,0,1,2.2404758791009492E-06,19711.6,19654.2,-0.295028,NA
118,980,ring,5250,compact,315,1,belt_rock,direct,6.008094455381542E-07,6.008094455381542E-07,0,1,1.3045370506698285E-08,11580.3,11565.4,-1.57093,NA
118,981,stream,5250,compact,523,2,unknown,unknown,4.6532293106451695E-14,0,4.6532293106451695E-14,0,0,NaN,NA,NA,NA
118,982,stream,5250,compact,966,2,unknown,unknown,4.6532293106451695E-14,0,4.6532293106451695E-14,0,0,NaN,NA,NA,NA
119,983,ring,5250,compact,1022,1,belt_rock,direct,3.821518437676251E-06,3.821518437676251E-06,0,1,6.861812154500324E-09,957.638,973.352,-0.79147,NA
119,984,ring,5250,compact,298,1,belt_rock,direct,1.8570260048913555E-05,1.8570260048913555E-05,0,1,1.7663795927826757E-08,507.3,511.294,-0.385326,NA
120,985,ring,5250,compact,1059,1,belt_rock,direct,7.63405748065679E-07,7.63405748065679E-07,0,1,2.6178499098018598E-08,18288.9,18296,-0.612709,NA
120,986,stream,5250,compact,1059,2,belt_rock,closure,6.880880078884881E-14,0,6.880880078884881E-14,0,0,NaN,NA,NA,NA
120,987,stream,5250,compact,298,2,belt_rock,closure,6.880880078884881E-14,0,6.880880078884881E-14,0,0,NaN,NA,NA,NA
120,988,ring,5250,compact,655,1,belt_rock,direct,2.1609138452816773E-05,2.1609138452816773E-05,0,1,4.255708438745246E-08,1050.35,1053.69,-0.346769,NA
120,989,ring,5250,compact,1422,1,belt_rock,direct,1.0877967156014241E-05,1.0877967156014241E-05,0,1,4.173235492531285E-08,2046.09,2067.9,-0.471719,NA
120,990,ring,5250,compact,1542,1,belt_rock,direct,5.307504795505543E-07,5.307504795505543E-07,0,1,3.0390040398853964E-09,3053.79,3058.43,-0.333,NA
120,991,ring,5250,compact,568,1,belt_rock,direct,2.22317573655645E-05,2.22317573655645E-05,0,1,4.1643865046694186E-08,999.024,1003.62,-0.317547,NA
121,992,ring,5250,compact,1072,1,belt_rock,direct,1.4351888734822066E-06,1.4351888734822066E-06,0,1,2.5246210992872353E-09,938.179,955.099,-1.18359,NA
121,993,ring,5250,compact,1492,1,belt_rock,direct,6.618394638043381E-07,6.618394638043381E-07,0,1,6.301940264549006E-09,5078.32,5086.34,-0.737332,NA
121,994,ring,5250,compact,1034,1,belt_rock,direct,1.7182956693669126E-06,1.7182956693669126E-06,0,1,2.340333417707149E-09,726.405,731.553,-0.525303,NA
121,995,stream,5250,compact,1492,2,belt_rock,closure,2.453682337129105E-11,0,2.453682337129105E-11,0,0,NaN,NA,NA,NA
121,996,stream,5250,compact,1072,2,belt_rock,closure,2.453682337129105E-11,0,2.453682337129105E-11,0,0,NaN,NA,NA,NA
121,997,ring,5250,compact,147,1,belt_rock,direct,4.854414424023787E-05,4.854414424023787E-05,0,1,6.008163318573623E-07,6600.91,6598.44,-0.300426,NA
121,998,ring,5250,compact,411,1,belt_rock,direct,5.540516990254912E-05,5.540516990254912E-05,0,1,7.480103608527261E-08,720.039,721.604,-0.34664,NA
121,999,ring,5250,compact,1116,1,belt_rock,direct,2.4864261846017696E-06,2.4864261846017696E-06,0,1,3.8153447886975174E-08,8183.84,8189.7,-0.41232,NA
121,1000,ring,5250,compact,1617,1,belt_rock,direct,5.477206024708461E-05,5.477206024708461E-05,0,1,4.0487882302062603E-08,394.244,395.698,-0.35953,NA
121,1001,stream,5250,compact,147,2,belt_rock,closure,6.3709336091674366E-12,0,6.3709336091674366E-12,0,0,NaN,NA,NA,NA
121,1002,stream,5250,compact,1072,3,belt_rock,closure,6.3709336091674366E-12,0,6.3709336091674366E-12,0,0,NaN,NA,NA,NA
121,1003,stream,5250,compact,1492,3,belt_rock,closure,6.3709336091674366E-12,0,6.3709336091674366E-12,0,0,NaN,NA,NA,NA
121,1004,stream,5250,compact,1034,2,belt_rock,closure,6.3709336091674366E-12,0,6.3709336091674366E-12,0,0,NaN,NA,NA,NA
121,1005,stream,5250,compact,1116,2,belt_rock,closure,2.5436783723845096E-12,0,2.5436783723845096E-12,0,0,NaN,NA,NA,NA
121,1006,stream,5250,compact,411,2,belt_rock,closure,2.5436783723845096E-12,0,2.5436783723845096E-12,0,0,NaN,NA,NA,NA
121,1007,stream,5250,compact,29,5,unknown,direct,1.3453888102142108E-10,0,1.3453888102142108E-10,0,0,NaN,1641.72,-29.7491,NA
122,1008,ring,5250,compact,1796,1,belt_rock,direct,7.060128274400902E-05,7.060128274400902E-05,0,1,2.8602071157081164E-07,2160.65,2161.13,-0.308968,NA
122,1009,ring,5250,compact,87,1,belt_rock,direct,2.628419469101373E-06,2.628419469101373E-06,0,1,5.383117864818436E-09,1092.29,1098.88,-0.443894,NA
122,1010,stream,5250,compact,1336,1,belt_rock,direct,1.863629066608771E-05,1.863629066608771E-05,0,1,0,0,388.34,-0.474546,NA
122,1011,ring,5250,compact,510,1,belt_rock,direct,3.4992084246178673E-06,3.4992084246178673E-06,0,1,1.7966124162855423E-07,27383.1,27481.4,-1.54091,NA
122,1012,ring,5250,compact,775,1,belt_rock,direct,1.064087865595015E-06,1.064087865595015E-06,0,1,8.312337811330763E-09,4166.24,4189.3,-1.64772,NA
122,1013,ring,5250,compact,951,1,belt_rock,direct,7.083409525609688E-06,7.083409525609688E-06,0,1,1.0195311653390702E-08,767.639,774.626,-0.325396,NA
123,1014,stream,5250,compact,510,2,belt_rock,direct,1.1109272655057245E-14,0,1.1109272655057245E-14,0,0,NaN,4.73395E-12,-343.987,NA
123,1015,ring,5250,compact,1268,1,belt_rock,direct,2.7151792094417883E-05,2.7151792094417883E-05,0,1,8.688978242042509E-07,17067.5,17063.1,-1.57309,NA
123,1016,stream,5250,compact,1336,2,belt_rock,direct,1.1109272655057245E-14,0,1.1109272655057245E-14,0,0,NaN,-4.73395E-12,-343.987,NA
123,1017,stream,5250,compact,1268,2,belt_rock,closure,8.820873759116964E-14,0,8.820873759116964E-14,0,0,NaN,NA,NA,NA
123,1018,stream,5250,compact,510,3,belt_rock,closure,8.820873759116964E-14,0,8.820873759116964E-14,0,0,NaN,NA,NA,NA
123,1019,ring,5250,compact,274,1,belt_rock,direct,2.0511538494499233E-05,2.0511538494499233E-05,0,1,1.593458656775973E-08,414.325,414.534,-0.240153,NA
123,1020,stream,5250,compact,1416,1,belt_rock,direct,2.972263921210621E-06,2.972263921210621E-06,0,1,0,0,515.337,-0.613569,NA
123,1021,ring,5250,compact,338,1,belt_rock,direct,2.0094219301375526E-06,2.0094219301375526E-06,0,1,1.6045338881485792E-07,42586.9,42722.4,-1.57361,NA
123,1022,stream,5250,compact,338,2,belt_rock,closure,1.5338006895183971E-15,0,1.5338006895183971E-15,0,0,NaN,NA,NA,NA
123,1023,stream,5250,compact,1416,2,belt_rock,closure,1.5338006895183971E-15,0,1.5338006895183971E-15,0,0,NaN,NA,NA,NA
124,1024,ring,5250,compact,642,1,belt_rock,direct,2.484962533427887E-06,2.484962533427887E-06,0,1,1.073658433963742E-08,2304.33,2307.83,-0.495083,NA
124,1025,ring,5250,compact,774,1,belt_rock,direct,0.00011035582177613343,0.00011035582177613343,0,1,2.0145020489025354E-06,9735.79,9744.42,-1.46883,NA
124,1026,ring,5250,compact,653,1,belt_rock,direct,1.654644284157827E-05,1.654644284157827E-05,0,1,1.7970487497638854E-07,5792.34,5792.89,-1.56572,NA
124,1027,stream,5250,compact,774,2,belt_rock,closure,1.0619480703700096E-12,0,1.0619480703700096E-12,0,0,NaN,NA,NA,NA
124,1028,stream,5250,compact,338,3,belt_rock,closure,1.0619480703700096E-12,0,1.0619480703700096E-12,0,0,NaN,NA,NA,NA
124,1029,stream,5250,compact,642,2,belt_rock,closure,5.079525378335987E-10,5.079525378335987E-10,0,1,0,0,NA,NA,NA
124,1030,stream,5250,compact,1416,3,belt_rock,closure,5.079525378335987E-10,5.079525378335987E-10,0,1,0,0,NA,NA,NA
126,1031,ring,5250,compact,581,1,belt_rock,direct,1.3725591292068282E-05,1.3725591292068282E-05,0,1,2.6236757022833405E-08,1019.48,1021.24,-0.297273,NA
126,1032,stream,5250,compact,124,1,belt_rock,direct,5.2255148414083895E-06,5.2255148414083895E-06,0,1,0,0,523.371,-0.44504,NA
127,1033,ring,5250,compact,1851,1,belt_rock,direct,0.00011863952051801366,0.00011863952051801366,0,1,1.1615460755383249E-07,522.163,523.232,-0.385578,NA
127,1034,ring,5250,compact,771,1,belt_rock,direct,2.2327611057761267E-05,2.2327611057761267E-05,0,1,1.9577223098035612E-08,467.636,469.718,-0.297318,NA
127,1035,ring,5250,compact,296,1,belt_rock,direct,9.437921767741148E-06,9.437921767741148E-06,0,1,1.0673969467293467E-06,60318.2,60595.5,-1.48928,NA
127,1036,ring,5250,compact,722,1,belt_rock,direct,0.0001311482886410915,0.0001311482886410915,0,1,2.2415011041765655E-06,9115.39,9096.08,-0.20872,NA
127,1037,stream,5250,compact,1310,1,belt_rock,direct,7.445657757575814E-07,7.445657757575814E-07,0,1,0,0,370.09,-0.438425,NA
127,1038,stream,5250,compact,771,2,belt_rock,closure,3.1864720698021987E-16,0,3.1864720698021987E-16,0,0,NaN,NA,NA,NA
127,1039,ring,5250,compact,1460,1,belt_rock,direct,6.097258056431592E-05,6.097258056431592E-05,0,1,6.770558396244555E-08,592.228,600.033,-0.309899,NA
128,1040,ring,5250,compact,1082,1,belt_rock,direct,5.284202647443994E-06,5.284202647443994E-06,0,1,6.600723464683829E-09,666.209,669.663,-0.335325,NA
128,1041,stream,5250,compact,296,3,belt_rock,direct,3.3010013722275674E-07,3.3010013722275674E-07,0,1,0,0,363.89,-0.51519,NA
128,1042,stream,5250,compact,1310,2,belt_rock,direct,3.3010013722275674E-07,3.3010013722275674E-07,0,1,0,0,363.889,-0.515189,NA
128,1043,stream,5250,compact,1287,1,belt_rock,direct,7.630999193617812E-07,7.630999193617812E-07,0,1,0,0,668.76,-0.643319,NA
128,1044,stream,5250,compact,724,1,belt_rock,direct,1.881761722857388E-05,1.881761722857388E-05,0,1,0,0,323.845,-0.32164,NA
128,1045,ring,5250,compact,1474,1,belt_rock,direct,9.7876580891575E-07,9.7876580891575E-07,0,1,1.0362417026970018E-09,564.652,579.359,-0.393443,NA
129,1046,stream,5250,compact,724,2,belt_rock,direct,8.622257355194226E-06,8.622257355194226E-06,0,1,0,0,321.017,-0.354907,NA
129,1047,stream,5250,compact,1287,2,belt_rock,direct,8.622257355194226E-06,8.622257355194226E-06,0,1,0,0,321.02,-0.354907,NA
129,1048,ring,5250,compact,707,1,belt_rock,direct,4.518449610365003E-05,4.518449610365003E-05,0,1,2.0171885339816483E-07,2380.98,2389.81,-0.276331,NA
129,1049,ring,5250,compact,2005,1,belt_rock,direct,0.00012359707182058906,0.00012359707182058906,0,1,4.395014641873316E-07,1896.49,1898.16,-0.194265,NA
129,1050,stream,5250,compact,724,3,belt_rock,closure,3.655237494526646E-06,3.655237494526646E-06,0,1,0,0,NA,NA,NA
129,1051,stream,5250,compact,1474,2,belt_rock,closure,3.655237494526646E-06,3.655237494526646E-06,0,1,0,0,NA,NA,NA
130,1052,stream,5250,compact,707,2,belt_rock,direct,5.26945829047983E-09,5.26945829047983E-09,0,1,0,0,147.006,-28.3215,NA
130,1053,stream,5250,compact,1287,3,belt_rock,direct,5.26945829047983E-09,5.26945829047983E-09,0,1,0,0,147.006,-28.3215,NA
130,1054,ring,5250,compact,89,1,belt_rock,direct,1.559582848588542E-05,1.559582848588542E-05,0,1,1.035578155153525E-06,35413.9,35462.3,-1.47027,NA
130,1055,stream,5250,compact,1540,1,belt_rock,direct,3.58358901236008E-05,3.58358901236008E-05,0,1,0,0,385.384,-0.391786,NA
130,1056,stream,5250,compact,89,2,belt_rock,closure,3.952553665072239E-15,0,3.952553665072239E-15,0,0,NaN,NA,NA,NA
130,1057,stream,5250,compact,1287,4,belt_rock,closure,3.952553665072239E-15,0,3.952553665072239E-15,0,0,NaN,NA,NA,NA
130,1058,stream,5250,compact,724,4,unknown,direct,1.7341071044225583E-06,1.7341071044225583E-06,0,1,0,0,317.027,-0.403406,NA
130,1059,stream,5250,compact,2005,2,unknown,direct,1.7341071044225583E-06,1.7341071044225583E-06,0,1,0,0,317.028,-0.403406,NA
130,1060,stream,5250,compact,1526,5,unknown,direct,1.4719012665720383E-10,0,1.4719012665720383E-10,0,0,NaN,1774.1,-27.2317,NA
130,1061,ring,5250,compact,1952,1,belt_rock,direct,0.00012076242925772598,0.00012076242925772598,0,1,2.3734925309781103E-07,1048.23,1050.43,-0.201901,NA
130,1062,ring,5250,compact,959,1,belt_rock,direct,1.1103761253564861E-05,1.1103761253564861E-05,0,1,4.990746691028992E-07,23971.4,23900.9,-1.4893,NA
130,1063,stream,5250,compact,959,2,unknown,unknown,1.977465885697553E-14,0,1.977465885697553E-14,0,0,NaN,NA,NA,NA
130,1064,stream,5250,compact,2005,3,unknown,unknown,1.977465885697553E-14,0,1.977465885697553E-14,0,0,NaN,NA,NA,NA
131,1065,stream,5250,compact,540,1,belt_rock,direct,2.170541945948321E-05,2.170541945948321E-05,0,1,0,0,425.224,-0.410213,NA
131,1066,stream,5250,compact,540,2,belt_rock,closure,8.383009831819867E-06,8.383009831819867E-06,0,1,0,0,NA,NA,NA
131,1067,stream,5250,compact,2005,4,belt_rock,closure,8.383009831819867E-06,8.383009831819867E-06,0,1,0,0,NA,NA,NA
131,1068,stream,5250,compact,626,1,belt_rock,direct,6.117510213967971E-05,6.117510213967971E-05,0,1,0,0,320.854,-0.324682,NA
131,1069,stream,5250,compact,89,3,unknown,direct,4.3352677610563956E-07,4.3352677610563956E-07,0,1,0,0,314.796,-0.430732,NA
131,1070,stream,5250,compact,724,5,unknown,direct,4.3352677610563956E-07,4.3352677610563956E-07,0,1,0,0,314.796,-0.430732,NA
131,1071,stream,5250,compact,1287,5,unknown,direct,4.3352677610563956E-07,4.3352677610563956E-07,0,1,0,0,314.797,-0.430732,NA
131,1072,stream,5250,compact,1540,2,unknown,direct,4.3352677610563956E-07,4.3352677610563956E-07,0,1,0,0,314.797,-0.430732,NA
131,1073,stream,5250,compact,1625,1,belt_rock,direct,1.1081316545241017E-06,1.1081316545241017E-06,0,1,0,0,404.834,-0.358572,NA
131,1074,stream,5250,compact,540,3,unknown,unknown,3.896648570429872E-06,3.896648570429872E-06,0,1,0,0,NA,NA,NA
131,1075,stream,5250,compact,959,3,unknown,unknown,3.896648570429872E-06,3.896648570429872E-06,0,1,0,0,NA,NA,NA
131,1076,stream,5250,compact,626,2,unknown,unknown,2.7940928223851938E-05,2.7940928223851938E-05,0,1,0,0,NA,NA,NA
131,1077,stream,5250,compact,2005,5,unknown,unknown,2.7940928223851938E-05,2.7940928223851938E-05,0,1,0,0,NA,NA,NA
132,1078,ring,5250,compact,230,1,belt_rock,direct,3.986192438340054E-06,3.986192438340054E-06,0,1,2.2370903689543563E-08,2993.12,2995.36,-0.332425,NA
132,1079,ring,5250,compact,1587,1,belt_rock,direct,4.233486302586554E-05,4.233486302586554E-05,0,1,3.1550806183074836E-08,397.476,397.906,-0.246686,NA
132,1080,stream,5250,compact,540,4,unknown,direct,1.8869005356909525E-06,1.8869005356909525E-06,0,1,0,0,413.714,-0.55299,NA
132,1081,stream,5250,compact,1625,2,unknown,direct,1.8869005356909525E-06,1.8869005356909525E-06,0,1,0,0,413.716,-0.552991,NA
132,1082,stream,5250,compact,230,2,unknown,unknown,2.3084406032650987E-10,2.3084406032650987E-10,0,1,0,0,NA,NA,NA
132,1083,stream,5250,compact,2005,6,unknown,unknown,2.3084406032650987E-10,2.3084406032650987E-10,0,1,0,0,NA,NA,NA
132,1084,stream,5250,compact,626,3,unknown,direct,1.3768415155256323E-05,1.3768415155256323E-05,0,1,0,0,316.824,-0.373768,NA
132,1085,stream,5250,compact,959,4,unknown,direct,1.3768415155256323E-05,1.3768415155256323E-05,0,1,0,0,316.826,-0.373768,NA
132,1086,ring,5250,compact,735,1,belt_rock,direct,5.310084323339193E-06,5.310084323339193E-06,0,1,1.0260595598281352E-05,1.03055E+06,1.02182E+06,-1.63837,NA
132,1087,ring,5250,compact,430,1,belt_rock,direct,7.24319592241571E-05,7.24319592241571E-05,0,1,1.5684901774168407E-05,115492,114264,-1.43365,NA
133,1088,stream,5250,compact,626,4,unknown,direct,6.302382383499844E-06,6.302382383499844E-06,0,1,0,0,316.416,-0.378442,NA
133,1089,stream,5250,compact,2005,7,unknown,direct,6.302382383499844E-06,6.302382383499844E-06,0,1,0,0,316.417,-0.378443,NA
133,1090,ring,5250,compact,541,1,belt_rock,direct,0.00011869408867184274,0.00011869408867184274,0,1,1.2908520593505436E-07,580.024,581.342,-0.193643,NA
133,1091,ring,5250,compact,1151,1,belt_rock,direct,8.248979525402378E-07,8.248979525402378E-07,0,1,5.314089094929196E-07,343580,345247,-1.61797,NA
135,1092,ring,5250,compact,432,1,belt_rock,direct,0.00011001629779497051,0.00011001629779497051,0,1,1.2769020639162892E-07,619.012,619.512,-0.190502,NA
135,1093,ring,5250,compact,1960,1,belt_rock,direct,6.583343653399757E-07,6.583343653399757E-07,0,1,6.787940187383849E-09,5499.08,5535.48,-1.55182,NA
135,1094,stream,5250,compact,221,1,belt_rock,direct,9.369806925058305E-05,9.369806925058305E-05,0,1,0,0,270.512,-0.283278,NA
135,1095,ring,5250,compact,1418,1,belt_rock,direct,9.858738782683663E-05,9.858738782683663E-05,0,1,3.241848303035504E-06,17537.6,17499.3,-1.47711,NA
136,1096,stream,5250,compact,221,2,belt_rock,direct,3.873312932099767E-05,3.873312932099767E-05,0,1,0,0,268.579,-0.306366,NA
136,1097,stream,5250,compact,1960,2,belt_rock,direct,3.873312932099767E-05,3.873312932099767E-05,0,1,0,0,268.582,-0.306367,NA
136,1098,stream,5250,compact,169,1,belt_rock,direct,7.31191874050948E-07,7.31191874050948E-07,0,1,0,0,337.519,-0.327703,NA
136,1099,stream,5250,compact,1673,1,belt_rock,direct,6.566691438834669E-07,6.566691438834669E-07,0,1,0,0,351.05,-0.325924,NA
136,1100,stream,5250,compact,221,3,belt_rock,closure,1.7430840633105366E-05,1.7430840633105366E-05,0,1,0,0,NA,NA,NA
136,1101,stream,5250,compact,1418,2,belt_rock,closure,1.7430840633105366E-05,1.7430840633105366E-05,0,1,0,0,NA,NA,NA
137,1102,stream,5250,compact,1182,4,unknown,direct,1.3453888102142108E-10,0,1.3453888102142108E-10,0,0,NaN,163.057,-48.2362,NA
137,1103,stream,5250,compact,156,1,belt_rock,direct,4.009497115464197E-05,4.009497115464197E-05,0,1,0,0,243.713,-0.245749,NA
137,1104,ring,5250,compact,885,1,belt_rock,direct,6.567353291422529E-07,6.567353291422529E-07,0,1,2.2348987627584773E-08,18149.6,18190.9,-1.62218,NA
137,1105,ring,5250,compact,1291,1,belt_rock,direct,7.1897390428870645E-06,7.1897390428870645E-06,0,1,2.173618559586009E-08,1612.39,1616.93,-0.181814,NA
137,1106,stream,5250,compact,1567,1,belt_rock,direct,2.3799345858598587E-05,2.3799345858598587E-05,0,1,0,0,231.167,-0.225776,NA
137,1107,stream,5250,compact,885,2,unknown,unknown,8.124645873807535E-14,0,8.124645873807535E-14,0,0,NaN,NA,NA,NA
137,1108,stream,5250,compact,1418,3,unknown,unknown,8.124645873807535E-14,0,8.124645873807535E-14,0,0,NaN,NA,NA,NA
137,1109,stream,5250,compact,156,2,unknown,unknown,1.579893151010303E-05,1.579893151010303E-05,0,1,0,0,NA,NA,NA
137,1110,stream,5250,compact,1182,5,unknown,unknown,1.579893151010303E-05,1.579893151010303E-05,0,1,0,0,NA,NA,NA
137,1111,ring,5250,compact,547,1,belt_rock,direct,2.1401782559891343E-05,2.1401782559891343E-05,0,1,1.5520605768428352E-07,3867.74,3881.53,-1.32768,NA
138,1112,stream,5250,compact,798,1,belt_rock,direct,0.00012598194364701263,0.00012598194364701263,0,1,0,0,248.811,-0.195024,NA
138,1113,stream,5250,compact,156,3,unknown,direct,7.118395852986546E-06,7.118395852986546E-06,0,1,0,0,242.393,-0.261001,NA
138,1114,stream,5250,compact,885,3,unknown,direct,7.1183561601422275E-06,7.1183561601422275E-06,0,1,0,0,242.395,-0.261002,NA
138,1115,stream,5250,compact,1182,6,unknown,direct,7.1183561601422275E-06,7.1183561601422275E-06,0,1,0,0,242.394,-0.261002,NA
138,1116,stream,5250,compact,1291,2,belt_rock,direct,1.1215259703188681E-05,1.1215259703188681E-05,0,1,0,0,230.093,-0.237904,NA
138,1117,stream,5250,compact,1418,4,unknown,direct,7.118395852986546E-06,7.118395852986546E-06,0,1,0,0,242.394,-0.261001,NA
138,1118,stream,5250,compact,1567,2,belt_rock,direct,1.1215259703188681E-05,1.1215259703188681E-05,0,1,0,0,230.091,-0.237904,NA
138,1119,stream,5250,compact,1781,1,belt_rock,direct,6.112023260211357E-06,6.112023260211357E-06,0,1,0,0,353.628,-0.198259,NA
138,1120,stream,5250,compact,798,2,unknown,unknown,5.037873947071234E-05,5.037873947071234E-05,0,1,0,0,NA,NA,NA
138,1121,stream,5250,compact,547,2,unknown,unknown,5.037873947071234E-05,5.037873947071234E-05,0,1,0,0,NA,NA,NA
139,1122,stream,5250,compact,156,4,unknown,direct,3.3013629820392062E-06,3.3013629820392062E-06,0,1,0,0,242.195,-0.262978,NA
139,1123,stream,5250,compact,798,3,unknown,direct,1.9764645326155688E-05,1.9764645326155688E-05,0,1,0,0,247.394,-0.211035,NA
139,1124,stream,5250,compact,885,4,unknown,direct,3.3013629820392062E-06,3.3013629820392062E-06,0,1,0,0,242.194,-0.262978,NA
139,1125,stream,5250,compact,1781,2,unknown,direct,1.9764645326155688E-05,1.9764645326155688E-05,0,1,0,0,247.396,-0.211035,NA
139,1126,stream,5250,compact,1182,7,belt_rock,direct,4.979735253993786E-06,4.979735253993786E-06,0,1,0,0,229.718,-0.241914,NA
139,1127,stream,5250,compact,1291,3,belt_rock,direct,4.979735253993786E-06,4.979735253993786E-06,0,1,0,0,229.717,-0.241914,NA
139,1128,stream,5250,compact,1418,5,belt_rock,direct,4.979766492219744E-06,4.979766492219744E-06,0,1,0,0,229.717,-0.241914,NA
139,1129,stream,5250,compact,1567,3,belt_rock,direct,4.979766492219744E-06,4.979766492219744E-06,0,1,0,0,229.716,-0.241913,NA
139,1130,ring,5250,compact,1536,1,belt_rock,direct,4.781679199064334E-05,4.781679199064334E-05,0,1,6.390582423503383E-08,712.785,718.661,-0.216456,NA
139,1131,stream,5250,compact,1715,3,unknown,direct,3.93642391744446E-11,0,3.93642391744446E-11,0,0,NaN,1077.46,-33.6411,NA
140,1132,ring,5250,compact,393,1,belt_rock,direct,1.1192165064021024E-06,1.1192165064021024E-06,0,1,6.0433865892065726E-09,2879.82,2884.89,-0.40481,NA
140,1133,ring,5250,compact,578,1,belt_rock,direct,1.5158583001752477E-05,1.5158583001752477E-05,0,1,2.8695449894825687E-08,1009.61,1010.47,-0.14638,NA
140,1134,ring,5250,compact,1113,1,belt_rock,direct,5.020294693298048E-06,5.020294693298048E-06,0,1,1.6453240450154335E-08,1747.92,1751.12,-0.18945,NA
140,1135,ring,5250,compact,1432,1,belt_rock,direct,8.257738563222746E-05,8.257738563222746E-05,0,1,8.655497267546758E-08,559.023,559.909,-0.109371,NA
140,1136,ring,5250,compact,879,1,belt_rock,direct,2.214040760216881E-05,2.214040760216881E-05,0,1,4.0981264562792625E-08,987.185,989.072,-0.104885,NA
140,1137,stream,5250,compact,393,2,belt_rock,closure,2.706075308356406E-10,2.706075308356406E-10,0,1,0,0,NA,NA,NA
140,1138,stream,5250,compact,1715,4,belt_rock,closure,2.706075308356406E-10,2.706075308356406E-10,0,1,0,0,NA,NA,NA
140,1139,stream,5250,compact,5258,6,unknown,direct,3.93642391744446E-11,3.93642391744446E-11,0,1,0,0,1125.16,-33.0457,NA
141,1140,stream,5250,compact,561,1,belt_rock,direct,3.647517642612598E-05,3.647517642612598E-05,0,1,0,0,257.216,-0.16456,NA
141,1141,stream,5250,compact,279,1,belt_rock,direct,1.612288657134138E-05,1.612288657134138E-05,0,1,0,0,227.742,-0.189542,NA
141,1142,stream,5250,compact,561,2,belt_rock,closure,1.4792606064434866E-05,1.4792606064434866E-05,0,1,0,0,NA,NA,NA
141,1143,stream,5250,compact,5258,7,belt_rock,closure,1.4792606064434866E-05,1.4792606064434866E-05,0,1,0,0,NA,NA,NA
141,1144,ring,5250,compact,1963,1,belt_rock,direct,6.574637912693462E-07,6.574637912693462E-07,0,1,8.645617479997076E-10,701.331,723.044,-0.218073,NA
142,1145,ring,5250,compact,599,1,belt_rock,direct,2.8187173439862772E-05,2.8187173439862772E-05,0,1,1.4303635483328846E-07,2706.41,2708,-1.324,NA
142,1146,ring,5250,compact,1005,1,belt_rock,direct,2.748172445314933E-05,2.748172445314933E-05,0,1,1.6474306076821776E-07,3197.14,3200.58,-1.49456,NA
142,1147,stream,5250,compact,1005,2,belt_rock,closure,1.2555787813442974E-09,1.2555787813442974E-09,0,1,0,0,NA,NA,NA
142,1148,stream,5250,compact,599,2,belt_rock,closure,1.2555787813442974E-09,1.2555787813442974E-09,0,1,0,0,NA,NA,NA
142,1149,stream,5250,compact,279,2,unknown,direct,6.55426396053417E-06,6.55426396053417E-06,0,1,0,0,255.672,-0.182313,NA
142,1150,stream,5250,compact,561,3,unknown,direct,6.55426396053417E-06,6.55426396053417E-06,0,1,0,0,255.671,-0.182312,NA
143,1151,stream,5250,compact,279,3,unknown,direct,2.9653866625988274E-06,2.9653866625988274E-06,0,1,0,0,255.221,-0.187148,NA
143,1152,stream,5250,compact,561,4,unknown,direct,2.9653866625988274E-06,2.9653866625988274E-06,0,1,0,0,255.22,-0.187148,NA
143,1153,ring,5250,compact,271,1,belt_rock,direct,1.8494024142325074E-05,1.8494024142325074E-05,0,1,1.1072172226388639E-07,3193.01,3199.56,-1.35828,NA
144,1154,stream,5250,compact,1498,1,belt_rock,direct,3.65182220990361E-05,3.65182220990361E-05,0,1,0,0,271.519,-0.118601,NA
144,1155,stream,5250,compact,971,1,belt_rock,direct,2.956226299699126E-05,2.956226299699126E-05,0,1,0,0,239.66,-0.168704,NA
144,1156,stream,5250,compact,279,4,unknown,direct,1.4098288089592326E-06,1.4098288089592326E-06,0,1,0,0,258.694,-0.143726,NA
144,1157,stream,5250,compact,561,5,unknown,direct,1.4098288089592326E-06,1.4098288089592326E-06,0,1,0,0,258.693,-0.143726,NA
144,1158,ring,5250,compact,1510,1,belt_rock,direct,2.8797888826682525E-05,2.8797888826682525E-05,0,1,3.28908641867843E-08,609.135,611.892,-0.0573248,NA
144,1159,stream,5250,compact,1498,2,unknown,unknown,1.6043246963275553E-05,1.6043246963275553E-05,0,1,0,0,NA,NA,NA
144,1160,stream,5250,compact,271,2,unknown,unknown,1.6043246963275553E-05,1.6043246963275553E-05,0,1,0,0,NA,NA,NA
144,1161,stream,5250,compact,1582,1,belt_rock,direct,7.516309485069857E-05,0,7.516309485069857E-05,0,0,NaN,NaN,0.0817178,NA
145,1162,ring,5250,compact,2008,1,belt_rock,direct,1.7784314741530952E-05,1.7784314741530952E-05,0,1,2.983339260772043E-08,894.673,897.808,-0.267567,NA
145,1163,ring,5250,compact,61,1,belt_rock,direct,4.293555718253977E-05,4.293555718253977E-05,0,1,5.6997394082213306E-08,708.005,709.16,-0.0437019,NA
145,1164,stream,5250,compact,271,3,unknown,direct,6.723766739235534E-06,6.723766739235534E-06,0,1,0,0,269.667,-0.13997,NA
145,1165,ring,5250,compact,637,1,belt_rock,direct,0.00012868697493054898,0.00012868697493054898,0,1,1.209651734961045E-07,501.331,501.978,-0.0391828,NA
145,1166,stream,5250,compact,1498,3,unknown,direct,6.723766739235534E-06,6.723766739235534E-06,0,1,0,0,269.669,-0.13997,NA
145,1167,stream,5250,compact,1706,1,belt_rock,direct,1.078870853404291E-06,1.078870853404291E-06,0,1,0,0,371.251,-0.199837,NA
145,1168,ring,5250,compact,579,1,belt_rock,direct,1.6760253143546887E-06,1.6760253143546887E-06,0,1,9.644850138239997E-09,3069.12,3137.02,-1.51756,NA
145,1169,stream,5250,compact,738,2,unknown,direct,2.515164519097935E-07,2.515164519097935E-07,0,1,0,0,506.575,-2.901,NA
145,1170,stream,5250,compact,895,4,unknown,direct,2.515164519097935E-07,2.515164519097935E-07,0,1,0,0,506.591,-2.90087,NA
145,1171,stream,5250,compact,1063,6,unknown,direct,2.515164519097935E-07,2.515164519097935E-07,0,1,0,0,506.575,-2.901,NA
145,1172,stream,5250,compact,1789,3,unknown,direct,2.515164519097935E-07,2.515164519097935E-07,0,1,0,0,506.591,-2.90087,NA
145,1173,stream,5250,compact,271,4,unknown,unknown,2.885884678139949E-06,2.885884678139949E-06,0,1,0,0,NA,NA,NA
145,1174,stream,5250,compact,61,2,unknown,unknown,2.885884678139949E-06,2.885884678139949E-06,0,1,0,0,NA,NA,NA
145,1175,stream,5250,compact,1498,4,unknown,unknown,2.885869729342646E-06,2.885869729342646E-06,0,1,0,0,NA,NA,NA
145,1176,stream,5250,compact,637,2,unknown,unknown,2.885869729342646E-06,2.885869729342646E-06,0,1,0,0,NA,NA,NA
145,1177,stream,5250,compact,579,2,unknown,unknown,1.4201859951750933E-09,1.4201859951750933E-09,0,1,0,0,NA,NA,NA
146,1178,stream,5250,compact,1706,2,belt_rock,direct,1.4201859951750933E-09,1.4201859951750933E-09,0,1,0,0,417.024,-35.4888,NA
146,1179,ring,5250,compact,321,1,belt_rock,direct,1.4871198123492317E-06,1.4871198123492317E-06,0,1,7.619679594510107E-09,2732.68,2740.96,-1.48214,NA
146,1180,ring,5250,compact,495,1,belt_rock,direct,0.00012405610392032248,0.00012405610392032248,0,1,7.474227997101964E-07,3213.27,3221.59,-1.24442,NA
146,1181,stream,5250,compact,1995,1,belt_rock,direct,4.784669853507957E-05,4.784669853507957E-05,0,1,0,0,329.351,-0.139003,NA
146,1182,stream,5250,compact,495,2,belt_rock,closure,1.6584706140456443E-10,1.6584706140456443E-10,0,1,0,0,NA,NA,NA
146,1183,stream,5250,compact,321,2,belt_rock,closure,1.6584706140456443E-10,1.6584706140456443E-10,0,1,0,0,NA,NA,NA
146,1184,stream,5250,compact,61,3,unknown,direct,1.2842103887391154E-06,1.2842103887391154E-06,0,1,0,0,268.913,-0.148422,NA
146,1185,stream,5250,compact,271,5,unknown,direct,1.2842103887391154E-06,1.2842103887391154E-06,0,1,0,0,268.913,-0.148422,NA
146,1186,stream,5250,compact,637,3,unknown,direct,1.2841947714804378E-06,1.2841947714804378E-06,0,1,0,0,268.914,-0.148423,NA
146,1187,stream,5250,compact,1498,5,unknown,direct,1.2841947714804378E-06,1.2841947714804378E-06,0,1,0,0,268.915,-0.148423,NA
147,1188,stream,5250,compact,1615,1,belt_rock,direct,0.0001270100412981463,0.0001270100412981463,0,1,0,0,187.508,-0.118832,NA
147,1189,stream,5250,compact,1930,1,belt_rock,direct,3.530920351691493E-06,3.530920351691493E-06,0,1,0,0,415.104,-0.127369,NA
147,1190,stream,5250,compact,95,1,belt_rock,direct,1.0533225788843724E-06,1.0533225788843724E-06,0,1,0,0,412.868,-0.178883,NA
147,1191,stream,5250,compact,1615,2,belt_rock,closure,5.3553366991966066E-05,5.3553366991966066E-05,0,1,0,0,NA,NA,NA
147,1192,stream,5250,compact,1498,6,belt_rock,closure,5.3553366991966066E-05,5.3553366991966066E-05,0,1,0,0,NA,NA,NA
147,1193,stream,5250,compact,787,1,belt_rock,direct,1.6409375306026525E-06,1.6409375306026525E-06,0,1,0,0,510.084,-0.267953,NA
147,1194,stream,5250,compact,1852,1,belt_rock,direct,0.00010863754695626774,0.00010863754695626774,0,1,0,0,285.048,-0.0241611,NA
148,1195,stream,5250,compact,95,2,belt_rock,direct,4.5041399740942535E-07,4.5041399740942535E-07,0,1,0,0,403.632,-0.292722,NA
148,1196,stream,5250,compact,1930,2,belt_rock,direct,4.5041399740942535E-07,4.5041399740942535E-07,0,1,0,0,403.633,-0.292723,NA
148,1197,stream,5250,compact,162,1,belt_rock,direct,4.1129177106693705E-06,4.1129177106693705E-06,0,1,0,0,244.84,-0.107859,NA
148,1198,stream,5250,compact,787,2,belt_rock,direct,5.346357520489019E-05,5.346357520489019E-05,0,1,0,0,283.539,-0.04013,NA
148,1199,stream,5250,compact,1852,2,belt_rock,direct,5.346357520489019E-05,5.346357520489019E-05,0,1,0,0,283.536,-0.04013,NA
148,1200,ring,5250,compact,1850,1,belt_rock,direct,6.223831351915107E-05,6.223831351915107E-05,0,1,2.6318946283862945E-07,2255.33,2264.24,-1.32737,NA
148,1201,stream,5250,compact,1498,7,unknown,direct,2.332371332304749E-05,2.332371332304749E-05,0,1,0,0,187.572,-0.117275,NA
148,1202,stream,5250,compact,1615,3,unknown,direct,2.332371332304749E-05,2.332371332304749E-05,0,1,0,0,187.573,-0.117275,NA
148,1203,stream,5250,compact,787,3,unknown,unknown,2.5622869153457467E-05,2.5622869153457467E-05,0,1,0,0,NA,NA,NA
148,1204,stream,5250,compact,162,2,unknown,unknown,2.5622869153457467E-05,2.5622869153457467E-05,0,1,0,0,NA,NA,NA
148,1205,stream,5250,compact,5440,5,unknown,direct,3.93642391744446E-11,0,3.93642391744446E-11,0,0,NaN,986.692,-34.7753,NA
148,1206,stream,5250,compact,1930,3,unknown,unknown,2.046207754027719E-07,2.046207754027719E-07,0,1,0,0,NA,NA,NA
148,1207,stream,5250,compact,95,3,unknown,unknown,2.046207754027719E-07,2.046207754027719E-07,0,1,0,0,NA,NA,NA
148,1208,stream,5250,compact,1850,2,unknown,unknown,5.718013138075175E-09,5.718013138075175E-09,0,1,0,0,NA,NA,NA
148,1209,stream,5250,compact,1852,3,unknown,unknown,5.718013138075175E-09,5.718013138075175E-09,0,1,0,0,NA,NA,NA
149,1210,stream,5250,compact,162,3,unknown,direct,1.1522387636358953E-05,1.1522387636358953E-05,0,1,0,0,281.563,-0.0624823,NA
149,1211,stream,5250,compact,787,4,unknown,direct,1.1522387636358953E-05,1.1522387636358953E-05,0,1,0,0,281.565,-0.0624825,NA
149,1212,ring,5250,compact,275,1,belt_rock,direct,2.921875345817536E-05,2.921875345817536E-05,0,1,3.31463501968283E-08,605.024,NaN,0.0157478,NA
149,1213,stream,5250,compact,162,4,unknown,unknown,5.105590512573625E-06,5.105590512573625E-06,0,1,0,0,NA,NA,NA
149,1214,stream,5250,compact,1852,4,unknown,unknown,5.105590512573625E-06,5.105590512573625E-06,0,1,0,0,NA,NA,NA
149,1215,ring,5250,compact,1284,1,belt_rock,direct,7.106370945198897E-07,7.106370945198897E-07,0,1,2.765063796807579E-09,2075.18,2182.04,-1.54185,NA
150,1216,stream,5250,compact,162,5,unknown,direct,2.243713444904337E-06,2.243713444904337E-06,0,1,0,0,279.851,-0.0823209,NA
150,1217,stream,5250,compact,1852,5,unknown,direct,2.243713444904337E-06,2.243713444904337E-06,0,1,0,0,279.851,-0.0823207,NA
151,1218,ring,5250,compact,1720,1,belt_rock,direct,6.652827617345552E-07,6.652827617345552E-07,0,1,2.7185231654794055E-09,2179.34,2260.07,-1.94951,NA
151,1219,stream,5250,compact,162,6,unknown,direct,1.0104166889143427E-06,1.5314181508633203E-07,8.572748738280108E-07,0.151563,0,0,281.612,-0.0597001,NA
151,1220,stream,5250,compact,1284,2,unknown,direct,1.0104166889143427E-06,1.533052623157344E-07,8.571114265986084E-07,0.151725,0,0,281.613,-0.0597005,NA
151,1221,stream,5250,compact,1720,2,unknown,unknown,5.461492201578508E-09,5.461492201578508E-09,0,1,0,0,NA,NA,NA
151,1222,stream,5250,compact,1852,6,unknown,unknown,5.461492201578508E-09,5.461492201578508E-09,0,1,0,0,NA,NA,NA
152,1223,ring,5250,compact,1236,1,belt_rock,direct,9.808861620711692E-06,9.808861620711692E-06,0,1,1.2235951197271362E-08,665.301,666.262,-0.015959,NA
152,1224,stream,5250,compact,1459,1,belt_rock,direct,6.358995474868025E-05,6.358995474868025E-05,0,1,0,0,NaN,0.00816252,NA
152,1225,ring,5250,compact,747,1,belt_rock,direct,5.52250157793056E-05,5.52250157793056E-05,0,1,2.0027465437689163E-07,1934.14,1965.55,-1.12329,NA
153,1226,stream,5250,compact,888,1,belt_rock,direct,6.566751117513484E-07,6.566751117513484E-07,0,1,0,0,369.969,-0.142007,NA
153,1227,stream,5250,compact,1236,2,belt_rock,direct,2.8260722528067663E-05,2.8260722528067663E-05,0,1,0,0,239.995,-0.00208723,NA
153,1228,stream,5250,compact,1459,2,belt_rock,direct,2.8260722528067663E-05,2.8260722528067663E-05,0,1,0,0,239.993,-0.00208717,NA
153,1229,stream,5250,compact,888,2,belt_rock,closure,3.245121943289022E-07,3.245121943289022E-07,0,1,0,0,NA,NA,NA
153,1230,stream,5250,compact,747,2,belt_rock,closure,3.245121943289022E-07,3.245121943289022E-07,0,1,0,0,NA,NA,NA
153,1231,stream,5250,compact,1459,3,belt_rock,closure,1.3844170893251044E-05,1.3844170893251044E-05,0,1,0,0,NA,NA,NA
153,1232,stream,5250,compact,1236,3,belt_rock,closure,1.3844170893251044E-05,1.3844170893251044E-05,0,1,0,0,NA,NA,NA
154,1233,ring,5250,compact,1030,1,belt_rock,direct,5.6301420310972965E-05,5.6301420310972965E-05,0,1,3.57361718023686E-07,3385.22,3393.77,-1.33734,NA
154,1234,stream,5250,compact,1237,1,belt_rock,direct,4.4524908389371405E-06,4.4524908389371405E-06,0,1,0,0,358.032,-0.0162376,NA
154,1235,stream,5250,compact,1236,4,unknown,direct,6.797436330045973E-06,6.797436330045973E-06,0,1,0,0,239.303,-0.00905543,NA
154,1236,stream,5250,compact,1459,4,unknown,direct,6.797436330045973E-06,6.797436330045973E-06,0,1,0,0,239.304,-0.00905555,NA
154,1237,stream,5250,compact,1215,1,belt_rock,direct,6.477830868942296E-06,0,6.477830868942296E-06,0,0,NaN,NaN,0.0610923,NA
154,1238,ring,5250,compact,1982,1,belt_rock,direct,6.580887547880932E-07,6.580887547880932E-07,0,1,2.25265622136912E-09,1825.61,1854.77,-1.37556,NA
154,1239,stream,5250,compact,1237,2,unknown,unknown,2.1923463876505213E-06,2.1923463876505213E-06,0,1,0,0,NA,NA,NA
154,1240,stream,5250,compact,1030,2,unknown,unknown,2.1923463876505213E-06,2.1923463876505213E-06,0,1,0,0,NA,NA,NA
155,1241,stream,5250,compact,860,1,belt_rock,direct,1.610980955469211E-05,0,1.610980955469211E-05,0,0,NaN,NaN,0.012636,NA
155,1242,stream,5250,compact,1030,3,unknown,direct,1.0221302050649089E-06,1.0221302050649089E-06,0,1,0,0,352.97,-0.0771347,NA
155,1243,stream,5250,compact,1237,3,unknown,direct,1.0221302050649089E-06,1.0221302050649089E-06,0,1,0,0,352.971,-0.0771349,NA
155,1244,stream,5250,compact,1866,1,belt_rock,direct,0.00010068561320631444,0,0.00010068561320631444,0,0,NaN,NaN,0.0911981,NA
155,1245,stream,5250,compact,1236,5,unknown,direct,3.078015621693361E-06,0,3.078015621693361E-06,0,0,NaN,NaN,0.00196651,NA
155,1246,stream,5250,compact,1459,5,unknown,direct,3.078015621693361E-06,0,3.078015621693361E-06,0,0,NaN,NaN,0.00196675,NA
155,1247,ring,5250,compact,849,1,belt_rock,direct,0.00012453329245047824,0.00012453329245047824,0,1,7.466271774234656E-07,3197.55,3213.19,-1.21675,NA
155,1248,stream,5250,compact,849,2,unknown,unknown,1.4630631999739356E-10,1.4630631999739356E-10,0,1,0,0,NA,NA,NA
155,1249,stream,5250,compact,1459,6,unknown,unknown,1.4630631999739356E-10,1.4630631999739356E-10,0,1,0,0,NA,NA,NA
155,1250,stream,5250,compact,1236,6,unknown,unknown,1.4630631999739356E-10,1.4630631999739356E-10,0,1,0,0,NA,NA,NA
155,1251,stream,5250,compact,1866,2,unknown,unknown,1.4630631999739356E-10,1.4630631999739356E-10,0,1,0,0,NA,NA,NA
155,1252,stream,5250,compact,1030,4,unknown,unknown,5.056496528847056E-07,5.056496528847056E-07,0,1,0,0,NA,NA,NA
155,1253,stream,5250,compact,860,2,unknown,unknown,5.056496528847056E-07,5.056496528847056E-07,0,1,0,0,NA,NA,NA
156,1254,stream,5250,compact,82,1,belt_rock,direct,4.941201974293351E-06,4.941201974293351E-06,0,1,0,0,NaN,0.000725302,NA
156,1255,stream,5250,compact,392,1,belt_rock,direct,1.2629727567564385E-05,0,1.2629727567564385E-05,0,0,NaN,NaN,0.0234382,NA
156,1256,stream,5250,compact,723,1,belt_rock,direct,1.6534535646019518E-06,0,1.6534535646019518E-06,0,0,NaN,NaN,0.168263,NA
156,1257,stream,5250,compact,82,2,belt_rock,closure,1.999187997705652E-06,1.999187997705652E-06,0,1,0,0,NA,NA,NA
156,1258,stream,5250,compact,860,3,belt_rock,closure,1.999187997705652E-06,1.999187997705652E-06,0,1,0,0,NA,NA,NA
156,1259,ring,5250,compact,978,1,belt_rock,direct,3.400226599505641E-06,3.400226599505641E-06,0,1,9.992836973445009E-09,1567.4,1609.58,-1.35356,NA
156,1260,stream,5250,compact,1586,1,belt_rock,direct,7.668645054186464E-05,0,7.668645054186464E-05,0,0,NaN,NaN,0.131329,NA
157,1261,stream,5250,compact,82,3,unknown,direct,8.317733206996348E-07,8.317733206996348E-07,0,1,0,0,421.961,-0.116704,NA
157,1262,stream,5250,compact,392,2,unknown,direct,8.317706190077388E-07,8.317706190077388E-07,0,1,0,0,421.965,-0.116707,NA
157,1263,stream,5250,compact,401,1,belt_rock,direct,2.6380551518243023E-05,0,2.6380551518243023E-05,0,0,NaN,NaN,0.0722127,NA
157,1264,stream,5250,compact,723,2,unknown,direct,8.317733206996348E-07,8.317733206996348E-07,0,1,0,0,421.962,-0.116705,NA
157,1265,stream,5250,compact,860,4,unknown,direct,8.317706190077388E-07,8.317706190077388E-07,0,1,0,0,421.963,-0.116706,NA
157,1266,stream,5250,compact,82,4,unknown,unknown,3.503092663294766E-07,3.503092663294766E-07,0,1,0,0,NA,NA,NA
157,1267,stream,5250,compact,1586,2,unknown,unknown,3.503092663294766E-07,3.503092663294766E-07,0,1,0,0,NA,NA,NA
157,1268,stream,5250,compact,392,3,unknown,unknown,3.503052446749142E-07,3.503052446749142E-07,0,1,0,0,NA,NA,NA
157,1269,stream,5250,compact,978,2,unknown,unknown,3.503052446749142E-07,3.503052446749142E-07,0,1,0,0,NA,NA,NA
157,1270,stream,5250,compact,723,3,unknown,unknown,3.5030804969418006E-07,3.5030804969418006E-07,0,1,0,0,NA,NA,NA
157,1271,stream,5250,compact,401,2,unknown,unknown,3.5030804969418006E-07,3.5030804969418006E-07,0,1,0,0,NA,NA,NA
157,1272,stream,5250,compact,1724,1,belt_rock,direct,4.051289300703887E-06,0,4.051289300703887E-06,0,0,NaN,NaN,0.0634247,NA
158,1273,stream,5250,compact,82,5,unknown,direct,1.5306920218510015E-07,0,1.5306920218510015E-07,0,0,NaN,422.179,-0.112739,NA
158,1274,stream,5250,compact,392,4,unknown,direct,1.5306551958239416E-07,0,1.5306551958239416E-07,0,0,NaN,422.183,-0.112748,NA
158,1275,stream,5250,compact,723,4,unknown,direct,1.5306784254058618E-07,0,1.5306784254058618E-07,0,0,NaN,422.181,-0.112743,NA
158,1276,stream,5250,compact,777,1,belt_rock,direct,1.8789569448626002E-05,0,1.8789569448626002E-05,0,0,NaN,NaN,0.121903,NA
158,1277,stream,5250,compact,860,5,unknown,direct,1.5306920218510015E-07,0,1.5306920218510015E-07,0,0,NaN,422.18,-0.11274,NA
158,1278,stream,5250,compact,978,3,unknown,direct,1.5306784254058618E-07,0,1.5306784254058618E-07,0,0,NaN,422.182,-0.112744,NA
158,1279,stream,5250,compact,1586,3,unknown,direct,1.5306551958239416E-07,0,1.5306551958239416E-07,0,0,NaN,422.184,-0.112749,NA
158,1280,stream,5250,compact,873,1,belt_rock,direct,0.00010122660434305135,0,0.00010122660434305135,0,0,NaN,NaN,0.100128,NA
158,1281,ring,5250,compact,1810,1,belt_rock,direct,5.1886785197859895E-05,5.1886785197859895E-05,0,1,1.4815754347934167E-07,1522.88,1527.89,-1.17859,NA
158,1282,stream,5250,compact,335,1,belt_rock,direct,3.5848739410402914E-05,0,3.5848739410402914E-05,0,0,NaN,NaN,0.0452237,NA
158,1283,stream,5250,compact,1007,1,belt_rock,direct,1.4451265937396586E-05,0,1.4451265937396586E-05,0,0,NaN,NaN,0.0256452,NA
159,1284,stream,5250,compact,1618,3,unknown,direct,1.6622503603300448E-11,0,1.6622503603300448E-11,0,0,NaN,1711.59,-27.3361,NA
159,1285,ring,5250,compact,1843,1,belt_rock,direct,1.2909275796197374E-05,1.2909275796197374E-05,0,1,4.772259736020704E-08,1971.61,1980.84,-1.44416,NA
159,1286,stream,5250,compact,956,1,belt_rock,direct,7.493332929077363E-05,0,7.493332929077363E-05,0,0,NaN,NaN,0.134641,NA
159,1287,ring,5250,compact,1157,1,belt_rock,direct,1.3746225496059923E-05,1.3746225496059923E-05,0,1,6.55189080030351E-08,2542.04,2550.38,-1.23217,NA
159,1288,stream,5250,compact,1157,2,unknown,unknown,4.716988485673715E-10,4.716988485673715E-10,0,1,0,0,NA,NA,NA
159,1289,stream,5250,compact,956,2,unknown,unknown,4.716988485673715E-10,4.716988485673715E-10,0,1,0,0,NA,NA,NA
160,1290,ring,5250,compact,1381,1,belt_rock,direct,3.6920132099331333E-06,3.6920132099331333E-06,0,1,1.2310910607321695E-08,1778.38,1785.52,-1.3206,NA
160,1291,stream,5250,compact,519,1,belt_rock,direct,1.794732400385612E-05,0,1.794732400385612E-05,0,0,NaN,NaN,0.19432,NA
160,1292,stream,5250,compact,1889,1,belt_rock,direct,0.00012036821271072667,0,0.00012036821271072667,0,0,NaN,NaN,0.0941312,NA
161,1293,stream,5250,compact,508,1,belt_rock,direct,2.6759082986328054E-05,0,2.6759082986328054E-05,0,0,NaN,NaN,0.137537,NA
162,1294,stream,5250,compact,1137,1,belt_rock,direct,6.155266046705902E-06,0,6.155266046705902E-06,0,0,NaN,NaN,0.124379,NA
162,1295,stream,5250,compact,1871,1,belt_rock,direct,1.3484467919880343E-05,0,1.3484467919880343E-05,0,0,NaN,NaN,0.118147,NA
163,1296,ring,5250,compact,1509,1,belt_rock,direct,1.1075781708356679E-05,1.1075781708356679E-05,0,1,4.092341684858738E-08,1970.59,1974.39,-1.28445,NA
163,1297,ring,5250,compact,27,1,belt_rock,direct,4.432792988296405E-05,4.432792988296405E-05,0,1,8.90258766792989E-08,1071.12,1078.25,-1.13212,NA
164,1298,stream,5250,compact,634,1,belt_rock,direct,1.4222354962478172E-05,0,1.4222354962478172E-05,0,0,NaN,NaN,0.206392,NA
164,1299,ring,5250,compact,390,1,belt_rock,direct,0.00010483697339444127,0.00010483697339444127,0,1,3.523053134524451E-07,1792.27,1804.64,-1.16349,NA
165,1300,stream,5250,compact,833,1,belt_rock,direct,4.483599388022821E-05,0,4.483599388022821E-05,0,0,NaN,NaN,0.282047,NA
166,1301,ring,5250,compact,1156,1,belt_rock,direct,1.1263957234816233E-06,1.1263957234816233E-06,0,1,2.1112205843791787E-09,999.635,1008.08,-1.3307,NA
166,1302,stream,5250,compact,565,1,belt_rock,direct,6.650769424521769E-05,0,6.650769424521769E-05,0,0,NaN,NaN,0.263796,NA
166,1303,ring,5250,compact,666,1,belt_rock,direct,0.00012009500978475721,0.00012009500978475721,0,1,1.6904348213095247E-07,750.71,756.986,-1.05317,NA
167,1304,stream,5250,compact,830,1,belt_rock,direct,1.912520153593248E-05,0,1.912520153593248E-05,0,0,NaN,NaN,0.318574,NA
169,1305,ring,5250,compact,1440,1,belt_rock,direct,2.783719457232182E-05,2.783719457232182E-05,0,1,4.0598922328626946E-08,777.836,785.24,-1.05107,NA
170,1306,stream,5250,compact,596,6,unknown,direct,1.6622503603300448E-11,0,1.6622503603300448E-11,0,0,NaN,1752.4,-27.0683,NA
171,1307,stream,5250,compact,754,1,belt_rock,direct,3.8443838803873966E-05,0,3.8443838803873966E-05,0,0,NaN,NaN,0.373409,NA
173,1308,stream,5250,compact,1923,3,unknown,direct,9.84105979361115E-12,0,9.84105979361115E-12,0,0,NaN,3436.21,-7.05505,NA
173,1309,stream,5250,compact,5261,7,unknown,direct,9.84105979361115E-12,0,9.84105979361115E-12,0,0,NaN,3436.21,-7.05505,NA
174,1310,stream,5250,compact,1083,1,belt_rock,direct,0.00010112665245060067,0,0.00010112665245060067,0,0,NaN,NaN,0.399082,NA
174,1311,stream,5250,compact,241,1,belt_rock,direct,6.007176517534681E-05,0,6.007176517534681E-05,0,0,NaN,NaN,0.485507,NA
175,1312,ring,5250,compact,164,6,unknown,direct,6.290457638502218E-08,6.290457638502218E-08,0,1,7.752965249614192E-10,6573.31,7159.11,-4.8309,NA
175,1313,ring,5250,compact,463,3,unknown,direct,6.290457638502218E-08,6.290457638502218E-08,0,1,7.745840526731349E-10,6567.27,7157.32,-4.83876,NA
175,1314,ring,5250,compact,1019,8,unknown,direct,6.290457638502218E-08,6.290457638502218E-08,0,1,7.752965249619943E-10,6573.31,7159.11,-4.8309,NA
175,1315,ring,5250,compact,1170,4,unknown,direct,6.290457638502218E-08,6.290457638502218E-08,0,1,7.752965249622825E-10,6573.31,7159.11,-4.8309,NA
175,1316,ring,5250,compact,1342,9,unknown,direct,6.290457638502218E-08,6.290457638502218E-08,0,1,7.74584052673997E-10,6567.27,7157.32,-4.83876,NA
175,1317,ring,5250,compact,1692,7,unknown,direct,6.290457638502218E-08,6.290457638502218E-08,0,1,7.745840526742835E-10,6567.27,7157.32,-4.83876,NA
175,1318,stream,5250,compact,164,7,unknown,closure,3.2267167506750374E-11,0,3.2267167506750374E-11,0,0,NaN,NA,NA,NA
175,1319,stream,5250,compact,241,2,unknown,closure,3.2267167506750374E-11,0,3.2267167506750374E-11,0,0,NaN,NA,NA,NA
175,1320,stream,5250,compact,971,3,unknown,closure,3.2267167506750374E-11,0,3.2267167506750374E-11,0,0,NaN,NA,NA,NA
175,1321,stream,5250,compact,279,6,unknown,closure,3.2267167506750374E-11,0,3.2267167506750374E-11,0,0,NaN,NA,NA,NA
175,1322,stream,5250,compact,1083,2,unknown,closure,3.2267167506750374E-11,0,3.2267167506750374E-11,0,0,NaN,NA,NA,NA
175,1323,stream,5250,compact,5440,7,unknown,closure,3.2267167506750374E-11,0,3.2267167506750374E-11,0,0,NaN,NA,NA,NA
175,1324,stream,5250,compact,1930,5,unknown,closure,3.2267167506750374E-11,0,3.2267167506750374E-11,0,0,NaN,NA,NA,NA
175,1325,stream,5250,compact,5261,8,unknown,closure,3.2267167506750374E-11,0,3.2267167506750374E-11,0,0,NaN,NA,NA,NA
175,1326,stream,5250,compact,1923,4,unknown,closure,3.2267167506750374E-11,0,3.2267167506750374E-11,0,0,NaN,NA,NA,NA
175,1327,stream,5250,compact,1781,4,unknown,closure,3.2267167506750374E-11,0,3.2267167506750374E-11,0,0,NaN,NA,NA,NA
176,1328,ring,5250,compact,1468,1,belt_rock,direct,1.5238766743905669E-05,1.5238766743905669E-05,0,1,1.3735082198518172E-08,480.707,480.707,-1.08543,NA
176,1329,ring,5250,compact,570,2,belt_rock,direct,2.584700824276448E-07,2.584700824276448E-07,0,1,1.892998681436291E-09,3906.06,3977.97,-3.97796,NA
176,1330,ring,5250,compact,720,2,belt_rock,direct,2.584700824276448E-07,2.584700824276448E-07,0,1,1.892668347465349E-09,3905.38,3977.45,-3.9803,NA
176,1331,stream,5250,compact,570,3,belt_rock,closure,4.0732847718169766E-10,4.0732847718169766E-10,0,1,0,0,NA,NA,NA
176,1332,stream,5250,compact,164,8,belt_rock,closure,4.0732847718169766E-10,4.0732847718169766E-10,0,1,0,0,NA,NA,NA
176,1333,stream,5250,compact,47,1,belt_rock,direct,7.7070769334766E-05,0,7.7070769334766E-05,0,0,NaN,NaN,0.506755,NA
177,1334,stream,5250,compact,570,4,unknown,direct,2.036642385908487E-10,0,2.036642385908487E-10,0,0,NaN,1053.89,-40.5314,NA
177,1335,stream,5250,compact,720,3,unknown,direct,2.036642385908487E-10,0,2.036642385908487E-10,0,0,NaN,1053.89,-40.5315,NA
178,1336,stream,5250,compact,1525,1,belt_rock,direct,5.1964946891988245E-05,0,5.1964946891988245E-05,0,0,NaN,NaN,0.557549,NA
181,1337,stream,5250,compact,1131,1,belt_rock,direct,5.439781801760917E-05,0,5.439781801760917E-05,0,0,NaN,NaN,0.67155,NA
181,1338,stream,5250,compact,5259,6,unknown,direct,3.93642391744446E-11,3.93642391744446E-11,0,1,0,0,787.556,-37.2678,NA
185,1339,stream,5250,compact,1235,1,belt_rock,direct,7.32575179823509E-05,0,7.32575179823509E-05,0,0,NaN,NaN,0.971384,NA
186,1340,stream,5250,compact,1,1,planet,direct,0.0553,0,0.0553,0,0,NaN,NaN,1.21209,NA
187,1341,stream,5250,compact,1863,1,belt_rock,direct,6.8110196651226895E-06,6.8110196651226895E-06,0,1,0,0,223.276,-0.942979,NA
187,1342,stream,5250,compact,1873,1,belt_rock,direct,2.789575621643677E-05,2.789575621643677E-05,0,1,0,0,144.209,-1.24621,NA
187,1343,stream,5250,compact,559,1,belt_rock,direct,0.00011577981987006445,0.00011577981987006445,0,1,0,0,180.556,-1.04506,NA
188,1344,stream,5250,compact,559,2,belt_rock,direct,5.401534212858828E-05,5.401534212858828E-05,0,1,0,0,179.276,-1.0772,NA
188,1345,stream,5250,compact,1873,2,belt_rock,direct,5.401534212858828E-05,5.401534212858828E-05,0,1,0,0,179.277,-1.0772,NA
189,1346,stream,0,sun,213,1,belt_rock,direct,8.293763326961507E-05,0,8.293763326961507E-05,0,0,NaN,NaN,0.603551,NA
192,1347,stream,5250,compact,73,1,belt_rock,direct,9.497043006374904E-05,9.497043006374904E-05,0,1,0,0,163.357,-0.667161,NA
194,1348,stream,5250,compact,73,2,belt_rock,direct,1.5828405010624842E-05,1.5828405010624842E-05,0,1,0,0,144.41,-1.00751,NA
194,1349,stream,5250,compact,213,2,belt_rock,direct,1.5828405010624842E-05,1.5828405010624842E-05,0,1,0,0,144.41,-1.00751,NA
194,1350,stream,5250,compact,632,2,belt_rock,direct,1.5828405010624842E-05,1.5828405010624842E-05,0,1,0,0,144.411,-1.00751,NA
194,1351,stream,5250,compact,911,2,belt_rock,direct,1.5828405010624842E-05,1.5828405010624842E-05,0,1,0,0,144.411,-1.00751,NA
194,1352,stream,5250,compact,1603,2,belt_rock,direct,1.5828405010624842E-05,1.5828405010624842E-05,0,1,0,0,144.411,-1.00751,NA
194,1353,stream,5250,compact,1911,2,belt_rock,direct,1.5828405010624842E-05,1.5828405010624842E-05,0,1,0,0,144.41,-1.00751,NA
195,1354,stream,5250,compact,1244,3,unknown,direct,1.6622503603300448E-11,0,1.6622503603300448E-11,0,0,NaN,1900.6,-24.4488,NA
201,1355,stream,5250,compact,1428,2,belt_rock,direct,1.0791852666706544E-09,1.0791852666706544E-09,0,1,0,0,790.529,-69.0625,NA
201,1356,ring,5250,compact,20,2,belt_rock,direct,7.36046097016113E-08,7.36046097016113E-08,0,1,2.1282990588701032E-10,1542.15,466.315,-26.3044,NA
201,1357,stream,5250,compact,29,6,belt_rock,direct,9.244989010074481E-10,9.244989010074481E-10,0,1,0,0,860.667,-69.2735,NA
201,1358,ring,5250,compact,76,3,belt_rock,direct,2.29174795955951E-06,2.29174795955951E-06,0,1,7.18266911382972E-09,1671.54,232.817,-13.2313,NA
201,1359,stream,5250,compact,79,2,belt_rock,direct,2.3741913828875805E-07,2.3741913828875805E-07,0,1,0,0,344.389,-20.3757,NA
201,1360,stream,5250,compact,82,6,belt_rock,direct,3.5870662093394404E-09,3.5870662093394404E-09,0,1,0,0,681.911,-51.1158,NA
201,1361,stream,5250,compact,98,2,belt_rock,direct,3.092473050346671E-07,3.092473050346671E-07,0,1,0,0,251.42,-18.8081,NA
201,1362,ring,5250,compact,103,3,belt_rock,direct,5.371891344810883E-07,5.371891344810883E-07,0,1,6.942418842010726E-09,6892.59,437.215,-17.5483,NA
201,1363,ring,5250,compact,124,2,belt_rock,direct,6.477489354663208E-06,6.477489354663208E-06,0,1,7.480559461731895E-09,615.923,269.539,-16.9911,NA
201,1364,stream,5250,compact,129,2,belt_rock,direct,2.540497050566246E-07,2.540497050566246E-07,0,1,0,0,359.191,-19.8732,NA
201,1365,ring,5250,compact,145,2,belt_rock,direct,4.316174103852084E-07,4.316174103852084E-07,0,1,1.9533119880261642E-10,241.363,273.093,-17.5201,NA
201,1366,stream,5250,compact,157,4,belt_rock,direct,2.8936396482804874E-07,2.8936396482804874E-07,0,1,0,0,261.144,-19.1887,NA
201,1367,stream,5250,compact,198,2,belt_rock,direct,2.1407852314931178E-07,2.1407852314931178E-07,0,1,0,0,283.884,-20.4014,NA
201,1368,stream,5250,compact,205,3,belt_rock,direct,2.777619391754565E-08,0,2.777619391754565E-08,0,0,NaN,648.009,-53.0441,NA
201,1369,stream,5250,compact,206,2,belt_rock,direct,1.038733888923494E-05,1.038733888923494E-05,0,1,0,0,96.9915,-10.4343,NA
201,1370,stream,5250,compact,211,2,belt_rock,direct,9.870641494172319E-08,9.870641494172319E-08,0,1,0,0,359.047,-24.1318,NA
202,1371,ring,5250,compact,228,3,belt_rock,direct,4.799239348797247E-09,4.799239348797247E-09,0,1,1.8452009361341767E-11,2050.55,2050.55,-30.9466,NA
202,1372,stream,5250,compact,232,2,belt_rock,direct,4.283639639514071E-08,4.283639639514071E-08,0,1,0,0,1186.26,-4.45491,NA
202,1373,stream,5250,compact,284,2,belt_rock,direct,1.1976382800790236E-05,1.1976382800790236E-05,0,1,0,0,178.318,-4.27424,NA
202,1374,ring,5250,compact,298,3,belt_rock,direct,2.319115659604934E-08,2.319115659604934E-08,0,1,6.7468357372459E-11,1551.59,1551.59,-8.97355,NA
202,1375,ring,5250,compact,375,2,belt_rock,direct,1.8374473311186357E-08,1.8374473311186357E-08,0,1,6.010109842211186E-11,1744.48,1744.48,-11.9547,NA
202,1376,ring,5250,compact,392,5,belt_rock,direct,3.5870662093394404E-09,3.5870662093394404E-09,0,1,1.4531818305431316E-11,2160.62,2160.62,-16.7548,NA
202,1377,ring,5250,compact,475,6,belt_rock,direct,2.3029908998499355E-10,2.3029908998499355E-10,0,1,1.6149297606342555E-13,373.99,373.99,-193.74,NA
202,1378,stream,5250,compact,493,4,unknown,direct,1.0087268365471656E-10,0,1.0087268365471656E-10,0,0,NaN,NaN,53.0591,NA
202,1379,stream,5250,compact,506,3,unknown,direct,8.05048664770188E-11,0,8.05048664770188E-11,0,0,NaN,NaN,6.52464,NA
202,1380,ring,5250,compact,519,2,belt_rock,direct,1.2094396243323683E-09,1.2094396243323683E-09,0,1,3.5284406661397504E-12,1555.96,1555.96,-34.7249,NA
202,1381,stream,5250,compact,696,4,unknown,direct,1.0087268365471656E-10,0,1.0087268365471656E-10,0,0,NaN,NaN,48.5006,NA
202,1382,stream,5250,compact,744,2,belt_rock,direct,1.0360046557668676E-06,1.0360046557668676E-06,0,1,0,0,339.465,-4.89798,NA
202,1383,ring,5250,compact,767,4,belt_rock,direct,4.799239348797247E-09,4.799239348797247E-09,0,1,1.8452009360627038E-11,2050.55,2050.55,-30.9466,NA
202,1384,stream,5250,compact,770,7,belt_rock,direct,1.0904708140162877E-07,1.0904708140162877E-07,0,1,0,0,641.841,-6.24163,NA
202,1385,ring,5250,compact,813,2,belt_rock,direct,2.29174795955951E-06,2.29174795955951E-06,0,1,9.687019061030324E-10,225.435,225.435,-7.45712,NA
202,1386,ring,5250,compact,847,4,belt_rock,direct,2.3741913828875805E-07,2.3741913828875805E-07,0,1,3.2134819406663127E-10,721.87,721.87,-9.30047,NA
203,1387,stream,5250,compact,91,6,belt_rock,direct,1.3722967654700406E-06,1.3722967654700406E-06,0,1,0,0,527.252,-2.29682,NA
203,1388,stream,5250,compact,232,3,belt_rock,direct,2.20014348281357E-06,2.20014348281357E-06,0,1,0,0,178.029,-4.27784,NA
203,1389,stream,5250,compact,284,3,belt_rock,direct,2.20014348281357E-06,2.20014348281357E-06,0,1,0,0,178.03,-4.27784,NA
203,1390,stream,5250,compact,315,2,belt_rock,direct,2.6026430775836346E-07,0,2.6026430775836346E-07,0,0,NaN,NaN,4.23435,NA
203,1391,ring,5250,compact,488,2,belt_rock,direct,1.1976382800790236E-05,1.1976382800790236E-05,0,1,1.0576192209626431E-07,4709.8,4709.8,-12.8916,NA
203,1392,stream,5250,compact,515,2,belt_rock,direct,7.595017126094343E-06,7.595017126094343E-06,0,1,0,0,355.715,-3.27858,NA
203,1393,stream,5250,compact,696,5,belt_rock,direct,3.5572499222386945E-07,3.5572499222386945E-07,0,1,0,0,338.341,-4.91202,NA
203,1394,stream,5250,compact,744,3,belt_rock,direct,3.5572499222386945E-07,3.5572499222386945E-07,0,1,0,0,338.342,-4.91203,NA
203,1395,stream,5250,compact,861,4,belt_rock,direct,3.0856269002109646E-08,0,3.0856269002109646E-08,0,0,NaN,NaN,0.0522114,NA
203,1396,stream,5250,compact,864,5,belt_rock,direct,2.2242472605647126E-08,0,2.2242472605647126E-08,0,0,NaN,NaN,4.73275,NA
203,1397,ring,5250,compact,944,5,belt_rock,direct,2.29174795955951E-06,2.29174795955951E-06,0,1,9.610009294374619E-10,223.643,223.643,-7.47952,NA
203,1398,stream,5250,compact,959,8,belt_rock,direct,7.36356754511208E-08,7.36356754511208E-08,0,1,0,0,837.506,-3.2534,NA
203,1399,ring,5250,compact,972,2,belt_rock,direct,2.6135763643898644E-06,2.6135763643898644E-06,0,1,9.737794386547384E-08,19871.2,19871.2,-16.7344,NA
203,1400,stream,5250,compact,1022,2,belt_rock,direct,2.6026430775836346E-07,0,2.6026430775836346E-07,0,0,NaN,NaN,4.23435,NA
203,1401,stream,5250,compact,1151,2,belt_rock,direct,2.8501182810812534E-07,2.8501182810812534E-07,0,1,0,0,474.418,-4.80433,NA
203,1402,stream,5250,compact,1154,3,belt_rock,direct,1.515163523929641E-07,1.515163523929641E-07,0,1,0,0,698.643,-5.76481,NA
204,1403,ring,5250,compact,332,3,belt_rock,direct,2.29174795955951E-06,2.29174795955951E-06,0,1,7.111904838973389E-09,1655.08,1655.08,-13.1252,NA
204,1404,ring,5250,compact,432,2,belt_rock,direct,2.8501182810812534E-07,2.8501182810812534E-07,0,1,4.551721629461765E-09,8517.49,8517.49,-21.2793,NA
204,1405,ring,5250,compact,479,2,belt_rock,direct,1.515163523929641E-07,1.515163523929641E-07,0,1,1.3498096503910862E-09,4751.29,4751.29,-21.1454,NA
204,1406,ring,5250,compact,540,6,belt_rock,direct,7.36356754511208E-08,7.36356754511208E-08,0,1,1.5199930387837659E-09,11009.1,11009.1,-26.4661,NA
204,1407,ring,5250,compact,583,3,belt_rock,direct,5.371891344810883E-07,5.371891344810883E-07,0,1,6.871875896948017E-09,6822.55,6822.55,-19.5389,NA
204,1408,ring,5250,compact,666,2,belt_rock,direct,7.36356754511208E-08,7.36356754511208E-08,0,1,1.5199930387984905E-09,11009.1,11009.1,-26.4661,NA
204,1409,ring,5250,compact,710,2,belt_rock,direct,4.5854045606032986E-07,4.5854045606032986E-07,0,1,2.9365492950390227E-09,3415.53,3415.53,-17.7676,NA
204,1410,ring,5250,compact,905,3,belt_rock,direct,2.3741913828875805E-07,2.3741913828875805E-07,0,1,8.390782804249075E-10,1884.89,1884.89,-18.1073,NA
204,1411,ring,5250,compact,938,2,belt_rock,direct,1.1206296047203676E-05,1.1206296047203676E-05,0,1,3.053326147449473E-08,1453.15,1453.15,-14.2005,NA
204,1412,ring,5250,compact,1000,4,belt_rock,direct,1.0360046557668676E-06,1.0360046557668676E-06,0,1,1.0302323503544691E-08,5303.62,5303.62,-17.3704,NA
204,1413,ring,5250,compact,1064,5,belt_rock,direct,1.0904708140162877E-07,1.0904708140162877E-07,0,1,1.1059378023370883E-09,5408.98,5408.98,-21.3182,NA
204,1414,stream,5250,compact,1179,2,belt_rock,direct,2.6135763643898644E-06,2.6135763643898644E-06,0,1,0,0,257.59,-3.05351,NA
204,1415,stream,5250,compact,1272,2,belt_rock,direct,5.371891344810883E-07,5.371891344810883E-07,0,1,0,0,501.996,-3.54744,NA
204,1416,ring,5250,compact,1684,2,belt_rock,direct,7.595017126094343E-06,7.595017126094343E-06,0,1,3.1250963400769834E-07,21944.9,21944.9,-21.13,NA
204,1417,stream,5250,compact,1816,2,belt_rock,direct,5.371891344810883E-07,5.371891344810883E-07,0,1,0,0,501.996,-3.54744,NA
204,1418,ring,5250,compact,1858,3,belt_rock,direct,4.5854045606032986E-07,4.5854045606032986E-07,0,1,4.848692548538037E-10,563.957,563.957,-5.36939,NA
205,1419,stream,5250,compact,158,2,belt_rock,direct,3.0856269002109646E-08,0,3.0856269002109646E-08,0,0,NaN,NaN,20.5241,NA
205,1420,ring,5250,compact,241,3,belt_rock,direct,5.346964510444181E-07,5.346964510444181E-07,0,1,7.274074757711727E-10,725.553,725.553,-14.0714,NA
205,1421,ring,5250,compact,296,5,belt_rock,direct,2.4552010599191087E-08,2.4552010599191087E-08,0,1,3.1931118788681597E-11,693.627,693.627,-21.827,NA
205,1422,ring,5250,compact,458,9,belt_rock,direct,6.366841937277574E-08,6.366841937277574E-08,0,1,6.416155392898269E-11,537.464,537.464,-18.6827,NA
205,1423,ring,5250,compact,562,2,belt_rock,direct,3.9489207868789096E-06,3.9489207868789096E-06,0,1,2.193042526146058E-09,296.188,296.188,-8.80464,NA
205,1424,ring,5250,compact,568,2,belt_rock,direct,2.911070244810959E-08,2.911070244810959E-08,0,1,3.667303888358939E-11,671.882,671.882,-21.6118,NA
205,1425,stream,5250,compact,655,2,belt_rock,direct,2.319115659604934E-08,0,2.319115659604934E-08,0,0,NaN,NaN,17.0465,NA
205,1426,ring,5250,compact,1036,3,belt_rock,direct,6.366841937277574E-08,6.366841937277574E-08,0,1,6.41615539258151E-11,537.464,537.464,-18.6827,NA
205,1427,ring,5250,compact,1156,2,belt_rock,direct,2.4552010599191087E-08,2.4552010599191087E-08,0,1,3.1931118786665835E-11,693.627,693.627,-21.827,NA
205,1428,ring,5250,compact,1419,2,belt_rock,direct,6.248737257146799E-08,6.248737257146799E-08,0,1,2.4406565062469E-09,20831.1,20831.1,-41.9023,NA
205,1429,ring,5250,compact,1510,2,belt_rock,direct,3.3485157605219085E-07,3.3485157605219085E-07,0,1,1.0201552310229718E-10,162.485,162.485,-10.973,NA
205,1430,stream,5250,compact,1913,2,belt_rock,direct,8.091375541712413E-06,8.091375541712413E-06,0,1,0,0,222.006,-1.593,NA
205,1431,ring,5250,compact,1923,5,belt_rock,direct,5.346964510444181E-07,5.346964510444181E-07,0,1,4.982575520476764E-10,496.987,496.987,-166.629,NA
205,1432,ring,5250,compact,1950,2,belt_rock,direct,9.256115341450153E-08,9.256115341450153E-08,0,1,6.081304448807595E-11,350.402,350.402,-15.7343,NA
205,1433,ring,5250,compact,1985,2,belt_rock,direct,8.062168794695963E-09,8.062168794695963E-09,0,1,1.464825382655379E-10,9690.2,9690.2,-38.0888,NA
205,1434,stream,5250,compact,2003,4,belt_rock,direct,4.283639639514071E-08,0,4.283639639514071E-08,0,0,NaN,NaN,154.944,NA
206,1435,ring,5250,compact,27,2,belt_rock,direct,6.383604996733435E-08,6.383604996733435E-08,0,1,4.215811704166486E-11,352.22,352.22,-16.9757,NA
206,1436,stream,5250,compact,205,4,belt_rock,direct,5.1936694446174655E-06,5.1936694446174655E-06,0,1,0,0,110.801,-5.56888,NA
206,1437,stream,5250,compact,206,3,belt_rock,direct,5.1936694446174655E-06,5.1936694446174655E-06,0,1,0,0,110.802,-5.56888,NA
206,1438,ring,5250,compact,221,5,belt_rock,direct,6.383604996733435E-08,6.383604996733435E-08,0,1,4.215811704161652E-11,352.22,352.22,-16.9757,NA
206,1439,stream,5250,compact,486,2,belt_rock,direct,4.124453451073441E-09,4.124453451073441E-09,0,1,0,0,490.658,-19.7842,NA
206,1440,ring,5250,compact,695,1,belt_rock,direct,3.7174674854544446E-05,3.7174674854544446E-05,0,1,4.360376558971693E-06,62556.9,62556.9,-10.2341,NA
206,1441,stream,5250,compact,734,2,belt_rock,direct,2.0091954942352995E-06,2.0091954942352995E-06,0,1,0,0,122.013,-4.82634,NA
206,1442,stream,5250,compact,874,2,belt_rock,direct,2.394784625714848E-06,2.394784625714848E-06,0,1,0,0,93.2899,-9.43253,NA
206,1443,ring,5250,compact,963,5,belt_rock,direct,6.189816010387683E-08,6.189816010387683E-08,0,1,1.1206860102928242E-10,965.617,965.617,-16.2583,NA
206,1444,ring,5250,compact,992,3,belt_rock,direct,6.189816010387683E-08,6.189816010387683E-08,0,1,1.1206860104618312E-10,965.617,965.617,-16.2583,NA
206,1445,stream,5250,compact,1061,3,belt_rock,direct,4.709408078633135E-09,4.709408078633135E-09,0,1,0,0,894.443,-15.1189,NA
206,1446,ring,5250,compact,1361,3,belt_rock,direct,1.8374473311186357E-08,1.8374473311186357E-08,0,1,1.0092389518580959E-10,2929.39,2929.39,-19.3153,NA
206,1447,ring,5250,compact,1416,4,belt_rock,direct,3.149256941636295E-08,3.149256941636295E-08,0,1,2.5456144186525615E-11,431.105,431.105,-21.0639,NA
206,1448,stream,5250,compact,1713,5,belt_rock,direct,4.299489819512158E-09,4.299489819512158E-09,0,1,0,0,393.074,-20.4751,NA
206,1449,stream,5250,compact,1930,6,belt_rock,direct,5.346964510444181E-07,5.346964510444181E-07,0,1,0,0,87.5239,-7.45507,NA
206,1450,stream,5250,compact,1974,2,belt_rock,direct,1.2064287564411952E-09,1.2064287564411952E-09,0,1,0,0,2164.98,-9.48504,NA
207,1451,ring,5250,compact,723,5,belt_rock,direct,3.5870662093394404E-09,3.5870662093394404E-09,0,1,4.276152206470406E-11,6357.88,6357.88,-9.66041,NA
207,1452,stream,5250,compact,822,4,belt_rock,direct,4.799239348797247E-09,0,4.799239348797247E-09,0,0,NaN,NaN,52.7551,NA
207,1453,stream,5250,compact,1089,1,belt_rock,direct,0.00013203131067142347,0.00013203131067142347,0,1,0,0,242.302,-1.90686,NA
207,1454,stream,5250,compact,1784,2,belt_rock,direct,4.799239348797247E-09,0,4.799239348797247E-09,0,0,NaN,NaN,52.7551,NA
207,1455,ring,5250,compact,5258,8,belt_rock,direct,1.4531955788199877E-07,1.4531955788199877E-07,0,1,7.134185235051431E-11,261.83,261.83,-12.4707,NA
207,1456,stream,5250,compact,205,5,belt_rock,direct,1.8691433003450007E-06,1.8691433003450007E-06,0,1,0,0,111.048,-5.5658,NA
207,1457,stream,5250,compact,206,4,belt_rock,direct,1.8691433003450007E-06,1.8691433003450007E-06,0,1,0,0,111.049,-5.5658,NA
207,1458,stream,5250,compact,666,3,belt_rock,direct,1.4001793816042802E-10,1.4001793816042802E-10,0,1,0,0,1069.2,-47.0968,NA
207,1459,stream,5250,compact,710,3,belt_rock,direct,1.4001793816042802E-10,1.4001793816042802E-10,0,1,0,0,1069.2,-47.0968,NA
207,1460,stream,5250,compact,723,6,belt_rock,closure,2.439487841486425E-11,0,2.439487841486425E-11,0,0,NaN,NA,NA,NA
207,1461,stream,5250,compact,1974,3,belt_rock,closure,2.439487841486425E-11,0,2.439487841486425E-11,0,0,NaN,NA,NA,NA
207,1462,ring,5250,compact,1889,2,belt_rock,direct,1.2094396243323683E-09,1.2094396243323683E-09,0,1,1.303924200097182E-11,5749.99,7549.16,-23.3211,NA
207,1463,stream,5250,compact,1089,2,belt_rock,closure,5.2892154417326495E-05,5.2892154417326495E-05,0,1,0,0,NA,NA,NA
207,1464,stream,5250,compact,822,5,belt_rock,closure,5.2892154417326495E-05,5.2892154417326495E-05,0,1,0,0,NA,NA,NA
207,1465,stream,5250,compact,1889,3,belt_rock,closure,6.984674556391106E-12,0,6.984674556391106E-12,0,0,NaN,NA,NA,NA
207,1466,stream,5250,compact,1974,4,belt_rock,closure,6.984674556391106E-12,0,6.984674556391106E-12,0,0,NaN,NA,NA,NA
208,1467,stream,5250,compact,723,7,unknown,direct,2.341346283294351E-05,2.341346283294351E-05,0,1,0,0,241.032,-1.92273,NA
208,1468,stream,5250,compact,1089,3,unknown,direct,2.341346283294351E-05,2.341346283294351E-05,0,1,0,0,241.03,-1.92273,NA
208,1469,ring,5250,compact,255,3,belt_rock,direct,4.943739070917474E-10,4.943739070917474E-10,0,1,4.924832461836183E-13,531.294,1523.78,-58.9872,NA
208,1470,ring,5250,compact,1192,2,belt_rock,direct,4.943739070917474E-10,4.943739070917474E-10,0,1,4.965193168162147E-13,535.648,1520.3,-58.9386,NA
208,1471,stream,5250,compact,211,3,belt_rock,direct,1.8881216597058744E-10,1.8881216597058744E-10,0,1,0,0,28.8046,-56.2184,NA
208,1472,stream,5250,compact,228,4,belt_rock,direct,1.8881216597058744E-10,1.8881216597058744E-10,0,1,0,0,28.8046,-56.2184,NA
208,1473,stream,5250,compact,315,3,belt_rock,direct,6.472267759313784E-11,6.472267759313784E-11,0,1,0,0,230.483,-68.8831,NA
208,1474,stream,5250,compact,488,3,belt_rock,direct,6.472267759313784E-11,6.472267759313784E-11,0,1,0,0,230.483,-68.8831,NA
208,1475,stream,5250,compact,493,5,belt_rock,direct,1.8881216591122293E-10,1.8881216591122293E-10,0,1,0,0,28.8046,-56.2184,NA
208,1476,stream,5250,compact,767,5,belt_rock,direct,1.8881216591122293E-10,1.8881216591122293E-10,0,1,0,0,28.8046,-56.2184,NA
208,1477,stream,5250,compact,255,4,unknown,unknown,5.18005574301015E-11,0,5.18005574301015E-11,0,0,NaN,NA,NA,NA
208,1478,stream,5250,compact,1089,4,unknown,unknown,5.18005574301015E-11,0,5.18005574301015E-11,0,0,NaN,NA,NA,NA
208,1479,stream,5250,compact,506,4,belt_rock,direct,2.29601131833506E-10,2.29601131833506E-10,0,1,0,0,301.125,-50.4103,NA
208,1480,stream,5250,compact,519,3,belt_rock,direct,2.29601131833506E-10,2.29601131833506E-10,0,1,0,0,301.125,-50.4103,NA
209,1481,stream,5250,compact,723,8,unknown,direct,5.853365708235878E-06,5.853365708235878E-06,0,1,0,0,240.436,-1.93018,NA
209,1482,stream,5250,compact,822,6,unknown,direct,5.853365708235878E-06,5.853365708235878E-06,0,1,0,0,240.437,-1.93018,NA
209,1483,stream,5250,compact,1889,4,unknown,direct,5.853365708235878E-06,5.853365708235878E-06,0,1,0,0,240.436,-1.93018,NA
209,1484,stream,5250,compact,1974,5,unknown,direct,5.853365708235878E-06,5.853365708235878E-06,0,1,0,0,240.437,-1.93018,NA
209,1485,stream,5250,compact,228,5,belt_rock,direct,3.23613387965689E-11,3.23613387965689E-11,0,1,0,0,1558.2,-52.2866,NA
209,1486,stream,5250,compact,315,4,belt_rock,direct,3.23613387965689E-11,3.23613387965689E-11,0,1,0,0,1558.2,-52.2866,NA
210,1487,stream,5250,compact,519,4,unknown,direct,2.6551431415805224E-06,2.6551431415805224E-06,0,1,0,0,242.036,-1.91018,NA
210,1488,stream,5250,compact,723,9,unknown,direct,2.6551431415805224E-06,2.6551431415805224E-06,0,1,0,0,242.035,-1.91018,NA
210,1489,stream,5250,compact,822,7,unknown,direct,2.6551431415805224E-06,2.6551431415805224E-06,0,1,0,0,242.036,-1.91018,NA
210,1490,ring,5250,compact,1553,1,belt_rock,direct,0.00013289370028345628,0.00013289370028345628,0,1,4.838316444114306E-08,194.173,194.237,-1.76593,NA
210,1491,stream,5250,compact,1889,5,unknown,direct,2.6551431415805224E-06,2.6551431415805224E-06,0,1,0,0,242.035,-1.91018,NA
211,1492,stream,5250,compact,741,2,belt_rock,direct,1.0791852666706544E-09,1.0791852666706544E-09,0,1,0,0,1629.1,-23.8651,NA
211,1493,stream,5250,compact,698,1,belt_rock,direct,0.0001285968144318352,0.0001285968144318352,0,1,0,0,275.441,-2.07358,NA
211,1494,stream,5250,compact,698,2,belt_rock,closure,6.312755786724449E-05,6.312755786724449E-05,0,1,0,0,NA,NA,NA
211,1495,stream,5250,compact,741,3,belt_rock,closure,6.312755786724449E-05,6.312755786724449E-05,0,1,0,0,NA,NA,NA
212,1496,stream,5250,compact,698,3,unknown,direct,2.4613716989072114E-05,2.4613716989072114E-05,0,1,0,0,273.691,-2.09549,NA
212,1497,stream,5250,compact,741,4,unknown,direct,2.4613716989072114E-05,2.4613716989072114E-05,0,1,0,0,273.688,-2.09549,NA
213,1498,stream,5250,compact,698,4,unknown,direct,1.038091037641996E-05,1.038091037641996E-05,0,1,0,0,271.633,-2.1212,NA
213,1499,stream,5250,compact,741,5,unknown,direct,1.038091037641996E-05,1.038091037641996E-05,0,1,0,0,271.631,-2.1212,NA
213,1500,stream,5250,compact,741,6,unknown,closure,4.565825067699182E-06,4.565825067699182E-06,0,1,0,0,NA,NA,NA
213,1501,stream,5250,compact,698,5,unknown,closure,4.565825067699182E-06,4.565825067699182E-06,0,1,0,0,NA,NA,NA
214,1502,stream,5250,compact,903,2,belt_rock,direct,8.120671621568638E-09,8.120671621568638E-09,0,1,0,0,229.13,-18.0017,NA
214,1503,ring,5250,compact,499,1,belt_rock,direct,8.486586629089605E-05,8.486586629089605E-05,0,1,3.526749607265021E-08,221.636,224.45,-7.01846,NA
214,1504,stream,5250,compact,698,6,unknown,direct,2.0587454584221E-06,2.0587454584221E-06,0,1,0,0,270.164,-2.13954,NA
214,1505,stream,5250,compact,741,7,unknown,direct,2.0587454584221E-06,2.0587454584221E-06,0,1,0,0,270.165,-2.13954,NA
215,1506,ring,5250,compact,213,3,belt_rock,direct,7.289292977976561E-06,7.289292977976561E-06,0,1,2.7436211651663305E-09,200.742,203.513,-6.79495,NA
215,1507,ring,5250,compact,632,3,belt_rock,direct,7.289118654776568E-06,7.289118654776568E-06,0,1,2.7433894624974295E-09,200.729,203.5,-6.79492,NA
215,1508,stream,5250,compact,853,1,belt_rock,direct,2.07080850509952E-06,2.07080850509952E-06,0,1,0,0,298.149,-7.69249,NA
215,1509,ring,5250,compact,911,3,belt_rock,direct,7.289118654776568E-06,7.289118654776568E-06,0,1,2.74344894861306E-09,200.734,203.505,-6.79492,NA
215,1510,ring,5250,compact,1603,3,belt_rock,direct,7.289292977976561E-06,7.289292977976561E-06,0,1,2.7435616767033337E-09,200.737,203.508,-6.79494,NA
215,1511,ring,5250,compact,1873,3,belt_rock,direct,7.289292977976561E-06,7.289292977976561E-06,0,1,2.7435616767650613E-09,200.737,203.508,-6.79494,NA
215,1512,ring,5250,compact,1911,3,belt_rock,direct,7.289292977976561E-06,7.289292977976561E-06,0,1,2.7436211654749665E-09,200.742,203.513,-6.79495,NA
216,1513,ring,5250,compact,73,3,belt_rock,direct,3.9571012526562105E-06,3.9571012526562105E-06,0,1,1.4713931300501829E-09,198.313,200.742,-6.82958,NA
216,1514,ring,5250,compact,224,2,belt_rock,direct,3.9571012526562105E-06,3.9571012526562105E-06,0,1,1.4713613251556516E-09,198.308,200.737,-6.82958,NA
216,1515,ring,5250,compact,1718,2,belt_rock,direct,3.9571012526562105E-06,3.9571012526562105E-06,0,1,1.4713613251618414E-09,198.308,200.737,-6.82958,NA
216,1516,ring,5250,compact,1728,2,belt_rock,direct,3.9571012526562105E-06,3.9571012526562105E-06,0,1,1.4713931300687456E-09,198.313,200.742,-6.82958,NA
216,1517,stream,5250,compact,1125,3,belt_rock,direct,1.2439255663042805E-08,1.2439255663042805E-08,0,1,0,0,191.962,-16.0404,NA
219,1518,stream,5250,compact,228,6,belt_rock,direct,1.6180669398284445E-11,0,1.6180669398284445E-11,0,0,NaN,2690.99,-38.1267,NA
219,1519,stream,5250,compact,1974,6,belt_rock,direct,1.6180669398284445E-11,0,1.6180669398284445E-11,0,0,NaN,2801.2,-36.7492,NA
219,1520,stream,5250,compact,181,1,belt_rock,direct,5.574526212489379E-05,5.574526212489379E-05,0,1,0,0,83.1334,-1.33191,NA
221,1521,stream,5250,compact,269,1,belt_rock,direct,6.782007339322807E-05,6.782007339322807E-05,0,1,0,0,191.035,-1.81217,NA
221,1522,stream,5250,compact,928,1,belt_rock,direct,3.799348214051458E-05,3.799348214051458E-05,0,1,0,0,155.938,-1.68558,NA
222,1523,stream,5250,compact,181,2,belt_rock,direct,2.6998718094746712E-05,2.6998718094746712E-05,0,1,0,0,83.025,-1.33326,NA
222,1524,stream,5250,compact,228,7,belt_rock,direct,3.2657648883813485E-05,3.2657648883813485E-05,0,1,0,0,190.545,-1.81831,NA
222,1525,stream,5250,compact,269,2,belt_rock,direct,3.2657648883813485E-05,3.2657648883813485E-05,0,1,0,0,190.543,-1.81831,NA
222,1526,stream,5250,compact,1974,7,belt_rock,direct,2.6998718094746712E-05,2.6998718094746712E-05,0,1,0,0,83.0255,-1.33326,NA
223,1527,stream,5250,compact,228,8,belt_rock,direct,1.4995481110249656E-05,1.4995481110249656E-05,0,1,0,0,190.486,-1.81903,NA
223,1528,stream,5250,compact,269,3,belt_rock,direct,1.4995481110249656E-05,1.4995481110249656E-05,0,1,0,0,190.485,-1.81903,NA
223,1529,stream,5250,compact,432,3,belt_rock,direct,3.8510757475477273E-11,0,3.8510757475477273E-11,0,0,NaN,5555.37,-11.0943,NA
223,1530,stream,5250,compact,479,3,belt_rock,direct,3.8510757475477273E-11,0,3.8510757475477273E-11,0,0,NaN,5555.38,-11.0943,NA
225,1531,stream,5250,compact,228,9,belt_rock,direct,7.148313729776171E-06,7.148313729776171E-06,0,1,0,0,193.471,-1.78171,NA
225,1532,stream,5250,compact,1974,8,belt_rock,direct,7.148313729776171E-06,7.148313729776171E-06,0,1,0,0,193.472,-1.78171,NA
225,1533,stream,5250,compact,181,3,belt_rock,direct,1.3483385481624309E-05,1.3483385481624309E-05,0,1,0,0,83.0169,-1.33336,NA
225,1534,stream,5250,compact,928,2,belt_rock,direct,1.3483385481624309E-05,1.3483385481624309E-05,0,1,0,0,83.0173,-1.33336,NA
227,1535,stream,5250,compact,1365,1,belt_rock,direct,8.417747298040342E-05,8.417747298040342E-05,0,1,0,0,68.8597,-1.19518,NA
228,1536,stream,5250,compact,1674,1,belt_rock,direct,2.4386795845267806E-05,2.4386795845267806E-05,0,1,0,0,69.1586,-1.22059,NA
229,1537,stream,5250,compact,928,3,belt_rock,direct,4.124111777470892E-05,4.124111777470892E-05,0,1,0,0,68.8669,-1.19509,NA
229,1538,stream,5250,compact,1365,2,belt_rock,direct,4.124111777470892E-05,4.124111777470892E-05,0,1,0,0,68.8665,-1.19509,NA
230,1539,stream,5250,compact,181,4,belt_rock,direct,6.620162384095541E-06,6.620162384095541E-06,0,1,0,0,83.5413,-1.32681,NA
230,1540,stream,5250,compact,1974,9,belt_rock,direct,6.620162384095541E-06,6.620162384095541E-06,0,1,0,0,83.5416,-1.32681,NA
232,1541,stream,5250,compact,1590,1,belt_rock,direct,2.9141050706394657E-05,2.9141050706394657E-05,0,1,0,0,77.1987,-1.38896,NA
234,1542,stream,5250,compact,928,4,belt_rock,direct,2.024672712546543E-05,2.024672712546543E-05,0,1,0,0,69.0864,-1.19234,NA
234,1543,stream,5250,compact,1674,2,belt_rock,direct,2.024672712546543E-05,2.024672712546543E-05,0,1,0,0,69.0867,-1.19234,NA
235,1544,stream,5250,compact,943,1,belt_rock,direct,0.00013236727531748657,0.00013236727531748657,0,1,0,0,226.592,-1.73557,NA
236,1545,stream,5250,compact,1590,2,belt_rock,direct,1.438496336677267E-05,1.438496336677267E-05,0,1,0,0,77.2128,-1.38878,NA
236,1546,stream,5250,compact,1974,10,belt_rock,direct,1.438496336677267E-05,1.438496336677267E-05,0,1,0,0,77.2132,-1.38878,NA
236,1547,stream,5250,compact,1350,1,belt_rock,direct,4.901797594207862E-05,4.901797594207862E-05,0,1,0,0,203.67,-1.72313,NA
236,1548,stream,5250,compact,1350,2,belt_rock,closure,2.3128084231732557E-05,2.3128084231732557E-05,0,1,0,0,NA,NA,NA
236,1549,stream,5250,compact,1974,11,belt_rock,closure,2.3128084231732557E-05,2.3128084231732557E-05,0,1,0,0,NA,NA,NA
237,1550,stream,5250,compact,1350,3,unknown,direct,1.099438955696083E-05,1.099438955696083E-05,0,1,0,0,203.597,-1.72405,NA
237,1551,stream,5250,compact,1974,12,unknown,direct,1.099438955696083E-05,1.099438955696083E-05,0,1,0,0,203.596,-1.72405,NA
242,1552,stream,5250,compact,552,4,belt_rock,direct,1.1089495407728522E-10,0,1.1089495407728522E-10,0,0,NaN,3205.78,-6.8105,NA
243,1553,stream,5250,compact,1371,2,belt_rock,direct,1.1089495407728522E-10,0,1.1089495407728522E-10,0,0,NaN,3185.68,-7.14964,NA
247,1554,stream,5250,compact,512,1,belt_rock,direct,3.791880481287654E-05,3.791880481287654E-05,0,1,0,0,170.753,-1.60451,NA
252,1555,stream,5250,compact,923,1,belt_rock,direct,3.919273935569818E-05,3.919273935569818E-05,0,1,0,0,161.122,-1.54937,NA
254,1556,stream,5250,compact,1958,1,belt_rock,direct,4.831322918769518E-05,4.831322918769518E-05,0,1,0,0,74.2503,-1.01448,NA
267,1557,stream,5250,compact,232,4,belt_rock,direct,9.817761526973376E-07,9.817761526973376E-07,0,1,0,0,180.506,-4.24686,NA
267,1558,stream,5250,compact,284,4,belt_rock,direct,9.817761526973376E-07,9.817761526973376E-07,0,1,0,0,180.507,-4.24686,NA
270,1559,stream,5250,compact,897,1,belt_rock,direct,4.31840285086167E-05,4.31840285086167E-05,0,1,0,0,165.543,-1.45003,NA
271,1560,stream,5250,compact,2009,1,belt_rock,direct,8.019270059424877E-05,8.019270059424877E-05,0,1,0,0,154.387,-1.4369,NA
282,1561,stream,5250,compact,5261,9,belt_rock,direct,5.346964510444181E-07,5.346964510444181E-07,0,1,0,0,392.738,-3.80051,NA
283,1562,stream,5250,compact,2009,2,belt_rock,direct,2.3154522610613339E-07,2.3154522610613339E-07,0,1,0,0,381.984,-3.93494,NA
283,1563,stream,5250,compact,5261,10,belt_rock,direct,2.3154522610613339E-07,2.3154522610613339E-07,0,1,0,0,381.983,-3.93494,NA
284,1564,stream,5250,compact,2009,3,belt_rock,direct,1.093357686061002E-07,1.093357686061002E-07,0,1,0,0,397.858,-3.7365,NA
284,1565,stream,5250,compact,5261,11,belt_rock,direct,1.093357686061002E-07,1.093357686061002E-07,0,1,0,0,397.858,-3.7365,NA
285,1566,stream,5250,compact,1587,3,belt_rock,direct,7.36356754511208E-08,7.36356754511208E-08,0,1,0,0,776.796,-4.01163,NA
556,1567,stream,5250,compact,1970,2,belt_rock,direct,2.977598634910907E-07,2.977598634910907E-07,0,1,0,0,489.072,-1.72136,NA
953,1568,stream,5250,compact,1920,2,belt_rock,direct,3.0332104298824675E-07,3.0332104298824675E-07,0,1,0,0,474.496,-1.02024,NA
955,1569,stream,3,puller,1917,1,belt_rock,direct,2.8053831923948103E-05,0,0,0,0,NaN,NaN,0.0298623,NA
1232,1570,stream,5250,compact,943,2,belt_rock,direct,7.1012038557459014E-06,7.1012038557459014E-06,0,1,0,0,78.6852,-1.38085,NA
1232,1571,stream,5250,compact,1590,3,belt_rock,direct,7.1012038557459014E-06,7.1012038557459014E-06,0,1,0,0,78.685,-1.38085,NA
1991,1572,stream,7,puller,4222,1,kuiper_ice,direct,0.00010523205420068165,0,0,0,0,NaN,NaN,0.086081,NA
