step,index,formation_direct,host_slot,host_kind,source_slot,source_gen,source_origin,origin_class,source_mass_E_direct,captured_mass_E_direct,escaped_mass_E_direct,bound_fraction_direct,dissipated_direct,dissipated_over_vapor_direct,excess_over_vapor_est,specific_energy_est,source_dist_over_rocheLimit_est
1,0,ring,5250,compact,975,1,belt_rock,direct,6.689425747200215E-05,6.689425747200215E-05,0,1,7.440954646089056E-07,5932.51,5932.51,-9.18876,NA
1,1,ring,5250,compact,1532,1,belt_rock,direct,1.77977361537808E-05,1.77977361537808E-05,0,1,2.5919804377783087E-07,7767.22,7767.22,-9.63368,NA
1,2,ring,5250,compact,1690,1,belt_rock,direct,2.9349135165910873E-05,2.9349135165910873E-05,0,1,5.914645059445684E-07,10748.1,10748.1,-11.7334,NA
1,3,ring,5250,compact,1860,1,belt_rock,direct,4.901953358003895E-05,4.901953358003895E-05,0,1,1.1020826274815112E-07,1199.07,1199.07,-4.08422,NA
1,4,stream,5250,compact,975,2,belt_rock,closure,6.129537010495522E-12,0,6.129537010495522E-12,0,0,NaN,NA,NA,NA
1,5,stream,5250,compact,5251,1,belt_rock,closure,6.129537010495522E-12,0,6.129537010495522E-12,0,0,NaN,NA,NA,NA
1,6,stream,5250,compact,5252,1,belt_rock,closure,6.129537010495522E-12,0,6.129537010495522E-12,0,0,NaN,NA,NA,NA
1,7,stream,5250,compact,5253,1,belt_rock,closure,6.129537010495522E-12,0,6.129537010495522E-12,0,0,NaN,NA,NA,NA
1,8,stream,5250,compact,5254,1,belt_rock,closure,6.129537010495522E-12,0,6.129537010495522E-12,0,0,NaN,NA,NA,NA
1,9,stream,5250,compact,5255,1,belt_rock,closure,6.129537010495522E-12,0,6.129537010495522E-12,0,0,NaN,NA,NA,NA
1,10,stream,5250,compact,5256,1,belt_rock,closure,6.129537010495522E-12,0,6.129537010495522E-12,0,0,NaN,NA,NA,NA
1,11,stream,5250,compact,5257,1,belt_rock,closure,6.129537010495522E-12,0,6.129537010495522E-12,0,0,NaN,NA,NA,NA
1,12,stream,5250,compact,5258,1,belt_rock,closure,6.129537010495522E-12,0,6.129537010495522E-12,0,0,NaN,NA,NA,NA
1,13,stream,5250,compact,5259,1,belt_rock,closure,6.129537010495522E-12,0,6.129537010495522E-12,0,0,NaN,NA,NA,NA
1,14,stream,5250,compact,5260,1,belt_rock,closure,6.129537010495522E-12,0,6.129537010495522E-12,0,0,NaN,NA,NA,NA
1,15,stream,5250,compact,5261,1,belt_rock,closure,6.129537010495522E-12,0,6.129537010495522E-12,0,0,NaN,NA,NA,NA
2,16,ring,5250,compact,1318,1,belt_rock,direct,1.70210521799828E-05,1.70210521799828E-05,0,1,1.818254732887171E-07,5697.27,5697.27,-8.83229,NA
2,17,stream,5250,compact,1318,2,belt_rock,closure,7.350556856186664E-12,0,7.350556856186664E-12,0,0,NaN,NA,NA,NA
2,18,stream,5250,compact,5261,2,belt_rock,closure,7.350556856186664E-12,0,7.350556856186664E-12,0,0,NaN,NA,NA,NA
2,19,stream,5250,compact,5260,2,belt_rock,closure,7.350556856186664E-12,0,7.350556856186664E-12,0,0,NaN,NA,NA,NA
2,20,stream,5250,compact,5259,2,belt_rock,closure,7.350556856186664E-12,0,7.350556856186664E-12,0,0,NaN,NA,NA,NA
2,21,stream,5250,compact,5258,2,belt_rock,closure,7.350556856186664E-12,0,7.350556856186664E-12,0,0,NaN,NA,NA,NA
2,22,stream,5250,compact,5257,2,belt_rock,closure,7.350556856186664E-12,0,7.350556856186664E-12,0,0,NaN,NA,NA,NA
2,23,stream,5250,compact,5256,2,belt_rock,closure,7.350556856186664E-12,0,7.350556856186664E-12,0,0,NaN,NA,NA,NA
2,24,stream,5250,compact,5255,2,belt_rock,closure,7.350556856186664E-12,0,7.350556856186664E-12,0,0,NaN,NA,NA,NA
2,25,stream,5250,compact,5254,2,belt_rock,closure,7.350556856186664E-12,0,7.350556856186664E-12,0,0,NaN,NA,NA,NA
2,26,stream,5250,compact,5253,2,belt_rock,closure,7.350556856186664E-12,0,7.350556856186664E-12,0,0,NaN,NA,NA,NA
2,27,stream,5250,compact,5252,2,belt_rock,closure,7.350556856186664E-12,0,7.350556856186664E-12,0,0,NaN,NA,NA,NA
2,28,stream,5250,compact,5251,2,belt_rock,closure,7.350556856186664E-12,0,7.350556856186664E-12,0,0,NaN,NA,NA,NA
2,29,stream,5250,compact,975,3,belt_rock,closure,7.350556856186664E-12,0,7.350556856186664E-12,0,0,NaN,NA,NA,NA
2,30,stream,5250,compact,5503,1,belt_rock,closure,7.350556856186664E-12,0,7.350556856186664E-12,0,0,NaN,NA,NA,NA
2,31,stream,5250,compact,5504,1,belt_rock,closure,7.350556856186664E-12,0,7.350556856186664E-12,0,0,NaN,NA,NA,NA
3,32,ring,5250,compact,269,1,belt_rock,direct,8.033309263582848E-05,8.033309263582848E-05,0,1,7.793852108026234E-07,5174.36,5179.53,-6.94149,NA
3,33,stream,5250,compact,269,2,belt_rock,closure,1.2115784585441504E-11,0,1.2115784585441504E-11,0,0,NaN,NA,NA,NA
3,34,stream,5250,compact,5438,2,belt_rock,closure,1.2115784585441504E-11,0,1.2115784585441504E-11,0,0,NaN,NA,NA,NA
3,35,stream,5250,compact,5407,2,belt_rock,closure,1.2115784585441504E-11,0,1.2115784585441504E-11,0,0,NaN,NA,NA,NA
3,36,stream,5250,compact,5434,2,belt_rock,closure,1.2115784585441504E-11,0,1.2115784585441504E-11,0,0,NaN,NA,NA,NA
3,37,stream,5250,compact,5403,2,belt_rock,closure,1.2115784585441504E-11,0,1.2115784585441504E-11,0,0,NaN,NA,NA,NA
3,38,stream,5250,compact,5504,2,belt_rock,closure,1.2115784585441504E-11,0,1.2115784585441504E-11,0,0,NaN,NA,NA,NA
3,39,stream,5250,compact,5503,2,belt_rock,closure,1.2115784585441504E-11,0,1.2115784585441504E-11,0,0,NaN,NA,NA,NA
3,40,stream,5250,compact,975,4,belt_rock,closure,1.2115784585441504E-11,0,1.2115784585441504E-11,0,0,NaN,NA,NA,NA
3,41,stream,5250,compact,5251,3,belt_rock,closure,1.2115784585441504E-11,0,1.2115784585441504E-11,0,0,NaN,NA,NA,NA
3,42,stream,5250,compact,5252,3,belt_rock,closure,1.2115784585441504E-11,0,1.2115784585441504E-11,0,0,NaN,NA,NA,NA
3,43,stream,5250,compact,5253,3,belt_rock,closure,1.2115784585441504E-11,0,1.2115784585441504E-11,0,0,NaN,NA,NA,NA
3,44,stream,5250,compact,5254,3,belt_rock,closure,1.2115784585441504E-11,0,1.2115784585441504E-11,0,0,NaN,NA,NA,NA
3,45,stream,5250,compact,5255,3,belt_rock,closure,1.2115784585441504E-11,0,1.2115784585441504E-11,0,0,NaN,NA,NA,NA
3,46,stream,5250,compact,5256,3,belt_rock,closure,1.2115784585441504E-11,0,1.2115784585441504E-11,0,0,NaN,NA,NA,NA
3,47,stream,5250,compact,5257,3,belt_rock,closure,1.2115784585441504E-11,0,1.2115784585441504E-11,0,0,NaN,NA,NA,NA
4,48,ring,5250,compact,304,1,belt_rock,direct,3.871382624874212E-05,3.871382624874212E-05,0,1,4.2827373293221873E-07,5900.03,5897.05,-7.73496,NA
4,49,stream,5250,compact,304,2,belt_rock,closure,6.779868902004903E-12,0,6.779868902004903E-12,0,0,NaN,NA,NA,NA
4,50,stream,5250,compact,5257,4,belt_rock,closure,6.779868902004903E-12,0,6.779868902004903E-12,0,0,NaN,NA,NA,NA
4,51,stream,5250,compact,5256,4,belt_rock,closure,6.779868902004903E-12,0,6.779868902004903E-12,0,0,NaN,NA,NA,NA
4,52,stream,5250,compact,5255,4,belt_rock,closure,6.779868902004903E-12,0,6.779868902004903E-12,0,0,NaN,NA,NA,NA
4,53,stream,5250,compact,5254,4,belt_rock,closure,6.779868902004903E-12,0,6.779868902004903E-12,0,0,NaN,NA,NA,NA
4,54,stream,5250,compact,5253,4,belt_rock,closure,6.779868902004903E-12,0,6.779868902004903E-12,0,0,NaN,NA,NA,NA
4,55,stream,5250,compact,5252,4,belt_rock,closure,6.779868902004903E-12,0,6.779868902004903E-12,0,0,NaN,NA,NA,NA
4,56,stream,5250,compact,5251,4,belt_rock,closure,6.779868902004903E-12,0,6.779868902004903E-12,0,0,NaN,NA,NA,NA
4,57,stream,5250,compact,975,5,belt_rock,closure,6.779868902004903E-12,0,6.779868902004903E-12,0,0,NaN,NA,NA,NA
4,58,stream,5250,compact,5503,3,belt_rock,closure,6.779868902004903E-12,0,6.779868902004903E-12,0,0,NaN,NA,NA,NA
4,59,stream,5250,compact,5504,3,belt_rock,closure,6.779868902004903E-12,0,6.779868902004903E-12,0,0,NaN,NA,NA,NA
4,60,stream,5250,compact,5403,3,belt_rock,closure,6.779868902004903E-12,0,6.779868902004903E-12,0,0,NaN,NA,NA,NA
4,61,stream,5250,compact,5434,3,belt_rock,closure,6.779868902004903E-12,0,6.779868902004903E-12,0,0,NaN,NA,NA,NA
4,62,stream,5250,compact,5407,3,belt_rock,closure,6.779868902004903E-12,0,6.779868902004903E-12,0,0,NaN,NA,NA,NA
4,63,stream,5250,compact,5438,3,belt_rock,closure,6.779868902004903E-12,0,6.779868902004903E-12,0,0,NaN,NA,NA,NA
5,64,ring,5250,compact,241,1,belt_rock,direct,2.512691199484382E-06,2.512691199484382E-06,0,1,2.4778501216427896E-08,5259.38,5252.5,-6.0941,NA
5,65,stream,5250,compact,241,2,belt_rock,closure,9.216023151406852E-13,0,9.216023151406852E-13,0,0,NaN,NA,NA,NA
5,66,stream,5250,compact,5373,2,belt_rock,closure,9.216023151406852E-13,0,9.216023151406852E-13,0,0,NaN,NA,NA,NA
5,67,stream,5250,compact,5342,2,belt_rock,closure,9.216023151406852E-13,0,9.216023151406852E-13,0,0,NaN,NA,NA,NA
5,68,stream,5250,compact,5438,4,belt_rock,closure,9.216023151406852E-13,0,9.216023151406852E-13,0,0,NaN,NA,NA,NA
5,69,stream,5250,compact,5407,4,belt_rock,closure,9.216023151406852E-13,0,9.216023151406852E-13,0,0,NaN,NA,NA,NA
5,70,stream,5250,compact,5434,4,belt_rock,closure,9.216023151406852E-13,0,9.216023151406852E-13,0,0,NaN,NA,NA,NA
5,71,stream,5250,compact,5403,4,belt_rock,closure,9.216023151406852E-13,0,9.216023151406852E-13,0,0,NaN,NA,NA,NA
5,72,stream,5250,compact,5504,4,belt_rock,closure,9.216023151406852E-13,0,9.216023151406852E-13,0,0,NaN,NA,NA,NA
5,73,stream,5250,compact,5503,4,belt_rock,closure,9.216023151406852E-13,0,9.216023151406852E-13,0,0,NaN,NA,NA,NA
5,74,stream,5250,compact,975,6,belt_rock,closure,9.216023151406852E-13,0,9.216023151406852E-13,0,0,NaN,NA,NA,NA
5,75,stream,5250,compact,5251,5,belt_rock,closure,9.216023151406852E-13,0,9.216023151406852E-13,0,0,NaN,NA,NA,NA
5,76,stream,5250,compact,5252,5,belt_rock,closure,9.216023151406852E-13,0,9.216023151406852E-13,0,0,NaN,NA,NA,NA
5,77,stream,5250,compact,5253,5,belt_rock,closure,9.216023151406852E-13,0,9.216023151406852E-13,0,0,NaN,NA,NA,NA
5,78,stream,5250,compact,5254,5,belt_rock,closure,9.216023151406852E-13,0,9.216023151406852E-13,0,0,NaN,NA,NA,NA
5,79,stream,5250,compact,5255,5,belt_rock,closure,9.216023151406852E-13,0,9.216023151406852E-13,0,0,NaN,NA,NA,NA
6,80,ring,5250,compact,1437,1,belt_rock,direct,9.575842038679863E-07,9.575842038679863E-07,0,1,1.4658308301952601E-08,8164.05,8179.03,-6.9324,NA
6,81,ring,5250,compact,1076,1,belt_rock,direct,2.896705631491763E-05,2.896705631491763E-05,0,1,3.354648931401665E-07,6176.49,6183.86,-5.67271,NA
6,82,stream,5250,compact,1437,2,belt_rock,closure,1.821702606488085E-12,0,1.821702606488085E-12,0,0,NaN,NA,NA,NA
6,83,stream,5250,compact,5255,6,belt_rock,closure,1.821702606488085E-12,0,1.821702606488085E-12,0,0,NaN,NA,NA,NA
6,84,stream,5250,compact,5254,6,belt_rock,closure,1.821702606488085E-12,0,1.821702606488085E-12,0,0,NaN,NA,NA,NA
6,85,stream,5250,compact,5253,6,belt_rock,closure,1.821702606488085E-12,0,1.821702606488085E-12,0,0,NaN,NA,NA,NA
6,86,stream,5250,compact,5252,6,belt_rock,closure,1.821702606488085E-12,0,1.821702606488085E-12,0,0,NaN,NA,NA,NA
6,87,stream,5250,compact,5251,6,belt_rock,closure,1.821702606488085E-12,0,1.821702606488085E-12,0,0,NaN,NA,NA,NA
6,88,stream,5250,compact,975,7,belt_rock,closure,1.821702606488085E-12,0,1.821702606488085E-12,0,0,NaN,NA,NA,NA
6,89,stream,5250,compact,5503,5,belt_rock,closure,1.821702606488085E-12,0,1.821702606488085E-12,0,0,NaN,NA,NA,NA
6,90,stream,5250,compact,5504,5,belt_rock,closure,1.821702606488085E-12,0,1.821702606488085E-12,0,0,NaN,NA,NA,NA
6,91,stream,5250,compact,5403,5,belt_rock,closure,1.821702606488085E-12,0,1.821702606488085E-12,0,0,NaN,NA,NA,NA
6,92,stream,5250,compact,5434,5,belt_rock,closure,1.821702606488085E-12,0,1.821702606488085E-12,0,0,NaN,NA,NA,NA
6,93,stream,5250,compact,5407,5,belt_rock,closure,1.821702606488085E-12,0,1.821702606488085E-12,0,0,NaN,NA,NA,NA
6,94,stream,5250,compact,5438,5,belt_rock,closure,1.821702606488085E-12,0,1.821702606488085E-12,0,0,NaN,NA,NA,NA
6,95,stream,5250,compact,5342,3,belt_rock,closure,1.821702606488085E-12,0,1.821702606488085E-12,0,0,NaN,NA,NA,NA
9,96,ring,5250,compact,844,1,belt_rock,direct,1.760515274238613E-06,1.760515274238613E-06,0,1,3.927297580602565E-08,11897.4,11904.5,-5.3717,NA
9,97,stream,5250,compact,844,2,belt_rock,closure,3.850802440698516E-13,0,3.850802440698516E-13,0,0,NaN,NA,NA,NA
9,98,stream,5250,compact,5310,2,belt_rock,closure,3.850802440698516E-13,0,3.850802440698516E-13,0,0,NaN,NA,NA,NA
9,99,stream,5250,compact,5279,2,belt_rock,closure,3.850802440698516E-13,0,3.850802440698516E-13,0,0,NaN,NA,NA,NA
9,100,stream,5250,compact,5342,4,belt_rock,closure,3.850802440698516E-13,0,3.850802440698516E-13,0,0,NaN,NA,NA,NA
9,101,stream,5250,compact,5438,6,belt_rock,closure,3.850802440698516E-13,0,3.850802440698516E-13,0,0,NaN,NA,NA,NA
9,102,stream,5250,compact,5407,6,belt_rock,closure,3.850802440698516E-13,0,3.850802440698516E-13,0,0,NaN,NA,NA,NA
9,103,stream,5250,compact,5434,6,belt_rock,closure,3.850802440698516E-13,0,3.850802440698516E-13,0,0,NaN,NA,NA,NA
9,104,stream,5250,compact,5403,6,belt_rock,closure,3.850802440698516E-13,0,3.850802440698516E-13,0,0,NaN,NA,NA,NA
9,105,stream,5250,compact,5504,6,belt_rock,closure,3.850802440698516E-13,0,3.850802440698516E-13,0,0,NaN,NA,NA,NA
9,106,stream,5250,compact,5503,6,belt_rock,closure,3.850802440698516E-13,0,3.850802440698516E-13,0,0,NaN,NA,NA,NA
9,107,stream,5250,compact,975,8,belt_rock,closure,3.850802440698516E-13,0,3.850802440698516E-13,0,0,NaN,NA,NA,NA
9,108,stream,5250,compact,5251,7,belt_rock,closure,3.850802440698516E-13,0,3.850802440698516E-13,0,0,NaN,NA,NA,NA
9,109,stream,5250,compact,5252,7,belt_rock,closure,3.850802440698516E-13,0,3.850802440698516E-13,0,0,NaN,NA,NA,NA
9,110,stream,5250,compact,5253,7,belt_rock,closure,3.850802440698516E-13,0,3.850802440698516E-13,0,0,NaN,NA,NA,NA
9,111,stream,5250,compact,5254,7,belt_rock,closure,3.850802440698516E-13,0,3.850802440698516E-13,0,0,NaN,NA,NA,NA
10,112,ring,5250,compact,278,1,belt_rock,direct,9.838611506553836E-05,9.838611506553836E-05,0,1,6.46268762859346E-07,3503.31,3503.31,-5.78086,NA
10,113,ring,5250,compact,1347,1,belt_rock,direct,3.895529940653519E-05,3.895529940653519E-05,0,1,1.502084191959083E-07,2056.49,2056.49,-5.64046,NA
10,114,ring,5250,compact,891,1,belt_rock,direct,6.461409226009292E-05,6.461409226009292E-05,0,1,2.5152665781019916E-07,2076.13,2076.57,-4.54768,NA
10,115,stream,5250,compact,278,2,belt_rock,closure,6.354073959840115E-11,6.354073959840115E-11,0,1,0,0,NA,NA,NA
10,116,stream,5250,compact,5254,8,belt_rock,closure,6.354073959840115E-11,6.354073959840115E-11,0,1,0,0,NA,NA,NA
10,117,stream,5250,compact,5253,8,belt_rock,closure,6.354073959840115E-11,6.354073959840115E-11,0,1,0,0,NA,NA,NA
10,118,stream,5250,compact,5252,8,belt_rock,closure,6.354073959840115E-11,6.354073959840115E-11,0,1,0,0,NA,NA,NA
10,119,stream,5250,compact,5251,8,belt_rock,closure,6.354073959840115E-11,6.354073959840115E-11,0,1,0,0,NA,NA,NA
10,120,stream,5250,compact,975,9,belt_rock,closure,6.354073959840115E-11,6.354073959840115E-11,0,1,0,0,NA,NA,NA
10,121,stream,5250,compact,5503,7,belt_rock,closure,6.354073959840115E-11,6.354073959840115E-11,0,1,0,0,NA,NA,NA
10,122,stream,5250,compact,5504,7,belt_rock,closure,6.354073959840115E-11,6.354073959840115E-11,0,1,0,0,NA,NA,NA
10,123,stream,5250,compact,5403,7,belt_rock,closure,6.354073959840115E-11,6.354073959840115E-11,0,1,0,0,NA,NA,NA
10,124,stream,5250,compact,5434,7,belt_rock,closure,6.354073959840115E-11,6.354073959840115E-11,0,1,0,0,NA,NA,NA
10,125,stream,5250,compact,5407,7,belt_rock,closure,6.354073959840115E-11,6.354073959840115E-11,0,1,0,0,NA,NA,NA
10,126,stream,5250,compact,5438,7,belt_rock,closure,6.354073959840115E-11,6.354073959840115E-11,0,1,0,0,NA,NA,NA
10,127,stream,5250,compact,5342,5,belt_rock,closure,6.354073959840115E-11,6.354073959840115E-11,0,1,0,0,NA,NA,NA
11,128,ring,5250,compact,62,1,belt_rock,direct,6.727670124603294E-07,6.727670124603294E-07,0,1,5.487453167440819E-09,4350.16,4356.98,-5.24156,NA
11,129,ring,5250,compact,1351,1,belt_rock,direct,3.6242424946336943E-06,3.6242424946336943E-06,0,1,1.349330601800834E-08,1985.64,1988.33,-4.98074,NA
11,130,ring,5250,compact,1873,1,belt_rock,direct,9.200710598834085E-06,9.200710598834085E-06,0,1,6.403647482518082E-08,3711.97,3714.32,-4.49048,NA
11,131,stream,5250,compact,62,2,belt_rock,closure,3.1937186061553656E-11,0,3.1937186061553656E-11,0,0,NaN,NA,NA,NA
11,132,stream,5250,compact,5342,6,belt_rock,closure,3.1937186061553656E-11,0,3.1937186061553656E-11,0,0,NaN,NA,NA,NA
11,133,stream,5250,compact,844,3,belt_rock,direct,6.354073959840115E-11,6.354073959840115E-11,0,1,0,0,509.128,-43.2083,NA
11,134,stream,5250,compact,5279,3,belt_rock,direct,6.354073959840115E-11,6.354073959840115E-11,0,1,0,0,509.106,-43.2081,NA
11,135,stream,5250,compact,5310,3,belt_rock,direct,6.354073959840115E-11,6.354073959840115E-11,0,1,0,0,509.128,-43.2083,NA
11,136,stream,5250,compact,1873,2,belt_rock,closure,5.635509098797895E-11,5.635509098797895E-11,0,1,0,0,NA,NA,NA
11,137,stream,5250,compact,1351,2,belt_rock,closure,5.635509098797895E-11,5.635509098797895E-11,0,1,0,0,NA,NA,NA
11,138,ring,5250,compact,1804,1,belt_rock,direct,6.820103673158345E-07,6.820103673158345E-07,0,1,3.618144197527644E-09,2829.4,2914.7,-6.61287,NA
11,139,stream,5250,compact,1804,2,belt_rock,closure,1.0527842845511459E-09,1.0527842845511459E-09,0,1,0,0,NA,NA,NA
11,140,stream,5250,compact,1351,3,belt_rock,closure,1.0527842845511459E-09,1.0527842845511459E-09,0,1,0,0,NA,NA,NA
11,141,ring,5250,compact,351,1,belt_rock,direct,2.4001757687349026E-05,2.4001757687349026E-05,0,1,9.181366342927018E-08,2040.15,2051.57,-4.80589,NA
12,142,ring,5250,compact,1686,1,belt_rock,direct,8.530228295816059E-06,8.530228295816059E-06,0,1,3.208712496206487E-08,2006.18,2008.67,-4.3686,NA
12,143,stream,5250,compact,891,2,belt_rock,direct,6.561138135336692E-10,6.561138135336692E-10,0,1,0,0,20.382,-30.2485,NA
12,144,stream,5250,compact,1347,2,belt_rock,direct,6.561138135336692E-10,6.561138135336692E-10,0,1,0,0,20.3819,-30.2486,NA
12,145,ring,5250,compact,95,1,belt_rock,direct,7.244553962740137E-07,7.244553962740137E-07,0,1,3.5023005789460576E-09,2578.34,2596.72,-4.57641,NA
12,146,stream,5250,compact,1686,2,belt_rock,closure,6.611496157807516E-10,6.611496157807516E-10,0,1,0,0,NA,NA,NA
12,147,stream,5250,compact,351,2,belt_rock,closure,6.611496157807516E-10,6.611496157807516E-10,0,1,0,0,NA,NA,NA
12,148,ring,5250,compact,289,1,belt_rock,direct,0.00012588311512439084,0.00012588311512439084,0,1,2.824524136329549E-07,1196.68,1198.3,-4.28807,NA
13,149,ring,5250,compact,108,1,belt_rock,direct,6.666637164731229E-05,6.666637164731229E-05,0,1,4.7477632796616007E-07,3798.23,3797.83,-5.16914,NA
13,150,ring,5250,compact,648,1,belt_rock,direct,3.24973449371973E-05,3.24973449371973E-05,0,1,8.382874855671034E-08,1375.76,1376.8,-4.75425,NA
13,151,ring,5250,compact,613,1,belt_rock,direct,7.480477548149741E-05,7.480477548149741E-05,0,1,4.3317839814879435E-06,30884.2,31008,-2.55221,NA
13,152,ring,5250,compact,1836,1,belt_rock,direct,0.00011590874239783566,0.00011590874239783566,0,1,4.254840465072763E-07,1957.79,1961.08,-3.72518,NA
14,153,stream,5250,compact,613,2,belt_rock,direct,8.062043808543791E-10,8.062043808543791E-10,0,1,0,0,17.9423,-28.0007,NA
14,154,stream,5250,compact,1836,2,belt_rock,direct,8.062043808543791E-10,8.062043808543791E-10,0,1,0,0,17.9423,-28.0007,NA
14,155,ring,5250,compact,883,1,belt_rock,direct,6.428146944726865E-06,6.428146944726865E-06,0,1,7.801932109868764E-08,6473.14,6484.68,-3.62332,NA
14,156,ring,5250,compact,1814,1,belt_rock,direct,6.33441828057241E-05,6.33441828057241E-05,0,1,2.4686691470825027E-07,2078.52,2078.4,-4.70042,NA
15,157,stream,5250,compact,883,2,belt_rock,direct,6.410058803674978E-10,6.410058803674978E-10,0,1,0,0,35.8983,-30.2531,NA
15,158,stream,5250,compact,1814,2,belt_rock,direct,6.410058803674978E-10,6.410058803674978E-10,0,1,0,0,35.8983,-30.2531,NA
15,159,ring,5250,compact,53,1,belt_rock,direct,3.143476059134448E-05,3.143476059134448E-05,0,1,7.816781144333005E-08,1326.22,1327.2,-4.54334,NA
15,160,ring,5250,compact,709,1,belt_rock,direct,2.352254531773118E-05,2.352254531773118E-05,0,1,8.293181406088283E-07,18803.4,18824.1,-3.62088,NA
15,161,stream,5250,compact,709,2,belt_rock,closure,4.760308685208013E-13,0,4.760308685208013E-13,0,0,NaN,NA,NA,NA
15,162,stream,5250,compact,53,2,belt_rock,closure,4.760308685208013E-13,0,4.760308685208013E-13,0,0,NaN,NA,NA,NA
16,163,ring,5250,compact,1248,1,belt_rock,direct,7.62229848725233E-05,7.62229848725233E-05,0,1,6.569789630440433E-07,4596.89,4596.7,-4.766,NA
16,164,stream,5250,compact,1248,2,belt_rock,closure,2.2916561217024006E-11,0,2.2916561217024006E-11,0,0,NaN,NA,NA,NA
16,165,stream,5250,compact,53,3,belt_rock,closure,2.2916561217024006E-11,0,2.2916561217024006E-11,0,0,NaN,NA,NA,NA
16,166,ring,5250,compact,1159,1,belt_rock,direct,5.074727661440826E-06,5.074727661440826E-06,0,1,1.7930963008009373E-08,1884.47,1890.64,-3.56043,NA
17,167,ring,5250,compact,442,1,belt_rock,direct,0.0001085188052797727,0.0001085188052797727,0,1,2.263627659069771E-07,1112.5,1112.91,-3.37457,NA
17,168,ring,5250,compact,679,1,belt_rock,direct,0.00011140173332371398,0.00011140173332371398,0,1,2.5103103851517385E-07,1201.81,1202.03,-4.24684,NA
17,169,ring,5250,compact,986,1,belt_rock,direct,3.0838674263409454E-05,3.0838674263409454E-05,0,1,1.8549586691426693E-07,3208.02,3210.78,-3.5491,NA
17,170,ring,5250,compact,715,1,belt_rock,direct,1.1188411583230668E-06,1.1188411583230668E-06,0,1,4.20380744481635E-09,2003.89,2011.77,-3.73872,NA
17,171,ring,5250,compact,663,1,belt_rock,direct,0.00011276959143821896,0.00011276959143821896,0,1,1.6925478228818464E-06,8004.75,8011.78,-3.0225,NA
17,172,ring,5250,compact,1534,1,belt_rock,direct,3.4583151864196725E-05,3.4583151864196725E-05,0,1,5.881355727276376E-08,907.009,908.714,-3.51488,NA
17,173,stream,5250,compact,715,2,belt_rock,closure,7.739062228965461E-10,7.739062228965461E-10,0,1,0,0,NA,NA,NA
17,174,stream,5250,compact,986,2,belt_rock,closure,7.739062228965461E-10,7.739062228965461E-10,0,1,0,0,NA,NA,NA
17,175,ring,5250,compact,144,1,belt_rock,direct,2.1171043038090955E-05,2.1171043038090955E-05,0,1,4.114549702198589E-08,1036.52,1038.62,-4.17977,NA
18,176,ring,5250,compact,470,1,belt_rock,direct,5.633611204457592E-05,5.633611204457592E-05,0,1,1.848469348289185E-07,1749.94,1751.03,-3.27976,NA
18,177,ring,5250,compact,404,1,belt_rock,direct,1.8500625516274808E-06,1.8500625516274808E-06,0,1,3.400918360321119E-08,9804.12,9811.59,-3.33221,NA
18,178,ring,5250,compact,1621,1,belt_rock,direct,6.569097269155095E-07,6.569097269155095E-07,0,1,5.948734061189816E-09,4829.67,4904.44,-5.58642,NA
18,179,ring,5250,compact,1177,1,belt_rock,direct,2.8327835139196315E-05,2.8327835139196315E-05,0,1,4.0549098699614234E-08,763.425,764.572,-3.80098,NA
18,180,stream,5250,compact,1621,2,belt_rock,closure,1.5155281141661183E-10,0,1.5155281141661183E-10,0,0,NaN,NA,NA,NA
18,181,stream,5250,compact,404,2,belt_rock,closure,1.5155281141661183E-10,0,1.5155281141661183E-10,0,0,NaN,NA,NA,NA
18,182,ring,5250,compact,1540,1,belt_rock,direct,9.144003346923494E-05,9.144003346923494E-05,0,1,1.5359075927075216E-07,895.834,896.909,-3.95117,NA
18,183,ring,5250,compact,1827,1,belt_rock,direct,5.8380604846490405E-05,5.8380604846490405E-05,0,1,4.7197859604983784E-07,4311.74,4311.59,-4.45915,NA
19,184,ring,5250,compact,1780,1,belt_rock,direct,1.1778808352948172E-05,1.1778808352948172E-05,0,1,1.5695210516465075E-08,710.664,713.924,-3.42243,NA
20,185,ring,5250,compact,456,1,belt_rock,direct,3.5669795502747876E-05,3.5669795502747876E-05,0,1,1.8984605167018845E-07,2838.57,2840.9,-2.19146,NA
20,186,ring,5250,compact,1219,1,belt_rock,direct,9.944323672436096E-07,9.944323672436096E-07,0,1,6.165116743236516E-09,3306.47,3325.28,-3.05291,NA
20,187,stream,5250,compact,1219,2,belt_rock,closure,1.0919294856022069E-10,1.0919294856022069E-10,0,1,0,0,NA,NA,NA
20,188,stream,5250,compact,456,2,belt_rock,closure,1.0919294856022069E-10,1.0919294856022069E-10,0,1,0,0,NA,NA,NA
21,189,ring,5250,compact,251,1,belt_rock,direct,3.6522195505207363E-06,3.6522195505207363E-06,0,1,1.1839282876838036E-07,17288.9,17292.8,-2.9103,NA
21,190,ring,5250,compact,291,1,belt_rock,direct,2.6617060504812947E-06,2.6617060504812947E-06,0,1,9.636568759704956E-09,1930.91,1959.33,-3.36965,NA
21,191,ring,5250,compact,1293,1,belt_rock,direct,8.811699896079254E-05,8.811699896079254E-05,0,1,1.2657620460797606E-06,7661.1,7659.41,-4.16823,NA
21,192,ring,5250,compact,365,1,belt_rock,direct,0.00010472778356060881,0.00010472778356060881,0,1,8.362957538107931E-07,4258.89,4264.78,-2.56908,NA
21,193,ring,5250,compact,623,1,belt_rock,direct,2.411330198496013E-05,2.411330198496013E-05,0,1,3.746440201993414E-08,828.63,831.74,-2.88587,NA
21,194,stream,5250,compact,365,2,belt_rock,closure,4.3252241942451844E-11,0,4.3252241942451844E-11,0,0,NaN,NA,NA,NA
21,195,stream,5250,compact,1293,2,belt_rock,closure,4.3252241942451844E-11,0,4.3252241942451844E-11,0,0,NaN,NA,NA,NA
21,196,ring,5250,compact,960,1,belt_rock,direct,8.972808779801882E-05,8.972808779801882E-05,0,1,1.3438250378777612E-06,7987.54,8002.11,-2.56174,NA
21,197,ring,5250,compact,1783,1,belt_rock,direct,0.00013218392011506058,0.00013218392011506058,0,1,5.063410511905924E-07,2042.98,2051.01,-2.75686,NA
22,198,stream,5250,compact,365,3,belt_rock,direct,2.4286816184165247E-12,0,2.4286816184165247E-12,0,0,NaN,1.38586E-12,-102.444,NA
22,199,stream,5250,compact,623,2,belt_rock,direct,2.4286816184165247E-12,0,2.4286816184165247E-12,0,0,NaN,2.77171E-12,-102.444,NA
22,200,stream,5250,compact,960,2,belt_rock,direct,2.4286816184165247E-12,0,2.4286816184165247E-12,0,0,NaN,2.77171E-12,-102.444,NA
22,201,stream,5250,compact,1293,3,belt_rock,direct,2.4286816184165247E-12,0,2.4286816184165247E-12,0,0,NaN,1.38586E-12,-102.444,NA
22,202,ring,5250,compact,1751,1,belt_rock,direct,8.406637837631492E-05,8.406637837631492E-05,0,1,1.1586593971949814E-07,735.076,735.374,-3.62048,NA
22,203,ring,5250,compact,1907,1,belt_rock,direct,5.953622808909862E-06,5.953622808909862E-06,0,1,3.1110289564117744E-08,2786.9,2788.56,-2.80421,NA
22,204,ring,5250,compact,1995,1,belt_rock,direct,0.0001312341481050922,0.0001312341481050922,0,1,1.4321541774493634E-07,582.025,582.323,-3.02173,NA
22,205,ring,5250,compact,417,1,belt_rock,direct,1.5194008186498563E-05,1.5194008186498563E-05,0,1,7.666827256952451E-08,2691.18,2693.32,-2.69435,NA
22,206,ring,5250,compact,1935,1,belt_rock,direct,2.1022061499178593E-05,2.1022061499178593E-05,0,1,5.420319025286137E-08,1375.14,1376.64,-2.76826,NA
22,207,ring,5250,compact,1034,1,belt_rock,direct,1.2235649867037563E-06,1.2235649867037563E-06,0,1,1.6756526754180816E-09,730.391,738.013,-3.27726,NA
22,208,ring,5250,compact,764,1,belt_rock,direct,9.357825395823604E-05,9.357825395823604E-05,0,1,3.7784098559667966E-06,21534.4,21566.5,-2.5046,NA
22,209,ring,5250,compact,1653,1,belt_rock,direct,0.00012313298962654686,0.00012313298962654686,0,1,5.578369775280544E-07,2416.19,2416.88,-3.93467,NA
22,210,stream,5250,compact,764,2,belt_rock,closure,3.012481404788375E-14,0,3.012481404788375E-14,0,0,NaN,NA,NA,NA
22,211,stream,5250,compact,1034,2,belt_rock,closure,3.012481404788375E-14,0,3.012481404788375E-14,0,0,NaN,NA,NA,NA
22,212,ring,5250,compact,756,1,belt_rock,direct,3.3192236066205857E-06,3.3192236066205857E-06,0,1,9.412177995788192E-08,15123.5,15150.4,-2.65742,NA
23,213,stream,5250,compact,756,2,belt_rock,direct,1.7943981115656012E-13,0,1.7943981115656012E-13,0,0,NaN,2.34466E-12,-191.849,NA
23,214,stream,5250,compact,764,3,belt_rock,direct,1.7943981115656012E-13,0,1.7943981115656012E-13,0,0,NaN,2.34466E-12,-191.849,NA
23,215,stream,5250,compact,1034,3,belt_rock,direct,1.7943981115656012E-13,0,1.7943981115656012E-13,0,0,NaN,2.34466E-12,-191.849,NA
23,216,stream,5250,compact,1653,2,belt_rock,direct,1.7943981115656012E-13,0,1.7943981115656012E-13,0,0,NaN,2.34466E-12,-191.849,NA
23,217,ring,5250,compact,1801,1,belt_rock,direct,2.1744825161091766E-05,2.1744825161091766E-05,0,1,1.990391476093659E-07,4881.81,4891.26,-2.7811,NA
23,218,ring,5250,compact,997,1,belt_rock,direct,6.209029437546163E-05,6.209029437546163E-05,0,1,7.365811569103442E-08,632.697,634.054,-2.80344,NA
23,219,ring,5250,compact,1370,1,belt_rock,direct,2.7431049708811847E-05,2.7431049708811847E-05,0,1,2.800879149250677E-07,5445.66,5450.95,-2.51285,NA
23,220,stream,5250,compact,1801,2,belt_rock,closure,1.7894157312691047E-10,0,1.7894157312691047E-10,0,0,NaN,NA,NA,NA
23,221,stream,5250,compact,1653,3,belt_rock,closure,1.7894157312691047E-10,0,1.7894157312691047E-10,0,0,NaN,NA,NA,NA
23,222,stream,5250,compact,1034,4,belt_rock,closure,1.7894157312691047E-10,0,1.7894157312691047E-10,0,0,NaN,NA,NA,NA
23,223,stream,5250,compact,764,4,belt_rock,closure,1.7894157312691047E-10,0,1.7894157312691047E-10,0,0,NaN,NA,NA,NA
23,224,ring,5250,compact,505,1,belt_rock,direct,7.707620004817812E-07,7.707620004817812E-07,0,1,2.7837499347784558E-08,19262.3,19302.2,-2.71171,NA
23,225,ring,5250,compact,576,1,belt_rock,direct,2.3161243160513257E-05,2.3161243160513257E-05,0,1,4.837315994770635E-08,1113.89,1116.53,-3.73947,NA
23,226,ring,5250,compact,78,1,belt_rock,direct,6.80835962642113E-07,6.80835962642113E-07,0,1,7.84232659833728E-09,6143.29,6254.29,-2.8711,NA
23,227,ring,5250,compact,245,1,belt_rock,direct,1.095972291113906E-05,1.095972291113906E-05,0,1,2.464277480014301E-07,11991.9,12009.6,-4.2453,NA
23,228,ring,5250,compact,1828,1,belt_rock,direct,1.2931899348382039E-05,1.2931899348382039E-05,0,1,2.886887860231314E-08,1190.6,1194.1,-3.7617,NA
24,229,stream,5250,compact,78,2,belt_rock,direct,6.395101999604006E-11,0,6.395101999604006E-11,0,0,NaN,1.68419E-12,-81.0271,NA
24,230,ring,5250,compact,192,1,belt_rock,direct,5.874653657881931E-05,5.874653657881931E-05,0,1,6.485704407944471E-08,588.808,589.212,-2.76839,NA
24,231,stream,5250,compact,576,2,belt_rock,direct,6.395101999604006E-11,0,6.395101999604006E-11,0,0,NaN,1.68419E-12,-81.0271,NA
24,232,ring,5250,compact,1495,1,belt_rock,direct,1.4005092710431648E-06,1.4005092710431648E-06,0,1,1.534646211651562E-08,5844.15,5857.61,-2.67232,NA
24,233,stream,5250,compact,1495,2,belt_rock,closure,9.99503738325364E-12,0,9.99503738325364E-12,0,0,NaN,NA,NA,NA
24,234,stream,5250,compact,576,3,belt_rock,closure,9.99503738325364E-12,0,9.99503738325364E-12,0,0,NaN,NA,NA,NA
24,235,ring,5250,compact,1436,1,belt_rock,direct,3.543563493087101E-06,3.543563493087101E-06,0,1,8.772571701730794E-09,1320.34,1356.87,-2.848,NA
25,236,ring,5250,compact,1777,1,belt_rock,direct,5.835007583771177E-06,5.835007583771177E-06,0,1,3.3615043188507934E-08,3072.49,3079.18,-2.44416,NA
25,237,stream,5250,compact,1777,2,belt_rock,closure,1.568478375785751E-10,1.568478375785751E-10,0,1,0,0,NA,NA,NA
25,238,stream,5250,compact,1495,3,belt_rock,closure,1.568478375785751E-10,1.568478375785751E-10,0,1,0,0,NA,NA,NA
26,239,ring,5250,compact,82,1,belt_rock,direct,4.179207327861707E-05,4.179207327861707E-05,0,1,1.525643752410108E-07,1946.96,1948.42,-2.326,NA
26,240,ring,5250,compact,1772,1,belt_rock,direct,0.00013353008313656822,0.00013353008313656822,0,1,1.2229455562743116E-07,488.457,491.215,-3.24734,NA
27,241,ring,5250,compact,1645,1,belt_rock,direct,1.0745978877718408E-05,1.0745978877718408E-05,0,1,9.718788969121576E-08,4823.53,4824.28,-3.80273,NA
27,242,stream,5250,compact,1645,2,belt_rock,closure,2.044096122319102E-11,0,2.044096122319102E-11,0,0,NaN,NA,NA,NA
27,243,stream,5250,compact,1034,6,belt_rock,closure,2.044096122319102E-11,0,2.044096122319102E-11,0,0,NaN,NA,NA,NA
27,244,ring,5250,compact,352,1,belt_rock,direct,7.314831686439091E-05,7.314831686439091E-05,0,1,6.470523568834233E-07,4717.74,4717.97,-3.65508,NA
27,245,ring,5250,compact,364,1,belt_rock,direct,1.9839202440719374E-05,1.9839202440719374E-05,0,1,5.691993136018547E-08,1530.17,1533.14,-2.29088,NA
27,246,stream,5250,compact,352,2,belt_rock,closure,2.2234794200166663E-11,0,2.2234794200166663E-11,0,0,NaN,NA,NA,NA
27,247,stream,5250,compact,1034,7,belt_rock,closure,2.2234794200166663E-11,0,2.2234794200166663E-11,0,0,NaN,NA,NA,NA
27,248,ring,5250,compact,1111,1,belt_rock,direct,1.6817331803888135E-06,1.6817331803888135E-06,0,1,4.188060382822966E-09,1328.17,1373.86,-3.87517,NA
27,249,ring,5250,compact,18,1,belt_rock,direct,2.2930578664090195E-06,2.2930578664090195E-06,0,1,1.0514953367591851E-08,2445.63,2493.37,-2.47598,NA
27,250,ring,5250,compact,842,1,belt_rock,direct,0.00010047502179088973,0.00010047502179088973,0,1,8.013344034342886E-08,425.358,427.252,-2.5117,NA
28,251,stream,5250,compact,18,2,belt_rock,direct,3.3553139012153534E-09,3.3553139012153534E-09,0,1,0,0,1.84896E-11,-33.6369,NA
28,252,stream,5250,compact,352,3,belt_rock,direct,3.3553139012153534E-09,3.3553139012153534E-09,0,1,0,0,1.7976E-11,-33.6369,NA
28,253,ring,5250,compact,1741,1,belt_rock,direct,3.3221116369240763E-06,3.3221116369240763E-06,0,1,2.921146847280145E-08,4689.62,4694.83,-3.80772,NA
28,254,stream,5250,compact,1741,2,belt_rock,closure,2.7923266679159977E-11,0,2.7923266679159977E-11,0,0,NaN,NA,NA,NA
28,255,stream,5250,compact,352,4,belt_rock,closure,2.7923266679159977E-11,0,2.7923266679159977E-11,0,0,NaN,NA,NA,NA
29,256,ring,5250,compact,359,1,belt_rock,direct,4.217342814603561E-06,4.217342814603561E-06,0,1,4.232717208791933E-09,535.278,539.913,-2.88597,NA
29,257,ring,5250,compact,1894,1,belt_rock,direct,3.2266032020650636E-05,3.2266032020650636E-05,0,1,2.17090354363177E-08,358.834,359.523,-2.72538,NA
29,258,ring,5250,compact,1634,1,belt_rock,direct,0.00010818158770019146,0.00010818158770019146,0,1,1.3372063162870827E-07,659.24,661.24,-2.20286,NA
29,259,ring,5250,compact,812,1,belt_rock,direct,0.00013235931321575436,0.00013235931321575436,0,1,2.55327945521813E-06,10288.3,10305.6,-2.01754,NA
29,260,stream,5250,compact,812,2,belt_rock,closure,8.117371898888589E-13,0,8.117371898888589E-13,0,0,NaN,NA,NA,NA
29,261,stream,5250,compact,1634,2,belt_rock,closure,8.117371898888589E-13,0,8.117371898888589E-13,0,0,NaN,NA,NA,NA
30,262,stream,5250,compact,811,1,belt_rock,direct,6.727313247406681E-07,6.727313247406681E-07,0,1,0,0,415.107,-3.26775,NA
30,263,ring,5250,compact,1677,1,belt_rock,direct,2.0674937715893287E-06,2.0674937715893287E-06,0,1,3.845050665328548E-09,991.874,993.95,-3.55751,NA
30,264,ring,5250,compact,409,1,belt_rock,direct,4.5218847961029125E-05,4.5218847961029125E-05,0,1,1.0655470992655266E-07,1256.76,1258.02,-2.09798,NA
30,265,ring,5250,compact,1614,1,belt_rock,direct,7.339643805914041E-07,7.339643805914041E-07,0,1,1.4081365328521747E-09,1023.22,1067.21,-4.33266,NA
30,266,ring,5250,compact,451,1,belt_rock,direct,6.648942284471984E-07,6.648942284471984E-07,0,1,1.1719934840425787E-09,940.094,952.928,-2.48775,NA
30,267,ring,5250,compact,1553,1,belt_rock,direct,6.433997261634645E-05,6.433997261634645E-05,0,1,1.086958740664012E-06,9010.13,9018.36,-2.01755,NA
30,268,stream,5250,compact,811,2,belt_rock,closure,3.037797084000079E-07,3.037797084000079E-07,0,1,0,0,NA,NA,NA
30,269,stream,5250,compact,1634,3,belt_rock,closure,3.037797084000079E-07,3.037797084000079E-07,0,1,0,0,NA,NA,NA
30,270,ring,5250,compact,742,1,belt_rock,direct,7.396525181730948E-07,7.396525181730948E-07,0,1,5.850748889740799E-10,421.874,432.48,-2.6708,NA
30,271,stream,5250,compact,1553,2,belt_rock,closure,1.462736862408416E-12,0,1.462736862408416E-12,0,0,NaN,NA,NA,NA
30,272,stream,5250,compact,451,2,belt_rock,closure,1.462736862408416E-12,0,1.462736862408416E-12,0,0,NaN,NA,NA,NA
31,273,ring,5250,compact,357,1,belt_rock,direct,3.1328181750554708E-06,3.1328181750554708E-06,0,1,3.1758256445634063E-09,540.655,550.695,-2.71805,NA
31,274,ring,5250,compact,669,1,belt_rock,direct,8.927278866275874E-06,8.927278866275874E-06,0,1,6.462072550461101E-09,386.057,387.257,-2.43265,NA
31,275,ring,5250,compact,1988,1,belt_rock,direct,8.375743888724335E-05,8.375743888724335E-05,0,1,5.311473692479203E-08,338.213,338.6,-2.77192,NA
31,276,ring,5250,compact,43,1,belt_rock,direct,9.269401538330377E-05,9.269401538330377E-05,0,1,5.969951960110117E-08,343.493,344.286,-2.39475,NA
31,277,ring,5250,compact,1299,1,belt_rock,direct,9.604977006407663E-05,9.604977006407663E-05,0,1,2.7387006736344077E-06,15207.1,15201.7,-3.40491,NA
31,278,stream,5250,compact,5279,4,belt_rock,direct,3.1293886034804946E-11,3.1293886034804946E-11,0,1,0,0,1047.64,-36.4763,NA
31,279,ring,5250,compact,985,1,belt_rock,direct,4.7567324965628687E-05,4.7567324965628687E-05,0,1,3.812854571401573E-07,4275.04,4281.46,-1.95258,NA
31,280,ring,5250,compact,1852,1,belt_rock,direct,5.675667447478541E-05,5.675667447478541E-05,0,1,5.637968783734653E-07,5297.91,5305.58,-1.93781,NA
31,281,stream,5250,compact,1299,2,belt_rock,closure,1.3871354778111133E-13,0,1.3871354778111133E-13,0,0,NaN,NA,NA,NA
31,282,stream,5250,compact,43,2,belt_rock,closure,1.3871354778111133E-13,0,1.3871354778111133E-13,0,0,NaN,NA,NA,NA
31,283,ring,5250,compact,1905,1,belt_rock,direct,1.0793311217642E-05,1.0793311217642E-05,0,1,2.8058139368543977E-07,13864.5,13862.3,-3.4517,NA
31,284,stream,5250,compact,985,2,belt_rock,closure,3.859700183127266E-11,0,3.859700183127266E-11,0,0,NaN,NA,NA,NA
31,285,stream,5250,compact,5279,5,belt_rock,closure,3.859700183127266E-11,0,3.859700183127266E-11,0,0,NaN,NA,NA,NA
31,286,ring,5250,compact,86,1,belt_rock,direct,2.2843852790073033E-05,2.2843852790073033E-05,0,1,4.933262667358486E-08,1151.76,1154.82,-3.24233,NA
31,287,ring,5250,compact,632,1,belt_rock,direct,4.232617807793959E-05,4.232617807793959E-05,0,1,3.02627636043433E-08,381.328,387.233,-2.94667,NA
31,288,stream,5250,compact,1905,2,belt_rock,closure,2.1223153202981498E-13,0,2.1223153202981498E-13,0,0,NaN,NA,NA,NA
32,289,ring,5250,compact,231,1,belt_rock,direct,7.337564845049779E-05,7.337564845049779E-05,0,1,4.6678951001897776E-08,339.288,340.058,-2.56081,NA
32,290,ring,5250,compact,428,1,belt_rock,direct,3.599190425565839E-05,3.599190425565839E-05,0,1,6.25476841158135E-08,926.841,927.442,-2.03248,NA
32,291,ring,5250,compact,1922,1,belt_rock,direct,6.573474051034788E-07,6.573474051034788E-07,0,1,2.6984063749422025E-09,2189.33,2195.61,-3.8006,NA
32,292,ring,5250,compact,1866,1,belt_rock,direct,9.310847962116401E-05,9.310847962116401E-05,0,1,8.067783106821113E-07,4621.3,4625.43,-2.08711,NA
32,293,stream,5250,compact,1922,2,belt_rock,closure,5.430235409400273E-10,5.430235409400273E-10,0,1,0,0,NA,NA,NA
32,294,stream,5250,compact,428,2,belt_rock,closure,5.430235409400273E-10,5.430235409400273E-10,0,1,0,0,NA,NA,NA
32,295,ring,5250,compact,1816,1,belt_rock,direct,4.3617238181667104E-05,4.3617238181667104E-05,0,1,2.7474574090376817E-08,335.948,337.137,-2.33189,NA
32,296,ring,5250,compact,1874,1,belt_rock,direct,6.421235150046498E-07,6.421235150046498E-07,0,1,3.5601055871170647E-09,2956.94,2960.62,-1.93125,NA
32,297,ring,5250,compact,831,1,belt_rock,direct,4.060448030258339E-05,4.060448030258339E-05,0,1,7.908292742918042E-08,1038.74,1041.4,-1.9322,NA
32,298,stream,5250,compact,62,3,belt_rock,direct,3.1293886034804946E-11,3.1293886034804946E-11,0,1,0,0,1106.34,-35.743,NA
32,299,ring,5250,compact,235,1,belt_rock,direct,2.7858412133060633E-05,2.7858412133060633E-05,0,1,1.4952615094582867E-08,286.259,286.535,-1.81408,NA
32,300,stream,5250,compact,278,3,unknown,direct,3.1293886034804946E-11,3.1293886034804946E-11,0,1,0,0,1127.38,-35.48,NA
32,301,stream,5250,compact,5403,8,unknown,direct,3.1293886034804946E-11,3.1293886034804946E-11,0,1,0,0,1188.03,-34.7219,NA
33,302,ring,5250,compact,775,1,belt_rock,direct,1.7013130724835658E-05,1.7013130724835658E-05,0,1,1.3557553061373405E-08,425.007,428.235,-2.39859,NA
33,303,ring,5250,compact,201,1,belt_rock,direct,4.846794445425269E-05,4.846794445425269E-05,0,1,3.26130430113681E-07,3588.69,3593.26,-1.84583,NA
33,304,stream,5250,compact,201,2,belt_rock,closure,9.648122940531053E-11,9.648122940531053E-11,0,1,0,0,NA,NA,NA
33,305,stream,5250,compact,775,2,belt_rock,closure,9.648122940531053E-11,9.648122940531053E-11,0,1,0,0,NA,NA,NA
34,306,stream,5250,compact,844,4,belt_rock,direct,3.1293886034804946E-11,0,3.1293886034804946E-11,0,0,NaN,345.866,-45.249,NA
34,307,stream,5250,compact,5251,9,unknown,direct,3.1293886034804946E-11,0,3.1293886034804946E-11,0,0,NaN,216.384,-46.8674,NA
34,308,ring,5250,compact,1754,1,belt_rock,direct,6.083476959551585E-06,6.083476959551585E-06,0,1,6.121411856457246E-08,5366.59,5372.51,-1.94518,NA
34,309,stream,5250,compact,1754,2,unknown,unknown,1.4721031473173182E-11,0,1.4721031473173182E-11,0,0,NaN,NA,NA,NA
34,310,stream,5250,compact,5251,10,unknown,unknown,1.4721031473173182E-11,0,1.4721031473173182E-11,0,0,NaN,NA,NA,NA
34,311,ring,5250,compact,879,1,belt_rock,direct,2.541141621482632E-05,2.541141621482632E-05,0,1,1.3392620667171338E-08,281.084,282.554,-2.28368,NA
34,312,ring,5250,compact,2007,1,belt_rock,direct,2.789959374912395E-06,2.789959374912395E-06,0,1,1.0799248493087812E-08,2064.4,2074.49,-1.96918,NA
34,313,ring,5250,compact,492,1,belt_rock,direct,1.1349960559292662E-05,1.1349960559292662E-05,0,1,5.6104834907421584E-08,2636.36,2642.62,-1.8617,NA
34,314,ring,5250,compact,714,1,belt_rock,direct,6.90216945296974E-05,6.90216945296974E-05,0,1,8.517746106669946E-08,658.17,660.001,-1.88305,NA
34,315,ring,5250,compact,728,1,belt_rock,direct,2.9390023942849687E-06,2.9390023942849687E-06,0,1,2.5562000029182986E-08,4638.67,4652.09,-1.92934,NA
34,316,ring,5250,compact,1017,1,belt_rock,direct,1.4757256664852576E-05,1.4757256664852576E-05,0,1,2.625923296233485E-08,949.019,953.126,-1.90911,NA
34,317,ring,5250,compact,1615,1,belt_rock,direct,0.00010155752019429697,0.00010155752019429697,0,1,4.753147848942522E-06,24961.3,24994.8,-1.88214,NA
34,318,ring,5250,compact,1565,1,belt_rock,direct,8.908104320084931E-07,8.908104320084931E-07,0,1,2.019900085384137E-06,1.20933E+06,1.2139E+06,-1.99065,NA
34,319,stream,5250,compact,728,2,unknown,unknown,2.8602539625484358E-11,0,2.8602539625484358E-11,0,0,NaN,NA,NA,NA
34,320,stream,5250,compact,714,2,unknown,unknown,2.8602539625484358E-11,0,2.8602539625484358E-11,0,0,NaN,NA,NA,NA
34,321,stream,5250,compact,1615,2,unknown,unknown,1.3750544292223135E-13,0,1.3750544292223135E-13,0,0,NaN,NA,NA,NA
35,322,stream,5250,compact,492,2,belt_rock,direct,3.147644396922342E-10,3.147644396922342E-10,0,1,0,0,484.011,-28.8286,NA
35,323,ring,5250,compact,526,1,belt_rock,direct,2.2623426989336334E-05,2.2623426989336334E-05,0,1,1.9175615329109286E-07,4520.53,4523.57,-3.48763,NA
35,324,stream,5250,compact,2007,2,belt_rock,direct,3.147644396922342E-10,3.147644396922342E-10,0,1,0,0,484.011,-28.8286,NA
35,325,ring,5250,compact,1502,1,belt_rock,direct,3.9841084753462325E-05,3.9841084753462325E-05,0,1,8.769030093458232E-08,1173.87,1174.54,-3.07581,NA
35,326,stream,5250,compact,526,2,belt_rock,closure,2.369350909095095E-10,0,2.369350909095095E-10,0,0,NaN,NA,NA,NA
35,327,stream,5250,compact,1565,2,belt_rock,closure,2.369350909095095E-10,0,2.369350909095095E-10,0,0,NaN,NA,NA,NA
35,328,ring,5250,compact,34,1,belt_rock,direct,1.5275159008015253E-05,1.5275159008015253E-05,0,1,3.234379006052168E-08,1129.29,1137.55,-2.06578,NA
35,329,stream,5250,compact,251,2,belt_rock,direct,7.85871780383174E-09,7.85871780383174E-09,0,1,0,0,7.78208,-27.7639,NA
35,330,stream,5250,compact,291,2,belt_rock,direct,7.85871780383174E-09,7.85871780383174E-09,0,1,0,0,7.7812,-27.764,NA
35,331,stream,5250,compact,5503,8,unknown,direct,3.1293886034804946E-11,0,3.1293886034804946E-11,0,0,NaN,1004.26,-37.0187,NA
35,332,ring,5250,compact,635,1,belt_rock,direct,1.0978114109302543E-06,1.0978114109302543E-06,0,1,2.073159494124118E-09,1007.17,1020.3,-2.04334,NA
35,333,ring,5250,compact,1324,1,belt_rock,direct,0.0001308933930627151,0.0001308933930627151,0,1,2.9443232381814386E-07,1199.68,1202.41,-1.7692,NA
35,334,ring,5250,compact,1734,1,belt_rock,direct,2.617216340439798E-05,2.617216340439798E-05,0,1,1.8313856559912692E-08,373.198,375.092,-2.75017,NA
35,335,ring,5250,compact,863,1,belt_rock,direct,6.502770298550965E-06,6.502770298550965E-06,0,1,5.50399161513426E-09,451.417,467.334,-3.04976,NA
36,336,stream,5250,compact,5253,9,unknown,direct,3.1293886034804946E-11,3.1293886034804946E-11,0,1,0,0,597.494,-42.1041,NA
36,337,ring,5250,compact,1098,1,belt_rock,direct,0.00011954947585865342,0.00011954947585865342,0,1,3.6099437033913353E-06,16104.7,16123.1,-1.81384,NA
36,338,stream,5250,compact,5504,8,unknown,direct,3.1293886034804946E-11,3.1293886034804946E-11,0,1,0,0,1047.66,-36.4761,NA
36,339,stream,5250,compact,1098,2,unknown,unknown,9.742711937817474E-13,0,9.742711937817474E-13,0,0,NaN,NA,NA,NA
36,340,stream,5250,compact,5253,10,unknown,unknown,9.742711937817474E-13,0,9.742711937817474E-13,0,0,NaN,NA,NA,NA
36,341,ring,5250,compact,69,1,belt_rock,direct,5.884817034249955E-06,5.884817034249955E-06,0,1,9.023176829198433E-09,817.759,823.846,-1.86281,NA
36,342,stream,5250,compact,506,1,belt_rock,direct,6.764335279374813E-07,6.764335279374813E-07,0,1,0,0,405.259,-2.15491,NA
36,343,ring,5250,compact,911,1,belt_rock,direct,9.432094216364303E-05,9.432094216364303E-05,0,1,1.3381241408221596E-07,756.636,759.567,-1.76908,NA
37,344,ring,5250,compact,340,1,belt_rock,direct,7.378647046157107E-07,7.378647046157107E-07,0,1,3.203791941865936E-08,23157.2,23208.7,-4.63706,NA
37,345,ring,5250,compact,1273,1,belt_rock,direct,2.1338177115649968E-05,2.1338177115649968E-05,0,1,9.897604889780859E-08,2473.84,2479.71,-1.92726,NA
37,346,ring,5250,compact,877,1,belt_rock,direct,1.2704685463850525E-05,1.2704685463850525E-05,0,1,7.161272460115326E-09,300.625,301.907,-2.66251,NA
37,347,stream,5250,compact,1980,1,belt_rock,direct,2.247280033256821E-06,2.247280033256821E-06,0,1,0,0,262.226,-2.35913,NA
37,348,stream,5250,compact,1273,2,belt_rock,closure,3.546541198157316E-09,3.546541198157316E-09,0,1,0,0,NA,NA,NA
37,349,stream,5250,compact,340,2,belt_rock,closure,3.546541198157316E-09,3.546541198157316E-09,0,1,0,0,NA,NA,NA
37,350,stream,5250,compact,5434,8,unknown,direct,3.1293886034804946E-11,0,3.1293886034804946E-11,0,0,NaN,1150.09,-35.196,NA
37,351,ring,5250,compact,1996,1,belt_rock,direct,3.047032334832896E-06,3.047032334832896E-06,0,1,8.324038656996173E-09,1456.99,1466.87,-3.09678,NA
38,352,stream,5250,compact,877,2,belt_rock,direct,1.1168614223239311E-06,1.1168614223239311E-06,0,1,0,0,256.462,-2.43154,NA
38,353,stream,5250,compact,1210,1,belt_rock,direct,8.088498259067381E-07,8.088498259067381E-07,0,1,0,0,249.116,-2.4886,NA
38,354,stream,5250,compact,1980,2,belt_rock,direct,1.1168614223239311E-06,1.1168614223239311E-06,0,1,0,0,256.464,-2.43155,NA
38,355,stream,5250,compact,1873,3,unknown,direct,2.7755590997540806E-11,2.7755590997540806E-11,0,1,0,0,387.103,-46.0739,NA
38,356,stream,5250,compact,1210,2,unknown,unknown,3.7608823578108935E-07,3.7608823578108935E-07,0,1,0,0,NA,NA,NA
38,357,stream,5250,compact,877,3,unknown,unknown,3.7608823578108935E-07,3.7608823578108935E-07,0,1,0,0,NA,NA,NA
38,358,ring,5250,compact,1194,1,belt_rock,direct,0.00012216717964420976,0.00012216717964420976,0,1,1.324770324328539E-07,578.342,580.451,-1.68374,NA
38,359,stream,5250,compact,5407,8,unknown,direct,3.1293886034804946E-11,3.1293886034804946E-11,0,1,0,0,1321.75,-33.0507,NA
39,360,ring,5250,compact,387,1,belt_rock,direct,5.102588185663977E-06,5.102588185663977E-06,0,1,9.550612577209311E-09,998.25,1000.69,-3.02603,NA
39,361,ring,5250,compact,912,1,belt_rock,direct,3.824184498630735E-05,3.824184498630735E-05,0,1,3.317930793304959E-08,462.73,465.221,-1.92648,NA
39,362,ring,5250,compact,1853,1,belt_rock,direct,0.00010808868467536908,0.00010808868467536908,0,1,5.216846595027982E-07,2574.11,2577.28,-1.75565,NA
39,363,ring,5250,compact,46,1,belt_rock,direct,1.1200728229827351E-05,1.1200728229827351E-05,0,1,1.1990686196560352E-07,5709.48,5715.89,-1.65912,NA
39,364,stream,5250,compact,46,2,belt_rock,closure,1.12527628382335E-11,0,1.12527628382335E-11,0,0,NaN,NA,NA,NA
39,365,stream,5250,compact,1853,2,belt_rock,closure,1.12527628382335E-11,0,1.12527628382335E-11,0,0,NaN,NA,NA,NA
39,366,ring,5250,compact,388,1,belt_rock,direct,0.00011522494017475556,0.00011522494017475556,0,1,1.4221261046250988E-06,6582.49,6593.77,-1.57764,NA
39,367,ring,5250,compact,936,1,belt_rock,direct,1.9902206660552746E-05,1.9902206660552746E-05,0,1,3.244459358809491E-08,869.44,882.985,-1.77244,NA
39,368,stream,5250,compact,388,2,belt_rock,closure,5.9589292910565575E-12,0,5.9589292910565575E-12,0,0,NaN,NA,NA,NA
39,369,stream,5250,compact,1853,3,belt_rock,closure,5.9589292910565575E-12,0,5.9589292910565575E-12,0,0,NaN,NA,NA,NA
40,370,ring,5250,compact,1075,1,belt_rock,direct,1.826819359713439E-05,1.826819359713439E-05,0,1,3.209882428179607E-07,9371.14,9384.25,-1.82475,NA
40,371,stream,5250,compact,1075,2,belt_rock,closure,1.0848066101738163E-11,0,1.0848066101738163E-11,0,0,NaN,NA,NA,NA
40,372,stream,5250,compact,1853,4,belt_rock,closure,1.0848066101738163E-11,0,1.0848066101738163E-11,0,0,NaN,NA,NA,NA
40,373,ring,5250,compact,991,1,belt_rock,direct,2.109224337400894E-05,2.109224337400894E-05,0,1,3.055990068051745E-08,772.73,775.257,-1.64291,NA
40,374,ring,5250,compact,1890,1,belt_rock,direct,3.492934696587291E-05,3.492934696587291E-05,0,1,2.8022070372542792E-08,427.867,430.404,-1.70289,NA
41,375,ring,5250,compact,729,1,belt_rock,direct,9.666528419881977E-07,9.666528419881977E-07,0,1,2.6787846042565725E-09,1477.97,1498.75,-1.71966,NA
41,376,ring,5250,compact,556,1,belt_rock,direct,4.885618252923539E-06,4.885618252923539E-06,0,1,2.9374574726406387E-07,32066.4,32130.1,-1.58632,NA
42,377,ring,5250,compact,182,1,belt_rock,direct,6.567175673137589E-07,6.567175673137589E-07,0,1,1.3899509597164717E-09,1128.81,1141.22,-1.97589,NA
42,378,ring,5250,compact,1522,1,belt_rock,direct,9.655973421934685E-07,9.655973421934685E-07,0,1,1.0478928821801807E-09,578.788,588.014,-2.93126,NA
42,379,ring,5250,compact,1693,1,belt_rock,direct,1.3205093313065608E-05,1.3205093313065608E-05,0,1,6.871314878731848E-09,277.522,279.074,-1.8054,NA
42,380,ring,5250,compact,317,1,belt_rock,direct,8.404738032566046E-07,8.404738032566046E-07,0,1,6.837332597120389E-10,433.872,443.924,-2.853,NA
42,381,stream,5250,compact,278,4,unknown,direct,1.5646943017402467E-11,0,1.5646943017402467E-11,0,0,NaN,2647.37,-16.5001,NA
42,382,ring,5250,compact,1357,1,belt_rock,direct,5.182519714340999E-05,5.182519714340999E-05,0,1,6.801759933126013E-08,699.969,708.064,-1.62806,NA
43,383,ring,5250,compact,521,1,belt_rock,direct,9.54876764239855E-05,9.54876764239855E-05,0,1,3.980399145738051E-07,2223.2,2224.7,-1.49274,NA
43,384,ring,5250,compact,423,1,belt_rock,direct,0.00010247840464453449,0.00010247840464453449,0,1,1.3088201422842413E-07,681.156,682.226,-2.656,NA
43,385,ring,5250,compact,1550,1,belt_rock,direct,5.641750216715974E-06,5.641750216715974E-06,0,1,1.1230832196970719E-05,1.06169E+06,1.06639E+06,-1.56137,NA
43,386,stream,5250,compact,521,2,belt_rock,closure,6.805209891042444E-10,6.805209891042444E-10,0,1,0,0,NA,NA,NA
43,387,stream,5250,compact,317,2,belt_rock,closure,6.805209891042444E-10,6.805209891042444E-10,0,1,0,0,NA,NA,NA
43,388,ring,5250,compact,395,1,belt_rock,direct,7.131454188231929E-05,7.131454188231929E-05,0,1,2.66651872775103E-07,1994.18,1995.55,-2.77013,NA
43,389,ring,5250,compact,1975,1,belt_rock,direct,0.00013082245176022675,0.00013082245176022675,0,1,4.349175850093473E-07,1773.06,1774.71,-2.77129,NA
43,390,ring,5250,compact,100,1,belt_rock,direct,1.5056083702080968E-05,1.5056083702080968E-05,0,1,1.792788007132036E-05,635061,639834,-1.49347,NA
43,391,stream,5250,compact,1673,1,belt_rock,direct,7.033585236412128E-07,7.033585236412128E-07,0,1,0,0,217.718,-2.08046,NA
44,392,ring,5250,compact,77,1,belt_rock,direct,7.239899793881853E-05,7.239899793881853E-05,0,1,5.234299435455422E-06,38558.9,38571.4,-1.48144,NA
44,393,ring,5250,compact,176,1,belt_rock,direct,7.624500462468273E-05,7.624500462468273E-05,0,1,1.1104809784103275E-07,776.781,777.298,-1.51332,NA
44,394,ring,5250,compact,1067,1,belt_rock,direct,7.12541117127819E-07,7.12541117127819E-07,0,1,5.805851882277614E-09,4345.65,4393.82,-2.9034,NA
44,395,ring,5250,compact,1303,1,belt_rock,direct,1.1028099138996491E-05,1.1028099138996491E-05,0,1,3.2976945576686986E-07,15948.1,15955.7,-1.52908,NA
44,396,ring,5250,compact,472,1,belt_rock,direct,6.571847664857867E-07,6.571847664857867E-07,0,1,2.1377154690747057E-09,1734.85,1750.25,-1.77136,NA
44,397,ring,5250,compact,1073,1,belt_rock,direct,2.5817909333741807E-05,2.5817909333741807E-05,0,1,2.274388614956215E-06,46983.2,46893.2,-1.26761,NA
44,398,ring,5250,compact,1605,1,belt_rock,direct,2.8597185944373625E-05,2.8597185944373625E-05,0,1,4.0284631114470055E-08,751.302,753.076,-1.52744,NA
44,399,stream,5250,compact,1303,2,belt_rock,closure,1.1864197764850428E-13,0,1.1864197764850428E-13,0,0,NaN,NA,NA,NA
44,400,stream,5250,compact,1067,2,belt_rock,closure,1.1864197764850428E-13,0,1.1864197764850428E-13,0,0,NaN,NA,NA,NA
44,401,stream,5250,compact,1812,1,belt_rock,direct,3.415742273834109E-05,3.415742273834109E-05,0,1,0,0,235.396,-1.89971,NA
44,402,stream,5250,compact,1073,2,belt_rock,closure,7.165406074209537E-17,0,7.165406074209537E-17,0,0,NaN,NA,NA,NA
44,403,stream,5250,compact,472,2,belt_rock,closure,7.165406074209537E-17,0,7.165406074209537E-17,0,0,NaN,NA,NA,NA
44,404,ring,5250,compact,314,1,belt_rock,direct,1.5983160309748806E-05,1.5983160309748806E-05,0,1,1.078424374284182E-05,359854,358426,-1.4685,NA
45,405,ring,5250,compact,1613,1,belt_rock,direct,2.6051355401682607E-05,2.6051355401682607E-05,0,1,1.8462419078993472E-07,3779.7,3782.09,-1.46817,NA
45,406,stream,5250,compact,1613,2,belt_rock,closure,6.903603851641506E-11,6.903603851641506E-11,0,1,0,0,NA,NA,NA
45,407,stream,5250,compact,472,4,belt_rock,closure,6.903603851641506E-11,6.903603851641506E-11,0,1,0,0,NA,NA,NA
45,408,stream,5250,compact,314,3,belt_rock,closure,6.903603851641506E-11,6.903603851641506E-11,0,1,0,0,NA,NA,NA
45,409,stream,5250,compact,1073,3,belt_rock,closure,6.903603851641506E-11,6.903603851641506E-11,0,1,0,0,NA,NA,NA
45,410,ring,5250,compact,676,1,belt_rock,direct,1.3740341025282133E-06,1.3740341025282133E-06,0,1,4.15252893228068E-07,161181,161660,-1.37871,NA
45,411,stream,5250,compact,1067,3,belt_rock,direct,8.539355684585272E-06,8.539355684585272E-06,0,1,0,0,232.057,-1.94182,NA
45,412,stream,5250,compact,1303,3,belt_rock,direct,8.539355684585272E-06,8.539355684585272E-06,0,1,0,0,232.06,-1.94182,NA
45,413,stream,5250,compact,1605,2,belt_rock,direct,8.539355684585272E-06,8.539355684585272E-06,0,1,0,0,232.057,-1.94182,NA
45,414,stream,5250,compact,1812,2,belt_rock,direct,8.539355684585272E-06,8.539355684585272E-06,0,1,0,0,232.06,-1.94182,NA
45,415,ring,5250,compact,1062,1,belt_rock,direct,2.4537753417039225E-05,2.4537753417039225E-05,0,1,1.4171774027169254E-05,308027,307448,-1.54691,NA
45,416,ring,5250,compact,1623,1,belt_rock,direct,6.388694118965173E-05,6.388694118965173E-05,0,1,1.0712233084191351E-07,894.266,901.276,-1.54106,NA
45,417,ring,5250,compact,1859,1,belt_rock,direct,0.00012938885736998968,0.00012938885736998968,0,1,6.891459783029343E-08,284.062,285.275,-2.4189,NA
45,418,ring,5250,compact,219,1,belt_rock,direct,6.574755035419474E-07,6.574755035419474E-07,0,1,7.17107209493066E-09,5817.06,5848.02,-1.57717,NA
45,419,stream,5250,compact,201,3,unknown,direct,4.824061470265524E-11,4.824061470265524E-11,0,1,0,0,1126.93,-32.6459,NA
45,420,stream,5250,compact,775,3,unknown,direct,4.824061470265524E-11,4.824061470265524E-11,0,1,0,0,1124.85,-32.6719,NA
46,421,ring,5250,compact,664,1,belt_rock,direct,5.06034115522441E-06,5.06034115522441E-06,0,1,1.2830138361612304E-06,135223,135252,-1.95101,NA
46,422,ring,5250,compact,1930,1,belt_rock,direct,5.904252587469419E-05,5.904252587469419E-05,0,1,4.1870031801253586E-08,378.214,378.957,-1.52563,NA
46,423,ring,5250,compact,306,1,belt_rock,direct,4.1942458095987446E-05,4.1942458095987446E-05,0,1,1.1676891859515955E-07,1484.81,1486.82,-1.4198,NA
46,424,stream,5250,compact,676,2,belt_rock,direct,4.108508291010726E-06,4.108508291010726E-06,0,1,0,0,234.095,-1.9163,NA
46,425,stream,5250,compact,1067,4,belt_rock,direct,4.108508291010726E-06,4.108508291010726E-06,0,1,0,0,234.096,-1.9163,NA
46,426,stream,5250,compact,1303,4,belt_rock,direct,4.108508291010726E-06,4.108508291010726E-06,0,1,0,0,234.095,-1.9163,NA
46,427,stream,5250,compact,1605,3,belt_rock,direct,4.108508291010726E-06,4.108508291010726E-06,0,1,0,0,234.096,-1.9163,NA
46,428,ring,5250,compact,915,1,belt_rock,direct,6.072685411655927E-06,6.072685411655927E-06,0,1,1.1099541371381423E-08,974.817,978.873,-2.74188,NA
46,429,ring,5250,compact,1727,1,belt_rock,direct,9.24064303846072E-06,9.24064303846072E-06,0,1,4.171823572110133E-08,2407.81,2411.15,-2.77838,NA
46,430,ring,5250,compact,970,1,belt_rock,direct,0.00011490639630341021,0.00011490639630341021,0,1,8.098926404077205E-07,3759.08,3764.84,-1.33578,NA
46,431,stream,5250,compact,1664,1,belt_rock,direct,2.6568634764472804E-06,2.6568634764472804E-06,0,1,0,0,324.551,-1.66769,NA
46,432,stream,5250,compact,5403,9,unknown,direct,1.5646943017402467E-11,0,1.5646943017402467E-11,0,0,NaN,2358.88,-20.1082,NA
46,433,stream,5250,compact,1727,2,unknown,unknown,4.766924055879955E-10,4.766924055879955E-10,0,1,0,0,NA,NA,NA
46,434,stream,5250,compact,915,2,unknown,unknown,4.766924055879955E-10,4.766924055879955E-10,0,1,0,0,NA,NA,NA
46,435,ring,5250,compact,197,1,belt_rock,direct,3.911399956543701E-06,3.911399956543701E-06,0,1,9.832024629287664E-08,13406.3,13455.3,-1.59955,NA
46,436,ring,5250,compact,1847,1,belt_rock,direct,5.188721082799374E-05,5.188721082799374E-05,0,1,1.9064274609558822E-07,1959.56,1964.23,-1.3746,NA
47,437,ring,5250,compact,211,1,belt_rock,direct,8.541999668932899E-06,8.541999668932899E-06,0,1,7.3117347260614016E-09,456.52,456.52,-2.8627,NA
47,438,stream,5250,compact,970,2,belt_rock,direct,1.1484862202011393E-06,1.1484862202011393E-06,0,1,0,0,317.896,-1.75175,NA
47,439,stream,5250,compact,1664,2,belt_rock,direct,1.1484862202011393E-06,1.1484862202011393E-06,0,1,0,0,317.898,-1.75175,NA
47,440,stream,5250,compact,1876,1,belt_rock,direct,6.714320359972799E-07,6.714320359972799E-07,0,1,0,0,196.521,-2.39024,NA
47,441,stream,5250,compact,5407,9,unknown,direct,1.5646943017402467E-11,0,1.5646943017402467E-11,0,0,NaN,1687.63,-28.4746,NA
47,442,ring,5250,compact,261,1,belt_rock,direct,0.00010349441162441332,0.00010349441162441332,0,1,1.1487023600450229E-07,591.956,593.621,-2.53739,NA
47,443,stream,5250,compact,5342,7,belt_rock,direct,3.1293886034804946E-11,0,3.1293886034804946E-11,0,0,NaN,1052.85,-36.4112,NA
47,444,stream,5250,compact,1664,3,unknown,unknown,5.365335420110015E-07,5.365335420110015E-07,0,1,0,0,NA,NA,NA
47,445,stream,5250,compact,970,3,unknown,unknown,5.365335420110015E-07,5.365335420110015E-07,0,1,0,0,NA,NA,NA
47,446,ring,5250,compact,800,1,belt_rock,direct,6.570060977511915E-07,6.570060977511915E-07,0,1,1.794690299716132E-08,14568.6,14719.7,-1.73245,NA
47,447,ring,5250,compact,1520,1,belt_rock,direct,1.4790469244844916E-05,1.4790469244844916E-05,0,1,1.5423379685740656E-08,556.156,557.06,-1.21151,NA
47,448,ring,5250,compact,1435,1,belt_rock,direct,6.79436306214549E-07,6.79436306214549E-07,0,1,7.450049801932857E-10,584.802,605.015,-1.58934,NA
48,449,ring,5250,compact,874,1,belt_rock,direct,1.7207136719113954E-06,1.7207136719113954E-06,0,1,3.879115384660599E-08,12023.3,12028.4,-1.63568,NA
48,450,ring,5250,compact,1646,1,belt_rock,direct,2.0847744243041915E-05,2.0847744243041915E-05,0,1,1.5225679174473746E-08,389.508,389.917,-2.49609,NA
48,451,stream,5250,compact,1980,3,unknown,direct,1.3877795498770395E-11,0,1.3877795498770395E-11,0,0,NaN,1350.84,-34.022,NA
48,452,stream,5250,compact,874,2,unknown,unknown,4.386528924032317E-13,0,4.386528924032317E-13,0,0,NaN,NA,NA,NA
48,453,stream,5250,compact,1435,2,unknown,unknown,4.386528924032317E-13,0,4.386528924032317E-13,0,0,NaN,NA,NA,NA
48,454,stream,5250,compact,970,4,unknown,direct,2.531221775761993E-07,2.531221775761993E-07,0,1,0,0,311.205,-1.83581,NA
48,455,stream,5250,compact,1664,4,unknown,direct,2.5312132555398223E-07,2.5312132555398223E-07,0,1,0,0,311.206,-1.83581,NA
48,456,stream,5250,compact,1876,2,unknown,direct,2.531221775761993E-07,2.531221775761993E-07,0,1,0,0,311.204,-1.83581,NA
48,457,stream,5250,compact,5342,8,unknown,direct,2.5312132555398223E-07,2.5312132555398223E-07,0,1,0,0,311.205,-1.83581,NA
48,458,ring,5250,compact,234,1,belt_rock,direct,4.57255418464367E-05,4.57255418464367E-05,0,1,9.329461827875053E-07,10881.7,10892.7,-1.33781,NA
48,459,ring,5250,compact,821,1,belt_rock,direct,2.4199459268781534E-05,2.4199459268781534E-05,0,1,1.5022400986842864E-08,331.08,332.595,-1.48769,NA
48,460,stream,5250,compact,975,10,unknown,direct,3.1293886034804946E-11,3.1293886034804946E-11,0,1,0,0,1258.77,-33.8374,NA
49,461,ring,5250,compact,487,1,belt_rock,direct,7.146828282197592E-05,7.146828282197592E-05,0,1,2.7310495364376862E-05,203805,203565,-1.42987,NA
49,462,ring,5250,compact,1635,1,belt_rock,direct,6.852753187070006E-07,6.852753187070006E-07,0,1,7.778813648154243E-09,6054.06,6150.19,-1.92008,NA
50,463,ring,5250,compact,194,1,belt_rock,direct,9.301595136448038E-05,9.301595136448038E-05,0,1,1.0146033220382458E-06,5817.52,5824.95,-1.26757,NA
50,464,ring,5250,compact,1342,1,belt_rock,direct,1.586648841292323E-05,1.586648841292323E-05,0,1,1.3670547835698884E-06,45951.9,45925.3,-2.65451,NA
50,465,ring,5250,compact,1031,1,belt_rock,direct,4.3009233059858834E-05,4.3009233059858834E-05,0,1,2.6351149970401258E-08,326.766,331.41,-2.46862,NA
50,466,stream,5250,compact,194,2,belt_rock,closure,1.0474605960137388E-11,0,1.0474605960137388E-11,0,0,NaN,NA,NA,NA
50,467,stream,5250,compact,975,12,belt_rock,closure,1.0474605960137388E-11,0,1.0474605960137388E-11,0,0,NaN,NA,NA,NA
50,468,stream,5250,compact,487,3,belt_rock,closure,1.0474605960137388E-11,0,1.0474605960137388E-11,0,0,NaN,NA,NA,NA
50,469,stream,5250,compact,1635,2,belt_rock,closure,1.0474605960137388E-11,0,1.0474605960137388E-11,0,0,NaN,NA,NA,NA
50,470,stream,5250,compact,395,2,belt_rock,direct,1.0128548124203092E-09,1.0128548124203092E-09,0,1,0,0,86.1119,-26.6453,NA
50,471,ring,5250,compact,1165,1,belt_rock,direct,2.194833565913067E-05,2.194833565913067E-05,0,1,1.5530171161790628E-06,37737.5,37812.5,-1.38724,NA
50,472,stream,5250,compact,1550,3,belt_rock,direct,1.0128548124203092E-09,1.0128548124203092E-09,0,1,0,0,86.111,-26.6453,NA
51,473,stream,5250,compact,194,3,belt_rock,direct,2.1767688921865976E-14,0,2.1767688921865976E-14,0,0,NaN,4.832E-12,-473.34,NA
51,474,stream,5250,compact,1165,2,belt_rock,direct,2.1767688921865976E-14,0,2.1767688921865976E-14,0,0,NaN,4.832E-12,-473.34,NA
51,475,ring,5250,compact,909,1,belt_rock,direct,4.1510867471132755E-05,4.1510867471132755E-05,0,1,5.1992133850023046E-08,667.997,669.69,-1.29999,NA
51,476,ring,5250,compact,1267,1,belt_rock,direct,2.1520545727761138E-05,2.1520545727761138E-05,0,1,6.016938675385442E-08,1491.15,1501.13,-1.42108,NA
51,477,ring,5250,compact,1665,1,belt_rock,direct,5.1749999786942846E-05,5.1749999786942846E-05,0,1,1.3862633986013242E-07,1428.68,1430.91,-1.2446,NA
51,478,ring,5250,compact,1510,1,belt_rock,direct,2.9361716076277605E-05,2.9361716076277605E-05,0,1,6.098499782487377E-07,11077.5,11127.1,-1.06539,NA
51,479,ring,5250,compact,361,1,belt_rock,direct,3.496952379556332E-05,3.496952379556332E-05,0,1,4.424874104341776E-08,674.854,677.607,-2.4568,NA
51,480,ring,5250,compact,1656,1,belt_rock,direct,0.00010412931862694542,0.00010412931862694542,0,1,5.777370988973879E-07,2959.07,2960.89,-2.53637,NA
52,481,ring,5250,compact,1026,1,belt_rock,direct,9.845457718814451E-07,9.845457718814451E-07,0,1,2.1343306402051E-08,11561.8,11590,-3.60277,NA
52,482,stream,5250,compact,1026,2,belt_rock,closure,4.18881670635368E-12,0,4.18881670635368E-12,0,0,NaN,NA,NA,NA
52,483,stream,5250,compact,1656,2,belt_rock,closure,4.18881670635368E-12,0,4.18881670635368E-12,0,0,NaN,NA,NA,NA
52,484,stream,5250,compact,427,1,belt_rock,direct,1.3130073863905397E-06,1.3130073863905397E-06,0,1,0,0,188.311,-2.2883,NA
52,485,ring,5250,compact,1824,1,belt_rock,direct,7.019431046055731E-05,7.019431046055731E-05,0,1,6.770551018102394E-07,5144.24,5144.77,-2.52565,NA
52,486,ring,5250,compact,110,1,belt_rock,direct,5.995262953557831E-05,5.995262953557831E-05,0,1,5.21735449662907E-06,46413.1,46520.1,-1.28361,NA
52,487,ring,5250,compact,193,1,belt_rock,direct,6.251551347630106E-05,6.251551347630106E-05,0,1,8.346448064222723E-08,712.053,713.858,-1.01832,NA
52,488,stream,5250,compact,1824,2,belt_rock,closure,1.6568105101396706E-11,0,1.6568105101396706E-11,0,0,NaN,NA,NA,NA
52,489,stream,5250,compact,1026,3,belt_rock,closure,1.6568105101396706E-11,0,1.6568105101396706E-11,0,0,NaN,NA,NA,NA
53,490,ring,5250,compact,1460,1,belt_rock,direct,4.7841660322097855E-05,4.7841660322097855E-05,0,1,1.4872212309537846E-05,165794,165712,-1.23927,NA
53,491,ring,5250,compact,1564,1,belt_rock,direct,1.424533371034305E-05,1.424533371034305E-05,0,1,4.490399499290918E-08,1681.17,1682.7,-2.55805,NA
53,492,ring,5250,compact,1861,1,belt_rock,direct,8.424842774313743E-05,8.424842774313743E-05,0,1,5.222167868638847E-06,33058.9,33081.2,-1.23024,NA
53,493,ring,5250,compact,1387,1,belt_rock,direct,3.392206594143858E-05,3.392206594143858E-05,0,1,2.3573794783235488E-08,370.635,373.685,-2.47464,NA
53,494,stream,5250,compact,427,2,belt_rock,direct,6.16792719583049E-07,6.16792719583049E-07,0,1,0,0,187.822,-2.29395,NA
53,495,stream,5250,compact,1656,3,belt_rock,direct,6.16792719583049E-07,6.16792719583049E-07,0,1,0,0,187.822,-2.29395,NA
54,496,stream,5250,compact,1873,4,unknown,direct,1.3877795498770395E-11,0,1.3877795498770395E-11,0,0,NaN,2986.2,-13.4952,NA
54,497,ring,5250,compact,766,1,belt_rock,direct,1.808318445146107E-05,1.808318445146107E-05,0,1,5.4682907532765944E-08,1612.78,1623.5,-2.6144,NA
54,498,ring,5250,compact,1457,1,belt_rock,direct,0.00011032023709553349,0.00011032023709553349,0,1,8.577254114291242E-08,414.66,416.35,-2.31014,NA
54,499,ring,5250,compact,683,1,belt_rock,direct,6.389245557165011E-05,6.389245557165011E-05,0,1,3.5423999974303697E-07,2956.97,2959.04,-2.45924,NA
55,500,ring,5250,compact,580,1,belt_rock,direct,5.123003439692752E-05,5.123003439692752E-05,0,1,8.35002521175875E-07,8692.84,8695.08,-1.19001,NA
55,501,stream,5250,compact,683,2,belt_rock,direct,1.7800580664481886E-10,1.7800580664481886E-10,0,1,0,0,6.05069E-13,-39.4612,NA
55,502,stream,5250,compact,1457,2,belt_rock,direct,1.7800580664481886E-10,1.7800580664481886E-10,0,1,0,0,6.05069E-13,-39.4612,NA
55,503,ring,5250,compact,1740,1,belt_rock,direct,6.998102830473056E-06,6.998102830473056E-06,0,1,4.78097595071303E-09,364.364,365.604,-2.3736,NA
55,504,ring,5250,compact,1432,1,belt_rock,direct,0.00011508616382546177,0.00011508616382546177,0,1,4.549680633104064E-07,2108.42,2110.61,-1.16362,NA
55,505,ring,5250,compact,850,1,belt_rock,direct,4.267575438656333E-05,4.267575438656333E-05,0,1,5.6660134374650516E-08,708.101,710.831,-2.36746,NA
56,506,ring,5250,compact,1377,1,belt_rock,direct,9.492036886164443E-06,9.492036886164443E-06,0,1,2.8542931786224208E-08,1603.75,1604.77,-2.51574,NA
56,507,ring,5250,compact,1640,1,belt_rock,direct,3.9764052733827205E-06,3.9764052733827205E-06,0,1,3.7110853100822105E-07,49774.7,49766.9,-1.31701,NA
56,508,stream,5250,compact,1640,2,belt_rock,closure,8.620474363136562E-16,0,8.620474363136562E-16,0,0,NaN,NA,NA,NA
56,509,stream,5250,compact,1377,2,belt_rock,closure,8.620474363136562E-16,0,8.620474363136562E-16,0,0,NaN,NA,NA,NA
56,510,stream,5250,compact,1194,2,unknown,direct,1.5646943017402467E-11,0,1.5646943017402467E-11,0,0,NaN,2937.99,-12.9121,NA
57,511,ring,5250,compact,172,1,belt_rock,direct,2.726267464335094E-05,2.726267464335094E-05,0,1,7.783662877976803E-08,1522.7,1523.31,-2.43899,NA
57,512,ring,5250,compact,593,1,belt_rock,direct,3.034511076535127E-06,3.034511076535127E-06,0,1,1.8438079426577633E-06,324060,324212,-1.33055,NA
57,513,ring,5250,compact,1375,1,belt_rock,direct,7.214029897483035E-06,7.214029897483035E-06,0,1,1.9707736215879533E-07,14569.9,14578.6,-1.56748,NA
57,514,stream,5250,compact,1375,2,belt_rock,closure,1.5514503134413562E-12,0,1.5514503134413562E-12,0,0,NaN,NA,NA,NA
57,515,stream,5250,compact,593,2,belt_rock,closure,1.5514503134413562E-12,0,1.5514503134413562E-12,0,0,NaN,NA,NA,NA
57,516,ring,5250,compact,1557,1,belt_rock,direct,9.70481328265098E-05,9.70481328265098E-05,0,1,2.7479592226147666E-07,1510.16,1511.03,-2.37655,NA
57,517,ring,5250,compact,972,1,belt_rock,direct,1.2010703152430972E-05,1.2010703152430972E-05,0,1,1.5915763704290808E-08,706.737,719.336,-1.32668,NA
57,518,ring,5250,compact,1474,1,belt_rock,direct,1.526929235080234E-05,1.526929235080234E-05,0,1,6.991297099377145E-07,24419.5,24479.9,-1.12131,NA
58,519,ring,5250,compact,895,1,belt_rock,direct,5.167362825957355E-05,5.167362825957355E-05,0,1,1.692320516417365E-06,17466.8,17476.7,-1.12753,NA
58,520,ring,5250,compact,1184,1,belt_rock,direct,2.711050414111043E-05,2.711050414111043E-05,0,1,1.290526133881133E-07,2538.8,2540.77,-1.14274,NA
58,521,stream,5250,compact,895,2,belt_rock,closure,7.874312503806067E-14,0,7.874312503806067E-14,0,0,NaN,NA,NA,NA
58,522,stream,5250,compact,1474,2,belt_rock,closure,7.874312503806067E-14,0,7.874312503806067E-14,0,0,NaN,NA,NA,NA
58,523,ring,5250,compact,29,1,belt_rock,direct,7.415129662581444E-05,7.415129662581444E-05,0,1,1.7063894044023449E-07,1227.32,1231.52,-1.08385,NA
58,524,ring,5250,compact,718,1,belt_rock,direct,5.94922127198584E-05,5.94922127198584E-05,0,1,2.9824651931690524E-07,2673.71,2680.23,-1.06942,NA
59,525,ring,5250,compact,1085,1,belt_rock,direct,7.127011285004749E-05,7.127011285004749E-05,0,1,1.1070492975011823E-07,828.435,828.883,-2.33682,NA
59,526,ring,5250,compact,1266,1,belt_rock,direct,0.00012820551113763327,0.00012820551113763327,0,1,2.4585968400508898E-06,10227.7,10236.9,-1.04782,NA
59,527,ring,5250,compact,1984,1,belt_rock,direct,5.874267562074319E-05,5.874267562074319E-05,0,1,4.2714904135255994E-05,387815,389631,-1.0842,NA
59,528,ring,5250,compact,672,1,belt_rock,direct,1.1518379470162557E-05,1.1518379470162557E-05,0,1,1.457536341152128E-06,67488,67427.8,-2.41005,NA
59,529,ring,5250,compact,1733,1,belt_rock,direct,8.171056839131142E-07,8.171056839131142E-07,0,1,9.228385063189438E-10,602.346,616.34,-1.27558,NA
59,530,stream,5250,compact,1984,3,belt_rock,closure,1.8402819279188473E-16,0,1.8402819279188473E-16,0,0,NaN,NA,NA,NA
59,531,stream,5250,compact,548,1,belt_rock,direct,1.1361598220820847E-06,1.1361598220820847E-06,0,1,0,0,459.453,-1.45272,NA
60,532,stream,5250,compact,548,2,belt_rock,direct,4.925410910026283E-07,4.925410910026283E-07,0,1,0,0,437.916,-1.72247,NA
60,533,ring,5250,compact,1146,1,belt_rock,direct,6.568865319172369E-07,6.568865319172369E-07,0,1,3.1298887234795145E-09,2541.19,2625.53,-1.64616,NA
60,534,ring,5250,compact,1908,1,belt_rock,direct,9.046472078039928E-07,9.046472078039928E-07,0,1,1.3609760844213589E-07,80236.1,80318.4,-1.3121,NA
60,535,stream,5250,compact,1984,4,belt_rock,direct,4.925410910026283E-07,4.925410910026283E-07,0,1,0,0,437.915,-1.72247,NA
60,536,stream,5250,compact,1146,2,belt_rock,closure,8.939160796215065E-17,0,8.939160796215065E-17,0,0,NaN,NA,NA,NA
60,537,ring,5250,compact,1344,1,belt_rock,direct,9.054946900590909E-05,9.054946900590909E-05,0,1,2.3465571960684096E-06,13821.1,13815.3,-1.07325,NA
60,538,stream,5250,compact,1344,2,belt_rock,closure,2.2434055431381394E-13,0,2.2434055431381394E-13,0,0,NaN,NA,NA,NA
60,539,stream,5250,compact,1146,3,belt_rock,closure,2.2434055431381394E-13,0,2.2434055431381394E-13,0,0,NaN,NA,NA,NA
60,540,stream,5250,compact,1908,3,belt_rock,closure,2.2434055431381394E-13,0,2.2434055431381394E-13,0,0,NaN,NA,NA,NA
60,541,stream,5250,compact,1984,5,belt_rock,closure,2.2434055431381394E-13,0,2.2434055431381394E-13,0,0,NaN,NA,NA,NA
60,542,ring,5250,compact,58,1,belt_rock,direct,1.7254673485562205E-06,1.7254673485562205E-06,0,1,2.0834737575722115E-09,643.991,656.136,-2.37171,NA
62,543,ring,5250,compact,1427,1,belt_rock,direct,6.810036528369576E-06,6.810036528369576E-06,0,1,3.9842201003481097E-07,31202.7,31211.2,-1.14175,NA
62,544,stream,5250,compact,1427,2,belt_rock,closure,5.943951826306889E-15,0,5.943951826306889E-15,0,0,NaN,NA,NA,NA
62,545,stream,5250,compact,1344,3,belt_rock,closure,5.943951826306889E-15,0,5.943951826306889E-15,0,0,NaN,NA,NA,NA
62,546,ring,5250,compact,1132,1,belt_rock,direct,4.6484610688270634E-05,4.6484610688270634E-05,0,1,1.8131730677747561E-07,2080.31,2082.22,-2.30537,NA
62,547,ring,5250,compact,1112,1,belt_rock,direct,9.376480764236024E-05,9.376480764236024E-05,0,1,1.0256465826436863E-07,583.387,586.05,-1.03455,NA
62,548,ring,5250,compact,1511,1,belt_rock,direct,1.6451701486629074E-05,1.6451701486629074E-05,0,1,2.0509712838295793E-07,6648.86,6652.92,-1.07447,NA
62,549,stream,5250,compact,1132,2,belt_rock,closure,7.927103225799217E-10,7.927103225799217E-10,0,1,0,0,NA,NA,NA
62,550,stream,5250,compact,1344,4,belt_rock,closure,7.927103225799217E-10,7.927103225799217E-10,0,1,0,0,NA,NA,NA
62,551,ring,5250,compact,1320,1,belt_rock,direct,4.701482931710905E-05,4.701482931710905E-05,0,1,4.1462917514067796E-07,4703.53,4713.89,-0.994628,NA
63,552,stream,5250,compact,1320,2,belt_rock,direct,2.730605360155823E-11,0,2.730605360155823E-11,0,0,NaN,-9.86098E-13,-59.8401,NA
63,553,stream,5250,compact,1344,5,belt_rock,direct,2.730605360155823E-11,0,2.730605360155823E-11,0,0,NaN,-9.86098E-13,-59.8401,NA
63,554,ring,5250,compact,488,1,belt_rock,direct,9.635752618049203E-07,9.635752618049203E-07,0,1,2.282209985370563E-08,12631.9,12645.1,-1.31071,NA
63,555,stream,5250,compact,488,2,belt_rock,closure,3.544587816070456E-13,0,3.544587816070456E-13,0,0,NaN,NA,NA,NA
63,556,stream,5250,compact,1344,6,belt_rock,closure,3.544587816070456E-13,0,3.544587816070456E-13,0,0,NaN,NA,NA,NA
64,557,ring,5250,compact,1582,1,belt_rock,direct,3.228749989393631E-05,3.228749989393631E-05,0,1,1.761089732901909E-07,2909.01,2919.72,-1.08459,NA
64,558,ring,5250,compact,1213,1,belt_rock,direct,6.612395081672647E-07,6.612395081672647E-07,0,1,8.201275031458173E-09,6614.87,6646.43,-1.1673,NA
64,559,ring,5250,compact,310,1,belt_rock,direct,3.052840586087067E-05,3.052840586087067E-05,0,1,7.748185448750974E-08,1353.61,1356.7,-2.23249,NA
64,560,stream,5250,compact,1582,2,belt_rock,closure,1.9480364557007054E-09,1.9480364557007054E-09,0,1,0,0,NA,NA,NA
64,561,stream,5250,compact,1344,7,belt_rock,closure,1.9480364557007054E-09,1.9480364557007054E-09,0,1,0,0,NA,NA,NA
64,562,stream,5250,compact,488,3,belt_rock,closure,1.9480364557007054E-09,1.9480364557007054E-09,0,1,0,0,NA,NA,NA
64,563,stream,5250,compact,1320,3,belt_rock,closure,1.9480364557007054E-09,1.9480364557007054E-09,0,1,0,0,NA,NA,NA
64,564,ring,5250,compact,708,1,belt_rock,direct,6.65496755352191E-05,6.65496755352191E-05,0,1,8.456640937216651E-08,677.721,680.363,-2.17996,NA
65,565,ring,5250,compact,1121,1,belt_rock,direct,7.901247001176666E-05,7.901247001176666E-05,0,1,4.447682883451842E-06,30021.8,30029.8,-1.11223,NA
65,566,ring,5250,compact,1562,1,belt_rock,direct,4.953410739011007E-05,4.953410739011007E-05,0,1,1.0314852205331462E-07,1110.6,1113.74,-2.35105,NA
65,567,stream,5250,compact,1121,2,belt_rock,closure,6.080696109316478E-14,0,6.080696109316478E-14,0,0,NaN,NA,NA,NA
65,568,stream,5250,compact,708,2,belt_rock,closure,6.080696109316478E-14,0,6.080696109316478E-14,0,0,NaN,NA,NA,NA
65,569,ring,5250,compact,1354,1,belt_rock,direct,2.6930835740709227E-05,2.6930835740709227E-05,0,1,4.650272603253713E-08,920.931,923.45,-2.21457,NA
65,570,ring,5250,compact,83,1,belt_rock,direct,5.500300876302455E-05,5.500300876302455E-05,0,1,2.733456598773325E-07,2650.48,2652.68,-2.22863,NA
65,571,ring,5250,compact,627,1,belt_rock,direct,7.399350480750456E-05,7.399350480750456E-05,0,1,3.697050534298197E-07,2664.77,2670.43,-0.93404,NA
66,572,stream,5250,compact,83,2,belt_rock,direct,3.300852231480286E-10,3.300852231480286E-10,0,1,0,0,91.791,-33.1376,NA
66,573,stream,5250,compact,627,2,belt_rock,direct,3.300852231480286E-10,3.300852231480286E-10,0,1,0,0,91.791,-33.1376,NA
66,574,stream,5250,compact,1388,1,belt_rock,direct,7.262325417492989E-07,7.262325417492989E-07,0,1,0,0,324.884,-2.34708,NA
66,575,ring,5250,compact,1483,1,belt_rock,direct,0.0001285925954546122,0.0001285925954546122,0,1,1.2942365390963317E-06,5367.8,5368.88,-1.00168,NA
66,576,ring,5250,compact,1001,1,belt_rock,direct,1.9183770168547063E-05,1.9183770168547063E-05,0,1,2.5770524093714908E-08,716.454,725.239,-1.14275,NA
66,577,stream,5250,compact,1483,2,belt_rock,closure,1.5254807607666835E-11,0,1.5254807607666835E-11,0,0,NaN,NA,NA,NA
66,578,stream,5250,compact,1388,2,belt_rock,closure,1.5254807607666835E-11,0,1.5254807607666835E-11,0,0,NaN,NA,NA,NA
66,579,ring,5250,compact,504,1,belt_rock,direct,1.567754688076422E-05,1.567754688076422E-05,0,1,2.3905229020188512E-08,813.23,817.082,-0.968474,NA
67,580,ring,5250,compact,106,1,belt_rock,direct,9.989621165819789E-07,9.989621165819789E-07,0,1,4.986883037298324E-09,2662.43,2666.98,-2.52107,NA
67,581,ring,5250,compact,1428,1,belt_rock,direct,6.232683724968259E-05,6.232683724968259E-05,0,1,9.375095820471097E-08,802.231,803.6,-0.940176,NA
67,582,ring,5250,compact,1700,1,belt_rock,direct,8.804568325998691E-05,8.804568325998691E-05,0,1,1.0655861503518579E-06,6454.75,6461.95,-1.04146,NA
67,583,ring,5250,compact,668,1,belt_rock,direct,8.018317902652904E-06,8.018317902652904E-06,0,1,1.8125764032608374E-07,12056.2,12058.5,-1.04089,NA
67,584,stream,5250,compact,668,2,belt_rock,closure,5.112713613729116E-13,0,5.112713613729116E-13,0,0,NaN,NA,NA,NA
67,585,stream,5250,compact,1700,2,belt_rock,closure,5.112713613729116E-13,0,5.112713613729116E-13,0,0,NaN,NA,NA,NA
67,586,ring,5250,compact,1407,1,belt_rock,direct,4.2006656493147303E-05,4.2006656493147303E-05,0,1,6.986768509824794E-07,8870.68,8869.27,-0.957787,NA
67,587,ring,5250,compact,239,1,belt_rock,direct,0.0001150110332842934,0.0001150110332842934,0,1,3.3395491911710495E-07,1548.63,1552.7,-0.914901,NA
67,588,stream,5250,compact,1407,2,belt_rock,closure,1.911334190249019E-12,0,1.911334190249019E-12,0,0,NaN,NA,NA,NA
67,589,stream,5250,compact,1700,3,belt_rock,closure,1.911334190249019E-12,0,1.911334190249019E-12,0,0,NaN,NA,NA,NA
68,590,ring,5250,compact,1695,1,belt_rock,direct,0.00010860298550837838,0.00010860298550837838,0,1,0.0005250291909255606,2.57834E+06,2.54885E+06,-2.16055,NA
68,591,ring,5250,compact,1949,1,belt_rock,direct,2.8151655907973634E-05,2.8151655907973634E-05,0,1,1.49738274372949E-07,2836.79,2849.61,-1.00781,NA
68,592,ring,5250,compact,726,1,belt_rock,direct,4.507154206556002E-06,4.507154206556002E-06,0,1,3.509769347820517E-07,41531.2,41495.6,-2.233,NA
68,593,stream,5250,compact,1949,2,belt_rock,closure,2.207715475443443E-09,2.207715475443443E-09,0,1,0,0,NA,NA,NA
68,594,stream,5250,compact,1407,3,belt_rock,closure,2.207715475443443E-09,2.207715475443443E-09,0,1,0,0,NA,NA,NA
69,595,stream,5250,compact,381,1,belt_rock,direct,6.703728818498934E-05,6.703728818498934E-05,0,1,0,0,1.12451E+08,-0.945692,NA
69,596,stream,5250,compact,726,2,belt_rock,direct,1.7078373525362275E-15,0,1.7078373525362275E-15,0,0,NaN,0,-521.508,NA
69,597,stream,5250,compact,1700,5,belt_rock,direct,1.7078373525362275E-15,0,1.7078373525362275E-15,0,0,NaN,0,-521.508,NA
69,598,stream,5250,compact,381,2,belt_rock,closure,2.364203197396612E-05,2.364203197396612E-05,0,1,0,0,NA,NA,NA
69,599,stream,5250,compact,1407,4,belt_rock,closure,2.364203197396612E-05,2.364203197396612E-05,0,1,0,0,NA,NA,NA
69,600,stream,5250,compact,381,3,belt_rock,closure,1.0691331145238546E-05,1.0691331145238546E-05,0,1,0,0,NA,NA,NA
69,601,stream,5250,compact,1700,6,belt_rock,closure,1.0691331145238546E-05,1.0691331145238546E-05,0,1,0,0,NA,NA,NA
69,602,stream,5250,compact,1407,5,belt_rock,closure,1.0691331091013809E-05,1.0691331091013809E-05,0,1,0,0,NA,NA,NA
69,603,stream,5250,compact,726,3,belt_rock,closure,1.0691331091013809E-05,1.0691331091013809E-05,0,1,0,0,NA,NA,NA
69,604,ring,5250,compact,656,1,belt_rock,direct,1.1437174342353412E-05,1.1437174342353412E-05,0,1,1.655460725418583E-07,7719.67,7705.27,-2.03498,NA
69,605,ring,5250,compact,1416,1,belt_rock,direct,0.0001301991703696145,0.0001301991703696145,0,1,1.6484888197860095E-07,675.269,677.566,-2.08618,NA
70,606,stream,5250,compact,381,4,unknown,direct,4.0424727480102886E-06,4.0424727480102886E-06,0,1,0,0,1.26575E+08,-1.06931,NA
70,607,stream,5250,compact,726,4,unknown,direct,4.042472703124952E-06,4.042472703124952E-06,0,1,0,0,1.27035E+08,-1.06931,NA
70,608,stream,5250,compact,1407,6,unknown,direct,4.042472703124952E-06,4.042472703124952E-06,0,1,0,0,1.27715E+08,-1.06931,NA
70,609,ring,5250,compact,1681,1,belt_rock,direct,3.263797818133993E-05,3.263797818133993E-05,0,1,3.29768496363233E-08,538.871,539.353,-2.11505,NA
70,610,stream,5250,compact,1700,7,unknown,direct,4.0424727480102886E-06,4.0424727480102886E-06,0,1,0,0,1.25904E+08,-1.06931,NA
70,611,stream,5250,compact,726,5,unknown,unknown,1.6445192432632794E-06,1.6445192432632794E-06,0,1,0,0,NA,NA,NA
70,612,stream,5250,compact,381,5,unknown,unknown,1.6445192432632794E-06,1.6445192432632794E-06,0,1,0,0,NA,NA,NA
70,613,ring,5250,compact,1129,1,belt_rock,direct,3.942787185242079E-06,3.942787185242079E-06,0,1,2.69413933681051E-07,36443.1,36509.6,-0.95854,NA
70,614,stream,5250,compact,726,6,unknown,unknown,6.384027544554767E-07,6.384027544554767E-07,0,1,0,0,NA,NA,NA
70,615,stream,5250,compact,1700,8,unknown,unknown,6.384027544554767E-07,6.384027544554767E-07,0,1,0,0,NA,NA,NA
70,616,stream,5250,compact,1129,2,unknown,unknown,3.6242813474282846E-15,0,3.6242813474282846E-15,0,0,NaN,NA,NA,NA
70,617,stream,5250,compact,381,6,unknown,unknown,3.6242813474282846E-15,0,3.6242813474282846E-15,0,0,NaN,NA,NA,NA
70,618,stream,5250,compact,1700,9,unknown,unknown,3.1144038668811184E-07,3.1144038668811184E-07,0,1,0,0,NA,NA,NA
70,619,stream,5250,compact,726,7,unknown,unknown,3.1144038668811184E-07,3.1144038668811184E-07,0,1,0,0,NA,NA,NA
71,620,stream,5250,compact,381,7,unknown,direct,1.3237743111027728E-07,1.3237743111027728E-07,0,1,0,0,1.34925E+08,-1.70285,NA
71,621,stream,5250,compact,726,8,unknown,direct,1.3237743065473216E-07,1.3237743065473216E-07,0,1,0,0,1.34976E+08,-1.70285,NA
71,622,ring,5250,compact,894,1,belt_rock,direct,2.7646767357510846E-05,2.7646767357510846E-05,0,1,2.3765712565168196E-08,458.464,459.404,-2.08592,NA
71,623,stream,5250,compact,1129,3,unknown,direct,1.3237743065473216E-07,1.3237743065473216E-07,0,1,0,0,1.35287E+08,-1.70285,NA
71,624,stream,5250,compact,1700,10,unknown,direct,1.3237743111027728E-07,1.3237743111027728E-07,0,1,0,0,1.34616E+08,-1.70285,NA
71,625,stream,5250,compact,726,9,unknown,unknown,4.344205227489826E-08,4.344205227489826E-08,0,1,0,0,NA,NA,NA
71,626,stream,5250,compact,381,8,unknown,unknown,4.344205227489826E-08,4.344205227489826E-08,0,1,0,0,NA,NA,NA
71,627,stream,5250,compact,1129,4,unknown,unknown,4.344205208937541E-08,4.344205208937541E-08,0,1,0,0,NA,NA,NA
71,628,stream,5250,compact,894,2,unknown,unknown,4.344205208937541E-08,4.344205208937541E-08,0,1,0,0,NA,NA,NA
71,629,stream,5250,compact,726,10,unknown,unknown,2.0810220726780725E-08,2.0810220726780725E-08,0,1,0,0,NA,NA,NA
71,630,stream,5250,compact,1700,11,unknown,unknown,2.0810220726780725E-08,2.0810220726780725E-08,0,1,0,0,NA,NA,NA
71,631,stream,5250,compact,1129,5,unknown,unknown,2.0810220520567186E-08,2.0810220520567186E-08,0,1,0,0,NA,NA,NA
71,632,stream,5250,compact,381,9,unknown,unknown,2.0810220520567186E-08,2.0810220520567186E-08,0,1,0,0,NA,NA,NA
71,633,stream,5250,compact,726,11,unknown,unknown,7.974785197310667E-09,7.974785197310667E-09,0,1,0,0,NA,NA,NA
71,634,stream,5250,compact,894,3,unknown,unknown,7.974785197310667E-09,7.974785197310667E-09,0,1,0,0,NA,NA,NA
71,635,stream,5250,compact,1129,6,unknown,unknown,7.974785042071272E-09,7.974785042071272E-09,0,1,0,0,NA,NA,NA
72,636,ring,5250,compact,945,1,belt_rock,direct,1.8759258506963544E-05,1.8759258506963544E-05,0,1,4.128613437882029E-07,11737.8,11737.8,-0.907322,NA
72,637,ring,5250,compact,1225,1,belt_rock,direct,5.990496457751051E-05,5.990496457751051E-05,0,1,6.578865855208811E-05,585716,585716,-0.882134,NA
72,638,ring,5250,compact,84,1,belt_rock,direct,1.0162587502369882E-06,1.0162587502369882E-06,0,1,6.343145186528819E-07,332889,333282,-0.882468,NA
72,639,ring,5250,compact,1567,1,belt_rock,direct,2.6871672451028787E-05,2.6871672451028787E-05,0,1,1.098638609396361E-07,2180.51,2184.86,-0.861943,NA
72,640,ring,5250,compact,1152,1,belt_rock,direct,3.944291402381052E-05,3.944291402381052E-05,0,1,8.539215428125958E-07,11546.4,11567.7,-0.838248,NA
72,641,ring,5250,compact,88,1,belt_rock,direct,2.4785302586141077E-05,2.4785302586141077E-05,0,1,2.5925774760638794E-06,55787.4,55691.2,-2.10873,NA
72,642,stream,5250,compact,183,1,belt_rock,direct,7.514426820808907E-07,7.514426820808907E-07,0,1,0,0,711.423,-2.44362,NA
72,643,ring,5250,compact,1602,1,belt_rock,direct,8.111013895030717E-05,8.111013895030717E-05,0,1,2.509055871147322E-06,16498.1,16538.8,-0.840086,NA
72,644,stream,5250,compact,1567,2,belt_rock,closure,8.234206289927329E-10,8.234206289927329E-10,0,1,0,0,NA,NA,NA
72,645,stream,5250,compact,1225,4,belt_rock,closure,8.234206289927329E-10,8.234206289927329E-10,0,1,0,0,NA,NA,NA
72,646,stream,5250,compact,84,3,belt_rock,closure,8.234206289927329E-10,8.234206289927329E-10,0,1,0,0,NA,NA,NA
72,647,stream,5250,compact,945,3,belt_rock,closure,8.234206289927329E-10,8.234206289927329E-10,0,1,0,0,NA,NA,NA
72,648,stream,5250,compact,1152,2,belt_rock,closure,4.337491184258297E-16,0,4.337491184258297E-16,0,0,NaN,NA,NA,NA
72,649,stream,5250,compact,1602,2,belt_rock,closure,1.0241138347310263E-13,0,1.0241138347310263E-13,0,0,NaN,NA,NA,NA
72,650,stream,5250,compact,183,2,belt_rock,closure,1.0241138347310263E-13,0,1.0241138347310263E-13,0,0,NaN,NA,NA,NA
73,651,ring,5250,compact,1535,1,belt_rock,direct,6.236958010531409E-05,6.236958010531409E-05,0,1,1.5104267605619664E-07,1291.59,1300.51,-0.897553,NA
74,652,ring,5250,compact,478,1,belt_rock,direct,4.7739050182001185E-05,4.7739050182001185E-05,0,1,0.0001505775545789978,1.68223E+06,1.67867E+06,-0.884587,NA
74,653,ring,5250,compact,1501,1,belt_rock,direct,4.149100754786208E-06,4.149100754786208E-06,0,1,1.0966866739111681E-07,14097,14099.8,-0.973414,NA
74,654,stream,5250,compact,1501,2,belt_rock,closure,2.1947502348697283E-13,0,2.1947502348697283E-13,0,0,NaN,NA,NA,NA
74,655,stream,5250,compact,945,5,belt_rock,closure,2.1947502348697283E-13,0,2.1947502348697283E-13,0,0,NaN,NA,NA,NA
74,656,ring,5250,compact,1660,1,belt_rock,direct,3.583242001086685E-06,3.583242001086685E-06,0,1,1.3521926864338003E-07,20126.2,20170,-1.06506,NA
74,657,ring,5250,compact,1739,1,belt_rock,direct,6.767594610232763E-05,6.767594610232763E-05,0,1,2.898822829818398E-07,2284.47,2289.79,-0.794003,NA
74,658,stream,5250,compact,1660,2,belt_rock,closure,3.7871456025136127E-13,0,3.7871456025136127E-13,0,0,NaN,NA,NA,NA
74,659,stream,5250,compact,945,6,belt_rock,closure,3.7871456025136127E-13,0,3.7871456025136127E-13,0,0,NaN,NA,NA,NA
74,660,stream,5250,compact,1501,3,belt_rock,closure,3.7871456025136127E-13,0,3.7871456025136127E-13,0,0,NaN,NA,NA,NA
74,661,stream,5250,compact,478,3,belt_rock,closure,3.7871456025136127E-13,0,3.7871456025136127E-13,0,0,NaN,NA,NA,NA
75,662,ring,5250,compact,738,1,belt_rock,direct,0.0001054187215839034,0.0001054187215839034,0,1,5.175466963091241E-07,2618.37,2618.99,-0.894748,NA
75,663,ring,5250,compact,1742,1,belt_rock,direct,6.758329382575444E-06,6.758329382575444E-06,0,1,1.9601513180508868E-08,1546.85,1561.73,-1.08461,NA
75,664,stream,5250,compact,738,2,belt_rock,closure,3.6583681114737065E-10,3.6583681114737065E-10,0,1,0,0,NA,NA,NA
75,665,stream,5250,compact,478,4,belt_rock,closure,3.6583681114737065E-10,3.6583681114737065E-10,0,1,0,0,NA,NA,NA
75,666,stream,5250,compact,1501,4,belt_rock,closure,3.6583681114737065E-10,3.6583681114737065E-10,0,1,0,0,NA,NA,NA
75,667,stream,5250,compact,945,7,belt_rock,closure,3.6583681114737065E-10,3.6583681114737065E-10,0,1,0,0,NA,NA,NA
75,668,stream,5250,compact,1660,3,belt_rock,closure,3.6583681114737065E-10,3.6583681114737065E-10,0,1,0,0,NA,NA,NA
75,669,stream,5250,compact,1739,2,belt_rock,closure,3.6583681114737065E-10,3.6583681114737065E-10,0,1,0,0,NA,NA,NA
75,670,ring,5250,compact,1906,1,belt_rock,direct,4.956408372927194E-06,4.956408372927194E-06,0,1,3.6340310577350114E-07,39103.9,39169,-1.07667,NA
75,671,stream,5250,compact,1906,2,belt_rock,closure,1.9376713899893482E-14,0,1.9376713899893482E-14,0,0,NaN,NA,NA,NA
75,672,stream,5250,compact,1739,3,belt_rock,closure,1.9376713899893482E-14,0,1.9376713899893482E-14,0,0,NaN,NA,NA,NA
75,673,ring,5250,compact,1262,1,belt_rock,direct,7.221978235600674E-07,7.221978235600674E-07,0,1,6.178326141572336E-08,45626.1,45629.4,-2.22558,NA
75,674,stream,5250,compact,1262,2,belt_rock,closure,1.118488947866935E-15,0,1.118488947866935E-15,0,0,NaN,NA,NA,NA
75,675,stream,5250,compact,1739,4,belt_rock,closure,1.118488947866935E-15,0,1.118488947866935E-15,0,0,NaN,NA,NA,NA
76,676,ring,5250,compact,372,1,belt_rock,direct,4.251078537383825E-06,4.251078537383825E-06,0,1,1.600631317153319E-08,2008.13,2037.62,-2.30417,NA
77,677,ring,5250,compact,1265,1,belt_rock,direct,9.261363922954694E-07,9.261363922954694E-07,0,1,4.029965207294992E-08,23207.3,23282.2,-2.44068,NA
77,678,ring,5250,compact,1703,1,belt_rock,direct,5.351362276519538E-05,5.351362276519538E-05,0,1,2.2227098558860305E-07,2215.22,2217.14,-2.02276,NA
77,679,stream,5250,compact,1703,2,belt_rock,closure,6.393131544925871E-10,6.393131544925871E-10,0,1,0,0,NA,NA,NA
77,680,stream,5250,compact,1265,2,belt_rock,closure,6.393131544925871E-10,6.393131544925871E-10,0,1,0,0,NA,NA,NA
78,681,ring,5250,compact,454,1,belt_rock,direct,9.221810318315167E-05,9.221810318315167E-05,0,1,6.464138532574448E-06,37384.6,37373.9,-0.805437,NA
78,682,ring,5250,compact,1239,1,belt_rock,direct,1.0645300100293864E-05,1.0645300100293864E-05,0,1,4.0267492339582036E-07,20174.2,20168.6,-2.06541,NA
78,683,ring,5250,compact,1338,1,belt_rock,direct,1.8985533361549166E-05,1.8985533361549166E-05,0,1,2.705408933937201E-07,7599.92,7608.85,-0.787929,NA
78,684,ring,5250,compact,1643,1,belt_rock,direct,0.00012552622536062344,0.00012552622536062344,0,1,8.912814706831143E-07,3786.86,3791.37,-0.753821,NA
78,685,stream,5250,compact,1239,2,belt_rock,closure,4.198312513908245E-14,0,4.198312513908245E-14,0,0,NaN,NA,NA,NA
78,686,stream,5250,compact,454,2,belt_rock,closure,4.198312513908245E-14,0,4.198312513908245E-14,0,0,NaN,NA,NA,NA
78,687,stream,5250,compact,1643,2,belt_rock,closure,7.285483727047076E-11,7.285483727047076E-11,0,1,0,0,NA,NA,NA
78,688,stream,5250,compact,1338,2,belt_rock,closure,7.285483727047076E-11,7.285483727047076E-11,0,1,0,0,NA,NA,NA
78,689,ring,5250,compact,942,1,belt_rock,direct,4.4140935052034256E-05,4.4140935052034256E-05,0,1,1.2713817090172183E-05,153615,152641,-0.761158,NA
79,690,ring,5250,compact,1369,1,belt_rock,direct,2.0606570265758738E-06,2.0606570265758738E-06,0,1,5.145948142554196E-08,13318.6,13355.5,-1.25399,NA
79,691,ring,5250,compact,1818,1,belt_rock,direct,6.689213950071773E-07,6.689213950071773E-07,0,1,1.9774437830661712E-09,1576.62,1592.27,-2.29227,NA
79,692,ring,5250,compact,809,1,belt_rock,direct,6.567273384157311E-07,6.567273384157311E-07,0,1,3.1832005932018855E-08,25851,25888.6,-1.01804,NA
79,693,stream,5250,compact,1369,2,belt_rock,closure,2.3890220510655615E-12,0,2.3890220510655615E-12,0,0,NaN,NA,NA,NA
79,694,stream,5250,compact,942,2,belt_rock,closure,2.3890220510655615E-12,0,2.3890220510655615E-12,0,0,NaN,NA,NA,NA
79,695,ring,5250,compact,17,1,belt_rock,direct,8.658938727504469E-06,8.658938727504469E-06,0,1,2.4431468579260897E-08,1504.82,1505.23,-0.721999,NA
79,696,stream,5250,compact,809,2,belt_rock,closure,1.6866324781739783E-14,0,1.6866324781739783E-14,0,0,NaN,NA,NA,NA
79,697,stream,5250,compact,1818,2,belt_rock,closure,1.6866324781739783E-14,0,1.6866324781739783E-14,0,0,NaN,NA,NA,NA
80,698,ring,5250,compact,190,1,belt_rock,direct,7.71592897175828E-06,7.71592897175828E-06,0,1,1.0000818094005762E-07,6912.67,6917.33,-0.83384,NA
80,699,ring,5250,compact,1919,1,belt_rock,direct,6.69811650707415E-07,6.69811650707415E-07,0,1,4.654302350655372E-09,3705.96,3720.29,-1.1025,NA
80,700,stream,5250,compact,190,2,belt_rock,closure,5.186619836014049E-12,0,5.186619836014049E-12,0,0,NaN,NA,NA,NA
80,701,stream,5250,compact,1818,3,belt_rock,closure,5.186619836014049E-12,0,5.186619836014049E-12,0,0,NaN,NA,NA,NA
80,702,stream,5250,compact,809,3,belt_rock,closure,5.186619836014049E-12,0,5.186619836014049E-12,0,0,NaN,NA,NA,NA
80,703,stream,5250,compact,1369,3,belt_rock,closure,5.186619836014049E-12,0,5.186619836014049E-12,0,0,NaN,NA,NA,NA
80,704,ring,5250,compact,1189,1,belt_rock,direct,4.259724856277285E-05,4.259724856277285E-05,0,1,9.960141849713915E-06,124705,126296,-0.603606,NA
80,705,stream,5250,compact,5254,9,unknown,direct,3.1293886034804946E-11,0,3.1293886034804946E-11,0,0,NaN,958.302,-37.5939,NA
80,706,ring,5250,compact,1268,1,belt_rock,direct,2.5724991472752826E-05,2.5724991472752826E-05,0,1,2.1928284401082416E-07,4546.2,4553.35,-0.743535,NA
80,707,stream,5250,compact,1268,2,unknown,unknown,3.2673384997625763E-11,0,3.2673384997625763E-11,0,0,NaN,NA,NA,NA
80,708,stream,5250,compact,1919,3,unknown,unknown,3.2673384997625763E-11,0,3.2673384997625763E-11,0,0,NaN,NA,NA,NA
80,709,stream,5250,compact,1818,5,unknown,unknown,3.2673384997625763E-11,0,3.2673384997625763E-11,0,0,NaN,NA,NA,NA
80,710,stream,5250,compact,1369,5,unknown,unknown,3.2673384997625763E-11,0,3.2673384997625763E-11,0,0,NaN,NA,NA,NA
80,711,stream,5250,compact,1189,3,unknown,unknown,3.2673384997625763E-11,0,3.2673384997625763E-11,0,0,NaN,NA,NA,NA
80,712,stream,5250,compact,809,5,unknown,unknown,3.2673384997625763E-11,0,3.2673384997625763E-11,0,0,NaN,NA,NA,NA
80,713,stream,5250,compact,190,4,unknown,unknown,3.2673384997625763E-11,0,3.2673384997625763E-11,0,0,NaN,NA,NA,NA
81,714,ring,5250,compact,1187,1,belt_rock,direct,4.066910095668922E-05,4.066910095668922E-05,0,1,2.799384953824343E-07,3671.1,3671.1,-1.03431,NA
81,715,ring,5250,compact,1843,1,belt_rock,direct,8.022110610403576E-05,8.022110610403576E-05,0,1,2.5801001578142216E-06,17153.3,17153.3,-0.757077,NA
81,716,stream,5250,compact,1187,2,belt_rock,closure,7.172830396005312E-10,7.172830396005312E-10,0,1,0,0,NA,NA,NA
81,717,stream,5250,compact,190,5,belt_rock,closure,7.172830396005312E-10,7.172830396005312E-10,0,1,0,0,NA,NA,NA
81,718,stream,5250,compact,809,6,belt_rock,closure,7.172830396005312E-10,7.172830396005312E-10,0,1,0,0,NA,NA,NA
81,719,stream,5250,compact,1189,4,belt_rock,closure,7.172830396005312E-10,7.172830396005312E-10,0,1,0,0,NA,NA,NA
81,720,stream,5250,compact,1369,6,belt_rock,closure,7.172830396005312E-10,7.172830396005312E-10,0,1,0,0,NA,NA,NA
81,721,stream,5250,compact,1818,6,belt_rock,closure,7.172830396005312E-10,7.172830396005312E-10,0,1,0,0,NA,NA,NA
81,722,stream,5250,compact,1919,4,belt_rock,closure,7.172830396005312E-10,7.172830396005312E-10,0,1,0,0,NA,NA,NA
81,723,stream,5250,compact,1268,3,belt_rock,closure,7.172830396005312E-10,7.172830396005312E-10,0,1,0,0,NA,NA,NA
81,724,ring,5250,compact,905,1,belt_rock,direct,2.4780713661024584E-05,2.4780713661024584E-05,0,1,1.425784648361028E-05,306859,307980,-1.96931,NA
81,725,ring,5250,compact,315,1,belt_rock,direct,6.774412286983804E-05,6.774412286983804E-05,0,1,6.464079703613872E-08,508.902,511.367,-1.90527,NA
82,726,stream,5250,compact,5254,10,belt_rock,direct,3.2673384997625763E-11,3.2673384997625763E-11,0,1,0,0,2319.19,-28.6288,NA
82,727,stream,5250,compact,5254,11,belt_rock,closure,1.5717604622538754E-11,0,1.5717604622538754E-11,0,0,NaN,NA,NA,NA
82,728,stream,5250,compact,905,3,belt_rock,closure,1.5717604622538754E-11,0,1.5717604622538754E-11,0,0,NaN,NA,NA,NA
83,729,ring,5250,compact,1278,1,belt_rock,direct,2.5341688879026387E-05,2.5341688879026387E-05,0,1,1.4023557473352468E-07,2951.35,2949.92,-0.613123,NA
83,730,ring,5250,compact,539,1,belt_rock,direct,6.573248001526268E-07,6.573248001526268E-07,0,1,1.1809582823147272E-07,95819.4,95940.6,-0.957763,NA
83,731,ring,5250,compact,1381,1,belt_rock,direct,0.0001332245203391378,0.0001332245203391378,0,1,1.4389447179753136E-05,57604.8,57529.6,-1.93363,NA
83,732,stream,5250,compact,1278,2,belt_rock,closure,1.7250659404028248E-11,1.7250659404028248E-11,0,1,0,0,NA,NA,NA
83,733,stream,5250,compact,905,4,belt_rock,closure,1.7250659404028248E-11,1.7250659404028248E-11,0,1,0,0,NA,NA,NA
83,734,stream,5250,compact,5254,12,belt_rock,closure,4.031439511773992E-17,0,4.031439511773992E-17,0,0,NaN,NA,NA,NA
83,735,ring,5250,compact,1128,1,belt_rock,direct,2.3151904877595853E-05,2.3151904877595853E-05,0,1,1.7306496671586027E-06,39867.7,39787.4,-0.71292,NA
83,736,stream,5250,compact,372,2,belt_rock,direct,7.97035131056185E-09,7.97035131056185E-09,0,1,0,0,60.9656,-27.0124,NA
83,737,ring,5250,compact,419,1,belt_rock,direct,0.00012935019074020388,0.00012935019074020388,0,1,0.00035623847120158777,1.46883E+06,1.50201E+06,-0.689891,NA
83,738,stream,5250,compact,1262,3,belt_rock,direct,7.97035131056185E-09,7.97035131056185E-09,0,1,0,0,60.9646,-27.0124,NA
83,739,ring,5250,compact,1595,1,belt_rock,direct,9.05691099657703E-06,9.05691099657703E-06,0,1,5.960725406837304E-08,3510.09,3516.67,-0.779658,NA
83,740,stream,5250,compact,1739,5,belt_rock,direct,7.97035131056185E-09,7.97035131056185E-09,0,1,0,0,60.9646,-27.0124,NA
83,741,stream,5250,compact,1906,3,belt_rock,direct,7.97035131056185E-09,7.97035131056185E-09,0,1,0,0,60.9656,-27.0124,NA
83,742,stream,5250,compact,1128,2,belt_rock,closure,1.9717960172191428E-15,0,1.9717960172191428E-15,0,0,NaN,NA,NA,NA
83,743,stream,5250,compact,5254,13,belt_rock,closure,1.9717960172191428E-15,0,1.9717960172191428E-15,0,0,NaN,NA,NA,NA
83,744,ring,5250,compact,591,1,belt_rock,direct,6.0267679426555216E-05,6.0267679426555216E-05,0,1,2.0954486452775041E-07,1854.35,1858.29,-0.737244,NA
84,745,stream,5250,compact,1262,4,belt_rock,direct,1.040921235065555E-10,1.040921235065555E-10,0,1,0,0,964.9,-32.6825,NA
84,746,stream,5250,compact,1595,2,belt_rock,direct,1.040921235065555E-10,1.040921235065555E-10,0,1,0,0,964.9,-32.6825,NA
85,747,ring,5250,compact,1842,1,belt_rock,direct,0.00010719768580901432,0.00010719768580901432,0,1,2.838091027328818E-06,14120.2,14146.4,-0.663769,NA
85,748,stream,5250,compact,1842,2,belt_rock,closure,2.062454841416187E-13,0,2.062454841416187E-13,0,0,NaN,NA,NA,NA
85,749,stream,5250,compact,1595,3,belt_rock,closure,2.062454841416187E-13,0,2.062454841416187E-13,0,0,NaN,NA,NA,NA
85,750,ring,5250,compact,1931,1,belt_rock,direct,4.110827174588683E-05,4.110827174588683E-05,0,1,3.0118560936799306E-07,3907.54,3919.24,-0.758267,NA
86,751,ring,5250,compact,853,1,belt_rock,direct,4.484991302288814E-05,4.484991302288814E-05,0,1,3.980479744629669E-07,4733.39,4734.93,-0.709929,NA
86,752,stream,5250,compact,1595,4,belt_rock,direct,5.504639239786805E-10,5.504639239786805E-10,0,1,0,0,3.13062E-12,-49.7579,NA
86,753,stream,5250,compact,1931,2,belt_rock,direct,5.504639239786805E-10,5.504639239786805E-10,0,1,0,0,3.13062E-12,-49.7579,NA
86,754,stream,5250,compact,853,2,belt_rock,closure,2.7302624298597927E-11,0,2.7302624298597927E-11,0,0,NaN,NA,NA,NA
86,755,stream,5250,compact,1842,3,belt_rock,closure,2.7302624298597927E-11,0,2.7302624298597927E-11,0,0,NaN,NA,NA,NA
86,756,ring,5250,compact,998,1,belt_rock,direct,7.644954983470483E-07,7.644954983470483E-07,0,1,1.1852390447502138E-08,8268.56,8295.93,-0.797959,NA
87,757,stream,5250,compact,998,2,belt_rock,direct,2.757763072933959E-12,0,2.757763072933959E-12,0,0,NaN,1.22048E-12,-104.536,NA
87,758,stream,5250,compact,1842,4,belt_rock,direct,2.757763072933959E-12,0,2.757763072933959E-12,0,0,NaN,1.22048E-12,-104.536,NA
87,759,ring,5250,compact,356,1,belt_rock,direct,3.942822442289594E-06,3.942822442289594E-06,0,1,2.633724178647542E-08,3562.56,3568.15,-0.796365,NA
87,760,ring,5250,compact,1180,1,belt_rock,direct,1.317364887623694E-06,1.317364887623694E-06,0,1,1.596107212362284E-07,64618.2,64590.8,-0.878648,NA
87,761,ring,5250,compact,1895,1,belt_rock,direct,1.3086922614539846E-05,1.3086922614539846E-05,0,1,1.5105136725906315E-07,6155.82,6157.29,-1.93642,NA
87,762,ring,5250,compact,1823,1,belt_rock,direct,5.981116391710992E-05,5.981116391710992E-05,0,1,3.627650402262722E-05,323476,321861,-0.66366,NA
87,763,stream,5250,compact,356,2,belt_rock,closure,1.0087200337525507E-10,1.0087200337525507E-10,0,1,0,0,NA,NA,NA
87,764,stream,5250,compact,1842,5,belt_rock,closure,1.0087200337525507E-10,1.0087200337525507E-10,0,1,0,0,NA,NA,NA
87,765,stream,5250,compact,998,3,belt_rock,closure,1.0087200337525507E-10,1.0087200337525507E-10,0,1,0,0,NA,NA,NA
87,766,stream,5250,compact,853,3,belt_rock,closure,1.0087200337525507E-10,1.0087200337525507E-10,0,1,0,0,NA,NA,NA
87,767,stream,5250,compact,1895,2,belt_rock,closure,9.355352317871419E-12,0,9.355352317871419E-12,0,0,NaN,NA,NA,NA
87,768,stream,5250,compact,1180,2,belt_rock,closure,9.355352317871419E-12,0,9.355352317871419E-12,0,0,NaN,NA,NA,NA
87,769,ring,5250,compact,1058,1,belt_rock,direct,4.941971827922381E-05,4.941971827922381E-05,0,1,1.2887141047938932E-06,13907.7,13891.6,-0.658541,NA
87,770,stream,5250,compact,1058,2,belt_rock,closure,2.2132116216591486E-13,0,2.2132116216591486E-13,0,0,NaN,NA,NA,NA
87,771,stream,5250,compact,1180,3,belt_rock,closure,2.2132116216591486E-13,0,2.2132116216591486E-13,0,0,NaN,NA,NA,NA
87,772,stream,5250,compact,1895,3,belt_rock,closure,2.2132116216591486E-13,0,2.2132116216591486E-13,0,0,NaN,NA,NA,NA
88,773,ring,5250,compact,1650,1,belt_rock,direct,7.959584565571824E-06,7.959584565571824E-06,0,1,3.6174682604338674E-08,2423.89,2425.21,-0.770902,NA
88,774,ring,5250,compact,1672,1,belt_rock,direct,3.4585624652429156E-05,3.4585624652429156E-05,0,1,3.3092458067927494E-07,5103.08,5109.82,-0.809667,NA
88,775,stream,5250,compact,1650,2,belt_rock,closure,6.256446178529805E-10,6.256446178529805E-10,0,1,0,0,NA,NA,NA
88,776,stream,5250,compact,1895,4,belt_rock,closure,6.256446178529805E-10,6.256446178529805E-10,0,1,0,0,NA,NA,NA
88,777,stream,5250,compact,1180,4,belt_rock,closure,6.256446178529805E-10,6.256446178529805E-10,0,1,0,0,NA,NA,NA
88,778,stream,5250,compact,1058,3,belt_rock,closure,6.256446178529805E-10,6.256446178529805E-10,0,1,0,0,NA,NA,NA
89,779,ring,5250,compact,1854,1,belt_rock,direct,6.567474394536783E-07,6.567474394536783E-07,0,1,3.4650984097403365E-09,2813.95,2821.71,-1.07076,NA
89,780,ring,5250,compact,97,1,belt_rock,direct,2.517358419066934E-05,2.517358419066934E-05,0,1,9.613620264964735E-08,2036.76,2039.18,-0.710674,NA
89,781,ring,5250,compact,191,1,belt_rock,direct,7.67066798854333E-05,7.67066798854333E-05,0,1,8.348264775292633E-07,5804.46,5809.88,-0.628153,NA
89,782,ring,5250,compact,1107,1,belt_rock,direct,6.60738512686023E-05,6.60738512686023E-05,0,1,1.899665965522475E-07,1533.37,1538.78,-0.797675,NA
89,783,stream,5250,compact,1854,2,belt_rock,closure,2.7486987423646097E-10,2.7486987423646097E-10,0,1,0,0,NA,NA,NA
89,784,stream,5250,compact,1058,4,belt_rock,closure,2.7486987423646097E-10,2.7486987423646097E-10,0,1,0,0,NA,NA,NA
89,785,ring,5250,compact,771,1,belt_rock,direct,6.104415528499605E-06,6.104415528499605E-06,0,1,1.6217719638082104E-07,14169.2,14201.1,-0.89541,NA
89,786,stream,5250,compact,191,2,belt_rock,closure,1.1026353390204207E-11,0,1.1026353390204207E-11,0,0,NaN,NA,NA,NA
89,787,stream,5250,compact,97,2,belt_rock,closure,1.1026353390204207E-11,0,1.1026353390204207E-11,0,0,NaN,NA,NA,NA
89,788,stream,5250,compact,771,2,belt_rock,closure,1.808744387353636E-12,0,1.808744387353636E-12,0,0,NaN,NA,NA,NA
89,789,stream,5250,compact,1058,5,belt_rock,closure,1.808744387353636E-12,0,1.808744387353636E-12,0,0,NaN,NA,NA,NA
90,790,ring,5250,compact,1500,1,belt_rock,direct,3.0453550882171176E-05,3.0453550882171176E-05,0,1,7.683693500541957E-06,134565,134781,-0.659913,NA
90,791,ring,5250,compact,1746,1,belt_rock,direct,0.00011956027557825104,0.00011956027557825104,0,1,0.0001210537383452224,539995,539246,-1.95178,NA
90,792,ring,5250,compact,1422,1,belt_rock,direct,8.758556039107236E-06,8.758556039107236E-06,0,1,4.208607131078886E-07,25627.4,25615.7,-1.90401,NA
90,793,ring,5250,compact,1902,1,belt_rock,direct,8.13602514192604E-07,8.13602514192604E-07,0,1,5.956589703466894E-08,39046.7,39046.5,-0.867714,NA
90,794,stream,5250,compact,190,6,unknown,direct,3.586415198002655E-10,3.586415198002655E-10,0,1,0,0,760.023,-37.4227,NA
90,795,stream,5250,compact,809,7,unknown,direct,3.586415198002655E-10,3.586415198002655E-10,0,1,0,0,760.857,-37.4124,NA
90,796,stream,5250,compact,1187,3,unknown,direct,3.586415198002655E-10,3.586415198002655E-10,0,1,0,0,755.714,-37.4768,NA
90,797,stream,5250,compact,1189,5,unknown,direct,3.586415198002655E-10,3.586415198002655E-10,0,1,0,0,754.964,-37.4861,NA
90,798,stream,5250,compact,1369,7,unknown,direct,3.586415198002655E-10,3.586415198002655E-10,0,1,0,0,755.813,-37.4756,NA
90,799,ring,5250,compact,1489,1,belt_rock,direct,4.589214589508329E-05,4.589214589508329E-05,0,1,2.415419425279513E-07,2807.07,2816.19,-0.753411,NA
90,800,stream,5250,compact,1818,7,unknown,direct,3.586415198002655E-10,3.586415198002655E-10,0,1,0,0,760.055,-37.4223,NA
90,801,stream,5250,compact,1843,2,unknown,direct,3.586415198002655E-10,3.586415198002655E-10,0,1,0,0,754.864,-37.4874,NA
90,802,stream,5250,compact,1919,5,unknown,direct,3.586415198002655E-10,3.586415198002655E-10,0,1,0,0,760.889,-37.412,NA
90,803,stream,5250,compact,1422,2,unknown,unknown,1.448376941835348E-14,0,1.448376941835348E-14,0,0,NaN,NA,NA,NA
90,804,stream,5250,compact,1746,3,unknown,unknown,1.448376941835348E-14,0,1.448376941835348E-14,0,0,NaN,NA,NA,NA
90,805,stream,5250,compact,1500,3,unknown,unknown,1.448376941835348E-14,0,1.448376941835348E-14,0,0,NaN,NA,NA,NA
91,806,ring,5250,compact,214,1,belt_rock,direct,8.647303973974829E-05,8.647303973974829E-05,0,1,2.189879388830012E-07,1350.64,1350.64,-1.86281,NA
91,807,ring,5250,compact,587,1,belt_rock,direct,6.997180472075668E-05,6.997180472075668E-05,0,1,1.0717485172960358E-05,81689.9,81689.9,-0.663976,NA
91,808,ring,5250,compact,2001,1,belt_rock,direct,9.705521202050178E-07,9.705521202050178E-07,0,1,3.124082357256188E-09,1716.73,1716.73,-0.695802,NA
91,809,ring,5250,compact,862,1,belt_rock,direct,7.169986797187809E-05,7.169986797187809E-05,0,1,9.89189896407663E-06,73580,73293.3,-0.605692,NA
92,810,stream,5250,compact,1369,8,belt_rock,direct,2.3773505324658754E-09,2.3773505324658754E-09,0,1,0,0,152.393,-34.0523,NA
92,811,stream,5250,compact,1489,2,belt_rock,direct,2.3773505324658754E-09,2.3773505324658754E-09,0,1,0,0,152.393,-34.0523,NA
92,812,stream,5250,compact,1609,1,belt_rock,direct,6.842231611565695E-07,6.842231611565695E-07,0,1,0,0,583.596,-2.25205,NA
92,813,ring,5250,compact,1147,1,belt_rock,direct,0.00011662825749682163,0.00011662825749682163,0,1,1.6419440706105717E-06,7508.5,7501.62,-0.583833,NA
92,814,ring,5250,compact,1731,1,belt_rock,direct,1.8414696259018765E-06,1.8414696259018765E-06,0,1,3.877816885453426E-09,1123.11,1136.44,-0.753914,NA
92,815,stream,5250,compact,1609,2,belt_rock,closure,2.3745459649099175E-07,2.3745459649099175E-07,0,1,0,0,NA,NA,NA
92,816,stream,5250,compact,1489,3,belt_rock,closure,2.3745459649099175E-07,2.3745459649099175E-07,0,1,0,0,NA,NA,NA
93,817,stream,5250,compact,1595,5,belt_rock,direct,2.7523196198934015E-10,2.7523196198934015E-10,0,1,0,0,890.343,-38.6284,NA
93,818,stream,5250,compact,1931,3,belt_rock,direct,2.7523196198934015E-10,2.7523196198934015E-10,0,1,0,0,890.051,-38.6321,NA
93,819,ring,5250,compact,1737,1,belt_rock,direct,4.720714345887194E-05,4.720714345887194E-05,0,1,7.965793871103772E-06,89995.3,90638.6,-0.561581,NA
94,820,ring,5250,compact,759,1,belt_rock,direct,2.2490383172893985E-06,2.2490383172893985E-06,0,1,7.185275702905545E-09,1703.9,1706.68,-0.816259,NA
94,821,ring,5250,compact,666,1,belt_rock,direct,2.2202291555557044E-06,2.2202291555557044E-06,0,1,6.157692660185221E-09,1479.17,1493.53,-0.69385,NA
95,822,ring,5250,compact,1698,1,belt_rock,direct,8.098258368886776E-06,8.098258368886776E-06,0,1,1.373825537363581E-08,904.771,906.874,-0.699127,NA
96,823,ring,5250,compact,701,1,belt_rock,direct,7.894518485184885E-06,7.894518485184885E-06,0,1,3.985186521276024E-07,26922.9,26907,-0.624937,NA
96,824,ring,5250,compact,983,1,belt_rock,direct,1.7063259376158002E-05,1.7063259376158002E-05,0,1,1.169720457037321E-06,36561.1,36525,-0.589063,NA
96,825,stream,5250,compact,983,2,belt_rock,closure,2.9190735073505145E-15,0,2.9190735073505145E-15,0,0,NaN,NA,NA,NA
96,826,stream,5250,compact,701,2,belt_rock,closure,2.9190735073505145E-15,0,2.9190735073505145E-15,0,0,NaN,NA,NA,NA
97,827,ring,5250,compact,1539,1,belt_rock,direct,1.8362101251486497E-06,1.8362101251486497E-06,0,1,7.657507780198865E-09,2224.15,2275.09,-2.1166,NA
97,828,ring,5250,compact,1723,1,belt_rock,direct,5.7807245566845223E-05,5.7807245566845223E-05,0,1,7.705022322653061E-07,7108.7,7124.67,-0.589474,NA
97,829,stream,5250,compact,1723,2,belt_rock,closure,3.8968650405566685E-11,0,3.8968650405566685E-11,0,0,NaN,NA,NA,NA
97,830,stream,5250,compact,983,3,belt_rock,closure,3.8968650405566685E-11,0,3.8968650405566685E-11,0,0,NaN,NA,NA,NA
97,831,ring,5250,compact,137,1,belt_rock,direct,1.8730403245042462E-05,1.8730403245042462E-05,0,1,3.4537754646230535E-08,983.435,988.431,-0.608831,NA
97,832,stream,5250,compact,1539,2,belt_rock,closure,5.178265808398965E-09,5.178265808398965E-09,0,1,0,0,NA,NA,NA
97,833,stream,5250,compact,701,3,belt_rock,closure,5.178265808398965E-09,5.178265808398965E-09,0,1,0,0,NA,NA,NA
98,834,ring,5250,compact,1068,1,belt_rock,direct,1.3324406230959878E-05,1.3324406230959878E-05,0,1,5.901263004085139E-08,2362.09,2366.58,-0.586,NA
98,835,ring,5250,compact,1831,1,belt_rock,direct,0.00013109427011009366,0.00013109427011009366,0,1,7.305168437507149E-07,2971.98,2973.47,-0.549403,NA
98,836,stream,5250,compact,1068,2,belt_rock,closure,6.058372708167181E-10,6.058372708167181E-10,0,1,0,0,NA,NA,NA
98,837,stream,5250,compact,701,4,belt_rock,closure,6.058372708167181E-10,6.058372708167181E-10,0,1,0,0,NA,NA,NA
99,838,ring,5250,compact,640,1,belt_rock,direct,9.418025305416387E-05,9.418025305416387E-05,0,1,1.4875871741201387E-07,842.406,845.1,-0.683346,NA
99,839,ring,5250,compact,450,1,belt_rock,direct,1.2730838463395216E-05,1.2730838463395216E-05,0,1,7.891547276645036E-08,3306.01,3302.69,-1.65063,NA
99,840,stream,5250,compact,1818,8,unknown,direct,1.7932075990013263E-10,0,1.7932075990013263E-10,0,0,NaN,1576.03,-27.2223,NA
100,841,ring,5250,compact,1503,1,belt_rock,direct,0.00010811558429018528,0.00010811558429018528,0,1,1.3197881088608653E-06,6510.5,6514.93,-0.511377,NA
100,842,stream,5250,compact,1503,2,belt_rock,closure,6.642997742470994E-12,0,6.642997742470994E-12,0,0,NaN,NA,NA,NA
100,843,stream,5250,compact,1818,9,belt_rock,closure,6.642997742470994E-12,0,6.642997742470994E-12,0,0,NaN,NA,NA,NA
100,844,ring,5250,compact,575,1,belt_rock,direct,6.518979623437858E-05,6.518979623437858E-05,0,1,1.8264869082699232E-05,149429,148445,-0.490835,NA
100,845,ring,5250,compact,1628,1,belt_rock,direct,6.464438112709733E-06,6.464438112709733E-06,0,1,3.966763128473303E-08,3272.69,3279.02,-0.564027,NA
100,846,ring,5250,compact,1760,1,belt_rock,direct,0.00010045749907741673,0.00010045749907741673,0,1,4.9519211354420175E-06,26290,26551.6,-1.5572,NA
100,847,ring,5250,compact,37,1,belt_rock,direct,0.00011704996577887942,0.00011704996577887942,0,1,1.9324773515212977E-07,880.525,880.152,-0.412526,NA
100,848,stream,5250,compact,1760,2,belt_rock,closure,9.646013034867623E-16,0,9.646013034867623E-16,0,0,NaN,NA,NA,NA
100,849,stream,5250,compact,1818,11,belt_rock,closure,9.646013034867623E-16,0,9.646013034867623E-16,0,0,NaN,NA,NA,NA
100,850,stream,5250,compact,1503,4,belt_rock,closure,9.646013034867623E-16,0,9.646013034867623E-16,0,0,NaN,NA,NA,NA
100,851,stream,5250,compact,575,3,belt_rock,closure,9.646013034867623E-16,0,9.646013034867623E-16,0,0,NaN,NA,NA,NA
100,852,stream,5250,compact,450,3,belt_rock,closure,9.646013034867623E-16,0,9.646013034867623E-16,0,0,NaN,NA,NA,NA
100,853,stream,5250,compact,1628,2,belt_rock,closure,9.646013034867623E-16,0,9.646013034867623E-16,0,0,NaN,NA,NA,NA
101,854,ring,5250,compact,584,1,belt_rock,direct,5.937722582234616E-05,5.937722582234616E-05,0,1,1.3249370607413937E-06,11900.7,11930.1,-0.482137,NA
101,855,stream,5250,compact,584,2,belt_rock,closure,4.4666192210697386E-13,0,4.4666192210697386E-13,0,0,NaN,NA,NA,NA
101,856,stream,5250,compact,1628,3,belt_rock,closure,4.4666192210697386E-13,0,4.4666192210697386E-13,0,0,NaN,NA,NA,NA
101,857,stream,5250,compact,450,4,belt_rock,closure,4.4666192210697386E-13,0,4.4666192210697386E-13,0,0,NaN,NA,NA,NA
101,858,stream,5250,compact,575,4,belt_rock,closure,4.4666192210697386E-13,0,4.4666192210697386E-13,0,0,NaN,NA,NA,NA
101,859,stream,5250,compact,1503,5,belt_rock,closure,4.4666192210697386E-13,0,4.4666192210697386E-13,0,0,NaN,NA,NA,NA
101,860,stream,5250,compact,1818,12,belt_rock,closure,4.4666192210697386E-13,0,4.4666192210697386E-13,0,0,NaN,NA,NA,NA
101,861,stream,5250,compact,1760,3,belt_rock,closure,4.4666192210697386E-13,0,4.4666192210697386E-13,0,0,NaN,NA,NA,NA
101,862,stream,5250,compact,37,2,belt_rock,closure,4.4666192210697386E-13,0,4.4666192210697386E-13,0,0,NaN,NA,NA,NA
102,863,ring,5250,compact,1277,1,belt_rock,direct,4.4879756947391325E-05,4.4879756947391325E-05,0,1,2.476932493995147E-07,2943.49,2945.03,-0.514106,NA
102,864,ring,5250,compact,267,1,belt_rock,direct,4.324898913949001E-05,4.324898913949001E-05,0,1,6.0392890054400733E-05,744747,754261,-0.489344,NA
102,865,stream,5250,compact,1277,2,belt_rock,closure,2.2899271246331303E-10,2.2899271246331303E-10,0,1,0,0,NA,NA,NA
102,866,stream,5250,compact,37,3,belt_rock,closure,2.2899271246331303E-10,2.2899271246331303E-10,0,1,0,0,NA,NA,NA
102,867,stream,5250,compact,1760,4,belt_rock,closure,2.2899271246331303E-10,2.2899271246331303E-10,0,1,0,0,NA,NA,NA
102,868,stream,5250,compact,1818,13,belt_rock,closure,2.2899271246331303E-10,2.2899271246331303E-10,0,1,0,0,NA,NA,NA
102,869,stream,5250,compact,1503,6,belt_rock,closure,2.2899271246331303E-10,2.2899271246331303E-10,0,1,0,0,NA,NA,NA
102,870,stream,5250,compact,575,5,belt_rock,closure,2.2899271246331303E-10,2.2899271246331303E-10,0,1,0,0,NA,NA,NA
102,871,stream,5250,compact,450,5,belt_rock,closure,2.2899271246331303E-10,2.2899271246331303E-10,0,1,0,0,NA,NA,NA
102,872,stream,5250,compact,1628,4,belt_rock,closure,2.2899271246331303E-10,2.2899271246331303E-10,0,1,0,0,NA,NA,NA
102,873,ring,5250,compact,855,1,belt_rock,direct,2.6730110430039858E-05,2.6730110430039858E-05,0,1,3.3810641534994953E-06,67460.8,67778.3,-1.67763,NA
103,874,ring,5250,compact,462,1,belt_rock,direct,1.671538180195072E-06,1.671538180195072E-06,0,1,4.460513406657329E-07,142320,142388,-0.737128,NA
103,875,stream,5250,compact,584,4,belt_rock,direct,1.8426272503854137E-16,0,1.8426272503854137E-16,0,0,NaN,1.78382E-11,-844.995,NA
103,876,ring,5250,compact,1072,1,belt_rock,direct,0.00010440408754460995,0.00010440408754460995,0,1,0.0006493023235307558,3.31687E+06,3.28151E+06,-0.483489,NA
103,877,ring,5250,compact,752,1,belt_rock,direct,3.3600219277249815E-06,3.3600219277249815E-06,0,1,7.606295274101817E-06,1.20734E+06,1.2162E+06,-0.574727,NA
103,878,ring,5250,compact,1586,1,belt_rock,direct,6.3326860257181475E-06,6.3326860257181475E-06,0,1,2.8790829037426096E-07,24247.4,24232.8,-1.76196,NA
103,879,stream,5250,compact,1586,2,belt_rock,closure,1.8775055198239256E-14,0,1.8775055198239256E-14,0,0,NaN,NA,NA,NA
103,880,stream,5250,compact,1072,4,belt_rock,closure,1.8775055198239256E-14,0,1.8775055198239256E-14,0,0,NaN,NA,NA,NA
103,881,stream,5250,compact,855,6,belt_rock,closure,1.8775055198239256E-14,0,1.8775055198239256E-14,0,0,NaN,NA,NA,NA
103,882,stream,5250,compact,752,3,belt_rock,closure,1.8775055198239256E-14,0,1.8775055198239256E-14,0,0,NaN,NA,NA,NA
103,883,stream,5250,compact,584,7,belt_rock,closure,1.8775055198239256E-14,0,1.8775055198239256E-14,0,0,NaN,NA,NA,NA
103,884,stream,5250,compact,462,5,belt_rock,closure,1.8775055198239256E-14,0,1.8775055198239256E-14,0,0,NaN,NA,NA,NA
104,885,ring,5250,compact,1010,1,belt_rock,direct,5.968074249183259E-05,5.968074249183259E-05,0,1,1.8512995347734672E-07,1654.4,1655.39,-1.71777,NA
104,886,ring,5250,compact,1678,1,belt_rock,direct,7.813374919409367E-06,7.813374919409367E-06,0,1,1.4524053854465592E-08,991.398,991.557,-0.434676,NA
104,887,ring,5250,compact,636,1,belt_rock,direct,1.2084474355462543E-05,1.2084474355462543E-05,0,1,3.97009969979379E-06,175215,174988,-1.87092,NA
104,888,ring,5250,compact,429,1,belt_rock,direct,7.063659979379042E-05,7.063659979379042E-05,0,1,3.1882309668865065E-07,2407.24,2409.17,-0.478348,NA
104,889,stream,5250,compact,429,2,belt_rock,closure,5.599910372746725E-10,5.599910372746725E-10,0,1,0,0,NA,NA,NA
104,890,stream,5250,compact,1678,3,belt_rock,closure,5.599910372746725E-10,5.599910372746725E-10,0,1,0,0,NA,NA,NA
105,891,ring,5250,compact,1410,1,belt_rock,direct,2.0914923933448785E-05,2.0914923933448785E-05,0,1,1.9724794217711345E-06,50298.5,50354.7,-0.651958,NA
105,892,ring,5250,compact,641,1,belt_rock,direct,1.3340440891861456E-05,1.3340440891861456E-05,0,1,5.147053809039877E-07,20577.2,20557.9,-0.495962,NA
105,893,stream,5250,compact,1678,4,belt_rock,closure,6.0507685391462196E-15,0,6.0507685391462196E-15,0,0,NaN,NA,NA,NA
105,894,stream,5250,compact,641,2,belt_rock,closure,3.874099119289579E-14,0,3.874099119289579E-14,0,0,NaN,NA,NA,NA
105,895,stream,5250,compact,1410,3,belt_rock,closure,3.874099119289579E-14,0,3.874099119289579E-14,0,0,NaN,NA,NA,NA
106,896,ring,5250,compact,1135,1,belt_rock,direct,3.361854847826575E-06,3.361854847826575E-06,0,1,2.5045790718362606E-07,39733.3,39789,-1.94946,NA
106,897,ring,5250,compact,678,1,belt_rock,direct,6.585970433448093E-07,6.585970433448093E-07,0,1,2.1209243736748756E-09,1717.53,1741.57,-0.696837,NA
106,898,stream,5250,compact,1135,2,belt_rock,closure,1.7908671982158947E-14,0,1.7908671982158947E-14,0,0,NaN,NA,NA,NA
106,899,stream,5250,compact,1410,4,belt_rock,closure,1.7908671982158947E-14,0,1.7908671982158947E-14,0,0,NaN,NA,NA,NA
106,900,stream,5250,compact,641,3,belt_rock,closure,1.7908671982158947E-14,0,1.7908671982158947E-14,0,0,NaN,NA,NA,NA
106,901,stream,5250,compact,1678,5,belt_rock,closure,1.7908671982158947E-14,0,1.7908671982158947E-14,0,0,NaN,NA,NA,NA
106,902,ring,5250,compact,538,1,belt_rock,direct,4.941000101270419E-05,4.941000101270419E-05,0,1,1.7767442010673962E-07,1917.82,1926.99,-0.538076,NA
106,903,ring,5250,compact,1099,1,belt_rock,direct,2.666401661439939E-06,2.666401661439939E-06,0,1,8.660148337224933E-09,1732.2,1742.84,-1.76787,NA
106,904,stream,5250,compact,1595,6,belt_rock,direct,1.3761598099467E-10,0,1.3761598099467E-10,0,0,NaN,1713.21,-28.3412,NA
106,905,stream,5250,compact,1843,3,unknown,direct,1.7932075990013263E-10,0,1.7932075990013263E-10,0,0,NaN,1464.19,-28.6198,NA
107,906,ring,5250,compact,1355,1,belt_rock,direct,7.618197905253762E-05,7.618197905253762E-05,0,1,4.6290256304568443E-07,3240.68,3241.99,-0.433174,NA
107,907,stream,5250,compact,1355,2,belt_rock,closure,1.5020952106720258E-10,1.5020952106720258E-10,0,1,0,0,NA,NA,NA
107,908,stream,5250,compact,1843,4,belt_rock,closure,1.5020952106720258E-10,1.5020952106720258E-10,0,1,0,0,NA,NA,NA
107,909,stream,5250,compact,1595,7,belt_rock,closure,1.5020952106720258E-10,1.5020952106720258E-10,0,1,0,0,NA,NA,NA
107,910,stream,5250,compact,1099,2,belt_rock,closure,1.5020952106720258E-10,1.5020952106720258E-10,0,1,0,0,NA,NA,NA
108,911,ring,5250,compact,1016,1,belt_rock,direct,2.232218839771328E-06,2.232218839771328E-06,0,1,2.2487608137238477E-09,537.286,545.375,-0.591854,NA
109,912,ring,5250,compact,230,1,belt_rock,direct,4.34266743018947E-06,4.34266743018947E-06,0,1,2.0679310201612313E-08,2539.68,2566.45,-0.724006,NA
109,913,ring,5250,compact,533,1,belt_rock,direct,7.761964542320152E-07,7.761964542320152E-07,0,1,2.7720718113932833E-08,19047.2,19087.9,-0.60482,NA
109,914,ring,5250,compact,1400,1,belt_rock,direct,7.682588917255866E-05,7.682588917255866E-05,0,1,1.1657925930279451E-07,809.305,809.152,-0.341914,NA
109,915,stream,5250,compact,5310,4,unknown,direct,2.7755590997540806E-11,0,2.7755590997540806E-11,0,0,NaN,1042.26,-37.8832,NA
109,916,stream,5250,compact,230,2,unknown,unknown,3.715363766685597E-09,3.715363766685597E-09,0,1,0,0,NA,NA,NA
109,917,stream,5250,compact,1016,2,unknown,unknown,3.715363766685597E-09,3.715363766685597E-09,0,1,0,0,NA,NA,NA
109,918,ring,5250,compact,967,1,belt_rock,direct,6.413753829751392E-05,6.413753829751392E-05,0,1,4.941176718231158E-05,410882,408016,-1.68161,NA
110,919,ring,5250,compact,1285,1,belt_rock,direct,2.1044921547262486E-06,2.1044921547262486E-06,0,1,5.294223984777277E-08,13416.9,13450.7,-2.26603,NA
110,920,ring,5250,compact,55,1,belt_rock,direct,9.759468371222671E-05,9.759468371222671E-05,0,1,1.0607932002863062E-07,579.7,581.027,-0.466277,NA
110,921,stream,5250,compact,1285,2,belt_rock,closure,2.2533119257282967E-12,0,2.2533119257282967E-12,0,0,NaN,NA,NA,NA
110,922,stream,5250,compact,1016,4,belt_rock,closure,2.2533119257282967E-12,0,2.2533119257282967E-12,0,0,NaN,NA,NA,NA
110,923,ring,5250,compact,1404,1,belt_rock,direct,6.570592722748303E-07,6.570592722748303E-07,0,1,2.6885289433058325E-08,21822.7,21837.3,-0.655837,NA
110,924,stream,5250,compact,1404,2,belt_rock,closure,3.104006064377076E-14,0,3.104006064377076E-14,0,0,NaN,NA,NA,NA
110,925,stream,5250,compact,1016,5,belt_rock,closure,3.104006064377076E-14,0,3.104006064377076E-14,0,0,NaN,NA,NA,NA
110,926,ring,5250,compact,271,1,belt_rock,direct,7.256669797790492E-07,7.256669797790492E-07,0,1,4.658291909987279E-09,3423.64,3455.33,-0.571903,NA
110,927,stream,5250,compact,1931,4,belt_rock,direct,1.3761598099467E-10,0,1.3761598099467E-10,0,0,NaN,2513.77,-18.3177,NA
110,928,stream,5250,compact,271,2,belt_rock,closure,1.1891916184758304E-10,1.1891916184758304E-10,0,1,0,0,NA,NA,NA
110,929,stream,5250,compact,1016,6,belt_rock,closure,1.1891916184758304E-10,1.1891916184758304E-10,0,1,0,0,NA,NA,NA
110,930,stream,5250,compact,1404,3,belt_rock,closure,1.1891916184758304E-10,1.1891916184758304E-10,0,1,0,0,NA,NA,NA
110,931,stream,5250,compact,1285,3,belt_rock,closure,1.1891916184758304E-10,1.1891916184758304E-10,0,1,0,0,NA,NA,NA
111,932,ring,5250,compact,1122,1,belt_rock,direct,1.1570037517425314E-06,1.1570037517425314E-06,0,1,6.886397432331131E-09,3174.36,3186.75,-0.638108,NA
111,933,ring,5250,compact,1591,1,belt_rock,direct,1.4414858950778073E-05,1.4414858950778073E-05,0,1,2.5546383264835914E-08,945.187,948.421,-0.474001,NA
111,934,stream,5250,compact,1122,2,belt_rock,closure,1.6919181049262448E-10,1.6919181049262448E-10,0,1,0,0,NA,NA,NA
111,935,stream,5250,compact,1285,4,belt_rock,closure,1.6919181049262448E-10,1.6919181049262448E-10,0,1,0,0,NA,NA,NA
111,936,ring,5250,compact,1891,1,belt_rock,direct,8.387801248470407E-06,8.387801248470407E-06,0,1,2.616522857793853E-08,1663.7,1669.26,-1.66095,NA
111,937,ring,5250,compact,1430,1,belt_rock,direct,1.988020196328842E-06,1.988020196328842E-06,0,1,1.9569829365814674E-08,5250.07,5262.61,-0.454272,NA
112,938,ring,5250,compact,1113,1,belt_rock,direct,5.332982485242574E-05,5.332982485242574E-05,0,1,8.22835333747168E-08,822.889,823.525,-0.454831,NA
112,939,ring,5250,compact,1249,1,belt_rock,direct,9.576087134278705E-07,9.576087134278705E-07,0,1,1.2016416593904826E-09,669.246,675.391,-0.683256,NA
112,940,ring,5250,compact,236,1,belt_rock,direct,1.3737511448273232E-06,1.3737511448273232E-06,0,1,2.4225858681744676E-05,9.40524E+06,9.57901E+06,-0.546824,NA
112,941,ring,5250,compact,371,1,belt_rock,direct,0.00010802347908865424,0.00010802347908865424,0,1,1.45393617793514E-07,717.837,720.334,-0.432222,NA
113,942,stream,5250,compact,1073,4,unknown,direct,3.404881978664301E-11,3.404881978664301E-11,0,1,0,0,471.854,-42.837,NA
113,943,ring,5250,compact,1479,1,belt_rock,direct,1.0774832325037705E-06,1.0774832325037705E-06,0,1,2.3247676383980444E-06,1.15071E+06,1.14242E+06,-0.541245,NA
114,944,ring,5250,compact,67,1,belt_rock,direct,7.184934149232222E-07,7.184934149232222E-07,0,1,1.5405325966692976E-09,1143.53,1149.97,-0.810736,NA
114,945,ring,5250,compact,151,1,belt_rock,direct,2.7932685104282623E-06,2.7932685104282623E-06,0,1,4.1808914836730915E-08,7982.79,7980.54,-1.558,NA
114,946,ring,5250,compact,1765,1,belt_rock,direct,6.6884151035971E-07,6.6884151035971E-07,0,1,6.633399029976937E-08,52894.6,52912.9,-1.99705,NA
114,947,ring,5250,compact,508,1,belt_rock,direct,1.425865708752866E-06,1.425865708752866E-06,0,1,2.6815752920224803E-06,1.00302E+06,1.00105E+06,-1.82656,NA
114,948,stream,5250,compact,1643,3,unknown,direct,3.642741863523536E-11,3.642741863523536E-11,0,1,0,0,179.828,-45.8681,NA
114,949,stream,5250,compact,151,2,unknown,unknown,5.787427095724317E-16,0,5.787427095724317E-16,0,0,NaN,NA,NA,NA
114,950,ring,5250,compact,961,1,belt_rock,direct,2.5506564804348235E-05,2.5506564804348235E-05,0,1,2.231266763332412E-08,466.55,468.104,-0.470869,NA
114,951,ring,5250,compact,840,1,belt_rock,direct,6.796957577082962E-07,6.796957577082962E-07,0,1,5.177568668502893E-09,4062.66,4086.41,-1.77026,NA
114,952,stream,5250,compact,840,2,unknown,unknown,5.0857460452434436E-11,5.0857460452434436E-11,0,1,0,0,NA,NA,NA
114,953,stream,5250,compact,1643,4,unknown,unknown,5.0857460452434436E-11,5.0857460452434436E-11,0,1,0,0,NA,NA,NA
114,954,ring,5250,compact,1515,1,belt_rock,direct,1.425352770621341E-05,1.425352770621341E-05,0,1,8.374882050521712E-08,3133.68,3137.67,-0.360508,NA
115,955,ring,5250,compact,210,1,belt_rock,direct,5.68700813990276E-06,5.68700813990276E-06,0,1,7.0273564669719985E-09,659.033,659.149,-0.326989,NA
115,956,ring,5250,compact,554,1,belt_rock,direct,6.264494466289074E-07,6.264494466289074E-07,0,1,4.196959247832988E-08,35731.2,35705.4,-1.62606,NA
115,957,ring,5250,compact,1420,1,belt_rock,direct,7.916642299722799E-07,7.916642299722799E-07,0,1,7.243609959085995E-09,4879.92,4895.1,-0.743063,NA
115,958,stream,5250,compact,1420,2,belt_rock,closure,2.9082108209546062E-11,0,2.9082108209546062E-11,0,0,NaN,NA,NA,NA
115,959,stream,5250,compact,554,2,belt_rock,closure,2.9082108209546062E-11,0,2.9082108209546062E-11,0,0,NaN,NA,NA,NA
115,960,ring,5250,compact,324,1,belt_rock,direct,6.187398113819265E-07,6.187398113819265E-07,0,1,6.726797252548016E-10,579.828,582.074,-0.440239,NA
115,961,stream,5250,compact,1187,4,unknown,direct,1.7932075990013263E-10,0,1.7932075990013263E-10,0,0,NaN,1719.34,-25.4305,NA
115,962,stream,5250,compact,1613,3,unknown,direct,3.404881978664301E-11,3.404881978664301E-11,0,1,0,0,1007.91,-36.1369,NA
115,963,stream,5250,compact,608,1,belt_rock,direct,1.1214531635169931E-06,1.1214531635169931E-06,0,1,0,0,459.393,-0.760741,NA
115,964,ring,5250,compact,1378,1,belt_rock,direct,5.639456045523502E-05,5.639456045523502E-05,0,1,9.22465449832444E-08,872.392,876.004,-0.380218,NA
116,965,stream,5250,compact,840,3,unknown,direct,2.5428730226217202E-11,0,2.5428730226217202E-11,0,0,NaN,323.941,-48.81,NA
116,966,stream,5250,compact,1643,5,unknown,direct,2.5428730226217202E-11,0,2.5428730226217202E-11,0,0,NaN,323.894,-48.8105,NA
116,967,ring,5250,compact,1029,1,belt_rock,direct,7.019538863223977E-05,7.019538863223977E-05,0,1,8.285413663680563E-08,629.512,629.462,-0.261688,NA
116,968,ring,5250,compact,1869,1,belt_rock,direct,8.891116807831469E-06,8.891116807831469E-06,0,1,1.1455195168084601E-07,6871.39,6891.23,-0.52655,NA
116,969,ring,5250,compact,1482,1,belt_rock,direct,5.825354029567999E-05,5.825354029567999E-05,0,1,2.045912303526391E-05,187311,188463,-1.60418,NA
117,970,ring,5250,compact,61,1,belt_rock,direct,1.0473319429668802E-06,1.0473319429668802E-06,0,1,3.4912060084333445E-06,1.77783E+06,1.77291E+06,-1.82253,NA
117,971,ring,5250,compact,795,1,belt_rock,direct,4.088523964561641E-06,4.088523964561641E-06,0,1,2.5150363872393435E-07,32807.8,32845.3,-1.65701,NA
117,972,ring,5250,compact,996,1,belt_rock,direct,9.055183451826314E-05,9.055183451826314E-05,0,1,1.740740078659389E-06,10252.6,10239.8,-0.318651,NA
117,973,stream,5250,compact,795,2,belt_rock,closure,4.941815011294812E-15,0,4.941815011294812E-15,0,0,NaN,NA,NA,NA
117,974,stream,5250,compact,1869,4,belt_rock,closure,4.941815011294812E-15,0,4.941815011294812E-15,0,0,NaN,NA,NA,NA
117,975,stream,5250,compact,61,3,belt_rock,closure,4.941815011294812E-15,0,4.941815011294812E-15,0,0,NaN,NA,NA,NA
117,976,stream,5250,compact,1482,3,belt_rock,closure,4.941815011294812E-15,0,4.941815011294812E-15,0,0,NaN,NA,NA,NA
117,977,stream,5250,compact,201,4,unknown,direct,2.3780076520755726E-11,0,2.3780076520755726E-11,0,0,NaN,1716.94,-25.265,NA
117,978,ring,5250,compact,184,1,belt_rock,direct,2.8525297430172102E-06,2.8525297430172102E-06,0,1,1.1079842158277304E-07,20715.8,20566.7,-0.253123,NA
117,979,ring,5250,compact,297,1,belt_rock,direct,1.2694529883041806E-05,1.2694529883041806E-05,0,1,2.3013711687748126E-07,9668.72,9653.81,-0.323302,NA
117,980,stream,5250,compact,1239,3,unknown,direct,3.642741863523536E-11,3.642741863523536E-11,0,1,0,0,1215.9,-32.9171,NA
118,981,stream,5250,compact,61,4,belt_rock,direct,2.9518878181605214E-15,0,2.9518878181605214E-15,0,0,NaN,4.45399E-12,-259.22,NA
118,982,stream,5250,compact,184,2,belt_rock,direct,2.9518878181605214E-15,0,2.9518878181605214E-15,0,0,NaN,4.45399E-12,-259.22,NA
118,983,stream,5250,compact,201,5,belt_rock,direct,2.9518878181605214E-15,0,2.9518878181605214E-15,0,0,NaN,4.45399E-12,-259.22,NA
118,984,stream,5250,compact,297,2,belt_rock,direct,1.3381745400551023E-12,0,1.3381745400551023E-12,0,0,NaN,3.77283E-12,-121.259,NA
118,985,stream,5250,compact,795,3,belt_rock,direct,2.9518878181605214E-15,0,2.9518878181605214E-15,0,0,NaN,0,-259.22,NA
118,986,stream,5250,compact,996,2,belt_rock,direct,1.3381745400551023E-12,0,1.3381745400551023E-12,0,0,NaN,3.77283E-12,-121.259,NA
118,987,stream,5250,compact,1482,4,belt_rock,direct,2.9518878181605214E-15,0,2.9518878181605214E-15,0,0,NaN,4.45399E-12,-259.22,NA
118,988,stream,5250,compact,1869,5,belt_rock,direct,2.9518878181605214E-15,0,2.9518878181605214E-15,0,0,NaN,-4.45399E-12,-259.22,NA
118,989,ring,5250,compact,159,1,belt_rock,direct,4.450236555558193E-06,4.450236555558193E-06,0,1,4.2030792576762966E-09,503.713,507.877,-0.471859,NA
118,990,stream,5250,compact,1392,1,belt_rock,direct,6.964652440262799E-07,6.964652440262799E-07,0,1,0,0,741.683,-0.893217,NA
118,991,ring,5250,compact,965,1,belt_rock,direct,3.790661989456173E-06,3.790661989456173E-06,0,1,3.705885150549603E-07,52140.6,52021.5,-0.389922,NA
118,992,ring,5250,compact,224,1,belt_rock,direct,5.226721948372183E-06,5.226721948372183E-06,0,1,3.8120219657088476E-08,3889.78,3918.4,-1.75994,NA
118,993,stream,5250,compact,1392,2,belt_rock,closure,6.162433708295469E-16,0,6.162433708295469E-16,0,0,NaN,NA,NA,NA
118,994,stream,5250,compact,224,2,belt_rock,closure,5.219561409719114E-10,5.219561409719114E-10,0,1,0,0,NA,NA,NA
118,995,stream,5250,compact,965,3,belt_rock,closure,5.219561409719114E-10,5.219561409719114E-10,0,1,0,0,NA,NA,NA
119,996,ring,5250,compact,780,1,belt_rock,direct,1.001517573858614E-05,1.001517573858614E-05,0,1,2.814982517019238E-07,14990.5,14988.6,-1.63845,NA
119,997,ring,5250,compact,646,1,belt_rock,direct,4.1008441418793923E-05,4.1008441418793923E-05,0,1,7.365821545242083E-08,957.958,959.177,-0.371885,NA
119,998,stream,5250,compact,780,2,belt_rock,closure,1.5827789232882296E-13,0,1.5827789232882296E-13,0,0,NaN,NA,NA,NA
119,999,stream,5250,compact,965,4,belt_rock,closure,1.5827789232882296E-13,0,1.5827789232882296E-13,0,0,NaN,NA,NA,NA
119,1000,ring,5250,compact,818,1,belt_rock,direct,6.754064422780164E-07,6.754064422780164E-07,0,1,2.5923841122687753E-09,2047.07,2069,-0.567087,NA
119,1001,ring,5250,compact,513,1,belt_rock,direct,0.00010878504414528542,0.00010878504414528542,0,1,7.931103821166379E-07,3888.33,3886.57,-0.281435,NA
119,1002,ring,5250,compact,563,1,belt_rock,direct,9.83000940021853E-07,9.83000940021853E-07,0,1,1.1932881547367292E-08,6474.26,6494.5,-1.68364,NA
119,1003,ring,5250,compact,1448,1,belt_rock,direct,3.437731736057392E-06,3.437731736057392E-06,0,1,2.0133507473474237E-08,3123.53,3133.53,-1.62909,NA
119,1004,ring,5250,compact,1714,1,belt_rock,direct,6.480991357450646E-05,6.480991357450646E-05,0,1,4.410742753197695E-08,362.969,365.336,-0.373941,NA
119,1005,stream,5250,compact,563,2,belt_rock,closure,6.708968380207947E-12,0,6.708968380207947E-12,0,0,NaN,NA,NA,NA
119,1006,stream,5250,compact,513,2,belt_rock,closure,6.708968380207947E-12,0,6.708968380207947E-12,0,0,NaN,NA,NA,NA
120,1007,ring,5250,compact,1078,1,belt_rock,direct,3.035914094104428E-06,3.035914094104428E-06,0,1,2.909556113022594E-08,5111.35,5115.65,-0.45194,NA
120,1008,stream,5250,compact,1078,2,belt_rock,closure,2.0894326687786628E-11,0,2.0894326687786628E-11,0,0,NaN,NA,NA,NA
120,1009,stream,5250,compact,513,3,belt_rock,closure,2.0894326687786628E-11,0,2.0894326687786628E-11,0,0,NaN,NA,NA,NA
120,1010,stream,5250,compact,809,8,unknown,direct,1.7693908294795191E-10,0,1.7693908294795191E-10,0,0,NaN,1762.45,-24.8872,NA
120,1011,ring,5250,compact,1199,1,belt_rock,direct,0.00010520893407862151,0.00010520893407862151,0,1,3.3566614099459017E-06,17015.8,16937.5,-0.259724,NA
121,1012,stream,5250,compact,513,4,belt_rock,direct,1.047972600382E-13,0,1.047972600382E-13,0,0,NaN,-2.00733E-12,-212.996,NA
121,1013,stream,5250,compact,809,9,belt_rock,direct,1.047972600382E-13,0,1.047972600382E-13,0,0,NaN,-2.00733E-12,-212.996,NA
121,1014,stream,5250,compact,1078,3,belt_rock,direct,1.047972600382E-13,0,1.047972600382E-13,0,0,NaN,-2.00733E-12,-212.996,NA
121,1015,stream,5250,compact,1199,2,belt_rock,direct,1.047972600382E-13,0,1.047972600382E-13,0,0,NaN,-2.00733E-12,-212.996,NA
121,1016,ring,5250,compact,639,1,belt_rock,direct,9.661021637896007E-06,9.661021637896007E-06,0,1,2.995984311939379E-07,16539.2,16532.5,-0.36775,NA
121,1017,stream,5250,compact,639,2,belt_rock,closure,1.0807309952286418E-13,0,1.0807309952286418E-13,0,0,NaN,NA,NA,NA
121,1018,stream,5250,compact,1199,3,belt_rock,closure,1.0807309952286418E-13,0,1.0807309952286418E-13,0,0,NaN,NA,NA,NA
121,1019,stream,5250,compact,1078,4,belt_rock,closure,1.0807309952286418E-13,0,1.0807309952286418E-13,0,0,NaN,NA,NA,NA
121,1020,stream,5250,compact,809,10,belt_rock,closure,1.0807309952286418E-13,0,1.0807309952286418E-13,0,0,NaN,NA,NA,NA
121,1021,stream,5250,compact,513,5,belt_rock,closure,1.0807309952286418E-13,0,1.0807309952286418E-13,0,0,NaN,NA,NA,NA
121,1022,stream,5250,compact,563,3,belt_rock,closure,1.0807309952286418E-13,0,1.0807309952286418E-13,0,0,NaN,NA,NA,NA
122,1023,stream,5250,compact,1187,5,unknown,direct,1.7024409893321495E-11,0,1.7024409893321495E-11,0,0,NaN,1630.91,-28.3518,NA
122,1024,stream,5250,compact,1613,4,unknown,direct,1.7024409893321495E-11,0,1.7024409893321495E-11,0,0,NaN,1619.34,-28.4964,NA
122,1025,ring,5250,compact,149,1,belt_rock,direct,5.4019821493081905E-05,5.4019821493081905E-05,0,1,4.3859811504810354E-08,433.024,439.521,-0.395998,NA
123,1026,ring,5250,compact,279,1,belt_rock,direct,5.713873832748134E-05,5.713873832748134E-05,0,1,5.698767585856021E-07,5319.23,5318.51,-0.278558,NA
123,1027,ring,5250,compact,133,1,belt_rock,direct,1.544554533575785E-06,1.544554533575785E-06,0,1,5.973547449353277E-09,2062.66,2073.56,-0.482174,NA
123,1028,stream,5250,compact,279,2,belt_rock,closure,1.6751860372400752E-11,0,1.6751860372400752E-11,0,0,NaN,NA,NA,NA
123,1029,stream,5250,compact,639,3,belt_rock,closure,1.6751860372400752E-11,0,1.6751860372400752E-11,0,0,NaN,NA,NA,NA
123,1030,stream,5250,compact,1073,5,unknown,direct,1.7024409893321495E-11,0,1.7024409893321495E-11,0,0,NaN,2309.26,-19.8756,NA
123,1031,stream,5250,compact,236,3,unknown,direct,1.7024409893321495E-11,0,1.7024409893321495E-11,0,0,NaN,2413.89,-18.563,NA
124,1032,ring,5250,compact,567,1,belt_rock,direct,0.000100059321022052,0.000100059321022052,0,1,6.829222312904556E-08,364.009,364.346,-0.355633,NA
124,1033,ring,5250,compact,164,1,belt_rock,direct,0.00010840698892383723,0.00010840698892383723,0,1,2.1845736738939956E-07,1074.75,1073.84,-0.134494,NA
124,1034,ring,5250,compact,665,1,belt_rock,direct,1.523934913168059E-06,1.523934913168059E-06,0,1,2.4654338493453674E-09,862.831,876.576,-0.399821,NA
124,1035,ring,5250,compact,1720,1,belt_rock,direct,9.536168062699674E-06,9.536168062699674E-06,0,1,1.3117188388380315E-07,7336.11,7330.26,-0.271183,NA
125,1036,ring,5250,compact,1631,1,belt_rock,direct,3.500903002617818E-05,3.500903002617818E-05,0,1,2.7281802037582404E-08,415.615,416.09,-0.333528,NA
125,1037,ring,5250,compact,659,1,belt_rock,direct,8.913578706447036E-07,8.913578706447036E-07,0,1,8.826733136767144E-09,5281.37,5303.2,-0.502101,NA
125,1038,ring,5250,compact,309,1,belt_rock,direct,0.00010406576905848649,0.00010406576905848649,0,1,1.3584488739629392E-06,6962,6982.21,-1.48091,NA
125,1039,stream,5250,compact,309,2,belt_rock,closure,4.093211144939572E-11,0,4.093211144939572E-11,0,0,NaN,NA,NA,NA
125,1040,stream,5250,compact,659,2,belt_rock,closure,4.093211144939572E-11,0,4.093211144939572E-11,0,0,NaN,NA,NA,NA
126,1041,ring,5250,compact,1608,1,belt_rock,direct,7.953840716824892E-07,7.953840716824892E-07,0,1,2.078670485145287E-09,1393.82,1399.85,-0.625113,NA
126,1042,stream,5250,compact,224,3,unknown,direct,2.6038300209181043E-10,2.6038300209181043E-10,0,1,0,0,667.846,-42.3993,NA
126,1043,stream,5250,compact,1392,3,unknown,direct,2.6038300209181043E-10,2.6038300209181043E-10,0,1,0,0,667.753,-42.4005,NA
126,1044,stream,5250,compact,1421,1,belt_rock,direct,3.5767133527864226E-05,3.5767133527864226E-05,0,1,0,0,383.535,-0.414679,NA
126,1045,ring,5250,compact,101,1,belt_rock,direct,9.080435116707516E-05,9.080435116707516E-05,0,1,1.4811198799935703E-07,869.926,872.412,-0.24272,NA
126,1046,stream,5250,compact,1421,2,unknown,unknown,1.5007698518023251E-05,1.5007698518023251E-05,0,1,0,0,NA,NA,NA
126,1047,stream,5250,compact,1392,4,unknown,unknown,1.5007698518023251E-05,1.5007698518023251E-05,0,1,0,0,NA,NA,NA
127,1048,stream,5250,compact,101,2,unknown,direct,7.1142413322846336E-06,7.1142413322846336E-06,0,1,0,0,375.546,-0.51334,NA
127,1049,stream,5250,compact,1421,3,unknown,direct,7.1142413322846336E-06,7.1142413322846336E-06,0,1,0,0,375.543,-0.513339,NA
127,1050,ring,5250,compact,1579,1,belt_rock,direct,1.3312902451978298E-06,1.3312902451978298E-06,0,1,1.4220427779943601E-08,5696.9,5742.65,-0.975841,NA
127,1051,ring,5250,compact,1819,1,belt_rock,direct,0.00011172913614903078,0.00011172913614903078,0,1,1.9356107793577726E-05,92395.4,92207.9,-1.48984,NA
127,1052,stream,5250,compact,1579,2,unknown,unknown,1.0378559938330058E-10,0,1.0378559938330058E-10,0,0,NaN,NA,NA,NA
127,1053,stream,5250,compact,1421,4,unknown,unknown,1.0378559938330058E-10,0,1.0378559938330058E-10,0,0,NaN,NA,NA,NA
127,1054,ring,5250,compact,1345,1,belt_rock,direct,7.04609121605256E-05,7.04609121605256E-05,0,1,7.216851856689116E-07,5462.59,5466.98,-0.284635,NA
127,1055,stream,5250,compact,101,3,unknown,unknown,2.9108325385909167E-06,2.9108325385909167E-06,0,1,0,0,NA,NA,NA
127,1056,stream,5250,compact,1392,5,unknown,unknown,2.9108325385909167E-06,2.9108325385909167E-06,0,1,0,0,NA,NA,NA
127,1057,ring,5250,compact,722,1,belt_rock,direct,2.663687292130201E-05,2.663687292130201E-05,0,1,1.1454115443974005E-07,2293.39,2296.16,-0.216451,NA
127,1058,stream,5250,compact,1345,2,unknown,unknown,1.2889833779756484E-10,0,1.2889833779756484E-10,0,0,NaN,NA,NA,NA
127,1059,stream,5250,compact,1421,5,unknown,unknown,1.2889833779756484E-10,0,1.2889833779756484E-10,0,0,NaN,NA,NA,NA
127,1060,stream,5250,compact,1579,3,unknown,unknown,1.2889833779756484E-10,0,1.2889833779756484E-10,0,0,NaN,NA,NA,NA
127,1061,stream,5250,compact,1819,2,unknown,unknown,1.2889833779756484E-10,0,1.2889833779756484E-10,0,0,NaN,NA,NA,NA
128,1062,ring,5250,compact,1101,1,belt_rock,direct,6.566676156245513E-07,6.566676156245513E-07,0,1,5.488983219964393E-09,4458.05,4482.63,-0.474686,NA
128,1063,stream,5250,compact,1101,2,belt_rock,closure,3.7622445555676734E-11,0,3.7622445555676734E-11,0,0,NaN,NA,NA,NA
128,1064,stream,5250,compact,1819,3,belt_rock,closure,3.7622445555676734E-11,0,3.7622445555676734E-11,0,0,NaN,NA,NA,NA
128,1065,stream,5250,compact,1579,4,belt_rock,closure,3.7622445555676734E-11,0,3.7622445555676734E-11,0,0,NaN,NA,NA,NA
128,1066,stream,5250,compact,1421,6,belt_rock,closure,3.7622445555676734E-11,0,3.7622445555676734E-11,0,0,NaN,NA,NA,NA
128,1067,stream,5250,compact,1345,3,belt_rock,closure,3.7622445555676734E-11,0,3.7622445555676734E-11,0,0,NaN,NA,NA,NA
128,1068,stream,5250,compact,722,2,belt_rock,closure,3.7622445555676734E-11,0,3.7622445555676734E-11,0,0,NaN,NA,NA,NA
129,1069,stream,5250,compact,1189,6,unknown,direct,1.7693908294795191E-10,0,1.7693908294795191E-10,0,0,NaN,1323.67,-30.3857,NA
129,1070,ring,5250,compact,384,1,belt_rock,direct,2.8441810138751573E-05,2.8441810138751573E-05,0,1,4.0973042204839364E-07,7683.16,7704.35,-1.4205,NA
129,1071,stream,5250,compact,384,2,unknown,unknown,3.0781254952430307E-12,0,3.0781254952430307E-12,0,0,NaN,NA,NA,NA
129,1072,stream,5250,compact,1189,7,unknown,unknown,3.0781254952430307E-12,0,3.0781254952430307E-12,0,0,NaN,NA,NA,NA
129,1073,stream,5250,compact,722,3,unknown,unknown,3.0781254952430307E-12,0,3.0781254952430307E-12,0,0,NaN,NA,NA,NA
129,1074,stream,5250,compact,1345,4,unknown,unknown,3.0781254952430307E-12,0,3.0781254952430307E-12,0,0,NaN,NA,NA,NA
129,1075,stream,5250,compact,1421,7,unknown,unknown,3.0781254952430307E-12,0,3.0781254952430307E-12,0,0,NaN,NA,NA,NA
129,1076,stream,5250,compact,1579,5,unknown,unknown,3.0781254952430307E-12,0,3.0781254952430307E-12,0,0,NaN,NA,NA,NA
129,1077,stream,5250,compact,1819,4,unknown,unknown,3.0781254952430307E-12,0,3.0781254952430307E-12,0,0,NaN,NA,NA,NA
129,1078,stream,5250,compact,1101,3,unknown,unknown,3.0781254952430307E-12,0,3.0781254952430307E-12,0,0,NaN,NA,NA,NA
129,1079,ring,5250,compact,185,1,belt_rock,direct,7.129522658240409E-05,7.129522658240409E-05,0,1,1.3587132848009593E-07,1016.4,1019.55,-0.205632,NA
129,1080,ring,5250,compact,1306,1,belt_rock,direct,1.2648726549099377E-05,1.2648726549099377E-05,0,1,1.3985748441109922E-07,5897.09,5917.63,-1.41526,NA
130,1081,stream,5250,compact,384,3,belt_rock,direct,1.012380263273395E-11,0,1.012380263273395E-11,0,0,NaN,-1.32986E-12,-75.2079,NA
130,1082,stream,5250,compact,1306,2,belt_rock,direct,1.012380263273395E-11,0,1.012380263273395E-11,0,0,NaN,-1.32986E-12,-75.2079,NA
130,1083,ring,5250,compact,1536,1,belt_rock,direct,3.5615529193269145E-05,3.5615529193269145E-05,0,1,3.3545252039827987E-08,502.331,502.866,-0.26197,NA
130,1084,ring,5250,compact,642,1,belt_rock,direct,3.452123006659743E-06,3.452123006659743E-06,0,1,9.27452365203135E-09,1432.86,1440.92,-0.288097,NA
131,1085,ring,5250,compact,179,1,belt_rock,direct,2.0416968419076044E-06,2.0416968419076044E-06,0,1,2.001254945737313E-09,522.769,526.211,-0.378295,NA
131,1086,stream,5250,compact,1062,3,unknown,direct,2.3780076520755726E-11,0,2.3780076520755726E-11,0,0,NaN,896.875,-35.5236,NA
131,1087,stream,5250,compact,14,1,belt_rock,direct,5.309768407617064E-05,5.309768407617064E-05,0,1,0,0,323.307,-0.318817,NA
131,1088,ring,5250,compact,897,1,belt_rock,direct,7.716557653208624E-05,7.716557653208624E-05,0,1,2.198867000692191E-07,1519.76,1521.29,-0.152078,NA
131,1089,ring,5250,compact,1589,1,belt_rock,direct,8.290720024190884E-07,8.290720024190884E-07,0,1,1.5633938715616728E-08,10057.1,10096.3,-1.52932,NA
131,1090,ring,5250,compact,1961,1,belt_rock,direct,1.2737638128038185E-05,1.2737638128038185E-05,0,1,2.5326785160209324E-08,1060.45,1066.38,-0.213823,NA
132,1091,stream,5250,compact,14,2,belt_rock,direct,2.1595251850555468E-05,2.1595251850555468E-05,0,1,0,0,319.184,-0.369057,NA
132,1092,stream,5250,compact,1062,4,belt_rock,direct,2.1595251850555468E-05,2.1595251850555468E-05,0,1,0,0,319.186,-0.369058,NA
132,1093,ring,5250,compact,1918,1,belt_rock,direct,5.739930804523641E-05,5.739930804523641E-05,0,1,2.5989816429024346E-07,2414.88,2415.61,-0.198164,NA
132,1094,ring,5250,compact,1055,1,belt_rock,direct,8.596302543895921E-07,8.596302543895921E-07,0,1,2.7834494354193756E-09,1726.91,1744.81,-0.389434,NA
132,1095,stream,5250,compact,103,1,belt_rock,direct,7.49328699085273E-07,7.49328699085273E-07,0,1,0,0,453.856,-0.61223,NA
132,1096,ring,5250,compact,206,1,belt_rock,direct,8.517988598581806E-07,8.517988598581806E-07,0,1,3.706118268811723E-09,2320.5,2342.95,-0.323456,NA
132,1097,ring,5250,compact,349,1,belt_rock,direct,6.764764045624493E-05,6.764764045624493E-05,0,1,5.612394613169868E-06,44248.1,44022.5,-1.44348,NA
132,1098,stream,5250,compact,1062,5,belt_rock,closure,9.022250521231024E-06,9.022250521231024E-06,0,1,0,0,NA,NA,NA
132,1099,stream,5250,compact,14,3,belt_rock,closure,9.022250521231024E-06,9.022250521231024E-06,0,1,0,0,NA,NA,NA
133,1100,stream,5250,compact,103,2,belt_rock,direct,6.914450577408414E-10,6.914450577408414E-10,0,1,0,0,126.276,-28.0374,NA
133,1101,stream,5250,compact,206,2,belt_rock,direct,6.914450577408414E-10,6.914450577408414E-10,0,1,0,0,126.276,-28.0373,NA
133,1102,stream,5250,compact,922,1,belt_rock,direct,2.968258524351471E-05,2.968258524351471E-05,0,1,0,0,266.792,-0.288744,NA
133,1103,stream,5250,compact,349,2,unknown,direct,4.429385143112942E-06,4.429385143112942E-06,0,1,0,0,318.639,-0.375452,NA
133,1104,stream,5250,compact,1062,6,unknown,direct,4.429385143112942E-06,4.429385143112942E-06,0,1,0,0,318.638,-0.375452,NA
133,1105,ring,5250,compact,1176,1,belt_rock,direct,5.9901397620956415E-06,5.9901397620956415E-06,0,1,6.370722606866968E-09,567.219,571.354,-0.271227,NA
133,1106,stream,5250,compact,922,2,unknown,unknown,1.2561482073375185E-05,1.2561482073375185E-05,0,1,0,0,NA,NA,NA
133,1107,stream,5250,compact,206,3,unknown,unknown,1.2561482073375185E-05,1.2561482073375185E-05,0,1,0,0,NA,NA,NA
134,1108,ring,5250,compact,154,1,belt_rock,direct,0.00010480535612437391,0.00010480535612437391,0,1,7.998512765690093E-08,407.028,408.073,-0.208976,NA
134,1109,stream,5250,compact,922,3,unknown,direct,5.555776799852793E-06,5.555776799852793E-06,0,1,0,0,264.796,-0.312324,NA
134,1110,stream,5250,compact,1176,2,unknown,direct,5.555776799852793E-06,5.555776799852793E-06,0,1,0,0,264.798,-0.312324,NA
134,1111,ring,5250,compact,1364,1,belt_rock,direct,1.442820737954811E-05,1.442820737954811E-05,0,1,8.153816108999954E-09,301.403,301.662,-0.123925,NA
134,1112,stream,5250,compact,1697,1,belt_rock,direct,6.584749910042036E-07,6.584749910042036E-07,0,1,0,0,517.929,-0.592735,NA
135,1113,stream,5250,compact,922,4,unknown,direct,2.451493329940806E-06,2.451493329940806E-06,0,1,0,0,263.735,-0.324972,NA
135,1114,stream,5250,compact,1176,3,unknown,direct,2.451493329940806E-06,2.451493329940806E-06,0,1,0,0,263.734,-0.324972,NA
135,1115,ring,5250,compact,527,1,belt_rock,direct,5.5535430633120515E-06,5.5535430633120515E-06,0,1,8.059692841521276E-09,774.011,779.629,-0.219152,NA
136,1116,stream,5250,compact,922,5,unknown,direct,1.1080348083950253E-06,1.1080348083950253E-06,0,1,0,0,267.407,-0.279143,NA
136,1117,stream,5250,compact,1176,4,unknown,direct,1.1080348083950253E-06,1.1080348083950253E-06,0,1,0,0,267.406,-0.279143,NA
136,1118,ring,5250,compact,491,1,belt_rock,direct,5.486187847088014E-05,5.486187847088014E-05,0,1,4.734761944576057E-07,4602.84,4619.58,-1.33497,NA
136,1119,ring,5250,compact,1461,1,belt_rock,direct,0.00013049182911564636,0.00013049182911564636,0,1,1.5496800705677094E-07,633.37,635.357,-0.1256,NA
136,1120,stream,5250,compact,491,2,unknown,unknown,2.945422119730192E-11,0,2.945422119730192E-11,0,0,NaN,NA,NA,NA
136,1121,stream,5250,compact,1176,5,unknown,unknown,2.945422119730192E-11,0,2.945422119730192E-11,0,0,NaN,NA,NA,NA
137,1122,stream,5250,compact,779,1,belt_rock,direct,6.583078806724774E-07,6.583078806724774E-07,0,1,0,0,308.075,-0.320774,NA
137,1123,stream,5250,compact,1259,1,belt_rock,direct,5.813326090559757E-05,5.813326090559757E-05,0,1,0,0,313.487,-0.163204,NA
138,1124,ring,5250,compact,514,1,belt_rock,direct,7.921176995540585E-05,7.921176995540585E-05,0,1,3.1353339468633976E-08,211.102,211.126,-0.100723,NA
138,1125,ring,5250,compact,1021,1,belt_rock,direct,7.800591071631731E-05,7.800591071631731E-05,0,1,0.00023229866653557945,1.58825E+06,1.56409E+06,-1.47199,NA
138,1126,stream,5250,compact,224,4,unknown,direct,1.3019150104590516E-10,0,1.3019150104590516E-10,0,0,NaN,1664.76,-29.935,NA
139,1127,ring,5250,compact,440,1,belt_rock,direct,1.973219601761888E-05,1.973219601761888E-05,0,1,8.336291677000915E-08,2253.18,2270.76,-0.179453,NA
139,1128,ring,5250,compact,507,1,belt_rock,direct,2.5806387669648E-05,2.5806387669648E-05,0,1,2.0346179974866157E-08,420.489,423.37,-0.129767,NA
140,1129,ring,5250,compact,1371,1,belt_rock,direct,2.1902200333907434E-06,2.1902200333907434E-06,0,1,3.761913734391886E-09,916.051,920.527,-0.263342,NA
140,1130,stream,5250,compact,224,5,belt_rock,direct,6.764114760714771E-09,6.764114760714771E-09,0,1,0,0,3.31201E-11,-28.5768,NA
140,1131,stream,5250,compact,440,2,belt_rock,direct,6.764114760714771E-09,6.764114760714771E-09,0,1,0,0,3.31201E-11,-28.5768,NA
141,1132,ring,5250,compact,860,1,belt_rock,direct,2.2677742634315045E-06,2.2677742634315045E-06,0,1,3.8228226020442986E-09,899.048,901.624,-0.282121,NA
141,1133,stream,5250,compact,748,1,belt_rock,direct,0.00010749502789027382,0.00010749502789027382,0,1,0,0,259.13,-0.124283,NA
141,1134,stream,5250,compact,309,3,unknown,direct,1.3019150104590516E-10,0,1.3019150104590516E-10,0,0,NaN,2702.23,-16.9186,NA
142,1135,ring,5250,compact,1968,1,belt_rock,direct,7.698684559167047E-05,7.698684559167047E-05,0,1,7.04067343313703E-08,487.749,488.897,-0.200693,NA
142,1136,ring,5250,compact,1542,1,belt_rock,direct,5.693936444867275E-05,5.693936444867275E-05,0,1,3.9273756470052854E-08,367.865,369.748,-0.103722,NA
142,1137,ring,5250,compact,116,1,belt_rock,direct,2.8121039287837056E-05,2.8121039287837056E-05,0,1,3.556089485961771E-08,674.435,685.034,-0.142702,NA
142,1138,stream,5250,compact,1998,1,belt_rock,direct,3.598380998082369E-06,3.598380998082369E-06,0,1,0,0,259.552,-0.19654,NA
143,1139,ring,5250,compact,864,1,belt_rock,direct,7.106019291866499E-06,7.106019291866499E-06,0,1,8.27115004399333E-09,620.781,623.947,-0.147489,NA
143,1140,stream,5250,compact,116,2,belt_rock,direct,1.7832766910869282E-06,1.7832766910869282E-06,0,1,0,0,258.694,-0.206372,NA
143,1141,stream,5250,compact,1998,2,belt_rock,direct,1.7832766910869282E-06,1.7832766910869282E-06,0,1,0,0,258.694,-0.206372,NA
144,1142,ring,5250,compact,1332,1,belt_rock,direct,7.651333753913348E-06,7.651333753913348E-06,0,1,6.74146679526527E-09,469.911,471.508,-0.122187,NA
144,1143,stream,5250,compact,590,1,belt_rock,direct,9.224605006583023E-07,9.224605006583023E-07,0,1,0,0,308.752,-0.227842,NA
144,1144,stream,5250,compact,1057,1,belt_rock,direct,4.084218053776376E-06,4.084218053776376E-06,0,1,0,0,333.384,-0.137846,NA
145,1145,stream,5250,compact,590,2,belt_rock,direct,1.86476596115729E-06,1.86476596115729E-06,0,1,0,0,329.477,-0.184601,NA
145,1146,stream,5250,compact,1057,2,belt_rock,direct,1.86476596115729E-06,1.86476596115729E-06,0,1,0,0,329.476,-0.184601,NA
146,1147,ring,5250,compact,328,1,belt_rock,direct,1.2928335463886308E-05,1.2928335463886308E-05,0,1,1.4903651916594534E-07,6148.21,6151.86,-1.36569,NA
146,1148,stream,5250,compact,590,3,belt_rock,direct,8.397442882167196E-07,8.397442882167196E-07,0,1,0,0,326.605,-0.219354,NA
146,1149,stream,5250,compact,1057,3,belt_rock,direct,8.397442882167196E-07,8.397442882167196E-07,0,1,0,0,326.604,-0.219353,NA
146,1150,stream,5250,compact,1758,1,belt_rock,direct,5.794545048132024E-05,5.794545048132024E-05,0,1,0,0,238.944,-0.154161,NA
146,1151,ring,5250,compact,1466,1,belt_rock,direct,8.882289267840091E-06,8.882289267840091E-06,0,1,1.646004732374346E-08,988.337,994.072,-0.024412,NA
146,1152,ring,5250,compact,1496,1,belt_rock,direct,6.930771694304843E-05,6.930771694304843E-05,0,1,0.0011532832734737972,8.87469E+06,1.08549E+07,-1.32055,NA
147,1153,stream,5250,compact,218,1,belt_rock,direct,8.078298878121993E-07,8.078298878121993E-07,0,1,0,0,302.409,-0.111673,NA
147,1154,ring,5250,compact,411,1,belt_rock,direct,1.1454317351438843E-05,1.1454317351438843E-05,0,1,8.88651995052083E-08,4137.72,4150.53,-1.31172,NA
147,1155,stream,5250,compact,411,2,belt_rock,closure,4.8407427303672296E-11,4.8407427303672296E-11,0,1,0,0,NA,NA,NA
147,1156,stream,5250,compact,1466,3,belt_rock,closure,4.8407427303672296E-11,4.8407427303672296E-11,0,1,0,0,NA,NA,NA
148,1157,stream,5250,compact,1552,1,belt_rock,direct,9.723705720509302E-07,9.723705720509302E-07,0,1,0,0,306.408,-0.145559,NA
148,1158,ring,5250,compact,1604,1,belt_rock,direct,4.9577110875219E-06,4.9577110875219E-06,0,1,5.2596095410626485E-09,565.811,568.274,-0.0919051,NA
148,1159,stream,5250,compact,1782,1,belt_rock,direct,4.8529762836169004E-06,4.8529762836169004E-06,0,1,0,0,421.731,-0.0794275,NA
148,1160,stream,5250,compact,411,3,unknown,direct,2.4203713651836132E-11,0,2.4203713651836132E-11,0,0,NaN,1662.02,-32.3162,NA
148,1161,stream,5250,compact,1466,4,unknown,direct,2.4203713651836132E-11,0,2.4203713651836132E-11,0,0,NaN,1662.02,-32.3163,NA
149,1162,stream,5250,compact,1105,1,belt_rock,direct,1.21511107514023E-05,1.21511107514023E-05,0,1,0,0,269.571,-0.0701428,NA
149,1163,stream,5250,compact,1848,1,belt_rock,direct,5.309475501384324E-05,0,5.309475501384324E-05,0,0,NaN,NaN,0.108994,NA
149,1164,ring,5250,compact,1527,1,belt_rock,direct,2.2801542483823553E-05,2.2801542483823553E-05,0,1,2.3938399512835973E-06,55992.5,56318.3,-1.41865,NA
149,1165,stream,5250,compact,1848,2,belt_rock,closure,3.738232757089656E-15,0,3.738232757089656E-15,0,0,NaN,NA,NA,NA
150,1166,stream,5250,compact,1169,1,belt_rock,direct,1.663009961277317E-06,1.663009961277317E-06,0,1,0,0,358.588,-0.128673,NA
150,1167,stream,5250,compact,1284,1,belt_rock,direct,2.067352181108846E-05,2.067352181108846E-05,0,1,0,0,336.013,-0.0336538,NA
150,1168,ring,5250,compact,89,1,belt_rock,direct,9.489632587779488E-05,9.489632587779488E-05,0,1,4.815862348119587E-06,27066,27264.1,-1.31559,NA
150,1169,stream,5250,compact,410,1,belt_rock,direct,0.00013235861283091715,0.00013235861283091715,0,1,0,0,203.904,-0.0411568,NA
150,1170,ring,5250,compact,727,1,belt_rock,direct,2.757714839709201E-06,2.757714839709201E-06,0,1,1.8056421096136663E-08,3492.05,3544.3,-1.56059,NA
150,1171,stream,5250,compact,411,4,belt_rock,direct,3.037777687850575E-06,3.037777687850575E-06,0,1,0,0,267.908,-0.0891097,NA
150,1172,stream,5250,compact,1105,2,belt_rock,direct,3.037777687850575E-06,3.037777687850575E-06,0,1,0,0,267.908,-0.0891097,NA
150,1173,stream,5250,compact,1466,5,belt_rock,direct,3.037777687850575E-06,3.037777687850575E-06,0,1,0,0,267.909,-0.0891099,NA
150,1174,stream,5250,compact,1782,2,belt_rock,direct,3.037777687850575E-06,3.037777687850575E-06,0,1,0,0,267.909,-0.0891099,NA
150,1175,ring,5250,compact,1958,1,belt_rock,direct,1.4015216277502266E-05,1.4015216277502266E-05,0,1,1.3591072414757444E-08,517.193,NaN,0.0181763,NA
150,1176,stream,5250,compact,1386,1,belt_rock,direct,0.00012234847986428645,0,0.00012234847986428645,0,0,NaN,NaN,0.0594049,NA
150,1177,stream,5250,compact,1169,2,belt_rock,closure,8.247509638225403E-07,8.247509638225403E-07,0,1,0,0,NA,NA,NA
150,1178,stream,5250,compact,1848,3,belt_rock,closure,8.247509638225403E-07,8.247509638225403E-07,0,1,0,0,NA,NA,NA
150,1179,stream,5250,compact,1284,2,belt_rock,closure,8.87135128003859E-06,8.87135128003859E-06,0,1,0,0,NA,NA,NA
150,1180,stream,5250,compact,1527,3,belt_rock,closure,8.87135128003859E-06,8.87135128003859E-06,0,1,0,0,NA,NA,NA
150,1181,stream,5250,compact,410,2,belt_rock,closure,5.6218837169300615E-05,5.6218837169300615E-05,0,1,0,0,NA,NA,NA
151,1182,stream,5250,compact,89,2,belt_rock,direct,5.6218837169300615E-05,5.6218837169300615E-05,0,1,0,0,203.571,-0.0438435,NA
151,1183,ring,5250,compact,1201,1,belt_rock,direct,1.7680336190559136E-05,1.7680336190559136E-05,0,1,2.213508014130886E-08,667.712,668.465,-0.00192311,NA
151,1184,stream,5250,compact,1284,3,unknown,direct,3.7078353225492622E-06,3.7078353225492622E-06,0,1,0,0,332.62,-0.0733101,NA
151,1185,stream,5250,compact,1848,4,unknown,direct,3.7078353225492622E-06,3.7078353225492622E-06,0,1,0,0,332.621,-0.0733102,NA
151,1186,stream,5250,compact,1169,3,unknown,direct,4.0754716016101285E-07,4.0754716016101285E-07,0,1,0,0,354.407,-0.179503,NA
151,1187,ring,5250,compact,1236,1,belt_rock,direct,1.0623969393079563E-05,1.0623969393079563E-05,0,1,1.1158935981618446E-08,560.189,563.211,-0.00415758,NA
151,1188,stream,5250,compact,1386,2,unknown,direct,4.0754716016101285E-07,4.0754716016101285E-07,0,1,0,0,354.408,-0.179503,NA
151,1189,stream,5250,compact,410,3,unknown,direct,2.6208476419410623E-05,2.6208476419410623E-05,0,1,0,0,203.569,-0.0438433,NA
151,1190,stream,5250,compact,1527,4,unknown,direct,2.6208476419410623E-05,2.6208476419410623E-05,0,1,0,0,203.57,-0.0438433,NA
151,1191,stream,5250,compact,411,5,belt_rock,direct,1.472418853727369E-06,1.472418853727369E-06,0,1,0,0,267.93,-0.0879192,NA
151,1192,stream,5250,compact,727,2,belt_rock,direct,1.472418853727369E-06,1.472418853727369E-06,0,1,0,0,267.931,-0.0879193,NA
151,1193,stream,5250,compact,1105,3,belt_rock,direct,1.4724050511114815E-06,1.4724050511114815E-06,0,1,0,0,267.932,-0.0879204,NA
151,1194,stream,5250,compact,1466,6,belt_rock,direct,1.4724050511114815E-06,1.4724050511114815E-06,0,1,0,0,267.931,-0.0879203,NA
151,1195,ring,5250,compact,968,1,belt_rock,direct,9.755062398667709E-05,9.755062398667709E-05,0,1,3.2607342872145656E-07,1782.72,1792.8,-1.16595,NA
151,1196,ring,5250,compact,1339,1,belt_rock,direct,5.589096559548396E-06,5.589096559548396E-06,0,1,3.270131914951242E-08,3120.49,3158.9,-1.38471,NA
151,1197,stream,5250,compact,1848,5,unknown,unknown,1.7461675298963885E-06,1.7461675298963885E-06,0,1,0,0,NA,NA,NA
152,1198,stream,5250,compact,1284,4,unknown,direct,1.7461675298963885E-06,1.7461675298963885E-06,0,1,0,0,328.858,-0.118546,NA
152,1199,stream,5250,compact,410,4,unknown,direct,1.1413164203895936E-05,1.1413164203895936E-05,0,1,0,0,203.862,-0.0393743,NA
152,1200,stream,5250,compact,1386,3,unknown,direct,1.1413164203895936E-05,1.1413164203895936E-05,0,1,0,0,203.863,-0.0393744,NA
152,1201,stream,5250,compact,1810,1,belt_rock,direct,1.1890930949071887E-06,1.1890930949071887E-06,0,1,0,0,188.767,-0.036977,NA
152,1202,stream,5250,compact,1339,2,unknown,direct,7.490318949275541E-07,7.490318949275541E-07,0,1,0,0,328.857,-0.118546,NA
152,1203,stream,5250,compact,1848,6,unknown,direct,7.490318949275541E-07,7.490318949275541E-07,0,1,0,0,328.857,-0.118546,NA
152,1204,stream,5250,compact,601,1,belt_rock,direct,7.258925145147878E-07,7.258925145147878E-07,0,1,0,0,305.632,-0.0881592,NA
153,1205,stream,5250,compact,1472,1,belt_rock,direct,4.781403603759183E-06,4.781403603759183E-06,0,1,0,0,255.198,-0.0316089,NA
153,1206,stream,5250,compact,649,1,belt_rock,direct,8.101045907244274E-05,8.101045907244274E-05,0,1,0,0,208.888,-0.000810157,NA
154,1207,stream,5250,compact,601,2,belt_rock,direct,2.191131189454748E-06,0,2.191131189454748E-06,0,0,NaN,257.642,-0.000682021,NA
154,1208,stream,5250,compact,1472,2,belt_rock,direct,2.191131189454748E-06,0,2.191131189454748E-06,0,0,NaN,257.641,-0.000681579,NA
154,1209,stream,5250,compact,1386,4,belt_rock,direct,5.742161989393394E-07,5.742161989393394E-07,0,1,0,0,189.104,-0.0308827,NA
154,1210,stream,5250,compact,1810,2,belt_rock,direct,5.742161989393394E-07,5.742161989393394E-07,0,1,0,0,189.103,-0.0308825,NA
154,1211,stream,5250,compact,52,1,belt_rock,direct,2.4539571004113177E-05,2.4539571004113177E-05,0,1,0,0,205.012,-0.0192609,NA
154,1212,stream,5250,compact,232,1,belt_rock,direct,6.527342539022228E-05,0,6.527342539022228E-05,0,0,NaN,NaN,0.069195,NA
154,1213,stream,5250,compact,1331,1,belt_rock,direct,5.905562699678811E-05,0,5.905562699678811E-05,0,0,NaN,NaN,0.232011,NA
155,1214,stream,5250,compact,52,2,belt_rock,direct,1.1064974315905778E-05,1.1064974315905778E-05,0,1,0,0,205.365,-0.0140026,NA
155,1215,stream,5250,compact,1810,3,belt_rock,direct,1.1064974315905778E-05,1.1064974315905778E-05,0,1,0,0,205.365,-0.0140028,NA
155,1216,stream,5250,compact,1838,1,belt_rock,direct,8.856233734448072E-05,0,8.856233734448072E-05,0,0,NaN,NaN,0.0891346,NA
155,1217,ring,5250,compact,117,1,belt_rock,direct,6.285788692926893E-06,6.285788692926893E-06,0,1,1.7899514571472647E-08,1518.73,1529.42,-1.18633,NA
156,1218,ring,5250,compact,957,1,belt_rock,direct,7.043976105734564E-05,7.043976105734564E-05,0,1,3.31633678377044E-07,2510.96,2518.27,-1.31591,NA
156,1219,stream,5250,compact,2002,1,belt_rock,direct,6.039423641152206E-07,0,6.039423641152206E-07,0,0,NaN,NaN,0.102879,NA
157,1220,stream,5250,compact,1087,1,belt_rock,direct,3.704036066208752E-06,0,3.704036066208752E-06,0,0,NaN,NaN,0.182784,NA
157,1221,stream,5250,compact,1994,1,belt_rock,direct,0.00011645690653129722,0,0.00011645690653129722,0,0,NaN,NaN,0.059244,NA
158,1222,stream,5250,compact,406,1,belt_rock,direct,0.00012284731971249979,0,0.00012284731971249979,0,0,NaN,NaN,0.0475309,NA
158,1223,stream,5250,compact,954,1,belt_rock,direct,8.296777625705514E-05,0,8.296777625705514E-05,0,0,NaN,NaN,0.11711,NA
158,1224,stream,5250,compact,570,1,belt_rock,direct,3.814864534225505E-06,0,3.814864534225505E-06,0,0,NaN,NaN,0.0452677,NA
158,1225,stream,5250,compact,432,1,belt_rock,direct,0.00011297787137175107,0,0.00011297787137175107,0,0,NaN,NaN,0.246252,NA
159,1226,stream,5250,compact,633,1,belt_rock,direct,3.2047045533139196E-05,0,3.2047045533139196E-05,0,0,NaN,NaN,0.0826473,NA
159,1227,ring,5250,compact,682,1,belt_rock,direct,1.0500769454859569E-05,1.0500769454859569E-05,0,1,4.937366617676579E-08,2507.68,2516.02,-1.28306,NA
159,1228,ring,5250,compact,854,1,belt_rock,direct,5.4974631759966734E-05,5.4974631759966734E-05,0,1,2.045838749784462E-07,1984.76,1994.08,-1.26961,NA
159,1229,stream,5250,compact,682,2,belt_rock,closure,4.3102386986805533E-10,4.3102386986805533E-10,0,1,0,0,NA,NA,NA
159,1230,stream,5250,compact,633,2,belt_rock,closure,4.3102386986805533E-10,4.3102386986805533E-10,0,1,0,0,NA,NA,NA
159,1231,stream,5250,compact,432,2,belt_rock,closure,4.3102386986805533E-10,4.3102386986805533E-10,0,1,0,0,NA,NA,NA
159,1232,stream,5250,compact,570,2,belt_rock,closure,4.3102386986805533E-10,4.3102386986805533E-10,0,1,0,0,NA,NA,NA
159,1233,stream,5250,compact,954,2,belt_rock,closure,4.3102386986805533E-10,4.3102386986805533E-10,0,1,0,0,NA,NA,NA
159,1234,stream,5250,compact,406,2,belt_rock,closure,4.3102386986805533E-10,4.3102386986805533E-10,0,1,0,0,NA,NA,NA
159,1235,stream,5250,compact,1994,2,belt_rock,closure,4.3102386986805533E-10,4.3102386986805533E-10,0,1,0,0,NA,NA,NA
159,1236,stream,5250,compact,1087,2,belt_rock,closure,4.3102386986805533E-10,4.3102386986805533E-10,0,1,0,0,NA,NA,NA
159,1237,stream,5250,compact,2002,2,belt_rock,closure,4.3102386986805533E-10,4.3102386986805533E-10,0,1,0,0,NA,NA,NA
159,1238,stream,5250,compact,957,2,belt_rock,closure,4.3102386986805533E-10,4.3102386986805533E-10,0,1,0,0,NA,NA,NA
160,1239,stream,5250,compact,427,3,belt_rock,direct,3.079861098803367E-07,3.079861098803367E-07,0,1,0,0,310.066,-2.60538,NA
160,1240,stream,5250,compact,1656,4,belt_rock,direct,3.079861098803367E-07,3.079861098803367E-07,0,1,0,0,310.069,-2.60537,NA
160,1241,stream,5250,compact,1506,1,belt_rock,direct,2.888469545640547E-05,0,2.888469545640547E-05,0,0,NaN,NaN,0.158723,NA
160,1242,stream,5250,compact,427,4,belt_rock,closure,1.287800042942436E-07,1.287800042942436E-07,0,1,0,0,NA,NA,NA
160,1243,stream,5250,compact,957,3,belt_rock,closure,1.287800042942436E-07,1.287800042942436E-07,0,1,0,0,NA,NA,NA
161,1244,stream,5250,compact,1685,1,belt_rock,direct,0.0001267561349246564,0,0.0001267561349246564,0,0,NaN,NaN,0.174685,NA
161,1245,stream,5250,compact,16,1,belt_rock,direct,8.721632635444028E-05,0,8.721632635444028E-05,0,0,NaN,NaN,0.128756,NA
162,1246,ring,5250,compact,1490,1,belt_rock,direct,4.829472096087543E-05,4.829472096087543E-05,0,1,2.4129389459950986E-07,2664.68,2671.82,-1.21068,NA
162,1247,stream,5250,compact,1490,2,belt_rock,closure,3.259175672024569E-10,3.259175672024569E-10,0,1,0,0,NA,NA,NA
162,1248,stream,5250,compact,16,2,belt_rock,closure,3.259175672024569E-10,3.259175672024569E-10,0,1,0,0,NA,NA,NA
163,1249,stream,5250,compact,1393,1,belt_rock,direct,3.342003964976877E-05,0,3.342003964976877E-05,0,0,NaN,NaN,0.143948,NA
163,1250,stream,5250,compact,1603,1,belt_rock,direct,1.2609858430881305E-06,0,1.2609858430881305E-06,0,0,NaN,NaN,0.122394,NA
164,1251,stream,5250,compact,162,1,belt_rock,direct,1.7803060516831073E-06,0,1.7803060516831073E-06,0,0,NaN,NaN,0.220839,NA
164,1252,stream,5250,compact,178,1,belt_rock,direct,0.000121325767889951,0,0.000121325767889951,0,0,NaN,NaN,0.143051,NA
164,1253,stream,5250,compact,890,1,belt_rock,direct,1.4775726784383778E-05,0,1.4775726784383778E-05,0,0,NaN,NaN,0.205246,NA
164,1254,ring,5250,compact,1991,1,belt_rock,direct,6.911239450870801E-07,6.911239450870801E-07,0,1,1.4605893157796787E-09,1127.12,1133.23,-1.47431,NA
164,1255,stream,5250,compact,1987,1,belt_rock,direct,3.361735646919132E-06,0,3.361735646919132E-06,0,0,NaN,NaN,0.181676,NA
164,1256,stream,5250,compact,544,1,belt_rock,direct,0.00010201718920264389,0,0.00010201718920264389,0,0,NaN,NaN,0.212188,NA
164,1257,ring,5250,compact,1761,1,belt_rock,direct,2.856155706328101E-06,2.856155706328101E-06,0,1,1.0184677043457228E-08,1901.8,1946.76,-1.45027,NA
165,1258,ring,5250,compact,248,1,belt_rock,direct,9.396162689430027E-05,9.396162689430027E-05,0,1,2.3015134227697877E-07,1306.36,1307.57,-1.20911,NA
165,1259,stream,5250,compact,138,1,belt_rock,direct,9.130457292593569E-05,0,9.130457292593569E-05,0,0,NaN,NaN,0.279799,NA
166,1260,stream,5250,compact,1823,2,unknown,direct,5.04360016876275E-11,5.04360016876275E-11,0,1,0,0,120.083,-43.9012,NA
167,1261,ring,5250,compact,1841,1,belt_rock,direct,2.1490379119485923E-05,2.1490379119485923E-05,0,1,3.900467561399433E-08,967.991,969.209,-1.08998,NA
167,1262,ring,5250,compact,1469,1,belt_rock,direct,5.1847812849231616E-05,5.1847812849231616E-05,0,1,9.232764302766772E-08,949.73,959.511,-1.10523,NA
167,1263,stream,5250,compact,1090,1,belt_rock,direct,4.139433168110901E-05,0,4.139433168110901E-05,0,0,NaN,NaN,0.234151,NA
169,1264,stream,5250,compact,998,4,unknown,direct,5.04360016876275E-11,5.04360016876275E-11,0,1,0,0,981.395,-33.1333,NA
170,1265,stream,5250,compact,1172,1,belt_rock,direct,5.8504138012990516E-05,0,5.8504138012990516E-05,0,0,NaN,NaN,0.353436,NA
170,1266,stream,5250,compact,658,1,belt_rock,direct,2.7035602890766737E-05,0,2.7035602890766737E-05,0,0,NaN,NaN,0.3087,NA
171,1267,ring,5250,compact,126,1,belt_rock,direct,2.3456771358617727E-05,2.3456771358617727E-05,0,1,3.07432805808788E-08,699.006,700.997,-1.03655,NA
171,1268,stream,5250,compact,1350,1,belt_rock,direct,5.067993206069222E-05,0,5.067993206069222E-05,0,0,NaN,NaN,0.477522,NA
172,1269,stream,5250,compact,474,1,belt_rock,direct,4.4015997827965374E-05,0,4.4015997827965374E-05,0,0,NaN,NaN,0.361543,NA
173,1270,ring,5250,compact,1885,1,belt_rock,direct,1.522190852560094E-05,1.522190852560094E-05,0,1,1.377929400047692E-08,482.788,485.991,-1.07284,NA
175,1271,ring,5250,compact,1889,1,belt_rock,direct,7.725920385469408E-05,7.725920385469408E-05,0,1,5.981738313019007E-08,412.929,414.183,-1.03664,NA
175,1272,ring,5250,compact,884,1,belt_rock,direct,1.608730327429073E-05,1.608730327429073E-05,0,1,1.3372733413418902E-08,443.339,448.521,-1.06627,NA
176,1273,stream,5250,compact,294,1,belt_rock,direct,8.150754916158677E-05,0,8.150754916158677E-05,0,0,NaN,NaN,0.490439,NA
176,1274,ring,5250,compact,1846,1,belt_rock,direct,4.466093444329174E-06,4.466093444329174E-06,0,1,4.104577580071297E-09,490.162,497.072,-0.963955,NA
176,1275,stream,5250,compact,398,1,belt_rock,direct,1.2697359484311106E-05,0,1.2697359484311106E-05,0,0,NaN,NaN,0.508852,NA
178,1276,ring,5250,compact,1390,1,belt_rock,direct,1.2988599385540738E-06,1.2988599385540738E-06,0,1,1.157800993667956E-09,475.412,486.892,-0.970071,NA
179,1277,stream,5250,compact,5438,8,unknown,direct,3.1293886034804946E-11,3.1293886034804946E-11,0,1,0,0,1330.79,-32.9345,NA
180,1278,stream,5250,compact,1882,1,belt_rock,direct,9.23535516800793E-06,0,9.23535516800793E-06,0,0,NaN,NaN,0.629949,NA
183,1279,stream,5250,compact,1476,1,belt_rock,direct,2.377107116497758E-06,2.377107116497758E-06,0,1,0,0,363.165,-0.963609,NA
183,1280,stream,5250,compact,1543,1,belt_rock,direct,2.3029836231729144E-06,2.3029836231729144E-06,0,1,0,0,321.376,-0.998368,NA
183,1281,stream,5250,compact,190,7,unknown,direct,1.7693908294795191E-10,0,1.7693908294795191E-10,0,0,NaN,1774.73,-24.5306,NA
184,1282,stream,5250,compact,411,7,belt_rock,direct,2.3771071164977582E-07,2.3771071164977582E-07,0,1,0,0,352.904,-1.10192,NA
184,1283,stream,5250,compact,727,4,belt_rock,direct,2.3771071164977582E-07,2.3771071164977582E-07,0,1,0,0,352.906,-1.10192,NA
184,1284,stream,5250,compact,877,5,belt_rock,direct,2.3771071164977582E-07,2.3771071164977582E-07,0,1,0,0,352.904,-1.10192,NA
184,1285,stream,5250,compact,979,2,belt_rock,direct,2.3771071164977582E-07,2.3771071164977582E-07,0,1,0,0,352.906,-1.10192,NA
184,1286,stream,5250,compact,1105,5,belt_rock,direct,2.3771071164977582E-07,2.3771071164977582E-07,0,1,0,0,352.904,-1.10192,NA
184,1287,stream,5250,compact,1210,4,belt_rock,direct,2.3771071164977582E-07,2.3771071164977582E-07,0,1,0,0,352.906,-1.10192,NA
184,1288,stream,5250,compact,1295,2,belt_rock,direct,2.3771071164977582E-07,2.3771071164977582E-07,0,1,0,0,352.906,-1.10192,NA
184,1289,stream,5250,compact,1476,2,belt_rock,direct,2.3771071164977582E-07,2.3771071164977582E-07,0,1,0,0,352.904,-1.10192,NA
184,1290,stream,5250,compact,1527,6,belt_rock,direct,2.3771071164977582E-07,2.3771071164977582E-07,0,1,0,0,352.904,-1.10192,NA
184,1291,stream,5250,compact,1882,2,belt_rock,direct,2.3771071164977582E-07,2.3771071164977582E-07,0,1,0,0,352.906,-1.10192,NA
184,1292,stream,5250,compact,356,3,unknown,direct,5.04360016876275E-11,5.04360016876275E-11,0,1,0,0,981.322,-33.1314,NA
187,1293,stream,5250,compact,721,1,belt_rock,direct,5.2223490105166355E-05,0,5.2223490105166355E-05,0,0,NaN,NaN,0.936172,NA
187,1294,stream,5250,compact,1,1,planet,direct,0.0553,0,0.0553,0,0,NaN,NaN,1.54491,NA
190,1295,stream,5250,compact,216,1,belt_rock,direct,0.00011469922344074188,0.00011469922344074188,0,1,0,0,124.181,-1.12446,NA
193,1296,stream,5250,compact,1,2,belt_rock,direct,1.4337402930092735E-05,1.4337402930092735E-05,0,1,0,0,118.484,-1.26251,NA
193,1297,stream,5250,compact,216,2,belt_rock,direct,1.4337402930092735E-05,1.4337402930092735E-05,0,1,0,0,118.483,-1.26251,NA
193,1298,stream,5250,compact,412,2,belt_rock,direct,1.4337402930092735E-05,1.4337402930092735E-05,0,1,0,0,118.484,-1.26251,NA
193,1299,stream,5250,compact,721,2,belt_rock,direct,1.4337402930092735E-05,1.4337402930092735E-05,0,1,0,0,118.483,-1.26251,NA
193,1300,stream,5250,compact,924,2,belt_rock,direct,1.4337402930092735E-05,1.4337402930092735E-05,0,1,0,0,118.484,-1.26251,NA
193,1301,stream,5250,compact,1013,2,belt_rock,direct,1.4337402930092735E-05,1.4337402930092735E-05,0,1,0,0,118.483,-1.26251,NA
193,1302,stream,5250,compact,1276,2,belt_rock,direct,1.4337402930092735E-05,1.4337402930092735E-05,0,1,0,0,118.484,-1.26251,NA
193,1303,stream,5250,compact,1394,2,belt_rock,direct,1.4337402930092735E-05,1.4337402930092735E-05,0,1,0,0,118.483,-1.26251,NA
194,1304,stream,5250,compact,1842,6,unknown,direct,5.04360016876275E-11,5.04360016876275E-11,0,1,0,0,570.298,-38.2955,NA
196,1305,stream,5250,compact,454,3,unknown,direct,3.590190149468868E-11,3.590190149468868E-11,0,1,0,0,1176.91,-33.3907,NA
198,1306,stream,0,sun,1259,2,belt_rock,direct,3.2340602374226586E-06,0,0,0,0,NaN,NaN,10.5871,NA
201,1307,stream,5250,compact,709,3,belt_rock,direct,1.0164773160752247E-09,1.0164773160752247E-09,0,1,0,0,815.587,-69.7947,NA
201,1308,stream,5250,compact,1159,2,belt_rock,direct,1.0164773160752247E-09,1.0164773160752247E-09,0,1,0,0,815.587,-69.7947,NA
201,1309,stream,5250,compact,29,2,belt_rock,direct,9.093175032024008E-09,0,9.093175032024008E-09,0,0,NaN,565.754,-41.3151,NA
201,1310,ring,5250,compact,55,2,belt_rock,direct,3.2524783866367395E-07,3.2524783866367395E-07,0,1,3.396247260448083E-10,556.908,393.98,-19.3367,NA
201,1311,ring,5250,compact,69,2,belt_rock,direct,3.8095695844943824E-08,3.8095695844943824E-08,0,1,1.3112864960128437E-10,1835.78,476.859,-30.3525,NA
201,1312,ring,5250,compact,78,3,belt_rock,direct,8.639764750071857E-08,8.639764750071857E-08,0,1,1.2309222390501185E-10,759.849,440.222,-25.0962,NA
201,1313,stream,5250,compact,108,2,belt_rock,direct,2.4912646775112022E-09,2.4912646775112022E-09,0,1,0,0,711.601,-55.7178,NA
201,1314,stream,5250,compact,116,4,belt_rock,direct,1.088691194424884E-06,1.088691194424884E-06,0,1,0,0,168.316,-14.8636,NA
201,1315,stream,5250,compact,117,2,belt_rock,direct,3.8225158148760865E-09,3.8225158148760865E-09,0,1,0,0,1038.52,-47.2702,NA
201,1316,stream,5250,compact,126,2,belt_rock,direct,1.0325747908138037E-07,1.0325747908138037E-07,0,1,0,0,369.619,-23.4589,NA
201,1317,ring,5250,compact,133,2,belt_rock,direct,5.320332052483575E-06,5.320332052483575E-06,0,1,5.8703689042857476E-09,588.471,145.12,-11.5952,NA
201,1318,stream,5250,compact,144,2,belt_rock,direct,9.651466990089883E-10,9.651466990089883E-10,0,1,0,0,1567.95,-54.8956,NA
201,1319,stream,5250,compact,162,2,belt_rock,direct,1.2484766574967284E-08,0,1.2484766574967284E-08,0,0,NaN,516.688,-39.3532,NA
201,1320,stream,5250,compact,164,2,belt_rock,direct,5.4778253959515495E-08,5.4778253959515495E-08,0,1,0,0,437.982,-27.9635,NA
201,1321,stream,5250,compact,176,2,belt_rock,direct,5.310532093727975E-08,5.310532093727975E-08,0,1,0,0,490.955,-26.8697,NA
201,1322,stream,5250,compact,182,2,belt_rock,direct,1.2192800422621508E-08,1.2192800422621508E-08,0,1,0,0,749.282,-39.0732,NA
202,1323,ring,5250,compact,14,4,belt_rock,direct,3.457225288704206E-10,3.457225288704206E-10,0,1,3.616305698534462E-11,55787.4,55787.4,-76.0853,NA
202,1324,ring,5250,compact,18,3,belt_rock,direct,1.6776569506076757E-09,1.6776569506076757E-09,0,1,1.1054315277530415E-10,35142.1,35142.1,-213.509,NA
202,1325,ring,5250,compact,103,3,belt_rock,direct,3.457225288704206E-10,3.457225288704206E-10,0,1,3.6020939429833375E-11,55568.2,55568.2,-76.1418,NA
202,1326,ring,5250,compact,349,4,belt_rock,direct,2.5549633660300943E-08,2.5549633660300943E-08,0,1,8.381862878519397E-11,1749.66,1749.66,-6.75519,NA
202,1327,ring,5250,compact,361,2,belt_rock,direct,6.060322087020766E-08,6.060322087020766E-08,0,1,1.3402826201816814E-10,1179.5,1179.5,-7.75326,NA
202,1328,ring,5250,compact,567,2,belt_rock,direct,5.320332052483575E-06,5.320332052483575E-06,0,1,3.429247471686429E-06,343763,343763,-17.0285,NA
202,1329,ring,5250,compact,575,6,unknown,direct,1.1291231231443631E-10,1.1291231231443631E-10,0,1,5.757809266628454E-13,2719.66,2719.66,-63.2281,NA
202,1330,ring,5250,compact,775,5,belt_rock,direct,1.0137144166636369E-06,1.0137144166636369E-06,0,1,6.016409217111957E-10,316.534,316.534,-8.03016,NA
202,1331,ring,5250,compact,842,2,belt_rock,direct,1.6776569506076757E-09,1.6776569506076757E-09,0,1,1.0603713607686344E-10,33709.6,33709.6,-214.066,NA
202,1332,ring,5250,compact,897,2,belt_rock,direct,5.28257816333214E-09,5.28257816333214E-09,0,1,3.8547186716015574E-11,3891.75,3891.75,-15.5819,NA
202,1333,ring,5250,compact,972,2,belt_rock,direct,7.451261149613806E-07,7.451261149613806E-07,0,1,1.3648717475603915E-09,976.924,976.924,-6.4502,NA
202,1334,ring,5250,compact,1034,8,belt_rock,direct,2.8027569333255663E-08,2.8027569333255663E-08,0,1,2.2410388906747343E-10,4264.45,4264.45,-16.6723,NA
202,1335,ring,5250,compact,1503,7,unknown,direct,1.1291231231443631E-10,1.1291231231443631E-10,0,1,5.784999975909092E-13,2732.5,2732.5,-62.4771,NA
202,1336,ring,5250,compact,1522,2,belt_rock,direct,3.0326745025857074E-06,3.0326745025857074E-06,0,1,2.7678782540525786E-07,48676.6,48676.6,-17.7628,NA
202,1337,ring,5250,compact,1604,2,belt_rock,direct,5.625822516450617E-07,5.625822516450617E-07,0,1,4.97305401066924E-10,471.45,471.45,-8.531,NA
202,1338,ring,5250,compact,1608,2,belt_rock,direct,6.376647351181433E-09,6.376647351181433E-09,0,1,3.003316494777166E-11,2511.93,2511.93,-6.30021,NA
203,1339,stream,5250,compact,357,2,belt_rock,direct,7.832045437638677E-07,7.832045437638677E-07,0,1,0,0,748.145,-2.31135,NA
203,1340,stream,5250,compact,371,2,belt_rock,direct,1.2126085803926525E-07,1.2126085803926525E-07,0,1,0,0,779.172,-3.33444,NA
203,1341,stream,5250,compact,474,2,belt_rock,direct,5.059031055164805E-07,5.059031055164805E-07,0,1,0,0,380.4,-3.16537,NA
203,1342,stream,5250,compact,742,2,belt_rock,direct,7.832045437638677E-07,7.832045437638677E-07,0,1,0,0,748.145,-2.31135,NA
203,1343,stream,5250,compact,912,2,belt_rock,direct,3.330106274592511E-06,3.330106274592511E-06,0,1,0,0,482.155,-2.38274,NA
203,1344,stream,5250,compact,1031,2,belt_rock,direct,8.802585790632882E-06,8.802585790632882E-06,0,1,0,0,375.232,-2.82083,NA
203,1345,ring,5250,compact,1332,2,belt_rock,direct,1.409447715478122E-06,1.409447715478122E-06,0,1,1.444633013916822E-07,54664.7,54664.7,-19.5564,NA
203,1346,ring,5250,compact,1342,2,belt_rock,direct,8.802585790632882E-06,8.802585790632882E-06,0,1,3.5882083852866074E-07,21740.3,21740.3,-20.4221,NA
203,1347,stream,5250,compact,1350,2,belt_rock,direct,5.059031055164805E-07,5.059031055164805E-07,0,1,0,0,380.4,-3.16537,NA
203,1348,stream,5250,compact,1357,2,belt_rock,direct,6.832232530670822E-07,6.832232530670822E-07,0,1,0,0,827.959,-0.476247,NA
203,1349,stream,5250,compact,1427,3,belt_rock,direct,2.1875215562926515E-07,2.1875215562926515E-07,0,1,0,0,504.69,-4.65913,NA
203,1350,stream,5250,compact,1616,1,belt_rock,direct,3.344557276435638E-05,3.344557276435638E-05,0,1,0,0,86.5775,-1.1192,NA
203,1351,stream,5250,compact,1693,2,belt_rock,direct,3.0326745025857074E-06,3.0326745025857074E-06,0,1,0,0,267.982,-2.36312,NA
203,1352,stream,5250,compact,1733,2,belt_rock,direct,1.682034141059975E-07,1.682034141059975E-07,0,1,0,0,648.826,-2.79378,NA
203,1353,stream,5250,compact,1741,3,belt_rock,direct,4.663763284957127E-07,4.663763284957127E-07,0,1,0,0,387.709,-3.28928,NA
203,1354,stream,5250,compact,1751,2,belt_rock,direct,2.8793046784147706E-08,0,2.8793046784147706E-08,0,0,NaN,NaN,3.5705,NA
204,1355,ring,5250,compact,159,2,belt_rock,direct,4.4300525673374297E-07,4.4300525673374297E-07,0,1,1.0141780629588876E-08,12209.7,12209.7,-19.7747,NA
204,1356,stream,5250,compact,236,4,belt_rock,direct,5.320332052483575E-06,5.320332052483575E-06,0,1,0,0,228.207,-2.14548,NA
204,1357,ring,5250,compact,387,2,belt_rock,direct,3.330106274592511E-06,3.330106274592511E-06,0,1,1.698806176266071E-07,27207.2,27207.2,-25.1272,NA
204,1358,ring,5250,compact,451,3,belt_rock,direct,7.832045437638677E-07,7.832045437638677E-07,0,1,2.0508855132396135E-08,13965.8,13965.8,-25.7785,NA
204,1359,ring,5250,compact,590,5,belt_rock,direct,1.088691194424884E-06,1.088691194424884E-06,0,1,3.738212765882723E-09,1831.29,1831.29,-14.829,NA
204,1360,ring,5250,compact,672,3,belt_rock,direct,1.682034141059975E-07,1.682034141059975E-07,0,1,4.352516235795256E-09,13800.8,13800.8,-25.024,NA
204,1361,stream,5250,compact,676,3,belt_rock,direct,1.953077682588236E-06,1.953077682588236E-06,0,1,0,0,308.54,-5.50885,NA
204,1362,ring,5250,compact,967,3,belt_rock,direct,3.2524783866367395E-07,3.2524783866367395E-07,0,1,1.7979355325942442E-09,2948.21,2948.21,-18.2615,NA
204,1363,stream,5250,compact,1067,5,belt_rock,direct,1.953077682588236E-06,1.953077682588236E-06,0,1,0,0,308.534,-5.51694,NA
204,1364,ring,5250,compact,1112,2,belt_rock,direct,2.1875215562926515E-07,2.1875215562926515E-07,0,1,4.043112358896146E-09,9857.4,9857.4,-22.254,NA
204,1365,ring,5250,compact,1172,2,belt_rock,direct,5.059031055164805E-07,5.059031055164805E-07,0,1,2.6479316788403424E-08,27915,27915,-22.3474,NA
204,1366,ring,5250,compact,1249,3,belt_rock,direct,1.2126085803926525E-07,1.2126085803926525E-07,0,1,1.8511106079689042E-09,8141.61,8141.61,-23.46,NA
204,1367,stream,5250,compact,1303,5,belt_rock,direct,1.953077682588236E-06,1.953077682588236E-06,0,1,0,0,308.54,-5.50885,NA
204,1368,ring,5250,compact,1553,3,belt_rock,direct,7.832045437638677E-07,7.832045437638677E-07,0,1,2.0508855132545273E-08,13965.8,13965.8,-25.7785,NA
204,1369,stream,5250,compact,1605,4,belt_rock,direct,1.953077682588236E-06,1.953077682588236E-06,0,1,0,0,308.534,-5.51694,NA
204,1370,ring,5250,compact,1623,2,belt_rock,direct,1.3226207117429581E-06,1.3226207117429581E-06,0,1,3.2243328979898244E-09,1300.18,1300.18,-13.5926,NA
205,1371,ring,5250,compact,184,3,belt_rock,direct,4.4300525673374297E-07,4.4300525673374297E-07,0,1,6.036084916195037E-10,726.683,726.683,-13.5481,NA
205,1372,ring,5250,compact,404,3,belt_rock,direct,1.3266791861222109E-08,1.3266791861222109E-08,0,1,3.1738747690365697E-10,12759.2,12759.2,-72.767,NA
205,1373,ring,5250,compact,514,2,belt_rock,direct,3.2344946801243977E-06,3.2344946801243977E-06,0,1,1.113525540444191E-09,183.608,183.608,-4.82806,NA
205,1374,ring,5250,compact,632,2,belt_rock,direct,3.222762533263606E-06,3.222762533263606E-06,0,1,7.617160994624113E-09,1260.56,1260.56,-17.3566,NA
205,1375,ring,5250,compact,1062,8,belt_rock,direct,2.5549633660300943E-08,2.5549633660300943E-08,0,1,1.3765969132296652E-10,2873.56,2873.56,-25.2432,NA
205,1376,ring,5250,compact,1080,1,belt_rock,direct,6.871401397151044E-05,6.871401397151044E-05,0,1,7.217877267403508E-07,5602.26,5602.26,-10.0668,NA
205,1377,ring,5250,compact,1098,3,belt_rock,direct,3.8095695844943824E-08,3.8095695844943824E-08,0,1,1.357326958252797E-10,1900.23,1900.23,-22.3098,NA
205,1378,ring,5250,compact,1125,2,belt_rock,direct,2.5549633660300943E-08,2.5549633660300943E-08,0,1,1.3765969111764403E-10,2873.56,2873.56,-25.2432,NA
205,1379,ring,5250,compact,1187,6,belt_rock,direct,6.666501177363793E-06,6.666501177363793E-06,0,1,9.066316140117017E-09,725.323,725.323,-12.1074,NA
205,1380,ring,5250,compact,1199,4,belt_rock,direct,6.666501177363793E-06,6.666501177363793E-06,0,1,9.066316140456158E-09,725.323,725.323,-12.1074,NA
205,1381,ring,5250,compact,1375,3,belt_rock,direct,7.451261149613806E-07,7.451261149613806E-07,0,1,3.219155977699132E-09,2304.15,2304.15,-38.8926,NA
205,1382,ring,5250,compact,1410,5,belt_rock,direct,1.2947338711551603E-08,1.2947338711551603E-08,0,1,2.0794971406662823E-10,8565.97,8565.97,-129.691,NA
205,1383,ring,5250,compact,1510,2,belt_rock,direct,6.060322087020766E-08,6.060322087020766E-08,0,1,2.6347747344477164E-10,2318.71,2318.71,-27.1921,NA
205,1384,ring,5250,compact,1536,2,belt_rock,direct,7.984164033359017E-07,7.984164033359017E-07,0,1,1.3644963293866642E-09,911.468,911.468,-13.8686,NA
205,1385,ring,5250,compact,1542,2,belt_rock,direct,7.54068627571934E-06,7.54068627571934E-06,0,1,2.0171824633836535E-09,142.67,142.67,-6.63056,NA
205,1386,ring,5250,compact,1552,2,belt_rock,direct,5.625822516450617E-07,5.625822516450617E-07,0,1,1.9642039931617028E-09,1862.08,1862.08,-17.8846,NA
206,1387,ring,5250,compact,235,2,belt_rock,direct,3.1659036317182066E-08,3.1659036317182066E-08,0,1,8.043944280983216E-11,1355.1,1355.1,-51.4844,NA
206,1388,stream,5250,compact,508,3,belt_rock,direct,9.697904378850757E-07,9.697904378850757E-07,0,1,0,0,93.0815,-6.90236,NA
206,1389,ring,5250,compact,659,3,belt_rock,direct,6.376647351181433E-09,6.376647351181433E-09,0,1,2.942167133930353E-11,2460.78,2460.78,-54.3184,NA
206,1390,ring,5250,compact,701,5,belt_rock,direct,4.838266437252071E-07,4.838266437252071E-07,0,1,2.49719035972594E-10,275.271,275.271,-17.095,NA
206,1391,stream,5250,compact,840,4,belt_rock,direct,4.829501543635743E-09,4.829501543635743E-09,0,1,0,0,1530.87,-11.2306,NA
206,1392,stream,5250,compact,911,2,belt_rock,direct,5.238070292006276E-08,5.238070292006276E-08,0,1,0,0,169.324,-14.6918,NA
206,1393,stream,5250,compact,1201,2,belt_rock,direct,2.240053082972606E-07,2.240053082972606E-07,0,1,0,0,110.836,-10.5426,NA
206,1394,stream,5250,compact,1435,4,belt_rock,direct,1.0823832821283948E-07,1.0823832821283948E-07,0,1,0,0,268.62,-12.5635,NA
206,1395,stream,5250,compact,1496,4,belt_rock,direct,7.649544213704449E-07,7.649544213704449E-07,0,1,0,0,95.6835,-8.39165,NA
206,1396,ring,5250,compact,1621,3,belt_rock,direct,1.3266791861222109E-08,1.3266791861222109E-08,0,1,8.929284155831283E-11,3589.63,3589.63,-187.386,NA
206,1397,stream,5250,compact,1631,2,belt_rock,direct,2.2258375649708643E-06,2.2258375649708643E-06,0,1,0,0,307.898,-1.62791,NA
206,1398,stream,5250,compact,1643,6,belt_rock,direct,4.829501543635743E-09,4.829501543635743E-09,0,1,0,0,1530.87,-11.2306,NA
206,1399,ring,5250,compact,1714,2,belt_rock,direct,5.045501594911294E-06,5.045501594911294E-06,0,1,4.722064865827746E-09,499.145,499.145,-10.1282,NA
206,1400,stream,5250,compact,1765,4,belt_rock,direct,9.697904378850757E-07,9.697904378850757E-07,0,1,0,0,93.0815,-6.90236,NA
206,1401,ring,5250,compact,1930,2,belt_rock,direct,1.0137144166636369E-06,1.0137144166636369E-06,0,1,1.8839999054018902E-09,991.206,991.206,-27.0094,NA
206,1402,ring,5250,compact,5253,11,belt_rock,direct,3.8095695844943824E-08,3.8095695844943824E-08,0,1,1.8937382997811915E-10,2651.2,2651.2,-12.9227,NA
207,1403,stream,5250,compact,1021,2,belt_rock,direct,2.4549705120210957E-06,2.4549705120210957E-06,0,1,0,0,117.5,-4.62141,NA
207,1404,stream,5250,compact,1073,6,belt_rock,direct,5.320332052483575E-06,5.320332052483575E-06,0,1,0,0,133.955,-3.43517,NA
207,1405,stream,5250,compact,1201,3,belt_rock,direct,3.6181294177865444E-08,3.6181294177865444E-08,0,1,0,0,351.669,-11.5254,NA
207,1406,stream,5250,compact,1427,4,belt_rock,direct,1.4819318076698427E-05,1.4819318076698427E-05,0,1,0,0,86.7298,-1.1173,NA
207,1407,stream,5250,compact,1435,5,belt_rock,direct,3.6181294177865444E-08,3.6181294177865444E-08,0,1,0,0,351.668,-11.5254,NA
207,1408,stream,5250,compact,1616,2,belt_rock,direct,1.4819318076698427E-05,1.4819318076698427E-05,0,1,0,0,86.7295,-1.1173,NA
207,1409,ring,5250,compact,1682,1,belt_rock,direct,9.748236769803566E-06,9.748236769803566E-06,0,1,2.3112369155551086E-08,1264.5,1264.5,-9.3548,NA
207,1410,ring,5250,compact,1901,1,belt_rock,direct,7.603009653070251E-06,7.603009653070251E-06,0,1,2.7934697051464886E-08,1959.55,1959.55,-9.70415,NA
207,1411,stream,5250,compact,5342,10,belt_rock,direct,1.0823832821283948E-07,1.0823832821283948E-07,0,1,0,0,351.668,-11.5254,NA
207,1412,stream,5250,compact,972,3,belt_rock,direct,6.237992842151772E-10,6.237992842151772E-10,0,1,0,0,312.861,-66.0671,NA
207,1413,stream,5250,compact,1034,9,belt_rock,direct,6.237992842151772E-10,6.237992842151772E-10,0,1,0,0,312.861,-66.0671,NA
207,1414,stream,5250,compact,676,4,belt_rock,direct,2.124836471326344E-10,2.124836471326344E-10,0,1,0,0,81.1329,-54.1,NA
207,1415,stream,5250,compact,967,4,belt_rock,direct,2.124836471326344E-10,2.124836471326344E-10,0,1,0,0,81.1329,-54.1,NA
207,1416,ring,5250,compact,1680,1,belt_rock,direct,1.9329043643943966E-05,1.9329043643943966E-05,0,1,9.504910121503153E-09,262.263,262.38,-1.96478,NA
207,1417,stream,5250,compact,842,3,belt_rock,direct,1.2444448650190288E-10,1.2444448650190288E-10,0,1,0,0,773.666,-54.558,NA
207,1418,stream,5250,compact,897,3,belt_rock,direct,1.2444448650190288E-10,1.2444448650190288E-10,0,1,0,0,773.666,-54.558,NA
208,1419,stream,5250,compact,1098,4,belt_rock,direct,1.3293390178113788E-10,1.3293390178113788E-10,0,1,0,0,1586.72,-41.3288,NA
208,1420,stream,5250,compact,1125,3,belt_rock,direct,1.3293390178113788E-10,1.3293390178113788E-10,0,1,0,0,1586.72,-41.3288,NA
208,1421,stream,5250,compact,1930,3,belt_rock,direct,4.768905512050015E-10,4.768905512050015E-10,0,1,0,0,63.0726,-45.2743,NA
208,1422,stream,5250,compact,5253,12,belt_rock,direct,4.768905512050015E-10,4.768905512050015E-10,0,1,0,0,63.0726,-45.2743,NA
208,1423,ring,5250,compact,539,3,unknown,direct,2.4642648411054054E-12,2.4642648411054054E-12,0,1,1.105602374042153E-10,2.39282E+07,2.39895E+07,-27.4372,NA
208,1424,stream,5250,compact,1062,9,belt_rock,direct,3.7239048544709754E-11,3.7239048544709754E-11,0,1,0,0,1938.02,-55.8696,NA
208,1425,stream,5250,compact,1080,2,belt_rock,direct,3.7239048544709754E-11,3.7239048544709754E-11,0,1,0,0,1938.02,-55.8696,NA
208,1426,ring,5250,compact,1278,3,unknown,direct,2.4642648411054054E-12,2.4642648411054054E-12,0,1,1.2376408003529396E-10,2.67859E+07,2.68335E+07,-27.5659,NA
208,1427,stream,5250,compact,1062,10,unknown,unknown,1.861952427235486E-11,0,1.861952427235486E-11,0,0,NaN,NA,NA,NA
208,1428,stream,5250,compact,539,4,unknown,unknown,1.861952427235486E-11,0,1.861952427235486E-11,0,0,NaN,NA,NA,NA
208,1429,ring,5250,compact,1742,2,unknown,direct,1.8030855847041534E-10,1.8030855847041534E-10,0,1,1.2569936598918426E-12,3718.05,6028.19,-21.5166,NA
208,1430,stream,5250,compact,1742,3,unknown,unknown,1.6773600779352905E-11,0,1.6773600779352905E-11,0,0,NaN,NA,NA,NA
208,1431,stream,5250,compact,539,5,unknown,unknown,1.6773600779352905E-11,0,1.6773600779352905E-11,0,0,NaN,NA,NA,NA
208,1432,stream,5250,compact,1062,11,unknown,unknown,1.6773600779352905E-11,0,1.6773600779352905E-11,0,0,NaN,NA,NA,NA
208,1433,stream,5250,compact,1278,5,unknown,unknown,1.6773600779352905E-11,0,1.6773600779352905E-11,0,0,NaN,NA,NA,NA
208,1434,ring,5250,compact,1403,1,belt_rock,direct,0.00011100583821301762,0.00011100583821301762,0,1,2.560790154562952E-08,123.034,123.639,-6.35124,NA
209,1435,stream,5250,compact,972,4,belt_rock,direct,3.1189964210758835E-10,3.1189964210758835E-10,0,1,0,0,1329.37,-53.3607,NA
209,1436,stream,5250,compact,1542,3,belt_rock,direct,9.235771488639041E-10,9.235771488639041E-10,0,1,0,0,78.3749,-40.1809,NA
209,1437,stream,5250,compact,1552,3,belt_rock,direct,9.235771488639041E-10,9.235771488639041E-10,0,1,0,0,78.3749,-40.1809,NA
209,1438,stream,5250,compact,5342,11,belt_rock,direct,3.1189964210758835E-10,3.1189964210758835E-10,0,1,0,0,1329.32,-53.3613,NA
211,1439,stream,5250,compact,317,3,unknown,direct,3.352910494340546E-10,3.352910494340546E-10,0,1,0,0,1728.88,-23.3302,NA
211,1440,stream,5250,compact,521,3,unknown,direct,3.352910494340546E-10,3.352910494340546E-10,0,1,0,0,1705.09,-23.5639,NA
213,1441,stream,5250,compact,1737,2,belt_rock,direct,2.5676872164613655E-09,2.5676872164613655E-09,0,1,0,0,368.393,-21.8317,NA
213,1442,ring,5250,compact,596,1,belt_rock,direct,0.00010472713209434757,0.00010472713209434757,0,1,5.9190515219940725E-08,301.434,301.955,-2.105,NA
213,1443,stream,5250,compact,1285,5,belt_rock,direct,2.6600746091874567E-09,2.6600746091874567E-09,0,1,0,0,335.831,-21.1627,NA
214,1444,stream,5250,compact,852,1,belt_rock,direct,2.333073652622924E-05,2.333073652622924E-05,0,1,0,0,88.7289,-1.45352,NA
216,1445,stream,5250,compact,852,2,belt_rock,direct,1.147435741006221E-05,1.147435741006221E-05,0,1,0,0,88.6554,-1.45443,NA
216,1446,stream,5250,compact,1285,6,belt_rock,direct,1.147435741006221E-05,1.147435741006221E-05,0,1,0,0,88.6559,-1.45443,NA
217,1447,stream,3,puller,9,1,moon,direct,0.0123,0.0123,0,1,0,0,0.0165625,-0.00058285,NA
218,1448,stream,5250,compact,1880,1,belt_rock,direct,9.648545736776672E-05,9.648545736776672E-05,0,1,0,0,209.672,-1.88273,NA
218,1449,stream,5250,compact,475,1,belt_rock,direct,4.916043908779418E-05,4.916043908779418E-05,0,1,0,0,181.809,-1.81008,NA
219,1450,stream,5250,compact,9,2,belt_rock,direct,4.171531034033143E-05,4.171531034033143E-05,0,1,0,0,208.917,-1.89217,NA
219,1451,stream,5250,compact,1880,2,belt_rock,direct,4.171531034033143E-05,4.171531034033143E-05,0,1,0,0,208.915,-1.89217,NA
219,1452,stream,5250,compact,9,3,belt_rock,closure,1.8027287216555466E-05,1.8027287216555466E-05,0,1,0,0,NA,NA,NA
219,1453,stream,5250,compact,475,2,belt_rock,closure,1.8027287216555466E-05,1.8027287216555466E-05,0,1,0,0,NA,NA,NA
220,1454,stream,5250,compact,9,4,unknown,direct,8.675809554510094E-06,8.675809554510094E-06,0,1,0,0,208.682,-1.8951,NA
220,1455,stream,5250,compact,852,3,belt_rock,direct,5.696464237614199E-06,5.696464237614199E-06,0,1,0,0,88.8334,-1.45222,NA
220,1456,stream,5250,compact,1285,7,belt_rock,direct,5.696464237614199E-06,5.696464237614199E-06,0,1,0,0,88.8331,-1.45222,NA
220,1457,stream,5250,compact,1880,3,unknown,direct,8.675809554510094E-06,8.675809554510094E-06,0,1,0,0,208.683,-1.8951,NA
221,1458,ring,5250,compact,179,2,belt_rock,direct,5.28257816333214E-09,5.28257816333214E-09,0,1,2.186311609126087E-11,2207.32,3103.99,-12.7645,NA
221,1459,stream,5250,compact,179,3,belt_rock,closure,3.345647376307348E-10,3.345647376307348E-10,0,1,0,0,NA,NA,NA
221,1460,stream,5250,compact,1880,4,belt_rock,closure,3.345647376307348E-10,3.345647376307348E-10,0,1,0,0,NA,NA,NA
222,1461,ring,5250,compact,1397,1,belt_rock,direct,0.00011390207617289396,0.00011390207617289396,0,1,6.453266982508021E-08,302.167,302.811,-1.92433,NA
223,1462,stream,5250,compact,495,1,belt_rock,direct,0.00010228677110501705,0.00010228677110501705,0,1,0,0,144.409,-1.63856,NA
223,1463,stream,5250,compact,1330,1,belt_rock,direct,1.6123499441349803E-05,1.6123499441349803E-05,0,1,0,0,171.873,-1.73558,NA
223,1464,stream,5250,compact,415,1,belt_rock,direct,6.773101756374196E-05,6.773101756374196E-05,0,1,0,0,231.143,-1.85994,NA
223,1465,stream,5250,compact,389,1,belt_rock,direct,8.731038260607542E-05,8.731038260607542E-05,0,1,0,0,188.799,-1.7978,NA
224,1466,stream,5250,compact,415,2,belt_rock,direct,2.864684098310381E-05,2.864684098310381E-05,0,1,0,0,230.039,-1.87373,NA
224,1467,stream,5250,compact,1330,2,belt_rock,direct,2.864684098310381E-05,2.864684098310381E-05,0,1,0,0,230.041,-1.87373,NA
224,1468,stream,5250,compact,1552,4,belt_rock,direct,1.5594982105379412E-10,0,1.5594982105379412E-10,0,0,NaN,2483.01,-38.9404,NA
224,1469,stream,5250,compact,415,3,belt_rock,closure,1.2981429867637627E-05,1.2981429867637627E-05,0,1,0,0,NA,NA,NA
224,1470,stream,5250,compact,389,2,belt_rock,closure,1.2981429867637627E-05,1.2981429867637627E-05,0,1,0,0,NA,NA,NA
225,1471,stream,5250,compact,389,3,unknown,direct,6.27585452951742E-06,6.27585452951742E-06,0,1,0,0,229.255,-1.88353,NA
225,1472,stream,5250,compact,415,4,unknown,direct,6.275886992516671E-06,6.275886992516671E-06,0,1,0,0,229.254,-1.88353,NA
225,1473,stream,5250,compact,1330,3,unknown,direct,6.27585452951742E-06,6.27585452951742E-06,0,1,0,0,229.256,-1.88353,NA
225,1474,stream,5250,compact,1552,5,unknown,direct,6.275886992516671E-06,6.275886992516671E-06,0,1,0,0,229.255,-1.88353,NA
227,1475,stream,5250,compact,389,4,unknown,direct,2.9646242315372695E-06,2.9646242315372695E-06,0,1,0,0,232.761,-1.83969,NA
227,1476,stream,5250,compact,415,5,unknown,direct,2.9646242315372695E-06,2.9646242315372695E-06,0,1,0,0,232.76,-1.83969,NA
227,1477,stream,5250,compact,1330,4,unknown,direct,2.9646070192960974E-06,2.9646070192960974E-06,0,1,0,0,232.762,-1.83969,NA
227,1478,stream,5250,compact,1552,6,unknown,direct,2.9646070192960974E-06,2.9646070192960974E-06,0,1,0,0,232.761,-1.83969,NA
227,1479,ring,5250,compact,1889,2,belt_rock,direct,1.088691194424884E-06,1.088691194424884E-06,0,1,7.02238191516291E-10,344.016,351.114,-7.62825,NA
229,1480,stream,5250,compact,5342,12,belt_rock,direct,1.5594982105379412E-10,0,1.5594982105379412E-10,0,0,NaN,450.959,-64.3409,NA
234,1481,stream,5250,compact,1319,1,belt_rock,direct,0.00012785318891198562,0.00012785318891198562,0,1,0,0,222.813,-1.73648,NA
235,1482,stream,5250,compact,1319,2,belt_rock,direct,6.17427615801666E-05,6.17427615801666E-05,0,1,0,0,221.905,-1.74782,NA
235,1483,stream,5250,compact,5342,13,belt_rock,direct,6.17427615801666E-05,6.17427615801666E-05,0,1,0,0,221.907,-1.74782,NA
235,1484,stream,5250,compact,1319,3,belt_rock,closure,2.7734978976092804E-05,2.7734978976092804E-05,0,1,0,0,NA,NA,NA
235,1485,stream,5250,compact,1889,3,belt_rock,closure,2.7734978976092804E-05,2.7734978976092804E-05,0,1,0,0,NA,NA,NA
235,1486,stream,5250,compact,1484,1,belt_rock,direct,5.302127902278333E-05,5.302127902278333E-05,0,1,0,0,215.987,-1.72342,NA
236,1487,stream,5250,compact,1319,4,unknown,direct,1.3226762107298196E-05,1.3226762107298196E-05,0,1,0,0,221.329,-1.75499,NA
236,1488,stream,5250,compact,5342,14,unknown,direct,1.3226762107298196E-05,1.3226762107298196E-05,0,1,0,0,221.33,-1.755,NA
236,1489,stream,5250,compact,1484,2,belt_rock,direct,2.187716096705435E-05,2.187716096705435E-05,0,1,0,0,215.258,-1.73253,NA
236,1490,stream,5250,compact,1889,4,belt_rock,direct,2.187716096705435E-05,2.187716096705435E-05,0,1,0,0,215.26,-1.73253,NA
237,1491,ring,5250,compact,5504,9,belt_rock,direct,3.8095695844943824E-08,3.8095695844943824E-08,0,1,1.2079194423012226E-10,1691.07,1812.25,-7.96203,NA
237,1492,stream,5250,compact,1319,5,unknown,direct,5.9898741946384555E-06,5.9898741946384555E-06,0,1,0,0,221.846,-1.74855,NA
237,1493,stream,5250,compact,5342,15,unknown,direct,5.9898741946384555E-06,5.9898741946384555E-06,0,1,0,0,221.845,-1.74855,NA
237,1494,stream,5250,compact,1484,3,belt_rock,direct,9.959053937091525E-06,9.959053937091525E-06,0,1,0,0,215.099,-1.73454,NA
237,1495,stream,5250,compact,1889,5,belt_rock,direct,9.959053937091525E-06,9.959053937091525E-06,0,1,0,0,215.098,-1.73454,NA
237,1496,stream,5250,compact,5459,1,belt_rock,direct,1.0271661207279177E-10,0,1.0271661207279177E-10,0,0,NaN,2806.04,-15.4407,NA
237,1497,stream,5250,compact,5492,1,belt_rock,direct,1.0271661207279177E-10,0,1.0271661207279177E-10,0,0,NaN,2806.04,-15.4407,NA
239,1498,stream,5250,compact,1484,4,belt_rock,direct,4.658962538168592E-06,4.658962538168592E-06,0,1,0,0,219.417,-1.68056,NA
239,1499,stream,5250,compact,5342,16,belt_rock,direct,4.658962538168592E-06,4.658962538168592E-06,0,1,0,0,219.418,-1.68056,NA
251,1500,ring,5250,compact,1111,2,belt_rock,direct,2.8027569333255663E-08,2.8027569333255663E-08,0,1,1.6450805501473002E-10,3130.4,3986.63,-6.31522,NA
251,1501,stream,5250,compact,1111,3,belt_rock,closure,1.6823901713775119E-09,1.6823901713775119E-09,0,1,0,0,NA,NA,NA
251,1502,stream,5250,compact,5342,17,belt_rock,closure,1.6823901713775119E-09,1.6823901713775119E-09,0,1,0,0,NA,NA,NA
253,1503,stream,5250,compact,322,1,belt_rock,direct,4.128181782310505E-05,4.128181782310505E-05,0,1,0,0,62.5,-1.05357,NA
256,1504,stream,5250,compact,317,4,unknown,direct,8.611898513153757E-11,0,8.611898513153757E-11,0,0,NaN,1141.6,-30.6074,NA
264,1505,stream,5250,compact,270,1,belt_rock,direct,1.1094081226666682E-05,1.1094081226666682E-05,0,1,0,0,138.619,-1.41967,NA
266,1506,stream,5250,compact,1198,1,belt_rock,direct,5.78050193718895E-05,5.78050193718895E-05,0,1,0,0,64.2154,-0.973164,NA
266,1507,stream,5250,compact,270,2,belt_rock,direct,5.485012486036133E-06,5.485012486036133E-06,0,1,0,0,138.249,-1.4243,NA
266,1508,stream,5250,compact,317,5,belt_rock,direct,5.485012486036133E-06,5.485012486036133E-06,0,1,0,0,138.249,-1.4243,NA
268,1509,stream,5250,compact,270,3,belt_rock,direct,2.6517533026816997E-06,2.6517533026816997E-06,0,1,0,0,137.951,-1.42803,NA
268,1510,stream,5250,compact,317,6,belt_rock,direct,2.6517533026816997E-06,2.6517533026816997E-06,0,1,0,0,137.951,-1.42803,NA
270,1511,stream,5250,compact,2005,1,belt_rock,direct,8.00989872656412E-05,8.00989872656412E-05,0,1,0,0,167.638,-1.45352,NA
271,1512,stream,5250,compact,270,4,belt_rock,direct,1.3075605064848434E-06,1.3075605064848434E-06,0,1,0,0,138.324,-1.42337,NA
271,1513,stream,5250,compact,317,7,belt_rock,direct,1.3075605064848434E-06,1.3075605064848434E-06,0,1,0,0,138.323,-1.42337,NA
279,1514,stream,5250,compact,1869,6,belt_rock,direct,4.4300525673374297E-07,4.4300525673374297E-07,0,1,0,0,358.925,-4.04672,NA
279,1515,stream,5250,compact,1869,7,belt_rock,closure,1.97014403737966E-07,1.97014403737966E-07,0,1,0,0,NA,NA,NA
279,1516,stream,5250,compact,1061,2,belt_rock,closure,1.97014403737966E-07,1.97014403737966E-07,0,1,0,0,NA,NA,NA
311,1517,stream,5250,compact,1658,1,belt_rock,direct,4.6954279075334115E-05,4.6954279075334115E-05,0,1,0,0,91.7777,-1.19893,NA
311,1518,ring,5250,compact,1841,2,belt_rock,direct,2.5549633660300943E-08,2.5549633660300943E-08,0,1,8.133112205432045E-11,1697.74,1948.38,-4.27068,NA
313,1519,stream,5250,compact,1061,3,belt_rock,direct,2.3244641691911592E-05,2.3244641691911592E-05,0,1,0,0,91.7039,-1.19986,NA
313,1520,stream,5250,compact,1658,2,belt_rock,direct,2.3244641691911592E-05,2.3244641691911592E-05,0,1,0,0,91.7034,-1.19986,NA
316,1521,stream,5250,compact,1061,4,belt_rock,direct,1.1586995723527074E-05,1.1586995723527074E-05,0,1,0,0,91.7004,-1.1999,NA
316,1522,stream,5250,compact,1841,3,belt_rock,direct,1.1586995723527074E-05,1.1586995723527074E-05,0,1,0,0,91.7007,-1.1999,NA
341,1523,stream,5250,compact,1998,3,belt_rock,direct,1.409447715478122E-06,1.409447715478122E-06,0,1,0,0,298.291,-2.63465,NA
371,1524,stream,5250,compact,1782,3,belt_rock,direct,8.53202302257931E-07,8.53202302257931E-07,0,1,0,0,326.365,-2.37801,NA
432,1525,stream,5250,compact,1905,3,belt_rock,direct,7.19479145926417E-06,7.19479145926417E-06,0,1,0,0,334.226,-1.95109,NA
533,1526,stream,5250,compact,842,4,belt_rock,direct,6.222224325095141E-11,6.222224325095141E-11,0,1,0,0,810.529,-54.0972,NA
659,1527,stream,5250,compact,9,5,unknown,direct,4.211341616073796E-06,4.211341616073796E-06,0,1,0,0,212.22,-1.85238,NA
659,1528,stream,5250,compact,475,3,unknown,direct,4.211341616073796E-06,4.211341616073796E-06,0,1,0,0,212.22,-1.85239,NA
842,1529,stream,5250,compact,521,4,unknown,direct,8.611898513153757E-11,0,8.611898513153757E-11,0,0,NaN,1002.01,-32.3522,NA
983,1530,stream,4,puller,498,1,belt_rock,direct,2.0223748313614118E-06,0,0,0,0,NaN,NaN,0.0304971,NA
1078,1531,stream,5250,compact,897,4,belt_rock,direct,6.222224325095141E-11,6.222224325095141E-11,0,1,0,0,1307.97,-47.8793,NA
1394,1532,stream,5,puller,6,1,planet,direct,95.2,0,0,0,0,NaN,NaN,0.0263493,NA
1639,1533,stream,5250,compact,521,5,belt_rock,direct,1.5555560812737853E-11,0,1.5555560812737853E-11,0,0,NaN,4689.07,-4.47057,NA
1639,1534,stream,5250,compact,897,5,belt_rock,direct,1.5555560812737853E-11,0,1.5555560812737853E-11,0,0,NaN,4689.07,-4.47057,NA
